RTime	Date	track	Qualifier	Odds_Numeric	Odds_Exchange	Race_Type	Position	Runners	Jockey	Trainer	Distance	Age	DaysSinceRun	
"15:20:00"	"2026-03-13"	"Cheltenham"	"Fruit De Mer (IRE)"	"28.00"	"32"	"Novices Hurdle"	"2"	"22"	"Flanagan, S W"	"Bromhead, Henry De"	"3m "	"6"	"63"
"15:20:00"	"2026-03-13"	"Cheltenham"	"Tackletommywoowoo (IRE)"	"50.00"	"90.54"	"Novices Hurdle"	"10"	"22"	"Queally, Mr D L"	"Queally, Declan"	"3m "	"6"	"39"
"15:20:00"	"2026-03-13"	"Cheltenham"	"Kazansky (IRE)"	"25.00"	"35.1"	"Novices Hurdle"	"PU"	"22"	"Gainford, Mr J C"	"Elliott, Gordon"	"3m "	"6"	"39"
"14:00:00"	"2026-03-13"	"Cheltenham"	"Bowensonfire (FR)"	"14.00"	"23"	"Handicap Hurdle"	"13"	"23"	"Kennedy, J W"	"Elliott, Gordon"	"2m1f "	"6"	"40"
"14:00:00"	"2026-03-13"	"Cheltenham"	"Secret Squirrel"	"11.00"	"15.68"	"Handicap Hurdle"	"19"	"23"	"Burke, Jonathan"	"Morrison, H"	"2m1f "	"7"	"27"
"14:00:00"	"2026-03-13"	"Cheltenham"	"Absurde (FR)"	"16.00"	"25.02"	"Handicap Hurdle"	"20"	"23"	"Mullins, Mr P W"	"Mullins, W P"	"2m1f "	"8"	"209"
"14:00:00"	"2026-03-13"	"Cheltenham"	"Balko Dange (FR)"	"100.00"	"115.19"	"Handicap Hurdle"	"F"	"23"	"Hayes, Brian"	"Fenton, Philip"	"2m1f "	"6"	"40"
"16:40:00"	"2026-03-12"	"Cheltenham"	"Lavida Adiva (IRE)"	"22.00"	"32"	"Handicap Hurdle"	"2"	"24"	"Hughes, Brian"	"Jefferson, Ruth"	"3m "	"7"	"26"
"16:40:00"	"2026-03-12"	"Cheltenham"	"Duke Silver (IRE)"	"50.00"	"65"	"Handicap Hurdle"	"6"	"24"	"Horgan, H J"	"OBrien, Joseph Patrick"	"3m "	"6"	"38"
"16:40:00"	"2026-03-12"	"Cheltenham"	"Electric Mason (IRE)"	"9.00"	"12.5"	"Handicap Hurdle"	"10"	"24"	"Gordon, Mr Fred"	"Gordon, C"	"3m "	"7"	"110"
"16:40:00"	"2026-03-12"	"Cheltenham"	"Staffordshire Knot (IRE)"	"14.00"	"17.52"	"Handicap Hurdle"	"PU"	"24"	"Kennedy, J W"	"Elliott, Gordon"	"3m "	"8"	"32"
"13:20:00"	"2026-03-12"	"Cheltenham"	"La Conquiere (FR)"	"10.00"	"12.14"	"Novices Hurdle"	"14"	"22"	"Sheehan, Gavin"	"Snowden, Jamie"	"2m1f "	"7"	"54"
"16:40:00"	"2026-03-11"	"Cheltenham"	"Be Aware (FR)"	"3.33"	"4.71"	"Handicap Chase"	"12"	"20"	"Skelton, Harry"	"Skelton, Daniel"	"2m "	"7"	"54"
"14:40:00"	"2026-03-11"	"Cheltenham"	"Puturhandstogether (IRE)"	"11.00"	"17.18"	"Handicap Hurdle"	"16"	"24"	"Slevin, J J"	"OBrien, Joseph Patrick"	"2m5f "	"5"	"101"
"14:40:00"	"2026-03-11"	"Cheltenham"	"Give It To Me Oj"	"50.00"	"64.77"	"Handicap Hurdle"	"18"	"24"	"Quinn, Caoilin"	"Moore, Gary and Josh"	"2m5f "	"5"	"75"
"14:00:00"	"2026-03-11"	"Cheltenham"	"Western Fold (IRE)"	"14.00"	"22"	"Novices Chase"	"10"	"14"	"Gilligan, D J"	"Elliott, Gordon"	"3m1f "	"7"	"38"
"14:00:00"	"2026-03-11"	"Cheltenham"	"Romeo Coolio"	"2.25"	"3.38"	"Novices Chase"	"PU"	"14"	"Kennedy, J W"	"Elliott, Gordon"	"3m1f "	"7"	"37"
"13:20:00"	"2026-03-11"	"Cheltenham"	"King Rasko Grey (FR)"	"11.00"	"14.5"	"Novices Hurdle"	"1"	"21"	"Townend, P"	"Mullins, W P"	"2m5f "	"6"	"38"
"13:20:00"	"2026-03-11"	"Cheltenham"	"Klimt Madrik (FR)"	"80.00"	"120"	"Novices Hurdle"	"8"	"21"	"Brogan, Kevin"	"Lawes, T"	"2m5f "	"6"	"72"
"13:20:00"	"2026-03-11"	"Cheltenham"	"Ballyfad (IRE)"	"11.00"	"14.94"	"Novices Hurdle"	"10"	"21"	"Kennedy, J W"	"Elliott, Gordon"	"2m5f "	"5"	"38"
"13:20:00"	"2026-03-11"	"Cheltenham"	"Saint Baco (FR)"	"33.00"	"50"	"Novices Hurdle"	"F"	"21"	"OKeeffe, Sean F"	"Mullins, W P"	"2m5f "	"5"	"61"
"13:20:00"	"2026-03-11"	"Cheltenham"	"Skylight Hustle (IRE)"	"8.00"	"11.14"	"Novices Hurdle"	"F"	"21"	"Gilligan, D J"	"Elliott, Gordon"	"2m5f "	"6"	"74"
"13:20:00"	"2026-03-11"	"Cheltenham"	"No Drama This End (IRE)"	"2.50"	"4.2"	"Novices Hurdle"	"PU"	"21"	"Cobden, Harry"	"Nicholls, P F"	"2m5f "	"6"	"72"
"16:40:00"	"2026-03-10"	"Cheltenham"	"Downmexicoway (IRE)"	"9.00"	"13.58"	"Handicap Chase"	"4"	"23"	"OKeeffe, Darragh"	"Bromhead, Henry De"	"2m4f "	"7"	"36"
"16:40:00"	"2026-03-10"	"Cheltenham"	"No Questions Asked (IRE)"	"9.00"	"12.63"	"Handicap Chase"	"17"	"23"	"Jones, Ben R"	"Pauling, Ben"	"2m4f "	"8"	"53"
"15:20:00"	"2026-03-10"	"Cheltenham"	"Jagwar (FR)"	"3.00"	"5.7"	"Handicap Chase"	"2"	"22"	"Walsh, M P"	"Greenall, O / Guerriero, J"	"3m1f "	"7"	"45"
"15:20:00"	"2026-03-10"	"Cheltenham"	"Leave Of Absence (FR)"	"20.00"	"27.3"	"Handicap Chase"	"5"	"22"	"Dingle, Rex"	"Honeyball, A J"	"3m1f "	"9"	"31"
"15:20:00"	"2026-03-10"	"Cheltenham"	"Blaze The Way (IRE)"	"14.00"	"20.44"	"Handicap Chase"	"7"	"22"	"Mullins, D E"	"Mullins, Ms Margaret"	"3m1f "	"8"	"44"
"15:20:00"	"2026-03-10"	"Cheltenham"	"Imperial Saint (FR)"	"20.00"	"31.63"	"Handicap Chase"	"8"	"22"	"Pritchard, Mr Callum"	"Hobbs, P J / White, J"	"3m1f "	"8"	"52"
"15:20:00"	"2026-03-10"	"Cheltenham"	"The Doyen Chief (IRE)"	"33.00"	"94.16"	"Handicap Chase"	"9"	"22"	"Bellamy, Tom"	"King, A"	"3m1f "	"9"	"17"
"15:20:00"	"2026-03-10"	"Cheltenham"	"Konfusion"	"22.00"	"33.1"	"Handicap Chase"	"F"	"22"	"Bewley, Callum"	"Smith, Mrs S J"	"3m1f "	"8"	"52"
"14:40:00"	"2026-03-10"	"Cheltenham"	"Mustang Du Breuil (FR)"	"3.50"	"4.53"	"Handicap Hurdle"	"8"	"22"	"Bowen, James C"	"Henderson, N J"	"2m.5f "	"4"	"17"
"14:40:00"	"2026-03-10"	"Cheltenham"	"Bertutea (FR)"	"40.00"	"48.96"	"Handicap Hurdle"	"17"	"22"	"OKeeffe, Sean F"	"Mullins, W P"	"2m.5f "	"4"	"36"
"14:40:00"	"2026-03-10"	"Cheltenham"	"Hardy Stuff (USA)"	"28.00"	"29.73"	"Handicap Hurdle"	"20"	"22"	"Ewing, Sam"	"Elliott, Gordon"	"2m.5f "	"4"	"45"
"13:20:00"	"2026-03-10"	"Cheltenham"	"Talk The Talk (FR)"	"6.00"	"8.24"	"Novices Hurdle"	"7"	"11"	"Slevin, J J"	"OBrien, Joseph Patrick"	"2m.5f "	"5"	"37"
"14:00:00"	"2025-03-14"	"Cheltenham"	"Our Champ (IRE)"	"14.00"	"17.53"	"Handicap Hurdle"	"6"	"16"	"Gordon, Mr Fred"	"Gordon, C"	"2m1f "	"7"	"34"
"14:00:00"	"2025-03-14"	"Cheltenham"	"Daddy Long Legs (FR)"	"14.00"	"20.85"	"Handicap Hurdle"	"9"	"16"	"OKeeffe, Sean F"	"Mullins, W P"	"2m1f "	"6"	"40"
"14:00:00"	"2025-03-14"	"Cheltenham"	"Mclaurey (IRE)"	"8.50"	"14.15"	"Handicap Hurdle"	"16"	"16"	"Walsh, M P"	"Mullins, Emmet"	"2m1f "	"6"	"40"
"13:20:00"	"2025-03-14"	"Cheltenham"	"Hello Neighbour (IRE)"	"3.50"	"5.17"	"Hurdle"	"6"	"17"	"Donoghue, K M"	"Cromwell, Gavin Patrick"	"2m1f "	"4"	"41"
"13:20:00"	"2025-03-14"	"Cheltenham"	"Sainte Lucie (FR)"	"50.00"	"107.74"	"Hurdle"	"8"	"17"	"Mullins, D E"	"Mullins, W P"	"2m1f "	"4"	"41"
"16:40:00"	"2025-03-13"	"Cheltenham"	"Jordans (FR)"	"9.00"	"15.03"	"Handicap Chase"	"5"	"20"	"Slevin, J J"	"OBrien, Joseph Patrick"	"2m5f "	"6"	"75"
"16:40:00"	"2025-03-13"	"Cheltenham"	"Path Doroux (FR)"	"12.00"	"17.71"	"Handicap Chase"	"11"	"20"	"Donoghue, K M"	"Cromwell, Gavin Patrick"	"2m5f "	"8"	"61"
"16:40:00"	"2025-03-13"	"Cheltenham"	"Il Ridoto (FR)"	"25.00"	"38.71"	"Handicap Chase"	"12"	"20"	"Gingell, Mr Frederick"	"Nicholls, P F"	"2m5f "	"8"	"47"
"16:40:00"	"2025-03-13"	"Cheltenham"	"An Peann Dearg (IRE)"	"18.00"	"24"	"Handicap Chase"	"16"	"20"	"OKeeffe, Sean F"	"Nolan, Paul"	"2m5f "	"8"	"40"
"16:40:00"	"2025-03-13"	"Cheltenham"	"Gemirande (FR)"	"28.00"	"45.74"	"Handicap Chase"	"17"	"20"	"Deutsch, Charlie"	"Williams, Miss Venetia"	"2m5f "	"9"	"47"
"16:00:00"	"2025-03-13"	"Cheltenham"	"The Wallpark (IRE)"	"7.00"	"8.53"	"Hurdle"	"3"	"13"	"Walsh, M P"	"Elliott, Gordon"	"3m "	"7"	"82"
"14:40:00"	"2025-03-13"	"Cheltenham"	"Supreme Gift (IRE)"	"66.00"	"137.47"	"Handicap Hurdle"	"13"	"24"	"Sheppard, Stan"	"Daly, H D"	"3m "	"8"	"40"
"14:40:00"	"2025-03-13"	"Cheltenham"	"Henri The Second (FR)"	"16.00"	"25.22"	"Handicap Hurdle"	"17"	"24"	"Cobden, Harry"	"Nicholls, P F"	"3m "	"8"	"40"
"14:00:00"	"2025-03-13"	"Cheltenham"	"Firefox (IRE)"	"4.00"	"5.69"	"Handicap Novices Chase"	"6"	"19"	"Kennedy, J W"	"Elliott, Gordon"	"2m5f "	"7"	"40"
"13:20:00"	"2025-03-13"	"Cheltenham"	"Brendas Asking (IRE)"	"200.00"	"429.47"	"Novices Hurdle"	"18"	"23"	"Bellamy, Tom"	"Bailey, K C"	"2m1f "	"7"	"54"
"17:20:00"	"2025-03-12"	"Cheltenham"	"Shuttle Diplomacy (FR)"	"66.00"	"96.57"	"NH Flat"	"3"	"17"	"Meyler, D"	"Cooper, Thomas"	"2m.5f "	"5"	"315"
"16:40:00"	"2025-03-12"	"Cheltenham"	"Jpr One (IRE)"	"8.00"	"13.86"	"Handicap Chase"	"12"	"20"	"Powell, Brendan"	"Tizzard, Joe"	"2m "	"8"	"32"
"14:40:00"	"2025-03-12"	"Cheltenham"	"Jimmy Du Seuil (FR)"	"16.00"	"21.68"	"Handicap Hurdle"	"1"	"26"	"Mullins, D E"	"Mullins, W P"	"2m5f "	"6"	"313"
"14:40:00"	"2025-03-12"	"Cheltenham"	"Al Gasparo (FR)"	"25.00"	"38.07"	"Handicap Hurdle"	"13"	"26"	"Donoghue, K M"	"Cromwell, Gavin Patrick"	"2m5f "	"6"	"73"
"14:40:00"	"2025-03-12"	"Cheltenham"	"Sa Fureur (IRE)"	"25.00"	"31.97"	"Handicap Hurdle"	"18"	"26"	"Kennedy, J W"	"Elliott, Gordon"	"2m5f "	"8"	"73"
"14:40:00"	"2025-03-12"	"Cheltenham"	"Comfort Zone (IRE)"	"5.50"	"9.92"	"Handicap Hurdle"	"21"	"26"	"Walsh, M P"	"OBrien, Joseph Patrick"	"2m5f "	"6"	"73"
"13:20:00"	"2025-03-12"	"Cheltenham"	"The New Lion"	"3.00"	"4.86"	"Novices Hurdle"	"1"	"11"	"Skelton, Harry"	"Skelton, Daniel"	"2m5f "	"6"	"74"
"13:20:00"	"2025-03-12"	"Cheltenham"	"Kaid Dauthie (FR)"	"40.00"	"47.79"	"Novices Hurdle"	"PU"	"11"	"Hayes, Brian"	"Mullins, W P"	"2m5f "	"5"	"38"
"16:40:00"	"2025-03-11"	"Cheltenham"	"Robbies Rock"	"50.00"	"80.47"	"Handicap Hurdle"	"2"	"22"	"Stone-Walsh, C"	"Cromwell, Gavin Patrick"	"2m.5f "	"4"	"72"
"16:40:00"	"2025-03-11"	"Cheltenham"	"Wendrock (FR)"	"33.00"	"33.7"	"Handicap Hurdle"	"6"	"22"	"Kennedy, J W"	"Elliott, Gordon"	"2m.5f "	"4"	"38"
"16:40:00"	"2025-03-11"	"Cheltenham"	"Quantock Hills (FR)"	"16.00"	"19.5"	"Handicap Hurdle"	"12"	"22"	"Cobden, Harry"	"Greatrex, W J"	"2m.5f "	"4"	"45"
"16:40:00"	"2025-03-11"	"Cheltenham"	"Moutarde (IRE)"	"125.00"	"197.02"	"Handicap Hurdle"	"13"	"22"	"Pritchard, Mr Callum"	"Charlton, Anthony"	"2m.5f "	"4"	"38"
"16:40:00"	"2025-03-11"	"Cheltenham"	"Solar Drive (IRE)"	"33.00"	"42.46"	"Handicap Hurdle"	"20"	"22"	"Brouder, Gavin"	"Flynn, Paul W"	"2m.5f "	"4"	"38"
"14:40:00"	"2025-03-11"	"Cheltenham"	"The Changing Man (IRE)"	"7.00"	"10.09"	"Handicap Chase"	"2"	"24"	"Powell, Brendan"	"Tizzard, Joe"	"3m1f "	"8"	"24"
"14:40:00"	"2025-03-11"	"Cheltenham"	"Happygolucky (IRE)"	"28.00"	"36.36"	"Handicap Chase"	"4"	"24"	"Burke, Jonathan"	"Rowley, Melanie"	"3m1f "	"11"	"45"
"14:40:00"	"2025-03-11"	"Cheltenham"	"Sequestered (IRE)"	"16.00"	"19.34"	"Handicap Chase"	"10"	"24"	"Gilligan, Jack G"	"Gilligan, Paul John"	"3m1f "	"7"	"37"
"14:40:00"	"2025-03-11"	"Cheltenham"	"Grandeur Dame (FR)"	"25.00"	"38.04"	"Handicap Chase"	"12"	"24"	"Cannon, Tom J"	"King, A"	"3m1f "	"9"	"45"
"14:40:00"	"2025-03-11"	"Cheltenham"	"Katate Dori (FR)"	"7.00"	"10"	"Handicap Chase"	"PU"	"24"	"Johnston, Dylan"	"Thomas, Sam"	"3m1f "	"7"	"17"
"13:20:00"	"2025-03-11"	"Cheltenham"	"Kopek Des Bordes (FR)"	"0.67"	"1.76"	"Novices Hurdle"	"1"	"11"	"Townend, P"	"Mullins, W P"	"2m.5f "	"5"	"37"
"13:20:00"	"2025-03-11"	"Cheltenham"	"Karniquet (FR)"	"33.00"	"44.29"	"Novices Hurdle"	"4"	"11"	"Mullins, D E"	"Mullins, W P"	"2m.5f "	"5"	"37"
"15:30:00"	"2024-03-15"	"Cheltenham"	"Corach Rambler (IRE)"	"14.00"	"20.7"	"Chase"	"3"	"11"	"Fox, Derek R"	"Russell, Miss Lucinda V"	"3m2.5f "	"10"	"111"
"15:30:00"	"2024-03-15"	"Cheltenham"	"LHomme Presse (FR)"	"16.00"	"22"	"Chase"	"4"	"11"	"Deutsch, Charlie"	"Williams, Miss Venetia"	"3m2.5f "	"9"	"27"
"15:30:00"	"2024-03-15"	"Cheltenham"	"Fastorslow (FR)"	"8.00"	"9.7"	"Chase"	"UR"	"11"	"Slevin, J J"	"Brassil, Martin"	"3m2.5f "	"8"	"41"
"14:50:00"	"2024-03-15"	"Cheltenham"	"The Jukebox Man (IRE)"	"18.00"	"19.62"	"Novices Hurdle"	"2"	"13"	"Woods, K K"	"Pauling, Ben"	"3m "	"6"	"76"
"14:50:00"	"2024-03-15"	"Cheltenham"	"Captain Teague (IRE)"	"6.00"	"8.2"	"Novices Hurdle"	"10"	"13"	"Cobden, Harry"	"Nicholls, P F"	"3m "	"6"	"76"
"14:50:00"	"2024-03-15"	"Cheltenham"	"Readin Tommy Wrong (IRE)"	"2.00"	"3.67"	"Novices Hurdle"	"PU"	"13"	"Townend, P"	"Mullins, W P"	"3m "	"6"	"63"
"14:10:00"	"2024-03-15"	"Cheltenham"	"Zenta (FR)"	"10.00"	"13.47"	"Handicap Hurdle"	"7"	"17"	"Walsh, M P"	"Mullins, W P"	"2m1f "	"5"	"40"
"13:30:00"	"2024-03-15"	"Cheltenham"	"Kargese (FR)"	"4.00"	"5.44"	"Hurdle"	"2"	"12"	"Mullins, D E"	"Mullins, W P"	"2m1f "	"4"	"41"
"13:30:00"	"2024-03-15"	"Cheltenham"	"Storm Heart (FR)"	"3.50"	"5.2"	"Hurdle"	"5"	"12"	"Townend, P"	"Mullins, W P"	"2m1f "	"4"	"41"
"13:30:00"	"2024-03-15"	"Cheltenham"	"Bunting (FR)"	"5.50"	"7.55"	"Hurdle"	"7"	"12"	"OKeeffe, Sean F"	"Mullins, W P"	"2m1f "	"4"	"41"
"13:30:00"	"2024-03-15"	"Cheltenham"	"Highwind (FR)"	"33.00"	"37.01"	"Hurdle"	"9"	"12"	"Blackmore, Rachael"	"Mullins, W P"	"2m1f "	"4"	"41"
"16:10:00"	"2024-03-14"	"Cheltenham"	"Embittered (IRE)"	"80.00"	"145.03"	"Handicap Chase"	"11"	"21"	"James, Mr R"	"Elliott, Gordon"	"2m5f "	"10"	"26"
"16:10:00"	"2024-03-14"	"Cheltenham"	"Riaan (IRE)"	"20.00"	"29.05"	"Handicap Chase"	"PU"	"21"	"Gilligan, D J"	"Elliott, Gordon"	"2m5f "	"7"	"39"
"15:30:00"	"2024-03-14"	"Cheltenham"	"Teahupoo (FR)"	"1.25"	"2.35"	"Hurdle"	"1"	"12"	"Kennedy, J W"	"Elliott, Gordon"	"3m "	"7"	"102"
"15:30:00"	"2024-03-14"	"Cheltenham"	"Buddy One (IRE)"	"40.00"	"60"	"Hurdle"	"4"	"12"	"Gilligan, Jack G"	"Gilligan, Paul John"	"3m "	"7"	"77"
"15:30:00"	"2024-03-14"	"Cheltenham"	"Asterion Forlonge (FR)"	"33.00"	"43.66"	"Hurdle"	"6"	"12"	"Mullins, Mr P W"	"Mullins, W P"	"3m "	"10"	"77"
"14:10:00"	"2024-03-14"	"Cheltenham"	"Gaoth Chuil (IRE)"	"7.00"	"10.92"	"Handicap Hurdle"	"PU"	"22"	"OCallaghan, Shane"	"Walsh, T M"	"3m "	"6"	"40"
"13:30:00"	"2024-03-14"	"Cheltenham"	"Facile Vega (IRE)"	"2.50"	"4.21"	"Novices Chase"	"7"	"11"	"Townend, P"	"Mullins, W P"	"2m4f "	"7"	"40"
"16:50:00"	"2024-03-13"	"Cheltenham"	"Maskada (FR)"	"10.00"	"14"	"Handicap Chase"	"7"	"16"	"OKeeffe, Darragh"	"Bromhead, Henry De"	"2m "	"8"	"32"
"14:50:00"	"2024-03-13"	"Cheltenham"	"Lucky Place (FR)"	"25.00"	"37.98"	"Handicap Hurdle"	"4"	"21"	"Bowen, James C"	"Henderson, N J"	"2m5f "	"5"	"46"
"14:50:00"	"2024-03-13"	"Cheltenham"	"Beacon Edge (IRE)"	"33.00"	"48.67"	"Handicap Hurdle"	"9"	"21"	"Gilligan, D J"	"Elliott, Gordon"	"2m5f "	"10"	"31"
"14:50:00"	"2024-03-13"	"Cheltenham"	"Brazil (IRE)"	"16.00"	"20"	"Handicap Hurdle"	"10"	"21"	"Kelly, Aidan"	"Roche, Padraig"	"2m5f "	"6"	"38"
"14:50:00"	"2024-03-13"	"Cheltenham"	"Lombron (FR)"	"40.00"	"67.89"	"Handicap Hurdle"	"11"	"21"	"Mullins, D E"	"Mullins, W P"	"2m5f "	"5"	"24"
"14:50:00"	"2024-03-13"	"Cheltenham"	"Jigoro (FR)"	"11.00"	"15.72"	"Handicap Hurdle"	"PU"	"21"	"Kennedy, J W"	"Elliott, Gordon"	"2m5f "	"5"	"24"
"16:50:00"	"2024-03-12"	"Cheltenham"	"An Bradan Feasa (IRE)"	"16.00"	"19.78"	"Handicap Hurdle"	"8"	"22"	"Bellamy, Tom"	"Jones, Jack"	"2m.5f "	"4"	"37"
"16:50:00"	"2024-03-12"	"Cheltenham"	"Liari (FR)"	"4.50"	"6.76"	"Handicap Hurdle"	"PU"	"22"	"Cobden, Harry"	"Nicholls, P F"	"2m.5f "	"4"	"37"
"16:50:00"	"2024-03-12"	"Cheltenham"	"Balboa"	"50.00"	"65.06"	"Handicap Hurdle"	"PU"	"22"	"Nolan, Michael G"	"Mullins, J W"	"2m.5f "	"4"	"37"
"14:50:00"	"2024-03-12"	"Cheltenham"	"Meetingofthewaters (IRE)"	"6.00"	"8.79"	"Handicap Chase"	"3"	"21"	"Walsh, M P"	"Mullins, W P"	"3m1f "	"7"	"37"
"14:50:00"	"2024-03-12"	"Cheltenham"	"Excello (FR)"	"33.00"	"55"	"Handicap Chase"	"PU"	"21"	"Boinville, Nico"	"Henderson, N J"	"3m1f "	"5"	"45"
"14:50:00"	"2024-03-12"	"Cheltenham"	"Victtorino (FR)"	"16.00"	"24.45"	"Handicap Chase"	"PU"	"21"	"Deutsch, Charlie"	"Williams, Miss Venetia"	"3m1f "	"6"	"24"
"13:30:00"	"2024-03-12"	"Cheltenham"	"Slade Steel (IRE)"	"3.50"	"5.08"	"Novices Hurdle"	"1"	"11"	"Blackmore, Rachael"	"Bromhead, Henry De"	"2m.5f "	"6"	"37"
"15:30:00"	"2023-03-17"	"Cheltenham"	"Galopin Des Champs (FR)"	"1.38"	"2.58"	"Chase"	"1"	"13"	"Townend, P"	"Mullins, W P"	"3m2.5f "	"7"	"41"
"15:30:00"	"2023-03-17"	"Cheltenham"	"Royale Pagaille (FR)"	"50.00"	"86.94"	"Chase"	"6"	"13"	"Deutsch, Charlie"	"Williams, Miss Venetia"	"3m2.5f "	"9"	"81"
"15:30:00"	"2023-03-17"	"Cheltenham"	"Stattler (IRE)"	"16.00"	"18.76"	"Chase"	"PU"	"13"	"Mullins, Mr P W"	"Mullins, W P"	"3m2.5f "	"8"	"41"
"15:30:00"	"2023-03-17"	"Cheltenham"	"A Plus Tard (FR)"	"4.00"	"5.46"	"Chase"	"PU"	"13"	"Blackmore, Rachael"	"Bromhead, Henry De"	"3m2.5f "	"9"	"118"
"14:50:00"	"2023-03-17"	"Cheltenham"	"Affordale Fury (IRE)"	"150.00"	"240"	"Novices Hurdle"	"2"	"20"	"Ewing, Sam"	"Meade, Noel"	"3m "	"5"	"68"
"14:50:00"	"2023-03-17"	"Cheltenham"	"Weveallbeencaught (IRE)"	"50.00"	"83.78"	"Novices Hurdle"	"7"	"20"	"Twiston-Davies, Sam"	"Twiston-Davies, N A"	"3m "	"6"	"41"
"14:10:00"	"2023-03-17"	"Cheltenham"	"Pied Piper"	"12.00"	"18.04"	"Handicap Hurdle"	"2"	"24"	"Russell, D N"	"Elliott, Gordon"	"2m1f "	"5"	"40"
"14:10:00"	"2023-03-17"	"Cheltenham"	"First Street"	"18.00"	"25"	"Handicap Hurdle"	"11"	"24"	"Boinville, Nico"	"Henderson, N J"	"2m1f "	"6"	"27"
"14:10:00"	"2023-03-17"	"Cheltenham"	"Gin Coco (FR)"	"6.50"	"8.95"	"Handicap Hurdle"	"15"	"24"	"Burke, Jonathan"	"Fry, Harry"	"2m1f "	"7"	"124"
"14:10:00"	"2023-03-17"	"Cheltenham"	"Aucunrisque (FR)"	"16.00"	"17.99"	"Handicap Hurdle"	"18"	"24"	"Cannon, Tom J"	"Gordon, C"	"2m1f "	"7"	"34"
"13:30:00"	"2023-03-17"	"Cheltenham"	"Lossiemouth (FR)"	"1.38"	"2.52"	"Hurdle"	"1"	"15"	"Townend, P"	"Mullins, W P"	"2m1f "	"4"	"41"
"13:30:00"	"2023-03-17"	"Cheltenham"	"Gala Marceau (FR)"	"3.33"	"4.74"	"Hurdle"	"2"	"15"	"Mullins, D E"	"Mullins, W P"	"2m1f "	"4"	"41"
"16:50:00"	"2023-03-16"	"Cheltenham"	"Mullenbeg (IRE)"	"80.00"	"141.12"	"Novices Hurdle"	"9"	"21"	"Cobden, Harry"	"Harris, M F"	"2m1f "	"6"	"19"
"16:10:00"	"2023-03-16"	"Cheltenham"	"Fugitif (FR)"	"11.00"	"16.5"	"Handicap Chase"	"2"	"23"	"Bowen, Sean P"	"Hobson, Richard"	"2m4.5f "	"8"	"47"
"16:10:00"	"2023-03-16"	"Cheltenham"	"Shakem Uparry (IRE)"	"16.00"	"22.25"	"Handicap Chase"	"3"	"23"	"Morgan, Luca"	"Pauling, Ben"	"2m4.5f "	"9"	"74"
"16:10:00"	"2023-03-16"	"Cheltenham"	"Midnight River"	"7.50"	"10.73"	"Handicap Chase"	"11"	"23"	"Skelton, Harry"	"Skelton, Daniel"	"2m4.5f "	"8"	"74"
"15:30:00"	"2023-03-16"	"Cheltenham"	"Home By The Lee (IRE)"	"9.00"	"12.39"	"Hurdle"	"5"	"11"	"Slevin, J J"	"OBrien, Joseph Patrick"	"3m "	"8"	"78"
"15:30:00"	"2023-03-16"	"Cheltenham"	"Klassical Dream (FR)"	"7.50"	"8.78"	"Hurdle"	"9"	"11"	"Townend, P"	"Mullins, W P"	"3m "	"9"	"102"
"14:10:00"	"2023-03-16"	"Cheltenham"	"Green Book (FR)"	"40.00"	"65.68"	"Handicap Hurdle"	"4"	"23"	"Deutsch, Charlie"	"Williams, Miss Venetia"	"3m "	"6"	"26"
"14:10:00"	"2023-03-16"	"Cheltenham"	"Maxxum (IRE)"	"4.50"	"9.2"	"Handicap Hurdle"	"14"	"23"	"Russell, D N"	"Elliott, Gordon"	"3m "	"6"	"40"
"16:50:00"	"2023-03-15"	"Cheltenham"	"Dads Lad (IRE)"	"16.00"	"28.5"	"Handicap Chase"	"10"	"19"	"Hayes, Brian"	"Mullins, W P"	"2m "	"8"	"122"
"16:50:00"	"2023-03-15"	"Cheltenham"	"Malystic"	"28.00"	"34.01"	"Handicap Chase"	"11"	"19"	"McMenamin, Daniel"	"Niven, P D"	"2m "	"9"	"32"
"14:50:00"	"2023-03-15"	"Cheltenham"	"Langer Dan (IRE)"	"9.00"	"12.45"	"Handicap Hurdle"	"1"	"26"	"Skelton, Harry"	"Skelton, Daniel"	"2m5f "	"7"	"73"
"14:50:00"	"2023-03-15"	"Cheltenham"	"Hms Seahorse (IRE)"	"7.00"	"9.99"	"Handicap Hurdle"	"14"	"26"	"OKeeffe, Sean F"	"Nolan, Paul"	"2m5f "	"5"	"53"
"14:50:00"	"2023-03-15"	"Cheltenham"	"Tax For Max (GER)"	"40.00"	"61.41"	"Handicap Hurdle"	"18"	"26"	"Mullins, D E"	"Mullins, W P"	"2m5f "	"6"	"38"
"14:50:00"	"2023-03-15"	"Cheltenham"	"Fil Dor (FR)"	"12.00"	"18.68"	"Handicap Hurdle"	"19"	"26"	"Harvey, Mr B W"	"Elliott, Gordon"	"2m5f "	"5"	"25"
"14:50:00"	"2023-03-15"	"Cheltenham"	"San Salvador (IRE)"	"12.00"	"18.37"	"Handicap Hurdle"	"PU"	"26"	"Deegan, R"	"OBrien, Joseph Patrick"	"2m5f "	"7"	"74"
"16:50:00"	"2023-03-14"	"Cheltenham"	"Fils De Roi (FR)"	"40.00"	"67.78"	"Handicap Hurdle"	"9"	"21"	"Brennan, P J"	"OBrien, Fergal"	"2m.5f "	"4"	"37"
"16:50:00"	"2023-03-14"	"Cheltenham"	"Tekao (FR)"	"3.00"	"5.2"	"Handicap Hurdle"	"19"	"21"	"Walsh, M P"	"Mullins, W P"	"2m.5f "	"4"	"38"
"14:50:00"	"2023-03-14"	"Cheltenham"	"The Goffer (IRE)"	"7.00"	"8.77"	"Handicap Chase"	"4"	"23"	"Russell, D N"	"Elliott, Gordon"	"3m1f "	"6"	"37"
"14:50:00"	"2023-03-14"	"Cheltenham"	"Oscar Elite (IRE)"	"8.00"	"12.42"	"Handicap Chase"	"5"	"23"	"Cobden, Harry"	"Tizzard, Joe"	"3m1f "	"8"	"24"
"14:50:00"	"2023-03-14"	"Cheltenham"	"Karl Philippe (FR)"	"66.00"	"133.05"	"Handicap Chase"	"7"	"23"	"Hogan, Mr J"	"OBrien, Fergal"	"3m1f "	"8"	"45"
"14:50:00"	"2023-03-14"	"Cheltenham"	"Into Overdrive"	"10.00"	"21"	"Handicap Chase"	"PU"	"23"	"Hamilton, Jamie"	"Walford, Mark"	"3m1f "	"8"	"78"
"13:30:00"	"2023-03-14"	"Cheltenham"	"Marine Nationale (IRE)"	"4.50"	"6.2"	"Novices Hurdle"	"1"	"14"	"OSullivan, Mr M J M"	"Connell, B"	"2m.5f "	"6"	"100"
"13:30:00"	"2023-03-14"	"Cheltenham"	"Inthepocket"	"9.00"	"15.07"	"Novices Hurdle"	"4"	"14"	"Blackmore, Rachael"	"Bromhead, Henry De"	"2m.5f "	"6"	"37"
"13:30:00"	"2023-03-14"	"Cheltenham"	"Dark Raven (IRE)"	"11.00"	"14.23"	"Novices Hurdle"	"6"	"14"	"Jacob, Daryl"	"Mullins, W P"	"2m.5f "	"6"	"37"
"13:30:00"	"2023-03-14"	"Cheltenham"	"High Definition (IRE)"	"18.00"	"23.31"	"Novices Hurdle"	"7"	"14"	"Slevin, J J"	"OBrien, Joseph Patrick"	"2m.5f "	"5"	"37"
"13:30:00"	"2023-03-14"	"Cheltenham"	"Tahmuras (FR)"	"11.00"	"17.02"	"Novices Hurdle"	"10"	"14"	"Cobden, Harry"	"Nicholls, P F"	"2m.5f "	"6"	"66"
"15:30:00"	"2022-03-18"	"Cheltenham"	"A Plus Tard (FR)"	"3.00"	"4.18"	"Chase"	"1"	"11"	"Blackmore, Rachael"	"Bromhead, Henry De"	"3m2.5f "	"8"	"80"
"15:30:00"	"2022-03-18"	"Cheltenham"	"Minella Indo (IRE)"	"7.00"	"12"	"Chase"	"2"	"11"	"Power, R M"	"Bromhead, Henry De"	"3m2.5f "	"9"	"41"
"15:30:00"	"2022-03-18"	"Cheltenham"	"Asterion Forlonge (FR)"	"22.00"	"22.45"	"Chase"	"7"	"11"	"Cooper, Bryan J"	"Mullins, W P"	"3m2.5f "	"8"	"41"
"15:30:00"	"2022-03-18"	"Cheltenham"	"Tornado Flyer (IRE)"	"9.00"	"10.24"	"Chase"	"PU"	"11"	"Mullins, D E"	"Mullins, W P"	"3m2.5f "	"9"	"82"
"14:50:00"	"2022-03-18"	"Cheltenham"	"Minella Cocooner (IRE)"	"4.50"	"6.4"	"Novices Hurdle"	"2"	"16"	"Townend, P"	"Mullins, W P"	"3m "	"6"	"41"
"14:50:00"	"2022-03-18"	"Cheltenham"	"Ginto (FR)"	"2.50"	"3.9"	"Novices Hurdle"	"PU"	"16"	"Kennedy, J W"	"Elliott, Gordon"	"3m "	"6"	"75"
"14:10:00"	"2022-03-18"	"Cheltenham"	"Suprise Package"	"9.00"	"12.3"	"Handicap Hurdle"	"6"	"26"	"Sexton, K C"	"Fahey, Peter"	"2m1f "	"6"	"6"
"14:10:00"	"2022-03-18"	"Cheltenham"	"Jesse Evans (IRE)"	"28.00"	"40.22"	"Handicap Hurdle"	"17"	"26"	"Flanagan, S W"	"Meade, Noel"	"2m1f "	"6"	"124"
"14:10:00"	"2022-03-18"	"Cheltenham"	"Tritonic"	"40.00"	"82.51"	"Handicap Hurdle"	"23"	"26"	"Heskin, A P"	"King, A"	"2m1f "	"5"	"34"
"14:10:00"	"2022-03-18"	"Cheltenham"	"Cask Mate (IRE)"	"80.00"	"172.42"	"Handicap Hurdle"	"F"	"26"	"ORegan, Denis"	"Meade, Noel"	"2m1f "	"9"	"40"
"13:30:00"	"2022-03-18"	"Cheltenham"	"Vauban (FR)"	"1.50"	"2.6"	"Hurdle"	"1"	"12"	"Townend, P"	"Mullins, W P"	"2m1f "	"4"	"41"
"13:30:00"	"2022-03-18"	"Cheltenham"	"Fil Dor (FR)"	"5.50"	"7.4"	"Hurdle"	"2"	"12"	"Russell, D N"	"Elliott, Gordon"	"2m1f "	"4"	"41"
"16:50:00"	"2022-03-17"	"Cheltenham"	"Impervious (IRE)"	"22.00"	"26"	"Novices Hurdle"	"6"	"19"	"Hayes, Brian"	"Murphy, C A"	"2m1f "	"6"	"109"
"16:50:00"	"2022-03-17"	"Cheltenham"	"Statuaire (FR)"	"28.00"	"37.7"	"Novices Hurdle"	"10"	"19"	"Mullins, D E"	"Mullins, W P"	"2m1f "	"7"	"39"
"16:10:00"	"2022-03-17"	"Cheltenham"	"Coole Cody (IRE)"	"22.00"	"34.86"	"Handicap Chase"	"1"	"15"	"Wedge, Adam"	"Williams, Evan"	"2m5f "	"11"	"47"
"16:10:00"	"2022-03-17"	"Cheltenham"	"The Glancing Queen (IRE)"	"4.00"	"5.65"	"Handicap Chase"	"7"	"15"	"Cannon, Tom J"	"King, A"	"2m5f "	"8"	"75"
"14:10:00"	"2022-03-17"	"Cheltenham"	"Third Wind"	"25.00"	"33.28"	"Handicap Hurdle"	"1"	"22"	"OBrien, T J"	"Morrison, H"	"3m "	"8"	"26"
"14:10:00"	"2022-03-17"	"Cheltenham"	"Sassy Yet Classy (IRE)"	"9.00"	"11.71"	"Handicap Hurdle"	"BD"	"22"	"Russell, D N"	"Elliott, Gordon"	"3m "	"8"	"89"
"16:50:00"	"2022-03-16"	"Cheltenham"	"For Pleasure (IRE)"	"7.00"	"9.45"	"Handicap Chase"	"PU"	"16"	"Bannister, Harry A A"	"Hales, A M"	"2m "	"7"	"32"
"14:50:00"	"2022-03-16"	"Cheltenham"	"Commander Of Fleet (IRE)"	"50.00"	"52.54"	"Handicap Hurdle"	"1"	"23"	"Fitzgerald, S"	"Elliott, Gordon"	"2m5f "	"8"	"22"
"14:50:00"	"2022-03-16"	"Cheltenham"	"Camprond (FR)"	"10.00"	"13.77"	"Handicap Hurdle"	"4"	"23"	"Coleman, A"	"Hobbs, P J / White, J"	"2m5f "	"6"	"122"
"14:50:00"	"2022-03-16"	"Cheltenham"	"Ganapathi (FR)"	"20.00"	"22.77"	"Handicap Hurdle"	"11"	"23"	"Cooper, Bryan J"	"Mullins, W P"	"2m5f "	"6"	"320"
"14:50:00"	"2022-03-16"	"Cheltenham"	"Daly Tiger (FR)"	"80.00"	"135.96"	"Handicap Hurdle"	"12"	"23"	"Walsh, E"	"Meade, Noel"	"2m5f "	"9"	"25"
"14:50:00"	"2022-03-16"	"Cheltenham"	"The Shunter (IRE)"	"10.00"	"15.82"	"Handicap Hurdle"	"PU"	"23"	"Walsh, M P"	"Mullins, Emmet"	"2m5f "	"9"	"38"
"14:50:00"	"2022-03-16"	"Cheltenham"	"Saint Felicien (FR)"	"4.50"	"6.6"	"Handicap Hurdle"	"PU"	"23"	"Power, R M"	"Elliott, Gordon"	"2m5f "	"5"	"45"
"16:50:00"	"2022-03-15"	"Cheltenham"	"The Tide Turns"	"9.00"	"14.23"	"Handicap Hurdle"	"15"	"21"	"Kennedy, J W"	"Elliott, Gordon"	"2m.5f "	"4"	"24"
"16:50:00"	"2022-03-15"	"Cheltenham"	"Forever William"	"20.00"	"24.26"	"Handicap Hurdle"	"16"	"21"	"Cannon, Tom J"	"King, A"	"2m.5f "	"4"	"45"
"14:50:00"	"2022-03-15"	"Cheltenham"	"Does He Know"	"11.00"	"16.81"	"Handicap Chase"	"19"	"24"	"Bass, David"	"Bailey, K C"	"3m1f "	"7"	"24"
"16:15:00"	"2021-03-19"	"Cheltenham"	"Colreevy (IRE)"	"2.25"	"3.3"	"Chase"	"1"	"11"	"Townend, P"	"Mullins, W P"	"2m4.5f "	"8"	"51"
"15:05:00"	"2021-03-19"	"Cheltenham"	"Minella Indo (IRE)"	"9.00"	"9.6"	"Chase"	"1"	"12"	"Kennedy, J W"	"Bromhead, Henry De"	"3m2.5f "	"8"	"40"
"14:30:00"	"2021-03-19"	"Cheltenham"	"Vanillier (FR)"	"14.00"	"22"	"Novices Hurdle"	"1"	"16"	"Walsh, M P"	"Cromwell, Gavin Patrick"	"3m "	"6"	"41"
"13:55:00"	"2021-03-19"	"Cheltenham"	"Belfast Banter (IRE)"	"33.00"	"39.99"	"Handicap Hurdle"	"1"	"25"	"Sexton, K C"	"Fahey, Peter"	"2m1f "	"6"	"19"
"13:55:00"	"2021-03-19"	"Cheltenham"	"Milkwood (IRE)"	"28.00"	"34.52"	"Handicap Hurdle"	"3"	"25"	"Dunne, R T"	"Mulholland, N P"	"2m1f "	"7"	"26"
"13:55:00"	"2021-03-19"	"Cheltenham"	"Edwardstone"	"18.00"	"18.62"	"Handicap Hurdle"	"5"	"25"	"Cannon, Tom J"	"King, A"	"2m1f "	"7"	"26"
"13:55:00"	"2021-03-19"	"Cheltenham"	"Drop The Anchor (IRE)"	"33.00"	"51.43"	"Handicap Hurdle"	"7"	"25"	"Torrens, Simon"	"Fahy, P A"	"2m1f "	"7"	"41"
"13:55:00"	"2021-03-19"	"Cheltenham"	"Fifty Ball (FR)"	"12.00"	"17.23"	"Handicap Hurdle"	"16"	"25"	"Moore, Joshua"	"Moore, Gary and Josh"	"2m1f "	"6"	"26"
"13:55:00"	"2021-03-19"	"Cheltenham"	"Champagne Gold (IRE)"	"6.00"	"20"	"Handicap Hurdle"	"17"	"25"	"Blackmore, Rachael"	"Bromhead, Henry De"	"2m1f "	"6"	"41"
"13:55:00"	"2021-03-19"	"Cheltenham"	"Buildmeupbuttercup"	"25.00"	"41.12"	"Handicap Hurdle"	"24"	"25"	"Mullins, D E"	"Mullins, W P"	"2m1f "	"7"	"41"
"13:55:00"	"2021-03-19"	"Cheltenham"	"Global Citizen (IRE)"	"100.00"	"257.93"	"Handicap Hurdle"	"PU"	"25"	"Bass, David"	"Pauling, Ben"	"2m1f "	"9"	"82"
"16:15:00"	"2021-03-18"	"Cheltenham"	"Hook Up (FR)"	"6.50"	"7"	"Novices Hurdle"	"12"	"15"	"Mullins, D E"	"Mullins, W P"	"2m1f "	"5"	"39"
"15:40:00"	"2021-03-18"	"Cheltenham"	"Farclas (FR)"	"5.00"	"6.8"	"Handicap Chase"	"2"	"21"	"Kennedy, J W"	"Foster, Mrs Denise"	"2m5f "	"7"	"39"
"15:40:00"	"2021-03-18"	"Cheltenham"	"Coole Cody (IRE)"	"22.00"	"32.91"	"Handicap Chase"	"4"	"21"	"OBrien, T J"	"Williams, Evan"	"2m5f "	"10"	"19"
"15:40:00"	"2021-03-18"	"Cheltenham"	"Assemble"	"20.00"	"24.72"	"Handicap Chase"	"5"	"21"	"Blackmore, Rachael"	"OBrien, Joseph Patrick"	"2m5f "	"7"	"39"
"15:40:00"	"2021-03-18"	"Cheltenham"	"Huntsman Son (IRE)"	"40.00"	"50"	"Handicap Chase"	"6"	"21"	"Woods, K K"	"Hales, A M"	"2m5f "	"11"	"96"
"15:40:00"	"2021-03-18"	"Cheltenham"	"A Wave Of The Sea (IRE)"	"8.00"	"12.01"	"Handicap Chase"	"15"	"21"	"Walsh, M P"	"OBrien, Joseph Patrick"	"2m5f "	"5"	"40"
"15:40:00"	"2021-03-18"	"Cheltenham"	"Fils Doudairies (FR)"	"16.00"	"18.35"	"Handicap Chase"	"F"	"21"	"Meyler, D"	"OBrien, Joseph Patrick"	"2m5f "	"6"	"39"
"15:05:00"	"2021-03-18"	"Cheltenham"	"Flooring Porter (IRE)"	"12.00"	"15"	"Hurdle"	"1"	"15"	"Mullins, D E"	"Cromwell, Gavin Patrick"	"3m "	"6"	"80"
"15:05:00"	"2021-03-18"	"Cheltenham"	"Sire Du Berlais (FR)"	"5.00"	"7.8"	"Hurdle"	"2"	"15"	"Walsh, M P"	"Foster, Mrs Denise"	"3m "	"9"	"80"
"14:30:00"	"2021-03-18"	"Cheltenham"	"Chriss Dream (IRE)"	"28.00"	"32.29"	"Chase"	"PU"	"11"	"Power, R M"	"Bromhead, Henry De"	"2m5f "	"9"	"102"
"13:55:00"	"2021-03-18"	"Cheltenham"	"Mrs Milner (IRE)"	"12.00"	"24"	"Handicap Hurdle"	"1"	"22"	"Cooper, Bryan J"	"Nolan, Paul"	"3m "	"6"	"39"
"13:55:00"	"2021-03-18"	"Cheltenham"	"Dandy Mag (FR)"	"20.00"	"32"	"Handicap Hurdle"	"7"	"22"	"Townend, P"	"Mullins, W P"	"3m "	"8"	"39"
"16:15:00"	"2021-03-17"	"Cheltenham"	"Sky Pirate"	"14.00"	"20"	"Handicap Chase"	"1"	"19"	"Scholfield, Nick"	"ONeill, Jonjo and AJ"	"2m "	"8"	"30"
"14:30:00"	"2021-03-17"	"Cheltenham"	"Craigneiche (IRE)"	"8.50"	"12.31"	"Handicap Hurdle"	"2"	"26"	"Cannon, Tom J"	"Henderson, N J"	"2m5f "	"7"	"53"
"16:50:00"	"2021-03-16"	"Cheltenham"	"Next Destination (IRE)"	"3.00"	"4.4"	"Novices Chase"	"2"	"12"	"Cobden, Harry"	"Nicholls, P F"	"3m6f "	"9"	"59"
"16:50:00"	"2021-03-16"	"Cheltenham"	"Remastered"	"5.50"	"7.79"	"Novices Chase"	"5"	"12"	"Scudamore, Tom"	"Pipe, D E"	"3m6f "	"8"	"24"
"16:15:00"	"2021-03-16"	"Cheltenham"	"Jeff Kidder (IRE)"	"80.00"	"120.32"	"Handicap Hurdle"	"1"	"22"	"Flanagan, S W"	"Meade, Noel"	"2m.5f "	"4"	"80"
"16:15:00"	"2021-03-16"	"Cheltenham"	"Youmdor (FR)"	"33.00"	"33.97"	"Handicap Hurdle"	"18"	"22"	"Cooper, Bryan J"	"Mullins, W P"	"2m.5f "	"4"	"37"
"16:15:00"	"2021-03-16"	"Cheltenham"	"Soldier On Parade"	"200.00"	"432.2"	"Handicap Hurdle"	"PU"	"22"	"Quinlan, Jack"	"Murphy, Amy"	"2m.5f "	"4"	"17"
"14:30:00"	"2021-03-16"	"Cheltenham"	"Cepage (FR)"	"14.00"	"17.54"	"Handicap Chase"	"4"	"16"	"Deutsch, Charlie"	"Williams, Miss Venetia"	"3m1f "	"9"	"23"
"14:30:00"	"2021-03-16"	"Cheltenham"	"Milan Native (IRE)"	"6.50"	"8.4"	"Handicap Chase"	"9"	"16"	"Kennedy, J W"	"Foster, Mrs Denise"	"3m1f "	"8"	"79"
"14:30:00"	"2021-03-16"	"Cheltenham"	"Delire Destruval (FR)"	"80.00"	"140"	"Handicap Chase"	"PU"	"16"	"Jacob, Daryl"	"Pauling, Ben"	"3m1f "	"8"	"17"
"16:50:00"	"2020-03-13"	"Cheltenham"	"Eclair De Beaufeu (FR)"	"6.50"	"7.8"	"Handicap Chase"	"2"	"18"	"OKeeffe, Sean F"	"Elliott, Gordon"	"2m.5f "	"6"	"41"
"16:50:00"	"2020-03-13"	"Cheltenham"	"Lisp (IRE)"	"7.00"	"9"	"Handicap Chase"	"7"	"18"	"Cannon, Tom J"	"King, A"	"2m.5f "	"6"	"48"
"16:50:00"	"2020-03-13"	"Cheltenham"	"Marracudja (FR)"	"50.00"	"102.23"	"Handicap Chase"	"13"	"18"	"Andrews, Bridget"	"Skelton, Daniel"	"2m.5f "	"9"	"55"
"15:30:00"	"2020-03-13"	"Cheltenham"	"Lostintranslation (IRE)"	"10.00"	"13.2"	"Chase"	"3"	"12"	"Power, R M"	"Tizzard, C L"	"3m2.5f "	"8"	"78"
"15:30:00"	"2020-03-13"	"Cheltenham"	"Monalee (IRE)"	"20.00"	"25"	"Chase"	"4"	"12"	"Blackmore, Rachael"	"Bromhead, Henry De"	"3m2.5f "	"9"	"76"
"15:30:00"	"2020-03-13"	"Cheltenham"	"Delta Work (FR)"	"5.00"	"8.21"	"Chase"	"5"	"12"	"Walsh, M P"	"Elliott, Gordon"	"3m2.5f "	"7"	"40"
"15:30:00"	"2020-03-13"	"Cheltenham"	"Kemboy (FR)"	"8.00"	"9.24"	"Chase"	"7"	"12"	"Mullins, Mr P W"	"Mullins, W P"	"3m2.5f "	"8"	"40"
"15:30:00"	"2020-03-13"	"Cheltenham"	"Clan Des Obeaux (FR)"	"7.00"	"8.58"	"Chase"	"8"	"12"	"Cobden, Harry"	"Nicholls, P F"	"3m2.5f "	"8"	"78"
"14:50:00"	"2020-03-13"	"Cheltenham"	"Janidil (FR)"	"16.00"	"29"	"Novices Hurdle"	"5"	"19"	"Walsh, M P"	"Mullins, W P"	"3m "	"6"	"103"
"14:50:00"	"2020-03-13"	"Cheltenham"	"Cobblers Way (IRE)"	"14.00"	"17"	"Novices Hurdle"	"PU"	"19"	"Blackmore, Rachael"	"Bromhead, Henry De"	"3m "	"6"	"41"
"14:10:00"	"2020-03-13"	"Cheltenham"	"Sir Valentine (GER)"	"20.00"	"43.42"	"Handicap Hurdle"	"9"	"24"	"Bargary, J P"	"Twiston-Davies, N A"	"2m1f "	"7"	"34"
"14:10:00"	"2020-03-13"	"Cheltenham"	"Rathhill (IRE)"	"25.00"	"36"	"Handicap Hurdle"	"17"	"24"	"Boinville, Nico"	"Henderson, N J"	"2m1f "	"7"	"132"
"14:10:00"	"2020-03-13"	"Cheltenham"	"Pakens Rock (IRE)"	"40.00"	"48.12"	"Handicap Hurdle"	"20"	"24"	"Brouder, Mr K J"	"Murphy, B T"	"2m1f "	"7"	"19"
"14:10:00"	"2020-03-13"	"Cheltenham"	"Zanza (IRE)"	"33.00"	"33.15"	"Handicap Hurdle"	"21"	"24"	"Houlihan, Sean M"	"Hobbs, P J / White, J"	"2m1f "	"6"	"34"
"13:30:00"	"2020-03-13"	"Cheltenham"	"Aspire Tower (IRE)"	"5.00"	"6.2"	"Hurdle"	"2"	"13"	"Blackmore, Rachael"	"Bromhead, Henry De"	"2m1f "	"4"	"40"
"13:30:00"	"2020-03-13"	"Cheltenham"	"Cerberus"	"20.00"	"34.58"	"Hurdle"	"6"	"13"	"Walsh, M P"	"OBrien, Joseph Patrick"	"2m1f "	"4"	"40"
"13:30:00"	"2020-03-13"	"Cheltenham"	"A Wave Of The Sea (IRE)"	"12.00"	"19.13"	"Hurdle"	"7"	"13"	"Geraghty, B J"	"OBrien, Joseph Patrick"	"2m1f "	"4"	"40"
"13:30:00"	"2020-03-13"	"Cheltenham"	"Never Do Nothing (IRE)"	"100.00"	"340"	"Hurdle"	"9"	"13"	"McInerney, Donal J"	"McConnell, John C"	"2m1f "	"4"	"40"
"16:10:00"	"2020-03-12"	"Cheltenham"	"Vision Des Flos (FR)"	"20.00"	"26.95"	"Handicap Chase"	"13"	"23"	"Power, R M"	"Tizzard, C L"	"2m5f "	"7"	"40"
"16:10:00"	"2020-03-12"	"Cheltenham"	"Deyrann de Carjac (FR)"	"14.00"	"21.53"	"Handicap Chase"	"17"	"23"	"Cannon, Tom J"	"King, A"	"2m5f "	"7"	"71"
"16:10:00"	"2020-03-12"	"Cheltenham"	"Siruh Du Lac (FR)"	"14.00"	"22.38"	"Handicap Chase"	"F"	"23"	"Kelly, Lizzie"	"Williams, Nick"	"2m5f "	"7"	"117"
"15:30:00"	"2020-03-12"	"Cheltenham"	"Bacardys (FR)"	"33.00"	"74.76"	"Hurdle"	"3"	"15"	"Mullins, Mr P W"	"Mullins, W P"	"3m "	"9"	"75"
"13:30:00"	"2020-03-12"	"Cheltenham"	"Samcro (IRE)"	"4.00"	"5.72"	"Novices Chase"	"1"	"12"	"Russell, D N"	"Elliott, Gordon"	"2m4f "	"8"	"77"
"13:30:00"	"2020-03-12"	"Cheltenham"	"Midnight Shadow"	"22.00"	"27.38"	"Novices Chase"	"6"	"12"	"Cook, Danny"	"Smith, Mrs S J"	"2m4f "	"7"	"40"
"13:30:00"	"2020-03-12"	"Cheltenham"	"Bapaume (FR)"	"20.00"	"23.92"	"Novices Chase"	"8"	"12"	"Blackmore, Rachael"	"Mullins, W P"	"2m4f "	"7"	"40"
"16:50:00"	"2020-03-11"	"Cheltenham"	"Sacchoandvanzetti (IRE)"	"40.00"	"57.52"	"Handicap Hurdle"	"11"	"22"	"McGarvey, J S"	"Queally, John"	"2m.5f "	"4"	"76"
"16:50:00"	"2020-03-11"	"Cheltenham"	"Bajan Excell (IRE)"	"50.00"	"74.79"	"Handicap Hurdle"	"13"	"22"	"McNamara, Conor"	"Cromwell, Gavin Patrick"	"2m.5f "	"4"	"18"
"16:50:00"	"2020-03-11"	"Cheltenham"	"Galahad Quest (FR)"	"25.00"	"30.73"	"Handicap Hurdle"	"14"	"22"	"Twiston-Davies, Sam"	"Williams, Nick"	"2m.5f "	"4"	"46"
"14:50:00"	"2020-03-11"	"Cheltenham"	"Thosedaysaregone (IRE)"	"10.00"	"13"	"Handicap Hurdle"	"3"	"25"	"Brouder, Mr K J"	"Byrnes, C"	"2m5f "	"7"	"39"
"14:50:00"	"2020-03-11"	"Cheltenham"	"Cracking Smart (FR)"	"33.00"	"41.66"	"Handicap Hurdle"	"4"	"25"	"Brouder, Gavin"	"Elliott, Gordon"	"2m5f "	"8"	"24"
"14:50:00"	"2020-03-11"	"Cheltenham"	"Bachasson (FR)"	"33.00"	"56.14"	"Handicap Hurdle"	"6"	"25"	"Mullins, Mr P W"	"Mullins, W P"	"2m5f "	"9"	"24"
"14:50:00"	"2020-03-11"	"Cheltenham"	"Kilfenora (IRE)"	"40.00"	"65.87"	"Handicap Hurdle"	"19"	"25"	"Torrens, Simon"	"Harty, Edward and Patrick"	"2m5f "	"8"	"24"
"14:50:00"	"2020-03-11"	"Cheltenham"	"Franco De Port (FR)"	"10.00"	"13.2"	"Handicap Hurdle"	"PU"	"25"	"Townend, P"	"Mullins, W P"	"2m5f "	"5"	"45"
"13:30:00"	"2020-03-11"	"Cheltenham"	"Easywork (FR)"	"12.00"	"23.59"	"Novices Hurdle"	"2"	"12"	"Blackmore, Rachael"	"Elliott, Gordon"	"2m5f "	"6"	"38"
"13:30:00"	"2020-03-11"	"Cheltenham"	"Son Of Camas (FR)"	"50.00"	"168.53"	"Novices Hurdle"	"PU"	"12"	"Boinville, Nico"	"Henderson, N J"	"2m5f "	"5"	"67"
"17:30:00"	"2020-03-10"	"Cheltenham"	"Ravenhill (IRE)"	"12.00"	"17"	"Novices Chase"	"1"	"14"	"Codd, Mr J J"	"Elliott, Gordon"	"3m6f "	"10"	"107"
"17:30:00"	"2020-03-10"	"Cheltenham"	"Smoking Gun (IRE)"	"20.00"	"22.62"	"Novices Chase"	"5"	"14"	"Hamilton, Mr T"	"OBrien, Joseph Patrick"	"3m6f "	"7"	"47"
"16:50:00"	"2020-03-10"	"Cheltenham"	"Knight In Dubai (IRE)"	"20.00"	"32"	"Handicap Novices Chase"	"UR"	"20"	"Shoemark, Conor P"	"Skelton, Daniel"	"2m4f "	"7"	"52"
"15:30:00"	"2020-03-10"	"Cheltenham"	"Epatante (FR)"	"2.00"	"3.36"	"Hurdle"	"1"	"17"	"Geraghty, B J"	"Henderson, N J"	"2m.5f "	"6"	"75"
"15:30:00"	"2020-03-10"	"Cheltenham"	"Sharjah (FR)"	"16.00"	"26"	"Hurdle"	"2"	"17"	"Mullins, Mr P W"	"Mullins, W P"	"2m.5f "	"7"	"38"
"15:30:00"	"2020-03-10"	"Cheltenham"	"Darver Star (IRE)"	"8.50"	"10.06"	"Hurdle"	"3"	"17"	"Moore, J M"	"Cromwell, Gavin Patrick"	"2m.5f "	"8"	"38"
"15:30:00"	"2020-03-10"	"Cheltenham"	"Silver Streak (IRE)"	"20.00"	"30.76"	"Hurdle"	"6"	"17"	"Wedge, Adam"	"Williams, Evan"	"2m.5f "	"7"	"75"
"15:30:00"	"2020-03-10"	"Cheltenham"	"Supasundae"	"9.00"	"12"	"Hurdle"	"7"	"17"	"Power, R M"	"Harrington, Mrs John"	"2m.5f "	"10"	"38"
"15:30:00"	"2020-03-10"	"Cheltenham"	"Fusil Raffles (FR)"	"20.00"	"24.08"	"Hurdle"	"11"	"17"	"Jacob, Daryl"	"Henderson, N J"	"2m.5f "	"5"	"75"
"14:50:00"	"2020-03-10"	"Cheltenham"	"Cepage (FR)"	"14.00"	"17.5"	"Handicap Chase"	"7"	"23"	"Deutsch, Charlie"	"Williams, Miss Venetia"	"3m1f "	"8"	"45"
"13:30:00"	"2020-03-10"	"Cheltenham"	"Asterion Forlonge (FR)"	"2.25"	"3.55"	"Novices Hurdle"	"4"	"15"	"Townend, P"	"Mullins, W P"	"2m.5f "	"6"	"37"
"16:50:00"	"2019-03-15"	"Cheltenham"	"Minds Eye (IRE)"	"7.00"	"10"	"Handicap Chase"	"PU"	"19"	"Blackmore, Rachael"	"Bromhead, Henry De"	"2m.5f "	"7"	"41"
"15:30:00"	"2019-03-15"	"Cheltenham"	"Invitation Only (IRE)"	"33.00"	"35.56"	"Chase"	"F"	"16"	"Mullins, Mr P W"	"Mullins, W P"	"3m2.5f "	"8"	"50"
"15:30:00"	"2019-03-15"	"Cheltenham"	"Kemboy (FR)"	"8.00"	"11.46"	"Chase"	"UR"	"16"	"Mullins, David"	"Mullins, W P"	"3m2.5f "	"7"	"77"
"14:50:00"	"2019-03-15"	"Cheltenham"	"Commander Of Fleet (IRE)"	"4.00"	"5.46"	"Novices Hurdle"	"2"	"20"	"Kennedy, J W"	"Elliott, Gordon"	"3m "	"5"	"41"
"14:50:00"	"2019-03-15"	"Cheltenham"	"Salsaretta (FR)"	"25.00"	"42"	"Novices Hurdle"	"7"	"20"	"Townend, P"	"Mullins, W P"	"3m "	"6"	"41"
"14:50:00"	"2019-03-15"	"Cheltenham"	"Alsa Mix (FR)"	"100.00"	"308.21"	"Novices Hurdle"	"PU"	"20"	"Hutchinson, Wayne"	"King, A"	"3m "	"7"	"76"
"14:10:00"	"2019-03-15"	"Cheltenham"	"Countister (FR)"	"18.00"	"33.99"	"Handicap Hurdle"	"3"	"24"	"Geraghty, B J"	"Henderson, N J"	"2m1f "	"7"	"365"
"14:10:00"	"2019-03-15"	"Cheltenham"	"Lisp (IRE)"	"25.00"	"39.51"	"Handicap Hurdle"	"5"	"24"	"Hutchinson, Wayne"	"King, A"	"2m1f "	"5"	"27"
"14:10:00"	"2019-03-15"	"Cheltenham"	"Mr Adjudicator"	"10.00"	"13"	"Handicap Hurdle"	"8"	"24"	"Townend, P"	"Mullins, W P"	"2m1f "	"5"	"125"
"14:10:00"	"2019-03-15"	"Cheltenham"	"Monsieur Lecoq (FR)"	"6.50"	"9.2"	"Handicap Hurdle"	"10"	"24"	"Kelly, Lizzie"	"Williams, Mrs Jane"	"2m1f "	"5"	"6"
"14:10:00"	"2019-03-15"	"Cheltenham"	"Storm Rising (IRE)"	"33.00"	"47.59"	"Handicap Hurdle"	"18"	"24"	"Hammond, Charlie"	"Newland, Dr R D P"	"2m1f "	"6"	"6"
"15:30:00"	"2019-03-14"	"Cheltenham"	"Supasundae"	"9.00"	"11.37"	"Hurdle"	"7"	"18"	"Power, R M"	"Harrington, Mrs John"	"3m "	"9"	"40"
"14:50:00"	"2019-03-14"	"Cheltenham"	"Footpad (FR)"	"3.50"	"4.9"	"Chase"	"8"	"12"	"Walsh, R"	"Mullins, W P"	"2m5f "	"7"	"77"
"14:10:00"	"2019-03-14"	"Cheltenham"	"Theclockisticking (IRE)"	"25.00"	"38.46"	"Handicap Hurdle"	"6"	"24"	"Gethings, Ciaran"	"Edmunds, Stuart"	"3m "	"7"	"89"
"14:10:00"	"2019-03-14"	"Cheltenham"	"Padleyourowncanoe"	"50.00"	"137.34"	"Handicap Hurdle"	"8"	"24"	"Cobden, Harry"	"Tizzard, C L"	"3m "	"5"	"40"
"16:50:00"	"2019-03-13"	"Cheltenham"	"Praeceps (IRE)"	"16.00"	"20.37"	"Handicap Hurdle"	"6"	"21"	"Hutchinson, Wayne"	"King, A"	"2m.5f "	"4"	"18"
"16:50:00"	"2019-03-13"	"Cheltenham"	"Chief Justice"	"25.00"	"32.25"	"Handicap Hurdle"	"12"	"21"	"Donoghue, K M"	"Elliott, Gordon"	"2m.5f "	"4"	"38"
"14:50:00"	"2019-03-13"	"Cheltenham"	"Vision Des Flos (FR)"	"9.00"	"12"	"Handicap Hurdle"	"18"	"25"	"Power, R M"	"Tizzard, C L"	"2m5f "	"6"	"17"
"14:10:00"	"2019-03-13"	"Cheltenham"	"Delta Work (FR)"	"1.88"	"3"	"Novices Chase"	"3"	"12"	"Russell, D N"	"Elliott, Gordon"	"3m.5f "	"6"	"74"
"13:30:00"	"2019-03-13"	"Cheltenham"	"Sams Profile"	"9.00"	"13.5"	"Novices Hurdle"	"5"	"16"	"Cooper, Bryan J"	"Morris, M F"	"2m5f "	"5"	"66"
"13:30:00"	"2019-03-13"	"Cheltenham"	"Battleoverdoyen (IRE)"	"3.00"	"4.4"	"Novices Hurdle"	"PU"	"16"	"Kennedy, J W"	"Elliott, Gordon"	"2m5f "	"6"	"66"
"17:30:00"	"2019-03-12"	"Cheltenham"	"Le Breuil (FR)"	"14.00"	"16.5"	"Novices Chase"	"1"	"18"	"Codd, Mr J J"	"Pauling, Ben"	"4m "	"7"	"52"
"16:50:00"	"2019-03-12"	"Cheltenham"	"A Plus Tard (FR)"	"5.00"	"6.8"	"Handicap Novices Chase"	"1"	"20"	"Blackmore, Rachael"	"Bromhead, Henry De"	"2m4.5f "	"5"	"58"
"16:50:00"	"2019-03-12"	"Cheltenham"	"Ben Dundee (IRE)"	"33.00"	"42.17"	"Handicap Novices Chase"	"3"	"20"	"Donoghue, K M"	"Elliott, Gordon"	"2m4.5f "	"7"	"58"
"16:50:00"	"2019-03-12"	"Cheltenham"	"Quamino (GER)"	"25.00"	"29.49"	"Handicap Novices Chase"	"PU"	"20"	"Cooper, Bryan J"	"Nolan, Paul"	"2m4.5f "	"6"	"38"
"16:10:00"	"2019-03-12"	"Cheltenham"	"Benie Des Dieux (FR)"	"0.91"	"2.08"	"Hurdle"	"F"	"14"	"Walsh, R"	"Mullins, W P"	"2m4f "	"8"	"318"
"14:50:00"	"2019-03-12"	"Cheltenham"	"Lake View Lad (IRE)"	"25.00"	"32"	"Handicap Chase"	"3"	"24"	"Brooke, Henry"	"Alexander, N W"	"3m1f "	"9"	"76"
"14:50:00"	"2019-03-12"	"Cheltenham"	"Activial (FR)"	"40.00"	"85"	"Handicap Chase"	"6"	"24"	"Scudamore, Tom"	"George, T R"	"3m1f "	"9"	"45"
"14:50:00"	"2019-03-12"	"Cheltenham"	"Up For Review (IRE)"	"8.00"	"12"	"Handicap Chase"	"8"	"24"	"Townend, P"	"Mullins, W P"	"3m1f "	"10"	"47"
"14:50:00"	"2019-03-12"	"Cheltenham"	"Catamaran Du Seuil (FR)"	"50.00"	"80"	"Handicap Chase"	"PU"	"24"	"Hammond, Charlie"	"Newland, Dr R D P"	"3m1f "	"7"	"17"
"14:10:00"	"2019-03-12"	"Cheltenham"	"Ornua (IRE)"	"14.00"	"19.75"	"Novices Chase"	"F"	"12"	"Blackmore, Rachael"	"Bromhead, Henry De"	"2m "	"8"	"94"
"14:10:00"	"2019-03-12"	"Cheltenham"	"Lalor (GER)"	"6.50"	"8.04"	"Novices Chase"	"PU"	"12"	"Johnson, Richard"	"Woollacott, Mrs Kayley"	"2m "	"7"	"94"
"13:30:00"	"2019-03-12"	"Cheltenham"	"Klassical Dream (FR)"	"6.00"	"8.72"	"Novices Hurdle"	"1"	"16"	"Walsh, R"	"Mullins, W P"	"2m.5f "	"5"	"37"
"13:30:00"	"2019-03-12"	"Cheltenham"	"Vision DHonneur (FR)"	"12.00"	"15"	"Novices Hurdle"	"9"	"16"	"Kennedy, J W"	"Elliott, Gordon"	"2m.5f "	"5"	"37"
"17:30:00"	"2018-03-16"	"Cheltenham"	"Townshend (GER)"	"16.00"	"19.17"	"Handicap Chase"	"PU"	"22"	"Townend, P"	"Mullins, W P"	"2m.5f "	"7"	"41"
"17:30:00"	"2018-03-16"	"Cheltenham"	"Valdez"	"25.00"	"49.7"	"Handicap Chase"	"UR"	"22"	"Hutchinson, Wayne"	"King, A"	"2m.5f "	"11"	"34"
"15:30:00"	"2018-03-16"	"Cheltenham"	"Anibale Fly (FR)"	"33.00"	"40.31"	"Chase"	"3"	"15"	"Geraghty, B J"	"Martin, A J"	"3m2.5f "	"8"	"40"
"15:30:00"	"2018-03-16"	"Cheltenham"	"Road To Respect (IRE)"	"9.00"	"10.68"	"Chase"	"4"	"15"	"Flanagan, S W"	"Meade, Noel"	"3m2.5f "	"7"	"78"
"15:30:00"	"2018-03-16"	"Cheltenham"	"Edwulf"	"20.00"	"24.27"	"Chase"	"8"	"15"	"OConnor, Derek"	"OBrien, Joseph Patrick"	"3m2.5f "	"9"	"40"
"15:30:00"	"2018-03-16"	"Cheltenham"	"Killultagh Vic (IRE)"	"8.00"	"11"	"Chase"	"PU"	"15"	"Townend, P"	"Mullins, W P"	"3m2.5f "	"9"	"40"
"14:50:00"	"2018-03-16"	"Cheltenham"	"Kilbricken Storm (IRE)"	"33.00"	"46.92"	"Novices Hurdle"	"1"	"20"	"Cobden, Harry"	"Tizzard, C L"	"3m "	"7"	"76"
"14:50:00"	"2018-03-16"	"Cheltenham"	"Fabulous Saga (FR)"	"20.00"	"27.51"	"Novices Hurdle"	"7"	"20"	"Mullins, D E"	"Mullins, W P"	"3m "	"6"	"41"
"14:50:00"	"2018-03-16"	"Cheltenham"	"Dortmund Park (FR)"	"12.00"	"15.48"	"Novices Hurdle"	"8"	"20"	"Russell, D N"	"Elliott, Gordon"	"3m "	"5"	"41"
"14:50:00"	"2018-03-16"	"Cheltenham"	"Real Steel (FR)"	"33.00"	"71.98"	"Novices Hurdle"	"11"	"20"	"Mullins, David"	"Mullins, W P"	"3m "	"5"	"40"
"14:10:00"	"2018-03-16"	"Cheltenham"	"Mohaayed"	"33.00"	"70"	"Handicap Hurdle"	"1"	"24"	"Andrews, Bridget"	"Skelton, Daniel"	"2m1f "	"6"	"80"
"14:10:00"	"2018-03-16"	"Cheltenham"	"Whiskey Sour (IRE)"	"7.00"	"8.57"	"Handicap Hurdle"	"3"	"24"	"Mullins, David"	"Mullins, W P"	"2m1f "	"5"	"40"
"14:10:00"	"2018-03-16"	"Cheltenham"	"Lagostovegas (IRE)"	"20.00"	"34"	"Handicap Hurdle"	"5"	"24"	"Mullins, D E"	"Mullins, W P"	"2m1f "	"6"	"27"
"14:10:00"	"2018-03-16"	"Cheltenham"	"Ben Dundee (IRE)"	"12.00"	"15.5"	"Handicap Hurdle"	"11"	"24"	"Russell, D N"	"Elliott, Gordon"	"2m1f "	"6"	"41"
"14:10:00"	"2018-03-16"	"Cheltenham"	"Duca De Thaix (FR)"	"10.00"	"15.65"	"Handicap Hurdle"	"19"	"24"	"Kennedy, J W"	"Elliott, Gordon"	"2m1f "	"5"	"47"
"14:10:00"	"2018-03-16"	"Cheltenham"	"Divin Bere (FR)"	"33.00"	"75"	"Handicap Hurdle"	"PU"	"24"	"Twiston-Davies, Sam"	"Nicholls, P F"	"2m1f "	"5"	"34"
"14:10:00"	"2018-03-16"	"Cheltenham"	"Tigris River (IRE)"	"50.00"	"116.28"	"Handicap Hurdle"	"PU"	"24"	"McGarvey, J S"	"OBrien, Joseph Patrick"	"2m1f "	"7"	"41"
"14:10:00"	"2018-03-16"	"Cheltenham"	"Sandsend (FR)"	"11.00"	"13.08"	"Handicap Hurdle"	"UR"	"24"	"Walsh, Ms K"	"Mullins, W P"	"2m1f "	"5"	"47"
"16:10:00"	"2018-03-15"	"Cheltenham"	"The Storyteller (IRE)"	"5.00"	"7"	"Handicap Chase"	"1"	"22"	"Russell, D N"	"Elliott, Gordon"	"2m5f "	"7"	"39"
"16:10:00"	"2018-03-15"	"Cheltenham"	"Last Goodbye (IRE)"	"8.00"	"9.31"	"Handicap Chase"	"10"	"22"	"Flanagan, S W"	"Doyle, Miss Elizabeth"	"2m5f "	"7"	"39"
"16:10:00"	"2018-03-15"	"Cheltenham"	"Romain De Senam (FR)"	"20.00"	"28"	"Handicap Chase"	"12"	"22"	"Twiston-Davies, Sam"	"Nicholls, P F"	"2m5f "	"6"	"89"
"16:10:00"	"2018-03-15"	"Cheltenham"	"Drumcliff (IRE)"	"25.00"	"51.95"	"Handicap Chase"	"PU"	"22"	"Madden, N P"	"Fry, Harry"	"2m5f "	"7"	"33"
"15:30:00"	"2018-03-15"	"Cheltenham"	"Penhill"	"12.00"	"16"	"Hurdle"	"1"	"15"	"Townend, P"	"Mullins, W P"	"3m "	"7"	"323"
"15:30:00"	"2018-03-15"	"Cheltenham"	"Supasundae"	"6.00"	"8.03"	"Hurdle"	"2"	"15"	"Power, R M"	"Harrington, Mrs John"	"3m "	"8"	"40"
"14:10:00"	"2018-03-15"	"Cheltenham"	"Taj Badalandabad (IRE)"	"40.00"	"74.48"	"Handicap Hurdle"	"4"	"23"	"Scudamore, Tom"	"Pipe, D E"	"3m "	"8"	"40"
"14:10:00"	"2018-03-15"	"Cheltenham"	"Prime Venture (IRE)"	"40.00"	"79.29"	"Handicap Hurdle"	"8"	"23"	"Wedge, Adam"	"Williams, Evan"	"3m "	"7"	"40"
"14:10:00"	"2018-03-15"	"Cheltenham"	"Thomas Campbell"	"20.00"	"22.7"	"Handicap Hurdle"	"14"	"23"	"Bowen, James C"	"Henderson, N J"	"3m "	"6"	"47"
"14:10:00"	"2018-03-15"	"Cheltenham"	"Boite (IRE)"	"33.00"	"69.21"	"Handicap Hurdle"	"20"	"23"	"Sheehan, Gavin"	"Greatrex, W J"	"3m "	"8"	"26"
"16:50:00"	"2018-03-14"	"Cheltenham"	"Look My Way"	"8.00"	"9.99"	"Handicap Hurdle"	"8"	"22"	"Hughes, Brian"	"Quinn, J J"	"2m.5f "	"4"	"46"
"16:50:00"	"2018-03-14"	"Cheltenham"	"Mastermind (IRE)"	"25.00"	"29.01"	"Handicap Hurdle"	"11"	"22"	"Power, R M"	"OBrien, Charles"	"2m.5f "	"4"	"18"
"17:30:00"	"2018-03-13"	"Cheltenham"	"Ballyhill (FR)"	"25.00"	"57.23"	"Handicap Novices Chase"	"9"	"19"	"Bargary, J P"	"Twiston-Davies, N A"	"2m4.5f "	"7"	"45"
"17:30:00"	"2018-03-13"	"Cheltenham"	"Western Miller (IRE)"	"100.00"	"340.65"	"Handicap Novices Chase"	"10"	"19"	"Burke, Jonathan"	"Longsdon, C E"	"2m4.5f "	"7"	"102"
"17:30:00"	"2018-03-13"	"Cheltenham"	"Tycoon Prince (IRE)"	"25.00"	"36.49"	"Handicap Novices Chase"	"PU"	"19"	"Kennedy, J W"	"Elliott, Gordon"	"2m4.5f "	"8"	"38"
"17:30:00"	"2018-03-13"	"Cheltenham"	"Demi Sang (FR)"	"20.00"	"26.72"	"Handicap Novices Chase"	"PU"	"19"	"Geraghty, B J"	"Mullins, W P"	"2m4.5f "	"5"	"38"
"16:50:00"	"2018-03-13"	"Cheltenham"	"Rathvinden (IRE)"	"4.50"	"6.07"	"Novices Chase"	"1"	"16"	"Mullins, Mr P W"	"Mullins, W P"	"4m "	"10"	"37"
"16:50:00"	"2018-03-13"	"Cheltenham"	"Ms Parfois (IRE)"	"5.50"	"7.7"	"Novices Chase"	"2"	"16"	"Biddick, Mr W"	"Honeyball, A J"	"4m "	"7"	"24"
"16:50:00"	"2018-03-13"	"Cheltenham"	"No Comment"	"9.00"	"12.69"	"Novices Chase"	"6"	"16"	"OConnor, Derek"	"Hobbs, P J / White, J"	"4m "	"7"	"38"
"15:30:00"	"2018-03-13"	"Cheltenham"	"Mick Jazz (FR)"	"25.00"	"51.26"	"Hurdle"	"3"	"11"	"Russell, D N"	"Elliott, Gordon"	"2m.5f "	"7"	"38"
"14:50:00"	"2018-03-13"	"Cheltenham"	"Vintage Clouds (IRE)"	"7.00"	"9.08"	"Handicap Chase"	"3"	"18"	"Cook, Danny"	"Smith, Mrs S J"	"3m1f "	"8"	"38"
"13:30:00"	"2018-03-13"	"Cheltenham"	"Summerville Boy (IRE)"	"9.00"	"12.5"	"Novices Hurdle"	"1"	"19"	"Fehily, Noel"	"George, T R"	"2m.5f "	"6"	"66"
"13:30:00"	"2018-03-13"	"Cheltenham"	"Sharjah (FR)"	"20.00"	"29"	"Novices Hurdle"	"8"	"19"	"Townend, P"	"Mullins, W P"	"2m.5f "	"5"	"37"
"15:30:00"	"2017-03-17"	"Cheltenham"	"Sizing John"	"7.00"	"8.6"	"Chase"	"1"	"13"	"Power, R M"	"Harrington, Mrs John"	"3m2.5f "	"7"	"33"
"15:30:00"	"2017-03-17"	"Cheltenham"	"Djakadam (FR)"	"3.00"	"4.89"	"Chase"	"4"	"13"	"Walsh, R"	"Mullins, W P"	"3m2.5f "	"8"	"79"
"15:30:00"	"2017-03-17"	"Cheltenham"	"Champagne West (IRE)"	"14.00"	"15.66"	"Chase"	"9"	"13"	"Mullins, David"	"Bromhead, Henry De"	"3m2.5f "	"9"	"50"
"14:10:00"	"2017-03-17"	"Cheltenham"	"Arctic Fire (GER)"	"20.00"	"26.7"	"Handicap Hurdle"	"1"	"25"	"Townend, P"	"Mullins, W P"	"2m1f "	"8"	"418"
"14:10:00"	"2017-03-17"	"Cheltenham"	"Winter Escape (IRE)"	"9.00"	"11.72"	"Handicap Hurdle"	"5"	"25"	"Hutchinson, Wayne"	"King, A"	"2m1f "	"6"	"124"
"14:10:00"	"2017-03-17"	"Cheltenham"	"Wakea (USA)"	"33.00"	"79.19"	"Handicap Hurdle"	"11"	"25"	"Meyler, D"	"Thornton, Karl"	"2m1f "	"6"	"124"
"14:10:00"	"2017-03-17"	"Cheltenham"	"Crievehill (IRE)"	"33.00"	"68"	"Handicap Hurdle"	"13"	"25"	"Bargary, J P"	"Twiston-Davies, N A"	"2m1f "	"5"	"55"
"13:30:00"	"2017-03-17"	"Cheltenham"	"Bapaume (FR)"	"10.00"	"12.52"	"Hurdle"	"3"	"15"	"Walsh, R"	"Mullins, W P"	"2m1f "	"4"	"33"
"16:50:00"	"2017-03-16"	"Cheltenham"	"Coillte Lass (IRE)"	"28.00"	"43"	"Novices Hurdle"	"11"	"16"	"Twiston-Davies, Sam"	"Nicholls, P F"	"2m1f "	"6"	"47"
"16:10:00"	"2017-03-16"	"Cheltenham"	"Baron Alco (FR)"	"10.00"	"14.5"	"Handicap Chase"	"2"	"24"	"Moore, Jamie"	"Moore, Gary and Josh"	"2m5f "	"6"	"40"
"16:10:00"	"2017-03-16"	"Cheltenham"	"Art Mauresque (FR)"	"33.00"	"52.38"	"Handicap Chase"	"8"	"24"	"Scholfield, Nick"	"Nicholls, P F"	"2m5f "	"7"	"124"
"16:10:00"	"2017-03-16"	"Cheltenham"	"Tango De Juilley (FR)"	"20.00"	"28.62"	"Handicap Chase"	"PU"	"24"	"Deutsch, Charlie"	"Williams, Miss Venetia"	"2m5f "	"9"	"364"
"16:10:00"	"2017-03-16"	"Cheltenham"	"Diamond King (IRE)"	"5.00"	"7.38"	"Handicap Chase"	"PU"	"24"	"Russell, D N"	"Elliott, Gordon"	"2m5f "	"9"	"80"
"15:30:00"	"2017-03-16"	"Cheltenham"	"Nichols Canyon"	"10.00"	"13"	"Hurdle"	"1"	"12"	"Walsh, R"	"Mullins, W P"	"3m "	"7"	"46"
"16:50:00"	"2017-03-15"	"Cheltenham"	"Flying Tiger (IRE)"	"33.00"	"57.28"	"Handicap Hurdle"	"1"	"22"	"Johnson, Richard"	"Williams, Nick"	"2m.5f "	"4"	"18"
"16:50:00"	"2017-03-15"	"Cheltenham"	"Percy Street"	"16.00"	"24.94"	"Handicap Hurdle"	"6"	"22"	"Boinville, Nico"	"Henderson, N J"	"2m.5f "	"4"	"18"
"16:50:00"	"2017-03-15"	"Cheltenham"	"Rainbow Dreamer"	"50.00"	"61.33"	"Handicap Hurdle"	"12"	"22"	"Cannon, Tom J"	"King, A"	"2m.5f "	"4"	"46"
"16:50:00"	"2017-03-15"	"Cheltenham"	"Fidux (FR)"	"50.00"	"97.62"	"Handicap Hurdle"	"19"	"22"	"Bellamy, Tom"	"King, A"	"2m.5f "	"4"	"18"
"14:50:00"	"2017-03-15"	"Cheltenham"	"Supasundae"	"16.00"	"19.78"	"Handicap Hurdle"	"1"	"25"	"Power, R M"	"Harrington, Mrs John"	"2m5f "	"7"	"24"
"14:50:00"	"2017-03-15"	"Cheltenham"	"Tin Soldier (FR)"	"5.00"	"7.37"	"Handicap Hurdle"	"8"	"25"	"Walsh, R"	"Mullins, W P"	"2m5f "	"6"	"20"
"14:50:00"	"2017-03-15"	"Cheltenham"	"Peregrine Run (IRE)"	"7.00"	"9.26"	"Handicap Hurdle"	"11"	"25"	"Loughran, R"	"Fahey, Peter"	"2m5f "	"7"	"60"
"14:50:00"	"2017-03-15"	"Cheltenham"	"Automated"	"16.00"	"23"	"Handicap Hurdle"	"12"	"25"	"Kennedy, J W"	"Elliott, Gordon"	"2m5f "	"6"	"87"
"14:50:00"	"2017-03-15"	"Cheltenham"	"Mister Miyagi (IRE)"	"16.00"	"20"	"Handicap Hurdle"	"14"	"25"	"Skelton, Harry"	"Skelton, Daniel"	"2m5f "	"8"	"95"
"14:50:00"	"2017-03-15"	"Cheltenham"	"Thomas Hobson"	"50.00"	"55.72"	"Handicap Hurdle"	"18"	"25"	"Mullins, D E"	"Mullins, W P"	"2m5f "	"7"	"24"
"14:50:00"	"2017-03-15"	"Cheltenham"	"Bravissimo (FR)"	"33.00"	"32"	"Handicap Hurdle"	"21"	"25"	"Walsh, Ms K"	"Mullins, W P"	"2m5f "	"6"	"31"
"14:50:00"	"2017-03-15"	"Cheltenham"	"Allblak Des Places (FR)"	"40.00"	"64.34"	"Handicap Hurdle"	"PU"	"25"	"Townend, P"	"Mullins, W P"	"2m5f "	"5"	"52"
"14:10:00"	"2017-03-15"	"Cheltenham"	"Bellshill (IRE)"	"5.00"	"6.51"	"Novices Chase"	"3"	"12"	"Walsh, R"	"Mullins, W P"	"3m.5f "	"7"	"31"
"14:10:00"	"2017-03-15"	"Cheltenham"	"Alpha Des Obeaux (FR)"	"6.00"	"8.15"	"Novices Chase"	"4"	"12"	"Cooper, Bryan J"	"Morris, M F"	"3m.5f "	"7"	"76"
"17:30:00"	"2017-03-14"	"Cheltenham"	"Tully East (IRE)"	"8.00"	"9.32"	"Handicap Novices Chase"	"1"	"20"	"ORegan, Denis"	"Fleming, A"	"2m4.5f "	"7"	"23"
"17:30:00"	"2017-03-14"	"Cheltenham"	"Foxtail Hill (IRE)"	"6.00"	"9.8"	"Handicap Novices Chase"	"F"	"20"	"Twiston-Davies, Mr W"	"Twiston-Davies, N A"	"2m4.5f "	"8"	"45"
"16:50:00"	"2017-03-14"	"Cheltenham"	"Haymount (IRE)"	"33.00"	"67.66"	"Novices Chase"	"3"	"18"	"Mullins, Mr P W"	"Mullins, W P"	"4m "	"8"	"23"
"16:50:00"	"2017-03-14"	"Cheltenham"	"Arpege Dalene (FR)"	"12.00"	"16.65"	"Novices Chase"	"4"	"18"	"Biddick, Mr W"	"Nicholls, P F"	"4m "	"7"	"24"
"16:50:00"	"2017-03-14"	"Cheltenham"	"Calett Mad (FR)"	"33.00"	"34"	"Novices Chase"	"9"	"18"	"Baker, Mr Z"	"Twiston-Davies, N A"	"4m "	"5"	"38"
"15:30:00"	"2017-03-14"	"Cheltenham"	"Petit Mouchoir (FR)"	"6.00"	"8"	"Hurdle"	"3"	"11"	"Cooper, Bryan J"	"Bromhead, Henry De"	"2m.5f "	"6"	"44"
"14:50:00"	"2017-03-14"	"Cheltenham"	"Un Temps Pour Tout (IRE)"	"9.00"	"11.61"	"Handicap Chase"	"1"	"23"	"Scudamore, Tom"	"Pipe, D E"	"3m1f "	"8"	"45"
"14:50:00"	"2017-03-14"	"Cheltenham"	"Noble Endeavor (IRE)"	"7.50"	"8.97"	"Handicap Chase"	"3"	"23"	"Russell, D N"	"Elliott, Gordon"	"3m1f "	"8"	"77"
"14:50:00"	"2017-03-14"	"Cheltenham"	"Measureofmydreams (IRE)"	"25.00"	"42"	"Handicap Chase"	"13"	"23"	"Flanagan, S W"	"Meade, Noel"	"3m1f "	"9"	"47"
"14:50:00"	"2017-03-14"	"Cheltenham"	"Pilgrims Bay (IRE)"	"25.00"	"46.29"	"Handicap Chase"	"14"	"23"	"Best, J A"	"Mulholland, N P"	"3m1f "	"7"	"17"
"14:50:00"	"2017-03-14"	"Cheltenham"	"Junction Fourteen (IRE)"	"40.00"	"56.5"	"Handicap Chase"	"PU"	"23"	"Aspell, Leighton"	"Lavelle, Miss E C"	"3m1f "	"8"	"136"
"14:50:00"	"2016-03-18"	"Cheltenham"	"Bleu Et Rouge (FR)"	"10.00"	"13.07"	"Novices Hurdle"	"F"	"19"	"Geraghty, B J"	"Mullins, W P"	"3m "	"5"	"41"
"14:10:00"	"2016-03-18"	"Cheltenham"	"Sternrubin (GER)"	"33.00"	"60.22"	"Handicap Hurdle"	"3"	"26"	"OBrien, T J"	"Hobbs, P J / White, J"	"2m1f "	"5"	"34"
"14:10:00"	"2016-03-18"	"Cheltenham"	"Devilment"	"33.00"	"83.83"	"Handicap Hurdle"	"13"	"26"	"Coleman, A"	"Ferguson, J P"	"2m1f "	"5"	"90"
"14:10:00"	"2016-03-18"	"Cheltenham"	"Mad Jack Mytton (IRE)"	"28.00"	"51.25"	"Handicap Hurdle"	"14"	"26"	"McLernon, R P"	"ONeill, Jonjo and AJ"	"2m1f "	"6"	"34"
"14:10:00"	"2016-03-18"	"Cheltenham"	"Dicosimo (FR)"	"16.00"	"25"	"Handicap Hurdle"	"F"	"26"	"Walsh, R"	"Mullins, W P"	"2m1f "	"5"	"34"
"13:30:00"	"2016-03-18"	"Cheltenham"	"Ivanovich Gorbatov (IRE)"	"4.50"	"6.86"	"Hurdle"	"1"	"15"	"Geraghty, B J"	"OBrien, A P"	"2m1f "	"4"	"41"
"13:30:00"	"2016-03-18"	"Cheltenham"	"Footpad (FR)"	"5.00"	"7.2"	"Hurdle"	"3"	"15"	"Walsh, R"	"Mullins, W P"	"2m1f "	"4"	"41"
"16:10:00"	"2016-03-17"	"Cheltenham"	"Empire Of Dirt (IRE)"	"16.00"	"24"	"Handicap Chase"	"1"	"22"	"Cooper, Bryan J"	"Murphy, C A"	"2m4.5f "	"9"	"60"
"16:10:00"	"2016-03-17"	"Cheltenham"	"Salubrious (IRE)"	"16.00"	"17.42"	"Handicap Chase"	"11"	"22"	"Bowen, Sean P"	"Nicholls, P F"	"2m4.5f "	"9"	"47"
"16:10:00"	"2016-03-17"	"Cheltenham"	"Darna"	"25.00"	"39.65"	"Handicap Chase"	"F"	"22"	"Bass, David"	"Bailey, K C"	"2m4.5f "	"10"	"124"
"16:10:00"	"2016-03-17"	"Cheltenham"	"Art Mauresque (FR)"	"11.00"	"14.04"	"Handicap Chase"	"PU"	"22"	"Scholfield, Nick"	"Nicholls, P F"	"2m4.5f "	"6"	"12"
"15:30:00"	"2016-03-17"	"Cheltenham"	"Saphir Du Rheu (FR)"	"11.00"	"15"	"Hurdle"	"6"	"12"	"Twiston-Davies, Sam"	"Nicholls, P F"	"3m "	"7"	"89"
"14:10:00"	"2016-03-17"	"Cheltenham"	"Our Kaempfer (IRE)"	"9.00"	"10.69"	"Handicap Hurdle"	"5"	"24"	"Fehily, Noel"	"Longsdon, C E"	"3m "	"7"	"117"
"14:10:00"	"2016-03-17"	"Cheltenham"	"Dubawi Island (FR)"	"50.00"	"120.97"	"Handicap Hurdle"	"PU"	"24"	"Coleman, A"	"Williams, Miss Venetia"	"3m "	"7"	"54"
"16:50:00"	"2016-03-16"	"Cheltenham"	"Missy Tata (FR)"	"10.00"	"13"	"Handicap Hurdle"	"4"	"22"	"Cooper, Bryan J"	"Elliott, Gordon"	"2m.5f "	"4"	"108"
"16:50:00"	"2016-03-16"	"Cheltenham"	"Duke Of Medina (IRE)"	"40.00"	"81.73"	"Handicap Hurdle"	"14"	"22"	"Sheehan, Gavin"	"Whittington, H"	"2m.5f "	"4"	"46"
"14:50:00"	"2016-03-16"	"Cheltenham"	"Blazer (FR)"	"8.00"	"11"	"Handicap Hurdle"	"4"	"26"	"Geraghty, B J"	"Mullins, W P"	"2m5f "	"5"	"32"
"14:50:00"	"2016-03-16"	"Cheltenham"	"Waxies Dargle"	"33.00"	"48.54"	"Handicap Hurdle"	"6"	"26"	"Walsh, M P"	"Meade, Noel"	"2m5f "	"7"	"32"
"14:50:00"	"2016-03-16"	"Cheltenham"	"Volnay De Thaix (FR)"	"40.00"	"100.17"	"Handicap Hurdle"	"15"	"26"	"Mitchell, Mr F"	"Henderson, N J"	"2m5f "	"7"	"75"
"14:50:00"	"2016-03-16"	"Cheltenham"	"Sgt Reckless"	"33.00"	"54.69"	"Handicap Hurdle"	"19"	"26"	"Hughes, Brian"	"Channon, M R"	"2m5f "	"9"	"88"
"14:50:00"	"2016-03-16"	"Cheltenham"	"Blood Cotil (FR)"	"14.00"	"18.52"	"Handicap Hurdle"	"PU"	"26"	"Walsh, R"	"Mullins, W P"	"2m5f "	"7"	"59"
"13:30:00"	"2016-03-16"	"Cheltenham"	"Yorkhill (IRE)"	"3.00"	"4.81"	"Novices Hurdle"	"1"	"11"	"Walsh, R"	"Mullins, W P"	"2m5f "	"6"	"74"
"16:50:00"	"2016-03-15"	"Cheltenham"	"Measureofmydreams (IRE)"	"9.00"	"11.59"	"Novices Chase"	"3"	"20"	"Walsh, Ms K"	"Mullins, W P"	"4m "	"8"	"30"
"16:50:00"	"2016-03-15"	"Cheltenham"	"Viva Steve (IRE)"	"66.00"	"137.61"	"Novices Chase"	"8"	"20"	"Harding, Mr R O"	"Channon, M R"	"4m "	"8"	"17"
"16:50:00"	"2016-03-15"	"Cheltenham"	"Definitly Red (IRE)"	"12.00"	"14.44"	"Novices Chase"	"F"	"20"	"Waley-Cohen, Mr S"	"Ellison, B"	"4m "	"7"	"38"
"16:50:00"	"2016-03-15"	"Cheltenham"	"Waldorf Salad"	"66.00"	"142.24"	"Novices Chase"	"PU"	"20"	"Knox, J S"	"Williams, Miss Venetia"	"4m "	"8"	"24"
"15:30:00"	"2016-03-15"	"Cheltenham"	"Nichols Canyon"	"7.50"	"8.7"	"Hurdle"	"3"	"12"	"Townend, P"	"Mullins, W P"	"2m.5f "	"6"	"51"
"15:30:00"	"2016-03-15"	"Cheltenham"	"Sign Of A Victory (IRE)"	"66.00"	"119.62"	"Hurdle"	"8"	"12"	"Tinkler, Andrew"	"Henderson, N J"	"2m.5f "	"7"	"80"
"14:50:00"	"2016-03-15"	"Cheltenham"	"Shanahans Turn (IRE)"	"50.00"	"65.39"	"Handicap Chase"	"14"	"23"	"Burke, Jonathan"	"Bromhead, Henry De"	"3m1f "	"8"	"136"
"15:20:00"	"2015-03-13"	"Cheltenham"	"Road To Riches (IRE)"	"8.00"	"9.2"	"Chase"	"3"	"16"	"Cooper, Bryan J"	"Meade, Noel"	"3m2.5f "	"8"	"75"
"15:20:00"	"2015-03-13"	"Cheltenham"	"Home Farm (IRE)"	"100.00"	"210"	"Chase"	"PU"	"16"	"Casey, D J"	"Bromhead, Henry De"	"3m2.5f "	"8"	"33"
"15:20:00"	"2015-03-13"	"Cheltenham"	"Lord Windermere (IRE)"	"20.00"	"27"	"Chase"	"PU"	"16"	"Russell, D N"	"Culloty, J H"	"3m2.5f "	"9"	"33"
"14:05:00"	"2015-03-13"	"Cheltenham"	"Max Dynamite (FR)"	"14.00"	"18.5"	"Handicap Hurdle"	"4"	"24"	"Walsh, R"	"Mullins, W P"	"2m1f "	"5"	"19"
"14:05:00"	"2015-03-13"	"Cheltenham"	"The Game Changer (IRE)"	"8.00"	"10.39"	"Handicap Hurdle"	"9"	"24"	"Cooper, Bryan J"	"Elliott, Gordon"	"2m1f "	"6"	"159"
"14:05:00"	"2015-03-13"	"Cheltenham"	"Waxies Dargle"	"10.00"	"12.37"	"Handicap Hurdle"	"14"	"24"	"Carberry, P"	"Meade, Noel"	"2m1f "	"6"	"54"
"14:05:00"	"2015-03-13"	"Cheltenham"	"Forced Family Fun"	"33.00"	"57.64"	"Handicap Hurdle"	"15"	"24"	"Costello, Dougie"	"Quinn, J J"	"2m1f "	"5"	"34"
"14:05:00"	"2015-03-13"	"Cheltenham"	"Rich Coast"	"25.00"	"36.95"	"Handicap Hurdle"	"18"	"24"	"Russell, D N"	"Meade, Noel"	"2m1f "	"7"	"159"
"14:05:00"	"2015-03-13"	"Cheltenham"	"Ebony Express"	"16.00"	"18.17"	"Handicap Hurdle"	"19"	"24"	"Kennedy, W T"	"Newland, Dr R D P"	"2m1f "	"6"	"6"
"14:05:00"	"2015-03-13"	"Cheltenham"	"Lucky Bridle (IRE)"	"33.00"	"151.87"	"Handicap Hurdle"	"F"	"24"	"Casey, D J"	"Mullins, W P"	"2m1f "	"6"	"54"
"13:30:00"	"2015-03-13"	"Cheltenham"	"Petite Parisienne (FR)"	"11.00"	"14.81"	"Hurdle"	"5"	"16"	"Cooper, Bryan J"	"Mullins, W P"	"2m1f "	"4"	"33"
"13:30:00"	"2015-03-13"	"Cheltenham"	"Kalkir (FR)"	"20.00"	"20.16"	"Hurdle"	"PU"	"16"	"Townend, P"	"Mullins, W P"	"2m1f "	"4"	"33"
"16:00:00"	"2015-03-12"	"Cheltenham"	"Darna"	"33.00"	"50"	"Handicap Chase"	"1"	"23"	"Bass, David"	"Bailey, K C"	"2m5f "	"9"	"70"
"16:00:00"	"2015-03-12"	"Cheltenham"	"Rawnaq (IRE)"	"25.00"	"30.5"	"Handicap Chase"	"3"	"23"	"Lynch, A E"	"Smith, Matthew J"	"2m5f "	"8"	"25"
"16:00:00"	"2015-03-12"	"Cheltenham"	"Hollow Penny"	"33.00"	"34.4"	"Handicap Chase"	"5"	"23"	"Hutchinson, Wayne"	"King, A"	"2m5f "	"7"	"19"
"16:00:00"	"2015-03-12"	"Cheltenham"	"Caid Du Berlais (FR)"	"11.00"	"14.01"	"Handicap Chase"	"16"	"23"	"Twiston-Davies, Sam"	"Nicholls, P F"	"2m5f "	"6"	"70"
"16:00:00"	"2015-03-12"	"Cheltenham"	"Dare Me (IRE)"	"33.00"	"65.6"	"Handicap Chase"	"PU"	"23"	"Coleman, A"	"Williams, Miss Venetia"	"2m5f "	"11"	"47"
"16:00:00"	"2015-03-12"	"Cheltenham"	"Kings Lad (IRE)"	"33.00"	"66.58"	"Handicap Chase"	"PU"	"23"	"Jacob, Daryl"	"Tizzard, C L"	"2m5f "	"8"	"33"
"14:40:00"	"2015-03-12"	"Cheltenham"	"Ma Filleule (FR)"	"5.00"	"7.63"	"Chase"	"2"	"14"	"Geraghty, B J"	"Henderson, N J"	"2m5f "	"7"	"26"
"14:40:00"	"2015-03-12"	"Cheltenham"	"Ballycasey (IRE)"	"22.00"	"28.48"	"Chase"	"PU"	"14"	"Walsh, R"	"Mullins, W P"	"2m5f "	"8"	"26"
"16:40:00"	"2015-03-11"	"Cheltenham"	"All Yours (FR)"	"11.00"	"14.16"	"Handicap Hurdle"	"5"	"22"	"Twiston-Davies, Sam"	"Nicholls, P F"	"2m.5f "	"4"	"18"
"16:40:00"	"2015-03-11"	"Cheltenham"	"Gwencily Berbas (FR)"	"16.00"	"19.41"	"Handicap Hurdle"	"9"	"22"	"Heskin, A P"	"Fleming, A"	"2m.5f "	"4"	"18"
"16:40:00"	"2015-03-11"	"Cheltenham"	"The Wallace Line (IRE)"	"66.00"	"140"	"Handicap Hurdle"	"12"	"22"	"Johns, Alan"	"Vaughan, Tim"	"2m.5f "	"4"	"74"
"16:40:00"	"2015-03-11"	"Cheltenham"	"Baron Alco (FR)"	"20.00"	"23.76"	"Handicap Hurdle"	"13"	"22"	"Moore, Jamie"	"Moore, Gary and Josh"	"2m.5f "	"4"	"74"
"14:40:00"	"2015-03-11"	"Cheltenham"	"Activial (FR)"	"8.50"	"12.85"	"Handicap Hurdle"	"3"	"25"	"Fehily, Noel"	"Fry, Harry"	"2m5f "	"5"	"32"
"14:40:00"	"2015-03-11"	"Cheltenham"	"Lac Fontana (FR)"	"12.00"	"13.88"	"Handicap Hurdle"	"9"	"25"	"Bowen, Sean P"	"Nicholls, P F"	"2m5f "	"6"	"88"
"14:40:00"	"2015-03-11"	"Cheltenham"	"Vasco Du Ronceray (FR)"	"40.00"	"75"	"Handicap Hurdle"	"15"	"25"	"Jacob, Daryl"	"Henderson, N J"	"2m5f "	"6"	"32"
"14:40:00"	"2015-03-11"	"Cheltenham"	"Goodwood Mirage (IRE)"	"12.00"	"14.5"	"Handicap Hurdle"	"17"	"25"	"McCoy, A P"	"ONeill, Jonjo and AJ"	"2m5f "	"5"	"32"
"14:40:00"	"2015-03-11"	"Cheltenham"	"Clondaw Kaempfer (IRE)"	"50.00"	"120"	"Handicap Hurdle"	"18"	"25"	"Renwick, Wilson"	"McCain Jnr, D"	"2m5f "	"7"	"69"
"17:15:00"	"2015-03-10"	"Cheltenham"	"Little Jon"	"10.00"	"12.81"	"Handicap Novices Chase"	"6"	"20"	"Hatch, R"	"Twiston-Davies, N A"	"2m4.5f "	"7"	"45"
"17:15:00"	"2015-03-10"	"Cheltenham"	"Dromnea (IRE)"	"33.00"	"59.52"	"Handicap Novices Chase"	"7"	"20"	"Enright, M A"	"Morris, M F"	"2m4.5f "	"8"	"23"
"16:40:00"	"2015-03-10"	"Cheltenham"	"Broadway Buffalo (IRE)"	"12.00"	"14"	"Novices Chase"	"2"	"17"	"Walsh, Ms K"	"Pipe, D E"	"4m "	"7"	"24"
"16:40:00"	"2015-03-10"	"Cheltenham"	"Perfect Gentleman (IRE) (OLD)"	"10.00"	"13"	"Novices Chase"	"4"	"17"	"Mullins, Mr P W"	"Mullins, W P"	"4m "	"10"	"74"
"16:40:00"	"2015-03-10"	"Cheltenham"	"Return Spring (IRE)"	"20.00"	"25"	"Novices Chase"	"9"	"17"	"Gethings, Ciaran"	"Hobbs, P J / White, J"	"4m "	"8"	"38"
"16:40:00"	"2015-03-10"	"Cheltenham"	"Top Totti"	"40.00"	"50"	"Novices Chase"	"11"	"17"	"Williams, Miss J C"	"Daly, H D"	"4m "	"7"	"38"
"16:40:00"	"2015-03-10"	"Cheltenham"	"Thunder And Roses (IRE)"	"14.00"	"16.23"	"Novices Chase"	"UR"	"17"	"King, Mr J J"	"Hughes, Sandra"	"4m "	"7"	"23"
"14:40:00"	"2015-03-10"	"Cheltenham"	"Grand Jesture (IRE)"	"25.00"	"34"	"Handicap Chase"	"2"	"24"	"Burke, Jonathan"	"Bromhead, Henry De"	"3m1f "	"7"	"73"
"14:40:00"	"2015-03-10"	"Cheltenham"	"Gallant Oscar (IRE)"	"9.00"	"11.47"	"Handicap Chase"	"3"	"24"	"Cooper, Bryan J"	"Martin, A J"	"3m1f "	"9"	"47"
"14:40:00"	"2015-03-10"	"Cheltenham"	"Black Thunder (FR)"	"16.00"	"19.85"	"Handicap Chase"	"7"	"24"	"Bowen, Sean P"	"Nicholls, P F"	"3m1f "	"8"	"45"
"14:05:00"	"2015-03-10"	"Cheltenham"	"Court Minstrel (IRE)"	"20.00"	"31.8"	"Novices Chase"	"5"	"11"	"Moloney, Paul"	"Williams, Evan"	"2m "	"8"	"94"
"13:30:00"	"2015-03-10"	"Cheltenham"	"Sizing John"	"25.00"	"38.41"	"Novices Hurdle"	"3"	"12"	"Burke, Jonathan"	"Bromhead, Henry De"	"2m.5f "	"5"	"73"
"13:30:00"	"2015-03-10"	"Cheltenham"	"Lami Serge (IRE)"	"3.50"	"4.99"	"Novices Hurdle"	"4"	"12"	"Geraghty, B J"	"Henderson, N J"	"2m.5f "	"5"	"66"
"17:15:00"	"2014-03-14"	"Cheltenham"	"Savello (IRE)"	"16.00"	"21.15"	"Handicap Chase"	"1"	"23"	"Russell, D N"	"Martin, A J"	"2m.5f "	"8"	"54"
"17:15:00"	"2014-03-14"	"Cheltenham"	"Claret Cloak (IRE)"	"6.00"	"8"	"Handicap Chase"	"3"	"23"	"Fehily, Noel"	"Lavelle, Miss E C"	"2m.5f "	"7"	"97"
"17:15:00"	"2014-03-14"	"Cheltenham"	"Lancetto (FR)"	"50.00"	"104.75"	"Handicap Chase"	"15"	"23"	"Ring, C V"	"Williams, Evan"	"2m.5f "	"9"	"55"
"15:20:00"	"2014-03-14"	"Cheltenham"	"Lord Windermere (IRE)"	"20.00"	"25.73"	"Chase"	"1"	"13"	"Russell, D N"	"Culloty, J H"	"3m2.5f "	"8"	"33"
"15:20:00"	"2014-03-14"	"Cheltenham"	"Last Instalment (IRE)"	"7.50"	"9.79"	"Chase"	"UR"	"13"	"OConnell, Mr B T"	"Fenton, Philip"	"3m2.5f "	"9"	"33"
"14:40:00"	"2014-03-14"	"Cheltenham"	"Prince Siegfried (FR)"	"100.00"	"436.54"	"Novices Hurdle"	"PU"	"18"	"ORegan, Denis"	"Ferguson, J P"	"3m "	"8"	"62"
"14:05:00"	"2014-03-14"	"Cheltenham"	"Arctic Fire (GER)"	"7.00"	"11.07"	"Handicap Hurdle"	"2"	"28"	"Casey, D J"	"Mullins, W P"	"2m1f "	"5"	"77"
"14:05:00"	"2014-03-14"	"Cheltenham"	"Minella Foru (IRE)"	"12.00"	"14.51"	"Handicap Hurdle"	"6"	"28"	"McCoy, A P"	"Harty, Edward and Patrick"	"2m1f "	"5"	"19"
"14:05:00"	"2014-03-14"	"Cheltenham"	"Deep Trouble (IRE)"	"33.00"	"50"	"Handicap Hurdle"	"7"	"28"	"Aspell, Leighton"	"Case, B I"	"2m1f "	"7"	"34"
"14:05:00"	"2014-03-14"	"Cheltenham"	"Cinders And Ashes"	"28.00"	"50.22"	"Handicap Hurdle"	"PU"	"28"	"Fehily, Noel"	"McCain Jnr, D"	"2m1f "	"7"	"367"
"13:30:00"	"2014-03-14"	"Cheltenham"	"Tiger Roll (IRE)"	"10.00"	"12.02"	"Hurdle"	"1"	"15"	"Russell, D N"	"Elliott, Gordon"	"2m1f "	"4"	"33"
"13:30:00"	"2014-03-14"	"Cheltenham"	"Guitar Pete (IRE)"	"7.00"	"8.58"	"Hurdle"	"3"	"15"	"Carberry, P"	"Hughes, D T"	"2m1f "	"4"	"33"
"16:00:00"	"2014-03-13"	"Cheltenham"	"Ballynagour (IRE)"	"12.00"	"14.69"	"Handicap Chase"	"1"	"23"	"Scudamore, Tom"	"Pipe, D E"	"2m4f "	"8"	"117"
"16:00:00"	"2014-03-13"	"Cheltenham"	"Shangani (USA)"	"14.00"	"19.33"	"Handicap Chase"	"11"	"23"	"Coleman, A"	"Williams, Miss Venetia"	"2m4f "	"8"	"12"
"14:40:00"	"2014-03-13"	"Cheltenham"	"Hunt Ball (IRE)"	"14.00"	"17.09"	"Chase"	"4"	"11"	"Geraghty, B J"	"Henderson, N J"	"2m5f "	"9"	"26"
"14:40:00"	"2014-03-13"	"Cheltenham"	"Benefficient (IRE)"	"4.50"	"6.4"	"Chase"	"PU"	"11"	"Russell, D N"	"Martin, A J"	"2m5f "	"8"	"76"
"14:05:00"	"2014-03-13"	"Cheltenham"	"Mickie"	"25.00"	"33.7"	"Handicap Hurdle"	"12"	"23"	"Greenall, Mr Jake"	"Daly, H D"	"3m "	"6"	"26"
"13:30:00"	"2014-03-13"	"Cheltenham"	"Felix Yonger (IRE)"	"3.50"	"5.45"	"Novices Chase"	"4"	"12"	"Walsh, R"	"Mullins, W P"	"2m4f "	"8"	"46"
"16:40:00"	"2014-03-12"	"Cheltenham"	"Orgilgo Bay (IRE)"	"16.00"	"24"	"Handicap Novices Hurdle"	"3"	"24"	"Bolger, M J"	"McConnell, John C"	"2m.5f "	"4"	"31"
"16:40:00"	"2014-03-12"	"Cheltenham"	"Gerdago (IRE)"	"40.00"	"132.8"	"Handicap Novices Hurdle"	"8"	"24"	"OConnell, Mr E J"	"Condon, K J"	"2m.5f "	"4"	"18"
"16:40:00"	"2014-03-12"	"Cheltenham"	"Ivan Grozny (FR)"	"7.00"	"9.38"	"Handicap Novices Hurdle"	"12"	"24"	"Walsh, R"	"Mullins, W P"	"2m.5f "	"4"	"31"
"16:40:00"	"2014-03-12"	"Cheltenham"	"Azza (FR)"	"16.00"	"19.98"	"Handicap Novices Hurdle"	"17"	"24"	"Scudamore, Tom"	"Pipe, D E"	"2m.5f "	"4"	"116"
"16:40:00"	"2014-03-12"	"Cheltenham"	"Goodwood Mirage (IRE)"	"7.50"	"11.29"	"Handicap Novices Hurdle"	"BD"	"24"	"McCoy, A P"	"ONeill, Jonjo and AJ"	"2m.5f "	"4"	"18"
"16:40:00"	"2014-03-12"	"Cheltenham"	"Ballyglasheen (IRE)"	"25.00"	"45.88"	"Handicap Novices Hurdle"	"PU"	"24"	"Moloney, Paul"	"Williams, Evan"	"2m.5f "	"4"	"46"
"15:20:00"	"2014-03-12"	"Cheltenham"	"Hinterland (FR)"	"11.00"	"13.66"	"Chase"	"UR"	"11"	"Fehily, Noel"	"Nicholls, P F"	"2m "	"6"	"95"
"14:40:00"	"2014-03-12"	"Cheltenham"	"Smashing (FR)"	"25.00"	"38.96"	"Handicap Hurdle"	"4"	"28"	"Lynch, A E"	"Mullins, W P"	"2m5f "	"5"	"32"
"14:40:00"	"2014-03-12"	"Cheltenham"	"Dell Arca (IRE)"	"8.00"	"10.5"	"Handicap Hurdle"	"5"	"28"	"Scudamore, Tom"	"Pipe, D E"	"2m5f "	"5"	"32"
"14:40:00"	"2014-03-12"	"Cheltenham"	"Ifandbutwhynot (IRE)"	"20.00"	"29.16"	"Handicap Hurdle"	"15"	"28"	"Cooper, Bryan J"	"OMeara, D"	"2m5f "	"8"	"53"
"14:05:00"	"2014-03-12"	"Cheltenham"	"Carlingford Lough (IRE)"	"7.00"	"11.66"	"Novices Chase"	"6"	"15"	"McCoy, A P"	"Kiely, J E and Thomas"	"3m.5f "	"8"	"31"
"14:05:00"	"2014-03-12"	"Cheltenham"	"Don Cossack (GER)"	"11.00"	"12.22"	"Novices Chase"	"F"	"15"	"Cooper, Bryan J"	"Elliott, Gordon"	"3m.5f "	"7"	"31"
"17:15:00"	"2014-03-11"	"Cheltenham"	"King Vuvuzela (IRE)"	"20.00"	"36.24"	"Handicap Novices Chase"	"10"	"19"	"Carberry, P"	"Nolan, Paul"	"2m4.5f "	"7"	"45"
"16:40:00"	"2014-03-11"	"Cheltenham"	"Shotgun Paddy (IRE)"	"3.50"	"4.81"	"Novices Chase"	"2"	"15"	"OConnor, Derek"	"Lavelle, Miss E C"	"4m "	"7"	"59"
"16:40:00"	"2014-03-11"	"Cheltenham"	"Rogue Angel (IRE)"	"16.00"	"23.9"	"Novices Chase"	"7"	"15"	"Clements, Mr S"	"Morris, M F"	"4m "	"6"	"52"
"16:40:00"	"2014-03-11"	"Cheltenham"	"According To Trev (IRE)"	"28.00"	"46"	"Novices Chase"	"PU"	"15"	"Bargary, J P"	"Twiston-Davies, N A"	"4m "	"8"	"45"
"16:00:00"	"2014-03-11"	"Cheltenham"	"Cockney Sparrow"	"8.00"	"10"	"Hurdle"	"5"	"16"	"McCoy, A P"	"Quinn, J J"	"2m4f "	"5"	"45"
"14:40:00"	"2014-03-11"	"Cheltenham"	"Green Flag (IRE)"	"16.00"	"18.02"	"Handicap Chase"	"4"	"23"	"Buchanan, Peter"	"Russell, Miss Lucinda V"	"3m.5f "	"7"	"38"
"14:40:00"	"2014-03-11"	"Cheltenham"	"Ackertac (IRE)"	"20.00"	"28.38"	"Handicap Chase"	"7"	"23"	"Johnson, Richard"	"Vaughan, Tim"	"3m.5f "	"9"	"69"
"14:40:00"	"2014-03-11"	"Cheltenham"	"Cantlow (IRE)"	"16.00"	"19.02"	"Handicap Chase"	"F"	"23"	"Fox, Mr G N"	"Webber, P R"	"3m.5f "	"9"	"87"
"14:40:00"	"2014-03-11"	"Cheltenham"	"Vintage Star (IRE)"	"16.00"	"21.26"	"Handicap Chase"	"F"	"23"	"Russell, D N"	"Smith, Mrs S J"	"3m.5f "	"8"	"52"
"13:30:00"	"2014-03-11"	"Cheltenham"	"Josses Hill (IRE)"	"14.00"	"15.35"	"Novices Hurdle"	"2"	"18"	"Tinkler, Andrew"	"Henderson, N J"	"2m.5f "	"6"	"59"
"13:30:00"	"2014-03-11"	"Cheltenham"	"Garde La Victoire (FR)"	"33.00"	"35.06"	"Novices Hurdle"	"14"	"18"	"Johnson, Richard"	"Hobbs, P J / White, J"	"2m.5f "	"5"	"59"
"17:15:00"	"2013-03-15"	"Cheltenham"	"Alderwood (IRE)"	"3.00"	"4.6"	"Handicap Chase"	"1"	"23"	"McCoy, A P"	"Mullins, Thomas"	"2m.5f "	"9"	"40"
"17:15:00"	"2013-03-15"	"Cheltenham"	"Petit Robin (FR)"	"12.00"	"13.5"	"Handicap Chase"	"5"	"23"	"Boinville, Nico"	"Henderson, N J"	"2m.5f "	"10"	"34"
"17:15:00"	"2013-03-15"	"Cheltenham"	"Marshal Zhukov (IRE)"	"20.00"	"25.8"	"Handicap Chase"	"BD"	"23"	"Popham, Mr I"	"Keevil, Mrs Caroline"	"2m.5f "	"7"	"34"
"17:15:00"	"2013-03-15"	"Cheltenham"	"Shooters Wood (IRE)"	"16.00"	"21.26"	"Handicap Chase"	"PU"	"23"	"Jacob, Daryl"	"Nicholls, P F"	"2m.5f "	"9"	"34"
"14:05:00"	"2013-03-15"	"Cheltenham"	"Ted Veale (IRE)"	"10.00"	"12.86"	"Handicap Hurdle"	"1"	"28"	"Cooper, Bryan J"	"Martin, A J"	"2m1f "	"6"	"48"
"13:30:00"	"2013-03-15"	"Cheltenham"	"Diakali (FR)"	"10.00"	"11.49"	"Hurdle"	"4"	"17"	"Casey, D J"	"Mullins, W P"	"2m1f "	"4"	"34"
"16:00:00"	"2013-03-14"	"Cheltenham"	"Casey Top (IRE)"	"25.00"	"40.45"	"Handicap Chase"	"10"	"22"	"Enright, M A"	"Whitmore, Leonard"	"2m5f "	"10"	"117"
"16:00:00"	"2013-03-14"	"Cheltenham"	"Sweet My Lord (FR)"	"16.00"	"20.13"	"Handicap Chase"	"PU"	"22"	"Walsh, R"	"Mullins, W P"	"2m5f "	"7"	"47"
"16:00:00"	"2013-03-14"	"Cheltenham"	"Bless The Wings (IRE)"	"33.00"	"44.8"	"Handicap Chase"	"PU"	"22"	"Hutchinson, Wayne"	"King, A"	"2m5f "	"8"	"47"
"15:20:00"	"2013-03-14"	"Cheltenham"	"Get Me Out Of Here (IRE)"	"10.00"	"16.26"	"Hurdle"	"PU"	"13"	"McCoy, A P"	"ONeill, Jonjo and AJ"	"3m "	"9"	"78"
"14:05:00"	"2013-03-14"	"Cheltenham"	"Hada Men (USA)"	"28.00"	"37.03"	"Handicap Hurdle"	"12"	"24"	"Coleman, A"	"Williams, Miss Venetia"	"3m "	"8"	"26"
"14:05:00"	"2013-03-14"	"Cheltenham"	"Ballybough Pat (IRE)"	"16.00"	"22"	"Handicap Hurdle"	"20"	"24"	"Scholfield, Nick"	"Honeyball, A J"	"3m "	"6"	"75"
"14:05:00"	"2013-03-14"	"Cheltenham"	"Junior"	"33.00"	"59.78"	"Handicap Hurdle"	"PU"	"24"	"Maguire, Jason"	"Pipe, D E"	"3m "	"10"	"33"
"13:30:00"	"2013-03-14"	"Cheltenham"	"Benefficient (IRE)"	"20.00"	"27.93"	"Novices Chase"	"1"	"13"	"Cooper, Bryan J"	"Martin, A J"	"2m4f "	"7"	"47"
"13:30:00"	"2013-03-14"	"Cheltenham"	"Changing Times (IRE)"	"100.00"	"226.59"	"Novices Chase"	"3"	"13"	"Twiston-Davies, Sam"	"Twiston-Davies, N A"	"2m4f "	"7"	"40"
"13:30:00"	"2013-03-14"	"Cheltenham"	"Molotof (FR)"	"25.00"	"30.72"	"Novices Chase"	"8"	"13"	"McCoy, A P"	"Henderson, N J"	"2m4f "	"6"	"19"
"13:30:00"	"2013-03-14"	"Cheltenham"	"Argocat (IRE)"	"22.00"	"37.83"	"Novices Chase"	"10"	"13"	"Russell, D N"	"Taaffe, T J"	"2m4f "	"5"	"78"
"16:40:00"	"2013-03-13"	"Cheltenham"	"Flaxen Flare (IRE)"	"25.00"	"40"	"Handicap Novices Hurdle"	"1"	"24"	"Condon, D J"	"Elliott, Gordon"	"2m.5f "	"4"	"32"
"16:40:00"	"2013-03-13"	"Cheltenham"	"Blood Cotil (FR)"	"20.00"	"33.18"	"Handicap Novices Hurdle"	"6"	"24"	"Casey, D J"	"Mullins, W P"	"2m.5f "	"4"	"32"
"16:40:00"	"2013-03-13"	"Cheltenham"	"Ruacana"	"14.00"	"15.51"	"Handicap Novices Hurdle"	"7"	"24"	"Quinlan, Jack"	"Ferguson, J P"	"2m.5f "	"4"	"32"
"16:40:00"	"2013-03-13"	"Cheltenham"	"South South West (IRE)"	"50.00"	"84.53"	"Handicap Novices Hurdle"	"10"	"24"	"McNamara, Andrew J"	"Flynn, Patrick J"	"2m.5f "	"4"	"18"
"16:00:00"	"2013-03-13"	"Cheltenham"	"Pendra (IRE)"	"6.00"	"7.74"	"Handicap Hurdle"	"17"	"28"	"McCoy, A P"	"Longsdon, C E"	"2m5f "	"5"	"67"
"16:00:00"	"2013-03-13"	"Cheltenham"	"Abbey Lane (IRE)"	"7.50"	"9.8"	"Handicap Hurdle"	"18"	"28"	"Walsh, R"	"Mullins, W P"	"2m5f "	"8"	"46"
"16:00:00"	"2013-03-13"	"Cheltenham"	"Bondage (IRE)"	"20.00"	"34.3"	"Handicap Hurdle"	"21"	"28"	"Condon, D J"	"Elliott, Gordon"	"2m5f "	"6"	"115"
"14:40:00"	"2013-03-13"	"Cheltenham"	"Lord Windermere (IRE)"	"8.00"	"12.82"	"Novices Chase"	"1"	"11"	"Russell, D N"	"Culloty, J H"	"3m.5f "	"7"	"32"
"14:40:00"	"2013-03-13"	"Cheltenham"	"Lyreen Legend (IRE)"	"10.00"	"13.24"	"Novices Chase"	"2"	"11"	"Cooper, Bryan J"	"Hughes, D T"	"3m.5f "	"6"	"32"
"17:15:00"	"2013-03-12"	"Cheltenham"	"Nataani (IRE)"	"66.00"	"122.58"	"Handicap Novices Chase"	"10"	"20"	"Murphy, Timmy"	"Davis, Miss J S"	"2m4.5f "	"10"	"19"
"17:15:00"	"2013-03-12"	"Cheltenham"	"Saved By John (IRE)"	"50.00"	"140.53"	"Handicap Novices Chase"	"F"	"20"	"Byrne, Michael"	"Vaughan, Tim"	"2m4.5f "	"8"	"10"
"14:40:00"	"2013-03-12"	"Cheltenham"	"Our Mick"	"6.50"	"8.57"	"Handicap Chase"	"2"	"24"	"Maguire, Jason"	"McCain Jnr, D"	"3m.5f "	"7"	"45"
"14:40:00"	"2013-03-12"	"Cheltenham"	"Tour Des Champs (FR)"	"20.00"	"29"	"Handicap Chase"	"8"	"24"	"Twiston-Davies, Sam"	"Twiston-Davies, N A"	"3m.5f "	"6"	"24"
"14:40:00"	"2013-03-12"	"Cheltenham"	"Summery Justice (IRE)"	"40.00"	"67.66"	"Handicap Chase"	"F"	"24"	"Treadwell, Liam"	"Williams, Miss Venetia"	"3m.5f "	"9"	"17"
"13:30:00"	"2013-03-12"	"Cheltenham"	"Dodging Bullets"	"12.00"	"19.5"	"Novices Hurdle"	"9"	"12"	"Jacob, Daryl"	"Nicholls, P F"	"2m.5f "	"5"	"76"
"17:15:00"	"2012-03-16"	"Cheltenham"	"Kumbeshwar"	"16.00"	"26"	"Handicap Chase"	"3"	"21"	"Thornton, Robert"	"King, A"	"2m.5f "	"5"	"48"
"15:20:00"	"2012-03-16"	"Cheltenham"	"Synchronised (IRE)"	"8.00"	"10.35"	"Chase"	"1"	"14"	"McCoy, A P"	"ONeill, Jonjo and AJ"	"3m2.5f "	"9"	"79"
"14:05:00"	"2012-03-16"	"Cheltenham"	"Sailors Warn (IRE)"	"16.00"	"22.37"	"Handicap Hurdle"	"3"	"26"	"Lynch, A E"	"OGrady, E J"	"2m1f "	"5"	"28"
"14:05:00"	"2012-03-16"	"Cheltenham"	"Plan A (IRE)"	"20.00"	"30"	"Handicap Hurdle"	"4"	"26"	"Carberry, P"	"Elliott, Gordon"	"2m1f "	"5"	"48"
"14:05:00"	"2012-03-16"	"Cheltenham"	"Starluck (IRE)"	"33.00"	"41.55"	"Handicap Hurdle"	"12"	"26"	"Cannon, Tom J"	"Arbuthnot, D W P"	"2m1f "	"7"	"27"
"14:05:00"	"2012-03-16"	"Cheltenham"	"Raya Star (IRE)"	"8.00"	"10.5"	"Handicap Hurdle"	"13"	"26"	"Thornton, Robert"	"King, A"	"2m1f "	"6"	"28"
"14:05:00"	"2012-03-16"	"Cheltenham"	"Citizenship"	"5.50"	"7.4"	"Handicap Hurdle"	"14"	"26"	"Power, R M"	"Harrington, Mrs John"	"2m1f "	"6"	"48"
"14:05:00"	"2012-03-16"	"Cheltenham"	"Lifestyle"	"33.00"	"55"	"Handicap Hurdle"	"21"	"26"	"Geraghty, B J"	"Henderson, N J"	"2m1f "	"6"	"48"
"14:05:00"	"2012-03-16"	"Cheltenham"	"Moon Dice (IRE)"	"16.00"	"24.39"	"Handicap Hurdle"	"24"	"26"	"Doyle, T J"	"Flynn, Paul W"	"2m1f "	"7"	"78"
"13:30:00"	"2012-03-16"	"Cheltenham"	"Countrywide Flame"	"33.00"	"46"	"Hurdle"	"1"	"20"	"Costello, Dougie"	"Quinn, J J"	"2m1f "	"4"	"33"
"13:30:00"	"2012-03-16"	"Cheltenham"	"Hisaabaat (IRE)"	"20.00"	"32.39"	"Hurdle"	"2"	"20"	"Lynch, A E"	"Weld, D K"	"2m1f "	"4"	"33"
"13:30:00"	"2012-03-16"	"Cheltenham"	"His Excellency (IRE)"	"100.00"	"295.84"	"Hurdle"	"8"	"20"	"Russell, D N"	"Elliott, Gordon"	"2m1f "	"4"	"33"
"13:30:00"	"2012-03-16"	"Cheltenham"	"Shadow Catcher"	"10.00"	"15"	"Hurdle"	"12"	"20"	"Carberry, P"	"Elliott, Gordon"	"2m1f "	"4"	"33"
"13:30:00"	"2012-03-16"	"Cheltenham"	"Ut De Sivola (FR)"	"20.00"	"29.59"	"Hurdle"	"PU"	"20"	"Townend, P"	"Mullins, W P"	"2m1f "	"4"	"33"
"16:00:00"	"2012-03-15"	"Cheltenham"	"Salut Flo (FR)"	"4.50"	"5.98"	"Handicap Chase"	"1"	"22"	"Scudamore, Tom"	"Pipe, D E"	"2m5f "	"7"	"96"
"16:00:00"	"2012-03-15"	"Cheltenham"	"Matuhi"	"22.00"	"33.59"	"Handicap Chase"	"13"	"22"	"Bellamy, Tom"	"Pipe, D E"	"2m5f "	"9"	"74"
"15:20:00"	"2012-03-15"	"Cheltenham"	"Thousand Stars (FR)"	"8.00"	"11.5"	"Hurdle"	"4"	"11"	"Townend, P"	"Mullins, W P"	"3m "	"8"	"46"
"14:40:00"	"2012-03-15"	"Cheltenham"	"Medermit (FR)"	"8.00"	"9.17"	"Chase"	"3"	"12"	"Thornton, Robert"	"King, A"	"2m5f "	"8"	"26"
"14:40:00"	"2012-03-15"	"Cheltenham"	"Little Josh (IRE)"	"66.00"	"83.04"	"Chase"	"10"	"12"	"Twiston-Davies, Sam"	"Twiston-Davies, N A"	"2m5f "	"10"	"26"
"14:05:00"	"2012-03-15"	"Cheltenham"	"Reindeer Dippin"	"40.00"	"82.14"	"Handicap Hurdle"	"5"	"24"	"Brooke, Henry"	"McCain Jnr, D"	"3m "	"10"	"26"
"14:05:00"	"2012-03-15"	"Cheltenham"	"Restless Harry"	"16.00"	"19.28"	"Handicap Hurdle"	"11"	"24"	"Poste, Charlie"	"Dickin, R"	"3m "	"8"	"26"
"14:05:00"	"2012-03-15"	"Cheltenham"	"Sonofvic (IRE)"	"16.00"	"29.55"	"Handicap Hurdle"	"F"	"24"	"Jacob, Daryl"	"Nicholls, P F"	"3m "	"7"	"74"
"16:40:00"	"2012-03-14"	"Cheltenham"	"Une Artiste (FR)"	"40.00"	"55.32"	"Handicap Novices Hurdle"	"1"	"24"	"McGrath, Jeremiah"	"Henderson, N J"	"2m.5f "	"4"	"18"
"16:40:00"	"2012-03-14"	"Cheltenham"	"Arnaud (IRE)"	"50.00"	"127.25"	"Handicap Novices Hurdle"	"5"	"24"	"Enright, P T"	"Byrnes, C"	"2m.5f "	"4"	"18"
"16:40:00"	"2012-03-14"	"Cheltenham"	"Bat Masterson (IRE)"	"25.00"	"46"	"Handicap Novices Hurdle"	"8"	"24"	"Linehan, Mr M J"	"Meade, Noel"	"2m.5f "	"4"	"18"
"16:40:00"	"2012-03-14"	"Cheltenham"	"Dark And Dangerous (IRE)"	"20.00"	"33.01"	"Handicap Novices Hurdle"	"16"	"24"	"Powell, Brendan"	"Powell, B G"	"2m.5f "	"4"	"18"
"16:40:00"	"2012-03-14"	"Cheltenham"	"Colebrooke"	"100.00"	"264.16"	"Handicap Novices Hurdle"	"21"	"24"	"Moore, Jamie"	"Robeson, Mrs P"	"2m.5f "	"4"	"46"
"16:00:00"	"2012-03-14"	"Cheltenham"	"Third Intention (IRE)"	"20.00"	"27"	"Handicap Hurdle"	"8"	"28"	"Tizzard, Joe"	"Tizzard, C L"	"2m5f "	"5"	"17"
"16:00:00"	"2012-03-14"	"Cheltenham"	"Final Approach"	"20.00"	"34"	"Handicap Hurdle"	"11"	"28"	"Walsh, R"	"Mullins, W P"	"2m5f "	"6"	"26"
"16:00:00"	"2012-03-14"	"Cheltenham"	"Bally Legend"	"50.00"	"61.76"	"Handicap Hurdle"	"18"	"28"	"Scholfield, Nick"	"Keevil, Mrs Caroline"	"2m5f "	"7"	"17"
"16:00:00"	"2012-03-14"	"Cheltenham"	"Abergavenny"	"20.00"	"26"	"Handicap Hurdle"	"F"	"28"	"Giles, Felix De"	"Ellison, B"	"2m5f "	"5"	"26"
"14:05:00"	"2012-03-14"	"Cheltenham"	"Sous Les Cieux (FR)"	"5.50"	"7"	"Novices Hurdle"	"5"	"17"	"Walsh, R"	"Mullins, W P"	"2m5f "	"6"	"31"
"16:40:00"	"2012-03-13"	"Cheltenham"	"Alasi"	"20.00"	"51.74"	"Hurdle"	"4"	"19"	"Elsworth, Dominic"	"Webber, P R"	"2m4f "	"8"	"45"
"16:40:00"	"2012-03-13"	"Cheltenham"	"What A Charm (IRE)"	"40.00"	"87.22"	"Hurdle"	"11"	"19"	"Carberry, P"	"Moore, A L T"	"2m4f "	"5"	"45"
"14:40:00"	"2012-03-13"	"Cheltenham"	"Our Mick"	"11.00"	"14.02"	"Handicap Chase"	"3"	"19"	"Maguire, Jason"	"McCain Jnr, D"	"3m.5f "	"6"	"25"
"14:40:00"	"2012-03-13"	"Cheltenham"	"Quantitativeeasing (IRE)"	"5.50"	"7.8"	"Handicap Chase"	"7"	"19"	"McCoy, A P"	"Henderson, N J"	"3m.5f "	"7"	"94"
"14:40:00"	"2012-03-13"	"Cheltenham"	"Baile Anrai (IRE)"	"12.00"	"14.5"	"Handicap Chase"	"11"	"19"	"Skelton, Harry"	"Williams, Ian"	"3m.5f "	"8"	"24"
"15:20:00"	"2011-03-18"	"Cheltenham"	"Long Run (FR)"	"3.50"	"5.24"	"Chase"	"1"	"13"	"Waley-Cohen, Mr S"	"Henderson, N J"	"3m2.5f "	"6"	"62"
"15:20:00"	"2011-03-18"	"Cheltenham"	"Imperial Commander (IRE)"	"4.00"	"5.4"	"Chase"	"PU"	"13"	"Brennan, P J"	"Twiston-Davies, N A"	"3m2.5f "	"10"	"118"
"15:20:00"	"2011-03-18"	"Cheltenham"	"Kempes (IRE)"	"9.00"	"10.7"	"Chase"	"PU"	"13"	"McCoy, A P"	"Mullins, W P"	"3m2.5f "	"8"	"34"
"15:20:00"	"2011-03-18"	"Cheltenham"	"China Rock (IRE)"	"25.00"	"34"	"Chase"	"PU"	"13"	"Geraghty, B J"	"Morris, M F"	"3m2.5f "	"8"	"34"
"14:05:00"	"2011-03-18"	"Cheltenham"	"Final Approach"	"10.00"	"13"	"Handicap Hurdle"	"1"	"26"	"Walsh, R"	"Mullins, W P"	"2m1f "	"5"	"68"
"14:05:00"	"2011-03-18"	"Cheltenham"	"Nearby"	"66.00"	"190"	"Handicap Hurdle"	"3"	"26"	"Davies, Chris"	"Hobbs, P J / White, J"	"2m1f "	"7"	"28"
"14:05:00"	"2011-03-18"	"Cheltenham"	"Salden Licht"	"25.00"	"39.74"	"Handicap Hurdle"	"5"	"26"	"Thornton, Robert"	"King, A"	"2m1f "	"7"	"28"
"14:05:00"	"2011-03-18"	"Cheltenham"	"Soldatino (FR)"	"11.00"	"14"	"Handicap Hurdle"	"11"	"26"	"Geraghty, B J"	"Henderson, N J"	"2m1f "	"5"	"28"
"14:05:00"	"2011-03-18"	"Cheltenham"	"Notus De La Tour (FR)"	"20.00"	"24.47"	"Handicap Hurdle"	"14"	"26"	"Scudamore, Tom"	"Pipe, D E"	"2m1f "	"5"	"28"
"13:30:00"	"2011-03-18"	"Cheltenham"	"Sam Winner (FR)"	"4.00"	"5.67"	"Hurdle"	"4"	"23"	"Walsh, R"	"Nicholls, P F"	"2m1f "	"4"	"69"
"13:30:00"	"2011-03-18"	"Cheltenham"	"Sailors Warn (IRE)"	"33.00"	"46.61"	"Hurdle"	"6"	"23"	"McNamara, Andrew J"	"OGrady, E J"	"2m1f "	"4"	"34"
"16:00:00"	"2011-03-17"	"Cheltenham"	"Matuhi"	"16.00"	"22"	"Handicap Chase"	"6"	"20"	"OFarrell, C"	"Pipe, D E"	"2m5f "	"8"	"12"
"16:00:00"	"2011-03-17"	"Cheltenham"	"Plein Pouvoir (FR)"	"50.00"	"81.17"	"Handicap Chase"	"PU"	"20"	"Dunne, R T"	"Williams, Miss Venetia"	"2m5f "	"8"	"12"
"15:20:00"	"2011-03-17"	"Cheltenham"	"Souffleur"	"100.00"	"280"	"Hurdle"	"11"	"13"	"OBrien, T J"	"Bowen, Peter / Michael"	"3m "	"8"	"343"
"14:40:00"	"2011-03-17"	"Cheltenham"	"Tartak (FR)"	"16.00"	"18"	"Chase"	"7"	"11"	"Brennan, P J"	"George, T R"	"2m5f "	"8"	"26"
"14:40:00"	"2011-03-17"	"Cheltenham"	"Gauvain (GER)"	"11.00"	"13.5"	"Chase"	"8"	"11"	"Jacob, Daryl"	"Williams, Nick"	"2m5f "	"9"	"26"
"13:30:00"	"2011-03-17"	"Cheltenham"	"Noble Prince (GER)"	"4.00"	"5.37"	"Novices Chase"	"1"	"11"	"McCoy, A P"	"Nolan, Paul"	"2m4f "	"7"	"53"
"13:30:00"	"2011-03-17"	"Cheltenham"	"Loosen My Load (IRE)"	"5.50"	"7.51"	"Novices Chase"	"3"	"11"	"Lynch, A E"	"Bromhead, Henry De"	"2m4f "	"7"	"77"
"13:30:00"	"2011-03-17"	"Cheltenham"	"Mr Cracker (IRE)"	"16.00"	"21"	"Novices Chase"	"7"	"11"	"Russell, D N"	"Hourigan, Michael"	"2m4f "	"6"	"53"
"13:30:00"	"2011-03-17"	"Cheltenham"	"Mr Gardner (IRE)"	"6.00"	"8.03"	"Novices Chase"	"PU"	"11"	"Geraghty, B J"	"Henderson, N J"	"2m4f "	"8"	"40"
"16:40:00"	"2011-03-16"	"Cheltenham"	"Kumbeshwar"	"33.00"	"46.52"	"Handicap Novices Hurdle"	"2"	"23"	"Huxley, Charlie"	"King, A"	"2m.5f "	"4"	"18"
"16:40:00"	"2011-03-16"	"Cheltenham"	"Akula (IRE)"	"40.00"	"100.09"	"Handicap Novices Hurdle"	"15"	"23"	"Bolger, Colin"	"Tompkins, M H"	"2m.5f "	"4"	"46"
"16:40:00"	"2011-03-16"	"Cheltenham"	"Mark Twain (IRE)"	"100.00"	"180"	"Handicap Novices Hurdle"	"22"	"23"	"Maguire, Jason"	"Bailey, K C"	"2m.5f "	"4"	"46"
"16:00:00"	"2011-03-16"	"Cheltenham"	"Trenchant"	"33.00"	"81.93"	"Handicap Hurdle"	"13"	"22"	"Hutchinson, Wayne"	"King, A"	"2m5f "	"6"	"17"
"16:00:00"	"2011-03-16"	"Cheltenham"	"Ballyhaunis"	"10.00"	"14.7"	"Handicap Hurdle"	"17"	"22"	"Townend, P"	"Mullins, W P"	"2m5f "	"6"	"52"
"16:00:00"	"2011-03-16"	"Cheltenham"	"Tiger OToole (IRE)"	"20.00"	"26.02"	"Handicap Hurdle"	"20"	"22"	"Moloney, Paul"	"Williams, Evan"	"2m5f "	"6"	"53"
"14:40:00"	"2011-03-16"	"Cheltenham"	"Bostons Angel (IRE)"	"16.00"	"22.54"	"Novices Chase"	"1"	"12"	"Power, R M"	"Harrington, Mrs John"	"3m.5f "	"7"	"32"
"14:40:00"	"2011-03-16"	"Cheltenham"	"Magnanimity (IRE)"	"16.00"	"30"	"Novices Chase"	"4"	"12"	"Russell, D N"	"Hughes, D T"	"3m.5f "	"7"	"32"
"14:05:00"	"2011-03-16"	"Cheltenham"	"First Lieutenant (IRE)"	"7.00"	"8.67"	"Novices Hurdle"	"1"	"12"	"Russell, D N"	"Morris, M F"	"2m5f "	"6"	"77"
"17:15:00"	"2011-03-15"	"Cheltenham"	"Swing Bill (FR)"	"14.00"	"17.63"	"Handicap Novices Chase"	"7"	"20"	"Murphy, Timmy"	"Pipe, D E"	"2m4.5f "	"10"	"10"
"17:15:00"	"2011-03-15"	"Cheltenham"	"Nadiya De La Vega (FR)"	"20.00"	"25.75"	"Handicap Novices Chase"	"11"	"20"	"Geraghty, B J"	"Henderson, N J"	"2m4.5f "	"5"	"38"
"17:15:00"	"2011-03-15"	"Cheltenham"	"Lastoftheleaders (IRE)"	"25.00"	"40.68"	"Handicap Novices Chase"	"12"	"20"	"McNamara, Andrew J"	"Moore, A L T"	"2m4.5f "	"8"	"30"
"17:15:00"	"2011-03-15"	"Cheltenham"	"American Trilogy (IRE)"	"14.00"	"18"	"Handicap Novices Chase"	"PU"	"20"	"Scholfield, Nick"	"Nicholls, P F"	"2m4.5f "	"7"	"17"
"15:20:00"	"2011-03-15"	"Cheltenham"	"Thousand Stars (FR)"	"33.00"	"42.33"	"Hurdle"	"4"	"11"	"Townend, P"	"Mullins, W P"	"2m.5f "	"7"	"51"
"15:20:00"	"2011-03-15"	"Cheltenham"	"Khyber Kim"	"12.00"	"15.33"	"Hurdle"	"9"	"11"	"Brennan, P J"	"Twiston-Davies, N A"	"2m.5f "	"9"	"59"
"14:40:00"	"2011-03-15"	"Cheltenham"	"Sunnyhillboy (IRE)"	"4.50"	"7.11"	"Handicap Chase"	"F"	"19"	"McCoy, A P"	"ONeill, Jonjo and AJ"	"3m.5f "	"8"	"94"
"14:40:00"	"2011-03-15"	"Cheltenham"	"Great Endeavour (IRE)"	"6.50"	"7.8"	"Handicap Chase"	"F"	"19"	"Murphy, Timmy"	"Pipe, D E"	"3m.5f "	"7"	"94"
"14:40:00"	"2011-03-15"	"Cheltenham"	"Slippers Percy (IRE)"	"50.00"	"91.37"	"Handicap Chase"	"PU"	"19"	"Hogan, D G"	"Hogan, Denis Gerard"	"3m.5f "	"9"	"30"
"13:30:00"	"2011-03-15"	"Cheltenham"	"Marsh Warbler"	"22.00"	"32"	"Novices Hurdle"	"11"	"15"	"Davis, Fearghal"	"Ellison, B"	"2m.5f "	"4"	"66"
"17:15:00"	"2010-03-19"	"Cheltenham"	"Cornas (NZ)"	"16.00"	"22"	"Handicap Chase"	"4"	"19"	"Jacob, Daryl"	"Williams, Nick"	"2m.5f "	"8"	"55"
"15:20:00"	"2010-03-19"	"Cheltenham"	"Imperial Commander (IRE)"	"7.00"	"9.91"	"Chase"	"1"	"11"	"Brennan, P J"	"Twiston-Davies, N A"	"3m2.5f "	"9"	"83"
"14:40:00"	"2010-03-19"	"Cheltenham"	"Shinrock Paddy (IRE)"	"8.00"	"9.6"	"Novices Hurdle"	"PU"	"19"	"Cawley, A P"	"Nolan, Paul"	"3m "	"6"	"96"
"14:05:00"	"2010-03-19"	"Cheltenham"	"Thousand Stars (FR)"	"20.00"	"24"	"Handicap Hurdle"	"1"	"28"	"Walsh, Ms K"	"Mullins, W P"	"2m1f "	"6"	"55"
"14:05:00"	"2010-03-19"	"Cheltenham"	"Fushe Jo"	"100.00"	"209.99"	"Handicap Hurdle"	"15"	"28"	"Hughes, Brian"	"Johnson, J Howard"	"2m1f "	"6"	"34"
"14:05:00"	"2010-03-19"	"Cheltenham"	"Puyol (IRE)"	"16.00"	"22.6"	"Handicap Hurdle"	"20"	"28"	"Thornton, Robert"	"Mulhern, J E"	"2m1f "	"8"	"55"
"14:05:00"	"2010-03-19"	"Cheltenham"	"Tawaagg"	"12.00"	"14.5"	"Handicap Hurdle"	"24"	"28"	"Townend, P"	"Mullins, W P"	"2m1f "	"6"	"55"
"16:00:00"	"2010-03-18"	"Cheltenham"	"Mount Oscar (IRE)"	"33.00"	"60"	"Handicap Chase"	"PU"	"24"	"Tizzard, Joe"	"Tizzard, C L"	"2m5f "	"11"	"19"
"14:40:00"	"2010-03-18"	"Cheltenham"	"Planet Of Sound"	"11.00"	"15.1"	"Chase"	"11"	"13"	"Johnson, Richard"	"Hobbs, P J / White, J"	"2m5f "	"8"	"26"
"14:40:00"	"2010-03-18"	"Cheltenham"	"Barker (IRE)"	"33.00"	"84.89"	"Chase"	"PU"	"13"	"Casey, D J"	"Mullins, W P"	"2m5f "	"9"	"102"
"14:05:00"	"2010-03-18"	"Cheltenham"	"Montana Slim (IRE)"	"40.00"	"75"	"Handicap Hurdle"	"7"	"24"	"Lynch, A E"	"OHare, Michael"	"3m "	"8"	"32"
"14:05:00"	"2010-03-18"	"Cheltenham"	"Palypso De Creek (FR)"	"18.00"	"28"	"Handicap Hurdle"	"14"	"24"	"Siddall, Tom"	"Longsdon, C E"	"3m "	"7"	"54"
"14:05:00"	"2010-03-18"	"Cheltenham"	"Trenchant"	"25.00"	"47.66"	"Handicap Hurdle"	"16"	"24"	"Thornton, Robert"	"King, A"	"3m "	"5"	"18"
"13:30:00"	"2010-03-18"	"Cheltenham"	"China Rock (IRE)"	"9.00"	"10.5"	"Handicap Novices Chase"	"4"	"20"	"Madden, N P"	"Morris, M F"	"2m5f "	"7"	"54"
"13:30:00"	"2010-03-18"	"Cheltenham"	"Seven Is My Number (IRE)"	"25.00"	"40.33"	"Handicap Novices Chase"	"5"	"20"	"Murphy, Timmy"	"Pipe, D E"	"2m5f "	"8"	"47"
"13:30:00"	"2010-03-18"	"Cheltenham"	"Lenabane (IRE)"	"18.00"	"28.34"	"Handicap Novices Chase"	"F"	"20"	"Flood, P W"	"Hughes, D T"	"2m5f "	"8"	"39"
"16:40:00"	"2010-03-17"	"Cheltenham"	"Kudu Country (IRE)"	"25.00"	"30.32"	"Handicap Novices Hurdle"	"6"	"24"	"Lee, G"	"Tate, T P"	"2m.5f "	"4"	"79"
"16:40:00"	"2010-03-17"	"Cheltenham"	"Doctor Deejay (IRE)"	"25.00"	"38.46"	"Handicap Novices Hurdle"	"10"	"24"	"Townend, P"	"Mullins, W P"	"2m.5f "	"4"	"56"
"16:40:00"	"2010-03-17"	"Cheltenham"	"Riptide"	"66.00"	"170"	"Handicap Novices Hurdle"	"11"	"24"	"Maguire, Jason"	"McCain Jnr, D"	"2m.5f "	"4"	"79"
"16:00:00"	"2010-03-17"	"Cheltenham"	"Spirit River (FR)"	"14.00"	"20"	"Handicap Hurdle"	"1"	"28"	"Geraghty, B J"	"Henderson, N J"	"2m5f "	"5"	"32"
"16:00:00"	"2010-03-17"	"Cheltenham"	"Silverhand (IRE)"	"22.00"	"30"	"Handicap Hurdle"	"9"	"28"	"Carberry, P"	"Meade, Noel"	"2m5f "	"6"	"122"
"16:00:00"	"2010-03-17"	"Cheltenham"	"Mamlook (IRE)"	"18.00"	"30"	"Handicap Hurdle"	"10"	"28"	"Scudamore, Tom"	"Pipe, D E"	"2m5f "	"6"	"32"
"16:40:00"	"2010-03-16"	"Cheltenham"	"Amber Brook (IRE)"	"33.00"	"75"	"Hurdle"	"4"	"17"	"Brennan, P J"	"Twiston-Davies, N A"	"2m4f "	"9"	"38"
"16:40:00"	"2010-03-16"	"Cheltenham"	"Argento Luna"	"33.00"	"101.09"	"Hurdle"	"10"	"17"	"Jones, S P"	"Sherwood, O"	"2m4f "	"7"	"38"
"15:20:00"	"2010-03-16"	"Cheltenham"	"Celestial Halo (IRE)"	"7.00"	"7.8"	"Hurdle"	"4"	"12"	"Walsh, R"	"Nicholls, P F"	"2m.5f "	"6"	"51"
"15:20:00"	"2010-03-16"	"Cheltenham"	"Solwhit (FR)"	"6.00"	"8.27"	"Hurdle"	"6"	"12"	"Russell, D N"	"Byrnes, C"	"2m.5f "	"6"	"51"
"15:20:00"	"2010-03-16"	"Cheltenham"	"Go Native (IRE)"	"2.75"	"4.52"	"Hurdle"	"10"	"12"	"Carberry, P"	"Meade, Noel"	"2m.5f "	"7"	"80"
"14:40:00"	"2010-03-16"	"Cheltenham"	"Niche Market (IRE)"	"20.00"	"24"	"Handicap Chase"	"9"	"24"	"Skelton, Harry"	"Buckler, R H"	"3m.5f "	"9"	"31"
"14:40:00"	"2010-03-16"	"Cheltenham"	"Bible Lord (IRE)"	"80.00"	"213.46"	"Handicap Chase"	"11"	"24"	"Grant, Mark"	"Turnell, Andrew"	"3m.5f "	"9"	"17"
"14:40:00"	"2010-03-16"	"Cheltenham"	"New Alco (FR)"	"20.00"	"29.51"	"Handicap Chase"	"17"	"24"	"Lee, G"	"Murphy, Ferdy"	"3m.5f "	"9"	"692"
"14:40:00"	"2010-03-16"	"Cheltenham"	"Casey Jones (IRE) (OLD)"	"20.00"	"45.73"	"Handicap Chase"	"BD"	"24"	"Carberry, P"	"Meade, Noel"	"3m.5f "	"9"	"129"
"14:40:00"	"2010-03-16"	"Cheltenham"	"Razor Royale (IRE)"	"12.00"	"15.5"	"Handicap Chase"	"PU"	"24"	"Brennan, P J"	"Twiston-Davies, N A"	"3m.5f "	"8"	"17"
"15:20:00"	"2009-03-13"	"Cheltenham"	"Air Force One (GER)"	"16.00"	"17.29"	"Chase"	"12"	"16"	"Fehily, Noel"	"Mann, C J"	"3m2.5f "	"7"	"77"
"14:05:00"	"2009-03-13"	"Cheltenham"	"Gloucester"	"80.00"	"225.39"	"Handicap Hurdle"	"10"	"27"	"Kington, John"	"Scudamore, M J"	"2m1f "	"6"	"3"
"14:05:00"	"2009-03-13"	"Cheltenham"	"Leos Lucky Star (USA)"	"66.00"	"117.46"	"Handicap Hurdle"	"19"	"27"	"Scudamore, Tom"	"Pipe, D E"	"2m1f "	"7"	"3"
"13:30:00"	"2009-03-13"	"Cheltenham"	"Just Rob"	"150.00"	"796.73"	"Hurdle"	"12"	"18"	"Dennis, David"	"Williams, Ian"	"2m1f "	"4"	"76"
"16:00:00"	"2009-03-12"	"Cheltenham"	"Akilak (IRE)"	"16.00"	"25"	"Handicap Chase"	"8"	"23"	"ORegan, Denis"	"Johnson, J Howard"	"2m5f "	"8"	"47"
"16:00:00"	"2009-03-12"	"Cheltenham"	"Buck The Legend (IRE)"	"20.00"	"30.2"	"Handicap Chase"	"9"	"23"	"Brennan, P J"	"Twiston-Davies, N A"	"2m5f "	"7"	"40"
"16:00:00"	"2009-03-12"	"Cheltenham"	"Pablo Du Charmil (FR)"	"33.00"	"112.63"	"Handicap Chase"	"10"	"23"	"Scudamore, Tom"	"Pipe, D E"	"2m5f "	"8"	"47"
"15:20:00"	"2009-03-12"	"Cheltenham"	"Mighty Man (FR)"	"28.00"	"47.61"	"Hurdle"	"5"	"14"	"Thomas, Sam"	"Daly, H D"	"3m "	"9"	"686"
"14:05:00"	"2009-03-12"	"Cheltenham"	"Raslan (OLD)"	"50.00"	"121.02"	"Handicap Hurdle"	"10"	"22"	"Murphy, Timmy"	"Pipe, D E"	"3m "	"6"	"364"
"14:05:00"	"2009-03-12"	"Cheltenham"	"Blue Shark (FR)"	"25.00"	"34"	"Handicap Hurdle"	"17"	"22"	"Elsworth, Dominic"	"Henderson, N J"	"3m "	"7"	"40"
"13:30:00"	"2009-03-12"	"Cheltenham"	"Northern Alliance (IRE)"	"8.00"	"9.76"	"Handicap Novices Chase"	"4"	"20"	"Walsh, R"	"Martin, A J"	"2m5f "	"8"	"24"
"13:30:00"	"2009-03-12"	"Cheltenham"	"Tranquil Sea (IRE) (OLD)"	"8.00"	"8.8"	"Handicap Novices Chase"	"6"	"20"	"McNamara, Andrew J"	"OGrady, E J"	"2m5f "	"7"	"25"
"13:30:00"	"2009-03-12"	"Cheltenham"	"Au Courant (IRE)"	"20.00"	"33.09"	"Handicap Novices Chase"	"PU"	"20"	"Geraghty, B J"	"Henderson, N J"	"2m5f "	"9"	"19"
"16:40:00"	"2009-03-11"	"Cheltenham"	"Saticon"	"20.00"	"29.94"	"Handicap Novices Hurdle"	"3"	"22"	"Hutchinson, Wayne"	"King, A"	"2m.5f "	"4"	"18"
"16:40:00"	"2009-03-11"	"Cheltenham"	"Helium (FR)"	"25.00"	"38"	"Handicap Novices Hurdle"	"8"	"22"	"Treadwell, Liam"	"Gifford, N J"	"2m.5f "	"4"	"18"
"16:00:00"	"2009-03-11"	"Cheltenham"	"Pouvoir (FR)"	"25.00"	"54.06"	"Handicap Hurdle"	"26"	"27"	"Hutchinson, Wayne"	"King, A"	"2m5f "	"6"	"17"
"14:40:00"	"2009-03-11"	"Cheltenham"	"Cooldine (IRE)"	"2.25"	"3.89"	"Novices Chase"	"1"	"15"	"Walsh, R"	"Mullins, W P"	"3m.5f "	"7"	"24"
"14:40:00"	"2009-03-11"	"Cheltenham"	"Massinis Maguire (IRE)"	"10.00"	"12.03"	"Novices Chase"	"3"	"15"	"Johnson, Richard"	"Hobbs, P J / White, J"	"3m.5f "	"8"	"39"
"14:40:00"	"2009-03-11"	"Cheltenham"	"Casey Jones (IRE) (OLD)"	"16.00"	"25"	"Novices Chase"	"5"	"15"	"Carberry, P"	"Meade, Noel"	"3m.5f "	"8"	"73"
"16:40:00"	"2009-03-10"	"Cheltenham"	"Amber Brook (IRE)"	"33.00"	"46"	"Hurdle"	"12"	"21"	"Brennan, P J"	"Twiston-Davies, N A"	"2m4f "	"8"	"45"
"16:40:00"	"2009-03-10"	"Cheltenham"	"Megans Joy (IRE)"	"40.00"	"60.71"	"Hurdle"	"13"	"21"	"OConnor, M M"	"Murphy, C A"	"2m4f "	"7"	"24"
"16:40:00"	"2009-03-10"	"Cheltenham"	"Helens Vision"	"50.00"	"115.7"	"Hurdle"	"PU"	"21"	"Durack, S E"	"Vaughan, Tim"	"2m4f "	"6"	"24"
"15:20:00"	"2009-03-10"	"Cheltenham"	"Jered (IRE)"	"33.00"	"66.42"	"Hurdle"	"8"	"23"	"Casey, D J"	"Meade, Noel"	"2m.5f "	"7"	"114"
"15:20:00"	"2009-03-10"	"Cheltenham"	"Won In The Dark (IRE)"	"33.00"	"40.03"	"Hurdle"	"10"	"23"	"Russell, D N"	"Harty, Sabrina J"	"2m.5f "	"5"	"71"
"15:20:00"	"2009-03-10"	"Cheltenham"	"Sublimity (FR)"	"20.00"	"22.97"	"Hurdle"	"15"	"23"	"Carberry, P A"	"Hennessy, Robert Alan"	"2m.5f "	"9"	"44"
"15:20:00"	"2009-03-10"	"Cheltenham"	"River Liane (FR)"	"125.00"	"426.24"	"Hurdle"	"21"	"23"	"Madden, N P"	"Cooper, Thomas"	"2m.5f "	"5"	"44"
"14:40:00"	"2009-03-10"	"Cheltenham"	"Maljimar (IRE)"	"14.00"	"20"	"Handicap Chase"	"2"	"21"	"Jacob, Daryl"	"Williams, Nick"	"3m.5f "	"9"	"115"
"14:40:00"	"2009-03-10"	"Cheltenham"	"Reveillez"	"33.00"	"96.43"	"Handicap Chase"	"11"	"21"	"Fehily, Noel"	"ONeill, Jonjo and AJ"	"3m.5f "	"10"	"45"
"14:40:00"	"2009-03-10"	"Cheltenham"	"Cailin Alainn (IRE)"	"6.50"	"10"	"Handicap Chase"	"14"	"21"	"Russell, D N"	"Byrnes, C"	"3m.5f "	"10"	"40"
"17:20:00"	"2008-03-14"	"Cheltenham"	"Missis Potts"	"12.00"	"13.46"	"Handicap Hurdle"	"5"	"22"	"OBrien, T J"	"Hobbs, P J / White, J"	"2m1f "	"7"	"34"
"17:20:00"	"2008-03-14"	"Cheltenham"	"Dark Bolero (IRE)"	"50.00"	"71.13"	"Handicap Hurdle"	"10"	"22"	"Jackson, S W"	"Rothwell, P J"	"2m1f "	"6"	"119"
"17:20:00"	"2008-03-14"	"Cheltenham"	"Roman Villa (USA)"	"20.00"	"29"	"Handicap Hurdle"	"12"	"22"	"Murphy, Timmy"	"Elliott, Gordon"	"2m1f "	"6"	"34"
"17:20:00"	"2008-03-14"	"Cheltenham"	"Larkwing (IRE)"	"16.00"	"21"	"Handicap Hurdle"	"16"	"22"	"Geraghty, B J"	"McNamara, E"	"2m1f "	"7"	"27"
"17:20:00"	"2008-03-14"	"Cheltenham"	"Wingman (IRE)"	"10.00"	"15"	"Handicap Hurdle"	"20"	"22"	"Hide, Philip"	"Moore, Gary and Josh"	"2m1f "	"6"	"34"
"16:40:00"	"2008-03-14"	"Cheltenham"	"Vintage Treasure (IRE)"	"40.00"	"68.42"	"Handicap Chase"	"7"	"17"	"Madden, N P"	"Byrnes, C"	"2m.5f "	"9"	"19"
"13:40:00"	"2008-03-14"	"Cheltenham"	"Pablo Du Charmil (FR)"	"16.00"	"27"	"Handicap Hurdle"	"12"	"24"	"Scudamore, Tom"	"Pipe, D E"	"2m4.5f "	"7"	"34"
"13:05:00"	"2008-03-14"	"Cheltenham"	"Forpadydeplasterer (IRE)"	"6.50"	"7.8"	"Novices Hurdle"	"4"	"15"	"Russell, D N"	"Cooper, Thomas"	"2m4.5f "	"6"	"33"
"13:05:00"	"2008-03-14"	"Cheltenham"	"Breedsbreeze (IRE)"	"9.00"	"15.41"	"Novices Hurdle"	"10"	"15"	"Thomas, Sam"	"Nicholls, P F"	"2m4.5f "	"6"	"69"
"12:30:00"	"2008-03-14"	"Cheltenham"	"Chomba Womba (IRE)"	"3.33"	"4.5"	"Hurdle"	"3"	"13"	"Fitzgerald, Mick"	"Henderson, N J"	"2m4.5f "	"7"	"48"
"16:40:00"	"2008-03-13"	"Cheltenham"	"Footy Facts (IRE)"	"18.00"	"14.01"	"Handicap Hurdle"	"13"	"24"	"Enright, P T"	"Tyner, Robert"	"3m "	"8"	"25"
"16:05:00"	"2008-03-13"	"Cheltenham"	"Regal Heights (IRE)"	"50.00"	"86.65"	"Handicap Chase"	"PU"	"22"	"Maguire, Jason"	"McCain Jnr, D"	"2m4.5f "	"7"	"12"
"15:30:00"	"2008-03-13"	"Cheltenham"	"Ebaziyan (IRE)"	"66.00"	"170"	"Hurdle"	"14"	"17"	"Condon, D J"	"Mullins, W P"	"3m "	"7"	"2"
"13:40:00"	"2008-03-13"	"Cheltenham"	"Fleet Street (OLD)"	"66.00"	"140.49"	"Handicap Novices Chase"	"4"	"20"	"Tinkler, Andrew"	"Henderson, N J"	"2m4.5f "	"9"	"33"
"13:40:00"	"2008-03-13"	"Cheltenham"	"Big Bucks (FR)"	"16.00"	"24"	"Handicap Novices Chase"	"7"	"20"	"Scholfield, Nick"	"Nicholls, P F"	"2m4.5f "	"5"	"33"
"13:40:00"	"2008-03-13"	"Cheltenham"	"Nudge And Nurdle (IRE)"	"28.00"	"42"	"Handicap Novices Chase"	"12"	"20"	"Brennan, P J"	"Twiston-Davies, N A"	"2m4.5f "	"7"	"72"
"17:20:00"	"2008-03-11"	"Cheltenham"	"Ashkazar (FR)"	"1.88"	"3"	"Handicap Novices Hurdle"	"2"	"22"	"Murphy, Timmy"	"Pipe, D E"	"2m.5f "	"4"	"3"
"17:20:00"	"2008-03-11"	"Cheltenham"	"Zanir (FR)"	"25.00"	"32.17"	"Handicap Novices Hurdle"	"7"	"22"	"Fehily, Noel"	"George, T R"	"2m.5f "	"4"	"17"
"16:00:00"	"2008-03-11"	"Cheltenham"	"New Alco (FR)"	"10.00"	"13"	"Handicap Chase"	"2"	"14"	"Russell, D N"	"Murphy, Ferdy"	"3m.5f "	"7"	"87"
"16:00:00"	"2008-03-11"	"Cheltenham"	"Abragante (IRE)"	"10.00"	"12.86"	"Handicap Chase"	"5"	"14"	"Murphy, Timmy"	"Pipe, D E"	"3m.5f "	"7"	"87"
"15:15:00"	"2008-03-11"	"Cheltenham"	"Farmer Brown (IRE)"	"50.00"	"88.24"	"Hurdle"	"8"	"15"	"Russell, D N"	"Hughes, P"	"2m.5f "	"7"	"73"
"15:15:00"	"2008-03-11"	"Cheltenham"	"Ebaziyan (IRE)"	"33.00"	"68.33"	"Hurdle"	"12"	"15"	"Condon, D J"	"Mullins, W P"	"2m.5f "	"7"	"44"
"14:00:00"	"2008-03-11"	"Cheltenham"	"Deep Purple"	"16.00"	"20"	"Novices Hurdle"	"9"	"22"	"Moloney, Paul"	"Williams, Evan"	"2m.5f "	"7"	"66"
"14:00:00"	"2008-03-11"	"Cheltenham"	"Muirhead (IRE)"	"8.00"	"9.45"	"Novices Hurdle"	"12"	"22"	"Carberry, P"	"Meade, Noel"	"2m.5f "	"5"	"100"
"17:20:00"	"2007-03-16"	"Cheltenham"	"Pedrobob (IRE)"	"12.00"	"0"	"Handicap Hurdle"	"1"	"28"	"Carberry, P A"	"Mullins, Anthony"	"2m1f "	"9"	"34"
"17:20:00"	"2007-03-16"	"Cheltenham"	"Sweet Wake (GER)"	"12.00"	"0"	"Handicap Hurdle"	"7"	"28"	"ORegan, Denis"	"Meade, Noel"	"2m1f "	"6"	"124"
"17:20:00"	"2007-03-16"	"Cheltenham"	"Callow Lake (IRE)"	"16.00"	"0"	"Handicap Hurdle"	"9"	"28"	"Leigh, A D"	"Harrington, Mrs John"	"2m1f "	"7"	"117"
"17:20:00"	"2007-03-16"	"Cheltenham"	"Desert Quest (IRE) (OLD)"	"20.00"	"0"	"Handicap Hurdle"	"16"	"28"	"Heard, Liam"	"Nicholls, P F"	"2m1f "	"7"	"80"
"17:20:00"	"2007-03-16"	"Cheltenham"	"OToole (IRE) (OLD)"	"80.00"	"0"	"Handicap Hurdle"	"18"	"28"	"ODwyer, Darren"	"Hobbs, P J / White, J"	"2m1f "	"8"	"124"
"17:20:00"	"2007-03-16"	"Cheltenham"	"Fair Along (GER)"	"3.00"	"0"	"Handicap Hurdle"	"25"	"28"	"Johnson, Richard"	"Hobbs, P J / White, J"	"2m1f "	"5"	"3"
"17:20:00"	"2007-03-16"	"Cheltenham"	"Papini (IRE)"	"33.00"	"0"	"Handicap Hurdle"	"27"	"28"	"Fitzgerald, Mick"	"Henderson, N J"	"2m1f "	"6"	"34"
"16:40:00"	"2007-03-16"	"Cheltenham"	"Sporazene (IRE)"	"20.00"	"0"	"Handicap Chase"	"F"	"23"	"Thomas, Sam"	"Nicholls, P F"	"2m.5f "	"8"	"34"
"15:15:00"	"2007-03-16"	"Cheltenham"	"Forget The Past"	"25.00"	"0"	"Chase"	"10"	"18"	"Geraghty, B J"	"OBrien, M J P"	"3m2.5f "	"9"	"34"
"15:15:00"	"2007-03-16"	"Cheltenham"	"The Listener (IRE)"	"14.00"	"0"	"Chase"	"11"	"18"	"Jacob, Daryl"	"Alner, R H"	"3m2.5f "	"8"	"34"
"17:20:00"	"2007-03-15"	"Cheltenham"	"Material World"	"14.00"	"0"	"Handicap Hurdle"	"2"	"24"	"Bolger, Colin"	"Smith, Miss Suzy"	"3m "	"9"	"26"
"16:00:00"	"2007-03-15"	"Cheltenham"	"Madison Du Berlais (FR)"	"14.00"	"0"	"Handicap Chase"	"7"	"23"	"Scudamore, Tom"	"Pipe, D E"	"2m5f "	"6"	"12"
"14:00:00"	"2007-03-15"	"Cheltenham"	"Rasharrow (IRE)"	"14.00"	"0"	"Handicap Novices Chase"	"4"	"19"	"Mercer, Keith"	"Lungo, L"	"2m5f "	"8"	"50"
"14:00:00"	"2007-03-15"	"Cheltenham"	"Vic Venturi (IRE)"	"14.00"	"0"	"Handicap Novices Chase"	"5"	"19"	"McNamara, Andrew J"	"Fenton, Philip"	"2m5f "	"7"	"33"
"14:00:00"	"2007-03-15"	"Cheltenham"	"New Little Bric (FR)"	"3.50"	"0"	"Handicap Novices Chase"	"7"	"19"	"Walsh, R"	"Nicholls, P F"	"2m5f "	"6"	"40"
"14:00:00"	"2007-03-15"	"Cheltenham"	"Flying Enterprise (IRE)"	"16.00"	"0"	"Handicap Novices Chase"	"9"	"19"	"Treadwell, Liam"	"Williams, Miss Venetia"	"2m5f "	"7"	"12"
"14:00:00"	"2007-03-15"	"Cheltenham"	"Knight Legend (IRE)"	"22.00"	"0"	"Handicap Novices Chase"	"11"	"19"	"Power, R M"	"Harrington, Mrs John"	"2m5f "	"8"	"26"
"14:00:00"	"2007-03-15"	"Cheltenham"	"Aztec Warrior (IRE)"	"20.00"	"0"	"Handicap Novices Chase"	"12"	"19"	"Russell, D N"	"Knight, Miss H C"	"2m5f "	"6"	"40"
"16:00:00"	"2007-03-14"	"Cheltenham"	"Mister Hight (FR)"	"8.00"	"0"	"Handicap Hurdle"	"5"	"28"	"Walsh, R"	"Mullins, W P"	"2m5f "	"5"	"32"
"16:00:00"	"2007-03-14"	"Cheltenham"	"Ross River"	"14.00"	"0"	"Handicap Hurdle"	"10"	"28"	"Russell, D N"	"Martin, A J"	"2m5f "	"11"	"59"
"14:35:00"	"2007-03-14"	"Cheltenham"	"Ungaro (FR)"	"11.00"	"0"	"Novices Chase"	"6"	"17"	"Murphy, Timmy"	"Reveley, K G"	"3m.5f "	"8"	"78"
"14:35:00"	"2007-03-14"	"Cheltenham"	"Mossbank (IRE)"	"66.00"	"0"	"Novices Chase"	"13"	"17"	"McNamara, Andrew J"	"Hourigan, Michael"	"3m.5f "	"7"	"76"
"14:35:00"	"2007-03-14"	"Cheltenham"	"Chelsea Harbour (IRE) (OLD)"	"50.00"	"0"	"Novices Chase"	"UR"	"17"	"Casey, D J"	"Mullins, Thomas"	"3m.5f "	"7"	"32"
"14:00:00"	"2007-03-14"	"Cheltenham"	"Silverburn (IRE)"	"3.50"	"0"	"Novices Hurdle"	"4"	"15"	"Walsh, R"	"Nicholls, P F"	"2m5f "	"6"	"67"
"14:00:00"	"2007-03-14"	"Cheltenham"	"Aran Concerto (IRE)"	"2.50"	"0"	"Novices Hurdle"	"5"	"15"	"McCoy, A P"	"Meade, Noel"	"2m5f "	"6"	"32"
"17:20:00"	"2007-03-13"	"Cheltenham"	"Gaspara (FR)"	"4.50"	"0"	"Handicap Novices Hurdle"	"1"	"24"	"Glassonbury, Andrew"	"Pipe, D E"	"2m.5f "	"4"	"3"
"17:20:00"	"2007-03-13"	"Cheltenham"	"Gracechurch (IRE)"	"66.00"	"0"	"Handicap Novices Hurdle"	"17"	"24"	"Merrigan, Paddy"	"Hodges, R J"	"2m.5f "	"4"	"17"
"17:20:00"	"2007-03-13"	"Cheltenham"	"Madroos (OLD)"	"12.00"	"0"	"Handicap Novices Hurdle"	"23"	"24"	"Doyle, T J"	"Culloty, J H"	"2m.5f "	"4"	"31"
"16:00:00"	"2007-03-13"	"Cheltenham"	"Innox (FR)"	"20.00"	"0"	"Handicap Chase"	"14"	"23"	"McCoy, A P"	"Doumen, F"	"3m.5f "	"11"	"45"
"16:00:00"	"2007-03-13"	"Cheltenham"	"King Harald (IRE)"	"28.00"	"0"	"Handicap Chase"	"15"	"23"	"Batchelor, Mattie"	"Bradstock, M"	"3m.5f "	"9"	"31"
"16:00:00"	"2007-03-13"	"Cheltenham"	"Commercial Flyer (IRE)"	"16.00"	"0"	"Handicap Chase"	"PU"	"23"	"Murphy, Timmy"	"Pipe, D E"	"3m.5f "	"8"	"77"
"17:20:00"	"2006-03-17"	"Cheltenham"	"Power Elite (IRE)"	"25.00"	"0"	"Handicap Hurdle"	"13"	"29"	"Madden, N P"	"Meade, Noel"	"2m1f "	"6"	"124"
"17:20:00"	"2006-03-17"	"Cheltenham"	"Arch Rebel (USA)"	"20.00"	"0"	"Handicap Hurdle"	"15"	"29"	"ORegan, Denis"	"Meade, Noel"	"2m1f "	"5"	"47"
"17:20:00"	"2006-03-17"	"Cheltenham"	"Admiral (IRE)"	"80.00"	"0"	"Handicap Hurdle"	"27"	"29"	"Flavin, John"	"Guest, R C"	"2m1f "	"5"	"3"
"16:40:00"	"2006-03-17"	"Cheltenham"	"Davenport Democrat (IRE)"	"50.00"	"0"	"Handicap Chase"	"5"	"23"	"Geraghty, B J"	"Mullins, W P"	"2m.5f "	"8"	"124"
"16:40:00"	"2006-03-17"	"Cheltenham"	"Bambi De LOrme (FR)"	"16.00"	"0"	"Handicap Chase"	"10"	"23"	"Lee, G"	"Williams, Ian"	"2m.5f "	"7"	"41"
"15:15:00"	"2006-03-17"	"Cheltenham"	"War Of Attrition (IRE)"	"7.50"	"0"	"Chase"	"1"	"22"	"ODwyer, C"	"Morris, M F"	"3m2.5f "	"7"	"79"
"14:35:00"	"2006-03-17"	"Cheltenham"	"Black Jack Ketchum (IRE)"	"1.00"	"0"	"Novices Hurdle"	"1"	"19"	"McCoy, A P"	"ONeill, Jonjo and AJ"	"3m "	"7"	"97"
"14:35:00"	"2006-03-17"	"Cheltenham"	"Jeremy Cuddle Duck (IRE)"	"66.00"	"0"	"Novices Hurdle"	"10"	"19"	"Llewellyn, Carl"	"Twiston-Davies, N A"	"3m "	"5"	"27"
"14:35:00"	"2006-03-17"	"Cheltenham"	"Five Colours (IRE)"	"33.00"	"0"	"Novices Hurdle"	"11"	"19"	"Thornton, Robert"	"King, A"	"3m "	"6"	"27"
"14:35:00"	"2006-03-17"	"Cheltenham"	"Toofarback (IRE)"	"11.00"	"0"	"Novices Hurdle"	"17"	"19"	"Carberry, P"	"Meade, Noel"	"3m "	"6"	"68"
"14:00:00"	"2006-03-17"	"Cheltenham"	"Fair Along (GER)"	"25.00"	"0"	"Hurdle"	"2"	"17"	"Brennan, P J"	"Hobbs, P J / White, J"	"2m1f "	"4"	"80"
"16:00:00"	"2006-03-16"	"Cheltenham"	"Napolitain (FR)"	"6.50"	"0"	"Handicap Chase"	"13"	"24"	"Walsh, R"	"Nicholls, P F"	"2m5f "	"5"	"19"
"16:00:00"	"2006-03-16"	"Cheltenham"	"Locksmith"	"50.00"	"0"	"Handicap Chase"	"16"	"24"	"Moore, Jamie"	"Pipe, M C"	"2m5f "	"6"	"26"
"16:00:00"	"2006-03-16"	"Cheltenham"	"Euro Leader (IRE)"	"20.00"	"0"	"Handicap Chase"	"F"	"24"	"Casey, D J"	"Mullins, W P"	"2m5f "	"8"	"124"
"14:35:00"	"2006-03-16"	"Cheltenham"	"Our Vic (IRE)"	"5.50"	"0"	"Chase"	"9"	"11"	"Murphy, Timmy"	"Pipe, M C"	"2m5f "	"8"	"26"
"14:35:00"	"2006-03-16"	"Cheltenham"	"Sir Oj (IRE)"	"8.00"	"0"	"Chase"	"F"	"11"	"Carberry, P"	"Meade, Noel"	"2m5f "	"9"	"18"
"14:00:00"	"2006-03-16"	"Cheltenham"	"Hors La Loi Iii (FR)"	"40.00"	"0"	"Handicap Novices Chase"	"6"	"18"	"Brennan, P J"	"Nicholls, P F"	"2m5f "	"11"	"12"
"14:00:00"	"2006-03-16"	"Cheltenham"	"Cornish Sett (IRE)"	"9.00"	"0"	"Handicap Novices Chase"	"7"	"18"	"Walsh, R"	"Nicholls, P F"	"2m5f "	"7"	"12"
"14:00:00"	"2006-03-16"	"Cheltenham"	"Whispered Secret (GER)"	"50.00"	"0"	"Handicap Novices Chase"	"10"	"18"	"Greene, R J"	"Pipe, M C"	"2m5f "	"7"	"109"
"16:00:00"	"2006-03-15"	"Cheltenham"	"Desert Air (JPN)"	"25.00"	"0"	"Handicap Hurdle"	"11"	"30"	"Scudamore, Tom"	"Pipe, M C"	"2m5f "	"7"	"25"
"16:00:00"	"2006-03-15"	"Cheltenham"	"Royal Paradise (FR)"	"20.00"	"0"	"Handicap Hurdle"	"18"	"30"	"ODwyer, C"	"Foley, Thomas"	"2m5f "	"6"	"101"
"15:15:00"	"2006-03-15"	"Cheltenham"	"Kauto Star (FR)"	"2.00"	"0"	"Chase"	"F"	"12"	"Walsh, R"	"Nicholls, P F"	"2m "	"6"	"102"
"14:35:00"	"2006-03-15"	"Cheltenham"	"Darkness"	"5.50"	"0"	"Novices Chase"	"3"	"15"	"Brennan, P J"	"Egerton, C R"	"3m.5f "	"7"	"79"
"14:35:00"	"2006-03-15"	"Cheltenham"	"The Railway Man (IRE)"	"12.00"	"0"	"Novices Chase"	"7"	"15"	"Russell, D N"	"Moore, A L T"	"3m.5f "	"7"	"31"
"14:35:00"	"2006-03-15"	"Cheltenham"	"Our Ben"	"7.00"	"0"	"Novices Chase"	"UR"	"15"	"Walsh, R"	"Mullins, W P"	"3m.5f "	"7"	"31"
"14:00:00"	"2006-03-15"	"Cheltenham"	"Mr Nosie (IRE)"	"9.00"	"0"	"Novices Hurdle"	"4"	"17"	"ORegan, Denis"	"Meade, Noel"	"2m5f "	"5"	"31"
"17:20:00"	"2006-03-14"	"Cheltenham"	"Artists Muse (IRE)"	"12.00"	"0"	"Handicap Novices Hurdle"	"2"	"24"	"Walsh, R"	"Walsh, T M"	"2m.5f "	"4"	"59"
"17:20:00"	"2006-03-14"	"Cheltenham"	"Marhaba Million (IRE) (OLD)"	"25.00"	"0"	"Handicap Novices Hurdle"	"9"	"24"	"Byrnes, B C"	"McNamara, E"	"2m.5f "	"4"	"30"
"16:00:00"	"2006-03-14"	"Cheltenham"	"Dun Doire (IRE)"	"7.00"	"0"	"Handicap Chase"	"1"	"21"	"Walsh, R"	"Martin, A J"	"3m.5f "	"7"	"47"
"16:00:00"	"2006-03-14"	"Cheltenham"	"Fork Lightning (IRE)"	"16.00"	"0"	"Handicap Chase"	"6"	"21"	"Thornton, Robert"	"King, A"	"3m.5f "	"10"	"17"
"14:00:00"	"2006-03-14"	"Cheltenham"	"OMuircheartaigh (IRE)"	"14.00"	"0"	"Novices Hurdle"	"10"	"20"	"Geraghty, B J"	"OGrady, E J"	"2m.5f "	"6"	"100"
"17:20:00"	"2005-03-18"	"Cheltenham"	"Perouse"	"20.00"	"0"	"Handicap Hurdle"	"12"	"30"	"Williams, Christian"	"Nicholls, P F"	"2m1f "	"7"	"27"
"17:20:00"	"2005-03-18"	"Cheltenham"	"Risky Reef"	"33.00"	"0"	"Handicap Hurdle"	"20"	"30"	"ODwyer, C"	"Lee, Andrew"	"2m1f "	"8"	"398"
"17:20:00"	"2005-03-18"	"Cheltenham"	"Grave Doubts"	"50.00"	"0"	"Handicap Hurdle"	"22"	"30"	"McCarthy, J A"	"Bishop, K"	"2m1f "	"9"	"132"
"17:20:00"	"2005-03-18"	"Cheltenham"	"Bongo Fury (FR)"	"8.00"	"0"	"Handicap Hurdle"	"27"	"30"	"Scudamore, Tom"	"Pipe, M C"	"2m1f "	"6"	"34"
"14:35:00"	"2005-03-18"	"Cheltenham"	"Brewster (IRE)"	"2.25"	"0"	"Novices Hurdle"	"3"	"18"	"Johnson, Richard"	"Williams, Ian"	"3m "	"8"	"48"
"14:35:00"	"2005-03-18"	"Cheltenham"	"Lady Zephyr (IRE)"	"14.00"	"0"	"Novices Hurdle"	"13"	"18"	"Llewellyn, Carl"	"Twiston-Davies, N A"	"3m "	"7"	"48"
"14:35:00"	"2005-03-18"	"Cheltenham"	"Dalvento (IRE)"	"100.00"	"0"	"Novices Hurdle"	"15"	"18"	"McNamara, Andrew J"	"Murphy, John Joseph"	"3m "	"7"	"68"
"14:35:00"	"2005-03-18"	"Cheltenham"	"Bewleys Berry (IRE)"	"5.50"	"0"	"Novices Hurdle"	"F"	"18"	"Lee, G"	"Johnson, J Howard"	"3m "	"7"	"48"
"17:20:00"	"2005-03-17"	"Cheltenham"	"Quick (OLD)"	"50.00"	"0"	"Handicap Hurdle"	"3"	"22"	"Glassonbury, Andrew"	"Pipe, M C"	"3m "	"5"	"19"
"17:20:00"	"2005-03-17"	"Cheltenham"	"Liberman (IRE)"	"10.00"	"0"	"Handicap Hurdle"	"6"	"22"	"Geraghty, B J"	"Pipe, M C"	"3m "	"7"	"40"
"17:20:00"	"2005-03-17"	"Cheltenham"	"The Dark Lord (IRE)"	"12.00"	"0"	"Handicap Hurdle"	"12"	"22"	"Aspell, Leighton"	"Wadham, Mrs L"	"3m "	"8"	"40"
"17:20:00"	"2005-03-17"	"Cheltenham"	"Team Tassel (IRE)"	"20.00"	"0"	"Handicap Hurdle"	"20"	"22"	"Moore, Jamie"	"Pipe, M C"	"3m "	"7"	"40"
"15:15:00"	"2005-03-17"	"Cheltenham"	"Rule Supreme (IRE)"	"4.00"	"0"	"Hurdle"	"3"	"12"	"Casey, D J"	"Mullins, W P"	"3m "	"9"	"39"
"14:00:00"	"2005-03-17"	"Cheltenham"	"Lacdoudal (FR)"	"12.00"	"0"	"Handicap Novices Chase"	"2"	"19"	"Johnson, Richard"	"Hobbs, P J / White, J"	"2m5f "	"6"	"19"
"14:00:00"	"2005-03-17"	"Cheltenham"	"Sir Oj (IRE)"	"18.00"	"0"	"Handicap Novices Chase"	"4"	"19"	"Carberry, P"	"Meade, Noel"	"2m5f "	"8"	"2"
"16:00:00"	"2005-03-16"	"Cheltenham"	"Royal Hector (GER)"	"33.00"	"0"	"Handicap Hurdle"	"21"	"29"	"Malone, Tom"	"Pipe, M C"	"2m5f "	"6"	"46"
"16:00:00"	"2005-03-16"	"Cheltenham"	"Sharp Rigging (IRE)"	"66.00"	"0"	"Handicap Hurdle"	"F"	"29"	"McCarthy, J A"	"Hales, A M"	"2m5f "	"5"	"32"
"17:20:00"	"2005-03-15"	"Cheltenham"	"Zalda"	"25.00"	"0"	"Handicap Novices Hurdle"	"7"	"24"	"Johnson, Richard"	"Hobbs, P J / White, J"	"2m.5f "	"4"	"17"
"17:20:00"	"2005-03-15"	"Cheltenham"	"Napolitain (FR)"	"22.00"	"0"	"Handicap Novices Hurdle"	"9"	"24"	"Williams, Christian"	"Nicholls, P F"	"2m.5f "	"4"	"45"
"17:20:00"	"2005-03-15"	"Cheltenham"	"Rolling Home (IRE)"	"25.00"	"0"	"Handicap Novices Hurdle"	"10"	"24"	"Carberry, P"	"Meade, Noel"	"2m.5f "	"4"	"59"
"17:20:00"	"2005-03-15"	"Cheltenham"	"Dalton (FR)"	"33.00"	"0"	"Handicap Novices Hurdle"	"11"	"24"	"Russell, D N"	"OGrady, E J"	"2m.5f "	"4"	"37"
"17:20:00"	"2005-03-15"	"Cheltenham"	"Stromstad (IRE)"	"33.00"	"0"	"Handicap Novices Hurdle"	"20"	"24"	"Elliott, J P"	"Mahon, S J"	"2m.5f "	"4"	"59"
"17:20:00"	"2005-03-15"	"Cheltenham"	"Fire Dragon (IRE)"	"25.00"	"0"	"Handicap Novices Hurdle"	"22"	"24"	"Dobbin, Tony"	"ONeill, Jonjo and AJ"	"2m.5f "	"4"	"94"
"17:20:00"	"2005-03-15"	"Cheltenham"	"Dunlea Dancer"	"100.00"	"0"	"Handicap Novices Hurdle"	"24"	"24"	"Brennan, P J"	"Hobbs, P J / White, J"	"2m.5f "	"4"	"17"
"16:00:00"	"2005-03-15"	"Cheltenham"	"Keen Leader (IRE)"	"28.00"	"0"	"Handicap Chase"	"2"	"20"	"Geraghty, B J"	"ONeill, Jonjo and AJ"	"3m.5f "	"9"	"121"
"16:00:00"	"2005-03-15"	"Cheltenham"	"Jakari (FR)"	"25.00"	"0"	"Handicap Chase"	"5"	"20"	"Johnson, Richard"	"Daly, H D"	"3m.5f "	"8"	"45"
"15:15:00"	"2005-03-15"	"Cheltenham"	"Harchibald (FR)"	"7.00"	"0"	"Hurdle"	"2"	"14"	"Carberry, P"	"Meade, Noel"	"2m.5f "	"6"	"79"
"15:15:00"	"2005-03-15"	"Cheltenham"	"Brave Inca (IRE)"	"10.00"	"0"	"Hurdle"	"3"	"14"	"Cash, B M"	"Murphy, C A"	"2m.5f "	"7"	"51"
"15:15:00"	"2005-03-15"	"Cheltenham"	"Accordion Etoile (IRE)"	"14.00"	"0"	"Hurdle"	"4"	"14"	"Cullen, J L"	"Nolan, Paul"	"2m.5f "	"6"	"51"
"15:15:00"	"2005-03-15"	"Cheltenham"	"Macs Joy (IRE)"	"7.00"	"0"	"Hurdle"	"5"	"14"	"Geraghty, B J"	"Harrington, Mrs John"	"2m.5f "	"6"	"51"
"14:00:00"	"2005-03-15"	"Cheltenham"	"Chilling Place (IRE)"	"9.00"	"0"	"Novices Hurdle"	"6"	"20"	"Johnson, Richard"	"Hobbs, P J / White, J"	"2m.5f "	"6"	"66"
"17:45:00"	"2004-03-18"	"Cheltenham"	"Benbyas"	"33.00"	"0"	"Handicap Hurdle"	"6"	"23"	"Brennan, P J"	"Carroll, D"	"2m1f "	"7"	"33"
"17:45:00"	"2004-03-18"	"Cheltenham"	"Grave Doubts"	"14.00"	"0"	"Handicap Hurdle"	"9"	"23"	"Greene, R J"	"Bishop, K"	"2m1f "	"8"	"26"
"17:45:00"	"2004-03-18"	"Cheltenham"	"Man OMystery (USA)"	"25.00"	"0"	"Handicap Hurdle"	"10"	"23"	"Doyle, T J"	"Webber, P R"	"2m1f "	"7"	"33"
"17:45:00"	"2004-03-18"	"Cheltenham"	"Through The Rye"	"33.00"	"0"	"Handicap Hurdle"	"12"	"23"	"Crowley, Jim"	"Swinbank, G A"	"2m1f "	"8"	"33"
"17:45:00"	"2004-03-18"	"Cheltenham"	"Le Passing (FR)"	"10.00"	"0"	"Handicap Hurdle"	"18"	"23"	"Tizzard, Joe"	"Nicholls, P F"	"2m1f "	"5"	"40"
"16:35:00"	"2004-03-18"	"Cheltenham"	"Got One Too (FR)"	"8.00"	"0"	"Handicap Chase"	"12"	"21"	"Fitzgerald, Mick"	"Henderson, N J"	"2m.5f "	"7"	"68"
"17:10:00"	"2004-03-17"	"Cheltenham"	"Fondmort (FR)"	"9.00"	"0"	"Handicap Chase"	"3"	"16"	"Fitzgerald, Mick"	"Henderson, N J"	"2m4.5f "	"8"	"46"
"16:00:00"	"2004-03-17"	"Cheltenham"	"Mughas (IRE)"	"5.50"	"0"	"Handicap Hurdle"	"4"	"27"	"Thornton, Robert"	"King, A"	"2m5f "	"5"	"32"
"16:00:00"	"2004-03-17"	"Cheltenham"	"Bow Strada"	"100.00"	"0"	"Handicap Hurdle"	"16"	"27"	"Durack, S E"	"Hobbs, P J / White, J"	"2m5f "	"7"	"340"
"16:00:00"	"2004-03-17"	"Cheltenham"	"Redemption"	"16.00"	"0"	"Handicap Hurdle"	"17"	"27"	"Llewellyn, Carl"	"Twiston-Davies, N A"	"2m5f "	"9"	"53"
"16:00:00"	"2004-03-17"	"Cheltenham"	"Starzaan (IRE)"	"20.00"	"0"	"Handicap Hurdle"	"18"	"27"	"Murphy, Timmy"	"Morrison, H"	"2m5f "	"5"	"24"
"16:00:00"	"2004-03-17"	"Cheltenham"	"Contraband"	"100.00"	"0"	"Handicap Hurdle"	"24"	"27"	"Davies, James"	"Pipe, M C"	"2m5f "	"6"	"32"
"16:00:00"	"2004-03-17"	"Cheltenham"	"Val De Fleurie (GER)"	"200.00"	"0"	"Handicap Hurdle"	"25"	"27"	"Crosse, Dave"	"Oshea, J G M"	"2m5f "	"9"	"25"
"17:20:00"	"2004-03-16"	"Cheltenham"	"Mutineer (IRE)"	"33.00"	"0"	"Handicap Hurdle"	"6"	"24"	"Carberry, P"	"Hughes, D T"	"3m1.5f "	"5"	"30"
"17:20:00"	"2004-03-16"	"Cheltenham"	"Mistanoora"	"9.00"	"0"	"Handicap Hurdle"	"10"	"24"	"Llewellyn, Carl"	"Twiston-Davies, N A"	"3m1.5f "	"5"	"17"
"16:00:00"	"2004-03-16"	"Cheltenham"	"Shardam (IRE)"	"5.50"	"0"	"Handicap Chase"	"2"	"11"	"Llewellyn, Carl"	"Twiston-Davies, N A"	"3m.5f "	"7"	"17"
"15:20:00"	"2004-03-16"	"Cheltenham"	"Fota Island (IRE)"	"50.00"	"0"	"Hurdle"	"6"	"14"	"Casey, D J"	"Morris, M F"	"2m.5f "	"8"	"51"
"15:20:00"	"2004-03-16"	"Cheltenham"	"Davenport Milenium (IRE)"	"25.00"	"0"	"Hurdle"	"13"	"14"	"Murphy, Timmy"	"Mullins, W P"	"2m.5f "	"8"	"51"
"14:00:00"	"2004-03-16"	"Cheltenham"	"Perle De Puce (FR)"	"8.00"	"0"	"Novices Hurdle"	"PU"	"19"	"Fitzgerald, Mick"	"Henderson, N J"	"2m.5f "	"5"	"73"
"17:45:00"	"2003-03-13"	"Cheltenham"	"Spirit Leader (IRE)"	"10.00"	"0"	"Handicap Hurdle"	"1"	"28"	"Geraghty, B J"	"Harrington, Mrs John"	"2m1f "	"7"	"33"
"17:45:00"	"2003-03-13"	"Cheltenham"	"Turtleback (IRE)"	"20.00"	"0"	"Handicap Hurdle"	"7"	"28"	"Russell, D N"	"OGrady, E J"	"2m1f "	"5"	"46"
"17:45:00"	"2003-03-13"	"Cheltenham"	"Polar Red"	"25.00"	"0"	"Handicap Hurdle"	"8"	"28"	"Garritty, Russ"	"Pipe, M C"	"2m1f "	"6"	"33"
"17:45:00"	"2003-03-13"	"Cheltenham"	"Monkerhostin (FR)"	"10.00"	"0"	"Handicap Hurdle"	"12"	"28"	"Murphy, Timmy"	"Sherwood, O"	"2m1f "	"6"	"33"
"16:35:00"	"2003-03-13"	"Cheltenham"	"Darkn Sharp (GER)"	"6.50"	"0"	"Handicap Chase"	"3"	"21"	"Johnson, Richard"	"Phillips, R T"	"2m.5f "	"8"	"54"
"16:35:00"	"2003-03-13"	"Cheltenham"	"Native Scout (IRE)"	"7.00"	"0"	"Handicap Chase"	"7"	"21"	"Geraghty, B J"	"Hassett, Donal"	"2m.5f "	"7"	"46"
"15:15:00"	"2003-03-13"	"Cheltenham"	"Colonel Braxton (IRE)"	"33.00"	"0"	"Chase"	"10"	"15"	"Kelly, K A"	"Hughes, D T"	"3m2.5f "	"8"	"32"
"15:15:00"	"2003-03-13"	"Cheltenham"	"Beef Or Salmon (IRE)"	"5.00"	"0"	"Chase"	"F"	"15"	"Murphy, Timmy"	"Hourigan, Michael"	"3m2.5f "	"7"	"32"
"14:35:00"	"2003-03-13"	"Cheltenham"	"Galileo (POL)"	"11.00"	"0"	"Hurdle"	"7"	"11"	"Maguire, Jason"	"George, T R"	"3m "	"7"	"365"
"17:10:00"	"2003-03-12"	"Cheltenham"	"Scots Grey"	"16.00"	"0"	"Handicap Chase"	"3"	"19"	"Tinkler, Andrew"	"Henderson, N J"	"2m4.5f "	"8"	"18"
"17:10:00"	"2003-03-12"	"Cheltenham"	"Lady Cricket (FR)"	"8.00"	"0"	"Handicap Chase"	"5"	"19"	"McCoy, A P"	"Pipe, M C"	"2m4.5f "	"9"	"32"
"16:00:00"	"2003-03-12"	"Cheltenham"	"Xenophon (IRE)"	"4.00"	"0"	"Handicap Hurdle"	"1"	"27"	"Fitzgerald, Mick"	"Martin, A J"	"2m5f "	"7"	"59"
"16:00:00"	"2003-03-12"	"Cheltenham"	"Thari (USA)"	"20.00"	"0"	"Handicap Hurdle"	"17"	"27"	"Carberry, P"	"Meade, Noel"	"2m5f "	"6"	"101"
"16:00:00"	"2003-03-12"	"Cheltenham"	"Benbyas"	"33.00"	"0"	"Handicap Hurdle"	"18"	"27"	"Brennan, P J"	"Carroll, D"	"2m5f "	"6"	"32"
"16:00:00"	"2003-03-12"	"Cheltenham"	"Taming (IRE)"	"33.00"	"0"	"Handicap Hurdle"	"23"	"27"	"Russell, D N"	"Williams, Miss Venetia"	"2m5f "	"7"	"39"
"17:20:00"	"2003-03-11"	"Cheltenham"	"Ballylusky (IRE)"	"14.00"	"0"	"Handicap Hurdle"	"14"	"24"	"Cooper, L"	"ONeill, Jonjo and AJ"	"3m1.5f "	"6"	"38"
"16:00:00"	"2003-03-11"	"Cheltenham"	"Haut Cercy (FR)"	"10.00"	"0"	"Handicap Chase"	"2"	"18"	"Johnson, Richard"	"Daly, H D"	"3m.5f "	"8"	"38"
"16:00:00"	"2003-03-11"	"Cheltenham"	"Historg (FR)"	"14.00"	"0"	"Handicap Chase"	"6"	"18"	"Russell, D N"	"Murphy, Ferdy"	"3m.5f "	"8"	"17"
"16:00:00"	"2003-03-11"	"Cheltenham"	"Iznogoud (FR)"	"9.00"	"0"	"Handicap Chase"	"UR"	"18"	"Scudamore, Tom"	"Pipe, M C"	"3m.5f "	"7"	"52"
"15:15:00"	"2003-03-11"	"Cheltenham"	"Scottish Memories (IRE)"	"25.00"	"0"	"Hurdle"	"11"	"17"	"Carberry, P"	"Meade, Noel"	"2m.5f "	"7"	"44"
 