RTime	Date	track	Qualifier	Odds_Numeric	Odds_Exchange	Race_Type	Position	Runners	Jockey	Trainer	Distance	Age	DaysSinceRun	
"14:12:00"	"2026-07-25"	"Gowran Park"	"Romantic War (IRE)"	"80.00"	"310"	"Handicap"	"12"	"14"	"Donaghue-Leahy, R"	"Murray, J G"	"7f "	"4"	"5"
"19:30:00"	"2026-07-22"	"Naas"	"William F Browne (IRE)"	"14.00"	"18.16"	"Handicap"	"7"	"18"	"Grant, A S"	"Flynn, Paul W"	"1m "	"4"	"7"
"17:42:00"	"2026-07-17"	"Down Royal"	"Shamanka (IRE)"	"25.00"	"40"	"Handicap"	"10"	"11"	"Cleary, Jack"	"Cleary, Harry"	"5f "	"4"	"28"
"20:50:00"	"2026-07-10"	"Chester"	"Kings Merchant"	"5.00"	"6.46"	"Handicap"	"1"	"8"	"Swift, Mr Dale"	"Kirby, P A"	"7f "	"5"	"7"
"20:00:00"	"2026-07-10"	"Cork"	"Da Capo Glory (IRE)"	"8.50"	"12"	"Hurdle"	"5"	"9"	"OSullivan, Alan"	"Butler, Padraig"	"3m "	"9"	"34"
"19:50:00"	"2026-07-06"	"Roscommon"	"Moonshine Girl (IRE)"	"9.00"	"15.32"	"Handicap Hurdle"	"2"	"16"	"Townend, Miss J"	"Gilligan, Paul John"	"3m "	"7"	"39"
"17:15:00"	"2026-07-03"	"Sandown"	"Cristo"	"5.00"	"6.5"	"Handicap"	"1"	"10"	"Levey, S M"	"Hannon (Jnr), Richard"	"1m "	"4"	"20"
"16:42:00"	"2026-07-03"	"Sandown"	"Galactic Jack (IRE)"	"66.00"	"130"	"Handicap"	"7"	"8"	"Queally, T P"	"Moore, Gary and Josh"	"1m6f "	"6"	"23"
"19:55:00"	"2026-07-01"	"Fairyhouse"	"Heart Of Darkness"	"14.00"	"22.54"	"Handicap"	"11"	"12"	"Caffrey, Adam"	"McGuinness, Adrian"	"1m.5f "	"5"	"12"
"15:10:00"	"2026-07-01"	"Thirsk"	"Saucy Jane"	"5.50"	"7"	"Handicap"	"1"	"11"	"James, S H"	"Morland, Jack"	"6f "	"3"	"19"
"19:39:00"	"2026-06-30"	"Ffos Las"	"Arnaz"	"18.00"	"22"	"Handicap"	"7"	"8"	"Hornby, Rob"	"Loughnane, Daniel Mark"	"7.5f "	"5"	"42"
"17:05:00"	"2026-06-27"	"Curragh"	"Inishfallen (IRE)"	"11.00"	"18.56"	"Handicap"	"11"	"14"	"Keane, C T"	"Thorne, Stephen"	"6f "	"5"	"27"
"19:15:00"	"2026-06-23"	"Newton Abbot"	"Man Oh Man (IRE)"	"16.00"	"22"	"Handicap Novices Hurdle"	"2"	"10"	"Carver, Bryan"	"Summersby, D P"	"2m2.5f "	"7"	"26"
"18:27:00"	"2026-06-19"	"Limerick"	"Heart Of Darkness"	"25.00"	"36"	"Handicap"	"6"	"13"	"Caffrey, Adam"	"McGuinness, Adrian"	"1m "	"5"	"18"
"19:20:00"	"2026-06-18"	"Leopardstown"	"Medieval Night (IRE)"	"12.00"	"24.51"	"Handicap"	"3"	"14"	"Sheridan, J M"	"Hogan, Denis Gerard"	"1m1f "	"4"	"17"
"18:00:00"	"2026-06-18"	"Lingfield"	"Hawaiian King (IRE)"	"33.00"	"70"	"Non-Handicap"	"6"	"10"	"Dace, Jack"	"Madgwick, M"	"1m2f "	"4"	"42"
"13:40:00"	"2026-06-18"	"Ripon"	"Kitsune Power (IRE)"	"4.50"	"7"	"Handicap"	"6"	"12"	"Burley, Miss Rebecca"	"Easterby, T D"	"1m4f "	"7"	"22"
"14:30:00"	"2026-06-13"	"Bath"	"Phoenix Beach (IRE)"	"33.00"	"50"	"Handicap"	"11"	"14"	"Heard, Tyler"	"Dixon, Scott"	"5f "	"7"	"22"
"17:18:00"	"2026-06-12"	"York"	"Austrian Theory (IRE)"	"18.00"	"26.78"	"Handicap"	"5"	"18"	"Allan, David"	"Easterby, T D"	"1m2.5f "	"7"	"15"
"17:22:00"	"2026-06-11"	"Nottingham"	"South Shore Island (IRE)"	"2.75"	"3.96"	"Non-Handicap"	"4"	"9"	"Fallon, Cieren"	"Quinlan, Elizabeth"	"6f "	"4"	"7"
"16:37:00"	"2026-06-07"	"Navan"	"Lariat"	"33.00"	"58.28"	"Handicap"	"7"	"16"	"McAteer, L T"	"Cusack, Liam P"	"1m5f "	"10"	"26"
"17:25:00"	"2026-06-06"	"Worcester"	"Gwash (IRE)"	"12.00"	"17.94"	"Handicap Hurdle"	"3"	"11"	"Broughton, Mr T P"	"OBrien, Fergal"	"2m7f "	"7"	"28"
"20:12:00"	"2026-06-05"	"Goodwood"	"Arthurs Realm (IRE)"	"25.00"	"30.99"	"Handicap"	"5"	"9"	"Wright, Liam"	"Arnolda, Gihan"	"1m4f "	"8"	"240"
"19:44:00"	"2026-06-05"	"Fairyhouse"	"Captain Ciano (IRE)"	"22.00"	"36.74"	"Handicap"	"9"	"14"	"Ryan, J J G"	"McCourt, T G"	"1m2f "	"4"	"41"
"17:15:00"	"2026-06-04"	"Wetherby"	"South Shore Island (IRE)"	"4.50"	"6.8"	"Handicap"	"3"	"9"	"Fallon, Cieren"	"Quinlan, Elizabeth"	"5.5f "	"4"	"155"
"15:15:00"	"2026-05-31"	"Listowel"	"Mercurial (IRE)"	"8.00"	"11.32"	"Handicap"	"2"	"13"	"Heffernan, J A"	"Nallen, John J"	"6.5f "	"7"	"13"
"14:00:00"	"2026-05-30"	"Carlisle"	"Fivethousandtoone (IRE)"	"14.00"	"18.33"	"Handicap"	"6"	"14"	"Probert, David"	"Easterby, T D"	"6f "	"8"	"35"
"15:10:00"	"2026-05-29"	"Carlisle"	"Albegone"	"6.00"	"9.09"	"Handicap"	"5"	"10"	"Kirrane, Sean"	"Easterby, T D"	"5f "	"8"	"13"
"14:10:00"	"2026-05-29"	"Carlisle"	"Pisanello (IRE)"	"18.00"	"46.01"	"Handicap"	"5"	"9"	"Horgan, C"	"OMeara, D"	"1m1f "	"9"	"14"
"17:40:00"	"2026-05-22"	"Bath"	"Phoenix Beach (IRE)"	"10.00"	"14.02"	"Handicap"	"7"	"12"	"ONeill, K T"	"Dixon, Scott"	"5.5f "	"7"	"31"
"19:12:00"	"2026-05-19"	"Cork"	"Brewing"	"12.00"	"13.81"	"Handicap"	"4"	"8"	"Pietropaolo, J"	"Coleman, Kevin"	"7f "	"7"	"16"
"21:00:00"	"2026-05-15"	"Hamilton"	"Pisanello (IRE)"	"6.00"	"7.94"	"Handicap"	"4"	"8"	"Winn, Mark"	"OMeara, D"	"1m.5f "	"9"	"11"
"19:28:00"	"2026-05-12"	"Sligo"	"Mother Ship (IRE)"	"10.00"	"15.67"	"Handicap Hurdle"	"8"	"16"	"OKeeffe, Darragh"	"Hanlon, John Joseph"	"2m4f "	"6"	"208"
"17:53:00"	"2026-05-11"	"Roscommon"	"Minaun View"	"6.50"	"10"	"Handicap"	"5"	"14"	"Cleary, Jack"	"McGuinness, Adrian"	"7.5f "	"4"	"16"
"19:55:00"	"2026-05-09"	"Leicester"	"Pure Theory"	"22.00"	"29"	"Handicap"	"10"	"11"	"Kavanagh, Ryan"	"Cassidy, Stephanie"	"1m2f "	"4"	"45"
"20:02:00"	"2026-05-02"	"Doncaster"	"Valentine Catcher"	"16.00"	"18.3"	"Handicap"	"6"	"10"	"Sullivan, James P"	"Easterby, T D"	"7f "	"5"	"11"
"17:08:00"	"2026-04-29"	"Pontefract"	"Volenti (IRE)"	"7.50"	"10.02"	"Handicap"	"7"	"9"	"Vigors, Harry"	"Haslam, B M R"	"1m "	"7"	"88"
"15:30:00"	"2026-04-25"	"Sandown"	"Gabbys Cross (IRE)"	"28.00"	"50"	"Handicap Chase"	"8"	"11"	"Tudor, Jack"	"Scholfield, Nick"	"3m5f "	"11"	"7"
"15:12:00"	"2026-04-20"	"Redcar"	"Angel Of England"	"66.00"	"110.08"	"Handicap"	"13"	"14"	"Nolan, D"	"Brown, A D"	"7f "	"5"	"10"
"17:42:00"	"2026-04-14"	"Clonmel"	"Ballyglass Beauty (IRE)"	"12.00"	"16"	"Handicap Hurdle"	"2"	"15"	"Stone-Walsh, C"	"Collins, C M"	"2m7f "	"10"	"26"
"18:10:00"	"2026-04-10"	"Thirsk"	"Valentine Catcher"	"8.50"	"11.92"	"Handicap"	"9"	"15"	"Tindall, Ethan"	"Easterby, T D"	"6f "	"5"	"129"
"19:15:00"	"2026-04-09"	"Gowran Park"	"Starting Monday (IRE)"	"16.00"	"17.5"	"Handicap"	"1"	"14"	"OConnor, Donagh"	"Scott, Gillian"	"1m1.5f "	"9"	"25"
"16:25:00"	"2026-04-06"	"Plumpton"	"Unanswered Prayers (IRE)"	"11.00"	"16.5"	"Handicap Chase"	"4"	"10"	"Cannon, Tom J"	"Gordon, C"	"3m5f "	"10"	"29"
"14:23:00"	"2026-04-04"	"Carlisle"	"Rock N Roll Champ (IRE)"	"5.50"	"7.6"	"Handicap Novices Hurdle"	"PU"	"9"	"Austin, Edward"	"Forster, Miss S E"	"2m3.5f "	"8"	"4"
"17:25:00"	"2026-03-28"	"Curragh"	"Mickey The Steel"	"7.50"	"11.5"	"Handicap"	"2"	"23"	"Joyce, Wesley"	"Murray, Joseph Anthony"	"7f "	"8"	"6"
"14:55:00"	"2026-03-17"	"Exeter"	"Astronomic View"	"12.00"	"22"	"Handicap Hurdle"	"PU"	"11"	"Gardner, Lucy"	"Gardner, Mrs S"	"2m5.5f "	"9"	"20"
"15:25:00"	"2026-03-07"	"Hereford"	"Churchman"	"7.00"	"9.1"	"Handicap Novices Hurdle"	"2"	"11"	"Hogan, Mr J"	"Ralph, Alastair"	"2m4.5f "	"8"	"22"
"14:10:00"	"2026-03-04"	"Catterick"	"Pigeon House (IRE)"	"2.00"	"3.53"	"Claimer Hurdle"	"1"	"8"	"Quinlan, Sean"	"Candlish, Jennie"	"1m7.5f "	"6"	"23"
"15:00:00"	"2026-02-26"	"Wetherby"	"Road To Rosley"	"25.00"	"32"	"Handicap Novices Hurdle"	"PU"	"8"	"Dixon, John"	"Dixon, J E"	"2m "	"9"	"23"
"16:30:00"	"2026-02-24"	"Catterick"	"Dillarchie"	"5.00"	"7.03"	"Handicap Hurdle"	"1"	"9"	"Quinlan, Sean"	"Foster, Miss J E"	"3m2f "	"9"	"20"
"16:20:00"	"2026-02-13"	"Chepstow"	"Churchman"	"3.50"	"5.52"	"Handicap Hurdle"	"5"	"11"	"Broughton, Mr T P"	"Ralph, Alastair"	"2m4f "	"8"	"21"
"13:55:00"	"2026-01-22"	"Wetherby"	"Perfect Arch (IRE)"	"18.00"	"27"	"Handicap Hurdle"	"PU"	"13"	"McMenamin, Daniel"	"West, S G"	"2m4.5f "	"9"	"41"
"15:20:00"	"2026-01-01"	"Catterick"	"Lahire (FR)"	"5.00"	"7.48"	"Handicap Hurdle"	"F"	"10"	"Maggs, Mr William"	"McCain Jnr, D"	"2m "	"6"	"13"
"14:15:00"	"2025-09-29"	"Roscommon"	"Stormy Jenn (IRE)"	"20.00"	"39.15"	"Handicap Hurdle"	"8"	"16"	"Cleary-Farrell, S"	"Cluskey, P"	"1m7.5f "	"8"	"33"
"15:55:00"	"2025-09-27"	"Listowel"	"Mother Ship (IRE)"	"14.00"	"24.4"	"Handicap Hurdle"	"PU"	"16"	"Hanlon, Mr P"	"Hanlon, John Joseph"	"2m6f "	"5"	"21"
"14:08:00"	"2025-09-25"	"Pontefract"	"Glendown (IRE)"	"9.00"	"12"	"Handicap"	"3"	"8"	"McSweeney, O"	"Easterby, T D"	"5f "	"5"	"27"
"15:20:00"	"2025-09-23"	"Listowel"	"Mercurial (IRE)"	"12.00"	"14"	"Handicap"	"4"	"14"	"Heffernan, J A"	"Nallen, John J"	"7f "	"6"	"88"
"15:08:00"	"2025-09-23"	"Beverley"	"Bust A Moon"	"3.50"	"5.1"	"Handicap"	"6"	"9"	"Farmer, Shay"	"McInnes, I W"	"5f "	"3"	"4"
"16:50:00"	"2025-09-14"	"Bath"	"Rogue Endeavour (IRE)"	"22.00"	"26.58"	"Handicap"	"9"	"9"	"ONeill, K T"	"Harris, Miss G"	"5f "	"3"	"12"
"15:28:00"	"2025-09-13"	"Bath"	"Somebodycomegether"	"10.00"	"16"	"Handicap"	"5"	"14"	"Gale, Miss Elizabeth"	"Bedi, Miss J"	"2m1f "	"5"	"55"
"16:50:00"	"2025-09-09"	"Ffos Las"	"Guiteau (IRE)"	"11.00"	"18.5"	"Handicap"	"1"	"9"	"Greatrex, Edward"	"Bramley, Faye"	"6f "	"5"	"7"
"17:22:00"	"2025-09-08"	"Galway"	"Moonshine Girl (IRE)"	"6.00"	"10.5"	"Handicap Hurdle"	"8"	"18"	"Townend, Miss J"	"Gilligan, Paul John"	"2m6.5f "	"6"	"14"
"16:34:00"	"2025-09-08"	"Windsor"	"Nibras Angel"	"12.00"	"19"	"Handicap"	"9"	"9"	"ONeill, K T"	"Haynes, Alice"	"1m "	"5"	"26"
"15:55:00"	"2025-09-02"	"Gowran Park"	"Gloriously Glam (IRE)"	"3.33"	"4.5"	"Claimer"	"1"	"11"	"Caffrey, Adam"	"McGuinness, Adrian"	"1m "	"3"	"12"
"19:25:00"	"2025-08-27"	"Bellewstown"	"Stormy Jenn (IRE)"	"22.00"	"31.43"	"Handicap Hurdle"	"4"	"15"	"Cleary-Farrell, S"	"Cluskey, P"	"2m1f "	"8"	"19"
"18:43:00"	"2025-08-25"	"Ballinrobe"	"Moonshine Girl (IRE)"	"12.00"	"16.5"	"Handicap Hurdle"	"4"	"14"	"Townend, Miss J"	"Gilligan, Paul John"	"2m6.5f "	"6"	"14"
"17:33:00"	"2025-08-25"	"Ripon"	"Masekela (IRE)"	"3.00"	"4.8"	"Handicap"	"2"	"9"	"Easterby, Miss E"	"Easterby, T D"	"1m3f "	"6"	"10"
"17:55:00"	"2025-08-21"	"Leopardstown"	"Lady Pagasa (IRE)"	"4.50"	"6.06"	"Handicap"	"2"	"13"	"Coen, Ben M"	"Murtagh, J P"	"7f "	"4"	"17"
"19:30:00"	"2025-08-18"	"Windsor"	"Symbol of Hope"	"28.00"	"20.6"	"Handicap"	"9"	"9"	"Gale, Miss Elizabeth"	"Flint, J L"	"6f "	"7"	"17"
"16:10:00"	"2025-08-14"	"Chepstow"	"Tonal (FR)"	"2.75"	"4.25"	"Handicap"	"8"	"13"	"Fallon, Cieren"	"Williams, Ian"	"1m "	"5"	"20"
"16:10:00"	"2025-08-14"	"Chepstow"	"Olivia Jane (IRE)"	"125.00"	"311.21"	"Handicap"	"12"	"13"	"Carson, William"	"Signy, Oliver"	"1m "	"3"	"17"
"19:10:00"	"2025-08-11"	"Windsor"	"Indian Run (IRE)"	"14.00"	"18.37"	"Handicap"	"7"	"12"	"Marquand, Tom"	"Camacho, Miss J A"	"6f "	"4"	"16"
"15:40:00"	"2025-08-08"	"Thirsk"	"Equity Law"	"3.33"	"4.6"	"Handicap"	"1"	"10"	"Kirrane, Sean"	"Easterby, T D"	"5f "	"4"	"14"
"14:10:00"	"2025-08-08"	"Thirsk"	"Eldeyaar (IRE)"	"22.00"	"36"	"Non-Handicap"	"5"	"10"	"Dickson, Mr Jake"	"Brittain, Antony"	"6f "	"6"	"7"
"14:20:00"	"2025-08-07"	"Nottingham"	"Lunar Force"	"5.50"	"8.01"	"Handicap"	"5"	"8"	"Kirrane, Sean"	"Easterby, T D"	"5f "	"3"	"7"
"19:30:00"	"2025-08-05"	"Roscommon"	"Malton Groove (IRE)"	"12.00"	"18.96"	"Handicap Chase"	"13"	"16"	"McGill, Mr D"	"McLoughlin, D A"	"2m5.5f "	"8"	"37"
"16:55:00"	"2025-08-02"	"Goodwood"	"Westerton (IRE)"	"18.00"	"23"	"Handicap"	"13"	"16"	"Ryan, Rossa"	"King, A"	"1m1f "	"5"	"42"
"17:47:00"	"2025-07-29"	"Beverley"	"Temper Trap"	"20.00"	"24.01"	"Handicap"	"7"	"10"	"Allan, David"	"Easterby, T D"	"7.5f "	"8"	"10"
"14:10:00"	"2025-07-29"	"Beverley"	"Abu Royal (IRE)"	"50.00"	"110"	"Handicap"	"11"	"14"	"Mayo, Ellie"	"Morgan, Miss Laura"	"1m2f "	"5"	"36"
"19:20:00"	"2025-07-25"	"Cork"	"Hastily"	"22.00"	"27.44"	"Handicap"	"1"	"21"	"Cleary, Jack"	"McGuinness, Tom"	"6f "	"6"	"13"
"17:30:00"	"2025-07-25"	"York"	"Way To Dubai (IRE)"	"80.00"	"280"	"Handicap"	"12"	"22"	"Rawlinson, Ali"	"Appleby, M"	"7f "	"6"	"8"
"15:47:00"	"2025-07-25"	"Uttoxeter"	"Shantou Express (IRE)"	"14.00"	"22"	"Handicap Hurdle"	"10"	"12"	"Bellamy, Tom"	"Bailey, K C"	"3m "	"10"	"24"
"14:35:00"	"2025-07-24"	"Doncaster"	"Golden Pharaoh (IRE)"	"3.50"	"5.54"	"Handicap"	"3"	"11"	"ONeill, K T"	"Dixon, Scott"	"1m "	"4"	"26"
"15:30:00"	"2025-07-22"	"Musselburgh"	"Night Horn"	"12.00"	"17"	"Handicap"	"4"	"8"	"Keenan, Darragh"	"Keady, Michael"	"1m4.5f "	"4"	"27"
"16:15:00"	"2025-07-20"	"Curragh"	"Verified (IRE)"	"20.00"	"30"	"Handicap"	"9"	"18"	"OSullivan, Darragh"	"Weld, Charles"	"5f "	"4"	"22"
"15:25:00"	"2025-07-20"	"Redcar"	"Somebodycomegether"	"20.00"	"28.49"	"Handicap"	"3"	"8"	"Nicholls, Mr Jack"	"Bedi, Miss J"	"2m "	"5"	"21"
"20:15:00"	"2025-07-19"	"Doncaster"	"Liamarty Dreams"	"11.00"	"15"	"Handicap"	"8"	"10"	"Gray, S A"	"Burke, K R"	"7f "	"6"	"24"
"16:00:00"	"2025-07-19"	"Cartmel"	"High Moon"	"12.00"	"13.5"	"Handicap Chase"	"6"	"9"	"McLernon, R P"	"Menzies, Rebecca"	"2m5f "	"10"	"27"
"19:50:00"	"2025-07-17"	"Worcester"	"School Days Over (IRE)"	"40.00"	"48.4"	"Handicap Hurdle"	"10"	"11"	"Grantham, S"	"Coulson, Jake Thomas"	"3m "	"8"	"53"
"14:10:00"	"2025-07-10"	"Carlisle"	"Mattice"	"28.00"	"44.65"	"Handicap"	"1"	"13"	"Farmer, Shay"	"McInnes, I W"	"6f "	"6"	"41"
"16:40:00"	"2025-07-04"	"Bellewstown"	"Royal Tribute (IRE)"	"80.00"	"180"	"Claimer"	"9"	"11"	"Coakley, Ross"	"McConnell, John C"	"1m "	"7"	"93"
"15:33:00"	"2025-07-02"	"Thirsk"	"Travis"	"8.50"	"13"	"Handicap"	"1"	"9"	"Allan, David"	"Harker, G A"	"7f "	"4"	"12"
"16:30:00"	"2025-06-30"	"Pontefract"	"Golden Duke (IRE)"	"16.00"	"17.71"	"Handicap"	"2"	"9"	"McManoman, Faye"	"Tinkler, N"	"6f "	"6"	"195"
"14:45:00"	"2025-06-30"	"Ffos Las"	"Beaune (IRE)"	"5.50"	"8.11"	"Non-Handicap"	"6"	"8"	"Keeley, Aidan"	"Llewellyn, B J"	"1m2f "	"3"	"8"
"14:00:00"	"2025-06-30"	"Pontefract"	"Highwaygrey"	"4.00"	"5.68"	"Handicap"	"3"	"9"	"Easterby, Miss E"	"Easterby, T D"	"1m2f "	"9"	"21"
"15:50:00"	"2025-06-29"	"Cartmel"	"Lunar Sovereign (IRE)"	"6.00"	"7.79"	"Handicap Hurdle"	"5"	"9"	"McMenamin, Daniel"	"Leech, Mrs S"	"2m1f "	"9"	"50"
"21:00:00"	"2025-06-28"	"Doncaster"	"Charencey (IRE)"	"5.50"	"7.42"	"Handicap"	"10"	"10"	"Gordon, Josephine"	"Williams, Ian"	"1m "	"5"	"7"
"17:25:00"	"2025-06-28"	"York"	"Golden Pharaoh (IRE)"	"22.00"	"34.79"	"Handicap"	"11"	"17"	"Tett, Frederick"	"Dixon, Scott"	"1m2.5f "	"4"	"15"
"16:45:00"	"2025-06-24"	"Beverley"	"Sweet Cicely"	"22.00"	"26.62"	"Handicap"	"4"	"9"	"Brookes, Aiden"	"Sowersby, M E"	"1m2f "	"3"	"26"
"17:17:00"	"2025-06-23"	"Windsor"	"Call Glory (IRE)"	"18.00"	"25.56"	"Handicap"	"13"	"14"	"McHugh, K S"	"Williams, Ian"	"6f "	"4"	"19"
"17:55:00"	"2025-06-18"	"Hamilton"	"Toronto Raptor (FR)"	"28.00"	"38"	"Handicap"	"10"	"11"	"Garritty, Billy"	"Bailey, Liam"	"1m3f "	"4"	"9"
"16:35:00"	"2025-06-13"	"Chester"	"Bay Of Australia (IRE)"	"40.00"	"73.83"	"Handicap"	"9"	"9"	"Sullivan, James P"	"Greenall, O / Guerriero, J"	"7.5f "	"4"	"231"
"19:50:00"	"2025-06-09"	"Pontefract"	"Toronto Raptor (FR)"	"33.00"	"48"	"Handicap"	"3"	"8"	"Garritty, Billy"	"Bailey, Liam"	"1m2f "	"4"	"10"
"20:40:00"	"2025-06-07"	"Lingfield"	"Rokuni (IRE)"	"12.00"	"19.49"	"Handicap"	"7"	"10"	"Hogan, D E"	"Dunnett, Mrs C A"	"7.5f "	"3"	"22"
"19:30:00"	"2025-06-07"	"Chepstow"	"Rival"	"12.00"	"18.19"	"Handicap"	"6"	"8"	"Hornby, Rob"	"Flint, J L"	"1m "	"7"	"330"
"16:10:00"	"2025-06-07"	"Punchestown"	"Ashdale Flyer (IRE)"	"9.00"	"12.04"	"Handicap Hurdle"	"9"	"20"	"Smithers, C D"	"Harrington, Mrs John"	"3m "	"6"	"10"
"17:45:00"	"2025-06-06"	"Bath"	"Redshore City (IRE)"	"28.00"	"40.81"	"Non-Handicap"	"6"	"10"	"Williams, Jordan"	"Llewellyn, B J"	"5.5f "	"5"	"218"
"15:20:00"	"2025-05-29"	"Ripon"	"Triple Charged (IRE)"	"80.00"	"189.19"	"Handicap"	"7"	"8"	"Keenan, Darragh"	"Williamson, Mrs L"	"6f "	"3"	"10"
"20:00:00"	"2025-05-28"	"Wexford"	"Ashdale Flyer (IRE)"	"5.50"	"7.87"	"Handicap Hurdle"	"3"	"9"	"Smithers, C D"	"Harrington, Mrs John"	"3m "	"6"	"45"
"15:33:00"	"2025-05-25"	"Fontwell"	"Thirtyfour Thirty"	"4.00"	"7.07"	"Handicap Hurdle"	"4"	"8"	"Twiston-Davies, Sam"	"Tickle, J"	"3m2f "	"6"	"12"
"19:50:00"	"2025-05-13"	"Killarney"	"Jerandme (IRE)"	"50.00"	"75"	"Handicap"	"12"	"15"	"Cleary, Jack"	"Prendergast, Kevin"	"2m1f "	"11"	"67"
"15:25:00"	"2025-05-07"	"Kelso"	"Lucky Soldier (IRE)"	"10.00"	"11.43"	"Handicap Hurdle"	"5"	"9"	"Lynn, Bruce"	"Alexander, N W"	"2m5f "	"7"	"18"
"17:00:00"	"2025-05-06"	"Ffos Las"	"Mambo Beat (IRE)"	"12.00"	"18.59"	"Handicap Hurdle"	"11"	"11"	"Edwards, Lee"	"Llewellyn, B J"	"2m "	"6"	"38"
"16:45:00"	"2025-05-05"	"Curragh"	"Free Solo (IRE)"	"10.00"	"14"	"Handicap"	"1"	"25"	"Hassett, M W"	"Murphy, P J F"	"7f "	"8"	"10"
"20:10:00"	"2025-04-28"	"Naas"	"Swiss Army Officer (IRE)"	"20.00"	"36"	"Handicap"	"15"	"20"	"Burns, Ms N"	"Coleman, Kevin"	"1m "	"10"	"9"
"17:00:00"	"2025-04-26"	"Navan"	"Picpoul (IRE)"	"33.00"	"50"	"Handicap"	"17"	"19"	"Whearty, R"	"Rice, M M"	"1m2f "	"7"	"22"
"19:25:00"	"2025-04-25"	"Kilbeggan"	"Beau Walking (IRE)"	"22.00"	"32"	"Beginners Chase"	"9"	"13"	"Meyler, D"	"Harrington, Mrs John"	"2m6.5f "	"7"	"29"
"15:15:00"	"2025-04-19"	"Haydock"	"Eldorado Allen (FR)"	"14.00"	"15.47"	"Handicap Chase"	"5"	"9"	"Powell, Brendan"	"Tizzard, Joe"	"2m4f "	"11"	"15"
"16:40:00"	"2025-04-06"	"Ffos Las"	"Monviel (IRE)"	"9.00"	"13.15"	"Handicap Hurdle"	"1"	"10"	"Obrien, P V"	"Derham, Harry"	"2m4.5f "	"8"	"22"
"16:55:00"	"2025-04-03"	"Naas"	"Apples In Winter (IRE)"	"28.00"	"55"	"Handicap Hurdle"	"12"	"17"	"OKeeffe, Darragh"	"Casey, Liam"	"3m "	"8"	"31"
"14:30:00"	"2025-03-29"	"Stratford"	"Mambo Beat (IRE)"	"3.50"	"4.6"	"Handicap Novices Hurdle"	"6"	"10"	"Edwards, Lee"	"Llewellyn, B J"	"2m.5f "	"6"	"21"
"15:02:00"	"2025-03-17"	"Down Royal"	"Lariat"	"9.00"	"13.4"	"Handicap Hurdle"	"8"	"19"	"Kidd, D A"	"McConnell, John C"	"2m4f "	"9"	"21"
"15:20:00"	"2025-03-15"	"Kempton"	"Flegmatik (FR)"	"6.50"	"9"	"Handicap Chase"	"2"	"10"	"Durrell, Mr T"	"Skelton, Daniel"	"2m4.5f "	"10"	"28"
"14:22:00"	"2025-03-13"	"Hexham"	"Cudgel"	"25.00"	"49.92"	"Handicap Chase"	"4"	"11"	"OFarrell, C"	"Walton, J B"	"2m4f "	"12"	"41"
"16:10:00"	"2025-03-07"	"Ayr"	"Half Track (IRE)"	"11.00"	"17.07"	"Handicap Hurdle"	"4"	"10"	"Hughes, Brian"	"Alexander, N W"	"2m5f "	"9"	"24"
"16:15:00"	"2025-03-01"	"Newbury"	"Fine Casting (IRE)"	"14.00"	"18"	"Handicap Hurdle"	"4"	"11"	"Pritchard, Mr Callum"	"Pauling, Ben"	"2m4.5f "	"9"	"44"
"16:10:00"	"2025-02-24"	"Punchestown"	"Lariat"	"10.00"	"16"	"Handicap Hurdle"	"5"	"15"	"Kidd, D A"	"McConnell, John C"	"2m4f "	"9"	"37"
"13:30:00"	"2025-02-13"	"Leicester"	"Ceolwulf"	"14.00"	"20.04"	"Handicap Novices Chase"	"2"	"8"	"Bowen, James C"	"Mcsharry, Fionn"	"2m4.5f "	"9"	"356"
"15:35:00"	"2025-02-05"	"Sedgefield"	"Bridgetjoans"	"5.50"	"8.46"	"Handicap Hurdle"	"4"	"9"	"Maggs, Mr Charlie"	"Waugh, S G"	"2m3.5f "	"6"	"20"
"15:05:00"	"2025-02-05"	"Sedgefield"	"Kajaki (IRE)"	"4.50"	"6.75"	"Handicap Hurdle"	"2"	"10"	"McMenamin, Daniel"	"Richards, N G"	"2m3.5f "	"12"	"82"
"15:05:00"	"2025-02-05"	"Sedgefield"	"Le Fous Keep (IRE)"	"40.00"	"66.94"	"Handicap Hurdle"	"9"	"10"	"Maggs, Mr Charlie"	"Burns, Hugh"	"2m3.5f "	"10"	"88"
"14:38:00"	"2025-01-22"	"Catterick"	"Evenwood Sonofagun (IRE)"	"22.00"	"30"	"Handicap Hurdle"	"6"	"12"	"Quinlan, Sean"	"Quinlan, Elizabeth"	"2m3.5f "	"7"	"44"
"14:45:00"	"2025-01-16"	"Newcastle"	"Bridgetjoans"	"9.00"	"17.82"	"Handicap Hurdle"	"4"	"10"	"Maggs, Mr Charlie"	"Waugh, S G"	"2m4.5f "	"6"	"30"
"17:15:00"	"2024-09-29"	"Epsom"	"Autumn Festival"	"16.00"	"18.58"	"Handicap"	"10"	"10"	"Cosgrave, Pat"	"De Giles, Ed"	"7f "	"5"	"12"
"13:47:00"	"2024-09-24"	"Warwick"	"Get With It (IRE)"	"3.33"	"5.08"	"Handicap Chase"	"3"	"13"	"Durrell, Mr T"	"Skelton, Daniel"	"2m4f "	"9"	"23"
"13:40:00"	"2024-09-24"	"Beverley"	"Another Beautiful"	"16.00"	"25"	"Handicap"	"3"	"11"	"Croot, Elle-May"	"Furtado, Ivan"	"1m2f "	"4"	"63"
"17:35:00"	"2024-09-21"	"Newbury"	"Aljezur (IRE)"	"33.00"	"48"	"Handicap"	"7"	"8"	"Dace, Jack"	"Dace, L A"	"1m "	"3"	"17"
"17:20:00"	"2024-09-20"	"Ayr"	"Tilsitt (FR)"	"14.00"	"23.22"	"Handicap"	"10"	"13"	"Elliott, Rhys"	"Smith, R Michael"	"1m5f "	"7"	"24"
"19:18:00"	"2024-09-14"	"Musselburgh"	"Meccas Duchess (IRE)"	"14.00"	"20"	"Handicap"	"5"	"10"	"Beasley, Connor"	"Dods, M"	"5f "	"3"	"11"
"18:35:00"	"2024-09-14"	"Bath"	"Eye Of The Water (IRE)"	"20.00"	"25.29"	"Handicap"	"9"	"12"	"Keniry, L P"	"Harris, R A"	"1m "	"8"	"91"
"18:35:00"	"2024-09-13"	"Salisbury"	"Capotes Dream (IRE)"	"4.00"	"6.47"	"Handicap"	"9"	"10"	"Marquand, Tom"	"Ward, Tom"	"6f "	"7"	"8"
"18:05:00"	"2024-09-10"	"Catterick"	"Mutanaaseq (IRE)"	"4.00"	"5.8"	"Handicap"	"6"	"9"	"Nolan, D"	"Carr, Mrs R A"	"7f "	"9"	"22"
"19:15:00"	"2024-09-05"	"Clonmel"	"Autocrat (IRE)"	"33.00"	"51.97"	"Handicap"	"7"	"13"	"Sampson, Mr J P"	"Hogan, Denis Gerard"	"2m.5f "	"4"	"26"
"16:10:00"	"2024-08-26"	"Chepstow"	"Ower Starlight"	"11.00"	"15.31"	"Handicap"	"9"	"14"	"Whelan, Trevor"	"Hitchins, Daisy"	"7f "	"6"	"40"
"16:17:00"	"2024-08-25"	"Naas"	"Chicago Storm"	"20.00"	"33.17"	"Handicap"	"1"	"13"	"Cleary, Jack"	"Timmons, C D"	"1m2.5f "	"5"	"20"
"17:25:00"	"2024-08-24"	"Killarney"	"Francky Du Berlais (FR)"	"6.50"	"9.58"	"Handicap Chase"	"13"	"14"	"Gleeson, Mr J L"	"Bowen, Peter / Michael"	"2m5f "	"11"	"22"
"17:00:00"	"2024-08-22"	"Newton Abbot"	"Northern Bound (IRE)"	"20.00"	"27.3"	"Handicap Chase"	"4"	"8"	"Pritchard, Mr Callum"	"Pauling, Ben"	"2m5f "	"10"	"62"
"15:00:00"	"2024-08-22"	"York"	"Stone Soldier"	"40.00"	"57.35"	"Handicap"	"8"	"18"	"Sousa, Silvestre De"	"Fahey, R A"	"1m "	"7"	"18"
"18:40:00"	"2024-08-21"	"Sligo"	"Rideau Canal (IRE)"	"6.50"	"9.17"	"Handicap Hurdle"	"3"	"14"	"OKeeffe, Darragh"	"Foster, Mrs Denise"	"2m4.5f "	"9"	"28"
"16:45:00"	"2024-08-19"	"Catterick"	"Mutanaaseq (IRE)"	"18.00"	"22.46"	"Handicap"	"3"	"14"	"Mulrennan, Paul"	"Carr, Mrs R A"	"7f "	"9"	"26"
"16:30:00"	"2024-08-15"	"Chepstow"	"Flying Secret"	"5.00"	"7.2"	"Handicap"	"4"	"10"	"Dobie, Georgia"	"Houghton, Eve Johnson"	"7f "	"5"	"13"
"16:10:00"	"2024-08-15"	"Salisbury"	"Micks Dream"	"4.50"	"6.63"	"Handicap"	"8"	"11"	"Fisher, Taylor"	"Faulkner, T"	"1m "	"6"	"28"
"15:18:00"	"2024-08-11"	"Downpatrick"	"Chancer Dancer (IRE)"	"9.00"	"13"	"Handicap Hurdle"	"7"	"10"	"McGarvey, J S"	"Kelly, Noel C"	"2m2f "	"7"	"57"
"19:42:00"	"2024-08-10"	"Ayr"	"Pockley"	"66.00"	"120"	"Handicap"	"15"	"15"	"Jakes, Tommie"	"Perratt, Miss L A"	"6f "	"6"	"18"
"16:05:00"	"2024-08-05"	"Cork"	"Sefton Warrior"	"12.00"	"17.9"	"Handicap Hurdle"	"4"	"16"	"Hanlon, Mr P"	"Hanlon, John Joseph"	"2m2.5f "	"7"	"24"
"18:00:00"	"2024-08-02"	"Galway"	"Francky Du Berlais (FR)"	"9.00"	"13.5"	"Handicap Chase"	"5"	"20"	"Hughes, Brian"	"Bowen, Peter / Michael"	"2m6.5f "	"11"	"13"
"13:50:00"	"2024-08-02"	"Goodwood"	"The Grand Visir"	"33.00"	"46.89"	"Handicap"	"9"	"18"	"Kingscote, Richard"	"Williams, Ian"	"2m4.5f "	"10"	"45"
"19:30:00"	"2024-07-24"	"Naas"	"Queen Mab (IRE)"	"20.00"	"29"	"Handicap"	"14"	"14"	"Geerdharry, C"	"Grassick, M C"	"1m "	"4"	"65"
"16:30:00"	"2024-07-20"	"Ripon"	"Dawn Of Liberation (IRE)"	"9.00"	"12.03"	"Handicap"	"5"	"11"	"Mason, Joanna"	"Carr, Mrs R A"	"1m "	"5"	"13"
"17:30:00"	"2024-07-17"	"Bath"	"Ower Starlight"	"16.00"	"25.03"	"Handicap"	"8"	"12"	"Whelan, Trevor"	"Hitchins, Daisy"	"1m "	"6"	"32"
"15:40:00"	"2024-07-17"	"Uttoxeter"	"Kooky (FR)"	"12.00"	"17.33"	"Handicap Novices Chase"	"7"	"10"	"Noonan, David G"	"Williams, Mrs Jane"	"3m2f "	"5"	"21"
"17:20:00"	"2024-07-13"	"Navan"	"Randall Poets Lass (IRE)"	"25.00"	"38"	"Handicap"	"7"	"20"	"Kennedy, K G"	"Fahey, Seamus"	"1m2f "	"4"	"11"
"19:00:00"	"2024-07-12"	"Chepstow"	"Rival"	"3.33"	"5"	"Handicap"	"5"	"8"	"Fisher, Taylor"	"Flint, J L"	"1m "	"6"	"11"
"20:15:00"	"2024-07-01"	"Windsor"	"Rival"	"5.50"	"7.89"	"Handicap"	"2"	"10"	"Shepherd, Callum"	"Flint, J L"	"1m.5f "	"6"	"38"
"21:00:00"	"2024-06-28"	"Bangor"	"If I Say (IRE)"	"12.00"	"19"	"Handicap Hurdle"	"6"	"13"	"Gale, Miss Elizabeth"	"Longsdon, C E"	"2m7.5f "	"7"	"29"
"17:40:00"	"2024-06-28"	"Bangor"	"Pottlerath (IRE)"	"7.00"	"8"	"Handicap Chase"	"PU"	"9"	"Sheppard, Stan"	"Sheppard, M"	"3m "	"9"	"29"
"17:15:00"	"2024-06-25"	"Brighton"	"Eloso (IRE)"	"14.00"	"17.53"	"Handicap"	"7"	"9"	"Hogan, D E"	"Best, Jim/Suzi"	"1m2f "	"6"	"18"
"18:50:00"	"2024-06-19"	"Nottingham"	"Abolish"	"14.00"	"19.32"	"Handicap"	"4"	"10"	"Watson, Jason"	"Carroll, A W"	"5f "	"8"	"44"
"19:00:00"	"2024-06-17"	"Windsor"	"First Folio"	"11.00"	"14.79"	"Handicap"	"6"	"14"	"Sexton, Ryan"	"Camacho, Miss J A"	"6f "	"6"	"36"
"14:40:00"	"2024-06-16"	"Doncaster"	"Manigordo (USA)"	"10.00"	"12.83"	"Handicap"	"8"	"9"	"Mathers, Patrick"	"Nicholls, Adrian"	"7f "	"7"	"27"
"16:35:00"	"2024-06-15"	"Downpatrick"	"Nuttorridge (IRE)"	"14.00"	"23.55"	"Handicap Chase"	"PU"	"13"	"Morgan, Hugh"	"McNiff, Mark Michael"	"2m7.5f "	"9"	"28"
"16:30:00"	"2024-06-15"	"Chester"	"Hyperfocus (IRE)"	"33.00"	"33.83"	"Handicap"	"1"	"10"	"Kirrane, Sean"	"Easterby, T D"	"6f "	"10"	"31"
"16:00:00"	"2024-06-14"	"Chester"	"Kings Crown (IRE)"	"6.00"	"8.6"	"Handicap"	"6"	"10"	"Beasley, Connor"	"Dods, M"	"7.5f "	"4"	"11"
"18:50:00"	"2024-06-13"	"Worcester"	"Percussion"	"5.50"	"7"	"Handicap Chase"	"4"	"8"	"Wedge, Adam"	"Morgan, Miss Laura"	"2m7.5f "	"9"	"50"
"16:55:00"	"2024-06-13"	"Nottingham"	"Enchanted Night"	"18.00"	"24.86"	"Handicap"	"4"	"11"	"Ffrench, Royston"	"Dunnett, Mrs C A"	"5f "	"6"	"9"
"15:07:00"	"2024-06-09"	"Perth"	"Planned Paradise (IRE)"	"8.50"	"13.12"	"Handicap Chase"	"6"	"9"	"Tudor, Jack"	"Williams, Christian"	"2m4.5f "	"8"	"33"
"20:25:00"	"2024-06-05"	"Ripon"	"Betweenthesticks"	"2.75"	"3.79"	"Handicap"	"2"	"10"	"Rodriguez, Callum"	"Channon, Jack"	"5f "	"4"	"11"
"20:25:00"	"2024-06-05"	"Ripon"	"Saaheq"	"14.00"	"21.42"	"Handicap"	"3"	"10"	"Nicholls, Mia"	"Nicholls, Adrian"	"5f "	"10"	"13"
"17:20:00"	"2024-06-01"	"Musselburgh"	"Showmedemoney (IRE)"	"4.00"	"5.9"	"Handicap"	"7"	"9"	"Mullen, Andrew"	"Jardine, I"	"1m "	"5"	"80"
"20:50:00"	"2024-05-31"	"Doncaster"	"Haliphon"	"20.00"	"22.5"	"Handicap"	"9"	"9"	"Gordon, Josephine"	"Williams, Ian"	"1m4f "	"7"	"117"
"15:00:00"	"2024-05-31"	"Chepstow"	"Some Nightmare (IRE)"	"6.00"	"7.4"	"Handicap"	"6"	"9"	"Mangan, Gina"	"Oshea, J G M"	"5f "	"7"	"17"
"17:45:00"	"2024-05-27"	"Cartmel"	"City Derby (IRE)"	"3.33"	"4.43"	"Handicap Hurdle"	"2"	"13"	"Quinlan, Sean"	"Quinlan, Elizabeth"	"2m6.5f "	"8"	"32"
"13:35:00"	"2024-05-25"	"York"	"Remarkable Force (IRE)"	"22.00"	"36.31"	"Handicap"	"21"	"21"	"Hart, Jason"	"Quinn, J J"	"6f "	"4"	"17"
"19:33:00"	"2024-05-18"	"Uttoxeter"	"Dancing Dani (IRE)"	"25.00"	"36"	"Handicap Chase"	"6"	"13"	"Davies, James"	"Evans, Mrs N S"	"2m5f "	"9"	"48"
"19:50:00"	"2024-05-17"	"Hamilton"	"Shahnaz (IRE)"	"5.00"	"6.61"	"Handicap"	"5"	"10"	"Nolan, D"	"Bourke, D F"	"1m.5f "	"5"	"200"
"16:38:00"	"2024-05-16"	"Limerick"	"Ciao Adios (IRE)"	"10.00"	"13"	"Handicap"	"10"	"14"	"Ryan, Gavin"	"Murray, Adrian"	"1m3.5f "	"5"	"121"
"20:25:00"	"2024-05-11"	"Leicester"	"High Court Judge (USA)"	"20.00"	"34"	"Handicap"	"7"	"13"	"Hornby, Rob"	"Dennis, David"	"1m2f "	"4"	"28"
"16:20:00"	"2024-05-08"	"Kelso"	"Gold Des Bois (FR)"	"12.00"	"16.76"	"Handicap Chase"	"6"	"10"	"OFarrell, C"	"Jardine, I"	"2m1.5f "	"10"	"67"
"14:35:00"	"2024-05-07"	"Navan"	"Un Bacio Ancora (IRE)"	"4.50"	"6.4"	"Handicap"	"7"	"10"	"Leonard, Killian"	"Murphy, P J F"	"5f "	"5"	"16"
"14:10:00"	"2024-05-05"	"Salisbury"	"Alyara"	"22.00"	"30"	"Handicap"	"12"	"13"	"Murphy-knight, Mr J J"	"Flint, J L"	"7f "	"6"	"169"
"15:35:00"	"2024-04-27"	"Sandown"	"Enrilo (FR)"	"22.00"	"31.18"	"Handicap Chase"	"10"	"20"	"Cheleda, Angus"	"Nicholls, P F"	"3m4.5f "	"10"	"47"
"17:35:00"	"2024-04-26"	"Cork"	"Jungle Cove (IRE)"	"22.00"	"33.51"	"Handicap"	"7"	"12"	"Kennedy, K G"	"Harrington, Mrs John"	"1m2f "	"7"	"42"
"17:45:00"	"2024-04-09"	"Thirsk"	"Majestic Newlaw"	"28.00"	"40"	"Handicap"	"12"	"14"	"Mulrennan, Paul"	"Jardine, I"	"7f "	"4"	"169"
"17:05:00"	"2024-03-30"	"Fairyhouse"	"Effernock Fizz (IRE)"	"33.00"	"30.58"	"Handicap Hurdle"	"1"	"12"	"Millar, Mr C P"	"Collins, C M"	"2m "	"9"	"27"
"15:40:00"	"2024-03-27"	"Hereford"	"Damask (FR)"	"4.00"	"5.93"	"Handicap Hurdle"	"8"	"12"	"Davies, James"	"Symonds, Tom"	"2m4f "	"5"	"18"
"14:00:00"	"2024-03-27"	"Wincanton"	"The Bomber Liston (IRE)"	"4.50"	"6.68"	"Handicap Hurdle"	"7"	"9"	"Jones, Lily"	"Henderson, N J"	"2m5.5f "	"8"	"26"
"16:10:00"	"2024-03-15"	"Cheltenham"	"From The Heart (IRE)"	"150.00"	"276.62"	"Hunters Chase"	"PU"	"12"	"Parker, Natalie"	"Jones, Mrs L"	"3m2.5f "	"10"	"357"
"16:02:00"	"2024-03-09"	"Hereford"	"Damask (FR)"	"8.00"	"10.26"	"Handicap Novices Hurdle"	"3"	"13"	"Poste, Ben J"	"Symonds, Tom"	"2m4f "	"5"	"24"
"14:17:00"	"2024-03-09"	"Hereford"	"Inchester Damsyl (FR)"	"11.00"	"15.5"	"Handicap Hurdle"	"9"	"16"	"McLernon, R P"	"ONeill, Jonjo and AJ"	"3m2.5f "	"6"	"36"
"15:15:00"	"2024-02-24"	"Fairyhouse"	"Arthor (IRE)"	"8.50"	"12.73"	"Handicap Hurdle"	"5"	"10"	"OKeeffe, Darragh"	"Mangan, James Joseph"	"2m4.5f "	"7"	"26"
"15:30:00"	"2024-02-19"	"Carlisle"	"Applaus (GER)"	"8.50"	"11.06"	"Handicap Hurdle"	"3"	"9"	"Smith-Chaston, Emma"	"Hammond, Micky"	"2m1.5f "	"12"	"14"
"16:55:00"	"2024-02-14"	"Fontwell"	"Clongowes (IRE)"	"14.00"	"21.96"	"Handicap Novices Hurdle"	"PU"	"8"	"Frost, Bryony"	"King, N B"	"2m3.5f "	"10"	"18"
"15:15:00"	"2024-02-11"	"Navan"	"Benkei (IRE)"	"50.00"	"99.06"	"Handicap Hurdle"	"PU"	"15"	"Flanagan, S W"	"Rogers, H"	"2m6f "	"14"	"22"
"13:25:00"	"2024-02-02"	"Southwell"	"Bignorm (IRE)"	"11.00"	"12.34"	"Handicap Chase"	"4"	"10"	"Poste, Ben J"	"Gasson, Mrs Rosemary"	"3m.5f "	"12"	"51"
"16:18:00"	"2024-01-27"	"Uttoxeter"	"Loch Garman Aris (IRE)"	"40.00"	"65.34"	"Handicap Novices Hurdle"	"10"	"11"	"Worsley, Tabitha"	"Hanmer, G D"	"2m4.5f "	"14"	"10"
"14:00:00"	"2024-01-25"	"Huntingdon"	"Furkash (FR)"	"5.50"	"7.72"	"Handicap Novices Chase"	"2"	"9"	"Powell, Brendan"	"Tizzard, Joe"	"2m7.5f "	"9"	"26"
"14:07:00"	"2024-01-12"	"Sedgefield"	"Coup De Gold (IRE)"	"4.00"	"6"	"Handicap Hurdle"	"6"	"12"	"Kavanagh, Peter J"	"Thompson, D W"	"2m4f "	"8"	"17"
"17:10:00"	"2023-09-28"	"Bellewstown"	"Chilean"	"28.00"	"54.13"	"Handicap"	"4"	"12"	"Colgan, R C"	"Comer, Luke"	"1m4f "	"8"	"28"
"17:35:00"	"2023-09-27"	"Redcar"	"Atomise"	"8.00"	"12.02"	"Handicap"	"10"	"12"	"Beasley, Connor"	"Dods, M"	"7f "	"4"	"27"
"16:35:00"	"2023-09-22"	"Ayr"	"Dandy Maestro"	"8.50"	"11"	"Handicap"	"3"	"13"	"Hart, Jason"	"Spencer, Richard"	"1m "	"5"	"43"
"17:45:00"	"2023-09-19"	"Yarmouth"	"Lipsink (IRE)"	"28.00"	"37.4"	"Handicap"	"8"	"10"	"Ghiani, Marco"	"Cowell, R M H"	"5f "	"6"	"15"
"14:15:00"	"2023-09-15"	"Downpatrick"	"Figurehead (IRE)"	"12.00"	"16.21"	"Maiden Hurdle"	"4"	"10"	"Cleary, Harry"	"Cleary, Michael G"	"2m2f "	"6"	"71"
"18:50:00"	"2023-09-08"	"Kilbeggan"	"Espion Du Chenet (FR)"	"14.00"	"17.68"	"Handicap Chase"	"7"	"8"	"Treacy, R P"	"Lyons, Louise"	"2m3f "	"9"	"11"
"19:40:00"	"2023-09-06"	"Cork"	"Tall Story (IRE)"	"25.00"	"36.57"	"Handicap"	"11"	"25"	"Sheehy, M P"	"OSullivan, Ross"	"7f "	"5"	"44"
"17:00:00"	"2023-09-02"	"Beverley"	"Global Spirit"	"16.00"	"17.93"	"Handicap"	"3"	"9"	"Morris, Luke"	"Fell, R / Murray, S"	"1m.5f "	"8"	"15"
"17:30:00"	"2023-09-01"	"Down Royal"	"Future Proof (IRE)"	"16.00"	"23.59"	"Handicap Hurdle"	"12"	"14"	"Owens, C"	"Rothwell, P J"	"2m1f "	"8"	"9"
"17:15:00"	"2023-08-30"	"Uttoxeter"	"Bignorm (IRE)"	"7.00"	"10.86"	"Handicap Chase"	"8"	"10"	"Poste, Ben J"	"Gasson, Mrs Rosemary"	"3m "	"11"	"31"
"19:55:00"	"2023-08-29"	"Worcester"	"Classic Concorde (IRE)"	"3.50"	"4.8"	"Handicap Hurdle"	"1"	"9"	"Brace, Connor"	"Brace, D"	"2m7f "	"10"	"7"
"17:10:00"	"2023-08-28"	"Chepstow"	"Gilt Edge"	"5.00"	"6.8"	"Handicap"	"5"	"12"	"Mangan, Gina"	"Mason, Christopher"	"6f "	"7"	"4"
"17:40:00"	"2023-08-23"	"Sligo"	"Future Proof (IRE)"	"22.00"	"25.38"	"Handicap Hurdle"	"5"	"12"	"OSullivan, James"	"Rothwell, P J"	"2m1.5f "	"8"	"27"
"20:00:00"	"2023-08-22"	"Worcester"	"Classic Concorde (IRE)"	"12.00"	"15.71"	"Handicap Hurdle"	"2"	"11"	"Brace, Connor"	"Brace, D"	"2m7f "	"10"	"25"
"16:50:00"	"2023-08-20"	"Tramore"	"Prince Of Air (FR)"	"4.00"	"7.1"	"Handicap Hurdle"	"1"	"9"	"Torrens, Simon"	"Rothwell, P J"	"2m "	"6"	"6"
"16:50:00"	"2023-08-19"	"Doncaster"	"Mount King (IRE)"	"18.00"	"26.67"	"Handicap"	"5"	"12"	"Kirrane, Sean"	"Easterby, T D"	"1m "	"3"	"7"
"18:50:00"	"2023-08-14"	"Ballinrobe"	"Prince Of Air (FR)"	"8.00"	"9.6"	"Handicap Hurdle"	"6"	"16"	"OHanlon, P J"	"Rothwell, P J"	"2m.5f "	"6"	"24"
"14:20:00"	"2023-08-11"	"Musselburgh"	"Smart Lass (IRE)"	"14.00"	"17.83"	"Handicap"	"4"	"8"	"Mullen, Andrew"	"Jardine, I"	"1m4.5f "	"8"	"22"
"20:20:00"	"2023-08-09"	"Yarmouth"	"Tammany Hall (IRE)"	"2.50"	"3.85"	"Handicap"	"10"	"10"	"Gordon, Josephine"	"McEntee, P S"	"6f "	"5"	"4"
"17:05:00"	"2023-08-09"	"Sligo"	"Dalvey"	"4.00"	"6.66"	"Claimer"	"6"	"12"	"Keane, C T"	"McAuley, James"	"1m2.5f "	"6"	"20"
"16:00:00"	"2023-08-09"	"Brighton"	"Junoesque"	"8.00"	"10.5"	"Non-Handicap"	"2"	"10"	"Keenan, Darragh"	"Gallagher, J"	"1m2f "	"9"	"61"
"17:00:00"	"2023-08-04"	"Galway"	"Wajaaha (IRE)"	"100.00"	"179.64"	"Handicap Hurdle"	"19"	"20"	"Kelly, Aidan"	"McKenna, P J"	"2m "	"8"	"27"
"20:12:00"	"2023-07-31"	"Ffos Las"	"El Royale"	"2.50"	"3.86"	"Non-Handicap"	"2"	"11"	"Murphy, Oisin"	"Appleby, M"	"1m "	"4"	"10"
"16:05:00"	"2023-07-29"	"Gowran Park"	"Atlas (IRE)"	"8.00"	"12.67"	"Handicap"	"11"	"16"	"Ryan, J J G"	"McCourt, T G"	"1m1.5f "	"10"	"14"
"14:05:00"	"2023-07-29"	"York"	"Soul Seeker (IRE)"	"25.00"	"33.21"	"Handicap"	"1"	"19"	"Nolan, Michael G"	"OMeara, D"	"5f "	"6"	"20"
"14:20:00"	"2023-07-23"	"Stratford"	"Born To Please"	"4.00"	"6"	"Handicap Hurdle"	"6"	"8"	"Tucker, Miss H C"	"Usher, M D I"	"2m2.5f "	"9"	"7"
"19:50:00"	"2023-07-19"	"Killarney"	"Slieve Bearnagh (IRE)"	"4.00"	"6.4"	"Handicap"	"8"	"15"	"Whelan, R P"	"Collins, Tracey / Halford, Mick"	"1m3f "	"6"	"12"
"17:05:00"	"2023-07-19"	"Bath"	"Compere"	"22.00"	"36"	"Handicap"	"6"	"10"	"Bradley, Paddy"	"Attwater, M J"	"1m "	"4"	"22"
"16:30:00"	"2023-07-19"	"Bath"	"Uther Pendragon (IRE)"	"22.00"	"30.88"	"Handicap"	"1"	"12"	"Egan, David"	"Moore, J S"	"1m3.5f "	"8"	"14"
"14:15:00"	"2023-07-13"	"Carlisle"	"Three Platoon"	"28.00"	"34.38"	"Handicap"	"8"	"9"	"Winn, Mark"	"Menzies, Rebecca"	"1m3.5f "	"5"	"198"
"17:50:00"	"2023-07-07"	"Beverley"	"Rathbone"	"16.00"	"22.21"	"Handicap"	"5"	"14"	"Eaves, Tom"	"Herrington,M "	"5f "	"7"	"12"
"15:23:00"	"2023-07-05"	"Worcester"	"Eightytwo Team (IRE)"	"20.00"	"27"	"Handicap Chase"	"3"	"12"	"Powell, Brendan"	"Ellam, Clare"	"2m4.5f "	"7"	"18"
"17:00:00"	"2023-07-02"	"Uttoxeter"	"Bentham (IRE)"	"22.00"	"37.74"	"Handicap Hurdle"	"3"	"12"	"Williamson, Joseph"	"Ender, Miss S J"	"2m "	"9"	"23"
"18:40:00"	"2023-06-30"	"Curragh"	"Zileo"	"20.00"	"34"	"Non-Handicap"	"6"	"18"	"Rodrigues, M"	"Collins, Tracey / Halford, Mick"	"1m4f "	"5"	"15"
"17:20:00"	"2023-06-27"	"Beverley"	"Future Times (FR)"	"4.50"	"7.31"	"Handicap"	"5"	"10"	"Lee, G"	"OKeeffe, Jedd"	"1m2f "	"3"	"28"
"20:30:00"	"2023-06-24"	"Limerick"	"Delta Dawn (IRE)"	"100.00"	"240"	"Handicap"	"8"	"8"	"Sheehy, Danny"	"Leavy, James"	"1m4.5f "	"6"	"8"
"13:50:00"	"2023-06-24"	"Ayr"	"Be Proud (IRE)"	"5.50"	"7.56"	"Handicap"	"4"	"8"	"Mulrennan, Paul"	"Goldie, J S"	"5f "	"7"	"24"
"19:55:00"	"2023-06-23"	"Limerick"	"Bear Claws (IRE)"	"33.00"	"70"	"Handicap"	"1"	"16"	"Hogan, C M"	"McNamara, E"	"1m3.5f "	"7"	"20"
"17:45:00"	"2023-06-22"	"Leopardstown"	"Turbine (IRE)"	"40.00"	"75"	"Handicap"	"12"	"14"	"Heffernan, J A"	"McGuigan, H D"	"7f "	"10"	"315"
"14:50:00"	"2023-06-22"	"Ripon"	"John Kirkup"	"8.50"	"11.3"	"Handicap"	"4"	"9"	"Curtis, B A"	"Thompson, D W"	"6f "	"8"	"28"
"17:15:00"	"2023-06-21"	"Hamilton"	"Samurai Sneddz"	"10.00"	"16"	"Non-Handicap"	"5"	"9"	"Dennis, Phil"	"Scott, Miss Katie"	"1m1f "	"4"	"13"
"14:00:00"	"2023-06-17"	"York"	"Cardano (USA)"	"22.00"	"30.35"	"Handicap"	"7"	"15"	"Obrien, Miss Fern"	"Brookhouse, B"	"1m4f "	"7"	"363"
"19:00:00"	"2023-06-15"	"Leopardstown"	"Eastern Wind"	"9.00"	"11.93"	"Handicap"	"9"	"11"	"Ryan, J J G"	"McCourt, T G"	"1m1f "	"4"	"27"
"19:08:00"	"2023-06-13"	"Sligo"	"Double Jubilee (IRE)"	"40.00"	"55"	"Handicap Hurdle"	"10"	"13"	"Smithers, C D"	"Murray, J G"	"2m4f "	"9"	"18"
"16:00:00"	"2023-06-11"	"Punchestown"	"Halsafari (IRE)"	"11.00"	"13.5"	"Handicap Hurdle"	"10"	"10"	"Kavanagh, Sarah"	"Bowe, Michael J"	"2m3.5f "	"10"	"36"
"16:30:00"	"2023-06-10"	"Catterick"	"Live In The Moment (IRE)"	"0.91"	"2"	"Handicap"	"2"	"8"	"ONeill, K T"	"Haynes, Alice"	"5f "	"6"	"7"
"19:40:00"	"2023-06-07"	"Ripon"	"Gulliver"	"14.00"	"19.07"	"Handicap"	"4"	"8"	"Watson, Jason"	"OMeara, D"	"6f "	"9"	"21"
"16:07:00"	"2023-06-04"	"Listowel"	"Han Solo"	"7.50"	"10"	"Handicap"	"4"	"14"	"Powell, J A"	"Leahy, Augustine"	"1m "	"7"	"193"
"16:00:00"	"2023-06-01"	"Yarmouth"	"Power of Darkness"	"10.00"	"12.95"	"Handicap"	"5"	"8"	"Muscutt, D"	"Fellowes, Charlie"	"1m "	"8"	"27"
"15:10:00"	"2023-05-31"	"Beverley"	"Ugo Gregory"	"3.00"	"4.16"	"Handicap"	"2"	"12"	"Allan, David"	"Easterby, T D"	"7.5f "	"7"	"15"
"17:05:00"	"2023-05-30"	"Leicester"	"Future Times (FR)"	"7.50"	"14.02"	"Handicap"	"5"	"11"	"Garritty, Billy"	"OKeeffe, Jedd"	"1m2f "	"3"	"11"
"19:00:00"	"2023-05-29"	"Ballinrobe"	"Bay Ambition (IRE)"	"6.00"	"7.84"	"Handicap Chase"	"5"	"8"	"Harvey, Mr B W"	"Cromwell, Gavin Patrick"	"2m3.5f "	"10"	"38"
"14:10:00"	"2023-05-20"	"Bangor"	"Robin Des Fox (IRE)"	"6.50"	"7.4"	"Handicap Chase"	"2"	"8"	"Jones, Ben R"	"Signy, Oliver"	"3m "	"7"	"114"
"17:45:00"	"2023-05-19"	"Leopardstown"	"Chavajod"	"40.00"	"49.38"	"Handicap"	"1"	"20"	"Roche, L F"	"Coakley, D P"	"1m "	"5"	"55"
"16:50:00"	"2023-05-06"	"Cork"	"Female Approach (IRE)"	"12.00"	"22.91"	"Handicap Hurdle"	"6"	"17"	"King, D"	"Hogan, Denis Gerard"	"3m1f "	"5"	"15"
"15:45:00"	"2023-05-06"	"Goodwood"	"First Quest (USA)"	"40.00"	"47.82"	"Handicap"	"10"	"11"	"Whelan, Trevor"	"West, Miss Sheena"	"2m "	"9"	"26"
"13:30:00"	"2023-04-19"	"Cheltenham"	"Deyrann de Carjac (FR)"	"12.00"	"23.82"	"Handicap Chase"	"5"	"12"	"Cannon, Tom J"	"King, A"	"2m4.5f "	"10"	"108"
"16:30:00"	"2023-04-15"	"Yarmouth"	"Phoenix Star (IRE)"	"4.00"	"5.5"	"Handicap"	"7"	"11"	"Edmunds, Lewis"	"Macey, Jessica"	"6f "	"7"	"17"
"15:45:00"	"2023-04-13"	"Taunton"	"Furkash (FR)"	"3.50"	"5.56"	"Handicap Chase"	"3"	"8"	"Powell, Brendan"	"Tizzard, Joe"	"2m7f "	"8"	"20"
"17:05:00"	"2023-04-12"	"Southwell"	"Kadex (FR)"	"8.00"	"11"	"Handicap Hurdle"	"PU"	"11"	"Frost, Bryony"	"Wadham, Mrs L"	"3m1f "	"5"	"19"
"15:55:00"	"2023-04-08"	"Fairyhouse"	"Halsafari (IRE)"	"8.00"	"10.63"	"Handicap Chase"	"3"	"10"	"Kavanagh, Sarah"	"Bowe, Michael J"	"2m5.5f "	"10"	"9"
"16:45:00"	"2023-04-04"	"Thirsk"	"Debydinks (IRE)"	"3.50"	"6"	"Handicap"	"7"	"9"	"Garritty, Billy"	"Dalgleish, Keith"	"5f "	"3"	"20"
"16:45:00"	"2023-02-20"	"Lingfield"	"Auld Sod (IRE)"	"28.00"	"42.93"	"Handicap Chase"	"9"	"12"	"Houlihan, Sean M"	"Woods, Mrs Cynthia"	"2m7.5f "	"10"	"81"
"16:10:00"	"2023-02-12"	"Navan"	"Nobody Home (IRE)"	"80.00"	"191.79"	"Handicap Chase"	"PU"	"17"	"Enright, P T"	"Cawley, Edward"	"3m "	"13"	"99"
"15:35:00"	"2023-01-30"	"Hereford"	"Almazhar Garde (FR)"	"16.00"	"26.23"	"Handicap Chase"	"4"	"12"	"Roberts, Mr B"	"Longsdon, C E"	"3m1f "	"8"	"30"
"14:15:00"	"2023-01-29"	"Fontwell"	"Royal Lake (IRE)"	"12.00"	"14.6"	"Handicap Hurdle"	"9"	"13"	"Burke, Jonathan"	"Sherwood, O"	"2m6f "	"7"	"29"
"13:55:00"	"2023-01-27"	"Huntingdon"	"Furkash (FR)"	"9.00"	"11.11"	"Handicap Novices Chase"	"2"	"11"	"Powell, Brendan"	"Tizzard, Joe"	"3m "	"8"	"37"
"13:50:00"	"2023-01-24"	"Down Royal"	"Karens Gift (IRE)"	"14.00"	"20.79"	"Handicap Hurdle"	"1"	"11"	"OSullivan, James"	"Rothwell, P J"	"2m1f "	"9"	"9"
"15:10:00"	"2023-01-16"	"Hereford"	"Legendary Rhythm"	"11.00"	"21.75"	"Handicap Chase"	"6"	"10"	"Poste, Ben J"	"Symonds, Tom"	"2m5f "	"7"	"26"
"14:40:00"	"2023-01-07"	"Wincanton"	"Seymour Promise (IRE)"	"14.00"	"19"	"Handicap Hurdle"	"2"	"17"	"Gingell, Mr Frederick"	"Tizzard, Joe"	"1m7.5f "	"7"	"457"
"16:00:00"	"2023-01-04"	"Hereford"	"Kestrel Valley"	"5.00"	"7.7"	"Handicap Chase"	"9"	"13"	"Sheppard, Stan"	"Sheppard, M"	"2m5f "	"9"	"40"
"13:55:00"	"2023-01-01"	"Cheltenham"	"Deyrann de Carjac (FR)"	"25.00"	"43.51"	"Handicap Chase"	"8"	"16"	"Thorne, Alexander"	"King, A"	"2m5f "	"10"	"50"
"13:00:00"	"2023-01-01"	"Musselburgh"	"Lastofthecosmics"	"4.00"	"6.4"	"Handicap Hurdle"	"3"	"10"	"Hughes, Brian"	"Jardine, I"	"3m "	"8"	"41"
"15:50:00"	"2022-09-29"	"Bellewstown"	"Florence Thompson (IRE)"	"2.50"	"4.4"	"Handicap"	"7"	"13"	"Sheridan, J M"	"Hogan, Denis Gerard"	"5f "	"5"	"2"
"17:25:00"	"2022-09-27"	"Cork"	"Tall Story (IRE)"	"11.00"	"16.97"	"Handicap"	"8"	"16"	"Carroll, G F"	"OSullivan, Ross"	"1m "	"4"	"21"
"15:30:00"	"2022-09-18"	"Hamilton"	"Nodsasgoodasawink"	"14.00"	"17.33"	"Handicap"	"8"	"13"	"Sullivan, James P"	"Perratt, Miss L A"	"5f "	"4"	"3"
"13:42:00"	"2022-09-14"	"Beverley"	"Van Zant"	"33.00"	"46"	"Non-Handicap"	"7"	"12"	"Jary, Alex"	"Carr, Mrs R A"	"1m.5f "	"3"	"19"
"14:50:00"	"2022-09-07"	"Carlisle"	"Sixstar"	"50.00"	"65.37"	"Handicap"	"1"	"9"	"Allan, David"	"Easterby, T D"	"1m "	"3"	"49"
"18:10:00"	"2022-09-06"	"Galway"	"Atlas (IRE)"	"18.00"	"38.2"	"Handicap"	"12"	"16"	"Keane, C T"	"McCourt, T G"	"7f "	"9"	"14"
"19:40:00"	"2022-08-24"	"Bellewstown"	"Benkei (IRE)"	"80.00"	"146.38"	"Handicap"	"10"	"11"	"Gartland, Miss S"	"Rogers, H"	"2m1f "	"12"	"48"
"18:35:00"	"2022-08-18"	"Killarney"	"High Altitude (IRE)"	"7.00"	"9.78"	"Handicap"	"4"	"15"	"Colgan, R C"	"Murphy, John Joseph"	"1m "	"8"	"14"
"17:32:00"	"2022-08-17"	"Worcester"	"El Paso Wood (FR)"	"20.00"	"24.59"	"Handicap Chase"	"6"	"9"	"Noonan, David G"	"Pipe, D E"	"2m7.5f "	"8"	"19"
"17:30:00"	"2022-08-15"	"Roscommon"	"Colonel Slade (IRE)"	"40.00"	"70"	"Claimer"	"10"	"14"	"Lee, W J"	"Scott, Gillian"	"1m2f "	"6"	"26"
"17:50:00"	"2022-08-13"	"Curragh"	"Smart Remark (IRE)"	"20.00"	"40"	"Handicap"	"14"	"19"	"Whearty, R"	"Duffy, B"	"6f "	"4"	"12"
"19:00:00"	"2022-08-11"	"Tramore"	"Eclair De Beaufeu (FR)"	"5.50"	"7.41"	"Handicap Hurdle"	"F"	"8"	"Derwin, Ms K L"	"OGrady, E J"	"2m "	"8"	"10"
"19:45:00"	"2022-08-06"	"Ayr"	"Politics (IRE)"	"7.00"	"10.9"	"Handicap"	"3"	"8"	"Russell, Harry"	"Makin, Phillip"	"6f "	"4"	"26"
"16:50:00"	"2022-08-03"	"Pontefract"	"Soul Seeker (IRE)"	"6.50"	"8.2"	"Handicap"	"1"	"10"	"Tudhope, Daniel"	"OMeara, D"	"5f "	"5"	"11"
"14:45:00"	"2022-08-02"	"Catterick"	"Sin E Shekells"	"14.00"	"19.94"	"Non-Handicap"	"2"	"11"	"Hopper, Paige"	"Dods, M"	"7f "	"5"	"34"
"18:25:00"	"2022-08-01"	"Windsor"	"Live In The Moment (IRE)"	"20.00"	"25.87"	"Handicap"	"10"	"15"	"Havlin, Robert"	"West, Adam"	"6f "	"5"	"9"
"16:30:00"	"2022-07-26"	"Yarmouth"	"Sparked"	"7.50"	"9.06"	"Non-Handicap"	"1"	"12"	"Cosgrave, Pat"	"Boyle, J R"	"5f "	"3"	"21"
"17:45:00"	"2022-07-22"	"Cork"	"Fit For Function"	"12.00"	"18.2"	"Handicap"	"18"	"23"	"Lee, W J"	"Murphy, Joseph G"	"6f "	"9"	"12"
"16:15:00"	"2022-07-20"	"Catterick"	"Winfola (FR)"	"25.00"	"25.29"	"Handicap"	"4"	"9"	"Lee, G"	"Kirby, P A"	"1m4f "	"8"	"11"
"15:00:00"	"2022-07-18"	"Ayr"	"Burtonlodge Beauty (IRE)"	"33.00"	"53.97"	"Handicap"	"10"	"12"	"Hanagan, Paul"	"Perratt, Miss L A"	"6f "	"3"	"7"
"19:10:00"	"2022-07-13"	"Killarney"	"Approachcautiously (IRE)"	"33.00"	"63.47"	"Handicap"	"15"	"15"	"Cummins, Stephen"	"ODonnell, Seamus G"	"1m "	"6"	"264"
"13:45:00"	"2022-07-13"	"Catterick"	"Inside Intel (IRE)"	"16.00"	"24"	"Handicap"	"7"	"13"	"Brookes, Miss Megan"	"Bailey, Liam"	"1m4f "	"5"	"16"
"17:31:00"	"2022-07-10"	"Stratford"	"Trumps Benefit (IRE)"	"4.50"	"6.28"	"Handicap Chase"	"1"	"9"	"Quinn, Caoilin"	"Potter, R D"	"2m.5f "	"9"	"21"
"16:21:00"	"2022-07-10"	"Stratford"	"Thais Toir (FR)"	"11.00"	"16"	"Handicap Chase"	"6"	"11"	"Noonan, David G"	"Wintle, A"	"2m6.5f "	"7"	"57"
"18:45:00"	"2022-07-07"	"Limerick"	"Himalayan Beauty (IRE)"	"7.50"	"9.37"	"Handicap"	"1"	"9"	"Madden, Tom"	"Harrington, Mrs John"	"1m "	"4"	"19"
"17:38:00"	"2022-07-07"	"Newbury"	"Fast Steps (IRE)"	"2.00"	"3.35"	"Handicap"	"2"	"8"	"Millman, Mr P"	"Millman, B R"	"1m "	"4"	"24"
"17:05:00"	"2022-07-07"	"Carlisle"	"Mr Coco Bean (USA)"	"40.00"	"50.19"	"Handicap"	"6"	"8"	"Peate, Jonny"	"Cuthbert, Helen"	"1m1f "	"8"	"5"
"20:35:00"	"2022-07-06"	"Bath"	"Patroon (USA)"	"20.00"	"28.61"	"Handicap"	"9"	"11"	"Burns, Harry"	"Coakley, D J"	"1m2f "	"4"	"23"
"18:05:00"	"2022-07-02"	"Leicester"	"Damascus Finish (IRE)"	"12.00"	"15.5"	"Handicap"	"2"	"9"	"Tart, Robert"	"Johnson, B R"	"1m "	"3"	"18"
"15:28:00"	"2022-07-02"	"Beverley"	"Showalong"	"8.50"	"12.36"	"Handicap"	"9"	"10"	"Garritty, Jack"	"Easterby, T D"	"5f "	"4"	"28"
"18:10:00"	"2022-06-28"	"Roscommon"	"Men Of Dreams (IRE)"	"7.50"	"11.5"	"Handicap"	"5"	"14"	"McConnell, Cillian"	"Levins, J F"	"7.5f "	"4"	"11"
"16:45:00"	"2022-06-27"	"Pontefract"	"Blowing Wind (IRE)"	"8.50"	"11.44"	"Handicap"	"8"	"11"	"Lee, Clifford"	"Dods, M"	"6f "	"4"	"40"
"16:15:00"	"2022-06-24"	"Cartmel"	"Simply Mani"	"20.00"	"22.61"	"Handicap Chase"	"6"	"9"	"McMenamin, Daniel"	"Niven, P D"	"3m1.5f "	"10"	"31"
"18:45:00"	"2022-06-21"	"Sligo"	"Lopes Gold (IRE)"	"4.50"	"7.22"	"Handicap"	"2"	"9"	"Foley, Shane"	"Harrington, Mrs John"	"6f "	"3"	"16"
"19:05:00"	"2022-06-10"	"Fairyhouse"	"San Martino (IRE)"	"6.50"	"11"	"Handicap"	"2"	"9"	"Keane, C T"	"Lyons, G M"	"1m5.5f "	"4"	"32"
"14:30:00"	"2022-06-05"	"Listowel"	"Lopes Gold (IRE)"	"7.50"	"11.01"	"Maiden"	"3"	"8"	"Foley, Shane"	"Harrington, Mrs John"	"6.5f "	"3"	"16"
"19:16:00"	"2022-06-03"	"Doncaster"	"Golden Apollo"	"16.00"	"20.67"	"Handicap"	"6"	"11"	"Sullivan, James P"	"Easterby, T D"	"6f "	"8"	"13"
"19:50:00"	"2022-05-30"	"Ballinrobe"	"No Logic (IRE)"	"10.00"	"14.7"	"Handicap Hurdle"	"SU"	"16"	"Torrens, Simon"	"McConnell, John C"	"2m6.5f "	"6"	"10"
"13:55:00"	"2022-05-28"	"Punchestown"	"Zagnzig (IRE)"	"10.00"	"18.09"	"Handicap Chase"	"F"	"11"	"OCallaghan, Shane"	"Smyth, H"	"2m5f "	"11"	"22"
"18:28:00"	"2022-05-20"	"Catterick"	"Sociologist (FR)"	"10.00"	"12.34"	"Handicap"	"5"	"11"	"Fisher, Jonathan"	"Dixon, Scott"	"1m6f "	"7"	"25"
"19:10:00"	"2022-05-17"	"Sligo"	"Lucky Number"	"12.00"	"17.86"	"Handicap"	"9"	"13"	"Joyce, Wesley"	"McKiernan, Oliver"	"1m2.5f "	"6"	"13"
"17:10:00"	"2022-05-16"	"Windsor"	"Han Solo Berger (IRE)"	"28.00"	"44.02"	"Handicap"	"12"	"13"	"Bishop, Charles"	"Cowell, R M H"	"5f "	"7"	"19"
"17:45:00"	"2022-05-14"	"Thirsk"	"Dogged"	"6.00"	"8.13"	"Handicap"	"7"	"15"	"Rodriguez, Callum"	"Menzies, Rebecca"	"1m "	"5"	"12"
"15:00:00"	"2022-05-07"	"Haydock"	"Ngolo (IRE)"	"28.00"	"36.55"	"Handicap Hurdle"	"1"	"16"	"Sheehan, Gavin"	"Duffield, Mrs A"	"2m "	"7"	"45"
"19:30:00"	"2022-05-06"	"Cork"	"Royal Tribute (IRE)"	"16.00"	"25"	"Handicap"	"14"	"14"	"Bowen, S D"	"Hogan, Denis Gerard"	"7f "	"4"	"16"
"19:20:00"	"2022-05-06"	"Downpatrick"	"Zagnzig (IRE)"	"25.00"	"30"	"Handicap Chase"	"4"	"13"	"Fitzgerald, S"	"Smyth, H"	"2m3.5f "	"11"	"47"
"17:05:00"	"2022-05-04"	"Newton Abbot"	"Subway Surf (IRE)"	"9.00"	"14.1"	"Handicap Hurdle"	"3"	"9"	"Bass, David"	"Bailey, K C"	"2m2.5f "	"8"	"27"
"14:10:00"	"2022-05-01"	"Salisbury"	"Andaleep (IRE)"	"33.00"	"39.18"	"Handicap"	"11"	"14"	"Leech, Roisin"	"Leech, Mrs S"	"7f "	"6"	"97"
"15:30:00"	"2022-04-20"	"Bellewstown"	"Royal Tribute (IRE)"	"9.00"	"13.5"	"Claimer"	"4"	"13"	"Bowen, S D"	"Hogan, Denis Gerard"	"1m "	"4"	"28"
"17:09:00"	"2022-04-18"	"Redcar"	"Zuckerberg (GER)"	"12.00"	"17"	"Handicap"	"3"	"9"	"Edmunds, Lewis"	"Candlish, Jennie"	"2m "	"6"	"25"
"14:20:00"	"2022-04-11"	"Windsor"	"Silver Diva"	"10.00"	"14.18"	"Handicap"	"9"	"16"	"Doyle, Hollie"	"Gallagher, J"	"6f "	"4"	"124"
"16:05:00"	"2022-04-08"	"Aintree"	"Spiritofthegames (IRE)"	"14.00"	"15.08"	"Handicap Chase"	"5"	"29"	"Skelton, Harry"	"Skelton, Daniel"	"2m5f "	"10"	"22"
"18:00:00"	"2022-04-07"	"Gowran Park"	"The Ladys Bid (IRE)"	"4.50"	"6.61"	"Handicap"	"9"	"13"	"Joyce, Wesley"	"Rogers, P M"	"1m1.5f "	"6"	"171"
"18:20:00"	"2022-04-06"	"Leopardstown"	"Inductive"	"28.00"	"46.75"	"Handicap"	"14"	"17"	"Persse, A C"	"Larkin, J"	"1m1f "	"5"	"12"
"16:30:00"	"2022-04-04"	"Windsor"	"Knowwhentorun"	"6.00"	"7.95"	"Handicap"	"9"	"10"	"Fallon, Cieren"	"Teal, R A"	"1m "	"4"	"84"
"16:40:00"	"2022-03-30"	"Market Rasen"	"Wells Gold (IRE)"	"50.00"	"91.27"	"Handicap Chase"	"9"	"10"	"Willmott, Thomas"	"Ender, Miss S J"	"2m6f "	"11"	"62"
"16:10:00"	"2022-03-17"	"Cheltenham"	"Spiritofthegames (IRE)"	"12.00"	"18.11"	"Handicap Chase"	"3"	"15"	"Skelton, Harry"	"Skelton, Daniel"	"2m5f "	"10"	"47"
"14:45:00"	"2022-02-25"	"Exeter"	"Vanderbilt (IRE)"	"25.00"	"34.04"	"Novices Hurdle"	"4"	"8"	"Noonan, David G"	"Gillard, Mark"	"2m1f "	"8"	"78"
"16:45:00"	"2022-02-23"	"Ludlow"	"Fair To Dream"	"25.00"	"27.91"	"Handicap Novices Chase"	"5"	"9"	"Ring, C V"	"Davies, Miss Sarah-Jayne"	"2m "	"9"	"50"
"14:07:00"	"2022-02-09"	"Sedgefield"	"Keeper Chris (IRE)"	"5.50"	"6.8"	"Handicap Hurdle"	"F"	"12"	"Brooke, Henry"	"Thompson, D W"	"3m3f "	"8"	"13"
"16:40:00"	"2022-02-07"	"Fontwell"	"Tarks Hill"	"33.00"	"42.84"	"Handicap Hurdle"	"8"	"15"	"Procter, Mr F"	"Burke, Kieran"	"2m6f "	"8"	"322"
"13:00:00"	"2022-02-07"	"Carlisle"	"Kildrum (IRE)"	"20.00"	"22.26"	"Handicap Chase"	"5"	"9"	"Smith-Chaston, Emma"	"Hammond, Micky"	"3m.5f "	"9"	"23"
"14:25:00"	"2022-02-06"	"Leopardstown"	"Birchdale (IRE)"	"4.50"	"5.74"	"Handicap Chase"	"1"	"17"	"McDonagh, Mark M"	"Bolger, E"	"2m5.5f "	"8"	"41"
"15:30:00"	"2021-09-29"	"Nottingham"	"Just Hiss"	"14.00"	"14.71"	"Handicap"	"5"	"10"	"Allan, David"	"Easterby, T D"	"1m2f "	"8"	"43"
"14:45:00"	"2021-09-28"	"Ayr"	"Kats Bob"	"3.00"	"4.7"	"Handicap"	"1"	"10"	"Mullen, Andrew"	"Jardine, I"	"7.5f "	"3"	"9"
"13:43:00"	"2021-09-28"	"Worcester"	"Begoodtoyourself (IRE)"	"6.50"	"8.2"	"Handicap Chase"	"2"	"8"	"Reed, Harry"	"Kellett, C N"	"2m1f "	"6"	"27"
"15:20:00"	"2021-09-24"	"Listowel"	"Hopefully (IRE)"	"16.00"	"22"	"Handicap Hurdle"	"PU"	"15"	"Sexton, K C"	"Grassick, M C"	"3m "	"6"	"18"
"16:20:00"	"2021-09-20"	"Leicester"	"Winklemann (IRE)"	"22.00"	"20.67"	"Handicap"	"11"	"12"	"Mathias, Imogen"	"Flint, J L"	"7f "	"9"	"21"
"15:55:00"	"2021-09-20"	"Hamilton"	"Canfords Joy (IRE)"	"50.00"	"85.02"	"Handicap"	"9"	"9"	"Garritty, Billy"	"Bailey, Liam"	"1m.5f "	"6"	"114"
"15:20:00"	"2021-09-14"	"Redcar"	"Blackheath"	"11.00"	"14.41"	"Handicap"	"5"	"8"	"Eaves, Tom"	"Dods, M"	"6f "	"6"	"18"
"15:10:00"	"2021-09-14"	"Fontwell"	"Monty Massini"	"33.00"	"29.34"	"Handicap Hurdle"	"8"	"12"	"Price, Charlie"	"Flint, J L"	"3m2f "	"10"	"62"
"14:00:00"	"2021-09-13"	"Thirsk"	"Jungle Inthebungle (IRE)"	"33.00"	"52.31"	"Handicap Seller"	"3"	"18"	"Mason, Joanna"	"Makin, Phillip"	"6f "	"5"	"19"
"14:00:00"	"2021-09-13"	"Thirsk"	"Twelve Diamonds (IRE)"	"20.00"	"27"	"Handicap Seller"	"16"	"18"	"Eaves, Tom"	"Herrington,M "	"6f "	"4"	"36"
"18:15:00"	"2021-09-11"	"Musselburgh"	"Avior Star (IRE)"	"5.00"	"6.97"	"Handicap"	"9"	"10"	"Mullen, Andrew"	"Jardine, I"	"7f "	"3"	"18"
"17:00:00"	"2021-09-08"	"Doncaster"	"Wentworth Falls"	"4.50"	"6.22"	"Handicap"	"1"	"12"	"Beasley, Connor"	"Harker, G A"	"5.5f "	"9"	"25"
"18:00:00"	"2021-09-07"	"Galway"	"Socratic (IRE)"	"16.00"	"21"	"Handicap"	"11"	"13"	"Sheridan, J M"	"Hogan, Denis Gerard"	"7f "	"5"	"8"
"17:10:00"	"2021-08-30"	"Roscommon"	"Socratic (IRE)"	"14.00"	"18.01"	"Handicap"	"8"	"11"	"Sheridan, J M"	"Hogan, Denis Gerard"	"7.5f "	"5"	"28"
"17:00:00"	"2021-08-29"	"Yarmouth"	"Minhaaj (IRE)"	"12.00"	"17"	"Handicap"	"8"	"10"	"Carson, William"	"Attwater, M J"	"6f "	"4"	"11"
"15:40:00"	"2021-08-29"	"Beverley"	"Irv (IRE)"	"6.00"	"8.55"	"Handicap"	"6"	"8"	"Lee, G"	"Hammond, Micky"	"1m.5f "	"5"	"16"
"18:30:00"	"2021-08-27"	"Down Royal"	"Class Bishop Lady (IRE)"	"22.00"	"24.58"	"Handicap Hurdle"	"13"	"16"	"Gainford, Mr J C"	"Foster, Mrs Denise"	"3m "	"6"	"19"
"16:05:00"	"2021-08-21"	"Newton Abbot"	"Nikap (FR)"	"9.00"	"12"	"Handicap Chase"	"3"	"10"	"Noonan, David G"	"Hawke, N J"	"2m5f "	"7"	"30"
"17:05:00"	"2021-08-20"	"Musselburgh"	"This Ones For Fred (IRE)"	"3.00"	"4"	"Handicap"	"2"	"8"	"Sanderson, Benjamin"	"Williams, Ian"	"1m4.5f "	"3"	"6"
"16:20:00"	"2021-08-18"	"Carlisle"	"Lucy Rules (IRE)"	"14.00"	"17.5"	"Handicap"	"9"	"12"	"Brooks, Chelsea"	"Pears, Ollie"	"1m1f "	"3"	"26"
"19:55:00"	"2021-08-14"	"Tramore"	"Lighthouse Lady (IRE)"	"11.00"	"14.5"	"Handicap"	"11"	"12"	"Slattery, A J"	"Kent, Edmond"	"2m "	"5"	"32"
"14:45:00"	"2021-08-14"	"Perth"	"Southern Girl (IRE)"	"18.00"	"20.35"	"Handicap Hurdle"	"5"	"12"	"Fox, Derek R"	"Russell, Miss Lucinda V"	"3m "	"7"	"17"
"19:30:00"	"2021-08-13"	"Curragh"	"Broken Silence (IRE)"	"28.00"	"39.24"	"Handicap"	"15"	"23"	"King, D"	"Roberts, Reginald"	"1m "	"5"	"139"
"17:25:00"	"2021-08-12"	"Beverley"	"Motarajel"	"5.00"	"6.26"	"Handicap"	"3"	"9"	"Allan, David"	"Easterby, T D"	"1m.5f "	"4"	"3"
"15:50:00"	"2021-08-11"	"Yarmouth"	"Racy Stacey"	"11.00"	"12"	"Handicap"	"3"	"11"	"Gordon, Josephine"	"Hollinshead, Steph"	"7f "	"4"	"53"
"16:05:00"	"2021-08-09"	"Ayr"	"Motarajel"	"16.00"	"24"	"Handicap"	"8"	"12"	"Fentiman, Duran"	"Easterby, T D"	"7.5f "	"4"	"13"
"14:25:00"	"2021-08-09"	"Ayr"	"Royal Regent"	"4.50"	"5.8"	"Handicap"	"1"	"12"	"Mathers, Patrick"	"Smith, R Michael"	"1m2f "	"9"	"35"
"18:20:00"	"2021-08-05"	"Leopardstown"	"Aubretia (IRE)"	"66.00"	"140.49"	"Handicap"	"22"	"22"	"Coen, Ben M"	"Murphy, C A"	"1m1f "	"5"	"19"
"13:00:00"	"2021-08-04"	"Bath"	"Airshow"	"3.00"	"4.52"	"Handicap"	"1"	"10"	"Coakley, Ross"	"Millman, B R"	"5f "	"6"	"5"
"18:00:00"	"2021-08-02"	"Carlisle"	"Reclaim Victory (IRE)"	"11.00"	"13.5"	"Handicap"	"8"	"8"	"Pearson, Laura"	"Ellison, B"	"1m1f "	"4"	"9"
"20:35:00"	"2021-07-29"	"Epsom"	"Goddess Of Fire"	"5.50"	"6.77"	"Handicap"	"4"	"10"	"Keenan, Darragh"	"Ryan, J"	"1m.5f "	"4"	"6"
"15:55:00"	"2021-07-28"	"Redcar"	"Kolossus"	"10.00"	"15.5"	"Handicap"	"2"	"12"	"Rodriguez, Callum"	"Thompson, D W"	"6f "	"5"	"16"
"13:30:00"	"2021-07-27"	"Beverley"	"Inside Intel (IRE)"	"8.50"	"11"	"Handicap Seller"	"9"	"9"	"Garritty, Billy"	"Bailey, Liam"	"1m4f "	"4"	"20"
"20:25:00"	"2021-07-26"	"Windsor"	"Paradise On Earth"	"66.00"	"150"	"Handicap"	"8"	"8"	"Tate, Ryan"	"Mongan, Mrs L J"	"1m3.5f "	"4"	"67"
"20:15:00"	"2021-07-23"	"Cork"	"Whyzzat"	"14.00"	"25"	"Handicap"	"3"	"16"	"Sheridan, J M"	"Hogan, Denis Gerard"	"1m2f "	"3"	"16"
"20:00:00"	"2021-07-23"	"York"	"Firmament"	"12.00"	"16"	"Handicap"	"7"	"10"	"Gray, S A"	"OMeara, D"	"1m "	"9"	"6"
"18:45:00"	"2021-07-20"	"Nottingham"	"Low Profile"	"2.50"	"3.52"	"Handicap"	"6"	"8"	"Tudhope, Daniel"	"Walford, Mark"	"1m6f "	"6"	"42"
"14:55:00"	"2021-07-18"	"Tipperary"	"Ocean Glandore (IRE)"	"12.00"	"18"	"Handicap Chase"	"PU"	"14"	"Walsh, E"	"Hogan, Denis Gerard"	"2m6.5f "	"12"	"15"
"20:50:00"	"2021-07-16"	"Newmarket (July)"	"Kick On Kick On"	"9.00"	"12.5"	"Handicap"	"2"	"9"	"Buick, William"	"Williams, Ian"	"7f "	"6"	"23"
"17:15:00"	"2021-07-10"	"York"	"True Mason"	"25.00"	"47.99"	"Handicap"	"7"	"19"	"Scott, Rowan"	"Makin, Phillip"	"6f "	"5"	"42"
"17:35:00"	"2021-07-09"	"Kilbeggan"	"Cappacon (IRE)"	"33.00"	"42"	"Handicap Hurdle"	"5"	"14"	"Mullins, D E"	"McKiernan, Oliver"	"2m4f "	"13"	"40"
"13:35:00"	"2021-07-07"	"Lingfield"	"Inside Intel (IRE)"	"9.00"	"11.65"	"Handicap Seller"	"5"	"10"	"Stammers, Oliver"	"Bailey, Liam"	"1m3.5f "	"4"	"13"
"13:35:00"	"2021-07-05"	"Ayr"	"Oriental Lilly"	"2.00"	"3.1"	"Handicap"	"1"	"10"	"Mulrennan, Paul"	"Goldie, J S"	"6f "	"7"	"7"
"20:55:00"	"2021-06-30"	"Bath"	"Andre Amar (IRE)"	"7.00"	"9.93"	"Non-Handicap"	"1"	"14"	"Keenan, Darragh"	"Brisland, Robyn"	"5f "	"5"	"43"
"19:45:00"	"2021-06-30"	"Tipperary"	"Lighthouse Lady (IRE)"	"7.00"	"10"	"Handicap"	"6"	"16"	"Crosse, S M"	"Kent, Edmond"	"1m4.5f "	"5"	"16"
"17:05:00"	"2021-06-22"	"Brighton"	"Perfect Symphony (IRE)"	"25.00"	"36"	"Handicap"	"4"	"8"	"Morris, Luke"	"Pattinson, Mark"	"6f "	"7"	"22"
"14:35:00"	"2021-06-20"	"Worcester"	"Sweeping Rock (IRE)"	"8.50"	"11.5"	"Handicap Hurdle"	"4"	"11"	"Moore, Jamie"	"Spearing, J L"	"2m4.5f "	"11"	"10"
"15:10:00"	"2021-06-19"	"Perth"	"Pammi"	"4.00"	"5.45"	"Handicap Hurdle"	"1"	"9"	"Reed, Harry"	"Goldie, J S"	"3m.5f "	"6"	"13"
"21:00:00"	"2021-06-16"	"Ripon"	"Kyllachy Warrior (IRE)"	"14.00"	"17"	"Handicap"	"10"	"14"	"McManoman, Faye"	"Mullaney, L A"	"5f "	"5"	"20"
"20:40:00"	"2021-06-15"	"Beverley"	"International Lion"	"100.00"	"160"	"Handicap"	"10"	"14"	"Robinson, Ben"	"Wainwright, J S"	"1m.5f "	"4"	"12"
"14:25:00"	"2021-06-12"	"Limerick"	"Tommy Taylor (USA)"	"12.00"	"16.55"	"Non-Handicap"	"10"	"11"	"Madden, Tom"	"Meade, Noel"	"6.5f "	"7"	"11"
"16:05:00"	"2021-06-07"	"Listowel"	"Snow Falcon (IRE)"	"5.00"	"7.8"	"Chase"	"2"	"9"	"Walsh, E"	"Meade, Noel"	"2m3f "	"11"	"9"
"17:20:00"	"2021-06-04"	"Catterick"	"Acquisitor"	"7.50"	"12.68"	"Handicap"	"1"	"14"	"Garritty, Billy"	"Kirby, P A"	"7f "	"3"	"7"
"13:40:00"	"2021-06-04"	"Market Rasen"	"Andapa (FR)"	"7.50"	"9.55"	"Handicap Novices Hurdle"	"5"	"10"	"OBrien, T J"	"Roberts, M J"	"2m5.5f "	"7"	"30"
"17:15:00"	"2021-05-31"	"Redcar"	"Home Before Dusk"	"6.00"	"8.4"	"Handicap"	"4"	"8"	"Rodriguez, Callum"	"Dalgleish, Keith"	"1m2f "	"6"	"6"
"15:55:00"	"2021-05-31"	"Windsor"	"Wait Forever (IRE)"	"8.50"	"13.14"	"Handicap"	"6"	"9"	"Kingscote, Richard"	"Botti, M"	"1m2f "	"6"	"37"
"18:00:00"	"2021-05-29"	"Ffos Las"	"Yourholidayisover (IRE)"	"50.00"	"75"	"Handicap Chase"	"PU"	"13"	"Worsley, Tabitha"	"Howell, Ms G"	"2m "	"14"	"149"
"15:45:00"	"2021-05-28"	"Carlisle"	"Acquisitor"	"7.50"	"10.5"	"Handicap"	"3"	"11"	"Stott, Kevin"	"Kirby, P A"	"6f "	"3"	"32"
"17:15:00"	"2021-05-27"	"Ripon"	"Show Palace"	"4.00"	"6.9"	"Handicap"	"5"	"8"	"Fanning, Joe"	"Candlish, Jennie"	"5f "	"8"	"28"
"19:30:00"	"2021-05-26"	"Warwick"	"Dun Bay Creek"	"125.00"	"285.96"	"Handicap Chase"	"8"	"13"	"Noonan, David G"	"Brotherton, R"	"2m4.5f "	"10"	"33"
"14:55:00"	"2021-05-25"	"Musselburgh"	"Clotherholme (IRE)"	"4.00"	"5.71"	"Handicap"	"2"	"9"	"Allan, David"	"Duffield, Mrs A"	"7f "	"4"	"26"
"16:30:00"	"2021-05-19"	"Warwick"	"Antony (FR)"	"18.00"	"27"	"Handicap Hurdle"	"7"	"8"	"Moore, Joshua"	"Moore, Gary and Josh"	"3m1f "	"11"	"36"
"16:40:00"	"2021-05-18"	"Limerick"	"Captain Cobajay (IRE)"	"50.00"	"83.1"	"Handicap Chase"	"12"	"15"	"Donovan, Philip"	"Sheehy, E"	"2m1.5f "	"8"	"12"
"15:50:00"	"2021-05-15"	"Newmarket (Rowley)"	"Pistoletto (USA)"	"40.00"	"60"	"Handicap"	"8"	"11"	"Kingscote, Richard"	"Ryan, J"	"7f "	"4"	"126"
"13:30:00"	"2021-05-10"	"Ffos Las"	"Easkey Lad (IRE)"	"20.00"	"25.55"	"Handicap Hurdle"	"6"	"12"	"Jones, Ben R"	"Burchell, D"	"2m4f "	"6"	"160"
"15:30:00"	"2021-04-30"	"Chepstow"	"Papas Girl (IRE)"	"11.00"	"14.57"	"Handicap"	"6"	"11"	"Bishop, Charles"	"Moore, J S"	"6f "	"3"	"18"
"16:30:00"	"2021-04-28"	"Ascot"	"Kick On Kick On"	"14.00"	"21"	"Handicap"	"5"	"8"	"Whittington, Elisha"	"Williams, Ian"	"5f "	"6"	"23"
"16:05:00"	"2021-04-23"	"Worcester"	"Enforcement (IRE)"	"28.00"	"50"	"Handicap Chase"	"6"	"15"	"Lenihan, Kai"	"Keighley, M"	"2m5f "	"6"	"23"
"14:40:00"	"2021-04-20"	"Sedgefield"	"Wolfcatcher (IRE)"	"28.00"	"38"	"Handicap Chase"	"6"	"8"	"McMenamin, Daniel"	"Stephen, Mrs Jackie"	"2m3.5f "	"9"	"164"
"11:45:00"	"2021-04-18"	"Stratford"	"Frankie Baby (IRE)"	"11.00"	"13.5"	"Handicap Hurdle"	"6"	"10"	"Sheehan, Gavin"	"Greatrex, W J"	"3m3f "	"6"	"13"
"12:40:00"	"2021-04-17"	"Thirsk"	"Sheepscar Lad (IRE)"	"6.00"	"8.13"	"Handicap"	"12"	"12"	"Eaves, Tom"	"Tinkler, N"	"6f "	"7"	"164"
"16:40:00"	"2021-04-12"	"Windsor"	"Kingston Kurrajong"	"66.00"	"108.37"	"Handicap"	"12"	"13"	"Watson, Jason"	"Attwater, M J"	"1m "	"8"	"138"
"19:00:00"	"2021-04-07"	"Gowran Park"	"Patchouli"	"7.00"	"10.08"	"Handicap"	"7"	"17"	"Sheridan, J M"	"Hogan, Denis Gerard"	"1m1.5f "	"5"	"4"
"16:40:00"	"2021-04-06"	"Bath"	"Masque Of Anarchy (IRE)"	"8.00"	"12"	"Handicap"	"4"	"14"	"Probert, David"	"Hanlon, Stephen"	"1m3.5f "	"5"	"25"
"16:15:00"	"2021-04-01"	"Uttoxeter"	"Stay Out Of Court (IRE)"	"4.00"	"6.41"	"Handicap Chase"	"4"	"8"	"Baker, Mr Z"	"Wintle, A"	"3m2f "	"10"	"127"
"16:45:00"	"2021-03-20"	"Uttoxeter"	"Missesgeejay"	"14.00"	"21"	"Handicap Hurdle"	"PU"	"11"	"Skelton, Harry"	"Barclay, Stella"	"2m "	"11"	"107"
"16:15:00"	"2021-03-10"	"Catterick"	"Blackfinch"	"5.50"	"8.77"	"Handicap Hurdle"	"PU"	"8"	"Gethings, Ciaran"	"Edmunds, Stuart"	"3m2f "	"6"	"82"
"16:30:00"	"2021-03-09"	"Clonmel"	"Doldido (IRE)"	"6.00"	"8.2"	"Handicap Hurdle"	"7"	"9"	"Foley, Barry"	"Winters, Michael"	"2m3f "	"8"	"16"
"12:30:00"	"2021-03-01"	"Plumpton"	"Kentford Mallard"	"7.00"	"9.13"	"Handicap Hurdle"	"7"	"13"	"Jones, Kevin"	"Mullins, J W"	"2m5f "	"8"	"40"
"13:00:00"	"2021-02-18"	"Leicester"	"Watar Allstar (IRE)"	"11.00"	"15"	"Handicap Novices Chase"	"4"	"9"	"Best, J A"	"Irvine, Andy"	"2m4.5f "	"7"	"15"
"14:30:00"	"2021-01-18"	"Ayr"	"No No Mac (IRE)"	"25.00"	"36.51"	"Handicap Chase"	"4"	"11"	"Fox, Derek R"	"Duncan, I A"	"2m5.5f "	"12"	"28"
"15:00:00"	"2020-09-30"	"Punchestown"	"Unchago (IRE)"	"22.00"	"43.92"	"Handicap Chase"	"PU"	"17"	"Hayes, Brian"	"McNiff, Mark Michael"	"2m6f "	"8"	"16"
"15:50:00"	"2020-09-22"	"Beverley"	"Stone Mason (IRE)"	"3.50"	"5.85"	"Handicap"	"5"	"16"	"Gordon, Josephine"	"Appleby, M"	"1m.5f "	"4"	"6"
"15:45:00"	"2020-09-19"	"Gowran Park"	"Macaban City (IRE)"	"9.00"	"11.5"	"Handicap"	"10"	"14"	"Harnett, P A"	"Hussey, Gerard Michael"	"1m "	"4"	"17"
"15:00:00"	"2020-09-19"	"Newton Abbot"	"Easkey Lad (IRE)"	"33.00"	"36"	"Handicap Hurdle"	"3"	"16"	"Dunne, R T"	"Burchell, D"	"2m1f "	"5"	"225"
"16:30:00"	"2020-09-17"	"Ayr"	"So Beloved"	"7.50"	"10.46"	"Handicap"	"7"	"13"	"Dawson, R"	"OMeara, D"	"7.5f "	"10"	"13"
"17:05:00"	"2020-09-16"	"Beverley"	"Stone Mason (IRE)"	"1.38"	"2.6"	"Non-Handicap"	"2"	"15"	"Heard, Tyler"	"Appleby, M"	"1m.5f "	"4"	"16"
"15:20:00"	"2020-09-15"	"Redcar"	"Normandy Barriere (IRE)"	"5.50"	"8.8"	"Handicap"	"10"	"15"	"Hart, Jason"	"Tinkler, N"	"6f "	"8"	"35"
"19:30:00"	"2020-09-04"	"Sedgefield"	"Russian Royale"	"20.00"	"27"	"Handicap Hurdle"	"6"	"10"	"MacDonald, Aidan"	"Hammond, Micky"	"2m4f "	"10"	"217"
"16:25:00"	"2020-09-03"	"Punchestown"	"Auma (IRE)"	"8.50"	"12"	"Handicap"	"11"	"14"	"Manning, K J"	"Bolger, J S"	"1m1f "	"3"	"13"
"17:45:00"	"2020-09-02"	"Lingfield"	"A Place To Dream"	"16.00"	"23.79"	"Handicap"	"6"	"12"	"Lyons, Joseph"	"Murphy, Mike"	"7f "	"4"	"20"
"14:00:00"	"2020-09-02"	"Bath"	"King Crimson"	"25.00"	"29.26"	"Handicap"	"13"	"13"	"Hutchinson, Callum"	"Curran, S"	"5.5f "	"8"	"27"
"19:30:00"	"2020-09-01"	"Newton Abbot"	"Raving Bonkers"	"12.00"	"15.77"	"Handicap Hurdle"	"UR"	"17"	"Best, J A"	"Keighley, M"	"2m1f "	"7"	"39"
"19:15:00"	"2020-09-01"	"Hamilton"	"Buzz Lightyere"	"125.00"	"391.43"	"Handicap"	"13"	"14"	"Hanagan, Paul"	"Wainwright, J S"	"1m1f "	"7"	"14"
"14:55:00"	"2020-08-31"	"Ripon"	"Fox Kasper (IRE)"	"3.33"	"5.06"	"Handicap"	"1"	"10"	"Allan, David"	"Easterby, T D"	"1m2f "	"4"	"30"
"18:00:00"	"2020-08-25"	"Yarmouth"	"Rochford (IRE)"	"50.00"	"61.67"	"Non-Handicap"	"1"	"14"	"Turner, Hayley"	"Spiller, Henry"	"7f "	"3"	"18"
"16:20:00"	"2020-08-18"	"Fontwell"	"Incredible Dream (IRE)"	"10.00"	"14"	"Handicap Hurdle"	"7"	"10"	"Quinlan, Jack"	"Allen, C N"	"2m3f "	"7"	"35"
"13:30:00"	"2020-08-16"	"Ripon"	"B Fifty Two (IRE)"	"18.00"	"23.53"	"Handicap"	"11"	"16"	"Elliott, Jane"	"Fife, Mrs Marjorie"	"6f "	"11"	"10"
"17:15:00"	"2020-08-14"	"Tramore"	"Loch Luatha (IRE)"	"16.00"	"22.45"	"Handicap Chase"	"4"	"13"	"Treacy, R P"	"Young, L"	"2m5.5f "	"10"	"11"
"15:40:00"	"2020-08-13"	"Hamilton"	"Humbert (IRE)"	"12.00"	"20"	"Handicap"	"4"	"15"	"Tudhope, Daniel"	"OMeara, D"	"1m1f "	"6"	"16"
"16:45:00"	"2020-08-12"	"Beverley"	"Violette Szabo (IRE)"	"40.00"	"59.39"	"Handicap"	"3"	"9"	"McManoman, Faye"	"Tinkler, N"	"1m2f "	"3"	"26"
"19:40:00"	"2020-08-11"	"Perth"	"Walkin In The Rain (IRE)"	"7.00"	"8"	"Handicap Chase"	"F"	"13"	"Hughes, Brian"	"Goldie, J S"	"2m4f "	"7"	"21"
"18:40:00"	"2020-08-11"	"Perth"	"Dagian (IRE)"	"6.50"	"9.07"	"Handicap Hurdle"	"4"	"10"	"Jones, Charlotte"	"Moffatt, James"	"2m.5f "	"5"	"215"
"13:55:00"	"2020-08-11"	"Haydock"	"Lady Calcaria"	"8.50"	"12.5"	"Handicap"	"2"	"12"	"Allan, David"	"Easterby, T D"	"6f "	"4"	"14"
"15:05:00"	"2020-08-09"	"Thirsk"	"Lucky Beggar (IRE)"	"20.00"	"32.56"	"Handicap"	"13"	"19"	"Allan, David"	"Griffiths, D C"	"6f "	"10"	"5"
"16:50:00"	"2020-08-08"	"Cork"	"Youceeyouceecee (IRE)"	"8.50"	"13.53"	"Handicap"	"1"	"18"	"Lee, W J"	"Finn, Miss Susan A"	"7f "	"8"	"49"
"15:40:00"	"2020-08-05"	"Ayr"	"Stronsay (IRE)"	"4.50"	"6.48"	"Handicap"	"9"	"9"	"Tudhope, Daniel"	"Bailey, Liam"	"7.5f "	"4"	"14"
"15:15:00"	"2020-08-04"	"Catterick"	"B Fifty Two (IRE)"	"28.00"	"38"	"Handicap"	"4"	"12"	"Elliott, Jane"	"Fife, Mrs Marjorie"	"6f "	"11"	"7"
"16:40:00"	"2020-08-02"	"Leicester"	"Were Reunited (IRE)"	"12.00"	"14.96"	"Handicap"	"5"	"11"	"ONeill, K T"	"Harris, R A"	"6f "	"3"	"30"
"15:20:00"	"2020-08-02"	"Sandown"	"Central City (IRE)"	"28.00"	"34.78"	"Handicap"	"9"	"10"	"Ashton, Gavin"	"Williams, Ian"	"1m2f "	"5"	"148"
"20:00:00"	"2020-07-30"	"Musselburgh"	"Pumaflor (IRE)"	"3.33"	"4.91"	"Non-Handicap"	"4"	"10"	"Mulrennan, Paul"	"Midgley, P T"	"7f "	"8"	"30"
"17:55:00"	"2020-07-18"	"Haydock"	"Jewel Maker (IRE)"	"11.00"	"15.5"	"Handicap"	"7"	"12"	"Richardson, Rachel"	"Easterby, T D"	"5f "	"5"	"11"
"16:10:00"	"2020-07-18"	"York"	"Broken Spear"	"4.50"	"5.8"	"Handicap"	"12"	"18"	"Stott, Kevin"	"Coyle, Tony"	"6f "	"4"	"3"
"16:10:00"	"2020-07-18"	"York"	"Dark Shot"	"40.00"	"52.54"	"Handicap"	"16"	"18"	"Mathers, Patrick"	"Dixon, Scott"	"6f "	"7"	"12"
"15:30:00"	"2020-07-17"	"Limerick"	"Tennessee Wildcat (IRE)"	"16.00"	"17.56"	"Handicap"	"11"	"16"	"Powell, J A"	"Levins, J F"	"1m "	"10"	"9"
"20:00:00"	"2020-07-16"	"Sandown"	"Golden Jeffrey (SWI)"	"40.00"	"59.41"	"Handicap"	"9"	"12"	"Ryan, Rossa"	"Pipe, D E"	"1m6f "	"7"	"173"
"16:55:00"	"2020-07-16"	"Sandown"	"Konchek"	"3.00"	"4.5"	"Handicap"	"2"	"9"	"Kirby, Adam"	"Cox, C G"	"5f "	"4"	"10"
"16:20:00"	"2020-07-15"	"Catterick"	"Dorset Blue (IRE)"	"20.00"	"32"	"Handicap"	"13"	"13"	"Hart, Jason"	"Walford, Mark"	"1m4f "	"3"	"24"
"19:05:00"	"2020-07-14"	"Ripon"	"Jagerbond"	"40.00"	"80"	"Non-Handicap"	"5"	"10"	"Quinn, Jimmy"	"Crook, A"	"1m2f "	"4"	"18"
"14:50:00"	"2020-07-13"	"Ayr"	"Cosmic Symbol (IRE)"	"16.00"	"24.87"	"Non-Handicap"	"9"	"12"	"Mulrennan, Paul"	"Jardine, I"	"1m "	"9"	"213"
"18:10:00"	"2020-07-03"	"Navan"	"Noble Intention (IRE)"	"10.00"	"17.5"	"Handicap"	"1"	"16"	"McMonagle, Dylan B"	"Martin, A J"	"1m2f "	"6"	"14"
"20:00:00"	"2020-07-01"	"Leopardstown"	"Rince Deireanach (IRE)"	"40.00"	"85"	"Handicap"	"7"	"15"	"Sheehy, Danny"	"Lambe, J J"	"7f "	"5"	"7"
"13:30:00"	"2020-06-29"	"Yarmouth"	"The Right Choice (IRE)"	"2.50"	"4.52"	"Handicap"	"8"	"11"	"Muscutt, D"	"Ferguson, James"	"7f "	"5"	"14"
"16:45:00"	"2020-06-20"	"Naas"	"Youceeyouceecee (IRE)"	"25.00"	"40"	"Handicap"	"11"	"16"	"Leonard, Killian"	"Finn, Miss Susan A"	"7f "	"8"	"236"
"18:45:00"	"2020-06-18"	"Fairyhouse"	"Fair Game (IRE)"	"16.00"	"23"	"Handicap"	"5"	"12"	"McDonogh, D P"	"OGrady, E J"	"7f "	"7"	"9"
"17:00:00"	"2020-06-15"	"Pontefract"	"Embrace The Moment (IRE)"	"6.00"	"7.21"	"Handicap"	"1"	"10"	"Curtis, B A"	"Williams, Ian"	"1m2f "	"4"	"112"
"14:20:00"	"2020-06-14"	"Goodwood"	"Corinthia Knight (IRE)"	"25.00"	"43.24"	"Non-Handicap"	"7"	"9"	"Doyle, Hollie"	"Watson, Archie"	"6f "	"5"	"94"
"18:10:00"	"2020-06-10"	"Yarmouth"	"Grey Galleon (USA)"	"5.50"	"7.2"	"Handicap"	"2"	"11"	"Ryan, Rossa"	"Teal, R A"	"6f "	"6"	"180"
"16:30:00"	"2020-06-09"	"Leopardstown"	"Fair Game (IRE)"	"8.00"	"8.4"	"Handicap"	"12"	"18"	"McDonogh, D P"	"OGrady, E J"	"1m "	"7"	"214"
"15:00:00"	"2020-03-16"	"Southwell"	"Manor Park"	"5.00"	"6.56"	"Handicap Hurdle"	"4"	"9"	"Heskin, A P"	"King, A"	"2m "	"5"	"65"
"15:05:00"	"2020-03-12"	"Doncaster"	"Brotherly Company (IRE)"	"10.00"	"14.07"	"Handicap Chase"	"7"	"10"	"Bannister, Harry A A"	"Foster, Miss J E"	"3m "	"8"	"8"
"14:25:00"	"2020-03-11"	"Huntingdon"	"Tara Well (IRE)"	"9.00"	"13.25"	"Handicap Hurdle"	"7"	"14"	"Biddle, Ceris"	"Dickin, R"	"2m5f "	"10"	"58"
"16:15:00"	"2020-03-07"	"Ayr"	"Wind Of Hope (IRE)"	"8.00"	"10.5"	"Handicap Hurdle"	"1"	"8"	"Bewley, Callum"	"Whillans, A C"	"3m1f "	"11"	"19"
"16:40:00"	"2020-02-19"	"Ludlow"	"All Is Good (IRE)"	"6.00"	"7.8"	"Handicap Novices Chase"	"4"	"10"	"Worsley, Tabitha"	"Dickin, R"	"2m "	"8"	"17"
"14:00:00"	"2020-02-13"	"Leicester"	"Torrent Des Mottes (FR)"	"10.00"	"10.5"	"Handicap Chase"	"5"	"9"	"Cowley, Patrick"	"Cornwall, J R"	"2m "	"9"	"7"
"16:35:00"	"2020-02-04"	"Sedgefield"	"Pc Dixon"	"9.00"	"11.56"	"Handicap Chase"	"6"	"9"	"Wadge, Cameron"	"Thompson, V"	"2m5f "	"7"	"18"
"15:00:00"	"2020-02-01"	"Sandown"	"Clondaw Cian (IRE)"	"50.00"	"132.79"	"Handicap Hurdle"	"6"	"17"	"Gethings, Ciaran"	"Leech, Mrs S"	"2m7.5f "	"10"	"290"
"15:35:00"	"2020-01-11"	"Warwick"	"Connetable (FR)"	"100.00"	"378.98"	"Handicap Hurdle"	"11"	"14"	"Treadwell, Liam"	"Evans, H J"	"3m.5f "	"8"	"302"
"14:10:00"	"2020-01-11"	"Fairyhouse"	"Doctor Phoenix (IRE)"	"16.00"	"28.55"	"Handicap Chase"	"PU"	"14"	"Russell, D N"	"Elliott, Gordon"	"2m1f "	"12"	"42"
"12:15:00"	"2020-01-10"	"Sedgefield"	"Bertie Blake (IRE)"	"2.25"	"3.59"	"Handicap Hurdle"	"1"	"11"	"Dowson, Thomas"	"Kirby, P A"	"2m3.5f "	"7"	"15"
"13:35:00"	"2020-01-01"	"Catterick"	"Craig Star (IRE)"	"20.00"	"30.02"	"Handicap Hurdle"	"5"	"9"	"Murtagh, Lorcan"	"McCain Jnr, D"	"2m "	"10"	"14"
"17:30:00"	"2019-09-28"	"Curragh"	"Mallacoota (IRE)"	"8.00"	"10.5"	"Handicap"	"9"	"19"	"Kelly, Miss N C"	"Harrington, Mrs John"	"1m4f "	"3"	"28"
"14:55:00"	"2019-09-28"	"Navan"	"Balgowlah (IRE)"	"20.00"	"48"	"Handicap Hurdle"	"6"	"25"	"Meyler, D"	"McBratney, C A"	"2m6f "	"4"	"33"
"14:10:00"	"2019-09-28"	"Chester"	"Dragons Tail (IRE)"	"14.00"	"22.72"	"Handicap"	"2"	"12"	"Elliott, Jane"	"Dascombe, Tom"	"7f "	"4"	"15"
"17:35:00"	"2019-09-18"	"Sandown"	"Guroor"	"7.00"	"12.24"	"Handicap"	"5"	"9"	"Atzeni, Andrea"	"Botti, M"	"1m2f "	"3"	"37"
"14:00:00"	"2019-09-14"	"Bath"	"Wiff Waff"	"20.00"	"34"	"Handicap"	"11"	"15"	"Sweeney, Fergus"	"Gordon, C"	"5.5f "	"4"	"20"
"16:50:00"	"2019-09-09"	"Brighton"	"Duke Of North (IRE)"	"9.00"	"16.5"	"Handicap"	"2"	"10"	"Francis, Isobel"	"Boyle, J R"	"1m "	"7"	"13"
"15:10:00"	"2019-09-07"	"Wexford"	"Sizing Joshua (IRE)"	"6.00"	"7.44"	"Handicap Hurdle"	"4"	"14"	"OFarrell, Miss K"	"Morris, M F"	"2m4f "	"6"	"23"
"17:10:00"	"2019-09-03"	"Catterick"	"Flower Power"	"16.00"	"19.3"	"Handicap"	"1"	"8"	"Hart, Jason"	"Coyle, Tony"	"1m4f "	"8"	"15"
"16:25:00"	"2019-08-31"	"Beverley"	"Calder Prince (IRE)"	"18.00"	"26"	"Handicap"	"1"	"10"	"Rawlinson, Ali"	"Dascombe, Tom"	"7.5f "	"6"	"24"
"18:35:00"	"2019-08-28"	"Bellewstown"	"Gopsies Daughter (IRE)"	"4.50"	"6.2"	"Handicap"	"4"	"14"	"Doyle, Joe"	"Hogan, Denis Gerard"	"5f "	"8"	"33"
"18:30:00"	"2019-08-27"	"Musselburgh"	"Dark Devil (IRE)"	"9.00"	"11.5"	"Handicap"	"10"	"10"	"Davis, Sean"	"Fahey, R A"	"1m1f "	"6"	"11"
"18:00:00"	"2019-08-27"	"Musselburgh"	"Spennys Lass"	"16.00"	"25"	"Handicap"	"11"	"12"	"Hardie, Cameron"	"Ryan, J"	"7f "	"4"	"14"
"17:00:00"	"2019-08-23"	"Goodwood"	"The Lamplighter (FR)"	"7.00"	"8.65"	"Handicap"	"1"	"8"	"Fallon, Cieren"	"Baker, George"	"6f "	"4"	"8"
"13:45:00"	"2019-08-22"	"Chepstow"	"Swiper (IRE)"	"20.00"	"34"	"Handicap"	"7"	"15"	"Ryan, Rossa"	"Oshea, J G M"	"1m "	"3"	"8"
"15:40:00"	"2019-08-20"	"Brighton"	"Paddy The Chef (IRE)"	"3.50"	"4.84"	"Handicap"	"8"	"11"	"Fallon, Cieren"	"Williams, Ian"	"1m4f "	"4"	"21"
"17:35:00"	"2019-08-19"	"Catterick"	"Duke Of Yorkshire"	"22.00"	"34.69"	"Handicap"	"7"	"10"	"Easterby, Miss E"	"Easterby, T D"	"1m4f "	"9"	"17"
"15:10:00"	"2019-08-18"	"Tramore"	"Hickeys Rock (IRE)"	"5.50"	"7.2"	"Handicap Hurdle"	"5"	"14"	"OFarrell, Miss K"	"Morris, M F"	"2m "	"7"	"13"
"19:30:00"	"2019-08-16"	"Thirsk"	"Al Erayg (IRE)"	"3.00"	"4.32"	"Handicap"	"2"	"9"	"Hart, Jason"	"Easterby, T D"	"1m "	"6"	"6"
"17:50:00"	"2019-08-16"	"Newmarket (July)"	"Normandy Barriere (IRE)"	"5.00"	"7.72"	"Handicap"	"7"	"9"	"Clifton, Izzy"	"Tinkler, N"	"6f "	"7"	"20"
"17:05:00"	"2019-08-15"	"Beverley"	"Prince Consort (IRE)"	"40.00"	"85"	"Handicap"	"6"	"10"	"Bowen, Miss S L"	"Wainwright, J S"	"1m.5f "	"4"	"16"
"18:40:00"	"2019-08-12"	"Ballinrobe"	"Mosstown Miller (IRE)"	"4.00"	"5.88"	"Handicap Hurdle"	"8"	"11"	"Slevin, J J"	"Hassett, P J"	"2m1f "	"8"	"18"
"16:00:00"	"2019-08-09"	"Brighton"	"Tin Hat (IRE)"	"12.00"	"18.04"	"Handicap"	"1"	"9"	"Dobie, Georgia"	"Houghton, Eve Johnson"	"6f "	"3"	"11"
"15:30:00"	"2019-08-07"	"Brighton"	"Principia"	"20.00"	"34"	"Handicap"	"8"	"13"	"Bennett, Charlie"	"West, Adam"	"1m2f "	"4"	"11"
"17:30:00"	"2019-08-05"	"Windsor"	"Mobham (IRE)"	"16.00"	"20"	"Handicap"	"7"	"8"	"Rawlinson, Ali"	"Jenkins, J R"	"1m3.5f "	"4"	"6"
"16:30:00"	"2019-08-02"	"Bangor"	"Never A Word (USA)"	"9.00"	"15"	"Handicap Hurdle"	"5"	"15"	"Turner, Ross"	"Greenall, O / Guerriero, J"	"2m.5f "	"5"	"13"
"17:30:00"	"2019-07-30"	"Beverley"	"Anchises"	"25.00"	"27.94"	"Handicap"	"9"	"9"	"Smith, Becky"	"Menzies, Rebecca"	"1m2f "	"4"	"38"
"14:50:00"	"2019-07-30"	"Yarmouth"	"Mobham (IRE)"	"8.00"	"12.5"	"Handicap"	"13"	"16"	"Havlin, Robert"	"Jenkins, J R"	"1m3.5f "	"4"	"25"
"19:15:00"	"2019-07-29"	"Windsor"	"Tin Hat (IRE)"	"20.00"	"38"	"Handicap"	"3"	"11"	"Dobie, Georgia"	"Houghton, Eve Johnson"	"6f "	"3"	"16"
"17:00:00"	"2019-07-29"	"Windsor"	"Its How We Roll (IRE)"	"6.00"	"8.61"	"Handicap"	"1"	"13"	"McCullagh, Scott"	"Spearing, J L"	"1m3.5f "	"5"	"14"
"14:40:00"	"2019-07-27"	"York"	"Savalas (IRE)"	"20.00"	"28.63"	"Handicap"	"13"	"15"	"Spencer, Jamie"	"Ryan, K A"	"6f "	"4"	"15"
"17:40:00"	"2019-07-26"	"Thirsk"	"Spot Lite"	"6.00"	"8.8"	"Handicap"	"9"	"10"	"Searle, Oliver"	"Millman, B R"	"5f "	"4"	"8"
"17:40:00"	"2019-07-24"	"Leicester"	"Winklemann (IRE)"	"3.50"	"4.99"	"Handicap"	"1"	"15"	"Mathias, Imogen"	"Flint, J L"	"7f "	"7"	"27"
"20:10:00"	"2019-07-22"	"Ballinrobe"	"Bruinneall (IRE)"	"20.00"	"24"	"Handicap"	"12"	"13"	"Cleary, R P"	"Cleary, Thomas"	"1m4.5f "	"5"	"14"
"14:10:00"	"2019-07-18"	"Hamilton"	"JacobS Pillow"	"5.00"	"6.66"	"Handicap"	"4"	"12"	"Tudhope, Daniel"	"Bastiman, Rebecca"	"5f "	"8"	"31"
"18:50:00"	"2019-07-16"	"Killarney"	"Angels"	"5.50"	"7.1"	"Handicap"	"3"	"10"	"Coen, Ben M"	"Murtagh, J P"	"1m "	"4"	"20"
"21:05:00"	"2019-07-13"	"Hamilton"	"Rosemay (FR)"	"4.00"	"6.2"	"Handicap"	"1"	"8"	"Sullivan, James P"	"Smith, R Michael"	"1m.5f "	"5"	"45"
"19:35:00"	"2019-07-13"	"Hamilton"	"Jagerbond"	"40.00"	"72.24"	"Handicap"	"13"	"14"	"Mathers, Patrick"	"Crook, A"	"1m3f "	"3"	"8"
"16:50:00"	"2019-07-13"	"Navan"	"Grace To Grace (IRE)"	"5.00"	"6.8"	"Handicap"	"8"	"18"	"Roche, L F"	"OBrien, Joseph Patrick"	"1m2f "	"3"	"9"
"16:20:00"	"2019-07-13"	"Chester"	"Dark Devil (IRE)"	"4.50"	"6.59"	"Handicap"	"6"	"12"	"McHugh, B"	"Fahey, R A"	"1m2.5f "	"6"	"21"
"15:55:00"	"2019-07-11"	"Doncaster"	"Han Solo Berger (IRE)"	"7.00"	"9.04"	"Handicap"	"2"	"9"	"Wood, George"	"Wall, C F"	"5f "	"4"	"44"
"17:30:00"	"2019-07-10"	"Catterick"	"Fingals Cave (IRE)"	"10.00"	"13"	"Handicap"	"11"	"14"	"Hanagan, Paul"	"Kirby, P A"	"7f "	"7"	"23"
"15:10:00"	"2019-07-10"	"Lingfield"	"Mood For Mischief"	"25.00"	"48"	"Handicap"	"6"	"8"	"Kneller, Miss R"	"Bennett, J A"	"2m.5f "	"4"	"14"
"16:30:00"	"2019-07-08"	"Ayr"	"Reassurance"	"14.00"	"20"	"Handicap"	"8"	"11"	"Allan, David"	"Easterby, T D"	"1m5f "	"4"	"27"
"16:30:00"	"2019-07-08"	"Ayr"	"Dr Richard Kimble (IRE)"	"66.00"	"269.9"	"Handicap"	"11"	"11"	"Elliott, Jane"	"Fife, Mrs Marjorie"	"1m5f "	"4"	"21"
"17:15:00"	"2019-07-05"	"Doncaster"	"Mobham (IRE)"	"12.00"	"21"	"Handicap"	"2"	"9"	"McHugh, B"	"Jenkins, J R"	"1m4f "	"4"	"24"
"14:20:00"	"2019-07-04"	"Yarmouth"	"Bronze Beau"	"8.00"	"10"	"Handicap"	"2"	"10"	"Noble, Cameron"	"Stubbs, Mrs L"	"5f "	"12"	"12"
"15:10:00"	"2019-07-03"	"Thirsk"	"Loose Chippings (IRE)"	"7.50"	"9.74"	"Handicap Seller"	"2"	"16"	"Costello, Dougie"	"Furtado, Ivan"	"1m "	"5"	"49"
"18:00:00"	"2019-07-02"	"Chepstow"	"Espresso Freddo (IRE)"	"14.00"	"17.04"	"Handicap"	"6"	"11"	"Bridgwater, Poppy"	"Stephens, Robert"	"7f "	"5"	"6"
"14:30:00"	"2019-07-02"	"Brighton"	"Angel Islington (IRE)"	"9.00"	"13.64"	"Handicap"	"4"	"10"	"Probert, David"	"Balding, A M"	"1m "	"4"	"12"
"16:50:00"	"2019-06-30"	"Cartmel"	"Desert Sensation (IRE)"	"14.00"	"16.58"	"Handicap Hurdle"	"PU"	"10"	"McMenamin, Daniel"	"Sayer, Mrs Dianne"	"2m6f "	"7"	"39"
"19:45:00"	"2019-06-29"	"Lingfield"	"Dandilion (IRE)"	"16.00"	"26"	"Non-Handicap"	"RR"	"14"	"Currie, Nicola"	"Hales, A M"	"6f "	"6"	"29"
"20:40:00"	"2019-06-26"	"Bath"	"Espresso Freddo (IRE)"	"10.00"	"14.21"	"Handicap"	"10"	"13"	"Bridgwater, Poppy"	"Stephens, Robert"	"1m "	"5"	"123"
"20:30:00"	"2019-06-26"	"Naas"	"Alcander (FR)"	"16.00"	"37.94"	"Handicap"	"6"	"16"	"Manning, K J"	"Flood, F"	"1m2f "	"6"	"22"
"18:40:00"	"2019-06-26"	"Bath"	"Ourmullion"	"33.00"	"65"	"Handicap"	"8"	"12"	"Marsh, Finley"	"Pipe, D E"	"1m5f "	"5"	"39"
"15:45:00"	"2019-06-25"	"Brighton"	"Punkawallah"	"16.00"	"23.3"	"Handicap"	"11"	"12"	"Welch, Tamby"	"Dunn, Mrs Alex"	"1m4f "	"5"	"19"
"17:55:00"	"2019-06-22"	"Redcar"	"Bronze Beau"	"9.00"	"10.61"	"Handicap"	"12"	"14"	"James, S H"	"Stubbs, Mrs L"	"5f "	"12"	"4"
"16:35:00"	"2019-06-22"	"Redcar"	"Mystical Mac (IRE)"	"8.00"	"12"	"Handicap Maiden"	"10"	"11"	"Doyle, Hollie"	"Jardine, I"	"1m "	"4"	"11"
"20:10:00"	"2019-06-18"	"Sligo"	"Maunganui (IRE)"	"6.00"	"7.26"	"Handicap"	"1"	"14"	"Foley, Shane"	"Fahey, Jarlath P"	"1m2.5f "	"4"	"27"
"17:45:00"	"2019-06-18"	"Thirsk"	"Bronze Beau"	"33.00"	"91.42"	"Handicap"	"5"	"17"	"Gray, S A"	"Stubbs, Mrs L"	"5f "	"12"	"20"
"17:20:00"	"2019-06-18"	"Stratford"	"Boychick (IRE)"	"12.00"	"16.13"	"Handicap Hurdle"	"5"	"10"	"Houlihan, Sean M"	"Loughnane, Daniel Mark"	"2m3f "	"6"	"27"
"15:30:00"	"2019-06-12"	"Yarmouth"	"Margaret J"	"16.00"	"23.03"	"Handicap"	"11"	"12"	"Gordon, Josephine"	"McEntee, P S"	"1m2f "	"3"	"13"
"20:55:00"	"2019-06-10"	"Roscommon"	"Bruinneall (IRE)"	"22.00"	"41.13"	"Handicap"	"9"	"14"	"Crosse, Nathan"	"Cleary, Thomas"	"1m3.5f "	"5"	"12"
"20:00:00"	"2019-06-04"	"Tipperary"	"El Tren (IRE)"	"8.00"	"13.47"	"Handicap"	"6"	"17"	"Hayes, C D"	"Howard, Aidan Anthony"	"1m4.5f "	"8"	"37"
"16:35:00"	"2019-06-03"	"Gowran Park"	"Castle Guest (IRE)"	"6.00"	"8.32"	"Handicap"	"3"	"9"	"Whelan, R P"	"Halford, M"	"1m1.5f "	"10"	"5"
"16:00:00"	"2019-05-30"	"Lingfield"	"Margaret J"	"20.00"	"29.5"	"Handicap"	"6"	"14"	"Currie, Nicola"	"McEntee, P S"	"1m1f "	"3"	"23"
"18:25:00"	"2019-05-29"	"Gowran Park"	"Fair Game (IRE)"	"20.00"	"65"	"Handicap"	"8"	"17"	"Manning, K J"	"OGrady, E J"	"1m1.5f "	"6"	"203"
"17:55:00"	"2019-05-27"	"Redcar"	"Machiavelli"	"3.00"	"4.1"	"Handicap"	"3"	"14"	"Curtis, B A"	"Hogan, Denis Gerard"	"1m2f "	"4"	"9"
"14:40:00"	"2019-05-27"	"Huntingdon"	"St Georges Oval (IRE)"	"3.50"	"4.8"	"Handicap Hurdle"	"PU"	"12"	"Shoemark, Conor P"	"Egerton, Lucinda"	"2m "	"6"	"8"
"16:45:00"	"2019-05-22"	"Yarmouth"	"Swift Approval (IRE)"	"2.75"	"4.3"	"Handicap"	"4"	"10"	"Bentley, Harry"	"Williams, S C"	"7f "	"7"	"11"
"16:05:00"	"2019-05-20"	"Redcar"	"Requinto Dawn (IRE)"	"16.00"	"21"	"Handicap"	"7"	"10"	"Mathers, Patrick"	"Fahey, R A"	"5f "	"4"	"16"
"21:05:00"	"2019-05-17"	"Hamilton"	"Bronze Beau"	"14.00"	"18.51"	"Handicap"	"2"	"8"	"Gray, S A"	"Stubbs, Mrs L"	"5f "	"12"	"12"
"13:55:00"	"2019-05-12"	"Ludlow"	"Mr Fenton (IRE)"	"22.00"	"32.06"	"Handicap Hurdle"	"14"	"17"	"Wedge, Adam"	"Lavelle, Miss E C"	"2m5.5f "	"8"	"16"
"16:45:00"	"2019-05-11"	"Cork"	"Ocean Glandore (IRE)"	"16.00"	"86.01"	"Handicap Hurdle"	"11"	"17"	"Hogan, D G"	"Hogan, Denis Gerard"	"3m "	"10"	"662"
"17:55:00"	"2019-05-10"	"Downpatrick"	"Wrap Star (IRE)"	"33.00"	"65"	"Handicap Hurdle"	"12"	"15"	"OCallaghan, Shane"	"McCann, Anthony"	"2m6f "	"8"	"116"
"15:55:00"	"2019-05-10"	"Market Rasen"	"Grand Enterprise"	"33.00"	"79.39"	"Handicap Hurdle"	"10"	"10"	"Garritty, Billy"	"Hogarth, H P"	"2m5.5f "	"9"	"121"
"13:30:00"	"2019-05-05"	"Hamilton"	"Bronze Beau"	"33.00"	"50.6"	"Handicap"	"7"	"11"	"McManoman, Faye"	"Stubbs, Mrs L"	"5f "	"12"	"352"
"20:10:00"	"2019-05-02"	"Salisbury"	"Earthly (USA)"	"14.00"	"21"	"Handicap"	"4"	"12"	"Donohoe, Stephen"	"Llewellyn, B J"	"1m6f "	"5"	"148"
"17:05:00"	"2019-04-29"	"Thirsk"	"The Grey Zebedee"	"10.00"	"15"	"Handicap"	"7"	"19"	"Allan, David"	"Easterby, T D"	"6f "	"3"	"196"
"17:40:00"	"2019-04-28"	"Salisbury"	"Hedging (IRE)"	"14.00"	"22.67"	"Handicap"	"9"	"18"	"Schilder, Nynke"	"Houghton, Eve Johnson"	"7f "	"5"	"181"
"19:30:00"	"2019-04-24"	"Taunton"	"Bulletproof (IRE)"	"20.00"	"26.54"	"Handicap Hurdle"	"PU"	"13"	"Cannon, Tom J"	"Cunningham-Brown, K O"	"2m.5f "	"13"	"205"
"13:25:00"	"2019-04-13"	"Ayr"	"Dandridge"	"25.00"	"36"	"Handicap Chase"	"8"	"12"	"Coleman, A"	"Longsdon, C E"	"2m.5f "	"10"	"49"
"15:10:00"	"2019-03-26"	"Hexham"	"Westend Theatre (IRE)"	"12.00"	"15.28"	"Handicap Chase"	"10"	"10"	"Coltherd, Sam W"	"Walton, Mrs J M"	"2m4f "	"10"	"29"
"15:10:00"	"2019-03-16"	"Newcastle"	"Katgary (FR)"	"20.00"	"26.42"	"Handicap Hurdle"	"3"	"8"	"McMenamin, Daniel"	"Robson, Miss P"	"2m.5f "	"9"	"21"
"15:45:00"	"2019-03-13"	"Huntingdon"	"Zante (FR)"	"8.50"	"11"	"Handicap Hurdle"	"5"	"8"	"Hampson, Brodie"	"Moore, Gary and Josh"	"2m "	"7"	"20"
"13:55:00"	"2019-03-12"	"Sedgefield"	"Rocku"	"2.25"	"3.95"	"Handicap Hurdle"	"3"	"8"	"Marshall, William"	"Skelton, Daniel"	"2m3.5f "	"9"	"16"
"14:45:00"	"2019-03-09"	"Ayr"	"Tommy The Rascal"	"14.00"	"25.88"	"Handicap Hurdle"	"6"	"11"	"Chapman, Ross"	"Candlish, Jennie"	"3m1f "	"9"	"348"
"14:10:00"	"2019-02-24"	"Carlisle"	"Rocku"	"2.75"	"4.04"	"Handicap Hurdle"	"BD"	"11"	"Marshall, William"	"Skelton, Daniel"	"2m3.5f "	"9"	"59"
"16:10:00"	"2019-02-23"	"Kempton"	"Dandridge"	"25.00"	"40.13"	"Handicap Chase"	"2"	"8"	"Burke, Jonathan"	"Longsdon, C E"	"2m4.5f "	"10"	"142"
"16:00:00"	"2019-01-27"	"Fontwell"	"Lee Side Lady (IRE)"	"8.00"	"11.5"	"Handicap Hurdle"	"3"	"12"	"Dunne, R T"	"Mulholland, N P"	"2m6f "	"9"	"21"
"16:00:00"	"2019-01-14"	"Fontwell"	"Flanagans Field (IRE)"	"6.00"	"7.6"	"Handicap Hurdle"	"7"	"11"	"Williams, Robert"	"Llewellyn, B J"	"2m1.5f "	"11"	"14"
"12:50:00"	"2019-01-02"	"Hereford"	"Coisa Blanco (IRE)"	"14.00"	"21"	"Handicap Novices Hurdle"	"13"	"15"	"Teal, Harry"	"Greenall, O / Guerriero, J"	"2m4f "	"6"	"20"
"14:25:00"	"2019-01-01"	"Exeter"	"Achille (FR)"	"6.00"	"11.5"	"Handicap Chase"	"1"	"11"	"Nugent, Hugh F"	"Williams, Miss Venetia"	"3m.5f "	"9"	"18"
"13:45:00"	"2019-01-01"	"Tramore"	"Le Hachette (IRE)"	"9.00"	"12.21"	"Handicap Hurdle"	"4"	"13"	"Enright, M A"	"Ryan, John Patrick"	"2m5f "	"6"	"19"
"15:45:00"	"2018-09-30"	"Musselburgh"	"Lucky Beggar (IRE)"	"14.00"	"17.85"	"Handicap"	"5"	"8"	"Dennis, Phil"	"Griffiths, D C"	"5f "	"8"	"24"
"17:35:00"	"2018-09-29"	"Navan"	"Stealth"	"14.00"	"29"	"Handicap"	"7"	"19"	"Downey, R P"	"McCann, Anthony"	"1m2f "	"3"	"1"
"16:30:00"	"2018-09-29"	"Navan"	"Talk Now (IRE)"	"25.00"	"60"	"Handicap"	"10"	"16"	"Melia, Damien"	"Webb, G"	"1m "	"3"	"11"
"17:00:00"	"2018-09-26"	"Redcar"	"Fumbo Jumbo (IRE)"	"16.00"	"34"	"Handicap"	"3"	"16"	"Beasley, Connor"	"Dods, M"	"5f "	"5"	"7"
"15:45:00"	"2018-09-21"	"Newton Abbot"	"Rocket Ronnie (IRE)"	"4.00"	"6.77"	"Handicap Hurdle"	"1"	"14"	"Patrick, Richard"	"Wintle, A"	"2m2.5f "	"8"	"11"
"17:45:00"	"2018-09-17"	"Galway"	"Baby Bellini (IRE)"	"16.00"	"26"	"Handicap Hurdle"	"1"	"16"	"Short, Adam W"	"Madden, I"	"2m.5f "	"7"	"39"
"17:55:00"	"2018-09-13"	"Hamilton"	"Corton Lad"	"20.00"	"30.66"	"Handicap"	"2"	"12"	"Scott, Rowan"	"Dalgleish, Keith"	"1m3f "	"8"	"31"
"17:05:00"	"2018-09-10"	"Newton Abbot"	"Rocket Ronnie (IRE)"	"4.00"	"6.2"	"Handicap Novices Hurdle"	"2"	"12"	"Garner, Thomas"	"Wintle, A"	"2m1f "	"8"	"10"
"16:00:00"	"2018-09-09"	"York"	"Le Maitre Chat (USA)"	"66.00"	"200"	"Handicap"	"1"	"13"	"Costello, Dougie"	"Hammond, Micky"	"2m.5f "	"7"	"78"
"17:10:00"	"2018-09-03"	"Roscommon"	"Mojambo (IRE)"	"16.00"	"28.35"	"Handicap"	"15"	"15"	"McCullagh, N G"	"McCullagh, Michael"	"7f "	"3"	"50"
"16:05:00"	"2018-08-29"	"Bellewstown"	"Desert Grey (IRE)"	"20.00"	"35.77"	"Maiden Claimer"	"7"	"14"	"Heffernan, J A"	"Hogan, Denis Gerard"	"1m "	"4"	"14"
"16:05:00"	"2018-08-28"	"Ripon"	"Mulligatawny (IRE)"	"2.50"	"3.55"	"Handicap"	"1"	"11"	"Sousa, Silvestre De"	"Fell, R / Murray, S"	"1m2f "	"5"	"23"
"15:50:00"	"2018-08-21"	"Hamilton"	"Richard Strauss (IRE)"	"33.00"	"61.61"	"Handicap"	"5"	"11"	"Breslin, Andrew"	"Kirby, P A"	"1m4f "	"4"	"18"
"17:55:00"	"2018-08-17"	"Newmarket (July)"	"Robero"	"5.50"	"7"	"Handicap"	"9"	"13"	"Jones, Mr A T"	"Kelleway, Miss Gay"	"6f "	"6"	"20"
"20:20:00"	"2018-08-10"	"Tipperary"	"Cash In Mind (FR)"	"8.00"	"11.23"	"Handicap"	"7"	"12"	"OConnor, Miss A B"	"Donovan, D"	"1m4.5f "	"7"	"10"
"16:40:00"	"2018-08-10"	"Musselburgh"	"Enemy Of The State (IRE)"	"10.00"	"12.5"	"Handicap"	"2"	"10"	"Robinson, Ben"	"Perratt, Miss L A"	"1m4.5f "	"4"	"7"
"15:40:00"	"2018-08-09"	"Haydock"	"Hee Haw (IRE)"	"2.75"	"4.52"	"Handicap"	"1"	"12"	"Beasley, Connor"	"Midgley, P T"	"6f "	"4"	"13"
"19:45:00"	"2018-08-06"	"Carlisle"	"Storm Ahead (IRE)"	"6.00"	"9"	"Handicap"	"4"	"9"	"Richardson, Rachel"	"Easterby, T D"	"1m "	"5"	"9"
"17:40:00"	"2018-08-06"	"Carlisle"	"Laughton"	"4.50"	"6.71"	"Handicap"	"13"	"14"	"Lees, Harriett T"	"Ryan, K A"	"5f "	"5"	"14"
"16:30:00"	"2018-08-05"	"Galway"	"Devils Bride (IRE)"	"33.00"	"91.53"	"Chase"	"9"	"10"	"Enright, M A"	"Bromhead, Henry De"	"2m6.5f "	"11"	"4"
"15:20:00"	"2018-08-03"	"Thirsk"	"Donny Belle"	"2.25"	"4"	"Handicap"	"4"	"10"	"Sousa, Silvestre De"	"Brown, D H"	"6f "	"3"	"9"
"15:15:00"	"2018-07-21"	"Market Rasen"	"Viconte Du Noyer (FR)"	"14.00"	"20.67"	"Handicap Chase"	"12"	"15"	"Scudamore, Tom"	"Tizzard, C L"	"2m6.5f "	"9"	"36"
"16:10:00"	"2018-07-19"	"Chepstow"	"Kyllukey"	"9.00"	"12.68"	"Handicap"	"6"	"11"	"Shepherd, Callum"	"Bradley, J M"	"5f "	"5"	"15"
"18:40:00"	"2018-07-17"	"Thirsk"	"Kraka (IRE)"	"4.50"	"5.96"	"Handicap Seller"	"5"	"16"	"Rawlinson, Ali"	"Dascombe, Tom"	"6f "	"3"	"11"
"17:30:00"	"2018-07-17"	"Beverley"	"Correggio"	"10.00"	"16.64"	"Handicap"	"3"	"10"	"Smith, Becky"	"Hammond, Micky"	"1m2f "	"8"	"26"
"15:55:00"	"2018-07-06"	"Newton Abbot"	"Nabhan"	"4.00"	"5.7"	"Handicap Hurdle"	"3"	"8"	"Williams, Robert"	"Llewellyn, B J"	"2m2.5f "	"6"	"10"
"17:10:00"	"2018-06-29"	"Yarmouth"	"Greenview Paradise (IRE)"	"5.50"	"7.6"	"Handicap"	"6"	"9"	"Whelan, Trevor"	"Barr, Brian"	"1m "	"4"	"22"
"20:40:00"	"2018-06-18"	"Naas"	"Coach Bombay (IRE)"	"20.00"	"117.19"	"Handicap"	"2"	"16"	"Foley, Shane"	"Joyce, Adrian Brendan"	"1m "	"10"	"87"
"17:35:00"	"2018-06-16"	"Sandown"	"Ardamir (FR)"	"25.00"	"44"	"Handicap"	"5"	"11"	"Shepherd, Callum"	"Mongan, Mrs L J"	"1m6f "	"6"	"10"
"16:20:00"	"2018-06-14"	"Nottingham"	"Kingofmerrows (IRE)"	"12.00"	"16"	"Handicap"	"10"	"15"	"Tutty, Gemma"	"Tutty, Mrs K J"	"6f "	"4"	"3"
"14:45:00"	"2018-06-12"	"Thirsk"	"Mysterial"	"66.00"	"185.1"	"Handicap"	"14"	"15"	"Dennis, Phil"	"Watt, Mrs S A"	"1m4f "	"8"	"7"
"14:25:00"	"2018-06-06"	"Navan"	"Guiding Star"	"16.00"	"24.26"	"Handicap"	"9"	"16"	"Hayes, C D"	"McKenna, P J"	"5.5f "	"4"	"2"
"14:10:00"	"2018-06-06"	"Uttoxeter"	"Hatem (FR)"	"25.00"	"30"	"Handicap Hurdle"	"8"	"13"	"Brennan, P J"	"Dore, C R"	"2m "	"5"	"9"
"20:25:00"	"2018-06-05"	"Kilbeggan"	"As De Pique (IRE)"	"12.00"	"16.21"	"Handicap Chase"	"8"	"12"	"Kane, J B"	"Cromwell, Gavin Patrick"	"3m1f "	"13"	"31"
"16:20:00"	"2018-05-30"	"Nottingham"	"Mistress Viz (IRE)"	"50.00"	"95"	"Handicap"	"7"	"13"	"Garbutt, Noel"	"Hollinshead, Sarah"	"1m2.5f "	"4"	"7"
"20:05:00"	"2018-05-23"	"Southwell"	"Stonebrigg Legend"	"4.50"	"6.2"	"Handicap Hurdle"	"8"	"11"	"Cowley, Patrick"	"Humphrey, Mrs S J"	"3m "	"6"	"10"
"19:50:00"	"2018-05-15"	"Chepstow"	"Distant High"	"20.00"	"25"	"Handicap"	"7"	"12"	"Currie, Nicola"	"Price, R J"	"1m4f "	"7"	"231"
"19:40:00"	"2018-05-15"	"Killarney"	"Paved With Gold (IRE)"	"14.00"	"26.13"	"Handicap"	"2"	"14"	"Keane, C T"	"Murphy, John Joseph"	"1m "	"5"	"9"
"19:25:00"	"2018-05-14"	"Tipperary"	"Dochasach (IRE)"	"12.00"	"17.5"	"Handicap"	"7"	"12"	"Cleary, R P"	"Cleary, Thomas"	"1m1f "	"4"	"187"
"17:05:00"	"2018-05-13"	"Southwell"	"Stonebrigg Legend"	"6.50"	"7.8"	"Handicap Hurdle"	"3"	"14"	"Cowley, Patrick"	"Humphrey, Mrs S J"	"3m "	"6"	"18"
"18:30:00"	"2018-05-08"	"Ludlow"	"Allow Dallow (IRE)"	"50.00"	"73.73"	"Handicap Chase"	"9"	"13"	"Williams, Robert"	"Evans, Mrs N S"	"2m "	"11"	"150"
"15:55:00"	"2018-05-08"	"Thirsk"	"Poyle Vinnie"	"7.50"	"9.35"	"Handicap"	"2"	"14"	"Sullivan, James P"	"Carr, Mrs R A"	"5f "	"8"	"15"
"20:35:00"	"2018-05-05"	"Hexham"	"Tikkandemickey (IRE)"	"16.00"	"19.66"	"Handicap Chase"	"12"	"16"	"Bewley, Callum"	"Shiels, R"	"2m4f "	"12"	"19"
"17:15:00"	"2018-05-05"	"Doncaster"	"Toofi (FR)"	"12.00"	"18.32"	"Handicap"	"11"	"11"	"Egan, John"	"Butler, John"	"6f "	"7"	"202"
"16:50:00"	"2018-05-05"	"Cork"	"Cash In Mind (FR)"	"10.00"	"12.12"	"Handicap"	"6"	"14"	"Coen, Ben M"	"Donovan, D"	"1m "	"7"	"14"
"19:20:00"	"2018-04-23"	"Windsor"	"Quids In (IRE)"	"16.00"	"18.14"	"Handicap"	"11"	"16"	"Whelan, Trevor"	"Greenall, O / Guerriero, J"	"1m3.5f "	"5"	"45"
"13:30:00"	"2018-04-23"	"Newton Abbot"	"Scorpion Star (IRE)"	"16.00"	"23"	"Handicap Novices Hurdle"	"PU"	"12"	"McGrath, Jeremiah"	"Hill, M"	"2m3f "	"9"	"11"
"15:35:00"	"2018-04-20"	"Newbury"	"Blue De Vega (GER)"	"4.50"	"5.7"	"Handicap"	"4"	"8"	"Murphy, Oisin"	"Cowell, R M H"	"5f "	"5"	"20"
"17:35:00"	"2018-04-14"	"Chepstow"	"Renard (FR)"	"8.00"	"9.36"	"Handicap Chase"	"4"	"9"	"Turner, Miss L M"	"Williams, Miss Venetia"	"3m "	"13"	"57"
"16:15:00"	"2018-04-07"	"Uttoxeter"	"Allthegear No Idea (IRE)"	"12.00"	"16.5"	"Handicap Hurdle"	"4"	"12"	"Bargary, J P"	"Twiston-Davies, N A"	"2m7.5f "	"11"	"23"
"13:50:00"	"2018-03-31"	"Musselburgh"	"Exchequer (IRE)"	"25.00"	"32"	"Handicap"	"10"	"10"	"Fanning, Joe"	"Guest, R C"	"7f "	"7"	"11"
"17:55:00"	"2018-03-25"	"Doncaster"	"Crindle Carr (IRE)"	"14.00"	"20"	"Handicap"	"6"	"11"	"Tucker, Miss Arabella"	"Flint, J L"	"1m4f "	"4"	"37"
"14:40:00"	"2018-01-21"	"Fontwell"	"Mount Oliver (IRE)"	"5.50"	"7"	"Handicap Chase"	"1"	"11"	"Scudamore, Tom"	"Mulholland, N P"	"3m2.5f "	"8"	"87"
"13:15:00"	"2018-01-19"	"Musselburgh"	"Dutch Canyon (IRE)"	"14.00"	"17"	"Handicap Chase"	"5"	"11"	"Mulqueen, S"	"Alexander, N W"	"2m7.5f "	"8"	"18"
"13:45:00"	"2018-01-08"	"Fontwell"	"Princess Roania (IRE)"	"4.50"	"6.24"	"Handicap Hurdle"	"5"	"8"	"Bowen, Sean P"	"Bowen, Peter / Michael"	"2m2f "	"7"	"21"
"14:10:00"	"2017-09-29"	"Haydock"	"Moojaned (IRE)"	"8.00"	"9.4"	"Handicap"	"6"	"8"	"Cox, William"	"Flint, J L"	"1m4f "	"6"	"3"
"16:45:00"	"2017-09-28"	"Clonmel"	"Model Cloud (IRE)"	"20.00"	"59.26"	"Handicap Chase"	"3"	"14"	"Hayes, Brian"	"Winters, Michael"	"2m2.5f "	"7"	"68"
"16:10:00"	"2017-09-22"	"Newton Abbot"	"Love The Leader (IRE)"	"8.00"	"10"	"Handicap Hurdle"	"3"	"16"	"Bowen, James C"	"Farrelly, Johnny"	"2m3f "	"9"	"34"
"17:55:00"	"2017-09-12"	"Leicester"	"Zaria"	"10.00"	"17.5"	"Handicap"	"2"	"14"	"Malune, Gabriele"	"Price, R J"	"1m2f "	"6"	"19"
"17:40:00"	"2017-09-02"	"Newton Abbot"	"Bobby Dove"	"33.00"	"70"	"Handicap Hurdle"	"PU"	"13"	"Blackwell, George"	"Llewellyn, B J"	"2m6f "	"10"	"688"
"17:15:00"	"2017-08-29"	"Carlisle"	"Barkston Ash"	"33.00"	"45.06"	"Handicap"	"13"	"13"	"Farley, Neil"	"Alston, E J"	"6f "	"9"	"20"
"20:00:00"	"2017-08-23"	"Worcester"	"Supapowers (IRE)"	"20.00"	"23"	"Handicap Hurdle"	"10"	"12"	"Donovan, Philip"	"Stephens, Robert"	"2m7f "	"11"	"78"
"19:55:00"	"2017-08-15"	"Nottingham"	"Fantasy Justifier (IRE)"	"5.00"	"7.17"	"Handicap"	"2"	"11"	"Berry, F M"	"Harris, R A"	"6f "	"6"	"10"
"16:00:00"	"2017-08-15"	"Thirsk"	"Etienne Gerard"	"4.00"	"5.4"	"Handicap"	"7"	"10"	"Edmunds, Lewis"	"Tinkler, N"	"6f "	"5"	"5"
"19:20:00"	"2017-08-12"	"Ayr"	"Rosina"	"18.00"	"25"	"Handicap"	"1"	"9"	"Gray, S A"	"Duffield, Mrs A"	"5f "	"4"	"29"
"18:50:00"	"2017-08-10"	"Leopardstown"	"Delaire"	"20.00"	"44"	"Handicap"	"1"	"22"	"Linehan, Denis"	"Dooly, N"	"1m1f "	"5"	"29"
"18:40:00"	"2017-08-01"	"Worcester"	"A Boy Named Suzi"	"8.00"	"10.15"	"Handicap Hurdle"	"3"	"11"	"Skelton, Harry"	"Wadham, Mrs L"	"2m7f "	"9"	"14"
"20:00:00"	"2017-07-29"	"Lingfield"	"Kristoff (IRE)"	"33.00"	"120"	"Handicap"	"5"	"12"	"Bennett, Charlie"	"Boyle, J R"	"7f "	"4"	"66"
"17:45:00"	"2017-07-26"	"Leicester"	"Danot (IRE)"	"5.00"	"6.58"	"Handicap"	"2"	"12"	"Cawley, Miss A"	"OKeeffe, Jedd"	"7f "	"5"	"14"
"20:35:00"	"2017-07-15"	"Hamilton"	"Cline"	"12.00"	"16.5"	"Handicap"	"1"	"12"	"Stott, Kevin"	"Ryan, K A"	"1m.5f "	"4"	"16"
"20:05:00"	"2017-07-13"	"Newbury"	"Tobacco Road (IRE)"	"20.00"	"28"	"Handicap"	"8"	"14"	"Murphy, Oisin"	"Pipe, D E"	"1m5.5f "	"7"	"15"
"19:45:00"	"2017-07-11"	"Brighton"	"Lawfilly"	"3.50"	"5.7"	"Handicap"	"3"	"8"	"Currie, Nicola"	"Hughes, Richard"	"1m "	"3"	"14"
"19:15:00"	"2017-07-10"	"Ripon"	"Thornaby Nash"	"16.00"	"21.65"	"Handicap"	"8"	"12"	"Gray, S A"	"Tutty, Mrs K J"	"1m "	"6"	"30"
"18:55:00"	"2017-07-10"	"Roscommon"	"Sartori"	"12.00"	"21"	"Handicap"	"14"	"15"	"Brouder, Gearoid"	"Cleary, Michael G"	"7f "	"6"	"28"
"20:25:00"	"2017-07-07"	"Bellewstown"	"Jack Blue (IRE)"	"25.00"	"112.86"	"Non-Handicap"	"9"	"12"	"Rantall, Mr B T"	"Harrington, Mrs John"	"1m4f "	"5"	"33"
"14:15:00"	"2017-07-04"	"Brighton"	"National Service (USA)"	"16.00"	"24.18"	"Handicap"	"11"	"15"	"Powell, Ryan"	"Ellam, Clare"	"6f "	"6"	"57"
"20:30:00"	"2017-06-29"	"Newbury"	"Chetan"	"12.00"	"15"	"Handicap"	"8"	"15"	"Beschizza,Adam "	"Wallis, Charlie"	"6f "	"5"	"16"
"19:00:00"	"2017-06-29"	"Hamilton"	"Misu Moneypenny"	"2.75"	"4.2"	"Handicap Seller"	"5"	"10"	"Curtis, B A"	"Dixon, Scott"	"5f "	"4"	"15"
"16:30:00"	"2017-06-28"	"Carlisle"	"Quick N Quirky (IRE)"	"8.00"	"11"	"Handicap"	"2"	"8"	"Allan, David"	"Easterby, T D"	"7f "	"4"	"11"
"14:20:00"	"2017-06-23"	"Redcar"	"Breton Blues"	"100.00"	"470.97"	"Maiden"	"10"	"11"	"Garritty, Jack"	"Watson, F"	"1m2f "	"7"	"54"
"15:00:00"	"2017-06-19"	"Carlisle"	"Salvatore Fury (IRE)"	"25.00"	"28.91"	"Handicap"	"7"	"14"	"Mullen, Andrew"	"Dalgleish, Keith"	"6f "	"7"	"37"
"16:00:00"	"2017-06-18"	"Doncaster"	"Ashpan Sam"	"25.00"	"42"	"Handicap"	"9"	"11"	"Carson, William"	"Drinkwater, David W"	"6f "	"8"	"15"
"16:20:00"	"2017-06-17"	"Musselburgh"	"Let Right Be Done"	"7.00"	"9.72"	"Handicap"	"6"	"11"	"Gray, S A"	"Perratt, Miss L A"	"7f "	"5"	"17"
"17:55:00"	"2017-06-15"	"Uttoxeter"	"Armedandbeautiful"	"20.00"	"23.72"	"Handicap Hurdle"	"2"	"12"	"Johns, Alan"	"Gretton, T R "	"3m "	"9"	"67"
"20:00:00"	"2017-06-13"	"Southwell"	"A Boy Named Suzi"	"10.00"	"12.8"	"Handicap Hurdle"	"4"	"10"	"Bowen, Sean P"	"Wadham, Mrs L"	"2m4.5f "	"9"	"23"
"17:20:00"	"2017-06-09"	"Brighton"	"Rafaaf (IRE)"	"14.00"	"13.59"	"Handicap"	"6"	"11"	"Keniry, L P"	"Hiatt, P W"	"7f "	"9"	"22"
"17:20:00"	"2017-06-09"	"Brighton"	"Noble Deed"	"20.00"	"28.14"	"Handicap"	"8"	"11"	"Shepherd, Callum"	"Attwater, M J"	"7f "	"7"	"16"
"16:50:00"	"2017-06-04"	"Kilbeggan"	"Thomond (IRE)"	"7.00"	"9.32"	"Handicap Chase"	"6"	"14"	"Flanagan, S W"	"Meade, Noel"	"3m1f "	"9"	"27"
"17:20:00"	"2017-06-03"	"Hexham"	"Magnolia Ridge (IRE)"	"2.25"	"3.36"	"Handicap Hurdle"	"3"	"9"	"Hamilton, Jamie"	"Walford, Mark"	"2m.5f "	"7"	"18"
"18:20:00"	"2017-05-30"	"Newton Abbot"	"Sweettoothtommy (IRE)"	"4.50"	"6.43"	"Handicap Novices Chase"	"3"	"8"	"Scudamore, Tom"	"Pipe, D E"	"3m2f "	"7"	"43"
"14:50:00"	"2017-05-30"	"Leicester"	"Trust The Indian"	"50.00"	"80"	"Claimer"	"8"	"9"	"While, Mr R"	"Turner, W G M"	"7f "	"3"	"127"
"16:55:00"	"2017-05-27"	"Goodwood"	"Morache Music"	"7.50"	"9.62"	"Handicap"	"2"	"9"	"Keniry, L P"	"Chamings, P R"	"6f "	"9"	"14"
"17:45:00"	"2017-05-25"	"Catterick"	"Hit The Lights (IRE)"	"5.00"	"6.59"	"Handicap"	"5"	"10"	"Scott, Rowan"	"Fife, Mrs Marjorie"	"5f "	"7"	"170"
"17:55:00"	"2017-05-23"	"Gowran Park"	"Strait Of Zanzibar (USA)"	"9.00"	"11.5"	"Claimer"	"10"	"12"	"Foley, Shane"	"Condon, K J"	"1m "	"8"	"13"
"17:45:00"	"2017-05-23"	"Hexham"	"Hawkhurst (IRE)"	"1.38"	"2.5"	"Maiden Hurdle"	"3"	"9"	"McLernon, R P"	"Haslam, B M R"	"2m4.5f "	"7"	"10"
"20:40:00"	"2017-05-19"	"Hamilton"	"Dodgy Bob"	"20.00"	"28.36"	"Handicap"	"4"	"8"	"Eaves, Tom"	"Mullineaux, M"	"6f "	"4"	"18"
"20:35:00"	"2017-05-19"	"Cork"	"Stadius (IRE)"	"25.00"	"129.91"	"Handicap"	"18"	"18"	"Foley, Shane"	"McCutcheon, Miss Evanna"	"1m2f "	"4"	"19"
"18:35:00"	"2017-05-17"	"Perth"	"Here Comes Love (IRE)"	"8.00"	"11.5"	"Handicap Novices Chase"	"6"	"9"	"Short, Adam W"	"Griffin, Patrick"	"2m "	"7"	"22"
"15:30:00"	"2017-05-16"	"Beverley"	"Gerry The Glover (IRE)"	"4.50"	"5.62"	"Handicap"	"3"	"9"	"Curtis, B A"	"Ellison, B"	"1m.5f "	"5"	"13"
"16:05:00"	"2017-05-06"	"Wexford"	"House Limit (IRE)"	"20.00"	"28.27"	"Handicap Hurdle"	"7"	"14"	"Maxwell, C D"	"Larkin, J"	"2m "	"8"	"16"
"17:00:00"	"2017-05-05"	"Musselburgh"	"Let Right Be Done"	"16.00"	"20.77"	"Handicap"	"5"	"9"	"Mulrennan, Paul"	"Perratt, Miss L A"	"1m1f "	"5"	"121"
"14:00:00"	"2017-05-05"	"Musselburgh"	"La Haule Lady"	"16.00"	"18.28"	"Handicap"	"5"	"8"	"Mulrennan, Paul"	"Midgley, P T"	"5f "	"3"	"18"
"18:30:00"	"2017-05-04"	"Sedgefield"	"Prince Khurram"	"5.00"	"6.91"	"Handicap Hurdle"	"3"	"10"	"Murtagh, Lorcan"	"McCain Jnr, D"	"2m.5f "	"7"	"12"
"16:55:00"	"2017-05-03"	"Ascot"	"Gerry The Glover (IRE)"	"4.00"	"5.3"	"Handicap"	"6"	"10"	"Robinson, Ben"	"Ellison, B"	"1m "	"5"	"9"
"14:25:00"	"2017-04-25"	"Hexham"	"My Idea"	"5.50"	"7.72"	"Handicap Chase"	"5"	"13"	"Bourke, D F"	"Barnes, M A"	"1m7.5f "	"11"	"17"
"19:45:00"	"2017-04-24"	"Windsor"	"Spiraea"	"4.50"	"6.03"	"Handicap"	"4"	"14"	"Edmunds, Lewis"	"Furtado, Ivan"	"6f "	"7"	"20"
"14:30:00"	"2017-04-24"	"Pontefract"	"Gerry The Glover (IRE)"	"16.00"	"22"	"Handicap"	"4"	"15"	"Curtis, B A"	"Ellison, B"	"1m "	"5"	"240"
"18:00:00"	"2017-04-17"	"Redcar"	"La Haule Lady"	"20.00"	"28"	"Handicap"	"4"	"16"	"Mulrennan, Paul"	"Midgley, P T"	"6f "	"3"	"38"
"16:20:00"	"2017-04-03"	"Huntingdon"	"Phare Isle (IRE)"	"5.00"	"7.77"	"Handicap Hurdle"	"3"	"8"	"Kendrick, Max J P"	"Case, B I"	"3m1.5f "	"12"	"18"
"15:05:00"	"2017-03-16"	"Hexham"	"Vincent Row (IRE)"	"10.00"	"12.99"	"Handicap Novices Chase"	"PU"	"9"	"Brooke, Henry"	"Grant, C"	"3m "	"10"	"15"
"16:35:00"	"2017-03-04"	"Kelso"	"Danehills Well (IRE)"	"12.00"	"15"	"Handicap Chase"	"PU"	"8"	"Hamilton, Jamie"	"Hamilton, Mrs A C"	"2m5.5f "	"9"	"18"
"16:00:00"	"2017-03-01"	"Musselburgh"	"Grexit (IRE)"	"16.00"	"22"	"Handicap Hurdle"	"PU"	"10"	"Campbell, Blair"	"Russell, Miss Lucinda V"	"1m7.5f "	"6"	"37"
"15:00:00"	"2017-03-01"	"Musselburgh"	"Wake Your Dreams (IRE)"	"5.50"	"7"	"Handicap Hurdle"	"4"	"10"	"Quinlan, Sean"	"Candlish, Jennie"	"3m "	"9"	"26"
"16:45:00"	"2017-02-20"	"Carlisle"	"Orioninverness (IRE)"	"16.00"	"17.34"	"Handicap Hurdle"	"6"	"10"	"Fox, Derek R"	"Russell, Miss Lucinda V"	"3m1f "	"6"	"12"
"12:55:00"	"2017-02-04"	"Musselburgh"	"Shine A Diamond (IRE)"	"8.50"	"14.62"	"Handicap Chase"	"4"	"10"	"Mulqueen, S"	"Russell, Miss Lucinda V"	"3m "	"9"	"15"
"16:30:00"	"2017-01-31"	"Lingfield"	"Spillers Dream (IRE)"	"20.00"	"34"	"Handicap Hurdle"	"PU"	"11"	"Dowling, Mr T"	"Barr, Brian"	"2m3.5f "	"8"	"42"
"15:00:00"	"2017-01-10"	"Lingfield"	"Forrest Blue (IRE)"	"25.00"	"40"	"Handicap Novices Chase"	"4"	"10"	"Goldstein, Marc"	"Grissell, Mrs D M"	"2m4.5f "	"8"	"29"
"17:20:00"	"2016-09-22"	"Newmarket (Rowley)"	"Prince Of Johanne (IRE)"	"50.00"	"74.21"	"Handicap"	"8"	"12"	"Kelly, Shane"	"Tate, T P"	"1m "	"10"	"497"
"15:30:00"	"2016-09-19"	"Leicester"	"Ashpan Sam"	"8.00"	"10.55"	"Handicap"	"9"	"12"	"Twiston-Davies, Mr W"	"Drinkwater, David W"	"5f "	"7"	"20"
"14:05:00"	"2016-09-17"	"Newmarket (Rowley)"	"Take A Note"	"16.00"	"17.18"	"Handicap"	"6"	"11"	"Bennett, Charlie"	"Chamings, P R"	"7f "	"7"	"18"
"17:10:00"	"2016-09-12"	"Listowel"	"Another Rattler (IRE)"	"8.00"	"13.03"	"Handicap Hurdle"	"1"	"13"	"Kane, J B"	"Rothwell, P J"	"2m "	"7"	"39"
"19:50:00"	"2016-08-27"	"Redcar"	"Indego Blues"	"8.50"	"12.02"	"Handicap"	"10"	"14"	"Mooney, Danielle"	"Nicholls, D"	"6f "	"7"	"3"
"17:45:00"	"2016-08-27"	"Cartmel"	"Multi Grain"	"25.00"	"46.31"	"Handicap Hurdle"	"UR"	"12"	"Garritty, Billy"	"Hammond, Micky"	"2m1f "	"4"	"8"
"18:25:00"	"2016-08-26"	"Hamilton"	"Call Me Crockett (IRE)"	"9.00"	"12.95"	"Handicap"	"6"	"10"	"Fanning, Joe"	"Wilson, N"	"1m.5f "	"4"	"8"
"19:30:00"	"2016-08-24"	"Bellewstown"	"Rolanna (IRE)"	"14.00"	"22"	"Handicap"	"2"	"16"	"Dolan, Robbie"	"Martin, W J"	"1m4f "	"4"	"56"
"18:10:00"	"2016-08-18"	"Hamilton"	"Roman Times (IRE)"	"14.00"	"19.73"	"Handicap"	"1"	"10"	"Evans, Nathan"	"Riches, John"	"6f "	"3"	"203"
"17:10:00"	"2016-08-18"	"Hamilton"	"Call Me Crockett (IRE)"	"25.00"	"65"	"Handicap"	"3"	"12"	"Vaughan, Patrick"	"Wilson, N"	"1m.5f "	"4"	"31"
"19:50:00"	"2016-08-17"	"Killarney"	"Daredevil Day (IRE)"	"14.00"	"19.17"	"Handicap"	"1"	"9"	"Carroll, G F"	"Murphy, Joseph G"	"1m3f "	"5"	"14"
"17:40:00"	"2016-08-12"	"Catterick"	"Neuf Des Coeurs"	"16.00"	"21.51"	"Handicap"	"1"	"9"	"Lynn, Bruce"	"Jardine, I"	"1m4f "	"5"	"7"
"14:50:00"	"2016-08-11"	"Beverley"	"Ryan The Giant"	"2.25"	"3.5"	"Handicap Seller"	"2"	"12"	"Da Silva, Raul"	"Dalgleish, Keith"	"1m4f "	"3"	"7"
"14:30:00"	"2016-08-08"	"Ayr"	"Indego Blues"	"11.00"	"14.39"	"Handicap"	"8"	"10"	"Quinn, Paul"	"Nicholls, D"	"7.5f "	"7"	"35"
"20:55:00"	"2016-07-29"	"Musselburgh"	"Thornaby Princess"	"8.00"	"9.48"	"Handicap"	"1"	"8"	"Ffrench, Royston"	"Teague, C J"	"5f "	"5"	"10"
"19:20:00"	"2016-07-29"	"Musselburgh"	"Kibaar"	"6.50"	"8.56"	"Handicap"	"1"	"11"	"Stott, Kevin"	"Ryan, K A"	"5f "	"4"	"13"
"14:45:00"	"2016-07-28"	"Stratford"	"Whos De Baby (IRE)"	"16.00"	"24"	"Handicap Chase"	"2"	"9"	"Hammond, Charlie"	"Davies, Miss Sarah-Jayne"	"2m3.5f "	"8"	"18"
"19:15:00"	"2016-07-21"	"Limerick"	"Irish Bulletin (IRE)"	"5.00"	"7.11"	"Handicap Hurdle"	"1"	"9"	"Maguire, Mr F"	"McNamara, E"	"2m6f "	"6"	"19"
"15:50:00"	"2016-07-21"	"Yarmouth"	"Victoriously"	"66.00"	"153.29"	"Handicap"	"8"	"10"	"Garbutt, Noel"	"Brown, Andi"	"1m2f "	"4"	"63"
"17:40:00"	"2016-07-20"	"Leicester"	"Mendacious Harpy (IRE)"	"2.50"	"3.63"	"Handicap"	"4"	"11"	"Glass, Amelia"	"Baker, George"	"7f "	"5"	"6"
"17:15:00"	"2016-07-19"	"Musselburgh"	"Thornaby Princess"	"12.00"	"17.65"	"Handicap"	"4"	"10"	"Hesketh, Miss A"	"Teague, C J"	"5f "	"5"	"11"
"15:45:00"	"2016-07-19"	"Musselburgh"	"Neuf Des Coeurs"	"6.00"	"8.2"	"Handicap"	"3"	"10"	"Whillans, Garry"	"Jardine, I"	"1m4.5f "	"5"	"11"
"16:45:00"	"2016-07-17"	"Redcar"	"Desert Ace (IRE)"	"9.00"	"11.07"	"Handicap"	"9"	"14"	"Dennis, Phil"	"Jardine, I"	"6f "	"5"	"10"
"20:35:00"	"2016-07-16"	"Haydock"	"Lexis Boy (IRE)"	"20.00"	"28.66"	"Handicap"	"1"	"12"	"Nolan, D"	"McCain Jnr, D"	"1m6f "	"8"	"40"
"15:25:00"	"2016-07-16"	"Cartmel"	"Grandads Horse"	"8.00"	"11.54"	"Handicap Chase"	"3"	"12"	"OBrien, T J"	"Longsdon, C E"	"3m1.5f "	"10"	"20"
"14:50:00"	"2016-07-12"	"Beverley"	"Kodimoor (IRE)"	"16.00"	"23"	"Handicap"	"8"	"10"	"Costello, Dougie"	"Kellett, C N"	"5f "	"3"	"15"
"18:10:00"	"2016-07-10"	"Stratford"	"Ginjo"	"8.00"	"11.01"	"Handicap Hurdle"	"1"	"10"	"Williams, Robert"	"Llewellyn, B J"	"2m3f "	"6"	"19"
"16:45:00"	"2016-07-09"	"Chester"	"The Character (IRE)"	"7.00"	"8.65"	"Handicap"	"5"	"9"	"Jones, Liam"	"Dascombe, Tom"	"1m2.5f "	"5"	"14"
"20:20:00"	"2016-06-30"	"Epsom"	"Little Lord Nelson"	"6.00"	"8.63"	"Handicap"	"7"	"9"	"Jones, Mr A T"	"Williams, S C"	"1m.5f "	"4"	"13"
"19:20:00"	"2016-06-29"	"Fairyhouse"	"Pershing"	"20.00"	"38"	"Handicap"	"16"	"16"	"McNamara, E J"	"Hennessy, Robert Alan"	"1m2f "	"5"	"272"
"17:15:00"	"2016-06-29"	"Fairyhouse"	"Touch Of Frost (IRE)"	"4.00"	"5.67"	"Claimer"	"4"	"9"	"Whelan, R P"	"Levins, J F"	"7f "	"3"	"12"
"19:10:00"	"2016-06-27"	"Musselburgh"	"Thankyou Very Much"	"6.00"	"9.89"	"Handicap"	"8"	"14"	"Evans, Nathan"	"Bethell, J D"	"1m4.5f "	"6"	"9"
"15:30:00"	"2016-06-25"	"Chester"	"The Character (IRE)"	"7.00"	"8.34"	"Handicap"	"3"	"10"	"Kingscote, Richard"	"Dascombe, Tom"	"1m4.5f "	"5"	"16"
"18:30:00"	"2016-06-24"	"Curragh"	"Strategic Force (IRE)"	"20.00"	"28"	"Handicap"	"12"	"17"	"McCullagh, N G"	"OLeary, Gerard"	"6f "	"5"	"34"
"20:25:00"	"2016-06-21"	"Ballinrobe"	"Hughies Bay (IRE)"	"33.00"	"62.84"	"Handicap"	"13"	"14"	"Leonard, Killian"	"Howard, Daniel John"	"1m5f "	"6"	"60"
"20:00:00"	"2016-06-21"	"Newton Abbot"	"Ginjo"	"16.00"	"29"	"Handicap Novices Hurdle"	"4"	"15"	"Williams, Jordan"	"Llewellyn, B J"	"2m3f "	"6"	"12"
"17:10:00"	"2016-06-12"	"Doncaster"	"Deepsand (IRE)"	"5.50"	"7.44"	"Handicap"	"5"	"10"	"Greatrex, Edward"	"Stronge, Ali"	"1m6.5f "	"7"	"21"
"15:30:00"	"2016-06-12"	"Doncaster"	"Masamah (IRE)"	"66.00"	"194.33"	"Handicap"	"12"	"12"	"Chaloner, G"	"Morris, Patrick"	"6f "	"10"	"39"
"20:20:00"	"2016-06-11"	"Lingfield"	"Kenstone (FR)"	"14.00"	"20"	"Handicap"	"6"	"13"	"Morris, Luke"	"Dennis, David"	"7f "	"3"	"19"
"17:20:00"	"2016-06-08"	"Yarmouth"	"Frantical"	"6.00"	"7.6"	"Handicap"	"7"	"10"	"Cox, Georgia"	"Carroll, A W"	"1m "	"4"	"22"
"16:35:00"	"2016-06-08"	"Fairyhouse"	"Wrap Star (IRE)"	"10.00"	"13"	"Handicap"	"6"	"9"	"Keane, C T"	"McCann, Anthony"	"1m4f "	"5"	"36"
"17:15:00"	"2016-06-06"	"Brighton"	"Comadoir (IRE)"	"12.00"	"15.41"	"Handicap"	"9"	"11"	"Brown, Thomas"	"Burgoyne, P"	"7f "	"10"	"40"
"20:20:00"	"2016-06-02"	"Fairyhouse"	"Rockview Emperor (IRE)"	"20.00"	"60"	"Handicap"	"3"	"17"	"Linehan, Denis"	"Dooly, N"	"1m2f "	"6"	"39"
"18:30:00"	"2016-06-02"	"Ffos Las"	"June French (FR)"	"5.50"	"5.02"	"Handicap Chase"	"3"	"9"	"Powell, Brendan"	"Mulholland, N P"	"2m5f "	"8"	"17"
"17:30:00"	"2016-05-21"	"Stratford"	"Son Of Suzie"	"2.50"	"3.85"	"Handicap Chase"	"3"	"8"	"Brennan, P J"	"OBrien, Fergal"	"3m3.5f "	"8"	"65"
"17:05:00"	"2016-05-18"	"Warwick"	"Heath Hunter (IRE)"	"7.00"	"10.5"	"Handicap Hurdle"	"7"	"10"	"Heard, Mr M"	"Pipe, D E"	"2m "	"9"	"19"
"18:55:00"	"2016-05-12"	"Tipperary"	"Analyse That (IRE)"	"10.00"	"12.35"	"Handicap Chase"	"4"	"10"	"Ahern, Miss S"	"Aherne, Sean"	"2m1f "	"10"	"20"
"15:25:00"	"2016-05-06"	"Market Rasen"	"Fighter Jet"	"22.00"	"36.38"	"Handicap Hurdle"	"PU"	"11"	"Brooke, Henry"	"Mackie, J"	"2m7.5f "	"8"	"161"
"17:40:00"	"2016-05-05"	"Carlisle"	"Dalby Spook (IRE)"	"12.00"	"14.68"	"Handicap Hurdle"	"3"	"14"	"Sayer, Miss E C"	"Sayer, Mrs Dianne"	"2m3.5f "	"6"	"7"
"14:30:00"	"2016-05-05"	"Uttoxeter"	"Copperfacejack (IRE)"	"8.00"	"10"	"Handicap Novices Chase"	"3"	"13"	"Poste, Charlie"	"Webber, P R"	"2m6.5f "	"6"	"17"
"16:10:00"	"2016-04-30"	"Uttoxeter"	"Moorlands Mist"	"11.00"	"13.1"	"Handicap Novices Chase"	"PU"	"11"	"Moloney, Paul"	"Williams, Evan"	"3m "	"9"	"35"
"16:40:00"	"2016-04-24"	"Gowran Park"	"British Art"	"50.00"	"197.8"	"Handicap"	"11"	"16"	"King, Connor"	"Watson, R K"	"1m "	"4"	"7"
"18:30:00"	"2016-04-06"	"Leopardstown"	"Like A Prayer"	"20.00"	"38"	"Handicap"	"13"	"15"	"Foley, Shane"	"Donnelly, Garvan"	"1m "	"5"	"19"
"14:35:00"	"2016-03-11"	"Limerick"	"Summers King (IRE)"	"8.00"	"11.5"	"Handicap Hurdle"	"12"	"13"	"Ring, Mr A"	"Carey, Patrick"	"2m "	"8"	"51"
"14:35:00"	"2016-03-08"	"Exeter"	"Themanfrom Minella (IRE)"	"9.00"	"11.55"	"Handicap Novices Chase"	"1"	"8"	"Kendrick, Max J P"	"Case, B I"	"3m "	"7"	"40"
"16:05:00"	"2016-02-27"	"Navan"	"Chestnut Charlie (IRE)"	"16.00"	"24"	"Handicap Chase"	"1"	"13"	"Colgan, R C"	"Maher, Peter"	"2m1f "	"14"	"10"
"15:00:00"	"2016-01-20"	"Fairyhouse"	"Summers King (IRE)"	"8.00"	"11"	"Handicap Hurdle"	"4"	"16"	"Ring, Mr A"	"Carey, Patrick"	"2m "	"8"	"29"
"14:45:00"	"2015-09-28"	"Roscommon"	"Avalanche"	"10.00"	"17.01"	"Handicap"	"4"	"12"	"Lordan, W M"	"OMara, T J"	"7.5f "	"6"	"10"
"17:40:00"	"2015-09-23"	"Naas"	"Athassel Abbey (IRE)"	"6.00"	"8.14"	"Maiden"	"1"	"16"	"King, Connor"	"Wachman, David"	"1m "	"3"	"23"
"14:15:00"	"2015-09-23"	"Naas"	"Ace Of Arts (IRE)"	"12.00"	"29"	"Handicap"	"16"	"17"	"Hayes, C D"	"McCreery, Peter"	"6f "	"3"	"187"
"18:05:00"	"2015-09-11"	"Down Royal"	"Like A Prayer"	"8.00"	"9.48"	"Handicap"	"4"	"13"	"Downey, R P"	"Donnelly, Garvan"	"7f "	"4"	"5"
"17:05:00"	"2015-09-07"	"Galway"	"Avalanche"	"12.00"	"20.33"	"Handicap"	"4"	"15"	"Lordan, W M"	"OMara, T J"	"1m.5f "	"6"	"5"
"15:35:00"	"2015-09-05"	"Navan"	"Jembatt (IRE)"	"11.00"	"12.5"	"Handicap"	"10"	"19"	"Dolan, Robbie"	"Mulvany, Michael"	"6f "	"8"	"3"
"18:55:00"	"2015-09-02"	"Gowran Park"	"Avalanche"	"6.00"	"7.06"	"Handicap"	"15"	"15"	"Halpin, G P"	"OMara, T J"	"7f "	"6"	"2"
"17:25:00"	"2015-08-31"	"Roscommon"	"Avalanche"	"12.00"	"20.6"	"Handicap"	"2"	"15"	"Lordan, W M"	"OMara, T J"	"7f "	"6"	"27"
"12:30:00"	"2015-08-31"	"Huntingdon"	"Mount Vesuvius (IRE)"	"6.00"	"8.5"	"Handicap Hurdle"	"4"	"9"	"OBrien, T J"	"Henderson, P"	"1m7.5f "	"7"	"11"
"14:30:00"	"2015-08-22"	"Newton Abbot"	"Midnight Appeal"	"16.00"	"23"	"Handicap Chase"	"8"	"12"	"Moore, Mr K"	"Leech, Mrs S"	"2m5f "	"10"	"22"
"17:00:00"	"2015-08-19"	"Worcester"	"Northern Executive (IRE)"	"9.00"	"13.49"	"Handicap Chase"	"7"	"14"	"Brennan, P J"	"McLintock, Karen"	"2m7f "	"7"	"74"
"15:40:00"	"2015-08-17"	"Thirsk"	"A Little Bit Dusty"	"10.00"	"17.29"	"Handicap"	"3"	"16"	"Mulrennan, Paul"	"Dore, C R"	"1m4f "	"7"	"46"
"17:20:00"	"2015-08-16"	"Pontefract"	"Steventon Star"	"12.00"	"13.34"	"Handicap"	"3"	"13"	"Gray, S A"	"Ryan, K A"	"6f "	"4"	"13"
"19:45:00"	"2015-08-15"	"Market Rasen"	"Mission Complete (IRE)"	"7.00"	"11.19"	"Handicap Hurdle"	"9"	"13"	"Johnson, Richard"	"ONeill, Jonjo and AJ"	"2m7f "	"9"	"45"
"14:45:00"	"2015-08-11"	"Carlisle"	"Mystical Moment"	"6.50"	"7.84"	"Handicap"	"6"	"9"	"Mulrennan, Paul"	"Tuer, E W"	"6f "	"5"	"28"
"17:15:00"	"2015-08-02"	"Chepstow"	"Travis Bickle (IRE)"	"25.00"	"39.71"	"Handicap"	"4"	"9"	"Egan, John"	"Flint, J L"	"1m4f "	"4"	"178"
"20:55:00"	"2015-07-30"	"Ffos Las"	"Named Asset"	"8.00"	"9.83"	"Handicap"	"1"	"8"	"Shoemark, Kieran"	"Bosley, M R"	"6f "	"3"	"17"
"20:55:00"	"2015-07-30"	"Ffos Las"	"Jaganory (IRE)"	"4.00"	"5"	"Handicap"	"5"	"8"	"Shepherd, Callum"	"Mason, Christopher"	"6f "	"3"	"20"
"20:05:00"	"2015-07-28"	"Worcester"	"On The Bridge (IRE)"	"4.50"	"6.15"	"Handicap Hurdle"	"1"	"8"	"Scholfield, Nick"	"Scott, J"	"2m7f "	"10"	"34"
"17:05:00"	"2015-07-24"	"Ascot"	"Free Zone"	"10.00"	"14.49"	"Handicap"	"4"	"8"	"Monaghan, M M "	"Cowell, R M H"	"5f "	"6"	"14"
"17:35:00"	"2015-07-18"	"Ripon"	"Diatomic (IRE)"	"5.00"	"7.82"	"Handicap Maiden"	"2"	"10"	"Gibbons, Graham"	"Dascombe, Tom"	"6f "	"3"	"10"
"16:45:00"	"2015-07-14"	"Downpatrick"	"Authorative (IRE)"	"25.00"	"37.24"	"Handicap Hurdle"	"6"	"11"	"McGovern, C J"	"McCann, Anthony"	"2m2f "	"5"	"12"
"21:00:00"	"2015-07-10"	"Chepstow"	"Jaganory (IRE)"	"2.75"	"4.43"	"Handicap"	"5"	"9"	"Greatrex, Edward"	"Mason, Christopher"	"6f "	"3"	"10"
"17:45:00"	"2015-06-28"	"Uttoxeter"	"Lukeys Luck"	"12.00"	"16"	"Handicap Hurdle"	"PU"	"8"	"Carberry, Peter"	"Candlish, Jennie"	"2m4f "	"9"	"677"
"14:30:00"	"2015-06-21"	"Hexham"	"What A Steel (IRE)"	"7.50"	"9.84"	"Seller Hurdle"	"1"	"12"	"Nichol, Craig"	"Whillans, A C"	"2m7.5f "	"11"	"9"
"15:40:00"	"2015-06-13"	"Chester"	"Nezar (IRE)"	"20.00"	"27"	"Handicap"	"9"	"12"	"Doyle, Joe"	"Quinn, J J"	"6f "	"4"	"16"
"15:20:00"	"2015-06-13"	"Navan"	"Forebear (IRE)"	"12.00"	"17.49"	"Handicap"	"5"	"11"	"Moriarty, K P"	"Hennessy, Sean P"	"5f "	"4"	"22"
"19:00:00"	"2015-06-11"	"Leopardstown"	"Focussed (IRE)"	"25.00"	"29.96"	"Handicap"	"4"	"9"	"Fitzpatrick, D"	"Duke, B W"	"1m "	"4"	"15"
"19:10:00"	"2015-06-08"	"Pontefract"	"Waterclock (IRE)"	"14.00"	"16.85"	"Handicap"	"4"	"10"	"Elliott, Andrew"	"OKeeffe, Jedd"	"2m1f "	"6"	"111"
"15:10:00"	"2015-06-07"	"Curragh"	"Regal Power"	"16.00"	"34"	"Handicap"	"5"	"15"	"Lordan, W M"	"Callaghan, Marcus"	"6f "	"6"	"8"
"17:05:00"	"2015-06-02"	"Southwell"	"Tri Nations (UAE)"	"20.00"	"28"	"Handicap Chase"	"PU"	"12"	"England, Jonathan"	"Bethell, Harriet"	"1m7.5f "	"10"	"46"
"21:00:00"	"2015-05-27"	"Newton Abbot"	"Cruise In Style (IRE)"	"12.00"	"16.31"	"Handicap Hurdle"	"1"	"10"	"Best, J A"	"Bishop, K"	"2m1f "	"9"	"9"
"20:20:00"	"2015-05-27"	"Gowran Park"	"El Dem I (IRE)"	"20.00"	"39.45"	"Handicap"	"12"	"17"	"McCullagh, N G"	"Phillips, Christopher"	"1m1.5f "	"4"	"23"
"18:50:00"	"2015-05-27"	"Gowran Park"	"Six Of Hearts"	"9.00"	"13.84"	"Handicap"	"3"	"15"	"Kennedy, J W"	"Ross, Cecil"	"7f "	"11"	"10"
"14:50:00"	"2015-05-19"	"Newcastle"	"Hello Beautiful (IRE)"	"12.00"	"15"	"Handicap"	"9"	"9"	"Hamilton, Tony"	"Ellison, B"	"5f "	"4"	"25"
"17:10:00"	"2015-05-18"	"Towcester"	"Cruise In Style (IRE)"	"6.50"	"8.5"	"Handicap Hurdle"	"3"	"9"	"Smith, Mr C"	"Bishop, K"	"2m "	"9"	"29"
"17:40:00"	"2015-05-02"	"Thirsk"	"Trail Blaze (IRE)"	"4.00"	"5.26"	"Handicap"	"4"	"8"	"Ryan, Amy"	"Ryan, K A"	"7f "	"6"	"24"
"16:45:00"	"2015-05-02"	"Uttoxeter"	"Noble Witness (IRE)"	"9.00"	"12"	"Handicap Chase"	"RO"	"9"	"Pogson, Adam"	"Pogson, C T"	"2m5f "	"12"	"15"
"17:50:00"	"2015-04-25"	"Leicester"	"Magnolia Ridge (IRE)"	"8.00"	"10.5"	"Handicap"	"3"	"9"	"Butterfield, Mr J"	"Stubbs, Kristin"	"1m2f "	"5"	"28"
"15:05:00"	"2015-04-25"	"Leicester"	"Canyari (IRE)"	"1.75"	"2.92"	"Handicap"	"1"	"9"	"Moore, Ryan"	"Fahey, R A"	"6f "	"4"	"9"
"14:40:00"	"2015-04-21"	"Ludlow"	"King Massini (IRE)"	"8.50"	"10"	"Handicap Chase"	"4"	"9"	"Wedge, Adam"	"Williams, Evan"	"3m "	"9"	"15"
"14:20:00"	"2015-04-18"	"Navan"	"Zaindera (IRE)"	"16.00"	"34"	"Handicap"	"6"	"20"	"Keane, C T"	"McCourt, T G"	"6f "	"4"	"50"
"16:40:00"	"2015-04-14"	"Exeter"	"Blinding Lights (IRE)"	"50.00"	"108.47"	"Novices Hunters Chase"	"1"	"14"	"Hampton, Mr Matthew"	"Sanderson, Mrs K M"	"3m "	"10"	"302"
"14:30:00"	"2015-04-13"	"Kelso"	"Kai Broon (IRE)"	"12.00"	"15.12"	"Handicap Chase"	"6"	"9"	"Nichol, Craig"	"Russell, Miss Lucinda V"	"2m1f "	"8"	"44"
"16:10:00"	"2015-04-08"	"Nottingham"	"Trail Blaze (IRE)"	"8.00"	"10"	"Handicap"	"4"	"9"	"Spencer, Jamie"	"Ryan, K A"	"1m.5f "	"6"	"10"
"16:45:00"	"2015-04-04"	"Newton Abbot"	"Scales (IRE)"	"4.00"	"5.93"	"Handicap Hurdle"	"6"	"11"	"Poste, Charlie"	"Lee, R"	"2m6f "	"9"	"26"
"13:45:00"	"2015-03-29"	"Doncaster"	"Trail Blaze (IRE)"	"9.00"	"12"	"Handicap"	"8"	"18"	"Spencer, Jamie"	"Ryan, K A"	"7f "	"6"	"163"
"14:55:00"	"2015-03-13"	"Fakenham"	"Bob Will (IRE)"	"6.00"	"8.11"	"Handicap Chase"	"UR"	"8"	"Wedge, Adam"	"Flint, J L"	"2m5.5f "	"10"	"94"
"14:35:00"	"2015-03-05"	"Carlisle"	"Dollar Mick (IRE)"	"20.00"	"23.07"	"Handicap Novices Chase"	"9"	"13"	"Kelly, T"	"Moffatt, James"	"2m5f "	"10"	"649"
"16:30:00"	"2015-02-12"	"Kelso"	"Sir Du Bearn (FR)"	"0.80"	"1.82"	"Hunters Chase"	"5"	"9"	"Biddick, Mr W"	"Bowen, Mickey"	"2m7.5f "	"9"	"306"
"15:15:00"	"2015-01-13"	"Fakenham"	"Abruzzi"	"8.00"	"9.98"	"Handicap Hurdle"	"6"	"8"	"Doyle, Jack"	"Stronge, Ali"	"2m7.5f "	"7"	"18"
"14:20:00"	"2015-01-04"	"Plumpton"	"Little Roxy (IRE)"	"20.00"	"26.99"	"Handicap Hurdle"	"1"	"9"	"Wedge, Adam"	"Newton-Smith, Miss A M"	"2m5f "	"10"	"62"
"18:00:00"	"2014-09-30"	"Ayr"	"Ebony Clarets"	"25.00"	"38"	"Handicap"	"9"	"9"	"Carberry, Megan"	"Perratt, Miss L A"	"1m "	"5"	"86"
"15:25:00"	"2014-09-24"	"Redcar"	"Shearian"	"8.00"	"10.57"	"Seller"	"5"	"9"	"Brennan, I J"	"Waggott, Miss Tracy"	"1m "	"4"	"19"
"16:30:00"	"2014-09-20"	"Catterick"	"Flying Cape (IRE)"	"6.50"	"8"	"Handicap"	"4"	"9"	"Ffrench, Royston"	"Hollinshead, Andrew"	"1m4f "	"3"	"7"
"15:35:00"	"2014-09-18"	"Listowel"	"Face Value"	"20.00"	"30.5"	"Handicap"	"1"	"8"	"Coakley, Ross"	"McGuinness, Adrian"	"1m6f "	"6"	"264"
"17:20:00"	"2014-08-28"	"Hamilton"	"Red Tide (IRE)"	"11.00"	"12.5"	"Handicap"	"1"	"12"	"Nason, Jordan"	"Fife, Mrs Marjorie"	"6f "	"3"	"17"
"20:10:00"	"2014-08-26"	"Ballinrobe"	"Hans Crescent (FR)"	"16.00"	"25"	"Handicap Chase"	"5"	"10"	"Shortall, Shane"	"Neville, Patrick"	"2m7f "	"9"	"106"
"14:20:00"	"2014-08-22"	"Ffos Las"	"Juvenal (IRE)"	"10.00"	"13"	"Handicap"	"6"	"8"	"Brown, Thomas"	"Morgan, Paul"	"1m2f "	"5"	"17"
"17:35:00"	"2014-08-16"	"Lingfield"	"Eager To Bow (IRE)"	"4.50"	"5.61"	"Seller"	"1"	"9"	"Probert, David"	"Chamings, P R"	"6f "	"8"	"28"
"16:50:00"	"2014-08-06"	"Brighton"	"Sir Tyto (IRE)"	"2.00"	"3.38"	"Handicap"	"1"	"8"	"Hughes, Richard"	"Makin, P J"	"1m2f "	"6"	"20"
"20:25:00"	"2014-08-05"	"Cork"	"Haverstock"	"16.00"	"31.45"	"Handicap"	"10"	"12"	"McNamara, E J"	"McNamara, E"	"1m4f "	"4"	"187"
"20:20:00"	"2014-07-29"	"Worcester"	"Panache"	"100.00"	"163.68"	"Maiden Hurdle"	"1"	"11"	"Hughes, Miss Jodie"	"Clarke, Mrs A"	"2m "	"9"	"61"
"17:15:00"	"2014-07-17"	"Hamilton"	"Street Boss (IRE)"	"5.50"	"8.06"	"Handicap"	"8"	"8"	"Fentiman, Duran"	"Easterby, T D"	"1m.5f "	"3"	"13"
"15:50:00"	"2014-07-14"	"Downpatrick"	"Like The Da (IRE)"	"25.00"	"80"	"Handicap Hurdle"	"7"	"11"	"Flanagan, S W"	"Fogarty, Aidan F"	"2m2f "	"11"	"10"
"17:00:00"	"2014-07-13"	"Sligo"	"Dowds Angle (IRE)"	"20.00"	"43.41"	"Handicap Hurdle"	"10"	"15"	"Darcy, M"	"Ryder, Shane Kieran"	"2m4f "	"8"	"19"
"20:45:00"	"2014-07-08"	"Brighton"	"Previous Acclaim (IRE)"	"25.00"	"30.8"	"Handicap"	"7"	"9"	"Birkett, Shelley"	"Feilden, Miss J"	"7f "	"3"	"12"
"18:40:00"	"2014-07-02"	"Chepstow"	"Fortrose Academy (IRE)"	"25.00"	"51.12"	"Handicap"	"16"	"16"	"Keniry, L P"	"Gordon, C"	"6f "	"5"	"81"
"14:40:00"	"2014-07-02"	"Perth"	"Attycran (IRE)"	"12.00"	"14"	"Handicap Novices Chase"	"3"	"10"	"McAlister, Michael"	"Barnes, M A"	"2m4.5f "	"9"	"18"
"20:35:00"	"2014-06-19"	"Leopardstown"	"Panama Hat"	"6.50"	"8.05"	"Handicap"	"1"	"13"	"Hayes, C D"	"Oliver, Andrew"	"1m2f "	"3"	"7"
"17:10:00"	"2014-06-15"	"Downpatrick"	"High Talk (IRE)"	"14.00"	"22.59"	"Handicap Chase"	"9"	"14"	"Fox, Derek R"	"McNiff, Mark Michael"	"2m7f "	"10"	"9"
"17:05:00"	"2014-06-14"	"Hexham"	"Attycran (IRE)"	"22.00"	"28.06"	"Handicap Chase"	"4"	"13"	"McAlister, Michael"	"Barnes, M A"	"2m4.5f "	"9"	"37"
"16:15:00"	"2014-06-14"	"Chester"	"Strictly Silver (IRE)"	"14.00"	"25"	"Handicap"	"3"	"12"	"Clark, Tim"	"Bailey, A"	"1m2.5f "	"5"	"19"
"17:15:00"	"2014-06-09"	"Newton Abbot"	"Dipity Doo Dah"	"10.00"	"13.3"	"Handicap Hurdle"	"3"	"10"	"Bowen, Sean P"	"Bowen, Peter / Michael"	"2m6f "	"10"	"27"
"19:05:00"	"2014-06-07"	"Limerick"	"Hatton Cross (IRE)"	"8.00"	"10"	"Handicap"	"2"	"14"	"Lordan, W M"	"OMara, T J"	"6.5f "	"5"	"235"
"15:10:00"	"2014-06-07"	"Doncaster"	"Tepmokea (IRE)"	"5.00"	"6.45"	"Handicap"	"2"	"8"	"Turner, Hayley"	"Dore, C R"	"1m4f "	"8"	"12"
"18:30:00"	"2014-06-06"	"Leopardstown"	"Castle Bar Sling (USA)"	"33.00"	"46.1"	"Handicap"	"4"	"16"	"Lordan, W M"	"OMara, T J"	"1m2f "	"9"	"234"
"18:15:00"	"2014-05-30"	"Tramore"	"Whitehead Lad (IRE)"	"25.00"	"54.78"	"Handicap Hurdle"	"2"	"16"	"Loughran, R"	"Fitzpatrick, William J"	"2m "	"7"	"169"
"14:50:00"	"2014-05-27"	"Redcar"	"Mitchell"	"3.00"	"4.1"	"Seller"	"1"	"9"	"Beasley, Connor"	"Thompson, D W"	"7f "	"4"	"28"
"20:30:00"	"2014-05-21"	"Sligo"	"City of Doral"	"14.00"	"22.48"	"Handicap Hurdle"	"PU"	"16"	"McKenna, Liam"	"Lambe, J J"	"2m4f "	"12"	"53"
"16:20:00"	"2014-05-19"	"Redcar"	"Jiroft (ITY)"	"5.50"	"7.6"	"Handicap"	"5"	"11"	"Tart, Robert"	"Cowell, R M H"	"5f "	"7"	"16"
"20:00:00"	"2014-05-12"	"Towcester"	"Master Cardor Visa (IRE)"	"10.00"	"13.5"	"Handicap Hurdle"	"6"	"12"	"Beswick, Harrison"	"Bishop, Miss E J"	"2m3.5f "	"9"	"10"
"15:30:00"	"2014-05-03"	"Goodwood"	"Jiroft (ITY)"	"11.00"	"15.52"	"Handicap"	"5"	"10"	"Kingscote, Richard"	"Cowell, R M H"	"5f "	"7"	"75"
"19:00:00"	"2014-05-02"	"Fontwell"	"Master Cardor Visa (IRE)"	"14.00"	"18.67"	"Handicap Hurdle"	"7"	"15"	"Beswick, Harrison"	"Bishop, Miss E J"	"2m6.5f "	"9"	"76"
"17:50:00"	"2014-04-29"	"Newcastle"	"Mission Impossible"	"14.00"	"19.15"	"Handicap"	"7"	"15"	"Costello, Dougie"	"Waggott, Miss Tracy"	"6f "	"9"	"182"
"15:35:00"	"2014-04-26"	"Limerick"	"Madam Mo (IRE)"	"3.00"	"4.25"	"Maiden"	"2"	"11"	"McDonogh, D P"	"Prendergast, P J"	"1m "	"4"	"10"
"18:35:00"	"2014-04-24"	"Tipperary"	"Regal Power"	"7.00"	"8.46"	"Handicap"	"11"	"17"	"Coakley, Ross"	"Murtagh, J P"	"5f "	"5"	"12"
"15:45:00"	"2014-04-22"	"Wetherby"	"Skint"	"5.00"	"6.8"	"Handicap Hurdle"	"3"	"10"	"Wedge, Adam"	"Stronge, Ali"	"2m.5f "	"8"	"45"
"15:05:00"	"2014-04-13"	"Stratford"	"Marley Roca (IRE)"	"10.00"	"14.05"	"Handicap Chase"	"5"	"9"	"Twiston-Davies, Sam"	"Webber, P R"	"2m4f "	"10"	"11"
"14:15:00"	"2014-04-12"	"Thirsk"	"Delores Rocket"	"14.00"	"14.01"	"Handicap"	"11"	"15"	"Ryan, Amy"	"Ryan, K A"	"6f "	"4"	"3"
"15:55:00"	"2014-04-05"	"Newcastle"	"Gioia Di Vita"	"18.00"	"31.16"	"Handicap"	"4"	"10"	"Lee, G"	"Thompson, D W"	"1m4.5f "	"4"	"36"
"14:40:00"	"2014-03-26"	"Exeter"	"Decoy (FR)"	"20.00"	"31.17"	"Handicap Hurdle"	"PU"	"19"	"Barrett, Mr E"	"Pipe, D E"	"2m3f "	"8"	"57"
"16:15:00"	"2014-03-13"	"Hexham"	"Pierrers Bounty (IRE)"	"16.00"	"22.03"	"Handicap Hurdle"	"1"	"15"	"Kelly, T"	"Hogarth, H P"	"3m "	"7"	"16"
"15:50:00"	"2013-09-28"	"Newmarket (Rowley)"	"Dance And Dance (IRE)"	"20.00"	"24.66"	"Handicap"	"6"	"31"	"Crowley, Jim"	"Vaughan, E F"	"1m1f "	"7"	"27"
"17:50:00"	"2013-09-18"	"Beverley"	"Glan Lady (IRE)"	"14.00"	"18.84"	"Non-Handicap"	"13"	"17"	"Rawlinson, Ali"	"Appleby, M"	"1m.5f "	"7"	"8"
"14:40:00"	"2013-09-03"	"Musselburgh"	"Military Call"	"28.00"	"37.14"	"Handicap"	"11"	"13"	"Burke, Julie"	"Smith, R Michael"	"1m "	"6"	"46"
"19:30:00"	"2013-08-29"	"Killarney"	"The Book Thief (IRE)"	"14.00"	"21"	"Handicap Chase"	"5"	"15"	"Splaine, D E"	"OGrady, Eoghan"	"2m4.5f "	"9"	"12"
"15:30:00"	"2013-08-23"	"Ffos Las"	"Top Cop"	"6.00"	"8.6"	"Handicap"	"7"	"11"	"Murphy, Oisin"	"Balding, A M"	"6f "	"4"	"15"
"17:20:00"	"2013-08-16"	"Newcastle"	"Code Six (IRE)"	"33.00"	"60"	"Handicap"	"8"	"8"	"Ffrench, Royston"	"Smart, B"	"6f "	"4"	"38"
"19:30:00"	"2013-08-12"	"Thirsk"	"Icy Blue"	"5.00"	"5.93"	"Handicap Seller"	"4"	"12"	"Hamilton, Tony"	"Whitaker, R M"	"1m "	"5"	"14"
"17:00:00"	"2013-08-08"	"Yarmouth"	"Hail Promenader (IRE)"	"14.00"	"19"	"Handicap"	"7"	"9"	"Golam, Saleem"	"Carson, Anthony"	"1m1f "	"7"	"15"
"18:45:00"	"2013-08-05"	"Carlisle"	"Uncut Stone (IRE)"	"14.00"	"18.61"	"Handicap"	"4"	"13"	"Brotherton, Miss S"	"Niven, P D"	"2m1f "	"5"	"27"
"16:30:00"	"2013-08-03"	"Newton Abbot"	"Qulinton (FR)"	"10.00"	"12.63"	"Handicap Hurdle"	"9"	"14"	"OFarrell, C"	"Pipe, D E"	"3m3f "	"9"	"19"
"19:15:00"	"2013-07-26"	"Down Royal"	"Crystal Harmony (IRE)"	"12.00"	"15.05"	"Handicap"	"7"	"14"	"McCormack, D A"	"Foley, Jane M"	"7f "	"4"	"30"
"17:40:00"	"2013-07-24"	"Leicester"	"Benandonner (USA)"	"22.00"	"29"	"Handicap"	"12"	"14"	"Bryant, Miss M"	"Butler, P"	"7f "	"10"	"22"
"14:45:00"	"2013-07-22"	"Cartmel"	"Executives Hall (IRE)"	"3.50"	"4.89"	"Handicap Hurdle"	"1"	"12"	"Gallagher, Craig"	"Haslam, B M R"	"2m6f "	"9"	"29"
"15:20:00"	"2013-07-20"	"Cartmel"	"Cruchain (IRE)"	"6.00"	"8.91"	"Handicap Chase"	"1"	"11"	"Dunne, R T"	"Burchell, D"	"2m5.5f "	"10"	"32"
"17:50:00"	"2013-07-18"	"Doncaster"	"Dolly Diva"	"14.00"	"18.39"	"Handicap"	"10"	"12"	"Nason, Jordan"	"Midgley, P T"	"5f "	"4"	"13"
"13:55:00"	"2013-07-13"	"Ascot"	"Masamah (IRE)"	"14.00"	"19.88"	"Handicap"	"1"	"19"	"Egan, D E"	"Botti, M"	"5f "	"7"	"7"
"14:20:00"	"2013-07-04"	"Haydock"	"Thatcherite (IRE)"	"16.00"	"21.89"	"Handicap"	"9"	"13"	"Craine, S J"	"Coyle, Tony"	"1m2.5f "	"5"	"19"
"15:40:00"	"2013-07-03"	"Perth"	"Solway Bay"	"33.00"	"45.11"	"Handicap Hurdle"	"4"	"9"	"Whillans, Ewan"	"Harrison, Miss L"	"3m.5f "	"11"	"38"
"15:20:00"	"2013-07-03"	"Worcester"	"Quel Bruere (FR)"	"6.00"	"7.51"	"Handicap Chase"	"2"	"10"	"Twiston-Davies, Sam"	"Upson, John R"	"2m4f "	"9"	"10"
"14:45:00"	"2013-06-25"	"Brighton"	"Standing Strong (IRE)"	"8.00"	"9.06"	"Handicap"	"4"	"9"	"Keniry, L P"	"Davison, Miss Z C"	"1m2f "	"5"	"13"
"16:45:00"	"2013-06-21"	"Market Rasen"	"Dont Take Me Alive"	"5.00"	"7.76"	"Handicap Novices Hurdle"	"1"	"10"	"Fehily, Noel"	"Longsdon, C E"	"2m1f "	"4"	"15"
"20:35:00"	"2013-06-15"	"Leicester"	"Askaud (IRE)"	"11.00"	"14.06"	"Handicap"	"1"	"11"	"Queally, T P"	"Dixon, Scott"	"7f "	"5"	"49"
"15:35:00"	"2013-06-15"	"Musselburgh"	"Captain Dunne (IRE)"	"18.00"	"25.75"	"Handicap"	"16"	"17"	"Fenton, Micky"	"Easterby, T D"	"5f "	"8"	"14"
"15:25:00"	"2013-06-14"	"Musselburgh"	"Captain Royale (IRE)"	"7.00"	"11.95"	"Handicap"	"10"	"12"	"Fanning, Joe"	"Waggott, Miss Tracy"	"5f "	"8"	"28"
"19:20:00"	"2013-06-12"	"Hamilton"	"Euston Square"	"20.00"	"24.14"	"Handicap"	"8"	"10"	"Aspell, P"	"Whillans, A C"	"1m3f "	"7"	"33"
"15:15:00"	"2013-06-01"	"Epsom"	"Captain Dunne (IRE)"	"7.00"	"10.59"	"Handicap"	"7"	"17"	"Allan, David"	"Easterby, T D"	"5f "	"8"	"24"
"15:05:00"	"2013-05-27"	"Cartmel"	"Fine Parchment (IRE)"	"14.00"	"16.64"	"Handicap Chase"	"1"	"11"	"Bannister, Harry A A"	"Mann, C J"	"2m5.5f "	"10"	"46"
"20:35:00"	"2013-05-17"	"Hamilton"	"Captain Royale (IRE)"	"11.00"	"13.5"	"Handicap"	"2"	"15"	"McHugh, B"	"Waggott, Miss Tracy"	"6f "	"8"	"6"
"20:35:00"	"2013-05-17"	"Hamilton"	"Mandalay King (IRE)"	"5.00"	"8.14"	"Handicap"	"4"	"15"	"Swift, Mr Dale"	"Fife, Mrs Marjorie"	"6f "	"8"	"7"
"18:25:00"	"2013-05-10"	"Downpatrick"	"Bennative (IRE)"	"10.00"	"12"	"Handicap Hurdle"	"5"	"14"	"Magee, Mr S F"	"Magee, Stephen Francis"	"2m5.5f "	"8"	"7"
"15:10:00"	"2013-04-29"	"Kelso"	"Tornado Bob (IRE)"	"4.50"	"6.6"	"Handicap Hurdle"	"5"	"13"	"Maguire, Jason"	"McCain Jnr, D"	"2m6.5f "	"8"	"11"
"15:50:00"	"2013-03-02"	"Newbury"	"Mahogany Blaze (FR)"	"20.00"	"33.59"	"Handicap Chase"	"UR"	"11"	"Twiston-Davies, Sam"	"Twiston-Davies, N A"	"2m4f "	"11"	"56"
"17:10:00"	"2013-02-21"	"Sedgefield"	"Pamak Dairy (FR)"	"10.00"	"13.4"	"Handicap Chase"	"3"	"8"	"Cook, Danny"	"Hogarth, H P"	"2m.5f "	"10"	"17"
"16:05:00"	"2013-02-04"	"Doncaster"	"Pamak Dairy (FR)"	"40.00"	"126.6"	"Handicap Chase"	"3"	"15"	"McGrath, Richard"	"Hogarth, H P"	"2m3f "	"10"	"38"
"13:20:00"	"2013-01-04"	"Lingfield"	"Lough Coi (IRE)"	"5.00"	"7.39"	"Maiden Chase"	"1"	"9"	"Banks, Mr J"	"Middleton, A"	"2m "	"7"	"28"
"15:10:00"	"2012-09-23"	"Uttoxeter"	"Middlebrook (IRE)"	"12.00"	"16.94"	"Handicap Novices Hurdle"	"8"	"16"	"Hughes, Brian"	"Niven, P D"	"2m "	"7"	"24"
"17:40:00"	"2012-09-11"	"Worcester"	"Topenhall (IRE)"	"25.00"	"46.97"	"Handicap Hurdle"	"4"	"14"	"Poste, Charlie"	"Case, B I"	"2m "	"11"	"15"
"15:40:00"	"2012-09-05"	"Hereford"	"Nothing Is Forever (IRE)"	"9.00"	"13.74"	"Handicap Hurdle"	"5"	"10"	"Twiston-Davies, Sam"	"Corcoran, L"	"2m1f "	"8"	"37"
"18:20:00"	"2012-09-04"	"Goodwood"	"Lyric Poet (USA)"	"7.00"	"8.25"	"Handicap"	"6"	"12"	"Carson, Mr Graham"	"Carson, Anthony"	"1m3f "	"5"	"4"
"16:20:00"	"2012-08-30"	"Stratford"	"Middlebrook (IRE)"	"25.00"	"46"	"Handicap Hurdle"	"4"	"12"	"Hughes, Brian"	"Niven, P D"	"2m3f "	"7"	"12"
"16:55:00"	"2012-08-25"	"Curragh"	"Castle Bar Sling (USA)"	"16.00"	"36"	"Handicap"	"16"	"18"	"Lordan, W M"	"OMara, T J"	"1m "	"7"	"25"
"15:00:00"	"2012-08-20"	"Thirsk"	"Waking Warrior"	"4.50"	"5.98"	"Handicap"	"3"	"14"	"Stott, Kevin"	"Ryan, K A"	"5f "	"4"	"5"
"19:40:00"	"2012-08-18"	"Market Rasen"	"Middlebrook (IRE)"	"7.50"	"11.77"	"Handicap Novices Hurdle"	"RO"	"13"	"Kennedy, W T"	"Niven, P D"	"2m3f "	"7"	"22"
"19:40:00"	"2012-08-16"	"Stratford"	"Proud Times (USA)"	"6.00"	"7.85"	"Handicap Novices Chase"	"3"	"13"	"Coleman, A"	"Stronge, Ali"	"2m5.5f "	"6"	"14"
"18:55:00"	"2012-08-09"	"Leopardstown"	"Valbucca (IRE)"	"8.00"	"11"	"Handicap"	"17"	"22"	"Whelan, R P"	"McCreery, W"	"1m1f "	"5"	"21"
"17:05:00"	"2012-08-06"	"Cork"	"Arkendale (IRE)"	"18.00"	"29.25"	"Handicap Hurdle"	"9"	"12"	"Benson, D J"	"Fogarty, J P"	"2m3f "	"10"	"3"
"16:25:00"	"2012-08-05"	"Galway"	"One Of Three (IRE)"	"12.00"	"19.11"	"Handicap"	"2"	"12"	"Hoban, Connor"	"Mulvany, Michael"	"7f "	"6"	"5"
"17:40:00"	"2012-08-04"	"Goodwood"	"Borug (USA)"	"6.50"	"9.2"	"Handicap"	"4"	"14"	"Twiston-Davies, Mr W"	"Tate, James"	"1m1f "	"4"	"22"
"18:15:00"	"2012-08-03"	"Galway"	"Agus A Vic (IRE)"	"7.00"	"11.74"	"Handicap Chase"	"2"	"14"	"Thornton, A P"	"Martin, Patrick"	"2m6f "	"11"	"65"
"18:40:00"	"2012-07-31"	"Galway"	"Jembatt (IRE)"	"6.50"	"8.41"	"Handicap"	"6"	"15"	"OBrien, J P"	"Mulvany, Michael"	"7f "	"5"	"5"
"18:40:00"	"2012-07-31"	"Galway"	"One Of Three (IRE)"	"14.00"	"24"	"Handicap"	"9"	"15"	"Carroll, G F"	"Mulvany, Michael"	"7f "	"6"	"4"
"17:50:00"	"2012-07-30"	"Uttoxeter"	"Pairc Na Gcapall (IRE)"	"10.00"	"13.8"	"Handicap Hurdle"	"1"	"14"	"Merriam, Alex"	"King, N B"	"3m "	"10"	"39"
"17:20:00"	"2012-07-29"	"Pontefract"	"Mr Wolf"	"16.00"	"29.45"	"Handicap"	"8"	"14"	"Hamilton, Tony"	"Midgley, P T"	"5f "	"11"	"48"
"20:25:00"	"2012-07-27"	"Down Royal"	"Solo Whisper (IRE)"	"12.00"	"19.59"	"Handicap"	"11"	"14"	"Murtagh, J"	"Hogan, T"	"1m2.5f "	"4"	"11"
"18:55:00"	"2012-07-27"	"Down Royal"	"One Of Three (IRE)"	"14.00"	"27.11"	"Handicap"	"4"	"14"	"Carroll, G F"	"Mulvany, Michael"	"7f "	"6"	"18"
"18:55:00"	"2012-07-26"	"Folkestone"	"Desert Strike"	"7.50"	"9.4"	"Seller"	"1"	"8"	"Chadwick, Matthew"	"Hills, Charles"	"6f "	"6"	"55"
"18:50:00"	"2012-07-26"	"Leopardstown"	"Jembatt (IRE)"	"6.00"	"7.8"	"Handicap"	"2"	"10"	"OBrien, J P"	"Mulvany, Michael"	"7f "	"5"	"60"
"16:30:00"	"2012-07-25"	"Catterick"	"Ursus"	"14.00"	"16.85"	"Handicap"	"2"	"11"	"Aspell, P"	"Wilson, C R"	"6f "	"7"	"37"
"16:20:00"	"2012-07-04"	"Catterick"	"Logans Legend (IRE)"	"12.00"	"19.57"	"Non-Handicap"	"3"	"9"	"Tudhope, Daniel"	"Mullaney, L A"	"7f "	"4"	"29"
"20:30:00"	"2012-07-03"	"Gowran Park"	"Dayrina (IRE)"	"5.00"	"6.69"	"Handicap"	"2"	"15"	"Manning, K J"	"Bolger, J S"	"1m1.5f "	"3"	"18"
"18:40:00"	"2012-06-30"	"Doncaster"	"Tabaret"	"12.00"	"25.81"	"Handicap"	"12"	"12"	"Eaves, Tom"	"Whitaker, R M"	"6f "	"9"	"25"
"15:45:00"	"2012-06-29"	"Musselburgh"	"The Nifty Fox"	"5.00"	"6.93"	"Handicap"	"1"	"8"	"Sullivan, James P"	"Easterby, T D"	"5f "	"8"	"16"
"19:50:00"	"2012-06-26"	"Ballinrobe"	"In The Haven (IRE)"	"12.00"	"21.74"	"Handicap Hurdle"	"11"	"16"	"Ring, Mr A"	"Rothwell, P J"	"2m "	"9"	"2"
"14:40:00"	"2012-06-23"	"Newmarket (July)"	"Button Moon (IRE)"	"20.00"	"26.75"	"Handicap"	"2"	"9"	"Gannon, Catherine"	"Wood, I A"	"6f "	"4"	"10"
"14:40:00"	"2012-06-23"	"Newmarket (July)"	"Mr David (USA)"	"6.50"	"8.59"	"Handicap"	"9"	"9"	"Dwyer, Martin"	"Osborne, J A"	"6f "	"5"	"21"
"20:35:00"	"2012-06-21"	"Leopardstown"	"Diamond Daze (IRE)"	"6.00"	"8.31"	"Handicap"	"4"	"12"	"James, S H"	"Lynam, Edward"	"1m "	"4"	"7"
"17:15:00"	"2012-06-16"	"York"	"Ginger Ted (IRE)"	"10.00"	"13.5"	"Handicap"	"12"	"15"	"Doyle, James"	"Williams, S C"	"6f "	"5"	"7"
"18:55:00"	"2012-06-14"	"Leopardstown"	"Diamond Daze (IRE)"	"9.00"	"12.09"	"Handicap"	"2"	"12"	"Dawson, R"	"Lynam, Edward"	"1m "	"4"	"6"
"18:50:00"	"2012-06-06"	"Fairyhouse"	"Jouster (IRE)"	"10.00"	"14.88"	"Handicap"	"12"	"18"	"Hayes, C D"	"Oliver, Andrew"	"7f "	"4"	"18"
"20:05:00"	"2012-06-01"	"Down Royal"	"Bubbly Bellini (IRE)"	"16.00"	"27.51"	"Handicap"	"3"	"14"	"Brennan, I J"	"McGuinness, Adrian"	"7f "	"5"	"98"
"18:25:00"	"2012-06-01"	"Tramore"	"Dalkeith"	"25.00"	"38.06"	"Handicap Hurdle"	"8"	"15"	"OConnell, Mr B T"	"Cleary, Michael G"	"2m "	"5"	"1"
"16:25:00"	"2012-05-19"	"Wexford"	"Dalkeith"	"25.00"	"59.58"	"Handicap"	"11"	"16"	"Dawson, R"	"Cleary, Michael G"	"1m6f "	"5"	"13"
"14:40:00"	"2012-05-19"	"Wexford"	"Jouster (IRE)"	"6.00"	"7.8"	"Handicap"	"3"	"13"	"James, S H"	"Oliver, Andrew"	"1m.5f "	"4"	"12"
"17:30:00"	"2012-05-17"	"Ludlow"	"Navajo Nation (IRE)"	"6.00"	"7.6"	"Seller Hurdle"	"4"	"8"	"Davies, Chris"	"Turner, W G M"	"2m "	"6"	"4"
"17:20:00"	"2012-04-24"	"Towcester"	"Devils River (IRE)"	"6.50"	"9.2"	"Handicap Chase"	"PU"	"8"	"Tinkler, Andrew"	"Brooks, Mrs Anna"	"2m.5f "	"10"	"21"
"15:05:00"	"2012-04-13"	"Aintree"	"Forpadydeplasterer (IRE)"	"12.00"	"16.81"	"Chase"	"4"	"8"	"Cooper, Bryan J"	"Cooper, Thomas"	"2m4f "	"10"	"29"
"16:20:00"	"2012-03-30"	"Wetherby"	"Tinseltown"	"14.00"	"16"	"Handicap Hurdle"	"2"	"14"	"Costello, Dougie"	"Rothwell, B S"	"2m.5f "	"6"	"11"
"16:20:00"	"2012-03-29"	"Newcastle"	"Pobs Trophy"	"9.00"	"9.68"	"Handicap Hurdle"	"5"	"14"	"McCarth, R J"	"Guest, R C"	"2m "	"5"	"5"
"16:40:00"	"2012-03-25"	"Hexham"	"Oh Right (IRE)"	"8.00"	"9.71"	"Handicap Chase"	"2"	"9"	"Brooke, Henry"	"Sayer, Mrs Dianne"	"2m.5f "	"8"	"14"
"15:15:00"	"2012-03-11"	"Naas"	"Whodoyouthink (IRE)"	"20.00"	"38.51"	"Handicap Hurdle"	"11"	"22"	"McNamara, Andrew J"	"McKiernan, Oliver"	"2m3f "	"7"	"18"
"17:20:00"	"2012-03-03"	"Kelso"	"Political Paddy"	"9.00"	"12.5"	"Handicap Hurdle"	"BD"	"11"	"Mania, Ryan"	"Nixon, R"	"2m6.5f "	"10"	"12"
"14:20:00"	"2012-02-28"	"Catterick"	"Dar Es Salaam"	"5.00"	"6.6"	"Handicap Hurdle"	"11"	"14"	"Sparkes, Miss Rebecca"	"Moffatt, James"	"2m3f "	"8"	"40"
"15:10:00"	"2012-01-21"	"Ascot"	"Forpadydeplasterer (IRE)"	"12.00"	"16.04"	"Chase"	"4"	"8"	"Cooper, Bryan J"	"Cooper, Thomas"	"2m1f "	"10"	"25"
"14:40:00"	"2012-01-04"	"Southwell"	"Pobs Trophy"	"12.00"	"19.07"	"Handicap Hurdle"	"8"	"8"	"McCarth, R J"	"Guest, R C"	"2m "	"5"	"50"
"15:10:00"	"2012-01-01"	"Fairyhouse"	"Lord Rudi (IRE)"	"28.00"	"58.53"	"Handicap Hurdle"	"7"	"9"	"Treacy, T P"	"Watson, R K"	"2m6f "	"8"	"4"
"13:50:00"	"2012-01-01"	"Musselburgh"	"Watercolours (IRE)"	"7.00"	"8.33"	"Handicap Hurdle"	"6"	"8"	"Lee, G"	"Goldie, J S"	"3m.5f "	"7"	"28"
"17:15:00"	"2011-09-25"	"Epsom"	"Flameoftheforest (IRE)"	"11.00"	"13.74"	"Handicap"	"4"	"15"	"Cosgrave, Pat"	"De Giles, Ed"	"7f "	"4"	"12"
"15:20:00"	"2011-09-23"	"Worcester"	"Cengiz (IRE)"	"100.00"	"911.37"	"Beginners Chase"	"PU"	"9"	"Jenkinson, Mr Jamie"	"Sadik, A"	"2m7f "	"9"	"29"
"14:30:00"	"2011-09-22"	"Pontefract"	"Sabusa (IRE)"	"50.00"	"85"	"Maiden"	"10"	"10"	"Winston, Robert"	"McCabe, A J"	"6f "	"2"	"8"
"14:15:00"	"2011-09-16"	"Listowel"	"Sable (IRE)"	"16.00"	"36"	"Handicap"	"5"	"13"	"Hayes, C D"	"McGuinness, Adrian"	"6.5f "	"5"	"7"
"17:10:00"	"2011-09-15"	"Yarmouth"	"Too Many Questions (IRE)"	"18.00"	"24.75"	"Handicap"	"1"	"11"	"Fallon, K"	"Evans, P D"	"6f "	"3"	"22"
"16:30:00"	"2011-09-10"	"Bath"	"Countess Comet (IRE)"	"6.00"	"7.73"	"Handicap"	"3"	"8"	"Donohoe, Stephen"	"Beckett, R M"	"1m2f "	"4"	"76"
"15:10:00"	"2011-09-05"	"Bath"	"Shifting Star (IRE)"	"16.00"	"19.5"	"Handicap"	"3"	"11"	"Catlin, Chris"	"Swinburn, W R"	"5.5f "	"6"	"25"
"18:10:00"	"2011-09-03"	"Leopardstown"	"Jembatt (IRE)"	"25.00"	"75"	"Handicap"	"14"	"18"	"Hayes, C D"	"Mulvany, Michael"	"7f "	"4"	"12"
"14:35:00"	"2011-09-03"	"Musselburgh"	"Distant Sun (USA)"	"22.00"	"28.06"	"Handicap"	"2"	"13"	"Kelly, S B"	"Perratt, Miss L A"	"5f "	"7"	"28"
"17:30:00"	"2011-09-02"	"Chepstow"	"What Katie Did (IRE)"	"12.00"	"14.21"	"Handicap"	"9"	"10"	"Ahern, Eddie"	"Bradley, J M"	"5f "	"6"	"2"
"17:30:00"	"2011-08-31"	"Bath"	"What Katie Did (IRE)"	"20.00"	"22"	"Handicap"	"8"	"10"	"Cosham, Matthew"	"Bradley, J M"	"5.5f "	"6"	"33"
"15:00:00"	"2011-08-24"	"Chepstow"	"Safari Guide"	"66.00"	"164.59"	"Handicap"	"12"	"15"	"Doyle, Sophie"	"Burchell, D"	"1m "	"5"	"20"
"17:40:00"	"2011-08-22"	"Cork"	"Jembatt (IRE)"	"10.00"	"15.5"	"Handicap"	"7"	"10"	"Carroll, G F"	"Mulvany, Michael"	"5f "	"4"	"8"
"17:05:00"	"2011-08-22"	"Hamilton"	"Kerrys Requiem (IRE)"	"7.00"	"9.01"	"Handicap"	"8"	"15"	"Burke, Julie"	"Pitt, T J"	"1m.5f "	"5"	"7"
"15:15:00"	"2011-08-15"	"Thirsk"	"Kerrys Requiem (IRE)"	"8.00"	"8.97"	"Handicap"	"3"	"17"	"Burke, Julie"	"Pitt, T J"	"1m "	"5"	"23"
"19:40:00"	"2011-08-10"	"Gowran Park"	"Rosa Dieci (IRE)"	"20.00"	"73.02"	"Handicap"	"4"	"17"	"Obrien, Katherine"	"Miley, Daniel"	"1m1.5f "	"4"	"19"
"21:00:00"	"2011-07-28"	"Ffos Las"	"Atia"	"12.00"	"16"	"Handicap"	"2"	"8"	"Fahy, J P"	"Portman, J G"	"6f "	"3"	"16"
"21:00:00"	"2011-07-25"	"Uttoxeter"	"Nawow"	"25.00"	"60"	"Handicap Hurdle"	"8"	"12"	"Best, J A"	"Hazell, M G"	"2m "	"11"	"15"
"15:15:00"	"2011-07-24"	"Pontefract"	"Betteras Bertie"	"28.00"	"43.19"	"Handicap"	"1"	"15"	"McHugh, B"	"Coyle, Tony"	"1m2f "	"8"	"81"
"20:45:00"	"2011-07-22"	"Newmarket (July)"	"Khaleeji"	"28.00"	"54.55"	"Handicap"	"10"	"14"	"Hills, R"	"Hills, J W"	"1m "	"3"	"15"
"18:10:00"	"2011-07-18"	"Windsor"	"Meglio Ancora"	"6.00"	"7.33"	"Seller"	"6"	"8"	"Ahern, Eddie"	"Portman, J G"	"1m3.5f "	"4"	"7"
"15:25:00"	"2011-07-14"	"Cartmel"	"Im Your Man"	"7.00"	"9.2"	"Handicap Chase"	"9"	"10"	"Voy, A L"	"Slack, Mrs E"	"2m1.5f "	"12"	"33"
"19:00:00"	"2011-07-09"	"Hamilton"	"Weetentherty"	"66.00"	"126.95"	"Maiden Seller"	"1"	"10"	"Cannon, Declan"	"Perratt, Miss L A"	"6f "	"4"	"6"
"16:50:00"	"2011-07-06"	"Catterick"	"Whispered Times (USA)"	"8.00"	"12.29"	"Handicap"	"6"	"12"	"Pickard, Paul"	"Waggott, Miss Tracy"	"7f "	"4"	"3"
"14:45:00"	"2011-07-03"	"Ayr"	"Whispered Times (USA)"	"18.00"	"22.8"	"Handicap"	"5"	"12"	"Pickard, Paul"	"Waggott, Miss Tracy"	"7f "	"4"	"15"
"20:30:00"	"2011-07-01"	"Beverley"	"Green Warrior"	"9.00"	"11.17"	"Handicap"	"11"	"15"	"Sanders, Seb"	"Duffield, Mrs A"	"5f "	"3"	"13"
"18:30:00"	"2011-07-01"	"Beverley"	"Saxby (IRE)"	"25.00"	"52.19"	"Seller"	"11"	"12"	"OConnell, Michael"	"Harker, G A"	"7.5f "	"4"	"42"
"20:30:00"	"2011-06-22"	"Naas"	"Lord Kenmare (USA)"	"20.00"	"46"	"Handicap"	"10"	"16"	"Foley, Shane"	"Halford, M"	"1m "	"5"	"17"
"15:45:00"	"2011-06-21"	"Beverley"	"Azimuth (USA)"	"4.00"	"5.66"	"Handicap"	"9"	"10"	"Makin, Phillip"	"Duffield, Mrs A"	"7.5f "	"4"	"45"
"16:20:00"	"2011-06-19"	"Hereford"	"Earth Planet (IRE)"	"5.00"	"7"	"Beginners Chase"	"1"	"9"	"Jacob, Daryl"	"Nicholls, P F"	"3m1.5f "	"9"	"59"
"17:40:00"	"2011-06-18"	"Redcar"	"Green Warrior"	"3.50"	"4.23"	"Handicap"	"5"	"9"	"Hamilton, Tony"	"Duffield, Mrs A"	"5f "	"3"	"7"
"21:10:00"	"2011-06-16"	"Beverley"	"My Love Fajer (IRE)"	"10.00"	"15.5"	"Maiden"	"8"	"15"	"Gibbons, Graham"	"McCabe, A J"	"5f "	"3"	"18"
"17:50:00"	"2011-06-14"	"Thirsk"	"Green Manalishi"	"20.00"	"27.57"	"Handicap"	"9"	"13"	"Ryan, Amy"	"Ryan, K A"	"6f "	"10"	"3"
"20:20:00"	"2011-06-13"	"Roscommon"	"Vital Plot (USA)"	"20.00"	"30.73"	"Handicap Hurdle"	"10"	"14"	"Carroll, T C"	"Weld, S"	"2m "	"7"	"14"
"15:45:00"	"2011-06-13"	"Carlisle"	"Mullglen"	"6.00"	"9.29"	"Handicap"	"2"	"10"	"Allan, David"	"Easterby, T D"	"5f "	"5"	"10"
"19:50:00"	"2011-06-02"	"Uttoxeter"	"A P Ling"	"16.00"	"23.49"	"Handicap Hurdle"	"10"	"10"	"Garner, Thomas"	"Kellett, C N"	"2m "	"4"	"16"
"15:25:00"	"2011-06-01"	"Cartmel"	"Im Your Man"	"18.00"	"24.3"	"Handicap Chase"	"4"	"9"	"Voy, A L"	"Slack, Mrs E"	"2m1.5f "	"12"	"8"
"18:00:00"	"2011-05-30"	"Ballinrobe"	"Frutti Tutti (IRE)"	"20.00"	"41.17"	"Handicap"	"13"	"16"	"Obrien, Katherine"	"Hogan, T"	"1m6f "	"7"	"21"
"15:00:00"	"2011-05-30"	"Redcar"	"Bradbury (IRE) (OLD)"	"10.00"	"11.74"	"Handicap Maiden"	"5"	"12"	"Winston, Robert"	"Bethell, J D"	"1m6f "	"3"	"33"
"16:45:00"	"2011-05-29"	"Downpatrick"	"Judge Deed (IRE)"	"16.00"	"23"	"Handicap Chase"	"11"	"15"	"Cooper, Bryan J"	"Christie, D M"	"2m7f "	"10"	"4"
"16:20:00"	"2011-05-26"	"Ayr"	"Street Devil (USA)"	"40.00"	"72.1"	"Handicap"	"7"	"8"	"Gibbons, Graham"	"Murphy, P G"	"1m "	"6"	"1"
"15:05:00"	"2011-05-25"	"Newton Abbot"	"Lord Lescribaa (FR)"	"7.00"	"9.4"	"Handicap Seller Hurdle"	"4"	"12"	"Hobbs, Miss K"	"Hobbs, P J / White, J"	"2m6f "	"8"	"213"
"16:00:00"	"2011-05-10"	"Beverley"	"Handsome Falcon"	"9.00"	"12.07"	"Handicap"	"7"	"8"	"Sullivan, James P"	"Pears, Ollie"	"1m.5f "	"7"	"8"
"18:50:00"	"2011-05-09"	"Roscommon"	"Frutti Tutti (IRE)"	"33.00"	"63.03"	"Handicap"	"11"	"13"	"Curtis, B A"	"Hogan, T"	"1m4f "	"7"	"193"
"15:50:00"	"2011-05-07"	"Hexham"	"Treason Trial"	"11.00"	"16"	"Handicap Hurdle"	"5"	"8"	"Edwards, Lee"	"Crook, A"	"3m "	"10"	"24"
"17:45:00"	"2011-04-30"	"Thirsk"	"Green Manalishi"	"16.00"	"25.18"	"Handicap"	"5"	"15"	"Burke, Julie"	"Ryan, K A"	"5f "	"10"	"15"
"18:30:00"	"2011-04-27"	"Ballinrobe"	"Strike An Ark (IRE)"	"25.00"	"71.01"	"Handicap Hurdle"	"5"	"14"	"Cullen, J L"	"OBrien, David Anthony"	"2m "	"10"	"24"
"16:45:00"	"2011-04-17"	"Gowran Park"	"Ameretto Son (IRE)"	"8.00"	"12.72"	"Handicap Chase"	"6"	"11"	"Darcy, M"	"Donnelly, Lorcan Joseph"	"2m4f "	"9"	"10"
"15:35:00"	"2011-04-16"	"Ripon"	"Ochilview Warrior (IRE)"	"28.00"	"45.51"	"Seller"	"6"	"8"	"Newman, L"	"Bastiman, R"	"1m2f "	"4"	"25"
"18:35:00"	"2011-04-15"	"Brighton"	"St Ignatius"	"6.50"	"7.38"	"Handicap"	"1"	"10"	"Doyle, James"	"Appleby, M"	"7f "	"4"	"2"
"19:05:00"	"2011-04-07"	"Clonmel"	"Ameretto Son (IRE)"	"16.00"	"17.38"	"Handicap Chase"	"5"	"14"	"Darcy, M"	"Donnelly, Lorcan Joseph"	"2m4f "	"9"	"19"
"15:00:00"	"2011-04-04"	"Kelso"	"Super Baby (FR)"	"16.00"	"19.83"	"Handicap Chase"	"7"	"9"	"Haynes, Harry"	"Ewart, J P L"	"2m1f "	"9"	"30"
"15:45:00"	"2011-03-09"	"Naas"	"Cantrell (IRE)"	"7.00"	"8.18"	"Handicap Hurdle"	"1"	"25"	"Bowes, M W"	"Smyth, H"	"2m "	"8"	"24"
"17:50:00"	"2010-09-30"	"Ayr"	"Geojimali"	"4.50"	"6.53"	"Handicap"	"2"	"10"	"Bartley, Gary"	"Goldie, J S"	"7f "	"8"	"14"
"17:20:00"	"2010-09-29"	"Salisbury"	"Flapper (IRE)"	"7.50"	"9.8"	"Handicap"	"9"	"11"	"Cosgrave, Pat"	"Hills, J W"	"1m "	"4"	"14"
"17:20:00"	"2010-09-20"	"Leicester"	"Swift Chap"	"7.00"	"9"	"Handicap"	"12"	"14"	"Holland, Darryll"	"Millman, B R"	"1m.5f "	"4"	"13"
"17:30:00"	"2010-09-16"	"Pontefract"	"Spavento (IRE)"	"9.00"	"16.18"	"Handicap"	"3"	"12"	"Norton, Francis"	"Alston, E J"	"1m "	"4"	"10"
"17:50:00"	"2010-09-10"	"Chester"	"Mr Udagawa"	"5.50"	"7.95"	"Handicap"	"1"	"10"	"Williams, Robert"	"Llewellyn, B J"	"7f "	"4"	"29"
"16:35:00"	"2010-09-09"	"Bath"	"Ghost Dancer"	"33.00"	"67.58"	"Handicap"	"11"	"14"	"Keniry, L P"	"Bradley, J M"	"5.5f "	"6"	"30"
"17:20:00"	"2010-09-06"	"Newcastle"	"Spavento (IRE)"	"5.50"	"6.99"	"Handicap"	"7"	"14"	"Allan, David"	"Alston, E J"	"7f "	"4"	"64"
"15:00:00"	"2010-09-05"	"Worcester"	"Rash Moment (FR)"	"7.00"	"9.4"	"Handicap Chase"	"1"	"11"	"Kington, John"	"Scudamore, M J"	"2m7f "	"11"	"17"
"17:00:00"	"2010-08-30"	"Bath"	"Oriental Girl"	"4.50"	"6.2"	"Handicap"	"1"	"12"	"Keniry, L P"	"Moore, J S"	"1m2f "	"5"	"18"
"16:05:00"	"2010-08-29"	"Beverley"	"Thewinnatakesitall"	"40.00"	"56.27"	"Handicap"	"11"	"15"	"Fentiman, Duran"	"Tinkler, N"	"5f "	"3"	"13"
"14:20:00"	"2010-08-21"	"Chester"	"Roker Park (IRE)"	"4.00"	"5.2"	"Handicap"	"2"	"12"	"Holland, Darryll"	"Ryan, K A"	"6f "	"5"	"28"
"19:40:00"	"2010-08-20"	"Kilbeggan"	"Hot Friend (IRE)"	"6.00"	"7.84"	"Handicap Chase"	"6"	"14"	"Enright, P T"	"Dore, C J"	"3m1f "	"7"	"13"
"20:30:00"	"2010-08-13"	"Catterick"	"Wainwright (IRE) (OLD)"	"50.00"	"119.23"	"Handicap"	"12"	"14"	"Cannon, Declan"	"Mackie, J"	"7f "	"10"	"68"
"17:05:00"	"2010-08-08"	"Downpatrick"	"Uncommited (IRE)"	"10.00"	"15.87"	"Handicap Hurdle"	"1"	"13"	"McNamara, Andrew J"	"Hynds, Noel G"	"2m7f "	"10"	"12"
"15:30:00"	"2010-08-04"	"Brighton"	"Twilight Star (IRE)"	"12.00"	"17"	"Handicap"	"11"	"12"	"Fahy, J P"	"Teal, R A"	"1m "	"6"	"13"
"14:25:00"	"2010-07-25"	"Carlisle"	"Ten To The Dozen"	"150.00"	"260.02"	"Claimer"	"10"	"11"	"Silva, D T Da"	"Thompson, D W"	"1m "	"7"	"24"
"20:20:00"	"2010-07-23"	"Chepstow"	"Erdeli (IRE)"	"8.00"	"9.58"	"Handicap"	"3"	"15"	"Probert, David"	"Vaughan, Tim"	"1m4f "	"6"	"9"
"16:15:00"	"2010-07-20"	"Yarmouth"	"Norcroft"	"33.00"	"54.94"	"Handicap"	"6"	"8"	"Mayor, Leonna"	"Dunnett, Mrs C A"	"7f "	"8"	"250"
"20:35:00"	"2010-07-15"	"Leopardstown"	"Castle Bar Sling (USA)"	"10.00"	"15.25"	"Handicap"	"1"	"14"	"Supple, W J"	"OMara, T J"	"1m1f "	"5"	"18"
"16:15:00"	"2010-07-05"	"Newton Abbot"	"Coup de Tabac (FR)"	"20.00"	"34"	"Seller Hurdle"	"10"	"10"	"Dennis, David"	"Hawke, N J"	"2m3f "	"6"	"19"
"19:20:00"	"2010-07-02"	"Bellewstown"	"Lugato (GER)"	"25.00"	"109.72"	"Handicap"	"15"	"15"	"Enright, M A"	"Smyth, Lee"	"1m "	"8"	"18"
"18:10:00"	"2010-07-01"	"Redcar"	"Nuit Sombre (IRE)"	"28.00"	"50"	"Claimer"	"1"	"11"	"OConnell, Michael"	"Harker, G A"	"7f "	"10"	"14"
"20:30:00"	"2010-06-30"	"Fairyhouse"	"Capacity (IRE)"	"25.00"	"53.03"	"Handicap"	"5"	"15"	"James, S H"	"McCourt, T G"	"1m2f "	"3"	"13"
"19:40:00"	"2010-06-30"	"Chepstow"	"Rainsborough"	"33.00"	"48"	"Seller"	"8"	"10"	"Doyle, Sophie"	"Curran, S"	"7f "	"3"	"6"
"21:20:00"	"2010-06-25"	"Chester"	"Spavento (IRE)"	"3.50"	"5.23"	"Handicap"	"7"	"13"	"Kelly, Shane"	"Alston, E J"	"7.5f "	"4"	"10"
"19:10:00"	"2010-06-24"	"Leicester"	"Rainsborough"	"28.00"	"46.78"	"Seller"	"8"	"16"	"Doyle, Sophie"	"Curran, S"	"7f "	"3"	"23"
"17:30:00"	"2010-06-23"	"Salisbury"	"Dichoh"	"4.50"	"7.02"	"Handicap"	"4"	"12"	"Walker, Mr S"	"Madgwick, M"	"7f "	"7"	"8"
"15:45:00"	"2010-06-21"	"Lingfield"	"Clerical (USA)"	"14.00"	"23.02"	"Handicap"	"9"	"13"	"Ahern, Eddie"	"Cowell, R M H"	"1m1f "	"4"	"12"
"14:50:00"	"2010-06-20"	"Hereford"	"Tar (IRE)"	"25.00"	"35.61"	"Handicap Novices Hurdle"	"8"	"13"	"Coleman, A"	"Sheppard, M"	"2m1f "	"6"	"14"
"17:55:00"	"2010-06-17"	"Warwick"	"Charlietoo"	"33.00"	"57.56"	"Handicap"	"5"	"10"	"Clark, Ryan"	"Bevan, E G"	"1m "	"4"	"17"
"16:05:00"	"2010-06-15"	"Thirsk"	"Spavento (IRE)"	"6.50"	"8.91"	"Handicap"	"3"	"14"	"Allan, David"	"Alston, E J"	"7f "	"4"	"11"
"18:50:00"	"2010-06-14"	"Roscommon"	"Blue Law (IRE)"	"7.00"	"8.66"	"Handicap"	"2"	"15"	"Lee, W J"	"Callaghan, Marcus"	"7f "	"5"	"17"
"16:45:00"	"2010-06-14"	"Carlisle"	"Dean Iarracht (IRE)"	"6.00"	"8.74"	"Handicap"	"3"	"11"	"Harrison, Kelly"	"Waggott, Miss Tracy"	"1m1.5f "	"4"	"14"
"20:40:00"	"2010-06-12"	"Limerick"	"Callow Lake (IRE)"	"33.00"	"119.22"	"Handicap"	"9"	"10"	"McDonogh, D P"	"Fahy, P A"	"2m "	"10"	"34"
"15:00:00"	"2010-06-08"	"Redcar"	"Dazeen"	"10.00"	"16.21"	"Handicap"	"2"	"16"	"Culhane, Tony"	"Midgley, P T"	"7f "	"3"	"36"
"20:45:00"	"2010-06-03"	"Wetherby"	"Cossack Dancer (IRE)"	"5.50"	"7.03"	"Handicap Chase"	"6"	"10"	"Maguire, Jason"	"Bradstock, M"	"2m6.5f "	"12"	"25"
"16:00:00"	"2010-06-03"	"Newton Abbot"	"Paradise Regained (FR)"	"40.00"	"71.34"	"Handicap Seller Hurdle"	"11"	"15"	"Watson, Miss Hannah"	"Leech, Mrs S"	"2m3f "	"7"	"22"
"17:45:00"	"2010-05-31"	"Carlisle"	"Dean Iarracht (IRE)"	"7.50"	"9.47"	"Handicap"	"4"	"10"	"Harrison, Kelly"	"Waggott, Miss Tracy"	"1m1.5f "	"4"	"13"
"19:50:00"	"2010-05-21"	"Towcester"	"Spider Boy"	"18.00"	"23"	"Handicap Hurdle"	"PU"	"11"	"Gracey-Davison, Gemma"	"Davison, Miss Z C"	"2m "	"13"	"25"
"19:50:00"	"2010-05-20"	"Tipperary"	"Keep It Cool (IRE) (OLD)"	"10.00"	"11.81"	"Non-Handicap"	"1"	"8"	"Berry, F M"	"ODonnell, P F"	"1m6f "	"6"	"13"
"16:45:00"	"2010-05-12"	"Fontwell"	"King Diamond (FR)"	"11.00"	"14"	"Handicap Novices Chase"	"PU"	"9"	"Kennedy, W T"	"Jordan, F"	"2m2f "	"9"	"52"
"18:25:00"	"2010-05-07"	"Ripon"	"Dean Iarracht (IRE)"	"8.00"	"8.79"	"Seller"	"5"	"12"	"Winston, Robert"	"Waggott, Miss Tracy"	"1m2f "	"4"	"33"
"18:25:00"	"2010-05-07"	"Ripon"	"Moggy (IRE)"	"20.00"	"27.1"	"Seller"	"8"	"12"	"Tudhope, Daniel"	"Harker, G A"	"1m2f "	"4"	"13"
"15:25:00"	"2010-05-01"	"Goodwood"	"Viking Spirit"	"6.00"	"7.2"	"Handicap"	"7"	"9"	"Kelly, Shane"	"Swinburn, W R"	"6f "	"8"	"23"
"16:00:00"	"2010-04-24"	"Ripon"	"Moggy (IRE)"	"16.00"	"26.7"	"Seller"	"4"	"9"	"Sousa, Silvestre De"	"Harker, G A"	"1m2f "	"4"	"63"
"16:40:00"	"2010-02-17"	"Leicester"	"Zimbabwe (FR)"	"25.00"	"38.69"	"Handicap Chase"	"6"	"14"	"Greene, R J"	"Hawke, N J"	"2m7.5f "	"10"	"65"
"15:20:00"	"2010-02-08"	"Lingfield"	"Midnight Spirit"	"7.00"	"9.2"	"Handicap Hurdle"	"5"	"14"	"Giles, Felix De"	"Sutherland, F E"	"2m.5f "	"10"	"15"
"15:50:00"	"2009-09-26"	"Navan"	"Heroes Square (IRE)"	"20.00"	"60.24"	"Handicap Hurdle"	"21"	"30"	"Lynch, A E"	"Hutchinson, Ms Caroline"	"2m6f "	"9"	"27"
"14:40:00"	"2009-09-24"	"Fontwell"	"Star Galaxy (IRE) (OLD)"	"4.00"	"6.57"	"Handicap Seller Hurdle"	"14"	"17"	"Thomas, Sam"	"Flint, J L"	"2m2.5f "	"9"	"18"
"17:40:00"	"2009-09-23"	"Redcar"	"Diamond Blade"	"16.00"	"26.01"	"Handicap"	"1"	"13"	"Fentiman, Duran"	"Easterby, T D"	"6f "	"3"	"20"
"15:40:00"	"2009-09-21"	"Hamilton"	"Nisaal (IRE)"	"7.00"	"8.2"	"Handicap"	"2"	"15"	"Brennan, I J"	"Quinn, J J"	"1m1f "	"4"	"23"
"16:10:00"	"2009-09-13"	"Bath"	"Ginobili (IRE)"	"22.00"	"40"	"Handicap"	"7"	"9"	"Fenton, Micky"	"Liddiard, Stef"	"5.5f "	"3"	"13"
"16:15:00"	"2009-09-03"	"Redcar"	"Diamond Blade"	"33.00"	"77.8"	"Maiden"	"4"	"13"	"Fentiman, Duran"	"Easterby, T D"	"6f "	"3"	"15"
"17:10:00"	"2009-08-22"	"Chester"	"My Mate Max"	"9.00"	"13"	"Handicap"	"9"	"10"	"Gibbons, Graham"	"Hollinshead, R"	"2m "	"4"	"44"
"16:10:00"	"2009-08-15"	"Bangor"	"Shanahan (IRE)"	"3.33"	"4.71"	"Handicap Chase"	"1"	"11"	"Johnson, Richard"	"Vaughan, Tim"	"2m4.5f "	"8"	"18"
"18:55:00"	"2009-08-13"	"Leopardstown"	"Shy Smile (IRE)"	"16.00"	"34.16"	"Handicap"	"3"	"15"	"Foley, Shane"	"Gorman, J T"	"1m "	"4"	"22"
"19:30:00"	"2009-08-07"	"Wexford"	"Glengali (IRE)"	"14.00"	"19.66"	"Handicap Hurdle"	"10"	"16"	"Mullins, E"	"Hayes, Patrick Joseph"	"2m2f "	"9"	"24"
"20:10:00"	"2009-08-06"	"Leopardstown"	"Portant Fella"	"8.00"	"12.61"	"Handicap"	"22"	"22"	"Smullen, P J"	"Morgan, Ms Joanna"	"1m2f "	"10"	"3"
"16:10:00"	"2009-08-05"	"Pontefract"	"King Of Swords (IRE)"	"22.00"	"37.1"	"Handicap"	"1"	"11"	"Elliott, Andrew"	"Tinkler, N"	"5f "	"5"	"14"
"15:50:00"	"2009-08-03"	"Naas"	"Spring The Que (IRE)"	"12.00"	"21"	"Hurdle"	"7"	"9"	"Enright, P T"	"Tyner, Robert"	"2m3f "	"10"	"46"
"17:55:00"	"2009-08-01"	"Lingfield"	"Ishibee (IRE)"	"16.00"	"30.09"	"Handicap"	"5"	"16"	"Clark, Ryan"	"Bridger, J / Cook, R"	"7.5f "	"5"	"26"
"17:00:00"	"2009-07-27"	"Yarmouth"	"Rose Bien"	"6.00"	"7.4"	"Handicap"	"3"	"13"	"Kingscote, Richard"	"McBride, P J"	"2m "	"7"	"43"
"18:30:00"	"2009-07-13"	"Windsor"	"Calabaza"	"33.00"	"65"	"Handicap"	"11"	"11"	"Fox, Kieren"	"Attwater, M J"	"5f "	"7"	"83"
"14:30:00"	"2009-07-06"	"Brighton"	"Ishibee (IRE)"	"6.50"	"8.2"	"Handicap"	"4"	"13"	"Chalmers, Neil"	"Bridger, J / Cook, R"	"6f "	"5"	"12"
"14:00:00"	"2009-07-03"	"Doncaster"	"Royal Flynn"	"16.00"	"24"	"Handicap"	"4"	"8"	"Harrison, Kelly"	"Walton, Mrs K"	"1m4f "	"7"	"21"
"15:45:00"	"2009-06-30"	"Hamilton"	"Regents Secret (USA)"	"4.00"	"5.3"	"Handicap"	"4"	"10"	"Tudhope, Daniel"	"Goldie, J S"	"1m1f "	"9"	"13"
"19:25:00"	"2009-06-29"	"Musselburgh"	"Alfie Lee (IRE)"	"100.00"	"290"	"Handicap"	"11"	"13"	"Donaghy, Patrick"	"Nolan, D A"	"5f "	"12"	"10"
"18:25:00"	"2009-06-19"	"Limerick"	"Mister Bannon (USA)"	"20.00"	"73.57"	"Handicap"	"8"	"14"	"McCullagh, N G"	"Dunleavy, Mrs Y"	"6.5f "	"4"	"15"
"17:15:00"	"2009-06-11"	"Nottingham"	"Maybe I Wont"	"25.00"	"38"	"Handicap"	"1"	"16"	"Hamblett, J P"	"Featherstone, Lucinda"	"1m2f "	"4"	"19"
"16:50:00"	"2009-06-10"	"Brighton"	"One Way Ticket"	"14.00"	"20.5"	"Handicap"	"4"	"9"	"Drowne, Steve"	"Bradley, J M"	"5.5f "	"9"	"35"
"16:45:00"	"2009-05-25"	"Cartmel"	"Classic Quart (IRE)"	"4.50"	"7.2"	"Handicap Novices Hurdle"	"1"	"12"	"Challoner, Mr Harry"	"Ford, R"	"2m6f "	"8"	"15"
"16:50:00"	"2009-05-22"	"Brighton"	"Ishibee (IRE)"	"14.00"	"19.93"	"Handicap"	"7"	"11"	"Chalmers, Neil"	"Bridger, J / Cook, R"	"7f "	"5"	"8"
"19:30:00"	"2009-05-19"	"Towcester"	"Blaze Ahead (IRE)"	"5.00"	"6.4"	"Handicap Chase"	"PU"	"16"	"OBrien, T J"	"Powell, B G"	"3m.5f "	"9"	"22"
"17:15:00"	"2009-05-17"	"Navan"	"Earmark"	"25.00"	"75.55"	"Handicap"	"12"	"13"	"Cleary, R P"	"McAuley, James"	"1m2f "	"6"	"29"
"14:00:00"	"2009-05-12"	"Beverley"	"Chimbonda"	"20.00"	"39.56"	"Seller"	"5"	"11"	"Winston, Robert"	"Parr, S"	"5f "	"3"	"9"
"18:30:00"	"2009-05-06"	"Huntingdon"	"Toni Alcala"	"7.00"	"8"	"Handicap Chase"	"1"	"8"	"Moore, Jamie"	"King, N B"	"3m "	"10"	"13"
"14:15:00"	"2009-05-04"	"Newcastle"	"Piccolo Pete"	"40.00"	"65"	"Claimer"	"13"	"15"	"OHara, Slade"	"Johnson, R"	"7f "	"4"	"7"
"17:50:00"	"2009-05-01"	"Musselburgh"	"Wisemans Diamond (USA)"	"9.00"	"11.03"	"Handicap"	"9"	"11"	"Makin, Phillip"	"Midgley, P T"	"7f "	"4"	"8"
"15:20:00"	"2009-04-27"	"Newcastle"	"Ace of Spies (IRE)"	"2.00"	"3"	"Handicap"	"1"	"16"	"Sousa, Silvestre De"	"Harker, G A"	"6f "	"4"	"4"
"15:20:00"	"2009-04-27"	"Newcastle"	"Piccolo Pete"	"28.00"	"52.61"	"Handicap"	"7"	"16"	"Hamilton, Tony"	"Johnson, R"	"6f "	"4"	"14"
"13:00:00"	"2009-04-25"	"Sandown"	"Daaweitza"	"11.00"	"12.4"	"Handicap"	"6"	"12"	"Johnson, Richard"	"Ellison, B"	"1m "	"6"	"7"
"14:30:00"	"2009-04-12"	"Plumpton"	"Knock Boy (IRE)"	"5.50"	"7.65"	"Handicap Chase"	"8"	"9"	"Williams, Christian"	"Jewell, Mrs L C"	"2m4f "	"7"	"21"
"14:40:00"	"2009-04-07"	"Pontefract"	"Pickering (OLD)"	"12.00"	"16.56"	"Handicap"	"1"	"17"	"Mullen, Andrew"	"Alston, E J"	"6f "	"5"	"218"
"16:40:00"	"2009-03-27"	"Ascot"	"Lord Killeshanra (IRE)"	"25.00"	"57.96"	"Handicap Chase"	"5"	"12"	"Tizzard, Joe"	"Tizzard, C L"	"3m "	"10"	"42"
"15:25:00"	"2009-03-20"	"Kelso"	"Youluckyman (IRE)"	"4.50"	"5.5"	"Handicap Hurdle"	"4"	"11"	"Harding, Brian"	"Saville, Joss"	"3m3f "	"8"	"14"
"15:50:00"	"2009-03-16"	"Taunton"	"Ameeq (USA)"	"16.00"	"24.75"	"Handicap Hurdle"	"7"	"10"	"Moore, Jamie"	"Moore, Gary and Josh"	"2m1f "	"7"	"26"
"15:50:00"	"2009-02-25"	"Bangor"	"Craven (IRE)"	"33.00"	"65"	"Handicap Chase"	"PU"	"11"	"Crosse, Dave"	"Harris, M F"	"3m.5f "	"9"	"352"
"16:00:00"	"2008-09-29"	"Windsor"	"Aegean Warning"	"7.00"	"9.76"	"Seller"	"3"	"12"	"Callan, N"	"Ryan, K A"	"1m.5f "	"2"	"17"
"17:10:00"	"2008-09-23"	"Sedgefield"	"Lawgiver (IRE)"	"12.00"	"16.41"	"Handicap Hurdle"	"2"	"14"	"Williams, Oliver"	"Fife, Mrs Marjorie"	"2m5.5f "	"7"	"21"
"16:00:00"	"2008-09-16"	"Haydock"	"Lap Of Honour (IRE)"	"33.00"	"46"	"Handicap"	"4"	"12"	"Quinn, Jimmy"	"Candlish, Jennie"	"6f "	"4"	"45"
"16:35:00"	"2008-08-16"	"Ripon"	"Paddy Jack"	"10.00"	"19.5"	"Maiden"	"2"	"14"	"Winston, Robert"	"Weymes, J R"	"5f "	"3"	"7"
"14:40:00"	"2008-08-10"	"Redcar"	"King Of The Moors (USA)"	"8.00"	"9.13"	"Handicap"	"6"	"14"	"Fessey, Paul"	"Barron, T D"	"1m "	"5"	"11"
"15:45:00"	"2008-07-31"	"Stratford"	"Fairlight Shadow (IRE)"	"20.00"	"26.18"	"Handicap Novices Chase"	"PU"	"11"	"Heard, Liam"	"Mulholland, N P"	"2m7f "	"7"	"52"
"19:20:00"	"2008-07-28"	"Uttoxeter"	"Return Home"	"6.00"	"7.77"	"Handicap Chase"	"3"	"10"	"Moloney, Paul"	"Smith, J S"	"3m "	"9"	"11"
"17:20:00"	"2008-07-20"	"Redcar"	"Kerrys Blade (IRE)"	"22.00"	"30"	"Handicap"	"14"	"15"	"Kyne, Jamie"	"Hammond, Micky"	"1m6f "	"6"	"34"
"15:00:00"	"2008-07-20"	"Newton Abbot"	"Galtee View (IRE)"	"18.00"	"32"	"Handicap Chase"	"PU"	"11"	"Moloney, Paul"	"Williams, Evan"	"3m2.5f "	"10"	"28"
"15:20:00"	"2008-07-11"	"York"	"Trimlestown (IRE)"	"10.00"	"11.67"	"Handicap"	"3"	"13"	"Callan, N"	"Ryan, K A"	"7f "	"5"	"14"
"15:10:00"	"2008-07-02"	"Worcester"	"Vibe"	"5.50"	"7.78"	"Handicap Novices Chase"	"4"	"12"	"Williams, Christian"	"Williams, Evan"	"2m "	"7"	"20"
"18:30:00"	"2008-06-27"	"Curragh"	"Masamiyr (IRE)"	"16.00"	"55.22"	"Non-Handicap"	"5"	"19"	"Foley, Shane"	"Halford, M"	"1m4f "	"7"	"47"
"20:25:00"	"2008-06-24"	"Sligo"	"Just Like That"	"8.00"	"12.55"	"Handicap Hurdle"	"4"	"16"	"Roche, Mr P"	"Roche, C"	"2m4f "	"8"	"238"
"14:55:00"	"2008-06-21"	"Down Royal"	"Lady Bracknell (IRE)"	"20.00"	"50.33"	"Handicap"	"3"	"14"	"McCullagh, N G"	"Donohoe, R"	"7f "	"5"	"10"
"14:45:00"	"2008-06-19"	"Ripon"	"Steel City Boy (IRE)"	"12.00"	"15.91"	"Handicap"	"7"	"8"	"Stokell, Ann"	"Stokell, Miss A"	"5f "	"5"	"10"
"20:00:00"	"2008-06-17"	"Yarmouth"	"El Dececy (USA)"	"5.50"	"8.08"	"Handicap"	"3"	"8"	"Norton, Francis"	"Parr, S"	"1m "	"4"	"12"
"15:00:00"	"2008-06-15"	"Salisbury"	"Woodcote (IRE)"	"10.00"	"12.56"	"Handicap"	"9"	"11"	"Keniry, L P"	"Chamings, P R"	"5f "	"6"	"9"
"14:45:00"	"2008-06-10"	"Salisbury"	"Orchestrator (IRE)"	"14.00"	"18.27"	"Claimer"	"12"	"15"	"Crowley, Jim"	"Mills, T G"	"7f "	"4"	"11"
"20:35:00"	"2008-06-06"	"Bath"	"Woodcote (IRE)"	"9.00"	"12"	"Handicap"	"9"	"9"	"Doe, Paul"	"Chamings, P R"	"5.5f "	"6"	"15"
"19:15:00"	"2008-06-05"	"Tipperary"	"Gower"	"16.00"	"24"	"Handicap"	"8"	"18"	"Lane, Martin"	"Crowley, Ms F M"	"5f "	"4"	"34"
"19:20:00"	"2008-06-04"	"Ripon"	"Skye But N Ben"	"8.00"	"9.9"	"Handicap Seller"	"6"	"11"	"Mulrennan, Paul"	"Harker, G A"	"1m4f "	"4"	"9"
"18:00:00"	"2008-05-24"	"Cartmel"	"Ryhope Chief (IRE)"	"33.00"	"69.92"	"Handicap Seller Hurdle"	"13"	"14"	"Mogford, Jodie"	"Price, R J"	"2m1.5f "	"5"	"461"
"16:05:00"	"2008-05-10"	"Nottingham"	"The Grey One (IRE)"	"12.00"	"17.12"	"Handicap"	"8"	"16"	"ONeill, Dane"	"Bradley, J M"	"1m2f "	"5"	"4"
"19:25:00"	"2008-05-08"	"Clonmel"	"Roundofapplause"	"14.00"	"20"	"Handicap"	"13"	"15"	"Cleary, M G"	"Mullins, Thomas"	"1m2f "	"5"	"61"
"18:20:00"	"2008-05-06"	"Exeter"	"Wild Power (GER)"	"9.00"	"11.7"	"Handicap Chase"	"4"	"10"	"Huxley, Charlie"	"Nelmes, Mrs H R J"	"2m1.5f "	"10"	"58"
"16:00:00"	"2008-04-13"	"Kelso"	"Another Rum (IRE)"	"28.00"	"46.16"	"Handicap Chase"	"3"	"12"	"Dreaper, T J"	"Weymes, J R"	"3m1f "	"10"	"22"
"16:00:00"	"2008-03-11"	"Cheltenham"	"LAmi (FR)"	"5.50"	"7.4"	"Handicap Chase"	"3"	"14"	"McCoy, A P"	"Doumen, F"	"3m.5f "	"9"	"45"
"16:40:00"	"2008-02-17"	"Navan"	"Keevas Boy (IRE)"	"20.00"	"54.75"	"Handicap Chase"	"15"	"21"	"Flanagan, S W"	"Sheehy, E"	"2m4f "	"8"	"50"
"15:00:00"	"2008-01-05"	"Chepstow"	"Aheadofhistime (IRE)"	"11.00"	"14.5"	"Handicap Chase"	"3"	"15"	"Craine, S J"	"Rees, D A"	"2m3.5f "	"9"	"23"
"17:50:00"	"2007-09-26"	"Goodwood"	"Calabaza"	"9.00"	"0"	"Handicap"	"9"	"12"	"Dean, Tolley"	"Akehurst, J"	"5f "	"5"	"11"
"14:35:00"	"2007-09-22"	"Listowel"	"Waitingforanalibi"	"10.00"	"0"	"Handicap"	"1"	"13"	"Carberry, P A"	"OMara, T J"	"1m "	"4"	"30"
"14:05:00"	"2007-09-08"	"Haydock"	"Corridor Creeper (FR)"	"33.00"	"0"	"Handicap"	"5"	"16"	"Mullen, Richard"	"Bradley, J M"	"5f "	"10"	"7"
"16:30:00"	"2007-09-05"	"Hereford"	"Musimaro (FR)"	"16.00"	"0"	"Handicap Hurdle"	"3"	"13"	"Thomas, Sam"	"Nenadich, C"	"2m4f "	"9"	"9"
"15:50:00"	"2007-08-29"	"Catterick"	"Mundos Magic"	"16.00"	"0"	"Handicap"	"3"	"9"	"Sanders, Seb"	"Moore, G M"	"7f "	"3"	"17"
"16:45:00"	"2007-08-24"	"Thirsk"	"Princess Cleo"	"5.50"	"0"	"Handicap"	"3"	"12"	"OHara, Slade"	"Easterby, T D"	"5f "	"4"	"8"
"15:30:00"	"2007-08-09"	"Brighton"	"Flying Encore (IRE)"	"8.00"	"0"	"Handicap"	"3"	"9"	"Kirby, Adam"	"Swinburn, W R"	"7f "	"3"	"15"
"14:10:00"	"2007-08-08"	"Pontefract"	"Edas"	"6.50"	"0"	"Handicap"	"6"	"9"	"Walford, Mr M"	"Quinn, J J"	"1m2f "	"5"	"20"
"15:30:00"	"2007-08-03"	"Goodwood"	"Kings Point (IRE)"	"33.00"	"0"	"Handicap"	"10"	"19"	"Hanagan, Paul"	"Fahey, R A"	"1m "	"6"	"36"
"17:00:00"	"2007-07-30"	"Yarmouth"	"Richtee (IRE)"	"20.00"	"0"	"Handicap"	"10"	"15"	"Deniel, Miss A"	"McInnes, I W"	"1m2f "	"6"	"2"
"20:30:00"	"2007-07-28"	"Lingfield"	"Hansomelle (IRE)"	"9.00"	"0"	"Handicap"	"1"	"17"	"Chalmers, Neil"	"West, Miss Sheena"	"7.5f "	"5"	"9"
"17:10:00"	"2007-07-28"	"Newcastle"	"The Mighty Ogmore"	"12.00"	"0"	"Handicap"	"12"	"13"	"Rutter, Alan"	"Guest, R C"	"1m2f "	"3"	"5"
"20:00:00"	"2007-07-27"	"Fairyhouse"	"Wall To Wall (IRE)"	"25.00"	"0"	"Handicap"	"8"	"17"	"Lee, W J"	"Young, L"	"1m1f "	"4"	"43"
"13:25:00"	"2007-07-27"	"Thirsk"	"Ivana Illyich (IRE)"	"66.00"	"0"	"Maiden"	"8"	"14"	"Aspell, P"	"Wainwright, J S"	"7f "	"5"	"18"
"16:00:00"	"2007-07-18"	"Catterick"	"Slavonic (USA)"	"40.00"	"0"	"Claimer"	"7"	"14"	"McDonald, P J"	"Storey, B"	"1m4f "	"6"	"9"
"15:00:00"	"2007-07-18"	"Catterick"	"Princely Vale (IRE)"	"7.00"	"0"	"Seller"	"7"	"11"	"Dean, Jack"	"Turner, W G M"	"6f "	"5"	"27"
"19:30:00"	"2007-06-23"	"Lingfield"	"Isphahan"	"10.00"	"0"	"Handicap"	"12"	"15"	"Keniry, L P"	"Balding, A M"	"7.5f "	"4"	"37"
"16:45:00"	"2007-06-18"	"Carlisle"	"Regents Secret (USA)"	"4.00"	"0"	"Handicap"	"1"	"15"	"Hanagan, Paul"	"Goldie, J S"	"1m "	"7"	"5"
"16:35:00"	"2007-06-17"	"Fairyhouse"	"Verchoyles Lad (IRE)"	"14.00"	"0"	"Chase"	"5"	"8"	"Russell, D N"	"Carr, John G"	"2m4f "	"10"	"15"
"14:55:00"	"2007-06-08"	"Brighton"	"One Way Ticket"	"7.00"	"0"	"Handicap"	"3"	"9"	"Turner, Hayley"	"Bradley, J M"	"5.5f "	"7"	"7"
"16:10:00"	"2007-06-03"	"Hereford"	"Full On"	"9.00"	"0"	"Handicap Chase"	"5"	"14"	"ODwyer, Darren"	"Hales, A M"	"3m1.5f "	"10"	"39"
"18:30:00"	"2007-05-25"	"Pontefract"	"Society Music (IRE)"	"5.50"	"0"	"Handicap"	"1"	"15"	"Mulrennan, Paul"	"Dods, M"	"1m "	"5"	"32"
"14:50:00"	"2007-05-21"	"Newton Abbot"	"Master Albert (IRE)"	"4.00"	"0"	"Seller Hurdle"	"5"	"13"	"McCoy, A P"	"ONeill, Jonjo and AJ"	"2m3f "	"9"	"79"
"19:10:00"	"2007-05-09"	"Kelso"	"Farington Lodge (IRE)"	"10.00"	"0"	"Handicap Chase"	"3"	"11"	"Bradburne, Mark"	"Saville, Joss"	"3m1f "	"9"	"38"
"16:05:00"	"2007-05-07"	"Newcastle"	"Howards Tipple"	"9.00"	"0"	"Handicap"	"8"	"15"	"Eaves, Tom"	"Semple, I"	"6f "	"3"	"13"
"15:05:00"	"2007-04-16"	"Windsor"	"Conny Nobel (IRE)"	"20.00"	"0"	"Claimer"	"6"	"10"	"Ghunowa, Kevin"	"Flint, J L"	"1m2f "	"3"	"17"
"16:50:00"	"2007-04-14"	"Chepstow"	"Ebony Jack (IRE)"	"5.00"	"0"	"Handicap Chase"	"F"	"15"	"Young, Richard"	"Tizzard, C L"	"3m "	"10"	"19"
"16:25:00"	"2007-03-25"	"Curragh"	"Pantarez (FR)"	"12.00"	"0"	"Handicap"	"5"	"25"	"Cleary, R P"	"Flynn, Michael"	"1m "	"7"	"14"
"17:20:00"	"2006-09-29"	"Cork"	"Keepakicker (IRE)"	"33.00"	"0"	"Handicap Hurdle"	"9"	"24"	"Holly, J P"	"OConnor, Padraig"	"3m "	"10"	"146"
"14:55:00"	"2006-09-27"	"Downpatrick"	"Flash Express (IRE)"	"14.00"	"0"	"Handicap Hurdle"	"7"	"14"	"McDermott, S G"	"Thomas, Miss Jane"	"2m2f "	"6"	"15"
"16:00:00"	"2006-09-25"	"Brighton"	"Convince (USA)"	"8.00"	"0"	"Claimer"	"2"	"15"	"Donohoe, Stephen"	"Bradley, J M"	"7f "	"5"	"9"
"15:05:00"	"2006-09-23"	"Listowel"	"Loughcrew Lady (IRE)"	"16.00"	"0"	"Handicap"	"3"	"14"	"Shanahan, P"	"Morgan, Ms Joanna"	"7f "	"3"	"10"
"15:20:00"	"2006-09-21"	"Perth"	"Named At Dinner"	"5.00"	"0"	"Handicap Novices Hurdle"	"4"	"9"	"Buchanan, Peter"	"Russell, Miss Lucinda V"	"2m4.5f "	"5"	"30"
"13:45:00"	"2006-09-16"	"Warwick"	"Convince (USA)"	"28.00"	"0"	"Handicap"	"11"	"16"	"Savage, Barry"	"Bradley, J M"	"5.5f "	"5"	"9"
"16:00:00"	"2006-09-12"	"Yarmouth"	"Sunset Ridge (IRE)"	"6.00"	"0"	"Seller"	"6"	"15"	"Mackay, Nicky"	"Guest, Rae"	"7f "	"3"	"28"
"14:45:00"	"2006-09-01"	"Tralee"	"Tullyorior Promise (IRE)"	"20.00"	"0"	"Handicap"	"14"	"15"	"Gorey, S M"	"Hughes, Emmanuel"	"7f "	"3"	"19"
"17:00:00"	"2006-08-30"	"Leicester"	"Musardiere"	"33.00"	"0"	"Handicap"	"8"	"16"	"Edmunds, Jason"	"Balding, J"	"1m2f "	"4"	"28"
"18:30:00"	"2006-08-25"	"Bath"	"Glory Be (ITY)"	"8.00"	"0"	"Seller"	"2"	"14"	"Quinn, Jimmy"	"Spearing, J L"	"1m3.5f "	"4"	"12"
"17:20:00"	"2006-08-20"	"Pontefract"	"Whinhill House"	"6.50"	"0"	"Handicap"	"17"	"17"	"Winston, Robert"	"Barker, D W"	"5f "	"6"	"5"
"15:00:00"	"2006-08-15"	"Brighton"	"Perfect Order (USA)"	"33.00"	"0"	"Handicap"	"3"	"13"	"Catlin, Chris"	"Callaghan, N A"	"1m "	"3"	"26"
"18:35:00"	"2006-08-14"	"Ballinrobe"	"Beautiful Affair"	"14.00"	"0"	"Handicap"	"3"	"16"	"Burke, R M"	"Rogers, H"	"1m1f "	"5"	"120"
"20:05:00"	"2006-08-10"	"Sligo"	"Half Pass (IRE)"	"6.00"	"0"	"Handicap"	"7"	"11"	"Beggy, P B"	"Collins, C"	"1m4f "	"4"	"2"
"15:10:00"	"2006-08-10"	"Haydock"	"Dancing Flame"	"25.00"	"0"	"Maiden Claimer"	"4"	"15"	"Allan, David"	"Alston, E J"	"1m "	"3"	"20"
"18:40:00"	"2006-08-08"	"Roscommon"	"Half Pass (IRE)"	"16.00"	"0"	"Maiden"	"6"	"11"	"Shanahan, P"	"Collins, C"	"1m2f "	"4"	"26"
"16:55:00"	"2006-08-06"	"Market Rasen"	"Caper"	"11.00"	"0"	"Handicap Chase"	"4"	"14"	"Doyle, T J"	"Hollinshead, R"	"3m1f "	"6"	"18"
"16:50:00"	"2006-07-26"	"Catterick"	"Siraj"	"12.00"	"0"	"Handicap"	"4"	"13"	"Tebbutt, Michael"	"Ryan, J"	"6f "	"7"	"4"
"18:50:00"	"2006-07-25"	"Leicester"	"Green Pirate"	"14.00"	"0"	"Handicap"	"8"	"18"	"ONeill, Dane"	"Wellings, M"	"7f "	"4"	"25"
"19:20:00"	"2006-07-22"	"Lingfield"	"Siraj"	"25.00"	"0"	"Handicap"	"4"	"17"	"Guillambert, J-P"	"Ryan, J"	"6f "	"7"	"17"
"16:55:00"	"2006-07-21"	"Carlisle"	"Bottomless Wallet"	"66.00"	"0"	"Maiden"	"7"	"11"	"Hamilton, Tony"	"Watson, F"	"7f "	"5"	"35"
"20:50:00"	"2006-07-20"	"Epsom"	"Shinko (IRE)"	"16.00"	"0"	"Handicap Maiden"	"8"	"13"	"Corby, Dean"	"Feilden, Miss J"	"1m.5f "	"3"	"11"
"15:45:00"	"2006-07-20"	"Leicester"	"Lifes A Whirl"	"16.00"	"0"	"Handicap"	"3"	"10"	"Egan, John"	"Dunnett, Mrs C A"	"7f "	"4"	"14"
"15:20:00"	"2006-07-17"	"Newton Abbot"	"Knights Emperor (IRE)"	"4.00"	"0"	"Seller Hurdle"	"3"	"10"	"Brennan, P J"	"Spearing, J L"	"2m3f "	"9"	"8"
"16:30:00"	"2006-07-09"	"Ayr"	"Enchantment"	"10.00"	"0"	"Non-Handicap"	"7"	"9"	"Fanning, Joe"	"Bradley, J M"	"5f "	"5"	"9"
"15:05:00"	"2006-07-09"	"Brighton"	"Shinko (IRE)"	"33.00"	"0"	"Maiden"	"5"	"8"	"Corby, Dean"	"Feilden, Miss J"	"1m "	"3"	"12"
"17:00:00"	"2006-07-06"	"Yarmouth"	"Jadeeron"	"16.00"	"0"	"Handicap"	"9"	"16"	"Featherstone, Mr J P"	"McHale, Miss D A"	"1m3.5f "	"7"	"12"
"20:00:00"	"2006-06-28"	"Naas"	"Salishan (IRE)"	"20.00"	"0"	"Handicap"	"10"	"20"	"Cleary, R P"	"Halford, M"	"6f "	"4"	"22"
"17:30:00"	"2006-06-26"	"Musselburgh"	"Fox Covert (IRE)"	"14.00"	"0"	"Handicap"	"11"	"17"	"Lawson, Mark"	"Barker, D W"	"5f "	"5"	"55"
"16:45:00"	"2006-06-19"	"Carlisle"	"Chairman Bobby"	"6.00"	"0"	"Handicap"	"2"	"17"	"Lawson, Mark"	"Barker, D W"	"6f "	"8"	"7"
"15:30:00"	"2006-06-19"	"Hereford"	"Westernmost"	"25.00"	"0"	"Handicap Chase"	"7"	"18"	"Greene, R J"	"Bishop, K"	"2m3f "	"8"	"16"
"14:10:00"	"2006-06-18"	"Stratford"	"Sono"	"14.00"	"0"	"Handicap Novices Hurdle"	"PU"	"15"	"Lee, G"	"Niven, P D"	"2m6.5f "	"9"	"17"
"20:15:00"	"2006-06-14"	"Hamilton"	"Defi (IRE)"	"11.00"	"0"	"Handicap"	"4"	"8"	"Hamilton, Tony"	"Semple, I"	"1m.5f "	"4"	"6"
"15:45:00"	"2006-06-10"	"Musselburgh"	"Enchantment"	"25.00"	"0"	"Handicap"	"13"	"16"	"McKeown, Dean"	"Bradley, J M"	"5f "	"5"	"17"
"18:25:00"	"2006-06-09"	"Goodwood"	"Alekhine (IRE)"	"14.00"	"0"	"Handicap"	"2"	"15"	"Ahern, Eddie"	"Boyle, J R"	"1m1f "	"5"	"28"
"20:40:00"	"2006-06-06"	"Fontwell"	"Purr"	"16.00"	"0"	"Handicap Novices Hurdle"	"RR"	"16"	"Rees, Mr S"	"Wigham, M"	"2m4f "	"5"	"12"
"20:30:00"	"2006-05-27"	"Cartmel"	"Mistral De La Cour (FR)"	"6.50"	"0"	"Novices Hurdle"	"6"	"10"	"Buchanan, Peter"	"Ford, R"	"2m1.5f "	"6"	"16"
"17:00:00"	"2006-05-22"	"Bath"	"Lockstock (IRE)"	"9.00"	"0"	"Handicap"	"3"	"13"	"Kirby, Adam"	"Saunders, M S"	"1m "	"8"	"5"
"16:50:00"	"2006-05-15"	"Redcar"	"Zap Attack"	"100.00"	"0"	"Claimer"	"5"	"8"	"Fenton, Micky"	"Parkes, J"	"6f "	"6"	"6"
"15:55:00"	"2006-05-13"	"Hexham"	"Pavey Ark (IRE)"	"7.00"	"0"	"Handicap Chase"	"4"	"10"	"Dempsey, Alan"	"Moffatt, James"	"2m.5f "	"8"	"7"
"20:30:00"	"2006-05-12"	"Downpatrick"	"Epices"	"25.00"	"0"	"Handicap"	"13"	"13"	"Allen, C D"	"OShea, J F"	"1m5f "	"4"	"30"
"19:05:00"	"2006-05-06"	"Hexham"	"Green Finger"	"2.00"	"0"	"Handicap Chase"	"2"	"10"	"McGrath, Richard"	"Quinn, J J"	"2m.5f "	"8"	"112"
"16:40:00"	"2006-05-05"	"Southwell"	"The Flyer (IRE)"	"6.50"	"0"	"Seller Hurdle"	"2"	"11"	"Spate, Richard"	"Wilton, Miss S J"	"2m5.5f "	"9"	"13"
"16:30:00"	"2006-04-30"	"Brighton"	"Rhetorical (OLD)"	"80.00"	"0"	"Handicap"	"12"	"12"	"Catlin, Chris"	"Butler, P"	"1m4f "	"5"	"61"
"13:50:00"	"2006-04-15"	"Haydock"	"Abzuson"	"66.00"	"0"	"Novices Chase"	"9"	"9"	"Vickers, Lee"	"Norton, J R"	"2m6f "	"9"	"27"
"16:40:00"	"2006-04-09"	"Worcester"	"Shannons Pride (IRE)"	"10.00"	"0"	"Handicap Chase"	"4"	"11"	"Flavin, John"	"Guest, R C"	"2m7.5f "	"10"	"72"
"15:50:00"	"2006-03-13"	"Taunton"	"Joe Deane (IRE)"	"9.00"	"0"	"Handicap Chase"	"5"	"9"	"Tumelty, Gerard"	"Coombe, M J"	"2m3f "	"10"	"19"
"16:00:00"	"2006-02-17"	"Market Rasen"	"Vicars Destiny"	"5.00"	"0"	"Handicap Hurdle"	"3"	"11"	"Siddall, Tom"	"Lamyman, Mrs S"	"2m6f "	"8"	"13"
"12:20:00"	"2005-09-24"	"Brighton"	"Ninah"	"14.00"	"0"	"Non-Handicap"	"3"	"14"	"Keniry, L P"	"Bradley, J M"	"1m "	"4"	"16"
"15:30:00"	"2005-09-13"	"Thirsk"	"Juste Pour LAmour"	"9.00"	"0"	"Handicap"	"6"	"10"	"Darley, K"	"Smith, V"	"1m "	"5"	"7"
"15:10:00"	"2005-09-06"	"Leicester"	"Juste Pour LAmour"	"7.00"	"0"	"Handicap"	"9"	"17"	"Spencer, Jamie"	"Smith, V"	"7f "	"5"	"31"
"15:30:00"	"2005-09-05"	"Newcastle"	"Maunsells Road (IRE)"	"16.00"	"0"	"Handicap"	"8"	"9"	"Mulrennan, Paul"	"Lungo, L"	"2m "	"6"	"38"
"17:05:00"	"2005-09-02"	"Down Royal"	"Mount Klinovec (IRE)"	"5.00"	"0"	"Handicap"	"4"	"14"	"McDonogh, D P"	"Lynam, Edward"	"7f "	"3"	"30"
"16:15:00"	"2005-08-22"	"Hamilton"	"Our Teddy (IRE)"	"12.00"	"0"	"Handicap"	"4"	"8"	"Ghunowa, Kevin"	"Blockley, P A"	"1m.5f "	"5"	"11"
"16:00:00"	"2005-08-21"	"Southwell"	"Wages"	"7.50"	"0"	"Seller Hurdle"	"7"	"8"	"Kennedy, W T"	"Hales, A M"	"2m1f "	"5"	"24"
"15:35:00"	"2005-08-20"	"Newton Abbot"	"Montreal (FR)"	"16.00"	"0"	"Handicap Chase"	"9"	"16"	"Merrigan, Paddy"	"Pipe, M C"	"2m5.5f "	"8"	"11"
"18:40:00"	"2005-08-18"	"Chepstow"	"Lady Hopeful (IRE)"	"16.00"	"0"	"Handicap Maiden"	"9"	"19"	"Brisland, Robyn"	"Grayson, Peter"	"6f "	"3"	"14"
"18:25:00"	"2005-08-12"	"Catterick"	"Al Shamara"	"4.50"	"0"	"Seller"	"5"	"10"	"Ffrench, Royston"	"McInnes, I W"	"7f "	"2"	"5"
"17:20:00"	"2005-08-11"	"Tramore"	"Mayoun (IRE)"	"16.00"	"0"	"Handicap Hurdle"	"8"	"16"	"Howard, D J"	"Deacon, D"	"2m "	"8"	"35"
"18:00:00"	"2005-08-08"	"Thirsk"	"Robwillcall"	"16.00"	"0"	"Handicap Seller"	"2"	"18"	"Mullen, Andrew"	"Whillans, A C"	"1m "	"5"	"11"
"14:35:00"	"2005-07-28"	"Carlisle"	"Bond Puccini"	"16.00"	"0"	"Claimer"	"13"	"17"	"McGaffin, Derek"	"Smart, B"	"6f "	"3"	"12"
"15:50:00"	"2005-07-20"	"Catterick"	"Robwillcall"	"20.00"	"0"	"Claimer"	"7"	"11"	"McAuley, John"	"Whillans, A C"	"5f "	"5"	"9"
"17:10:00"	"2005-07-15"	"Warwick"	"Kernel Dowery (IRE)"	"5.00"	"0"	"Handicap"	"2"	"12"	"Coumbe, Mark"	"Swinburn, W R"	"1m4.5f "	"5"	"26"
"16:20:00"	"2005-07-13"	"Lingfield"	"Moon Emperor"	"5.50"	"0"	"Handicap"	"7"	"9"	"Hughes, Richard"	"Jenkins, J R"	"2m "	"8"	"12"
"19:55:00"	"2005-07-07"	"Gowran Park"	"Mayoun (IRE)"	"33.00"	"0"	"Handicap Hurdle"	"4"	"18"	"Howard, D J"	"Deacon, D"	"2m "	"8"	"30"
"16:30:00"	"2005-07-04"	"Musselburgh"	"Mister Marmaduke"	"33.00"	"0"	"Handicap"	"10"	"11"	"McGaffin, Derek"	"Nolan, D A"	"5f "	"4"	"16"
"19:30:00"	"2005-06-30"	"Bellewstown"	"Vicky Lane (IRE)"	"20.00"	"0"	"Handicap"	"8"	"15"	"Grant, D M"	"Fahey, Seamus"	"1m "	"4"	"11"
"19:00:00"	"2005-06-30"	"Bellewstown"	"Soaring Eagle (IRE) (OLD)"	"6.00"	"0"	"Handicap"	"2"	"15"	"Heffernan, J A"	"OMara, T J"	"1m "	"6"	"17"
"16:15:00"	"2005-06-28"	"Hamilton"	"Mr Wolf"	"16.00"	"0"	"Handicap"	"5"	"11"	"Lynch, Fergal"	"Barker, D W"	"5f "	"4"	"26"
"14:15:00"	"2005-06-28"	"Hamilton"	"Robwillcall"	"16.00"	"0"	"Claimer"	"2"	"9"	"McAuley, John"	"Whillans, A C"	"6f "	"5"	"13"
"14:30:00"	"2005-06-23"	"Thirsk"	"Pending (IRE)"	"33.00"	"0"	"Seller"	"2"	"18"	"Gibson, Dale"	"Mackie, J"	"1m "	"4"	"82"
"15:45:00"	"2005-06-20"	"Nottingham"	"True (IRE)"	"20.00"	"0"	"Handicap"	"9"	"16"	"ONeill, Dane"	"Lamyman, Mrs S"	"1m2f "	"4"	"9"
"15:30:00"	"2005-06-20"	"Musselburgh"	"Ignition"	"6.00"	"0"	"Handicap"	"1"	"14"	"Winston, Robert"	"Brisbourne, W M"	"1m "	"3"	"15"
"17:00:00"	"2005-06-19"	"Warwick"	"Kernel Dowery (IRE)"	"3.00"	"0"	"Handicap"	"3"	"10"	"Durcan, Ted"	"Swinburn, W R"	"1m4.5f "	"5"	"20"
"14:10:00"	"2005-06-08"	"Market Rasen"	"Sylcan Express"	"40.00"	"0"	"Handicap Seller Hurdle"	"1"	"17"	"Batchelor, Mattie"	"ONeill, O"	"2m3.5f "	"12"	"17"
"16:10:00"	"2005-06-06"	"Folkestone"	"Sadlers Cove (FR)"	"33.00"	"0"	"Handicap"	"4"	"14"	"Reilly, Brian"	"Jewell, Mrs L C"	"1m4f "	"7"	"13"
"19:25:00"	"2005-05-19"	"Tipperary"	"Margarets Dream (IRE)"	"14.00"	"0"	"Handicap"	"10"	"18"	"Finnamore, S D"	"Hutchinson, Ms Caroline"	"5f "	"4"	"14"
"15:30:00"	"2005-05-08"	"Uttoxeter"	"Comete Du Lac (FR)"	"33.00"	"0"	"Handicap Hurdle"	"PU"	"16"	"Fletcher, L"	"Macauley, Mrs N"	"2m "	"8"	"78"
"15:30:00"	"2005-05-01"	"Navan"	"Goldstar Dancer (IRE)"	"4.50"	"0"	"Handicap"	"5"	"8"	"OShea, T P"	"Lyons, G M"	"1m2f "	"3"	"6"
"15:50:00"	"2005-04-28"	"Redcar"	"Jakeal (IRE)"	"33.00"	"0"	"Seller"	"11"	"17"	"Halliday, V"	"Whitaker, R M"	"7f "	"6"	"30"
"16:30:00"	"2005-04-05"	"Sedgefield"	"Talarive (USA)"	"12.00"	"0"	"Handicap Seller Hurdle"	"1"	"15"	"Crowley, Jim"	"Niven, P D"	"2m1f "	"9"	"8"
"15:00:00"	"2005-03-28"	"Plumpton"	"River Amora (IRE)"	"2.75"	"0"	"Handicap Seller Chase"	"F"	"8"	"Moore, Jamie"	"Best, Jim"	"2m1f "	"10"	"8"
"16:35:00"	"2005-03-20"	"Fontwell"	"River Amora (IRE)"	"5.00"	"0"	"Handicap Chase"	"5"	"12"	"Butler, Robert L"	"Best, Jim"	"2m2f "	"10"	"11"
"17:30:00"	"2005-03-17"	"Hexham"	"Impertio"	"3.00"	"0"	"Handicap Chase"	"2"	"11"	"Garritty, Russ"	"Beaumont, P"	"2m4.5f "	"11"	"16"
"13:20:00"	"2005-01-20"	"Ludlow"	"Monsal Dale (IRE)"	"10.00"	"0"	"Handicap Seller Hurdle"	"2"	"15"	"Fitzgerald, Mick"	"Jewell, Mrs L C"	"2m "	"6"	"17"
"13:30:00"	"2005-01-18"	"Folkestone"	"See You Around"	"5.50"	"0"	"Handicap Chase"	"3"	"15"	"Young, Richard"	"Mullins, J W"	"2m5f "	"10"	"32"
"14:35:00"	"2004-09-30"	"Goodwood"	"Serieux"	"7.00"	"0"	"Non-Handicap"	"5"	"12"	"Drowne, Steve"	"Perrett, Mrs A J"	"1m "	"5"	"4"
"15:45:00"	"2004-09-26"	"Ascot"	"Serieux"	"4.00"	"0"	"Handicap"	"12"	"14"	"Moore, Ryan"	"Perrett, Mrs A J"	"1m "	"5"	"9"
"15:25:00"	"2004-09-24"	"Haydock"	"The Loose Screw (IRE)"	"100.00"	"0"	"Maiden"	"5"	"17"	"Darley, K"	"Moore, G M"	"1m "	"6"	"51"
"14:30:00"	"2004-09-22"	"Perth"	"Gan Eagla (IRE)"	"6.00"	"0"	"Maiden Hurdle"	"3"	"12"	"Thomas, Sam"	"Williams, Miss Venetia"	"2m4.5f "	"5"	"10"
"16:20:00"	"2004-09-19"	"Plumpton"	"Alvaro (IRE)"	"9.00"	"0"	"Handicap Seller Hurdle"	"1"	"13"	"Stephens, Lee"	"Llewellyn, B J"	"2m5f "	"7"	"393"
"14:30:00"	"2004-09-15"	"Sandown"	"Marysienka"	"33.00"	"0"	"Handicap"	"11"	"15"	"Edmunds, Jason"	"Balding, J"	"5f "	"3"	"9"
"15:40:00"	"2004-09-12"	"Goodwood"	"Canni Thinkaar (IRE)"	"25.00"	"0"	"Handicap"	"12"	"12"	"Monfort, Miss Celine"	"Butler, P"	"1m1f "	"3"	"22"
"14:20:00"	"2004-09-12"	"Stratford"	"Gan Eagla (IRE)"	"4.00"	"0"	"Maiden Hurdle"	"2"	"12"	"Thomas, Sam"	"Williams, Miss Venetia"	"2m6.5f "	"5"	"19"
"14:15:00"	"2004-09-05"	"Curragh"	"Iwo Jima (IRE)"	"25.00"	"0"	"Handicap"	"6"	"19"	"ODonnell, D B"	"McAteer, Liam"	"1m2f "	"4"	"7"
"17:00:00"	"2004-09-03"	"Chepstow"	"Yorkies Boy"	"10.00"	"0"	"Handicap"	"1"	"20"	"Thomas, Richard"	"Berry, N E"	"6f "	"9"	"20"
"16:40:00"	"2004-09-03"	"Down Royal"	"Premier Prospect (USA)"	"3.50"	"0"	"Handicap"	"3"	"14"	"Heffernan, J A"	"Browne, W P"	"7f "	"3"	"26"
"15:25:00"	"2004-09-01"	"Lingfield"	"Turkish Delight"	"14.00"	"0"	"Handicap"	"15"	"20"	"Edmunds, Jason"	"Balding, J"	"6f "	"3"	"21"
"14:50:00"	"2004-08-30"	"Ripon"	"Baylaw Star"	"20.00"	"0"	"Handicap"	"15"	"20"	"Callan, N"	"Ryan, K A"	"6f "	"3"	"21"
"14:45:00"	"2004-08-30"	"Newcastle"	"Donnas Double (OLD)"	"2.25"	"0"	"Claimer"	"6"	"12"	"Hanagan, Paul"	"Eddy, D"	"1m "	"9"	"13"
"17:00:00"	"2004-08-24"	"Brighton"	"Prince Valentine"	"25.00"	"0"	"Handicap"	"16"	"19"	"Storey, Mr N"	"Feek, D B"	"1m2f "	"3"	"3"
"15:15:00"	"2004-08-21"	"Curragh"	"Peru Genie (IRE)"	"14.00"	"0"	"Handicap"	"9"	"15"	"Grant, D M"	"McElhone, Michael"	"6f "	"7"	"16"
"18:00:00"	"2004-08-09"	"Thirsk"	"Summer Special"	"33.00"	"0"	"Handicap Seller"	"7"	"17"	"Enstone, Lee"	"Barker, D W"	"1m "	"4"	"16"
"16:45:00"	"2004-08-08"	"Curragh"	"Premier Prospect (USA)"	"12.00"	"0"	"Handicap"	"17"	"27"	"Beggy, P B"	"Browne, W P"	"7f "	"3"	"11"
"14:50:00"	"2004-07-29"	"Carlisle"	"Mr Bountiful (IRE)"	"3.50"	"0"	"Claimer"	"4"	"10"	"Kelly, Shane"	"Dods, M"	"6f "	"6"	"8"
"18:25:00"	"2004-07-22"	"Limerick"	"Side With Me (USA)"	"16.00"	"0"	"Handicap"	"9"	"12"	"Gannon, Catherine"	"McCourt, T G"	"1m "	"5"	"15"
"17:00:00"	"2004-07-19"	"Brighton"	"Blaise Wood (USA)"	"7.00"	"0"	"Handicap Maiden"	"11"	"12"	"Hide, Philip"	"Moore, Gary and Josh"	"6f "	"3"	"20"
"16:05:00"	"2004-07-17"	"Newbury"	"Crimson Silk"	"33.00"	"0"	"Non-Handicap"	"11"	"11"	"Eddery, Paul"	"Jones, D Haydn"	"6f "	"4"	"21"
"16:40:00"	"2004-07-03"	"Haydock"	"Blessed Place"	"14.00"	"0"	"Handicap"	"5"	"18"	"Queally, T P"	"Davis, D J S Ffrench"	"5f "	"4"	"12"
"16:00:00"	"2004-07-01"	"Yarmouth"	"Ember Days"	"7.00"	"0"	"Handicap"	"3"	"9"	"McEvoy, Kerrin"	"Spearing, J L"	"1m2f "	"5"	"29"
"18:30:00"	"2004-06-30"	"Bellewstown"	"Prominent Feature (IRE)"	"14.00"	"0"	"Maiden"	"2"	"10"	"McCullagh, N G"	"Mahon, S J"	"5f "	"4"	"13"
"16:30:00"	"2004-06-30"	"Catterick"	"East Riding"	"100.00"	"0"	"Maiden"	"10"	"12"	"Stokell, Ann"	"Stokell, Miss A"	"6f "	"4"	"2"
"15:20:00"	"2004-06-23"	"Carlisle"	"Takes Tutu (USA)"	"20.00"	"0"	"Handicap"	"5"	"17"	"Darley, K"	"Burke, K R"	"1m "	"5"	"14"
"16:40:00"	"2004-06-20"	"Hexham"	"Were Not Stoppin"	"33.00"	"0"	"Handicap Hurdle"	"9"	"13"	"Bastiman, H"	"Bastiman, R"	"2m.5f "	"9"	"24"
"20:45:00"	"2004-06-18"	"Down Royal"	"Keyfield Princess (IRE)"	"7.00"	"0"	"Handicap"	"7"	"11"	"Hogan, D G"	"Halford, M"	"1m2.5f "	"4"	"15"
"14:55:00"	"2004-06-18"	"Ayr"	"Strawberry Patch (IRE)"	"50.00"	"0"	"Handicap"	"11"	"11"	"Carroll, John"	"Perratt, Miss L A"	"6f "	"5"	"353"
"15:15:00"	"2004-06-13"	"Roscommon"	"Sineogron (IRE)"	"16.00"	"0"	"Handicap"	"6"	"15"	"Carberry, P A"	"Rogers, H"	"7f "	"4"	"11"
"17:10:00"	"2004-05-17"	"Bath"	"Ember Days"	"25.00"	"0"	"Handicap"	"10"	"12"	"Slattery, Vince"	"Spearing, J L"	"1m "	"5"	"13"
"16:20:00"	"2004-05-10"	"Kempton"	"Abraxas"	"20.00"	"0"	"Non-Handicap"	"9"	"10"	"Catlin, Chris"	"Akehurst, J"	"5f "	"6"	"20"
"15:20:00"	"2004-05-07"	"Lingfield"	"Seven No Trumps"	"12.00"	"0"	"Handicap"	"11"	"12"	"Carson, Stephen"	"Bradley, J M"	"5f "	"7"	"6"
"18:20:00"	"2004-04-29"	"Ayr"	"Tinian"	"4.00"	"0"	"Seller"	"4"	"10"	"Williams, Darren"	"Burke, K R"	"1m "	"6"	"15"
"18:20:00"	"2004-04-26"	"Newcastle"	"New Options"	"20.00"	"0"	"Handicap"	"17"	"20"	"Jones, Lisa"	"Musson, W J"	"6f "	"7"	"7"
"16:05:00"	"2004-04-25"	"Wetherby"	"Rosalyons (IRE)"	"14.00"	"0"	"Handicap Seller Hurdle"	"PU"	"21"	"Eddery, Ciaran"	"Graham, Harriet/Rutherford, Gary"	"2m4.5f "	"10"	"21"
"15:10:00"	"2004-04-20"	"Folkestone"	"Abraxas"	"66.00"	"0"	"Non-Handicap"	"7"	"8"	"Quinn, Jimmy"	"Akehurst, J"	"5f "	"6"	"24"
"16:00:00"	"2004-04-12"	"Redcar"	"Jonny Ebeneezer"	"33.00"	"0"	"Handicap"	"18"	"19"	"Enstone, Lee"	"Cowell, R M H"	"6f "	"5"	"13"
"14:40:00"	"2004-04-10"	"Kempton"	"Hawadeth"	"8.00"	"0"	"Handicap"	"5"	"18"	"Hughes, Richard"	"Dartnall, V R A"	"2m "	"9"	"23"
"15:20:00"	"2004-03-30"	"Folkestone"	"Jonny Ebeneezer"	"8.00"	"0"	"Handicap"	"13"	"15"	"Ahern, Eddie"	"Cowell, R M H"	"6f "	"5"	"13"
"15:10:00"	"2004-02-18"	"Leicester"	"Bachelors Pad"	"20.00"	"0"	"Claimer Hurdle"	"8"	"9"	"Burrows, T J"	"Wilton, Miss S J"	"2m "	"10"	"27"
"15:30:00"	"2003-09-26"	"Down Royal"	"Sullivans Cascade (IRE)"	"12.00"	"0"	"Handicap"	"11"	"11"	"Cleary, R P"	"OMara, T J"	"1m2.5f "	"5"	"27"
"14:10:00"	"2003-09-23"	"Beverley"	"Easternking"	"50.00"	"0"	"Seller"	"12"	"13"	"Vickers, Lee"	"Wainwright, J S"	"1m4f "	"4"	"178"
"16:10:00"	"2003-09-19"	"Nottingham"	"Kenley Lass (IRE)"	"20.00"	"0"	"Handicap"	"1"	"16"	"Turner, Hayley"	"Usher, M D I"	"6f "	"3"	"3"
"15:00:00"	"2003-09-08"	"Bath"	"Zadok The Priest (IRE)"	"6.00"	"0"	"Handicap Maiden"	"10"	"14"	"Henry, Matthew"	"Hills, J W"	"1m5f "	"3"	"6"
"17:35:00"	"2003-09-04"	"Clonmel"	"April Dancer"	"16.00"	"0"	"Claimer"	"2"	"10"	"ODonoghue, C"	"OMara, T J"	"1m2f "	"3"	"5"
"17:45:00"	"2003-08-30"	"Ballinrobe"	"Sullivans Cascade (IRE)"	"12.00"	"0"	"Handicap"	"15"	"16"	"Lordan, W M"	"OMara, T J"	"1m1f "	"5"	"44"
"16:45:00"	"2003-08-30"	"Ballinrobe"	"April Dancer"	"20.00"	"0"	"Claimer"	"8"	"15"	"Lordan, W M"	"OMara, T J"	"1m1f "	"3"	"10"
"16:00:00"	"2003-08-26"	"Yarmouth"	"Rens Magic"	"20.00"	"0"	"Handicap Maiden"	"4"	"12"	"Gibbons, Graham"	"Jenkins, J R"	"1m6f "	"5"	"19"
"19:50:00"	"2003-08-20"	"Kempton"	"My Maite (IRE)"	"20.00"	"0"	"Handicap"	"10"	"12"	"Day, Nigel"	"Ingram, R"	"1m4f "	"4"	"23"
"19:30:00"	"2003-08-13"	"Gowran Park"	"Leeside (IRE)"	"20.00"	"0"	"Handicap"	"13"	"17"	"Beggy, P B"	"McArdle, D G"	"1m1.5f "	"5"	"353"
"20:10:00"	"2003-07-19"	"Haydock"	"Blue Water"	"50.00"	"0"	"Handicap"	"9"	"10"	"Badger, Joanna"	"Mullineaux, M"	"2m "	"3"	"15"
"16:30:00"	"2003-07-12"	"Curragh"	"Baltic Breeze (USA)"	"25.00"	"0"	"Handicap"	"11"	"30"	"Hunter, S"	"Durkan, William"	"7f "	"3"	"12"
"16:30:00"	"2003-07-12"	"Chester"	"Technician (IRE) (OLD)"	"16.00"	"0"	"Handicap"	"13"	"17"	"Allan, David"	"Alston, E J"	"7.5f "	"8"	"17"
"20:00:00"	"2003-07-11"	"Hamilton"	"Tony Tie"	"2.75"	"0"	"Handicap"	"5"	"9"	"Carroll, John"	"Goldie, J S"	"1m1f "	"7"	"10"
"15:50:00"	"2003-07-06"	"Redcar"	"Petite Mac"	"14.00"	"0"	"Handicap"	"9"	"20"	"Ahern, Eddie"	"Bycroft, N"	"5f "	"3"	"9"
"16:50:00"	"2003-07-03"	"Haydock"	"Golden Boot"	"25.00"	"0"	"Handicap"	"11"	"13"	"Carroll, John"	"Bailey, A"	"1m6f "	"4"	"7"
"21:00:00"	"2003-07-02"	"Yarmouth"	"Cedar Grove"	"25.00"	"0"	"Handicap"	"9"	"15"	"Turner, Hayley"	"Harris, John A"	"1m6f "	"6"	"12"
"18:45:00"	"2003-06-27"	"Newcastle"	"Paradise Garden (USA)"	"66.00"	"0"	"Handicap"	"12"	"15"	"Collington, Mr P"	"Clinton, P L"	"1m2f "	"6"	"34"
"14:45:00"	"2003-06-23"	"Nottingham"	"Zouche"	"66.00"	"0"	"Handicap"	"13"	"20"	"Smith, Richard"	"Liddiard, Stef"	"6f "	"3"	"2"
"14:45:00"	"2003-06-23"	"Nottingham"	"Gruff"	"66.00"	"0"	"Handicap"	"20"	"20"	"Parkin, Gyles"	"Wainwright, J S"	"6f "	"4"	"4"
"20:10:00"	"2003-06-21"	"Warwick"	"Zouche"	"14.00"	"0"	"Maiden"	"6"	"10"	"Smith, Richard"	"Liddiard, Stef"	"7f "	"3"	"8"
"16:30:00"	"2003-05-17"	"Nottingham"	"Whistler"	"5.00"	"0"	"Handicap"	"1"	"15"	"Catlin, Chris"	"Bradley, J M"	"5f "	"6"	"8"
"19:45:00"	"2003-05-14"	"Newcastle"	"Libre"	"4.50"	"0"	"Handicap"	"3"	"16"	"Egan, John"	"Jordan, F"	"7f "	"3"	"15"
"15:10:00"	"2003-05-03"	"Brighton"	"Kinsman (IRE)"	"16.00"	"0"	"Handicap"	"5"	"16"	"McCabe, Pat"	"McCarthy, T D"	"7f "	"6"	"29"
"16:20:00"	"2003-05-02"	"Punchestown"	"Rathbawn Prince (IRE)"	"16.00"	"0"	"Handicap Chase"	"PU"	"13"	"Kelly, K A"	"Hughes, D T"	"2m4f "	"11"	"11"
"17:25:00"	"2003-04-29"	"Nottingham"	"Libre"	"8.00"	"0"	"Handicap"	"2"	"18"	"Egan, John"	"Jordan, F"	"1m "	"3"	"21"
"16:15:00"	"2003-04-24"	"Beverley"	"Knotty Ash Girl (IRE)"	"50.00"	"0"	"Handicap"	"17"	"19"	"Sanders, Seb"	"McMahon, B A"	"1m2f "	"4"	"10"
"15:55:00"	"2003-04-10"	"Musselburgh"	"Safranine (IRE)"	"14.00"	"0"	"Handicap"	"8"	"9"	"Fletcher, L"	"Stokell, Miss A"	"5f "	"6"	"14"
"14:25:00"	"2003-02-25"	"Catterick"	"Bobanvi"	"33.00"	"0"	"Handicap Novices Hurdle"	"9"	"19"	"Ross, Anthony"	"Wainwright, J S"	"2m "	"5"	"32"
"14:15:00"	"2003-01-14"	"Folkestone"	"Lanmire Leader (IRE)"	"25.00"	"0"	"Seller Hurdle"	"6"	"11"	"Aspell, Leighton"	"Ennis, A"	"2m6.5f "	"8"	"19"
 