RTime	Date	track	Qualifier	Odds_Numeric	Odds_Exchange	Race_Type	Position	Runners	Jockey	Trainer	Distance	Age	DaysSinceRun	
"16:00:00"	"2026-01-30"	"Ffos Las"	"Shade Of Winter (IRE)"	"7.00"	"10.11"	"Handicap Hurdle"	"2"	"7"	"Jones, Ben R"	"Williams, Evan"	"2m "	"6"	"47"
"15:30:00"	"2026-01-26"	"Hereford"	"Out Of Office (IRE)"	"2.50"	"3.77"	"Handicap Hurdle"	"4"	"6"	"Jones, Ben R"	"Williams, Evan"	"2m1f "	"8"	"57"
"12:20:00"	"2026-01-22"	"Wetherby"	"Ashdown Forest (IRE)"	"40.00"	"87.55"	"Hurdle"	"7"	"10"	"Quinlan, Sean"	"OKeeffe, Jedd"	"2m.5f "	"4"	"21"
"15:10:00"	"2026-01-17"	"Haydock"	"Victoria Milano (IRE)"	"28.00"	"48"	"Handicap Hurdle"	"F"	"17"	"Wynne, Toby"	"Greenall, O / Guerriero, J"	"2m6f "	"8"	"271"
"12:32:00"	"2026-01-15"	"Ludlow"	"Annie Express (IRE)"	"4.50"	"7.92"	"Handicap Chase"	"1"	"9"	"McCain-Mitchell, Toby"	"Llewellyn, Robert"	"3m "	"8"	"616"
"12:07:00"	"2026-01-15"	"Wincanton"	"Not A Light (IRE)"	"6.50"	"8.56"	"Handicap Novices Chase"	"2"	"8"	"Pritchard, Mr Callum"	"Hobbs, P J / White, J"	"3m1.5f "	"9"	"33"
"12:35:00"	"2026-01-14"	"Newbury"	"Into Battle (IRE)"	"40.00"	"370"	"Novices Hurdle"	"10"	"11"	"Dunne, R T"	"Stephens, Robert"	"2m.5f "	"5"	"104"
"14:30:00"	"2026-01-11"	"Fontwell"	"Shalfa (IRE)"	"125.00"	"328.14"	"Novices Hurdle"	"3"	"9"	"Goldstein, Marc"	"Richards, Mrs L"	"2m2f "	"7"	"40"
"13:00:00"	"2026-01-08"	"Taunton"	"Forest Hills (IRE)"	"150.00"	"630"	"Novices Hurdle"	"7"	"7"	"Davies, James"	"Gray, C J"	"2m3.5f "	"5"	"175"
"14:00:00"	"2026-01-02"	"Ayr"	"Don Occhetti (IRE)"	"66.00"	"202.54"	"Handicap Hurdle"	"PU"	"19"	"Rabbitt, Mr C"	"Young Jnr, William"	"2m4.5f "	"8"	"499"
"14:20:00"	"2025-10-31"	"Wetherby"	"Enziya (IRE)"	"50.00"	"100"	"Hurdle"	"5"	"8"	"Obrien, P V"	"Pickard, Kevin"	"2m "	"3"	"64"
"13:47:00"	"2025-10-31"	"Wetherby"	"Camarrate (IRE)"	"7.50"	"9.51"	"Handicap Hurdle"	"2"	"6"	"Gillard, Mr T"	"McCain Jnr, D"	"2m3.5f "	"5"	"34"
"12:55:00"	"2025-10-31"	"Uttoxeter"	"Moor End (IRE)"	"11.00"	"16"	"Handicap Chase"	"1"	"16"	"Pinchin, Miss L M"	"Bishop, Miss E J"	"2m4f "	"6"	"200"
"15:17:00"	"2025-10-30"	"Stratford"	"Motazzen (IRE)"	"3.50"	"6"	"Handicap Hurdle"	"2"	"12"	"Powell, Brendan"	"Knight, Miss H C"	"2m2.5f "	"7"	"27"
"15:58:00"	"2025-10-28"	"Ffos Las"	"Boston Joe (IRE)"	"8.00"	"10.5"	"Handicap Hurdle"	"3"	"13"	"Brace, Mr J"	"Curtis, Miss Rebecca"	"2m4f "	"9"	"194"
"14:12:00"	"2025-10-27"	"Bangor"	"Molto Bene (IRE)"	"6.00"	"7.91"	"Handicap Novices Chase"	"1"	"11"	"Pinchin, Miss L M"	"Longsdon, C E"	"2m4.5f "	"6"	"193"
"14:12:00"	"2025-10-27"	"Bangor"	"Sunday Soldier (IRE)"	"12.00"	"19.05"	"Handicap Novices Chase"	"4"	"11"	"Woods, K K"	"McPherson, Graeme P"	"2m4.5f "	"7"	"164"
"14:20:00"	"2025-10-25"	"Cheltenham"	"Minella Blueway (IRE)"	"18.00"	"32"	"Handicap Chase"	"PU"	"18"	"Williams, Isabel"	"Williams, Evan"	"3m1f "	"7"	"224"
"13:10:00"	"2025-10-25"	"Cheltenham"	"Springs A Girl (IRE)"	"7.50"	"12.72"	"Handicap Novices Chase"	"PU"	"14"	"Bowen, Sean P"	"Keighley, M"	"2m4.5f "	"6"	"40"
"13:00:00"	"2025-10-22"	"Worcester"	"Pic Roc (IRE)"	"2.75"	"4.41"	"Beginners Chase"	"UR"	"5"	"Jones, Ben R"	"Pauling, Ben"	"2m4.5f "	"7"	"179"
"17:15:00"	"2025-10-21"	"Perth"	"Blakey Boy (IRE)"	"16.00"	"23"	"Handicap Hurdle"	"7"	"9"	"Nichol, Craig"	"Whillans, Ewan"	"3m.5f "	"5"	"164"
"14:25:00"	"2025-10-21"	"Perth"	"Vampire Slayer (IRE)"	"18.00"	"27.32"	"Handicap Hurdle"	"5"	"12"	"Bewley, Callum"	"Bourke, D F"	"2m.5f "	"5"	"12"
"14:10:00"	"2025-10-20"	"Plumpton"	"Dayzee (IRE)"	"8.50"	"11.21"	"Novices Hurdle"	"3"	"6"	"Sheehan, Gavin"	"Attwater, P"	"2m "	"5"	"86"
"14:10:00"	"2025-10-20"	"Plumpton"	"Robbo (IRE)"	"8.00"	"12.01"	"Novices Hurdle"	"4"	"6"	"Quinn, Caoilin"	"Moore, Gary and Josh"	"2m "	"4"	"30"
"15:33:00"	"2025-10-19"	"Sedgefield"	"Ballylinch (IRE)"	"7.50"	"12"	"Handicap Chase"	"4"	"5"	"Hughes, Brian"	"Hammond, Micky"	"3m2.5f "	"8"	"526"
"14:46:00"	"2025-10-19"	"Kempton"	"Mystical Mabel (IRE)"	"12.00"	"24.91"	"Hurdle"	"F"	"5"	"Quinn, Caoilin"	"Moore, Gary and Josh"	"2m "	"3"	"102"
"14:30:00"	"2025-10-19"	"Sedgefield"	"Beat The Edge (IRE)"	"5.50"	"7.84"	"Handicap Chase"	"3"	"6"	"Stevens, Miss A"	"Hammond, Micky"	"2m5f "	"8"	"148"
"15:40:00"	"2025-10-18"	"Stratford"	"Fight For It (IRE)"	"28.00"	"44"	"Handicap Hurdle"	"PU"	"8"	"Woods, K K"	"Oshea, J G M"	"2m3f "	"7"	"864"
"16:25:00"	"2025-10-17"	"Fakenham"	"Taxus Baccata (IRE)"	"2.50"	"3.83"	"Handicap Chase"	"4"	"5"	"Cannon, Tom J"	"Crawley, Matt"	"2m6f "	"7"	"162"
"15:07:00"	"2025-10-16"	"Carlisle"	"Jet Legs (IRE)"	"5.00"	"6.57"	"Handicap Chase"	"3"	"6"	"Bewley, Callum"	"Todhunter, M"	"3m.5f "	"8"	"180"
"14:51:00"	"2025-10-14"	"Market Rasen"	"Bowmore (IRE)"	"9.00"	"11.5"	"Handicap Hurdle"	"2"	"7"	"Bass, David"	"Longsdon, C E"	"2m.5f "	"7"	"172"
"13:51:00"	"2025-10-14"	"Market Rasen"	"Westernesse (IRE)"	"22.00"	"52.68"	"Maiden Hurdle"	"3"	"7"	"Gillard, Mr T"	"McCain Jnr, D"	"2m.5f "	"6"	"31"
"14:07:00"	"2025-10-12"	"Chepstow"	"Riviera Walk (IRE)"	"12.00"	"19.02"	"Novices Hurdle"	"2"	"5"	"ONeill, Jonjo (Jr)"	"ONeill, Jonjo and AJ"	"2m4f "	"5"	"178"
"13:35:00"	"2025-10-11"	"Chepstow"	"Wolf Rayet (IRE)"	"40.00"	"95"	"Hurdle"	"2"	"10"	"Dunne, R T"	"Drinkwater, S W"	"2m.5f "	"3"	"369"
"13:35:00"	"2025-10-11"	"Chepstow"	"Ice Jet (IRE)"	"8.50"	"12.19"	"Hurdle"	"7"	"10"	"Skelton, Harry"	"Skelton, Daniel"	"2m.5f "	"3"	"106"
"15:37:00"	"2025-10-07"	"Huntingdon"	"Catchim (IRE)"	"14.00"	"16.5"	"Handicap Chase"	"4"	"6"	"Todd, C J"	"Pogson, Charles and Adam"	"2m4f "	"7"	"104"
"15:13:00"	"2025-10-05"	"Kelso"	"Caballo De Guerra (IRE)"	"6.50"	"9.44"	"Novices Hurdle"	"1"	"13"	"Power, Jack"	"Russell, Miss Lucinda V"	"2m "	"4"	"197"
"17:37:00"	"2025-10-03"	"Hexham"	"Kitty Ooru (IRE)"	"28.00"	"40"	"Handicap Chase"	"PU"	"9"	"Nichol, Craig"	"Todhunter, M"	"3m "	"6"	"25"
"15:38:00"	"2025-10-03"	"Fontwell"	"The Bellhop (IRE)"	"3.33"	"4.72"	"Hurdle"	"1"	"7"	"Quinn, Caoilin"	"Moore, Gary and Josh"	"2m2f "	"3"	"16"
"15:50:00"	"2025-10-01"	"Warwick"	"Girl Of Gold (IRE)"	"6.50"	"12.41"	"Maiden Hurdle"	"2"	"5"	"Bromley, Ben"	"Owen, J P"	"2m5f "	"4"	"6"
"16:53:00"	"2025-09-25"	"Perth"	"Wearelongterm (IRE)"	"7.50"	"9.8"	"Handicap Hurdle"	"F"	"7"	"Brooke, Henry"	"Sayer, Mrs Dianne"	"3m.5f "	"8"	"66"
"16:30:00"	"2025-09-15"	"Worcester"	"Ghasham (IRE)"	"1.50"	"2.57"	"Handicap Hurdle"	"2"	"9"	"Skelton, Harry"	"Skelton, Daniel"	"2m4.5f "	"6"	"102"
"15:30:00"	"2025-09-15"	"Worcester"	"Diamond Ambition (IRE)"	"11.00"	"19.96"	"Maiden Hurdle"	"2"	"13"	"Skelton, Harry"	"Skelton, Daniel"	"2m.5f "	"5"	"64"
"14:10:00"	"2025-09-08"	"Perth"	"Crimson Road (IRE)"	"40.00"	"66.64"	"Novices Hurdle"	"7"	"8"	"Moscrop, Nathan"	"Corbett, Mrs Susan"	"2m.5f "	"4"	"50"
"14:42:00"	"2025-09-07"	"Fontwell"	"Fullforward (IRE)"	"50.00"	"160"	"Maiden Hurdle"	"3"	"8"	"Goldstein, Marc"	"Madgwick, M"	"2m3.5f "	"5"	"90"
"17:10:00"	"2025-08-31"	"Worcester"	"Copper Cove (IRE)"	"20.00"	"27.78"	"Handicap Hurdle"	"PU"	"12"	"Gethings, Ciaran"	"Elsworth, Dominic"	"2m4.5f "	"8"	"156"
"18:18:00"	"2025-08-29"	"Fontwell"	"Pescatorius (IRE)"	"1.63"	"2.73"	"Handicap Chase"	"3"	"7"	"Bowen, Sean P"	"Murphy, Olly"	"2m5.5f "	"6"	"52"
"16:45:00"	"2025-08-29"	"Fontwell"	"Majestic Leo (IRE)"	"20.00"	"27"	"Maiden Hurdle"	"PU"	"8"	"McLernon, R P"	"Brown, G"	"2m2f "	"3"	"70"
"18:15:00"	"2025-08-27"	"Hexham"	"Zeezee (IRE)"	"20.00"	"31.94"	"Handicap Hurdle"	"5"	"15"	"Quinlan, Sean"	"Nicol, Adam"	"2m5f "	"6"	"94"
"17:45:00"	"2025-08-27"	"Hexham"	"Gemini Man (IRE)"	"6.50"	"9.15"	"Handicap Hurdle"	"1"	"7"	"McMenamin, Daniel"	"Jardine, I"	"2m1f "	"7"	"18"
"15:55:00"	"2025-08-23"	"Cartmel"	"Hamlets Night (IRE)"	"3.50"	"5.87"	"Novices Hurdle"	"2"	"10"	"Bowen, Sean P"	"Owen, J P"	"2m1f "	"4"	"20"
"17:00:00"	"2025-08-21"	"Newton Abbot"	"Canastero (IRE)"	"66.00"	"110"	"Handicap Hurdle"	"9"	"10"	"Nolan, Michael G"	"Gray, C J"	"3m2.5f "	"9"	"1204"
"15:25:00"	"2025-01-30"	"Wincanton"	"Viva Lavilla (IRE)"	"16.00"	"24.49"	"Hunters Chase"	"PU"	"6"	"McIntyre, Mr M J"	"Ward-Thomas, Anthony"	"3m1.5f "	"9"	"630"
"15:15:00"	"2025-01-23"	"Wetherby"	"Wearelongterm (IRE)"	"20.00"	"34.22"	"Handicap Hurdle"	"2"	"11"	"Brooke, Henry"	"Sayer, Mrs Dianne"	"3m1f "	"8"	"45"
"12:25:00"	"2025-01-16"	"Newcastle"	"Clondaw Fame (IRE)"	"6.00"	"9.48"	"Maiden Hurdle"	"3"	"11"	"Mania, Ryan"	"Ewart, J P L"	"2m1f "	"8"	"64"
"14:08:00"	"2025-01-13"	"Exeter"	"Somethingtosomeone (IRE)"	"22.00"	"87.54"	"Maiden Hurdle"	"F"	"14"	"Dingle, Rex"	"Clarke, Ben"	"2m1f "	"6"	"53"
"12:35:00"	"2025-01-01"	"Musselburgh"	"Lady Phoebe (IRE)"	"50.00"	"120"	"Hurdle"	"PU"	"8"	"Nichol, Craig"	"Nicol, Adam"	"2m "	"4"	"20"
"14:15:00"	"2024-10-31"	"Newcastle"	"Burglars Dream (IRE)"	"10.00"	"19.81"	"Maiden Hurdle"	"6"	"8"	"Hamilton, Jamie"	"Easterby, T D"	"2m1f "	"4"	"46"
"14:15:00"	"2024-10-31"	"Newcastle"	"Moonfleet Moment (IRE)"	"125.00"	"380"	"Maiden Hurdle"	"7"	"8"	"Fox, Derek R"	"Nicol, Adam"	"2m1f "	"4"	"16"
"13:50:00"	"2024-10-30"	"Fakenham"	"Serendipitous Lady (IRE)"	"40.00"	"89.65"	"Hurdle"	"3"	"4"	"Hammond, Charlie"	"Johnson, B R"	"2m.5f "	"3"	"19"
"16:07:00"	"2024-10-29"	"Bangor"	"Brixson (IRE)"	"6.50"	"8.01"	"Maiden NH Flat"	"3"	"6"	"Kavanagh, Peter J"	"Smith, Mrs S J"	"2m1f "	"4"	"26"
"14:57:00"	"2024-10-29"	"Bangor"	"Micro Millions (IRE)"	"66.00"	"136.35"	"Handicap Novices Chase"	"PU"	"10"	"Twiston-Davies, Sam"	"Lewis, Mrs S W"	"2m4.5f "	"6"	"241"
"13:20:00"	"2024-10-29"	"Bangor"	"Bestgetgoing (IRE)"	"200.00"	"1000"	"Novices Hurdle"	"PU"	"14"	"Houlihan, Sean M"	"Price, R J"	"2m1f "	"6"	"526"
"12:50:00"	"2024-10-29"	"Bangor"	"Pipers Cross (IRE)"	"4.00"	"5.13"	"Handicap Hurdle"	"5"	"10"	"Anderson, Joe"	"Lavelle, Miss E C"	"2m7.5f "	"7"	"186"
"13:37:00"	"2024-10-27"	"Wincanton"	"Mach Ten (IRE)"	"80.00"	"343.57"	"Hurdle"	"5"	"10"	"Cannon, Tom J"	"Charlton, Anthony"	"1m7f "	"3"	"152"
"15:55:00"	"2024-10-26"	"Kelso"	"Young Buster (IRE)"	"2.00"	"3.32"	"Handicap Chase"	"5"	"7"	"Burke, Jonathan"	"OBrien, Fergal"	"3m2f "	"8"	"162"
"14:20:00"	"2024-10-26"	"Cheltenham"	"Unanswered Prayers (IRE)"	"20.00"	"31.02"	"Handicap Chase"	"8"	"14"	"Dingle, Rex"	"Gordon, C"	"3m1f "	"8"	"173"
"14:20:00"	"2024-10-26"	"Cheltenham"	"Kansas City Star (IRE)"	"28.00"	"55"	"Handicap Chase"	"9"	"14"	"Obrien, P V"	"Derham, Harry"	"3m1f "	"7"	"20"
"17:15:00"	"2024-10-24"	"Carlisle"	"Glencassley (IRE)"	"16.00"	"22.29"	"Handicap Chase"	"12"	"15"	"McLernon, R P"	"Longsdon, C E"	"2m4f "	"9"	"155"
"16:28:00"	"2024-10-22"	"Exeter"	"Abuffalosoldier (IRE)"	"2.75"	"3.7"	"Handicap Chase"	"2"	"9"	"Bowen, James C"	"Greatrex, W J"	"3m.5f "	"7"	"185"
"17:30:00"	"2024-10-20"	"Sedgefield"	"Clearisthewater (IRE)"	"11.00"	"17.8"	"NH Flat"	"4"	"10"	"Hampson, Brodie"	"Watson, Archie"	"2m.5f "	"5"	"17"
"16:35:00"	"2024-10-20"	"Kempton"	"Regarde (IRE)"	"4.50"	"6"	"Handicap Chase"	"1"	"8"	"Sheehan, Gavin"	"Snowden, Jamie"	"3m.5f "	"7"	"217"
"16:50:00"	"2024-10-17"	"Carlisle"	"Hold Onto The Line (IRE)"	"10.00"	"14.5"	"Handicap Chase"	"5"	"7"	"Hughes, Brian"	"Ewart, J P L"	"2m "	"7"	"286"
"13:43:00"	"2024-10-17"	"Wincanton"	"Vaguely Royal (IRE)"	"9.00"	"31.21"	"Maiden Hurdle"	"4"	"8"	"Cobden, Harry"	"Charlton, Anthony"	"1m7f "	"4"	"118"
"16:30:00"	"2024-10-16"	"Wetherby"	"Hurlerontheditch (IRE)"	"3.00"	"4.7"	"Handicap Novices Chase"	"2"	"9"	"Hughes, Brian"	"Bailey, K C"	"2m5.5f "	"8"	"158"
"14:08:00"	"2024-10-16"	"Worcester"	"Duke Of Moravia (IRE)"	"11.00"	"14.5"	"Handicap Chase"	"PU"	"14"	"Bass, David"	"Daly, H D"	"3m "	"6"	"191"
"16:05:00"	"2024-10-15"	"Market Rasen"	"Game On For Glory (IRE)"	"6.50"	"8.8"	"Handicap Chase"	"4"	"6"	"Cobden, Harry"	"Wadham, Mrs L"	"2m6.5f "	"8"	"180"
"16:00:00"	"2024-10-14"	"Hereford"	"Wot You Wearing (IRE)"	"3.50"	"4.76"	"Handicap Hurdle"	"2"	"8"	"Jones, Ben R"	"Stephens, Robert"	"3m1.5f "	"7"	"248"
"14:10:00"	"2024-10-13"	"Ffos Las"	"Moviddy (IRE)"	"11.00"	"14.27"	"Handicap Chase"	"6"	"7"	"Pritchard, Mr Callum"	"Williams, Noel"	"2m5.5f "	"8"	"154"
"13:35:00"	"2024-10-11"	"Chepstow"	"De Vegas Warrior (IRE)"	"200.00"	"459.3"	"Novices Hurdle"	"12"	"12"	"Powell, Brendan"	"Knight, Miss H C"	"2m.5f "	"5"	"97"
"14:58:00"	"2024-10-10"	"Exeter"	"Basilette (IRE)"	"25.00"	"30.07"	"Maiden Hurdle"	"4"	"9"	"Nolan, Michael G"	"Mullins, J W"	"2m1f "	"5"	"30"
"15:28:00"	"2024-10-09"	"Sedgefield"	"Treaty Boy (IRE)"	"7.00"	"10.84"	"Handicap Chase"	"6"	"6"	"Coltherd, Sam W"	"Coltherd, W S"	"2m.5f "	"7"	"225"
"13:58:00"	"2024-10-09"	"Sedgefield"	"Foshan (IRE)"	"200.00"	"1000"	"Maiden Hurdle"	"7"	"10"	"Fox, Derek R"	"Nicol, Adam"	"2m1f "	"5"	"22"
"14:35:00"	"2024-10-04"	"Fontwell"	"Tarbaan (IRE)"	"80.00"	"131.96"	"Novices Hurdle"	"5"	"11"	"Quinlan, Jack"	"Murphy, Amy"	"2m2f "	"5"	"101"
"14:25:00"	"2024-10-01"	"Sedgefield"	"Trafalgar Square (IRE)"	"6.00"	"7.86"	"Maiden Hurdle"	"5"	"7"	"Wynne, Toby"	"Greenall, O / Guerriero, J"	"2m1f "	"3"	"25"
"15:30:00"	"2024-09-28"	"Market Rasen"	"Benvoy (IRE)"	"33.00"	"75"	"Hurdle"	"4"	"5"	"Sheehan, Gavin"	"Davis, Miss J S"	"2m1.5f "	"3"	"71"
"15:37:00"	"2024-09-26"	"Perth"	"Purple Gown (IRE)"	"9.00"	"14.71"	"Handicap Novices Hurdle"	"5"	"12"	"Thompson, Joshua"	"Nicol, Adam"	"2m.5f "	"5"	"48"
"15:38:00"	"2024-09-25"	"Perth"	"Jackhammer (IRE)"	"16.00"	"21"	"Handicap Chase"	"3"	"9"	"OFarrell, C"	"Sayer, Mrs Dianne"	"2m4.5f "	"10"	"10"
"14:30:00"	"2024-09-23"	"Sedgefield"	"Chillhi (IRE)"	"4.00"	"5.4"	"Maiden Hurdle"	"UR"	"12"	"Quinlan, Sean"	"Ellison, B"	"2m1f "	"4"	"32"
"16:20:00"	"2024-09-22"	"Plumpton"	"Cabrakan (IRE)"	"9.00"	"11"	"Handicap Chase"	"3"	"5"	"Harris, Bradley"	"Dickin, Harriet"	"2m1f "	"5"	"87"
"16:30:00"	"2024-09-18"	"Kelso"	"Top Man Tom (IRE)"	"8.00"	"12"	"Novices Hurdle"	"5"	"7"	"McMenamin, Daniel"	"Thomson, A M"	"2m5f "	"5"	"52"
"18:10:00"	"2024-09-11"	"Worcester"	"Micronormous (IRE)"	"16.00"	"22"	"Maiden Hurdle"	"3"	"11"	"Tudor, Jack"	"Pipe, D E"	"2m7f "	"6"	"482"
"16:10:00"	"2024-09-01"	"Worcester"	"Eagle Court (IRE)"	"100.00"	"210"	"Maiden Hurdle"	"9"	"11"	"Reed, Harry"	"Blake, Michael"	"2m "	"7"	"99"
"18:40:00"	"2024-08-28"	"Worcester"	"Ballinsker (IRE)"	"22.00"	"36"	"Handicap Hurdle"	"10"	"11"	"Williams, Isabel"	"Williams, Evan"	"2m7.5f "	"9"	"90"
"16:30:00"	"2024-08-19"	"Worcester"	"Songo (IRE)"	"18.00"	"29.75"	"Handicap Hurdle"	"5"	"7"	"Best, J A"	"Hawker, Richard"	"2m4.5f "	"8"	"36"
"15:55:00"	"2024-08-17"	"Perth"	"Aerospace (IRE)"	"1.63"	"2.72"	"Maiden Hurdle"	"5"	"11"	"Scholfield, Nick"	"Watson, Archie"	"2m.5f "	"5"	"47"
"15:15:00"	"2024-01-31"	"Exeter"	"Silver Bobbin (IRE)"	"80.00"	"512.76"	"Maiden Hurdle"	"PU"	"9"	"Tidball, Jay"	"West, Adam"	"2m1f "	"4"	"18"
"16:00:00"	"2024-01-29"	"Hereford"	"Secret Sauce (IRE)"	"3.00"	"5"	"Novices Hurdle"	"2"	"11"	"Jones, Ben R"	"Charlton, Anthony"	"2m1f "	"4"	"33"
"13:50:00"	"2024-01-29"	"Plumpton"	"Ballyvaughan Bay (IRE)"	"8.50"	"11.6"	"Maiden Hurdle"	"9"	"12"	"Powell, Brendan"	"Jeffreys, D J"	"2m5f "	"7"	"41"
"15:35:00"	"2024-01-26"	"Sandown"	"Havaila (IRE)"	"3.33"	"4.3"	"Handicap Hurdle"	"1"	"9"	"Cobden, Harry"	"Charlton, Anthony"	"2m4f "	"5"	"35"
"16:20:00"	"2024-01-24"	"Chepstow"	"Hes My Shadow (IRE)"	"8.50"	"11"	"Handicap Hurdle"	"PU"	"12"	"Harrison, Liam"	"Llewellyn, Robert"	"2m3.5f "	"7"	"235"
"14:35:00"	"2024-01-23"	"Newbury"	"Not At Present (IRE)"	"33.00"	"39.88"	"Handicap Novices Chase"	"F"	"13"	"Jones, Ben R"	"Pauling, Ben"	"2m7f "	"9"	"543"
"13:25:00"	"2024-01-23"	"Newbury"	"Dancing Master (IRE)"	"300.00"	"868.8"	"Maiden Hurdle"	"PU"	"16"	"Carver, Bryan"	"Mulholland, N P"	"2m.5f "	"6"	"685"
"15:57:00"	"2024-01-13"	"Wetherby"	"Skys Your Limit (IRE)"	"250.00"	"831.54"	"Maiden NH Flat"	"8"	"11"	"Coltherd, Sam W"	"Collier, Tjade"	"2m.5f "	"5"	"18"
"15:30:00"	"2024-01-12"	"Wincanton"	"Military Tycoon (IRE)"	"4.00"	"7.2"	"Maiden Hurdle"	"9"	"17"	"Anderson, Joe"	"Mulholland, N P"	"1m7.5f "	"4"	"99"
"14:50:00"	"2024-01-12"	"Huntingdon"	"Blue Universe (IRE)"	"200.00"	"589.11"	"Hurdle"	"4"	"6"	"Goldstein, Marc"	"Attwater, M J"	"2m "	"4"	"10"
"13:20:00"	"2024-01-11"	"Catterick"	"My Girl Lollipop (IRE)"	"20.00"	"25.96"	"Handicap Novices Chase"	"PU"	"11"	"Quinlan, Jack"	"Case, B I"	"3m1.5f "	"8"	"255"
"16:05:00"	"2024-01-08"	"Taunton"	"Sevenofus (IRE)"	"33.00"	"51.43"	"Handicap Hurdle"	"8"	"13"	"Nolan, Michael G"	"Gray, C J"	"2m1f "	"8"	"440"
"14:05:00"	"2023-10-31"	"Chepstow"	"Fortuna Ligna (IRE)"	"2.00"	"3.17"	"Handicap Hurdle"	"2"	"6"	"Cobden, Harry"	"Honeyball, A J"	"2m7.5f "	"6"	"186"
"14:00:00"	"2023-10-29"	"Aintree"	"Do Your Job (IRE)"	"9.00"	"13"	"Handicap Chase"	"7"	"11"	"Fox, Derek R"	"Russell, Miss Lucinda V"	"2m4f "	"9"	"329"
"17:04:00"	"2023-10-28"	"Kelso"	"Onestepatatime (IRE)"	"8.00"	"11"	"Handicap Hurdle"	"4"	"7"	"Maggs, Mr Charlie"	"Wainwright, J S"	"3m2f "	"8"	"216"
"14:40:00"	"2023-10-22"	"Sedgefield"	"Im Too Tired (IRE)"	"4.50"	"7.05"	"Maiden Hurdle"	"2"	"8"	"Quinlan, Sean"	"Candlish, Jennie"	"2m.5f "	"3"	"51"
"13:45:00"	"2023-10-22"	"Kempton"	"Awtaad Prince (IRE)"	"50.00"	"76.04"	"Hurdle"	"PU"	"12"	"Quinlan, Jack"	"Murphy, Amy"	"2m "	"3"	"26"
"15:10:00"	"2023-10-19"	"Wincanton"	"Striking A Pose (IRE)"	"3.50"	"5.7"	"Handicap Chase"	"PU"	"7"	"Powell, Brendan"	"Tizzard, Joe"	"3m1f "	"7"	"144"
"14:58:00"	"2023-10-18"	"Wetherby"	"Common Acclaim (IRE)"	"20.00"	"63.01"	"Hurdle"	"4"	"8"	"Hamilton, Jamie"	"Easterby, T D"	"2m "	"3"	"67"
"17:00:00"	"2023-10-17"	"Huntingdon"	"Parc Damour (IRE)"	"1.50"	"2.63"	"Handicap Hurdle"	"3"	"6"	"Bass, David"	"Bailey, K C"	"2m "	"6"	"159"
"13:35:00"	"2023-10-15"	"Ffos Las"	"Reine Fee (IRE)"	"50.00"	"70"	"Handicap Chase"	"6"	"9"	"Ryder, Isabelle"	"Brown, G"	"2m5.5f "	"10"	"525"
"15:10:00"	"2023-10-09"	"Stratford"	"Dixie Flyer (IRE)"	"4.50"	"6.8"	"Novices Hurdle"	"11"	"11"	"McLernon, R P"	"Curran, S"	"2m.5f "	"7"	"53"
"17:15:00"	"2023-10-08"	"Uttoxeter"	"Apologise (IRE)"	"28.00"	"50"	"Handicap Hurdle"	"9"	"14"	"Wynne, Toby"	"Greenall, O / Guerriero, J"	"2m "	"4"	"25"
"15:45:00"	"2023-10-08"	"Uttoxeter"	"West To The Bridge (IRE)"	"3.33"	"4.9"	"Handicap Hurdle"	"2"	"5"	"Skelton, Harry"	"Skelton, Daniel"	"2m7.5f "	"10"	"177"
"14:15:00"	"2023-10-07"	"Fontwell"	"Hilltown (IRE)"	"6.50"	"9.82"	"Handicap Hurdle"	"3"	"8"	"Sansom, Daniel"	"Mullins, J W"	"3m2f "	"5"	"132"
"16:35:00"	"2023-10-04"	"Bangor"	"Tune In A Box (IRE)"	"11.00"	"18.02"	"Maiden Hurdle"	"6"	"8"	"Sheppard, Stan"	"Lacey, T"	"2m1f "	"4"	"178"
"15:10:00"	"2023-10-03"	"Sedgefield"	"Tupelo Mississippi (IRE)"	"1.63"	"2.63"	"Handicap Novices Chase"	"4"	"5"	"Brooke, Henry"	"Ellison, B"	"2m5.5f "	"8"	"150"
"14:00:00"	"2023-10-03"	"Sedgefield"	"Eagle Prince (IRE)"	"10.00"	"13.8"	"Maiden Hurdle"	"1"	"11"	"Brooke, Henry"	"Ellison, B"	"2m1f "	"3"	"44"
"14:45:00"	"2023-09-30"	"Market Rasen"	"Finn Russell (IRE)"	"50.00"	"190.77"	"Hurdle"	"8"	"8"	"Todd, C J"	"Williams, Ian"	"2m.5f "	"3"	"41"
"14:00:00"	"2023-09-24"	"Plumpton"	"Gozo (IRE)"	"1.10"	"2.07"	"Hurdle"	"1"	"8"	"Quinlan, Jack"	"Brookhouse, B"	"2m1.5f "	"3"	"17"
"14:00:00"	"2023-09-24"	"Plumpton"	"Sir Raj (IRE)"	"3.33"	"5.1"	"Hurdle"	"3"	"8"	"Woods, K K"	"Pauling, Ben"	"2m1.5f "	"3"	"69"
"17:00:00"	"2023-09-12"	"Kelso"	"Noble Anthem (IRE)"	"2.25"	"3.65"	"Maiden Hurdle"	"2"	"7"	"Hughes, Brian"	"Keatley, Adrian Paul"	"2m "	"4"	"72"
"19:18:00"	"2023-09-06"	"Hexham"	"Top Decision (IRE)"	"16.00"	"21.33"	"Handicap Chase"	"5"	"10"	"Fox, Ned"	"Drinkwater, S W"	"3m1f "	"10"	"209"
"16:40:00"	"2023-08-30"	"Uttoxeter"	"Kingson (IRE)"	"150.00"	"598.31"	"Novices Hurdle"	"7"	"7"	"Armson, Philip"	"Forbes, A L"	"2m "	"7"	"15"
"13:20:00"	"2023-08-28"	"Cartmel"	"Rocco Storm (IRE)"	"33.00"	"54.88"	"Handicap Chase"	"8"	"11"	"Kington, John"	"Brooke, Daniel"	"2m1.5f "	"8"	"155"
"14:50:00"	"2023-08-26"	"Cartmel"	"Glory And Honour (IRE)"	"2.25"	"3.55"	"Handicap Novices Chase"	"1"	"4"	"England, Jonathan"	"England, Sam"	"2m1.5f "	"7"	"38"
"18:50:00"	"2023-08-24"	"Fontwell"	"Feach Amach (IRE)"	"25.00"	"46"	"Maiden Hurdle"	"5"	"8"	"Noonan, David G"	"Hawke, N J"	"2m2f "	"3"	"74"
"15:55:00"	"2023-08-04"	"Bangor"	"Irish Prophecy (IRE)"	"16.00"	"19.95"	"Handicap Chase"	"6"	"11"	"Anderson, Joe"	"Lavelle, Miss E C"	"3m "	"10"	"30"
"15:08:00"	"2023-08-03"	"Stratford"	"Ramz (IRE)"	"12.00"	"20.02"	"Maiden Hurdle"	"8"	"12"	"Bowen, Sean P"	"Murphy, Olly"	"2m1f "	"3"	"56"
"15:08:00"	"2023-08-03"	"Stratford"	"Texas Boy (IRE)"	"125.00"	"240"	"Maiden Hurdle"	"11"	"12"	"Best, J A"	"Hosie, Syd"	"2m1f "	"3"	"8"
"15:10:00"	"2023-01-31"	"Newcastle"	"Ballin Bay (IRE)"	"125.00"	"300"	"Novices Hurdle"	"6"	"10"	"Nichol, Craig"	"Robson, Miss P"	"2m5f "	"5"	"54"
"16:10:00"	"2023-01-29"	"Southwell"	"Clay Rogers (IRE)"	"18.00"	"24.69"	"Handicap Hurdle"	"1"	"6"	"Gregory, Fergus"	"Murphy, Olly"	"2m4.5f "	"8"	"515"
"13:25:00"	"2023-01-27"	"Huntingdon"	"Henry The Fifth (IRE)"	"150.00"	"231.21"	"Maiden Hurdle"	"PU"	"14"	"Powell, Brendan"	"Carson, Anthony"	"2m "	"5"	"21"
"14:35:00"	"2023-01-26"	"Wetherby"	"Prevaricate (IRE)"	"5.50"	"8.18"	"Handicap Chase"	"PU"	"5"	"Deutsch, Charlie"	"Williams, Miss Venetia"	"2m4.5f "	"7"	"312"
"14:15:00"	"2023-01-25"	"Catterick"	"Maketh Believeth (IRE)"	"33.00"	"78.93"	"Novices Hurdle"	"PU"	"15"	"Quinlan, Jack"	"Murphy, Amy"	"2m3.5f "	"5"	"40"
"14:00:00"	"2023-01-15"	"Kelso"	"Ebendi (IRE)"	"22.00"	"41.11"	"Novices Hurdle"	"PU"	"12"	"OFarrell, C"	"Wilson, A"	"2m.5f "	"6"	"193"
"14:40:00"	"2023-01-14"	"Kempton"	"Cobblers Dream (IRE)"	"20.00"	"24"	"Handicap Hurdle"	"PU"	"20"	"Quinlan, Jack"	"Case, B I"	"2m5f "	"7"	"39"
"14:50:00"	"2023-01-13"	"Sedgefield"	"Forpaddytheplumber (IRE)"	"10.00"	"15"	"Handicap Chase"	"PU"	"6"	"Hughes, Brian"	"McCain Jnr, D"	"3m3f "	"7"	"65"
"13:30:00"	"2023-01-13"	"Huntingdon"	"Police Academy (IRE)"	"7.00"	"10.5"	"Novices Hurdle"	"4"	"11"	"Jacob, Daryl"	"Sherwood, O"	"2m5f "	"6"	"43"
"13:00:00"	"2023-01-13"	"Huntingdon"	"Clongowes (IRE)"	"66.00"	"156.76"	"Handicap Hurdle"	"6"	"16"	"Sansom, Daniel"	"Steele, Daniel"	"2m4f "	"9"	"396"
"12:50:00"	"2023-01-13"	"Sedgefield"	"Calevade (IRE)"	"50.00"	"119.94"	"Maiden Hurdle"	"PU"	"9"	"McLernon, R P"	"Haslam, B M R"	"2m4f "	"7"	"925"
"15:00:00"	"2023-01-07"	"Sandown"	"Wishing And Hoping (IRE)"	"50.00"	"62.77"	"Handicap Chase"	"1"	"18"	"Edwards, Alex"	"Rowley, Melanie"	"3m.5f "	"13"	"35"
"13:30:00"	"2023-01-01"	"Exeter"	"Heresmax (IRE)"	"100.00"	"450"	"Novices Hurdle"	"11"	"14"	"Murtagh, Lorcan"	"Gundry, Miss Polly"	"2m1f "	"5"	"84"
"16:45:00"	"2022-10-29"	"Wetherby"	"Cash To Ash (IRE)"	"12.00"	"15"	"Handicap Chase"	"2"	"10"	"Midgley, Tom"	"Walford, Mark"	"3m.5f "	"9"	"208"
"13:45:00"	"2022-10-28"	"Wetherby"	"Loughderg Rocco (IRE)"	"16.00"	"15.53"	"Novices Chase"	"2"	"3"	"Wedge, Adam"	"Morgan, Miss Laura"	"3m.5f "	"6"	"210"
"14:40:00"	"2022-10-27"	"Stratford"	"Punches Cross (IRE)"	"66.00"	"117.89"	"Handicap Chase"	"4"	"7"	"McLernon, R P"	"ONeill, Jonjo and AJ"	"2m5f "	"9"	"562"
"16:20:00"	"2022-10-26"	"Chepstow"	"Reserve Tank (IRE)"	"5.00"	"7.5"	"Handicap Chase"	"PU"	"6"	"Bowen, Sean P"	"Bowen, Peter / Michael"	"3m.5f "	"8"	"171"
"14:18:00"	"2022-10-23"	"Ffos Las"	"Ballinsker (IRE)"	"12.00"	"14.5"	"Handicap Chase"	"UR"	"8"	"Williams, Isabel"	"Williams, Evan"	"2m3.5f "	"7"	"129"
"14:15:00"	"2022-10-16"	"Kempton"	"Hasty Parisian (IRE)"	"1.38"	"2.4"	"Handicap Novices Chase"	"5"	"5"	"Reed, Harry"	"Harris, M F"	"2m2f "	"4"	"176"
"13:40:00"	"2022-10-16"	"Kempton"	"Volenti (IRE)"	"80.00"	"150"	"Hurdle"	"4"	"7"	"Edwards, Lee"	"West, Adam"	"2m "	"3"	"12"
"13:30:00"	"2022-10-16"	"Sedgefield"	"Hulton Ranger (IRE)"	"50.00"	"154.99"	"Maiden Hurdle"	"PU"	"10"	"Hamilton, Jamie"	"Walford, Mark"	"2m.5f "	"3"	"33"
"13:30:00"	"2022-10-16"	"Sedgefield"	"Methinks (IRE)"	"80.00"	"210"	"Maiden Hurdle"	"UR"	"10"	"Harris, Bradley"	"Fell, R / Murray, S"	"2m.5f "	"3"	"39"
"14:40:00"	"2022-10-14"	"Fakenham"	"Rhubarb Bikini (IRE)"	"25.00"	"40"	"Novices Hurdle"	"PU"	"7"	"Houlihan, Niall F"	"Attwater, M J"	"2m.5f "	"5"	"39"
"14:05:00"	"2022-10-14"	"Fakenham"	"Spiritofthegames (IRE)"	"5.00"	"6.8"	"Handicap Chase"	"2"	"8"	"Skelton, Harry"	"Skelton, Daniel"	"3m1.5f "	"10"	"189"
"14:37:00"	"2022-10-11"	"Huntingdon"	"Mullenbeg (IRE)"	"0.15"	"1.19"	"Maiden Hurdle"	"2"	"4"	"Bastyan, Mitchell S"	"Harris, M F"	"2m3.5f "	"5"	"17"
"16:02:00"	"2022-10-08"	"Chepstow"	"Didtheyleaveuoutto (IRE)"	"12.00"	"15.6"	"Handicap Hurdle"	"4"	"10"	"Houlihan, Niall F"	"Gifford, N J"	"2m4f "	"9"	"49"
"15:04:00"	"2022-10-08"	"Hexham"	"Tiger Jet (IRE)"	"2.13"	"3.25"	"Handicap Hurdle"	"1"	"7"	"Brooke, Henry"	"Ellison, B"	"3m "	"6"	"55"
"13:35:00"	"2022-10-07"	"Chepstow"	"Innisfree Lad (IRE)"	"6.00"	"8.25"	"Handicap Chase"	"6"	"6"	"Hughes, Brian"	"Dennis, David"	"3m.5f "	"10"	"172"
"13:40:00"	"2022-10-05"	"Sedgefield"	"Yukon (IRE)"	"50.00"	"106.16"	"Maiden Hurdle"	"1"	"7"	"Jones, Charlotte"	"Moffatt, James"	"2m.5f "	"5"	"406"
"13:35:00"	"2022-10-03"	"Stratford"	"Lemon Ice (IRE)"	"14.00"	"19.86"	"Maiden Hurdle"	"3"	"7"	"McLernon, R P"	"Curran, S"	"2m1f "	"3"	"51"
"13:35:00"	"2022-10-03"	"Stratford"	"Power Generation (IRE)"	"200.00"	"929.33"	"Maiden Hurdle"	"5"	"7"	"Leonard, Cillin"	"Davies, Miss Sarah-Jayne"	"2m1f "	"3"	"100"
"13:25:00"	"2022-10-02"	"Kelso"	"Jackhammer (IRE)"	"25.00"	"37.88"	"Handicap Hurdle"	"4"	"8"	"OFarrell, C"	"Sayer, Mrs Dianne"	"2m.5f "	"8"	"10"
"15:25:00"	"2022-09-30"	"Fontwell"	"Ellencarne (IRE)"	"150.00"	"481.69"	"Hurdle"	"7"	"7"	"Noonan, David G"	"Gillard, Mark"	"2m2f "	"3"	"43"
"15:56:00"	"2022-09-29"	"Warwick"	"Somekindofstar (IRE)"	"3.33"	"5.13"	"Handicap Chase"	"1"	"5"	"Quinlan, Jack"	"Longsdon, C E"	"2m4f "	"9"	"131"
"14:46:00"	"2022-09-29"	"Warwick"	"Brief Times (IRE)"	"1.38"	"2.47"	"Handicap Novices Chase"	"2"	"3"	"Twiston-Davies, Sam"	"Mulholland, N P"	"2m.5f "	"6"	"173"
"13:35:00"	"2022-09-27"	"Sedgefield"	"My Brother Jack (IRE)"	"33.00"	"70"	"Maiden Hurdle"	"2"	"7"	"Quinlan, Sean"	"Pears, Ollie"	"2m.5f "	"3"	"39"
"13:35:00"	"2022-09-27"	"Sedgefield"	"Merlins Gold (IRE)"	"100.00"	"359.31"	"Maiden Hurdle"	"6"	"7"	"OFarrell, C"	"Hammond, Micky"	"2m.5f "	"3"	"28"
"17:00:00"	"2022-09-04"	"Fontwell"	"Spy Lady (IRE)"	"4.50"	"6.6"	"NH Flat"	"5"	"7"	"Jones, Kevin"	"Harris, M F"	"2m1.5f "	"6"	"17"
"15:30:00"	"2022-09-01"	"Sedgefield"	"Blue Sans (IRE)"	"1.25"	"2.39"	"Handicap Novices Chase"	"UR"	"3"	"Harrison, Liam"	"OBrien, Fergal"	"2m5f "	"7"	"41"
"14:50:00"	"2022-08-27"	"Cartmel"	"Gamigin (IRE)"	"6.50"	"8.81"	"Maiden Hurdle"	"7"	"9"	"Bowen, Sean P"	"Kelly, Noel C"	"2m1f "	"4"	"67"
"18:50:00"	"2022-08-24"	"Sedgefield"	"Calculus (IRE)"	"28.00"	"39.57"	"Novices Hurdle"	"5"	"5"	"Moscrop, Nathan"	"Ender, Miss S J"	"2m.5f "	"5"	"54"
"17:50:00"	"2022-08-22"	"Stratford"	"Flintstone (IRE)"	"1.63"	"2.92"	"Hurdle"	"1"	"4"	"Twiston-Davies, Sam"	"Twiston-Davies, N A"	"2m.5f "	"3"	"39"
"13:07:00"	"2022-08-20"	"Newton Abbot"	"Sydney Blues (IRE)"	"40.00"	"137.25"	"Novices Hurdle"	"3"	"11"	"Ring, C V"	"Williams, Evan"	"2m1f "	"5"	"29"
"13:07:00"	"2022-08-20"	"Newton Abbot"	"Duesenberg (IRE)"	"9.00"	"15.5"	"Novices Hurdle"	"4"	"11"	"Scudamore, Tom"	"Pipe, D E"	"2m1f "	"5"	"37"
"17:55:00"	"2022-08-18"	"Fontwell"	"Milldean Felix (IRE)"	"100.00"	"308.37"	"Maiden Hurdle"	"1"	"8"	"Price, Charlie"	"Woodman, Miss R"	"2m2f "	"6"	"196"
"14:00:00"	"2022-08-13"	"Perth"	"Willy Nilly (IRE)"	"25.00"	"36"	"Maiden Hurdle"	"8"	"11"	"Dowson, Thomas"	"Harrison, Miss L"	"2m.5f "	"5"	"301"
"14:00:00"	"2022-08-13"	"Perth"	"Propagation (IRE)"	"50.00"	"65.27"	"Maiden Hurdle"	"9"	"11"	"Willmott, Thomas"	"Sayer, Mrs Dianne"	"2m.5f "	"4"	"9"
"13:40:00"	"2022-01-31"	"Plumpton"	"Plymouth Rock (IRE)"	"250.00"	"746.86"	"Maiden Hurdle"	"9"	"10"	"Houlihan, Niall F"	"Carter, Lee"	"2m.5f "	"5"	"28"
"16:00:00"	"2022-01-23"	"Warwick"	"Moratorium (IRE)"	"6.50"	"9.09"	"Hunters Chase"	"2"	"5"	"Osborne, Myles"	"Osborne, M"	"3m "	"9"	"191"
"13:45:00"	"2022-01-22"	"Ascot"	"Ngolo (IRE)"	"25.00"	"30.9"	"Handicap Hurdle"	"7"	"11"	"Brogan, Kevin"	"Duffield, Mrs A"	"2m3.5f "	"7"	"35"
"15:30:00"	"2022-01-20"	"Ludlow"	"Unai (IRE)"	"20.00"	"30"	"Hunters Chase"	"5"	"11"	"Bailey, Henry"	"Clarke, Mrs Belinda"	"3m "	"7"	"204"
"14:45:00"	"2022-01-20"	"Wincanton"	"Age Of Wisdom (IRE)"	"40.00"	"80.1"	"Handicap Hurdle"	"PU"	"11"	"Moore, Jamie"	"Moore, Gary and Josh"	"2m4f "	"9"	"556"
"14:40:00"	"2022-01-16"	"Kelso"	"Battle Of Wills (IRE)"	"20.00"	"26"	"Handicap Hurdle"	"6"	"6"	"Bewley, Callum"	"Whillans, Ewan"	"2m.5f "	"6"	"3"
"15:30:00"	"2022-01-14"	"Huntingdon"	"Loud As Lions (IRE)"	"8.50"	"10.64"	"Handicap Chase"	"PU"	"9"	"Nailor, Jordan"	"Symonds, Tom"	"2m7.5f "	"9"	"708"
"13:00:00"	"2022-01-14"	"Huntingdon"	"Hit The Rocks (IRE)"	"11.00"	"15.25"	"Handicap Hurdle"	"11"	"13"	"Houlihan, Niall F"	"Moore, Gary and Josh"	"2m4f "	"7"	"241"
"13:15:00"	"2022-01-04"	"Hereford"	"Big Boy Bobby (IRE)"	"7.00"	"9.93"	"Maiden Hurdle"	"2"	"11"	"Cannon, Tom J"	"King, A"	"2m "	"4"	"81"
"13:20:00"	"2021-10-31"	"Lingfield"	"My Last Oscar (IRE)"	"2.25"	"3.42"	"Handicap Novices Hurdle"	"1"	"8"	"Bowen, James C"	"Martin, Miss Nicky"	"2m7f "	"6"	"232"
"16:15:00"	"2021-10-30"	"Wetherby"	"Storm Of Light (IRE)"	"11.00"	"16.5"	"Novices Hurdle"	"2"	"8"	"Gregory, Fergus"	"Murphy, Olly"	"2m4f "	"5"	"177"
"16:55:00"	"2021-10-29"	"Wetherby"	"Sameem (IRE)"	"66.00"	"140"	"Novices Hurdle"	"7"	"13"	"Moscrop, Nathan"	"Easterby, T D"	"2m "	"5"	"44"
"14:05:00"	"2021-10-29"	"Wetherby"	"Deluxe Range (IRE)"	"8.00"	"9.87"	"Novices Chase"	"4"	"4"	"Mania, Ryan"	"Thomson, A M"	"3m.5f "	"6"	"191"
"15:50:00"	"2021-10-28"	"Stratford"	"Valshan Time (IRE)"	"66.00"	"150"	"Handicap Hurdle"	"6"	"10"	"Bastyan, Mitchell S"	"Young, Mrs L J"	"2m3f "	"9"	"1185"
"13:20:00"	"2021-10-28"	"Ffos Las"	"The Guvnor (IRE)"	"11.00"	"13.57"	"Hurdle"	"5"	"9"	"Jacob, Daryl"	"Whittington, H"	"2m "	"3"	"29"
"13:55:00"	"2021-10-25"	"Ayr"	"Breaking Records (IRE)"	"66.00"	"170"	"Novices Hurdle"	"UR"	"9"	"Mulqueen, S"	"Barnes, M A"	"2m "	"6"	"119"
"13:00:00"	"2021-10-24"	"Wincanton"	"Undercover Agent (IRE)"	"250.00"	"949.89"	"Hurdle"	"6"	"7"	"Ffrench Davis, Mr Ben"	"Gillard, Mark"	"1m7f "	"3"	"20"
"16:29:00"	"2021-10-23"	"Kelso"	"Coolkill (IRE)"	"3.00"	"4.91"	"Handicap Chase"	"PU"	"8"	"Mania, Ryan"	"Thomson, A M"	"2m1f "	"7"	"184"
"15:54:00"	"2021-10-23"	"Kelso"	"Jackhammer (IRE)"	"14.00"	"21.04"	"Handicap Hurdle"	"3"	"12"	"McMenamin, Daniel"	"Sayer, Mrs Dianne"	"2m.5f "	"7"	"16"
"15:54:00"	"2021-10-23"	"Kelso"	"Smart Lass (IRE)"	"3.33"	"4.77"	"Handicap Hurdle"	"5"	"12"	"Brogan, Kevin"	"Jardine, I"	"2m.5f "	"6"	"16"
"13:55:00"	"2021-10-21"	"Carlisle"	"Glentruan (IRE)"	"3.33"	"5.9"	"Novices Hurdle"	"5"	"11"	"Sheehan, Gavin"	"Neville, Patrick"	"2m4f "	"6"	"7"
"17:05:00"	"2021-10-20"	"Worcester"	"Fair Frontieres (IRE)"	"1.25"	"2.43"	"Maiden Hurdle"	"1"	"8"	"Bass, David"	"Bailey, K C"	"2m7f "	"6"	"264"
"16:05:00"	"2021-10-17"	"Sedgefield"	"Fulbeck Girl (IRE)"	"28.00"	"42"	"Maiden Hurdle"	"PU"	"12"	"Bowen, Sean P"	"Morgan, Miss Laura"	"2m1f "	"4"	"115"
"14:20:00"	"2021-10-17"	"Sedgefield"	"Shamrock Wine (IRE)"	"10.00"	"13.5"	"Maiden Hurdle"	"5"	"6"	"Brown, Oakley"	"Ellison, B"	"2m1f "	"3"	"26"
"14:20:00"	"2021-10-17"	"Sedgefield"	"Lucy Rules (IRE)"	"33.00"	"58.75"	"Maiden Hurdle"	"PU"	"6"	"Anderson, Mr A"	"Sowersby, M E"	"2m1f "	"3"	"60"
"15:25:00"	"2021-10-16"	"Ffos Las"	"Remember The Man (IRE)"	"28.00"	"42"	"Handicap Hurdle"	"10"	"11"	"Quinlan, Jack"	"King, N B"	"3m "	"8"	"138"
"15:58:00"	"2021-10-15"	"Fakenham"	"Minella Encore (IRE)"	"1.75"	"2.92"	"Handicap Chase"	"1"	"4"	"Twiston-Davies, Sam"	"Newland, Dr R D P"	"3m1.5f "	"9"	"203"
"14:13:00"	"2021-10-15"	"Fakenham"	"Jack Ryan (IRE)"	"25.00"	"27.89"	"Novices Hurdle"	"3"	"4"	"Queally, T P"	"Ryan, J"	"2m.5f "	"4"	"4"
"15:30:00"	"2021-10-09"	"Chepstow"	"Gowel Road (IRE)"	"8.50"	"12.18"	"Handicap Hurdle"	"6"	"17"	"Twiston-Davies, Sam"	"Twiston-Davies, N A"	"2m4f "	"5"	"204"
"15:20:00"	"2021-10-08"	"Chepstow"	"Tinnahalla (IRE)"	"11.00"	"15.69"	"Handicap Hurdle"	"7"	"11"	"Coleman, A"	"Murphy, Olly"	"2m.5f "	"4"	"170"
"15:58:00"	"2021-10-07"	"Worcester"	"On The Bandwagon (IRE)"	"8.50"	"11.01"	"Novices Hurdle"	"3"	"6"	"McLernon, R P"	"ONeill, Jonjo and AJ"	"2m7.5f "	"6"	"233"
"13:15:00"	"2021-10-04"	"Stratford"	"Howdyalikemenow (IRE)"	"1.25"	"2.35"	"Novices Hurdle"	"1"	"9"	"Wedge, Adam"	"Williams, Evan"	"2m.5f "	"5"	"208"
"15:25:00"	"2021-10-02"	"Fontwell"	"Reallyradical (IRE)"	"7.50"	"11.06"	"Handicap Hurdle"	"1"	"9"	"Dixon, Jason"	"Gordon, C"	"3m2f "	"8"	"196"
"17:00:00"	"2021-09-28"	"Worcester"	"Matewan (IRE)"	"5.00"	"7"	"Handicap Hurdle"	"7"	"10"	"Scudamore, Tom"	"Best, Jim/Suzi"	"2m.5f "	"6"	"68"
"14:45:00"	"2021-09-25"	"Market Rasen"	"Von Melas (IRE)"	"125.00"	"510"	"Hurdle"	"5"	"7"	"Midgley, Tom"	"Easterby, M W"	"2m1.5f "	"3"	"9"
"13:55:00"	"2021-09-23"	"Perth"	"Olympus (IRE)"	"3.33"	"4.9"	"Maiden Hurdle"	"5"	"5"	"Brogan, Kevin"	"Neville, Patrick"	"2m.5f "	"3"	"63"
"15:40:00"	"2021-09-19"	"Plumpton"	"Babajan (IRE)"	"40.00"	"86.2"	"Hurdle"	"3"	"11"	"Quinlan, Jack"	"Murphy, Amy"	"2m1.5f "	"3"	"93"
"15:03:00"	"2021-09-17"	"Newton Abbot"	"Little Jessture (IRE)"	"8.00"	"11"	"Novices Hurdle"	"7"	"8"	"Jones, Ben R"	"Clarke, Ben"	"2m1f "	"5"	"31"
"13:35:00"	"2021-09-14"	"Fontwell"	"Storm Arcadio (IRE)"	"5.00"	"7.19"	"Handicap Hurdle"	"7"	"7"	"Bannister, Harry A A"	"Horsfall, Miss L"	"2m3.5f "	"5"	"65"
"16:35:00"	"2021-09-13"	"Worcester"	"Para Mio (IRE)"	"50.00"	"183.94"	"Maiden Hurdle"	"F"	"13"	"Obrien, P V"	"Brown, G"	"2m "	"6"	"216"
"18:20:00"	"2021-08-28"	"Cartmel"	"Hungry Tiger (IRE)"	"7.00"	"8.2"	"Handicap Hurdle"	"6"	"9"	"Bewley, Jonathon"	"Bewley, G T"	"2m1f "	"7"	"41"
"18:20:00"	"2021-08-26"	"Sedgefield"	"Supreme Yeats (IRE)"	"1.75"	"2.85"	"Handicap Novices Chase"	"PU"	"4"	"Wedge, Adam"	"Morgan, Miss Laura"	"3m3f "	"5"	"108"
"17:35:00"	"2021-08-23"	"Stratford"	"Sabre Jet (IRE)"	"12.00"	"17.2"	"Hurdle"	"5"	"11"	"Quinlan, Jack"	"Murphy, Amy"	"2m1f "	"3"	"19"
"17:05:00"	"2021-08-23"	"Stratford"	"Coldens Passion (IRE)"	"28.00"	"45.49"	"Hurdle"	"7"	"11"	"Powell, Brendan"	"Tizzard, C L"	"2m1f "	"3"	"39"
"17:05:00"	"2021-08-23"	"Stratford"	"Devious Dreamer (IRE)"	"22.00"	"36"	"Hurdle"	"PU"	"11"	"Bowen, James C"	"Quinn, Denis P"	"2m1f "	"3"	"42"
"15:55:00"	"2021-08-23"	"Stratford"	"Grenadier Guard (IRE)"	"250.00"	"682.91"	"Maiden Hurdle"	"10"	"11"	"Davies, James"	"Shaw, D"	"2m3.5f "	"5"	"35"
"19:05:00"	"2021-08-16"	"Bangor"	"Morraman (IRE)"	"6.50"	"9.8"	"Handicap Hurdle"	"4"	"7"	"McCain, Abbie"	"McCain Jnr, D"	"2m7f "	"8"	"30"
"15:35:00"	"2021-08-01"	"Market Rasen"	"Papal Count (IRE)"	"66.00"	"114.64"	"Handicap Hurdle"	"11"	"13"	"Cawley, A P"	"Hammond, Micky"	"2m3f "	"6"	"303"
"15:00:00"	"2021-08-01"	"Market Rasen"	"Dantes View (IRE)"	"7.50"	"8.9"	"Handicap Novices Hurdle"	"4"	"6"	"Cannon, Tom J"	"Baker, George"	"2m7.5f "	"5"	"26"
"16:25:00"	"2021-01-30"	"Doncaster"	"Step To The Top (IRE)"	"0.91"	"2.07"	"NH Flat"	"3"	"9"	"OBrien, T J"	"Williams, Noel"	"2m1f "	"6"	"322"
"12:40:00"	"2021-01-23"	"Ascot"	"Hooroo (IRE)"	"40.00"	"70.15"	"Hurdle"	"7"	"10"	"Bowen, Sean P"	"Murphy, Olly"	"2m "	"4"	"95"
"13:45:00"	"2021-01-18"	"Lingfield"	"Mobham (IRE)"	"150.00"	"455.38"	"NH Flat"	"7"	"11"	"Coleman, A"	"Jenkins, J R"	"2m "	"6"	"5"
"14:30:00"	"2021-01-13"	"Plumpton"	"Weststreet (IRE)"	"9.00"	"14.01"	"Handicap Chase"	"6"	"7"	"Beswick, Harrison"	"Sherwood, O"	"3m2f "	"11"	"46"
"13:30:00"	"2021-01-13"	"Plumpton"	"Loughan (IRE)"	"2.25"	"3.74"	"Maiden Hurdle"	"3"	"11"	"Skelton, Harry"	"Skelton, Daniel"	"2m.5f "	"6"	"64"
"12:50:00"	"2021-01-11"	"Hereford"	"Skating Away (IRE)"	"200.00"	"1000"	"Maiden Hurdle"	"PU"	"16"	"Kitts, Dylan"	"Hamer, Mrs D A"	"2m4f "	"5"	"443"
"12:25:00"	"2021-01-09"	"Wincanton"	"Dont Jump George (IRE)"	"50.00"	"168.31"	"Maiden Hurdle"	"12"	"16"	"Gillard, Fergus"	"Gillard, Mark"	"1m7.5f "	"6"	"33"
"12:50:00"	"2021-01-08"	"Lingfield"	"Lady Vera (IRE)"	"33.00"	"47.13"	"NH Flat"	"10"	"14"	"Ffrench Davis, Mr Ben"	"Brennan, F J"	"2m "	"6"	"113"
"12:48:00"	"2021-01-03"	"Plumpton"	"Twenty Twenty (IRE)"	"40.00"	"60"	"Novices Chase"	"1"	"7"	"Cheesman, Tom"	"Moore, Gary and Josh"	"2m4f "	"6"	"33"
"15:58:00"	"2020-10-29"	"Newton Abbot"	"Marley Firth (IRE)"	"3.50"	"6.31"	"Handicap Chase"	"5"	"8"	"Dingle, Rex"	"Plessis, Miss J Du"	"3m2f "	"8"	"234"
"15:32:00"	"2020-10-28"	"Fakenham"	"Uther Pendragon (IRE)"	"25.00"	"27"	"Handicap Hurdle"	"7"	"10"	"McGrath, Jeremiah"	"Moore, J S"	"2m.5f "	"5"	"25"
"13:50:00"	"2020-10-27"	"Chepstow"	"Hideaway Vic (IRE)"	"4.00"	"5.39"	"Handicap Novices Chase"	"5"	"6"	"Coleman, A"	"Honeyball, A J"	"3m2.5f "	"7"	"234"
"16:02:00"	"2020-10-25"	"Wincanton"	"Sing Out Loud (IRE)"	"14.00"	"30.58"	"Novices Hurdle"	"4"	"8"	"Kimber, Harry"	"Madgwick, M"	"1m7.5f "	"5"	"10"
"14:32:00"	"2020-10-25"	"Aintree"	"Jammy George (IRE)"	"8.00"	"10.65"	"Handicap Novices Chase"	"5"	"11"	"ONeill, Jonjo (Jr)"	"Whittington, H"	"3m1f "	"7"	"269"
"16:18:00"	"2020-10-24"	"Kelso"	"Get Help (IRE)"	"14.00"	"18.14"	"Handicap Novices Chase"	"7"	"10"	"Coltherd, Sam W"	"Coltherd, W S"	"2m1.5f "	"7"	"235"
"12:50:00"	"2020-10-24"	"Kelso"	"Trooper Turnbull (IRE)"	"5.50"	"12"	"Maiden Hurdle"	"2"	"10"	"OFarrell, C"	"Dobbin, Mrs R"	"2m.5f "	"6"	"300"
"17:20:00"	"2020-10-21"	"Hereford"	"Annie Moore (IRE)"	"50.00"	"91.46"	"NH Flat"	"8"	"9"	"Crosse, Dave"	"Loughnane, Daniel Mark"	"2m.5f "	"4"	"241"
"16:15:00"	"2020-10-21"	"Hereford"	"Miss Zip (IRE)"	"5.00"	"7.22"	"Handicap Chase"	"6"	"6"	"Ring, C V"	"Williams, Evan"	"3m1.5f "	"7"	"229"
"13:40:00"	"2020-10-20"	"Exeter"	"Wargrave (IRE)"	"7.00"	"14.5"	"Maiden Hurdle"	"2"	"9"	"Johnson, Richard"	"Baker, George"	"2m1f "	"4"	"84"
"13:40:00"	"2020-10-20"	"Exeter"	"Simple Words (IRE)"	"80.00"	"310"	"Maiden Hurdle"	"PU"	"9"	"Frost, Bryony"	"Frost, J D"	"2m1f "	"4"	"385"
"17:10:00"	"2020-10-18"	"Sedgefield"	"Elysees (IRE)"	"4.00"	"5.58"	"Handicap Hurdle"	"2"	"13"	"Brace, Connor"	"OBrien, Fergal"	"2m4f "	"5"	"39"
"16:00:00"	"2020-10-18"	"Sedgefield"	"Highland Sky (IRE)"	"3.50"	"5.89"	"Maiden Hurdle"	"PU"	"12"	"Hughes, Brian"	"Ellison, B"	"2m1f "	"5"	"424"
"14:15:00"	"2020-10-18"	"Sedgefield"	"Wrightia (IRE)"	"50.00"	"130"	"Maiden Hurdle"	"PU"	"8"	"Brooke, Henry"	"Pears, Ollie"	"2m1f "	"3"	"32"
"13:15:00"	"2020-10-18"	"Kempton"	"Cant Stop Now (IRE)"	"12.00"	"25"	"Hurdle"	"3"	"8"	"Scholfield, Nick"	"Gordon, C"	"2m "	"3"	"126"
"15:21:00"	"2020-10-17"	"Market Rasen"	"Drumconnor Lad (IRE)"	"22.00"	"34"	"Handicap Hurdle"	"9"	"9"	"Gillard, Mr T"	"Keatley, Adrian Paul"	"2m5.5f "	"10"	"217"
"16:10:00"	"2020-10-16"	"Fakenham"	"Debbonair (IRE)"	"100.00"	"316.45"	"Novices Hurdle"	"6"	"10"	"Powell, Brendan"	"Brennan, F J"	"2m.5f "	"4"	"256"
"14:23:00"	"2020-10-16"	"Uttoxeter"	"Kingsplace (IRE)"	"12.00"	"13"	"Handicap Hurdle"	"6"	"13"	"Bellamy, Tom"	"Twiston-Davies, N A"	"3m "	"8"	"251"
"14:10:00"	"2020-10-15"	"Wincanton"	"Antidote (IRE)"	"66.00"	"111.51"	"Maiden Hurdle"	"5"	"10"	"Frost, Bryony"	"Frost, J D"	"1m7.5f "	"4"	"408"
"13:52:00"	"2020-10-14"	"Wetherby"	"Silver Desert (IRE)"	"150.00"	"534.06"	"Hurdle"	"PU"	"10"	"Smith, Becky"	"Hammond, Micky"	"2m "	"3"	"16"
"15:45:00"	"2020-10-11"	"Newton Abbot"	"Oscar Asche (IRE)"	"3.00"	"4.1"	"Handicap Novices Chase"	"PU"	"6"	"Wedge, Adam"	"Curtis, Miss Rebecca"	"3m2f "	"6"	"218"
"16:05:00"	"2020-10-02"	"Hexham"	"Hot Gossip (IRE)"	"25.00"	"49.81"	"Handicap Novices Chase"	"PU"	"14"	"OFarrell, C"	"Sayer, Mrs Dianne"	"3m.5f "	"6"	"295"
"13:45:00"	"2020-10-02"	"Hexham"	"Fostered Phil (IRE)"	"0.73"	"1.8"	"Novices Hurdle"	"5"	"12"	"Hughes, Brian"	"Ewart, J P L"	"2m.5f "	"6"	"17"
"15:55:00"	"2020-09-30"	"Bangor"	"Orchestrated (IRE)"	"66.00"	"124.92"	"Handicap Chase"	"6"	"9"	"Brooke, Miss L"	"Brooke, Lady Susan"	"3m.5f "	"9"	"392"
"16:10:00"	"2020-09-29"	"Sedgefield"	"Honourary Gift (IRE)"	"3.00"	"5.12"	"Handicap Chase"	"UR"	"8"	"McDonald, Rachael"	"Ewart, J P L"	"2m.5f "	"7"	"25"
"15:00:00"	"2020-09-29"	"Sedgefield"	"Millie The Minx (IRE)"	"4.50"	"6.2"	"Handicap Novices Chase"	"3"	"12"	"OFarrell, C"	"Sayer, Mrs Dianne"	"2m5f "	"6"	"9"
"13:50:00"	"2020-09-29"	"Sedgefield"	"Genever Dragon (IRE)"	"16.00"	"29"	"Maiden Hurdle"	"1"	"8"	"Brooke, Henry"	"McCain Jnr, D"	"2m1f "	"3"	"74"
"17:10:00"	"2020-09-28"	"Newton Abbot"	"Princess Roania (IRE)"	"66.00"	"149.79"	"Handicap Novices Hurdle"	"6"	"8"	"Nolan, Michael G"	"Gray, C J"	"3m2.5f "	"9"	"953"
"14:40:00"	"2020-09-28"	"Newton Abbot"	"Janus (IRE)"	"50.00"	"113.35"	"Novices Hurdle"	"4"	"7"	"Bastyan, Mitchell S"	"Harris, M F"	"2m1f "	"5"	"14"
"16:35:00"	"2020-09-24"	"Perth"	"Globetrotter (IRE)"	"12.00"	"15.11"	"Handicap Hurdle"	"4"	"11"	"Brooke, Henry"	"Brooke, Daniel"	"2m.5f "	"6"	"29"
"15:25:00"	"2020-09-24"	"Perth"	"Evolutionary (IRE)"	"125.00"	"328.42"	"Novices Hurdle"	"PU"	"9"	"OFarrell, C"	"Jardine, I"	"2m.5f "	"4"	"23"
"13:45:00"	"2020-09-24"	"Perth"	"Red Missile (IRE)"	"2.50"	"3.95"	"Maiden Hurdle"	"3"	"6"	"Campbell, Blair"	"Russell, Miss Lucinda V"	"2m.5f "	"3"	"50"
"16:20:00"	"2020-09-21"	"Warwick"	"Dorado Dollar (IRE)"	"10.00"	"14"	"Handicap Hurdle"	"3"	"17"	"Woods, K K"	"Case, B I"	"3m1.5f "	"6"	"28"
"14:20:00"	"2020-09-20"	"Plumpton"	"Zarrar (IRE)"	"7.50"	"10"	"Maiden Hurdle"	"1"	"8"	"Scholfield, Nick"	"Guest, Rae"	"2m1.5f "	"5"	"192"
"15:40:00"	"2020-09-16"	"Kelso"	"Snowed In (IRE)"	"22.00"	"35.51"	"Handicap Hurdle"	"7"	"10"	"Quinlan, Sean"	"Butterworth, Mrs B"	"2m2f "	"11"	"199"
"13:30:00"	"2020-09-09"	"Uttoxeter"	"Global Wonder (IRE)"	"16.00"	"24.4"	"Handicap Hurdle"	"3"	"15"	"Tudor, Jack"	"Best, Jim/Suzi"	"2m "	"5"	"205"
"15:10:00"	"2020-09-07"	"Perth"	"Ratfacemcdougall (IRE)"	"4.00"	"5.93"	"Handicap Hurdle"	"7"	"10"	"Kendrick, Max J P"	"McPherson, Graeme P"	"3m.5f "	"7"	"235"
"16:30:00"	"2020-09-04"	"Sedgefield"	"Operatic Export (IRE)"	"1.00"	"2.11"	"Novices Hurdle"	"1"	"6"	"Hughes, Brian"	"Newland, Dr R D P"	"2m1f "	"4"	"18"
"17:30:00"	"2020-09-03"	"Southwell"	"The Trendy Man (IRE)"	"66.00"	"125.74"	"Hurdle"	"UR"	"9"	"Heard, Liam"	"OMeara, D"	"2m "	"3"	"16"
"13:50:00"	"2020-09-02"	"Uttoxeter"	"Another Tuco (IRE)"	"7.00"	"11.46"	"Handicap Novices Chase"	"PU"	"12"	"Johnson, Richard"	"Greatrex, W J"	"2m4f "	"7"	"180"
"13:15:00"	"2020-09-02"	"Uttoxeter"	"Quivvy Lough (IRE)"	"100.00"	"252.42"	"Handicap Hurdle"	"1"	"16"	"Leonard, Cillin"	"Coulson, Jake Thomas"	"2m7.5f "	"6"	"41"
"16:25:00"	"2020-09-01"	"Newton Abbot"	"Smarter (IRE)"	"6.50"	"10.32"	"Maiden Hurdle"	"5"	"9"	"Wedge, Adam"	"Lavelle, Miss E C"	"2m3f "	"4"	"335"
"16:25:00"	"2020-08-30"	"Perth"	"Vinos Choice (IRE)"	"5.50"	"8.8"	"Handicap Hurdle"	"4"	"14"	"Campbell, Blair"	"Russell, Miss Lucinda V"	"2m.5f "	"8"	"40"
"13:30:00"	"2020-08-30"	"Perth"	"Modakhar (IRE)"	"25.00"	"49.51"	"Novices Hurdle"	"5"	"9"	"Mulqueen, S"	"Scott, Miss Katie"	"2m.5f "	"4"	"17"
"14:45:00"	"2020-08-28"	"Fontwell"	"Kilbrew Boy (IRE)"	"12.00"	"14.88"	"Handicap Hurdle"	"4"	"9"	"Woods, K K"	"Case, B I"	"3m2f "	"7"	"167"
"15:50:00"	"2020-08-24"	"Southwell"	"Divine Gift (IRE)"	"12.00"	"21"	"Novices Hurdle"	"3"	"8"	"OFarrell, C"	"Jardine, I"	"2m "	"4"	"50"
"15:20:00"	"2020-08-24"	"Southwell"	"Foylesideview (IRE)"	"150.00"	"586.13"	"Novices Hurdle"	"PU"	"9"	"Pinchin, Miss L M"	"Chisman, Harry"	"2m "	"8"	"1234"
"14:45:00"	"2020-08-22"	"Uttoxeter"	"Land League (IRE)"	"14.00"	"19.51"	"Handicap Hurdle"	"6"	"13"	"Gethings, Ciaran"	"Edmunds, Stuart"	"2m4.5f "	"9"	"261"
"16:10:00"	"2020-08-19"	"Stratford"	"Coby Nine (IRE)"	"4.50"	"7"	"Handicap Novices Hurdle"	"2"	"8"	"Powell, Brendan"	"Bridgwater, D G"	"2m3.5f "	"7"	"294"
"15:35:00"	"2020-08-19"	"Stratford"	"North Star Oscar (IRE)"	"3.33"	"4.9"	"Handicap Hurdle"	"2"	"8"	"Heskin, A P"	"Greatrex, W J"	"3m3.5f "	"6"	"249"
"14:35:00"	"2020-08-19"	"Stratford"	"Sarasota Star (IRE)"	"14.00"	"18.19"	"Handicap Hurdle"	"3"	"13"	"Best, J A"	"Keighley, M"	"2m1f "	"4"	"174"
"13:45:00"	"2020-08-18"	"Fontwell"	"Miniature Daffodil (IRE)"	"300.00"	"995.26"	"Novices Hurdle"	"11"	"12"	"Fuller, Page"	"Davis, Miss J S"	"2m3f "	"5"	"183"
"17:10:00"	"2020-08-17"	"Uttoxeter"	"Sandford Castle (IRE)"	"14.00"	"17.22"	"Handicap Chase"	"PU"	"9"	"Dunne, R T"	"Farrelly, Johnny"	"2m6.5f "	"10"	"159"
"15:10:00"	"2020-08-17"	"Uttoxeter"	"Sebastian Beach (IRE)"	"25.00"	"34"	"Handicap Hurdle"	"PU"	"13"	"Morgan, Luca"	"Pauling, Ben"	"3m "	"9"	"38"
"12:00:00"	"2020-08-16"	"Market Rasen"	"Mr Nice Guy (IRE)"	"16.00"	"22"	"Novices Hurdle"	"4"	"5"	"McGrath, Jeremiah"	"Hobson, Miss Clare"	"2m6f "	"4"	"32"
"13:15:00"	"2020-08-10"	"Southwell"	"Thomas Shelby (IRE)"	"3.00"	"4.13"	"Handicap Chase"	"3"	"9"	"Bowen, James C"	"Bailey, Mrs Caroline"	"3m1f "	"9"	"25"
"13:15:00"	"2020-08-10"	"Southwell"	"Shady Oaks (IRE)"	"10.00"	"12.5"	"Handicap Chase"	"PU"	"9"	"Todd, C J"	"Pogson, C T"	"3m1f "	"7"	"27"
"12:15:00"	"2020-08-07"	"Cartmel"	"Fraterculus (IRE)"	"4.50"	"5.86"	"Hurdle"	"4"	"8"	"Brennan, P J"	"Greenall, O / Guerriero, J"	"2m1.5f "	"3"	"40"
"16:15:00"	"2020-08-06"	"Stratford"	"Snow Leopard (IRE)"	"100.00"	"297.67"	"Novices Hurdle"	"5"	"13"	"Dunne, R T"	"Carroll, A W"	"2m.5f "	"4"	"19"
"13:15:00"	"2020-08-05"	"Newton Abbot"	"Flying Focus (IRE)"	"100.00"	"150"	"Novices Hurdle"	"4"	"10"	"Jones, Kevin"	"Harris, M F"	"2m5.5f "	"5"	"14"
"20:30:00"	"2020-08-04"	"Southwell"	"Kabrit (IRE)"	"11.00"	"17.52"	"Handicap Hurdle"	"2"	"16"	"OBrien, T J"	"Ralph, Alastair"	"2m "	"5"	"285"
"19:30:00"	"2020-08-04"	"Southwell"	"Hermanus (IRE)"	"20.00"	"24.61"	"Handicap Hurdle"	"PU"	"11"	"Brooke, Henry"	"Keniry, Stef"	"2m5f "	"8"	"180"
"18:30:00"	"2020-08-04"	"Southwell"	"El Borracho (IRE)"	"2.75"	"3.89"	"Maiden Hurdle"	"1"	"14"	"Brooke, Henry"	"Greenall, O / Guerriero, J"	"2m "	"5"	"19"
"16:55:00"	"2020-08-04"	"Southwell"	"Scartare (IRE)"	"5.00"	"7.4"	"Handicap Chase"	"3"	"11"	"Poste, Ben J"	"Gasson, Mrs Rosemary"	"2m5f "	"9"	"21"
"15:55:00"	"2020-01-30"	"Wincanton"	"Kelvingrove (IRE)"	"25.00"	"33"	"Hunters Chase"	"PU"	"6"	"OBrien, Mr T M"	"Leyshon, Andrew"	"3m1.5f "	"10"	"259"
"14:00:00"	"2020-01-27"	"Plumpton"	"Shanroe Smooch (IRE)"	"9.00"	"12.01"	"Handicap Novices Chase"	"5"	"8"	"Noonan, David G"	"Ford, Richenda"	"2m1.5f "	"7"	"23"
"15:55:00"	"2020-01-24"	"Doncaster"	"Drumlee City (IRE)"	"16.00"	"28.54"	"Handicap Hurdle"	"PU"	"14"	"Colliver, J"	"Brooke, Julia"	"3m.5f "	"8"	"680"
"14:25:00"	"2020-01-24"	"Doncaster"	"Red Archangel (IRE)"	"100.00"	"322.08"	"Hurdle"	"5"	"9"	"Twiston-Davies, Sam"	"Spencer, Richard"	"2m.5f "	"4"	"26"
"15:15:00"	"2020-01-22"	"Warwick"	"Kashmir Peak (IRE)"	"14.00"	"20.73"	"Hunters Chase"	"2"	"4"	"Andrews, Jack"	"Hill, Alan"	"3m "	"11"	"1216"
"13:30:00"	"2020-01-20"	"Newcastle"	"Bannockburn (IRE)"	"100.00"	"527.58"	"Maiden Hurdle"	"PU"	"9"	"Willmott, Thomas"	"Graham, Harriet/Rutherford, Gary"	"2m.5f "	"4"	"90"
"14:25:00"	"2020-01-19"	"Ayr"	"Donnas Delight (IRE)"	"2.00"	"3.2"	"Handicap Chase"	"1"	"7"	"Mania, Ryan"	"Thomson, A M"	"3m3.5f "	"9"	"50"
"14:45:00"	"2020-01-08"	"Ludlow"	"Aquila Sky (IRE)"	"16.00"	"30"	"Maiden Hurdle"	"8"	"15"	"Bowen, Sean P"	"Fry, Harry"	"2m5.5f "	"5"	"62"
"13:45:00"	"2020-01-08"	"Ludlow"	"Treasure Dillon (IRE)"	"2.75"	"3.93"	"Handicap Hurdle"	"F"	"6"	"Wedge, Adam"	"Williams, Evan"	"3m "	"6"	"53"
"14:25:00"	"2020-01-06"	"Chepstow"	"Hidden Cargo (IRE)"	"11.00"	"13.5"	"Handicap Novices Chase"	"PU"	"16"	"Bryan, Mr P"	"Hamer, Mrs D A"	"2m7.5f "	"8"	"542"
"12:40:00"	"2020-01-05"	"Plumpton"	"White Chocolate (IRE)"	"14.00"	"47.2"	"Novices Hurdle"	"3"	"9"	"Sansom, Daniel"	"Mullins, J W"	"2m "	"6"	"153"
"12:15:00"	"2020-01-04"	"Sandown"	"Zarafshan (IRE)"	"9.00"	"12.43"	"Hurdle"	"F"	"4"	"Wedge, Adam"	"Lavelle, Miss E C"	"2m "	"4"	"113"
"15:00:00"	"2020-01-03"	"Musselburgh"	"Mahlervous (IRE)"	"4.50"	"6.6"	"Beginners Chase"	"2"	"3"	"Heskin, A P"	"Greatrex, W J"	"2m5.5f "	"7"	"265"
"13:40:00"	"2020-01-03"	"Hereford"	"Precision Prince (IRE)"	"25.00"	"36.88"	"Maiden Hurdle"	"8"	"10"	"Kennedy, W T"	"Loughnane, Daniel Mark"	"2m1f "	"4"	"185"
"14:35:00"	"2020-01-01"	"Cheltenham"	"Whos My Jockey (IRE)"	"10.00"	"13.64"	"Handicap Hurdle"	"7"	"12"	"Jones, Ben R"	"Hobson, Richard"	"3m.5f "	"7"	"214"
"14:10:00"	"2019-10-30"	"Fakenham"	"Kalaya (IRE)"	"33.00"	"75"	"Hurdle"	"7"	"9"	"Bass, David"	"Brennan, F J"	"2m.5f "	"3"	"76"
"13:00:00"	"2019-10-27"	"Wincanton"	"Stowaway Magic (IRE)"	"33.00"	"66.79"	"Handicap Hurdle"	"12"	"17"	"Jones, Kevin"	"Humphrey, Mrs S J"	"2m5.5f "	"8"	"171"
"15:35:00"	"2019-10-26"	"Kelso"	"Titus Bolt (IRE)"	"12.00"	"16.61"	"Handicap Hurdle"	"3"	"14"	"Lynn, Bruce"	"Jardine, I"	"2m.5f "	"10"	"500"
"15:35:00"	"2019-10-26"	"Kelso"	"Mercers Troop (IRE)"	"50.00"	"116.34"	"Handicap Hurdle"	"11"	"14"	"Powell, Brendan"	"Whillans, A C"	"2m.5f "	"4"	"82"
"15:35:00"	"2019-10-26"	"Kelso"	"Fourth Of July (IRE)"	"40.00"	"99.8"	"Handicap Hurdle"	"PU"	"14"	"Coltherd, Sam W"	"Smith, R Michael"	"2m.5f "	"4"	"163"
"15:00:00"	"2019-10-26"	"Kelso"	"Dandy Dan (IRE)"	"1.50"	"2.63"	"Handicap Chase"	"2"	"7"	"Curtis, Ned"	"Bailey, K C"	"3m2.5f "	"6"	"196"
"14:00:00"	"2019-10-26"	"Cheltenham"	"The Conditional (IRE)"	"14.00"	"16.71"	"Handicap Chase"	"1"	"15"	"Cannon, Tom J"	"Bridgwater, D G"	"3m1.5f "	"7"	"29"
"15:10:00"	"2019-10-25"	"Cheltenham"	"Treasure Dillon (IRE)"	"16.00"	"19.43"	"Handicap Hurdle"	"3"	"17"	"Wedge, Adam"	"Williams, Evan"	"2m5.5f "	"5"	"218"
"16:10:00"	"2019-10-21"	"Plumpton"	"Shambra (IRE)"	"6.00"	"8.4"	"Handicap Hurdle"	"1"	"6"	"Tissier, Maxime"	"Wadham, Mrs L"	"2m4.5f "	"5"	"132"
"15:35:00"	"2019-10-20"	"Sedgefield"	"Spark of War (IRE)"	"20.00"	"29"	"Maiden Hurdle"	"7"	"12"	"Nichol, Craig"	"Dalgleish, Keith"	"2m1f "	"4"	"27"
"15:05:00"	"2019-10-20"	"Sedgefield"	"Western Ryder (IRE)"	"1.20"	"2.54"	"Beginners Chase"	"3"	"5"	"Johnson, Richard"	"Greatrex, W J"	"2m3.5f "	"7"	"219"
"14:30:00"	"2019-10-20"	"Sedgefield"	"Robeam (IRE)"	"1.63"	"2.74"	"Maiden Hurdle"	"1"	"8"	"Cook, Danny"	"Ellison, B"	"2m1f "	"3"	"36"
"14:30:00"	"2019-10-20"	"Sedgefield"	"Smashing Lass (IRE)"	"50.00"	"140"	"Maiden Hurdle"	"7"	"8"	"Day, Ryan D"	"Sowersby, M E"	"2m1f "	"3"	"34"
"14:30:00"	"2019-10-20"	"Sedgefield"	"Soloist (IRE)"	"2.50"	"3.8"	"Maiden Hurdle"	"PU"	"8"	"Hughes, Brian"	"Dalgleish, Keith"	"2m1f "	"3"	"23"
"14:15:00"	"2019-10-20"	"Kempton"	"Motashakel (IRE)"	"11.00"	"16.5"	"Hurdle"	"4"	"8"	"Wedge, Adam"	"Williams, Evan"	"2m "	"3"	"119"
"15:35:00"	"2019-10-19"	"Ffos Las"	"Sensulano (IRE)"	"7.00"	"11"	"Novices Chase"	"2"	"7"	"Brennan, P J"	"Williams, Noel"	"2m5f "	"6"	"245"
"16:55:00"	"2019-10-18"	"Uttoxeter"	"Carlo Rocks (IRE)"	"3.50"	"5.14"	"Handicap Chase"	"4"	"8"	"Bowen, Sean P"	"Bailey, Mrs Caroline"	"3m.5f "	"9"	"209"
"16:25:00"	"2019-10-17"	"Wincanton"	"Dark Episode (IRE)"	"7.00"	"9"	"Handicap Hurdle"	"2"	"16"	"Nolan, Michael G"	"Hobbs, P J / White, J"	"2m5.5f "	"5"	"190"
"14:20:00"	"2019-10-16"	"Wetherby"	"Blazing Dreams (IRE)"	"6.00"	"12"	"Hurdle"	"6"	"8"	"McLernon, R P"	"Haslam, B M R"	"2m "	"3"	"21"
"13:50:00"	"2019-10-16"	"Wetherby"	"Frankadore (IRE)"	"4.00"	"5.5"	"Hurdle"	"4"	"10"	"Sheehan, Gavin"	"Snowden, Jamie"	"2m "	"3"	"82"
"15:50:00"	"2019-10-15"	"Huntingdon"	"Bartholomew J (IRE)"	"10.00"	"11.27"	"Handicap Hurdle"	"BD"	"11"	"Coleman, A"	"Pearce, Mrs Lydia"	"2m "	"5"	"5"
"14:00:00"	"2019-10-15"	"Hereford"	"Hahadi (IRE)"	"7.00"	"10.5"	"Handicap Hurdle"	"8"	"14"	"Twiston-Davies, Sam"	"Dennis, David"	"2m6f "	"7"	"146"
"17:00:00"	"2019-10-11"	"Chepstow"	"Troubled Soul (IRE)"	"3.50"	"5"	"Handicap Chase"	"3"	"5"	"Brennan, P J"	"OBrien, Fergal"	"2m7.5f "	"10"	"168"
"17:30:00"	"2019-10-06"	"Kelso"	"Wind Of Hope (IRE)"	"12.00"	"20"	"Handicap Hurdle"	"5"	"13"	"Williamson, Joseph"	"Whillans, A C"	"2m5f "	"10"	"507"
"16:45:00"	"2019-10-06"	"Uttoxeter"	"Moores Novelty (IRE)"	"0.62"	"1.71"	"Handicap Chase"	"F"	"11"	"Skelton, Harry"	"Skelton, Daniel"	"2m7f "	"7"	"144"
"16:10:00"	"2019-10-06"	"Uttoxeter"	"Very Extravagant (IRE)"	"8.00"	"12"	"Handicap Hurdle"	"6"	"9"	"Best, J A"	"Walford, Robert"	"2m7.5f "	"10"	"193"
"14:40:00"	"2019-10-06"	"Uttoxeter"	"Masters Apprentice (IRE)"	"50.00"	"79.35"	"Maiden Hurdle"	"1"	"12"	"Hamilton, Jamie"	"Walford, Mark"	"2m "	"4"	"19"
"14:20:00"	"2019-10-06"	"Kelso"	"Drums Of War (IRE)"	"18.00"	"23"	"Handicap Hurdle"	"7"	"9"	"OBrien, T J"	"Grant, C"	"2m.5f "	"7"	"303"
"17:15:00"	"2019-10-04"	"Fontwell"	"Ramore Will (IRE)"	"6.50"	"7.77"	"Handicap Hurdle"	"2"	"4"	"Cannon, Tom J"	"Gordon, C"	"3m2f "	"8"	"145"
"16:00:00"	"2019-10-04"	"Hexham"	"Carrigmoorna Matt (IRE)"	"5.00"	"7"	"Handicap Hurdle"	"6"	"8"	"Smith-Chaston, Emma"	"Smith, Paula"	"2m4f "	"8"	"176"
"15:40:00"	"2019-10-03"	"Warwick"	"Lisdoonvarna Lad (IRE)"	"4.00"	"5.57"	"Handicap Hurdle"	"5"	"11"	"Coleman, A"	"Longsdon, C E"	"2m5f "	"7"	"222"
"14:35:00"	"2019-10-03"	"Warwick"	"True Thoughts (IRE)"	"100.00"	"1000"	"Maiden Hurdle"	"PU"	"11"	"Dunne, R T"	"Young, Mrs L J"	"2m5f "	"4"	"133"
"14:35:00"	"2019-10-02"	"Huntingdon"	"Golconda Prince (IRE)"	"100.00"	"550"	"Novices Hurdle"	"5"	"8"	"Houlihan, Sean M"	"Pattinson, Mark"	"2m "	"5"	"60"
"13:35:00"	"2019-10-02"	"Huntingdon"	"Dandy Belle (IRE)"	"150.00"	"899.73"	"Hurdle"	"11"	"14"	"McLernon, R P"	"Ford, Richenda"	"2m "	"3"	"54"
"13:35:00"	"2019-10-02"	"Huntingdon"	"Prefontaine (IRE)"	"1.63"	"2.79"	"Hurdle"	"UR"	"14"	"ONeill, Jonjo (Jr)"	"ONeill, Jonjo and AJ"	"2m "	"3"	"88"
"16:00:00"	"2019-09-28"	"Market Rasen"	"Storm Rising (IRE)"	"6.50"	"10.5"	"Handicap Hurdle"	"13"	"13"	"Hammond, Charlie"	"Newland, Dr R D P"	"2m1.5f "	"6"	"143"
"17:15:00"	"2019-09-18"	"Kelso"	"Newstart (IRE)"	"9.00"	"10.26"	"Handicap Hurdle"	"10"	"14"	"Mulqueen, S"	"Scott, Miss Katie"	"2m2.5f "	"8"	"166"
"16:20:00"	"2019-09-16"	"Worcester"	"Affluence (IRE)"	"4.50"	"7"	"Maiden Hurdle"	"7"	"14"	"Aspell, Leighton"	"Smith, Martin"	"2m.5f "	"4"	"13"
"14:05:00"	"2019-09-11"	"Uttoxeter"	"Crindle Carr (IRE)"	"100.00"	"350.77"	"Handicap Hurdle"	"PU"	"15"	"Anderson, Mr A"	"Conway, Sean"	"3m "	"5"	"20"
"16:10:00"	"2019-09-09"	"Perth"	"California Soul (IRE)"	"40.00"	"89.53"	"Handicap Hurdle"	"7"	"12"	"Nichol, Craig"	"Dobbin, Mrs R"	"2m.5f "	"8"	"670"
"14:40:00"	"2019-09-08"	"Fontwell"	"Hypnos (IRE)"	"12.00"	"17.5"	"Hurdle"	"5"	"7"	"England, David"	"Murphy, Olly"	"2m1.5f "	"3"	"138"
"17:40:00"	"2019-09-07"	"Stratford"	"Major Caballo (IRE)"	"50.00"	"206.48"	"NH Flat"	"6"	"6"	"Morgan, Luca"	"Farrelly, Johnny"	"2m1f "	"5"	"61"
"14:15:00"	"2019-09-07"	"Stratford"	"Painted Cliffs (IRE)"	"25.00"	"168.02"	"Novices Hurdle"	"4"	"9"	"Noonan, David G"	"Gretton, T R "	"2m1f "	"6"	"1455"
"14:50:00"	"2019-09-04"	"Uttoxeter"	"Cougar Kid (IRE)"	"16.00"	"21"	"Handicap Hurdle"	"8"	"8"	"Hampson, Brodie"	"Oshea, J G M"	"2m4.5f "	"8"	"54"
"16:15:00"	"2019-08-31"	"Newton Abbot"	"Can You Believe It (IRE)"	"5.00"	"7.03"	"Handicap Hurdle"	"1"	"16"	"Griffiths, Matt"	"Martin, Miss Nicky"	"2m6f "	"6"	"10"
"13:55:00"	"2019-08-31"	"Newton Abbot"	"Meaghers Flag (IRE)"	"40.00"	"60"	"Novices Hurdle"	"7"	"11"	"Heskin, A P"	"Leech, Mrs S"	"2m1f "	"4"	"68"
"13:50:00"	"2019-08-30"	"Bangor"	"Lilypad (IRE)"	"20.00"	"28"	"Maiden Hurdle"	"7"	"8"	"Quinlan, Jack"	"Murphy, Amy"	"2m.5f "	"4"	"80"
"19:20:00"	"2019-08-29"	"Sedgefield"	"Dont Do It (IRE)"	"33.00"	"71.82"	"Novices Hurdle"	"5"	"6"	"Day, Ryan D"	"Sowersby, M E"	"2m3f "	"4"	"63"
"17:50:00"	"2019-08-29"	"Sedgefield"	"Armandihan (IRE)"	"3.00"	"4.3"	"Novices Hurdle"	"1"	"10"	"Hughes, Brian"	"Ryan, K A"	"2m "	"5"	"48"
"17:50:00"	"2019-08-29"	"Sedgefield"	"Khitaamy (IRE)"	"125.00"	"495.6"	"Novices Hurdle"	"9"	"10"	"Chapman, Ross"	"Jackson, Miss T"	"2m "	"5"	"29"
"19:15:00"	"2019-08-28"	"Worcester"	"Jetstream (IRE)"	"18.00"	"24"	"Maiden Hurdle"	"7"	"13"	"Woods, K K"	"Jeffreys, D J"	"2m "	"4"	"21"
"14:15:00"	"2019-08-24"	"Cartmel"	"Raashdy (IRE)"	"10.00"	"14.29"	"Novices Hurdle"	"2"	"9"	"England, Jonathan"	"England, Sam"	"2m1f "	"6"	"40"
"17:30:00"	"2019-08-17"	"Market Rasen"	"Bold Record (IRE)"	"2.00"	"3.2"	"Novices Hurdle"	"3"	"5"	"Boinville, Nico"	"Henderson, N J"	"2m5.5f "	"5"	"48"
"17:30:00"	"2019-08-17"	"Market Rasen"	"Trautmann (IRE)"	"25.00"	"35.99"	"Novices Hurdle"	"5"	"5"	"Anderson, Mr A"	"Menzies, Rebecca"	"2m5.5f "	"5"	"49"
"13:50:00"	"2019-08-04"	"Market Rasen"	"Global Wonder (IRE)"	"20.00"	"49.04"	"Maiden Hurdle"	"F"	"12"	"Moore, Jamie"	"Best, Jim/Suzi"	"2m1.5f "	"4"	"150"
"17:00:00"	"2019-08-02"	"Bangor"	"Layerthorpe (IRE)"	"4.50"	"5.81"	"Handicap Hurdle"	"1"	"11"	"Williams, Lorcan"	"Hamer, Mrs D A"	"2m7f "	"7"	"43"
"15:20:00"	"2019-08-02"	"Bangor"	"Rising Sunshine (IRE)"	"66.00"	"480.15"	"Novices Hurdle"	"4"	"5"	"Price, Charlie"	"Bradley, J M"	"2m.5f "	"6"	"140"
"14:05:00"	"2019-01-28"	"Kempton"	"The Cashel Man (IRE)"	"6.00"	"11.5"	"Novices Hurdle"	"2"	"9"	"McGrath, Jeremiah"	"Henderson, N J"	"2m5.5f "	"7"	"611"
"16:10:00"	"2019-01-27"	"Sedgefield"	"Trapper Peak (IRE)"	"3.00"	"4.44"	"Handicap Hurdle"	"1"	"10"	"Colliver, J"	"Keniry, Stef"	"2m1f "	"10"	"112"
"15:05:00"	"2019-01-25"	"Doncaster"	"The Eagles Nest (IRE)"	"50.00"	"120.82"	"Novices Hurdle"	"5"	"7"	"Scholfield, Nick"	"Guest, Rae"	"2m1f "	"5"	"50"
"15:15:00"	"2019-01-19"	"Haydock"	"Three Musketeers (IRE)"	"9.00"	"13"	"Handicap Chase"	"8"	"11"	"Skelton, Harry"	"Skelton, Daniel"	"3m2f "	"9"	"50"
"15:25:00"	"2019-01-17"	"Ludlow"	"Crazy Jack (IRE)"	"12.00"	"20.26"	"Hunters Chase"	"6"	"12"	"Crow, Mr G"	"Hewitt, Mrs A R"	"3m "	"11"	"223"
"13:40:00"	"2019-01-16"	"Newbury"	"Kyllachys Tale (IRE)"	"66.00"	"414.87"	"Novices Hurdle"	"PU"	"16"	"Noonan, David G"	"Teal, R A"	"2m1f "	"5"	"82"
"15:15:00"	"2019-01-09"	"Doncaster"	"Fawsley Spirit (IRE)"	"5.00"	"7.4"	"Handicap Novices Chase"	"PU"	"6"	"Bass, David"	"Pauling, Ben"	"3m2f "	"6"	"32"
"14:10:00"	"2019-01-09"	"Doncaster"	"Chocolate Box (IRE)"	"6.50"	"9.54"	"Maiden Hurdle"	"2"	"7"	"Heard, Liam"	"Loughnane, Daniel Mark"	"2m5f "	"5"	"125"
"15:50:00"	"2019-01-05"	"Wincanton"	"Red Emperor (IRE)"	"200.00"	"1000"	"Maiden Hurdle"	"13"	"16"	"Ring, C V"	"Lewis, Mrs S W"	"1m7.5f "	"5"	"144"
"12:45:00"	"2019-01-04"	"Wetherby"	"Qawamees (IRE)"	"12.00"	"16.25"	"Maiden Hurdle"	"3"	"7"	"Bannister, Harry A A"	"Easterby, M W"	"2m.5f "	"4"	"98"
"15:30:00"	"2019-01-02"	"Hereford"	"Malachys Girl (IRE)"	"4.50"	"6.93"	"Novices Hurdle"	"4"	"10"	"Jacob, Daryl"	"Pauling, Ben"	"2m6.5f "	"6"	"14"
"14:35:00"	"2019-01-01"	"Cheltenham"	"Bobo Mac (IRE)"	"25.00"	"32"	"Handicap Hurdle"	"8"	"14"	"Davies, James"	"Symonds, Tom"	"3m.5f "	"8"	"32"
"14:10:00"	"2018-10-30"	"Bangor"	"Some Chaos (IRE)"	"5.50"	"6.81"	"Handicap Novices Chase"	"1"	"9"	"Scudamore, Tom"	"Scudamore, M J"	"2m4.5f "	"7"	"613"
"13:45:00"	"2018-10-30"	"Chepstow"	"Cougars Gold (IRE)"	"4.50"	"6.33"	"Handicap Novices Chase"	"5"	"9"	"Bowen, Sean P"	"Bowen, Peter / Michael"	"3m2.5f "	"7"	"239"
"12:55:00"	"2018-10-29"	"Ayr"	"Mrs Vonn (IRE)"	"50.00"	"88.46"	"Maiden Hurdle"	"6"	"8"	"Coltherd, Sam W"	"Coltherd, W S"	"2m4.5f "	"6"	"33"
"15:55:00"	"2018-10-28"	"Wincanton"	"Dont Cry About It (IRE)"	"11.00"	"16.75"	"Hurdle"	"4"	"5"	"Sheehan, Gavin"	"Stronge, Ali"	"1m7.5f "	"3"	"87"
"15:35:00"	"2018-10-28"	"Aintree"	"Polydora (IRE)"	"4.00"	"5.58"	"Handicap Novices Chase"	"3"	"10"	"Johnson, Richard"	"Lacey, T"	"3m1f "	"6"	"163"
"16:20:00"	"2018-10-26"	"Cheltenham"	"World War (IRE)"	"40.00"	"86.38"	"Maiden Hurdle"	"8"	"13"	"Aspell, Leighton"	"Keighley, M"	"2m.5f "	"4"	"108"
"15:10:00"	"2018-10-26"	"Cheltenham"	"Trans Express (IRE)"	"33.00"	"90"	"Handicap Hurdle"	"7"	"20"	"Gardner, Lucy"	"Gardner, Mrs S"	"2m5.5f "	"8"	"173"
"14:45:00"	"2018-10-25"	"Ludlow"	"Sutters Mill (IRE)"	"2.75"	"4.1"	"Handicap Chase"	"6"	"6"	"Wedge, Adam"	"Williams, Evan"	"3m "	"7"	"126"
"16:00:00"	"2018-10-24"	"Fontwell"	"Sheilas Fancy (IRE)"	"33.00"	"60"	"Maiden Hurdle"	"4"	"6"	"Moore, Jamie"	"Attwater, M J"	"2m3.5f "	"4"	"133"
"15:50:00"	"2018-10-23"	"Exeter"	"Zoffany Bay (IRE)"	"2.75"	"4.8"	"Maiden Hurdle"	"2"	"5"	"Wedge, Adam"	"Stronge, Ali"	"2m2.5f "	"4"	"49"
"14:45:00"	"2018-10-21"	"Sedgefield"	"Remmy D (IRE)"	"25.00"	"40.02"	"Hurdle"	"3"	"5"	"Brooke, Henry"	"Fell, R / Murray, S"	"2m1f "	"3"	"15"
"14:50:00"	"2018-10-20"	"Market Rasen"	"Solo Saxophone (IRE)"	"12.00"	"20.95"	"Handicap Hurdle"	"6"	"9"	"Andrews, Bridget"	"Skelton, Daniel"	"2m5.5f "	"4"	"220"
"14:55:00"	"2018-10-19"	"Wincanton"	"Lithic (IRE)"	"4.00"	"6.24"	"Handicap Chase"	"4"	"7"	"McLernon, R P"	"ONeill, Jonjo and AJ"	"3m1f "	"7"	"119"
"14:55:00"	"2018-10-16"	"Hereford"	"Zorlu (IRE)"	"66.00"	"485.86"	"Novices Hurdle"	"5"	"6"	"Johns, Alan"	"Burchell, D"	"2m4f "	"5"	"456"
"14:50:00"	"2018-10-11"	"Bangor"	"Molly Childers (IRE)"	"1.50"	"2.44"	"Beginners Chase"	"2"	"4"	"Gethings, Ciaran"	"Edmunds, Stuart"	"3m "	"6"	"159"
"13:45:00"	"2018-10-11"	"Bangor"	"Khage (IRE)"	"2.75"	"4.75"	"Maiden Hurdle"	"F"	"6"	"Boinville, Nico"	"Whittington, H"	"2m.5f "	"5"	"333"
"14:10:00"	"2018-10-10"	"Ludlow"	"Admiral Spice (IRE)"	"33.00"	"55"	"Maiden Hurdle"	"5"	"6"	"Brennan, P J"	"Leech, Mrs S"	"2m "	"3"	"54"
"15:35:00"	"2018-10-07"	"Uttoxeter"	"Notwhatiam (IRE)"	"1.38"	"2.72"	"Handicap Hurdle"	"1"	"5"	"Skelton, Harry"	"Skelton, Daniel"	"2m7.5f "	"8"	"146"
"15:00:00"	"2018-10-07"	"Uttoxeter"	"Remember Nerja (IRE)"	"100.00"	"632.66"	"Maiden Hurdle"	"6"	"10"	"Houlihan, Sean M"	"Leavy, B D"	"2m "	"4"	"227"
"14:30:00"	"2018-10-04"	"Huntingdon"	"Andok (IRE)"	"3.50"	"5.64"	"Novices Hurdle"	"6"	"8"	"Hughes, Brian"	"Fahey, R A"	"2m "	"4"	"25"
"15:25:00"	"2018-10-03"	"Bangor"	"My Fantasea (IRE)"	"14.00"	"16.23"	"Novices Hurdle"	"7"	"8"	"OBrien, T J"	"Williams, Ian"	"2m.5f "	"5"	"27"
"14:30:00"	"2018-10-02"	"Sedgefield"	"Ballyfarsoon (IRE)"	"12.00"	"20"	"Novices Hurdle"	"2"	"8"	"Quinlan, Sean"	"Winks, P"	"2m3.5f "	"7"	"90"
"14:55:00"	"2018-09-25"	"Warwick"	"Mamnoon (IRE)"	"50.00"	"550"	"Novices Hurdle"	"7"	"8"	"Moore, Jamie"	"Brotherton, R"	"2m "	"5"	"20"
"15:15:00"	"2018-09-21"	"Newton Abbot"	"Casement (IRE)"	"3.50"	"5.81"	"Novices Hurdle"	"7"	"8"	"Hutchinson, Wayne"	"King, A"	"2m1f "	"4"	"39"
"17:00:00"	"2018-09-17"	"Hexham"	"Lawtop Legend (IRE)"	"10.00"	"15.15"	"Handicap Hurdle"	"4"	"15"	"Bewley, Jonathon"	"Bewley, G T"	"3m "	"6"	"86"
"14:00:00"	"2018-09-17"	"Hexham"	"Likethemudda (IRE)"	"80.00"	"143.48"	"Maiden Hurdle"	"RO"	"15"	"Kane, J B"	"Collins, P E"	"2m.5f "	"5"	"17"
"14:20:00"	"2018-09-11"	"Worcester"	"Contented (IRE)"	"14.00"	"17.38"	"Handicap Novices Chase"	"1"	"11"	"Johnson, Richard"	"Hobbs, P J / White, J"	"2m4.5f "	"5"	"19"
"15:15:00"	"2018-09-10"	"Perth"	"Man With Van (IRE)"	"20.00"	"28"	"Handicap Hurdle"	"8"	"8"	"Short, Adam W"	"Griffin, Patrick"	"3m.5f "	"12"	"185"
"14:10:00"	"2018-09-10"	"Perth"	"Rock N Rolla (IRE)"	"5.00"	"6"	"Novices Hurdle"	"2"	"7"	"Hughes, Brian"	"Dalgleish, Keith"	"2m.5f "	"4"	"20"
"14:30:00"	"2018-09-09"	"Fontwell"	"Acquirer (IRE)"	"33.00"	"50"	"Hurdle"	"3"	"14"	"Powell, Brendan"	"Hughes, Richard"	"2m2f "	"3"	"17"
"14:30:00"	"2018-09-09"	"Fontwell"	"Angel Of The North (IRE)"	"20.00"	"34"	"Hurdle"	"6"	"14"	"Skelton, Harry"	"Skelton, Daniel"	"2m2f "	"3"	"23"
"14:30:00"	"2018-09-09"	"Fontwell"	"Chaparral Prince (IRE)"	"1.88"	"2.93"	"Hurdle"	"9"	"14"	"Boinville, Nico"	"Henderson, N J"	"2m2f "	"3"	"44"
"14:30:00"	"2018-09-09"	"Fontwell"	"The Naughty Step (IRE)"	"100.00"	"469.73"	"Hurdle"	"PU"	"14"	"Aspell, Leighton"	"Boyle, J R"	"2m2f "	"3"	"71"
"15:50:00"	"2018-09-05"	"Southwell"	"City Never Sleeps (IRE)"	"25.00"	"34"	"Handicap Hurdle"	"2"	"12"	"Tinkler, Andrew"	"Keighley, M"	"2m4.5f "	"6"	"538"
"19:15:00"	"2018-08-29"	"Worcester"	"Casemates Square (IRE)"	"20.00"	"26.39"	"Maiden Hurdle"	"5"	"14"	"OBrien, T J"	"Williams, Ian"	"2m.5f "	"4"	"27"
"17:35:00"	"2018-08-25"	"Cartmel"	"Weapon Of Choice (IRE)"	"20.00"	"48.92"	"Handicap Hurdle"	"4"	"9"	"McMenamin, Daniel"	"Brooke, Julia"	"2m1f "	"10"	"321"
"16:30:00"	"2018-08-25"	"Cartmel"	"Fiddlers Bow (IRE)"	"6.00"	"8.66"	"Handicap Chase"	"3"	"8"	"Brooke, Henry"	"Brooke, Julia"	"3m1.5f "	"9"	"239"
"17:40:00"	"2018-08-20"	"Bangor"	"True Companion (IRE)"	"14.00"	"24"	"Maiden Hurdle"	"9"	"12"	"Curtis, Ned"	"Henderson, N J"	"2m.5f "	"5"	"276"
"13:55:00"	"2018-08-18"	"Perth"	"Globetrotter (IRE)"	"20.00"	"49.33"	"Maiden Hurdle"	"3"	"5"	"Brooke, Henry"	"Brooke, Julia"	"2m.5f "	"4"	"14"
"19:50:00"	"2018-08-15"	"Worcester"	"Redemption Song (IRE)"	"3.00"	"4.6"	"Handicap Hurdle"	"3"	"10"	"Hughes, Brian"	"Frost, Kevin"	"2m4.5f "	"6"	"180"
"15:50:00"	"2018-08-15"	"Newton Abbot"	"Chance It (IRE)"	"33.00"	"72.43"	"Handicap Hurdle"	"11"	"14"	"Thorne, Alexander"	"Frost, J D"	"2m1f "	"8"	"75"
"14:00:00"	"2018-08-05"	"Market Rasen"	"Sheriff Garrett (IRE)"	"10.00"	"28.49"	"Maiden Hurdle"	"6"	"12"	"Hamilton, Jamie"	"Easterby, T D"	"2m1.5f "	"4"	"24"
"16:20:00"	"2018-08-01"	"Perth"	"Smoking Dixie (IRE)"	"8.00"	"14.57"	"Handicap Hurdle"	"5"	"12"	"Hicks, Ben"	"Greatrex, W J"	"2m4f "	"7"	"98"
"16:10:00"	"2018-01-26"	"Doncaster"	"Wicked Spice (IRE)"	"33.00"	"53.31"	"Handicap Hurdle"	"5"	"20"	"Day, Ryan D"	"Richards, N G"	"3m.5f "	"9"	"565"
"13:35:00"	"2018-01-26"	"Huntingdon"	"Macksville (IRE)"	"25.00"	"37.48"	"Novices Hurdle"	"9"	"15"	"Quinlan, Jack"	"Eustace, J M P"	"2m.5f "	"5"	"94"
"14:55:00"	"2018-01-25"	"Kelso"	"Ivors Involvement (IRE)"	"80.00"	"258.93"	"Novices Hurdle"	"8"	"8"	"Nicol, Mr Adam"	"Jackson, Miss T"	"2m "	"6"	"114"
"13:15:00"	"2018-01-25"	"Kelso"	"Sevenballs Of Fire (IRE)"	"11.00"	"16.5"	"Handicap Hurdle"	"5"	"8"	"Bewley, Jonathon"	"Bewley, G T"	"3m2f "	"9"	"297"
"12:55:00"	"2018-01-25"	"Warwick"	"Swaffham Bulbeck (IRE)"	"9.00"	"12"	"Hurdle"	"2"	"8"	"Johnson, Richard"	"Murphy, Olly"	"2m "	"4"	"108"
"13:45:00"	"2018-01-19"	"Musselburgh"	"Northern Beau (IRE)"	"16.00"	"21.26"	"Novices Hurdle"	"2"	"7"	"Dunne, R T"	"Scudamore, M J"	"1m7.5f "	"5"	"611"
"14:10:00"	"2018-01-18"	"Wincanton"	"Court Frontier (IRE)"	"10.00"	"14.22"	"Handicap Chase"	"4"	"9"	"OBrien, T J"	"Williams, Christian"	"3m4f "	"10"	"12"
"12:20:00"	"2018-01-16"	"Hereford"	"Percy Thrower (IRE)"	"66.00"	"140"	"Maiden Hurdle"	"PU"	"10"	"Banks, Mr J"	"Davies, Miss Sarah-Jayne"	"2m1f "	"4"	"84"
"13:10:00"	"2018-01-14"	"Kelso"	"Lord Napier (IRE)"	"33.00"	"59.48"	"Novices Hurdle"	"5"	"14"	"Bowen, Sean P"	"Bowen, Peter / Michael"	"2m "	"5"	"252"
"16:05:00"	"2018-01-10"	"Ludlow"	"Lets Be Happy (IRE)"	"12.00"	"19.5"	"Hurdle"	"5"	"8"	"Powell, Brendan"	"Stronge, Ali"	"2m "	"4"	"78"
"16:05:00"	"2018-01-10"	"Ludlow"	"Bois Debene (IRE)"	"20.00"	"24"	"Hurdle"	"PU"	"8"	"Wedge, Adam"	"Williams, Evan"	"2m "	"4"	"88"
"15:20:00"	"2018-01-09"	"Taunton"	"Opening Batsman (IRE)"	"5.00"	"7.2"	"Hunters Chase"	"4"	"10"	"Legg, Michael"	"Fry, Harry"	"2m7.5f "	"12"	"263"
"14:10:00"	"2018-01-01"	"Catterick"	"Hijran (IRE)"	"66.00"	"108.36"	"Novices Hurdle"	"6"	"7"	"Dowling, Mr T"	"Oliver, Henry"	"2m "	"5"	"146"
"16:30:00"	"2017-10-31"	"Chepstow"	"Joyrider (IRE)"	"4.50"	"5.7"	"NH Flat"	"2"	"16"	"Cowley, Patrick"	"Lavelle, Miss E C"	"2m.5f "	"5"	"329"
"14:00:00"	"2017-10-31"	"Bangor"	"Pennywell (IRE)"	"3.50"	"5.1"	"Handicap Hurdle"	"5"	"8"	"Greatrex, Thomas"	"Greatrex, W J"	"2m7.5f "	"7"	"535"
"13:15:00"	"2017-10-29"	"Aintree"	"Cyclop (IRE)"	"16.00"	"29.65"	"Handicap Hurdle"	"8"	"15"	"Gethings, Ciaran"	"Dennis, David"	"3m.5f "	"6"	"213"
"17:30:00"	"2017-10-27"	"Cheltenham"	"Stuccodor (IRE)"	"66.00"	"183.4"	"Handicap Hurdle"	"10"	"14"	"Gethings, Ciaran"	"Leech, Mrs S"	"2m.5f "	"8"	"453"
"15:10:00"	"2017-10-27"	"Cheltenham"	"The Mighty Don (IRE)"	"7.00"	"8.66"	"Handicap Hurdle"	"7"	"21"	"Aspell, Leighton"	"Gifford, N J"	"2m5.5f "	"5"	"230"
"16:35:00"	"2017-10-26"	"Ludlow"	"Banditry (IRE)"	"1.25"	"2.23"	"Handicap Hurdle"	"2"	"12"	"OBrien, T J"	"Williams, Ian"	"2m "	"5"	"23"
"15:55:00"	"2017-10-26"	"Carlisle"	"Cousin Oscar (IRE)"	"6.50"	"7.19"	"Handicap Hurdle"	"6"	"7"	"Kennedy, W T"	"McCain Jnr, D"	"2m1f "	"5"	"145"
"14:10:00"	"2017-10-22"	"Kempton"	"Espresso Freddo (IRE)"	"8.00"	"11"	"Hurdle"	"4"	"6"	"OBrien, T J"	"Stephens, Robert"	"2m "	"3"	"184"
"15:35:00"	"2017-10-21"	"Stratford"	"Royal Irish Hussar (IRE)"	"8.00"	"10.5"	"Handicap Hurdle"	"7"	"8"	"Boinville, Nico"	"Henderson, N J"	"2m3f "	"7"	"305"
"14:15:00"	"2017-10-21"	"Market Rasen"	"Wotabreeze (IRE)"	"5.50"	"7.84"	"Maiden Hurdle"	"4"	"9"	"OBrien, T J"	"Quinn, J J"	"2m1.5f "	"4"	"28"
"13:55:00"	"2017-10-21"	"Stratford"	"Dyllan (IRE)"	"28.00"	"65"	"Seller Hurdle"	"PU"	"8"	"Kennedy, W T"	"Carr, Mrs R A"	"2m1f "	"4"	"62"
"15:25:00"	"2017-10-19"	"Uttoxeter"	"Secret Door (IRE)"	"2.75"	"4.1"	"Handicap Hurdle"	"3"	"8"	"Jacob, Daryl"	"Fry, Harry"	"3m "	"6"	"151"
"15:25:00"	"2017-10-19"	"Uttoxeter"	"Aengus (IRE)"	"16.00"	"35.06"	"Handicap Hurdle"	"7"	"8"	"Quinlan, Sean"	"Candlish, Jennie"	"3m "	"7"	"215"
"17:25:00"	"2017-10-18"	"Wetherby"	"Seamour (IRE)"	"1.75"	"2.65"	"Handicap Hurdle"	"3"	"12"	"Cook, Danny"	"Ellison, B"	"2m "	"6"	"33"
"14:10:00"	"2017-10-18"	"Wetherby"	"American Craftsman (IRE)"	"16.00"	"20"	"Hurdle"	"1"	"12"	"Colliver, J"	"OKeeffe, Jedd"	"2m "	"3"	"40"
"13:40:00"	"2017-10-15"	"Chepstow"	"Zillion (IRE)"	"66.00"	"449.52"	"Hurdle"	"7"	"7"	"Gardner, Lucy"	"Gardner, Mrs S"	"2m "	"3"	"179"
"14:30:00"	"2017-10-14"	"Chepstow"	"Roksana (IRE)"	"40.00"	"150"	"Novices Hurdle"	"3"	"14"	"Skelton, Harry"	"Skelton, Daniel"	"2m3.5f "	"5"	"189"
"16:10:00"	"2017-10-11"	"Towcester"	"Dontminddboys (IRE)"	"6.00"	"7.8"	"Handicap Chase"	"2"	"9"	"Poste, Charlie"	"Dickin, R"	"3m "	"8"	"142"
"17:20:00"	"2017-10-08"	"Kelso"	"Maoi Chinn Tire (IRE)"	"14.00"	"18.5"	"Handicap Hurdle"	"12"	"12"	"Quinlan, Sean"	"Candlish, Jennie"	"2m5f "	"10"	"68"
"14:40:00"	"2017-10-08"	"Kelso"	"Calypso Delegator (IRE)"	"100.00"	"970.04"	"Novices Hurdle"	"8"	"12"	"OToole, Mr F"	"Hammond, Micky"	"2m "	"4"	"40"
"14:05:00"	"2017-10-08"	"Kelso"	"Picture Painter (IRE)"	"2.75"	"4.29"	"Handicap Hurdle"	"1"	"8"	"Nichol, Craig"	"Dalgleish, Keith"	"2m "	"4"	"65"
"16:15:00"	"2017-10-07"	"Fontwell"	"Gunfleet (IRE)"	"3.50"	"5.04"	"Novices Hurdle"	"2"	"13"	"Aspell, Leighton"	"Lavelle, Miss E C"	"2m3.5f "	"5"	"189"
"16:25:00"	"2017-10-05"	"Warwick"	"Beggars Cross (IRE)"	"6.50"	"8.4"	"Handicap Chase"	"1"	"7"	"Coleman, A"	"ONeill, Jonjo and AJ"	"3m "	"7"	"180"
"14:35:00"	"2017-10-05"	"Huntingdon"	"Tayaar (IRE)"	"100.00"	"572.16"	"Novices Hurdle"	"PU"	"12"	"Quinlan, Jack"	"Ryan, J"	"2m "	"4"	"44"
"17:25:00"	"2017-10-03"	"Southwell"	"Ring Eye (IRE)"	"33.00"	"38.86"	"Handicap Hurdle"	"UR"	"10"	"Wall, Josh"	"Davies, Miss Sarah-Jayne"	"2m4.5f "	"9"	"55"
"14:50:00"	"2017-10-02"	"Newton Abbot"	"Mister Drifter (IRE)"	"33.00"	"53.61"	"Novices Hurdle"	"6"	"6"	"Scudamore, Tom"	"Pipe, D E"	"2m6.5f "	"5"	"146"
"14:00:00"	"2017-10-02"	"Stratford"	"Hes A Toff (IRE)"	"66.00"	"222.37"	"Hurdle"	"PU"	"6"	"Kelly, Lizzie"	"Davis, Miss J S"	"2m1f "	"3"	"105"
"17:05:00"	"2017-09-30"	"Market Rasen"	"Handsome Dan (IRE)"	"8.00"	"16.73"	"Handicap Hurdle"	"2"	"7"	"Hughes, Brian"	"Hollinshead, Sarah"	"2m3.5f "	"11"	"61"
"16:30:00"	"2017-09-30"	"Market Rasen"	"Master Dee (IRE)"	"8.00"	"9.83"	"Handicap Chase"	"3"	"13"	"Brennan, P J"	"OBrien, Fergal"	"2m6.5f "	"8"	"19"
"14:45:00"	"2017-09-30"	"Market Rasen"	"Molly Childers (IRE)"	"2.00"	"3.42"	"Novices Hurdle"	"3"	"9"	"Gethings, Ciaran"	"Edmunds, Stuart"	"2m1.5f "	"5"	"203"
"14:45:00"	"2017-09-30"	"Market Rasen"	"Fast Play (IRE)"	"66.00"	"290"	"Novices Hurdle"	"7"	"9"	"OBrien, T J"	"Dore, C R"	"2m1.5f "	"5"	"33"
"17:40:00"	"2017-09-28"	"Perth"	"Double Court (IRE)"	"6.00"	"9.07"	"Handicap Hurdle"	"4"	"8"	"Twiston-Davies, Sam"	"Twiston-Davies, N A"	"3m.5f "	"6"	"139"
"15:30:00"	"2017-09-26"	"Warwick"	"Belmount (IRE)"	"3.00"	"4.5"	"Handicap Chase"	"1"	"8"	"Twiston-Davies, Sam"	"Twiston-Davies, N A"	"3m1.5f "	"8"	"117"
"13:50:00"	"2017-09-26"	"Warwick"	"Lexington Law (IRE)"	"6.00"	"13.5"	"Novices Hurdle"	"4"	"12"	"Hutchinson, Wayne"	"King, A"	"2m "	"4"	"36"
"14:50:00"	"2017-09-10"	"Fontwell"	"Kiruna Peak (IRE)"	"4.00"	"5.9"	"Hurdle"	"2"	"10"	"Brennan, P J"	"OBrien, Fergal"	"2m2f "	"3"	"46"
"14:50:00"	"2017-09-10"	"Fontwell"	"Angel Of Rome (IRE)"	"20.00"	"24.11"	"Hurdle"	"6"	"10"	"Sheehan, Gavin"	"Hughes, Richard"	"2m2f "	"3"	"38"
"14:50:00"	"2017-09-10"	"Fontwell"	"Chaparrachik (IRE)"	"4.00"	"5.1"	"Hurdle"	"F"	"10"	"Aspell, Leighton"	"Perrett, Mrs A J"	"2m2f "	"3"	"15"
"17:00:00"	"2017-08-31"	"Sedgefield"	"Strummer (IRE)"	"10.00"	"12.57"	"Novices Hurdle"	"3"	"7"	"Hughes, Brian"	"Ryan, K A"	"2m1f "	"4"	"21"
"17:00:00"	"2017-08-31"	"Sedgefield"	"Eez Eh (IRE)"	"20.00"	"25.21"	"Novices Hurdle"	"4"	"7"	"Nichol, Craig"	"Dalgleish, Keith"	"2m1f "	"4"	"29"
"18:05:00"	"2017-08-30"	"Worcester"	"Master Billie (IRE)"	"66.00"	"198.97"	"Hurdle"	"PU"	"7"	"Teal, Harry"	"Teal, R A"	"2m "	"3"	"174"
"14:15:00"	"2017-08-24"	"Stratford"	"Thahab Ifraj (IRE)"	"3.50"	"7.55"	"Novices Hurdle"	"1"	"8"	"McLernon, R P"	"Dunn, Mrs Alex"	"2m3f "	"4"	"11"
"14:15:00"	"2017-08-24"	"Stratford"	"Fit For The Job (IRE)"	"3.00"	"7.42"	"Novices Hurdle"	"8"	"8"	"Coleman, A"	"ONeill, Jonjo and AJ"	"2m3f "	"5"	"21"
"18:30:00"	"2017-08-23"	"Worcester"	"Hidden Oasis (IRE)"	"16.00"	"20.27"	"Novices Hurdle"	"3"	"10"	"Coleman, A"	"ONeill, Jonjo and AJ"	"2m "	"6"	"20"
"17:30:00"	"2017-08-21"	"Hexham"	"Taxmeifyoucan (IRE)"	"0.73"	"1.79"	"Hurdle"	"UR"	"6"	"OToole, Mr F"	"Dalgleish, Keith"	"2m.5f "	"3"	"16"
"15:00:00"	"2017-08-16"	"Newton Abbot"	"Regulation (IRE)"	"8.00"	"11.26"	"Handicap Hurdle"	"6"	"7"	"Kelly, Lizzie"	"King, N B"	"2m3f "	"8"	"75"
"14:00:00"	"2017-08-16"	"Newton Abbot"	"Skilful Lord (IRE)"	"33.00"	"74.89"	"Hurdle"	"7"	"8"	"Noonan, David G"	"Pipe, D E"	"2m1f "	"3"	"113"
"14:00:00"	"2017-08-16"	"Newton Abbot"	"Born Legend (IRE)"	"25.00"	"36"	"Hurdle"	"PU"	"8"	"Aspell, Leighton"	"Sherwood, O"	"2m1f "	"3"	"43"
"17:40:00"	"2017-08-06"	"Market Rasen"	"Strong Team (IRE)"	"6.50"	"8.03"	"NH Flat"	"7"	"10"	"Hughes, Brian"	"Grant, C"	"2m1.5f "	"4"	"31"
"15:30:00"	"2017-08-06"	"Market Rasen"	"Dawnieriver (IRE)"	"14.00"	"16.99"	"Handicap Chase"	"7"	"12"	"Scudamore, Tom"	"Scudamore, M J"	"3m.5f "	"7"	"93"
"16:50:00"	"2017-08-04"	"Bangor"	"Moscow Calling (IRE)"	"12.00"	"17.98"	"Handicap Hurdle"	"10"	"14"	"Bewley, Callum"	"Richards, N G"	"2m7f "	"6"	"63"
"15:10:00"	"2017-08-04"	"Bangor"	"Mercian King (IRE)"	"8.50"	"11.6"	"Handicap Chase"	"2"	"11"	"Quinlan, Jack"	"Murphy, Amy"	"2m1.5f "	"6"	"163"
"14:00:00"	"2017-08-04"	"Bangor"	"Cougar Kid (IRE)"	"50.00"	"84.87"	"Handicap Hurdle"	"8"	"11"	"Hampson, Brodie"	"Oshea, J G M"	"2m3.5f "	"6"	"18"
"15:10:00"	"2017-01-29"	"Fontwell"	"Mr Fitzroy (IRE)"	"20.00"	"25.64"	"Handicap Hurdle"	"1"	"8"	"McGrath, Jeremiah"	"Davis, Miss J S"	"2m2.5f "	"7"	"303"
"14:50:00"	"2017-01-25"	"Ludlow"	"Mr Cardle (IRE)"	"8.00"	"10.81"	"Handicap Hurdle"	"9"	"12"	"Bailey, Mr E W A"	"Flook, S"	"3m "	"8"	"568"
"14:50:00"	"2017-01-24"	"Leicester"	"Wood Pigeon (IRE)"	"33.00"	"65"	"Novices Hurdle"	"5"	"6"	"Poste, Charlie"	"Murphy, Anabel K"	"2m4.5f "	"8"	"261"
"13:50:00"	"2017-01-24"	"Leicester"	"The Wexfordian (IRE)"	"4.00"	"5.72"	"Handicap Chase"	"6"	"8"	"Tinkler, Andrew"	"Keighley, M"	"2m6.5f "	"8"	"258"
"14:20:00"	"2017-01-23"	"Bangor"	"Status Quo (IRE)"	"7.00"	"9.89"	"Hurdle"	"PU"	"11"	"McKenna, Liam"	"Fry, Harry"	"2m.5f "	"4"	"104"
"14:40:00"	"2017-01-17"	"Exeter"	"Leg Lock Luke (IRE)"	"5.00"	"7.11"	"Handicap Chase"	"2"	"10"	"OBrien, T J"	"Tizzard, C L"	"2m3.5f "	"7"	"49"
"13:10:00"	"2017-01-15"	"Kelso"	"Seemorelights (IRE)"	"66.00"	"216.8"	"Novices Hurdle"	"1"	"13"	"Nichol, Mr R"	"Thomson, A M"	"2m.5f "	"5"	"12"
"14:50:00"	"2017-01-13"	"Huntingdon"	"Head High (IRE)"	"100.00"	"258.36"	"Hurdle"	"6"	"7"	"Moloney, Paul"	"Hollinshead, Sarah"	"2m "	"4"	"230"
"13:50:00"	"2017-01-11"	"Hereford"	"Banff (IRE)"	"66.00"	"114.85"	"Maiden Hurdle"	"6"	"8"	"Popham, Mr I"	"Murphy, Anabel K"	"2m.5f "	"4"	"161"
"14:40:00"	"2017-01-08"	"Fontwell"	"Stiff Upper Lip (IRE)"	"25.00"	"34.95"	"Handicap Hurdle"	"4"	"12"	"Aspell, Leighton"	"Sherwood, O"	"2m4f "	"7"	"294"
"13:10:00"	"2017-01-08"	"Fontwell"	"Lady Markby (IRE)"	"16.00"	"29"	"Maiden Hurdle"	"3"	"14"	"Scholfield, Nick"	"Lavelle, Miss E C"	"2m2.5f "	"6"	"33"
"14:25:00"	"2017-01-07"	"Sandown"	"Celestial Path (IRE)"	"33.00"	"58.27"	"Novices Hurdle"	"PU"	"6"	"Scudamore, Tom"	"Pipe, D E"	"2m "	"5"	"105"
"12:45:00"	"2017-01-01"	"Fakenham"	"Pixel (IRE)"	"33.00"	"48.04"	"Seller Hurdle"	"PU"	"6"	"Clark, Tim"	"Quinn, Denis P"	"2m5f "	"4"	"10"
"14:10:00"	"2016-10-30"	"Carlisle"	"Like A Diamond (IRE)"	"6.00"	"7"	"Handicap Novices Hurdle"	"9"	"15"	"Cook, Danny"	"Ellison, B"	"2m1.5f "	"6"	"15"
"15:35:00"	"2016-10-29"	"Ascot"	"Fourth Act (IRE)"	"20.00"	"32.38"	"Handicap Chase"	"4"	"12"	"OBrien, T J"	"Tizzard, C L"	"3m "	"7"	"194"
"16:20:00"	"2016-10-28"	"Uttoxeter"	"Tanit River (IRE)"	"4.50"	"5.73"	"Handicap Chase"	"2"	"8"	"Johns, Alan"	"Vaughan, Tim"	"2m4f "	"6"	"27"
"16:40:00"	"2016-10-26"	"Fakenham"	"Northandsouth (IRE)"	"3.33"	"4.8"	"Handicap Chase"	"5"	"8"	"Hatch, R"	"Twiston-Davies, N A"	"2m6f "	"6"	"35"
"14:45:00"	"2016-10-23"	"Aintree"	"Eastlake (IRE)"	"8.00"	"11.13"	"Handicap Chase"	"PU"	"10"	"Geraghty, B J"	"ONeill, Jonjo and AJ"	"3m1f "	"10"	"198"
"15:20:00"	"2016-10-21"	"Cheltenham"	"Winter Lion (IRE)"	"20.00"	"29.53"	"Handicap Hurdle"	"10"	"16"	"Mullins, David"	"Smith, Matthew J"	"2m5.5f "	"6"	"87"
"16:10:00"	"2016-10-18"	"Exeter"	"Imperial Presence (IRE)"	"1.75"	"3.19"	"Beginners Chase"	"2"	"4"	"Johnson, Richard"	"Hobbs, P J / White, J"	"2m1f "	"5"	"182"
"14:10:00"	"2016-10-18"	"Exeter"	"Thomas Blossom (IRE)"	"2.50"	"4.1"	"Handicap Hurdle"	"1"	"8"	"Newman, Mr Joshua"	"Stronge, Ali"	"2m1f "	"6"	"22"
"13:05:00"	"2016-10-15"	"Market Rasen"	"Doesyourdogbite (IRE)"	"3.50"	"5.92"	"Novices Hurdle"	"1"	"4"	"Coleman, A"	"ONeill, Jonjo and AJ"	"2m5.5f "	"4"	"100"
"17:30:00"	"2016-10-13"	"Carlisle"	"Turtle Cask (IRE)"	"12.00"	"15"	"Handicap Hurdle"	"4"	"10"	"McCormack, Colm"	"Sayer, Mrs Dianne"	"3m.5f "	"7"	"188"
"14:10:00"	"2016-10-13"	"Carlisle"	"Dominada (IRE)"	"3.33"	"4.5"	"Handicap Hurdle"	"1"	"12"	"Carberry, Megan"	"Ellison, B"	"2m1f "	"4"	"26"
"13:50:00"	"2016-10-13"	"Uttoxeter"	"Hollywood Road (IRE)"	"0.67"	"1.76"	"Maiden Hurdle"	"2"	"7"	"Aspell, Leighton"	"Cantillon, D E"	"2m "	"3"	"15"
"16:25:00"	"2016-10-08"	"Chepstow"	"Sleepy Haven (IRE)"	"66.00"	"111.41"	"Handicap Hurdle"	"13"	"14"	"Quinlan, Sean"	"Candlish, Jennie"	"2m3.5f "	"6"	"81"
"15:50:00"	"2016-10-05"	"Towcester"	"Vocaliser (IRE)"	"11.00"	"14.63"	"Handicap Hurdle"	"4"	"5"	"Poste, Charlie"	"Dickin, R"	"1m7.5f "	"4"	"90"
"15:15:00"	"2016-10-02"	"Huntingdon"	"Tasty Ginger (IRE)"	"33.00"	"200.33"	"Hurdle"	"4"	"8"	"Powell, Brendan"	"Jenkins, J R"	"2m "	"3"	"21"
"14:05:00"	"2016-10-02"	"Huntingdon"	"Excellent Result (IRE)"	"2.75"	"4.19"	"Novices Hurdle"	"1"	"8"	"Fehily, Noel"	"Spencer, Richard"	"2m "	"6"	"29"
"14:25:00"	"2016-09-30"	"Hexham"	"Master Of Finance (IRE)"	"2.25"	"3.85"	"Maiden Hurdle"	"2"	"7"	"Hughes, Brian"	"Jefferson, J M"	"2m.5f "	"5"	"97"
"17:15:00"	"2016-09-21"	"Perth"	"King Julien (IRE)"	"22.00"	"29"	"Hurdle"	"2"	"10"	"Quinlan, Jack"	"Ryan, J"	"2m.5f "	"3"	"19"
"16:30:00"	"2016-09-20"	"Warwick"	"Garrahalish (IRE)"	"5.00"	"7.05"	"Handicap Chase"	"4"	"9"	"Poste, Charlie"	"Dickin, R"	"3m1.5f "	"8"	"141"
"16:05:00"	"2016-09-16"	"Newton Abbot"	"Belmount (IRE)"	"3.00"	"4.91"	"Handicap Chase"	"1"	"7"	"Twiston-Davies, Sam"	"Twiston-Davies, N A"	"3m2f "	"7"	"98"
"17:20:00"	"2016-09-12"	"Worcester"	"Ocean Bentley (IRE)"	"100.00"	"592.05"	"Novices Hurdle"	"5"	"9"	"Edwards, Lee"	"Carroll, A W"	"2m.5f "	"4"	"12"
"16:55:00"	"2016-09-07"	"Uttoxeter"	"Thomas Blossom (IRE)"	"10.00"	"14.28"	"Handicap Hurdle"	"3"	"10"	"Sheehan, Gavin"	"Stronge, Ali"	"2m "	"6"	"36"
"16:40:00"	"2016-09-06"	"Worcester"	"Bahati Boy (IRE)"	"33.00"	"42"	"Handicap Hurdle"	"13"	"14"	"Price, Charlie"	"Stephens, Mrs K J"	"2m4.5f "	"9"	"285"
"15:05:00"	"2016-09-03"	"Stratford"	"A Little Magic (IRE)"	"3.00"	"4.34"	"Handicap Hurdle"	"4"	"5"	"Coleman, A"	"ONeill, Jonjo and AJ"	"2m.5f "	"5"	"37"
"16:20:00"	"2016-08-31"	"Southwell"	"Duc de Seville (IRE)"	"200.00"	"718.81"	"Novices Hurdle"	"4"	"5"	"McCarthy, Stephen"	"Chapman, M C"	"2m4.5f "	"4"	"56"
"17:30:00"	"2016-08-30"	"Worcester"	"Charlie Parker (IRE)"	"100.00"	"586.54"	"Maiden Hurdle"	"6"	"9"	"Grant, Mark"	"Davis, D J S Ffrench"	"2m "	"3"	"62"
"14:15:00"	"2016-08-27"	"Cartmel"	"Star Ascending (IRE)"	"33.00"	"53.86"	"Novices Hurdle"	"5"	"7"	"Quinlan, Sean"	"Candlish, Jennie"	"2m1f "	"4"	"99"
"15:20:00"	"2016-08-25"	"Fontwell"	"Jelly Monger (IRE)"	"7.00"	"10"	"Novices Hurdle"	"1"	"5"	"Coleman, A"	"Davis, D J S Ffrench"	"2m2f "	"4"	"17"
"16:15:00"	"2016-08-23"	"Southwell"	"Bandit Country (IRE)"	"6.00"	"8.07"	"Handicap Hurdle"	"PU"	"7"	"Cowley, Patrick"	"Leech, Mrs S"	"3m "	"7"	"62"
"17:30:00"	"2016-08-20"	"Newton Abbot"	"Keychain (IRE)"	"14.00"	"20"	"Handicap Hurdle"	"8"	"14"	"Powell, Brendan"	"Powell, B G"	"2m6f "	"6"	"293"
"15:20:00"	"2016-08-19"	"Bangor"	"Allow Dallow (IRE)"	"5.50"	"7.4"	"Handicap Chase"	"2"	"6"	"Coleman, A"	"ONeill, Jonjo and AJ"	"3m "	"9"	"79"
"14:10:00"	"2016-08-19"	"Bangor"	"The Character (IRE)"	"8.00"	"10.5"	"Maiden Hurdle"	"4"	"7"	"Kennedy, W T"	"McCain Jnr, D"	"2m.5f "	"5"	"34"
"14:55:00"	"2016-08-18"	"Stratford"	"Fayette County (IRE)"	"3.00"	"4.85"	"Handicap Chase"	"4"	"8"	"Moloney, Paul"	"Vaughan, Tim"	"2m4f "	"9"	"25"
"17:50:00"	"2016-08-11"	"Stratford"	"The Holyman (IRE)"	"200.00"	"500"	"Novices Hurdle"	"PU"	"7"	"Quinlan, Mr Mark"	"Shears, M B"	"2m3.5f "	"8"	"408"
"16:30:00"	"2016-08-11"	"Worcester"	"Mysterious Man (IRE)"	"10.00"	"14.18"	"Maiden Hurdle"	"1"	"12"	"Powell, Brendan"	"Powell, B G"	"2m4.5f "	"7"	"1071"
"14:10:00"	"2016-08-10"	"Newton Abbot"	"Taper Tantrum (IRE)"	"2.50"	"4.05"	"Maiden Hurdle"	"1"	"12"	"Johnson, Richard"	"Bell, M L W"	"2m1f "	"4"	"30"
"14:10:00"	"2016-08-10"	"Newton Abbot"	"Destinys Shadow (IRE)"	"100.00"	"743.94"	"Maiden Hurdle"	"8"	"12"	"Whelan, Trevor"	"Baker, George"	"2m1f "	"4"	"546"
"13:50:00"	"2016-01-27"	"Catterick"	"Debt To Society (IRE)"	"18.00"	"24.27"	"Handicap Chase"	"PU"	"10"	"Challoner, Mr Harry"	"Ford, R"	"3m1f "	"9"	"220"
"14:10:00"	"2016-01-25"	"Kempton"	"Burning Desire (IRE)"	"12.00"	"21.13"	"Novices Hurdle"	"5"	"9"	"Powell, Brendan"	"Hughes, Richard"	"2m "	"5"	"27"
"14:45:00"	"2016-01-04"	"Ludlow"	"Mount Haven (IRE)"	"2.50"	"3.58"	"Maiden Hurdle"	"1"	"9"	"Scudamore, Tom"	"Pipe, D E"	"2m5f "	"6"	"303"
"14:10:00"	"2015-10-28"	"Fakenham"	"The Wee Barra (IRE)"	"8.00"	"10.72"	"Hurdle"	"8"	"9"	"Hughes, Brian"	"Ryan, K A"	"2m "	"3"	"20"
"16:15:00"	"2015-10-25"	"Wincanton"	"Woofie (IRE)"	"10.00"	"19.25"	"Hurdle"	"5"	"6"	"Cannon, Tom J"	"Mongan, Mrs L J"	"1m7.5f "	"3"	"18"
"14:15:00"	"2015-10-25"	"Wincanton"	"Golden Bird (IRE)"	"33.00"	"100"	"Novices Hurdle"	"5"	"8"	"Powell, Brendan"	"Powell, B G"	"2m5.5f "	"4"	"45"
"14:30:00"	"2015-10-24"	"Kelso"	"Landecker (IRE)"	"20.00"	"33.32"	"Novices Chase"	"6"	"8"	"Mulqueen, S"	"Alexander, N W"	"2m7.5f "	"7"	"184"
"14:10:00"	"2015-10-22"	"Ludlow"	"Wolf Of Windlesham (IRE)"	"16.00"	"18.83"	"Hurdle"	"1"	"7"	"Moore, Joshua"	"Edmunds, Stuart"	"1m7.5f "	"3"	"42"
"14:30:00"	"2015-10-19"	"Plumpton"	"Top Set (IRE)"	"66.00"	"241.06"	"Maiden Hurdle"	"F"	"9"	"Popham, Mr I"	"Phillips, R T"	"2m "	"5"	"174"
"17:30:00"	"2015-10-18"	"Kempton"	"Whispering Speed (IRE)"	"33.00"	"65"	"Novices Hurdle"	"5"	"7"	"Aspell, Leighton"	"Wadham, Mrs L"	"2m5f "	"5"	"321"
"14:20:00"	"2015-10-15"	"Uttoxeter"	"Lucie Rie (IRE)"	"20.00"	"32"	"Maiden Hurdle"	"6"	"10"	"Powell, Brendan"	"Burke, K R"	"1m7.5f "	"3"	"51"
"14:10:00"	"2015-10-14"	"Wetherby"	"Poet Mark (IRE)"	"33.00"	"58.26"	"Maiden Hurdle"	"6"	"13"	"Greenall, Mr Jake"	"Easterby, T D"	"2m "	"3"	"29"
"17:10:00"	"2015-10-12"	"Sedgefield"	"Our Phylli Vera (IRE)"	"9.00"	"8.67"	"Handicap Hurdle"	"12"	"13"	"Reveley, James"	"Foster, Miss J E"	"2m1f "	"6"	"153"
"15:00:00"	"2015-10-09"	"Newton Abbot"	"Milan Bound (IRE)"	"2.75"	"4.07"	"Handicap Hurdle"	"1"	"7"	"Johnson, Richard"	"ONeill, Jonjo and AJ"	"3m2.5f "	"7"	"153"
"15:05:00"	"2015-10-04"	"Huntingdon"	"Big McIntosh (IRE)"	"20.00"	"25.99"	"Hurdle"	"1"	"6"	"Batchelor, Mattie"	"Ryan, J"	"1m7.5f "	"3"	"9"
"14:35:00"	"2015-10-04"	"Kelso"	"Ethan (IRE)"	"50.00"	"134.55"	"Maiden Hurdle"	"6"	"9"	"Walton, Miss C"	"Walton, Mrs Sheena"	"2m "	"6"	"237"
"14:15:00"	"2015-10-04"	"Uttoxeter"	"Royal Sea (IRE)"	"40.00"	"127.96"	"Maiden Hurdle"	"1"	"6"	"Poste, Ben J"	"Mullineaux, M"	"2m4f "	"6"	"31"
"14:15:00"	"2015-10-04"	"Uttoxeter"	"Happy Jack (IRE)"	"16.00"	"29"	"Maiden Hurdle"	"6"	"6"	"Hatch, R"	"Wigham, M"	"2m4f "	"4"	"39"
"15:20:00"	"2015-10-03"	"Fontwell"	"Istimraar (IRE)"	"3.00"	"4.73"	"Handicap Hurdle"	"5"	"9"	"Skelton, Harry"	"Skelton, Daniel"	"2m3f "	"4"	"160"
"16:25:00"	"2015-10-02"	"Fontwell"	"Sir Mangan (IRE)"	"3.00"	"4.7"	"Handicap Hurdle"	"1"	"7"	"Skelton, Harry"	"Skelton, Daniel"	"3m1.5f "	"7"	"173"
"14:10:00"	"2015-10-02"	"Fontwell"	"Consortium (IRE)"	"5.00"	"7.88"	"Maiden Hurdle"	"2"	"8"	"Whelan, Trevor"	"King, N B"	"2m1.5f "	"3"	"8"
"16:55:00"	"2015-10-01"	"Warwick"	"Snowmane (IRE)"	"6.50"	"8.42"	"Maiden Hurdle"	"PU"	"5"	"Bass, David"	"Bailey, K C"	"2m5f "	"4"	"44"
"14:20:00"	"2015-10-01"	"Bangor"	"Aussie Berry (IRE)"	"22.00"	"28"	"Hurdle"	"PU"	"5"	"Harding, Brian"	"McCain Jnr, D"	"2m.5f "	"3"	"68"
"14:30:00"	"2015-09-29"	"Sedgefield"	"Ardmay (IRE)"	"2.50"	"4.1"	"Maiden Hurdle"	"1"	"11"	"Hughes, Brian"	"Ryan, K A"	"2m1f "	"6"	"12"
"16:00:00"	"2015-09-26"	"Market Rasen"	"Rosie Hall (IRE)"	"100.00"	"690.29"	"Novices Hurdle"	"6"	"6"	"Quinlan, Sean"	"Wainwright, J S"	"2m.5f "	"5"	"154"
"14:20:00"	"2015-09-25"	"Worcester"	"Upswing (IRE)"	"3.00"	"4.4"	"Beginners Chase"	"2"	"10"	"Geraghty, B J"	"ONeill, Jonjo and AJ"	"2m7f "	"7"	"174"
"16:40:00"	"2015-09-23"	"Perth"	"The Compeller (IRE)"	"8.50"	"11.58"	"Hurdle"	"3"	"10"	"Buchanan, Peter"	"Russell, Miss Lucinda V"	"2m "	"3"	"65"
"16:30:00"	"2015-09-18"	"Hexham"	"Green Zone (IRE)"	"28.00"	"65"	"Maiden Hurdle"	"7"	"10"	"Tinkler, Andrew"	"Tinkler, N"	"2m "	"4"	"10"
"13:40:00"	"2015-09-09"	"Uttoxeter"	"Samtu (IRE)"	"4.50"	"6"	"Maiden Hurdle"	"1"	"10"	"Skelton, Harry"	"Skelton, Daniel"	"2m4f "	"4"	"57"
"15:50:00"	"2015-09-05"	"Stratford"	"Kie (IRE)"	"6.00"	"7.47"	"Handicap Chase"	"1"	"5"	"Scudamore, Tom"	"Pipe, D E"	"2m6.5f "	"7"	"14"
"14:20:00"	"2015-09-03"	"Sedgefield"	"Hey Bob (IRE)"	"125.00"	"317.11"	"Hurdle"	"RO"	"6"	"ORegan, D W"	"Grant, C"	"2m1f "	"3"	"26"
"18:10:00"	"2015-09-02"	"Worcester"	"Big McIntosh (IRE)"	"7.00"	"11.5"	"Maiden Hurdle"	"6"	"8"	"Batchelor, Mattie"	"Ryan, J"	"2m "	"3"	"7"
"16:10:00"	"2015-09-02"	"Southwell"	"Champagne Present (IRE)"	"2.50"	"3.65"	"Handicap Hurdle"	"6"	"7"	"McLernon, R P"	"ONeill, Jonjo and AJ"	"2m4.5f "	"5"	"162"
"15:15:00"	"2015-08-29"	"Cartmel"	"Mystified (IRE) (OLD)"	"40.00"	"167.01"	"Beginners Chase"	"PU"	"6"	"Harding, Brian"	"Berry, A"	"2m5f "	"12"	"458"
"15:20:00"	"2015-08-21"	"Bangor"	"The Bugler (IRE)"	"5.50"	"7.4"	"Handicap Novices Hurdle"	"3"	"8"	"Moloney, Paul"	"Williams, Evan"	"2m.5f "	"8"	"288"
"17:15:00"	"2015-08-20"	"Stratford"	"Until The Man (IRE)"	"14.00"	"17.33"	"Handicap Hurdle"	"5"	"11"	"Baker, Mr Z"	"Brennan, F J"	"2m.5f "	"8"	"18"
"16:05:00"	"2015-08-20"	"Stratford"	"Surf In September (IRE)"	"33.00"	"53.46"	"Handicap Novices Hurdle"	"4"	"13"	"Grant, Mark"	"Davis, D J S Ffrench"	"2m2.5f "	"6"	"21"
"14:10:00"	"2015-08-12"	"Newton Abbot"	"Idle Talker (IRE)"	"5.00"	"7.6"	"Hurdle"	"4"	"5"	"Davies, James"	"Santos, Jose"	"2m.5f "	"3"	"7"
"14:55:00"	"2015-08-02"	"Market Rasen"	"Bearskin (IRE)"	"50.00"	"340.73"	"Novices Hurdle"	"5"	"9"	"Brooke, Henry"	"Duffield, Mrs A"	"2m.5f "	"4"	"22"
"14:40:00"	"2015-01-31"	"Ffos Las"	"Global Power (IRE)"	"4.00"	"5.5"	"Handicap Chase"	"PU"	"10"	"Aspell, Leighton"	"Sherwood, O"	"3m4f "	"9"	"53"
"13:30:00"	"2015-01-07"	"Ludlow"	"John Constable (IRE)"	"6.00"	"8.91"	"Maiden Hurdle"	"1"	"14"	"Moloney, Paul"	"Williams, Evan"	"2m "	"4"	"136"
"14:50:00"	"2015-01-04"	"Plumpton"	"Dont Do Mondays (IRE)"	"11.00"	"14"	"Handicap Chase"	"F"	"12"	"Scudamore, Tom"	"Bridgwater, D G"	"3m5f "	"8"	"25"
"15:10:00"	"2014-10-30"	"Stratford"	"Castle Conflict (IRE)"	"4.00"	"5.36"	"Handicap Chase"	"2"	"7"	"Johnson, Richard"	"Daly, H D"	"2m7f "	"9"	"203"
"15:00:00"	"2014-10-30"	"Sedgefield"	"Polarbrook (IRE)"	"100.00"	"182.57"	"Handicap Chase"	"PU"	"12"	"Davies, James"	"Shaw, D"	"3m6f "	"7"	"166"
"14:30:00"	"2014-10-30"	"Sedgefield"	"Night In Milan (IRE)"	"2.00"	"3.22"	"Handicap Hurdle"	"4"	"4"	"Reveley, James"	"Reveley, K G"	"3m3.5f "	"8"	"243"
"16:30:00"	"2014-10-25"	"Stratford"	"Desert Recluse (IRE)"	"33.00"	"60"	"Maiden Hurdle"	"1"	"12"	"Davies, James"	"Oliver, Henry"	"2m.5f "	"7"	"32"
"14:45:00"	"2014-10-25"	"Stratford"	"Timesawastin (IRE)"	"4.00"	"5.3"	"Handicap Chase"	"3"	"10"	"Moloney, Paul"	"Williams, Evan"	"2m5.5f "	"8"	"150"
"14:00:00"	"2014-10-25"	"Aintree"	"Eagle Rock (IRE)"	"8.00"	"10.61"	"Handicap Hurdle"	"2"	"9"	"Costello, Dougie"	"Tate, T P"	"2m1f "	"6"	"49"
"13:55:00"	"2014-10-25"	"Chepstow"	"Letbeso (IRE)"	"6.00"	"8.27"	"Maiden Hurdle"	"4"	"9"	"Moore, Jamie"	"Bowen, Peter / Michael"	"3m "	"6"	"479"
"16:00:00"	"2014-10-23"	"Carlisle"	"Shouldavboughtgold (IRE)"	"4.00"	"5.1"	"Handicap Chase"	"2"	"9"	"Reveley, James"	"Kinsey, W R"	"3m2f "	"7"	"290"
"13:30:00"	"2014-10-23"	"Southwell"	"Trillerin Minella (IRE)"	"12.00"	"12.8"	"Handicap Novices Chase"	"F"	"7"	"Hutchinson, Wayne"	"McPherson, Graeme P"	"3m.5f "	"6"	"147"
"15:35:00"	"2014-10-22"	"Fontwell"	"Kilmurvy (IRE)"	"4.00"	"5.4"	"Handicap Hurdle"	"3"	"8"	"Griffiths, Matt"	"Scott, J"	"2m6.5f "	"6"	"190"
"14:15:00"	"2014-10-19"	"Kempton"	"Maid Of Tuscany (IRE)"	"25.00"	"38"	"Hurdle"	"2"	"8"	"Quinlan, Mr Mark"	"Mulholland, N P"	"2m "	"3"	"15"
"14:15:00"	"2014-10-19"	"Kempton"	"Softly She Treads (IRE)"	"66.00"	"131.59"	"Hurdle"	"PU"	"8"	"Moore, Jamie"	"Phelan, P M"	"2m "	"3"	"80"
"15:20:00"	"2014-10-18"	"Kelso"	"Imperial Vic (IRE)"	"3.00"	"4.52"	"Handicap Chase"	"6"	"10"	"Cook, Danny"	"Bethell, Harriet"	"3m2f "	"9"	"179"
"15:10:00"	"2014-10-18"	"Cheltenham"	"Ballyglasheen (IRE)"	"7.00"	"9.8"	"Hurdle"	"3"	"4"	"Moloney, Paul"	"Williams, Evan"	"2m.5f "	"4"	"161"
"16:50:00"	"2014-10-16"	"Wincanton"	"Carrowbeg (IRE)"	"100.00"	"323.34"	"Maiden Hurdle"	"9"	"10"	"Deutsch, Charlie"	"Hill,Mrs Lawney "	"2m6f "	"6"	"31"
"14:20:00"	"2014-10-15"	"Wetherby"	"Blue Talisman (IRE)"	"18.00"	"22.03"	"Maiden Hurdle"	"3"	"12"	"Cook, Danny"	"Easterby, T D"	"2m.5f "	"3"	"27"
"16:55:00"	"2014-10-11"	"Chepstow"	"Agreement (IRE)"	"50.00"	"164.87"	"Handicap Hurdle"	"F"	"9"	"Garner, Mr O"	"Evans, Mrs N S"	"2m4f "	"4"	"18"
"14:00:00"	"2014-10-11"	"Chepstow"	"Karezak (IRE)"	"3.00"	"4.51"	"Hurdle"	"1"	"12"	"Hutchinson, Wayne"	"King, A"	"2m.5f "	"3"	"16"
"14:40:00"	"2014-10-10"	"Carlisle"	"Hail The Brave (IRE)"	"50.00"	"71.86"	"Novices Hurdle"	"9"	"12"	"Brooke, Henry"	"Kirby, P A"	"2m1f "	"5"	"110"
"16:20:00"	"2014-10-09"	"Exeter"	"Anginola (IRE)"	"14.00"	"34.41"	"Novices Hurdle"	"F"	"8"	"Coleman, A"	"Dennis, David"	"2m1f "	"5"	"12"
"14:20:00"	"2014-10-09"	"Exeter"	"Shadarpour (IRE)"	"3.33"	"4.7"	"Handicap Hurdle"	"1"	"8"	"Hutchinson, Wayne"	"King, A"	"2m3f "	"5"	"161"
"15:30:00"	"2014-10-08"	"Ludlow"	"Dark Spirit (IRE)"	"6.50"	"8.6"	"Handicap Hurdle"	"1"	"8"	"Wedge, Adam"	"Williams, Evan"	"3m "	"6"	"364"
"14:00:00"	"2014-10-08"	"Ludlow"	"Moving Waves (IRE)"	"8.00"	"11.51"	"Maiden Hurdle"	"3"	"9"	"Coleman, A"	"Farrelly, Johnny"	"2m "	"3"	"62"
"14:35:00"	"2014-10-05"	"Kelso"	"Mr Gallivanter (IRE)"	"0.33"	"1.39"	"Hurdle"	"1"	"4"	"Costello, Dougie"	"Quinn, J J"	"2m.5f "	"3"	"18"
"14:10:00"	"2014-10-03"	"Fontwell"	"Drifter (IRE) (OLD)"	"33.00"	"48.22"	"Maiden Hurdle"	"4"	"7"	"Byrne, Michael"	"Whittington, H"	"2m2.5f "	"3"	"79"
"17:20:00"	"2014-10-02"	"Warwick"	"Lady Of Longstone (IRE)"	"2.00"	"3.14"	"NH Flat"	"3"	"6"	"OFarrell, C"	"Pipe, D E"	"2m "	"4"	"114"
"14:20:00"	"2014-10-02"	"Bangor"	"Starchitect (IRE)"	"0.91"	"1.99"	"Hurdle"	"1"	"4"	"Maguire, Jason"	"McCain Jnr, D"	"2m1f "	"3"	"130"
"14:20:00"	"2014-10-02"	"Bangor"	"Edge (IRE)"	"33.00"	"42"	"Hurdle"	"4"	"4"	"Dunne, R T"	"Llewellyn, B J"	"2m1f "	"3"	"10"
"16:15:00"	"2014-09-30"	"Chepstow"	"Stag Hill (IRE)"	"20.00"	"30"	"Handicap Hurdle"	"3"	"11"	"Williams, Robert"	"Llewellyn, B J"	"2m.5f "	"5"	"7"
"16:00:00"	"2014-09-27"	"Market Rasen"	"Minstrels Gallery (IRE)"	"28.00"	"60"	"Novices Hurdle"	"6"	"12"	"Aspell, Leighton"	"Wadham, Mrs L"	"2m1f "	"5"	"144"
"13:45:00"	"2014-09-27"	"Market Rasen"	"Running Wolf (IRE)"	"66.00"	"215.22"	"Hurdle"	"5"	"6"	"Moore, Mr K"	"Hales, A M"	"2m1f "	"3"	"66"
"17:10:00"	"2014-09-26"	"Worcester"	"Orbys Man (IRE)"	"0.67"	"1.72"	"Maiden Hurdle"	"1"	"10"	"Fehily, Noel"	"Longsdon, C E"	"2m4f "	"5"	"192"
"14:10:00"	"2014-09-21"	"Uttoxeter"	"Frampton (IRE)"	"4.00"	"5.6"	"Maiden Hurdle"	"1"	"7"	"Fehily, Noel"	"Longsdon, C E"	"2m4.5f "	"5"	"180"
"17:40:00"	"2014-09-19"	"Newton Abbot"	"Bohemian Rhapsody (IRE)"	"6.00"	"7.8"	"Handicap Hurdle"	"6"	"7"	"Grant, Mark"	"Curran, S"	"2m6f "	"5"	"62"
"16:35:00"	"2014-09-17"	"Kelso"	"Beaumonts Party (IRE)"	"4.50"	"6"	"Handicap Hurdle"	"9"	"11"	"Cook, Danny"	"Ellison, B"	"2m.5f "	"7"	"12"
"16:20:00"	"2014-09-08"	"Perth"	"Uplifted (IRE)"	"14.00"	"15"	"Hurdle"	"3"	"5"	"Hughes, Brian"	"Ryan, K A"	"2m.5f "	"3"	"28"
"17:30:00"	"2014-09-04"	"Sedgefield"	"Wakhan (IRE)"	"4.50"	"6.2"	"Handicap Hurdle"	"PU"	"8"	"Mania, Ryan"	"Smith, Mrs S J"	"3m3.5f "	"6"	"482"
"16:55:00"	"2014-08-30"	"Market Rasen"	"Maillot Jaune (IRE)"	"66.00"	"476.15"	"Novices Hurdle"	"PU"	"8"	"Kington, John"	"Holmes, P F"	"2m1f "	"4"	"23"
"18:00:00"	"2014-08-21"	"Newton Abbot"	"Crannaghmore Boy (IRE)"	"1.38"	"2.54"	"Handicap Chase"	"1"	"5"	"McCoy, A P"	"Best, Jim"	"3m2.5f "	"9"	"21"
"18:40:00"	"2014-08-19"	"Worcester"	"To The Sky (IRE)"	"14.00"	"17.94"	"Handicap Novices Chase"	"1"	"10"	"Powell, Brendan"	"Snowden, Jamie"	"2m.5f "	"6"	"66"
"16:25:00"	"2014-08-01"	"Bangor"	"Cardigan Island (IRE)"	"9.00"	"11"	"Handicap Chase"	"3"	"7"	"Dunne, R T"	"Burchell, D"	"3m.5f "	"9"	"18"
"13:10:00"	"2014-01-24"	"Doncaster"	"Easydoesit (IRE)"	"12.00"	"17.69"	"Handicap Novices Hurdle"	"1"	"13"	"Fehily, Noel"	"Carroll, A W"	"2m.5f "	"6"	"11"
"13:20:00"	"2014-01-23"	"Warwick"	"Stiff Upper Lip (IRE)"	"20.00"	"30.29"	"Hurdle"	"4"	"8"	"Aspell, Leighton"	"Sherwood, O"	"2m "	"4"	"73"
"13:20:00"	"2014-01-23"	"Warwick"	"Rock Diamond (IRE)"	"100.00"	"365.85"	"Hurdle"	"6"	"8"	"Powell, Brendan"	"Powell, B G"	"2m "	"4"	"24"
"13:30:00"	"2014-01-16"	"Market Rasen"	"Lyric Street (IRE)"	"9.00"	"11"	"Novices Hurdle"	"3"	"11"	"Maguire, Jason"	"McCain Jnr, D"	"2m3f "	"6"	"100"
"14:05:00"	"2014-01-09"	"Catterick"	"El Massivo (IRE)"	"8.00"	"10.69"	"Novices Hurdle"	"F"	"9"	"Costello, Dougie"	"Ellison, B"	"2m "	"4"	"94"
"14:30:00"	"2014-01-06"	"Southwell"	"Epic Storm (IRE)"	"33.00"	"89.22"	"Novices Hurdle"	"5"	"7"	"Siddall, Tom"	"Keighley, M"	"2m "	"6"	"21"
"12:40:00"	"2014-01-03"	"Musselburgh"	"Rockabilly Riot (IRE)"	"33.00"	"50.99"	"Maiden Hurdle"	"1"	"12"	"ORegan, Denis"	"Todhunter, M"	"2m "	"4"	"177"
"12:10:00"	"2014-01-02"	"Huntingdon"	"Star Date (IRE)"	"50.00"	"82.49"	"Novices Hurdle"	"4"	"6"	"Aspell, Leighton"	"Sherwood, O"	"2m.5f "	"5"	"64"
"15:05:00"	"2014-01-01"	"Cheltenham"	"Zarkandar (IRE)"	"2.00"	"3.45"	"Hurdle"	"2"	"3"	"Jacob, Daryl"	"Nicholls, P F"	"2m4.5f "	"7"	"18"
"14:00:00"	"2013-10-31"	"Sedgefield"	"Night In Milan (IRE)"	"2.25"	"3.25"	"Handicap Hurdle"	"3"	"6"	"Reveley, James"	"Reveley, K G"	"3m3.5f "	"7"	"167"
"13:00:00"	"2013-10-31"	"Sedgefield"	"Baraboy (IRE)"	"25.00"	"50"	"Hurdle"	"7"	"10"	"Alexander, Lucy"	"Murtagh, Barry"	"2m1f "	"3"	"21"
"13:00:00"	"2013-10-27"	"Aintree"	"Rich Forever (IRE)"	"33.00"	"60"	"Hurdle"	"PU"	"6"	"Kington, John"	"Bethell, J D"	"2m1f "	"3"	"20"
"13:30:00"	"2013-10-24"	"Southwell"	"Shockingtimes (IRE)"	"6.00"	"8.2"	"Handicap Novices Chase"	"1"	"7"	"Grant, Mark"	"Mann, C J"	"3m.5f "	"6"	"318"
"17:30:00"	"2013-10-23"	"Worcester"	"Teochew (IRE)"	"1.75"	"2.89"	"Handicap Hurdle"	"5"	"7"	"McCoy, A P"	"Greatrex, W J"	"2m4f "	"5"	"184"
"16:20:00"	"2013-10-23"	"Worcester"	"Balady (IRE)"	"10.00"	"10.14"	"Novices Hurdle"	"9"	"11"	"Grant, Mark"	"Davis, D J S Ffrench"	"2m "	"4"	"41"
"15:25:00"	"2013-10-23"	"Fontwell"	"Kaafel (IRE)"	"33.00"	"72.24"	"Novices Hurdle"	"7"	"14"	"Aspell, Leighton"	"Hedger, P R"	"2m2.5f "	"4"	"17"
"16:25:00"	"2013-10-20"	"Kempton"	"Rock On Ruby (IRE)"	"1.75"	"2.96"	"Hurdle"	"2"	"4"	"Fehily, Noel"	"Fry, Harry"	"2m "	"8"	"177"
"14:15:00"	"2013-10-20"	"Kempton"	"Handsome Stranger (IRE)"	"66.00"	"111.63"	"Hurdle"	"4"	"10"	"Davies, James"	"Bailey, A"	"2m "	"3"	"9"
"14:15:00"	"2013-10-20"	"Kempton"	"Dark Emerald (IRE)"	"5.00"	"7.6"	"Hurdle"	"6"	"10"	"Powell, Brendan"	"Powell, B G"	"2m "	"3"	"21"
"14:50:00"	"2013-10-17"	"Wincanton"	"Milosam (IRE)"	"4.00"	"5.74"	"Handicap Novices Chase"	"PU"	"7"	"Davies, James"	"Hobbs, P J / White, J"	"3m1.5f "	"6"	"167"
"17:30:00"	"2013-10-16"	"Wetherby"	"Devotion To Duty (IRE)"	"16.00"	"24.61"	"Handicap Hurdle"	"3"	"7"	"McGrath, Richard"	"Kirby, P A"	"2m6f "	"7"	"174"
"14:20:00"	"2013-10-16"	"Wetherby"	"Attansky (IRE)"	"7.50"	"9"	"Maiden Hurdle"	"7"	"11"	"Haynes, Harry"	"Easterby, T D"	"2m.5f "	"3"	"27"
"16:20:00"	"2013-10-15"	"Huntingdon"	"Lombardy Boy (IRE)"	"18.00"	"19.84"	"Handicap Hurdle"	"7"	"12"	"Whelan, Trevor"	"Banks, M C"	"3m2f "	"8"	"144"
"14:10:00"	"2013-10-09"	"Ludlow"	"Maxi Mac (IRE)"	"66.00"	"230.77"	"Maiden Hurdle"	"4"	"7"	"Wall, Josh"	"Wall, T"	"2m "	"3"	"65"
"17:15:00"	"2013-10-06"	"Kelso"	"Push Me (IRE)"	"20.00"	"32"	"Handicap Novices Hurdle"	"1"	"9"	"Lane, A P"	"Jardine, I"	"2m2f "	"6"	"34"
"14:55:00"	"2013-10-06"	"Uttoxeter"	"Eanans Bay (IRE)"	"100.00"	"260.23"	"Maiden Hurdle"	"13"	"14"	"Bolger, Colin"	"Tompkins, M H"	"2m "	"4"	"20"
"14:10:00"	"2013-10-04"	"Fontwell"	"Maypole Joe (IRE)"	"80.00"	"202.28"	"Maiden Hurdle"	"PU"	"12"	"Cannon, Tom J"	"York, R H"	"2m2.5f "	"3"	"230"
"14:50:00"	"2013-10-03"	"Bangor"	"Foundry Square (IRE)"	"16.00"	"22.15"	"Novices Chase"	"2"	"7"	"Twiston-Davies, Sam"	"Twiston-Davies, N A"	"2m4.5f "	"7"	"26"
"14:20:00"	"2013-10-01"	"Sedgefield"	"Downtown Boy (IRE)"	"20.00"	"26.22"	"Novices Hurdle"	"3"	"9"	"Brennan, P J"	"Grant, C"	"2m1f "	"5"	"92"
"14:20:00"	"2013-10-01"	"Sedgefield"	"Touching History (IRE)"	"100.00"	"593.86"	"Novices Hurdle"	"PU"	"9"	"Tinkler, Andrew"	"Etherington, T J"	"2m1f "	"4"	"68"
"13:45:00"	"2013-09-28"	"Market Rasen"	"Royal Irish Hussar (IRE)"	"1.88"	"3.3"	"Hurdle"	"1"	"10"	"Bass, David"	"Henderson, N J"	"2m1f "	"3"	"64"
"17:45:00"	"2013-09-27"	"Worcester"	"What A Good Night (IRE)"	"8.00"	"11"	"Handicap Hurdle"	"3"	"13"	"Twiston-Davies, Sam"	"Twiston-Davies, N A"	"2m7f "	"5"	"14"
"15:50:00"	"2013-09-24"	"Newton Abbot"	"Qianshan Leader (IRE)"	"4.50"	"5.94"	"Handicap Chase"	"PU"	"8"	"Sheehan, Gavin"	"Lavelle, Miss E C"	"3m2.5f "	"9"	"147"
"15:00:00"	"2013-09-22"	"Plumpton"	"Spirit of Xaar (IRE)"	"25.00"	"38.5"	"Novices Hurdle"	"12"	"13"	"Thornton, Andrew"	"Jewell, Mrs L C"	"2m2f "	"7"	"110"
"15:40:00"	"2013-09-10"	"Worcester"	"Train Of Thought (IRE)"	"5.00"	"6.08"	"Novices Chase"	"F"	"9"	"Moloney, Paul"	"Williams, Evan"	"2m.5f "	"5"	"50"
"17:45:00"	"2013-08-23"	"Ffos Las"	"The Nephew (IRE)"	"2.25"	"3.65"	"Handicap Hurdle"	"5"	"12"	"McCoy, A P"	"ONeill, Jonjo and AJ"	"2m4f "	"5"	"125"
"16:30:00"	"2013-08-22"	"Ffos Las"	"Diamonds Return (IRE)"	"16.00"	"23.86"	"Handicap Hurdle"	"3"	"9"	"OFarrell, C"	"Pipe, D E"	"2m4f "	"9"	"3"
"17:40:00"	"2013-08-21"	"Newton Abbot"	"Vergality Ridge (IRE)"	"50.00"	"95"	"Maiden Hurdle"	"2"	"5"	"Linehan, E D"	"Harris, R A"	"2m1f "	"3"	"37"
"17:40:00"	"2013-08-21"	"Newton Abbot"	"Relentless (IRE)"	"0.91"	"1.99"	"Maiden Hurdle"	"4"	"5"	"McCoy, A P"	"Best, Jim"	"2m1f "	"3"	"111"
"15:30:00"	"2013-08-18"	"Southwell"	"Neverownup (IRE)"	"18.00"	"40"	"Beginners Chase"	"2"	"6"	"Crawley, Matt"	"Clutterbuck, K F"	"3m.5f "	"8"	"19"
"14:05:00"	"2013-08-01"	"Stratford"	"Not A Doctor (IRE)"	"100.00"	"306.19"	"Handicap Novices Hurdle"	"5"	"9"	"OFarrell, C"	"Gundry, Miss Polly"	"2m6.5f "	"10"	"2122"
"12:40:00"	"2013-01-11"	"Sedgefield"	"Three Kingdoms (IRE)"	"2.25"	"3.86"	"Novices Hurdle"	"2"	"11"	"Quinlan, Jack"	"Ferguson, J P"	"2m1f "	"4"	"123"
"14:45:00"	"2013-01-10"	"Catterick"	"My Mate Jake (IRE)"	"16.00"	"24.31"	"Novices Hurdle"	"5"	"16"	"Tinkler, Andrew"	"Given, J G"	"2m "	"5"	"69"
"13:15:00"	"2013-01-05"	"Sandown"	"Uncle Roger (IRE)"	"33.00"	"60"	"Hurdle"	"6"	"7"	"Kennedy, W T"	"Houghton, Eve Johnson"	"2m.5f "	"4"	"51"
"14:20:00"	"2012-10-27"	"Stratford"	"Esporao (IRE)"	"1.88"	"2.99"	"Seller Hurdle"	"4"	"10"	"McCoy, A P"	"Elliott, Gordon"	"2m.5f "	"6"	"22"
"17:20:00"	"2012-10-26"	"Fakenham"	"Ironically (IRE)"	"3.33"	"4.6"	"Hurdle"	"3"	"8"	"Whelan, Trevor"	"King, N B"	"2m "	"3"	"22"
"14:20:00"	"2012-10-25"	"Carlisle"	"Bandanaman (IRE)"	"8.00"	"12.75"	"Handicap Hurdle"	"2"	"9"	"Green, Miss R A"	"Swinbank, G A"	"2m4f "	"6"	"22"
"15:10:00"	"2012-10-23"	"Exeter"	"Johns Spirit (IRE)"	"9.00"	"10.5"	"Beginners Chase"	"5"	"11"	"McLernon, R P"	"ONeill, Jonjo and AJ"	"2m1.5f "	"5"	"191"
"14:10:00"	"2012-10-22"	"Plumpton"	"Do More Business (IRE)"	"40.00"	"95"	"Maiden Hurdle"	"PU"	"13"	"Aspell, Leighton"	"Batchelor, Mrs A M"	"2m "	"5"	"19"
"15:15:00"	"2012-10-20"	"Kelso"	"Across The Bay (IRE)"	"4.00"	"5.04"	"Handicap Chase"	"1"	"9"	"Brooke, Henry"	"McCain Jnr, D"	"3m2f "	"8"	"191"
"16:50:00"	"2012-10-18"	"Wincanton"	"Sir Roger (IRE)"	"9.00"	"10.5"	"Handicap Hurdle"	"15"	"20"	"Phelan, T J"	"Gillard, Mark"	"2m "	"6"	"156"
"14:45:00"	"2012-10-13"	"Hexham"	"Dolly Royal (IRE)"	"40.00"	"82.02"	"Novices Hurdle"	"3"	"8"	"Johnson, Kenny"	"Johnson, R"	"2m.5f "	"7"	"4"
"15:45:00"	"2012-10-07"	"Huntingdon"	"Venetian View (IRE)"	"10.00"	"14.43"	"Hurdle"	"4"	"10"	"Moore, Joshua"	"Moore, Gary and Josh"	"2m.5f "	"3"	"32"
"14:10:00"	"2012-10-05"	"Fontwell"	"Whipcrackaway (IRE)"	"8.00"	"10.66"	"Maiden Hurdle"	"2"	"8"	"Aspell, Leighton"	"Hedger, P R"	"2m2.5f "	"3"	"23"
"14:50:00"	"2012-10-02"	"Sedgefield"	"Uncut Stone (IRE)"	"33.00"	"69.84"	"Novices Hurdle"	"5"	"11"	"Hughes, Brian"	"Niven, P D"	"2m5.5f "	"4"	"12"
"15:55:00"	"2012-09-29"	"Market Rasen"	"Outback (IRE)"	"33.00"	"160"	"Hurdle"	"6"	"10"	"Merriam, Alex"	"King, N B"	"2m1f "	"3"	"93"
"12:00:00"	"2012-09-28"	"Stratford"	"Tidal Way (IRE)"	"2.25"	"3.18"	"Maiden Hurdle"	"2"	"8"	"Tinkler, Andrew"	"Longsdon, C E"	"2m.5f "	"3"	"65"
"14:45:00"	"2012-09-27"	"Perth"	"Catcher Of Dreams (IRE)"	"100.00"	"236.14"	"Novices Hurdle"	"8"	"8"	"Cockburn, Grant J"	"Foster, A G"	"2m.5f "	"6"	"59"
"15:50:00"	"2012-09-08"	"Stratford"	"Unknown Rebel (IRE)"	"33.00"	"59.43"	"Handicap Hurdle"	"7"	"14"	"Brooke, Henry"	"McCain Jnr, D"	"2m.5f "	"4"	"24"
"17:20:00"	"2012-09-01"	"Market Rasen"	"Sinnamara (IRE)"	"40.00"	"54.63"	"Novices Hurdle"	"6"	"8"	"Voy, A L"	"Wainwright, J S"	"2m1f "	"4"	"16"
"17:00:00"	"2012-08-24"	"Ffos Las"	"Simarian (IRE)"	"12.00"	"17.96"	"Handicap Hurdle"	"1"	"5"	"Moloney, Paul"	"Williams, Evan"	"3m "	"7"	"498"
"17:30:00"	"2012-08-22"	"Newton Abbot"	"Single Girl (IRE)"	"12.00"	"17.9"	"Maiden Hurdle"	"6"	"6"	"Scholfield, Nick"	"Blake, Michael"	"2m1f "	"3"	"30"
"16:20:00"	"2012-08-04"	"Newton Abbot"	"Mostly Bob (IRE)"	"11.00"	"16.16"	"Handicap Hurdle"	"SU"	"14"	"Moloney, Paul"	"Leech, Mrs S"	"3m3f "	"9"	"14"
"15:20:00"	"2012-08-03"	"Bangor"	"Scribe (IRE)"	"20.00"	"36"	"Novices Hurdle"	"5"	"8"	"Coleman, A"	"Evans, P D"	"2m1f "	"4"	"7"
"13:30:00"	"2012-01-25"	"Hereford"	"Green Lightning (IRE)"	"66.00"	"244.07"	"Novices Hurdle"	"9"	"16"	"Weston, Mr T"	"Weston, M H"	"2m1f "	"5"	"96"
"16:15:00"	"2012-01-22"	"Towcester"	"Humbel Times (IRE)"	"200.00"	"854.1"	"Hunters Chase"	"F"	"17"	"Tett, Frederick"	"Burton, G E"	"2m6f "	"8"	"250"
"14:50:00"	"2012-01-14"	"Kempton"	"American Trilogy (IRE)"	"25.00"	"50"	"Handicap Hurdle"	"5"	"19"	"Jacob, Daryl"	"Nicholls, P F"	"2m5f "	"8"	"35"
"13:45:00"	"2012-01-12"	"Catterick"	"Countess Comet (IRE)"	"28.00"	"35.14"	"Novices Hurdle"	"1"	"16"	"Messenger, Tom"	"Bealby, C C"	"2m "	"5"	"101"
"13:05:00"	"2012-01-11"	"Doncaster"	"Pittodrie Star (IRE)"	"20.00"	"28.69"	"Novices Hurdle"	"8"	"14"	"ORegan, Denis"	"OMeara, D"	"2m3.5f "	"5"	"43"
"14:40:00"	"2012-01-09"	"Taunton"	"Smart George (IRE)"	"50.00"	"160.4"	"Novices Hurdle"	"8"	"13"	"Twiston-Davies, Sam"	"Twiston-Davies, N A"	"2m1f "	"4"	"73"
"15:25:00"	"2012-01-07"	"Wincanton"	"The Pier (IRE)"	"40.00"	"93.97"	"Handicap Hurdle"	"2"	"12"	"Frost, Hadden"	"Pipe, D E"	"2m4f "	"6"	"57"
"13:30:00"	"2012-01-06"	"Bangor"	"Record Breaker (IRE)"	"12.00"	"14.12"	"Novices Hurdle"	"3"	"8"	"Brooke, Henry"	"McCain Jnr, D"	"2m1f "	"8"	"77"
"12:55:00"	"2012-01-02"	"Ayr"	"Spirit of A Nation (IRE)"	"20.00"	"31.46"	"Maiden Hurdle"	"5"	"9"	"Renwick, Wilson"	"Moffatt, James"	"2m "	"7"	"107"
"13:55:00"	"2011-10-30"	"Huntingdon"	"Carlitos Spirit (IRE)"	"33.00"	"60"	"Claimer Hurdle"	"5"	"8"	"Poste, Charlie"	"McInnes, I W"	"2m.5f "	"7"	"3"
"16:30:00"	"2011-10-28"	"Wetherby"	"Allanard (IRE)"	"14.00"	"18.13"	"Handicap Chase"	"3"	"11"	"Reveley, James"	"Todhunter, M"	"3m1f "	"7"	"148"
"15:55:00"	"2011-10-28"	"Wetherby"	"Geminus (IRE)"	"100.00"	"208.28"	"Hurdle"	"7"	"12"	"Harding, Brian"	"OKeeffe, Jedd"	"2m.5f "	"3"	"57"
"15:20:00"	"2011-10-27"	"Stratford"	"Notabotheronme (IRE)"	"20.00"	"23"	"Handicap Chase"	"4"	"8"	"Kennedy, W T"	"Burchell, D"	"3m4f "	"9"	"130"
"15:25:00"	"2011-10-26"	"Haydock"	"Nicholas Pocock (IRE)"	"28.00"	"47.24"	"Novices Hurdle"	"6"	"7"	"Buchanan, Peter"	"McInnes, I W"	"2m "	"5"	"5"
"14:20:00"	"2011-10-26"	"Haydock"	"Unknown Rebel (IRE)"	"1.50"	"2.61"	"Hurdle"	"4"	"9"	"Costello, Dougie"	"Ryan, K A"	"2m "	"3"	"53"
"15:10:00"	"2011-10-25"	"Chepstow"	"Piran (IRE)"	"40.00"	"49.69"	"Handicap Hurdle"	"PU"	"13"	"Williams, Robert"	"Llewellyn, B J"	"3m "	"9"	"1227"
"14:00:00"	"2011-10-23"	"Aintree"	"Bradbury (IRE) (OLD)"	"4.00"	"5.84"	"Hurdle"	"1"	"7"	"Davis, Fearghal"	"Bethell, J D"	"2m1f "	"3"	"35"
"16:50:00"	"2011-10-13"	"Wincanton"	"Easydoesit (IRE)"	"11.00"	"14"	"Maiden Hurdle"	"PU"	"7"	"Kennedy, W T"	"Carroll, A W"	"2m "	"3"	"10"
"14:20:00"	"2011-10-11"	"Huntingdon"	"Galiotto (IRE)"	"14.00"	"18.54"	"Handicap Hurdle"	"6"	"9"	"Moore, Joshua"	"Moore, Gary and Josh"	"2m.5f "	"5"	"91"
"14:20:00"	"2011-10-06"	"Exeter"	"All Guns Firing (IRE)"	"25.00"	"65"	"Novices Hurdle"	"6"	"9"	"Griffiths, Matt"	"Scott, J"	"2m1f "	"5"	"59"
"16:10:00"	"2011-10-05"	"Ludlow"	"Jolly Roger (IRE) (OLD)"	"2.75"	"3.78"	"Beginners Chase"	"1"	"6"	"Moloney, Paul"	"Williams, Evan"	"2m4f "	"4"	"212"
"16:25:00"	"2011-09-30"	"Fontwell"	"Rey Nacarado (IRE)"	"1.75"	"3.12"	"Handicap Hurdle"	"3"	"10"	"Quinn, Gerald"	"Longsdon, C E"	"3m3f "	"6"	"188"
"14:20:00"	"2011-09-22"	"Perth"	"Bertie Milan (IRE)"	"16.00"	"23.25"	"Novices Hurdle"	"3"	"5"	"Bradburne, Mark"	"Bradburne, Mrs S C"	"3m.5f "	"6"	"134"
"14:30:00"	"2011-09-18"	"Plumpton"	"Michelle (IRE)"	"100.00"	"1000"	"Novices Hurdle"	"PU"	"13"	"Glassonbury, Andrew"	"Butler, P"	"2m "	"5"	"76"
"14:10:00"	"2011-09-04"	"Fontwell"	"Cuban Piece (IRE)"	"3.50"	"4.79"	"Hurdle"	"2"	"8"	"McCoy, A P"	"McCain Jnr, D"	"2m2.5f "	"3"	"73"
"15:55:00"	"2011-09-03"	"Stratford"	"Alesandro Mantegna (IRE)"	"5.00"	"6.95"	"Handicap Chase"	"UR"	"7"	"Murphy, Timmy"	"Goldsworthy, W K"	"2m7f "	"6"	"9"
"14:20:00"	"2011-09-03"	"Stratford"	"Marju King (IRE)"	"33.00"	"55"	"Novices Hurdle"	"7"	"12"	"Moore, Jamie"	"Middleton,P W "	"2m.5f "	"5"	"51"
"14:20:00"	"2011-09-03"	"Stratford"	"Calypso Star (IRE)"	"50.00"	"120"	"Novices Hurdle"	"F"	"12"	"Heard, Liam"	"Hawke, N J"	"2m.5f "	"4"	"371"
"14:20:00"	"2011-09-01"	"Newton Abbot"	"Feeling (IRE)"	"6.50"	"8.8"	"Handicap Hurdle"	"9"	"9"	"Prichard, Mr D G"	"Burchell, D"	"2m3f "	"7"	"21"
"17:30:00"	"2011-08-29"	"Huntingdon"	"Knock Boy (IRE)"	"28.00"	"44.14"	"Handicap Hurdle"	"10"	"11"	"Thornton, Andrew"	"Jewell, Mrs L C"	"3m2f "	"9"	"845"
"15:25:00"	"2011-08-29"	"Bangor"	"Honoured (IRE)"	"2.00"	"3.27"	"Novices Hurdle"	"3"	"4"	"Killoran, R J"	"Henderson, N J"	"2m1f "	"4"	"324"
"14:50:00"	"2011-08-25"	"Ffos Las"	"American Cricket (IRE)"	"2.50"	"3.63"	"Claimer Hurdle"	"1"	"5"	"Moloney, Paul"	"Williams, Evan"	"3m "	"10"	"483"
"20:20:00"	"2011-08-13"	"Market Rasen"	"Cunning Clarets (IRE)"	"6.00"	"7.4"	"Handicap Hurdle"	"6"	"10"	"Hughes, Brian"	"Fahey, R A"	"2m3f "	"6"	"188"
"19:20:00"	"2011-08-13"	"Market Rasen"	"Saddlers Deal (IRE)"	"2.75"	"3.7"	"Handicap Chase"	"F"	"6"	"ORegan, Denis"	"Grant, C"	"2m2f "	"6"	"122"
"18:20:00"	"2011-08-13"	"Market Rasen"	"Monkton Vale (IRE)"	"6.00"	"8.62"	"Novices Hurdle"	"4"	"10"	"McCoy, A P"	"Wilson, N"	"2m1f "	"4"	"33"
"19:15:00"	"2011-08-11"	"Stratford"	"Musashi (IRE) (OLD)"	"33.00"	"56.25"	"Handicap Hurdle"	"11"	"16"	"Adams, Nathan"	"Mongan, Mrs L J"	"2m.5f "	"6"	"15"
"15:25:00"	"2011-01-27"	"Warwick"	"Danderry (IRE)"	"7.50"	"9.87"	"Handicap Hurdle"	"PU"	"14"	"Coleman, A"	"Hill,Mrs Lawney "	"3m1f "	"7"	"421"
"13:20:00"	"2011-01-27"	"Ffos Las"	"Maadraa (IRE)"	"50.00"	"94.11"	"Maiden Hurdle"	"7"	"14"	"Fahy, D P"	"Llewellyn, B J"	"2m "	"6"	"559"
"13:10:00"	"2011-01-17"	"Plumpton"	"Birthday Star (IRE)"	"100.00"	"284.03"	"Novices Hurdle"	"PU"	"12"	"Moore, Joshua"	"Jewell, Mrs L C"	"2m "	"9"	"408"
"11:50:00"	"2011-01-15"	"Kempton"	"Cuckoo Rock (IRE)"	"100.00"	"400"	"Hurdle"	"6"	"11"	"McLernon, R P"	"Portman, J G"	"2m "	"4"	"29"
"15:10:00"	"2011-01-13"	"Hereford"	"Saulty Max (IRE)"	"6.00"	"7.6"	"Handicap Hurdle"	"2"	"17"	"Brennan, P J"	"Twiston-Davies, N A"	"3m2f "	"7"	"311"
"13:50:00"	"2011-01-13"	"Catterick"	"Aldaado (IRE)"	"150.00"	"570"	"Novices Hurdle"	"12"	"15"	"Siddall, Tom"	"Midgley, P T"	"2m "	"5"	"10"
"12:50:00"	"2011-01-13"	"Catterick"	"Lil Ella (IRE)"	"6.00"	"8.11"	"Maiden Hurdle"	"6"	"10"	"Siddall, Tom"	"Holmes, P F"	"2m "	"4"	"92"
"13:40:00"	"2011-01-12"	"Doncaster"	"Clear Alternative (IRE)"	"100.00"	"158.67"	"Hurdle"	"F"	"6"	"Banks, Mr J"	"Clement, T T"	"2m.5f "	"4"	"135"
"13:10:00"	"2011-01-06"	"Huntingdon"	"Second Brook (IRE)"	"100.00"	"310"	"Novices Hurdle"	"8"	"16"	"Hatton, Peter"	"Hollinshead, R"	"2m.5f "	"4"	"93"
"15:25:00"	"2010-10-30"	"Wetherby"	"The Tother One (IRE)"	"2.25"	"3.46"	"Chase"	"2"	"8"	"Walsh, R"	"Nicholls, P F"	"3m1f "	"9"	"228"
"15:55:00"	"2010-10-29"	"Wetherby"	"Maoi Chinn Tire (IRE)"	"200.00"	"1000"	"Hurdle"	"1"	"13"	"OKeeffe, Alan"	"Candlish, Jennie"	"2m.5f "	"3"	"44"
"17:10:00"	"2010-10-27"	"Haydock"	"Hallstatt (IRE)"	"50.00"	"127.71"	"Novices Hurdle"	"12"	"13"	"Crosse, Dave"	"Mackie, J"	"2m "	"4"	"26"
"15:20:00"	"2010-10-24"	"Aintree"	"Racing Demon (IRE)"	"7.00"	"8.86"	"Handicap Hurdle"	"2"	"13"	"Frost, Hadden"	"Knight, Miss H C"	"3m.5f "	"10"	"221"
"14:20:00"	"2010-10-13"	"Wetherby"	"Manxman (IRE) (OLD)"	"8.50"	"10.5"	"Maiden Hurdle"	"5"	"14"	"Lee, G"	"Murphy, Ferdy"	"2m.5f "	"3"	"196"
"14:20:00"	"2010-10-13"	"Wetherby"	"Gorgeous Annie (IRE)"	"25.00"	"36.38"	"Maiden Hurdle"	"11"	"14"	"Kennedy, W T"	"Carr, John G"	"2m.5f "	"3"	"56"
"14:55:00"	"2010-10-09"	"Bangor"	"Grand Diamond (IRE)"	"8.50"	"10.5"	"Handicap Hurdle"	"2"	"12"	"Keniry, Barry"	"Goldie, J S"	"2m1f "	"6"	"6"
"14:20:00"	"2010-10-09"	"Chepstow"	"Fine Lace (IRE)"	"7.00"	"8.57"	"Hurdle"	"2"	"9"	"Moloney, Paul"	"Williams, Evan"	"2m.5f "	"3"	"9"
"15:35:00"	"2010-10-07"	"Exeter"	"Ammunition (IRE)"	"4.00"	"5.5"	"Handicap Chase"	"1"	"10"	"Twiston-Davies, Sam"	"Twiston-Davies, N A"	"3m "	"10"	"255"
"16:50:00"	"2010-10-06"	"Ludlow"	"Jazz Age (IRE)"	"12.00"	"18.15"	"Maiden Hurdle"	"3"	"11"	"Scudamore, Tom"	"Pipe, D E"	"2m "	"3"	"261"
"16:50:00"	"2010-10-06"	"Ludlow"	"Until The Man (IRE)"	"5.50"	"7.76"	"Maiden Hurdle"	"4"	"11"	"Moore, Jamie"	"Best, Jim"	"2m "	"3"	"94"
"16:50:00"	"2010-10-06"	"Ludlow"	"Tom Wade (IRE)"	"66.00"	"149.18"	"Maiden Hurdle"	"UR"	"11"	"James, Mr K"	"Harris, John A"	"2m "	"3"	"26"
"17:55:00"	"2010-10-03"	"Huntingdon"	"Rey Nacarado (IRE)"	"3.33"	"4.75"	"Handicap Hurdle"	"1"	"9"	"Carberry, Peter"	"Longsdon, C E"	"3m2f "	"5"	"175"
"16:55:00"	"2010-10-03"	"Kelso"	"Pena Dorada (IRE)"	"4.00"	"6.58"	"Hurdle"	"1"	"10"	"Keniry, Barry"	"Burke, Mrs K"	"2m.5f "	"3"	"20"
"16:05:00"	"2010-10-03"	"Huntingdon"	"Baggsy (IRE)"	"40.00"	"85"	"Hurdle"	"8"	"12"	"Batchelor, Mattie"	"Feilden, Miss J"	"2m.5f "	"3"	"108"
"14:20:00"	"2010-10-02"	"Fontwell"	"Zakeeta (IRE)"	"20.00"	"32"	"Maiden Hurdle"	"1"	"9"	"Aspell, Leighton"	"Sherwood, O"	"2m2.5f "	"3"	"169"
"14:35:00"	"2010-09-26"	"Market Rasen"	"Manshoor (IRE)"	"6.50"	"7.6"	"Handicap Hurdle"	"2"	"11"	"Crawley, Matt"	"Wadham, Mrs L"	"2m1f "	"5"	"12"
"14:20:00"	"2010-09-25"	"Market Rasen"	"Higgys Boy (IRE)"	"6.00"	"7.8"	"Handicap Hurdle"	"14"	"17"	"Geraghty, B J"	"Henderson, N J"	"2m1f "	"5"	"547"
"14:10:00"	"2010-09-23"	"Fontwell"	"Finch Flyer (IRE)"	"3.33"	"4.61"	"Maiden Hurdle"	"2"	"10"	"Moore, Jamie"	"Moore, Gary and Josh"	"2m2.5f "	"3"	"10"
"14:10:00"	"2010-09-23"	"Fontwell"	"Red Barcelona (IRE)"	"5.00"	"7"	"Maiden Hurdle"	"5"	"10"	"Batchelor, Mattie"	"Tompkins, M H"	"2m2.5f "	"3"	"22"
"16:00:00"	"2010-09-19"	"Plumpton"	"Musashi (IRE) (OLD)"	"5.50"	"7.4"	"Handicap Seller Hurdle"	"1"	"11"	"Aspell, Leighton"	"Mongan, Mrs L J"	"2m "	"5"	"11"
"14:55:00"	"2010-09-08"	"Uttoxeter"	"Straight Face (IRE)"	"14.00"	"23"	"Seller Hurdle"	"4"	"7"	"Molloy, T"	"Evans, P D"	"2m "	"6"	"36"
"14:25:00"	"2010-09-05"	"Worcester"	"Easyfix (IRE)"	"50.00"	"80"	"Novices Hurdle"	"5"	"6"	"Wills, Miss C L"	"Powell, B G"	"3m "	"7"	"370"
"13:40:00"	"2010-09-05"	"Fontwell"	"Optimistic Duke (IRE)"	"40.00"	"110"	"Hurdle"	"2"	"10"	"McCarthy, J A"	"Muir, W R"	"2m2.5f "	"3"	"40"
"14:20:00"	"2010-09-04"	"Stratford"	"Hector Spectre (IRE)"	"66.00"	"170"	"Novices Hurdle"	"9"	"10"	"Mogford, Jodie"	"Evans, Mrs N S"	"2m.5f "	"4"	"26"
"15:50:00"	"2010-08-31"	"Newton Abbot"	"Lilly Royal (IRE)"	"28.00"	"60"	"Novices Hurdle"	"6"	"10"	"Fahy, D P"	"Palling, B"	"2m1f "	"4"	"45"
"15:40:00"	"2010-08-30"	"Huntingdon"	"Lady Romanov (IRE)"	"100.00"	"166.28"	"Seller Hurdle"	"5"	"7"	"Bird, Mr Ashley"	"Butler, P"	"2m4.5f "	"7"	"272"
"19:30:00"	"2010-08-26"	"Cartmel"	"Lucky Score (IRE)"	"7.50"	"10"	"Maiden Hurdle"	"1"	"5"	"Horner, Miss L"	"Grant, C"	"2m6f "	"4"	"66"
"18:50:00"	"2010-08-25"	"Ffos Las"	"Alesandro Mantegna (IRE)"	"9.00"	"11"	"Handicap Hurdle"	"3"	"9"	"OBrien, T J"	"Goldsworthy, W K"	"2m4f "	"5"	"129"
"14:00:00"	"2010-08-22"	"Newton Abbot"	"A Nun With A Gun (IRE)"	"16.00"	"20.81"	"Novices Hurdle"	"1"	"12"	"OBrien, T J"	"Jones, A E"	"2m3f "	"7"	"315"
"17:20:00"	"2010-08-21"	"Market Rasen"	"Desert Forest (IRE)"	"6.00"	"8"	"Maiden Hurdle"	"3"	"7"	"Hughes, Brian"	"Johnson, J Howard"	"2m1f "	"3"	"45"
"17:20:00"	"2010-08-21"	"Market Rasen"	"Frameit (IRE)"	"2.00"	"3.28"	"Maiden Hurdle"	"F"	"7"	"David, Mr T R"	"Vaughan, Tim"	"2m1f "	"3"	"40"
"17:20:00"	"2010-08-21"	"Market Rasen"	"Woodhouse Mill (IRE)"	"40.00"	"70"	"Maiden Hurdle"	"PU"	"7"	"Tinkler, Andrew"	"Tinkler, N"	"2m1f "	"3"	"54"
"18:10:00"	"2010-08-18"	"Hereford"	"Contradiktive (IRE)"	"1.88"	"2.94"	"Novices Hurdle"	"3"	"6"	"Johnson, Richard"	"Vaughan, Tim"	"2m1f "	"4"	"48"
"20:10:00"	"2010-08-14"	"Market Rasen"	"Bens Folly (IRE)"	"5.00"	"6.52"	"Handicap Hurdle"	"6"	"8"	"Johnson, Richard"	"Vaughan, Tim"	"2m3f "	"5"	"325"
"16:15:00"	"2010-08-10"	"Newton Abbot"	"Dunkelly Castle (IRE)"	"3.50"	"5"	"Handicap Hurdle"	"2"	"10"	"Frost, Hadden"	"Curtis, R"	"3m3f "	"6"	"21"
"15:40:00"	"2010-01-30"	"Cheltenham"	"Tidal Bay (IRE)"	"14.00"	"19.22"	"Hurdle"	"1"	"13"	"Hughes, Brian"	"Johnson, J Howard"	"3m "	"9"	"51"
"13:55:00"	"2010-01-28"	"Ffos Las"	"Tar (IRE)"	"100.00"	"536.87"	"Maiden Hurdle"	"4"	"13"	"Gerrard, J J"	"Vaughan, Tim"	"2m "	"6"	"65"
"15:10:00"	"2010-01-25"	"Lingfield"	"Mega Watt (IRE)"	"20.00"	"30.84"	"Maiden Hurdle"	"3"	"11"	"Coleman, A"	"Williams, Miss Venetia"	"2m.5f "	"5"	"187"
"13:40:00"	"2010-01-24"	"Market Rasen"	"Ibrox (IRE)"	"12.00"	"21"	"Novices Hurdle"	"6"	"10"	"Halliday, James"	"Brown, A D"	"2m3f "	"5"	"23"
"13:00:00"	"2010-01-21"	"Taunton"	"Cool Touch (IRE)"	"9.00"	"11.5"	"Novices Hurdle"	"2"	"12"	"Brennan, P J"	"Twiston-Davies, N A"	"2m1f "	"7"	"776"
"13:30:00"	"2010-01-16"	"Kempton"	"Kiribati King (IRE)"	"16.00"	"29.68"	"Novices Hurdle"	"10"	"12"	"Fehily, Noel"	"Mann, C J"	"2m5f "	"5"	"175"
"12:50:00"	"2010-01-03"	"Plumpton"	"Blue Tango (IRE)"	"66.00"	"129.47"	"Novices Hurdle"	"4"	"11"	"Treadwell, Liam"	"Perrett, Mrs A J"	"2m "	"4"	"76"
"12:50:00"	"2010-01-03"	"Plumpton"	"Bridge Of Fermoy (IRE)"	"200.00"	"1000"	"Novices Hurdle"	"9"	"11"	"Batchelor, Mattie"	"OBrien, D C"	"2m "	"5"	"75"
"14:50:00"	"2009-10-30"	"Uttoxeter"	"Prince Egor (IRE)"	"8.00"	"11"	"Novices Seller Hurdle"	"4"	"11"	"Moloney, Paul"	"Williams, Evan"	"2m "	"6"	"557"
"13:00:00"	"2009-10-29"	"Newcastle"	"Shifting Gold (IRE) (OLD)"	"5.00"	"8.07"	"Novices Hurdle"	"2"	"15"	"Toomey, Brian"	"Ryan, K A"	"2m "	"3"	"52"
"14:25:00"	"2009-10-25"	"Wincanton"	"Akram (IRE)"	"7.50"	"11"	"Handicap Hurdle"	"3"	"10"	"Berry, Mr A J"	"ONeill, Jonjo and AJ"	"2m "	"7"	"26"
"13:50:00"	"2009-10-21"	"Worcester"	"Raider Of The East (IRE)"	"6.00"	"7.2"	"Handicap Hurdle"	"9"	"13"	"Coleman, Dean"	"Vaughan, Tim"	"2m4f "	"7"	"203"
"15:40:00"	"2009-10-20"	"Exeter"	"Winterwood (IRE)"	"5.00"	"6.8"	"Handicap Hurdle"	"3"	"15"	"Coleman, Dean"	"Vaughan, Tim"	"2m3f "	"6"	"518"
"16:45:00"	"2009-10-10"	"Chepstow"	"Googoobarabajagal (IRE)"	"8.50"	"12"	"Novices Hurdle"	"4"	"12"	"Scholfield, Nick"	"Kittow, W S"	"2m.5f "	"3"	"18"
"15:15:00"	"2009-10-10"	"Hexham"	"Guns And Butter (IRE)"	"5.00"	"6.78"	"Handicap Chase"	"9"	"10"	"Lee, G"	"Dobbin, Mrs R"	"2m4.5f "	"7"	"169"
"15:45:00"	"2009-10-08"	"Worcester"	"Sprosser (IRE)"	"5.00"	"7.13"	"Novices Hurdle"	"1"	"12"	"Aspell, Leighton"	"Sherwood, O"	"3m "	"9"	"160"
"17:25:00"	"2009-10-04"	"Uttoxeter"	"Portside (IRE)"	"3.33"	"4.7"	"Handicap Chase"	"PU"	"8"	"Thornton, Robert"	"King, A"	"3m "	"6"	"122"
"13:35:00"	"2009-09-26"	"Market Rasen"	"Ovthenight (IRE)"	"6.00"	"7.8"	"Novices Hurdle"	"5"	"14"	"Andrews, Gina"	"Sly, Mrs P"	"2m1.5f "	"4"	"42"
"14:10:00"	"2009-09-24"	"Fontwell"	"Errol Flynn (IRE)"	"50.00"	"110"	"Maiden Hurdle"	"PU"	"10"	"Farrelly, J W"	"Powell, B G"	"2m2.5f "	"3"	"27"
"16:10:00"	"2009-09-23"	"Perth"	"Grand Diamond (IRE)"	"5.00"	"6.83"	"Claimer Hurdle"	"6"	"11"	"Lee, G"	"Goldie, J S"	"2m.5f "	"5"	"9"
"16:10:00"	"2009-09-23"	"Perth"	"Willyn (IRE)"	"22.00"	"27.92"	"Claimer Hurdle"	"F"	"11"	"Haynes, Harry"	"Goldie, J S"	"2m.5f "	"4"	"9"
"15:00:00"	"2009-09-23"	"Perth"	"Granski (IRE)"	"25.00"	"36.03"	"Novices Hurdle"	"7"	"13"	"Kennedy, W T"	"Fogarty, D M"	"2m.5f "	"3"	"81"
"16:10:00"	"2009-09-08"	"Sedgefield"	"San Silvestro (IRE)"	"14.00"	"19.5"	"Maiden Hurdle"	"2"	"11"	"Mercer, Keith"	"Duffield, Mrs A"	"2m1f "	"4"	"28"
"16:10:00"	"2009-09-08"	"Sedgefield"	"Whaston (IRE)"	"16.00"	"21.65"	"Maiden Hurdle"	"4"	"11"	"Moscrop, Nathan"	"Bethell, J D"	"2m1f "	"4"	"8"
"15:00:00"	"2009-09-08"	"Sedgefield"	"Recoil (IRE)"	"250.00"	"1000"	"Novices Chase"	"10"	"11"	"McAlister, Michael"	"Johnson, R"	"2m.5f "	"4"	"25"
"15:00:00"	"2009-09-06"	"Worcester"	"Drumacole Artist (IRE)"	"66.00"	"670"	"Maiden Hurdle"	"PU"	"10"	"Cotter, G"	"Murphy, W A"	"2m "	"8"	"1574"
"14:10:00"	"2009-09-06"	"Fontwell"	"Kaijai (IRE)"	"100.00"	"250.15"	"Novices Hurdle"	"PU"	"7"	"Greene, R J"	"Jewell, Mrs L C"	"2m2.5f "	"3"	"10"
"15:55:00"	"2009-08-31"	"Huntingdon"	"Colour Trooper (IRE)"	"10.00"	"16.67"	"Maiden Hurdle"	"6"	"11"	"Scudamore, Tom"	"Pipe, D E"	"2m.5f "	"4"	"52"
"16:45:00"	"2009-08-25"	"Sedgefield"	"Humourous (IRE)"	"33.00"	"48.84"	"Handicap Hurdle"	"6"	"11"	"Toomey, Brian"	"Storey, B"	"2m5.5f "	"7"	"14"
"17:05:00"	"2009-08-20"	"Fontwell"	"Musashi (IRE) (OLD)"	"100.00"	"140.17"	"Novices Hurdle"	"5"	"6"	"Bolger, Colin"	"Mongan, Mrs L J"	"2m2.5f "	"4"	"38"
"18:10:00"	"2009-08-15"	"Market Rasen"	"Racing Stripes (IRE) (OLD)"	"100.00"	"944"	"Novices Hurdle"	"8"	"10"	"Bass, David"	"Caroe, Miss C J E"	"2m1.5f "	"5"	"406"
"18:10:00"	"2009-08-13"	"Stratford"	"Rannoch Rose (IRE)"	"12.00"	"21.47"	"Novices Seller Hurdle"	"4"	"10"	"Treadwell, Liam"	"Spearing, J L"	"2m.5f "	"3"	"70"
"13:20:00"	"2009-01-23"	"Doncaster"	"Lap Of Honour (IRE)"	"50.00"	"110"	"Novices Hurdle"	"PU"	"17"	"Lee, G"	"Murphy, Ferdy"	"2m.5f "	"5"	"101"
"13:20:00"	"2009-01-17"	"Haydock"	"Prize Fighter (IRE) (OLD)"	"150.00"	"1000"	"Hurdle"	"7"	"8"	"Harding, Brian"	"Berry, A"	"2m.5f "	"7"	"46"
"13:25:00"	"2009-01-10"	"Ayr"	"Watercolours (IRE)"	"33.00"	"79.05"	"Novices Hurdle"	"4"	"11"	"Reveley, James"	"Goldie, J S"	"2m4f "	"4"	"81"
"12:50:00"	"2008-10-31"	"Uttoxeter"	"Orchestrator (IRE)"	"100.00"	"1000"	"Maiden Hurdle"	"PU"	"16"	"Jacob, Daryl"	"Clay, W"	"2m "	"4"	"143"
"13:50:00"	"2008-10-30"	"Stratford"	"Mount Sandel (IRE)"	"25.00"	"48"	"Beginners Chase"	"PU"	"12"	"Elsworth, Dominic"	"Sherwood, O"	"2m4f "	"7"	"172"
"13:00:00"	"2008-10-30"	"Newcastle"	"Banquet (IRE)"	"8.00"	"11.07"	"Novices Hurdle"	"4"	"13"	"Walford, Robert"	"Walford, T D"	"2m "	"3"	"64"
"13:00:00"	"2008-10-30"	"Newcastle"	"Pequeno Dinero (IRE)"	"80.00"	"217.82"	"Novices Hurdle"	"10"	"13"	"Mercer, Keith"	"Fairhurst, C W"	"2m "	"3"	"28"
"13:00:00"	"2008-10-30"	"Newcastle"	"Magnushomestwo (IRE)"	"200.00"	"919.54"	"Novices Hurdle"	"11"	"13"	"Davis, Fearghal"	"McMath, I"	"2m "	"3"	"374"
"13:50:00"	"2008-10-29"	"Huntingdon"	"King of Cadeaux (IRE)"	"20.00"	"32"	"Novices Hurdle"	"8"	"9"	"McCarthy, J A"	"Magnusson, M A"	"2m.5f "	"3"	"62"
"14:40:00"	"2008-10-25"	"Aintree"	"When Yer Ready (IRE)"	"33.00"	"75"	"Novices Hurdle"	"F"	"5"	"Costello, Dougie"	"Easterby, T D"	"2m.5f "	"3"	"141"
"16:50:00"	"2008-10-23"	"Carlisle"	"Garleton (IRE)"	"12.00"	"13.43"	"Handicap Chase"	"2"	"9"	"Harding, Brian"	"Forster, Miss S E"	"3m.5f "	"7"	"162"
"14:20:00"	"2008-10-23"	"Ludlow"	"Solar Max (IRE)"	"16.00"	"22"	"Novices Hurdle"	"3"	"10"	"McCarthy, J A"	"Egerton, C R"	"2m "	"3"	"98"
"15:20:00"	"2008-10-20"	"Plumpton"	"Knock Boy (IRE)"	"25.00"	"44"	"Handicap Novices Hurdle"	"12"	"14"	"Hide, Philip"	"Jewell, Mrs L C"	"2m "	"6"	"180"
"14:20:00"	"2008-10-20"	"Plumpton"	"Drawback (IRE)"	"33.00"	"56.62"	"Maiden Hurdle"	"2"	"12"	"Craine, S J"	"Dalton, Heather"	"2m "	"5"	"360"
"15:25:00"	"2008-10-19"	"Kempton"	"Princely Ted (IRE)"	"100.00"	"1000"	"Novices Hurdle"	"6"	"6"	"Collinson, Mr Richard"	"Clement, T T"	"2m "	"7"	"69"
"14:10:00"	"2008-10-15"	"Wetherby"	"La Fortalesa (IRE)"	"11.00"	"15.94"	"Maiden Hurdle"	"5"	"14"	"Renwick, Wilson"	"Ryan, K A"	"2m.5f "	"3"	"64"
"14:25:00"	"2008-10-11"	"Bangor"	"Rimsky (IRE)"	"11.00"	"13.92"	"Handicap Chase"	"8"	"14"	"Molloy, T"	"Twiston-Davies, N A"	"3m.5f "	"7"	"177"
"14:30:00"	"2008-10-09"	"Southwell"	"Cant Buy Time (IRE) (OLD)"	"2.25"	"3.78"	"Handicap Novices Chase"	"1"	"6"	"McCoy, A P"	"ONeill, Jonjo and AJ"	"3m.5f "	"6"	"205"
"15:30:00"	"2008-10-08"	"Towcester"	"Flying Jody (IRE)"	"10.00"	"12.5"	"Handicap Chase"	"6"	"15"	"Bradburne, Mark"	"Waldron, Mrs K"	"3m.5f "	"9"	"35"
"16:00:00"	"2008-10-05"	"Kelso"	"Safari Dancer (IRE)"	"40.00"	"110"	"Novices Hurdle"	"9"	"11"	"Voy, A L"	"Foster, A G"	"2m.5f "	"3"	"85"
"14:50:00"	"2008-10-03"	"Hexham"	"Pendle Forest (IRE)"	"250.00"	"1000"	"Novices Chase"	"PU"	"10"	"Johnson, Kenny"	"Johnson, R"	"3m1f "	"8"	"122"
"15:00:00"	"2008-09-30"	"Sedgefield"	"Rocknest Island (IRE)"	"8.00"	"10.5"	"Handicap Novices Hurdle"	"6"	"12"	"Hughes, Brian"	"Niven, P D"	"2m5.5f "	"5"	"35"
"15:10:00"	"2008-09-25"	"Fontwell"	"Ingratitude (IRE)"	"2.25"	"4.16"	"Beginners Chase"	"3"	"11"	"McCoy, A P"	"Henderson, N J"	"2m2f "	"5"	"124"
"16:40:00"	"2008-09-23"	"Sedgefield"	"Vincenzio (IRE)"	"3.50"	"4.99"	"Maiden Hurdle"	"4"	"11"	"McCoy, A P"	"Egerton, C R"	"2m1f "	"4"	"69"
"14:00:00"	"2008-09-21"	"Plumpton"	"Harlequinn Danseur (IRE)"	"14.00"	"24.49"	"Novices Hurdle"	"3"	"10"	"Moore, Jamie"	"Moore, Gary and Josh"	"2m "	"3"	"26"
"14:00:00"	"2008-09-21"	"Plumpton"	"Rich Kid (IRE)"	"12.00"	"17.26"	"Novices Hurdle"	"PU"	"10"	"Grant, Mark"	"Davis, Miss J S"	"2m "	"3"	"53"
"14:10:00"	"2008-09-03"	"Hereford"	"Xaravella (IRE)"	"33.00"	"48"	"Novices Hurdle"	"7"	"11"	"Crosse, Dave"	"Oshea, J G M"	"2m1f "	"3"	"12"
"13:50:00"	"2008-09-02"	"Sedgefield"	"Harts In Mo Shun (IRE)"	"100.00"	"263.39"	"Novices Hurdle"	"PU"	"9"	"Keniry, Barry"	"McMath, I"	"2m1f "	"4"	"226"
"14:30:00"	"2008-08-31"	"Newton Abbot"	"Last Flight (IRE)"	"14.00"	"26"	"Novices Hurdle"	"6"	"12"	"Wharfe, Bernie"	"Bowen, Peter / Michael"	"2m3f "	"4"	"312"
"16:15:00"	"2008-08-25"	"Huntingdon"	"Centenary (IRE)"	"16.00"	"25"	"Maiden Hurdle"	"7"	"11"	"Elsworth, Dominic"	"Cantillon, D E"	"2m.5f "	"4"	"16"
"15:40:00"	"2008-08-25"	"Huntingdon"	"Putra Laju (IRE)"	"7.00"	"9.2"	"Maiden Hurdle"	"12"	"12"	"Fehily, Noel"	"Mann, C J"	"2m.5f "	"4"	"48"
"18:55:00"	"2008-08-21"	"Fontwell"	"Panadin (IRE)"	"100.00"	"848.4"	"Seller Hurdle"	"10"	"18"	"Hide, Philip"	"Jewell, Mrs L C"	"2m4f "	"6"	"31"
"19:40:00"	"2008-08-16"	"Market Rasen"	"Eddystone (IRE)"	"22.00"	"36"	"Handicap Novices Hurdle"	"2"	"14"	"Moore, Jamie"	"Jewell, Mrs L C"	"2m3.5f "	"4"	"52"
"14:30:00"	"2008-08-16"	"Bangor"	"Dancing Marabout (IRE)"	"9.00"	"11.45"	"Novices Hurdle"	"4"	"10"	"McCoy, A P"	"Egerton, C R"	"2m1f "	"3"	"19"
"15:45:00"	"2008-08-11"	"Southwell"	"Moverra (IRE)"	"33.00"	"50"	"Seller Hurdle"	"PU"	"15"	"Laverty, Derek"	"Gingell, M J"	"2m1f "	"4"	"52"
"14:30:00"	"2008-08-01"	"Bangor"	"Pavanne (IRE)"	"8.50"	"12"	"Novices Hurdle"	"6"	"9"	"Brennan, P J"	"McCain Jnr, D"	"2m1f "	"3"	"70"
"13:30:00"	"2008-01-28"	"Ludlow"	"Arctic Wings (IRE)"	"100.00"	"327.83"	"Novices Hurdle"	"12"	"15"	"Hutchinson, Wayne"	"Carroll, A W"	"2m "	"4"	"108"
"14:30:00"	"2008-01-23"	"Musselburgh"	"Kerriemuir Lass (IRE)"	"7.00"	"10.29"	"Novices Hurdle"	"10"	"15"	"Fitzgerald, Mick"	"Powell, B G"	"2m "	"5"	"83"
"12:50:00"	"2008-01-12"	"Warwick"	"Fair Shake (IRE)"	"20.00"	"41.9"	"Handicap Novices Hurdle"	"10"	"15"	"Dennis, David"	"Sheppard, M"	"2m "	"8"	"101"
"13:40:00"	"2008-01-07"	"Taunton"	"I Predict A Riot (IRE)"	"12.00"	"14"	"Novices Hurdle"	"2"	"10"	"OBrien, T J"	"Hobbs, P J / White, J"	"2m3.5f "	"4"	"84"
"15:50:00"	"2008-01-04"	"Lingfield"	"Taxman (IRE)"	"66.00"	"220"	"Novices Hurdle"	"14"	"16"	"Malone, Tom"	"Newcombe, A G"	"2m.5f "	"6"	"405"
"13:55:00"	"2008-01-01"	"Catterick"	"No Refuge (IRE)"	"1.88"	"3.05"	"Beginners Chase"	"1"	"5"	"ORegan, Denis"	"Johnson, J Howard"	"3m1.5f "	"8"	"381"
"13:40:00"	"2007-10-31"	"Huntingdon"	"Diverse Forecast (IRE)"	"100.00"	"0"	"Novices Hurdle"	"7"	"12"	"Messenger, Tom"	"Pollock, B N"	"2m.5f "	"3"	"24"
"16:20:00"	"2007-10-27"	"Stratford"	"Tamworth (IRE)"	"66.00"	"0"	"Maiden Hurdle"	"10"	"11"	"Grant, Mark"	"Creighton, E J"	"2m.5f "	"5"	"98"
"14:45:00"	"2007-10-27"	"Aintree"	"Edmo Yewkay (IRE)"	"20.00"	"0"	"Handicap Chase"	"4"	"10"	"OMeara, David"	"Easterby, T D"	"2m4f "	"7"	"554"
"13:55:00"	"2007-10-27"	"Chepstow"	"Warnes Way (IRE)"	"16.00"	"0"	"Handicap Hurdle"	"8"	"14"	"Jones, S P"	"Powell, B G"	"2m4f "	"4"	"228"
"13:10:00"	"2007-10-27"	"Aintree"	"Tinas Ridge (IRE)"	"100.00"	"0"	"Novices Hurdle"	"12"	"15"	"Curran, Sean"	"Davis, Miss J S"	"2m.5f "	"3"	"37"
"14:00:00"	"2007-10-26"	"Fakenham"	"Yo Pedro (IRE)"	"6.50"	"0"	"Handicap Seller Hurdle"	"2"	"14"	"Heard, Liam"	"Carroll, D"	"2m "	"5"	"30"
"15:50:00"	"2007-10-22"	"Plumpton"	"Highland Chief (IRE) (OLD)"	"2.25"	"0"	"Handicap Novices Chase"	"1"	"10"	"Thornton, Robert"	"King, A"	"2m4f "	"7"	"207"
"16:40:00"	"2007-10-20"	"Cheltenham"	"Leamington Lad (IRE)"	"7.00"	"0"	"Handicap Hurdle"	"5"	"17"	"England, David"	"Twiston-Davies, N A"	"2m.5f "	"4"	"174"
"17:50:00"	"2007-10-19"	"Cheltenham"	"Sienna Storm (IRE)"	"66.00"	"0"	"Maiden Hurdle"	"5"	"17"	"Bolger, Colin"	"Tompkins, M H"	"2m.5f "	"4"	"13"
"16:40:00"	"2007-10-19"	"Cheltenham"	"Lemon Silk (IRE)"	"50.00"	"0"	"Novices Hurdle"	"3"	"10"	"Merrigan, Paddy"	"Burke, K J"	"2m.5f "	"3"	"4"
"15:00:00"	"2007-10-12"	"Carlisle"	"Carna Bobby (IRE)"	"66.00"	"0"	"Handicap Novices Hurdle"	"15"	"18"	"Merrigan, Paddy"	"Thomas, Miss Jane"	"2m4f "	"8"	"462"
"16:00:00"	"2007-10-11"	"Wincanton"	"Cash On (IRE)"	"12.00"	"0"	"Handicap Hurdle"	"5"	"5"	"Scudamore, Tom"	"George, Karen"	"2m "	"5"	"23"
"14:00:00"	"2007-10-11"	"Lingfield"	"Minstrel Flyer (IRE)"	"150.00"	"0"	"Maiden Hurdle"	"PU"	"20"	"Messenger, Tom"	"Creighton, E J"	"2m.5f "	"5"	"11"
"17:40:00"	"2007-10-07"	"Uttoxeter"	"Glen Thyne (IRE)"	"12.00"	"0"	"Handicap Chase"	"9"	"16"	"Treadwell, Liam"	"Bailey, Mrs Caroline"	"2m5f "	"7"	"166"
"16:20:00"	"2007-10-07"	"Huntingdon"	"Fantasy Legend (IRE)"	"80.00"	"0"	"Novices Hurdle"	"6"	"12"	"Goldstein, Marc"	"Littmoden, N P"	"2m.5f "	"4"	"18"
"15:50:00"	"2007-10-07"	"Huntingdon"	"Pagan Rules (IRE)"	"7.50"	"0"	"Novices Hurdle"	"12"	"16"	"Moloney, Paul"	"Mackie, J"	"2m.5f "	"3"	"97"
"14:30:00"	"2007-10-07"	"Uttoxeter"	"Figaros Quest (IRE)"	"100.00"	"0"	"Novices Hurdle"	"10"	"16"	"Greene, R J"	"Kellett, C N"	"2m "	"5"	"29"
"14:20:00"	"2007-10-07"	"Kelso"	"John Dillon (IRE)"	"2.75"	"0"	"Novices Hurdle"	"2"	"13"	"Keniry, Barry"	"Haslam, P C"	"2m.5f "	"3"	"59"
"14:20:00"	"2007-10-07"	"Kelso"	"Colditz (IRE)"	"14.00"	"0"	"Novices Hurdle"	"F"	"13"	"Lee, G"	"Murphy, Ferdy"	"2m.5f "	"3"	"20"
"17:20:00"	"2007-10-05"	"Hexham"	"Adolphus (IRE)"	"12.00"	"0"	"Handicap Chase"	"6"	"10"	"Messenger, Tom"	"Forster, Miss S E"	"2m.5f "	"10"	"111"
"14:05:00"	"2007-09-29"	"Market Rasen"	"Falcons Fire (IRE) (OLD)"	"8.00"	"0"	"Novices Hurdle"	"1"	"12"	"Mercer, Keith"	"Duffield, Mrs A"	"2m1.5f "	"3"	"12"
"13:35:00"	"2007-09-29"	"Market Rasen"	"Turn Me On (IRE)"	"80.00"	"0"	"Novices Hurdle"	"PU"	"12"	"Walford, Robert"	"Walford, T D"	"2m1.5f "	"4"	"12"
"13:35:00"	"2007-09-29"	"Market Rasen"	"Any Offer (IRE)"	"100.00"	"0"	"Novices Hurdle"	"UR"	"12"	"Costello, Dougie"	"Midgley, P T"	"2m1.5f "	"4"	"780"
"14:30:00"	"2007-09-27"	"Perth"	"Terenzium (IRE)"	"100.00"	"0"	"Novices Hurdle"	"6"	"15"	"Keniry, Barry"	"Hammond, Micky"	"2m.5f "	"5"	"9"
"15:40:00"	"2007-09-26"	"Perth"	"Cadeaux Rouge (IRE)"	"125.00"	"0"	"Claimer Hurdle"	"10"	"11"	"Hughes, Brian"	"Thompson, D W"	"2m.5f "	"6"	"50"
"15:00:00"	"2007-09-23"	"Plumpton"	"Titus Lumpus (IRE)"	"20.00"	"0"	"Novices Hurdle"	"F"	"11"	"Durack, S E"	"Flower, R M"	"2m "	"4"	"36"
"14:45:00"	"2007-09-16"	"Stratford"	"Ballybeg Glen (IRE)"	"14.00"	"0"	"Novices Chase"	"6"	"8"	"Williams, Christian"	"Williams, Evan"	"2m7f "	"8"	"24"
"14:15:00"	"2007-09-16"	"Stratford"	"Hathaal (IRE)"	"12.00"	"0"	"Maiden Hurdle"	"6"	"12"	"Butler, Robert L"	"Best, Jim"	"2m6.5f "	"8"	"55"
"14:30:00"	"2007-09-14"	"Bangor"	"Hypnotic Vibes (IRE)"	"2.50"	"0"	"Novices Hurdle"	"1"	"9"	"Williams, Christian"	"Williams, Evan"	"2m1f "	"3"	"42"
"15:00:00"	"2007-09-09"	"Stratford"	"Arafan (IRE)"	"2.00"	"0"	"Novices Hurdle"	"2"	"11"	"Scholfield, Nick"	"Newland, Dr R D P"	"2m6.5f "	"5"	"117"
"15:20:00"	"2007-09-02"	"Market Rasen"	"Rocknest Island (IRE)"	"3.50"	"0"	"Handicap Hurdle"	"2"	"11"	"Costello, Dougie"	"Niven, P D"	"2m3.5f "	"4"	"14"
"14:20:00"	"2007-09-02"	"Market Rasen"	"Goldan Jess (IRE)"	"33.00"	"0"	"Maiden Hurdle"	"4"	"12"	"Keniry, Barry"	"Carroll, D"	"2m1.5f "	"3"	"21"
"14:20:00"	"2007-09-02"	"Market Rasen"	"Patavian (IRE)"	"3.50"	"0"	"Maiden Hurdle"	"7"	"12"	"Buchanan, Peter"	"Wade, J"	"2m1.5f "	"3"	"33"
"14:25:00"	"2007-09-01"	"Newton Abbot"	"Port Macquairie (IRE)"	"66.00"	"0"	"Novices Hurdle"	"10"	"14"	"Kavanagh, Wayne"	"Mullins, J W"	"2m1f "	"3"	"217"
"15:50:00"	"2007-08-27"	"Huntingdon"	"Almizan (IRE)"	"5.50"	"0"	"Beginners Chase"	"3"	"13"	"Moore, Jamie"	"Moore, Gary and Josh"	"2m4.5f "	"7"	"46"
"15:15:00"	"2007-08-27"	"Huntingdon"	"Fancy You (IRE)"	"100.00"	"0"	"Maiden Hurdle"	"11"	"14"	"Merrigan, Paddy"	"Carroll, A W"	"2m.5f "	"4"	"41"
"14:20:00"	"2007-08-27"	"Cartmel"	"Munster Mountain (IRE)"	"33.00"	"0"	"Novices Hurdle"	"8"	"11"	"Hughes, Brian"	"Moffatt, James"	"2m1.5f "	"3"	"280"
"18:05:00"	"2007-08-22"	"Newton Abbot"	"Sad Times (IRE)"	"14.00"	"0"	"Maiden Hurdle"	"1"	"8"	"OConnor, T"	"Turner, W G M"	"2m1f "	"3"	"56"
"17:40:00"	"2007-08-18"	"Market Rasen"	"Chateau (IRE) (OLD)"	"40.00"	"0"	"Seller Hurdle"	"5"	"14"	"Davis, Fearghal"	"Sowersby, M E"	"2m1.5f "	"5"	"6"
"14:15:00"	"2007-08-18"	"Bangor"	"Falcons Fire (IRE) (OLD)"	"8.00"	"0"	"Novices Hurdle"	"1"	"10"	"Mercer, Keith"	"Duffield, Mrs A"	"2m1f "	"3"	"12"
"14:15:00"	"2007-08-18"	"Bangor"	"Tinas Ridge (IRE)"	"7.00"	"0"	"Novices Hurdle"	"F"	"10"	"Lee, G"	"Hollinshead, R"	"2m1f "	"3"	"10"
"15:45:00"	"2007-08-14"	"Newton Abbot"	"Flying Grey (IRE)"	"25.00"	"0"	"Novices Hurdle"	"5"	"11"	"Honour, Chris"	"Down, C J"	"2m1f "	"3"	"39"
"14:30:00"	"2007-08-10"	"Sedgefield"	"Centenary (IRE)"	"8.50"	"0"	"Novices Hurdle"	"F"	"12"	"Costello, Dougie"	"Quinn, J J"	"2m1f "	"3"	"9"
"13:05:00"	"2007-01-28"	"Kelso"	"Pay On (IRE)"	"100.00"	"0"	"Novices Hurdle"	"5"	"11"	"Elsworth, Dominic"	"Whillans, A C"	"2m.5f "	"4"	"15"
"13:10:00"	"2007-01-25"	"Warwick"	"North Walk (IRE)"	"80.00"	"0"	"Maiden Hurdle"	"9"	"17"	"OKeeffe, Alan"	"Candlish, Jennie"	"2m "	"4"	"35"
"14:10:00"	"2007-01-24"	"Catterick"	"St Pirran (IRE)"	"33.00"	"0"	"Handicap Hurdle"	"5"	"13"	"McGrath, Larry"	"Guest, R C"	"2m3f "	"12"	"19"
"13:40:00"	"2007-01-24"	"Catterick"	"Zibeline (IRE)"	"20.00"	"0"	"Beginners Chase"	"4"	"10"	"Dreaper, T J"	"Ellison, B"	"2m3f "	"10"	"7"
"13:40:00"	"2007-01-24"	"Catterick"	"Kentucky Blue (IRE)"	"10.00"	"0"	"Beginners Chase"	"5"	"10"	"Garritty, Russ"	"Easterby, T D"	"2m3f "	"7"	"19"
"13:00:00"	"2007-01-24"	"Huntingdon"	"Safari Sunset (IRE)"	"33.00"	"0"	"Novices Hurdle"	"13"	"17"	"Fenton, Barry"	"Winkworth, P"	"2m.5f "	"5"	"54"
"12:30:00"	"2007-01-24"	"Huntingdon"	"Sand Repeal (IRE)"	"50.00"	"0"	"Novices Hurdle"	"UR"	"18"	"Cummings, Ryan"	"Feilden, Miss J"	"2m.5f "	"5"	"28"
"13:20:00"	"2007-01-16"	"Folkestone"	"Smart Golden Boy (IRE)"	"100.00"	"0"	"Maiden Hurdle"	"7"	"12"	"Dehdashti, Eamon"	"Jewell, Mrs L C"	"2m1.5f "	"4"	"34"
"15:10:00"	"2007-01-10"	"Wincanton"	"Sean Og (IRE) (OLD)"	"150.00"	"0"	"Maiden Hurdle"	"13"	"17"	"Grant, Mark"	"Creighton, E J"	"2m "	"5"	"7"
"13:00:00"	"2007-01-08"	"Ludlow"	"Impostor (IRE)"	"33.00"	"0"	"Novices Hurdle"	"RO"	"14"	"England, David"	"Twiston-Davies, N A"	"2m "	"4"	"103"
"14:50:00"	"2007-01-01"	"Cheltenham"	"Freetown (IRE) (OLD)"	"5.00"	"0"	"Handicap Hurdle"	"6"	"10"	"Mercer, Keith"	"Lungo, L"	"3m "	"11"	"24"
"12:50:00"	"2007-01-01"	"Catterick"	"Mulligans Pride (IRE)"	"40.00"	"0"	"Novices Hurdle"	"8"	"15"	"Craine, S J"	"Moffatt, James"	"2m3f "	"6"	"125"
"15:10:00"	"2006-10-30"	"Plumpton"	"Canatrice (IRE)"	"9.00"	"0"	"Novices Claimer Hurdle"	"PU"	"10"	"Davies, James"	"McCarthy, T D"	"2m "	"6"	"754"
"14:50:00"	"2006-10-28"	"Wetherby"	"No Refuge (IRE)"	"4.00"	"0"	"Hurdle"	"4"	"7"	"Brennan, P J"	"Johnson, J Howard"	"3m1f "	"6"	"205"
"15:55:00"	"2006-10-24"	"Cheltenham"	"Kalantera (IRE)"	"33.00"	"0"	"Novices Hurdle"	"4"	"9"	"McCarthy, J A"	"Popham, C L"	"2m.5f "	"3"	"28"
"15:20:00"	"2006-10-21"	"Aintree"	"Fair Shake (IRE)"	"66.00"	"0"	"Maiden Hurdle"	"4"	"17"	"Harding, Brian"	"McLintock, Karen"	"2m.5f "	"6"	"7"
"14:40:00"	"2006-10-17"	"Exeter"	"Wotchalike (IRE)"	"10.00"	"0"	"Novices Hurdle"	"1"	"12"	"Stephens, Lee"	"Price, R J"	"2m1f "	"4"	"9"
"16:35:00"	"2006-10-14"	"Stratford"	"Easy Laughter (IRE)"	"6.50"	"0"	"Maiden Hurdle"	"4"	"15"	"Hutchinson, Wayne"	"King, A"	"2m.5f "	"5"	"186"
"14:30:00"	"2006-10-11"	"Wetherby"	"European Dream (IRE)"	"4.50"	"0"	"Maiden Hurdle"	"1"	"19"	"Marston, Warren"	"Guest, R C"	"2m "	"3"	"4"
"15:35:00"	"2006-10-07"	"Chepstow"	"Our Time (IRE)"	"100.00"	"0"	"Novices Hurdle"	"10"	"11"	"Greene, R J"	"Howe, H S"	"2m.5f "	"3"	"397"
"15:10:00"	"2006-10-01"	"Uttoxeter"	"Donegal Shore (IRE)"	"40.00"	"0"	"Seller Hurdle"	"PU"	"10"	"Burrows, T J"	"Clinton, P L"	"2m "	"7"	"231"
"15:00:00"	"2006-09-30"	"Fontwell"	"Ringo Cody (IRE)"	"16.00"	"0"	"Novices Hurdle"	"11"	"13"	"Curling, Sam"	"Gandolfo, D R"	"2m4f "	"5"	"174"
"15:20:00"	"2006-09-28"	"Hereford"	"Surely Truly (IRE)"	"14.00"	"0"	"Novices Hurdle"	"UR"	"10"	"Foley, Marcus"	"Jones, A E"	"2m1f "	"3"	"76"
"14:20:00"	"2006-09-26"	"Sedgefield"	"Shamwari Fire (IRE)"	"16.00"	"0"	"Novices Hurdle"	"3"	"10"	"McDonald, P J"	"McInnes, I W"	"2m1f "	"6"	"48"
"16:35:00"	"2006-09-17"	"Uttoxeter"	"Tashkandi (IRE)"	"4.50"	"0"	"Handicap Hurdle"	"8"	"16"	"OBrien, T J"	"Bowen, Peter / Michael"	"2m4.5f "	"6"	"20"
"14:15:00"	"2006-09-08"	"Bangor"	"Mister Fizzbomb (IRE)"	"14.00"	"0"	"Novices Hurdle"	"5"	"11"	"Tierney, Richard"	"Wainwright, J S"	"2m1f "	"3"	"67"
"17:30:00"	"2006-09-03"	"Fontwell"	"Almizan (IRE)"	"3.33"	"0"	"Handicap Hurdle"	"3"	"8"	"Hide, Philip"	"Moore, Gary and Josh"	"2m2.5f "	"6"	"63"
"17:30:00"	"2006-09-03"	"Fontwell"	"Sgt Pepper (IRE)"	"7.00"	"0"	"Handicap Hurdle"	"7"	"8"	"Aspell, Leighton"	"Sherwood, O"	"2m2.5f "	"5"	"154"
"15:30:00"	"2006-09-02"	"Stratford"	"The City Kid (IRE)"	"40.00"	"0"	"Novices Hurdle"	"9"	"16"	"Evans, Tony"	"Evans, P D"	"2m.5f "	"3"	"33"
"15:30:00"	"2006-09-02"	"Stratford"	"Caribbean Nights (IRE)"	"100.00"	"0"	"Novices Hurdle"	"PU"	"16"	"Tizzard, Joe"	"Hughes, V J"	"2m.5f "	"3"	"24"
"17:15:00"	"2006-08-28"	"Cartmel"	"Turn Card (IRE)"	"12.00"	"0"	"Handicap Hurdle"	"3"	"10"	"ONeill, P C"	"Lambe, J J"	"2m6f "	"4"	"91"
"18:20:00"	"2006-08-26"	"Market Rasen"	"Arisea (IRE)"	"66.00"	"0"	"Novices Hurdle"	"UR"	"8"	"Willey, Mr John"	"Guest, R C"	"2m1.5f "	"3"	"19"
"14:10:00"	"2006-08-26"	"Newton Abbot"	"Kalantera (IRE)"	"20.00"	"0"	"Novices Hurdle"	"3"	"11"	"Heard, Liam"	"Popham, C L"	"2m1f "	"3"	"45"
"14:10:00"	"2006-08-26"	"Newton Abbot"	"Croft (IRE)"	"33.00"	"0"	"Novices Hurdle"	"7"	"11"	"Tizzard, Joe"	"Stronge, R M"	"2m1f "	"3"	"28"
"15:50:00"	"2006-08-21"	"Newton Abbot"	"Generous Lad (IRE)"	"16.00"	"0"	"Maiden Hurdle"	"PU"	"8"	"Curran, Sean"	"Davis, Miss J S"	"2m1f "	"3"	"98"
"17:20:00"	"2006-08-11"	"Worcester"	"Lawood (IRE)"	"25.00"	"0"	"Maiden Hurdle"	"8"	"9"	"Scudamore, Tom"	"Scudamore, M J"	"2m "	"6"	"37"
"14:50:00"	"2006-08-11"	"Worcester"	"Island Warrior (IRE) (OLD)"	"33.00"	"0"	"Claimer Hurdle"	"9"	"14"	"Phelan, T J"	"Baugh, B P J"	"2m4f "	"11"	"262"
"13:30:00"	"2006-01-30"	"Ludlow"	"Pearl King (IRE)"	"0.67"	"0"	"Novices Hurdle"	"3"	"16"	"McCoy, A P"	"Hobbs, P J / White, J"	"2m "	"4"	"115"
"13:10:00"	"2006-01-27"	"Fakenham"	"Easy Laughter (IRE)"	"3.00"	"0"	"Novices Hurdle"	"2"	"12"	"Thornton, Robert"	"King, A"	"2m "	"5"	"62"
"14:00:00"	"2006-01-25"	"Catterick"	"Spectested (IRE)"	"4.50"	"0"	"Novices Hurdle"	"4"	"13"	"Hutchinson, Wayne"	"Carroll, A W"	"3m1.5f "	"5"	"19"
"14:10:00"	"2006-01-23"	"Ayr"	"Fiddlers Creek (IRE)"	"33.00"	"0"	"Maiden Hurdle"	"7"	"18"	"Lee, G"	"Allan, R"	"2m "	"7"	"7"
"13:00:00"	"2006-01-19"	"Taunton"	"Traprain (IRE)"	"2.00"	"0"	"Novices Hurdle"	"2"	"14"	"Johnson, Richard"	"Hobbs, P J / White, J"	"2m1f "	"4"	"106"
"13:40:00"	"2006-01-17"	"Fontwell"	"Cold Mountain (IRE)"	"66.00"	"0"	"Novices Hurdle"	"6"	"13"	"Young, Richard"	"Mullins, J W"	"2m2.5f "	"4"	"139"
"12:15:00"	"2006-01-01"	"Catterick"	"Zeitgeist (IRE)"	"0.33"	"0"	"Novices Hurdle"	"1"	"13"	"Lee, G"	"Johnson, J Howard"	"2m3f "	"5"	"137"
"16:00:00"	"2005-10-26"	"Sedgefield"	"Red Man (IRE)"	"5.50"	"0"	"Handicap Hurdle"	"3"	"10"	"Gagan, Steven"	"Slack, Mrs E"	"2m5.5f "	"8"	"228"
"17:05:00"	"2005-10-25"	"Cheltenham"	"Chocolate Boy (IRE)"	"33.00"	"0"	"Maiden Hurdle"	"4"	"11"	"Moore, Jamie"	"Moore, Gary and Josh"	"2m.5f "	"6"	"13"
"16:50:00"	"2005-10-22"	"Kelso"	"General Duroc (IRE)"	"16.00"	"0"	"Handicap Hurdle"	"4"	"14"	"McAlister, Michael"	"Storey, B"	"2m6.5f "	"9"	"150"
"15:50:00"	"2005-10-22"	"Aintree"	"Front Rank (IRE)"	"5.00"	"0"	"Handicap Novices Hurdle"	"PU"	"8"	"McNamara, J P"	"Bailey, K C"	"3m.5f "	"5"	"154"
"15:40:00"	"2005-10-22"	"Kelso"	"Top Style (IRE)"	"4.00"	"0"	"Handicap Hurdle"	"BD"	"13"	"Kennedy, W T"	"Harker, G A"	"2m.5f "	"7"	"30"
"13:55:00"	"2005-10-22"	"Chepstow"	"Howle Hill (IRE)"	"16.00"	"0"	"Handicap Hurdle"	"2"	"15"	"Hutchinson, Wayne"	"King, A"	"2m4f "	"5"	"66"
"16:55:00"	"2005-10-21"	"Fakenham"	"Ah Yeah (IRE)"	"6.50"	"0"	"Handicap Chase"	"7"	"11"	"Nelmes, Owyn"	"King, N B"	"2m5.5f "	"8"	"287"
"16:05:00"	"2005-10-20"	"Haydock"	"No Commission (IRE)"	"33.00"	"0"	"Novices Hurdle"	"8"	"17"	"McGrath, Richard"	"Fisher, R F"	"2m "	"3"	"39"
"14:10:00"	"2005-10-17"	"Plumpton"	"Dream Merchant (IRE)"	"6.00"	"0"	"Maiden Hurdle"	"4"	"16"	"Johnson, Richard"	"Hobbs, P J / White, J"	"2m "	"5"	"42"
"14:10:00"	"2005-10-17"	"Plumpton"	"Prime Powered (IRE)"	"10.00"	"0"	"Maiden Hurdle"	"9"	"16"	"Moore, Jamie"	"Moore, Gary and Josh"	"2m "	"4"	"16"
"14:50:00"	"2005-10-16"	"Market Rasen"	"Zouave (IRE)"	"2.50"	"0"	"Maiden Hurdle"	"3"	"16"	"Fehily, Noel"	"Mann, C J"	"2m3.5f "	"4"	"358"
"14:40:00"	"2005-10-16"	"Hereford"	"Devious Ayers (IRE)"	"33.00"	"0"	"Novices Hurdle"	"6"	"15"	"Hutchinson, Wayne"	"Bradley, J M"	"2m1f "	"4"	"13"
"17:05:00"	"2005-10-13"	"Ludlow"	"Look At The Stars (IRE)"	"20.00"	"0"	"Maiden Hurdle"	"12"	"16"	"Dennis, David"	"Hollinshead, R"	"2m "	"3"	"82"
"15:50:00"	"2005-10-12"	"Uttoxeter"	"Refinement (IRE)"	"0.22"	"0"	"Novices Hurdle"	"1"	"12"	"McCoy, A P"	"ONeill, Jonjo and AJ"	"2m "	"6"	"168"
"14:30:00"	"2005-10-12"	"Wetherby"	"Ivana Illyich (IRE)"	"100.00"	"0"	"Novices Hurdle"	"11"	"22"	"Ross, Anthony"	"Wainwright, J S"	"2m "	"3"	"21"
"14:30:00"	"2005-10-12"	"Wetherby"	"Sound And Vision (IRE) (OLD)"	"20.00"	"0"	"Novices Hurdle"	"13"	"22"	"Harding, Brian"	"Dods, M"	"2m "	"3"	"19"
"16:05:00"	"2005-10-08"	"Chepstow"	"Desert Quest (IRE) (OLD)"	"2.00"	"0"	"Novices Hurdle"	"2"	"16"	"Walsh, R"	"Nicholls, P F"	"2m.5f "	"5"	"113"
"15:35:00"	"2005-10-08"	"Chepstow"	"Pennestamp (IRE)"	"50.00"	"0"	"Novices Hurdle"	"PU"	"16"	"Malone, Tom"	"Oshea, J G M"	"2m.5f "	"3"	"5"
"14:20:00"	"2005-10-08"	"Bangor"	"Fortune Point (IRE)"	"25.00"	"0"	"Handicap Hurdle"	"5"	"15"	"Hutchinson, Wayne"	"Carroll, A W"	"2m1f "	"7"	"66"
"14:40:00"	"2005-10-07"	"Carlisle"	"Port Natal (IRE)"	"40.00"	"0"	"Beginners Chase"	"PU"	"9"	"Aspell, P"	"Wade, J"	"2m4f "	"7"	"176"
"14:20:00"	"2005-10-02"	"Kelso"	"Coola Tagula (IRE)"	"100.00"	"0"	"Novices Hurdle"	"12"	"13"	"Costello, Dougie"	"Thornton, C W"	"2m.5f "	"3"	"121"
"14:10:00"	"2005-10-02"	"Market Rasen"	"Movie King (IRE) (OLD)"	"14.00"	"0"	"Handicap Hurdle"	"4"	"11"	"Walsh, S P"	"Gollings, S"	"2m1.5f "	"6"	"8"
"14:00:00"	"2005-10-02"	"Uttoxeter"	"Theatre Tinka (IRE)"	"25.00"	"0"	"Novices Hurdle"	"7"	"16"	"Llewellyn, Carl"	"Hollinshead, R"	"2m "	"6"	"6"
"14:35:00"	"2005-10-01"	"Fontwell"	"Vingis Park (IRE)"	"3.33"	"0"	"Beginners Chase"	"UR"	"9"	"Tinkler, Andrew"	"Dartnall, V R A"	"2m4f "	"7"	"151"
"14:00:00"	"2005-10-01"	"Fontwell"	"Carraig (IRE)"	"33.00"	"0"	"Maiden Hurdle"	"6"	"15"	"Williams, Christian"	"Williams, Evan"	"2m2.5f "	"3"	"32"
"15:55:00"	"2005-09-25"	"Huntingdon"	"Adalar (IRE)"	"16.00"	"0"	"Novices Hurdle"	"6"	"13"	"Thomas, Sam"	"DArcy, P W"	"2m.5f "	"5"	"15"
"15:15:00"	"2005-09-24"	"Market Rasen"	"Risk Accessor (IRE)"	"22.00"	"0"	"Handicap Chase"	"PU"	"13"	"Fehily, Noel"	"ONeill, Jonjo and AJ"	"2m6.5f "	"10"	"139"
"17:15:00"	"2005-09-21"	"Perth"	"Tynedale (IRE)"	"10.00"	"0"	"Handicap Hurdle"	"4"	"9"	"Dreaper, T J"	"Hamilton, Mrs A"	"3m.5f "	"6"	"164"
"14:10:00"	"2005-09-18"	"Plumpton"	"Toss The Caber (IRE)"	"8.00"	"0"	"Novices Hurdle"	"1"	"12"	"Crowley, Jim"	"Reveley, K G"	"2m "	"3"	"20"
"16:40:00"	"2005-09-11"	"Stratford"	"Looks The Business (IRE)"	"16.00"	"0"	"Handicap Hurdle"	"2"	"10"	"Brennan, P J"	"Turner, W G M"	"2m.5f "	"4"	"22"
"14:00:00"	"2005-08-31"	"Newton Abbot"	"Southern Shore (IRE)"	"5.50"	"0"	"Novices Hurdle"	"UR"	"9"	"Williams, Christian"	"Burchell, D"	"2m1f "	"3"	"13"
"14:00:00"	"2005-08-30"	"Sedgefield"	"High Country (IRE)"	"2.25"	"0"	"Maiden Hurdle"	"1"	"12"	"Lee, G"	"Hammond, Micky"	"2m5.5f "	"5"	"27"
"15:15:00"	"2005-08-29"	"Huntingdon"	"Rome (IRE)"	"18.00"	"0"	"Maiden Hurdle"	"6"	"14"	"Thornton, Robert"	"Enright, G P"	"2m.5f "	"6"	"37"
"15:15:00"	"2005-08-29"	"Huntingdon"	"Danebank (IRE)"	"5.00"	"0"	"Maiden Hurdle"	"9"	"14"	"Dennis, David"	"Mackie, J"	"2m.5f "	"5"	"24"
"17:30:00"	"2005-08-27"	"Market Rasen"	"Rarefied (IRE)"	"16.00"	"0"	"Maiden Hurdle"	"5"	"14"	"OMeara, David"	"Easterby, T D"	"2m1.5f "	"4"	"7"
"14:10:00"	"2005-08-27"	"Cartmel"	"Sound And Vision (IRE) (OLD)"	"9.00"	"0"	"Novices Hurdle"	"4"	"12"	"Harding, Brian"	"Dods, M"	"2m1.5f "	"3"	"23"
"14:10:00"	"2005-08-27"	"Cartmel"	"Scorpio Sally (IRE)"	"25.00"	"0"	"Novices Hurdle"	"9"	"12"	"Renwick, Wilson"	"Hammond, Micky"	"2m1.5f "	"3"	"29"
"14:10:00"	"2005-08-27"	"Cartmel"	"Keepasharplookout (IRE)"	"50.00"	"0"	"Novices Hurdle"	"PU"	"12"	"Johnson, Kenny"	"Moore, C W"	"2m1.5f "	"3"	"150"
"20:00:00"	"2005-08-23"	"Worcester"	"Urban Dream (IRE)"	"16.00"	"0"	"Maiden Hurdle"	"8"	"13"	"Scudamore, Tom"	"Farrant, R A"	"2m "	"4"	"302"
"17:35:00"	"2005-08-13"	"Market Rasen"	"Glenviews Surlami (IRE)"	"12.00"	"0"	"Seller Hurdle"	"4"	"8"	"Johnson, Kenny"	"Guest, R C"	"2m1.5f "	"4"	"14"
"17:20:00"	"2005-08-05"	"Worcester"	"Lucky Arthur (IRE)"	"80.00"	"0"	"Maiden Hurdle"	"3"	"18"	"Nelmes, Owyn"	"Oshea, J G M"	"2m "	"4"	"53"
"15:00:00"	"2005-08-01"	"Newton Abbot"	"Silver Emperor (IRE)"	"33.00"	"0"	"Novices Hurdle"	"7"	"9"	"Williams, Christian"	"Blockley, P A"	"2m3f "	"4"	"557"
"14:45:00"	"2005-01-28"	"Doncaster"	"Lord Wishingwell (IRE)"	"250.00"	"0"	"Novices Hurdle"	"PU"	"16"	"Vickers, Lee"	"Wainwright, J S"	"2m.5f "	"4"	"15"
"14:45:00"	"2005-01-28"	"Doncaster"	"Pending (IRE)"	"100.00"	"0"	"Novices Hurdle"	"PU"	"16"	"McGrath, Richard"	"Mackie, J"	"2m.5f "	"4"	"136"
"13:25:00"	"2005-01-22"	"Uttoxeter"	"Travelling Band (IRE)"	"20.00"	"0"	"Handicap Hurdle"	"8"	"10"	"Moloney, Paul"	"Mackie, J"	"2m "	"7"	"104"
"14:00:00"	"2005-01-18"	"Folkestone"	"Paddy Boy (IRE)"	"50.00"	"0"	"Maiden Hurdle"	"7"	"10"	"Craine, S J"	"Boyle, J R"	"2m1.5f "	"4"	"28"
"13:50:00"	"2005-01-13"	"Catterick"	"My Sunshine (IRE)"	"16.00"	"0"	"Novices Seller Hurdle"	"5"	"10"	"King, Fergus"	"Sowersby, M E"	"2m "	"4"	"108"
"13:05:00"	"2005-01-03"	"Exeter"	"Tom Sayers (IRE)"	"10.00"	"0"	"Handicap Novices Hurdle"	"8"	"14"	"Johnson, Richard"	"Hobbs, P J / White, J"	"2m6.5f "	"7"	"245"
"15:25:00"	"2004-10-31"	"Huntingdon"	"Pangloss (IRE)"	"12.00"	"0"	"Maiden Hurdle"	"9"	"18"	"Moore, Jamie"	"Moore, Gary and Josh"	"2m.5f "	"3"	"21"
"15:25:00"	"2004-10-31"	"Huntingdon"	"Lord Greystoke (IRE)"	"66.00"	"0"	"Maiden Hurdle"	"13"	"18"	"McCarthy, J A"	"Morlock, C P"	"2m.5f "	"3"	"32"
"16:15:00"	"2004-10-30"	"Kelso"	"Coustou (IRE)"	"5.00"	"0"	"Novices Seller Hurdle"	"4"	"15"	"Renwick, Wilson"	"Dicken, A R"	"2m.5f "	"4"	"106"
"17:00:00"	"2004-10-28"	"Stratford"	"Which Half (IRE)"	"1.75"	"0"	"Maiden Hurdle"	"2"	"16"	"McCoy, A P"	"Roche, C"	"2m6.5f "	"6"	"22"
"16:55:00"	"2004-10-27"	"Cheltenham"	"Cregg House (IRE)"	"16.00"	"0"	"Handicap Chase"	"6"	"11"	"Fitzgerald, Mick"	"Donohoe, S"	"2m4.5f "	"9"	"269"
"16:10:00"	"2004-10-24"	"Wincanton"	"Touch Of Ebony (IRE)"	"10.00"	"0"	"Handicap Hurdle"	"5"	"12"	"Siddall, Tom"	"Roberts, C"	"2m "	"5"	"8"
"14:05:00"	"2004-10-24"	"Towcester"	"Cantemerle (IRE)"	"40.00"	"0"	"Novices Hurdle"	"8"	"15"	"Scudamore, Tom"	"Brisbourne, W M"	"2m "	"4"	"52"
"14:15:00"	"2004-10-23"	"Kempton"	"Kentmere (IRE)"	"16.00"	"0"	"Maiden Hurdle"	"8"	"16"	"Doyle, T J"	"Webber, P R"	"2m "	"3"	"119"
"14:15:00"	"2004-10-23"	"Kempton"	"Perfect Hindsight (IRE)"	"100.00"	"0"	"Maiden Hurdle"	"PU"	"16"	"Hobson, Richard"	"Gray, C J"	"2m "	"3"	"84"
"16:20:00"	"2004-10-17"	"Market Rasen"	"Dance Party (IRE)"	"8.00"	"0"	"Maiden Hurdle"	"PU"	"16"	"Dobbin, Tony"	"Easterby, M W"	"2m3.5f "	"4"	"8"
"16:10:00"	"2004-10-17"	"Hereford"	"Herne Bay (IRE)"	"14.00"	"0"	"Novices Hurdle"	"2"	"14"	"Scholes, Adrian"	"Burchell, D"	"2m1f "	"4"	"99"
"15:10:00"	"2004-10-16"	"Stratford"	"Edmo Yewkay (IRE)"	"11.00"	"0"	"Handicap Hurdle"	"8"	"10"	"Garritty, Russ"	"Easterby, T D"	"2m3f "	"4"	"189"
"14:35:00"	"2004-10-16"	"Stratford"	"Kalanisha (IRE)"	"14.00"	"0"	"Seller Hurdle"	"5"	"14"	"Rafter, C"	"Berry, John"	"2m.5f "	"4"	"28"
"14:05:00"	"2004-10-14"	"Taunton"	"Rifleman (IRE) (OLD)"	"7.00"	"0"	"Novices Hurdle"	"2"	"9"	"Durack, S E"	"Bowen, Peter / Michael"	"2m1f "	"4"	"102"
"16:45:00"	"2004-10-13"	"Wetherby"	"The Ring (IRE)"	"8.00"	"0"	"Novices Hurdle"	"5"	"8"	"Thornton, Andrew"	"Reveley, K G"	"2m4.5f "	"4"	"32"
"15:35:00"	"2004-10-13"	"Wetherby"	"Nawamees (IRE)"	"3.50"	"0"	"Handicap Hurdle"	"1"	"8"	"McCoy, A P"	"Moore, Gary and Josh"	"2m "	"6"	"17"
"17:00:00"	"2004-10-05"	"Stratford"	"Vantage (IRE)"	"2.75"	"0"	"Novices Hurdle"	"PU"	"6"	"Moloney, Paul"	"Littmoden, N P"	"2m.5f "	"3"	"8"
"14:40:00"	"2004-10-04"	"Plumpton"	"Ice Rain (IRE)"	"14.00"	"0"	"Novices Hurdle"	"4"	"5"	"Williams, Christian"	"Williams, Evan"	"2m5f "	"4"	"26"
"14:20:00"	"2004-10-03"	"Kelso"	"Killoch Place (IRE)"	"40.00"	"0"	"Novices Hurdle"	"9"	"13"	"Oliver, Henry"	"Storey, W"	"2m.5f "	"3"	"19"
"14:00:00"	"2004-10-03"	"Uttoxeter"	"Ballare (IRE)"	"66.00"	"0"	"Novices Hurdle"	"8"	"15"	"Goldstein, Jamie"	"Jones, Bob"	"2m "	"5"	"15"
"16:05:00"	"2004-10-02"	"Chepstow"	"Biscar Two (IRE)"	"25.00"	"0"	"Novices Hurdle"	"4"	"15"	"Williams, Christian"	"Llewellyn, B J"	"2m.5f "	"3"	"45"
"16:05:00"	"2004-10-02"	"Chepstow"	"Spectested (IRE)"	"66.00"	"0"	"Novices Hurdle"	"7"	"15"	"Moloney, Paul"	"Carroll, A W"	"2m.5f "	"3"	"33"
"15:30:00"	"2004-10-02"	"Chepstow"	"Nopekan (IRE)"	"33.00"	"0"	"Handicap Hurdle"	"PU"	"10"	"Fitzgerald, Mick"	"Waldron, Mrs K"	"2m.5f "	"4"	"47"
"16:30:00"	"2004-09-30"	"Hereford"	"Berengario (IRE)"	"40.00"	"0"	"Handicap Novices Hurdle"	"4"	"15"	"McCarthy, J A"	"Burrough, S C"	"2m1f "	"4"	"189"
"15:55:00"	"2004-09-26"	"Huntingdon"	"Canni Thinkaar (IRE)"	"33.00"	"0"	"Novices Hurdle"	"6"	"12"	"Butler, Robert L"	"Butler, P"	"2m.5f "	"3"	"14"
"14:10:00"	"2004-09-24"	"Worcester"	"Sabana (IRE)"	"66.00"	"0"	"Novices Hurdle"	"PU"	"15"	"Davies, Chris"	"Bradley, J M"	"2m4f "	"6"	"55"
"14:20:00"	"2004-09-23"	"Perth"	"Tandava (IRE)"	"14.00"	"0"	"Novices Hurdle"	"5"	"16"	"Renwick, Wilson"	"Bradburne, Mrs S C"	"2m.5f "	"6"	"69"
"17:25:00"	"2004-09-22"	"Perth"	"World Vision (IRE)"	"12.00"	"0"	"Handicap Hurdle"	"6"	"14"	"Mercer, Keith"	"Murphy, Ferdy"	"3m.5f "	"7"	"150"
"15:40:00"	"2004-09-22"	"Perth"	"Mikasa (IRE)"	"66.00"	"0"	"Claimer Hurdle"	"3"	"11"	"Mercer, Keith"	"Fisher, R F"	"2m.5f "	"4"	"50"
"14:30:00"	"2004-09-22"	"Perth"	"KidZPlay (IRE)"	"5.50"	"0"	"Maiden Hurdle"	"1"	"12"	"Lee, G"	"Goldie, J S"	"2m4.5f "	"8"	"6"
"14:30:00"	"2004-09-22"	"Perth"	"Leopard Spot (IRE)"	"8.00"	"0"	"Maiden Hurdle"	"2"	"12"	"Dobbin, Tony"	"Semple, I"	"2m4.5f "	"6"	"30"
"17:20:00"	"2004-09-19"	"Plumpton"	"Treetops Hotel (IRE)"	"20.00"	"0"	"Novices Hurdle"	"10"	"15"	"Bolger, Colin"	"Johnson, B R"	"2m "	"5"	"18"
"14:05:00"	"2004-09-19"	"Plumpton"	"Livia (IRE)"	"10.00"	"0"	"Novices Hurdle"	"7"	"10"	"Tizzard, Joe"	"Portman, J G"	"2m "	"3"	"88"
"14:20:00"	"2004-09-12"	"Stratford"	"Alexander Musical (IRE)"	"16.00"	"0"	"Maiden Hurdle"	"9"	"12"	"Vickers, Lee"	"Lewis, S T"	"2m6.5f "	"6"	"164"
"13:45:00"	"2004-09-05"	"Worcester"	"Yellow River (IRE)"	"33.00"	"0"	"Maiden Hurdle"	"10"	"13"	"Goldstein, Jamie"	"Williams, R"	"2m "	"4"	"103"
"14:45:00"	"2004-09-04"	"Stratford"	"Quazar (IRE)"	"0.62"	"0"	"Beginners Chase"	"3"	"8"	"Dobbin, Tony"	"ONeill, Jonjo and AJ"	"2m5.5f "	"6"	"127"
"17:30:00"	"2004-08-24"	"Worcester"	"Burnt Copper (IRE)"	"11.00"	"0"	"Handicap Hurdle"	"8"	"14"	"Gray, J"	"Best, J R"	"2m "	"4"	"19"
"15:40:00"	"2004-08-22"	"Newton Abbot"	"Red Society (IRE)"	"1.75"	"0"	"Handicap Novices Chase"	"3"	"5"	"Johnson, Richard"	"Hobbs, P J / White, J"	"2m5.5f "	"6"	"159"
"14:40:00"	"2004-08-22"	"Newton Abbot"	"Fire Dragon (IRE)"	"0.36"	"0"	"Novices Hurdle"	"1"	"9"	"McCoy, A P"	"ONeill, Jonjo and AJ"	"2m1f "	"3"	"10"
"16:40:00"	"2004-08-21"	"Market Rasen"	"Ash Laddie (IRE)"	"66.00"	"0"	"Maiden Hurdle"	"9"	"9"	"Ross, Anthony"	"Wainwright, J S"	"2m1.5f "	"4"	"40"
"14:25:00"	"2004-08-21"	"Market Rasen"	"Valiant Air (IRE)"	"20.00"	"0"	"Novices Hurdle"	"PU"	"13"	"Dobbin, Tony"	"Weymes, J R"	"2m1.5f "	"3"	"54"
"15:20:00"	"2004-08-15"	"Stratford"	"Twice As Good (IRE)"	"33.00"	"0"	"Novices Hurdle"	"PU"	"9"	"Mogford, Jodie"	"Evans, Mrs N S"	"2m6.5f "	"10"	"241"
"14:30:00"	"2004-08-06"	"Sedgefield"	"Abrogate (IRE)"	"18.00"	"0"	"Novices Hurdle"	"6"	"9"	"Thornton, Andrew"	"Haslam, P C"	"2m1f "	"3"	"14"
"14:30:00"	"2004-08-02"	"Newton Abbot"	"Celtic Star (IRE)"	"4.50"	"0"	"Claimer Hurdle"	"1"	"7"	"Griffiths, P"	"George, Karen"	"2m1f "	"6"	"7"
"16:00:00"	"2004-01-21"	"Fakenham"	"Havantadoubt (IRE)"	"16.00"	"0"	"Novices Hurdle"	"7"	"10"	"Curran, Sean"	"Bosley, M R"	"2m "	"4"	"101"
"14:10:00"	"2004-01-16"	"Kelso"	"Shares (IRE)"	"25.00"	"0"	"Novices Hurdle"	"5"	"17"	"Renwick, Wilson"	"Monteith, P"	"2m.5f "	"4"	"184"
"13:50:00"	"2004-01-15"	"Catterick"	"Gladstone Spirit (IRE)"	"33.00"	"0"	"Novices Seller Hurdle"	"3"	"14"	"Garritty, Russ"	"Moore, G M"	"2m "	"4"	"558"
"13:50:00"	"2004-01-15"	"Catterick"	"Miss Jojo (IRE)"	"50.00"	"0"	"Novices Seller Hurdle"	"PU"	"14"	"Aspell, P"	"Rothwell, B S"	"2m "	"4"	"402"
"15:10:00"	"2004-01-13"	"Sedgefield"	"Nameless Wonder (IRE)"	"7.00"	"0"	"Handicap Hurdle"	"3"	"16"	"Lee, G"	"Johnson, J Howard"	"2m5.5f "	"8"	"243"
"13:30:00"	"2004-01-13"	"Leicester"	"Sholay (IRE)"	"33.00"	"0"	"Novices Hurdle"	"8"	"17"	"Llewellyn, Carl"	"Twiston-Davies, N A"	"2m "	"5"	"284"
"16:00:00"	"2004-01-12"	"Fontwell"	"Castle Folly (IRE)"	"10.00"	"0"	"Handicap Chase"	"9"	"11"	"Dennis, David"	"White, J"	"2m6f "	"12"	"463"
"13:10:00"	"2004-01-07"	"Musselburgh"	"Spectacular (IRE)"	"50.00"	"0"	"Novices Hurdle"	"5"	"15"	"McCormack, C"	"Murtagh, F P"	"2m "	"5"	"90"
"13:55:00"	"2003-10-29"	"Sedgefield"	"Khan Kicker (IRE)"	"0.80"	"0"	"Beginners Chase"	"2"	"5"	"Dobbin, Tony"	"Richards, N G"	"2m5f "	"7"	"259"
"17:05:00"	"2003-10-20"	"Plumpton"	"Dirk Cove (IRE)"	"3.50"	"0"	"Handicap Chase"	"2"	"4"	"Fenton, Barry"	"Rowe, R"	"3m2f "	"9"	"166"
"14:40:00"	"2003-10-18"	"Stratford"	"Muqtadi (IRE)"	"14.00"	"0"	"Seller Hurdle"	"5"	"15"	"Thornton, Robert"	"Dore, C R"	"2m.5f "	"5"	"19"
"16:50:00"	"2003-10-09"	"Ludlow"	"Medkhan (IRE)"	"20.00"	"0"	"Hurdle"	"4"	"6"	"Murphy, Timmy"	"Jordan, F"	"2m5f "	"6"	"48"
"14:30:00"	"2003-10-05"	"Fontwell"	"Shaydeylaydeh (IRE)"	"33.00"	"0"	"Novices Claimer Hurdle"	"UR"	"10"	"Rees, Mr S"	"Feilden, Miss J"	"2m4f "	"4"	"106"
"16:40:00"	"2003-10-04"	"Chepstow"	"Albuhera (IRE)"	"6.00"	"0"	"Novices Hurdle"	"6"	"9"	"Tizzard, Joe"	"Nicholls, P F"	"2m.5f "	"5"	"56"
"16:50:00"	"2003-09-27"	"Plumpton"	"Mutared (IRE)"	"16.00"	"0"	"Novices Hurdle"	"8"	"12"	"Moloney, Paul"	"Littmoden, N P"	"2m "	"5"	"9"
"15:25:00"	"2003-09-24"	"Perth"	"Capriccio (IRE)"	"14.00"	"0"	"Handicap Hurdle"	"6"	"9"	"Bradburne, Mark"	"Bradburne, Mrs S C"	"3m.5f "	"6"	"9"
"17:10:00"	"2003-09-07"	"Worcester"	"By Definition (IRE)"	"66.00"	"0"	"Maiden Hurdle"	"PU"	"18"	"Slattery, Vince"	"Bradley, J M"	"2m "	"5"	"24"
"17:10:00"	"2003-08-25"	"Cartmel"	"Mutared (IRE)"	"6.00"	"0"	"Maiden Hurdle"	"PU"	"12"	"Maguire, Jason"	"Littmoden, N P"	"2m1.5f "	"5"	"21"
"15:35:00"	"2003-08-25"	"Fontwell"	"Melusina (IRE)"	"6.00"	"0"	"Novices Hurdle"	"3"	"7"	"Aspell, Leighton"	"Perrett, Mrs A J"	"2m2.5f "	"3"	"44"
"15:15:00"	"2003-08-25"	"Huntingdon"	"Investment Force (IRE)"	"6.00"	"0"	"Maiden Hurdle"	"2"	"10"	"Crosse, Dave"	"Mann, C J"	"2m.5f "	"5"	"20"
"18:25:00"	"2003-08-23"	"Worcester"	"Pierpoint (IRE) (OLD)"	"66.00"	"0"	"Novices Hurdle"	"8"	"9"	"Slattery, Vince"	"Bradley, J M"	"2m "	"8"	"50"
"14:10:00"	"2003-08-23"	"Cartmel"	"Taipo Prince (IRE)"	"16.00"	"0"	"Novices Hurdle"	"8"	"10"	"Keniry, Barry"	"Milligan, Miss Kate"	"2m1.5f "	"3"	"43"
"14:30:00"	"2003-08-22"	"Fontwell"	"Flying Spirit (IRE)"	"2.25"	"0"	"Novices Hurdle"	"1"	"5"	"McCoy, A P"	"Moore, Gary and Josh"	"2m2.5f "	"4"	"15"
"18:50:00"	"2003-08-18"	"Fontwell"	"Blue Streak (IRE)"	"3.00"	"0"	"Handicap Hurdle"	"8"	"9"	"Hide, Philip"	"Moore, Gary and Josh"	"2m2.5f "	"6"	"6"
"14:20:00"	"2003-08-08"	"Sedgefield"	"Hilltime (IRE)"	"20.00"	"0"	"Novices Hurdle"	"1"	"12"	"Garritty, Russ"	"Quinn, J J"	"2m1f "	"3"	"433"
"14:15:00"	"2003-08-01"	"Bangor"	"Aldiruos (IRE)"	"9.00"	"0"	"Novices Hurdle"	"5"	"13"	"Johnson, Richard"	"Hobbs, P J / White, J"	"2m1f "	"3"	"6"
"14:15:00"	"2003-08-01"	"Bangor"	"Tommy Nutter (IRE)"	"40.00"	"0"	"Novices Hurdle"	"8"	"13"	"Marston, Warren"	"Brotherton, R"	"2m1f "	"3"	"27"
"14:15:00"	"2003-08-01"	"Bangor"	"You Never No (IRE)"	"14.00"	"0"	"Novices Hurdle"	"10"	"13"	"Flynn, Paul W"	"ONeill, E J"	"2m1f "	"3"	"17"
"13:15:00"	"2003-01-25"	"Doncaster"	"Charnwood Street (IRE)"	"100.00"	"0"	"Novices Hurdle"	"7"	"14"	"Hobson, Richard"	"Shaw, D"	"2m.5f "	"4"	"47"
"12:55:00"	"2003-01-25"	"Cheltenham"	"WeLl Make It (IRE)"	"33.00"	"0"	"Handicap Novices Hurdle"	"20"	"23"	"Hide, Philip"	"Moore, Gary and Josh"	"2m1f "	"5"	"49"
"13:50:00"	"2003-01-23"	"Warwick"	"Pettree (IRE)"	"10.00"	"0"	"Handicap Chase"	"9"	"10"	"Llewellyn, Carl"	"Twiston-Davies, N A"	"3m2f "	"9"	"58"
"13:20:00"	"2003-01-18"	"Kempton"	"Chivite (IRE)"	"33.00"	"0"	"Novices Hurdle"	"11"	"15"	"McNamara, J P"	"Burke, K R"	"2m "	"4"	"10"
"13:20:00"	"2003-01-17"	"Musselburgh"	"Petersons Cay (IRE)"	"25.00"	"0"	"Novices Hurdle"	"5"	"15"	"Aspell, P"	"Reveley, Mrs M"	"2m "	"5"	"20"
 