RTime	Date	track	Qualifier	Odds_Numeric	Odds_Exchange	Race_Type	Position	Runners	Jockey	Trainer	Distance	Age	DaysSinceRun	
"17:42:00"	"2026-07-26"	"Uttoxeter"	"Tommy Cullen (IRE)"	"12.00"	"17.5"	"Handicap Hurdle"	"1"	"8"	"Quinlan, Jack"	"Crawley, Matt"	"2m4.5f "	"8"	"25"
"17:42:00"	"2026-07-26"	"Uttoxeter"	"Papillondelumiere (IRE)"	"40.00"	"48.52"	"Handicap Hurdle"	"PU"	"8"	"Callwood, Miss Ellie"	"Barlow, J R"	"2m4.5f "	"8"	"47"
"19:21:00"	"2026-07-24"	"Kilbeggan"	"Lord Lackendarra (IRE)"	"66.00"	"130"	"Maiden Hurdle"	"PU"	"9"	"Whelan, D G"	"Breen, Patrick"	"3m.5f "	"8"	"22"
"17:20:00"	"2026-07-22"	"Wexford"	"Oogum Boogum (IRE)"	"4.00"	"5.5"	"Handicap Chase"	"8"	"15"	"Fitzgerald, S"	"Budds, David Kenneth"	"3m.5f "	"8"	"5"
"17:05:00"	"2026-07-22"	"Worcester"	"Spitalfield (IRE)"	"7.50"	"12.6"	"Handicap Hurdle"	"7"	"10"	"ONeill, Jonjo (Jr)"	"ONeill, Jonjo and AJ"	"2m7.5f "	"8"	"12"
"16:20:00"	"2026-07-22"	"Wexford"	"West Away (IRE)"	"7.00"	"9.45"	"Beginners Chase"	"3"	"9"	"Finegan, Mr E"	"Collins, P E"	"2m3f "	"8"	"208"
"20:47:00"	"2026-07-16"	"Worcester"	"Phantom Gold (IRE)"	"0.91"	"2.13"	"Handicap Hurdle"	"1"	"7"	"Quinlan, Sean"	"Candlish, Jennie"	"2m4.5f "	"8"	"15"
"17:00:00"	"2026-07-10"	"Worcester"	"Manowest (IRE)"	"6.50"	"8.23"	"Handicap Chase"	"PU"	"6"	"Bowen, Sean P"	"Murphy, Olly"	"2m5f "	"8"	"31"
"15:30:00"	"2026-07-07"	"Uttoxeter"	"Cawthorne Banker (IRE)"	"3.33"	"4.77"	"Handicap Hurdle"	"1"	"10"	"ONeill, Jonjo (Jr)"	"ONeill, Jonjo and AJ"	"2m "	"8"	"20"
"17:52:00"	"2026-07-02"	"Limerick"	"Lord Lackendarra (IRE)"	"125.00"	"590"	"Maiden Hurdle"	"14"	"18"	"OConnor, M P"	"Breen, Patrick"	"2m4f "	"8"	"52"
"20:50:00"	"2026-06-23"	"Newton Abbot"	"Unspeakable (IRE)"	"5.50"	"7.38"	"Handicap Chase"	"6"	"9"	"Tudor, Jack"	"Williams, Christian"	"3m2f "	"8"	"30"
"14:40:00"	"2026-06-19"	"Market Rasen"	"Arctic Saint (IRE)"	"11.00"	"12.97"	"Handicap Chase"	"PU"	"6"	"OFarrell, C"	"Cole, Miss D"	"2m4f "	"8"	"70"
"15:00:00"	"2026-06-10"	"Fontwell"	"Atreides (IRE)"	"3.33"	"4.88"	"Handicap Chase"	"3"	"5"	"Harris, Bradley"	"Mulholland, N P"	"2m3.5f "	"8"	"19"
"14:20:00"	"2026-06-06"	"Worcester"	"Atlanta Brave (IRE)"	"14.00"	"19.66"	"Handicap Chase"	"5"	"11"	"Cannon, Tom J"	"Lee, Miss Kerry"	"2m7f "	"8"	"49"
"15:30:00"	"2026-06-03"	"Newton Abbot"	"Winning Paddy (IRE)"	"28.00"	"38.62"	"Handicap Novices Chase"	"1"	"8"	"Davies, James"	"Dunn, Mrs Alex"	"3m2f "	"8"	"42"
"17:17:00"	"2026-06-01"	"Listowel"	"Whatdoyoucallhim (IRE)"	"300.00"	"1000"	"NH Flat"	"9"	"10"	"ONeill, Mr P R"	"Walsh, David K"	"2m4f "	"8"	"18"
"16:42:00"	"2026-06-01"	"Listowel"	"Solitary Man (IRE)"	"2.25"	"3.8"	"Hunters Chase"	"4"	"11"	"Halford, Mr J M"	"Bolger, E"	"2m7.5f "	"8"	"21"
"15:26:00"	"2026-05-31"	"Kilbeggan"	"Rajjnatin (IRE)"	"6.50"	"8.6"	"Handicap Hurdle"	"4"	"14"	"Stone-Walsh, C"	"Donoghue, Ian"	"2m3f "	"8"	"51"
"19:38:00"	"2026-05-27"	"Cartmel"	"Gustavo Goodway (IRE)"	"40.00"	"76.93"	"Handicap Hurdle"	"10"	"10"	"Foster, F"	"Foster, Miss J E"	"3m1.5f "	"8"	"162"
"13:00:00"	"2026-05-25"	"Huntingdon"	"Slaney Opera (IRE)"	"2.75"	"4.5"	"Handicap Chase"	"3"	"4"	"Reed, Harry"	"Scholfield, Nick"	"2m7.5f "	"8"	"9"
"17:05:00"	"2026-05-23"	"Cartmel"	"Kingofthegame (IRE)"	"3.50"	"5.35"	"Handicap Chase"	"3"	"12"	"Mania, Ryan"	"Todhunter, M"	"2m5f "	"8"	"21"
"16:55:00"	"2026-05-16"	"Wexford"	"Ceroc (IRE)"	"5.00"	"7.13"	"Handicap Chase"	"2"	"11"	"Enright, P T"	"Slattery, Andrew"	"3m1.5f "	"8"	"36"
"17:20:00"	"2026-05-15"	"Kilbeggan"	"Must Meet Cecil (IRE)"	"8.00"	"10.64"	"Handicap Hurdle"	"7"	"14"	"Millar, Mr C P"	"Collins, C M"	"1m7.5f "	"8"	"7"
"17:20:00"	"2026-05-15"	"Kilbeggan"	"Desert Cave (IRE)"	"66.00"	"160"	"Handicap Hurdle"	"11"	"14"	"Williamson, Mr J H"	"Donoghue, Ian"	"1m7.5f "	"8"	"25"
"19:50:00"	"2026-05-13"	"Punchestown"	"Oogum Boogum (IRE)"	"10.00"	"13.7"	"Handicap Hurdle"	"1"	"18"	"Millar, Mr C P"	"Budds, David Kenneth"	"3m "	"8"	"11"
"19:58:00"	"2026-05-12"	"Sligo"	"The Miracle Man (IRE)"	"3.50"	"5"	"Handicap Hurdle"	"9"	"12"	"Meyler, D"	"Moore, A L T"	"3m2f "	"8"	"93"
"17:35:00"	"2026-05-09"	"Warwick"	"Redbridge Rambler (IRE)"	"6.00"	"8.98"	"Handicap Chase"	"1"	"8"	"Keighley, Mr Freddie"	"Keighley, M"	"3m "	"8"	"27"
"13:53:00"	"2026-05-09"	"Killarney"	"Minella Mate (IRE)"	"4.00"	"7"	"Maiden Hurdle"	"3"	"15"	"King, D"	"Nallen, John J"	"2m1f "	"8"	"64"
"19:35:00"	"2026-05-08"	"Downpatrick"	"Jimlis Cave (IRE)"	"5.00"	"7.09"	"Handicap Chase"	"5"	"11"	"Meyler, D"	"Watson, R K"	"2m7.5f "	"8"	"40"
"15:50:00"	"2026-05-04"	"Warwick"	"Spitalfield (IRE)"	"2.75"	"4.21"	"Handicap Hurdle"	"3"	"8"	"McLernon, R P"	"ONeill, Jonjo and AJ"	"3m1f "	"8"	"60"
"19:45:00"	"2026-05-02"	"Hexham"	"Millford Hill (IRE)"	"33.00"	"60"	"Handicap Chase"	"PU"	"13"	"Moscrop, Nathan"	"Menzies, Rebecca"	"3m "	"8"	"10"
"18:30:00"	"2026-04-22"	"Taunton"	"Most Wanted (IRE)"	"25.00"	"34"	"Handicap Hurdle"	"9"	"10"	"Cannon, Tom J"	"Bridgwater, D G"	"2m.5f "	"8"	"184"
"17:12:00"	"2026-04-21"	"Ffos Las"	"Getaway King (IRE)"	"12.00"	"18"	"Handicap Novices Hurdle"	"7"	"12"	"Broughton, Mr T P"	"OBrien, Fergal"	"3m "	"8"	"35"
"17:12:00"	"2026-04-20"	"Tramore"	"Lord Lackendarra (IRE)"	"12.00"	"25"	"Maiden Hurdle"	"3"	"11"	"Whelan, D G"	"Breen, Patrick"	"2m.5f "	"8"	"153"
"15:43:00"	"2026-04-19"	"Stratford"	"Unspeakable (IRE)"	"6.00"	"8.45"	"Handicap Chase"	"6"	"7"	"Tudor, Jack"	"Williams, Christian"	"3m3.5f "	"8"	"136"
"14:17:00"	"2026-04-19"	"Plumpton"	"Line Of Descent (IRE)"	"4.00"	"5.79"	"Handicap Chase"	"2"	"5"	"Anderson, Joe"	"Greatrex, W J"	"2m4f "	"8"	"25"
"13:52:00"	"2026-04-18"	"Bangor"	"Atlanta Brave (IRE)"	"20.00"	"34"	"Handicap Novices Chase"	"9"	"14"	"OFarrell, C"	"Lee, Miss Kerry"	"3m "	"8"	"31"
"15:55:00"	"2026-04-16"	"Limerick"	"Lispopple (IRE)"	"28.00"	"36"	"Handicap Hurdle"	"PU"	"13"	"Moore, Niall"	"Fenton, Philip"	"2m3.5f "	"8"	"28"
"16:10:00"	"2026-04-13"	"Fakenham"	"Slaney Opera (IRE)"	"2.50"	"4.1"	"Handicap Chase"	"3"	"4"	"Reed, Harry"	"Scholfield, Nick"	"3m5f "	"8"	"17"
"15:30:00"	"2026-04-13"	"Hexham"	"King Of Cong (IRE)"	"11.00"	"16.54"	"Handicap Chase"	"PU"	"14"	"Maggs, Mr William"	"England, Sam"	"3m "	"8"	"19"
"14:00:00"	"2026-04-06"	"Plumpton"	"Hilltown (IRE)"	"14.00"	"15.01"	"Handicap Hurdle"	"PU"	"6"	"Macey, Benjamin"	"Mullins, J W"	"3m1f "	"8"	"28"
"16:33:00"	"2026-04-05"	"Market Rasen"	"Cawthorne Banker (IRE)"	"25.00"	"32"	"Handicap Hurdle"	"PU"	"9"	"Brogan, Kevin"	"ONeill, Jonjo and AJ"	"2m1.5f "	"8"	"19"
"15:27:00"	"2026-04-04"	"Carlisle"	"Tory Hill (IRE)"	"16.00"	"20.53"	"Handicap Chase"	"2"	"7"	"Bewley, Jonathon"	"Bewley, G T"	"3m1f "	"8"	"37"
"17:00:00"	"2026-04-02"	"Clonmel"	"Reve Inoui (IRE)"	"33.00"	"54.03"	"Handicap Chase"	"5"	"14"	"Canavan, Jordan J"	"Flavin, J P"	"2m7.5f "	"8"	"14"
"15:40:00"	"2026-04-02"	"Kelso"	"Don Occhetti (IRE)"	"40.00"	"90"	"Handicap Chase"	"PU"	"10"	"Rabbitt, Mr C"	"Young Jnr, William"	"2m5.5f "	"8"	"38"
"15:50:00"	"2026-04-01"	"Wincanton"	"All Night Parking (IRE)"	"125.00"	"240"	"Handicap Novices Hurdle"	"PU"	"7"	"Houlihan, Sean M"	"Gray, C J"	"3m.5f "	"8"	"34"
"16:40:00"	"2026-03-19"	"Sedgefield"	"Benefit Ben (IRE)"	"4.00"	"5.69"	"Handicap Chase"	"F"	"11"	"Mania, Ryan"	"Nicol, Adam"	"2m5.5f "	"8"	"28"
"15:12:00"	"2026-03-17"	"Wetherby"	"Cawthorne Banker (IRE)"	"8.00"	"11"	"Handicap Hurdle"	"10"	"11"	"ONeill, Jonjo (Jr)"	"ONeill, Jonjo and AJ"	"2m "	"8"	"75"
"15:03:00"	"2026-03-17"	"Down Royal"	"Midleton Rare (IRE)"	"16.00"	"34.39"	"Handicap Hurdle"	"10"	"18"	"Stone-Walsh, C"	"Donoghue, Ian"	"2m4.5f "	"8"	"13"
"16:00:00"	"2026-03-09"	"Plumpton"	"Hilltown (IRE)"	"4.50"	"6.2"	"Handicap Chase"	"PU"	"5"	"Smith, Ben"	"Mullins, J W"	"3m2f "	"8"	"57"
"15:15:00"	"2026-03-02"	"Southwell"	"Camino Rocio (IRE)"	"7.50"	"9.2"	"Hunters Chase"	"4"	"4"	"Jackson-Fennell, Miss A"	"Rees, E M"	"3m1f "	"8"	"226"
"14:50:00"	"2026-02-24"	"Leicester"	"The Brickey Ranger (IRE)"	"12.00"	"15.75"	"Handicap Chase"	"PU"	"7"	"Obrien, P V"	"Mullins, J W"	"2m7f "	"8"	"12"
"14:20:00"	"2026-02-18"	"Southwell"	"Givehimthehonour (IRE)"	"14.00"	"17.52"	"Handicap Chase"	"3"	"7"	"Tudor, Jack"	"Pipe, D E"	"3m1f "	"8"	"30"
"14:20:00"	"2026-02-18"	"Southwell"	"Streamsforth Lad (IRE)"	"3.00"	"4.31"	"Handicap Chase"	"UR"	"7"	"Macey, Benjamin"	"Hanmer, G D"	"3m1f "	"8"	"61"
"14:00:00"	"2026-02-15"	"Punchestown"	"My Trump Card (IRE)"	"50.00"	"55"	"Beginners Chase"	"6"	"7"	"Gilligan, D J"	"Elliott, Gordon"	"2m7f "	"8"	"46"
"16:20:00"	"2026-02-13"	"Chepstow"	"Mumbles (IRE)"	"5.50"	"7.97"	"Handicap Hurdle"	"PU"	"11"	"Radford, Mr Osian"	"Williams, Evan"	"2m4f "	"8"	"14"
"15:20:00"	"2026-02-08"	"Navan"	"The Miracle Man (IRE)"	"5.00"	"6.7"	"Handicap Hurdle"	"3"	"11"	"McKenna, Liam"	"Moore, A L T"	"2m6f "	"8"	"17"
"15:20:00"	"2026-02-08"	"Navan"	"Drumcliff Bay (IRE)"	"33.00"	"54.16"	"Handicap Hurdle"	"PU"	"11"	"Enright, P T"	"McNiff, Mark Michael"	"2m6f "	"8"	"31"
"16:02:00"	"2026-02-05"	"Thurles"	"Justicialism (IRE)"	"33.00"	"43.04"	"Handicap Hurdle"	"PU"	"17"	"Stone-Walsh, C"	"Kelly, Noel C"	"2m7f "	"8"	"93"
"15:30:00"	"2026-02-03"	"Fairyhouse"	"Elusive Guy (IRE)"	"16.00"	"20.4"	"Handicap Hurdle"	"PU"	"10"	"Smithers, P T"	"Fahey, Jarlath P"	"2m4.5f "	"8"	"14"
"13:47:00"	"2026-02-01"	"Market Rasen"	"Try The Money (IRE)"	"1.20"	"2.46"	"Handicap Novices Chase"	"4"	"5"	"Woods, K K"	"Oliver, Henry"	"3m "	"8"	"44"
"16:23:00"	"2026-01-30"	"Catterick"	"Berry Edge (IRE)"	"25.00"	"31.93"	"Handicap Hurdle"	"3"	"5"	"Power, Jack"	"Thompson, D W"	"2m "	"8"	"67"
"13:00:00"	"2026-01-27"	"Chepstow"	"Out Of Focus (IRE)"	"11.00"	"14.36"	"Handicap Novices Hurdle"	"2"	"10"	"Williams, Isabel"	"Williams, Evan"	"2m3.5f "	"8"	"19"
"13:55:00"	"2026-01-22"	"Wetherby"	"Knacker Trapper (IRE)"	"50.00"	"105.9"	"Handicap Hurdle"	"7"	"13"	"Williamson, Joseph"	"Crook, A"	"2m4.5f "	"8"	"258"
"15:50:00"	"2026-01-17"	"Taunton"	"Lough Owel (IRE)"	"12.00"	"18.05"	"Handicap Chase"	"11"	"14"	"Bowen, Sean P"	"Summersby, D P"	"2m7f "	"8"	"40"
"12:32:00"	"2026-01-15"	"Ludlow"	"Meranti (IRE)"	"20.00"	"24.39"	"Handicap Chase"	"PU"	"9"	"McConville, Mr D J"	"Lewis, Mrs S W"	"3m "	"8"	"27"
"15:02:00"	"2026-01-09"	"Exeter"	"Shuil Ceoil (IRE)"	"6.00"	"7.44"	"Handicap Hurdle"	"2"	"14"	"Harris, Bradley"	"Mulholland, N P"	"2m5.5f "	"8"	"55"
"15:15:00"	"2026-01-01"	"Fairyhouse"	"Wingmen (IRE)"	"2.25"	"3.42"	"Beginners Chase"	"2"	"7"	"Kennedy, J W"	"Elliott, Gordon"	"2m6f "	"8"	"26"
"13:35:00"	"2026-01-01"	"Fairyhouse"	"Oneforgonzo (IRE)"	"18.00"	"25.79"	"Handicap Hurdle"	"2"	"24"	"McGuinness, Miss A"	"Aherne, Sean"	"2m4f "	"8"	"5"
"12:35:00"	"2025-12-31"	"Punchestown"	"Da Capo Glory (IRE)"	"66.00"	"113.77"	"Beginners Chase"	"3"	"10"	"Enright, P T"	"Butler, Padraig"	"3m "	"8"	"20"
"15:27:00"	"2025-12-29"	"Limerick"	"Another Ocana (IRE)"	"16.00"	"27"	"Handicap Hurdle"	"8"	"13"	"Walsh, E"	"Archdeacon, L J"	"2m3f "	"8"	"27"
"11:30:00"	"2025-12-29"	"Limerick"	"Nibbles (IRE)"	"28.00"	"40"	"Maiden Hunters Chase"	"3"	"14"	"OConnor, Mr T"	"OConnor, Turlough"	"2m6.5f "	"8"	"272"
"12:37:00"	"2025-12-28"	"Leicester"	"Kitsilano (IRE)"	"14.00"	"21.22"	"Handicap Novices Chase"	"4"	"8"	"Powell, Brendan"	"Bridgwater, D G"	"2m4f "	"8"	"13"
"15:15:00"	"2025-12-26"	"Limerick"	"Little Mixup (IRE)"	"66.00"	"137.22"	"Handicap Chase"	"PU"	"14"	"Walsh, E"	"Hogan, Denis Gerard"	"2m1.5f "	"8"	"24"
"13:58:00"	"2025-12-26"	"Down Royal"	"Feast (IRE)"	"11.00"	"15.5"	"Handicap Chase"	"4"	"15"	"Cleary-Farrell, S"	"Ocsko-Moore, Stephanie"	"2m4.5f "	"8"	"52"
"13:58:00"	"2025-12-26"	"Down Royal"	"Younowhatimean (IRE)"	"25.00"	"30.69"	"Handicap Chase"	"PU"	"15"	"Shinnick, J P"	"McCarthy, Eoin Christopher"	"2m4.5f "	"8"	"38"
"13:58:00"	"2025-12-26"	"Down Royal"	"Malton Groove (IRE)"	"40.00"	"90.42"	"Handicap Chase"	"PU"	"15"	"OBrien, P M"	"McLoughlin, D A"	"2m4.5f "	"8"	"23"
"13:25:00"	"2025-12-26"	"Sedgefield"	"Take Centre Stage (IRE)"	"6.50"	"9"	"Handicap Chase"	"6"	"7"	"Chapman, Ross"	"Menzies, Rebecca"	"2m.5f "	"8"	"24"
"14:38:00"	"2025-12-22"	"Musselburgh"	"Luminaries (IRE)"	"40.00"	"77.07"	"Handicap Hurdle"	"9"	"13"	"Quinlan, Sean"	"Whillans, Ewan"	"3m "	"8"	"27"
"13:38:00"	"2025-12-20"	"Hereford"	"Daany (IRE)"	"14.00"	"17.04"	"Handicap Hurdle"	"PU"	"15"	"Williams, Lorcan"	"Tickle, J"	"2m1f "	"8"	"61"
"15:23:00"	"2025-12-11"	"Punchestown"	"Comeonarchie (IRE)"	"6.50"	"8.2"	"Handicap Hurdle"	"1"	"11"	"Martin, Mr J R"	"Hand, F G"	"3m "	"8"	"62"
"14:33:00"	"2025-11-28"	"Doncaster"	"Guillaume (IRE)"	"7.00"	"8.8"	"Handicap Novices Hurdle"	"PU"	"10"	"Gillard, Mr T"	"McCain Jnr, D"	"2m.5f "	"8"	"38"
"14:50:00"	"2025-11-27"	"Taunton"	"Bigz Belief (IRE)"	"3.50"	"5.9"	"Handicap Hurdle"	"10"	"13"	"Broughton, Mr T P"	"OBrien, Fergal"	"2m3f "	"8"	"247"
"14:50:00"	"2025-11-25"	"Tramore"	"Will It Be You (IRE)"	"20.00"	"39.4"	"Handicap Chase"	"PU"	"14"	"Deegan, R"	"Cusack, Liam P"	"2m5.5f "	"8"	"33"
"13:41:00"	"2025-11-21"	"Fairyhouse"	"Duffys Hodey (IRE)"	"1.50"	"3"	"Handicap Chase"	"2"	"9"	"Shine, Mr C J"	"Rothwell, P J"	"3m.5f "	"8"	"274"
"15:05:00"	"2025-11-18"	"Limerick"	"Rewrite The Script (IRE)"	"11.00"	"15.63"	"Handicap Hurdle"	"PU"	"12"	"OCallaghan, Shane"	"Daly, Matthew A"	"3m.5f "	"8"	"171"
"14:35:00"	"2025-11-18"	"Limerick"	"Cosmo Renfro (IRE)"	"3.00"	"4.66"	"Handicap Hurdle"	"2"	"14"	"Buckley, Kieran"	"Cromwell, Gavin Patrick"	"2m5f "	"8"	"170"
"14:35:00"	"2025-11-18"	"Limerick"	"Mr Eastwood (IRE)"	"50.00"	"90.67"	"Handicap Hurdle"	"10"	"14"	"Quinlan, Liam"	"Hackett, Ray"	"2m5f "	"8"	"48"
"12:10:00"	"2025-11-06"	"Sedgefield"	"Ambassador (IRE)"	"18.00"	"22"	"Handicap Hurdle"	"6"	"6"	"Stevens, Miss A"	"Hammond, Micky"	"2m.5f "	"8"	"21"
"13:20:00"	"2025-11-03"	"Hereford"	"Walkinthewoods (IRE)"	"22.00"	"32.19"	"Handicap Hurdle"	"4"	"9"	"Radford, Mr Osian"	"Williams, Evan"	"2m4f "	"8"	"176"
"14:00:00"	"2025-10-30"	"Thurles"	"Willywampus (IRE)"	"20.00"	"26"	"Handicap Chase"	"6"	"12"	"Doyle, R A"	"Courtney, Eamon"	"2m2.5f "	"8"	"66"
"16:20:00"	"2025-10-15"	"Wetherby"	"Victory Club (IRE)"	"12.00"	"16"	"Handicap Hurdle"	"3"	"11"	"Moscrop, Nathan"	"Menzies, Rebecca"	"3m "	"8"	"12"
"16:20:00"	"2025-10-15"	"Wetherby"	"Rebel Intentions (IRE)"	"33.00"	"53.62"	"Handicap Hurdle"	"7"	"11"	"Nichol, Craig"	"Sowray, A"	"3m "	"8"	"117"
"14:22:00"	"2025-10-15"	"Worcester"	"Henry Box Brown (IRE)"	"10.00"	"11.97"	"Handicap Chase"	"2"	"9"	"Collier, Ellis"	"Williams, Evan"	"2m7.5f "	"8"	"18"
"15:21:00"	"2025-10-14"	"Market Rasen"	"El Muchacho (IRE)"	"33.00"	"95.81"	"Handicap Hurdle"	"11"	"12"	"Maggs, Mr William"	"Sowersby, M E"	"2m7f "	"8"	"33"
"14:17:00"	"2025-10-12"	"Cork"	"Getaway Henry (IRE)"	"10.00"	"12.5"	"Handicap Hurdle"	"5"	"17"	"Meyler, D"	"OLeary, Daniel Joseph"	"2m2.5f "	"8"	"44"
"16:15:00"	"2025-10-08"	"Sedgefield"	"Ascension Day (IRE)"	"22.00"	"52.18"	"Handicap Hurdle"	"PU"	"11"	"McLernon, R P"	"Haslam, B M R"	"2m.5f "	"8"	"21"
"17:10:00"	"2025-10-05"	"Uttoxeter"	"Leading Force (IRE)"	"4.00"	"5.6"	"Handicap Chase"	"6"	"10"	"Bowen, Sean P"	"Owen, J P"	"3m "	"8"	"24"
"16:53:00"	"2025-10-05"	"Kelso"	"Coventry (IRE)"	"5.50"	"7.42"	"Handicap Hurdle"	"8"	"11"	"Kavanagh, Peter J"	"Harrison, Miss L"	"2m5f "	"8"	"11"
"14:30:00"	"2025-10-04"	"Gowran Park"	"Tea It Is (IRE)"	"3.50"	"6.25"	"Handicap Hurdle"	"4"	"14"	"King, D"	"Hogan, Denis Gerard"	"2m4f "	"8"	"8"
"17:15:00"	"2025-10-02"	"Southwell"	"Ballyvaughan Bay (IRE)"	"6.00"	"7.02"	"Handicap Hurdle"	"6"	"8"	"McCain-Mitchell, Toby"	"Jeffreys, D J"	"3m.5f "	"8"	"27"
"16:10:00"	"2025-10-01"	"Sligo"	"Feast (IRE)"	"11.00"	"16.75"	"Handicap Chase"	"6"	"12"	"McGuinness, Miss A"	"McKenna, P J"	"2m5f "	"8"	"11"
"14:07:00"	"2025-09-30"	"Sedgefield"	"Ambassador (IRE)"	"22.00"	"34"	"Handicap Hurdle"	"7"	"11"	"Stevens, Miss A"	"Hammond, Micky"	"2m.5f "	"8"	"13"
"15:25:00"	"2025-09-29"	"Roscommon"	"Hard Target (IRE)"	"25.00"	"78.41"	"Handicap Hurdle"	"6"	"15"	"Quirke, Mr C M"	"Kelly, David Harry"	"2m4f "	"8"	"52"
"18:15:00"	"2025-09-27"	"Market Rasen"	"Lord Warburton (IRE)"	"18.00"	"21.15"	"Handicap Hurdle"	"F"	"10"	"Anderson, Mr A"	"Sowersby, M E"	"2m3.5f "	"8"	"42"
"16:53:00"	"2025-09-25"	"Perth"	"Wearelongterm (IRE)"	"7.50"	"9.8"	"Handicap Hurdle"	"F"	"7"	"Brooke, Henry"	"Sayer, Mrs Dianne"	"3m.5f "	"8"	"66"
"16:10:00"	"2025-09-08"	"Perth"	"Kopa Kilana (IRE)"	"3.33"	"4.67"	"Handicap Hurdle"	"2"	"13"	"Bowen, Sean P"	"Murphy, Olly"	"2m4.5f "	"8"	"19"
"14:12:00"	"2025-09-07"	"Fontwell"	"Shantou Lucky (IRE)"	"0.83"	"1.98"	"Handicap Hurdle"	"1"	"9"	"Howie, Nathan"	"Owen, J P"	"2m6f "	"8"	"66"
"17:55:00"	"2025-09-06"	"Stratford"	"Radharc Na Slaine (IRE)"	"4.50"	"6.2"	"Handicap Chase"	"1"	"9"	"Bowen, Sean P"	"Rees, D A"	"2m7f "	"8"	"51"
"17:55:00"	"2025-08-27"	"Bellewstown"	"Malton Groove (IRE)"	"25.00"	"50"	"Handicap Hurdle"	"4"	"15"	"OKeeffe, Sean F"	"McLoughlin, D A"	"2m4.5f "	"8"	"22"
"15:20:00"	"2025-08-23"	"Cartmel"	"Big Bee Hive (IRE)"	"9.00"	"9.99"	"Handicap Hurdle"	"PU"	"9"	"England, Jonathan"	"England, Sam"	"3m1.5f "	"8"	"30"
"20:00:00"	"2025-08-20"	"Worcester"	"Bebside Banter (IRE)"	"5.50"	"7.56"	"Handicap Hurdle"	"3"	"9"	"Mitchell, Mr F"	"Comley, Max"	"2m4f "	"8"	"61"
"20:00:00"	"2025-08-20"	"Worcester"	"Kopa Kilana (IRE)"	"3.50"	"5.48"	"Handicap Hurdle"	"4"	"9"	"Bowen, Sean P"	"Murphy, Olly"	"2m4f "	"8"	"34"
"20:03:00"	"2025-08-16"	"Market Rasen"	"Lord Warburton (IRE)"	"33.00"	"41.66"	"Handicap Hurdle"	"10"	"12"	"Anderson, Mr A"	"Sowersby, M E"	"2m3.5f "	"8"	"18"
"18:53:00"	"2025-08-16"	"Market Rasen"	"Couldbeaweapon (IRE)"	"3.50"	"5"	"Handicap Chase"	"2"	"8"	"England, Jonathan"	"England, Sam"	"2m6.5f "	"8"	"28"
"18:38:00"	"2025-08-16"	"Perth"	"Lights Are Green (IRE)"	"16.00"	"22.27"	"Handicap Chase"	"PU"	"8"	"Bewley, Jonathon"	"Bewley, G T"	"3m "	"8"	"28"
"20:25:00"	"2025-08-11"	"Ballinrobe"	"Max Time (IRE)"	"20.00"	"29.55"	"Handicap Hurdle"	"6"	"16"	"Quirke, Mr C M"	"Madden, I"	"2m7f "	"8"	"6"
"18:03:00"	"2025-08-08"	"Wexford"	"Technology (IRE)"	"3.00"	"4.89"	"Handicap Hurdle"	"2"	"14"	"Harvey, A"	"McConnell, John C"	"3m "	"8"	"15"
"16:18:00"	"2025-08-08"	"Wexford"	"Complete Fiction (IRE)"	"5.00"	"10"	"Maiden Hurdle"	"6"	"14"	"Smithers, P T"	"Fahey, Jarlath P"	"2m1f "	"8"	"15"
"19:30:00"	"2025-08-05"	"Roscommon"	"Max Time (IRE)"	"33.00"	"87.3"	"Handicap Chase"	"F"	"16"	"Kennedy, B P"	"Madden, I"	"2m5.5f "	"8"	"35"
"16:30:00"	"2025-08-04"	"Cork"	"Ask The Bookie (IRE)"	"25.00"	"60"	"Handicap Hurdle"	"11"	"13"	"King, D"	"Scott, Gillian"	"2m2.5f "	"8"	"86"
"20:15:00"	"2025-07-25"	"Kilbeggan"	"Movie King (IRE)"	"10.00"	"13.55"	"Handicap Chase"	"3"	"13"	"Coonan, Mr B M"	"Martin, A J"	"2m4f "	"8"	"189"
"20:15:00"	"2025-07-25"	"Kilbeggan"	"Peckham Springs (IRE)"	"12.00"	"15.39"	"Handicap Chase"	"11"	"13"	"OHanlon, P J"	"McLoughlin, D A"	"2m4f "	"8"	"63"
"18:30:00"	"2025-07-25"	"Kilbeggan"	"Marelly (IRE)"	"40.00"	"95"	"Handicap Hurdle"	"PU"	"13"	"Torrens, Simon"	"Rothwell, P J"	"2m3f "	"8"	"180"
"17:20:00"	"2025-07-23"	"Wexford"	"Yewtree Hill (IRE)"	"33.00"	"60.19"	"Handicap Chase"	"4"	"15"	"Harvey, Mr B W"	"Collins, C M"	"3m1.5f "	"8"	"19"
"17:33:00"	"2025-07-20"	"Stratford"	"Flemens Tipple (IRE)"	"12.00"	"15"	"Handicap Hurdle"	"PU"	"6"	"Quinn, Caoilin"	"Irvine, Andy"	"3m3f "	"8"	"16"
"15:48:00"	"2025-07-20"	"Stratford"	"Victory Club (IRE)"	"2.50"	"3.78"	"Handicap Novices Hurdle"	"1"	"9"	"Skelton, Harry"	"Skelton, Daniel"	"2m3f "	"8"	"78"
"16:35:00"	"2025-07-19"	"Cartmel"	"Euchan Falls (IRE)"	"10.00"	"12.5"	"Handicap Chase"	"PU"	"9"	"Moscrop, Nathan"	"Smith, R Michael"	"3m1.5f "	"8"	"16"
"19:50:00"	"2025-07-17"	"Worcester"	"Palm Beach (IRE)"	"5.00"	"7.04"	"Handicap Hurdle"	"1"	"11"	"England, Mr Elliott"	"Pauling, Ben"	"3m "	"8"	"14"
"14:38:00"	"2025-07-16"	"Uttoxeter"	"Deadly Missile (IRE)"	"16.00"	"21"	"Handicap Novices Chase"	"1"	"10"	"Poste, Ben J"	"Gasson, Mrs Rosemary"	"3m2.5f "	"8"	"21"
"17:28:00"	"2025-07-14"	"Downpatrick"	"Rust To Riches (IRE)"	"18.00"	"26"	"Handicap Chase"	"UR"	"8"	"Noonan, G B"	"McBratney, C A"	"2m7.5f "	"8"	"37"
"16:20:00"	"2025-07-03"	"Perth"	"Shantou Moon (IRE)"	"40.00"	"88.15"	"Handicap Chase"	"6"	"11"	"Hamilton, Jamie"	"Young Jnr, William"	"3m.5f "	"8"	"19"
"16:50:00"	"2025-07-02"	"Worcester"	"Ascension Day (IRE)"	"18.00"	"24.24"	"Handicap Hurdle"	"7"	"9"	"Brogan, Kevin"	"Haslam, B M R"	"2m.5f "	"8"	"35"
"14:40:00"	"2025-06-18"	"Worcester"	"Fennas Loss (IRE)"	"22.00"	"40"	"Handicap Chase"	"6"	"7"	"Anderson, Joe"	"Allen, S G"	"2m.5f "	"8"	"284"
"20:08:00"	"2025-06-09"	"Roscommon"	"Max Time (IRE)"	"10.00"	"12"	"Handicap Chase"	"PU"	"14"	"Ryan, Mr A P"	"Madden, I"	"3m1f "	"8"	"9"
"19:08:00"	"2025-06-09"	"Roscommon"	"Mister Beeton (IRE)"	"12.00"	"17.04"	"Beginners Chase"	"4"	"6"	"Buckley, Kieran"	"Nolan, Shane"	"3m1f "	"8"	"18"
"16:45:00"	"2025-06-07"	"Punchestown"	"Nazine (IRE)"	"50.00"	"130"	"Handicap Hurdle"	"6"	"19"	"McDonagh, Mark M"	"McDonagh, Michael J"	"3m "	"8"	"16"
"15:40:00"	"2025-06-07"	"Punchestown"	"Trooper Lewis (IRE)"	"100.00"	"465.02"	"Maiden Hurdle"	"15"	"21"	"McKenna, Liam"	"Blake, Ms M Dowdall"	"2m3.5f "	"8"	"161"
"14:20:00"	"2025-06-07"	"Punchestown"	"Malton Groove (IRE)"	"18.00"	"34"	"Handicap Chase"	"4"	"18"	"OBrien, P M"	"McLoughlin, D A"	"3m.5f "	"8"	"44"
"15:17:00"	"2025-06-01"	"Kilbeggan"	"Simpletwistoffaith (IRE)"	"14.00"	"18.87"	"Handicap Hurdle"	"PU"	"14"	"OKeeffe, Darragh"	"Hassett, P J F"	"2m4f "	"8"	"61"
"18:45:00"	"2025-05-31"	"Tramore"	"Met Office (IRE)"	"33.00"	"60"	"Maiden Hurdle"	"6"	"7"	"Enright, P T"	"Doyle, Eoin"	"2m "	"8"	"109"
"16:48:00"	"2025-05-31"	"Listowel"	"Max Time (IRE)"	"20.00"	"32"	"Handicap Hurdle"	"11"	"18"	"ODwyer, Charlie"	"Madden, I"	"2m7.5f "	"8"	"50"
"15:40:00"	"2025-05-31"	"Listowel"	"The Mass Path (IRE)"	"28.00"	"60"	"Handicap Hurdle"	"PU"	"18"	"Byrnes, Mr P"	"Byrnes, C"	"2m4.5f "	"8"	"16"
"19:12:00"	"2025-05-29"	"Limerick"	"Crowsatedappletart (IRE)"	"6.00"	"8.41"	"Handicap Hurdle"	"3"	"12"	"OKeeffe, Darragh"	"Winters, Michael"	"2m3f "	"8"	"7"
"14:55:00"	"2025-05-26"	"Cartmel"	"Star Vantage (IRE)"	"4.50"	"6.43"	"Handicap Hurdle"	"2"	"10"	"Anderson, Mr A"	"Menzies, Rebecca"	"2m6.5f "	"8"	"23"
"18:38:00"	"2025-05-24"	"Cartmel"	"Big Bee Hive (IRE)"	"2.75"	"4.17"	"Handicap Chase"	"7"	"12"	"England, Jonathan"	"England, Sam"	"3m1.5f "	"8"	"39"
"18:37:00"	"2025-05-23"	"Downpatrick"	"Younowhatimean (IRE)"	"16.00"	"26.87"	"Beginners Chase"	"UR"	"6"	"Brouder, Gavin"	"McCarthy, Eoin Christopher"	"2m3.5f "	"8"	"175"
"17:15:00"	"2025-05-17"	"Wexford"	"Lets Do This (IRE)"	"12.00"	"15.87"	"Handicap Chase"	"PU"	"13"	"Gainford, Mr J C"	"Collins, C M"	"3m1.5f "	"8"	"250"
"16:40:00"	"2025-05-17"	"Bangor"	"Barranco (IRE)"	"1.75"	"2.77"	"Handicap Chase"	"1"	"8"	"Wynne, Toby"	"Greenall, O / Guerriero, J"	"2m1.5f "	"8"	"120"
"16:05:00"	"2025-05-17"	"Bangor"	"Carrigmoorna Rowan (IRE)"	"8.00"	"11"	"Handicap Chase"	"PU"	"7"	"Burke, Jonathan"	"Fry, Harry"	"3m.5f "	"8"	"23"
"18:10:00"	"2025-05-15"	"Fontwell"	"Stanley Pincombe (IRE)"	"4.50"	"6.33"	"Handicap Hurdle"	"6"	"6"	"Gordon, Mr Fred"	"Gordon, C"	"2m2f "	"8"	"34"
"17:10:00"	"2025-05-15"	"Clonmel"	"Mephisto (IRE)"	"66.00"	"111.91"	"Claimer Hurdle"	"3"	"10"	"Fitzgerald, S"	"Keane, Gerard"	"2m3.5f "	"8"	"12"
"17:10:00"	"2025-05-15"	"Clonmel"	"The Mass Path (IRE)"	"5.50"	"9.77"	"Claimer Hurdle"	"PU"	"10"	"Byrnes, Mr P"	"Byrnes, C"	"2m3.5f "	"8"	"35"
"17:05:00"	"2025-05-14"	"Newton Abbot"	"Ballydesmond (IRE)"	"7.50"	"9.8"	"Hunters Chase"	"5"	"6"	"Treneer, Mr Michael"	"Treneer, Deborah"	"3m2f "	"8"	"245"
"17:30:00"	"2025-05-13"	"Sligo"	"Maroto (IRE)"	"10.00"	"16.69"	"Maiden Hurdle"	"5"	"13"	"Maxwell, Dillon"	"McNamara, Andrew"	"2m2f "	"8"	"116"
"20:00:00"	"2025-05-03"	"Uttoxeter"	"Ambassador (IRE)"	"5.50"	"7.65"	"Handicap Hurdle"	"6"	"8"	"Dunne, R T"	"Hammond, Micky"	"2m "	"8"	"14"
"17:20:00"	"2025-05-03"	"Uttoxeter"	"Star Vantage (IRE)"	"7.50"	"11.5"	"Handicap Novices Hurdle"	"4"	"11"	"Anderson, Mr A"	"Menzies, Rebecca"	"2m7.5f "	"8"	"14"
"19:47:00"	"2025-04-25"	"Fontwell"	"Red Windsor (IRE)"	"12.00"	"16.89"	"Handicap Hurdle"	"4"	"12"	"Gordon, Mr Fred"	"Gordon, C"	"2m3.5f "	"8"	"130"
"18:47:00"	"2025-04-25"	"Fontwell"	"Endersen (IRE)"	"28.00"	"0"	"Handicap Hurdle"	"VOI"	"12"	"Davies, James"	"Rowe, R"	"3m2f "	"8"	"94"
"18:43:00"	"2025-04-22"	"Hereford"	"Russian Ruler (IRE)"	"16.00"	"21"	"Handicap Chase"	"6"	"7"	"Reed, Harry"	"Morgan, Miss Laura"	"2m5f "	"8"	"24"
"14:17:00"	"2025-04-19"	"Carlisle"	"Top Of The Bay (IRE)"	"4.50"	"7.6"	"Handicap Novices Chase"	"1"	"10"	"Midgley, Tom"	"England, Sam"	"2m5f "	"8"	"14"
"14:05:00"	"2025-04-15"	"Southwell"	"Big Bee Hive (IRE)"	"3.50"	"5.63"	"Handicap Chase"	"4"	"7"	"England, Jonathan"	"England, Sam"	"3m2f "	"8"	"57"
"14:50:00"	"2025-04-13"	"Stratford"	"Wot You Wearing (IRE)"	"3.00"	"4.18"	"Handicap Hurdle"	"5"	"7"	"Jones, Ben R"	"Stephens, Robert"	"3m2.5f "	"8"	"11"
"18:55:00"	"2025-04-11"	"Sedgefield"	"Couldbeaweapon (IRE)"	"3.50"	"5.27"	"Handicap Chase"	"4"	"5"	"England, Jonathan"	"England, Sam"	"2m3.5f "	"8"	"199"
"14:50:00"	"2025-04-11"	"Fontwell"	"Stanley Pincombe (IRE)"	"9.00"	"12.54"	"Handicap Hurdle"	"7"	"9"	"Dingle, Rex"	"Gordon, C"	"2m2f "	"8"	"102"
"14:45:00"	"2025-04-10"	"Newton Abbot"	"She Has Notions (IRE)"	"4.00"	"5.9"	"Handicap Hurdle"	"3"	"7"	"Keighley, Mr Freddie"	"Keighley, M"	"2m6f "	"8"	"114"
"17:35:00"	"2025-04-08"	"Carlisle"	"Palm Beach (IRE)"	"12.00"	"15.5"	"Handicap Hurdle"	"6"	"6"	"Dixon, John"	"Dixon, J E"	"3m1f "	"8"	"16"
"17:00:00"	"2025-04-08"	"Carlisle"	"Coilrock (IRE)"	"2.50"	"3.79"	"Handicap Chase"	"4"	"4"	"Stones, Lewis"	"Jeffreys, D J"	"3m.5f "	"8"	"195"
"14:00:00"	"2025-04-06"	"Fairyhouse"	"Smooth Scotch (IRE)"	"2.00"	"3.26"	"Maiden Hurdle"	"3"	"16"	"Mullins, D E"	"Crawford, S R B"	"2m4f "	"8"	"15"
"19:00:00"	"2025-04-04"	"Wexford"	"Malton Groove (IRE)"	"8.00"	"10"	"Handicap Chase"	"2"	"16"	"OBrien, P M"	"McLoughlin, D A"	"2m3.5f "	"8"	"18"
"15:05:00"	"2025-04-03"	"Plumpton"	"Abbeyhill (IRE)"	"2.50"	"3.89"	"Handicap Hurdle"	"4"	"5"	"OFarrell, C"	"Mulholland, N P"	"3m1.5f "	"8"	"39"
"16:40:00"	"2025-04-01"	"Limerick"	"Nibbles (IRE)"	"100.00"	"189.48"	"Maiden Hurdle"	"7"	"14"	"OConnor, Mr T"	"OConnor, Turlough"	"3m "	"8"	"19"
"16:30:00"	"2025-03-31"	"Newcastle"	"Beat The Edge (IRE)"	"5.50"	"7.22"	"Handicap Chase"	"3"	"7"	"Hughes, Brian"	"Hammond, Micky"	"2m4.5f "	"8"	"11"
"15:50:00"	"2025-03-25"	"Hexham"	"Powers Dilemma (IRE)"	"11.00"	"13.38"	"Handicap Novices Chase"	"3"	"6"	"Kavanagh, Peter J"	"Quinlan, Elizabeth"	"3m.5f "	"8"	"17"
"14:50:00"	"2025-03-21"	"Musselburgh"	"Leading Force (IRE)"	"22.00"	"31.72"	"Handicap Hurdle"	"8"	"9"	"Dobb, Lewis"	"Thomson, A M"	"2m4f "	"8"	"14"
"15:35:00"	"2025-03-19"	"Huntingdon"	"Victory Club (IRE)"	"10.00"	"14.23"	"Handicap Chase"	"5"	"5"	"Poste, Ben J"	"Dickin, Harriet"	"2m.5f "	"8"	"27"
"15:05:00"	"2025-03-15"	"Thurles"	"Malinas Glory (IRE)"	"12.00"	"15.5"	"Handicap Chase"	"10"	"13"	"Stone-Walsh, C"	"OGrady, A M"	"2m5f "	"8"	"16"
"12:58:00"	"2025-03-12"	"Huntingdon"	"Mystic Man (IRE)"	"25.00"	"55"	"Handicap Chase"	"9"	"12"	"Ring, C V"	"Potter, R D"	"3m "	"8"	"12"
"15:10:00"	"2025-03-09"	"Naas"	"Mahlers Cove (IRE)"	"14.00"	"24.83"	"Handicap Hurdle"	"2"	"19"	"OConnor, M P"	"Mangan, James Joseph"	"2m "	"8"	"31"
"16:35:00"	"2025-03-08"	"Ayr"	"Fathers Advice (IRE)"	"12.00"	"18.15"	"Handicap Novices Hurdle"	"4"	"16"	"Smith, Ben"	"Smith, R Michael"	"3m1f "	"8"	"11"
"15:00:00"	"2025-03-06"	"Thurles"	"Arthor (IRE)"	"11.00"	"14.82"	"Maiden Hunters Chase"	"6"	"11"	"Hurley, Mr J"	"Mangan, James Joseph"	"3m1f "	"8"	"196"
"14:25:00"	"2025-03-03"	"Newcastle"	"Luminaries (IRE)"	"20.00"	"32.56"	"Handicap Novices Hurdle"	"1"	"12"	"Quinlan, Sean"	"Whillans, Ewan"	"2m4.5f "	"8"	"15"
"14:45:00"	"2025-03-02"	"Huntingdon"	"Flemens Tipple (IRE)"	"7.50"	"9.94"	"Handicap Chase"	"PU"	"8"	"Quinn, Caoilin"	"Irvine, Andy"	"3m "	"8"	"27"
"16:20:00"	"2025-02-28"	"Ffos Las"	"Walkinthewoods (IRE)"	"4.00"	"5.55"	"Handicap Chase"	"2"	"7"	"Radford, Mr Osian"	"Williams, Evan"	"2m4f "	"8"	"22"
"16:43:00"	"2025-02-24"	"Punchestown"	"Tom Kelly (IRE)"	"40.00"	"122.39"	"Handicap Hurdle"	"9"	"14"	"Smith, Mr James"	"Smith, Kevin"	"2m4f "	"8"	"60"
"14:30:00"	"2025-02-23"	"Fontwell"	"Valirann Gold (IRE)"	"5.00"	"6.2"	"Handicap Chase"	"4"	"10"	"Sheehan, Gavin"	"Brown, Miss Harriet"	"2m6f "	"8"	"14"
"16:17:00"	"2025-02-22"	"Chepstow"	"Mini Yeats (IRE)"	"16.00"	"21.92"	"Handicap Novices Hurdle"	"3"	"10"	"Johns, Alan"	"Vaughan, Tim"	"2m3.5f "	"8"	"42"
"15:45:00"	"2025-02-20"	"Huntingdon"	"Victory Club (IRE)"	"40.00"	"135.14"	"Handicap Novices Hurdle"	"7"	"13"	"Poste, Ben J"	"Dickin, Harriet"	"2m.5f "	"8"	"51"
"13:35:00"	"2025-02-17"	"Southwell"	"Big Bee Hive (IRE)"	"4.00"	"5.86"	"Handicap Chase"	"5"	"10"	"England, Jonathan"	"England, Sam"	"3m.5f "	"8"	"26"
"15:40:00"	"2025-02-14"	"Fakenham"	"Lyrical Genius (IRE)"	"1.10"	"2.14"	"Handicap Chase"	"1"	"4"	"Bowen, Sean P"	"Humphrey, Mrs S J"	"3m5.5f "	"8"	"6"
"16:00:00"	"2025-02-13"	"Newcastle"	"Fia Fuinidh (IRE)"	"10.00"	"15"	"Handicap Chase"	"5"	"9"	"Brooke, Henry"	"Todhunter, M"	"2m.5f "	"8"	"23"
"14:53:00"	"2025-02-12"	"Hereford"	"Mourzouk (IRE)"	"4.50"	"6.4"	"Handicap Chase"	"3"	"11"	"Johns, Alan"	"Vaughan, Tim"	"2m5f "	"8"	"63"
"14:18:00"	"2025-02-12"	"Hereford"	"Scotch On Da Rocks (IRE)"	"7.50"	"11.84"	"Handicap Novices Chase"	"6"	"10"	"Bowen, James C"	"Greatrex, W J"	"3m1f "	"8"	"72"
"15:35:00"	"2025-02-05"	"Sedgefield"	"Ebendi (IRE)"	"12.00"	"15.5"	"Handicap Hurdle"	"PU"	"9"	"Nichol, Craig"	"Wilson, A"	"2m3.5f "	"8"	"53"
"15:15:00"	"2025-02-01"	"Wetherby"	"Socks Off (IRE)"	"11.00"	"14.59"	"Hunters Chase"	"PU"	"7"	"Barlow, Patrick"	"Easterby, M W"	"3m.5f "	"8"	"56"
"13:35:00"	"2025-01-28"	"Limerick"	"Three Tribes (IRE)"	"50.00"	"110"	"Handicap Hurdle"	"PU"	"14"	"Geoghegan, Mr R P"	"Murphy, B T"	"2m5f "	"8"	"94"
"14:50:00"	"2025-01-26"	"Fontwell"	"Fame And Fun (IRE)"	"10.00"	"12.15"	"Handicap Chase"	"1"	"8"	"Bowen, Sean P"	"Bowen, Peter / Michael"	"2m6f "	"8"	"38"
"13:03:00"	"2025-01-25"	"Fairyhouse"	"Danny The Fence (IRE)"	"18.00"	"29.03"	"Handicap Chase"	"4"	"19"	"Meyler, D"	"Thornton, Karl"	"3m2f "	"8"	"8"
"15:15:00"	"2025-01-23"	"Wetherby"	"Wearelongterm (IRE)"	"20.00"	"34.22"	"Handicap Hurdle"	"2"	"11"	"Brooke, Henry"	"Sayer, Mrs Dianne"	"3m1f "	"8"	"45"
"14:53:00"	"2025-01-21"	"Leicester"	"Endersen (IRE)"	"25.00"	"41.21"	"Handicap Chase"	"PU"	"10"	"Davies, James"	"Rowe, R"	"2m6.5f "	"8"	"54"
"13:50:00"	"2025-01-20"	"Ayr"	"Euchan Falls (IRE)"	"14.00"	"15.85"	"Handicap Hurdle"	"6"	"12"	"Sheehan, Gavin"	"Smith, R Michael"	"2m5.5f "	"8"	"18"
"14:55:00"	"2025-01-18"	"Navan"	"Starlight Cato (IRE)"	"7.50"	"9.6"	"Handicap Chase"	"8"	"10"	"King, D"	"Howard, Daniel John"	"3m "	"8"	"20"
"15:18:00"	"2025-01-13"	"Punchestown"	"Cosmo Renfro (IRE)"	"18.00"	"24"	"Handicap Hurdle"	"5"	"13"	"Buckley, Kieran"	"Nolan, Shane"	"2m6f "	"8"	"34"
"13:40:00"	"2025-01-02"	"Ayr"	"Euchan Falls (IRE)"	"28.00"	"54.7"	"Handicap Hurdle"	"PU"	"18"	"Wadge, P"	"Smith, R Michael"	"2m4.5f "	"8"	"35"
"15:25:00"	"2025-01-01"	"Tramore"	"Maciver (IRE)"	"12.00"	"14.84"	"Handicap Chase"	"1"	"12"	"Quirke, Mr C M"	"OGrady, A M"	"2m7f "	"8"	"34"
"15:10:00"	"2024-12-31"	"Punchestown"	"Falcon Park (IRE)"	"16.00"	"26.07"	"Handicap Hurdle"	"1"	"18"	"Prendergast, Niall"	"Hennessy, Paul"	"2m.5f "	"8"	"15"
"12:45:00"	"2024-12-28"	"Leicester"	"Outback Frontiers (IRE)"	"18.00"	"23.52"	"Handicap Novices Chase"	"PU"	"9"	"Wedge, Adam"	"Oshea, J G M"	"2m4f "	"8"	"17"
"12:50:00"	"2024-12-26"	"Sedgefield"	"Fearless Action (IRE)"	"3.00"	"4.9"	"Handicap Chase"	"2"	"4"	"Chapman, Ross"	"Grant, C"	"2m.5f "	"8"	"15"
"14:07:00"	"2024-12-19"	"Ffos Las"	"Pilgrims King (IRE)"	"80.00"	"110"	"Handicap Chase"	"PU"	"10"	"Fenelon, S"	"Bowen, Peter / Michael"	"3m1.5f "	"8"	"9"
"14:00:00"	"2024-12-16"	"Naas"	"Nancy Miles (IRE)"	"150.00"	"1000"	"Maiden Hurdle"	"13"	"14"	"Sexton, Mr H E"	"Sexton, Adrian"	"2m3.5f "	"8"	"27"
"13:15:00"	"2024-11-28"	"Thurles"	"The Eye Of Tulla (IRE)"	"20.00"	"24.72"	"Handicap Chase"	"7"	"7"	"OKeeffe, Sean F"	"McMahon, Brian M"	"2m6.5f "	"8"	"21"
"15:45:00"	"2024-11-15"	"Punchestown"	"The Virginian (IRE)"	"18.00"	"39.67"	"Handicap Hurdle"	"10"	"18"	"White, D P"	"Roche, Padraig"	"2m4f "	"8"	"8"
"15:45:00"	"2024-11-15"	"Punchestown"	"Lun Deux Trois (IRE)"	"20.00"	"26.66"	"Handicap Hurdle"	"13"	"18"	"Enright, P T"	"McKiernan, Oliver"	"2m4f "	"8"	"22"
"13:07:00"	"2024-11-12"	"Fairyhouse"	"Quite Incredible (IRE)"	"25.00"	"47.73"	"Handicap Hurdle"	"PU"	"14"	"Moore, Niall"	"McLoughlin, D A"	"2m7.5f "	"8"	"78"
"12:50:00"	"2024-11-12"	"Huntingdon"	"King Otis (IRE)"	"18.00"	"21"	"Handicap Seller Hurdle"	"3"	"5"	"OShea, Mr C P"	"Owen, J P"	"2m "	"8"	"9"
"15:35:00"	"2024-11-10"	"Ffos Las"	"Grandmaster Flash (IRE)"	"80.00"	"173.34"	"Handicap Novices Hurdle"	"PU"	"15"	"Ring, C V"	"Llewellyn, B J"	"2m4f "	"8"	"174"
"15:15:00"	"2024-11-07"	"Clonmel"	"The Virginian (IRE)"	"11.00"	"14.03"	"Handicap Chase"	"9"	"15"	"Smithers, P T"	"Roche, Padraig"	"2m5f "	"8"	"38"
"13:00:00"	"2024-11-05"	"Sedgefield"	"Check My Pulse (IRE)"	"14.00"	"16.01"	"Handicap Hurdle"	"5"	"11"	"Anderson, Mr A"	"Menzies, Rebecca"	"2m.5f "	"8"	"35"
"16:20:00"	"2024-11-04"	"Hereford"	"Pittsburg (IRE)"	"33.00"	"60.71"	"Handicap Chase"	"9"	"12"	"Ring, C V"	"Potter, R D"	"2m "	"8"	"10"
"15:15:00"	"2024-10-31"	"Newcastle"	"Blueberry Wine (IRE)"	"22.00"	"29.29"	"Handicap Hurdle"	"12"	"14"	"Gillard, Mr T"	"McCain Jnr, D"	"2m1f "	"8"	"50"
"15:45:00"	"2024-10-25"	"Sligo"	"Moulane West (IRE)"	"6.00"	"11.31"	"Handicap Hurdle"	"3"	"16"	"Quirke, Mr C M"	"McNiff, Mark Michael"	"2m4.5f "	"8"	"13"
"15:15:00"	"2024-10-20"	"Limerick"	"He Fitz In (IRE)"	"40.00"	"110.49"	"Handicap Hurdle"	"6"	"17"	"ONeill, Mr P J"	"Fitzgerald, D E"	"3m "	"8"	"14"
"15:15:00"	"2024-10-20"	"Limerick"	"Politicise (IRE)"	"18.00"	"30"	"Handicap Hurdle"	"15"	"17"	"Bowman, C A"	"Collins, C M"	"3m "	"8"	"45"
"16:50:00"	"2024-10-19"	"Stratford"	"Brownstone (IRE)"	"22.00"	"34"	"Handicap Hurdle"	"10"	"12"	"Anderson, Joe"	"Harris, Miss G"	"2m3f "	"8"	"103"
"16:25:00"	"2024-10-19"	"Limerick"	"Garcon Doux (IRE)"	"16.00"	"24.15"	"Handicap Hurdle"	"3"	"18"	"Hayes, Brian"	"Fenton, Philip"	"2m5f "	"8"	"16"
"16:30:00"	"2024-10-13"	"Ffos Las"	"Tip Top Tonto (IRE)"	"50.00"	"91.54"	"Handicap Hurdle"	"8"	"13"	"Williams, Lorcan"	"Thorpe, Mrs A M"	"3m "	"8"	"32"
"16:05:00"	"2024-10-12"	"Fairyhouse"	"Moulane West (IRE)"	"8.00"	"12.36"	"Handicap Hurdle"	"5"	"10"	"Brown, O R"	"McNiff, Mark Michael"	"2m "	"8"	"12"
"14:50:00"	"2024-10-11"	"Downpatrick"	"Rockview Roman (IRE)"	"16.00"	"25.63"	"Handicap Novices Hurdle"	"UR"	"6"	"Harvey, Mr B W"	"McConnell, John C"	"2m1.5f "	"8"	"31"
"17:10:00"	"2024-10-06"	"Killarney"	"He Fitz In (IRE)"	"28.00"	"41.54"	"Handicap Chase"	"PU"	"11"	"OCallaghan, Shane"	"Fitzgerald, D E"	"2m7.5f "	"8"	"27"
"16:00:00"	"2024-10-06"	"Killarney"	"Time Marches On (IRE)"	"8.00"	"10.12"	"Handicap Chase"	"3"	"9"	"Stone-Walsh, C"	"Motherway, J"	"2m1f "	"8"	"74"
"14:20:00"	"2024-10-04"	"Hexham"	"Ange Endormi (IRE)"	"8.50"	"13.29"	"Handicap Hurdle"	"3"	"12"	"Hamilton, Jamie"	"Quinlan, Elizabeth"	"3m1f "	"8"	"39"
"13:50:00"	"2024-10-01"	"Sedgefield"	"Milan Echo (IRE)"	"33.00"	"44"	"Handicap Hurdle"	"8"	"11"	"Morgan, Mr Beau"	"Brooke, Daniel"	"2m1f "	"8"	"38"
"13:50:00"	"2024-10-01"	"Sedgefield"	"Check My Pulse (IRE)"	"14.00"	"17.5"	"Handicap Hurdle"	"F"	"11"	"Anderson, Mr A"	"Menzies, Rebecca"	"2m1f "	"8"	"93"
"16:25:00"	"2024-09-27"	"Listowel"	"Knocknaconnery (IRE)"	"50.00"	"181.08"	"Handicap Chase"	"7"	"16"	"Quirke, Mr C M"	"Curling, S"	"2m3.5f "	"8"	"21"
"15:05:00"	"2024-09-24"	"Fontwell"	"Wearapinkribbon (IRE)"	"16.00"	"21.29"	"Handicap Hurdle"	"5"	"12"	"Murtagh, Lorcan"	"Nelmes, Mrs H R J"	"3m2f "	"8"	"33"
"16:03:00"	"2024-09-11"	"Worcester"	"Blueberry Wine (IRE)"	"16.00"	"25.46"	"Handicap Chase"	"10"	"13"	"Maggs, Mr William"	"McCain Jnr, D"	"2m.5f "	"8"	"25"
"15:05:00"	"2024-09-08"	"Fontwell"	"Doyens De Ante (IRE)"	"40.00"	"56.91"	"Handicap Chase"	"PU"	"10"	"Hammond, Charlie"	"Young, Maxwell"	"3m2f "	"8"	"12"
"17:20:00"	"2024-09-07"	"Stratford"	"Calvic (IRE)"	"4.50"	"6.4"	"Handicap Chase"	"6"	"11"	"Hammond, Charlie"	"Edmunds, Stuart"	"2m6.5f "	"8"	"44"
"18:15:00"	"2024-09-06"	"Kilbeggan"	"Inforapenny (IRE)"	"28.00"	"40.32"	"Beginners Chase"	"7"	"14"	"Smithers, P T"	"Fahey, Mark"	"2m4f "	"8"	"9"
"15:45:00"	"2024-09-04"	"Kilbeggan"	"Arcland (IRE)"	"3.33"	"5.17"	"Handicap Novices Hurdle"	"4"	"6"	"OKeeffe, Darragh"	"Rogers, H"	"2m3f "	"8"	"12"
"19:00:00"	"2024-08-30"	"Down Royal"	"Reserve Judgement (IRE)"	"7.00"	"8.6"	"Handicap Hurdle"	"PU"	"19"	"Millar, Mr C P"	"Breen, Leanne"	"3m "	"8"	"49"
"16:40:00"	"2024-08-28"	"Worcester"	"Politicianspromise (IRE)"	"10.00"	"12.5"	"Handicap Chase"	"6"	"13"	"Harrison, Liam"	"Llewellyn, Robert"	"2m4.5f "	"8"	"71"
"18:36:00"	"2024-08-22"	"Killarney"	"Meehall (IRE)"	"7.00"	"9.8"	"Handicap Chase"	"1"	"12"	"King, D"	"McNamara, E"	"2m7.5f "	"8"	"34"
"17:38:00"	"2024-08-21"	"Sligo"	"Fassbender (IRE)"	"8.00"	"11.13"	"Handicap Hurdle"	"13"	"13"	"Enright, P T"	"McNiff, Mark Michael"	"2m1.5f "	"8"	"13"
"17:45:00"	"2024-08-07"	"Wexford"	"Blackstone Cliff (IRE)"	"12.00"	"17"	"Handicap Hurdle"	"5"	"13"	"Kearney, J"	"Keane, Gerard"	"2m.5f "	"8"	"25"
"20:00:00"	"2024-08-06"	"Roscommon"	"Inchidaly Copper (IRE)"	"12.00"	"14.6"	"Handicap Chase"	"7"	"16"	"Burke-Ott, Mr L"	"Ott, Alexander"	"3m1f "	"8"	"60"
"20:30:00"	"2024-07-26"	"Kilbeggan"	"Joes Turn (IRE)"	"12.00"	"16"	"Handicap Chase"	"3"	"13"	"Slevin, J J"	"Rath, R P"	"2m4f "	"8"	"103"
"19:35:00"	"2024-07-25"	"Wexford"	"Wee Jerry (IRE)"	"10.00"	"15.7"	"Handicap Hurdle"	"9"	"13"	"Mullins, D E"	"Donoghue, Ian"	"2m.5f "	"8"	"10"
"18:05:00"	"2024-07-25"	"Wexford"	"Tullyveery Lad (IRE)"	"3.50"	"6.59"	"Handicap Hurdle"	"2"	"13"	"Hanlon, Mr P"	"Cody, Patrick"	"3m "	"8"	"23"
"14:25:00"	"2024-07-21"	"Stratford"	"Hitthekettle (IRE)"	"18.00"	"23.39"	"Handicap Hurdle"	"PU"	"9"	"Ward, Christopher"	"Gates, Michael "	"3m3f "	"8"	"73"
"14:15:00"	"2024-07-07"	"Market Rasen"	"Mawlood (IRE)"	"100.00"	"190"	"Handicap Hurdle"	"8"	"9"	"Worsley, Tabitha"	"Howell, Ms G"	"2m5f "	"8"	"5"
"20:00:00"	"2024-07-04"	"Tipperary"	"Meehall (IRE)"	"7.00"	"10"	"Handicap Hurdle"	"2"	"18"	"McNamara, Conor"	"McNamara, E"	"3m "	"8"	"191"
"16:50:00"	"2024-07-04"	"Perth"	"Shoughalls Boy (IRE)"	"80.00"	"96.39"	"Handicap Hurdle"	"PU"	"10"	"Lynn, Bruce"	"Graham, Harriet/Rutherford, Gary"	"3m "	"8"	"33"
"15:33:00"	"2024-07-02"	"Tipperary"	"Tullyveery Lad (IRE)"	"7.00"	"8.86"	"Handicap Chase"	"7"	"16"	"Stone-Walsh, C"	"Cody, Patrick"	"2m6.5f "	"8"	"17"
"16:55:00"	"2024-06-30"	"Cartmel"	"Roll With It (IRE)"	"4.00"	"6.2"	"Handicap Chase"	"1"	"10"	"Bowen, Sean P"	"Bowen, Peter / Michael"	"3m1.5f "	"8"	"15"
"17:00:00"	"2024-06-25"	"Newton Abbot"	"Hold Your Fort (IRE)"	"3.50"	"6"	"Handicap Novices Chase"	"1"	"11"	"Best, J A"	"Hamer, Mrs D A"	"3m2f "	"8"	"27"
"13:35:00"	"2024-06-21"	"Market Rasen"	"Bullion Boss (IRE)"	"12.00"	"20.51"	"Handicap Hurdle"	"2"	"11"	"Rabbitt, Mr C"	"Richards, N G"	"3m "	"8"	"44"
"16:35:00"	"2024-06-15"	"Downpatrick"	"Wee Jerry (IRE)"	"5.50"	"6.09"	"Handicap Chase"	"6"	"13"	"Monaghan, Caragh"	"Donoghue, Ian"	"2m7.5f "	"8"	"137"
"13:40:00"	"2024-06-15"	"Downpatrick"	"Swelltime (IRE)"	"33.00"	"57.19"	"Handicap Hurdle"	"8"	"10"	"Byrnes, Mr P"	"Odoherty, William Joseph"	"2m2f "	"8"	"16"
"17:50:00"	"2024-06-13"	"Worcester"	"Calvic (IRE)"	"3.50"	"5.46"	"Handicap Novices Chase"	"1"	"9"	"Hammond, Charlie"	"Edmunds, Stuart"	"2m4.5f "	"8"	"23"
"18:18:00"	"2024-06-10"	"Roscommon"	"Blackstone Cliff (IRE)"	"28.00"	"100"	"Handicap Hurdle"	"9"	"15"	"Fitzgerald, S"	"Keane, Gerard"	"1m7.5f "	"8"	"12"
"19:55:00"	"2024-06-07"	"Clonmel"	"Caesar Rock (IRE)"	"9.00"	"12.1"	"Beginners Chase"	"4"	"10"	"Doyle, R A"	"Morris, M F"	"2m7f "	"8"	"15"
"17:50:00"	"2024-06-07"	"Clonmel"	"Mcgrath From Clune (IRE)"	"5.50"	"7.9"	"Handicap Chase"	"PU"	"9"	"Shinnick, J P"	"Tyner, Robert"	"2m.5f "	"8"	"29"
"16:50:00"	"2024-06-07"	"Market Rasen"	"Pittsburg (IRE)"	"7.50"	"9.2"	"Handicap Hurdle"	"10"	"13"	"Johnston, Dylan"	"Potter, R D"	"2m1.5f "	"8"	"14"
"14:55:00"	"2024-06-02"	"Kilbeggan"	"Reserve Judgement (IRE)"	"12.00"	"17"	"Handicap Hurdle"	"1"	"15"	"Millar, Mr C P"	"Breen, Leanne"	"3m1f "	"8"	"125"
"13:10:00"	"2024-06-01"	"Worcester"	"Doyens De Ante (IRE)"	"50.00"	"84.66"	"Handicap Chase"	"PU"	"14"	"Worsley, Tabitha"	"Young, Maxwell"	"3m "	"8"	"37"
"19:40:00"	"2024-05-30"	"Warwick"	"Conceroe (IRE)"	"12.00"	"16.5"	"Handicap Chase"	"6"	"10"	"Quinlan, Jack"	"Case, B I"	"3m "	"8"	"36"
"18:30:00"	"2024-05-24"	"Hereford"	"Pittsburg (IRE)"	"5.00"	"6.73"	"Handicap Chase"	"5"	"9"	"Bowen, Sean P"	"Potter, R D"	"2m.5f "	"8"	"36"
"20:30:00"	"2024-05-23"	"Limerick"	"Temptationinmilan (IRE)"	"12.00"	"18"	"Handicap Chase"	"4"	"8"	"Byrnes, Mr P"	"Byrnes, C"	"3m1.5f "	"8"	"17"
"17:35:00"	"2024-05-11"	"Warwick"	"Supasunrise (IRE)"	"4.00"	"6.71"	"Handicap Chase"	"PU"	"8"	"Lambert, Finn"	"Twiston-Davies, N A"	"3m "	"8"	"32"
"15:55:00"	"2024-05-11"	"Cork"	"Hammersmith (IRE)"	"20.00"	"30"	"Handicap Hurdle"	"11"	"17"	"OSullivan, Mr M J M"	"OBrien, Terence"	"2m4f "	"8"	"30"
"17:48:00"	"2024-05-10"	"Sedgefield"	"Kicksaftersix (IRE)"	"18.00"	"24"	"Handicap Chase"	"8"	"11"	"Bewley, Callum"	"Todhunter, M"	"2m1f "	"8"	"209"
"17:35:00"	"2024-05-10"	"Downpatrick"	"Quite Incredible (IRE)"	"11.00"	"13.41"	"Handicap Hurdle"	"1"	"15"	"OBrien, P M"	"McLoughlin, D A"	"2m6f "	"8"	"68"
"19:50:00"	"2024-05-09"	"Stratford"	"Dixie Flyer (IRE)"	"25.00"	"39.17"	"Handicap Novices Hurdle"	"7"	"11"	"McLernon, R P"	"Curran, S"	"2m3f "	"8"	"20"
"19:10:00"	"2024-05-08"	"Fontwell"	"Fama Et Gloria (IRE)"	"22.00"	"29"	"Handicap Chase"	"2"	"12"	"Reed, Harry"	"Hawker, Michael"	"3m2.5f "	"8"	"117"
"19:20:00"	"2024-05-07"	"Ballinrobe"	"Swelltime (IRE)"	"150.00"	"930"	"Beginners Chase"	"9"	"14"	"McCurtin, Ambrose"	"Odoherty, William Joseph"	"2m1f "	"8"	"160"
"17:35:00"	"2024-05-07"	"Ffos Las"	"Coup De Gold (IRE)"	"5.50"	"7.37"	"Handicap Hurdle"	"F"	"13"	"Williams, Eleanor"	"Williams, Evan"	"2m "	"8"	"62"
"15:45:00"	"2024-05-07"	"Fakenham"	"Swearer (IRE)"	"66.00"	"95.26"	"Handicap Novices Hurdle"	"F"	"7"	"Carver, Bryan"	"Tickle, J"	"2m5f "	"8"	"127"
"18:18:00"	"2024-05-04"	"Uttoxeter"	"Leading The Way (IRE)"	"100.00"	"203.63"	"Handicap Novices Chase"	"PU"	"10"	"Worsley, Tabitha"	"Howell, Ms G"	"3m "	"8"	"14"
"19:35:00"	"2024-04-24"	"Taunton"	"American Gerry (IRE)"	"4.50"	"6.07"	"Handicap Chase"	"1"	"12"	"Gingell, Mr Frederick"	"Morrison, H"	"2m6.5f "	"8"	"13"
"17:40:00"	"2024-04-22"	"Tramore"	"Brownstone (IRE)"	"4.50"	"6.28"	"Handicap Hurdle"	"1"	"16"	"Donoghue, K M"	"Donoghue, Ian"	"2m5.5f "	"8"	"84"
"14:48:00"	"2024-04-21"	"Stratford"	"Head On (IRE)"	"11.00"	"13.74"	"Handicap Chase"	"PU"	"10"	"Todd, C J"	"Williams, Ian"	"3m4.5f "	"8"	"41"
"13:22:00"	"2024-04-21"	"Wincanton"	"Jubilee Gold (IRE)"	"7.50"	"9.49"	"Handicap Hurdle"	"3"	"10"	"Durrell, Mr B"	"Newland, Dr R D P"	"2m4f "	"8"	"34"
"19:00:00"	"2024-04-19"	"Exeter"	"Hooky Street (IRE)"	"10.00"	"13.76"	"Handicap Novices Chase"	"3"	"11"	"Poste, Ben J"	"Dickin, Harriet"	"2m1.5f "	"8"	"10"
"14:05:00"	"2024-04-16"	"Naas"	"Tempo Chapter Two (IRE)"	"28.00"	"46.97"	"Handicap Hurdle"	"6"	"13"	"Sexton, K C"	"Flynn, Paul W"	"2m.5f "	"8"	"51"
"17:17:00"	"2024-04-14"	"Hereford"	"Bring The Action (IRE)"	"3.50"	"4.97"	"Handicap Chase"	"1"	"8"	"Carver, Bryan"	"Hawke, N J"	"2m5f "	"8"	"60"
"16:00:00"	"2024-04-02"	"Ludlow"	"Dundory (IRE)"	"5.00"	"6"	"Handicap Hurdle"	"4"	"7"	"Scholfield, Nick"	"Oshea, J G M"	"2m "	"8"	"26"
"15:00:00"	"2024-04-01"	"Plumpton"	"Game Socks (IRE)"	"8.00"	"9.73"	"Handicap Hurdle"	"PU"	"11"	"Scott, Luke"	"Newland, Dr R D P"	"3m1f "	"8"	"24"
"14:23:00"	"2024-04-01"	"Cork"	"The Banger Doyle (IRE)"	"4.50"	"7.28"	"Handicap Hurdle"	"3"	"15"	"Heskin, A P"	"Queally, John"	"2m "	"8"	"113"
"14:10:00"	"2024-04-01"	"Huntingdon"	"Eric Carmen (IRE)"	"16.00"	"18.43"	"Handicap Novices Hurdle"	"PU"	"9"	"Bowen, Sean P"	"Hanmer, G D"	"2m5.5f "	"8"	"64"
"16:35:00"	"2024-03-31"	"Ffos Las"	"Rouge De Lquest (IRE)"	"3.50"	"5.09"	"Handicap Chase"	"1"	"6"	"Williams, Lorcan"	"Curtis, Miss Rebecca"	"3m "	"8"	"61"
"16:17:00"	"2024-03-28"	"Fontwell"	"Leading Swoop (IRE)"	"4.00"	"6.01"	"Handicap Chase"	"PU"	"4"	"Kimber, Harry"	"Walford, Robert"	"3m2.5f "	"8"	"7"
"16:00:00"	"2024-03-19"	"Exeter"	"Cloudy Flamingo (IRE)"	"3.33"	"4.8"	"Handicap Chase"	"3"	"6"	"Sheehan, Gavin"	"Burke, Kieran"	"3m.5f "	"8"	"19"
"15:47:00"	"2024-03-16"	"Newcastle"	"Shadows In The Sky (IRE)"	"5.00"	"7.37"	"Handicap Chase"	"4"	"5"	"McMenamin, Daniel"	"Grant, C"	"2m7.5f "	"8"	"27"
"16:10:00"	"2024-03-11"	"Taunton"	"Ithaka (IRE)"	"50.00"	"110"	"Handicap Hurdle"	"3"	"14"	"Bellamy, Tom"	"Potter, R D"	"3m.5f "	"8"	"38"
"15:20:00"	"2024-03-09"	"Gowran Park"	"Carrolls Cottage (IRE)"	"25.00"	"32.48"	"Handicap Hurdle"	"11"	"15"	"Prendergast, Niall"	"Fenton, Philip"	"2m4f "	"8"	"21"
"14:17:00"	"2024-03-09"	"Hereford"	"Methusalar (IRE)"	"33.00"	"55"	"Handicap Hurdle"	"PU"	"16"	"Bowen, James C"	"Bowen, Peter / Michael"	"3m2.5f "	"8"	"31"
"16:40:00"	"2024-03-07"	"Wincanton"	"Seymour Promise (IRE)"	"4.50"	"5.7"	"Handicap Chase"	"5"	"6"	"Gingell, Mr Frederick"	"Tizzard, Joe"	"3m1f "	"8"	"22"
"15:05:00"	"2024-02-29"	"Ludlow"	"Barrakhov (IRE)"	"3.50"	"4.83"	"Handicap Novices Chase"	"5"	"8"	"Powell, Brendan"	"McPherson, Graeme P"	"3m "	"8"	"35"
"16:40:00"	"2024-02-21"	"Ludlow"	"Mister Marbles (IRE)"	"5.00"	"5.84"	"Handicap Novices Chase"	"5"	"10"	"Sheehan, Gavin"	"Williams, Evan"	"2m.5f "	"8"	"37"
"15:50:00"	"2024-02-21"	"Punchestown"	"Kiln Time (IRE)"	"5.50"	"7.1"	"Handicap Hurdle"	"7"	"10"	"Hayes, Brian"	"Kelly, David Harry"	"3m1f "	"8"	"22"
"17:10:00"	"2024-02-19"	"Carlisle"	"One Fer Mamma (IRE)"	"28.00"	"32"	"Handicap Hurdle"	"5"	"6"	"Chapman, Ross"	"Smith, Paula"	"3m1.5f "	"8"	"39"
"13:55:00"	"2024-02-18"	"Southwell"	"The Electrician (IRE)"	"9.00"	"12"	"Handicap Chase"	"4"	"7"	"Anderson, Mr A"	"Sowersby, M E"	"3m1f "	"8"	"48"
"15:15:00"	"2024-02-11"	"Navan"	"Padraigs Boy (IRE)"	"9.00"	"11.38"	"Handicap Hurdle"	"4"	"15"	"Slevin, J J"	"Curran, Ms Alice"	"2m6f "	"8"	"77"
"16:10:00"	"2024-02-07"	"Sedgefield"	"Jubilee Gold (IRE)"	"22.00"	"29"	"Handicap Hurdle"	"2"	"13"	"Hammond, Charlie"	"Newland, Dr R D P"	"2m3.5f "	"8"	"26"
"15:40:00"	"2024-02-07"	"Sedgefield"	"Methusalar (IRE)"	"8.00"	"10.5"	"Handicap Chase"	"PU"	"9"	"Sheehan, Gavin"	"Bowen, Peter / Michael"	"2m3.5f "	"8"	"51"
"13:55:00"	"2024-02-02"	"Southwell"	"Jack Doyen (IRE)"	"12.00"	"17.5"	"Handicap Chase"	"5"	"12"	"Quinlan, Jack"	"Case, B I"	"2m4.5f "	"8"	"18"
"14:10:00"	"2024-01-30"	"Chepstow"	"Bring The Action (IRE)"	"12.00"	"17.82"	"Handicap Chase"	"6"	"13"	"Buckley, Tom"	"Hawke, N J"	"3m "	"8"	"42"
"13:50:00"	"2024-01-30"	"Newcastle"	"Ffree Pedro (IRE)"	"9.00"	"14"	"Handicap Hurdle"	"9"	"11"	"Kavanagh, Peter J"	"McCain Jnr, D"	"2m6.5f "	"8"	"35"
"13:25:00"	"2024-01-30"	"Limerick"	"Kiln Time (IRE)"	"3.00"	"4.62"	"Handicap Hurdle"	"2"	"9"	"ODwyer, Charlie"	"Kelly, David Harry"	"2m5f "	"8"	"29"
"13:25:00"	"2024-01-30"	"Limerick"	"Wee Jerry (IRE)"	"18.00"	"24.33"	"Handicap Hurdle"	"PU"	"9"	"Murphy, Mr K A"	"McCluskey, Neill"	"2m5f "	"8"	"47"
"16:10:00"	"2024-01-29"	"Punchestown"	"Kilmacurkin (IRE)"	"12.00"	"21.53"	"Handicap Hurdle"	"9"	"12"	"McDonagh, Mark M"	"Fahey, James"	"2m7f "	"8"	"32"
"13:37:00"	"2024-01-15"	"Hereford"	"The Boat (IRE)"	"14.00"	"18.51"	"Handicap Chase"	"6"	"11"	"Wedge, Adam"	"Williams, Evan"	"3m1.5f "	"8"	"55"
"13:20:00"	"2024-01-12"	"Huntingdon"	"Cloudy Wednesday (IRE)"	"33.00"	"57.74"	"Handicap Hurdle"	"7"	"11"	"Stones, Lewis"	"Fryer, Miss C"	"2m3.5f "	"8"	"222"
"15:55:00"	"2024-01-11"	"Clonmel"	"Fassbender (IRE)"	"28.00"	"71.73"	"Handicap Hurdle"	"7"	"10"	"Heskin, A P"	"McNiff, Mark Michael"	"2m4f "	"8"	"70"
"12:20:00"	"2024-01-10"	"Doncaster"	"Derwent Dealer (IRE)"	"25.00"	"36.44"	"Handicap Hurdle"	"9"	"15"	"Maggs, Mr William"	"Brooke, Daniel"	"3m.5f "	"8"	"300"
"15:45:00"	"2024-01-09"	"Market Rasen"	"Brickadank (IRE)"	"14.00"	"16.88"	"Handicap Chase"	"4"	"6"	"Dunne, R T"	"Hammond, Micky"	"2m1.5f "	"8"	"21"
"12:10:00"	"2024-01-05"	"Musselburgh"	"Fortcanyon (IRE)"	"6.00"	"7.6"	"Handicap Chase"	"PU"	"7"	"Stones, Lewis"	"Forster, Miss S E"	"3m "	"8"	"13"
"15:28:00"	"2024-01-04"	"Hereford"	"Dragoon Springs (IRE)"	"22.00"	"27"	"Handicap Hurdle"	"PU"	"11"	"Slatter, Mr N"	"McPherson, Graeme P"	"3m2f "	"8"	"243"
"13:15:00"	"2024-01-01"	"Fairyhouse"	"Final Endeavour (IRE)"	"50.00"	"140.67"	"Handicap Hurdle"	"PU"	"16"	"ODwyer, Charlie"	"Rogers, H"	"2m4.5f "	"8"	"63"
"15:42:00"	"2023-12-29"	"Limerick"	"Young Fitzy (IRE)"	"14.00"	"20"	"Handicap Hurdle"	"3"	"14"	"Geoghegan, Mr R P"	"Lee, Norman"	"2m3f "	"8"	"15"
"15:42:00"	"2023-12-29"	"Limerick"	"Natural Breeze (IRE)"	"8.00"	"10.5"	"Handicap Hurdle"	"8"	"14"	"Owens, C"	"Rothwell, P J"	"2m3f "	"8"	"22"
"14:33:00"	"2023-12-26"	"Down Royal"	"The Bosses Oscar (IRE)"	"10.00"	"15.49"	"Hunters Chase"	"PU"	"10"	"Benson, Miss G"	"Elliott, Gordon"	"3m "	"8"	"141"
"14:50:00"	"2023-12-22"	"Uttoxeter"	"Dysania (IRE)"	"10.00"	"13.93"	"Handicap Novices Chase"	"4"	"11"	"Bowen, Sean P"	"Bowen, Peter / Michael"	"3m "	"8"	"22"
"15:55:00"	"2023-12-21"	"Exeter"	"Time To Bite (IRE)"	"10.00"	"14.81"	"Handicap Chase"	"1"	"11"	"Carver, Bryan"	"Honour, Chris"	"2m3f "	"8"	"15"
"14:55:00"	"2023-12-14"	"Naas"	"Young Fitzy (IRE)"	"6.00"	"8.32"	"Handicap Hurdle"	"6"	"17"	"James, Mr R"	"Lee, Norman"	"2m "	"8"	"23"
"14:10:00"	"2023-11-21"	"Limerick"	"Young Fitzy (IRE)"	"11.00"	"17"	"Handicap Hurdle"	"3"	"14"	"Harney, T P"	"Lee, Norman"	"2m "	"8"	"31"
"12:50:00"	"2023-11-06"	"Hereford"	"Dukehill (IRE)"	"5.00"	"7.11"	"Handicap Hurdle"	"9"	"12"	"Clarke, Mr Sean"	"Llewellyn, Robert"	"3m2f "	"8"	"72"
"14:40:00"	"2023-11-02"	"Thurles"	"Future Proof (IRE)"	"12.00"	"25.84"	"Handicap Hurdle"	"14"	"15"	"Owens, C"	"Rothwell, P J"	"2m "	"8"	"47"
"15:15:00"	"2023-10-22"	"Sedgefield"	"Ballynagran (IRE)"	"20.00"	"24.34"	"Handicap Chase"	"PU"	"8"	"Smith-Chaston, Emma"	"Foster, Miss J E"	"3m3f "	"8"	"141"
"14:40:00"	"2023-10-21"	"Limerick"	"Young Fitzy (IRE)"	"8.50"	"12.5"	"Handicap Hurdle"	"11"	"14"	"OKeeffe, Darragh"	"Lee, Norman"	"2m "	"8"	"18"
"15:45:00"	"2023-10-15"	"Cork"	"War God (IRE)"	"18.00"	"22"	"Handicap Hurdle"	"12"	"17"	"Owens, C"	"Donohoe, R"	"2m3f "	"8"	"86"
"16:20:00"	"2023-10-10"	"Huntingdon"	"Decoration Of War (IRE)"	"14.00"	"23.92"	"Handicap Novices Chase"	"6"	"8"	"Hammond, Charlie"	"Young, Maxwell"	"3m "	"8"	"15"
"15:40:00"	"2023-10-09"	"Stratford"	"Bari Breeze (IRE)"	"12.00"	"16.5"	"Handicap Novices Chase"	"5"	"7"	"Reed, Harry"	"Harris, M F"	"2m4f "	"8"	"27"
"17:20:00"	"2023-10-06"	"Downpatrick"	"Definetly Darsi (IRE)"	"7.00"	"8.6"	"Handicap Chase"	"3"	"9"	"Millar, Mr C P"	"Collins, C M"	"2m7.5f "	"8"	"5"
"16:45:00"	"2023-10-06"	"Downpatrick"	"Talk Of The Town (IRE)"	"80.00"	"223.59"	"Beginners Chase"	"F"	"12"	"Doyle, R A"	"Sheehy, E"	"2m3.5f "	"8"	"35"
"16:20:00"	"2023-10-06"	"Hexham"	"Tommydan (IRE)"	"8.50"	"11.84"	"Handicap Novices Chase"	"1"	"5"	"Quinlan, Sean"	"Candlish, Jennie"	"3m1f "	"8"	"63"
"15:05:00"	"2023-10-04"	"Bangor"	"Easkey Lad (IRE)"	"9.00"	"13.5"	"Handicap Chase"	"PU"	"8"	"Bowen, James C"	"Curtis, Miss Rebecca"	"3m "	"8"	"36"
"15:30:00"	"2023-09-27"	"Perth"	"Attitash (IRE)"	"4.00"	"6.01"	"Handicap Chase"	"4"	"9"	"Monaghan, Caragh"	"Donoghue, Ian"	"2m4.5f "	"8"	"12"
"14:40:00"	"2023-09-22"	"Listowel"	"Gendarme (IRE)"	"33.00"	"56.6"	"Handicap Hurdle"	"PU"	"18"	"OHanlon, P J"	"Coakley, Charles"	"3m "	"8"	"30"
"15:55:00"	"2023-09-16"	"Navan"	"Mutadaawel (IRE)"	"12.00"	"15.68"	"Handicap Hurdle"	"6"	"15"	"Millar, Mr C P"	"Slevin, Nigel"	"1m7.5f "	"8"	"16"
"17:55:00"	"2023-09-15"	"Ballinrobe"	"Daicheadacuig (IRE)"	"40.00"	"80"	"Handicap Chase"	"PU"	"14"	"OKeeffe, Darragh"	"Mortell, Brian"	"2m7f "	"8"	"18"
"17:40:00"	"2023-09-11"	"Galway"	"Nuttorridge (IRE)"	"5.00"	"8.8"	"Handicap Hurdle"	"4"	"17"	"Enright, P T"	"McNiff, Mark Michael"	"2m6.5f "	"8"	"29"
"15:55:00"	"2023-09-11"	"Galway"	"Young Fitzy (IRE)"	"18.00"	"27.12"	"Handicap Hurdle"	"6"	"14"	"OCallaghan, Shane"	"Lee, Norman"	"2m.5f "	"8"	"169"
"19:18:00"	"2023-09-06"	"Hexham"	"Ahead Of The Field (IRE)"	"5.00"	"8"	"Handicap Chase"	"2"	"10"	"Harvey, Mr B W"	"McConnell, John C"	"3m1f "	"8"	"11"
"19:25:00"	"2023-09-01"	"Wexford"	"William of Wykeham (IRE)"	"8.50"	"15.01"	"Handicap Chase"	"6"	"12"	"Enright, P T"	"McNiff, Mark Michael"	"3m1f "	"8"	"89"
"17:20:00"	"2023-09-01"	"Wexford"	"Florey Spud (IRE)"	"11.00"	"14.5"	"Handicap Hurdle"	"7"	"12"	"Donoghue, K M"	"ODonnell, P F"	"2m4.5f "	"8"	"9"
"17:20:00"	"2023-09-01"	"Wexford"	"Talk Of The Town (IRE)"	"66.00"	"192.72"	"Handicap Hurdle"	"11"	"12"	"Fenelon, S"	"Sheehy, E"	"2m4.5f "	"8"	"25"
"19:55:00"	"2023-08-29"	"Worcester"	"Aki Bomaye (IRE)"	"7.00"	"8.27"	"Handicap Hurdle"	"PU"	"9"	"Cobden, Harry"	"Jones, Jack"	"2m7f "	"8"	"201"
"18:35:00"	"2023-08-28"	"Ballinrobe"	"My Friend The Wind (IRE)"	"12.00"	"15.26"	"Handicap Hurdle"	"1"	"14"	"McNamara, Conor"	"McNamara, E"	"2m6f "	"8"	"151"
"18:00:00"	"2023-08-19"	"Market Rasen"	"Going Mobile (IRE)"	"12.00"	"14.3"	"Handicap Chase"	"3"	"10"	"England, Jonathan"	"England, Sam"	"2m2f "	"8"	"47"
"19:25:00"	"2023-08-12"	"Kilbeggan"	"Chief Seattle (IRE)"	"18.00"	"23.45"	"Handicap Chase"	"F"	"11"	"Kelly, T Joseph"	"Ryan, John Patrick"	"3m.5f "	"8"	"4"
"17:30:00"	"2023-08-11"	"Wexford"	"Florey Spud (IRE)"	"5.00"	"6.11"	"Handicap Hurdle"	"PU"	"12"	"Blackmore, Rachael"	"ODonnell, P F"	"2m4.5f "	"8"	"17"
"17:10:00"	"2023-08-04"	"Bangor"	"Chasamax (IRE)"	"66.00"	"103.64"	"Handicap Hurdle"	"PU"	"9"	"Leonard, Cillin"	"Davies, Miss Sarah-Jayne"	"2m1f "	"8"	"8"
"13:40:00"	"2023-08-04"	"Bangor"	"Tommydan (IRE)"	"8.50"	"11.5"	"Handicap Hurdle"	"8"	"10"	"Stones, Lewis"	"Candlish, Jennie"	"2m7.5f "	"8"	"32"
"17:10:00"	"2023-07-16"	"Stratford"	"Dans Chosen (IRE)"	"7.00"	"11.36"	"Handicap Chase"	"6"	"7"	"Houlihan, Sean M"	"Hobbs, P J / White, J"	"2m6.5f "	"8"	"69"
"17:50:00"	"2023-07-14"	"Cork"	"Future Proof (IRE)"	"12.00"	"21"	"Handicap Hurdle"	"8"	"17"	"Owens, C"	"Rothwell, P J"	"2m1f "	"8"	"31"
"20:10:00"	"2023-07-11"	"Uttoxeter"	"Fou Diligence (IRE)"	"50.00"	"75"	"Handicap Hurdle"	"7"	"8"	"Worsley, Tabitha"	"Young, Maxwell"	"2m "	"8"	"160"
"19:43:00"	"2023-07-10"	"Roscommon"	"Steps Match (IRE)"	"4.00"	"6.6"	"Handicap Hurdle"	"1"	"14"	"Buckley, Kieran"	"Butler, Michael"	"3m "	"8"	"20"
"16:20:00"	"2023-07-09"	"Sligo"	"Natural Breeze (IRE)"	"7.00"	"10.66"	"Handicap Hurdle"	"8"	"14"	"OSullivan, James"	"Rothwell, P J"	"2m4f "	"8"	"21"
"19:28:00"	"2023-06-21"	"Wexford"	"Lord Gillygooley (IRE)"	"28.00"	"40"	"Handicap Hurdle"	"10"	"10"	"Quail, Toni"	"Queally, Declan"	"2m4.5f "	"8"	"12"
"16:35:00"	"2023-06-19"	"Kilbeggan"	"Knockwilliambridge (IRE)"	"50.00"	"85"	"Maiden Hurdle"	"12"	"14"	"McCrory, Mr R L"	"Hanlon, John Joseph"	"2m "	"8"	"228"
"16:55:00"	"2023-06-17"	"Hexham"	"Croagh Patrick (IRE)"	"3.00"	"4.7"	"Handicap Chase"	"3"	"7"	"England, Jonathan"	"England, Sam"	"3m.5f "	"8"	"32"
"15:45:00"	"2023-06-17"	"Hexham"	"Going Mobile (IRE)"	"9.00"	"11.8"	"Handicap Chase"	"3"	"8"	"England, Jonathan"	"England, Sam"	"2m "	"8"	"35"
"17:25:00"	"2023-06-12"	"Southwell"	"Here We Have It (IRE)"	"40.00"	"61.75"	"Handicap Hurdle"	"7"	"9"	"Cowley, Patrick"	"Morgan, Miss Laura"	"3m1.5f "	"8"	"19"
"20:00:00"	"2023-06-09"	"Clonmel"	"Punters Poet (IRE)"	"14.00"	"18.07"	"Beginners Chase"	"4"	"9"	"McCurtin, Ambrose"	"McCarthy, Eoin Christopher"	"2m7f "	"8"	"17"
"19:25:00"	"2023-06-09"	"Clonmel"	"Clody Valley (IRE)"	"11.00"	"16.5"	"Handicap Chase"	"PU"	"11"	"Finn, Mr B"	"Doyle, Miss Elizabeth"	"2m4f "	"8"	"163"
"14:50:00"	"2023-06-08"	"Ffos Las"	"Holerday Ridge (IRE)"	"0.80"	"1.93"	"Handicap Chase"	"3"	"5"	"Cobden, Harry"	"Hitch,Mrs C"	"2m3.5f "	"8"	"12"
"17:20:00"	"2023-06-02"	"Tramore"	"Hard Rain (IRE)"	"6.00"	"9.48"	"Beginners Chase"	"PU"	"13"	"Mullins, D E"	"Dullea, J D"	"2m5f "	"8"	"8"
"14:05:00"	"2023-05-29"	"Huntingdon"	"Chess Player (IRE)"	"3.00"	"4.33"	"Handicap Chase"	"1"	"7"	"Morgan, Mr Beau"	"Pauling, Ben"	"2m.5f "	"8"	"216"
"20:00:00"	"2023-05-25"	"Limerick"	"Steps Match (IRE)"	"20.00"	"20.53"	"Handicap Chase"	"10"	"16"	"Buckley, Kieran"	"Butler, Michael"	"2m6.5f "	"8"	"238"
"16:45:00"	"2023-05-23"	"Punchestown"	"Robindevidastar (IRE)"	"11.00"	"15.56"	"Handicap Hurdle"	"7"	"16"	"OKeeffe, Darragh"	"Rothwell, P J"	"2m3.5f "	"8"	"54"
"16:45:00"	"2023-05-23"	"Punchestown"	"Roguey (IRE)"	"33.00"	"46.36"	"Handicap Hurdle"	"PU"	"16"	"Mullins, D E"	"Lanigan, W J"	"2m3.5f "	"8"	"96"
"19:40:00"	"2023-05-18"	"Fontwell"	"Johnny Mac (IRE)"	"8.50"	"11.21"	"Handicap Chase"	"PU"	"8"	"Dunne, R T"	"Gretton, T R "	"2m2f "	"8"	"34"
"19:48:00"	"2023-05-11"	"Clonmel"	"Dancing Jeremy (IRE)"	"11.00"	"16.09"	"Handicap Hurdle"	"2"	"16"	"Meyler, D"	"Fahey, James"	"2m3f "	"8"	"135"
"13:15:00"	"2023-05-08"	"Worcester"	"Dans Chosen (IRE)"	"11.00"	"15.61"	"Handicap Chase"	"7"	"10"	"Houlihan, Sean M"	"Hobbs, P J / White, J"	"2m7.5f "	"8"	"28"
"18:55:00"	"2023-05-04"	"Tipperary"	"Winter Carnival (IRE)"	"50.00"	"90.07"	"Beginners Chase"	"PU"	"7"	"McNamara, Conor"	"Neilan, John"	"3m "	"8"	"127"
"17:55:00"	"2023-05-04"	"Tipperary"	"Junior Rattler (IRE)"	"11.00"	"15.32"	"Handicap Hurdle"	"9"	"19"	"Duggan, Mr J I"	"McKiernan, Oliver"	"3m.5f "	"8"	"61"
"18:48:00"	"2023-05-02"	"Ballinrobe"	"Keep em Lit (IRE)"	"5.00"	"8.4"	"Handicap Hurdle"	"SU"	"15"	"Gilligan, D J"	"Kelly, Muredach"	"2m5f "	"8"	"26"
"17:18:00"	"2023-05-02"	"Ballinrobe"	"Pro Bono (IRE)"	"14.00"	"30"	"Maiden Hurdle"	"5"	"15"	"Donovan, Philip"	"Farrell, C W J"	"2m.5f "	"8"	"39"
"14:40:00"	"2023-04-27"	"Warwick"	"Adamhill (IRE)"	"14.00"	"24.04"	"Handicap Novices Chase"	"9"	"15"	"Edwards, Lee"	"Oliver, Henry"	"3m "	"8"	"12"
"18:40:00"	"2023-04-21"	"Kilbeggan"	"Quantatmental (IRE)"	"40.00"	"44.54"	"Handicap Chase"	"PU"	"12"	"ORegan, Denis"	"Collins, C M"	"2m3.5f "	"8"	"160"
"17:40:00"	"2023-04-21"	"Kilbeggan"	"Karayaz (IRE)"	"50.00"	"100"	"Handicap Hurdle"	"5"	"16"	"King, Alan"	"Cullen, J J"	"3m "	"8"	"56"
"16:15:00"	"2023-04-20"	"Kilbeggan"	"Knock Flyer (IRE)"	"250.00"	"1000"	"Maiden Hurdle"	"12"	"13"	"Condon, R J"	"Barry, D J"	"1m7f "	"8"	"203"
"16:45:00"	"2023-04-16"	"Wincanton"	"Urabamba (IRE)"	"1.88"	"3.01"	"Handicap Chase"	"3"	"7"	"Godfrey, Ben"	"Woollacott, Mrs Kayley"	"1m7.5f "	"8"	"34"
"16:00:00"	"2023-04-16"	"Tramore"	"Minella Escape (IRE)"	"6.00"	"8.72"	"Chase"	"3"	"3"	"OKeeffe, Darragh"	"Bromhead, Henry De"	"2m5.5f "	"8"	"134"
"16:00:00"	"2023-04-15"	"Newcastle"	"Broomfields Kan (IRE)"	"1.88"	"3.16"	"Handicap Chase"	"3"	"5"	"Bewley, Jonathon"	"Bewley, G T"	"2m4.5f "	"8"	"16"
"17:35:00"	"2023-04-14"	"Sedgefield"	"Killane (IRE)"	"11.00"	"17.16"	"Handicap Hurdle"	"1"	"10"	"Maggs, Mr William"	"McCain Jnr, D"	"2m.5f "	"8"	"53"
"16:35:00"	"2023-04-09"	"Ffos Las"	"Patient Owner (IRE)"	"6.00"	"9.28"	"Handicap Chase"	"5"	"8"	"Noonan, David G"	"Oliver, Henry"	"3m "	"8"	"17"
"17:10:00"	"2023-04-08"	"Newton Abbot"	"Pak Army (IRE)"	"8.00"	"9.88"	"Handicap Hurdle"	"1"	"10"	"Roberts, Mr B"	"Barr, Brian"	"2m1f "	"8"	"53"
"14:15:00"	"2023-04-08"	"Newton Abbot"	"Master Mikey Dee (IRE)"	"8.00"	"10.5"	"Handicap Chase"	"3"	"7"	"Reed, Harry"	"Ford, Richenda"	"2m5f "	"8"	"15"
"16:17:00"	"2023-03-30"	"Naas"	"Robindevidastar (IRE)"	"50.00"	"80"	"Handicap Hurdle"	"13"	"23"	"OKeeffe, Darragh"	"Rothwell, P J"	"2m3f "	"8"	"64"
"13:58:00"	"2023-03-25"	"Bangor"	"Unai (IRE)"	"40.00"	"55"	"Handicap Novices Hurdle"	"8"	"11"	"Edwards, Lee"	"Groucott, J B"	"2m7f "	"8"	"84"
"16:20:00"	"2023-03-23"	"Chepstow"	"Patient Owner (IRE)"	"3.33"	"4.51"	"Handicap Chase"	"PU"	"15"	"Godfrey, Ben"	"Oliver, Henry"	"3m "	"8"	"45"
"14:30:00"	"2023-03-16"	"Hexham"	"Broomfields Kan (IRE)"	"9.00"	"12"	"Handicap Chase"	"3"	"13"	"Bewley, Jonathon"	"Bewley, G T"	"3m.5f "	"8"	"30"
"14:30:00"	"2023-03-14"	"Sedgefield"	"Going Mobile (IRE)"	"14.00"	"20.44"	"Handicap Chase"	"5"	"8"	"England, Jonathan"	"England, Sam"	"2m1f "	"8"	"152"
"13:20:00"	"2023-03-13"	"Thurles"	"Good World (IRE)"	"22.00"	"34.55"	"Beginners Chase"	"3"	"15"	"Meyler, D"	"Griffin, Eoin"	"2m5f "	"8"	"23"
"13:20:00"	"2023-03-13"	"Thurles"	"Sevenna Star (IRE)"	"125.00"	"621.89"	"Beginners Chase"	"PU"	"15"	"Maxwell, Dillon"	"McNamara, Andrew"	"2m5f "	"8"	"25"
"16:00:00"	"2023-03-12"	"Limerick"	"Flindt (IRE)"	"22.00"	"36.39"	"Beginners Chase"	"5"	"6"	"Flanagan, S W"	"Murphy, Ciaran"	"2m1.5f "	"8"	"46"
"13:30:00"	"2023-03-10"	"Ayr"	"You Some Boy (IRE)"	"14.00"	"16.96"	"Handicap Hurdle"	"1"	"11"	"Anderson, Mr A"	"Menzies, Rebecca"	"3m.5f "	"8"	"57"
"16:35:00"	"2023-03-05"	"Wexford"	"Bugscuffle (IRE)"	"16.00"	"21"	"Handicap Chase"	"7"	"16"	"OKeeffe, Sean F"	"McNamara, Andrew"	"2m4f "	"8"	"66"
"15:10:00"	"2023-03-04"	"Navan"	"Junior Rattler (IRE)"	"33.00"	"46.08"	"Handicap Hurdle"	"4"	"26"	"Enright, P T"	"McKiernan, Oliver"	"2m4f "	"8"	"23"
"15:10:00"	"2023-03-04"	"Navan"	"Simply Shabra (IRE)"	"50.00"	"65"	"Handicap Hurdle"	"F"	"26"	"OConnor, Miss A B"	"McCann, Anthony"	"2m4f "	"8"	"24"
"14:00:00"	"2023-02-24"	"Warwick"	"On The Bandwagon (IRE)"	"7.00"	"8"	"Handicap Hurdle"	"3"	"11"	"Brace, Mr J"	"ONeill, Jonjo and AJ"	"3m2f "	"8"	"23"
"15:25:00"	"2023-02-23"	"Huntingdon"	"Balinesker Beach (IRE)"	"7.00"	"9.15"	"Handicap Hurdle"	"5"	"11"	"Twiston-Davies, Sam"	"Mulholland, N P"	"2m5.5f "	"8"	"17"
"14:05:00"	"2023-02-23"	"Sedgefield"	"Sir Apollo (IRE)"	"2.25"	"3.89"	"Handicap Chase"	"1"	"7"	"England, Jonathan"	"England, Sam"	"3m3.5f "	"8"	"16"
"13:10:00"	"2023-02-19"	"Punchestown"	"Stealthy Tom (IRE)"	"8.00"	"17.59"	"Chase"	"1"	"20"	"Torrens, Simon"	"Bolger, E"	"3m1f "	"8"	"280"
"13:40:00"	"2023-02-12"	"Navan"	"Magnetic North (IRE)"	"200.00"	"617.72"	"Maiden Hurdle"	"11"	"15"	"McNamara, Conor"	"McGuinness, Adrian"	"2m "	"8"	"13"
"14:03:00"	"2023-02-05"	"Hereford"	"Reign Suepreme (IRE)"	"40.00"	"82.37"	"Handicap Chase"	"BD"	"10"	"Best, J A"	"Evans, Mrs N S"	"3m1.5f "	"8"	"46"
"13:10:00"	"2023-02-03"	"Catterick"	"Jamil (IRE)"	"50.00"	"80"	"Handicap Hurdle"	"10"	"14"	"Johnston, Dylan"	"Jackson, Miss T"	"2m3.5f "	"8"	"19"
"15:50:00"	"2023-02-02"	"Fakenham"	"The Knot Is Tied (IRE)"	"18.00"	"24.49"	"Handicap Novices Chase"	"PU"	"7"	"Quinlan, Jack"	"King, N B"	"2m6f "	"8"	"6"
"15:53:00"	"2023-01-25"	"Fairyhouse"	"Robindevidastar (IRE)"	"7.00"	"11"	"Handicap Hurdle"	"13"	"16"	"OSullivan, James"	"Rothwell, P J"	"2m3.5f "	"8"	"45"
"15:27:00"	"2023-01-21"	"Navan"	"Definetly Darsi (IRE)"	"14.00"	"18.46"	"Handicap Chase"	"9"	"13"	"Gainford, Mr J C"	"Collins, C M"	"3m "	"8"	"26"
"14:50:00"	"2023-01-17"	"Clonmel"	"Early Arrival (IRE)"	"33.00"	"100"	"Handicap Hurdle"	"8"	"15"	"Landers, Cathal A"	"Barcoe, James M"	"2m4f "	"8"	"61"
"12:15:00"	"2023-01-10"	"Doncaster"	"First Man (IRE)"	"28.00"	"70"	"Handicap Hurdle"	"3"	"19"	"Cowley, Mr George"	"Greenall, O / Guerriero, J"	"3m.5f "	"8"	"52"
"13:08:00"	"2022-12-31"	"Uttoxeter"	"Locallink (IRE)"	"50.00"	"65.32"	"Handicap Hurdle"	"12"	"14"	"Davies, James"	"Hollinshead, Steph"	"3m "	"8"	"282"
"12:55:00"	"2022-12-29"	"Limerick"	"Likable Chancer (IRE)"	"50.00"	"70"	"Handicap Novices Chase"	"UR"	"16"	"Deegan, R"	"Howard, Daniel John"	"2m6.5f "	"8"	"61"
"15:15:00"	"2022-12-28"	"Limerick"	"Native Gold (IRE)"	"16.00"	"28"	"Handicap Hurdle"	"11"	"18"	"Quirke, Mr C M"	"Cawley, Edward"	"3m "	"8"	"38"
"15:15:00"	"2022-12-28"	"Limerick"	"Mercury Lane (IRE)"	"10.00"	"13.2"	"Handicap Hurdle"	"PU"	"18"	"OSullivan, James"	"Nolan, Paul"	"3m "	"8"	"31"
"12:27:00"	"2022-12-26"	"Wetherby"	"Concrete King (IRE)"	"16.00"	"33.11"	"Handicap Novices Chase"	"7"	"13"	"McLernon, R P"	"Mulholland, N P"	"3m1f "	"8"	"282"
"12:15:00"	"2022-12-26"	"Newcastle"	"Rumble B (IRE)"	"25.00"	"32"	"Handicap Hurdle"	"4"	"18"	"Shanahan, William T"	"Landy, Justin"	"2m4.5f "	"8"	"251"
"14:45:00"	"2022-12-21"	"Hereford"	"Steady Away (IRE)"	"66.00"	"133.21"	"Handicap Hurdle"	"PU"	"14"	"Obrien, P V"	"Harris, Claire"	"2m6f "	"8"	"57"
"14:50:00"	"2022-12-11"	"Cork"	"Low Lie The Fields (IRE)"	"20.00"	"27.09"	"Handicap Hurdle"	"9"	"15"	"OConnor, M P"	"Bromhead, Henry De"	"2m4f "	"8"	"21"
"13:02:00"	"2022-12-01"	"Thurles"	"Toms Courage (IRE)"	"14.00"	"15.94"	"Handicap Chase"	"7"	"12"	"OConnor, M P"	"Burke, John M"	"2m2f "	"8"	"28"
"15:25:00"	"2022-11-29"	"Punchestown"	"Touch Of Oscar (IRE)"	"33.00"	"55"	"Handicap Hurdle"	"16"	"22"	"OKeeffe, Darragh"	"Hourigan, Michael"	"2m5.5f "	"8"	"5"
"14:25:00"	"2022-11-29"	"Punchestown"	"Ricky Langford (IRE)"	"33.00"	"140"	"Handicap Hurdle"	"12"	"18"	"Owens, C"	"Rothwell, P J"	"2m.5f "	"8"	"26"
"15:15:00"	"2022-11-22"	"Limerick"	"Da Big Fella (IRE)"	"12.00"	"18.96"	"Handicap Hurdle"	"5"	"14"	"McCurtin, Ambrose"	"Courtney, Eamon"	"3m.5f "	"8"	"112"
"14:50:00"	"2022-11-03"	"Thurles"	"Stander (IRE)"	"33.00"	"48.69"	"Handicap Hurdle"	"7"	"16"	"OShea, Mr C P"	"Watson, R K"	"2m "	"8"	"34"
"16:03:00"	"2022-10-23"	"Ffos Las"	"Cubao (IRE)"	"11.00"	"16.77"	"Handicap Chase"	"PU"	"10"	"Bowen, Sean P"	"Curtis, Miss Rebecca"	"3m "	"8"	"4"
"16:35:00"	"2022-10-22"	"Kelso"	"Old Jewry (IRE)"	"22.00"	"30"	"Handicap Novices Chase"	"7"	"10"	"Chapman, Ross"	"Bourke, D F"	"2m1f "	"8"	"9"
"15:30:00"	"2022-10-03"	"Tipperary"	"First Earl (IRE)"	"50.00"	"110"	"Handicap Hurdle"	"PU"	"19"	"Torrens, Simon"	"Winters, Michael"	"3m "	"8"	"62"
"16:03:00"	"2022-10-02"	"Uttoxeter"	"Willcollins (IRE)"	"9.00"	"13.91"	"Handicap Chase"	"PU"	"8"	"Poste, Ben J"	"Potter, R D"	"3m "	"8"	"46"
"16:10:00"	"2022-09-29"	"Clonmel"	"Presenting Point (IRE)"	"7.00"	"11"	"Handicap Hurdle"	"3"	"15"	"OKeeffe, Darragh"	"OGrady, Eoghan"	"3m "	"8"	"24"
"13:43:00"	"2022-09-26"	"Newton Abbot"	"Right Destination (IRE)"	"8.00"	"14.62"	"Handicap Seller Hurdle"	"3"	"11"	"Hogan, Mr J"	"OBrien, Fergal"	"2m2.5f "	"8"	"8"
"14:25:00"	"2022-09-16"	"Downpatrick"	"Callthebarman (IRE)"	"12.00"	"15.7"	"Handicap Hurdle"	"PU"	"15"	"Cooper, Bryan J"	"Smith, Matthew J"	"2m3f "	"8"	"42"
"17:30:00"	"2022-09-14"	"Sligo"	"Autumn Crusade (IRE)"	"50.00"	"85"	"Handicap Chase"	"PU"	"11"	"OHanlon, P J"	"McLoughlin, D A"	"3m1.5f "	"8"	"160"
"19:05:00"	"2022-09-09"	"Ballinrobe"	"Jack Holiday (IRE)"	"3.50"	"5.14"	"Handicap Chase"	"4"	"12"	"OSullivan, Mr M J M"	"Gleeson, John F"	"2m1f "	"8"	"6"
"17:00:00"	"2022-09-09"	"Ballinrobe"	"Bentham (IRE)"	"12.00"	"17.5"	"Handicap Hurdle"	"5"	"10"	"OBrien, P M"	"Cromwell, Gavin Patrick"	"2m6f "	"8"	"17"
"16:52:00"	"2022-09-06"	"Hexham"	"Bintheredonethat (IRE)"	"28.00"	"35.1"	"Handicap Hurdle"	"6"	"7"	"Mania, Ryan"	"Smith, R Michael"	"3m.5f "	"8"	"8"
"19:15:00"	"2022-09-05"	"Galway"	"Weihnachts (IRE)"	"33.00"	"76.83"	"Handicap Chase"	"13"	"15"	"Torrens, Simon"	"Rothwell, P J"	"2m6.5f "	"8"	"50"
"17:05:00"	"2022-09-03"	"Wexford"	"Basils Boy (IRE)"	"12.00"	"14.68"	"Handicap Chase"	"5"	"11"	"Deegan, R"	"Cusack, Liam P"	"2m4f "	"8"	"22"
"14:45:00"	"2022-09-03"	"Wexford"	"Jack Holiday (IRE)"	"5.00"	"7.2"	"Handicap Hurdle"	"3"	"13"	"Byrnes, Mr P"	"Gleeson, John F"	"2m "	"8"	"15"
"17:10:00"	"2022-08-29"	"Cartmel"	"A Place Apart (IRE)"	"125.00"	"160"	"Handicap Hurdle"	"12"	"14"	"Wadge, P"	"Harrison, Miss L"	"2m6.5f "	"8"	"16"
"18:45:00"	"2022-08-19"	"Kilbeggan"	"Local Rogue (IRE)"	"22.00"	"24.26"	"Handicap Chase"	"UR"	"14"	"OSullivan, James"	"Doyle, Sean Thomas"	"3m1f "	"8"	"8"
"19:40:00"	"2022-08-17"	"Worcester"	"Corrany (IRE)"	"22.00"	"32"	"Handicap Hurdle"	"7"	"9"	"Lambert, Finn"	"Phillips, R T"	"2m7.5f "	"8"	"19"
"17:55:00"	"2022-08-17"	"Sligo"	"Stander (IRE)"	"66.00"	"141.27"	"Handicap Hurdle"	"11"	"14"	"McGrath, Mr D T"	"Watson, R K"	"2m1.5f "	"8"	"40"
"16:50:00"	"2022-08-13"	"Perth"	"A Place Apart (IRE)"	"50.00"	"149.75"	"Handicap Hurdle"	"9"	"13"	"OFarrell, C"	"Harrison, Miss L"	"3m "	"8"	"17"
"17:00:00"	"2022-08-07"	"Downpatrick"	"Utah (IRE)"	"66.00"	"150"	"Handicap Hurdle"	"PU"	"14"	"McKenna, Liam"	"Lambe, J J"	"2m6f "	"8"	"58"
"17:55:00"	"2022-08-02"	"Roscommon"	"Blue Markie (IRE)"	"66.00"	"160"	"Handicap Chase"	"10"	"12"	"Carberry, Peter"	"McNamara, Andrew"	"3m.5f "	"8"	"55"
"16:20:00"	"2022-07-28"	"Stratford"	"Blaze A Trail (IRE)"	"14.00"	"15.5"	"Handicap Chase"	"1"	"7"	"Brace, Connor"	"Flint, J L"	"2m3.5f "	"8"	"18"
"16:20:00"	"2022-07-28"	"Stratford"	"The Garrison (IRE)"	"9.00"	"13.07"	"Handicap Chase"	"6"	"7"	"Scudamore, Tom"	"Dunn, Mrs Alex"	"2m3.5f "	"8"	"246"
"21:00:00"	"2022-07-26"	"Perth"	"Tuff Mccool (IRE)"	"10.00"	"16"	"Handicap Hurdle"	"3"	"5"	"Bedi, Miss J"	"Bedi, Miss J"	"2m "	"8"	"265"
"17:30:00"	"2022-07-26"	"Worcester"	"Ben Buie (IRE)"	"6.00"	"7.67"	"Handicap Chase"	"3"	"9"	"Twiston-Davies, Sam"	"Keighley, M"	"2m.5f "	"8"	"16"
"17:30:00"	"2022-07-19"	"Ballinrobe"	"Masterstonemason (IRE)"	"33.00"	"59.16"	"Handicap Hurdle"	"10"	"16"	"McNamara, Conor"	"Costello, F"	"2m1.5f "	"8"	"11"
"14:57:00"	"2022-07-17"	"Tipperary"	"Ricky Langford (IRE)"	"11.00"	"14.5"	"Handicap Chase"	"PU"	"10"	"OSullivan, James"	"Rothwell, P J"	"2m1f "	"8"	"14"
"20:00:00"	"2022-07-15"	"Kilbeggan"	"Callthebarman (IRE)"	"3.50"	"4.97"	"Handicap Chase"	"6"	"10"	"OSullivan, James"	"Smith, Matthew J"	"2m3f "	"8"	"57"
"19:00:00"	"2022-07-14"	"Killarney"	"Da Big Fella (IRE)"	"7.00"	"8.76"	"Handicap Hurdle"	"6"	"16"	"Enright, P T"	"Courtney, Eamon"	"2m4f "	"8"	"163"
"19:30:00"	"2022-06-21"	"Newton Abbot"	"Ben Buie (IRE)"	"5.00"	"8.6"	"Handicap Chase"	"7"	"9"	"Bowen, Sean P"	"Keighley, M"	"2m5f "	"8"	"15"
"14:45:00"	"2022-06-17"	"Market Rasen"	"O Connell Street (IRE)"	"8.50"	"12.5"	"Handicap Hurdle"	"8"	"9"	"Edwards, Lee"	"Frost, Kevin"	"2m5.5f "	"8"	"43"
"18:00:00"	"2022-06-13"	"Kilbeggan"	"Viking Hoard (IRE)"	"28.00"	"50.58"	"Handicap Hurdle"	"7"	"16"	"McCurtin, Ambrose"	"Byrnes, C"	"3m.5f "	"8"	"20"
"20:30:00"	"2022-06-11"	"Worcester"	"Writteninthesand (IRE)"	"9.00"	"12"	"Handicap Hurdle"	"PU"	"8"	"Burke, Jonathan"	"George, T R"	"2m7f "	"8"	"28"
"17:25:00"	"2022-06-11"	"Worcester"	"Hill Of Hope (IRE)"	"40.00"	"55"	"Handicap Novices Chase"	"PU"	"14"	"Tidball, Jay"	"Ralph, Alastair"	"2m7f "	"8"	"119"
"19:35:00"	"2022-06-09"	"Uttoxeter"	"Eileens Boy (IRE)"	"20.00"	"33.19"	"Handicap Novices Hurdle"	"12"	"14"	"OBrien, T J"	"Ellam, Clare"	"2m4f "	"8"	"95"
"18:50:00"	"2022-05-30"	"Ballinrobe"	"Happy Company (IRE)"	"40.00"	"65.91"	"Handicap Hurdle"	"12"	"16"	"OKeeffe, Sean F"	"Hassett, P J"	"2m2.5f "	"8"	"11"
"14:10:00"	"2022-05-30"	"Cartmel"	"Dan Gun (IRE)"	"8.00"	"14.53"	"Handicap Hurdle"	"1"	"10"	"Willmott, Thomas"	"Waugh, S G"	"2m6.5f "	"8"	"12"
"15:55:00"	"2022-05-24"	"Punchestown"	"Viking Hoard (IRE)"	"16.00"	"25"	"Handicap Hurdle"	"18"	"21"	"Power, I J"	"Byrnes, C"	"3m "	"8"	"12"
"19:20:00"	"2022-05-14"	"Uttoxeter"	"Young Oleary (IRE)"	"5.50"	"7.95"	"Handicap Novices Hurdle"	"4"	"8"	"Prichard, Mr D G"	"Vaughan, Tim"	"2m7.5f "	"8"	"72"
"17:50:00"	"2022-05-14"	"Uttoxeter"	"Time Leader (IRE)"	"5.50"	"7.25"	"Handicap Chase"	"3"	"13"	"Sheppard, Stan"	"Lacey, T"	"2m6.5f "	"8"	"27"
"16:10:00"	"2022-05-06"	"Market Rasen"	"An Marcach (IRE)"	"6.00"	"8"	"Handicap Chase"	"3"	"11"	"Hammond, Charlie"	"Newland, Dr R D P"	"2m6f "	"8"	"31"
"14:00:00"	"2022-05-03"	"Fakenham"	"Balleticon (IRE)"	"3.00"	"4.5"	"Handicap Seller Hurdle"	"2"	"8"	"Bass, David"	"Bailey, K C"	"2m.5f "	"8"	"17"
"15:20:00"	"2022-04-19"	"Sedgefield"	"Arcanja (IRE)"	"12.00"	"18.54"	"Handicap Hurdle"	"9"	"11"	"Moscrop, Nathan"	"Menzies, Rebecca"	"2m5f "	"8"	"79"
"13:50:00"	"2022-04-18"	"Cork"	"First Earl (IRE)"	"125.00"	"427.2"	"Maiden Hurdle"	"17"	"18"	"Noonan, G B"	"Winters, Michael"	"3m.5f "	"8"	"4"
"16:34:00"	"2022-04-16"	"Newton Abbot"	"Balleticon (IRE)"	"6.50"	"9"	"Handicap Hurdle"	"3"	"10"	"Bass, David"	"Bailey, K C"	"2m1f "	"8"	"13"
"16:05:00"	"2022-04-10"	"Stratford"	"Largy Nights (IRE)"	"7.00"	"8.86"	"Handicap Chase"	"1"	"7"	"Obrien, P V"	"Longsdon, C E"	"3m4f "	"8"	"25"
"16:40:00"	"2022-04-09"	"Newcastle"	"Dan Gun (IRE)"	"10.00"	"17.67"	"Handicap Hurdle"	"3"	"12"	"Willmott, Thomas"	"Waugh, S G"	"2m4.5f "	"8"	"12"
"16:52:00"	"2022-04-07"	"Taunton"	"Lifeisahighway (IRE)"	"7.50"	"9.56"	"Handicap Chase"	"6"	"8"	"Morgan, Luca"	"Pauling, Ben"	"2m7f "	"8"	"57"
"16:13:00"	"2022-04-07"	"Limerick"	"Blue Markie (IRE)"	"11.00"	"12.12"	"Handicap Hurdle"	"9"	"18"	"OHanlon, P J"	"McNamara, Andrew"	"2m5f "	"8"	"25"
"14:35:00"	"2022-04-07"	"Taunton"	"Vanderbilt (IRE)"	"11.00"	"15.9"	"Handicap Novices Hurdle"	"3"	"10"	"Noonan, David G"	"Gillard, Mark"	"3m "	"8"	"20"
"16:55:00"	"2022-03-24"	"Cork"	"Rebel Waltz (IRE)"	"66.00"	"110"	"Handicap Hurdle"	"14"	"14"	"Stefani, Mr P"	"Jr, T J Nagle"	"2m4f "	"8"	"151"
"17:25:00"	"2022-03-23"	"Ffos Las"	"Time Leader (IRE)"	"2.50"	"3.39"	"Handicap Chase"	"3"	"4"	"Sheppard, Stan"	"Lacey, T"	"2m "	"8"	"64"
"16:45:00"	"2022-03-20"	"Chepstow"	"Cobra Commander (IRE)"	"12.00"	"17.5"	"Handicap Chase"	"PU"	"10"	"Williams, Isabel"	"Symonds, Tom"	"2m4f "	"8"	"74"
"15:21:00"	"2022-03-19"	"Fontwell"	"Shutthegate (IRE)"	"22.00"	"30"	"Handicap Novices Hurdle"	"6"	"10"	"Powell, Brendan"	"Spearing, J L"	"2m3.5f "	"8"	"31"
"14:30:00"	"2022-03-13"	"Limerick"	"Pats Pick (IRE)"	"10.00"	"16.85"	"Maiden Hurdle"	"6"	"8"	"Slevin, J J"	"Crawford, S R B"	"3m "	"8"	"8"
"14:25:00"	"2022-03-10"	"Thurles"	"Michaels Pick (IRE)"	"28.00"	"115.89"	"Maiden Hunters Chase"	"2"	"11"	"Love, Mr T J"	"Murphy, Ciaran"	"3m1f "	"8"	"116"
"16:40:00"	"2022-03-06"	"Huntingdon"	"Dorado Dollar (IRE)"	"25.00"	"33.64"	"Handicap Hurdle"	"7"	"8"	"Fuller, Page"	"Case, B I"	"3m2f "	"8"	"54"
"16:05:00"	"2022-03-06"	"Huntingdon"	"Locallink (IRE)"	"6.50"	"8.77"	"Handicap Hurdle"	"5"	"7"	"Best, J A"	"Hollinshead, Steph"	"3m2f "	"8"	"24"
"17:00:00"	"2022-02-26"	"Newcastle"	"Court Jurado (IRE)"	"10.00"	"15.67"	"Handicap Hurdle"	"9"	"11"	"Kavanagh, Peter J"	"McCain Jnr, D"	"2m "	"8"	"17"
"15:28:00"	"2022-02-26"	"Chepstow"	"Mr Katanga (IRE)"	"10.00"	"14"	"Handicap Chase"	"1"	"11"	"Jones, Ben R"	"Curtis, Miss Rebecca"	"3m2.5f "	"8"	"25"
"15:50:00"	"2022-02-23"	"Punchestown"	"Think Positive (IRE)"	"20.00"	"26.09"	"Handicap Hurdle"	"9"	"15"	"Foley, J B"	"Rothwell, P J"	"2m4.5f "	"8"	"27"
"16:10:00"	"2022-02-13"	"Punchestown"	"Young Dev (IRE)"	"12.00"	"13.79"	"Handicap Hurdle"	"1"	"21"	"McDonagh, Mark M"	"Hogan, Denis Gerard"	"2m7.5f "	"8"	"35"
"15:22:00"	"2022-02-09"	"Fakenham"	"Court Jurado (IRE)"	"2.75"	"4.07"	"Handicap Chase"	"2"	"6"	"Kavanagh, Peter J"	"McCain Jnr, D"	"2m.5f "	"8"	"37"
"14:22:00"	"2022-02-09"	"Fakenham"	"Vinnies Getaway (IRE)"	"4.50"	"5.9"	"Handicap Novices Chase"	"2"	"6"	"Worsley, Tabitha"	"Hobson, Miss Clare"	"2m5.5f "	"8"	"10"
"13:40:00"	"2022-02-01"	"Limerick"	"Half Shot (IRE)"	"16.00"	"18.5"	"Handicap Hurdle"	"2"	"14"	"Donovan, Philip"	"Lee, Norman"	"2m5f "	"8"	"61"
"16:20:00"	"2022-01-31"	"Punchestown"	"I Dont Get It (IRE)"	"6.50"	"11.76"	"Handicap Hurdle"	"4"	"22"	"Mulcahy, Shane"	"McCluskey, Neill"	"3m "	"8"	"16"
"15:10:00"	"2022-01-25"	"Down Royal"	"Mr Bercow (IRE)"	"12.00"	"34"	"Handicap Chase"	"1"	"16"	"Donoghue, K M"	"Dreaper, J T R"	"2m4f "	"8"	"47"
"15:08:00"	"2022-01-15"	"Fairyhouse"	"Ruhm Und Ehre (IRE)"	"50.00"	"85"	"Handicap Hurdle"	"3"	"15"	"Ewing, Sam"	"Traynor, Paul"	"2m4f "	"8"	"13"
"13:40:00"	"2022-01-13"	"Catterick"	"The Very Thing (IRE)"	"66.00"	"90.76"	"Handicap Novices Chase"	"1"	"9"	"Smith, Becky"	"Hammond, Micky"	"3m1.5f "	"8"	"12"
"13:30:00"	"2022-01-13"	"Bangor"	"Kingston King (IRE)"	"2.50"	"3.65"	"Handicap Chase"	"3"	"7"	"Armson, Philip"	"Rees, D A"	"2m1.5f "	"8"	"8"
"12:35:00"	"2022-01-11"	"Doncaster"	"Now Is The Winter (IRE)"	"5.50"	"6.69"	"Handicap Hurdle"	"8"	"11"	"Morgan, Mr Beau"	"Pauling, Ben"	"3m.5f "	"8"	"275"
"12:05:00"	"2022-01-11"	"Doncaster"	"Banana Joe (IRE)"	"8.00"	"10.39"	"Handicap Hurdle"	"3"	"12"	"Bromley, Ben"	"Rowley, Melanie"	"3m.5f "	"8"	"34"
"12:05:00"	"2022-01-11"	"Doncaster"	"Dorado Dollar (IRE)"	"10.00"	"12.41"	"Handicap Hurdle"	"11"	"12"	"Scott, Luke"	"Case, B I"	"3m.5f "	"8"	"45"
"15:30:00"	"2022-01-01"	"Tramore"	"An Marcach (IRE)"	"18.00"	"26.51"	"Handicap Chase"	"3"	"15"	"Hayes, Brian"	"Donovan, D"	"2m6f "	"8"	"14"
"14:45:00"	"2022-01-01"	"Catterick"	"The Very Thing (IRE)"	"33.00"	"50"	"Handicap Chase"	"PU"	"9"	"Cawley, A P"	"Hammond, Micky"	"3m1.5f "	"8"	"28"
"12:45:00"	"2022-01-01"	"Fakenham"	"Primal Focus (IRE)"	"5.00"	"6.79"	"Handicap Chase"	"PU"	"7"	"Ellis, Mr Daniel"	"Williams, Christian"	"3m6.5f "	"8"	"18"
"14:57:00"	"2021-12-26"	"Huntingdon"	"Catlow (IRE)"	"9.00"	"10.93"	"Handicap Chase"	"PU"	"7"	"Buckley, Tom"	"Davis, Miss J S"	"2m4f "	"8"	"24"
"13:15:00"	"2021-12-26"	"Huntingdon"	"Kilbrew Boy (IRE)"	"9.00"	"15.2"	"Handicap Chase"	"4"	"9"	"Case, Charlie"	"Case, B I"	"2m7.5f "	"8"	"24"
"14:45:00"	"2021-12-20"	"Musselburgh"	"Saint Jude (IRE)"	"50.00"	"69.04"	"Handicap Chase"	"8"	"9"	"Willmott, Thomas"	"Wilson, A"	"3m "	"8"	"11"
"14:00:00"	"2021-12-16"	"Naas"	"Magnium (IRE)"	"150.00"	"578.84"	"Beginners Chase"	"PU"	"15"	"Foley, J B"	"OSullivan, Eugene M"	"2m3f "	"8"	"52"
"12:15:00"	"2021-12-12"	"Southwell"	"Hidden Glen (IRE)"	"33.00"	"50"	"Handicap Chase"	"6"	"12"	"Anderson, Mr A"	"Sowersby, M E"	"3m2.5f "	"8"	"19"
"15:15:00"	"2021-12-09"	"Tramore"	"Lessofdnegativity (IRE)"	"3.50"	"5.96"	"Handicap Chase"	"1"	"14"	"OHanlon, P J"	"McNamara, Andrew"	"2m5.5f "	"8"	"46"
"14:30:00"	"2021-11-28"	"Leicester"	"Joint Account (IRE)"	"40.00"	"55.36"	"Handicap Novices Hurdle"	"6"	"9"	"Poste, Ben J"	"Frankland, D"	"1m7.5f "	"8"	"19"
"14:15:00"	"2021-11-23"	"Sedgefield"	"Strong Team (IRE)"	"12.00"	"14.51"	"Handicap Hurdle"	"6"	"10"	"Scott, Luke"	"Grant, C"	"2m1f "	"8"	"12"
"13:10:00"	"2021-11-23"	"Sedgefield"	"Skyhill (IRE)"	"12.00"	"16.28"	"Handicap Chase"	"6"	"7"	"Hamilton, Jamie"	"Hamilton, Mrs A C"	"3m3f "	"8"	"177"
"14:55:00"	"2021-11-18"	"Market Rasen"	"Taqwaa (IRE)"	"6.50"	"10.18"	"Handicap Hurdle"	"8"	"9"	"Wedge, Adam"	"Morgan, Miss Laura"	"2m1.5f "	"8"	"33"
"13:45:00"	"2021-11-09"	"Fairyhouse"	"Top Question (IRE)"	"25.00"	"32"	"Handicap Chase"	"11"	"14"	"Shine, Mr C J"	"Archdeacon, L J"	"3m "	"8"	"7"
"13:22:00"	"2021-11-09"	"Hereford"	"Legend Of Zorro (IRE)"	"3.00"	"4.85"	"Handicap Chase"	"3"	"9"	"Hughes, Brian"	"Honour, Chris"	"3m1f "	"8"	"26"
"15:10:00"	"2021-11-05"	"Hexham"	"Asking For Answers (IRE)"	"10.00"	"13.5"	"Handicap Chase"	"2"	"11"	"Kavanagh, Peter J"	"Todhunter, M"	"3m1f "	"8"	"249"
"12:10:00"	"2021-10-31"	"Lingfield"	"Dolphin Vista (IRE)"	"11.00"	"11.22"	"Handicap Hurdle"	"11"	"11"	"Houlihan, Sean M"	"Boyle, J R"	"2m "	"8"	"25"
"15:50:00"	"2021-10-27"	"Fakenham"	"Seemingly So (IRE)"	"4.50"	"6.36"	"Handicap Novices Chase"	"PU"	"8"	"Wedge, Adam"	"Morgan, Miss Laura"	"3m1.5f "	"8"	"91"
"14:30:00"	"2021-10-17"	"Cork"	"Celtic Dancer (IRE)"	"40.00"	"90.44"	"Handicap Hurdle"	"11"	"16"	"McNamara, Conor"	"McNamara, E"	"3m "	"8"	"7"
"15:25:00"	"2021-10-16"	"Ffos Las"	"Remember The Man (IRE)"	"28.00"	"42"	"Handicap Hurdle"	"10"	"11"	"Quinlan, Jack"	"King, N B"	"3m "	"8"	"138"
"14:20:00"	"2021-10-16"	"Stratford"	"Rebel Royal (IRE)"	"33.00"	"33.31"	"Handicap Hurdle"	"3"	"12"	"Carver, Bryan"	"Case, B I"	"2m3f "	"8"	"25"
"15:55:00"	"2021-10-09"	"Hexham"	"Captain Cobajay (IRE)"	"6.50"	"8.8"	"Handicap Chase"	"7"	"8"	"Hamilton, Jamie"	"Landy, Justin"	"2m "	"8"	"15"
"16:02:00"	"2021-10-08"	"Downpatrick"	"Royal Presenting (IRE)"	"28.00"	"36"	"Handicap Hurdle"	"14"	"15"	"Gainford, Mr J C"	"Ryder, Shane Kieran"	"2m5.5f "	"8"	"6"
"15:40:00"	"2021-10-05"	"Huntingdon"	"Blue N Yellow (IRE)"	"3.33"	"5"	"Handicap Novices Chase"	"4"	"6"	"Gethings, Ciaran"	"George, T R"	"2m7.5f "	"8"	"68"
"15:25:00"	"2021-10-02"	"Fontwell"	"Reallyradical (IRE)"	"7.50"	"11.06"	"Handicap Hurdle"	"1"	"9"	"Dixon, Jason"	"Gordon, C"	"3m2f "	"8"	"196"
"15:55:00"	"2021-09-24"	"Listowel"	"My Oakclahome (IRE)"	"16.00"	"22.81"	"Handicap Chase"	"6"	"14"	"Flanagan, S W"	"OBrien, David M"	"2m4f "	"8"	"20"
"15:55:00"	"2021-09-24"	"Listowel"	"Tiantu (IRE)"	"33.00"	"70"	"Handicap Chase"	"7"	"14"	"Power, Mr P"	"Power, Paul"	"2m4f "	"8"	"20"
"15:20:00"	"2021-09-24"	"Listowel"	"Celtic Dancer (IRE)"	"22.00"	"44"	"Handicap Hurdle"	"6"	"15"	"McDonagh, Mark M"	"McNamara, E"	"3m "	"8"	"35"
"17:00:00"	"2021-09-22"	"Listowel"	"Alpine Cobra (IRE)"	"66.00"	"142.21"	"Beginners Chase"	"6"	"12"	"OKeeffe, Sean F"	"Byrnes, C"	"2m6f "	"8"	"18"
"18:30:00"	"2021-09-15"	"Kelso"	"Grey Atlantic Way (IRE)"	"16.00"	"20.49"	"Handicap Hurdle"	"3"	"11"	"Brooke, Henry"	"Brooke, Daniel"	"2m2f "	"8"	"20"
"19:00:00"	"2021-09-10"	"Ballinrobe"	"Daring Decree (IRE)"	"2.75"	"4.53"	"Handicap Chase"	"PU"	"9"	"Brouder, Gavin"	"Lee, Norman"	"2m1f "	"8"	"4"
"18:30:00"	"2021-09-10"	"Ballinrobe"	"Captain Jimmy (IRE)"	"22.00"	"27"	"Handicap Chase"	"4"	"14"	"Donovan, Philip"	"Kelly, Patrick G"	"2m7f "	"8"	"4"
"17:00:00"	"2021-09-10"	"Ballinrobe"	"Elegant Dan (IRE)"	"66.00"	"110.16"	"Handicap Hurdle"	"14"	"16"	"Treacy, R P"	"OBrien, David M"	"2m6f "	"8"	"29"
"13:30:00"	"2021-09-08"	"Uttoxeter"	"Bullsempire (IRE)"	"40.00"	"80"	"Handicap Novices Hurdle"	"8"	"10"	"Worsley, Tabitha"	"Hobson, Miss Clare"	"3m "	"8"	"38"
"13:00:00"	"2021-09-08"	"Uttoxeter"	"Ivilnoble (IRE)"	"18.00"	"27"	"Handicap Novices Hurdle"	"8"	"9"	"Ffrench Davis, Mr Ben"	"Davis, D J S Ffrench"	"3m "	"8"	"125"
"17:37:00"	"2021-09-03"	"Kilbeggan"	"Railway Muice (IRE)"	"12.00"	"17.42"	"Handicap Hurdle"	"1"	"16"	"Dempsey, Luke"	"Flynn, Paul W"	"3m1f "	"8"	"14"
"18:30:00"	"2021-08-27"	"Down Royal"	"Yamato (IRE)"	"12.00"	"17"	"Handicap Hurdle"	"7"	"16"	"OConnor, M P"	"McConnell, John C"	"3m "	"8"	"13"
"19:50:00"	"2021-08-26"	"Sedgefield"	"Strong Team (IRE)"	"28.00"	"38.47"	"Handicap Hurdle"	"1"	"10"	"Dowson, Thomas"	"Grant, C"	"2m.5f "	"8"	"38"
"17:45:00"	"2021-08-25"	"Bellewstown"	"Repeat That (IRE)"	"11.00"	"14.5"	"Handicap Hurdle"	"11"	"15"	"Enright, P T"	"Butler, Michael"	"2m4.5f "	"8"	"17"
"18:45:00"	"2021-08-23"	"Ballinrobe"	"Hellenic Fire (IRE)"	"100.00"	"164.65"	"Handicap Hurdle"	"9"	"16"	"King, Alan"	"Hallinan, Michael E"	"2m6f "	"8"	"15"
"19:00:00"	"2021-08-20"	"Killarney"	"Daring Decree (IRE)"	"6.00"	"9.2"	"Handicap Chase"	"6"	"14"	"OConnor, M P"	"Lee, Norman"	"2m4f "	"8"	"5"
"18:15:00"	"2021-08-20"	"Kilbeggan"	"Lord Schnitzel (IRE)"	"5.00"	"8.28"	"Maiden Hurdle"	"5"	"13"	"Whelan, D G"	"Queally, Declan"	"3m1f "	"8"	"92"
"18:00:00"	"2021-08-20"	"Killarney"	"Alpine Cobra (IRE)"	"28.00"	"41.36"	"Beginners Chase"	"3"	"8"	"OKeeffe, Sean F"	"Byrnes, C"	"2m7f "	"8"	"33"
"18:35:00"	"2021-08-14"	"Market Rasen"	"Catlow (IRE)"	"33.00"	"52.52"	"Handicap Chase"	"11"	"15"	"Davies, James"	"Davis, Miss J S"	"2m7.5f "	"8"	"23"
"17:45:00"	"2021-08-13"	"Tramore"	"Larry Looby (IRE)"	"12.00"	"15.23"	"Handicap Chase"	"7"	"11"	"Walsh, E"	"McDonogh, Desmond"	"2m5.5f "	"8"	"58"
"16:20:00"	"2021-08-08"	"Downpatrick"	"Repeat That (IRE)"	"4.50"	"7"	"Handicap Hurdle"	"UR"	"15"	"Morgan, Hugh"	"Butler, Michael"	"2m6f "	"8"	"19"
"13:30:00"	"2021-07-26"	"Newton Abbot"	"Getaman (IRE)"	"12.00"	"21.13"	"Handicap Novices Hurdle"	"4"	"10"	"Woods, K K"	"Jeffreys, D J"	"2m2.5f "	"8"	"96"
"18:25:00"	"2021-07-20"	"Ballinrobe"	"Stadius (IRE)"	"22.00"	"30"	"Handicap Hurdle"	"4"	"15"	"Brett, Tommy N"	"Duffy, S M"	"2m5.5f "	"8"	"36"
"15:45:00"	"2021-07-17"	"Cartmel"	"Elixer (IRE)"	"14.00"	"19.56"	"Handicap Chase"	"6"	"13"	"Murtagh, Lorcan"	"Murtagh, Barry"	"2m1.5f "	"8"	"35"
"16:25:00"	"2021-07-06"	"Roscommon"	"Stylish Moment (IRE)"	"4.50"	"6.8"	"Claimer Hurdle"	"6"	"12"	"Enright, P T"	"Doyle, Eoin"	"2m5f "	"8"	"32"
"13:55:00"	"2021-07-04"	"Tramore"	"Western Sea (IRE)"	"18.00"	"26.37"	"Handicap Chase"	"5"	"13"	"Landers, Cathal A"	"OSullivan, Ross"	"2m "	"8"	"223"
"15:40:00"	"2021-06-21"	"Southwell"	"Milanstorm (IRE)"	"8.50"	"12"	"Handicap Hurdle"	"PU"	"9"	"Twiston-Davies, Sam"	"Twiston-Davies, N A"	"3m1.5f "	"8"	"91"
"13:30:00"	"2021-06-20"	"Worcester"	"The Manuscript (IRE)"	"40.00"	"60.39"	"Handicap Chase"	"PU"	"14"	"Scudamore, Tom"	"ONeill, Jonjo and AJ"	"2m7.5f "	"8"	"26"
"16:00:00"	"2021-06-18"	"Market Rasen"	"Shady Oaks (IRE)"	"8.00"	"11.5"	"Handicap Novices Chase"	"2"	"8"	"Wedge, Adam"	"Pogson, Charles and Adam"	"2m4f "	"8"	"24"
"13:15:00"	"2021-06-12"	"Hexham"	"Elixer (IRE)"	"16.00"	"21"	"Handicap Chase"	"6"	"13"	"Murtagh, Lorcan"	"Murtagh, Barry"	"2m "	"8"	"32"
"17:55:00"	"2021-06-05"	"Hexham"	"Article Fifty (IRE)"	"66.00"	"168.02"	"Handicap Hurdle"	"PU"	"14"	"Hodgins, Lyall"	"Bewley, G T"	"2m7.5f "	"8"	"28"
"19:05:00"	"2021-05-27"	"Limerick"	"Central Court (IRE)"	"33.00"	"42"	"Handicap Hurdle"	"7"	"17"	"Meyler, D"	"Thornton, Karl"	"2m3f "	"8"	"9"
"16:50:00"	"2021-05-21"	"Downpatrick"	"School Lane (IRE)"	"16.00"	"22.78"	"Handicap Chase"	"8"	"13"	"McNamara, Conor"	"Lennon, Liam"	"2m7.5f "	"8"	"14"
"15:05:00"	"2021-05-21"	"Downpatrick"	"Oscaraldo (IRE)"	"50.00"	"80.37"	"Handicap Hurdle"	"PU"	"12"	"McNamara, Conor"	"Lee, Norman"	"2m5.5f "	"8"	"59"
"16:15:00"	"2021-05-20"	"Tipperary"	"Moscowsowhat (IRE)"	"12.00"	"15"	"Handicap Hurdle"	"PU"	"15"	"Fitzgerald, S"	"Dullea, J D"	"3m "	"8"	"45"
"20:05:00"	"2021-05-18"	"Hexham"	"Kildrum (IRE)"	"7.50"	"9.1"	"Handicap Hurdle"	"5"	"14"	"Garritty, Billy"	"Hammond, Micky"	"2m7.5f "	"8"	"28"
"17:10:00"	"2021-05-18"	"Limerick"	"Stadius (IRE)"	"100.00"	"190"	"Beginners Chase"	"10"	"10"	"Mullins, D E"	"Duffy, S M"	"2m3.5f "	"8"	"3"
"16:40:00"	"2021-05-18"	"Limerick"	"Grey Atlantic Way (IRE)"	"16.00"	"16.99"	"Handicap Chase"	"9"	"15"	"OSullivan, Miss Maxine"	"Linehan, Edmond Daniel"	"2m1.5f "	"8"	"75"
"19:30:00"	"2021-05-13"	"Clonmel"	"Stylish Moment (IRE)"	"33.00"	"42"	"Handicap Hurdle"	"9"	"13"	"Meyler, D"	"Doyle, Eoin"	"2m4f "	"8"	"225"
"16:20:00"	"2021-05-10"	"Ffos Las"	"Stung For Cash (IRE)"	"10.00"	"15.28"	"Handicap Chase"	"6"	"11"	"Burke, Jonathan"	"Lacey, T"	"3m "	"8"	"42"
"18:10:00"	"2021-05-04"	"Ballinrobe"	"Stadius (IRE)"	"18.00"	"26.93"	"Handicap Hurdle"	"PU"	"12"	"Brett, Tommy N"	"Duffy, S M"	"2m5.5f "	"8"	"198"
"15:55:00"	"2021-05-04"	"Fakenham"	"Bullsempire (IRE)"	"11.00"	"13.5"	"Handicap Novices Hurdle"	"PU"	"11"	"Moore, Joshua"	"Hobson, Miss Clare"	"2m5f "	"8"	"29"
"13:55:00"	"2021-05-01"	"Uttoxeter"	"Woulduadamandeveit (IRE)"	"12.00"	"16.5"	"Handicap Novices Hurdle"	"15"	"15"	"Gardner, Lucy"	"Gardner, Mrs S"	"3m "	"8"	"25"
"18:10:00"	"2021-04-19"	"Tramore"	"Doldido (IRE)"	"14.00"	"22.62"	"Beginners Chase"	"8"	"12"	"Dempsey, Luke"	"Winters, Michael"	"2m6f "	"8"	"18"
"17:25:00"	"2021-04-19"	"Limerick"	"Celtic Dancer (IRE)"	"50.00"	"84.16"	"Handicap Hurdle"	"3"	"14"	"McNamara, Conor"	"McNamara, E"	"2m6f "	"8"	"148"
"16:00:00"	"2021-04-11"	"Warwick"	"Chimes Of Dylan (IRE)"	"14.00"	"19"	"Handicap Chase"	"5"	"8"	"Johns, Alan"	"Vaughan, Tim"	"3m6f "	"8"	"97"
"17:30:00"	"2021-04-10"	"Newcastle"	"Dancing Doug (IRE)"	"8.00"	"13.5"	"Handicap Hurdle"	"3"	"12"	"Nichol, Craig"	"Whillans, A C"	"2m4.5f "	"8"	"20"
"16:15:00"	"2021-04-09"	"Wexford"	"Bronson In Blue (IRE)"	"4.50"	"6.6"	"Novices Hurdle"	"4"	"10"	"Kelly, T Joseph"	"Fowler, Mrs Lorna"	"3m "	"8"	"32"
"14:45:00"	"2021-04-05"	"Plumpton"	"Aheadfullofdreams (IRE)"	"1.38"	"2.71"	"Handicap Novices Chase"	"1"	"8"	"Skelton, Harry"	"Skelton, Daniel"	"3m2.5f "	"8"	"12"
"13:15:00"	"2021-04-03"	"Fairyhouse"	"Play The Knave (IRE)"	"300.00"	"1000"	"Maiden Hurdle"	"17"	"18"	"Short, Adam W"	"OBrien, V T"	"2m4f "	"8"	"12"
"18:35:00"	"2021-04-01"	"Clonmel"	"Doldido (IRE)"	"6.50"	"8.15"	"Handicap Chase"	"5"	"14"	"Orr, Conor"	"Winters, Michael"	"2m6.5f "	"8"	"23"
"16:45:00"	"2021-03-31"	"Hexham"	"Liars Dice (IRE)"	"11.00"	"13"	"Handicap Chase"	"PU"	"8"	"Brown, Oakley"	"Landy, Justin"	"3m.5f "	"8"	"19"
"13:30:00"	"2021-03-30"	"Newcastle"	"Imperial Focus (IRE)"	"80.00"	"100"	"Handicap Hurdle"	"7"	"13"	"Bewley, Callum"	"Waugh, S G"	"2m.5f "	"8"	"138"
"14:37:00"	"2021-03-25"	"Chepstow"	"Cheers Delboy (IRE)"	"22.00"	"26.32"	"Handicap Chase"	"PU"	"12"	"Moore, Jamie"	"Dickin, R"	"3m "	"8"	"102"
"15:50:00"	"2021-03-22"	"Plumpton"	"Black Centaur (IRE)"	"6.00"	"8.6"	"Handicap Chase"	"1"	"7"	"Cobden, Harry"	"Gordon, C"	"3m2f "	"8"	"18"
"16:00:00"	"2021-03-21"	"Carlisle"	"Dancing Doug (IRE)"	"2.50"	"3.84"	"Handicap Hurdle"	"F"	"9"	"Bewley, Callum"	"Whillans, A C"	"2m1f "	"8"	"27"
"15:25:00"	"2021-03-20"	"Thurles"	"Beating The Odds (IRE)"	"11.00"	"13.5"	"Handicap Hurdle"	"1"	"16"	"Mahon, Mr E"	"Austin, W J"	"3m "	"8"	"14"
"16:30:00"	"2021-03-18"	"Doncaster"	"Hidden Glen (IRE)"	"80.00"	"226.79"	"Handicap Chase"	"4"	"8"	"Murtagh, Lorcan"	"Sowersby, M E"	"3m "	"8"	"226"
"16:05:00"	"2021-03-12"	"Leicester"	"Liars Dice (IRE)"	"14.00"	"17.56"	"Handicap Chase"	"PU"	"10"	"Brown, Oakley"	"Landy, Justin"	"2m4.5f "	"8"	"15"
"16:50:00"	"2021-03-08"	"Wetherby"	"Lex Talionis (IRE)"	"5.00"	"7"	"Handicap Chase"	"4"	"10"	"Johns, Alan"	"Greenall, O / Guerriero, J"	"3m1f "	"8"	"20"
"15:05:00"	"2021-03-08"	"Southwell"	"Cyrus Keep (IRE)"	"8.50"	"11.13"	"Handicap Hurdle"	"PU"	"15"	"Brogan, Kevin"	"Jefferson, Ruth"	"2m5.5f "	"8"	"34"
"16:40:00"	"2021-03-07"	"Huntingdon"	"Jefferson Davis (IRE)"	"66.00"	"181.89"	"Handicap Hurdle"	"9"	"17"	"Patrick, Richard"	"Vaughan, Tim"	"3m1.5f "	"8"	"15"
"14:55:00"	"2021-03-07"	"Sedgefield"	"Buster Edwards (IRE)"	"2.50"	"3.78"	"Handicap Hurdle"	"3"	"10"	"Gillard, Fergus"	"Pipe, D E"	"3m3f "	"8"	"9"
"16:35:00"	"2021-03-04"	"Clonmel"	"Ask And Answer (IRE)"	"18.00"	"27.44"	"Handicap Chase"	"3"	"13"	"Enright, P T"	"Aherne, Sean"	"2m7f "	"8"	"11"
"16:05:00"	"2021-03-04"	"Clonmel"	"Grey Atlantic Way (IRE)"	"10.00"	"12.48"	"Handicap Chase"	"PU"	"13"	"OSullivan, Miss Maxine"	"Linehan, Edmond Daniel"	"2m.5f "	"8"	"17"
"14:25:00"	"2021-03-03"	"Musselburgh"	"Lord Condi (IRE)"	"4.50"	"6.2"	"Handicap Novices Chase"	"2"	"6"	"OFarrell, C"	"Jardine, I"	"3m "	"8"	"87"
"16:40:00"	"2021-03-01"	"Ayr"	"Farran Dancer (IRE)"	"20.00"	"35.83"	"Handicap Chase"	"PU"	"14"	"McLernon, R P"	"Smith, R Michael"	"3m.5f "	"8"	"115"
"14:30:00"	"2021-03-01"	"Ayr"	"First Class Return (IRE)"	"2.75"	"4.4"	"Handicap Hurdle"	"2"	"11"	"Stones, Lewis"	"Murphy, Olly"	"2m5f "	"8"	"51"
"16:35:00"	"2021-02-21"	"Navan"	"Duke Of Kilcorral (IRE)"	"80.00"	"95"	"Handicap Hurdle"	"PU"	"20"	"Torrens, Simon"	"Kelly, David Harry"	"2m5f "	"8"	"23"
"14:12:00"	"2021-02-19"	"Fakenham"	"Top Beak (IRE)"	"28.00"	"39.86"	"Handicap Seller Hurdle"	"2"	"5"	"Marshall, William"	"Young, Maxwell"	"2m.5f "	"8"	"34"
"13:00:00"	"2021-02-18"	"Leicester"	"Joey Steel (IRE)"	"6.00"	"8.7"	"Handicap Novices Chase"	"PU"	"9"	"Tudor, Jack"	"Williams, Christian"	"2m4.5f "	"8"	"21"
"15:35:00"	"2021-02-17"	"Hereford"	"Blue Monday (IRE)"	"8.00"	"9.4"	"Handicap Chase"	"PU"	"12"	"Brace, Connor"	"OBrien, Fergal"	"2m5f "	"8"	"62"
"13:55:00"	"2021-02-08"	"Fairyhouse"	"Getaday (IRE)"	"5.00"	"6.2"	"Handicap Chase"	"2"	"13"	"OKeeffe, Darragh"	"Jr, T J Nagle"	"3m1f "	"8"	"37"
"12:53:00"	"2021-01-28"	"Fakenham"	"Joey Steel (IRE)"	"4.00"	"6"	"Handicap Seller Chase"	"2"	"8"	"Tudor, Jack"	"Williams, Christian"	"2m6f "	"8"	"93"
"15:30:00"	"2021-01-22"	"Musselburgh"	"Roxboro Road (IRE)"	"18.00"	"22.53"	"Handicap Chase"	"5"	"13"	"Cawley, A P"	"Haslam, B M R"	"2m4.5f "	"8"	"53"
"15:30:00"	"2021-01-14"	"Fontwell"	"Ballybreen (IRE)"	"5.00"	"6.61"	"Handicap Chase"	"1"	"12"	"Ring, C V"	"Williams, Evan"	"3m2f "	"8"	"55"
"15:40:00"	"2021-01-10"	"Exeter"	"Chesterfield King (IRE)"	"40.00"	"60"	"Handicap Hurdle"	"9"	"12"	"Tudor, Jack"	"Williams, Christian"	"2m6f "	"8"	"24"
"12:37:00"	"2020-12-18"	"Uttoxeter"	"Brideys Lettuce (IRE)"	"50.00"	"100.59"	"Handicap Hurdle"	"5"	"15"	"Todd, C J"	"Pogson, Charles and Adam"	"2m4.5f "	"8"	"21"
"15:35:00"	"2020-12-15"	"Wincanton"	"Dont Be Robin (IRE)"	"18.00"	"20.67"	"Handicap Chase"	"3"	"10"	"Dingle, Rex"	"Ford, Richenda"	"3m1.5f "	"8"	"16"
"12:20:00"	"2020-12-13"	"Southwell"	"Eaton Miller (IRE)"	"12.00"	"15"	"Handicap Chase"	"2"	"10"	"England, David"	"Potter, R D"	"3m2f "	"8"	"277"
"14:45:00"	"2020-12-11"	"Punchestown"	"Revelyn Pleasure (IRE)"	"10.00"	"13.02"	"Handicap Hurdle"	"1"	"17"	"Meyler, D"	"OBrien, Sean O"	"2m4f "	"8"	"22"
"15:00:00"	"2020-12-08"	"Punchestown"	"Sir Bob (IRE)"	"22.00"	"39.5"	"Handicap Chase"	"10"	"12"	"Walsh, M P"	"Tyner, Robert"	"2m4.5f "	"8"	"18"
"14:15:00"	"2020-12-01"	"Limerick"	"Kristian Goingwel (IRE)"	"16.00"	"24.3"	"Handicap Hurdle"	"6"	"16"	"Browne, Barry"	"McKiernan, Oliver"	"3m "	"8"	"14"
"12:55:00"	"2020-11-26"	"Thurles"	"Schmidt (IRE)"	"16.00"	"22.74"	"Handicap Chase"	"PU"	"12"	"Slevin, J J"	"Crawford, S R B"	"2m2f "	"8"	"27"
"15:00:00"	"2020-11-23"	"Musselburgh"	"Buyer Beware (IRE)"	"20.00"	"29"	"Handicap Hurdle"	"8"	"10"	"Hughes, Brian"	"Bailey, Liam"	"3m.5f "	"8"	"19"
"12:40:00"	"2020-11-22"	"Navan"	"Peace Party (IRE)"	"10.00"	"12"	"Handicap Hurdle"	"13"	"20"	"Treacy, R P"	"McDonogh, Desmond"	"2m4f "	"8"	"27"
"15:03:00"	"2020-11-19"	"Market Rasen"	"Shanroe Tic Tec (IRE)"	"3.50"	"5.44"	"Handicap Hurdle"	"2"	"11"	"Pinchin, Miss L M"	"Pauling, Ben"	"2m1f "	"8"	"42"
"15:10:00"	"2020-11-14"	"Punchestown"	"Mountain Hawk (IRE)"	"28.00"	"43.69"	"Handicap Hurdle"	"6"	"20"	"Moore, J M"	"Cromwell, Gavin Patrick"	"3m "	"8"	"17"
"15:07:00"	"2020-11-12"	"Sedgefield"	"For Jim (IRE)"	"3.33"	"4.59"	"Handicap Chase"	"1"	"11"	"Quinlan, Sean"	"Candlish, Jennie"	"3m2.5f "	"8"	"71"
"13:22:00"	"2020-11-12"	"Sedgefield"	"Ivors Involvement (IRE)"	"100.00"	"146.73"	"Handicap Hurdle"	"1"	"11"	"Mulqueen, S"	"Jackson, Miss T"	"2m1f "	"8"	"9"
"13:15:00"	"2020-11-03"	"Fairyhouse"	"Kristian Goingwel (IRE)"	"5.00"	"7.1"	"Handicap Chase"	"7"	"14"	"Brouder, Gavin"	"McKiernan, Oliver"	"2m5f "	"8"	"231"
"16:06:00"	"2020-10-29"	"Stratford"	"All Good Things (IRE)"	"28.00"	"54.65"	"Handicap Hurdle"	"5"	"13"	"Sheppard, Stan"	"Sheppard, M"	"2m3f "	"8"	"86"
"15:58:00"	"2020-10-29"	"Newton Abbot"	"Marley Firth (IRE)"	"3.50"	"6.31"	"Handicap Chase"	"5"	"8"	"Dingle, Rex"	"Plessis, Miss J Du"	"3m2f "	"8"	"234"
"16:40:00"	"2020-10-19"	"Plumpton"	"Hidden Cargo (IRE)"	"7.00"	"10.34"	"Handicap Novices Chase"	"2"	"5"	"Bowen, James C"	"Bowen, Peter / Michael"	"3m2.5f "	"8"	"19"
"14:18:00"	"2020-10-15"	"Tramore"	"Ballinasilla (IRE)"	"80.00"	"219.54"	"Maiden Hurdle"	"8"	"13"	"Meyler, D"	"Murphy, Denis Paul"	"2m5f "	"8"	"15"
"16:00:00"	"2020-10-09"	"Downpatrick"	"Back To Bataan (IRE)"	"25.00"	"42.56"	"Beginners Chase"	"6"	"12"	"Torrens, Simon"	"Torrens, Mervyn"	"2m3.5f "	"8"	"28"
"16:35:00"	"2020-10-05"	"Killarney"	"Walkabout (IRE)"	"40.00"	"113.62"	"Beginners Chase"	"5"	"7"	"Donoghue, K M"	"Elliott, Gordon"	"2m1f "	"8"	"15"
"15:08:00"	"2020-10-04"	"Tipperary"	"Oskar High (IRE)"	"12.00"	"15.68"	"Handicap Hurdle"	"12"	"14"	"Torrens, Simon"	"Lee, Norman"	"3m "	"8"	"28"
"16:05:00"	"2020-10-02"	"Hexham"	"Aptly Put (IRE)"	"11.00"	"20.73"	"Handicap Novices Chase"	"9"	"14"	"Bewley, Callum"	"Moffatt, James"	"3m.5f "	"8"	"56"
"15:55:00"	"2020-09-26"	"Market Rasen"	"Alcock And Brown (IRE)"	"10.00"	"14"	"Handicap Hurdle"	"8"	"11"	"Jones, Kevin"	"Harris, M F"	"2m3f "	"8"	"211"
"15:55:00"	"2020-09-26"	"Market Rasen"	"Justice Knight (IRE)"	"4.50"	"7"	"Handicap Hurdle"	"PU"	"11"	"Patrick, Richard"	"Scudamore, M J"	"2m3f "	"8"	"10"
"13:35:00"	"2020-09-26"	"Market Rasen"	"Ballycrystal Court (IRE)"	"22.00"	"32"	"Handicap Chase"	"5"	"10"	"Moscrop, Nathan"	"Menzies, Rebecca"	"3m.5f "	"8"	"27"
"13:45:00"	"2020-09-21"	"Warwick"	"Ishyaboi (IRE)"	"20.00"	"30.09"	"Handicap Novices Hurdle"	"4"	"11"	"Tudor, Jack"	"Williams, Christian"	"2m "	"8"	"48"
"13:30:00"	"2020-09-18"	"Downpatrick"	"Greenandwhitearmy (IRE)"	"14.00"	"15.96"	"Handicap Hurdle"	"3"	"11"	"Doyle, R A"	"McKnight, Neil"	"2m3f "	"8"	"18"
"14:05:00"	"2020-09-17"	"Tramore"	"Jazz Ranger (IRE)"	"22.00"	"34"	"Handicap Hurdle"	"1"	"13"	"Sexton, K C"	"Fahey, James"	"2m "	"8"	"29"
"16:20:00"	"2020-09-14"	"Sligo"	"Unchago (IRE)"	"6.00"	"9"	"Handicap Chase"	"7"	"12"	"Enright, P T"	"McNiff, Mark Michael"	"3m.5f "	"8"	"26"
"15:20:00"	"2020-09-14"	"Sligo"	"Friary Gold (IRE)"	"3.33"	"5.52"	"Handicap Chase"	"5"	"12"	"OKeeffe, Sean F"	"Cromwell, Gavin Patrick"	"2m4f "	"8"	"31"
"18:10:00"	"2020-09-04"	"Kilbeggan"	"Whitango (IRE)"	"4.50"	"8.22"	"Handicap Hurdle"	"3"	"14"	"Williams, Adam"	"Nolan, Paul"	"3m1f "	"8"	"30"
"13:50:00"	"2020-09-02"	"Uttoxeter"	"City Never Sleeps (IRE)"	"16.00"	"20.66"	"Handicap Novices Chase"	"5"	"12"	"Best, J A"	"Keighley, M"	"2m4f "	"8"	"170"
"14:30:00"	"2020-08-31"	"Downpatrick"	"Happy Lad (IRE)"	"25.00"	"35.33"	"Handicap Hurdle"	"12"	"12"	"Short, Adam W"	"Finegan, Hugh Paul"	"2m5.5f "	"8"	"31"
"19:25:00"	"2020-08-21"	"Newton Abbot"	"Zen Master (IRE)"	"14.00"	"19.81"	"Handicap Chase"	"5"	"10"	"Sheehan, Gavin"	"Mann, C J"	"2m5.5f "	"8"	"36"
"14:20:00"	"2020-08-19"	"Sligo"	"Jazz Ranger (IRE)"	"9.00"	"12.16"	"Handicap Hurdle"	"8"	"12"	"Browne, Barry"	"Fahey, James"	"2m1.5f "	"8"	"14"
"18:30:00"	"2020-08-08"	"Uttoxeter"	"Schnabel (IRE)"	"2.25"	"3.44"	"Handicap Chase"	"2"	"9"	"Twiston-Davies, Sam"	"Symonds, Tom"	"3m "	"8"	"257"
"16:00:00"	"2020-07-01"	"Tipperary"	"Sanibel Island (IRE)"	"8.00"	"9.4"	"Handicap Chase"	"7"	"14"	"Brouder, Mr K J"	"Mahon, S J"	"2m7.5f "	"8"	"119"
"15:30:00"	"2020-07-01"	"Tipperary"	"Oskar High (IRE)"	"125.00"	"740.98"	"Beginners Chase"	"11"	"15"	"Torrens, Simon"	"Lee, Norman"	"2m3.5f "	"8"	"209"
"13:40:00"	"2020-07-01"	"Southwell"	"Black Anthem (IRE)"	"3.33"	"4.62"	"Handicap Hurdle"	"3"	"12"	"Johnson, Richard"	"Lacey, T"	"2m4.5f "	"8"	"296"
"12:00:00"	"2020-07-01"	"Southwell"	"Oxwich Bay (IRE)"	"3.00"	"4.61"	"Handicap Novices Chase"	"UR"	"12"	"Wedge, Adam"	"Williams, Evan"	"2m4.5f "	"8"	"122"
"18:15:00"	"2020-06-29"	"Kilbeggan"	"Jazz Ranger (IRE)"	"25.00"	"33.55"	"Handicap Hurdle"	"5"	"14"	"Kelly, Aidan"	"Fahey, James"	"2m "	"8"	"186"
"18:40:00"	"2020-06-24"	"Roscommon"	"Happy Lad (IRE)"	"50.00"	"101.23"	"Handicap Hurdle"	"4"	"12"	"Short, Adam W"	"Finegan, Hugh Paul"	"2m5f "	"8"	"222"
"16:10:00"	"2020-03-21"	"Thurles"	"Thermistocles (IRE)"	"9.00"	"11.32"	"Beginners Chase"	"1"	"11"	"Slevin, J J"	"OBrien, Joseph Patrick"	"2m6f "	"8"	"6"
"16:35:00"	"2020-03-04"	"Clonmel"	"Pound A Stroke (IRE)"	"11.00"	"17.97"	"Handicap Novices Chase"	"1"	"6"	"Noonan, G B"	"McCarthy, Eoin Christopher"	"2m4f "	"8"	"10"
"14:10:00"	"2020-03-01"	"Sedgefield"	"Oxwich Bay (IRE)"	"3.00"	"4.4"	"Handicap Hurdle"	"2"	"7"	"Wedge, Adam"	"Williams, Evan"	"2m1f "	"8"	"11"
"14:18:00"	"2020-02-26"	"Wincanton"	"Dont Be Robin (IRE)"	"7.00"	"10.5"	"Handicap Chase"	"3"	"8"	"Wedge, Adam"	"Ford, Richenda"	"2m4.5f "	"8"	"40"
"16:20:00"	"2020-02-19"	"Punchestown"	"Kristian Goingwel (IRE)"	"8.00"	"11.5"	"Handicap Hurdle"	"8"	"16"	"Browne, Barry"	"McKiernan, Oliver"	"2m4f "	"8"	"36"
"13:15:00"	"2020-02-06"	"Thurles"	"Back To Bataan (IRE)"	"66.00"	"280.28"	"Beginners Chase"	"8"	"16"	"Torrens, Simon"	"Torrens, Mervyn"	"2m "	"8"	"42"
"15:15:00"	"2019-12-27"	"Wetherby"	"Ballyfarsoon (IRE)"	"25.00"	"34.42"	"Handicap Hurdle"	"4"	"11"	"Yeoman, Kane"	"Winks, P"	"3m1f "	"8"	"14"
"12:30:00"	"2019-12-10"	"Fontwell"	"Ballyantics (IRE)"	"20.00"	"39.63"	"Handicap Hurdle"	"PU"	"16"	"Best, J A"	"Walford, Robert"	"2m6f "	"8"	"12"
"13:10:00"	"2019-12-05"	"Clonmel"	"Sea Scorpion (IRE)"	"5.00"	"6.2"	"Handicap Hurdle"	"6"	"13"	"OSullivan, James"	"Doyle, Miss Elizabeth"	"2m3f "	"8"	"26"
"12:30:00"	"2019-11-29"	"Limerick"	"Justice Jim (IRE)"	"100.00"	"886.59"	"Maiden Hurdle"	"PU"	"14"	"Cleary, Harry"	"Cleary, Michael G"	"2m3f "	"8"	"12"
"15:30:00"	"2019-11-25"	"Musselburgh"	"Painters Lad (IRE)"	"25.00"	"51.33"	"Handicap Hurdle"	"6"	"10"	"Mulqueen, S"	"Hamilton, Mrs A C"	"3m.5f "	"8"	"193"
"15:40:00"	"2019-11-08"	"Fontwell"	"Tactical Manoeuvre (IRE)"	"1.00"	"2.16"	"Handicap Chase"	"3"	"8"	"Dingle, Rex"	"Scott, J"	"3m2.5f "	"8"	"168"
"13:15:00"	"2019-11-07"	"Sedgefield"	"Strait Run (IRE)"	"25.00"	"44"	"Handicap Hurdle"	"9"	"14"	"Garritty, Billy"	"Hammond, Micky"	"2m4f "	"8"	"201"
"15:15:00"	"2019-11-01"	"Uttoxeter"	"Scartare (IRE)"	"20.00"	"28.08"	"Handicap Chase"	"3"	"9"	"Poste, Ben J"	"Gasson, Mrs Rosemary"	"2m4.5f "	"8"	"72"
"17:00:00"	"2019-10-26"	"Galway"	"Baby Bellini (IRE)"	"16.00"	"30"	"Handicap Hurdle"	"11"	"16"	"Torrens, Simon"	"Madden, I"	"2m2.5f "	"8"	"10"
"16:35:00"	"2019-10-15"	"Punchestown"	"Mosstown Miller (IRE)"	"16.00"	"32"	"Handicap Hurdle"	"7"	"15"	"Slevin, J J"	"Hassett, P J"	"2m4f "	"8"	"64"
"14:00:00"	"2019-10-15"	"Hereford"	"Cougar Kid (IRE)"	"10.00"	"15.5"	"Handicap Hurdle"	"2"	"14"	"Hampson, Brodie"	"Oshea, J G M"	"2m6f "	"8"	"41"
"16:20:00"	"2019-10-09"	"Wincanton"	"This Breac (IRE)"	"5.50"	"7"	"Handicap Chase"	"2"	"8"	"Frost, Bryony"	"Frost, J D"	"3m1f "	"8"	"50"
"15:10:00"	"2019-09-30"	"Roscommon"	"Mistiness (IRE)"	"20.00"	"40"	"Handicap Hurdle"	"13"	"17"	"OKeeffe, Darragh"	"Clarke, Keith Henry"	"1m7.5f "	"8"	"107"
"17:00:00"	"2019-09-10"	"Kelso"	"Call Me (IRE)"	"10.00"	"13"	"Handicap Chase"	"PU"	"12"	"Mulqueen, S"	"Normile, Mrs L B"	"2m7.5f "	"8"	"68"
"17:50:00"	"2019-09-06"	"Kilbeggan"	"Louie The Second (IRE)"	"25.00"	"40"	"Handicap Hurdle"	"PU"	"15"	"Bolger, M J"	"Cluskey, P"	"3m1f "	"8"	"31"
"13:50:00"	"2019-09-04"	"Uttoxeter"	"Cornish Warrior (IRE)"	"33.00"	"85.82"	"Handicap Hurdle"	"12"	"13"	"Scudamore, Tom"	"Mulholland, N P"	"3m "	"8"	"52"
"16:35:00"	"2019-09-02"	"Hexham"	"Court Baloo (IRE)"	"6.00"	"8.6"	"Handicap Hurdle"	"1"	"9"	"Chapman, Ross"	"Whillans, A C"	"2m7.5f "	"8"	"47"
"16:35:00"	"2019-09-02"	"Hexham"	"Oscar Ceremony (IRE)"	"7.00"	"7.6"	"Handicap Hurdle"	"3"	"9"	"Brooke, Henry"	"Keniry, Stef"	"2m7.5f "	"8"	"72"
"19:50:00"	"2019-08-29"	"Sedgefield"	"Istimraar (IRE)"	"33.00"	"110"	"Handicap Hurdle"	"9"	"12"	"McCormack, Colm"	"Hamilton, A B"	"2m "	"8"	"27"
"17:05:00"	"2019-08-29"	"Fontwell"	"Primogeniture (IRE)"	"2.75"	"3.97"	"Handicap Chase"	"1"	"9"	"Aspell, Leighton"	"Keighley, M"	"2m3.5f "	"8"	"43"
"19:35:00"	"2019-08-20"	"Newton Abbot"	"This Breac (IRE)"	"33.00"	"60"	"Handicap Chase"	"PU"	"9"	"Kendrick, Max J P"	"Frost, J D"	"3m2f "	"8"	"30"
"18:40:00"	"2019-08-12"	"Ballinrobe"	"Crafty Codger (IRE)"	"16.00"	"21"	"Handicap Hurdle"	"5"	"11"	"Treacy, R P"	"OConnell, Eamon"	"2m1f "	"8"	"8"
"18:40:00"	"2019-08-12"	"Ballinrobe"	"Mosstown Miller (IRE)"	"4.00"	"5.88"	"Handicap Hurdle"	"8"	"11"	"Slevin, J J"	"Hassett, P J"	"2m1f "	"8"	"18"
"14:55:00"	"2019-08-11"	"Downpatrick"	"Zagnzig (IRE)"	"10.00"	"14.03"	"Handicap Hurdle"	"8"	"11"	"Blackmore, Rachael"	"Smyth, H"	"2m3f "	"8"	"28"
"19:20:00"	"2019-07-26"	"Wexford"	"Licklighter (IRE)"	"3.00"	"4.1"	"Beginners Chase"	"1"	"9"	"Cawley, Paul J"	"Hogan, Denis Gerard"	"2m4f "	"8"	"20"
"20:40:00"	"2019-07-23"	"Southwell"	"Sinakar (IRE)"	"6.00"	"11.5"	"Handicap Hurdle"	"1"	"8"	"Patrick, Richard"	"Lee, Miss Kerry"	"3m "	"8"	"14"
"17:40:00"	"2019-07-23"	"Southwell"	"Scartare (IRE)"	"7.00"	"9.14"	"Handicap Chase"	"5"	"11"	"Poste, Ben J"	"Gasson, Mrs Rosemary"	"3m "	"8"	"29"
"14:50:00"	"2019-07-17"	"Uttoxeter"	"Court Baloo (IRE)"	"12.00"	"19.59"	"Handicap Novices Chase"	"7"	"13"	"Chapman, Ross"	"Whillans, A C"	"3m.5f "	"8"	"13"
"15:00:00"	"2019-07-14"	"Stratford"	"Mister Mister (IRE)"	"5.00"	"5.84"	"Handicap Chase"	"2"	"10"	"Quinlan, S M"	"Williams, D L"	"2m3f "	"8"	"11"
"15:00:00"	"2019-07-14"	"Stratford"	"St Merryn (IRE)"	"16.00"	"21.06"	"Handicap Chase"	"7"	"10"	"Brennan, P J"	"Summers, B R"	"2m3f "	"8"	"46"
"18:30:00"	"2019-07-09"	"Roscommon"	"Roachdale House (IRE)"	"10.00"	"12.86"	"Handicap Chase"	"UR"	"9"	"Merrigan, Paddy"	"Flynn, Paul W"	"2m.5f "	"8"	"17"
"17:15:00"	"2019-07-08"	"Worcester"	"Canyouhearmenow (IRE)"	"14.00"	"26"	"Handicap Hurdle"	"PU"	"14"	"Moore, Jamie"	"Pauling, Ben"	"2m7.5f "	"8"	"15"
"15:15:00"	"2019-07-07"	"Market Rasen"	"Mariners Moon (IRE)"	"7.00"	"10.21"	"Handicap Novices Chase"	"2"	"7"	"Bowen, Sean P"	"Bailey, Mrs Caroline"	"2m2f "	"8"	"13"
"17:50:00"	"2019-07-06"	"Bellewstown"	"Licklighter (IRE)"	"4.00"	"5.61"	"Maiden Hurdle"	"3"	"16"	"Hogan, D G"	"Hogan, Denis Gerard"	"2m.5f "	"8"	"15"
"15:15:00"	"2019-07-05"	"Newton Abbot"	"Shows Over (IRE)"	"11.00"	"16"	"Handicap Seller Hurdle"	"1"	"15"	"Brace, Connor"	"OBrien, Fergal"	"2m5.5f "	"8"	"2"
"19:20:00"	"2019-06-21"	"Down Royal"	"Theophilus (IRE)"	"50.00"	"110.08"	"Handicap Hurdle"	"14"	"20"	"OKeeffe, Darragh"	"McDonogh, Desmond"	"2m4f "	"8"	"14"
"17:20:00"	"2019-06-07"	"Uttoxeter"	"Showem Silver (IRE)"	"10.00"	"16.5"	"Handicap Hurdle"	"PU"	"10"	"Quinlan, Sean"	"Candlish, Jennie"	"2m7.5f "	"8"	"65"
"15:15:00"	"2019-06-07"	"Uttoxeter"	"Point Of Departure (IRE)"	"7.00"	"9.4"	"Handicap Novices Chase"	"2"	"7"	"Bowen, James C"	"Bowen, Peter / Michael"	"3m.5f "	"8"	"61"
"14:00:00"	"2019-05-29"	"Newton Abbot"	"Charlie Papa Lima (IRE)"	"10.00"	"12"	"Handicap Novices Chase"	"PU"	"9"	"Morgan, Luca"	"Barr, Brian"	"2m5.5f "	"8"	"15"
"14:45:00"	"2019-05-27"	"Cartmel"	"Trendsetter (IRE)"	"33.00"	"46.61"	"Handicap Hurdle"	"3"	"13"	"Cawley, A P"	"Cawley, Brian Francis"	"2m6f "	"8"	"35"
"20:10:00"	"2019-05-24"	"Worcester"	"Tactical Manoeuvre (IRE)"	"25.00"	"50"	"Handicap Hurdle"	"4"	"14"	"Gregory, Fergus"	"Dunn, Mrs Alex"	"2m7.5f "	"8"	"45"
"19:40:00"	"2019-05-21"	"Huntingdon"	"Dreyfus (IRE)"	"28.00"	"38"	"Handicap Chase"	"4"	"8"	"Moore, Jamie"	"Webber, P R"	"2m4f "	"8"	"30"
"17:40:00"	"2019-05-14"	"Southwell"	"Between The Waters (IRE)"	"4.00"	"6"	"Handicap Chase"	"1"	"9"	"Fuller, Page"	"Snowden, Jamie"	"2m4.5f "	"8"	"166"
"16:35:00"	"2019-05-14"	"Tramore"	"Lacken Bridge (IRE)"	"3.50"	"5.14"	"Handicap Chase"	"5"	"6"	"Doyle, R A"	"Bowe, Colin"	"2m6f "	"8"	"18"
"14:10:00"	"2019-05-14"	"Sedgefield"	"The Character (IRE)"	"14.00"	"21"	"Handicap Hurdle"	"7"	"11"	"Hughes, Brian"	"McCain Jnr, D"	"2m "	"8"	"18"
"20:00:00"	"2019-05-11"	"Warwick"	"Kens Well (IRE)"	"28.00"	"46.08"	"Handicap Chase"	"PU"	"13"	"Hammond, Charlie"	"Davis, Miss J S"	"3m "	"8"	"121"
"19:25:00"	"2019-05-10"	"Downpatrick"	"Capn (IRE)"	"16.00"	"27.54"	"Handicap Chase"	"PU"	"10"	"Donoghue, K M"	"Flynn, Paul W"	"2m7.5f "	"8"	"18"
"17:20:00"	"2019-04-27"	"Wexford"	"Whitmore Power (IRE)"	"25.00"	"34.95"	"Handicap Chase"	"PU"	"16"	"Treacy, R P"	"Corcoran, Una"	"3m1f "	"8"	"79"
"18:40:00"	"2019-04-26"	"Kilbeggan"	"Sea Scorpion (IRE)"	"14.00"	"19"	"Handicap Hurdle"	"4"	"15"	"Flanagan, S W"	"Doyle, Miss Elizabeth"	"3m.5f "	"8"	"75"
"16:45:00"	"2019-04-22"	"Plumpton"	"The Tin Miner (IRE)"	"2.25"	"3.65"	"Handicap Hurdle"	"2"	"9"	"Cannon, Tom J"	"Gordon, C"	"3m1f "	"8"	"35"
"16:25:00"	"2019-04-20"	"Newton Abbot"	"Iniesta (IRE)"	"7.00"	"9.74"	"Handicap Novices Chase"	"1"	"8"	"Bass, David"	"Blake, Michael"	"2m5f "	"8"	"33"
"16:55:00"	"2019-04-11"	"Huntingdon"	"Brown Bear (IRE)"	"10.00"	"15.07"	"Handicap Chase"	"7"	"9"	"Davies, James"	"Gifford, N J"	"2m7.5f "	"8"	"142"
"15:35:00"	"2019-04-05"	"Wexford"	"Qui Bono (IRE)"	"12.00"	"18.95"	"Novices Hurdle"	"PU"	"11"	"ORegan, Denis"	"Duke, B W"	"3m "	"8"	"138"
"14:10:00"	"2019-04-05"	"Sedgefield"	"Newstart (IRE)"	"14.00"	"15.9"	"Handicap Hurdle"	"7"	"10"	"Mulqueen, S"	"Scott, Miss Katie"	"2m.5f "	"8"	"14"
"16:45:00"	"2019-03-20"	"Market Rasen"	"Asknotwhat (IRE)"	"18.00"	"27"	"Handicap Hurdle"	"2"	"7"	"Leonard, Cillin"	"Gretton, T R "	"2m4.5f "	"8"	"31"
"14:50:00"	"2019-03-20"	"Chepstow"	"Big Time Frank (IRE)"	"2.25"	"3.48"	"Handicap Chase"	"5"	"16"	"Johnson, Richard"	"Gundry, Miss Polly"	"3m2.5f "	"8"	"15"
"14:50:00"	"2019-03-20"	"Chepstow"	"Sutters Mill (IRE)"	"16.00"	"23"	"Handicap Chase"	"PU"	"16"	"Bastyan, Mitchell S"	"Williams, Evan"	"3m2.5f "	"8"	"22"
"17:05:00"	"2019-03-19"	"Taunton"	"Gonnabegood (IRE)"	"2.25"	"3.4"	"Handicap Hurdle"	"PU"	"10"	"Dingle, Rex"	"Scott, J"	"3m1f "	"8"	"78"
"16:05:00"	"2019-03-18"	"Southwell"	"The Dawn Man (IRE)"	"3.00"	"4.35"	"Handicap Hurdle"	"2"	"11"	"Dixon, Jason"	"Oliver, Henry"	"2m4.5f "	"8"	"80"
"15:00:00"	"2019-03-04"	"Leopardstown"	"Cappuccino Man (IRE)"	"6.00"	"7.8"	"Handicap Hurdle"	"5"	"13"	"Browne, Barry"	"McKiernan, Oliver"	"3m "	"8"	"9"
"16:40:00"	"2019-03-03"	"Huntingdon"	"Patience Tony (IRE)"	"33.00"	"59.57"	"Handicap Hurdle"	"PU"	"12"	"Blakemore, Aiden"	"Egerton, Lucinda"	"3m1.5f "	"8"	"10"
"16:40:00"	"2019-03-03"	"Huntingdon"	"Due South (IRE)"	"33.00"	"66.95"	"Handicap Hurdle"	"PU"	"12"	"Powell, Brendan"	"Jewell, Mrs L C"	"3m1.5f "	"8"	"58"
"14:20:00"	"2019-02-26"	"Catterick"	"Rock Nstones (IRE)"	"50.00"	"122.92"	"Handicap Hurdle"	"6"	"8"	"Worsley, Tabitha"	"Boanas, Miss G"	"2m3.5f "	"8"	"23"
"13:35:00"	"2019-02-21"	"Sedgefield"	"Scorpo (IRE)"	"14.00"	"18.77"	"Handicap Chase"	"3"	"10"	"Todd, C J"	"Thompson, V"	"3m2.5f "	"8"	"8"
"14:45:00"	"2019-02-18"	"Lingfield"	"Big Time Frank (IRE)"	"3.50"	"5"	"Handicap Chase"	"2"	"12"	"Best, J A"	"Gundry, Miss Polly"	"2m7.5f "	"8"	"29"
"16:40:00"	"2019-02-17"	"Huntingdon"	"Coopers Square (IRE)"	"7.00"	"9.35"	"Handicap Chase"	"1"	"9"	"Johns, Alan"	"Weston, T H"	"3m "	"8"	"81"
"16:10:00"	"2019-01-27"	"Sedgefield"	"Strait Run (IRE)"	"8.00"	"9.6"	"Handicap Hurdle"	"5"	"10"	"Smith-Chaston, Emma"	"Hammond, Micky"	"2m1f "	"8"	"26"
"15:40:00"	"2019-01-15"	"Lingfield"	"Primogeniture (IRE)"	"10.00"	"16.5"	"Handicap Hurdle"	"10"	"12"	"Berkins, Patrick"	"Keighley, M"	"2m3.5f "	"8"	"13"
"15:20:00"	"2019-01-01"	"Catterick"	"Court Baloo (IRE)"	"20.00"	"27.95"	"Handicap Hurdle"	"PU"	"9"	"Nichol, Craig"	"Whillans, A C"	"3m1.5f "	"8"	"29"
"15:15:00"	"2018-12-31"	"Uttoxeter"	"Indian Reel (IRE)"	"33.00"	"42.24"	"Handicap Hurdle"	"10"	"15"	"Moore, Jamie"	"Dore, C R"	"3m "	"8"	"25"
"15:20:00"	"2018-12-29"	"Limerick"	"Wade Harper (IRE)"	"33.00"	"55.44"	"Handicap Hurdle"	"2"	"14"	"Landers, Cathal A"	"Rothwell, P J"	"2m4f "	"8"	"20"
"15:00:00"	"2018-12-26"	"Fontwell"	"Hows Vienna (IRE)"	"12.00"	"16"	"Handicap Chase"	"3"	"5"	"Goldstein, Marc"	"Shears, M B"	"3m2.5f "	"8"	"20"
"14:30:00"	"2018-12-20"	"Hexham"	"Moorstown (IRE)"	"16.00"	"18.08"	"Handicap Chase"	"PU"	"8"	"Mulqueen, S"	"Russell, Miss Lucinda V"	"3m "	"8"	"249"
"15:00:00"	"2018-12-06"	"Market Rasen"	"Indian Reel (IRE)"	"20.00"	"34.5"	"Handicap Hurdle"	"7"	"11"	"Brennan, P J"	"Dore, C R"	"3m "	"8"	"12"
"14:40:00"	"2018-11-22"	"Thurles"	"Fleurys Fort (IRE)"	"16.00"	"21"	"Handicap Hurdle"	"1"	"10"	"Mulcahy, Shane"	"Young, L"	"2m4f "	"8"	"7"
"15:35:00"	"2018-11-19"	"Plumpton"	"Balkinstown (IRE)"	"3.50"	"5.4"	"Handicap Hurdle"	"1"	"7"	"Dowson, Mr C"	"Stephens, Robert"	"3m1f "	"8"	"14"
"15:10:00"	"2018-11-08"	"Market Rasen"	"Mahlerdramatic (IRE)"	"8.00"	"10.5"	"Handicap Chase"	"7"	"9"	"Andrews, Jack M"	"Coward, Miss J M"	"2m6.5f "	"8"	"181"
"15:15:00"	"2018-10-08"	"Tipperary"	"Mister Butler (IRE)"	"16.00"	"19.43"	"Handicap Hurdle"	"10"	"19"	"Mulcahy, Shane"	"Hogan, Denis Gerard"	"3m "	"8"	"11"
"17:05:00"	"2018-10-07"	"Uttoxeter"	"Polished Rock (IRE)"	"1.88"	"2.9"	"Handicap Chase"	"1"	"11"	"Cannon, Tom J"	"Farrelly, Johnny"	"2m6.5f "	"8"	"5"
"17:05:00"	"2018-10-01"	"Newton Abbot"	"Mash Potato (IRE)"	"6.00"	"8.97"	"Handicap Seller Hurdle"	"4"	"16"	"Bowen, James C"	"Kelly, Noel C"	"2m2.5f "	"8"	"21"
"14:30:00"	"2018-09-28"	"Downpatrick"	"Authorative (IRE)"	"33.00"	"65"	"Handicap Hurdle"	"1"	"15"	"OCallaghan, Shane"	"McCann, Anthony"	"2m3f "	"8"	"83"
"15:10:00"	"2018-09-23"	"Navan"	"The Brig (IRE)"	"28.00"	"25.99"	"Handicap Hurdle"	"12"	"27"	"Doyle, R A"	"Coogan, J G"	"2m6f "	"8"	"38"
"16:00:00"	"2018-09-10"	"Newton Abbot"	"Mash Potato (IRE)"	"14.00"	"21.63"	"Seller Hurdle"	"3"	"7"	"Gilligan, L P"	"Kelly, Noel C"	"2m3f "	"8"	"20"
"17:10:00"	"2018-09-08"	"Wexford"	"Roevin Star (IRE)"	"7.00"	"8.21"	"Handicap Chase"	"4"	"14"	"Hayes, Brian"	"Doyle, Eoin"	"3m1f "	"8"	"22"
"13:40:00"	"2018-09-08"	"Wexford"	"Rockview Emperor (IRE)"	"25.00"	"75"	"Handicap Hurdle"	"10"	"14"	"OSullivan, James"	"Dooly, N"	"2m "	"8"	"20"
"14:00:00"	"2018-09-06"	"Sedgefield"	"Hard Knocks (IRE)"	"66.00"	"163.76"	"Handicap Hurdle"	"8"	"13"	"Johnson, Alison"	"Johnson, Kenny"	"3m2.5f "	"8"	"32"
"16:50:00"	"2018-08-30"	"Sedgefield"	"Perseid (IRE)"	"9.00"	"10.5"	"Handicap Hurdle"	"8"	"13"	"Brooke, Henry"	"Butterworth, Mrs B"	"2m5f "	"8"	"38"
"20:00:00"	"2018-08-24"	"Killarney"	"Messie (IRE)"	"3.50"	"6.15"	"Handicap Hurdle"	"3"	"17"	"Ryan, Trevor"	"Ryan, Stephen"	"2m4f "	"8"	"39"
"19:40:00"	"2018-08-24"	"Kilbeggan"	"Sandycove Island (IRE)"	"40.00"	"109.06"	"Handicap Chase"	"5"	"11"	"Landers, Cathal A"	"Tierney, Ruaidhri Joseph"	"3m1f "	"8"	"17"
"14:10:00"	"2018-08-19"	"Tramore"	"Rockview Emperor (IRE)"	"50.00"	"568.49"	"Maiden Hurdle"	"7"	"13"	"OSullivan, James"	"Dooly, N"	"2m "	"8"	"23"
"19:35:00"	"2018-08-16"	"Tramore"	"Cantkidakidder (IRE)"	"14.00"	"18.04"	"Handicap Hurdle"	"1"	"16"	"OSullivan, James"	"Dooly, N"	"2m5f "	"8"	"25"
"16:55:00"	"2018-08-01"	"Perth"	"Maraweh (IRE)"	"10.00"	"12.12"	"Handicap Hurdle"	"PU"	"9"	"Fox, Derek R"	"Russell, Miss Lucinda V"	"3m "	"8"	"39"
"17:20:00"	"2018-07-26"	"Worcester"	"On Alberts Head (IRE)"	"33.00"	"84.02"	"Handicap Hurdle"	"12"	"15"	"Scudamore, Tom"	"Mulholland, N P"	"2m4.5f "	"8"	"22"
"20:20:00"	"2018-07-24"	"Ballinrobe"	"Diggin Deep (IRE)"	"8.00"	"0"	"Handicap Hurdle"	"7"	"13"	"Blackmore, Rachael"	"Donohoe, R"	"2m6f "	"8"	"9"
"15:20:00"	"2018-07-22"	"Stratford"	"Ink Master (IRE)"	"6.00"	"7.75"	"Seller Hurdle"	"1"	"6"	"Hughes, Brian"	"McCain Jnr, D"	"2m3f "	"8"	"12"
"17:00:00"	"2018-07-15"	"Southwell"	"The Lion Man (IRE)"	"4.50"	"6"	"Handicap Hurdle"	"PU"	"10"	"Quinlan, Jack"	"Dickin, R"	"3m "	"8"	"25"
"14:20:00"	"2018-07-15"	"Southwell"	"Myroundorurs (IRE)"	"16.00"	"23"	"Handicap Chase"	"5"	"13"	"Poste, Charlie"	"Dickin, R"	"3m "	"8"	"20"
"17:00:00"	"2018-07-14"	"Limerick"	"Roevin Star (IRE)"	"5.00"	"5.9"	"Handicap Chase"	"4"	"14"	"Meyler, D"	"Doyle, Eoin"	"3m "	"8"	"24"
"17:00:00"	"2018-07-14"	"Limerick"	"Black Jewel (IRE)"	"20.00"	"28.05"	"Handicap Chase"	"10"	"14"	"Blackmore, Rachael"	"Flynn, Paul W"	"3m "	"8"	"43"
"17:55:00"	"2018-07-13"	"Downpatrick"	"Damut Im Out (IRE)"	"2.50"	"3.78"	"Handicap Hurdle"	"4"	"12"	"Kane, J B"	"Cromwell, Gavin Patrick"	"2m6f "	"8"	"6"
"18:50:00"	"2018-07-10"	"Roscommon"	"Like A Diamond (IRE)"	"8.00"	"10.8"	"Handicap Hurdle"	"1"	"17"	"Brouder, Mr K J"	"OConnor, Ian"	"2m "	"8"	"4"
"17:15:00"	"2018-07-07"	"Bellewstown"	"Mister Butler (IRE)"	"16.00"	"27"	"Handicap Hurdle"	"1"	"16"	"Mulcahy, Shane"	"Hogan, Denis Gerard"	"2m4f "	"8"	"17"
"17:10:00"	"2018-06-24"	"Worcester"	"Hes Our Robin (IRE)"	"12.00"	"14.09"	"Handicap Novices Hurdle"	"3"	"10"	"Stones, Lewis"	"Mullineaux, M"	"2m "	"8"	"18"
"20:05:00"	"2018-06-08"	"Clonmel"	"Just A Normal Day (IRE)"	"20.00"	"28.26"	"Handicap Chase"	"4"	"14"	"Daffy, Miss C"	"Howard, Daniel John"	"2m4f "	"8"	"28"
"20:05:00"	"2018-06-08"	"Clonmel"	"Buzzkillbob (IRE)"	"12.00"	"17.5"	"Handicap Chase"	"9"	"14"	"Bolger, M J"	"Byrne, Sean"	"2m4f "	"8"	"158"
"20:20:00"	"2018-06-06"	"Wexford"	"Irish Bulletin (IRE)"	"8.00"	"12.39"	"Handicap Chase"	"1"	"14"	"McInerney, Donal J"	"McNamara, E"	"3m1.5f "	"8"	"17"
"13:40:00"	"2018-06-06"	"Uttoxeter"	"Hes Our Robin (IRE)"	"20.00"	"23.3"	"Handicap Hurdle"	"11"	"12"	"Dunne, R T"	"Mullineaux, M"	"2m "	"8"	"18"
"16:15:00"	"2018-06-05"	"Fontwell"	"Minella Style (IRE)"	"25.00"	"44"	"Handicap Hurdle"	"10"	"12"	"Sheehan, Gavin"	"Williams, D L"	"3m2f "	"8"	"27"
"17:20:00"	"2018-06-02"	"Hexham"	"Christmas Twenty (IRE)"	"10.00"	"12.98"	"Handicap Hurdle"	"2"	"17"	"Smith, Becky"	"Hammond, Micky"	"2m7.5f "	"8"	"11"
"20:25:00"	"2018-06-01"	"Tramore"	"Naturally Blond (IRE)"	"5.00"	"6.7"	"Handicap Hurdle"	"10"	"16"	"Cronin, W T"	"Cronin, Patrick"	"2m5f "	"8"	"22"
"14:50:00"	"2018-06-01"	"Market Rasen"	"Rocket Ronnie (IRE)"	"20.00"	"32"	"Handicap Novices Hurdle"	"5"	"13"	"Johnson, Richard"	"Wintle, A"	"2m5.5f "	"8"	"12"
"14:15:00"	"2018-06-01"	"Market Rasen"	"Agentleman (IRE)"	"16.00"	"21.48"	"Handicap Chase"	"2"	"9"	"Winks, Mr R"	"Winks, P"	"2m2f "	"8"	"284"
"19:00:00"	"2018-05-29"	"Ballinrobe"	"Misdflight (IRE)"	"12.00"	"23"	"Handicap Hurdle"	"6"	"16"	"ORegan, Denis"	"Gleeson, John F"	"3m1f "	"8"	"13"
"19:00:00"	"2018-05-29"	"Ballinrobe"	"Pack Your Bags (IRE)"	"3.33"	"4.23"	"Handicap Hurdle"	"PU"	"16"	"Walsh, M P"	"Tyner, Robert"	"3m1f "	"8"	"25"
"14:45:00"	"2018-05-28"	"Cartmel"	"Perseid (IRE)"	"10.00"	"13.53"	"Handicap Hurdle"	"11"	"16"	"Quinlan, Sean"	"Butterworth, Mrs B"	"2m6f "	"8"	"41"
"17:30:00"	"2018-05-25"	"Down Royal"	"Eastern Dragon (IRE)"	"66.00"	"781.72"	"Maiden Hurdle"	"15"	"18"	"Torrens, Simon"	"Torrens, Mervyn"	"2m "	"8"	"17"
"17:05:00"	"2018-05-20"	"Limerick"	"Dallas Cowboy (IRE)"	"10.00"	"21"	"Handicap Chase"	"PU"	"15"	"Power, R M"	"Martin, A J"	"2m3.5f "	"8"	"48"
"17:30:00"	"2018-05-19"	"Uttoxeter"	"Benissimo (IRE)"	"33.00"	"42.15"	"Handicap Hurdle"	"3"	"8"	"Austin, Edward"	"Forbes, A L"	"2m4f "	"8"	"83"
"19:55:00"	"2018-05-18"	"Downpatrick"	"Tiger Sam (IRE)"	"4.00"	"5.6"	"Handicap Chase"	"4"	"13"	"Flanagan, S W"	"Meade, Noel"	"2m7.5f "	"8"	"107"
"19:35:00"	"2018-05-16"	"Perth"	"Havana Jack (IRE)"	"4.00"	"5.84"	"Handicap Chase"	"1"	"12"	"Hughes, Brian"	"Kerr, L"	"3m "	"8"	"30"
"19:35:00"	"2018-05-16"	"Perth"	"Daydream Island (IRE)"	"22.00"	"32"	"Handicap Chase"	"9"	"12"	"Willmott, Thomas"	"Walton, Mrs Sheena"	"3m "	"8"	"9"
"19:00:00"	"2018-05-10"	"Tipperary"	"Last Encounter (IRE)"	"5.00"	"6.4"	"Beginners Chase"	"4"	"10"	"Mullins, D E"	"Mullins, Ms Margaret"	"2m7f "	"8"	"9"
"18:00:00"	"2018-05-10"	"Tipperary"	"Naturally Blond (IRE)"	"33.00"	"88"	"Handicap Hurdle"	"F"	"20"	"McCurtin, Ambrose"	"Cronin, Patrick"	"2m4f "	"8"	"49"
"13:40:00"	"2018-05-10"	"Worcester"	"Northandsouth (IRE)"	"6.50"	"8.81"	"Handicap Chase"	"1"	"10"	"Frost, Bryony"	"Drinkwater, S W"	"2m.5f "	"8"	"26"
"19:05:00"	"2018-05-01"	"Ballinrobe"	"Foreign Bay (IRE)"	"9.00"	"11.59"	"Handicap Hurdle"	"PU"	"14"	"ORegan, Denis"	"Mahon, S J"	"2m5.5f "	"8"	"38"
"16:25:00"	"2018-04-24"	"Exeter"	"Trojan Star (IRE)"	"5.00"	"7.8"	"Handicap Chase"	"7"	"9"	"Cobden, Harry"	"Bailey, K C"	"2m1f "	"8"	"46"
"16:00:00"	"2018-04-15"	"Tramore"	"Consharon Boy (IRE)"	"6.00"	"7.42"	"Handicap Chase"	"3"	"9"	"Russell, D N"	"OBrien, Terence"	"2m5f "	"8"	"29"
"14:30:00"	"2018-03-29"	"Wetherby"	"Away For Slates (IRE)"	"0.30"	"1.32"	"Seller Hurdle"	"3"	"6"	"Skelton, Harry"	"Skelton, Daniel"	"2m4f "	"8"	"18"
"16:10:00"	"2018-03-26"	"Huntingdon"	"Indian Reel (IRE)"	"20.00"	"27"	"Handicap Hurdle"	"2"	"12"	"Pinchin, Miss L M"	"OBrien, Fergal"	"3m2f "	"8"	"29"
"17:05:00"	"2018-03-24"	"Thurles"	"Foreign Bay (IRE)"	"28.00"	"70.64"	"Handicap Hurdle"	"7"	"14"	"ORegan, Denis"	"Mahon, S J"	"2m7f "	"8"	"86"
"15:50:00"	"2018-03-08"	"Thurles"	"Mister Butler (IRE)"	"7.00"	"10.5"	"Handicap Hurdle"	"2"	"14"	"Mulcahy, Shane"	"Hogan, Denis Gerard"	"2m "	"8"	"22"
"15:50:00"	"2018-03-07"	"Catterick"	"Tickanrun (IRE)"	"2.25"	"3.59"	"Handicap Hurdle"	"PU"	"8"	"Wright, Mr Joe"	"Hammond, Micky"	"3m1.5f "	"8"	"36"
"14:20:00"	"2018-02-20"	"Clonmel"	"Southerner (IRE)"	"66.00"	"444.94"	"Maiden Hurdle"	"8"	"16"	"Cronin, W T"	"Cronin, William"	"2m "	"8"	"89"
"16:30:00"	"2018-02-11"	"Ayr"	"Moorstown (IRE)"	"14.00"	"17.5"	"Handicap Chase"	"PU"	"8"	"Mulqueen, S"	"Russell, Miss Lucinda V"	"3m "	"8"	"25"
"16:25:00"	"2018-02-08"	"Thurles"	"Spancil Hill (IRE)"	"5.00"	"6.4"	"Handicap Hurdle"	"3"	"15"	"Quinlan, Liam"	"McDonagh, Michael J"	"2m7.5f "	"8"	"19"
"16:25:00"	"2018-02-08"	"Thurles"	"Bronco Bill (IRE)"	"8.00"	"11.5"	"Handicap Hurdle"	"13"	"15"	"Flanagan, S W"	"Meade, Noel"	"2m7.5f "	"8"	"9"
"13:40:00"	"2018-02-08"	"Thurles"	"Soul Kaliber (IRE)"	"33.00"	"96.25"	"Beginners Chase"	"6"	"16"	"Kennedy, J W"	"Elliott, Gordon"	"2m "	"8"	"38"
"14:50:00"	"2018-02-01"	"Towcester"	"Ambion Lane (IRE)"	"7.00"	"11.5"	"Handicap Chase"	"PU"	"14"	"Scholfield, Nick"	"Dartnall, V R A"	"3m1f "	"8"	"26"
"14:40:00"	"2018-01-28"	"Sedgefield"	"Quadriga (IRE)"	"33.00"	"79.03"	"Seller Hurdle"	"6"	"7"	"Kington, John"	"Grant, C"	"2m3.5f "	"8"	"10"
"14:10:00"	"2018-01-27"	"Fairyhouse"	"Pack Your Bags (IRE)"	"1.50"	"2.59"	"Handicap Chase"	"PU"	"7"	"Walsh, M P"	"Tyner, Robert"	"3m1f "	"8"	"49"
"13:55:00"	"2018-01-24"	"Catterick"	"Smugglers Stash (IRE)"	"5.50"	"7.2"	"Handicap Chase"	"2"	"12"	"Day, Ryan D"	"Dobbin, Mrs R"	"3m1.5f "	"8"	"12"
"13:15:00"	"2018-01-11"	"Leicester"	"Rocket Ronnie (IRE)"	"16.00"	"23"	"Seller Hurdle"	"6"	"8"	"ONeill, Jonjo (Jr)"	"Barr, Brian"	"2m4.5f "	"8"	"23"
"12:30:00"	"2018-01-02"	"Ayr"	"In Our Blood (IRE)"	"25.00"	"36"	"Maiden Hurdle"	"UR"	"8"	"Short, Adam W"	"McKnight, Neil"	"2m4.5f "	"8"	"7"
"15:20:00"	"2017-12-26"	"Limerick"	"Captain Bizarro (IRE)"	"16.00"	"27"	"Handicap Chase"	"BD"	"13"	"Treacy, R P"	"Kelly, David Harry"	"2m3.5f "	"8"	"264"
"15:00:00"	"2017-12-17"	"Navan"	"All The Chimneys (IRE)"	"6.00"	"8.98"	"Handicap Chase"	"7"	"12"	"Sexton, K C"	"Austin, W J"	"2m1f "	"8"	"17"
"13:35:00"	"2017-12-17"	"Thurles"	"Cappacurry Zak (IRE)"	"6.00"	"7.46"	"Handicap Chase"	"2"	"18"	"Treacy, R P"	"Young, L"	"3m.5f "	"8"	"24"
"13:35:00"	"2017-12-17"	"Thurles"	"Highest Benefit (IRE)"	"20.00"	"28"	"Handicap Chase"	"4"	"18"	"Ryan, Trevor"	"Austin, W J"	"3m.5f "	"8"	"18"
"14:55:00"	"2017-12-16"	"Fairyhouse"	"Off The Charts (IRE)"	"7.00"	"9.79"	"Handicap Hurdle"	"6"	"9"	"Walsh, M P"	"Brassil, Martin"	"2m7f "	"8"	"27"
"15:10:00"	"2017-12-14"	"Tramore"	"Island Master (IRE)"	"5.50"	"7.74"	"Handicap Chase"	"6"	"13"	"Slevin, J J"	"Burke, W J"	"2m5f "	"8"	"7"
"13:30:00"	"2017-12-14"	"Tramore"	"So Influential (IRE)"	"25.00"	"86.23"	"Maiden Hurdle"	"2"	"10"	"Murphy, Mr C L"	"Sheehy, E"	"2m5f "	"8"	"248"
"12:55:00"	"2017-12-14"	"Tramore"	"Rock On Bach (IRE)"	"20.00"	"30"	"Handicap Hurdle"	"5"	"12"	"OConnor, Mr M J"	"Cummins, Thomas P"	"2m "	"8"	"70"
"14:10:00"	"2017-11-20"	"Plumpton"	"Keppel Isle (IRE)"	"20.00"	"28.49"	"Handicap Hurdle"	"3"	"5"	"Cannon, Tom J"	"Mongan, Mrs L J"	"2m2f "	"8"	"71"
"13:05:00"	"2017-11-17"	"Newcastle"	"Bertalus (IRE)"	"50.00"	"65"	"Handicap Hurdle"	"PU"	"13"	"Kelly, T"	"Alexander, N W"	"3m "	"8"	"178"
"14:20:00"	"2017-11-11"	"Naas"	"Coolbane West (IRE)"	"7.00"	"12.05"	"Handicap Novices Chase"	"8"	"13"	"Mullins, D E"	"Burke, W J"	"2m4f "	"8"	"13"
"14:20:00"	"2017-11-11"	"Naas"	"Shantou Ed (IRE)"	"7.00"	"9.36"	"Handicap Novices Chase"	"11"	"13"	"McInerney, Donal J"	"Fahy, P A"	"2m4f "	"8"	"31"
"15:40:00"	"2017-11-06"	"Plumpton"	"Hardtorock (IRE)"	"6.00"	"9.52"	"Handicap Chase"	"PU"	"9"	"Heard, Mr M"	"Mullins, J W"	"2m4f "	"8"	"30"
"14:20:00"	"2017-10-31"	"Chepstow"	"Spillers Dream (IRE)"	"50.00"	"195.6"	"Handicap Hurdle"	"PU"	"18"	"Hammond, Charlie"	"James, Miss Hannah"	"2m.5f "	"8"	"213"
"14:55:00"	"2017-10-30"	"Galway"	"Germany John (IRE)"	"20.00"	"28.61"	"Handicap Chase"	"PU"	"17"	"Donoghue, K M"	"Mahon, S J"	"2m6.5f "	"8"	"150"
"16:00:00"	"2017-10-26"	"Thurles"	"Sparkalark (IRE)"	"16.00"	"20.21"	"Handicap Hurdle"	"5"	"18"	"Lynch, A E"	"Halley, Vincent Laurence"	"2m "	"8"	"21"
"14:55:00"	"2017-10-26"	"Thurles"	"Bilbo Bagins (IRE)"	"33.00"	"230"	"Beginners Chase"	"11"	"16"	"Lynch, A E"	"Murray, Adrian"	"2m6f "	"8"	"207"
"17:30:00"	"2017-10-23"	"Plumpton"	"Bennachie (IRE)"	"10.00"	"11.11"	"Handicap Hurdle"	"2"	"13"	"Johns, Alan"	"Vaughan, Tim"	"2m4.5f "	"8"	"19"
"17:10:00"	"2017-10-13"	"Downpatrick"	"Maighnealta (IRE)"	"12.00"	"31.32"	"Beginners Chase"	"4"	"15"	"Fox, Mr G N"	"McDonogh, Desmond"	"2m3.5f "	"8"	"21"
"15:25:00"	"2017-10-13"	"Downpatrick"	"Celtic Monarch (IRE)"	"20.00"	"55"	"Handicap Hurdle"	"7"	"13"	"Kelly, Mr S P"	"McNiff, Mark Michael"	"2m6.5f "	"8"	"22"
"16:10:00"	"2017-10-11"	"Towcester"	"Dontminddboys (IRE)"	"6.00"	"7.8"	"Handicap Chase"	"2"	"9"	"Poste, Charlie"	"Dickin, R"	"3m "	"8"	"142"
"16:50:00"	"2017-10-07"	"Fontwell"	"Hardtorock (IRE)"	"4.50"	"6.2"	"Handicap Chase"	"3"	"8"	"Heard, Mr M"	"Mullins, J W"	"2m5.5f "	"8"	"19"
"13:45:00"	"2017-10-07"	"Fairyhouse"	"Mr Picotee (IRE)"	"33.00"	"110.75"	"Beginners Chase"	"9"	"11"	"Enright, P T"	"Halley, Vincent Laurence"	"2m "	"8"	"61"
"17:40:00"	"2017-09-28"	"Perth"	"Spoils Of War (IRE)"	"10.00"	"12.14"	"Handicap Hurdle"	"2"	"8"	"Campbell, Blair"	"Russell, Miss Lucinda V"	"3m.5f "	"8"	"40"
"16:45:00"	"2017-09-28"	"Clonmel"	"Fiddlers Bow (IRE)"	"12.00"	"19"	"Handicap Chase"	"2"	"14"	"Mullins, D E"	"Mangan, James Joseph"	"2m2.5f "	"8"	"10"
"14:45:00"	"2017-09-21"	"Ballinrobe"	"Just Go (IRE)"	"28.00"	"48"	"Handicap Hurdle"	"PU"	"16"	"Timmons, C D"	"OBrien, V T"	"2m.5f "	"8"	"100"
"17:55:00"	"2017-09-07"	"Clonmel"	"Vinnie Luck (IRE)"	"4.00"	"5.44"	"Novices Hurdle"	"2"	"7"	"Foley, Barry"	"Winters, Michael"	"2m4f "	"8"	"14"
"17:40:00"	"2017-09-01"	"Down Royal"	"Sillogue Pio (IRE)"	"33.00"	"102.8"	"Handicap Hurdle"	"4"	"20"	"Gray, S J"	"Kingston, G A"	"2m "	"8"	"84"
"17:45:00"	"2017-08-28"	"Cartmel"	"Loughview Laddie (IRE)"	"12.00"	"23.93"	"Handicap Hurdle"	"9"	"10"	"Fox, Derek R"	"Kelly, Noel C"	"2m6.5f "	"8"	"25"
"20:10:00"	"2017-08-25"	"Killarney"	"Ohherewego (IRE)"	"50.00"	"287.48"	"Handicap Hurdle"	"14"	"17"	"Flaherty, Mr A J"	"OBrien, V T"	"2m4f "	"8"	"40"
"19:30:00"	"2017-08-23"	"Worcester"	"Cliffside Park (IRE)"	"0.67"	"1.76"	"Claimer Hurdle"	"5"	"6"	"Gregory, Fergus"	"Murphy, Olly"	"2m4f "	"8"	"3"
"16:55:00"	"2017-08-19"	"Market Rasen"	"Towering (IRE)"	"2.00"	"3.54"	"Seller Hurdle"	"2"	"7"	"Bowen, James C"	"Dunn, Mrs Alex"	"2m1.5f "	"8"	"27"
"20:00:00"	"2017-08-14"	"Ballinrobe"	"Maighnealta (IRE)"	"16.00"	"38"	"Handicap Hurdle"	"5"	"7"	"Dalton, B R"	"McDonogh, Desmond"	"2m5.5f "	"8"	"22"
"18:30:00"	"2017-08-12"	"Kilbeggan"	"Wee Small Hours (IRE)"	"16.00"	"23"	"Handicap Hurdle"	"1"	"16"	"Hand, D J"	"McLoughlin, D A"	"2m3.5f "	"8"	"171"
"20:15:00"	"2017-08-10"	"Sligo"	"Empresario (IRE)"	"20.00"	"25"	"Handicap Hurdle"	"6"	"9"	"Short, Adam W"	"Smith, Matthew J"	"3m "	"8"	"10"
"17:15:00"	"2017-07-30"	"Uttoxeter"	"Another Rattler (IRE)"	"28.00"	"52.6"	"Handicap Hurdle"	"6"	"8"	"Quinlan, Sean"	"Foster, Miss J E"	"2m "	"8"	"47"
"14:20:00"	"2017-07-27"	"Worcester"	"Straits Of Messina (IRE)"	"18.00"	"25"	"Handicap Chase"	"6"	"11"	"Davies, James"	"Symonds, Tom"	"2m4f "	"8"	"51"
"17:30:00"	"2017-07-22"	"Limerick"	"Cadawill (IRE)"	"14.00"	"30.16"	"Handicap Chase"	"1"	"16"	"Lynch, A E"	"Sweeney, Rodger"	"3m "	"8"	"16"
"16:30:00"	"2017-07-16"	"Southwell"	"Turtle Cask (IRE)"	"14.00"	"19"	"Handicap Hurdle"	"9"	"10"	"Hughes, Brian"	"Sowersby, M E"	"3m "	"8"	"14"
"16:05:00"	"2017-07-16"	"Sligo"	"Catch A Lucky Star (IRE)"	"12.00"	"19.5"	"Handicap Hurdle"	"PU"	"15"	"Kelly, Mr S P"	"McNiff, Mark Michael"	"2m4.5f "	"8"	"54"
"20:15:00"	"2017-07-07"	"Wexford"	"Eiri Na Casca (IRE)"	"16.00"	"25.77"	"Handicap Chase"	"11"	"14"	"Hogan, D G"	"Hogan, Denis Gerard"	"2m4f "	"8"	"159"
"15:05:00"	"2017-06-18"	"Downpatrick"	"Ciaoifsin (IRE)"	"12.00"	"19.76"	"Handicap Hurdle"	"4"	"8"	"Corbett, Patrick E"	"Fahey, Jarlath P"	"2m3f "	"8"	"14"
"13:50:00"	"2017-06-15"	"Fontwell"	"Fuzzy Logic (IRE)"	"28.00"	"37.77"	"Handicap Hurdle"	"6"	"12"	"Williams, Robert"	"Llewellyn, B J"	"2m5.5f "	"8"	"272"
"20:50:00"	"2017-06-12"	"Roscommon"	"Lattesa (IRE)"	"66.00"	"444.68"	"Beginners Chase"	"8"	"14"	"Browne, Barry"	"Nolan, Shane"	"3m1f "	"8"	"22"
"17:00:00"	"2017-06-05"	"Listowel"	"Island Master (IRE)"	"14.00"	"28.05"	"Hunters Chase"	"4"	"9"	"Harding, Mr R O"	"Burke, W J"	"3m "	"8"	"21"
"18:30:00"	"2017-06-03"	"Tramore"	"Dawerann (IRE)"	"6.50"	"9.54"	"Handicap Chase"	"5"	"8"	"Russell, D N"	"Elliott, Gordon"	"2m "	"8"	"10"
"14:40:00"	"2017-06-03"	"Hexham"	"Tommy Odwyer (IRE)"	"10.00"	"11.76"	"Handicap Chase"	"6"	"16"	"Coltherd, Sam W"	"Mechie, N"	"3m.5f "	"8"	"11"
"14:40:00"	"2017-06-03"	"Hexham"	"Longueville Flier (IRE)"	"11.00"	"15.59"	"Handicap Chase"	"8"	"16"	"Colliver, J"	"Hammond, Micky"	"3m.5f "	"8"	"24"
"14:40:00"	"2017-06-03"	"Hexham"	"Call Zac (IRE)"	"16.00"	"25.18"	"Handicap Chase"	"10"	"16"	"Irving, Dale"	"Jardine, I"	"3m.5f "	"8"	"16"
"19:30:00"	"2017-06-01"	"Ffos Las"	"Butlergrove King (IRE)"	"2.25"	"3.6"	"Handicap Chase"	"1"	"7"	"Dunne, R T"	"Burchell, D"	"2m5f "	"8"	"21"
"18:45:00"	"2017-05-26"	"Down Royal"	"General Gold (IRE)"	"33.00"	"127.17"	"Handicap Hurdle"	"14"	"16"	"Colgan, R C"	"Wilson, Victor"	"2m3.5f "	"8"	"4"
"17:45:00"	"2017-05-23"	"Hexham"	"Loughview Laddie (IRE)"	"50.00"	"150"	"Maiden Hurdle"	"F"	"9"	"Bourke, D F"	"Kelly, Noel C"	"2m4.5f "	"8"	"26"
"19:05:00"	"2017-05-19"	"Downpatrick"	"Theturnofthesun (IRE)"	"8.00"	"11.5"	"Beginners Chase"	"1"	"14"	"Lynch, A E"	"Smith, Matthew J"	"2m3.5f "	"8"	"69"
"17:25:00"	"2017-05-19"	"Downpatrick"	"Ciaoifsin (IRE)"	"12.00"	"15.8"	"Maiden Hurdle"	"4"	"11"	"Butler, S E"	"Fahey, Jarlath P"	"2m3f "	"8"	"223"
"20:10:00"	"2017-05-18"	"Clonmel"	"Millen Dollar Man (IRE)"	"14.00"	"29.84"	"Handicap Hurdle"	"1"	"18"	"Blackmore, Rachael"	"Harney, W"	"2m3.5f "	"8"	"12"
"19:15:00"	"2017-05-18"	"Fontwell"	"Man Of Steel (IRE)"	"3.00"	"4.65"	"Hunters Chase"	"1"	"5"	"Hill, Mr J P"	"Hill, Alan"	"3m3f "	"8"	"31"
"20:05:00"	"2017-05-17"	"Perth"	"Spoils Of War (IRE)"	"18.00"	"24"	"Handicap Novices Hurdle"	"1"	"14"	"Campbell, Blair"	"Russell, Miss Lucinda V"	"3m "	"8"	"42"
"14:35:00"	"2017-05-14"	"Killarney"	"Shalaman (IRE)"	"12.00"	"18.41"	"Maiden Hurdle"	"12"	"13"	"Lynch, A E"	"Smith, Matthew J"	"2m1f "	"8"	"13"
"14:45:00"	"2017-05-11"	"Worcester"	"No No Cardinal (IRE)"	"12.00"	"15.5"	"Handicap Chase"	"2"	"11"	"Dowling, Mr T"	"Gillard, Mark"	"2m.5f "	"8"	"14"
"14:15:00"	"2017-05-10"	"Kelso"	"Longueville Flier (IRE)"	"10.00"	"13.57"	"Handicap Seller Chase"	"3"	"14"	"Brooke, Henry"	"Hammond, Micky"	"3m "	"8"	"15"
"20:30:00"	"2017-05-08"	"Roscommon"	"Lattesa (IRE)"	"12.00"	"22.5"	"Beginners Chase"	"7"	"8"	"McCarthy, I J"	"Nolan, Shane"	"2m.5f "	"8"	"17"
"19:25:00"	"2017-05-05"	"Downpatrick"	"Ancient Highway (IRE)"	"12.00"	"15.5"	"Handicap Chase"	"11"	"14"	"Deegan, R"	"Fahy, P A"	"2m6f "	"8"	"26"
"14:25:00"	"2017-05-01"	"Down Royal"	"Hello Humpfrey (IRE)"	"16.00"	"32"	"Handicap Hurdle"	"5"	"19"	"Browne, Barry"	"Casey, Peter"	"2m "	"8"	"38"
"15:45:00"	"2017-04-22"	"Bangor"	"Texas Forever (IRE)"	"5.00"	"6.4"	"Handicap Hurdle"	"2"	"8"	"Morshead, Mr H"	"Bailey, K C"	"2m3.5f "	"8"	"33"
"13:20:00"	"2017-04-17"	"Huntingdon"	"Honkytonktennessee (IRE)"	"3.50"	"5.1"	"Handicap Chase"	"1"	"8"	"Skelton, Harry"	"Skelton, Daniel"	"3m "	"8"	"169"
"16:50:00"	"2017-04-13"	"Towcester"	"Some Finish (IRE)"	"2.50"	"4.1"	"Handicap Chase"	"1"	"3"	"Poste, Charlie"	"Dickin, R"	"3m "	"8"	"17"
"14:20:00"	"2017-04-11"	"Exeter"	"The Wexfordian (IRE)"	"2.75"	"3.87"	"Novices Seller Hurdle"	"2"	"9"	"Tinkler, Andrew"	"Keighley, M"	"2m2.5f "	"8"	"14"
"18:45:00"	"2017-04-10"	"Tramore"	"Old Time Melody (IRE)"	"16.00"	"23"	"Handicap Chase"	"4"	"9"	"Fox, Mr G N"	"Cooper, Thomas"	"2m5f "	"8"	"8"
"15:20:00"	"2017-04-08"	"Newcastle"	"Alwaysrecommended (IRE)"	"25.00"	"34"	"Handicap Novices Hurdle"	"5"	"9"	"Corbett, James"	"Walton, Mrs J M"	"3m "	"8"	"18"
"16:40:00"	"2017-04-02"	"Fairyhouse"	"Bilbo Bagins (IRE)"	"7.00"	"10"	"Handicap Novices Hurdle"	"9"	"16"	"Flanagan, S W"	"Murray, Adrian"	"2m4f "	"8"	"29"
"16:40:00"	"2017-03-31"	"Fontwell"	"Micquus (IRE)"	"8.00"	"10"	"Handicap Chase"	"4"	"6"	"Shoemark, Conor P"	"Geake, J A"	"2m3.5f "	"8"	"115"
"14:10:00"	"2017-03-29"	"Sedgefield"	"Touch Of Steel (IRE)"	"11.00"	"13.41"	"Handicap Hurdle"	"8"	"10"	"Alexander, Lucy"	"Ewart, J P L"	"3m3f "	"8"	"68"
"15:30:00"	"2017-03-27"	"Plumpton"	"No No Cardinal (IRE)"	"14.00"	"17.49"	"Handicap Chase"	"3"	"6"	"Banks, Mr J"	"Gillard, Mark"	"2m1.5f "	"8"	"7"
"14:20:00"	"2017-03-21"	"Wetherby"	"Tingo In The Tale (IRE)"	"11.00"	"15.5"	"Seller Hurdle"	"PU"	"8"	"Cowley, Patrick"	"Leech, Mrs S"	"2m5.5f "	"8"	"7"
"16:20:00"	"2017-03-20"	"Taunton"	"No No Cardinal (IRE)"	"25.00"	"29"	"Handicap Chase"	"4"	"7"	"Gillard, Mr T"	"Gillard, Mark"	"2m.5f "	"8"	"20"
"17:10:00"	"2017-03-13"	"Plumpton"	"Dragon Khan (IRE)"	"12.00"	"16.71"	"Handicap Hurdle"	"6"	"12"	"Poste, Ben J"	"Oshea, J G M"	"2m.5f "	"8"	"40"
"14:25:00"	"2017-03-09"	"Thurles"	"Captain Hox (IRE)"	"16.00"	"27"	"Chase"	"5"	"8"	"Mullins, David"	"Griffin, Patrick"	"2m2f "	"8"	"23"
"13:30:00"	"2017-02-17"	"Fakenham"	"Lake Chapala (IRE)"	"3.00"	"4.75"	"Handicap Seller Hurdle"	"6"	"7"	"Johns, Alan"	"Vaughan, Tim"	"2m.5f "	"8"	"16"
"16:00:00"	"2017-02-16"	"Clonmel"	"Mount Brandon (IRE)"	"7.00"	"9.1"	"Handicap Chase"	"6"	"10"	"Walsh, M P"	"Tyner, Robert"	"2m1.5f "	"8"	"26"
"15:25:00"	"2017-02-04"	"Fairyhouse"	"Canadian Steel (IRE)"	"100.00"	"1000"	"Maiden Hurdle"	"11"	"25"	"Mullins, D E"	"Hamilton, B R"	"2m "	"8"	"9"
"14:20:00"	"2017-02-04"	"Fairyhouse"	"Off The Charts (IRE)"	"10.00"	"16.64"	"Handicap Chase"	"PU"	"12"	"Walsh, M P"	"Hughes, Sandra"	"2m5.5f "	"8"	"48"
"13:50:00"	"2017-01-25"	"Fairyhouse"	"Wee Small Hours (IRE)"	"5.00"	"7.2"	"Handicap Hurdle"	"5"	"16"	"Hand, D J"	"McLoughlin, D A"	"2m4f "	"8"	"4"
"13:15:00"	"2017-01-25"	"Fairyhouse"	"Alkaa Lion (IRE)"	"25.00"	"60"	"Maiden Hurdle"	"5"	"11"	"Cash, B M"	"Murphy, William P"	"3m.5f "	"8"	"18"
"15:55:00"	"2017-01-21"	"Navan"	"Mount Brandon (IRE)"	"2.50"	"3.89"	"Handicap Chase"	"6"	"6"	"Walsh, M P"	"Tyner, Robert"	"2m1f "	"8"	"21"
"15:10:00"	"2017-01-12"	"Leicester"	"Some Finish (IRE)"	"5.50"	"7"	"Handicap Chase"	"PU"	"9"	"Poste, Charlie"	"Dickin, R"	"2m4f "	"8"	"28"
"15:05:00"	"2016-12-26"	"Limerick"	"Rightback Atya (IRE)"	"33.00"	"85"	"Handicap Chase"	"PU"	"12"	"Fitzpatrick, John"	"Rothwell, P J"	"2m3.5f "	"8"	"8"
"14:10:00"	"2016-12-26"	"Sedgefield"	"Anton Dolin (IRE)"	"12.00"	"17.42"	"Handicap Hurdle"	"6"	"13"	"Mulqueen, S"	"Mullineaux, M"	"2m1f "	"8"	"29"
"15:20:00"	"2016-12-20"	"Taunton"	"Uncle Pettit (IRE)"	"14.00"	"17.4"	"Handicap Chase"	"1"	"11"	"Sheehan, Gavin"	"Portman, J G"	"3m "	"8"	"35"
"15:20:00"	"2016-12-20"	"Taunton"	"Bally Lagan (IRE)"	"7.00"	"9.6"	"Handicap Chase"	"6"	"11"	"Quinlan, Jack"	"Dickin, R"	"3m "	"8"	"73"
"14:55:00"	"2016-11-24"	"Taunton"	"Somerset Lias (IRE)"	"4.00"	"5.84"	"Handicap Chase"	"1"	"9"	"Heard, Liam"	"Buckler, R H"	"3m "	"8"	"8"
"15:30:00"	"2016-11-20"	"Exeter"	"Buz Barton (IRE)"	"12.00"	"18.01"	"Handicap Hurdle"	"9"	"11"	"Cobden, Harry"	"Frost, J D"	"2m6f "	"8"	"46"
"16:05:00"	"2016-11-07"	"Fairyhouse"	"Captains And Kings (IRE)"	"14.00"	"19.01"	"Handicap Hurdle"	"12"	"16"	"Fogarty, M P"	"Joyce, Adrian Brendan"	"2m4f "	"8"	"70"
"14:55:00"	"2016-10-31"	"Galway"	"Le Feu Garde (IRE)"	"12.00"	"15.01"	"Handicap Chase"	"PU"	"16"	"Enright, M A"	"McDonagh, Michael J"	"2m6.5f "	"8"	"14"
"15:15:00"	"2016-10-27"	"Clonmel"	"Right Turn Clive (IRE)"	"33.00"	"52"	"Handicap Hurdle"	"9"	"18"	"Hayes, Brian"	"Reilly, Ms Ann R"	"2m.5f "	"8"	"55"
"16:10:00"	"2016-10-22"	"Punchestown"	"Railway Tommy (IRE)"	"50.00"	"83.19"	"Beginners Chase"	"7"	"9"	"Sexton, K C"	"Fahey, Peter"	"2m4f "	"8"	"197"
"15:05:00"	"2016-10-22"	"Punchestown"	"Mr Boss Man (IRE)"	"16.00"	"24.11"	"Handicap Hurdle"	"4"	"22"	"Timmons, C D"	"Slevin, Nigel"	"2m4f "	"8"	"14"
"16:55:00"	"2016-10-20"	"Thurles"	"Cloudy Morning (IRE)"	"12.00"	"16.83"	"Handicap Hurdle"	"2"	"18"	"Enright, P T"	"Queally, Declan"	"2m6.5f "	"8"	"26"
"16:55:00"	"2016-10-20"	"Thurles"	"Do Be Doin (IRE)"	"12.00"	"12.92"	"Handicap Hurdle"	"5"	"18"	"Hassett, S J"	"Hassett, Martin"	"2m6.5f "	"8"	"141"
"16:50:00"	"2016-10-20"	"Ludlow"	"Go On Henry (IRE)"	"8.00"	"12.24"	"Handicap Chase"	"UR"	"11"	"Bailey, Mr E W A"	"Sheppard, M"	"2m4f "	"8"	"38"
"14:35:00"	"2016-10-20"	"Thurles"	"Bellgrove (IRE)"	"8.00"	"12.72"	"Handicap Chase"	"5"	"12"	"Flanagan, S W"	"Cloke, P M"	"2m2f "	"8"	"16"
"16:35:00"	"2016-10-16"	"Cork"	"Casimir Road (IRE)"	"14.00"	"16.75"	"Handicap Hurdle"	"14"	"14"	"Mullins, D E"	"Ryan, Stephen"	"2m "	"8"	"12"
"17:10:00"	"2016-10-14"	"Downpatrick"	"Kilderry Prince (IRE)"	"20.00"	"35.98"	"Handicap Chase"	"4"	"13"	"Crimin, S J"	"McNamara, A J"	"2m5.5f "	"8"	"15"
"16:05:00"	"2016-10-13"	"Uttoxeter"	"Mclaren Vale (IRE)"	"33.00"	"43.96"	"Handicap Hurdle"	"PU"	"12"	"Timmons, C D"	"Coyle, Thomas"	"2m4.5f "	"8"	"56"
"17:40:00"	"2016-10-02"	"Uttoxeter"	"Anton Dolin (IRE)"	"9.00"	"11.5"	"Handicap Hurdle"	"3"	"8"	"Nugent, Hugh F"	"Mullineaux, M"	"2m "	"8"	"9"
"16:35:00"	"2016-09-29"	"Clonmel"	"Dark Outsider (IRE)"	"4.00"	"5.2"	"Handicap Chase"	"1"	"14"	"Mullins, D E"	"Dullea, J D"	"2m2.5f "	"8"	"32"
"16:35:00"	"2016-09-29"	"Clonmel"	"Fairy Island (IRE)"	"12.00"	"16.61"	"Handicap Chase"	"8"	"14"	"Mullins, David"	"Mullins, Thomas"	"2m2.5f "	"8"	"257"
"16:30:00"	"2016-09-26"	"Newton Abbot"	"Run For Ger (IRE)"	"12.00"	"12.62"	"Handicap Seller Hurdle"	"PU"	"15"	"Moloney, Paul"	"Williams, Evan"	"2m2.5f "	"8"	"14"
"15:25:00"	"2016-09-24"	"Navan"	"Premier King (IRE)"	"33.00"	"89.4"	"Handicap Hurdle"	"22"	"25"	"Doyle, R A"	"Barry, D J"	"2m6f "	"8"	"22"
"16:55:00"	"2016-09-23"	"Downpatrick"	"Dinnies Vinnie (IRE)"	"20.00"	"29.22"	"Handicap Chase"	"8"	"15"	"Dempsey, Luke"	"Dempsey, J P"	"2m7f "	"8"	"104"
"14:45:00"	"2016-09-20"	"Ballinrobe"	"Brecan Boy (IRE)"	"33.00"	"147.34"	"Handicap Hurdle"	"14"	"16"	"McGarvey, J S"	"Casey, Peter"	"2m "	"8"	"26"
"17:05:00"	"2016-09-16"	"Hexham"	"Trillerin Minella (IRE)"	"25.00"	"36"	"Handicap Chase"	"5"	"6"	"Bellamy, Mr A"	"Hunter, J K"	"2m4.5f "	"8"	"20"
"16:55:00"	"2016-09-16"	"Listowel"	"Le Feu Garde (IRE)"	"9.00"	"10.41"	"Handicap Hurdle"	"5"	"9"	"Enright, M A"	"McDonagh, Michael J"	"3m "	"8"	"24"
"16:55:00"	"2016-09-07"	"Uttoxeter"	"Pay Your Way (IRE)"	"10.00"	"13.32"	"Handicap Hurdle"	"5"	"10"	"Moloney, Paul"	"Rees, D A"	"2m "	"8"	"45"
"17:55:00"	"2016-09-06"	"Galway"	"Samanntom (IRE)"	"7.50"	"8.8"	"Handicap Hurdle"	"8"	"19"	"Burke, Jonathan"	"Fogarty, Aidan F"	"2m5.5f "	"8"	"31"
"16:25:00"	"2016-09-06"	"Galway"	"Fluspar (IRE)"	"11.00"	"19.8"	"Maiden Hurdle"	"4"	"15"	"Cash, B M"	"Howard, Daniel John"	"2m.5f "	"8"	"125"
"17:45:00"	"2016-08-29"	"Cartmel"	"Royal Benifet (IRE)"	"18.00"	"28"	"Handicap Hurdle"	"8"	"13"	"Day, Ryan D"	"Sowersby, M E"	"2m6.5f "	"8"	"15"
"15:25:00"	"2016-08-27"	"Cartmel"	"Pekanheim (IRE)"	"4.50"	"6.59"	"Handicap Chase"	"2"	"8"	"Harding, Brian"	"Todhunter, M"	"2m5f "	"8"	"42"
"17:50:00"	"2016-08-24"	"Stratford"	"Henry Oliver (IRE)"	"66.00"	"128.41"	"Handicap Novices Chase"	"PU"	"11"	"Crosse, Dave"	"Smyly, G R I"	"2m6.5f "	"8"	"11"
"17:50:00"	"2016-08-24"	"Stratford"	"Froggy (IRE)"	"16.00"	"23.22"	"Handicap Novices Chase"	"PU"	"11"	"Cawley, A P"	"Cawley, Brian Francis"	"2m6.5f "	"8"	"41"
"19:40:00"	"2016-08-19"	"Kilbeggan"	"Illtakeitfromhere (IRE)"	"8.00"	"10.74"	"Handicap Chase"	"3"	"13"	"Townend, P"	"Nolan, Paul"	"3m1f "	"8"	"29"
"17:45:00"	"2016-08-18"	"Stratford"	"Anton Dolin (IRE)"	"6.50"	"8.25"	"Handicap Hurdle"	"4"	"10"	"Nugent, Hugh F"	"Mullineaux, M"	"2m1f "	"8"	"36"
"17:50:00"	"2016-08-12"	"Tramore"	"Ballyine (IRE)"	"33.00"	"68.21"	"Handicap Chase"	"PU"	"15"	"Loughran, R"	"Hogan, P"	"2m6f "	"8"	"10"
"19:50:00"	"2016-08-11"	"Stratford"	"Toe To Toe (IRE)"	"7.50"	"8.65"	"Handicap Chase"	"6"	"9"	"Moore, Jamie"	"Lee, Miss Kerry"	"2m1f "	"8"	"16"
"20:10:00"	"2016-08-02"	"Roscommon"	"Top Of The Town (IRE)"	"1.25"	"2.78"	"Handicap Hurdle"	"1"	"16"	"Russell, D N"	"Byrnes, C"	"2m7.5f "	"8"	"16"
"17:05:00"	"2016-07-31"	"Market Rasen"	"Goal (IRE)"	"50.00"	"95"	"Handicap Hurdle"	"10"	"12"	"Hampson, Brodie"	"Randell, Miss S"	"2m1.5f "	"8"	"19"
"17:00:00"	"2016-07-29"	"Bangor"	"Perfect Poison (IRE)"	"25.00"	"38"	"Handicap Hurdle"	"2"	"11"	"Greatrex, Thomas"	"McCain Jnr, D"	"2m7f "	"8"	"24"
"19:55:00"	"2016-07-22"	"Wexford"	"Bellgrove (IRE)"	"20.00"	"36.55"	"Handicap Chase"	"UR"	"14"	"Corbett, Patrick E"	"Cloke, P M"	"2m4f "	"8"	"21"
"19:15:00"	"2016-07-21"	"Limerick"	"Augest Benefit (IRE)"	"16.00"	"30.36"	"Handicap Hurdle"	"4"	"9"	"Walsh, Ms K"	"Fahey, Peter"	"2m6f "	"8"	"260"
"18:40:00"	"2016-07-21"	"Limerick"	"Mac Tigue (IRE)"	"33.00"	"115.27"	"Handicap Hurdle"	"17"	"18"	"Doyle, R A"	"ODwyer, Conor"	"2m2f "	"8"	"20"
"19:00:00"	"2016-07-19"	"Ballinrobe"	"Luimneach Abu (IRE)"	"16.00"	"33.23"	"Handicap Hurdle"	"12"	"14"	"McGarvey, J S"	"Broderick, J P"	"2m1.5f "	"8"	"44"
"17:25:00"	"2016-07-18"	"Cartmel"	"Triple Eight (IRE)"	"12.00"	"15.5"	"Handicap Hurdle"	"5"	"11"	"Nicol, Mr Adam"	"Kirby, P A"	"2m1.5f "	"8"	"15"
"16:00:00"	"2016-07-13"	"Uttoxeter"	"Anton Dolin (IRE)"	"7.00"	"9.2"	"Handicap Hurdle"	"8"	"13"	"Nugent, Hugh F"	"Mullineaux, M"	"2m "	"8"	"17"
"17:40:00"	"2016-07-10"	"Stratford"	"Moveable Asset (IRE)"	"33.00"	"46.75"	"Handicap Hurdle"	"PU"	"11"	"Curtis, Ned"	"Tett, Henry"	"2m3f "	"8"	"207"
"17:55:00"	"2016-07-09"	"Tipperary"	"Itsonthelist (IRE)"	"25.00"	"48.79"	"Handicap Hurdle"	"PU"	"20"	"Meyler, D"	"OBrien, V T"	"3m "	"8"	"28"
"14:10:00"	"2016-06-30"	"Perth"	"Faraway Mountain (IRE)"	"4.00"	"5.5"	"Maiden Hurdle"	"1"	"10"	"Johnson, Richard"	"Elliott, Gordon"	"2m4.5f "	"8"	"26"
"14:50:00"	"2016-06-29"	"Worcester"	"Trillerin Minella (IRE)"	"10.00"	"12.42"	"Handicap Chase"	"PU"	"11"	"Hatch, R"	"McPherson, Graeme P"	"2m4.5f "	"8"	"10"
"15:35:00"	"2016-06-24"	"Cartmel"	"Perfect Poison (IRE)"	"20.00"	"25"	"Handicap Chase"	"UR"	"14"	"Kennedy, W T"	"McCain Jnr, D"	"2m5f "	"8"	"40"
"17:55:00"	"2016-06-15"	"Uttoxeter"	"Tanner Hill (IRE)"	"14.00"	"21.52"	"Handicap Novices Hurdle"	"7"	"9"	"Quinlan, Mr Mark"	"Evans, H J"	"3m "	"8"	"44"
"20:30:00"	"2016-06-14"	"Roscommon"	"Captains And Kings (IRE)"	"16.00"	"32"	"Handicap Hurdle"	"6"	"17"	"Flanagan, S W"	"Joyce, Adrian Brendan"	"3m.5f "	"8"	"289"
"18:30:00"	"2016-06-14"	"Roscommon"	"The Drunken Dr (IRE)"	"25.00"	"78.33"	"Handicap Hurdle"	"9"	"16"	"Loughran, R"	"Moran, Niall"	"2m.5f "	"8"	"22"
"18:30:00"	"2016-06-14"	"Roscommon"	"Jackapies Bay (IRE)"	"50.00"	"143.56"	"Handicap Hurdle"	"PU"	"16"	"Shortall, Shane"	"OConnor, Thomas P"	"2m.5f "	"8"	"9"
"15:20:00"	"2016-06-06"	"Listowel"	"Harangue (IRE)"	"12.00"	"20.61"	"Handicap Hurdle"	"10"	"17"	"Cash, B M"	"Gilligan, Paul John"	"2m4f "	"8"	"25"
"16:25:00"	"2016-06-05"	"Kilbeggan"	"Whatever It Takes (IRE)"	"12.00"	"19"	"Handicap Hurdle"	"1"	"11"	"Madden, N P"	"Madden, Niall"	"3m.5f "	"8"	"9"
"14:25:00"	"2016-06-04"	"Tramore"	"Faraway Mountain (IRE)"	"4.00"	"5.5"	"Maiden Hurdle"	"PU"	"9"	"Donoghue, K M"	"Elliott, Gordon"	"2m5f "	"8"	"15"
"19:05:00"	"2016-05-27"	"Down Royal"	"Whatever It Takes (IRE)"	"18.00"	"44.24"	"Handicap Hurdle"	"9"	"14"	"Madden, N P"	"Madden, Niall"	"3m "	"8"	"22"
"15:30:00"	"2016-05-24"	"Hexham"	"Dundee Blue (IRE)"	"12.00"	"15"	"Handicap Novices Chase"	"PU"	"10"	"Todd, Emma"	"Hogarth, H P"	"2m4f "	"8"	"70"
"14:30:00"	"2016-05-24"	"Hexham"	"Benefit In Kind (IRE)"	"9.00"	"14.01"	"Handicap Chase"	"8"	"11"	"Nicol, Mr Adam"	"Scott, Miss Katie"	"3m "	"8"	"20"
"16:55:00"	"2016-05-14"	"Punchestown"	"Say It Again (IRE)"	"16.00"	"22.3"	"Handicap Chase"	"2"	"14"	"Hayes, Brian"	"Hynds, Noel G"	"3m1f "	"8"	"42"
"15:10:00"	"2016-05-14"	"Punchestown"	"Massinis Adventure (IRE)"	"16.00"	"29.29"	"Handicap Hurdle"	"PU"	"25"	"Enright, P T"	"Tyner, Robert"	"3m "	"8"	"146"
"14:50:00"	"2016-05-08"	"Plumpton"	"Up Four It (IRE)"	"12.00"	"14.86"	"Handicap Hurdle"	"2"	"9"	"Batchelor, Mattie"	"Poulton, Jamie"	"3m1f "	"8"	"16"
"20:25:00"	"2016-04-30"	"Hexham"	"Seventeen Black (IRE)"	"8.00"	"10.87"	"Handicap Chase"	"1"	"15"	"Cockburn, Grant J"	"Coltherd, W S"	"2m4f "	"8"	"53"
"14:45:00"	"2016-04-25"	"Tramore"	"Tighe Beithe (IRE)"	"12.00"	"26"	"Handicap Hurdle"	"3"	"15"	"Linehan, E D"	"Linehan, Edmond Daniel"	"2m5f "	"8"	"17"
"19:50:00"	"2016-04-22"	"Plumpton"	"Up Four It (IRE)"	"8.00"	"11.49"	"Handicap Hurdle"	"8"	"11"	"Batchelor, Mattie"	"Poulton, Jamie"	"2m2f "	"8"	"39"
"18:40:00"	"2016-04-22"	"Kilbeggan"	"Cloudy Morning (IRE)"	"12.00"	"21"	"Handicap Hurdle"	"8"	"16"	"Kennedy, J W"	"ODonovan, M T"	"3m.5f "	"8"	"183"
"19:25:00"	"2016-04-20"	"Fairyhouse"	"Dinnies Vinnie (IRE)"	"9.00"	"11.5"	"Handicap Chase"	"1"	"15"	"Dempsey, Luke"	"Dempsey, J P"	"3m "	"8"	"38"
"15:20:00"	"2016-04-16"	"Bangor"	"Up Your Game (IRE)"	"8.00"	"10"	"Handicap Hurdle"	"PU"	"9"	"Banks, Mr J"	"Brotherton, R"	"2m3.5f "	"8"	"51"
"17:00:00"	"2016-04-09"	"Sedgefield"	"Rocky Stone (IRE)"	"5.00"	"7.22"	"Handicap Hurdle"	"PU"	"7"	"Cowley, James"	"McCain Jnr, D"	"3m3f "	"8"	"24"
"15:15:00"	"2016-04-08"	"Newcastle"	"Kilmainham (IRE)"	"7.00"	"9.6"	"Handicap Hurdle"	"6"	"10"	"Colliver, J"	"Todhunter, M"	"2m4.5f "	"8"	"5"
"16:25:00"	"2016-04-05"	"Fairyhouse"	"Just Likeold Times (IRE)"	"8.00"	"9.66"	"Handicap Hurdle"	"10"	"24"	"Moore, J M"	"Nolan, Paul"	"2m4f "	"8"	"31"
"14:45:00"	"2016-03-27"	"Cork"	"Long Journey Home (IRE)"	"10.00"	"15.19"	"Handicap Hurdle"	"2"	"9"	"Enright, P T"	"Sweeney, Rodger"	"2m "	"8"	"44"
"15:20:00"	"2016-03-22"	"Wetherby"	"Downtown Boy (IRE)"	"20.00"	"25.45"	"Handicap Novices Hurdle"	"7"	"9"	"Thornton, Andrew"	"Craggs, R"	"2m3.5f "	"8"	"81"
"14:10:00"	"2016-03-22"	"Wetherby"	"Kyllachykov (IRE)"	"66.00"	"120.68"	"Seller Hurdle"	"4"	"6"	"Hughes, Brian"	"Bastiman, Rebecca"	"2m5.5f "	"8"	"54"
"14:45:00"	"2016-03-19"	"Gowran Park"	"Capture The Drama (IRE)"	"100.00"	"1000"	"Maiden Hurdle"	"1"	"11"	"Ring, Mr A"	"King, Aengus"	"2m4f "	"8"	"132"
"14:40:00"	"2016-03-17"	"Down Royal"	"Glenbank King (IRE)"	"33.00"	"93.02"	"Handicap Hurdle"	"8"	"14"	"Johnson, Alison"	"Watson, R K"	"2m3.5f "	"8"	"9"
"17:35:00"	"2016-03-14"	"Cork"	"Tighe Beithe (IRE)"	"33.00"	"80"	"Handicap Hurdle"	"4"	"10"	"Linehan, E D"	"Linehan, Edmond Daniel"	"2m4f "	"8"	"26"
"16:55:00"	"2016-03-13"	"Limerick"	"Aranhill Rascal (IRE)"	"20.00"	"29.19"	"Handicap Chase"	"6"	"10"	"Fox, Mr G N"	"Mahon, S J"	"3m "	"8"	"24"
"14:15:00"	"2016-03-13"	"Navan"	"Beyond The Obvious (IRE)"	"6.50"	"11.9"	"Maiden Hurdle"	"1"	"12"	"Lynch, Mr M J"	"Lynch, M M"	"2m "	"8"	"75"
"14:10:00"	"2016-03-08"	"Newcastle"	"Seventeen Black (IRE)"	"7.00"	"9.4"	"Handicap Hurdle"	"5"	"9"	"Cockburn, Grant J"	"Coltherd, W S"	"2m4.5f "	"8"	"12"
"16:55:00"	"2016-02-27"	"Chepstow"	"Castletown (IRE)"	"33.00"	"42.12"	"Handicap Chase"	"9"	"12"	"Quinlan, Mr Mark"	"Lewis, Mrs S W"	"2m "	"8"	"23"
"16:45:00"	"2016-02-23"	"Taunton"	"Decade Player (IRE)"	"3.00"	"4.6"	"Hunters Chase"	"3"	"13"	"Andrews, Gina"	"Morgan, Miss Kelly"	"2m "	"8"	"222"
"14:00:00"	"2016-02-19"	"Fakenham"	"Run Hurricane (IRE)"	"12.00"	"17.39"	"Handicap Seller Hurdle"	"F"	"7"	"Crosse, Dave"	"Oshea, J G M"	"2m "	"8"	"152"
"15:25:00"	"2016-02-09"	"Sedgefield"	"Darsi Dancer (IRE)"	"14.00"	"17.59"	"Handicap Hurdle"	"PU"	"13"	"Fox, Derek R"	"Coltherd, W S"	"3m3f "	"8"	"39"
"16:20:00"	"2016-02-07"	"Naas"	"All About Alfie (IRE)"	"25.00"	"42.48"	"Handicap Hurdle"	"3"	"13"	"Blackmore, Rachael"	"Donohue, T"	"2m "	"8"	"11"
"16:15:00"	"2016-02-06"	"Leopardstown"	"Anseanachai Cliste (IRE)"	"66.00"	"220"	"Hunters Chase"	"5"	"11"	"McConville, Mr M"	"McConville, Stephen"	"3m.5f "	"8"	"23"
"16:30:00"	"2016-02-05"	"Catterick"	"Kilmainham (IRE)"	"10.00"	"13"	"Handicap Hurdle"	"8"	"10"	"Watters, Mr G B"	"Todhunter, M"	"2m3.5f "	"8"	"17"
"14:10:00"	"2016-02-04"	"Towcester"	"Mr Mcgregor (IRE)"	"8.00"	"10.85"	"Handicap Chase"	"PU"	"9"	"OToole, Mr F"	"Dalton, Heather"	"3m.5f "	"8"	"9"
"15:40:00"	"2016-01-30"	"Fairyhouse"	"Coolaghknock Glebe (IRE)"	"4.50"	"6.2"	"Handicap Novices Hurdle"	"1"	"16"	"Crowe, A P"	"Roche, C"	"2m4f "	"8"	"35"
"14:45:00"	"2016-01-28"	"Thurles"	"Aranhill Rascal (IRE)"	"50.00"	"214.02"	"Beginners Chase"	"4"	"6"	"Fox, Mr G N"	"Mahon, S J"	"2m4f "	"8"	"75"
"14:15:00"	"2016-01-27"	"Thurles"	"Way Wild West (IRE)"	"14.00"	"24.69"	"Handicap Hurdle"	"9"	"15"	"Kennedy, PAddy D"	"Byrne, Sean"	"2m "	"8"	"111"
"15:05:00"	"2016-01-23"	"Navan"	"Harangue (IRE)"	"25.00"	"55"	"Handicap Hurdle"	"12"	"13"	"Cash, B M"	"Gilligan, Paul John"	"2m4f "	"8"	"9"
"14:30:00"	"2016-01-23"	"Navan"	"Macs Bach (IRE)"	"20.00"	"48.5"	"Maiden Hurdle"	"5"	"9"	"Ferris, M J"	"Flynn, Ms M"	"2m7f "	"8"	"77"
"15:10:00"	"2016-01-06"	"Huntingdon"	"Tanner Hill (IRE)"	"2.13"	"3.4"	"Handicap Chase"	"1"	"5"	"Quinlan, Mr Mark"	"Evans, H J"	"2m7.5f "	"8"	"17"
"13:00:00"	"2015-12-28"	"Catterick"	"Trouble In Paris (IRE)"	"11.00"	"12.77"	"Handicap Chase"	"3"	"10"	"Murtagh, Lorcan"	"Murtagh, Barry"	"2m3f "	"8"	"30"
"14:45:00"	"2015-12-27"	"Limerick"	"Tristram Shandy (IRE)"	"8.00"	"10.49"	"Handicap Hurdle"	"6"	"12"	"Fogarty, M P"	"McNamara, E"	"2m "	"8"	"17"
"13:20:00"	"2015-12-26"	"Huntingdon"	"Its Oscar (IRE)"	"7.00"	"9.4"	"Handicap Chase"	"6"	"10"	"Mahon, Mr R"	"Evans, H J"	"2m7.5f "	"8"	"17"
"15:15:00"	"2015-11-18"	"Fairyhouse"	"Moonlone Lane (IRE)"	"25.00"	"40"	"Handicap Chase"	"1"	"12"	"Brooke, Miss L"	"Stafford, Paul"	"2m5f "	"8"	"14"
"12:30:00"	"2015-11-18"	"Fairyhouse"	"First Post (IRE)"	"33.00"	"80.38"	"Maiden Hurdle"	"8"	"16"	"Moore, J M"	"McGuinness, Adrian"	"2m "	"8"	"10"
"15:55:00"	"2015-10-27"	"Punchestown"	"Polish Partisan (IRE)"	"14.00"	"15.98"	"Handicap Chase"	"6"	"8"	"Colgan, R C"	"Broad, D"	"2m4f "	"8"	"2"
"15:05:00"	"2015-10-25"	"Galway"	"Hellofado (IRE)"	"14.00"	"28.46"	"Maiden Hurdle"	"5"	"9"	"Fogarty, M P"	"Monroe, John"	"2m "	"8"	"98"
"13:50:00"	"2015-10-15"	"Uttoxeter"	"Walkabout Creek (IRE)"	"20.00"	"26.61"	"Handicap Hurdle"	"PU"	"9"	"Treadwell, Liam"	"Frankland, D"	"2m4f "	"8"	"140"
"14:55:00"	"2015-10-07"	"Towcester"	"Cosway Spirit (IRE)"	"4.50"	"6.03"	"Handicap Chase"	"PU"	"11"	"Bass, David"	"Pauling, Ben"	"3m.5f "	"8"	"149"
"17:05:00"	"2015-10-04"	"Uttoxeter"	"Lost In Newyork (IRE)"	"7.00"	"9.4"	"Handicap Chase"	"3"	"8"	"Wedge, Adam"	"Kent, Nick"	"2m6.5f "	"8"	"12"
"17:05:00"	"2015-10-04"	"Uttoxeter"	"Typical Oscar (IRE)"	"4.00"	"5.24"	"Handicap Chase"	"5"	"8"	"Scholfield, Nick"	"Blake, Michael"	"2m6.5f "	"8"	"185"
"17:20:00"	"2015-10-02"	"Hexham"	"Distant Sound (IRE)"	"5.50"	"7.38"	"Handicap Hurdle"	"2"	"8"	"Moloney, Paul"	"Harris, Miss G"	"2m7.5f "	"8"	"44"
"16:15:00"	"2015-09-29"	"Sedgefield"	"So Bazaar (IRE)"	"12.00"	"15.5"	"Handicap Novices Chase"	"1"	"7"	"Brooke, Henry"	"Wilson, A"	"2m.5f "	"8"	"26"
"15:10:00"	"2015-09-22"	"Warwick"	"Lost In Newyork (IRE)"	"3.50"	"5.37"	"Handicap Chase"	"4"	"6"	"Wedge, Adam"	"Kent, Nick"	"2m4f "	"8"	"61"
"19:05:00"	"2015-09-18"	"Hexham"	"Koultas King (IRE)"	"4.50"	"7.16"	"Handicap Hurdle"	"2"	"9"	"Bowen, Sean P"	"Vaughan, Tim"	"2m7.5f "	"8"	"22"
"19:05:00"	"2015-09-18"	"Hexham"	"Stitched In Time (IRE)"	"16.00"	"23"	"Handicap Hurdle"	"PU"	"9"	"Moscrop, Nathan"	"Ender, Miss S J"	"2m7.5f "	"8"	"34"
"13:30:00"	"2015-08-31"	"Huntingdon"	"Boher Lad (IRE)"	"2.00"	"3.23"	"Handicap Hurdle"	"3"	"8"	"Edwards, Alex"	"Phillips, A"	"2m3.5f "	"8"	"9"
"13:30:00"	"2015-08-31"	"Huntingdon"	"Until The Man (IRE)"	"4.50"	"5.8"	"Handicap Hurdle"	"4"	"8"	"Banks, Mr J"	"Brennan, F J"	"2m3.5f "	"8"	"11"
"13:30:00"	"2015-08-31"	"Huntingdon"	"Stadium Of Light (IRE)"	"50.00"	"120"	"Handicap Hurdle"	"PU"	"8"	"Davies, James"	"Kellett, C N"	"2m3.5f "	"8"	"10"
"19:30:00"	"2015-08-25"	"Ballinrobe"	"Milan Breeze (IRE)"	"12.00"	"21.95"	"Handicap Chase"	"PU"	"12"	"Russell, D N"	"Mooney, Miss Amanda"	"2m7f "	"8"	"19"
"19:40:00"	"2015-08-21"	"Kilbeggan"	"Old Laxey (IRE)"	"6.50"	"10.82"	"Handicap Chase"	"PU"	"10"	"Donoghue, K M"	"Dreaper, J T R"	"3m1f "	"8"	"17"
"20:00:00"	"2015-08-19"	"Worcester"	"Distant Sound (IRE)"	"33.00"	"65"	"Handicap Hurdle"	"13"	"15"	"Johns, Alan"	"Wintle, A"	"2m7f "	"8"	"49"
"14:50:00"	"2015-08-16"	"Tramore"	"Victoryrowe (IRE)"	"3.33"	"4.8"	"Maiden Hurdle"	"2"	"10"	"Gray, S J"	"Barrett, James M"	"2m5f "	"8"	"10"
"16:35:00"	"2015-08-03"	"Cork"	"Stay With It (IRE)"	"6.50"	"8.7"	"Handicap Hurdle"	"3"	"19"	"Kennedy, J W"	"Winters, Michael"	"2m3f "	"8"	"52"
"14:45:00"	"2015-07-30"	"Stratford"	"The Jugopolist (IRE)"	"40.00"	"63.64"	"Handicap Chase"	"PU"	"9"	"Cornwall, Mr Joseph"	"Cornwall, J R"	"2m6.5f "	"8"	"18"
"20:15:00"	"2015-07-23"	"Limerick"	"Best Value (IRE)"	"14.00"	"23.02"	"Handicap Hurdle"	"2"	"14"	"King, Mr J J"	"Jr, T J Nagle"	"2m6f "	"8"	"18"
"16:05:00"	"2015-07-19"	"Tipperary"	"Treacy Hotels Boy (IRE)"	"12.00"	"16.08"	"Handicap Chase"	"6"	"10"	"Fox, Mr G N"	"Bromhead, Henry De"	"2m1f "	"8"	"65"
"14:20:00"	"2015-07-15"	"Uttoxeter"	"Paddocks Lounge (IRE)"	"9.00"	"13"	"Maiden Hurdle"	"2"	"7"	"Moore, Mr K"	"Leech, Mrs S"	"2m4f "	"8"	"39"
"19:15:00"	"2015-07-07"	"Uttoxeter"	"Regal Park (IRE)"	"2.25"	"3.4"	"Handicap Novices Hurdle"	"1"	"12"	"Kennedy, W T"	"Newland, Dr R D P"	"2m4f "	"8"	"47"
"18:40:00"	"2015-07-07"	"Uttoxeter"	"Lost In Newyork (IRE)"	"9.00"	"12.74"	"Handicap Novices Chase"	"4"	"14"	"Wedge, Adam"	"Kent, Nick"	"2m4f "	"8"	"16"
"18:00:00"	"2015-06-21"	"Hexham"	"Dynamic Drive (IRE)"	"8.00"	"9.89"	"Handicap Hurdle"	"6"	"9"	"England, Jonathan"	"Barnes, M A"	"2m "	"8"	"8"
"17:30:00"	"2015-06-14"	"Downpatrick"	"El Grande (IRE)"	"5.50"	"8.4"	"Handicap Chase"	"4"	"14"	"Sexton, K C"	"Dreaper, J T R"	"2m7f "	"8"	"9"
"16:30:00"	"2015-06-12"	"Newton Abbot"	"River Dancing (IRE)"	"4.50"	"6.2"	"Handicap Chase"	"PU"	"6"	"Legg, Michael"	"Honeyball, A J"	"3m2f "	"8"	"15"
"20:40:00"	"2015-06-11"	"Uttoxeter"	"Taroum (IRE)"	"20.00"	"31.98"	"Handicap Hurdle"	"1"	"12"	"Flint, R P"	"Flint, J L"	"2m4f "	"8"	"14"
"20:20:00"	"2015-06-06"	"Limerick"	"Hellofado (IRE)"	"33.00"	"63.03"	"Handicap Chase"	"2"	"14"	"Dempsey, Luke"	"Monroe, John"	"2m3.5f "	"8"	"242"
"18:15:00"	"2015-06-05"	"Downpatrick"	"Bye Bye O Bye (IRE)"	"10.00"	"11.5"	"Handicap Hurdle"	"6"	"11"	"Enright, M A"	"Kelly, Muredach"	"2m6f "	"8"	"11"
"15:00:00"	"2015-05-31"	"Fakenham"	"Troubled (IRE)"	"10.00"	"13.41"	"Handicap Chase"	"1"	"10"	"Hughes, Brian"	"Thompson, D W"	"3m.5f "	"8"	"26"
"20:25:00"	"2015-05-29"	"Tramore"	"Liars Poker (IRE)"	"14.00"	"25.62"	"Handicap Chase"	"PU"	"16"	"McNamara, Andrew J"	"Watson, R K"	"2m6f "	"8"	"17"
"19:20:00"	"2015-05-29"	"Tramore"	"Drive On Locky (IRE)"	"12.00"	"18.71"	"Handicap Hurdle"	"6"	"13"	"OConnell, Mr B T"	"Barry, J R"	"2m5f "	"8"	"106"
"19:10:00"	"2015-05-29"	"Down Royal"	"Leighinmohr (IRE)"	"6.00"	"7.34"	"Handicap Hurdle"	"9"	"10"	"Mullins, D E"	"Ferguson, I R"	"3m "	"8"	"25"
"20:00:00"	"2015-05-25"	"Ballinrobe"	"Bye Bye O Bye (IRE)"	"10.00"	"16.03"	"Handicap Hurdle"	"PU"	"16"	"Enright, M A"	"Kelly, Muredach"	"2m4f "	"8"	"45"
"17:35:00"	"2015-05-24"	"Fontwell"	"Brass Monkey (IRE)"	"8.00"	"12"	"Handicap Hurdle"	"1"	"15"	"Kelly, Lizzie"	"King, N B"	"2m6.5f "	"8"	"48"
"19:30:00"	"2015-05-20"	"Sligo"	"Mr Cosmopolitan (IRE)"	"14.00"	"22.05"	"Handicap Hurdle"	"3"	"12"	"Cash, B M"	"Dreaper, J T R"	"2m4f "	"8"	"53"
"20:00:00"	"2015-05-16"	"Uttoxeter"	"Balinderry (IRE)"	"11.00"	"14"	"Handicap Chase"	"PU"	"9"	"Wedge, Adam"	"Kent, Nick"	"2m6.5f "	"8"	"29"
"15:30:00"	"2015-05-12"	"Limerick"	"Accordion Twilight (IRE)"	"50.00"	"212.02"	"Handicap Hurdle"	"1"	"18"	"Loughran, R"	"Lanigan, W J"	"2m "	"8"	"79"
"17:50:00"	"2015-05-07"	"Wincanton"	"Taroum (IRE)"	"10.00"	"14"	"Handicap Hurdle"	"3"	"13"	"Flint, R P"	"Flint, J L"	"2m4f "	"8"	"79"
"14:50:00"	"2015-05-06"	"Kelso"	"War On (IRE)"	"25.00"	"29.71"	"Handicap Seller Chase"	"PU"	"11"	"Dowson, Thomas"	"Thompson, V"	"2m7.5f "	"8"	"16"
"19:50:00"	"2015-05-05"	"Exeter"	"The Wealerdealer (IRE)"	"2.75"	"4.2"	"Hunters Chase"	"1"	"10"	"Chanin, Mr I"	"Chanin, I"	"3m "	"8"	"300"
"18:00:00"	"2015-05-02"	"Hexham"	"Yourholidayisover (IRE)"	"20.00"	"39.17"	"Seller Hurdle"	"9"	"9"	"Harding, Brian"	"Holmes, P F"	"2m.5f "	"8"	"21"
"17:55:00"	"2015-05-02"	"Uttoxeter"	"Allerton (IRE)"	"7.00"	"9.26"	"Handicap Novices Hurdle"	"6"	"10"	"ONeill, James"	"OBrien, Fergal"	"3m "	"8"	"21"
"19:25:00"	"2015-04-30"	"Towcester"	"Riddlestown (IRE)"	"8.00"	"10.73"	"Handicap Chase"	"3"	"7"	"Hamill, Mikey"	"Fryer, Miss C"	"2m6f "	"8"	"24"
"14:15:00"	"2015-04-30"	"Sedgefield"	"Dynamic Drive (IRE)"	"16.00"	"26.28"	"Handicap Hurdle"	"5"	"12"	"Mulqueen, S"	"Barnes, M A"	"2m1f "	"8"	"182"
"17:55:00"	"2015-04-22"	"Fairyhouse"	"Some Drama (IRE)"	"11.00"	"14.5"	"Handicap Hurdle"	"2"	"11"	"Maxwell, C D"	"McLoughlin, D A"	"3m "	"8"	"52"
"15:30:00"	"2015-04-19"	"Stratford"	"Spanish Arch (IRE)"	"4.00"	"5.77"	"Handicap Chase"	"3"	"7"	"Bellamy, Tom"	"Keighley, M"	"3m4f "	"8"	"22"
"15:15:00"	"2015-04-17"	"Fontwell"	"Xaarcet (IRE)"	"5.50"	"7.68"	"Handicap Hurdle"	"1"	"13"	"Obrien, P V"	"Tizzard, C L"	"2m6.5f "	"8"	"17"
"18:20:00"	"2015-04-13"	"Tramore"	"Atrafs Lad (IRE)"	"10.00"	"14.36"	"Handicap Hurdle"	"7"	"14"	"Butler, S E"	"Fahey, Jarlath P"	"2m5f "	"8"	"72"
"17:15:00"	"2015-04-13"	"Tramore"	"Footprint (IRE)"	"25.00"	"44"	"Maiden Hurdle"	"5"	"12"	"Colgan, R C"	"Martin, Patrick"	"2m "	"8"	"143"
"15:05:00"	"2015-04-12"	"Ffos Las"	"Premier Portrait (IRE)"	"8.00"	"11"	"Seller Hurdle"	"4"	"5"	"Shoemark, Conor P"	"Bailey, K C"	"3m "	"8"	"17"
"15:05:00"	"2015-04-05"	"Sedgefield"	"Troubled (IRE)"	"22.00"	"27.62"	"Handicap Chase"	"6"	"13"	"Hughes, Brian"	"Thompson, D W"	"2m4f "	"8"	"24"
"16:45:00"	"2015-03-28"	"Stratford"	"Allerton (IRE)"	"25.00"	"55"	"Handicap Hurdle"	"2"	"16"	"ONeill, James"	"OBrien, Fergal"	"2m6.5f "	"8"	"81"
"15:15:00"	"2015-03-28"	"Navan"	"Daves Stamper (IRE)"	"10.00"	"15.1"	"Handicap Hurdle"	"3"	"21"	"Shortall, Shane"	"Nolan, Shane"	"2m "	"8"	"11"
"14:40:00"	"2015-03-24"	"Southwell"	"Yourholidayisover (IRE)"	"8.00"	"10.71"	"Handicap Chase"	"4"	"7"	"Harding, Brian"	"Holmes, P F"	"2m "	"8"	"11"
"16:20:00"	"2015-03-22"	"Downpatrick"	"Halls Bridge (IRE)"	"9.00"	"14.5"	"Handicap Chase"	"5"	"9"	"McDermott, S G"	"Ryder, Shane Kieran"	"2m5.5f "	"8"	"18"
"16:10:00"	"2015-03-17"	"Down Royal"	"Dr Moloney (IRE)"	"7.00"	"9.26"	"Beginners Chase"	"F"	"6"	"Fox, Mr A J"	"Crawford, S R B"	"2m4f "	"8"	"189"
"14:20:00"	"2015-03-17"	"Wetherby"	"Walkabout Creek (IRE)"	"1.75"	"2.89"	"Seller Hurdle"	"1"	"6"	"Hughes, Brian"	"Frost, Kevin"	"2m6f "	"8"	"19"
"17:15:00"	"2015-03-15"	"Navan"	"Boher Call (IRE)"	"14.00"	"17.92"	"Handicap Chase"	"2"	"10"	"Enright, M A"	"Flynn, Paul W"	"2m4f "	"8"	"33"
"14:55:00"	"2015-03-13"	"Fakenham"	"Lord Fox (IRE)"	"3.00"	"4.86"	"Handicap Chase"	"1"	"8"	"England, Jonathan"	"Harris, S A"	"2m5.5f "	"8"	"12"
"14:20:00"	"2015-03-09"	"Taunton"	"El Indio (IRE)"	"20.00"	"27.38"	"Handicap Hurdle"	"10"	"12"	"Reveley, James"	"Dyson, Miss C"	"3m.5f "	"8"	"32"
"14:40:00"	"2015-03-07"	"Gowran Park"	"Toushan (IRE)"	"4.00"	"6"	"Maiden Hurdle"	"1"	"19"	"Loughran, R"	"Foley, Thomas"	"2m "	"8"	"23"
"16:30:00"	"2015-03-02"	"Fakenham"	"Boher Lad (IRE)"	"33.00"	"42.64"	"Handicap Hurdle"	"4"	"9"	"Moore, Mr K"	"Leech, Mrs S"	"3m.5f "	"8"	"46"
"14:00:00"	"2015-02-26"	"Taunton"	"Walkabout Creek (IRE)"	"6.00"	"7.75"	"Seller Hurdle"	"2"	"6"	"Whelan, Trevor"	"Frost, Kevin"	"2m3.5f "	"8"	"27"
"16:15:00"	"2015-02-17"	"Taunton"	"Taroum (IRE)"	"8.00"	"11"	"Handicap Hurdle"	"11"	"16"	"Flint, R P"	"Flint, J L"	"2m3.5f "	"8"	"46"
"16:15:00"	"2015-02-15"	"Market Rasen"	"Troubled (IRE)"	"50.00"	"69.95"	"Handicap Chase"	"PU"	"11"	"Mulqueen, S"	"Thompson, D W"	"3m1f "	"8"	"40"
"14:00:00"	"2015-02-11"	"Down Royal"	"Rocky Wednesday (IRE)"	"5.50"	"7.27"	"Beginners Chase"	"1"	"8"	"Condon, D J"	"Elliott, Gordon"	"2m4f "	"8"	"25"
"13:40:00"	"2015-02-11"	"Musselburgh"	"Debt To Society (IRE)"	"1.63"	"2.62"	"Handicap Chase"	"2"	"5"	"Bannister, Harry A A"	"Ford, R"	"3m3f "	"8"	"14"
"15:05:00"	"2015-01-29"	"Thurles"	"Castlebeach King (IRE)"	"66.00"	"393.97"	"Maiden Hurdle"	"PU"	"12"	"Lynch, A E"	"Curran, Ms Alice"	"2m6.5f "	"8"	"68"
"14:10:00"	"2015-01-20"	"Wetherby"	"Gwladys Street (IRE)"	"9.00"	"11.13"	"Handicap Hurdle"	"11"	"13"	"Challoner, Mr Harry"	"Kinsey, W R"	"3m1f "	"8"	"74"
"14:05:00"	"2015-01-02"	"Ayr"	"Cottiers Den (IRE)"	"2.75"	"3.95"	"Handicap Chase"	"PU"	"7"	"Renwick, Wilson"	"Todhunter, M"	"3m1f "	"8"	"7"
"13:45:00"	"2015-01-02"	"Ffos Las"	"L Frank Baum (IRE)"	"4.00"	"5.69"	"Handicap Hurdle"	"4"	"10"	"John, Mr P"	"Llewellyn, B J"	"2m4f "	"8"	"24"
"13:45:00"	"2015-01-02"	"Ffos Las"	"Taroum (IRE)"	"9.00"	"11.62"	"Handicap Hurdle"	"6"	"10"	"Flint, R P"	"Flint, J L"	"2m4f "	"8"	"11"
"15:25:00"	"2015-01-01"	"Tramore"	"Owens Pride (IRE)"	"7.00"	"8.91"	"Handicap Chase"	"PU"	"8"	"OConnell, Mr B T"	"Cleary, Michael G"	"2m6f "	"8"	"6"
"13:00:00"	"2014-12-30"	"Taunton"	"Bulletproof (IRE)"	"20.00"	"24"	"Handicap Hurdle"	"17"	"17"	"Brennan, P J"	"Cunningham-Brown, K O"	"2m1f "	"8"	"55"
"15:30:00"	"2014-12-28"	"Catterick"	"Cara Court (IRE)"	"14.00"	"17.93"	"Handicap Chase"	"6"	"9"	"Dawson, Mr John"	"Foster, Miss J E"	"2m3f "	"8"	"26"
"12:50:00"	"2014-12-21"	"Thurles"	"Betterthanalright (IRE)"	"12.00"	"19"	"Handicap Chase"	"1"	"18"	"Sexton, K C"	"Casey, Liam"	"3m "	"8"	"8"
"12:35:00"	"2014-12-14"	"Southwell"	"Willy Be Lucky (IRE)"	"8.00"	"11"	"Handicap Chase"	"PU"	"5"	"Kavanagh, Wayne"	"Mullins, J W"	"3m2f "	"8"	"28"
"15:05:00"	"2014-12-13"	"Tramore"	"Betterthanalright (IRE)"	"12.00"	"21"	"Handicap Chase"	"4"	"16"	"Lynch, A E"	"Casey, Liam"	"2m6f "	"8"	"16"
"12:45:00"	"2014-12-13"	"Tramore"	"Fort Carson (IRE)"	"6.00"	"8.21"	"Handicap Hurdle"	"2"	"13"	"ONeill, Mr J W"	"ONeill, Ronald"	"2m "	"8"	"16"
"15:25:00"	"2014-11-09"	"Market Rasen"	"Cara Court (IRE)"	"7.00"	"8.46"	"Handicap Chase"	"5"	"5"	"Dawson, Mr John"	"Foster, Miss J E"	"2m4f "	"8"	"40"
"13:25:00"	"2014-11-06"	"Thurles"	"Abarta (IRE)"	"6.00"	"7.4"	"Handicap Chase"	"3"	"12"	"Burke, Jonathan"	"OBrien, V T"	"3m "	"8"	"7"
"15:15:00"	"2014-11-05"	"Chepstow"	"Bulletproof (IRE)"	"9.00"	"11.5"	"Handicap Hurdle"	"7"	"14"	"OBrien, T J"	"Cunningham-Brown, K O"	"2m.5f "	"8"	"36"
"15:35:00"	"2014-10-29"	"Punchestown"	"Baby Whizz (IRE)"	"4.50"	"6.8"	"Handicap Chase"	"4"	"9"	"Walsh, M P"	"Mullins, Thomas"	"2m4f "	"8"	"39"
"15:20:00"	"2014-10-17"	"Downpatrick"	"Brown Eyed Joe (IRE)"	"16.00"	"24.83"	"Handicap Hurdle"	"UR"	"11"	"Cawley, Mr B F"	"Cummins, Thomas P"	"2m6.5f "	"8"	"10"
"16:00:00"	"2014-10-16"	"Uttoxeter"	"Fiddlers Flight (IRE)"	"16.00"	"23.64"	"Handicap Hurdle"	"5"	"11"	"Mulqueen, S"	"Norton, J R"	"2m "	"8"	"19"
"17:00:00"	"2014-10-11"	"Fairyhouse"	"Bank The Bucks (IRE)"	"4.50"	"5.76"	"Handicap Hurdle"	"2"	"13"	"Shortall, Shane"	"Hand, F G"	"2m "	"8"	"8"
"16:10:00"	"2014-10-08"	"Towcester"	"Galiotto (IRE)"	"16.00"	"19.5"	"Handicap Hurdle"	"8"	"11"	"Moore, Jamie"	"Williams, Noel"	"2m3.5f "	"8"	"75"
"17:00:00"	"2014-09-29"	"Newton Abbot"	"Supernoverre (IRE)"	"12.00"	"17"	"Handicap Hurdle"	"2"	"12"	"Brennan, P J"	"Jones, A E"	"2m1f "	"8"	"10"
"14:35:00"	"2014-09-26"	"Downpatrick"	"Captains Measure (IRE)"	"20.00"	"24"	"Handicap Hurdle"	"9"	"10"	"Maxwell, C D"	"Kingston, G A"	"2m2f "	"8"	"21"
"16:35:00"	"2014-09-19"	"Newton Abbot"	"Supernoverre (IRE)"	"20.00"	"41.12"	"Handicap Seller Hurdle"	"5"	"11"	"Best, J A"	"Jones, A E"	"2m1f "	"8"	"30"
"16:35:00"	"2014-09-17"	"Kelso"	"Acordingtoscript (IRE)"	"22.00"	"25"	"Handicap Hurdle"	"6"	"11"	"Brooke, Henry"	"Todhunter, M"	"2m.5f "	"8"	"209"
"15:05:00"	"2014-08-23"	"Cartmel"	"Royal Defence (IRE)"	"16.00"	"20"	"Handicap Hurdle"	"PU"	"11"	"Challoner, Mr Harry"	"Ford, R"	"2m6f "	"8"	"5"
"16:55:00"	"2014-08-17"	"Tramore"	"Tynaghs Trooper (IRE)"	"25.00"	"45.59"	"Handicap Chase"	"7"	"9"	"OConnell, Mr B T"	"Rothwell, P J"	"2m "	"8"	"28"
"16:20:00"	"2014-08-13"	"Newton Abbot"	"Uncle Bunge (IRE)"	"33.00"	"69.1"	"Handicap Hurdle"	"PU"	"9"	"OBrien, T J"	"Corcoran, L"	"2m6f "	"8"	"35"
"20:20:00"	"2014-07-22"	"Ballinrobe"	"Dowds Angle (IRE)"	"28.00"	"63.69"	"Handicap Hurdle"	"9"	"16"	"Darcy, M"	"Ryder, Shane Kieran"	"2m4f "	"8"	"9"
"19:45:00"	"2014-07-16"	"Killarney"	"Baby Whizz (IRE)"	"8.00"	"9.8"	"Handicap Chase"	"1"	"15"	"Walsh, M P"	"Mullins, Thomas"	"2m4.5f "	"8"	"109"
"17:20:00"	"2014-07-14"	"Downpatrick"	"Golden Olive (IRE)"	"16.00"	"20.53"	"Handicap Hurdle"	"6"	"13"	"Darcy, M"	"Doyle, Gordon Michael"	"2m7f "	"8"	"21"
"17:20:00"	"2014-07-14"	"Downpatrick"	"Mad Money (IRE)"	"16.00"	"23"	"Handicap Hurdle"	"SU"	"13"	"Lynch, A E"	"McNamara, D"	"2m7f "	"8"	"26"
"14:40:00"	"2014-07-14"	"Newton Abbot"	"Watchmetail (IRE)"	"9.00"	"12"	"Handicap Novices Hurdle"	"5"	"10"	"OFarrell, C"	"Panvert, J F"	"2m6f "	"8"	"12"
"16:45:00"	"2014-07-07"	"Newton Abbot"	"Spice Hill (IRE)"	"40.00"	"67.67"	"Handicap Hurdle"	"UR"	"12"	"Garner, Mr O"	"Ayliffe, N G"	"2m6f "	"8"	"200"
"14:35:00"	"2014-07-06"	"Limerick"	"Donatis Comet (IRE)"	"1.63"	"2.71"	"Maiden Hurdle"	"4"	"15"	"Russell, D N"	"Fahy, P A"	"2m "	"8"	"281"
"19:50:00"	"2014-06-24"	"Ballinrobe"	"Dowds Angle (IRE)"	"25.00"	"55"	"Handicap Hurdle"	"8"	"16"	"Fox, Mr G N"	"Ryder, Shane Kieran"	"2m4f "	"8"	"11"
"20:00:00"	"2014-06-23"	"Kilbeggan"	"All Honours (IRE)"	"16.00"	"22.96"	"Handicap Hurdle"	"10"	"16"	"Ring, Mr A"	"Rothwell, P J"	"3m "	"8"	"32"
"18:00:00"	"2014-06-22"	"Hexham"	"Sohcahtoa (IRE)"	"33.00"	"50"	"Handicap Hurdle"	"1"	"10"	"Kington, John"	"Crook, A"	"2m.5f "	"8"	"56"
"19:40:00"	"2014-06-13"	"Clonmel"	"Wrong Way Corrigan (IRE)"	"40.00"	"90"	"Beginners Chase"	"PU"	"15"	"Cullen, J L"	"OBrien, David M"	"3m "	"8"	"225"
"21:00:00"	"2014-06-09"	"Roscommon"	"Six Senses (IRE)"	"66.00"	"199.9"	"Beginners Chase"	"F"	"16"	"Colgan, R C"	"Lynch, Andrew"	"2m5f "	"8"	"61"
"14:10:00"	"2014-06-08"	"Perth"	"Champagne Agent (IRE)"	"16.00"	"29.5"	"Maiden Hurdle"	"8"	"11"	"Nichol, Craig"	"Russell, Miss Lucinda V"	"2m4.5f "	"8"	"31"
"13:40:00"	"2014-06-07"	"Hexham"	"Mighty Whitey (IRE)"	"3.50"	"5.5"	"Seller Hurdle"	"1"	"8"	"Dunne, R T"	"Kelly, Noel C"	"2m.5f "	"8"	"7"
"20:20:00"	"2014-06-05"	"Tipperary"	"Coldstonesober (IRE)"	"20.00"	"52.11"	"Handicap Hurdle"	"15"	"20"	"OConnell, Mr E J"	"Finn, J R"	"2m4f "	"8"	"9"
"14:35:00"	"2014-06-02"	"Listowel"	"Dushy Springs (IRE)"	"33.00"	"215.98"	"Handicap Hurdle"	"11"	"18"	"OConnell, Mr B T"	"Rothwell, P J"	"2m4f "	"8"	"131"
"19:45:00"	"2014-05-30"	"Tramore"	"Steps To Freedom (IRE)"	"1.00"	"2.02"	"Beginners Chase"	"2"	"8"	"Power, R M"	"Harrington, Mrs John"	"2m "	"8"	"13"
"17:10:00"	"2014-05-25"	"Fontwell"	"Bit Of A Clown (IRE)"	"14.00"	"19.61"	"Handicap Chase"	"4"	"9"	"Cannon, Tom J"	"Gifford, N J"	"2m6f "	"8"	"8"
"17:10:00"	"2014-05-25"	"Fontwell"	"Oscar The Myth (IRE)"	"7.00"	"11.2"	"Handicap Chase"	"6"	"9"	"Scholfield, Nick"	"Scott, J"	"2m6f "	"8"	"11"
"15:10:00"	"2014-05-25"	"Kelso"	"The Boogeyman (IRE)"	"11.00"	"13.49"	"Handicap Novices Chase"	"UR"	"11"	"Poste, Charlie"	"Middleton, A"	"2m7.5f "	"8"	"64"
"14:40:00"	"2014-05-25"	"Kelso"	"Irish By Name (IRE)"	"50.00"	"90"	"Handicap Novices Chase"	"PU"	"11"	"Buchanan, Peter"	"Wade, J"	"2m7.5f "	"8"	"18"
"20:30:00"	"2014-05-21"	"Sligo"	"Noble Pageant (IRE)"	"33.00"	"86.76"	"Handicap Hurdle"	"5"	"16"	"OConnell, Mr E J"	"Mahon, S J"	"2m4f "	"8"	"55"
"20:00:00"	"2014-05-21"	"Sligo"	"Native Court (IRE)"	"25.00"	"47.55"	"Maiden Hurdle"	"4"	"11"	"Gray, S J"	"McNiff, Mark Michael"	"2m4f "	"8"	"12"
"16:10:00"	"2014-05-21"	"Newton Abbot"	"Weston Lodge (IRE)"	"12.00"	"16.01"	"Handicap Hurdle"	"3"	"8"	"Scholfield, Nick"	"Dunn, Mrs Alex"	"2m6f "	"8"	"53"
"17:20:00"	"2014-05-14"	"Worcester"	"Watchmetail (IRE)"	"20.00"	"36"	"Handicap Hurdle"	"11"	"17"	"OFarrell, C"	"Panvert, J F"	"2m4f "	"8"	"153"
"20:00:00"	"2014-05-12"	"Towcester"	"Marju King (IRE)"	"12.00"	"15.3"	"Handicap Hurdle"	"11"	"12"	"Mitchell, Mr F"	"Middleton,P W "	"2m3.5f "	"8"	"22"
"17:40:00"	"2014-05-09"	"Downpatrick"	"Shanroe Society (IRE)"	"9.00"	"11.45"	"Handicap Hurdle"	"2"	"11"	"McKenna, Liam"	"Lambe, J J"	"2m2f "	"8"	"4"
"19:40:00"	"2014-05-06"	"Fairyhouse"	"Moss Grove (IRE)"	"20.00"	"28"	"Handicap Chase"	"5"	"15"	"Flanagan, S W"	"Fehily, Eamonn"	"3m1f "	"8"	"22"
"19:10:00"	"2014-05-06"	"Fairyhouse"	"Manor Court (IRE)"	"50.00"	"89.88"	"Beginners Chase"	"7"	"14"	"Colgan, R C"	"Mahon, S J"	"2m5.5f "	"8"	"47"
"14:30:00"	"2014-05-06"	"Fakenham"	"Not Til Monday (IRE)"	"2.25"	"3.45"	"Seller Hurdle"	"2"	"9"	"Costello, Dougie"	"Jenkins, J R"	"2m "	"8"	"184"
"19:35:00"	"2014-05-01"	"Towcester"	"Bishophill Jack (IRE)"	"4.50"	"5.94"	"Handicap Chase"	"3"	"9"	"Bellamy, Tom"	"Bailey, K C"	"3m.5f "	"8"	"10"
"17:10:00"	"2014-04-25"	"Newton Abbot"	"Twice Returned (IRE)"	"2.50"	"3.7"	"Maiden Hurdle"	"2"	"9"	"Skelton, Harry"	"Skelton, Daniel"	"2m3f "	"8"	"19"
"14:35:00"	"2014-04-22"	"Wetherby"	"Rozener (IRE)"	"20.00"	"23.33"	"Handicap Novices Hurdle"	"15"	"17"	"Challoner, Mr Harry"	"Hogarth, H P"	"2m4f "	"8"	"32"
"15:30:00"	"2014-04-21"	"Cork"	"Bang On Time (IRE)"	"10.00"	"22"	"Maiden Hunters Chase"	"9"	"16"	"Lynch, Mr M J"	"Kiernan, J M"	"3m "	"8"	"95"
"18:35:00"	"2014-04-14"	"Tramore"	"Moss Grove (IRE)"	"14.00"	"24"	"Handicap Chase"	"15"	"16"	"Condon, D J"	"Fehily, Eamonn"	"2m6f "	"8"	"25"
"17:50:00"	"2014-04-11"	"Wexford"	"Native Court (IRE)"	"20.00"	"37"	"Handicap Hurdle"	"14"	"16"	"Fox, Derek R"	"McNiff, Mark Michael"	"3m "	"8"	"119"
"14:50:00"	"2014-03-31"	"Plumpton"	"Bit Of A Clown (IRE)"	"3.50"	"4.9"	"Handicap Chase"	"4"	"10"	"Moore, Joshua"	"Gifford, N J"	"2m4f "	"8"	"89"
"14:10:00"	"2014-03-29"	"Uttoxeter"	"Mister Frosty (IRE)"	"22.00"	"42.55"	"Handicap Hurdle"	"7"	"15"	"Quinlan, Jack"	"Squance, M D"	"2m "	"8"	"15"
"15:30:00"	"2014-03-24"	"Towcester"	"Doubletoilntrouble (IRE)"	"7.00"	"9.42"	"Handicap Chase"	"8"	"11"	"Shoemark, Conor P"	"OBrien, Fergal"	"3m.5f "	"8"	"48"
"16:55:00"	"2014-03-23"	"Downpatrick"	"Mattara (IRE)"	"8.00"	"11"	"Maiden Hunters Chase"	"4"	"12"	"McNamara, Mr R P"	"Pugh, Derek"	"2m5.5f "	"8"	"100"
"16:25:00"	"2014-03-23"	"Downpatrick"	"Bills Official (IRE)"	"16.00"	"17.1"	"Handicap Chase"	"7"	"11"	"Maxwell, C D"	"Rooney, Patrick"	"2m5.5f "	"8"	"50"
"15:25:00"	"2014-03-23"	"Downpatrick"	"Mighty Whitey (IRE)"	"12.00"	"24"	"Handicap Hurdle"	"2"	"13"	"Butler, M P"	"Kelly, Noel C"	"2m2f "	"8"	"199"
"14:45:00"	"2014-03-20"	"Thurles"	"Manor Court (IRE)"	"10.00"	"17.5"	"Beginners Chase"	"PU"	"8"	"Carberry, P"	"Mahon, S J"	"2m6f "	"8"	"78"
"16:10:00"	"2014-03-17"	"Southwell"	"Weston Lodge (IRE)"	"50.00"	"190"	"Handicap Hurdle"	"12"	"15"	"Crosse, Dave"	"Kellett, C N"	"2m4.5f "	"8"	"85"
"14:45:00"	"2014-03-17"	"Down Royal"	"Baroque Style (IRE)"	"10.00"	"15.13"	"Handicap Hurdle"	"8"	"12"	"Thornton, A P"	"Stewart, George"	"3m "	"8"	"40"
"16:15:00"	"2014-03-13"	"Hexham"	"Pairc Na Leasa (IRE)"	"14.00"	"17.54"	"Handicap Hurdle"	"10"	"15"	"Challoner, Mr Harry"	"Todhunter, M"	"3m "	"8"	"17"
"14:20:00"	"2014-03-10"	"Taunton"	"Tin Pot Man (IRE)"	"10.00"	"12.23"	"Handicap Hurdle"	"8"	"11"	"Moloney, Paul"	"Williams, Evan"	"3m.5f "	"8"	"41"
"14:30:00"	"2014-03-09"	"Naas"	"Back To Balloo (IRE)"	"2.25"	"3.7"	"Beginners Chase"	"2"	"9"	"Casey, D J"	"McBratney, C A"	"2m "	"8"	"42"
"15:00:00"	"2014-03-08"	"Gowran Park"	"The Engineer (IRE)"	"12.00"	"15.57"	"Maiden Hurdle"	"5"	"13"	"Power, R M"	"Harrington, Mrs John"	"2m "	"8"	"31"
"16:50:00"	"2014-02-26"	"Wincanton"	"Latest Trend (IRE)"	"3.00"	"4.6"	"Hunters Chase"	"3"	"5"	"Andrews, Bridget"	"Penny, S"	"2m5f "	"8"	"224"
"16:45:00"	"2014-02-21"	"Thurles"	"Cnoc Na Gcon (IRE)"	"33.00"	"98.94"	"Handicap Chase"	"12"	"18"	"Conheady, Mr J"	"Conheady, James"	"2m6f "	"8"	"22"
"13:45:00"	"2014-02-05"	"Down Royal"	"Butney Boy (IRE)"	"10.00"	"18.82"	"Beginners Chase"	"4"	"11"	"Flanagan, S W"	"McBratney, C A"	"2m4f "	"8"	"41"
"15:40:00"	"2014-02-01"	"Fairyhouse"	"Crowded Room (IRE)"	"14.00"	"20"	"Handicap Chase"	"2"	"18"	"Bolger, M J"	"Cunningham, Michael"	"2m5.5f "	"8"	"6"
"13:45:00"	"2014-01-27"	"Ayr"	"Paudi The Punter (IRE)"	"7.00"	"9"	"Handicap Chase"	"PU"	"12"	"Maguire, Jason"	"Elliott, Gordon"	"3m1f "	"8"	"32"
"12:40:00"	"2014-01-02"	"Huntingdon"	"Flemi Two Toes (IRE)"	"3.50"	"4.8"	"Handicap Chase"	"1"	"8"	"Quinlan, Jack"	"Humphrey, Mrs S J"	"3m "	"8"	"21"
"15:15:00"	"2013-12-31"	"Punchestown"	"Curragh Golan (IRE)"	"33.00"	"172.76"	"Handicap Hurdle"	"11"	"14"	"Winston, John"	"Power, Gareth James"	"2m "	"8"	"26"
"15:55:00"	"2013-12-30"	"Taunton"	"Going Nowhere Fast (IRE)"	"7.00"	"8.54"	"Handicap Hurdle"	"5"	"13"	"Williams, Robert"	"Llewellyn, B J"	"2m1f "	"8"	"17"
"15:20:00"	"2013-12-26"	"Limerick"	"Lethal Weapon (IRE)"	"2.75"	"4.7"	"Handicap Chase"	"PU"	"9"	"Crowe, A P"	"Roche, C"	"2m3.5f "	"8"	"19"
"15:05:00"	"2013-12-12"	"Tramore"	"Lake Return (IRE)"	"16.00"	"20.42"	"Handicap Chase"	"F"	"12"	"Sexton, K C"	"Flavin, P T"	"2m5f "	"8"	"117"
"14:50:00"	"2013-12-10"	"Uttoxeter"	"Lord Kennedy (IRE)"	"12.00"	"16.49"	"Handicap Novices Chase"	"8"	"13"	"Brennan, P J"	"Hales, A M"	"2m4f "	"8"	"10"
"14:55:00"	"2013-12-07"	"Navan"	"Lascalahall (IRE)"	"20.00"	"38"	"Handicap Chase"	"PU"	"19"	"Enright, M A"	"Flood, Francis J"	"2m4f "	"8"	"28"
"13:00:00"	"2013-11-28"	"Thurles"	"Canaly (IRE)"	"5.50"	"7.98"	"Chase"	"F"	"4"	"Cooper, Bryan J"	"Hughes, D T"	"3m "	"8"	"35"
"12:35:00"	"2013-11-28"	"Taunton"	"James Pollard (IRE)"	"16.00"	"23.01"	"Seller Hurdle"	"2"	"9"	"Williams, Robert"	"Llewellyn, B J"	"2m1f "	"8"	"4"
"15:40:00"	"2013-11-23"	"Gowran Park"	"Moiqen (IRE)"	"11.00"	"15.85"	"Handicap Chase"	"F"	"8"	"Jones, Mr R J"	"Byrne, Philip Michael"	"2m2f "	"8"	"207"
"13:45:00"	"2013-11-20"	"Fairyhouse"	"Bravely Fought (IRE)"	"16.00"	"44.65"	"Handicap Hurdle"	"15"	"16"	"Darcy, M"	"Harty, Sabrina J"	"2m "	"8"	"7"
"15:30:00"	"2013-11-17"	"Fontwell"	"Morestead (IRE)"	"18.00"	"22.33"	"Handicap Chase"	"2"	"6"	"Moore, Joshua"	"Powell, B G"	"2m6f "	"8"	"13"
"13:50:00"	"2013-11-12"	"Sedgefield"	"Chicago Outfit (IRE)"	"3.50"	"5.1"	"Handicap Chase"	"6"	"8"	"Hughes, Brian"	"Wade, J"	"2m4f "	"8"	"19"
"15:55:00"	"2013-11-10"	"Navan"	"Day Dream Boy (IRE)"	"8.00"	"16.5"	"Handicap Hurdle"	"9"	"22"	"Cooper, Bryan J"	"Cawley, Edward"	"2m7f "	"8"	"183"
"15:55:00"	"2013-11-08"	"Hexham"	"Cilliseal (IRE)"	"5.50"	"6.96"	"Handicap Chase"	"3"	"9"	"Fox, Derek R"	"Kelly, Noel C"	"3m1f "	"8"	"27"
"15:25:00"	"2013-11-07"	"Thurles"	"Amazing Star (IRE)"	"12.00"	"18.67"	"Handicap Hurdle"	"13"	"18"	"Hogan, D G"	"Hogan, Denis Gerard"	"2m "	"8"	"23"
"13:10:00"	"2013-10-31"	"Stratford"	"Caught By Witness (IRE)"	"12.00"	"27.03"	"Handicap Hurdle"	"4"	"8"	"Mitchell, Mr F"	"Middleton, A"	"2m6.5f "	"8"	"128"
"14:00:00"	"2013-10-29"	"Ffos Las"	"Landenstown Star (IRE)"	"4.50"	"7.69"	"Handicap Hurdle"	"2"	"9"	"Phelan, T J"	"Gillard, Mark"	"2m6f "	"8"	"35"
"14:00:00"	"2013-10-24"	"Southwell"	"Ballyvoneen (IRE)"	"20.00"	"24.14"	"Handicap Chase"	"4"	"10"	"Messenger, Tom"	"King, N B"	"3m2f "	"8"	"18"
"15:20:00"	"2013-10-21"	"Plumpton"	"Nemo Spirit (IRE)"	"16.00"	"20"	"Handicap Novices Hurdle"	"11"	"13"	"ONeill, James"	"Best, Jim"	"2m "	"8"	"227"
"15:00:00"	"2013-10-17"	"Uttoxeter"	"Always Bold (IRE)"	"4.50"	"6.2"	"Handicap Chase"	"2"	"8"	"Popham, Mr I"	"Keighley, M"	"3m "	"8"	"25"
"14:45:00"	"2013-10-14"	"Limerick"	"Friendly Society (IRE)"	"7.00"	"9.62"	"Handicap Hurdle"	"2"	"16"	"Geraghty, B J"	"Hourigan, Michael"	"2m6f "	"8"	"49"
"17:00:00"	"2013-10-13"	"Ffos Las"	"Captain Moonman (IRE)"	"3.00"	"4.1"	"Handicap Hurdle"	"2"	"10"	"Corbett, Patrick E"	"Curtis, Miss Rebecca"	"3m "	"8"	"195"
"16:00:00"	"2013-10-10"	"Worcester"	"Banks Road (IRE)"	"25.00"	"28.88"	"Handicap Seller Hurdle"	"3"	"12"	"Grant, Mark"	"Deacon, Geoffrey"	"2m7f "	"8"	"29"
"16:15:00"	"2013-10-06"	"Kelso"	"Winter Alchemy (IRE)"	"8.00"	"9.6"	"Handicap Chase"	"4"	"10"	"Harding, Brian"	"Richards, N G"	"2m7.5f "	"8"	"36"
"17:20:00"	"2013-09-30"	"Newton Abbot"	"Thehorsemaytalk (IRE)"	"9.00"	"10.5"	"Handicap Chase"	"PU"	"10"	"Jones, Kevin"	"Shears, M B"	"3m2.5f "	"8"	"43"
"17:45:00"	"2013-09-27"	"Worcester"	"Morestead (IRE)"	"25.00"	"29.31"	"Handicap Hurdle"	"6"	"13"	"Aspell, Leighton"	"Powell, B G"	"2m7f "	"8"	"18"
"14:40:00"	"2013-09-09"	"Huntingdon"	"Morestead (IRE)"	"16.00"	"21.27"	"Handicap Chase"	"5"	"9"	"Aspell, Leighton"	"Powell, B G"	"2m4.5f "	"8"	"11"
"14:45:00"	"2013-08-31"	"Newton Abbot"	"Minella Bliss (IRE)"	"3.50"	"5.52"	"Handicap Novices Chase"	"6"	"8"	"Dunne, R T"	"Evans, Mrs N S"	"3m2.5f "	"8"	"9"
"15:45:00"	"2013-08-26"	"Huntingdon"	"Dantari (IRE)"	"2.75"	"4.37"	"Seller Hurdle"	"2"	"6"	"Wedge, Adam"	"Williams, Evan"	"2m4.5f "	"8"	"34"
"14:35:00"	"2013-08-26"	"Downpatrick"	"I Am Great (IRE)"	"14.00"	"19.3"	"Maiden Hurdle"	"5"	"10"	"Cosgrave, Mr P J"	"Cosgrave, J G"	"2m2.5f "	"8"	"11"
"15:55:00"	"2013-08-22"	"Ffos Las"	"Jive Master (IRE)"	"9.00"	"12"	"Handicap Chase"	"PU"	"10"	"Johnson, Richard"	"Vaughan, Tim"	"3m "	"8"	"39"
"19:40:00"	"2013-08-21"	"Newton Abbot"	"Blue Signal (IRE)"	"20.00"	"26.43"	"Handicap Hurdle"	"9"	"10"	"Heard, Liam"	"Heard, C"	"2m6f "	"8"	"42"
"18:50:00"	"2013-08-17"	"Tramore"	"Clara More (IRE)"	"20.00"	"37.52"	"Beginners Chase"	"F"	"10"	"Heskin, A P"	"OGrady, Eoghan"	"2m6f "	"8"	"23"
"18:30:00"	"2013-08-15"	"Fontwell"	"Doctor Ric (IRE)"	"6.00"	"7.59"	"Handicap Chase"	"1"	"10"	"Moore, Jamie"	"Enright, G P"	"2m6f "	"8"	"65"
"19:50:00"	"2013-08-06"	"Roscommon"	"Ri Na Tire (IRE)"	"33.00"	"60.6"	"Handicap Chase"	"F"	"15"	"Gray, S J"	"Quigley, Mark Oliver"	"3m.5f "	"8"	"32"
"17:35:00"	"2013-08-02"	"Bangor"	"Burnthill (IRE)"	"20.00"	"36.29"	"Handicap Hurdle"	"12"	"14"	"Hiskett, Daniel"	"Dyson, Miss C"	"3m "	"8"	"10"
"15:35:00"	"2013-08-01"	"Stratford"	"Days of Pleasure (IRE)"	"12.00"	"14"	"Handicap Chase"	"6"	"11"	"Cannon, Tom J"	"Gordon, C"	"2m7f "	"8"	"15"
"19:50:00"	"2013-07-30"	"Worcester"	"Neverownup (IRE)"	"8.50"	"10.5"	"Seller Hurdle"	"4"	"7"	"Crosse, Dave"	"Clutterbuck, K F"	"2m4f "	"8"	"13"
"19:35:00"	"2013-07-26"	"Wexford"	"Jakros (IRE)"	"10.00"	"17"	"Handicap Chase"	"2"	"15"	"Condon, D J"	"Meade, Noel"	"3m1f "	"8"	"32"
"17:25:00"	"2013-07-25"	"Limerick"	"Springfield Grey (IRE)"	"8.00"	"9.08"	"Maiden Hurdle"	"5"	"18"	"Butler, M P"	"Walsh, T G"	"2m4f "	"8"	"32"
"14:50:00"	"2013-07-24"	"Worcester"	"Jamesson (IRE)"	"5.50"	"7.12"	"Handicap Chase"	"PU"	"7"	"OBrien, T J"	"Snowden, Jamie"	"2m4f "	"8"	"36"
"16:15:00"	"2013-07-23"	"Southwell"	"Callhimwhatyouwant (IRE)"	"5.50"	"7.34"	"Seller Hurdle"	"3"	"5"	"Twiston-Davies, Sam"	"Newland, Dr R D P"	"2m "	"8"	"20"
"15:55:00"	"2013-07-22"	"Cartmel"	"Saddlers Deal (IRE)"	"25.00"	"42.07"	"Handicap Chase"	"3"	"7"	"Renwick, Wilson"	"Grant, C"	"2m1.5f "	"8"	"19"
"16:05:00"	"2013-07-21"	"Tipperary"	"Fair Dilemma (IRE)"	"12.00"	"18.75"	"Chase"	"F"	"4"	"Mangan, Mr P F"	"Mangan, James Joseph"	"2m1f "	"8"	"24"
"17:20:00"	"2013-07-14"	"Stratford"	"First Morning (IRE)"	"8.00"	"11.64"	"Handicap Hurdle"	"1"	"9"	"Nolan, Michael G"	"Blake, Michael"	"2m3f "	"8"	"19"
"14:10:00"	"2013-07-14"	"Southwell"	"Gainsboroughs Art (IRE)"	"50.00"	"125.35"	"Handicap Chase"	"PU"	"8"	"Hiskett, Daniel"	"Chisman, Harry"	"2m "	"8"	"42"
"20:10:00"	"2013-07-05"	"Wexford"	"Stonemaster (IRE)"	"2.75"	"3.69"	"Beginners Chase"	"2"	"13"	"Russell, D N"	"Hughes, D T"	"3m1f "	"8"	"11"
"14:50:00"	"2013-06-23"	"Worcester"	"Chestnut Ben (IRE)"	"1.75"	"2.92"	"Handicap Chase"	"3"	"10"	"McCoy, A P"	"Brown, G"	"2m.5f "	"8"	"18"
"14:30:00"	"2013-06-23"	"Hexham"	"Mongress Boy (IRE)"	"16.00"	"20.78"	"Seller Hurdle"	"PU"	"9"	"Carberry, Peter"	"Hobbs, A G"	"3m "	"8"	"17"
"19:50:00"	"2013-06-11"	"Roscommon"	"Tico (IRE)"	"25.00"	"184.12"	"Handicap Hurdle"	"2"	"18"	"Orourke, JP"	"Codd, W F"	"3m "	"8"	"11"
"19:50:00"	"2013-06-11"	"Roscommon"	"Schinkel (IRE)"	"20.00"	"69.51"	"Handicap Hurdle"	"8"	"18"	"Enright, M A"	"Hughes, D T"	"3m "	"8"	"11"
"19:40:00"	"2013-06-04"	"Hexham"	"Nisaal (IRE)"	"33.00"	"75"	"Handicap Hurdle"	"6"	"13"	"Lane, A P"	"Forster, Miss S E"	"3m "	"8"	"24"
"17:20:00"	"2013-06-02"	"Kilbeggan"	"Glenstar (IRE)"	"10.00"	"15.18"	"Handicap Chase"	"8"	"13"	"Splaine, D E"	"Ryan, John Patrick"	"3m1f "	"8"	"11"
"19:05:00"	"2013-05-31"	"Tramore"	"Jack The Hat (IRE)"	"16.00"	"29.2"	"Handicap Hurdle"	"8"	"16"	"Heskin, A P"	"Lawlor, Noel"	"2m5f "	"8"	"246"
"20:10:00"	"2013-05-24"	"Cork"	"Robbie McMahon (IRE)"	"7.00"	"8.26"	"Handicap Hurdle"	"13"	"20"	"Ferris, M J"	"Hassett, P J"	"3m "	"8"	"5"
"14:10:00"	"2013-05-23"	"Wetherby"	"Bob Will (IRE)"	"7.00"	"9.6"	"Handicap Hurdle"	"7"	"17"	"England, Sam"	"Grant, C"	"3m1f "	"8"	"15"
"18:40:00"	"2013-05-22"	"Sligo"	"Mias Vic (IRE)"	"8.00"	"11.99"	"Handicap Hurdle"	"6"	"11"	"Fox, Derek R"	"Kelly, Noel C"	"2m "	"8"	"178"
"15:40:00"	"2013-05-15"	"Fontwell"	"Morestead (IRE)"	"10.00"	"13.5"	"Handicap Chase"	"5"	"8"	"OBrien, T J"	"Powell, B G"	"2m4f "	"8"	"12"
"15:50:00"	"2013-05-14"	"Wincanton"	"Custer Of The West (IRE)"	"3.00"	"4.6"	"Handicap Hurdle"	"6"	"10"	"Hutchinson, Wayne"	"King, A"	"2m6f "	"8"	"40"
"17:40:00"	"2013-05-12"	"Worcester"	"Grovemere (IRE)"	"12.00"	"16.27"	"Handicap Hurdle"	"2"	"11"	"OBrien, T J"	"Hamer, Mrs D A"	"2m7f "	"8"	"9"
"16:45:00"	"2013-05-08"	"Kelso"	"Bob Will (IRE)"	"9.00"	"14"	"Handicap Seller Chase"	"8"	"14"	"Brooke, Henry"	"Grant, C"	"2m7.5f "	"8"	"31"
"14:50:00"	"2013-05-06"	"Ffos Las"	"Mercury Bay (IRE)"	"7.00"	"10.02"	"Handicap Chase"	"PU"	"9"	"Moloney, Paul"	"Williams, Evan"	"3m "	"8"	"20"
"14:25:00"	"2013-05-04"	"Uttoxeter"	"Dot Or Feather (IRE)"	"16.00"	"26"	"Handicap Chase"	"PU"	"13"	"Crosse, Dave"	"McPherson, Graeme P"	"2m5f "	"8"	"190"
"19:50:00"	"2013-05-03"	"Kilbeggan"	"Illicit Encounter (IRE)"	"20.00"	"40.21"	"Handicap Chase"	"PU"	"13"	"Dunne, H D"	"Dobbs, Mrs Prunella"	"3m1f "	"8"	"24"
"18:50:00"	"2013-05-03"	"Kilbeggan"	"Bennative (IRE)"	"25.00"	"32"	"Handicap Hurdle"	"4"	"13"	"Gray, S J"	"Magee, Stephen Francis"	"3m "	"8"	"30"
"17:45:00"	"2013-05-03"	"Bangor"	"Grovemere (IRE)"	"33.00"	"63.11"	"Handicap Hurdle"	"PU"	"10"	"Wallis, C"	"Hamer, Mrs D A"	"3m "	"8"	"27"
"14:00:00"	"2013-04-29"	"Towcester"	"Lombardy Boy (IRE)"	"14.00"	"18.37"	"Handicap Hurdle"	"3"	"16"	"Merriam, Alex"	"Banks, M C"	"2m5f "	"8"	"32"
"19:25:00"	"2013-04-26"	"Plumpton"	"Chestnut Ben (IRE)"	"3.33"	"4.8"	"Handicap Chase"	"2"	"6"	"Bolger, Colin"	"Brown, G"	"2m1f "	"8"	"31"
"17:35:00"	"2013-04-19"	"Fontwell"	"Conn Man (IRE)"	"40.00"	"50.52"	"Handicap Hurdle"	"3"	"15"	"McCarthy, J A"	"Deacon, Geoffrey"	"2m6.5f "	"8"	"36"
"15:40:00"	"2013-04-13"	"Stratford"	"Ajman (IRE)"	"14.00"	"18"	"Seller Hurdle"	"3"	"8"	"Ring, C V"	"Williams, Evan"	"2m.5f "	"8"	"14"
"17:20:00"	"2013-04-11"	"Fontwell"	"Goring Two (IRE)"	"4.00"	"5.92"	"Handicap Chase"	"2"	"6"	"Thornton, Andrew"	"Newton-Smith, Miss A M"	"2m4f "	"8"	"16"
"16:10:00"	"2013-04-04"	"Thurles"	"Ballyspellan Lad (IRE)"	"50.00"	"313.18"	"Beginners Chase"	"7"	"9"	"Cullen, J L"	"Gannon, Miss M M"	"2m2f "	"8"	"120"
"17:35:00"	"2013-03-31"	"Plumpton"	"Morestead (IRE)"	"20.00"	"34.14"	"Handicap Hurdle"	"5"	"11"	"Linehan, E D"	"Powell, B G"	"2m5f "	"8"	"23"
"16:40:00"	"2013-03-26"	"Fontwell"	"Chestnut Ben (IRE)"	"2.00"	"3.3"	"Handicap Chase"	"3"	"5"	"McCoy, A P"	"Brown, G"	"2m2f "	"8"	"20"
"14:50:00"	"2013-03-04"	"Ffos Las"	"Landenstown Star (IRE)"	"8.50"	"11.5"	"Handicap Hurdle"	"PU"	"13"	"David,Mr E "	"Vaughan, Tim"	"2m6f "	"8"	"23"
"14:10:00"	"2013-02-28"	"Taunton"	"Get It On (IRE)"	"2.25"	"3.85"	"Seller Hurdle"	"4"	"10"	"Wedge, Adam"	"Williams, Evan"	"2m3.5f "	"8"	"19"
"15:55:00"	"2013-02-27"	"Fairyhouse"	"Eddie Zero (IRE)"	"12.00"	"17.88"	"Handicap Hurdle"	"6"	"11"	"Maxwell, C D"	"McLoughlin, D A"	"2m4f "	"8"	"22"
"14:55:00"	"2013-01-03"	"Thurles"	"The Two Jays (IRE)"	"8.00"	"11.62"	"Handicap Hurdle"	"5"	"13"	"Crowe, A P"	"Donoghue, C P"	"2m6f "	"8"	"40"
"14:35:00"	"2013-01-01"	"Fairyhouse"	"Knockgraffon King (IRE)"	"7.00"	"9.06"	"Beginners Chase"	"4"	"6"	"Carberry, P"	"Meade, Noel"	"2m5.5f "	"8"	"16"
"13:00:00"	"2012-12-23"	"Thurles"	"Spiker The Biker (IRE)"	"20.00"	"35.61"	"Handicap Chase"	"3"	"11"	"Slevin, Mr N T"	"Slevin, Miss Frances"	"3m "	"8"	"18"
"15:25:00"	"2012-12-09"	"Kelso"	"Ballybanks (IRE)"	"3.00"	"3.97"	"Handicap Novices Hurdle"	"3"	"6"	"Speke, T"	"Johnson, R"	"3m3f "	"8"	"29"
"14:45:00"	"2012-11-17"	"Punchestown"	"Long Strand (IRE)"	"20.00"	"55"	"Chase"	"9"	"14"	"Cullen, J L"	"Nagle, D P"	"3m "	"8"	"108"
"13:30:00"	"2012-11-15"	"Ludlow"	"Feeling (IRE)"	"25.00"	"40"	"Handicap Hurdle"	"PU"	"18"	"Dunn, Mrs A"	"Burchell, D"	"2m5f "	"8"	"19"
"13:00:00"	"2012-11-10"	"Kelso"	"Ballybanks (IRE)"	"1.63"	"2.82"	"Handicap Novices Chase"	"2"	"4"	"Speke, T"	"Johnson, R"	"2m7.5f "	"8"	"34"
"15:25:00"	"2012-11-08"	"Thurles"	"Toms Last Euro (IRE)"	"10.00"	"12.66"	"Handicap Hurdle"	"10"	"18"	"Power, R M"	"Fox, Joseph"	"2m "	"8"	"10"
"14:55:00"	"2012-10-31"	"Punchestown"	"Steady Ed (IRE)"	"25.00"	"155.46"	"Maiden Hurdle"	"5"	"8"	"OConnell, Mr B T"	"Walsh, John J"	"2m6f "	"8"	"179"
"12:00:00"	"2012-10-26"	"Newcastle"	"Authentic Act (IRE)"	"20.00"	"31.88"	"Handicap Chase"	"8"	"11"	"Brooke, Henry"	"Todhunter, M"	"2m.5f "	"8"	"24"
"15:20:00"	"2012-10-25"	"Thurles"	"Son Of Moyne (IRE)"	"14.00"	"20"	"Handicap Chase"	"1"	"18"	"Carroll, T C"	"Slattery, Andrew"	"3m "	"8"	"14"
"15:15:00"	"2012-10-24"	"Worcester"	"Just The Job (IRE)"	"8.00"	"11.94"	"Handicap Hurdle"	"7"	"12"	"Byrne, Michael"	"Mulholland, N P"	"2m7f "	"8"	"86"
"16:20:00"	"2012-10-10"	"Towcester"	"Executives Hall (IRE)"	"12.00"	"18.34"	"Handicap Hurdle"	"7"	"15"	"Gallagher, Craig"	"Haslam, B M R"	"2m3.5f "	"8"	"66"
"17:10:00"	"2012-10-07"	"Kelso"	"Barr Head (IRE)"	"9.00"	"11.1"	"Handicap Chase"	"7"	"10"	"Voy, A L"	"Normile, Mrs L B"	"2m7.5f "	"8"	"84"
"16:05:00"	"2012-09-29"	"Navan"	"Hidden Shamrock (IRE)"	"10.00"	"14.33"	"Handicap Hurdle"	"1"	"27"	"Enright, M A"	"Whitmore, Leonard"	"2m7f "	"8"	"25"
"14:40:00"	"2012-09-10"	"Newton Abbot"	"Thomas Bell (IRE)"	"10.00"	"15"	"Handicap Novices Hurdle"	"UR"	"13"	"Maguire, Jason"	"Oshea, J G M"	"2m6f "	"8"	"11"
"14:05:00"	"2012-09-08"	"Stratford"	"Princely Hero (IRE)"	"20.00"	"27.49"	"Handicap Seller Hurdle"	"1"	"13"	"Cannon, Tom J"	"Gordon, C"	"2m6.5f "	"8"	"23"
"19:15:00"	"2012-08-31"	"Down Royal"	"Toms Last Euro (IRE)"	"14.00"	"26.07"	"Handicap Hurdle"	"15"	"19"	"Colgan, R C"	"Fox, Joseph"	"2m6f "	"8"	"7"
"18:40:00"	"2012-08-31"	"Down Royal"	"Mull On The Run (IRE)"	"25.00"	"126.85"	"Handicap Hurdle"	"11"	"20"	"Thornton, A P"	"McElhone, Michael"	"2m "	"8"	"100"
"19:10:00"	"2012-08-28"	"Sedgefield"	"Bilbo Boggart (IRE)"	"22.00"	"39.1"	"Handicap Hurdle"	"4"	"13"	"Haynes, Harry"	"Jefferson, J M"	"2m2.5f "	"8"	"10"
"19:35:00"	"2012-08-23"	"Bellewstown"	"Bacher Boy (IRE)"	"20.00"	"58.6"	"Handicap Hurdle"	"PU"	"10"	"Donoghue, K M"	"Stafford, Paul"	"3m "	"8"	"11"
"16:30:00"	"2012-08-19"	"Southwell"	"Lion On The Prowl (IRE)"	"2.50"	"4.51"	"Claimer Hurdle"	"1"	"8"	"Scholfield, Nick"	"Bailey, K C"	"3m.5f "	"8"	"42"
"15:35:00"	"2012-07-21"	"Cartmel"	"Red Kingdom (IRE)"	"10.00"	"13.5"	"Handicap Chase"	"1"	"8"	"Maguire, Jason"	"Sayer, Mrs Dianne"	"2m5.5f "	"8"	"13"
"16:25:00"	"2012-07-19"	"Killarney"	"Cooldine Run (IRE)"	"20.00"	"40"	"Handicap Hurdle"	"F"	"18"	"Geraghty, B J"	"Slattery, Andrew"	"2m1f "	"8"	"8"
"18:40:00"	"2012-07-11"	"Worcester"	"Johnny No Cash (IRE)"	"33.00"	"43.63"	"Handicap Chase"	"PU"	"12"	"Crosse, Dave"	"Williams, D L"	"2m7f "	"8"	"21"
"17:10:00"	"2012-06-20"	"Worcester"	"Johnny No Cash (IRE)"	"66.00"	"138.45"	"Maiden Hurdle"	"6"	"12"	"Moore, Jamie"	"Williams, D L"	"2m7f "	"8"	"11"
"20:40:00"	"2012-06-14"	"Hereford"	"Red Law (IRE)"	"5.00"	"7.2"	"Handicap Chase"	"3"	"12"	"Cannon, Tom J"	"Gillard, Mark"	"2m "	"8"	"15"
"16:25:00"	"2012-06-09"	"Worcester"	"Grand Article (IRE)"	"7.00"	"8.07"	"Handicap Novices Hurdle"	"5"	"14"	"Coleman, A"	"Cowley, P E"	"2m7f "	"8"	"26"
"16:35:00"	"2012-06-05"	"Downpatrick"	"Fort View Wings (IRE)"	"20.00"	"37.72"	"Handicap Chase"	"3"	"8"	"Colgan, R C"	"Ferguson, I R"	"2m7f "	"8"	"25"
"17:05:00"	"2012-06-04"	"Listowel"	"Spiker The Biker (IRE)"	"16.00"	"31.65"	"Hunters Chase"	"6"	"17"	"Slevin, Mr N T"	"Slevin, Miss Frances"	"3m "	"8"	"41"
"16:55:00"	"2012-05-20"	"Limerick"	"Wise Oscar (IRE)"	"14.00"	"19.67"	"Handicap Chase"	"3"	"16"	"Cash, B M"	"Wyse, A K"	"3m "	"8"	"7"
"14:55:00"	"2012-05-20"	"Limerick"	"Happy New Year (IRE)"	"14.00"	"19.9"	"Handicap Hurdle"	"12"	"17"	"Colgan, R C"	"McKiernan, Oliver"	"2m5f "	"8"	"13"
"16:20:00"	"2012-05-16"	"Fontwell"	"Red Law (IRE)"	"4.50"	"6.88"	"Handicap Chase"	"PU"	"9"	"Conlon, Mr A"	"Gillard, Mark"	"2m4f "	"8"	"19"
"16:55:00"	"2012-05-13"	"Killarney"	"Crystal Wave (IRE)"	"25.00"	"43.73"	"Handicap Chase"	"PU"	"12"	"Doyle, T J"	"Fahy, P A"	"2m4.5f "	"8"	"8"
"18:25:00"	"2012-05-12"	"Kilbeggan"	"Ross Na Righ (IRE)"	"7.00"	"9"	"Handicap Hurdle"	"2"	"14"	"Cooper, Bryan J"	"Hughes, D T"	"2m3f "	"8"	"65"
"19:25:00"	"2012-05-11"	"Downpatrick"	"Fort View Wings (IRE)"	"12.00"	"15.32"	"Handicap Chase"	"10"	"14"	"Lynch, A E"	"Ferguson, I R"	"2m7f "	"8"	"47"
"17:40:00"	"2012-05-09"	"Punchestown"	"Its All Hush Hush (IRE)"	"12.00"	"13"	"Handicap Hurdle"	"8"	"19"	"Carberry, P"	"Carr, John G"	"3m "	"8"	"5"
"17:00:00"	"2012-05-05"	"Limerick"	"Steady Ed (IRE)"	"10.00"	"15.03"	"Handicap Chase"	"6"	"15"	"McCurtin, Ambrose"	"Walsh, John J"	"2m3.5f "	"8"	"26"
"19:15:00"	"2012-05-04"	"Fontwell"	"Manjam (IRE)"	"16.00"	"20"	"Handicap Hurdle"	"1"	"10"	"Cannon, Tom J"	"Gordon, C"	"2m6.5f "	"8"	"17"
"19:25:00"	"2012-05-01"	"Ballinrobe"	"Glenlo Abbey (IRE)"	"33.00"	"57.31"	"Beginners Chase"	"UR"	"14"	"Doyle, T J"	"Neilan, John"	"2m6f "	"8"	"28"
"16:45:00"	"2012-04-21"	"Bangor"	"Bret Maverick (IRE)"	"33.00"	"58.18"	"Handicap Hurdle"	"5"	"14"	"Mogford, Jodie"	"Baugh, B P J"	"2m4f "	"8"	"31"
"18:55:00"	"2012-04-05"	"Clonmel"	"Tomcoole Lad (IRE)"	"16.00"	"22.46"	"Handicap Chase"	"9"	"11"	"Doyle, T J"	"Clifford, John O"	"2m4f "	"8"	"18"
"18:25:00"	"2012-04-05"	"Clonmel"	"Speedy Tortice (IRE)"	"40.00"	"74.41"	"Beginners Chase"	"5"	"9"	"OConnell, Mr B T"	"Larkin, Seamus"	"2m4f "	"8"	"71"
"15:25:00"	"2012-03-29"	"Ffos Las"	"Flanagan (IRE)"	"4.50"	"6.53"	"Handicap Chase"	"2"	"7"	"OBrien, T J"	"Bowen, Peter / Michael"	"2m5f "	"8"	"98"
"14:50:00"	"2012-03-23"	"Sedgefield"	"Authentic Act (IRE)"	"5.50"	"8.07"	"Handicap Hurdle"	"5"	"8"	"Challoner, Mr Harry"	"Todhunter, M"	"2m4f "	"8"	"19"
"17:15:00"	"2012-03-21"	"Hereford"	"Bret Maverick (IRE)"	"28.00"	"38"	"Handicap Hurdle"	"6"	"10"	"Phelan, T J"	"Baugh, B P J"	"2m4f "	"8"	"21"
"17:05:00"	"2012-03-18"	"Navan"	"Tomcoole Lad (IRE)"	"25.00"	"38.02"	"Handicap Chase"	"7"	"12"	"Dunne, H D"	"Clifford, John O"	"2m4f "	"8"	"24"
"16:55:00"	"2012-03-18"	"Limerick"	"The Big Boyo (IRE)"	"2.50"	"3.9"	"Handicap Chase"	"2"	"16"	"Jones, Mr R J"	"Byrnes, C"	"3m "	"8"	"90"
"14:30:00"	"2012-03-15"	"Towcester"	"Quayside Court (IRE)"	"33.00"	"44"	"Handicap Chase"	"4"	"12"	"Quinn, Gerald"	"Dyson, Miss C"	"3m.5f "	"8"	"22"
"16:15:00"	"2012-03-10"	"Chepstow"	"Tenspinhits (IRE)"	"12.00"	"15.3"	"Handicap Novices Hurdle"	"PU"	"6"	"Williams, Robert"	"Llewellyn, B J"	"2m.5f "	"8"	"16"
"15:40:00"	"2012-03-08"	"Clonmel"	"Strange Encounter (IRE)"	"16.00"	"20.81"	"Handicap Hurdle"	"11"	"18"	"OConnell, Mr B T"	"Fenton, Philip"	"3m "	"8"	"22"
"16:30:00"	"2012-03-04"	"Leopardstown"	"Parnell Street (IRE) (OLD)"	"16.00"	"34.45"	"Handicap Chase"	"11"	"16"	"Walsh, M P"	"Berry, J A"	"2m5f "	"8"	"15"
"14:45:00"	"2012-02-12"	"Southwell"	"Satindra (IRE)"	"66.00"	"142.29"	"NH Flat"	"10"	"13"	"Messenger, Tom"	"Ikin, Mrs C J"	"2m "	"8"	"21"
"15:30:00"	"2012-02-11"	"Naas"	"Bold Apache (IRE)"	"40.00"	"201.22"	"Handicap Hurdle"	"19"	"19"	"Dowling, Mr T"	"James, Thomas"	"2m "	"8"	"95"
"14:00:00"	"2012-02-09"	"Thurles"	"Spring Wine (IRE)"	"50.00"	"160"	"Beginners Chase"	"PU"	"14"	"OConnell, Mr B T"	"Rothwell, P J"	"2m "	"8"	"7"
"16:15:00"	"2012-01-22"	"Towcester"	"Humbel Times (IRE)"	"200.00"	"854.1"	"Hunters Chase"	"F"	"17"	"Tett, Frederick"	"Burton, G E"	"2m6f "	"8"	"250"
"15:40:00"	"2012-01-16"	"Plumpton"	"El Diego (IRE)"	"20.00"	"23.86"	"Handicap Chase"	"7"	"11"	"Mahon, Mr R"	"Snowden, Jamie"	"3m2f "	"8"	"9"
"15:00:00"	"2012-01-08"	"Hereford"	"Winds Of War (IRE)"	"6.50"	"8.53"	"Handicap Novices Hurdle"	"2"	"10"	"Johnson, Richard"	"Vaughan, Tim"	"3m2f "	"8"	"13"
"13:40:00"	"2012-01-07"	"Thurles"	"Hold Em Cowboy (IRE)"	"7.00"	"9.69"	"Handicap Chase"	"PU"	"13"	"Loughran, R"	"Codd, W F"	"3m "	"8"	"12"
"15:00:00"	"2012-01-05"	"Ludlow"	"Cloran Jack (IRE)"	"5.50"	"6.92"	"Handicap Chase"	"6"	"7"	"Barber, Matthew"	"Griffiths, S G"	"3m "	"8"	"38"
"13:40:00"	"2012-01-01"	"Tramore"	"Akadyr (IRE)"	"5.50"	"7.4"	"Handicap Hurdle"	"3"	"11"	"Barry, J R"	"Doyle, Eoin"	"2m5f "	"8"	"24"
"15:10:00"	"2011-12-31"	"Punchestown"	"In The Haven (IRE)"	"16.00"	"20"	"Handicap Hurdle"	"3"	"13"	"Landers, Cathal A"	"Rothwell, P J"	"2m "	"8"	"5"
"14:25:00"	"2011-12-31"	"Tramore"	"Turnonthegas (IRE)"	"20.00"	"35.97"	"Handicap Hurdle"	"5"	"13"	"McNamara, Andrew J"	"Carr, John G"	"2m5f "	"8"	"66"
"15:00:00"	"2011-12-26"	"Down Royal"	"In The Haven (IRE)"	"9.00"	"25"	"Handicap Hurdle"	"5"	"10"	"Bates, Mr D J"	"Rothwell, P J"	"2m "	"8"	"15"
"15:05:00"	"2011-12-22"	"Thurles"	"Smile Crocodile (IRE)"	"20.00"	"44.16"	"Handicap Novices Hurdle"	"PU"	"14"	"Lynch, A E"	"Miley, Daniel"	"2m6.5f "	"8"	"40"
"13:20:00"	"2011-12-19"	"Navan"	"Cantrell (IRE)"	"25.00"	"76.28"	"Handicap Hurdle"	"11"	"12"	"Treacy, T P"	"Smyth, H"	"2m "	"8"	"37"
"15:20:00"	"2011-12-15"	"Exeter"	"You Can of Course (IRE)"	"25.00"	"32.56"	"Handicap Hurdle"	"6"	"9"	"Ennis, Mikey"	"Mulholland, N P"	"2m5.5f "	"8"	"143"
"14:40:00"	"2011-12-13"	"Folkestone"	"Runaway Harry (IRE)"	"25.00"	"44.64"	"Handicap Chase"	"F"	"9"	"Crosse, Dave"	"Bowen, Peter / Michael"	"2m5f "	"8"	"13"
"15:45:00"	"2011-12-11"	"Hereford"	"Ukrainian Star (IRE)"	"10.00"	"19.05"	"Handicap Hurdle"	"1"	"16"	"Cawley, A P"	"Keighley, M"	"3m2f "	"8"	"18"
"14:50:00"	"2011-12-11"	"Cork"	"In The Haven (IRE)"	"20.00"	"55"	"Handicap Hurdle"	"12"	"24"	"Ring, Mr A"	"Rothwell, P J"	"2m "	"8"	"50"
"15:05:00"	"2011-12-08"	"Clonmel"	"Noble Commander (IRE)"	"16.00"	"37.57"	"Handicap Chase"	"11"	"18"	"Doyle, T J"	"Halpin, James"	"2m4f "	"8"	"171"
"15:05:00"	"2011-12-08"	"Clonmel"	"More Chimneys (IRE)"	"20.00"	"47.13"	"Handicap Chase"	"F"	"18"	"Leigh, A D"	"Austin, W J"	"2m4f "	"8"	"43"
"14:00:00"	"2011-11-26"	"Gowran Park"	"Baizically (IRE)"	"14.00"	"27.88"	"Handicap Hurdle"	"17"	"20"	"Hayes, Brian"	"Hanlon, John Joseph"	"3m "	"8"	"7"
"13:10:00"	"2011-11-17"	"Thurles"	"Vardas Supreme (IRE)"	"25.00"	"35.29"	"Handicap Chase"	"PU"	"14"	"Bates, Mr D J"	"Rothwell, P J"	"2m6f "	"8"	"39"
"15:30:00"	"2011-11-16"	"Warwick"	"Mac Halen (IRE)"	"7.50"	"9.2"	"Handicap Chase"	"PU"	"6"	"Wedge, Adam"	"Williams, Evan"	"3m2f "	"8"	"27"
"14:40:00"	"2011-11-13"	"Fontwell"	"Killfinnan Castle (IRE)"	"10.00"	"12.34"	"Handicap Chase"	"5"	"8"	"Kington, John"	"Jordan, V M"	"2m6f "	"8"	"249"
"15:50:00"	"2011-11-03"	"Towcester"	"Noble Witness (IRE)"	"20.00"	"28"	"Handicap Novices Chase"	"1"	"8"	"Pogson, Adam"	"Pogson, C T"	"2m3.5f "	"8"	"46"
"17:25:00"	"2011-10-20"	"Thurles"	"Canulos (IRE)"	"14.00"	"19.24"	"Handicap Hurdle"	"14"	"18"	"Thornton, A P"	"Torrens, Mervyn"	"2m6f "	"8"	"26"
"15:50:00"	"2011-10-19"	"Worcester"	"Chilbury Hill (IRE)"	"7.00"	"9.16"	"Handicap Chase"	"1"	"7"	"Farrelly, J W"	"Bishop, K"	"2m "	"8"	"13"
"16:00:00"	"2011-10-15"	"Downpatrick"	"Thistimesforgood (IRE)"	"25.00"	"48.6"	"Beginners Chase"	"UR"	"11"	"Ferris, M J"	"Elliott, Gordon"	"2m2.5f "	"8"	"24"
"15:00:00"	"2011-10-06"	"Worcester"	"Chilbury Hill (IRE)"	"4.00"	"5.2"	"Handicap Chase"	"3"	"6"	"Moore, Joshua"	"Bishop, K"	"2m "	"8"	"31"
"17:05:00"	"2011-09-21"	"Downpatrick"	"Bennys Quest (IRE)"	"14.00"	"17.37"	"Beginners Chase"	"7"	"13"	"Bates, Mr D J"	"Bowe, Colin"	"2m2.5f "	"8"	"23"
"16:00:00"	"2011-09-21"	"Downpatrick"	"Thistimesforgood (IRE)"	"16.00"	"42"	"Handicap Hurdle"	"11"	"15"	"Carberry, P"	"Elliott, Gordon"	"2m2f "	"8"	"35"
"14:45:00"	"2011-09-04"	"Fontwell"	"The Grey One (IRE)"	"11.00"	"13.5"	"Handicap Chase"	"2"	"4"	"Wallis, C"	"Bradley, J M"	"2m2f "	"8"	"6"
"19:20:00"	"2011-08-26"	"Down Royal"	"Without The Bop (IRE)"	"16.00"	"32"	"Handicap Hurdle"	"PU"	"20"	"Barry, J R"	"Doyle, Eoin"	"2m6f "	"8"	"14"
"17:30:00"	"2011-08-25"	"Cartmel"	"Folk Tune (IRE)"	"0.53"	"1.57"	"Seller Hurdle"	"2"	"4"	"Costello, Dougie"	"Quinn, J J"	"2m1.5f "	"8"	"17"
"17:35:00"	"2011-08-19"	"Kilbeggan"	"Brabazon (IRE)"	"8.00"	"16"	"Handicap Hurdle"	"7"	"13"	"Donoghue, K M"	"Butterly, E M"	"2m6f "	"8"	"20"
"20:00:00"	"2011-08-15"	"Roscommon"	"Like The Da (IRE)"	"6.00"	"6.75"	"Handicap Hurdle"	"3"	"12"	"OConnell, Mr E J"	"Kelly, David Martin"	"2m "	"8"	"1"
"16:45:00"	"2011-08-14"	"Southwell"	"Yeoman Spirit (IRE)"	"3.50"	"5.64"	"Claimer Hurdle"	"PU"	"14"	"ORegan, Denis"	"Mackie, J"	"3m.5f "	"8"	"40"
"20:20:00"	"2011-08-02"	"Roscommon"	"Skidroe Joe (IRE)"	"7.00"	"11.5"	"Handicap Chase"	"8"	"16"	"Townend, P"	"Hassett, Donal"	"3m.5f "	"8"	"285"
"19:50:00"	"2011-08-02"	"Roscommon"	"Gaelic Grounds (IRE)"	"12.00"	"21"	"Handicap Chase"	"5"	"16"	"Mullins, D E"	"Fahy, P A"	"2m5f "	"8"	"16"
"18:40:00"	"2011-08-02"	"Roscommon"	"So Billiant (IRE)"	"14.00"	"26.89"	"Handicap Hurdle"	"6"	"18"	"Dunne, R T"	"Howard, Aidan Anthony"	"3m "	"8"	"18"
"14:55:00"	"2011-07-27"	"Perth"	"Folk Tune (IRE)"	"1.50"	"2.79"	"Claimer Hurdle"	"1"	"4"	"Costello, Dougie"	"Quinn, J J"	"2m.5f "	"8"	"28"
"17:25:00"	"2011-07-23"	"Wexford"	"Kanesh (IRE)"	"10.00"	"13.23"	"Handicap Chase"	"PU"	"15"	"Cullen, J L"	"Fagan, Mark L"	"3m1f "	"8"	"20"
"19:20:00"	"2011-07-15"	"Kilbeggan"	"Father Shine (IRE)"	"12.00"	"16.56"	"Handicap Hurdle"	"SU"	"15"	"Darcy, M"	"Fitzsimons, Michael"	"3m "	"8"	"5"
"19:20:00"	"2011-07-02"	"Bellewstown"	"Cantrell (IRE)"	"10.00"	"17"	"Handicap Hurdle"	"13"	"15"	"Bowes, M W"	"Smyth, H"	"2m4f "	"8"	"115"
"20:30:00"	"2011-06-21"	"Ballinrobe"	"Western Island (IRE)"	"20.00"	"50.13"	"Handicap Hurdle"	"2"	"15"	"Slevin, Mr N T"	"Cawley, Edward"	"2m4f "	"8"	"65"
"14:50:00"	"2011-06-06"	"Listowel"	"Kalmez (IRE)"	"6.50"	"8.79"	"Handicap Hurdle"	"PU"	"17"	"Geraghty, B J"	"Rothwell, P J"	"2m4f "	"8"	"7"
"18:15:00"	"2011-05-27"	"Stratford"	"McCauley (IRE)"	"10.00"	"12.5"	"Hunters Chase"	"9"	"12"	"Hampton, Mr Matthew"	"Swaffield, Paul"	"2m1.5f "	"8"	"33"
"20:10:00"	"2011-05-25"	"Punchestown"	"Milltown Boy (IRE)"	"33.00"	"232.51"	"Handicap Hurdle"	"PU"	"25"	"Enright, P T"	"Miley, Daniel"	"2m2f "	"8"	"23"
"18:30:00"	"2011-05-24"	"Hexham"	"Waldo Winchester (IRE)"	"5.00"	"6.75"	"Handicap Novices Hurdle"	"1"	"9"	"Bannon, Miss K"	"Wilson, N"	"2m.5f "	"8"	"17"
"17:35:00"	"2011-05-22"	"Limerick"	"Borolee (IRE)"	"16.00"	"36"	"Handicap Chase"	"1"	"16"	"Mangan, Mr P F"	"Doyle, Miss Elizabeth"	"3m "	"8"	"20"
"17:35:00"	"2011-05-22"	"Limerick"	"Defying Gravity (IRE)"	"20.00"	"41.05"	"Handicap Chase"	"PU"	"16"	"Madden, N P"	"Horgan, Trevor"	"3m "	"8"	"275"
"19:10:00"	"2011-05-20"	"Towcester"	"Mister Matt (IRE)"	"2.75"	"4.1"	"Maiden Chase"	"3"	"4"	"Johnson, Richard"	"Buckler, R H"	"2m3.5f "	"8"	"12"
"19:50:00"	"2011-05-18"	"Worcester"	"Drawback (IRE)"	"33.00"	"60.52"	"Handicap Hurdle"	"PU"	"13"	"Timmons, C D"	"Brennan, F J"	"2m4f "	"8"	"37"
"15:10:00"	"2011-05-17"	"Southwell"	"The Grey One (IRE)"	"33.00"	"55"	"Handicap Chase"	"7"	"11"	"Wallis, C"	"Bradley, J M"	"2m4.5f "	"8"	"163"
"14:45:00"	"2011-05-07"	"Hexham"	"Waldo Winchester (IRE)"	"18.00"	"25"	"Seller Hurdle"	"2"	"7"	"Halliday, James"	"Wilson, N"	"2m.5f "	"8"	"20"
"17:15:00"	"2011-05-05"	"Newton Abbot"	"Gershwinner (IRE)"	"7.50"	"13.72"	"Hunters Chase"	"1"	"9"	"Woodward, Mr M"	"Oliver, Ms Emma"	"3m2.5f "	"8"	"44"
"14:35:00"	"2011-05-02"	"Limerick"	"Houmahaka (IRE)"	"14.00"	"30.84"	"Handicap Hurdle"	"F"	"18"	"Cooper, Bryan J"	"OConnor, Michael John"	"2m "	"8"	"67"
"17:50:00"	"2011-04-30"	"Hexham"	"Folk Tune (IRE)"	"1.10"	"2.18"	"Seller Hurdle"	"1"	"9"	"McGrath, Richard"	"Quinn, J J"	"2m.5f "	"8"	"25"
"17:10:00"	"2011-04-25"	"Cork"	"Emergency Cover (IRE)"	"25.00"	"98.64"	"Hunters Chase"	"1"	"9"	"Joyce, Mr J B"	"Townend, Timothy"	"2m4f "	"8"	"277"
"15:15:00"	"2011-04-24"	"Cork"	"Caravino (IRE)"	"25.00"	"70"	"Handicap Hurdle"	"PU"	"20"	"Madden, N P"	"Griffin, Eoin"	"2m "	"8"	"24"
"14:40:00"	"2011-04-23"	"Newton Abbot"	"Mr Bond (IRE)"	"3.50"	"4.87"	"Handicap Chase"	"PU"	"7"	"Scholfield, Nick"	"Turnell, Andrew"	"2m5.5f "	"8"	"12"
"17:30:00"	"2011-04-17"	"Stratford"	"Katalak (IRE)"	"4.50"	"6.4"	"Handicap Chase"	"1"	"4"	"Giles, Felix De"	"Giles, J A T De"	"3m4f "	"8"	"89"
"14:25:00"	"2011-04-17"	"Wetherby"	"Waldo Winchester (IRE)"	"8.00"	"9.73"	"Handicap Hurdle"	"6"	"11"	"Bannon, Miss K"	"Wilson, N"	"2m.5f "	"8"	"15"
"15:30:00"	"2011-04-10"	"Tramore"	"Kalmez (IRE)"	"12.00"	"18.52"	"Handicap Hurdle"	"2"	"12"	"Heskin, A P"	"Rothwell, P J"	"2m4f "	"8"	"99"
"15:15:00"	"2011-04-02"	"Gowran Park"	"Stony Grey Soil (IRE)"	"3.50"	"4.8"	"Handicap Hurdle"	"3"	"20"	"McNamara, Andrew J"	"Walsh, John J"	"2m4f "	"8"	"65"
"17:05:00"	"2011-03-31"	"Ludlow"	"McCauley (IRE)"	"20.00"	"27"	"Hunters Chase"	"2"	"12"	"Hampton, Mr Matthew"	"Swaffield, Paul"	"2m4f "	"8"	"8"
"17:00:00"	"2011-03-24"	"Thurles"	"Glenbane Gent (IRE)"	"14.00"	"23.31"	"Handicap Hurdle"	"F"	"18"	"Townend, P"	"Rothwell, P J"	"2m6f "	"8"	"22"
"16:50:00"	"2011-03-19"	"Gowran Park"	"Borolee (IRE)"	"16.00"	"26.35"	"Handicap Chase"	"F"	"17"	"OConnell, Mr B T"	"Doyle, Miss Elizabeth"	"3m "	"8"	"50"
"16:50:00"	"2011-03-17"	"Down Royal"	"Red Seven (IRE)"	"25.00"	"92.53"	"Hunters Chase"	"PU"	"19"	"McGuinness, Mr C S"	"Cassidy, Norman"	"2m4f "	"8"	"270"
"16:30:00"	"2011-03-14"	"Plumpton"	"Rapid Return (IRE)"	"16.00"	"19.97"	"Handicap Chase"	"PU"	"8"	"Quinlan, Sean"	"Phillips, R T"	"3m2f "	"8"	"48"
"15:25:00"	"2011-03-13"	"Limerick"	"Colls Corner (IRE)"	"10.00"	"19"	"Handicap Hurdle"	"2"	"14"	"Allen, J M"	"Barry, Michael"	"2m5f "	"8"	"22"
"14:25:00"	"2011-03-13"	"Limerick"	"Roowest (IRE)"	"100.00"	"1000"	"Maiden Hurdle"	"14"	"16"	"Ferris, M J"	"OBrien, Ciaran"	"2m5f "	"8"	"3"
"17:10:00"	"2011-03-12"	"Limerick"	"Oh Johnny (IRE)"	"7.00"	"12.62"	"Handicap Hurdle"	"8"	"16"	"Jones, Mr R J"	"McNamara, E"	"2m5f "	"8"	"45"
"16:50:00"	"2011-02-26"	"Navan"	"Bonoman (IRE)"	"7.00"	"7.65"	"Handicap Chase"	"UR"	"16"	"Byrne, Mr S R"	"Roche, Seamus"	"3m "	"8"	"51"
"15:45:00"	"2011-02-16"	"Punchestown"	"Turnonthegas (IRE)"	"16.00"	"33.97"	"Handicap Hurdle"	"1"	"22"	"McNamara, Andrew J"	"Carr, John G"	"2m6f "	"8"	"22"
"14:00:00"	"2011-02-15"	"Folkestone"	"The Snatcher (IRE)"	"14.00"	"17.93"	"Handicap Hurdle"	"5"	"7"	"Carberry, Peter"	"Phillips, R T"	"2m1.5f "	"8"	"64"
"17:05:00"	"2011-02-12"	"Ayr"	"Glengap (IRE)"	"16.00"	"23.28"	"Handicap Hurdle"	"7"	"12"	"Whillans, Callum"	"Cooper, E J"	"2m "	"8"	"4"
"14:10:00"	"2011-01-26"	"Limerick"	"Muzak (IRE)"	"25.00"	"48.39"	"Handicap Hurdle"	"5"	"18"	"Flanagan, S W"	"Monroe, John"	"2m3f "	"8"	"157"
"16:00:00"	"2011-01-17"	"Fakenham"	"Ramvaswani (IRE)"	"22.00"	"39.19"	"Handicap Hurdle"	"6"	"7"	"Merriam, Alex"	"King, N B"	"2m7.5f "	"8"	"6"
"15:40:00"	"2011-01-17"	"Plumpton"	"Seaview Lad (IRE)"	"11.00"	"13"	"Handicap Chase"	"PU"	"9"	"Glassonbury, Andrew"	"Buckler, R H"	"3m2f "	"8"	"54"
"13:30:00"	"2011-01-11"	"Leicester"	"Killfinnan Castle (IRE)"	"9.00"	"11.5"	"Handicap Chase"	"2"	"10"	"Kennedy, W T"	"Jordan, V M"	"2m4.5f "	"8"	"75"
"14:40:00"	"2011-01-06"	"Huntingdon"	"Mad Professor (IRE)"	"12.00"	"17.79"	"Handicap Chase"	"6"	"8"	"Cornwall, Mr Joseph"	"Cornwall, J R"	"2m.5f "	"8"	"22"
"13:35:00"	"2011-01-06"	"Thurles"	"Bonoman (IRE)"	"6.00"	"7.48"	"Handicap Chase"	"3"	"17"	"OConnell, Mr B T"	"Roche, Seamus"	"3m "	"8"	"64"
"13:50:00"	"2011-01-04"	"Leicester"	"Phar Again (IRE)"	"8.00"	"10.5"	"Handicap Chase"	"3"	"10"	"Phelan, T J"	"Dyson, Miss C"	"2m4.5f "	"8"	"44"
"14:55:00"	"2011-01-02"	"Folkestone"	"Bearneen Boy (IRE)"	"5.00"	"6.44"	"Handicap Seller Hurdle"	"4"	"6"	"Coleman, A"	"King, N B"	"2m6.5f "	"8"	"38"
"15:20:00"	"2010-12-28"	"Limerick"	"Gentleman Jim (IRE)"	"14.00"	"26"	"Handicap Chase"	"3"	"10"	"Doyle, T J"	"Fogarty, J P"	"2m3.5f "	"8"	"12"
"16:10:00"	"2010-11-01"	"Plumpton"	"Monash Lad (IRE)"	"33.00"	"76.34"	"Handicap Hurdle"	"8"	"11"	"Killoran, R J"	"Bryant, Miss M P"	"2m5f "	"8"	"176"
"16:45:00"	"2010-10-28"	"Clonmel"	"Its Lous Turn (IRE)"	"20.00"	"95"	"Handicap Hurdle"	"7"	"17"	"Doyle, T J"	"Doyle, Miss Elizabeth"	"3m "	"8"	"42"
"16:55:00"	"2010-10-27"	"Punchestown"	"Major Decision (IRE)"	"22.00"	"73.57"	"Handicap Chase"	"5"	"18"	"Cullen, J L"	"Cullen, Michael"	"2m6f "	"8"	"18"
"16:20:00"	"2010-10-27"	"Punchestown"	"Oscar Dubh (IRE)"	"16.00"	"28"	"Handicap Chase"	"6"	"16"	"Darcy, M"	"McCabe, Moses"	"2m4f "	"8"	"115"
"15:20:00"	"2010-10-21"	"Thurles"	"Betheholygobbs (IRE)"	"14.00"	"23.25"	"Handicap Chase"	"3"	"15"	"Condon, D J"	"Brassil, John"	"3m "	"8"	"37"
"16:55:00"	"2010-10-16"	"Downpatrick"	"Moscow Towers (IRE)"	"14.00"	"28.28"	"Beginners Chase"	"7"	"11"	"Darcy, M"	"Roche, Seamus"	"2m7f "	"8"	"7"
"17:05:00"	"2010-10-10"	"Ffos Las"	"Treasury Counsel (IRE)"	"10.00"	"11.34"	"Handicap Hurdle"	"PU"	"10"	"Fahy, D P"	"Williams, Evan"	"3m "	"8"	"21"
"15:15:00"	"2010-10-09"	"Fairyhouse"	"Tango Foxtrot (IRE)"	"20.00"	"48"	"Handicap Hurdle"	"16"	"16"	"OConnell, Mr E J"	"McBratney, C A"	"2m "	"8"	"97"
"15:05:00"	"2010-10-08"	"Carlisle"	"Dechiper (IRE)"	"5.00"	"6.61"	"Handicap Novices Hurdle"	"6"	"11"	"Johnson, Kenny"	"Johnson, R"	"2m4f "	"8"	"7"
"17:00:00"	"2010-10-07"	"Tramore"	"Torremuelle (IRE)"	"9.00"	"13.5"	"Handicap Chase"	"PU"	"15"	"Mangan, Mr P F"	"Finn, David Edward"	"2m6f "	"8"	"179"
"17:00:00"	"2010-10-07"	"Tramore"	"Wagga Wagga (IRE) (OLD)"	"28.00"	"55"	"Handicap Chase"	"UR"	"15"	"Enright, P T"	"OLeary, Thomas Gerard"	"2m6f "	"8"	"11"
"17:45:00"	"2010-09-30"	"Sligo"	"Ameretto Son (IRE)"	"8.00"	"11"	"Handicap Chase"	"4"	"11"	"Darcy, M"	"Donnelly, Lorcan Joseph"	"3m "	"8"	"27"
"16:15:00"	"2010-09-30"	"Sligo"	"Tullamakulla (IRE)"	"12.00"	"16.85"	"Handicap Hurdle"	"11"	"14"	"Townend, P"	"Hassett, Donal"	"2m2f "	"8"	"10"
"16:35:00"	"2010-09-20"	"Ballinrobe"	"Carrleoni (IRE)"	"10.00"	"17.3"	"Handicap Hurdle"	"9"	"16"	"McNamara, Andrew J"	"Neilan, John"	"2m4f "	"8"	"7"
"19:10:00"	"2010-08-26"	"Bellewstown"	"Flying Rocket (IRE)"	"33.00"	"122.39"	"Maiden Hurdle"	"9"	"12"	"McNamara, Andrew J"	"ONeill, Thomas"	"3m "	"8"	"20"
"14:40:00"	"2010-08-21"	"Newton Abbot"	"Rudinero (IRE)"	"4.50"	"5.88"	"Handicap Novices Chase"	"1"	"10"	"Twiston-Davies, Sam"	"Brennan, F J"	"3m2.5f "	"8"	"19"
"19:50:00"	"2010-08-12"	"Tramore"	"Model Athlete (IRE)"	"8.00"	"13.79"	"Handicap Chase"	"PU"	"13"	"McNiff, L"	"Kavanagh, Peter L"	"2m6f "	"8"	"29"
"19:15:00"	"2010-08-12"	"Tramore"	"Major Decision (IRE)"	"5.00"	"8"	"Beginners Chase"	"4"	"9"	"Madden, N P"	"Cullen, Michael"	"2m6f "	"8"	"20"
"19:20:00"	"2010-08-03"	"Roscommon"	"Simply Game (IRE)"	"25.00"	"70.48"	"Handicap Hurdle"	"11"	"18"	"Clarke, K H"	"McDonogh, Desmond"	"2m4f "	"8"	"67"
"20:35:00"	"2010-07-23"	"Wexford"	"Shake The Bottle (IRE)"	"25.00"	"41.85"	"Handicap Chase"	"5"	"15"	"Cooper, Bryan J"	"Winters, Michael"	"2m6f "	"8"	"19"
"16:10:00"	"2010-07-14"	"Uttoxeter"	"Harvey May (IRE)"	"66.00"	"124.92"	"Handicap Novices Chase"	"6"	"9"	"Freeman, A"	"Upson, John R"	"3m "	"8"	"44"
"17:45:00"	"2010-07-09"	"Cork"	"Imco Tendence (IRE)"	"25.00"	"50"	"Maiden Hurdle"	"11"	"16"	"Casey, D J"	"OConnor, Mrs Mary C"	"2m "	"8"	"240"
"16:25:00"	"2010-07-04"	"Bellewstown"	"Emerson Breeze (IRE)"	"16.00"	"34.19"	"Handicap Hurdle"	"9"	"15"	"Carroll, T C"	"Rogers, H"	"2m1f "	"8"	"247"
"16:25:00"	"2010-07-04"	"Bellewstown"	"Tango Foxtrot (IRE)"	"16.00"	"29.72"	"Handicap Hurdle"	"PU"	"15"	"Loughran, R"	"McBratney, C A"	"2m1f "	"8"	"14"
"20:35:00"	"2010-07-02"	"Wexford"	"Trideag (IRE)"	"20.00"	"64.16"	"Handicap Chase"	"PU"	"15"	"Jackson, S W"	"Rothwell, P J"	"2m3f "	"8"	"14"
"18:30:00"	"2010-06-21"	"Kilbeggan"	"Frankford (IRE)"	"33.00"	"110"	"Novices Hurdle"	"1"	"13"	"Kennedy, PAddy D"	"Mulhern, Jeffrey Ian"	"3m "	"8"	"24"
"15:50:00"	"2010-06-20"	"Hereford"	"Rudinero (IRE)"	"4.00"	"5.6"	"Handicap Chase"	"6"	"9"	"Toole, Peter"	"Brennan, F J"	"2m5.5f "	"8"	"21"
"15:05:00"	"2010-06-20"	"Gowran Park"	"Carrleoni (IRE)"	"25.00"	"49.5"	"Maiden Hurdle"	"6"	"20"	"OConnell, Mr B T"	"Neilan, John"	"2m4f "	"8"	"20"
"20:10:00"	"2010-06-10"	"Uttoxeter"	"Mhilu (IRE)"	"2.25"	"3.65"	"Seller Hurdle"	"1"	"6"	"McCoy, A P"	"Vaughan, Tim"	"2m "	"8"	"10"
"17:05:00"	"2010-05-23"	"Downpatrick"	"Shepherd Moon (IRE)"	"25.00"	"122.72"	"Handicap Chase"	"F"	"14"	"Enright, P T"	"OBrien, V T"	"2m7f "	"8"	"7"
"16:30:00"	"2010-05-23"	"Downpatrick"	"Unouself (IRE)"	"20.00"	"100.95"	"Beginners Chase"	"PU"	"15"	"Cawley, A P"	"Lambe, J J"	"2m7f "	"8"	"20"
"14:50:00"	"2010-05-23"	"Downpatrick"	"San Giustino (IRE)"	"20.00"	"55.93"	"Handicap Hurdle"	"7"	"15"	"Molloy, R J"	"Galvin, B P"	"2m2f "	"8"	"17"
"16:15:00"	"2010-05-20"	"Wetherby"	"Insignia (IRE)"	"50.00"	"75.04"	"Handicap Hurdle"	"6"	"14"	"Tutty, Gemma"	"Tutty, Mrs K J"	"3m1f "	"8"	"11"
"14:55:00"	"2010-05-16"	"Limerick"	"Split Ear (IRE)"	"8.00"	"12.07"	"Handicap Hurdle"	"6"	"18"	"McCarth, R J"	"Mullins, Anthony"	"2m3f "	"8"	"136"
"15:00:00"	"2010-05-03"	"Limerick"	"Moving On (IRE)"	"16.00"	"27.55"	"Handicap Hurdle"	"4"	"18"	"Mangan, Mr P F"	"Flavin, Mrs Marian"	"2m "	"8"	"16"
"18:20:00"	"2010-04-27"	"Sedgefield"	"Oh Yah Dancer (IRE)"	"9.00"	"12.5"	"Seller Hurdle"	"2"	"7"	"Keniry, Barry"	"Bewley, G T"	"2m4f "	"8"	"47"
"15:40:00"	"2010-04-20"	"Punchestown"	"Burren Storm (IRE)"	"25.00"	"145.97"	"Hunters Chase"	"PU"	"23"	"OConnor, Derek"	"Hassett, Donal"	"3m1f "	"8"	"275"
"16:20:00"	"2010-03-14"	"Towcester"	"Tarkesar (IRE)"	"28.00"	"37.67"	"Handicap Hurdle"	"PU"	"17"	"Crawley, Matt"	"Ikin, Mrs C J"	"2m3.5f "	"8"	"7"
"15:50:00"	"2010-03-14"	"Towcester"	"Coast Of Malabar (IRE)"	"40.00"	"63.65"	"Handicap Chase"	"PU"	"14"	"Hide, Philip"	"Farrant, R A"	"3m.5f "	"8"	"28"
"16:15:00"	"2010-03-10"	"Naas"	"Slippers Percy (IRE)"	"5.00"	"6.6"	"Handicap Hurdle"	"10"	"19"	"Hogan, D G"	"Hogan, Denis Gerard"	"3m "	"8"	"18"
"15:30:00"	"2010-02-28"	"Clonmel"	"Mikey Joe (IRE)"	"25.00"	"78.67"	"Beginners Chase"	"3"	"9"	"Power, E F"	"Walsh, John J"	"2m1f "	"8"	"63"
"14:25:00"	"2010-02-27"	"Chepstow"	"Buailteoir (IRE)"	"33.00"	"50.65"	"Handicap Chase"	"PU"	"9"	"Moloney, Paul"	"Williams, Evan"	"2m.5f "	"8"	"19"
"15:55:00"	"2010-02-26"	"Thurles"	"Lurgan (IRE)"	"1.63"	"2.74"	"Beginners Chase"	"1"	"11"	"Flood, P W"	"Hughes, D T"	"3m "	"8"	"61"
"15:35:00"	"2010-02-24"	"Fairyhouse"	"Hidden Present (IRE)"	"20.00"	"60"	"Handicap Chase"	"6"	"16"	"Clements, Mr S"	"Jones, Bernard"	"2m5f "	"8"	"59"
"14:55:00"	"2010-02-18"	"Clonmel"	"Whos Deal (IRE)"	"20.00"	"43.91"	"Handicap Hurdle"	"SU"	"14"	"Mangan, Mr P F"	"OKeeffe, Gerard J"	"2m4f "	"8"	"12"
"16:25:00"	"2010-02-09"	"Fairyhouse"	"Got The Urge (IRE)"	"5.50"	"7.8"	"Handicap Novices Chase"	"3"	"10"	"MacAuley, D"	"Rothwell, P J"	"2m5f "	"8"	"9"
"14:10:00"	"2010-02-04"	"Towcester"	"Isaac Butt (IRE)"	"6.50"	"8.08"	"Handicap Chase"	"5"	"8"	"Glassonbury, Andrew"	"Young, Mrs L J"	"2m.5f "	"8"	"11"
"16:40:00"	"2010-01-31"	"Limerick"	"Got The Urge (IRE)"	"3.50"	"4.7"	"Handicap Chase"	"1"	"11"	"MacAuley, D"	"Rothwell, P J"	"2m3.5f "	"8"	"12"
"15:10:00"	"2010-01-31"	"Limerick"	"Undergraduate (IRE)"	"7.00"	"8.63"	"Handicap Hurdle"	"5"	"14"	"Ferris, M J"	"OCallaghan, Michael E"	"2m6f "	"8"	"14"
"15:05:00"	"2009-12-31"	"Tramore"	"Oran Flyer (IRE)"	"2.00"	"3.32"	"Beginners Chase"	"F"	"12"	"OConnell, Mr B T"	"Fenton, Philip"	"2m5f "	"8"	"13"
"15:00:00"	"2009-12-27"	"Down Royal"	"Send For Paddy (IRE)"	"16.00"	"179.38"	"Hunters Chase"	"4"	"16"	"Cully, Mr C"	"Rankin, William George"	"2m7f "	"8"	"273"
"14:15:00"	"2009-12-15"	"Cork"	"Boujis Bhoys (IRE)"	"16.00"	"20.88"	"Handicap Hurdle"	"7"	"9"	"Madden, N P"	"Flannery, M"	"2m "	"8"	"37"
"12:30:00"	"2009-12-13"	"Cork"	"Loughwell Star (IRE)"	"20.00"	"87.8"	"Handicap Novices Hurdle"	"13"	"24"	"Hassett, S J"	"Delahunty, William"	"2m4f "	"8"	"19"
"15:20:00"	"2009-12-09"	"Hexham"	"Kirkside Pleasure (IRE)"	"12.00"	"16.1"	"Handicap Chase"	"4"	"15"	"Buchanan, Peter"	"Bradburne, Mrs S C"	"3m1f "	"8"	"19"
"15:30:00"	"2009-11-12"	"Ludlow"	"Albert Park (IRE) (OLD)"	"12.00"	"15"	"Handicap Hurdle"	"6"	"14"	"Poste, Charlie"	"Upson, John R"	"2m5f "	"8"	"25"
"14:10:00"	"2009-11-08"	"Limerick"	"Boujis Bhoys (IRE)"	"14.00"	"23.21"	"Handicap Hurdle"	"5"	"11"	"McCutcheon, Miss Evanna"	"Flannery, M"	"2m "	"8"	"14"
"17:15:00"	"2009-10-15"	"Punchestown"	"Inoma James (IRE)"	"25.00"	"37.96"	"Handicap Chase"	"3"	"22"	"Quinlan, Mr R P"	"Barry, D J"	"3m1f "	"8"	"185"
"17:15:00"	"2009-10-15"	"Punchestown"	"Rock On Chicago (IRE)"	"7.00"	"10.73"	"Handicap Chase"	"11"	"22"	"OConnor, Mr M J"	"Fitzgerald, D E"	"3m1f "	"8"	"14"
"16:20:00"	"2009-10-14"	"Punchestown"	"Merry Cowboy (IRE)"	"50.00"	"115.66"	"Handicap Hurdle"	"11"	"25"	"McNamara, Andrew J"	"OConnell, Eamon"	"2m4f "	"8"	"8"
"14:30:00"	"2009-09-29"	"Sedgefield"	"Sam McCoombe (IRE)"	"28.00"	"33.51"	"Handicap Novices Hurdle"	"6"	"11"	"Halliday, James"	"Fitzgerald, T J"	"2m5.5f "	"8"	"9"
"15:50:00"	"2009-09-26"	"Navan"	"Visit Wexford (IRE)"	"10.00"	"12.5"	"Handicap Hurdle"	"2"	"30"	"Enright, P T"	"Kiely, J E and Thomas"	"2m6f "	"8"	"5"
"16:10:00"	"2009-09-24"	"Fontwell"	"Albert Park (IRE) (OLD)"	"10.00"	"11.09"	"Handicap Novices Hurdle"	"2"	"12"	"Freeman, A"	"Upson, John R"	"2m4f "	"8"	"30"
"15:20:00"	"2009-09-20"	"Uttoxeter"	"Peafield Supreme (IRE)"	"14.00"	"17.6"	"Seller Hurdle"	"11"	"16"	"Lee, G"	"Dreaper, J T R"	"2m6.5f "	"8"	"12"
"17:40:00"	"2009-08-31"	"Huntingdon"	"Nigwell Forbees (IRE)"	"7.00"	"9.8"	"Handicap Hurdle"	"3"	"17"	"Farrelly, J W"	"Cooper, E J"	"3m2f "	"8"	"15"
"17:40:00"	"2009-08-31"	"Huntingdon"	"Tully Cross (IRE)"	"14.00"	"18.5"	"Handicap Hurdle"	"12"	"17"	"Thornton, Robert"	"Lambe, J J"	"3m2f "	"8"	"22"
"19:05:00"	"2009-08-19"	"Killarney"	"Rathnaskillogue (IRE)"	"9.00"	"11.52"	"Handicap Chase"	"2"	"15"	"Townend, P"	"OBrien, Ciaran"	"2m4.5f "	"8"	"76"
"17:40:00"	"2009-08-18"	"Worcester"	"My Condor (IRE)"	"6.00"	"7.84"	"Handicap Chase"	"2"	"12"	"Maguire, Jason"	"McCain Jnr, D"	"2m "	"8"	"8"
"17:05:00"	"2009-08-16"	"Tramore"	"Alabama Banjo (IRE)"	"8.50"	"13.52"	"Beginners Chase"	"3"	"15"	"Flood, P W"	"McNamara, E"	"2m "	"8"	"33"
"15:35:00"	"2009-08-16"	"Tramore"	"The Tipperary Man (IRE)"	"10.00"	"12.73"	"Maiden Hurdle"	"7"	"15"	"Ryan, Mr J A"	"McLoughlin, Hilary"	"2m4f "	"8"	"13"
"18:00:00"	"2009-07-31"	"Bangor"	"Albert Park (IRE) (OLD)"	"25.00"	"36"	"Handicap Hurdle"	"7"	"17"	"Tumelty, Gerard"	"Upson, John R"	"3m "	"8"	"75"
"14:10:00"	"2009-07-22"	"Worcester"	"Orchard King (IRE)"	"10.00"	"12"	"Handicap Hurdle"	"3"	"13"	"Tolman, Mr P J"	"Thorpe, Mrs A M"	"3m "	"8"	"14"
"15:15:00"	"2009-07-05"	"Sligo"	"Lord Thai (IRE)"	"5.00"	"6.17"	"Handicap Hurdle"	"4"	"12"	"Leigh, A D"	"Byrne, Sean"	"2m4f "	"8"	"71"
"19:00:00"	"2009-06-23"	"Newton Abbot"	"Shanahan (IRE)"	"12.00"	"16"	"Seller Hurdle"	"6"	"16"	"Coleman, Dean"	"Vaughan, Tim"	"2m3f "	"8"	"30"
"15:30:00"	"2009-06-21"	"Hereford"	"Tyndall (IRE)"	"100.00"	"650.64"	"Seller Hurdle"	"PU"	"15"	"Stephens, Lee"	"Evans, Mrs N S"	"3m2f "	"8"	"10"
"20:45:00"	"2009-06-16"	"Newton Abbot"	"Cape Verde Sal (IRE)"	"11.00"	"13.5"	"Chase"	"14"	"16"	"Murphy, Timmy"	"Gandolfo, D R"	"2m5.5f "	"8"	"33"
"15:00:00"	"2009-06-14"	"Downpatrick"	"Games (IRE)"	"7.00"	"10.27"	"Handicap Hurdle"	"2"	"15"	"Jackson, S W"	"Rothwell, P J"	"2m2f "	"8"	"7"
"20:00:00"	"2009-06-11"	"Fontwell"	"Mistified (IRE)"	"14.00"	"22"	"Handicap Seller Hurdle"	"5"	"18"	"Moore, Jamie"	"Mullins, J W"	"2m6.5f "	"8"	"29"
"16:00:00"	"2009-06-08"	"Newton Abbot"	"Well Mick (IRE)"	"7.50"	"13.55"	"Handicap Chase"	"PU"	"14"	"Giles, Felix De"	"Giles, J A T De"	"3m2.5f "	"8"	"20"
"20:20:00"	"2009-06-04"	"Tipperary"	"Rathnaskillogue (IRE)"	"14.00"	"25"	"Handicap Chase"	"PU"	"18"	"Ryan, T G M"	"OBrien, Ciaran"	"2m4f "	"8"	"28"
"15:00:00"	"2009-05-13"	"Fontwell"	"Mistified (IRE)"	"10.00"	"17.5"	"Seller Hurdle"	"4"	"7"	"Molloy, T"	"Mullins, J W"	"2m6.5f "	"8"	"16"
"18:30:00"	"2009-05-12"	"Newton Abbot"	"Shanahan (IRE)"	"5.00"	"7"	"Seller Hurdle"	"3"	"8"	"Jacob, Daryl"	"Corcoran, L"	"2m3f "	"8"	"5"
"14:45:00"	"2009-05-02"	"Uttoxeter"	"Well Mick (IRE)"	"40.00"	"88.43"	"Seller Hurdle"	"14"	"18"	"Giles, Felix De"	"Giles, J A T De"	"2m4.5f "	"8"	"209"
"19:40:00"	"2009-05-01"	"Fontwell"	"Maree Hall (IRE)"	"20.00"	"40.81"	"Handicap Chase"	"11"	"17"	"Thornton, Andrew"	"Geake, J A"	"3m2.5f "	"8"	"22"
"14:30:00"	"2009-04-27"	"Plumpton"	"Kevkat (IRE)"	"3.00"	"4.14"	"Maiden Hurdle"	"F"	"7"	"Scudamore, Tom"	"Pipe, D E"	"2m "	"8"	"29"
"18:30:00"	"2009-04-25"	"Kilbeggan"	"Another Notice (IRE)"	"10.00"	"15"	"Handicap Hurdle"	"4"	"15"	"Jackson, S W"	"Rothwell, P J"	"2m3f "	"8"	"6"
"19:40:00"	"2009-04-23"	"Tipperary"	"Glenduff Castle (IRE)"	"4.50"	"5.4"	"Hunters Chase"	"10"	"13"	"OConnor, Mr M J"	"Winters, Michael"	"2m7f "	"8"	"3"
"18:40:00"	"2009-04-23"	"Tipperary"	"Denny Mac (IRE)"	"2.00"	"3.1"	"Beginners Chase"	"5"	"16"	"Russell, D N"	"OLeary, Thomas Gerard"	"2m4f "	"8"	"35"
"19:10:00"	"2009-04-22"	"Ballinrobe"	"Judge Deed (IRE)"	"5.00"	"7.8"	"Beginners Chase"	"9"	"15"	"Carberry, P"	"Meade, Noel"	"2m6f "	"8"	"117"
"18:10:00"	"2009-04-13"	"Fairyhouse"	"Royal Blood (IRE)"	"10.00"	"16.35"	"Hunters Chase"	"3"	"21"	"OConnell, Mr B T"	"Dempsey, J P"	"3m1f "	"8"	"24"
"16:50:00"	"2009-04-13"	"Plumpton"	"Celebrity Call (IRE)"	"8.00"	"9.73"	"Handicap Hurdle"	"2"	"12"	"Aspell, Leighton"	"Sherwood, O"	"3m1.5f "	"8"	"46"
"17:35:00"	"2009-04-11"	"Carlisle"	"Nocatee (IRE)"	"14.00"	"17.22"	"Hunters Chase"	"5"	"10"	"Brooke, Mr J H"	"Coglan, M V"	"3m.5f "	"8"	"13"
"14:40:00"	"2009-04-08"	"Hereford"	"Shadow Jumper (IRE)"	"200.00"	"785.81"	"Novices Seller Hurdle"	"12"	"14"	"Crosse, Dave"	"Stimpson, J T"	"2m1f "	"8"	"36"
"16:00:00"	"2009-03-29"	"Newton Abbot"	"Cellarmaster (IRE)"	"50.00"	"85"	"Handicap Seller Hurdle"	"11"	"13"	"Phelan, T J"	"Gillard, Mark"	"2m1f "	"8"	"7"
"17:05:00"	"2009-03-27"	"Fontwell"	"English Jim (IRE)"	"18.00"	"22.95"	"Handicap Hurdle"	"7"	"17"	"Batchelor, Mattie"	"Newton-Smith, Miss A M"	"3m3f "	"8"	"18"
"14:40:00"	"2009-03-25"	"Towcester"	"Riccardo (IRE)"	"80.00"	"141.5"	"Handicap Chase"	"PU"	"16"	"Glassonbury, Andrew"	"Kellett, C N"	"3m.5f "	"8"	"10"
"16:40:00"	"2009-03-24"	"Southwell"	"The Client (IRE)"	"100.00"	"593.47"	"Handicap Hurdle"	"8"	"16"	"Proctor, Mr Joseph"	"Pearson, David"	"3m.5f "	"8"	"3"
"16:10:00"	"2009-03-24"	"Southwell"	"Badly Bruised (IRE)"	"7.50"	"10.5"	"Claimer Hurdle"	"2"	"9"	"Marston, Warren"	"Keighley, M"	"2m4.5f "	"8"	"38"
"16:45:00"	"2009-03-21"	"Gowran Park"	"Goinforporter (IRE)"	"20.00"	"40"	"Handicap Chase"	"2"	"18"	"Flanagan, S W"	"Lennon, J J"	"3m "	"8"	"48"
"15:25:00"	"2009-03-20"	"Kelso"	"Youluckyman (IRE)"	"4.50"	"5.5"	"Handicap Hurdle"	"4"	"11"	"Harding, Brian"	"Saville, Joss"	"3m3f "	"8"	"14"
"14:30:00"	"2009-03-06"	"Leicester"	"Irish Power (IRE)"	"25.00"	"28.83"	"Beginners Chase"	"4"	"5"	"McCarthy, Willie"	"Upson, John R"	"2m4.5f "	"8"	"36"
"16:25:00"	"2009-02-21"	"Chepstow"	"Play Master (IRE)"	"20.00"	"28.9"	"Handicap Chase"	"8"	"14"	"McCarthy, Willie"	"Llewellyn, B J"	"2m.5f "	"8"	"10"
"15:20:00"	"2009-01-24"	"Navan"	"Qudraat (IRE)"	"25.00"	"170"	"Handicap Hurdle"	"8"	"18"	"Kiely, R J"	"Flannery, M"	"2m4f "	"8"	"11"
"12:40:00"	"2009-01-13"	"Thurles"	"Acorn Hollow (IRE)"	"20.00"	"38"	"Handicap Chase"	"F"	"18"	"Cullen, J L"	"Crowley, Joseph"	"2m6f "	"8"	"13"
"15:15:00"	"2009-01-04"	"Naas"	"All Diamonds (IRE)"	"14.00"	"34"	"Handicap Hurdle"	"10"	"20"	"Hogan, D G"	"Cunningham, Michael"	"2m "	"8"	"15"
"12:55:00"	"2008-12-26"	"Down Royal"	"Russellstown Boy (IRE)"	"4.50"	"8.14"	"Handicap Chase"	"PU"	"20"	"Hassett, S J"	"Flood, Francis J"	"2m4f "	"8"	"23"
"13:35:00"	"2008-12-21"	"Thurles"	"Roll Over (IRE)"	"16.00"	"34"	"Handicap Chase"	"4"	"18"	"Doyle, T J"	"Tyner, Robert"	"3m "	"8"	"18"
"12:45:00"	"2008-12-03"	"Catterick"	"Goodnight Dick (IRE)"	"40.00"	"65"	"Handicap Seller Hurdle"	"13"	"15"	"McGrath, Richard"	"Murphy, Paul"	"2m "	"8"	"8"
"15:45:00"	"2008-11-12"	"Fairyhouse"	"Ooh Cha Cha (IRE)"	"10.00"	"18"	"Beginners Chase"	"7"	"7"	"Power, R M"	"Flynn, Ms M"	"3m "	"8"	"28"
"15:20:00"	"2008-10-23"	"Thurles"	"Heroes Square (IRE)"	"12.00"	"23"	"Handicap Chase"	"3"	"17"	"Lynch, A E"	"Hutchinson, Ms Caroline"	"3m "	"8"	"40"
"17:15:00"	"2008-10-15"	"Punchestown"	"Tamayo (IRE)"	"12.00"	"16.68"	"Handicap Chase"	"4"	"20"	"Quinn, Mr R P"	"Moore, A L T"	"3m1f "	"8"	"16"
"15:45:00"	"2008-10-15"	"Punchestown"	"Gaspar (IRE)"	"25.00"	"85"	"Handicap Hurdle"	"9"	"25"	"Darcy, M"	"McAuley, James"	"2m "	"8"	"145"
"14:25:00"	"2008-10-10"	"Kilbeggan"	"Davids Day (IRE)"	"6.50"	"8.6"	"Maiden Hurdle"	"8"	"14"	"Jackson, S W"	"Rothwell, P J"	"2m "	"8"	"139"
"15:05:00"	"2008-10-09"	"Southwell"	"Boysterous (IRE)"	"7.00"	"9.12"	"Handicap Seller Hurdle"	"4"	"15"	"Challoner, Mr Harry"	"Ford, R"	"3m.5f "	"8"	"4"
"17:20:00"	"2008-10-05"	"Huntingdon"	"Boysterous (IRE)"	"12.00"	"13.49"	"Handicap Hurdle"	"8"	"14"	"Craine, S J"	"Ford, R"	"3m2f "	"8"	"79"
"14:15:00"	"2008-10-03"	"Hexham"	"Bramantino (IRE)"	"14.00"	"20.37"	"Seller Hurdle"	"8"	"11"	"Lee, G"	"Cuthbert, T A K"	"2m.5f "	"8"	"3"
"17:05:00"	"2008-09-28"	"Clonmel"	"Buckland Gold (IRE)"	"9.00"	"12"	"Handicap Chase"	"UR"	"16"	"McNamara, Andrew J"	"OLeary, Ronald"	"2m4f "	"8"	"202"
"16:20:00"	"2008-09-24"	"Downpatrick"	"Pepperwood (IRE)"	"10.00"	"24.05"	"Beginners Chase"	"11"	"14"	"Carberry, P"	"Meade, Noel"	"2m2.5f "	"8"	"108"
"15:20:00"	"2008-09-21"	"Uttoxeter"	"Granite Man (IRE)"	"4.50"	"7.83"	"Seller Hurdle"	"3"	"13"	"McCoy, A P"	"ONeill, Jonjo and AJ"	"2m6.5f "	"8"	"19"
"16:40:00"	"2008-09-07"	"Fontwell"	"Drum Native (IRE)"	"12.00"	"13.73"	"Handicap Chase"	"UR"	"11"	"Cullinane, David"	"Guest, R C"	"2m2f "	"8"	"4"
"15:10:00"	"2008-09-03"	"Hereford"	"Glimmer Of Light (IRE)"	"9.00"	"12"	"Handicap Seller Chase"	"UR"	"17"	"Weston, Mr T"	"Newland, Dr R D P"	"2m3f "	"8"	"18"
"18:40:00"	"2008-08-14"	"Stratford"	"Mr Parson (IRE)"	"22.00"	"29"	"Handicap Novices Chase"	"1"	"6"	"Greene, R J"	"Lewis, S T"	"2m5.5f "	"8"	"6"
"20:10:00"	"2008-08-11"	"Ballinrobe"	"Bonne NoelS (IRE)"	"1.75"	"2.9"	"Handicap Chase"	"6"	"9"	"Crowe, A P"	"Roche, C"	"2m1f "	"8"	"121"
"20:15:00"	"2008-08-06"	"Sligo"	"Rubyarold (IRE)"	"16.00"	"44"	"Handicap Hurdle"	"7"	"13"	"Darcy, M"	"Flynn, Paul W"	"2m4f "	"8"	"20"
"20:45:00"	"2008-07-22"	"Ballinrobe"	"Trevi Fountain (IRE)"	"12.00"	"26"	"Handicap Hurdle"	"12"	"16"	"Walsh, R"	"Madden, I"	"2m4f "	"8"	"98"
"20:10:00"	"2008-07-21"	"Ballinrobe"	"Power Elite (IRE)"	"9.00"	"14"	"Beginners Chase"	"4"	"15"	"Madden, N P"	"Meade, Noel"	"2m1f "	"8"	"15"
"18:15:00"	"2008-07-16"	"Killarney"	"Jamies Choice (IRE)"	"25.00"	"48.12"	"Handicap Chase"	"12"	"15"	"Jackson, S W"	"Rothwell, P J"	"2m4.5f "	"8"	"55"
"16:50:00"	"2008-07-14"	"Newton Abbot"	"Reasonably Sure (IRE)"	"11.00"	"15"	"Handicap Chase"	"3"	"16"	"Laverty, Derek"	"Williamson, Mrs L"	"2m5.5f "	"8"	"29"
"14:30:00"	"2008-07-13"	"Stratford"	"Star Galaxy (IRE) (OLD)"	"8.00"	"9.45"	"Handicap Chase"	"3"	"15"	"Durack, S E"	"Burchell, D"	"2m1.5f "	"8"	"35"
"20:25:00"	"2008-07-11"	"Cork"	"Harcus Six Zero (IRE)"	"5.00"	"6"	"Maiden Hurdle"	"PU"	"24"	"Roche, Mr D"	"Roche, Paul A"	"3m "	"8"	"33"
"19:20:00"	"2008-07-10"	"Fairyhouse"	"Cool Running (IRE)"	"3.00"	"4.31"	"Hurdle"	"3"	"12"	"Crowe, A P"	"Roche, C"	"2m "	"8"	"64"
"18:15:00"	"2008-06-20"	"Down Royal"	"Duke Of Stradone (IRE)"	"20.00"	"75"	"Handicap Hurdle"	"10"	"18"	"Flanagan, S W"	"Donohoe, S"	"2m "	"8"	"11"
"20:45:00"	"2008-06-17"	"Newton Abbot"	"Outside Investor (IRE)"	"16.00"	"19"	"Chase"	"3"	"13"	"Burke, Keiran"	"Rodford, P R"	"2m5.5f "	"8"	"12"
"15:00:00"	"2008-06-16"	"Sedgefield"	"Goodnight Dick (IRE)"	"12.00"	"25"	"Handicap Seller Hurdle"	"12"	"13"	"OConnell, Michael"	"Murphy, Paul"	"2m4f "	"8"	"160"
"20:00:00"	"2008-06-12"	"Fontwell"	"Fox N Goose (IRE)"	"14.00"	"18.62"	"Handicap Seller Hurdle"	"8"	"16"	"Moore, Jamie"	"Cunningham-Brown, K O"	"2m6.5f "	"8"	"8"
"18:10:00"	"2008-06-05"	"Tipperary"	"Adropandabottle (IRE)"	"16.00"	"38"	"Handicap Chase"	"7"	"15"	"Hassett, S J"	"Ducey, G"	"2m4f "	"8"	"119"
"19:30:00"	"2008-05-27"	"Ballinrobe"	"Coolclogher (IRE)"	"25.00"	"75"	"Handicap Chase"	"PU"	"11"	"Barry, J R"	"OGrady, Eoghan"	"2m1f "	"8"	"14"
"14:35:00"	"2008-05-25"	"Fontwell"	"Highland Games (IRE)"	"2.50"	"3.84"	"Claimer Hurdle"	"2"	"8"	"Tinkler, Andrew"	"Baker, George"	"2m4f "	"8"	"23"
"15:40:00"	"2008-05-11"	"Plumpton"	"Schemer Fagan (IRE)"	"20.00"	"49.79"	"Claimer Hurdle"	"8"	"10"	"Walford, Robert"	"Henderson, P"	"2m "	"8"	"12"
"17:00:00"	"2008-05-05"	"Limerick"	"Adair Mohr (IRE)"	"16.00"	"38"	"Hunters Chase"	"PU"	"13"	"McNally, Mr C P"	"Hourigan, Michael"	"3m "	"8"	"42"
"19:35:00"	"2008-05-03"	"Kilbeggan"	"Dan Ryan (IRE)"	"20.00"	"34.76"	"Handicap Chase"	"9"	"13"	"Hassett, S J"	"OSullivan, Daniel William"	"3m1f "	"8"	"164"
"17:55:00"	"2008-04-15"	"Limerick"	"The Level (IRE)"	"8.00"	"11"	"Maiden Hurdle"	"2"	"18"	"Cullen, J L"	"OGorman, Richard Francis"	"2m3f "	"8"	"23"
"14:20:00"	"2008-03-27"	"Exeter"	"Gotontheluckyone (IRE)"	"22.00"	"36.17"	"Novices Seller Hurdle"	"UR"	"12"	"Burke, Keiran"	"Rodford, P R"	"2m3f "	"8"	"49"
"15:05:00"	"2008-03-15"	"Limerick"	"Keevas Boy (IRE)"	"25.00"	"66.9"	"Handicap Hurdle"	"PU"	"18"	"McDermott, S G"	"Sheehy, E"	"2m6f "	"8"	"27"
"14:00:00"	"2008-03-07"	"Ayr"	"Baron Romeo (IRE)"	"11.00"	"15.5"	"Handicap Hurdle"	"PU"	"11"	"Quinlan, Sean"	"Phillips, R T"	"3m.5f "	"8"	"24"
"16:55:00"	"2008-03-06"	"Thurles"	"Sir Vine (IRE)"	"9.00"	"13.5"	"Handicap Hurdle"	"PU"	"18"	"Madden, N P"	"Cooper, Thomas"	"2m2f "	"8"	"144"
"14:45:00"	"2008-03-06"	"Thurles"	"Up Above (IRE)"	"25.00"	"61.26"	"Beginners Chase"	"7"	"16"	"Lynch, A E"	"Bromhead, Henry De"	"3m "	"8"	"19"
"17:00:00"	"2008-03-04"	"Exeter"	"Tetragon (IRE)"	"22.00"	"40.61"	"Handicap Hurdle"	"PU"	"18"	"Bramley, Miss Faye"	"Hales, A M"	"2m1f "	"8"	"28"
"16:15:00"	"2008-03-02"	"Clonmel"	"Il Mulino (IRE)"	"50.00"	"250"	"Beginners Chase"	"UR"	"14"	"Enright, P T"	"Ahern, Denis"	"2m4f "	"8"	"18"
"15:15:00"	"2008-02-21"	"Clonmel"	"Dark Vocation (IRE)"	"20.00"	"65"	"Handicap Hurdle"	"14"	"16"	"Whelan, K"	"Bowles, F J"	"2m "	"8"	"7"
"16:15:00"	"2008-02-13"	"Fairyhouse"	"Tailor Bill (IRE)"	"25.00"	"150"	"Handicap Novices Hurdle"	"PU"	"16"	"Coleman, K T"	"Walsh, John J"	"2m4f "	"8"	"60"
"14:45:00"	"2008-02-13"	"Fairyhouse"	"Battle Axe (IRE)"	"10.00"	"16.04"	"Handicap Chase"	"3"	"16"	"Lynch, A E"	"Lennon, J J"	"2m5f "	"8"	"18"
"15:40:00"	"2008-01-26"	"Navan"	"Glengali (IRE)"	"16.00"	"0"	"Handicap Chase"	"PU"	"22"	"Coleman, K T"	"McNamara, E"	"2m4f "	"8"	"26"
"13:20:00"	"2008-01-08"	"Leicester"	"Hidden Talents (IRE)"	"100.00"	"241.01"	"Seller Hurdle"	"5"	"8"	"Tompsett, Miss Isabel"	"Llewellyn, B J"	"2m4.5f "	"8"	"35"
"14:25:00"	"2007-12-31"	"Tramore"	"Sandyzar (IRE)"	"6.00"	"0"	"Handicap Chase"	"PU"	"14"	"Barry, J R"	"Dore, C J"	"2m5f "	"8"	"3"
"14:15:00"	"2007-12-28"	"Limerick"	"Prince Linamix (IRE)"	"8.00"	"0"	"Handicap Hurdle"	"9"	"17"	"Walsh, M P"	"Flynn, Paul W"	"2m5f "	"8"	"2"
"12:50:00"	"2007-12-27"	"Wetherby"	"Sarrococca (IRE)"	"33.00"	"46"	"Handicap Hurdle"	"1"	"17"	"Marston, Warren"	"Keighley, M"	"3m.5f "	"8"	"52"
"15:10:00"	"2007-12-23"	"Thurles"	"Sparkle Wood (IRE)"	"25.00"	"0"	"Handicap Novices Hurdle"	"11"	"17"	"Gallagher, P A"	"OBrien, William Coleman"	"2m6.5f "	"8"	"24"
"15:00:00"	"2007-12-21"	"Downpatrick"	"Fogonthetyne (IRE)"	"20.00"	"0"	"Maiden Hunters Chase"	"8"	"15"	"Moore, Mr J D"	"Lavery, Damien"	"2m7f "	"8"	"223"
"14:55:00"	"2007-12-17"	"Plumpton"	"Bally Rainey (IRE)"	"10.00"	"16"	"Handicap Chase"	"F"	"11"	"Nelmes, Owyn"	"Jewell, Mrs L C"	"2m4f "	"8"	"253"
"12:50:00"	"2007-12-05"	"Catterick"	"Fiddlers Creek (IRE)"	"16.00"	"0"	"Handicap Seller Hurdle"	"7"	"17"	"Molloy, T"	"Allan, R"	"2m "	"8"	"9"
"15:10:00"	"2007-11-20"	"Folkestone"	"Christmas Truce (IRE)"	"25.00"	"0"	"Handicap Chase"	"PU"	"11"	"England, David"	"Hoad, M R"	"3m1f "	"8"	"15"
"15:40:00"	"2007-11-13"	"Exeter"	"Secret Glen (IRE)"	"5.00"	"0"	"Handicap Chase"	"PU"	"10"	"Curran, Sean"	"Davis, Miss J S"	"2m3.5f "	"8"	"22"
"15:30:00"	"2007-11-10"	"Naas"	"Doranstown Boy (IRE)"	"25.00"	"0"	"Handicap Chase"	"11"	"20"	"Joyce, A B"	"Kelly, David Martin"	"3m "	"8"	"9"
"15:30:00"	"2007-11-10"	"Naas"	"Chevaux Loco (IRE)"	"12.00"	"0"	"Handicap Chase"	"19"	"20"	"Gray, S J"	"Hourigan, Michael"	"3m "	"8"	"7"
"15:20:00"	"2007-10-25"	"Thurles"	"Deskelly Interiors (IRE)"	"33.00"	"0"	"Handicap Chase"	"3"	"18"	"Barry, J R"	"Manning, M V"	"2m6f "	"8"	"12"
"16:45:00"	"2007-10-19"	"Gowran Park"	"Fivestar Alstars (IRE)"	"20.00"	"0"	"Beginners Chase"	"7"	"17"	"Madden, N P"	"Goulding, P P"	"2m2f "	"8"	"32"
"17:15:00"	"2007-10-18"	"Punchestown"	"Galway Legend (IRE)"	"14.00"	"0"	"Handicap Chase"	"2"	"22"	"OConnor, M M"	"Madden, I"	"3m1f "	"8"	"5"
"17:15:00"	"2007-10-18"	"Punchestown"	"Theyankfromclare (IRE)"	"33.00"	"0"	"Handicap Chase"	"F"	"22"	"Conlon, Mr A"	"Kelly, David Martin"	"3m1f "	"8"	"41"
"15:15:00"	"2007-10-13"	"Hexham"	"Southbound (IRE)"	"100.00"	"0"	"Chase"	"UR"	"14"	"Magee, Mr S F"	"Waggott, Miss Tracy"	"3m1f "	"8"	"13"
"16:45:00"	"2007-10-11"	"Lingfield"	"Roaringwater (IRE)"	"4.00"	"0"	"Handicap Seller Hurdle"	"1"	"11"	"Marston, Warren"	"Phillips, R T"	"2m7f "	"8"	"29"
"16:15:00"	"2007-10-05"	"Hexham"	"Red Dawn (IRE) (OLD)"	"50.00"	"0"	"Handicap Chase"	"PU"	"11"	"Nelmes, Owyn"	"Saville, Joss"	"3m1f "	"8"	"78"
"16:45:00"	"2007-09-24"	"Ballinrobe"	"Ballard Lad (IRE)"	"33.00"	"0"	"Handicap Hurdle"	"11"	"15"	"Enright, P T"	"McDonagh, M"	"2m4f "	"8"	"118"
"15:05:00"	"2007-09-23"	"Listowel"	"Quiet Accord (IRE)"	"14.00"	"0"	"Handicap Hurdle"	"5"	"18"	"Darcy, M"	"Corcoran, T J"	"2m4f "	"8"	"16"
"19:15:00"	"2007-08-30"	"Bellewstown"	"Coin Man (IRE)"	"6.00"	"0"	"Handicap Hurdle"	"1"	"14"	"Barry, J R"	"Doyle, Eoin"	"3m "	"8"	"11"
"20:50:00"	"2007-07-21"	"Tipperary"	"Monsieur Monet (IRE)"	"3.50"	"0"	"Beginners Chase"	"9"	"15"	"Elliott, J P"	"Jr, T J Nagle"	"2m4f "	"8"	"44"
"15:15:00"	"2007-07-16"	"Newton Abbot"	"Barella (IRE)"	"20.00"	"0"	"Seller Hurdle"	"PU"	"10"	"Murphy, Timmy"	"Corcoran, L"	"2m3f "	"8"	"39"
"18:50:00"	"2007-07-05"	"Bellewstown"	"Ballito (IRE)"	"33.00"	"0"	"Handicap Hurdle"	"10"	"16"	"Bolger, M J"	"Carr, John G"	"3m "	"8"	"197"
"14:45:00"	"2007-06-24"	"Down Royal"	"The Tinker Murray (IRE)"	"10.00"	"0"	"Handicap Hurdle"	"4"	"18"	"Cotter, G"	"Howard, Aidan Anthony"	"3m "	"8"	"7"
"20:05:00"	"2007-06-14"	"Fontwell"	"Another Gale (IRE)"	"7.00"	"0"	"Handicap Seller Hurdle"	"7"	"9"	"Williams, Christian"	"Williams, Evan"	"2m6.5f "	"8"	"23"
"20:15:00"	"2007-06-07"	"Tipperary"	"Wishwillow Magic (IRE)"	"16.00"	"0"	"Beginners Chase"	"4"	"16"	"Darcy, M"	"Whitmore, Leonard"	"2m7f "	"8"	"18"
"20:15:00"	"2007-06-07"	"Tipperary"	"Baker Flinn (IRE)"	"12.00"	"0"	"Beginners Chase"	"7"	"16"	"Allen, J M"	"OBrien, Sean O"	"2m7f "	"8"	"11"
"19:15:00"	"2007-06-07"	"Tipperary"	"Sparkle Wood (IRE)"	"10.00"	"0"	"Handicap Chase"	"6"	"18"	"Cullen, J L"	"OBrien, William Coleman"	"2m4f "	"8"	"27"
"16:10:00"	"2007-05-26"	"Tralee"	"Ballinclamper Boy (IRE)"	"8.00"	"0"	"Handicap Chase"	"1"	"16"	"McNally, R P"	"Ducey, G"	"2m4f "	"8"	"34"
"18:50:00"	"2007-05-23"	"Sedgefield"	"Fiddlers Creek (IRE)"	"7.00"	"0"	"Handicap Seller Hurdle"	"4"	"10"	"Davis, Fearghal"	"Allan, R"	"2m1f "	"8"	"7"
"16:55:00"	"2007-05-20"	"Navan"	"North Atlantic (IRE)"	"25.00"	"0"	"Handicap Chase"	"7"	"25"	"Walsh, M P"	"Weld, S"	"3m "	"8"	"154"
"17:50:00"	"2007-05-15"	"Killarney"	"Monsieur Monet (IRE)"	"25.00"	"0"	"Handicap Chase"	"5"	"15"	"Elliott, J P"	"Jr, T J Nagle"	"2m1f "	"8"	"87"
"16:40:00"	"2007-05-12"	"Downpatrick"	"Harry The Dealer (IRE)"	"16.00"	"0"	"Handicap Chase"	"PU"	"14"	"Cawley, A P"	"Keane, Gerard"	"2m7f "	"8"	"2"
"14:40:00"	"2007-05-09"	"Fakenham"	"Spring Brook (IRE)"	"20.00"	"0"	"Handicap Chase"	"6"	"14"	"Butler, Robert L"	"Butler, P"	"2m5.5f "	"8"	"16"
"19:30:00"	"2007-05-08"	"Fairyhouse"	"Lord Tee (IRE)"	"12.00"	"0"	"Handicap Hurdle"	"6"	"18"	"Clarke, K H"	"Kavanagh, F"	"2m6f "	"8"	"33"
"17:25:00"	"2007-05-07"	"Limerick"	"Claridge (IRE)"	"2.25"	"0"	"Handicap Hurdle"	"4"	"18"	"Cully, Mr C"	"Ross, Cecil"	"3m "	"8"	"256"
"16:55:00"	"2007-05-07"	"Limerick"	"Roughty Man (IRE)"	"25.00"	"0"	"Hunters Chase"	"6"	"9"	"Mangan, Mr G M"	"McNamara, A J"	"3m "	"8"	"291"
"19:55:00"	"2007-05-03"	"Tipperary"	"Baker Flinn (IRE)"	"16.00"	"0"	"Beginners Chase"	"6"	"16"	"Fennessy, Mr C W"	"OBrien, Sean O"	"2m4f "	"8"	"64"
"16:05:00"	"2007-04-28"	"Punchestown"	"Theboyfrombulawayo (IRE)"	"16.00"	"0"	"Handicap Chase"	"10"	"19"	"Power, Mr K E"	"McBratney, C A"	"3m1f "	"8"	"18"
"16:35:00"	"2007-04-09"	"Sedgefield"	"Musical Chord (IRE)"	"33.00"	"0"	"Handicap Chase"	"PU"	"12"	"Costello, Dougie"	"Storey, B"	"3m3f "	"8"	"48"
"14:15:00"	"2007-04-09"	"Sedgefield"	"Fiddlers Creek (IRE)"	"20.00"	"0"	"Handicap Novices Hurdle"	"12"	"14"	"McDonald, P J"	"Allan, R"	"2m1f "	"8"	"7"
"18:05:00"	"2007-04-05"	"Clonmel"	"Baily Breeze (IRE)"	"14.00"	"0"	"Handicap Hurdle"	"1"	"18"	"ODwyer, C"	"Morris, M F"	"2m4f "	"8"	"25"
"16:15:00"	"2007-03-25"	"Downpatrick"	"Barrshan (IRE)"	"33.00"	"0"	"Hurdle"	"8"	"9"	"Magee, Mr E"	"Magee, J K"	"2m2.5f "	"8"	"8"
"15:15:00"	"2007-03-25"	"Downpatrick"	"Total Heart (IRE)"	"20.00"	"0"	"Handicap Novices Hurdle"	"2"	"15"	"McDermott, S G"	"Thomas, Miss Jane"	"2m2.5f "	"8"	"22"
"14:45:00"	"2007-03-17"	"Down Royal"	"Springfirth Boy (IRE)"	"33.00"	"0"	"Handicap Hurdle"	"16"	"20"	"Maxwell, C D"	"Stafford, Paul"	"2m4f "	"8"	"55"
"16:40:00"	"2007-02-14"	"Leicester"	"Heartofmidlothian (IRE)"	"40.00"	"0"	"Handicap Chase"	"11"	"13"	"Davies, James"	"Bailey, K C"	"2m7.5f "	"8"	"15"
"16:15:00"	"2007-02-04"	"Punchestown"	"Heez A Wonder (IRE)"	"10.00"	"0"	"Handicap Chase"	"4"	"14"	"Condon, D J"	"Flood, Francis J"	"2m4f "	"8"	"28"
"13:20:00"	"2007-02-03"	"Wetherby"	"Sheer Guts (IRE)"	"9.00"	"0"	"Handicap Seller Hurdle"	"PU"	"8"	"Dobbin, Tony"	"Gray, Robert"	"2m "	"8"	"17"
"16:10:00"	"2007-01-21"	"Towcester"	"Grey Shark (IRE)"	"33.00"	"0"	"Handicap Hurdle"	"5"	"18"	"Tompsett, Miss Isabel"	"Burchell, D"	"2m3.5f "	"8"	"21"
"15:30:00"	"2007-01-21"	"Fairyhouse"	"Jack Monday (IRE)"	"33.00"	"0"	"Handicap Chase"	"F"	"18"	"Carberry, P A"	"Cleary, Thomas"	"3m1f "	"8"	"162"
"13:00:00"	"2007-01-07"	"Naas"	"Out In Front (IRE)"	"20.00"	"0"	"Maiden Hurdle"	"5"	"25"	"Ryan, T G M"	"McKiernan, Oliver"	"2m3f "	"8"	"12"
"15:45:00"	"2007-01-02"	"Ayr"	"Lord Saar (IRE)"	"25.00"	"0"	"Handicap Hurdle"	"4"	"20"	"Whillans, Ewan"	"Whillans, A C"	"3m.5f "	"8"	"6"
"15:05:00"	"2007-01-02"	"Folkestone"	"Fireside Legend (IRE)"	"40.00"	"0"	"Handicap Seller Hurdle"	"PU"	"11"	"ONeill, P C"	"Bryant, Miss M P"	"2m6.5f "	"8"	"233"
"15:20:00"	"2006-12-28"	"Limerick"	"Carroll Encore (IRE)"	"7.00"	"0"	"Handicap Chase"	"1"	"12"	"Barry, J R"	"Gavin, Mrs Pauline"	"2m3.5f "	"8"	"11"
"14:55:00"	"2006-12-26"	"Towcester"	"Bridge Flight (IRE)"	"9.00"	"0"	"Chase"	"PU"	"13"	"Malone, Tom"	"Dalton, Heather"	"3m.5f "	"8"	"14"
"13:15:00"	"2006-12-17"	"Thurles"	"Ballysheedy (IRE) (OLD)"	"14.00"	"0"	"Handicap Chase"	"9"	"18"	"Molloy, R J"	"McNamara, A J"	"3m "	"8"	"31"
"16:25:00"	"2006-10-12"	"Tramore"	"Bridge Flight (IRE)"	"10.00"	"0"	"Handicap Chase"	"4"	"16"	"Coleman, K T"	"Burke, W J"	"2m6f "	"8"	"15"
"16:30:00"	"2006-10-04"	"Towcester"	"Carriage Ride (IRE)"	"25.00"	"0"	"Handicap Chase"	"2"	"12"	"Hide, Philip"	"Stone, W B"	"3m.5f "	"8"	"101"
"15:55:00"	"2006-10-04"	"Tralee"	"No Complications (IRE)"	"10.00"	"0"	"Hurdle"	"2"	"14"	"Moran, R M"	"Nolan, Paul"	"2m1f "	"8"	"209"
"16:45:00"	"2006-10-01"	"Kelso"	"Speedro (IRE)"	"50.00"	"0"	"Handicap Novices Hurdle"	"3"	"15"	"Buchanan, Peter"	"Russell, Miss Lucinda V"	"2m2f "	"8"	"135"
"16:55:00"	"2006-09-27"	"Downpatrick"	"Bridge Flight (IRE)"	"12.00"	"0"	"Handicap Chase"	"3"	"14"	"Barry, J R"	"Burke, W J"	"2m7f "	"8"	"30"
"19:15:00"	"2006-09-13"	"Sligo"	"Chukchi Country (IRE)"	"20.00"	"0"	"Handicap Hurdle"	"PU"	"16"	"Kidd, Miss J A"	"Lambe, J J"	"2m2f "	"8"	"11"
"18:45:00"	"2006-09-08"	"Kilbeggan"	"Caimins Caper (IRE)"	"6.00"	"0"	"Beginners Chase"	"3"	"14"	"Power, R M"	"Dreaper, J T R"	"2m4f "	"8"	"10"
"17:00:00"	"2006-08-27"	"Ballinrobe"	"Whereareyanow (IRE)"	"16.00"	"0"	"Handicap Chase"	"F"	"16"	"Loughran, R"	"Hassett, Donal"	"2m6f "	"8"	"178"
"19:30:00"	"2006-07-21"	"Kilbeggan"	"Backcraft (IRE)"	"33.00"	"0"	"Handicap Hurdle"	"6"	"11"	"Elliott, J P"	"Bowles, F J"	"2m3f "	"8"	"3"
"18:15:00"	"2006-07-19"	"Killarney"	"Rog (IRE)"	"10.00"	"0"	"Handicap Chase"	"8"	"15"	"Condon, D J"	"Cully, Gerard"	"2m4f "	"8"	"10"
"17:10:00"	"2006-07-09"	"Market Rasen"	"Renvyle (IRE)"	"16.00"	"0"	"Handicap Chase"	"5"	"13"	"Elsworth, Dominic"	"Guest, R C"	"2m6f "	"8"	"22"
"14:45:00"	"2006-06-25"	"Down Royal"	"Mocharamor (IRE)"	"5.00"	"0"	"Handicap Hurdle"	"3"	"10"	"ONeill, P C"	"Lambe, J J"	"3m "	"8"	"9"
"15:00:00"	"2006-06-14"	"Hereford"	"Il Penseroso (IRE)"	"8.00"	"0"	"Handicap Seller Hurdle"	"6"	"14"	"Stringer, Patrick C"	"Blockley, P A"	"2m1f "	"8"	"10"
"14:20:00"	"2006-06-14"	"Market Rasen"	"Rushneeyriver (IRE)"	"10.00"	"0"	"Handicap Seller Hurdle"	"1"	"17"	"Fehily, Noel"	"Lewis, D W"	"2m3.5f "	"8"	"28"
"19:30:00"	"2006-06-08"	"Tipperary"	"Permiya (IRE)"	"4.50"	"0"	"Handicap Chase"	"1"	"17"	"Allen, J M"	"Crowley, Joseph"	"2m7f "	"8"	"7"
"15:00:00"	"2006-06-04"	"Southwell"	"Il Penseroso (IRE)"	"3.50"	"0"	"Handicap Chase"	"4"	"13"	"Murphy, Timmy"	"Blockley, P A"	"2m1f "	"8"	"11"
"18:55:00"	"2006-05-27"	"Cartmel"	"Kettysjames (IRE)"	"14.00"	"0"	"Handicap Chase"	"PU"	"12"	"Davies, James"	"Carr, John G"	"3m2f "	"8"	"91"
"17:55:00"	"2006-05-27"	"Cartmel"	"Fakima (IRE)"	"9.00"	"0"	"Handicap Novices Hurdle"	"7"	"12"	"Merrigan, Paddy"	"Carr, John G"	"2m6f "	"8"	"160"
"21:00:00"	"2006-05-17"	"Perth"	"Diamond Jack (IRE)"	"12.00"	"0"	"Handicap Hurdle"	"PU"	"18"	"ORegan, Denis"	"Lambe, J J"	"2m.5f "	"8"	"203"
"19:05:00"	"2006-05-11"	"Clonmel"	"Losing My Religion (IRE)"	"33.00"	"0"	"Handicap Chase"	"F"	"17"	"Walsh, M P"	"Hallahan, Miss Mary Louise"	"2m4f "	"8"	"7"
"19:30:00"	"2006-05-03"	"Ballinrobe"	"Swings n Strings (IRE)"	"25.00"	"0"	"Handicap Chase"	"PU"	"15"	"Crowe, A P"	"Donnelly, Garvan"	"2m6f "	"8"	"14"
"16:10:00"	"2006-04-29"	"Punchestown"	"Proud Prankster (IRE)"	"12.00"	"0"	"Handicap Novices Chase"	"5"	"11"	"Byrnes, B C"	"Bergin, Thomas"	"2m2f "	"8"	"43"
"18:15:00"	"2006-04-21"	"Sedgefield"	"Troysgreen (IRE)"	"66.00"	"0"	"Handicap Novices Chase"	"PU"	"11"	"Hughes, Brian"	"Niven, P D"	"3m3f "	"8"	"75"
"15:15:00"	"2006-04-19"	"Fairyhouse"	"Eurocelt (IRE)"	"14.00"	"0"	"Maiden Hurdle"	"4"	"25"	"Darcy, M"	"Hayes, G"	"3m "	"8"	"31"
"16:50:00"	"2006-04-17"	"Plumpton"	"Germany Park (IRE)"	"50.00"	"0"	"Handicap Chase"	"PU"	"12"	"Greenway, Tom"	"Stone, W B"	"3m2f "	"8"	"26"
"16:05:00"	"2006-03-19"	"Limerick"	"Eurocelt (IRE)"	"10.00"	"0"	"Handicap Chase"	"2"	"16"	"Molloy, R J"	"Hayes, G"	"3m "	"8"	"14"
"15:50:00"	"2006-02-25"	"Fairyhouse"	"Clear The Line (IRE)"	"14.00"	"0"	"Hunters Chase"	"8"	"17"	"Power, Mr K E"	"Hassett, J L"	"2m6.5f "	"8"	"23"
"16:05:00"	"2006-02-15"	"Fairyhouse"	"Pomfisch Lad (IRE)"	"25.00"	"0"	"Handicap Hurdle"	"UR"	"16"	"Walsh, M P"	"Donohoe, S"	"3m "	"8"	"11"
"15:40:00"	"2006-02-14"	"Newcastle"	"Siena Star (IRE)"	"6.50"	"0"	"Handicap Seller Hurdle"	"PU"	"15"	"Dobbin, Tony"	"Gray, Robert"	"2m "	"8"	"50"
"15:30:00"	"2006-01-31"	"Folkestone"	"Just Anvil (IRE)"	"11.00"	"0"	"Handicap Chase"	"7"	"10"	"Morgan, Justin"	"Wells, L"	"3m1f "	"8"	"15"
"15:30:00"	"2006-01-28"	"Navan"	"Whereareyanow (IRE)"	"25.00"	"0"	"Beginners Chase"	"13"	"18"	"Moran, R M"	"Hassett, Donal"	"2m1f "	"8"	"9"
"15:00:00"	"2006-01-28"	"Navan"	"Take Your Mark (IRE)"	"20.00"	"0"	"Handicap Hurdle"	"22"	"30"	"Clarke, K H"	"Broad, D"	"2m4f "	"8"	"32"
"15:45:00"	"2006-01-22"	"Fairyhouse"	"The Royal Dub (IRE)"	"9.00"	"0"	"Handicap Chase"	"PU"	"10"	"Carberry, P A"	"Carberry, Thomas"	"3m1f "	"8"	"24"
"14:40:00"	"2006-01-05"	"Hereford"	"Magical Liaison (IRE)"	"20.00"	"0"	"Hurdle"	"F"	"13"	"Fehily, Noel"	"Jenks, W"	"3m2f "	"8"	"15"
"15:40:00"	"2006-01-02"	"Ayr"	"Generals Laststand (IRE)"	"5.50"	"0"	"Handicap Hurdle"	"5"	"15"	"Flavin, Des"	"Normile, Mrs L B"	"3m.5f "	"8"	"29"
"15:00:00"	"2005-12-17"	"Fairyhouse"	"Macs-Bet (IRE)"	"33.00"	"0"	"Handicap Hurdle"	"16"	"22"	"Coleman, K T"	"Shearman, John C"	"2m "	"8"	"10"
"14:55:00"	"2005-12-14"	"Downpatrick"	"Slow To Part (IRE)"	"16.00"	"0"	"Maiden Hunters Chase"	"1"	"15"	"Loughran, R"	"Cunningham, Michael"	"2m7f "	"8"	"226"
"13:45:00"	"2005-12-11"	"Cork"	"Vearian (IRE)"	"20.00"	"0"	"Handicap Hurdle"	"10"	"13"	"Gallagher, P A"	"OBrien, William Coleman"	"2m4f "	"8"	"49"
"13:50:00"	"2005-11-12"	"Wetherby"	"Casas (IRE)"	"3.00"	"0"	"Handicap Seller Hurdle"	"UR"	"5"	"Magee, Mr S F"	"Norton, J R"	"2m7f "	"8"	"202"
"16:35:00"	"2005-09-24"	"Listowel"	"Turn Turtle (IRE)"	"33.00"	"0"	"Handicap Hurdle"	"13"	"17"	"Lee, W J"	"Finn, David Edward"	"2m "	"8"	"32"
"18:45:00"	"2005-09-15"	"Tipperary"	"Royal Destiny (IRE)"	"20.00"	"0"	"Handicap Hurdle"	"PU"	"20"	"McGovern, S M"	"Taaffe, T J"	"2m4f "	"8"	"19"
"14:05:00"	"2005-08-29"	"Huntingdon"	"Shamsan (IRE)"	"7.00"	"0"	"Seller Hurdle"	"1"	"11"	"Walsh, S P"	"Joseph, J"	"2m4.5f "	"8"	"11"
"14:05:00"	"2005-08-29"	"Huntingdon"	"Gray Knight (IRE)"	"25.00"	"0"	"Seller Hurdle"	"7"	"11"	"Messenger, Tom"	"Hill,Mrs Lawney "	"2m4.5f "	"8"	"29"
"18:20:00"	"2005-08-12"	"Tramore"	"Partners Choice (IRE)"	"25.00"	"0"	"Handicap Chase"	"9"	"16"	"Allen, J M"	"Carr, John G"	"2m4f "	"8"	"6"
"14:45:00"	"2005-07-24"	"Wexford"	"Colorado John (IRE)"	"3.00"	"0"	"Maiden Hurdle"	"2"	"16"	"Darcy, M"	"Sheehy, E"	"2m "	"8"	"40"
"17:20:00"	"2005-07-12"	"Killarney"	"Dixie Melody (IRE)"	"12.00"	"0"	"Handicap Hurdle"	"6"	"14"	"Lane, A P"	"Madden, I"	"2m6f "	"8"	"14"
"19:25:00"	"2005-06-16"	"Clonmel"	"Just Different (IRE)"	"16.00"	"0"	"Beginners Chase"	"1"	"12"	"Walsh, M P"	"Kelly, Enda"	"2m1f "	"8"	"21"
"16:05:00"	"2005-04-24"	"Wetherby"	"Casas (IRE)"	"25.00"	"0"	"Handicap Seller Hurdle"	"13"	"22"	"Magee, Mr S F"	"Norton, J R"	"2m4.5f "	"8"	"36"
"16:55:00"	"2005-04-17"	"Carlisle"	"Natural (IRE) (OLD)"	"14.00"	"0"	"Hunters Chase"	"1"	"6"	"Davidson, Mr T"	"Williamson, Mrs J"	"3m "	"8"	"172"
"15:45:00"	"2005-03-26"	"Cork"	"Reminiscer (IRE)"	"20.00"	"0"	"Handicap Hurdle"	"1"	"16"	"Allen, J M"	"Foley, Thomas"	"2m "	"8"	"13"
"15:30:00"	"2005-03-15"	"Sedgefield"	"Dark Thunder (IRE) (OLD)"	"3.00"	"0"	"Handicap Seller Hurdle"	"1"	"10"	"McDonald, P J"	"Murphy, Ferdy"	"3m3.5f "	"8"	"49"
"14:50:00"	"2005-02-19"	"Uttoxeter"	"Saxe-Coburg (IRE)"	"10.00"	"0"	"Novices Seller Hurdle"	"5"	"9"	"Morgan, Justin"	"Wingrove, K G"	"2m "	"8"	"85"
"13:30:00"	"2005-02-09"	"Ludlow"	"Forbearing (IRE) (OLD)"	"7.50"	"0"	"Seller Hurdle"	"10"	"18"	"Aspell, Leighton"	"Jordan, F"	"2m "	"8"	"44"
"14:50:00"	"2005-01-27"	"Plumpton"	"Estupendo (IRE)"	"5.00"	"0"	"Seller Hurdle"	"4"	"5"	"Morgan, Justin"	"Wells, L"	"2m5f "	"8"	"9"
"14:45:00"	"2004-12-09"	"Clonmel"	"Jordans Lad (IRE)"	"7.00"	"0"	"Beginners Chase"	"4"	"15"	"Darcy, M"	"Sheehy, E"	"2m4f "	"8"	"206"
"15:10:00"	"2004-11-02"	"Folkestone"	"Eviyrn (IRE)"	"12.00"	"0"	"Handicap Seller Hurdle"	"5"	"8"	"Fitzgerald, Mick"	"Jenkins, J R"	"2m6.5f "	"8"	"72"
"14:30:00"	"2004-09-21"	"Fontwell"	"Come Bye (IRE)"	"9.00"	"0"	"Handicap Seller Hurdle"	"6"	"7"	"Bolger, Colin"	"Newton-Smith, Miss A M"	"2m2.5f "	"8"	"16"
"15:30:00"	"2004-08-29"	"Ballinrobe"	"Magical Dawn (IRE)"	"33.00"	"0"	"Maiden Hurdle"	"PU"	"15"	"Elliott, J P"	"Thomas, Miss Jane"	"2m4f "	"8"	"11"
"16:05:00"	"2004-08-14"	"Tramore"	"Mr Wong (IRE)"	"3.50"	"0"	"Beginners Chase"	"6"	"8"	"Leigh, A D"	"Harrington, Mrs John"	"2m "	"8"	"22"
"18:20:00"	"2004-07-14"	"Killarney"	"Cmewin (IRE)"	"10.00"	"0"	"Handicap Chase"	"6"	"15"	"Barry, J R"	"Martin, A J"	"2m4f "	"8"	"39"
"20:15:00"	"2004-07-09"	"Fairyhouse"	"Some Trainer (IRE)"	"14.00"	"0"	"Handicap Chase"	"10"	"16"	"Colgan, R C"	"Cromwell, J G"	"2m6.5f "	"8"	"38"
"20:15:00"	"2004-07-09"	"Fairyhouse"	"Fingal Fox (IRE)"	"7.00"	"0"	"Handicap Chase"	"11"	"16"	"Mooney, M F"	"Harvey, D"	"2m6.5f "	"8"	"57"
"16:00:00"	"2004-06-05"	"Tramore"	"Noble Buck (IRE)"	"14.00"	"0"	"Handicap Hurdle"	"7"	"8"	"Slattery, W"	"Queally, John"	"2m6f "	"8"	"27"
"15:30:00"	"2004-06-05"	"Tramore"	"Peruge (IRE)"	"6.00"	"0"	"Handicap Hurdle"	"1"	"14"	"Madden, N P"	"Madden, Niall"	"2m "	"8"	"8"
"19:30:00"	"2004-06-04"	"Kilbeggan"	"Calder Ridge (IRE)"	"14.00"	"0"	"Handicap Hurdle"	"BD"	"16"	"McDermott, S G"	"Kiely, David A"	"2m6f "	"8"	"16"
"15:45:00"	"2004-05-09"	"Killarney"	"Noble Buck (IRE)"	"14.00"	"0"	"Handicap Chase"	"PU"	"15"	"Slattery, W"	"Queally, John"	"2m4f "	"8"	"29"
"14:30:00"	"2004-04-21"	"Gowran Park"	"Native Hall (IRE)"	"5.50"	"0"	"Maiden Hurdle"	"14"	"20"	"ODwyer, C"	"Foley, Thomas"	"2m2f "	"8"	"125"
"14:45:00"	"2004-03-14"	"Cork"	"Im Home (IRE)"	"25.00"	"0"	"Handicap Hurdle"	"9"	"24"	"Carey, B S"	"Leahy, Augustine"	"3m "	"8"	"56"
"15:10:00"	"2004-03-08"	"Fontwell"	"Irish Prince (IRE) (OLD)"	"20.00"	"0"	"Handicap Seller Hurdle"	"PU"	"12"	"Doyle, T J"	"Oshea, J G M"	"2m6.5f "	"8"	"44"
"14:45:00"	"2004-03-07"	"Naas"	"Dublin Hunter (IRE)"	"8.00"	"0"	"Maiden Hurdle"	"1"	"25"	"Flood, P W"	"Hughes, D T"	"3m "	"8"	"29"
"15:50:00"	"2004-02-26"	"Limerick"	"Ard Hudie (IRE)"	"14.00"	"0"	"Handicap Hurdle"	"11"	"16"	"Hurley, L A"	"Harney, W"	"2m4f "	"8"	"7"
"15:45:00"	"2004-02-21"	"Fairyhouse"	"Viaduct (IRE)"	"12.00"	"0"	"Hunters Chase"	"5"	"16"	"Carroll, Mr J T"	"Kingston, Ivor"	"3m1f "	"8"	"288"
"15:00:00"	"2003-12-21"	"Thurles"	"No Bother (IRE)"	"14.00"	"0"	"Handicap Hurdle"	"F"	"18"	"Murphy, Timmy"	"Ryan, Stephen"	"2m6.5f "	"8"	"14"
"12:30:00"	"2003-12-21"	"Thurles"	"Asabache (IRE)"	"12.00"	"0"	"Handicap Chase"	"11"	"13"	"Aspell, Leighton"	"OKeeffe, P"	"2m2f "	"8"	"246"
"13:00:00"	"2003-12-10"	"Downpatrick"	"Crash Bandit (IRE)"	"16.00"	"0"	"Handicap Hurdle"	"6"	"14"	"Tobin, J C"	"McCourt, T G"	"2m2f "	"8"	"6"
"13:00:00"	"2003-11-27"	"Thurles"	"Ira Hayes (IRE) (OLD)"	"20.00"	"0"	"Handicap Chase"	"14"	"18"	"Cullen, J L"	"Codd, John A"	"3m "	"8"	"7"
"13:30:00"	"2003-11-12"	"Fairyhouse"	"Danaeve (IRE)"	"3.33"	"0"	"Handicap Chase"	"4"	"5"	"Mooney, M F"	"Keane, Gerard"	"2m5.5f "	"8"	"11"
"14:50:00"	"2003-10-26"	"Wexford"	"Willoughby Joe (IRE)"	"14.00"	"0"	"Handicap Hurdle"	"PU"	"12"	"Madden, M P"	"Black, Anthony John"	"2m4f "	"8"	"14"
"15:45:00"	"2003-10-12"	"Limerick"	"Willoughby Joe (IRE)"	"12.00"	"0"	"Handicap Hurdle"	"12"	"13"	"Russell, D N"	"Black, Anthony John"	"2m4f "	"8"	"72"
"15:30:00"	"2003-10-02"	"Thurles"	"Gone No More (IRE)"	"16.00"	"0"	"Handicap Chase"	"6"	"12"	"Howard, D J"	"Fahey, Jarlath P"	"2m2f "	"8"	"20"
"17:15:00"	"2003-09-20"	"Fairyhouse"	"Christy Senior (IRE)"	"14.00"	"0"	"Maiden Hurdle"	"PU"	"10"	"Treacy, T P"	"Lambe, J J"	"2m2f "	"8"	"8"
"17:05:00"	"2003-08-26"	"Tralee"	"Cojak (IRE)"	"20.00"	"0"	"Beginners Chase"	"UR"	"9"	"Barry, J R"	"OBrien, V T"	"2m4f "	"8"	"37"
"14:45:00"	"2003-08-23"	"Cartmel"	"Misty Ridge (IRE)"	"5.00"	"0"	"Handicap Seller Hurdle"	"11"	"14"	"Ryan, J R"	"Smith, Mrs S J"	"2m6f "	"8"	"12"
"16:45:00"	"2003-07-20"	"Ballinrobe"	"Droumleigh Lad (IRE)"	"14.00"	"0"	"Beginners Chase"	"6"	"14"	"Slattery, W"	"OMara, T J"	"2m1f "	"8"	"15"
"16:45:00"	"2003-07-20"	"Ballinrobe"	"Aberdeenshire (IRE)"	"12.00"	"0"	"Beginners Chase"	"PU"	"14"	"Madden, M P"	"Purcell, Kieran"	"2m1f "	"8"	"15"
"17:45:00"	"2003-07-16"	"Killarney"	"Rud Cinnte (IRE)"	"5.00"	"0"	"Handicap Chase"	"PU"	"10"	"Russell, D N"	"Brassil, John"	"2m4f "	"8"	"15"
"18:45:00"	"2003-07-11"	"Wexford"	"Wild Day (IRE)"	"33.00"	"0"	"Hurdle"	"PU"	"11"	"Hutchinson, G T"	"Rothwell, J L"	"2m4f "	"8"	"57"
"19:00:00"	"2003-06-18"	"Naas"	"Willoughby Joe (IRE)"	"20.00"	"0"	"Handicap Hurdle"	"6"	"19"	"Barry, J R"	"Black, Anthony John"	"2m3f "	"8"	"16"
"15:05:00"	"2003-06-11"	"Hereford"	"Just Reuben (IRE)"	"7.00"	"0"	"Handicap Seller Chase"	"7"	"17"	"Tizzard, Joe"	"Tizzard, C L"	"3m1.5f "	"8"	"2"
"15:05:00"	"2003-06-11"	"Hereford"	"Hunters Wood (IRE)"	"50.00"	"0"	"Handicap Seller Chase"	"PU"	"17"	"Richards, G"	"Baker, R J"	"3m1.5f "	"8"	"21"
"20:20:00"	"2003-05-29"	"Huntingdon"	"Be My Dream (IRE) (OLD)"	"7.50"	"0"	"Hunters Chase"	"7"	"13"	"Cowley, Mr P"	"Webb, R J"	"3m "	"8"	"28"
"15:25:00"	"2003-05-29"	"Newton Abbot"	"Allez Toujours (IRE)"	"20.00"	"0"	"Handicap Seller Hurdle"	"PU"	"16"	"Flynn, Paul W"	"Sheppard, M"	"2m6f "	"8"	"8"
"20:30:00"	"2003-05-26"	"Kilbeggan"	"Dun Locha Castle (IRE)"	"10.00"	"0"	"Handicap Hunters Chase"	"7"	"12"	"McCarthy, Willie"	"Brassil, John"	"3m1f "	"8"	"23"
"16:55:00"	"2003-05-13"	"Hereford"	"Ridgeway (IRE)"	"10.00"	"0"	"Hunters Chase"	"2"	"10"	"Foster, Miss J"	"Foster, Miss J E"	"3m1.5f "	"8"	"15"
"15:45:00"	"2003-05-01"	"Hereford"	"Doberman (IRE)"	"9.00"	"0"	"Handicap Seller Hurdle"	"4"	"18"	"Flannery, D F"	"Brisbourne, W M"	"2m1f "	"8"	"83"
"14:05:00"	"2003-02-22"	"Huntingdon"	"Lord Sandrovitch (IRE)"	"6.50"	"0"	"Seller Hurdle"	"PU"	"17"	"Carenza, Gino"	"Easterby, M W"	"2m4.5f "	"8"	"72"
"15:30:00"	"2003-02-13"	"Thurles"	"Aibitir (IRE)"	"33.00"	"0"	"Beginners Chase"	"1"	"16"	"Tobin, Mr P"	"OConnor, P C"	"3m "	"8"	"7"
"14:30:00"	"2003-02-13"	"Thurles"	"Great Melody (IRE)"	"12.00"	"0"	"Handicap Hurdle"	"PU"	"17"	"Slattery, W"	"OMara, T J"	"2m "	"8"	"5"
"16:15:00"	"2003-02-08"	"Naas"	"Dunowen (IRE)"	"4.00"	"0"	"Handicap Novices Chase"	"2"	"14"	"Carberry, P"	"Hyde, T E"	"2m4f "	"8"	"20"
"14:05:00"	"2003-01-21"	"Sedgefield"	"Al Mabrook (IRE)"	"10.00"	"0"	"Handicap Seller Hurdle"	"PU"	"10"	"Robson, Miss P"	"Ryan, K A"	"2m5.5f "	"8"	"3"
"15:00:00"	"2003-01-01"	"Tramore"	"Sidewinder (IRE) (OLD)"	"20.00"	"0"	"Handicap Chase"	"PU"	"9"	"Moloney, Paul"	"OConnor, D H"	"2m6f "	"8"	"20"
 