RTime	Date	track	Qualifier	Odds_Numeric	Odds_Exchange	Race_Type	Position	Runners	Jockey	Trainer	Distance	Age	DaysSinceRun	
"20:30:00"	"2026-06-30"	"Roscommon"	"Cracking Cloud"	"10.00"	"13.88"	"Maiden"	"5"	"14"	"OConnor, Donagh"	"OSullivan, Ross"	"1m4f "	"4"	"29"
"19:30:00"	"2026-06-30"	"Roscommon"	"Flying Fortress"	"5.00"	"6.42"	"Handicap"	"2"	"13"	"Whearty, R"	"Cromwell, Gavin Patrick"	"1m2.5f "	"4"	"18"
"18:30:00"	"2026-06-30"	"Roscommon"	"Blue Anthem"	"3.33"	"5.8"	"Handicap"	"8"	"15"	"Foley, Shane"	"Bunyan, Darren / OLeary, G"	"7.5f "	"4"	"43"
"18:30:00"	"2026-06-30"	"Roscommon"	"Shahada Ace"	"22.00"	"54.28"	"Handicap"	"11"	"15"	"Moran, Feenagh"	"Slattery, Andrew"	"7.5f "	"4"	"56"
"16:43:00"	"2026-06-30"	"Brighton"	"Lunanova"	"33.00"	"60.25"	"Handicap"	"6"	"11"	"Fernandes, Mr Jude"	"Dace, L A"	"7f "	"4"	"16"
"20:30:00"	"2026-06-29"	"Windsor"	"Havana Club"	"7.50"	"11"	"Handicap"	"4"	"11"	"Marsh, Finley"	"Wintle, A"	"1m.5f "	"4"	"48"
"20:30:00"	"2026-06-29"	"Windsor"	"Love You More"	"3.00"	"4.34"	"Handicap"	"7"	"11"	"Osborne, Saffie"	"Parr, Joseph"	"1m.5f "	"4"	"20"
"20:30:00"	"2026-06-29"	"Windsor"	"Liberty Bird"	"25.00"	"40"	"Handicap"	"9"	"11"	"Levey, S M"	"Evans, H J"	"1m.5f "	"4"	"23"
"19:00:00"	"2026-06-29"	"Windsor"	"Cindy Lou Who"	"10.00"	"13.5"	"Handicap"	"5"	"10"	"Carson, William"	"Carroll, A W"	"6f "	"4"	"23"
"18:15:00"	"2026-06-27"	"Windsor"	"Kiniro"	"7.50"	"11"	"Handicap"	"8"	"10"	"Egan, Ms A"	"Horsford, Dan"	"6f "	"4"	"16"
"16:50:00"	"2026-06-27"	"York"	"Ben Lawers"	"28.00"	"50"	"Handicap"	"14"	"14"	"Ryan, Mr A P"	"Waugh, S G"	"1m2.5f "	"4"	"48"
"16:45:00"	"2026-06-27"	"Chester"	"Patagonia Girl"	"4.00"	"6"	"Handicap"	"5"	"8"	"Probert, David"	"Palmer, Hugo"	"1m2.5f "	"4"	"28"
"16:30:00"	"2026-06-27"	"Curragh"	"Rocket Robyn"	"16.00"	"27.55"	"Handicap"	"9"	"12"	"Connolly, Ms A M"	"Hassett, Martin"	"1m2f "	"4"	"16"
"15:38:00"	"2026-06-27"	"York"	"Draupnir"	"14.00"	"22"	"Handicap"	"7"	"8"	"Garritty, Billy"	"Easterby, M W"	"1m6f "	"4"	"23"
"14:45:00"	"2026-06-27"	"Curragh"	"Vegas Muse"	"28.00"	"45.73"	"Handicap"	"8"	"11"	"Foley, Shane"	"Harrington, Mrs John"	"7f "	"4"	"41"
"14:45:00"	"2026-06-27"	"Curragh"	"Rion Rubette"	"9.00"	"13.37"	"Handicap"	"10"	"11"	"Harnett, P A"	"Butler, Michael"	"7f "	"4"	"15"
"13:55:00"	"2026-06-27"	"York"	"Andesite"	"5.00"	"8.33"	"Handicap"	"2"	"14"	"Stott, Kevin"	"Fell, R / Murray, S"	"1m "	"4"	"14"
"13:55:00"	"2026-06-27"	"York"	"Sujet"	"11.00"	"17.71"	"Handicap"	"11"	"14"	"Wheatley, Zak"	"Carroll, D"	"1m "	"4"	"14"
"18:10:00"	"2026-06-26"	"Curragh"	"Indigo Dream"	"6.00"	"8.49"	"Handicap"	"4"	"17"	"Keane, C T"	"OSullivan, Ross"	"7f "	"4"	"12"
"18:10:00"	"2026-06-26"	"Curragh"	"Collecting Coin"	"11.00"	"18.61"	"Handicap"	"6"	"17"	"Foley, Shane"	"Harrington, Mrs John"	"7f "	"4"	"12"
"17:35:00"	"2026-06-26"	"Curragh"	"Liberate"	"10.00"	"16.29"	"Handicap"	"5"	"20"	"Hayes, C D"	"Hogan, Denis Gerard"	"1m "	"4"	"33"
"19:15:00"	"2026-06-25"	"Leicester"	"Coverbridge"	"28.00"	"46"	"Handicap"	"3"	"8"	"Ffrench Davis, Mr Ben"	"Winks, P"	"1m4f "	"4"	"17"
"17:40:00"	"2026-06-24"	"Naas"	"Jazzit"	"14.00"	"24.49"	"Handicap"	"8"	"21"	"Ryan, J J G"	"McCourt, T G"	"5f "	"4"	"17"
"16:35:00"	"2026-06-24"	"Carlisle"	"Altareq"	"6.50"	"10.5"	"Handicap"	"3"	"14"	"Mulrennan, Paul"	"Goldie, J S"	"1m "	"4"	"12"
"15:30:00"	"2026-06-24"	"Carlisle"	"Marry The Night"	"66.00"	"120"	"Handicap"	"6"	"10"	"Kirrane, Sean"	"Easterby, T D"	"1m "	"4"	"25"
"15:30:00"	"2026-06-24"	"Carlisle"	"Pension Pot"	"25.00"	"30.41"	"Handicap"	"8"	"10"	"Pyle, William"	"Barron, T D"	"1m "	"4"	"12"
"20:20:00"	"2026-06-22"	"Windsor"	"Dreambird Dolly"	"9.00"	"13.7"	"Handicap"	"10"	"12"	"Loughnane, Mr Billy"	"Gallagher, J"	"5f "	"4"	"14"
"16:15:00"	"2026-06-22"	"Musselburgh"	"Fear And Fast"	"6.50"	"10.5"	"Handicap"	"5"	"10"	"Young, Lauren"	"Goldie, J S"	"5f "	"4"	"16"
"14:56:00"	"2026-06-21"	"Brighton"	"Suitcase Smith"	"16.00"	"18.15"	"Handicap"	"6"	"9"	"Watson, Jason"	"Berry, John"	"1m4f "	"4"	"24"
"20:00:00"	"2026-06-20"	"Doncaster"	"Great"	"11.00"	"13.21"	"Handicap"	"7"	"9"	"McDonald, P J"	"England, Sam"	"6f "	"4"	"12"
"17:18:00"	"2026-06-20"	"Redcar"	"Poppeye"	"4.50"	"6.54"	"Handicap"	"2"	"12"	"Stammers, Oliver"	"Tuer, Grant"	"1m "	"4"	"25"
"17:00:00"	"2026-06-20"	"Ascot"	"Fast Track Harry"	"50.00"	"74.3"	"Handicap"	"11"	"27"	"Nicholls, Mr Jack"	"Cox, C G"	"6f "	"4"	"38"
"14:15:00"	"2026-06-19"	"Redcar"	"Looks Fantastic"	"25.00"	"38"	"Handicap"	"13"	"14"	"Rawlinson, Ali"	"Appleby, M"	"7f "	"4"	"25"
"17:35:00"	"2026-06-17"	"Ascot"	"Lady Mariko"	"80.00"	"220"	"Handicap"	"18"	"24"	"Slattery, A J"	"Cunha, Dylan"	"1m "	"4"	"13"
"17:35:00"	"2026-06-17"	"Ascot"	"Betty Clover"	"33.00"	"58.1"	"Handicap"	"23"	"24"	"Bishop, Charles"	"Houghton, Eve Johnson"	"1m "	"4"	"11"
"17:00:00"	"2026-06-17"	"Ascot"	"La Botte"	"8.50"	"10.68"	"Handicap"	"13"	"28"	"Zahra, M"	"Eustace, Harry"	"1m "	"4"	"26"
"17:00:00"	"2026-06-17"	"Ascot"	"Mister Winston"	"16.00"	"25"	"Handicap"	"23"	"28"	"Murphy, Oisin"	"Balding, A M"	"1m "	"4"	"12"
"16:02:00"	"2026-06-17"	"Hamilton"	"Stirrup Cup"	"2.50"	"4.22"	"Handicap"	"5"	"8"	"Allan, David"	"Easterby, T D"	"6f "	"4"	"9"
"19:00:00"	"2026-06-15"	"Windsor"	"Diligently"	"8.50"	"11.2"	"Handicap"	"1"	"12"	"Probert, David"	"Cox, C G"	"6f "	"4"	"35"
"19:00:00"	"2026-06-15"	"Windsor"	"Fleetwater"	"12.00"	"19.09"	"Handicap"	"9"	"12"	"Loughnane, Mr Billy"	"Moore, J S"	"6f "	"4"	"8"
"19:00:00"	"2026-06-15"	"Windsor"	"Uncle Don"	"3.50"	"5.6"	"Handicap"	"10"	"12"	"Callan, Mr Jack"	"Cowell, R M H"	"6f "	"4"	"21"
"19:00:00"	"2026-06-15"	"Windsor"	"Toolatetonegotiate"	"22.00"	"24.28"	"Handicap"	"11"	"12"	"Wonnacott, Millie"	"Hitchins, Daisy"	"6f "	"4"	"24"
"16:58:00"	"2026-06-15"	"Carlisle"	"Jamaican Storm"	"5.50"	"6.64"	"Handicap"	"6"	"8"	"Mulrennan, Paul"	"Smart, B"	"7f "	"4"	"17"
"16:23:00"	"2026-06-15"	"Carlisle"	"Amelias Joy"	"8.00"	"11"	"Handicap"	"2"	"10"	"Beasley, Connor"	"Herrington,M "	"7f "	"4"	"9"
"15:40:00"	"2026-06-15"	"Wetherby"	"Amerjeet"	"7.00"	"9.61"	"Handicap"	"7"	"9"	"Hart, Jason"	"Herrington,M "	"5.5f "	"4"	"11"
"17:15:00"	"2026-06-14"	"Doncaster"	"Ey Up Hes A Star"	"10.00"	"13.55"	"Handicap"	"3"	"18"	"Nolan, D"	"Coyle, Tony"	"1m "	"4"	"20"
"17:15:00"	"2026-06-14"	"Doncaster"	"Hachiman"	"33.00"	"60.19"	"Handicap"	"14"	"18"	"Sullivan, James P"	"Carr, Mrs R A"	"1m "	"4"	"13"
"16:57:00"	"2026-06-14"	"Salisbury"	"Kamaway"	"1.38"	"2.5"	"Handicap"	"1"	"13"	"Hutchinson, Callum"	"Houghton, Eve Johnson"	"1m "	"4"	"25"
"16:57:00"	"2026-06-14"	"Salisbury"	"Eutropia"	"3.50"	"6.04"	"Handicap"	"2"	"13"	"Loughnane, Mr Billy"	"Wintle, A"	"1m "	"4"	"23"
"16:57:00"	"2026-06-14"	"Salisbury"	"Lunanova"	"50.00"	"110"	"Handicap"	"6"	"13"	"Langley, Miss Taryn"	"Dace, L A"	"1m "	"4"	"26"
"16:05:00"	"2026-06-14"	"Doncaster"	"Wrydcroft"	"2.25"	"3.42"	"Handicap"	"3"	"11"	"Dawes, Rose"	"Sly, Mrs P"	"7f "	"4"	"29"
"14:37:00"	"2026-06-14"	"Cork"	"Indigo Dream"	"10.00"	"14"	"Handicap"	"8"	"15"	"Rutledge, Siobhan"	"OSullivan, Ross"	"7f "	"4"	"22"
"14:37:00"	"2026-06-14"	"Cork"	"Collecting Coin"	"7.00"	"11"	"Handicap"	"11"	"15"	"Kennedy, K G"	"Harrington, Mrs John"	"7f "	"4"	"42"
"20:00:00"	"2026-06-13"	"Leicester"	"Jack Andrea"	"4.00"	"5.63"	"Handicap"	"1"	"9"	"Gilligan, Jack"	"Butler, John"	"1m4f "	"4"	"46"
"20:00:00"	"2026-06-13"	"Leicester"	"Kameel"	"3.50"	"5.6"	"Handicap"	"4"	"9"	"Edmunds, Lewis"	"Macey, Jessica"	"1m4f "	"4"	"19"
"20:00:00"	"2026-06-13"	"Leicester"	"Divot"	"8.50"	"10.51"	"Handicap"	"7"	"9"	"Muscutt, D"	"Knight, W J"	"1m4f "	"4"	"24"
"20:00:00"	"2026-06-13"	"Leicester"	"Cartwheel"	"11.00"	"14.46"	"Handicap"	"8"	"9"	"Burns, Harry"	"Cunha, Dylan"	"1m4f "	"4"	"18"
"17:12:00"	"2026-06-13"	"Chester"	"Havachoc"	"28.00"	"50"	"Handicap"	"6"	"8"	"Morris, Luke"	"Morris, Patrick"	"1m4.5f "	"4"	"11"
"15:17:00"	"2026-06-13"	"Sandown"	"Hot Cash"	"8.00"	"12.72"	"Handicap"	"8"	"12"	"Rodriguez, Callum"	"Channon, Jack"	"1m "	"4"	"8"
"14:30:00"	"2026-06-13"	"Bath"	"Harry Mole"	"2.75"	"4.51"	"Handicap"	"2"	"14"	"Costello, Dougie"	"Hollinshead, Steph"	"5f "	"4"	"8"
"14:25:00"	"2026-06-13"	"York"	"Andesite"	"25.00"	"40"	"Handicap"	"2"	"19"	"Watson, Jason"	"Fell, R / Murray, S"	"7f "	"4"	"18"
"14:25:00"	"2026-06-13"	"York"	"Sujet"	"16.00"	"20"	"Handicap"	"15"	"19"	"Doyle, James"	"Carroll, D"	"7f "	"4"	"28"
"14:25:00"	"2026-06-13"	"York"	"Mirabeau"	"8.50"	"13.7"	"Handicap"	"19"	"19"	"Buick, William"	"Davis, D J S Ffrench"	"7f "	"4"	"28"
"13:35:00"	"2026-06-13"	"Chester"	"Station X"	"1.88"	"3.15"	"Handicap"	"1"	"10"	"Probert, David"	"Smart, B"	"6f "	"4"	"4"
"17:28:00"	"2026-06-12"	"Chester"	"Dapper Gee Gee"	"3.33"	"4.81"	"Handicap"	"5"	"11"	"Mangan, Gina"	"Carroll, A W"	"1m "	"4"	"6"
"17:18:00"	"2026-06-12"	"York"	"Mafting"	"10.00"	"11.64"	"Handicap"	"4"	"18"	"Doyle, James"	"OMeara, D"	"1m2.5f "	"4"	"13"
"15:00:00"	"2026-06-12"	"York"	"Beaujolais Nouveau"	"16.00"	"24"	"Handicap"	"5"	"12"	"Mullen, Andrew"	"Haslam, B M R"	"6f "	"4"	"26"
"15:00:00"	"2026-06-12"	"York"	"Lady Roxby"	"4.00"	"5.7"	"Handicap"	"7"	"12"	"Tudhope, Daniel"	"Herrington,M "	"6f "	"4"	"21"
"21:00:00"	"2026-06-10"	"Hamilton"	"Motawaared"	"9.00"	"13.5"	"Handicap"	"5"	"11"	"Mulrennan, Paul"	"Goldie, J S"	"1m.5f "	"4"	"5"
"16:18:00"	"2026-06-10"	"Yarmouth"	"Captain Robert"	"6.00"	"7.6"	"Handicap"	"1"	"9"	"Wood, George"	"Fanshawe, J R"	"1m6f "	"4"	"11"
"15:48:00"	"2026-06-10"	"Yarmouth"	"Skellig Isle"	"3.50"	"5.5"	"Handicap"	"4"	"9"	"Sousa, Silvestre De"	"McBride, P J"	"6f "	"4"	"16"
"19:42:00"	"2026-06-09"	"Carlisle"	"Arctic Summer"	"12.00"	"15.5"	"Handicap"	"9"	"11"	"Beasley, Connor"	"Tutty, Gemma"	"5f "	"4"	"29"
"19:21:00"	"2026-06-09"	"Brighton"	"Play Me"	"6.50"	"9.92"	"Handicap"	"1"	"12"	"Murphy, D J"	"Boyle, J R"	"1m "	"4"	"8"
"19:21:00"	"2026-06-09"	"Brighton"	"Tactical Plan"	"14.00"	"18.61"	"Handicap"	"4"	"12"	"Callan, Mr Jack"	"Dunlop, E A L"	"1m "	"4"	"20"
"20:09:00"	"2026-06-08"	"Windsor"	"Nymphaea"	"6.00"	"9.4"	"Non-Handicap"	"2"	"13"	"Ryan, Rossa"	"Candlish, Jennie"	"1m3.5f "	"4"	"20"
"17:10:00"	"2026-06-08"	"Leicester"	"Zivas Star"	"7.50"	"10.5"	"Non-Handicap"	"3"	"9"	"Elliott, Andrew"	"Whitaker, Simon"	"5f "	"4"	"23"
"16:53:00"	"2026-06-08"	"Carlisle"	"Star Cast"	"3.33"	"5.36"	"Handicap"	"2"	"11"	"Scott, Rowan"	"Tutty, Gemma"	"1m1f "	"4"	"18"
"16:18:00"	"2026-06-08"	"Carlisle"	"Emery Down"	"2.25"	"3.6"	"Handicap"	"4"	"9"	"Beasley, Connor"	"Ryan, J"	"1m "	"4"	"19"
"14:15:00"	"2026-06-08"	"Carlisle"	"Stirrup Cup"	"2.75"	"3.88"	"Handicap"	"1"	"8"	"Dickson, Mr Jake"	"Easterby, T D"	"6f "	"4"	"22"
"14:15:00"	"2026-06-08"	"Carlisle"	"Surprised"	"7.50"	"10.5"	"Handicap"	"8"	"8"	"Young, Lauren"	"Smart, B"	"6f "	"4"	"21"
"20:10:00"	"2026-06-06"	"Lingfield"	"Pixie Diva"	"2.25"	"3.45"	"Handicap"	"5"	"8"	"Keenan, Darragh"	"Scott, George"	"6f "	"4"	"21"
"20:10:00"	"2026-06-06"	"Lingfield"	"Queue Dos"	"10.00"	"13.5"	"Handicap"	"8"	"8"	"Paetel, Mason"	"Moore, J S"	"6f "	"4"	"15"
"17:20:00"	"2026-06-06"	"Epsom"	"Too Soon"	"8.50"	"10.26"	"Handicap"	"1"	"13"	"Fentiman, Warren"	"Moore, Gary and Josh"	"1m4f "	"4"	"14"
"17:00:00"	"2026-06-06"	"Doncaster"	"Amelias Joy"	"6.00"	"7.4"	"Handicap"	"5"	"11"	"Levey, S M"	"Herrington,M "	"7f "	"4"	"16"
"17:00:00"	"2026-06-06"	"Doncaster"	"Singoura"	"5.50"	"8"	"Handicap"	"6"	"11"	"Pyle, William"	"Tutty, Gemma"	"7f "	"4"	"8"
"17:00:00"	"2026-06-06"	"Doncaster"	"Palmarian"	"22.00"	"33.96"	"Handicap"	"9"	"11"	"Sullivan, James P"	"Carr, Mrs R A"	"7f "	"4"	"18"
"14:50:00"	"2026-06-06"	"Musselburgh"	"Zubaru"	"1.75"	"3.15"	"Handicap"	"4"	"9"	"Rodriguez, Callum"	"Scott, George"	"7f "	"4"	"9"
"13:20:00"	"2026-06-06"	"Doncaster"	"Melissa Honey"	"4.00"	"6.27"	"Handicap"	"1"	"16"	"Tudhope, Daniel"	"Herrington,M "	"6f "	"4"	"12"
"13:20:00"	"2026-06-06"	"Doncaster"	"Mu Mu Land"	"12.00"	"20.74"	"Handicap"	"5"	"16"	"Marshall, Tom Kiely"	"Camacho, Miss J A"	"6f "	"4"	"16"
"13:20:00"	"2026-06-06"	"Doncaster"	"Canaria Sun"	"28.00"	"50.68"	"Handicap"	"15"	"16"	"Sullivan, James P"	"Easterby, T D"	"6f "	"4"	"17"
"20:05:00"	"2026-06-05"	"Doncaster"	"Alondra"	"14.00"	"20.04"	"Handicap"	"8"	"13"	"ONeill, K T"	"Dixon, Scott"	"6f "	"4"	"7"
"16:40:00"	"2026-06-05"	"Epsom"	"Final Night"	"28.00"	"40.61"	"Handicap"	"6"	"18"	"Osborne, Saffie"	"Butler, John"	"1m.5f "	"4"	"20"
"17:15:00"	"2026-06-04"	"Wetherby"	"Dragon God"	"5.50"	"7.72"	"Handicap"	"5"	"9"	"Mason, Joanna"	"Carroll, A W"	"5.5f "	"4"	"14"
"16:42:00"	"2026-06-04"	"Wetherby"	"Lady Mariko"	"11.00"	"15"	"Handicap"	"6"	"14"	"Egan, David"	"Cunha, Dylan"	"7f "	"4"	"12"
"15:42:00"	"2026-06-04"	"Wetherby"	"Dream Illusion"	"20.00"	"26"	"Handicap"	"2"	"10"	"Hart, Jason"	"Herrington,M "	"7f "	"4"	"20"
"15:42:00"	"2026-06-04"	"Wetherby"	"Volendam"	"11.00"	"14"	"Handicap"	"5"	"10"	"Doughty, Jack"	"Carroll, A W"	"7f "	"4"	"16"
"14:51:00"	"2026-06-04"	"Hamilton"	"Wish This"	"9.00"	"11.14"	"Handicap"	"5"	"9"	"Kirrane, Sean"	"Brown, A D"	"6f "	"4"	"17"
"19:10:00"	"2026-06-03"	"Ripon"	"Donna Nook"	"7.50"	"8.97"	"Handicap"	"1"	"12"	"Tudhope, Daniel"	"OMeara, D"	"1m "	"4"	"7"
"16:50:00"	"2025-06-29"	"Curragh"	"Cloud Seeker"	"5.00"	"7.8"	"Handicap"	"2"	"13"	"Slattery, A J"	"Slattery, Andrew"	"1m4f "	"4"	"36"
"17:50:00"	"2025-06-28"	"Doncaster"	"Tourist"	"11.00"	"15.33"	"Handicap"	"8"	"9"	"Mitchell, Jack"	"Cowell, R M H"	"6f "	"4"	"25"
"17:50:00"	"2025-06-28"	"Doncaster"	"Smart Vision"	"2.75"	"4.79"	"Handicap"	"9"	"9"	"Keenan, Darragh"	"Macey, Jessica"	"6f "	"4"	"22"
"17:25:00"	"2025-06-28"	"York"	"Financer"	"4.50"	"7.2"	"Handicap"	"2"	"17"	"Easterby, William"	"Easterby, T D"	"1m2.5f "	"4"	"14"
"16:00:00"	"2025-06-28"	"Windsor"	"Mart"	"28.00"	"36.73"	"Handicap"	"7"	"8"	"Cole, Morgan"	"Cunha, Dylan"	"6f "	"4"	"24"
"15:05:00"	"2025-06-28"	"Chester"	"Balon Dor"	"16.00"	"21"	"Handicap"	"7"	"9"	"Keeley, Aidan"	"Palmer, Hugo"	"6f "	"4"	"14"
"18:50:00"	"2025-06-27"	"Curragh"	"Instant Appeal"	"4.50"	"7.8"	"Handicap"	"4"	"20"	"Foley, Shane"	"Harrington, Mrs John"	"1m "	"4"	"22"
"18:50:00"	"2025-06-27"	"Curragh"	"Sylkie"	"50.00"	"121.49"	"Handicap"	"18"	"20"	"Cleary, R P"	"Howard, Daniel John"	"1m "	"4"	"16"
"17:05:00"	"2025-06-27"	"Doncaster"	"Noble Consort"	"7.50"	"8.97"	"Handicap"	"1"	"8"	"Sexton, Ryan"	"Camacho, Miss J A"	"6f "	"4"	"24"
"15:55:00"	"2025-06-27"	"Doncaster"	"Novello Lad"	"1.38"	"2.73"	"Handicap"	"2"	"12"	"Murphy, Oisin"	"Midgley, P T"	"7f "	"4"	"12"
"14:50:00"	"2025-06-27"	"Doncaster"	"Meet Me In Meraki"	"10.00"	"12.8"	"Handicap"	"4"	"9"	"Downing, George"	"Evans, P D"	"1m2.5f "	"4"	"27"
"16:50:00"	"2025-06-25"	"Carlisle"	"Good Morning Alex"	"12.00"	"18"	"Handicap"	"2"	"16"	"Rodriguez, Callum"	"Barron, T D"	"1m "	"4"	"39"
"15:15:00"	"2025-06-25"	"Carlisle"	"Havana Prince"	"16.00"	"24"	"Handicap"	"7"	"16"	"Nolan, D"	"Coyle, Tony"	"1m "	"4"	"24"
"18:40:00"	"2025-06-23"	"Ballinrobe"	"Ina Mina"	"12.00"	"15.5"	"Handicap"	"2"	"13"	"Joyce, Wesley"	"Mulvany, Michael"	"1m1.5f "	"4"	"4"
"17:17:00"	"2025-06-23"	"Windsor"	"Exquisement"	"50.00"	"66.82"	"Handicap"	"8"	"14"	"Bradnam, Joe"	"Keady, Michael"	"6f "	"4"	"14"
"17:00:00"	"2025-06-21"	"Ascot"	"Completely Random"	"7.00"	"12"	"Handicap"	"5"	"28"	"Rodriguez, Callum"	"Charlton, Roger/Harry"	"6f "	"4"	"35"
"16:45:00"	"2025-06-21"	"Redcar"	"Ravishing Beauty"	"9.00"	"13.91"	"Handicap"	"4"	"12"	"Garritty, Jack"	"OKeeffe, Jedd"	"1m "	"4"	"25"
"15:40:00"	"2025-06-20"	"Ascot"	"Mutaawid"	"12.00"	"16.65"	"Handicap"	"2"	"18"	"Crowley, Jim"	"Gosden, J H M"	"1m4f "	"4"	"14"
"20:20:00"	"2025-06-19"	"Wetherby"	"Calafrio"	"3.33"	"5"	"Handicap"	"6"	"10"	"Elliott, Rhys"	"Kirby, P A"	"5.5f "	"4"	"12"
"20:20:00"	"2025-06-19"	"Wetherby"	"Lady Bouquet"	"14.00"	"19.82"	"Handicap"	"8"	"10"	"Egan, John"	"Kirby, P A"	"5.5f "	"4"	"12"
"19:50:00"	"2025-06-19"	"Wetherby"	"Jez Bomb"	"9.00"	"14.08"	"Handicap"	"6"	"11"	"Gray, S A"	"England, Sam"	"1m "	"4"	"15"
"18:10:00"	"2025-06-19"	"Ascot"	"Myal"	"18.00"	"27"	"Handicap"	"4"	"27"	"Ryan, Rossa"	"Hollinshead, Steph"	"7f "	"4"	"19"
"18:10:00"	"2025-06-19"	"Ascot"	"Run Boy Run"	"33.00"	"89.15"	"Handicap"	"9"	"27"	"Wood, George"	"Spencer, Richard"	"7f "	"4"	"33"
"17:10:00"	"2025-06-19"	"Ripon"	"South Shore"	"7.00"	"9.8"	"Handicap"	"7"	"12"	"Mason, Joanna"	"Carr, Mrs R A"	"6f "	"4"	"17"
"17:10:00"	"2025-06-19"	"Ripon"	"Bulmer Bank"	"7.50"	"9.49"	"Handicap"	"10"	"12"	"Garritty, Billy"	"Easterby, M W"	"6f "	"4"	"13"
"17:35:00"	"2025-06-18"	"Ascot"	"Arisaig"	"8.00"	"11.5"	"Handicap"	"14"	"23"	"Spencer, Jamie"	"Johnston, Charlie"	"1m "	"4"	"39"
"17:35:00"	"2025-06-18"	"Ascot"	"Ambiente Amigo"	"28.00"	"50"	"Handicap"	"16"	"23"	"Gale, Miss Elizabeth"	"Owen, J P"	"1m "	"4"	"25"
"17:00:00"	"2025-06-18"	"Ascot"	"Ebts Guard"	"28.00"	"50"	"Handicap"	"7"	"30"	"Edmunds, Lewis"	"Muir, W R"	"1m "	"4"	"12"
"14:15:00"	"2025-06-18"	"Hamilton"	"On The Bubble"	"25.00"	"28.18"	"Handicap"	"5"	"8"	"Dickson, Mr Jake"	"Rutherford, Gary"	"1m1f "	"4"	"20"
"18:10:00"	"2025-06-17"	"Ascot"	"Lavender Hill Mob"	"28.00"	"59.8"	"Handicap"	"11"	"16"	"Fallon, Cieren"	"Owen, J P"	"1m6f "	"4"	"32"
"14:45:00"	"2025-06-16"	"Carlisle"	"Ishe Worth Agamble"	"8.50"	"9.81"	"Handicap"	"3"	"9"	"Allan, David"	"Easterby, T D"	"6f "	"4"	"9"
"17:15:00"	"2025-06-15"	"Hamilton"	"Blue Day"	"2.75"	"4.5"	"Handicap"	"5"	"12"	"Shepherd, Callum"	"Charlton, Roger/Harry"	"5f "	"4"	"24"
"13:50:00"	"2025-06-15"	"Doncaster"	"Diligent Henry"	"20.00"	"25"	"Handicap"	"9"	"10"	"Fentiman, Duran"	"Macey, Jessica"	"7f "	"4"	"24"
"17:35:00"	"2025-06-14"	"Sandown"	"Road To Wembley"	"2.25"	"3.65"	"Handicap"	"3"	"10"	"Moore, Ryan"	"Hughes, Richard"	"1m6f "	"4"	"13"
"16:50:00"	"2025-06-14"	"Bath"	"Brinton"	"9.00"	"12"	"Handicap"	"5"	"11"	"Kavanagh, Ryan"	"Portman, J G"	"1m "	"4"	"18"
"15:08:00"	"2025-06-14"	"Bath"	"Port Hedland"	"7.00"	"9.01"	"Handicap"	"6"	"10"	"Coughlan, Laura"	"Carroll, A W"	"5f "	"4"	"15"
"14:25:00"	"2025-06-14"	"York"	"Financer"	"16.00"	"20.21"	"Handicap"	"6"	"12"	"Easterby, Miss E"	"Easterby, T D"	"1m4f "	"4"	"16"
"13:50:00"	"2025-06-14"	"York"	"Diligent Resdev"	"6.00"	"8.22"	"Handicap"	"3"	"13"	"Mason, Joanna"	"Easterby, M W"	"7f "	"4"	"19"
"13:50:00"	"2025-06-14"	"York"	"Our Havana"	"22.00"	"30"	"Handicap"	"10"	"13"	"Orr, Oisin"	"Fahey, R A"	"7f "	"4"	"42"
"16:35:00"	"2025-06-13"	"Chester"	"Thats My Boy Luke"	"3.50"	"5.09"	"Handicap"	"3"	"9"	"Kirrane, Sean"	"Easterby, T D"	"7.5f "	"4"	"20"
"16:00:00"	"2025-06-13"	"Chester"	"Supernova Steps"	"16.00"	"17.59"	"Handicap"	"4"	"12"	"Planas, Connor"	"Loughnane, David"	"7.5f "	"4"	"48"
"14:40:00"	"2025-06-13"	"Sandown"	"Charming Whisper"	"3.33"	"4.7"	"Handicap"	"4"	"8"	"Sousa, Silvestre De"	"McBride, P J"	"1m2f "	"4"	"15"
"21:00:00"	"2025-06-11"	"Hamilton"	"Rainwater"	"5.50"	"8.22"	"Handicap"	"1"	"13"	"Orr, Oisin"	"Fahey, R A"	"1m.5f "	"4"	"14"
"17:15:00"	"2025-06-11"	"Yarmouth"	"Elzour"	"150.00"	"320"	"Non-Handicap"	"11"	"11"	"Bennett, Charlie"	"McInnes, I W"	"1m "	"4"	"14"
"15:30:00"	"2025-06-11"	"Lingfield"	"Sawgrass"	"2.50"	"3.78"	"Handicap"	"1"	"10"	"Probert, David"	"Morrison, H"	"1m6f "	"4"	"14"
"19:10:00"	"2025-06-10"	"Catterick"	"Clasina"	"4.00"	"5.81"	"Handicap"	"8"	"14"	"McDonald, P J"	"Scott, Miss Katie"	"7f "	"4"	"8"
"18:10:00"	"2025-06-10"	"Catterick"	"Titainium"	"3.00"	"4.7"	"Handicap"	"4"	"9"	"Stammers, Oliver"	"Tuer, Grant"	"1m4f "	"4"	"23"
"16:30:00"	"2025-06-10"	"Salisbury"	"Pasha"	"14.00"	"18.5"	"Handicap"	"6"	"10"	"Crouch, Hector"	"Owen, J P"	"1m2f "	"4"	"15"
"15:00:00"	"2025-06-10"	"Salisbury"	"Saffredi"	"10.00"	"11.72"	"Handicap"	"5"	"10"	"Dawson, R"	"Harris, Miss G"	"6f "	"4"	"15"
"16:32:00"	"2025-06-09"	"Brighton"	"Bint Havana Gold"	"8.50"	"11.04"	"Handicap"	"5"	"10"	"Marsh, Finley"	"Hughes, Richard"	"7f "	"4"	"9"
"16:32:00"	"2025-06-09"	"Brighton"	"Twirler"	"33.00"	"37.48"	"Handicap"	"8"	"10"	"Currie, Nicola"	"Attwater, M J"	"7f "	"4"	"10"
"17:45:00"	"2025-06-07"	"Doncaster"	"Equity Law"	"14.00"	"25.04"	"Handicap"	"5"	"14"	"Allan, David"	"Easterby, T D"	"5f "	"4"	"21"
"17:40:00"	"2025-06-07"	"Epsom"	"Sondad"	"12.00"	"16"	"Handicap"	"1"	"11"	"Mason, Joanna"	"Easterby, M W"	"6f "	"4"	"28"
"16:55:00"	"2025-06-07"	"Musselburgh"	"Spring Festival"	"16.00"	"19.02"	"Handicap"	"8"	"12"	"Fallon, Cieren"	"OMeara, D"	"1m "	"4"	"16"
"16:35:00"	"2025-06-07"	"Doncaster"	"Ishe Worth Agamble"	"5.50"	"7.65"	"Handicap"	"1"	"9"	"Allan, David"	"Easterby, T D"	"6f "	"4"	"9"
"16:00:00"	"2025-06-07"	"Doncaster"	"Gogo Yubari"	"10.00"	"12.5"	"Handicap"	"5"	"10"	"Ghiani, Marco"	"Carroll, A W"	"6f "	"4"	"19"
"13:20:00"	"2025-06-07"	"Musselburgh"	"Royal Duke"	"10.00"	"13"	"Handicap"	"7"	"8"	"Brookes, Aiden"	"Smith, R Michael"	"5f "	"4"	"22"
"20:40:00"	"2025-06-06"	"Bath"	"Fighting Queen"	"14.00"	"16.71"	"Handicap"	"7"	"9"	"ONeill, K T"	"Ponting, J"	"1m "	"4"	"14"
"20:40:00"	"2025-06-06"	"Bath"	"Disclosure"	"8.00"	"11"	"Handicap"	"9"	"9"	"Shepherd, Callum"	"Owen, J P"	"1m "	"4"	"7"
"20:25:00"	"2025-06-06"	"Doncaster"	"Smart Vision"	"6.00"	"7.47"	"Handicap"	"2"	"9"	"Keenan, Darragh"	"Macey, Jessica"	"6f "	"4"	"27"
"17:10:00"	"2025-06-06"	"Epsom"	"Stanage"	"7.50"	"11.98"	"Handicap"	"7"	"12"	"Mason, Joanna"	"Easterby, M W"	"7f "	"4"	"22"
"16:35:00"	"2025-06-06"	"Epsom"	"Ebts Guard"	"4.50"	"6"	"Handicap"	"4"	"10"	"Edmunds, Lewis"	"Muir, W R"	"1m.5f "	"4"	"20"
"16:43:00"	"2025-06-05"	"Hamilton"	"Dwindling Funds"	"25.00"	"38"	"Handicap"	"12"	"12"	"Mulrennan, Paul"	"Goldie, J S"	"6f "	"4"	"15"
"20:30:00"	"2025-06-04"	"Curragh"	"Kwa Herini"	"7.50"	"9.3"	"Handicap"	"2"	"23"	"McAteer, L T"	"Coleman, Kevin"	"6.5f "	"4"	"30"
"19:52:00"	"2025-06-04"	"Ripon"	"Cash In"	"22.00"	"23.75"	"Handicap"	"7"	"12"	"Allan, David"	"Easterby, T D"	"6f "	"4"	"9"
"19:52:00"	"2025-06-04"	"Ripon"	"Mart"	"3.33"	"4.98"	"Handicap"	"12"	"12"	"Rodriguez, Callum"	"Cunha, Dylan"	"6f "	"4"	"4"
"19:22:00"	"2025-06-04"	"Ripon"	"Jez Bomb"	"3.50"	"5.49"	"Handicap"	"4"	"13"	"Orr, Oisin"	"England, Sam"	"1m "	"4"	"17"
"19:22:00"	"2025-06-04"	"Ripon"	"Alfie Boy"	"7.00"	"8.6"	"Handicap"	"6"	"13"	"Kirrane, Sean"	"Easterby, T D"	"1m "	"4"	"22"
"20:15:00"	"2025-06-02"	"Windsor"	"This Time Maybe"	"3.00"	"4.52"	"Handicap"	"6"	"11"	"Havlin, Robert"	"Usher, M D I"	"1m3.5f "	"4"	"33"
"19:00:00"	"2025-06-02"	"Wetherby"	"Clasina"	"4.50"	"7.2"	"Handicap"	"3"	"11"	"McDonald, P J"	"Scott, Miss Katie"	"7f "	"4"	"12"
"19:00:00"	"2025-06-02"	"Wetherby"	"Queens Road Revue"	"16.00"	"23.42"	"Handicap"	"10"	"11"	"Allan, David"	"Easterby, T D"	"7f "	"4"	"7"
"16:10:00"	"2025-06-02"	"Brighton"	"Formal Address"	"16.00"	"20.28"	"Handicap"	"3"	"8"	"Bennett, Charlie"	"Johnson, B R"	"1m2f "	"4"	"14"
"16:10:00"	"2025-06-01"	"Listowel"	"Dark Enigma"	"28.00"	"50.22"	"Handicap"	"13"	"14"	"Casey, T"	"Murray, J G"	"7f "	"4"	"12"
"17:15:00"	"2024-06-30"	"Curragh"	"Mammas Girl"	"18.00"	"26.34"	"Handicap"	"14"	"16"	"Egan, David"	"Murray, Adrian"	"7f "	"4"	"11"
"19:00:00"	"2024-06-29"	"Doncaster"	"Leap Day"	"14.00"	"17.27"	"Handicap"	"10"	"10"	"Kirrane, Sean"	"Easterby, T D"	"7f "	"4"	"35"
"17:50:00"	"2024-06-29"	"Doncaster"	"Rock Opera"	"8.00"	"12.5"	"Handicap"	"1"	"10"	"Nolan, D"	"Fahey, R A"	"6f "	"4"	"24"
"17:50:00"	"2024-06-29"	"Doncaster"	"Be Frank"	"3.33"	"4.3"	"Handicap"	"4"	"10"	"Whelan, Trevor"	"Candy, H"	"6f "	"4"	"16"
"17:50:00"	"2024-06-29"	"Doncaster"	"Another Baar"	"16.00"	"21"	"Handicap"	"10"	"10"	"McSweeney, O"	"Keatley, Adrian Paul"	"6f "	"4"	"11"
"15:00:00"	"2024-06-29"	"Chester"	"Dickieburd"	"14.00"	"19.81"	"Handicap"	"5"	"10"	"Nicholls, Mia"	"Lidster, Craig"	"6f "	"4"	"14"
"18:05:00"	"2024-06-28"	"Curragh"	"New Definition"	"28.00"	"48.56"	"Handicap"	"13"	"13"	"Kearney, J"	"OBrien, Richard John"	"7f "	"4"	"35"
"17:10:00"	"2024-06-28"	"Yarmouth"	"Twilight Jazz"	"20.00"	"25"	"Non-Handicap"	"7"	"8"	"Wood, George"	"Charalambous, P"	"6f "	"4"	"13"
"16:40:00"	"2024-06-28"	"Yarmouth"	"Tremblant"	"8.00"	"11.5"	"Handicap"	"7"	"11"	"Bowen, S D"	"Murphy, Amy"	"6f "	"4"	"21"
"18:30:00"	"2024-06-27"	"Leicester"	"Love Is A Rose"	"10.00"	"12.5"	"Handicap"	"7"	"8"	"Loughnane, Mr Billy"	"Wigham, M"	"1m "	"4"	"14"
"18:30:00"	"2024-06-27"	"Leicester"	"Arnie Angell"	"28.00"	"30.87"	"Handicap"	"8"	"8"	"Ghiani, Marco"	"Furtado, Ivan"	"1m "	"4"	"24"
"20:00:00"	"2024-06-26"	"Naas"	"Wisdomofhindsight"	"12.00"	"17.83"	"Handicap"	"4"	"8"	"Whearty, R"	"Oliver, Andrew"	"1m "	"4"	"26"
"18:00:00"	"2024-06-26"	"Naas"	"Senado Square"	"7.00"	"8.8"	"Handicap"	"8"	"12"	"Horgan, C"	"Slattery, Andrew"	"5f "	"4"	"39"
"18:00:00"	"2024-06-26"	"Naas"	"Akeela"	"9.00"	"13.5"	"Handicap"	"9"	"12"	"Coen, Ben M"	"Cahill, Mark"	"5f "	"4"	"42"
"16:40:00"	"2024-06-26"	"Carlisle"	"Lahab"	"14.00"	"20.89"	"Handicap"	"7"	"17"	"James, S H"	"Tuer, Grant"	"1m "	"4"	"10"
"15:05:00"	"2024-06-26"	"Carlisle"	"Born Ruler"	"2.50"	"3.85"	"Handicap"	"4"	"12"	"Mulrennan, Paul"	"Prescott, Sir Mark"	"1m3f "	"4"	"12"
"15:05:00"	"2024-06-26"	"Carlisle"	"Gallant Lion"	"4.50"	"6.62"	"Handicap"	"7"	"12"	"Buick, William"	"King, A"	"1m3f "	"4"	"12"
"18:20:00"	"2024-06-25"	"Brighton"	"Dream Of Mischief"	"8.50"	"11.5"	"Handicap"	"2"	"12"	"Keeley, Aidan"	"Perrett, Mrs A J"	"7f "	"4"	"18"
"20:00:00"	"2024-06-24"	"Bath"	"Grey Owl"	"6.00"	"12"	"Handicap"	"4"	"12"	"Dobie, Georgia"	"Lavelle, Miss E C"	"1m6f "	"4"	"21"
"17:35:00"	"2024-06-24"	"Windsor"	"White Mist"	"7.00"	"10.61"	"Handicap"	"5"	"8"	"Croot, Elle-May"	"Gansera-Leveque, Mrs Ilka"	"6f "	"4"	"31"
"21:00:00"	"2024-06-22"	"Lingfield"	"So Sleepy"	"6.50"	"9.8"	"Handicap"	"3"	"8"	"Bowen, S D"	"Muir, W R"	"6f "	"4"	"15"
"21:00:00"	"2024-06-22"	"Lingfield"	"Five Winds"	"0.73"	"1.84"	"Handicap"	"5"	"8"	"Callan, N"	"Jones, Jack"	"6f "	"4"	"10"
"19:00:00"	"2024-06-22"	"Lingfield"	"Thursday"	"1.20"	"2.17"	"Non-Handicap"	"2"	"12"	"Callan, N"	"Dow, S"	"1m3.5f "	"4"	"5"
"18:40:00"	"2024-06-22"	"Haydock"	"Thunder Star"	"4.50"	"6.63"	"Handicap"	"6"	"9"	"Shaw, Harrison"	"Macey, Jessica"	"5f "	"4"	"16"
"18:30:00"	"2024-06-22"	"Lingfield"	"Gallimimus"	"11.00"	"14.18"	"Handicap"	"7"	"8"	"Keenan, Darragh"	"Gallagher, J"	"1m3.5f "	"4"	"15"
"17:30:00"	"2024-06-22"	"Redcar"	"Carlton"	"9.00"	"13.53"	"Handicap"	"3"	"9"	"Fielding, Alexander"	"Waggott, Miss Tracy"	"1m6f "	"4"	"19"
"17:30:00"	"2024-06-22"	"Redcar"	"Sam Sarphati"	"2.25"	"3.5"	"Handicap"	"6"	"9"	"Jary, Alex"	"Ender, Miss S J"	"1m6f "	"4"	"12"
"17:05:00"	"2024-06-22"	"Ascot"	"Desert Cop"	"33.00"	"67.35"	"Handicap"	"8"	"25"	"Hutchinson, Callum"	"Balding, A M"	"6f "	"4"	"35"
"16:15:00"	"2024-06-22"	"Redcar"	"Mountain Warrior"	"9.00"	"12.42"	"Handicap"	"8"	"8"	"Scott, Rowan"	"Bethell, Ed"	"5f "	"4"	"21"
"16:25:00"	"2024-06-21"	"Ascot"	"Fairbanks"	"11.00"	"16.34"	"Handicap"	"6"	"19"	"Murphy, Oisin"	"Balding, A M"	"1m4f "	"4"	"19"
"14:50:00"	"2024-06-21"	"Redcar"	"Obelix"	"9.00"	"11.55"	"Handicap"	"4"	"14"	"Sexton, Ryan"	"Camacho, Miss J A"	"1m "	"4"	"8"
"14:50:00"	"2024-06-21"	"Redcar"	"Chuzzlewit"	"7.00"	"9.2"	"Handicap"	"8"	"14"	"Gray, S A"	"Ryan, K A"	"1m "	"4"	"36"
"13:45:00"	"2024-06-21"	"Redcar"	"Rockin Rosa"	"11.00"	"15.5"	"Handicap"	"12"	"14"	"Sullivan, James P"	"Carr, Mrs R A"	"7f "	"4"	"13"
"18:15:00"	"2024-06-20"	"Ascot"	"Mustajaab"	"50.00"	"77.01"	"Handicap"	"16"	"26"	"Edmunds, Lewis"	"Muir, W R"	"7f "	"4"	"12"
"18:15:00"	"2024-06-20"	"Ascot"	"Finns Charm"	"40.00"	"75.45"	"Handicap"	"26"	"26"	"Fanning, Joe"	"Johnston, Charlie"	"7f "	"4"	"11"
"14:40:00"	"2024-06-20"	"Ripon"	"Canaria Queen"	"4.50"	"6.27"	"Handicap"	"3"	"10"	"Allan, David"	"Easterby, T D"	"6f "	"4"	"9"
"14:40:00"	"2024-06-20"	"Ripon"	"Opal Storm"	"18.00"	"27"	"Handicap"	"6"	"10"	"Sullivan, James P"	"Rothwell, B S"	"6f "	"4"	"13"
"17:25:00"	"2024-06-19"	"Hamilton"	"Pacos Pride"	"7.50"	"9.4"	"Handicap"	"2"	"10"	"Winn, Mark"	"Bourke, D F"	"1m1f "	"4"	"16"
"17:05:00"	"2024-06-19"	"Ascot"	"Thunder Ball"	"33.00"	"55"	"Handicap"	"26"	"29"	"Voikhansky, Alexander"	"Cole, P F I"	"1m "	"4"	"47"
"21:00:00"	"2024-06-18"	"Brighton"	"H Key Lails"	"9.00"	"11.41"	"Handicap"	"6"	"8"	"Bryan, Joshua"	"Attwater, M J"	"7f "	"4"	"21"
"16:50:00"	"2024-06-18"	"Catterick"	"Mister Sox"	"3.33"	"4.9"	"Handicap"	"2"	"9"	"Allan, David"	"Easterby, T D"	"7f "	"4"	"18"
"16:50:00"	"2024-06-18"	"Catterick"	"Woodstock"	"11.00"	"13.63"	"Handicap"	"3"	"9"	"Mason, Joanna"	"Carr, Mrs R A"	"7f "	"4"	"17"
"20:30:00"	"2024-06-17"	"Windsor"	"Thursday"	"10.00"	"16"	"Non-Handicap"	"1"	"15"	"Sousa, Silvestre De"	"Dow, S"	"1m3.5f "	"4"	"20"
"20:30:00"	"2024-06-17"	"Windsor"	"Foinix"	"18.00"	"23"	"Non-Handicap"	"2"	"15"	"Hogan, D E"	"Best, Jim/Suzi"	"1m3.5f "	"4"	"13"
"20:30:00"	"2024-06-17"	"Windsor"	"Certain Style"	"18.00"	"28.07"	"Non-Handicap"	"7"	"15"	"Muscutt, D"	"Mongan, Mrs L J"	"1m3.5f "	"4"	"28"
"20:00:00"	"2024-06-17"	"Windsor"	"Composite"	"11.00"	"15.86"	"Handicap"	"2"	"8"	"Loughnane, Mr Billy"	"Boughey, George"	"1m "	"4"	"7"
"19:00:00"	"2024-06-17"	"Windsor"	"Bishops Crown"	"8.00"	"9.66"	"Handicap"	"10"	"14"	"Bishop, Charles"	"Houghton, Eve Johnson"	"6f "	"4"	"24"
"16:00:00"	"2024-06-17"	"Carlisle"	"Arkenstaar"	"5.50"	"8.2"	"Handicap"	"3"	"9"	"Beasley, Connor"	"Dods, M"	"1m "	"4"	"19"
"16:00:00"	"2024-06-17"	"Carlisle"	"Dumfries"	"10.00"	"14.5"	"Handicap"	"8"	"9"	"Mason, Joanna"	"Carr, Mrs R A"	"1m "	"4"	"15"
"15:00:00"	"2024-06-17"	"Carlisle"	"Jamies Choice"	"18.00"	"24"	"Handicap"	"8"	"9"	"Swift, Mr Dale"	"Waggott, Miss Tracy"	"6f "	"4"	"10"
"17:00:00"	"2024-06-16"	"Salisbury"	"Expert Witness"	"2.00"	"3.22"	"Handicap"	"1"	"9"	"Rooke, George"	"Todd, Mark"	"1m2f "	"4"	"3"
"16:10:00"	"2024-06-16"	"Doncaster"	"Mickey Mongoose"	"16.00"	"25.61"	"Handicap"	"10"	"11"	"Coughlan, Laura"	"Williams, Olly"	"1m "	"4"	"18"
"14:55:00"	"2024-06-16"	"Salisbury"	"Twilight Dancer"	"7.00"	"8.69"	"Handicap"	"7"	"9"	"Whelan, Trevor"	"Portman, J G"	"7f "	"4"	"19"
"14:10:00"	"2024-06-16"	"Doncaster"	"Al Muqdad"	"3.50"	"5.06"	"Handicap"	"1"	"9"	"Nolan, D"	"OMeara, D"	"7f "	"4"	"13"
"18:18:00"	"2024-06-15"	"Leicester"	"Flight Of Angels"	"6.00"	"9.18"	"Handicap"	"7"	"8"	"Stott, Kevin"	"Johnston, Charlie"	"1m2f "	"4"	"9"
"17:20:00"	"2024-06-15"	"York"	"Holkham Bay"	"5.50"	"8.35"	"Handicap"	"1"	"20"	"Wilkie, Brandon"	"Knight, W J"	"6f "	"4"	"21"
"17:20:00"	"2024-06-15"	"York"	"Tiriac"	"3.33"	"4.42"	"Handicap"	"3"	"20"	"Rodriguez, Callum"	"Channon, Jack"	"6f "	"4"	"21"
"17:00:00"	"2024-06-15"	"Sandown"	"Cinnodin"	"12.00"	"18.5"	"Handicap"	"8"	"8"	"Egan, David"	"Hughes, Richard"	"1m6f "	"4"	"21"
"14:45:00"	"2024-06-15"	"Chester"	"Kings Code"	"10.00"	"15.81"	"Handicap"	"4"	"8"	"Peate, Jonny"	"Evans, P D"	"1m2.5f "	"4"	"15"
"14:25:00"	"2024-06-15"	"York"	"New Image"	"5.50"	"7.35"	"Handicap"	"3"	"17"	"Winn, Mark"	"OMeara, D"	"7f "	"4"	"14"
"14:10:00"	"2024-06-15"	"Chester"	"Dickieburd"	"7.50"	"9.66"	"Handicap"	"2"	"11"	"Doyle, Hollie"	"Lidster, Craig"	"5f "	"4"	"13"
"14:10:00"	"2024-06-15"	"Chester"	"Radio Goo Goo"	"4.50"	"5.45"	"Handicap"	"9"	"11"	"Kingscote, Richard"	"Evans, P D"	"5f "	"4"	"7"
"14:05:00"	"2024-06-15"	"Sandown"	"Bill Silvers"	"6.50"	"8.7"	"Handicap"	"9"	"15"	"Tudhope, Daniel"	"Eustace, Harry"	"1m "	"4"	"19"
"17:58:00"	"2024-06-14"	"Cork"	"Sporting Hero"	"9.00"	"11.85"	"Handicap"	"7"	"8"	"Sheridan, J M"	"Hogan, Denis Gerard"	"5f "	"4"	"17"
"16:35:00"	"2024-06-14"	"Chester"	"Once Adaay"	"7.00"	"9.8"	"Handicap"	"3"	"9"	"Sayette, B D L"	"Gansera-Leveque, Mrs Ilka"	"7.5f "	"4"	"18"
"16:35:00"	"2024-06-14"	"Chester"	"Daisy Roots"	"3.50"	"5.3"	"Handicap"	"5"	"9"	"Fallon, Cieren"	"West, Adam"	"7.5f "	"4"	"17"
"13:50:00"	"2024-06-14"	"York"	"Feel The Need"	"5.00"	"7"	"Handicap"	"2"	"16"	"Sanderson, Benjamin"	"Herrington,M "	"7f "	"4"	"20"
"13:50:00"	"2024-06-14"	"York"	"Hectic"	"5.50"	"8"	"Handicap"	"5"	"16"	"Doughty, Jack"	"Fell, R / Murray, S"	"7f "	"4"	"13"
"13:40:00"	"2024-06-14"	"Chester"	"Spioradalta"	"5.00"	"7"	"Handicap"	"4"	"8"	"Barlow, Patrick"	"Walford, Mark"	"7f "	"4"	"34"
"20:15:00"	"2024-06-13"	"Musselburgh"	"Moondial"	"33.00"	"60"	"Handicap"	"2"	"9"	"Pyle, William"	"Scott, Miss Katie"	"7f "	"4"	"10"
"20:15:00"	"2024-06-13"	"Musselburgh"	"Pembrokeshire"	"4.50"	"6.58"	"Handicap"	"6"	"9"	"Mullen, Andrew"	"Jardine, I"	"7f "	"4"	"10"
"16:40:00"	"2024-06-13"	"Yarmouth"	"Mcs Wag"	"3.00"	"4.3"	"Non-Handicap"	"5"	"9"	"Fraser, Kaiya"	"Parr, Joseph"	"6f "	"4"	"10"
"15:00:00"	"2024-06-13"	"Yarmouth"	"A Poets Secret"	"66.00"	"72.68"	"Handicap"	"9"	"9"	"Woods, Sorcha"	"Murphy, Mike"	"1m6f "	"4"	"31"
"20:25:00"	"2024-06-12"	"Hamilton"	"Ski Angel"	"2.25"	"3.5"	"Handicap"	"6"	"9"	"Allan, David"	"Smith, R Michael"	"5f "	"4"	"11"
"18:20:00"	"2024-06-12"	"Hamilton"	"Stormy Pearl"	"5.00"	"7.24"	"Handicap"	"2"	"14"	"Sangster, Mr Ned"	"Thompson, D W"	"6f "	"4"	"15"
"16:30:00"	"2024-06-12"	"Yarmouth"	"Primrose Maid"	"40.00"	"72.18"	"Non-Handicap"	"9"	"14"	"Ffrench, Royston"	"Dunnett, Mrs C A"	"1m "	"4"	"16"
"16:30:00"	"2024-06-12"	"Yarmouth"	"Haaf A Diamond"	"3.33"	"5.01"	"Non-Handicap"	"11"	"14"	"Voikhansky, Alexander"	"Frost, Kevin"	"1m "	"4"	"16"
"19:30:00"	"2024-06-11"	"Wetherby"	"Canaria Queen"	"4.00"	"6.4"	"Handicap"	"2"	"9"	"Allan, David"	"Easterby, T D"	"5.5f "	"4"	"11"
"17:07:00"	"2024-06-11"	"Salisbury"	"Ciara Pearl"	"7.50"	"10.97"	"Handicap"	"6"	"10"	"Kingscote, Richard"	"Kubler, Daniel"	"1m2f "	"4"	"31"
"17:40:00"	"2024-06-10"	"Windsor"	"Inspired Knowhow"	"12.00"	"17"	"Handicap"	"7"	"10"	"Wilkie, Brandon"	"Botti, M"	"5f "	"4"	"8"
"17:40:00"	"2024-06-10"	"Windsor"	"Agostino"	"22.00"	"32.99"	"Handicap"	"9"	"10"	"Voikhansky, Alexander"	"Cowell, R M H"	"5f "	"4"	"13"
"17:10:00"	"2024-06-10"	"Lingfield"	"Freetodream"	"12.00"	"16.5"	"Handicap"	"6"	"8"	"Hornby, Rob"	"Perrett, Mrs A J"	"7f "	"4"	"24"
"16:55:00"	"2024-06-10"	"Carlisle"	"Tarjamah"	"66.00"	"110"	"Handicap"	"7"	"13"	"Eaves, Tom"	"Waggott, Miss Tracy"	"1m1f "	"4"	"7"
"16:55:00"	"2024-06-10"	"Carlisle"	"Lunacy"	"28.00"	"55"	"Handicap"	"10"	"13"	"Mullen, Andrew"	"Jardine, I"	"1m1f "	"4"	"12"
"16:55:00"	"2024-06-10"	"Carlisle"	"Hougoumont"	"10.00"	"13"	"Handicap"	"13"	"13"	"Costello, Dougie"	"Coyle, Tony"	"1m1f "	"4"	"12"
"14:50:00"	"2024-06-10"	"Carlisle"	"Warminster"	"5.50"	"8.2"	"Handicap"	"6"	"10"	"Dennis, Phil"	"Scott, Miss Katie"	"6f "	"4"	"7"
"16:45:00"	"2024-06-08"	"Haydock"	"Radio Goo Goo"	"7.50"	"10.47"	"Handicap"	"3"	"14"	"Kingscote, Richard"	"Evans, P D"	"6f "	"4"	"20"
"16:45:00"	"2024-06-08"	"Haydock"	"Billyjoh"	"5.50"	"8.26"	"Handicap"	"4"	"14"	"Ryan, Rossa"	"Appleby, M"	"6f "	"4"	"29"
"14:45:00"	"2024-06-08"	"Catterick"	"Rockin Rosa"	"5.00"	"7.15"	"Handicap"	"3"	"11"	"Sullivan, James P"	"Carr, Mrs R A"	"7f "	"4"	"16"
"14:25:00"	"2024-06-08"	"Haydock"	"Iron Lion"	"5.50"	"8.42"	"Handicap"	"1"	"8"	"Spencer, Jamie"	"OMeara, D"	"1m4f "	"4"	"22"
"21:00:00"	"2024-06-07"	"Bath"	"Bobacious"	"22.00"	"39.17"	"Handicap"	"5"	"10"	"Cox, William"	"Nicholls, Georgina"	"1m "	"4"	"39"
"15:30:00"	"2024-06-07"	"Brighton"	"Red Hot Rose"	"16.00"	"20.42"	"Non-Handicap"	"8"	"9"	"Jakes, Tommie"	"Jones, Jack"	"1m2f "	"4"	"17"
"15:35:00"	"2024-06-06"	"Haydock"	"Grace Angel"	"6.00"	"8.6"	"Handicap"	"10"	"13"	"Watson, Jason"	"Holland, Darryll"	"5f "	"4"	"17"
"15:35:00"	"2024-06-06"	"Haydock"	"Running Cool"	"14.00"	"17.5"	"Handicap"	"13"	"13"	"Allan, David"	"Easterby, T D"	"5f "	"4"	"19"
"15:25:00"	"2024-06-06"	"Hamilton"	"Kelpie Grey"	"5.00"	"6.18"	"Handicap"	"6"	"11"	"Tudhope, Daniel"	"Goldie, J S"	"6f "	"4"	"15"
"20:00:00"	"2024-06-05"	"Curragh"	"Cross Border"	"100.00"	"304.56"	"Handicap"	"12"	"19"	"OSullivan, Darragh"	"OSullivan, Daniel William"	"6.5f "	"4"	"8"
"19:25:00"	"2024-06-05"	"Ripon"	"Princess Niyla"	"14.00"	"20.71"	"Handicap"	"6"	"11"	"Scott, Rowan"	"Brown, A D"	"1m "	"4"	"18"
"20:30:00"	"2024-06-03"	"Wetherby"	"City Of York"	"8.50"	"12"	"Handicap"	"7"	"16"	"Turner, Hayley"	"Simcock, D M"	"1m2f "	"4"	"23"
"17:00:00"	"2024-06-03"	"Brighton"	"Confederation"	"3.50"	"5.4"	"Non-Handicap"	"6"	"9"	"Clutterbuck, Rhys"	"Cunha, Dylan"	"5.5f "	"4"	"25"
"16:20:00"	"2024-06-02"	"Listowel"	"Lohengrin"	"10.00"	"17.5"	"Handicap"	"6"	"14"	"Crosse, Nathan"	"OConnell, Eamon"	"1m "	"4"	"12"
"20:45:00"	"2024-06-01"	"Lingfield"	"Jungle Charm"	"8.00"	"11"	"Handicap"	"5"	"9"	"Coughlan, Laura"	"Watson, Archie"	"6f "	"4"	"30"
"20:20:00"	"2024-06-01"	"Doncaster"	"Dazy Mazy"	"2.25"	"3.5"	"Handicap"	"1"	"9"	"Beasley, Connor"	"Mackie, J"	"6f "	"4"	"9"
"20:20:00"	"2024-06-01"	"Doncaster"	"Rwenearlytheredad"	"5.00"	"7.27"	"Handicap"	"7"	"9"	"Wheatley, Zak"	"Carroll, D"	"6f "	"4"	"21"
"19:20:00"	"2024-06-01"	"Doncaster"	"Mountain Warrior"	"4.50"	"6.4"	"Handicap"	"6"	"12"	"Tudhope, Daniel"	"Bethell, Ed"	"5f "	"4"	"12"
"18:50:00"	"2024-06-01"	"Doncaster"	"Hectic"	"8.00"	"11.72"	"Handicap"	"3"	"13"	"ONeill, K T"	"Fell, R / Murray, S"	"7f "	"4"	"15"
"14:15:00"	"2024-06-01"	"Musselburgh"	"New Image"	"2.75"	"4.2"	"Handicap"	"1"	"11"	"Winn, Mark"	"OMeara, D"	"7f "	"4"	"14"
"14:15:00"	"2024-06-01"	"Musselburgh"	"Woodstock"	"6.00"	"8.74"	"Handicap"	"6"	"11"	"James, S H"	"Carr, Mrs R A"	"7f "	"4"	"14"
"13:40:00"	"2024-06-01"	"Musselburgh"	"Jack Of Clubs"	"4.00"	"5.94"	"Handicap"	"2"	"13"	"Sousa, Silvestre De"	"Dods, M"	"5f "	"4"	"21"
"21:00:00"	"2023-06-30"	"Chester"	"Bang On The Bell"	"14.00"	"18.92"	"Handicap"	"10"	"12"	"Davies, Harry"	"Jenkins, J R"	"5f "	"4"	"53"
"17:40:00"	"2023-06-30"	"Chester"	"Dolly Gray"	"12.00"	"16.26"	"Handicap"	"4"	"10"	"Kavanagh, Mr Paul"	"Loughnane, David"	"7f "	"4"	"15"
"17:10:00"	"2023-06-30"	"Yarmouth"	"Tilsworth Ony Ta"	"8.00"	"11.75"	"Non-Handicap"	"3"	"10"	"Planas, Connor"	"Jenkins, J R"	"6f "	"4"	"15"
"16:30:00"	"2023-06-30"	"Doncaster"	"Ellade"	"5.00"	"6.6"	"Handicap"	"7"	"9"	"Voikhansky, Alexander"	"Hannon (Jnr), Richard"	"1m "	"4"	"16"
"13:45:00"	"2023-06-30"	"Yarmouth"	"El Royale"	"18.00"	"24.07"	"Handicap"	"5"	"8"	"Howarth, Christian"	"Appleby, M"	"1m "	"4"	"10"
"17:45:00"	"2023-06-29"	"Leicester"	"Lailah"	"7.00"	"10.12"	"Handicap"	"3"	"8"	"Shepherd, Callum"	"Fanshawe, J R"	"1m4f "	"4"	"15"
"17:45:00"	"2023-06-29"	"Leicester"	"Foursome"	"12.00"	"18.06"	"Handicap"	"4"	"8"	"Catton, Luke"	"Williams, Olly"	"1m4f "	"4"	"14"
"16:20:00"	"2023-06-28"	"Carlisle"	"Wynter Wildes"	"8.50"	"13.5"	"Handicap"	"7"	"14"	"Doyle, Hollie"	"Fellowes, Charlie"	"1m3f "	"4"	"14"
"15:50:00"	"2023-06-28"	"Carlisle"	"On The River"	"11.00"	"14.32"	"Handicap"	"7"	"15"	"Hardie, Cameron"	"Bethell, Harriet"	"1m "	"4"	"17"
"15:50:00"	"2023-06-28"	"Carlisle"	"The Cookstown Cafu"	"6.00"	"8.9"	"Handicap"	"12"	"15"	"Scott, Rowan"	"Ryan, K A"	"1m "	"4"	"17"
"16:30:00"	"2023-06-27"	"Brighton"	"Too Funky"	"12.00"	"18.5"	"Handicap"	"6"	"9"	"Probert, David"	"Spencer, Richard"	"7f "	"4"	"14"
"16:30:00"	"2023-06-27"	"Brighton"	"Sapphires Moon"	"8.50"	"12.78"	"Handicap"	"8"	"9"	"Morris, Luke"	"Carroll, A W"	"7f "	"4"	"14"
"16:00:00"	"2023-06-27"	"Brighton"	"King Of War"	"22.00"	"34.87"	"Handicap"	"4"	"8"	"Hutchinson, Callum"	"Dunn, Mrs Alex"	"7f "	"4"	"28"
"19:20:00"	"2023-06-26"	"Ballinrobe"	"Expound"	"5.00"	"6.91"	"Maiden"	"2"	"12"	"Sheridan, J M"	"Hogan, Denis Gerard"	"1m1.5f "	"4"	"21"
"19:20:00"	"2023-06-26"	"Ballinrobe"	"Chicago Storm"	"11.00"	"17.5"	"Maiden"	"5"	"12"	"Coen, Ben M"	"Fahey, Peter"	"1m1.5f "	"4"	"25"
"17:05:00"	"2023-06-26"	"Windsor"	"Arlecchinos Gift"	"22.00"	"34"	"Handicap"	"1"	"12"	"ONeill, Dane"	"Usher, M D I"	"6f "	"4"	"39"
"17:05:00"	"2023-06-26"	"Windsor"	"Reckon Im Hot"	"6.00"	"7.6"	"Handicap"	"6"	"12"	"Hornby, Rob"	"Moore, Gary and Josh"	"6f "	"4"	"31"
"17:05:00"	"2023-06-26"	"Windsor"	"Bluebell Way"	"22.00"	"28.1"	"Handicap"	"12"	"12"	"Clutterbuck, Rhys"	"Madgwick, M"	"6f "	"4"	"17"
"19:40:00"	"2023-06-24"	"Haydock"	"Sea Grey"	"5.00"	"8.05"	"Handicap"	"3"	"10"	"Robinson, Ben"	"OMeara, D"	"1m2.5f "	"4"	"24"
"17:00:00"	"2023-06-24"	"Ascot"	"Kape Moss"	"50.00"	"77.17"	"Handicap"	"25"	"27"	"Loughnane, Mr Billy"	"Loughnane, David"	"6f "	"4"	"29"
"14:47:00"	"2023-06-24"	"Redcar"	"Revoquable"	"3.50"	"4.48"	"Handicap"	"3"	"8"	"Allan, David"	"Easterby, T D"	"1m "	"4"	"11"
"14:12:00"	"2023-06-24"	"Redcar"	"Marbuzet"	"5.00"	"7.63"	"Handicap"	"2"	"10"	"Allan, David"	"Easterby, T D"	"1m6f "	"4"	"26"
"19:50:00"	"2023-06-23"	"Musselburgh"	"The Grey Lass"	"22.00"	"40.41"	"Handicap"	"6"	"11"	"Gray, S A"	"Easterby, M W"	"5f "	"4"	"17"
"19:50:00"	"2023-06-23"	"Musselburgh"	"Show Compassion"	"9.00"	"13"	"Handicap"	"7"	"11"	"Dennis, Phil"	"Dods, M"	"5f "	"4"	"14"
"15:30:00"	"2023-06-23"	"Redcar"	"Mahanakhon"	"5.00"	"7.61"	"Handicap"	"8"	"8"	"Allan, David"	"Easterby, T D"	"1m "	"4"	"25"
"13:50:00"	"2023-06-23"	"Redcar"	"White Umbrella"	"28.00"	"30.83"	"Handicap"	"6"	"9"	"Elliott, Andrew"	"Kellett, C N"	"7f "	"4"	"32"
"20:40:00"	"2023-06-21"	"Ripon"	"Primo"	"22.00"	"36"	"Handicap"	"PU"	"10"	"Shepherd, Callum"	"Fell, R / Murray, S"	"5f "	"4"	"44"
"17:00:00"	"2023-06-21"	"Ascot"	"Atrium"	"22.00"	"30"	"Handicap"	"9"	"30"	"Shoemark, Kieran"	"Fellowes, Charlie"	"1m "	"4"	"32"
"17:00:00"	"2023-06-21"	"Ascot"	"Outbreak"	"40.00"	"51.5"	"Handicap"	"26"	"30"	"Atzeni, Andrea"	"Johnston, Charlie"	"1m "	"4"	"32"
"15:05:00"	"2023-06-21"	"Ascot"	"Tamarama"	"10.00"	"13"	"Handicap"	"15"	"19"	"Dettori, L"	"Beckett, R M"	"1m "	"4"	"14"
"20:05:00"	"2023-06-19"	"Windsor"	"Gilbert"	"4.00"	"7.15"	"Non-Handicap"	"8"	"15"	"Marquand, Tom"	"West, Adam"	"1m3.5f "	"4"	"5"
"14:05:00"	"2023-06-18"	"Doncaster"	"Ey Up Its The Boss"	"6.50"	"10"	"Handicap"	"3"	"15"	"Eaves, Tom"	"Coyle, Tony"	"7f "	"4"	"13"
"17:25:00"	"2023-06-17"	"York"	"Showtime Mahomes"	"14.00"	"18.5"	"Handicap"	"9"	"15"	"James, S H"	"Tuer, Grant"	"6f "	"4"	"15"
"14:45:00"	"2023-06-17"	"Chester"	"Bizarre Law"	"9.00"	"12.41"	"Handicap"	"3"	"9"	"Probert, David"	"Balding, A M"	"1m2.5f "	"4"	"22"
"14:35:00"	"2023-06-17"	"York"	"Liamarty Dreams"	"6.50"	"7.98"	"Handicap"	"6"	"13"	"James, S H"	"Burke, K R"	"7f "	"4"	"14"
"14:15:00"	"2023-06-17"	"Sandown"	"Autumn Festival"	"28.00"	"34"	"Handicap"	"12"	"12"	"Kirby, Adam"	"OMeara, D"	"1m "	"4"	"22"
"14:10:00"	"2023-06-17"	"Chester"	"Vintage Clarets"	"3.33"	"4.3"	"Handicap"	"1"	"8"	"Hutchinson, Callum"	"Fahey, R A"	"5f "	"4"	"14"
"16:45:00"	"2023-06-16"	"York"	"Doctor Khan Junior"	"3.50"	"4.79"	"Handicap"	"4"	"16"	"Davies, Harry"	"Oldroyd, G R"	"7f "	"4"	"20"
"14:05:00"	"2023-06-16"	"Sandown"	"Lil Guff"	"3.00"	"4.28"	"Handicap"	"1"	"9"	"Buick, William"	"Kubler, Daniel"	"5f "	"4"	"7"
"13:50:00"	"2023-06-16"	"York"	"Solanna"	"11.00"	"14.71"	"Handicap"	"7"	"9"	"Fisher, Jonathan"	"Butler, John"	"1m2.5f "	"4"	"28"
"17:10:00"	"2023-06-15"	"Yarmouth"	"Next Second"	"20.00"	"29.59"	"Non-Handicap"	"9"	"12"	"Fisher, Taylor"	"Carr, Mrs R A"	"6f "	"4"	"9"
"14:30:00"	"2023-06-15"	"Yarmouth"	"Foursome"	"4.50"	"6.6"	"Handicap"	"3"	"8"	"Fallon, Cieren"	"Williams, Olly"	"1m6f "	"4"	"17"
"14:30:00"	"2023-06-15"	"Yarmouth"	"Manyana"	"4.50"	"6.4"	"Handicap"	"5"	"8"	"Turner, Hayley"	"Portman, J G"	"1m6f "	"4"	"16"
"17:50:00"	"2023-06-14"	"Hamilton"	"Jackmeister Rudi"	"20.00"	"33.18"	"Handicap"	"10"	"13"	"Stenhouse, Mr Jack"	"Scott, Miss Katie"	"6f "	"4"	"9"
"20:40:00"	"2023-06-12"	"Windsor"	"Rechercher"	"6.00"	"7.9"	"Handicap"	"5"	"8"	"Buick, William"	"Baker, George"	"1m3.5f "	"4"	"11"
"16:30:00"	"2023-06-10"	"Catterick"	"Ernest Rutherford"	"20.00"	"32.54"	"Handicap"	"8"	"8"	"Fentiman, Duran"	"Easterby, T D"	"5f "	"4"	"21"
"14:25:00"	"2023-06-10"	"Haydock"	"Good Show"	"4.00"	"5.65"	"Handicap"	"8"	"10"	"McDonald, P J"	"Dalgleish, Keith"	"1m4f "	"4"	"22"
"20:20:00"	"2023-06-09"	"Bath"	"Bold And Loyal"	"4.00"	"6.8"	"Handicap"	"2"	"9"	"Levey, S M"	"Murphy, Mike"	"1m "	"4"	"8"
"15:00:00"	"2023-06-08"	"Hamilton"	"Wadacre Grace"	"16.00"	"24"	"Handicap"	"6"	"9"	"Fanning, Joe"	"Johnston, Charlie"	"1m1f "	"4"	"15"
"20:00:00"	"2023-06-07"	"Curragh"	"Lady Arwen"	"8.00"	"12"	"Handicap"	"2"	"21"	"Coen, J"	"ODwyer, Conor"	"6.5f "	"4"	"21"
"19:40:00"	"2023-06-07"	"Ripon"	"Bay Breeze"	"4.00"	"6.6"	"Handicap"	"3"	"8"	"Allan, David"	"Easterby, T D"	"6f "	"4"	"18"
"21:00:00"	"2023-06-06"	"Wetherby"	"Jenever"	"2.25"	"3.9"	"Handicap"	"1"	"10"	"Sanderson, Benjamin"	"Macey, Jessica"	"5.5f "	"4"	"17"
"21:00:00"	"2023-06-06"	"Wetherby"	"Next Second"	"66.00"	"115.99"	"Handicap"	"3"	"10"	"Sullivan, James P"	"Carr, Mrs R A"	"5.5f "	"4"	"14"
"21:00:00"	"2023-06-06"	"Wetherby"	"Rainbow Rain"	"6.00"	"8.11"	"Handicap"	"9"	"10"	"Eaves, Tom"	"Waggott, Miss Tracy"	"5.5f "	"4"	"17"
"21:00:00"	"2023-06-06"	"Wetherby"	"The Grey Lass"	"3.00"	"4.6"	"Handicap"	"10"	"10"	"Garritty, Billy"	"Easterby, M W"	"5.5f "	"4"	"3"
"20:30:00"	"2023-06-06"	"Wetherby"	"Red Astaire"	"2.25"	"3.67"	"Handicap"	"1"	"8"	"Allan, David"	"Easterby, T D"	"7f "	"4"	"8"
"20:30:00"	"2023-06-06"	"Wetherby"	"Variety Island"	"8.00"	"10"	"Handicap"	"5"	"8"	"Dennis, Phil"	"Whitaker, Simon"	"7f "	"4"	"8"
"20:30:00"	"2023-06-06"	"Wetherby"	"Muddy Lynn"	"7.00"	"9.15"	"Handicap"	"7"	"8"	"Swift, Mr Dale"	"Spencer, Seb"	"7f "	"4"	"8"
"17:40:00"	"2023-06-03"	"Doncaster"	"Madame Fenella"	"8.00"	"12.36"	"Handicap"	"8"	"12"	"Eaves, Tom"	"Shaw, D"	"6f "	"4"	"35"
"15:20:00"	"2023-06-03"	"Epsom"	"Navello"	"25.00"	"30"	"Handicap"	"1"	"20"	"Atzeni, Andrea"	"Boughey, George"	"5f "	"4"	"5"
"15:20:00"	"2023-06-03"	"Epsom"	"Angle Land"	"14.00"	"21.13"	"Handicap"	"6"	"20"	"Turner, Hayley"	"Cowell, R M H"	"5f "	"4"	"8"
"13:50:00"	"2023-06-03"	"Musselburgh"	"Liamarty Dreams"	"5.50"	"7.4"	"Handicap"	"1"	"9"	"James, S H"	"Burke, K R"	"7f "	"4"	"14"
"19:45:00"	"2023-06-02"	"Doncaster"	"Maxzeno"	"4.50"	"6.37"	"Handicap"	"7"	"8"	"Loughnane, Mr Billy"	"Appleby, M"	"6f "	"4"	"20"
"14:15:00"	"2023-06-02"	"Carlisle"	"Princess Karine"	"1.75"	"3.25"	"Handicap"	"1"	"8"	"Shaw, Harrison"	"Smart, B"	"5f "	"4"	"11"
"14:15:00"	"2023-06-02"	"Carlisle"	"May Blossom"	"8.00"	"9.5"	"Handicap"	"2"	"8"	"Tudhope, Daniel"	"OMeara, D"	"5f "	"4"	"13"
"14:15:00"	"2023-06-02"	"Carlisle"	"Lady Lade"	"11.00"	"12.35"	"Handicap"	"3"	"8"	"Orr, Oisin"	"Dalgleish, Keith"	"5f "	"4"	"18"
"14:00:00"	"2023-06-01"	"Yarmouth"	"Bold And Loyal"	"7.50"	"10.83"	"Handicap"	"2"	"10"	"Muscutt, D"	"Murphy, Mike"	"1m "	"4"	"7"
"19:45:00"	"2022-06-30"	"Epsom"	"Marlay Park"	"6.50"	"8.64"	"Handicap"	"2"	"9"	"Doyle, Hollie"	"Boyle, J R"	"7f "	"4"	"54"
"17:45:00"	"2022-06-30"	"Bellewstown"	"Heer At Dawn"	"6.00"	"7.92"	"Handicap"	"2"	"12"	"Carroll, G F"	"Cromwell, Gavin Patrick"	"1m "	"4"	"21"
"16:50:00"	"2022-06-30"	"Yarmouth"	"Ubahha"	"2.25"	"3.4"	"Handicap"	"1"	"8"	"Larson, Frederick"	"Appleby, M"	"5f "	"4"	"19"
"16:20:00"	"2022-06-30"	"Yarmouth"	"Must Be Royale"	"6.00"	"8.78"	"Handicap"	"3"	"13"	"Davies, Harry"	"Appleby, M"	"7f "	"4"	"20"
"16:20:00"	"2022-06-30"	"Yarmouth"	"Epic Express"	"14.00"	"18.99"	"Handicap"	"9"	"13"	"Cherchi, Stefano"	"Dwyer, C A"	"7f "	"4"	"30"
"13:00:00"	"2022-06-30"	"Haydock"	"Holbache"	"7.00"	"9.63"	"Handicap"	"7"	"10"	"Taff, Miss E"	"Carroll, A W"	"5f "	"4"	"20"
"18:40:00"	"2022-06-29"	"Tipperary"	"Count To Five"	"18.00"	"27.45"	"Handicap"	"14"	"16"	"Whelan, R P"	"Oliver, Andrew"	"7.5f "	"4"	"17"
"18:20:00"	"2022-06-29"	"Bath"	"Portelet Bay"	"3.33"	"4.5"	"Handicap"	"4"	"8"	"Downing, George"	"Evans, P D"	"5.5f "	"4"	"18"
"17:40:00"	"2022-06-29"	"Tipperary"	"Harrys Hill"	"12.00"	"18"	"Handicap"	"1"	"13"	"McCullagh, Scott"	"Hassett, Martin"	"5f "	"4"	"46"
"16:55:00"	"2022-06-29"	"Musselburgh"	"Isle Of Dreams"	"3.00"	"4.12"	"Non-Handicap"	"1"	"9"	"Wheatley, Zak"	"Carroll, D"	"5f "	"4"	"39"
"15:15:00"	"2022-06-29"	"Musselburgh"	"Toussarok"	"11.00"	"12.38"	"Handicap"	"4"	"9"	"Fanning, Joe"	"Johnston, M"	"7f "	"4"	"8"
"16:45:00"	"2022-06-28"	"Brighton"	"Dillydingdillydong"	"16.00"	"23"	"Handicap"	"8"	"8"	"Voikhansky, Alexander"	"Hannon (Jnr), Richard"	"7f "	"4"	"12"
"16:25:00"	"2022-06-28"	"Hamilton"	"Astapor"	"3.33"	"5.1"	"Handicap"	"3"	"10"	"Russell, Harry"	"Riches, John"	"5f "	"4"	"13"
"15:50:00"	"2022-06-28"	"Hamilton"	"Iris Dancer"	"7.50"	"12"	"Handicap"	"4"	"8"	"Hart, Jason"	"Davidson, Tristan"	"6f "	"4"	"11"
"20:15:00"	"2022-06-27"	"Windsor"	"Dandys Derriere"	"7.50"	"11.67"	"Handicap"	"2"	"10"	"Levey, S M"	"Meehan, B J"	"1m "	"4"	"24"
"20:15:00"	"2022-06-27"	"Windsor"	"English Spirit"	"3.50"	"5.41"	"Handicap"	"2"	"10"	"Dawson, R"	"Main, Mrs H S"	"1m "	"4"	"39"
"16:20:00"	"2022-06-26"	"Curragh"	"Safecracker"	"5.50"	"7.01"	"Handicap"	"12"	"14"	"Coen, Ben M"	"Murtagh, J P"	"1m4f "	"4"	"18"
"15:50:00"	"2022-06-26"	"Windsor"	"Pride Of Nepal"	"4.50"	"5.97"	"Handicap"	"2"	"13"	"Noble, Cameron"	"Scott, J"	"1m2f "	"4"	"19"
"15:50:00"	"2022-06-26"	"Windsor"	"New Heights"	"5.00"	"6.4"	"Handicap"	"3"	"13"	"Hornby, Rob"	"Portman, J G"	"1m2f "	"4"	"21"
"15:50:00"	"2022-06-26"	"Windsor"	"Sisterandbrother"	"6.50"	"9.6"	"Handicap"	"5"	"13"	"Keenan, Darragh"	"Harris, M F"	"1m2f "	"4"	"15"
"15:50:00"	"2022-06-26"	"Windsor"	"Headshot"	"16.00"	"34.3"	"Handicap"	"6"	"13"	"Morris, Luke"	"Carroll, A W"	"1m2f "	"4"	"26"
"15:10:00"	"2022-06-26"	"Curragh"	"Tees Spirit"	"6.50"	"9.4"	"Handicap"	"6"	"18"	"McHugh, B"	"Nicholls, Adrian"	"5f "	"4"	"22"
"17:25:00"	"2022-06-25"	"Curragh"	"Team Of Firsts"	"14.00"	"24.1"	"Handicap"	"11"	"11"	"Keane, C T"	"Lyons, G M"	"1m2f "	"4"	"17"
"14:00:00"	"2022-06-25"	"Curragh"	"Needle Lace"	"2.25"	"3.52"	"Handicap"	"2"	"10"	"Lee, W J"	"Condon, K J"	"7f "	"4"	"36"
"18:50:00"	"2022-06-24"	"Chester"	"Barneys Bay"	"12.00"	"18.5"	"Handicap"	"3"	"12"	"Dennis, Phil"	"Easterby, T D"	"7f "	"4"	"14"
"18:08:00"	"2022-06-24"	"Curragh"	"Mutasarref"	"2.25"	"3.44"	"Handicap"	"1"	"15"	"Keane, C T"	"Lyons, G M"	"7f "	"4"	"35"
"18:08:00"	"2022-06-24"	"Curragh"	"River Derwent"	"16.00"	"23.41"	"Handicap"	"7"	"15"	"Horgan, H J"	"OBrien, Joseph Patrick"	"7f "	"4"	"22"
"14:10:00"	"2022-06-24"	"Doncaster"	"Truth In Jest"	"5.00"	"8.08"	"Handicap"	"4"	"10"	"McManoman, Faye"	"Tinkler, N"	"1m "	"4"	"12"
"13:45:00"	"2022-06-24"	"Yarmouth"	"Mccann The Man"	"4.50"	"6.57"	"Handicap"	"2"	"9"	"Phillips, Mollie"	"Chapple-Hyam, Jane"	"1m "	"4"	"24"
"13:00:00"	"2022-06-24"	"Doncaster"	"Cottam Lane"	"8.50"	"13"	"Handicap"	"6"	"10"	"Jary, Alex"	"Tinkler, N"	"6f "	"4"	"16"
"21:00:00"	"2022-06-23"	"Hamilton"	"Elladora"	"9.00"	"11"	"Handicap"	"3"	"9"	"Dennis, Phil"	"Scott, Miss Katie"	"6f "	"4"	"10"
"21:00:00"	"2022-06-23"	"Hamilton"	"Glen Lomond"	"40.00"	"55"	"Handicap"	"7"	"9"	"Watts, Shannon"	"Goldie, J S"	"6f "	"4"	"36"
"19:45:00"	"2022-06-23"	"Leicester"	"Strangerontheshore"	"14.00"	"18.76"	"Handicap"	"1"	"10"	"McManoman, Faye"	"Tinkler, N"	"1m "	"4"	"10"
"19:45:00"	"2022-06-23"	"Leicester"	"Katies Kitten"	"9.00"	"10.11"	"Handicap"	"5"	"10"	"Ladd, Theodore"	"Appleby, M"	"1m "	"4"	"12"
"19:00:00"	"2022-06-23"	"Hamilton"	"Earn Your Stripes"	"6.50"	"8.68"	"Handicap Seller"	"1"	"9"	"Allan, David"	"Smith, R Michael"	"5f "	"4"	"19"
"19:00:00"	"2022-06-23"	"Hamilton"	"Hot Scoop"	"2.00"	"3.15"	"Handicap Seller"	"3"	"9"	"Mason, Joanna"	"England, Sam"	"5f "	"4"	"8"
"15:25:00"	"2022-06-22"	"Carlisle"	"Carrigillihy"	"14.00"	"17"	"Handicap"	"8"	"14"	"Allan, David"	"Easterby, T D"	"1m3f "	"4"	"7"
"14:30:00"	"2022-06-21"	"Brighton"	"Toussarok"	"7.50"	"10.03"	"Handicap"	"2"	"8"	"Norton, Francis"	"Johnston, M"	"7f "	"4"	"10"
"19:15:00"	"2022-06-20"	"Ballinrobe"	"Cablegram"	"150.00"	"780"	"Maiden"	"9"	"14"	"OConnor, Donagh"	"McConnell, John C"	"1m1.5f "	"4"	"9"
"17:00:00"	"2022-06-18"	"Ascot"	"Asjad"	"18.00"	"34"	"Handicap"	"19"	"26"	"McDonald, P J"	"Horton, James"	"6f "	"4"	"27"
"15:40:00"	"2022-06-17"	"Ascot"	"Moktasaab"	"14.00"	"21.23"	"Handicap"	"13"	"18"	"Shepherd, Callum"	"Knight, W J"	"1m4f "	"4"	"14"
"18:10:00"	"2022-06-16"	"Ascot"	"Inver Park"	"12.00"	"19.78"	"Handicap"	"1"	"29"	"Curtis, B A"	"Boughey, George"	"7f "	"4"	"22"
"18:10:00"	"2022-06-16"	"Ascot"	"Rhoscolyn"	"33.00"	"46.94"	"Handicap"	"3"	"29"	"Tudhope, Daniel"	"OMeara, D"	"7f "	"4"	"40"
"16:40:00"	"2022-06-16"	"Ripon"	"Country Charm"	"12.00"	"15.75"	"Handicap"	"8"	"10"	"Duern, J"	"Dixon, Scott"	"6f "	"4"	"24"
"13:45:00"	"2022-06-16"	"Ripon"	"Buford"	"20.00"	"34.73"	"Handicap"	"11"	"11"	"Garven, Miss Alex"	"Walford, Mark"	"1m4f "	"4"	"14"
"20:10:00"	"2022-06-15"	"Ripon"	"Carrigillihy"	"2.75"	"4.02"	"Handicap"	"6"	"8"	"Allan, David"	"Easterby, T D"	"1m4f "	"4"	"15"
"18:40:00"	"2022-06-15"	"Ripon"	"Hot Scoop"	"7.50"	"12.1"	"Handicap"	"5"	"16"	"Mason, Joanna"	"England, Sam"	"5f "	"4"	"21"
"18:10:00"	"2022-06-15"	"Ascot"	"Rising Star"	"40.00"	"54.71"	"Handicap"	"1"	"20"	"Callan, N"	"Botti, M"	"1m "	"4"	"18"
"18:10:00"	"2022-06-15"	"Ascot"	"Celtic Empress"	"66.00"	"98"	"Handicap"	"6"	"20"	"Rooke, George"	"Main, Mrs H S"	"1m "	"4"	"24"
"17:00:00"	"2022-06-15"	"Ascot"	"Percys Lad"	"33.00"	"37.44"	"Handicap"	"13"	"29"	"Kingscote, Richard"	"Kubler, Daniel"	"1m "	"4"	"18"
"17:00:00"	"2022-06-15"	"Ascot"	"Notre Belle Bete"	"40.00"	"55"	"Handicap"	"14"	"29"	"Probert, David"	"Balding, A M"	"1m "	"4"	"32"
"15:30:00"	"2022-06-15"	"Hamilton"	"Kats Bob"	"4.00"	"5.63"	"Handicap"	"2"	"10"	"Mullen, Andrew"	"Jardine, I"	"6f "	"4"	"13"
"15:30:00"	"2022-06-15"	"Hamilton"	"Astapor"	"7.50"	"8.8"	"Handicap"	"4"	"10"	"Russell, Harry"	"Riches, John"	"6f "	"4"	"13"
"20:10:00"	"2022-06-13"	"Windsor"	"Devorgilla"	"7.50"	"11.49"	"Non-Handicap"	"2"	"8"	"Cosgrave, Pat"	"Baker, George"	"1m3.5f "	"4"	"6"
"17:20:00"	"2022-06-13"	"Carlisle"	"Strangerontheshore"	"5.50"	"9.53"	"Handicap"	"3"	"8"	"McManoman, Faye"	"Tinkler, N"	"1m "	"4"	"28"
"17:20:00"	"2022-06-13"	"Carlisle"	"Shalaa Asker"	"5.50"	"7.8"	"Handicap"	"5"	"8"	"Sexton, Ryan"	"Keatley, Adrian Paul"	"1m "	"4"	"16"
"15:15:00"	"2022-06-13"	"Carlisle"	"Polam Lane"	"4.00"	"5.49"	"Handicap"	"1"	"10"	"Curtis, B A"	"Barron, T D"	"6f "	"4"	"14"
"15:15:00"	"2022-06-13"	"Carlisle"	"Fircombe Hall"	"5.00"	"6.31"	"Handicap"	"2"	"10"	"Stott, Kevin"	"Kirby, P A"	"6f "	"4"	"10"
"15:15:00"	"2022-06-13"	"Carlisle"	"Elladora"	"5.50"	"7.4"	"Handicap"	"6"	"10"	"Dennis, Phil"	"Scott, Miss Katie"	"6f "	"4"	"5"
"14:40:00"	"2022-06-12"	"Salisbury"	"Sayifyouwill"	"4.50"	"6"	"Handicap"	"1"	"13"	"Levey, S M"	"Perrett, Mrs A J"	"7f "	"4"	"12"
"13:37:00"	"2022-06-12"	"Doncaster"	"Yanifer"	"11.00"	"17.48"	"Handicap"	"1"	"16"	"Hardie, Cameron"	"Bethell, Harriet"	"7f "	"4"	"18"
"13:37:00"	"2022-06-12"	"Doncaster"	"Truth In Jest"	"12.00"	"18"	"Handicap"	"3"	"16"	"McManoman, Faye"	"Tinkler, N"	"7f "	"4"	"19"
"13:37:00"	"2022-06-12"	"Doncaster"	"Twilight Secret"	"33.00"	"64.37"	"Handicap"	"16"	"16"	"McHugh, B"	"Tuer, Grant"	"7f "	"4"	"15"
"20:45:00"	"2022-06-11"	"Leicester"	"Portelet Bay"	"3.00"	"5.07"	"Handicap"	"2"	"10"	"Doyle, Hollie"	"Evans, P D"	"5f "	"4"	"18"
"17:22:00"	"2022-06-11"	"York"	"Runninwild"	"6.50"	"8.36"	"Handicap"	"3"	"21"	"Rodriguez, Callum"	"Duffield, Mrs A"	"6f "	"4"	"11"
"17:05:00"	"2022-06-11"	"Chester"	"Roscioli"	"9.00"	"13.66"	"Handicap"	"4"	"11"	"Probert, David"	"Balding, A M"	"1m4.5f "	"4"	"15"
"16:46:00"	"2022-06-11"	"Bath"	"Liberated Lad"	"3.50"	"5.1"	"Handicap"	"3"	"10"	"Curtis, B A"	"Williams, Ian"	"1m3.5f "	"4"	"26"
"16:46:00"	"2022-06-11"	"Bath"	"Eagles Dare"	"14.00"	"17"	"Handicap"	"7"	"10"	"Pearson, Laura"	"Coakley, D J"	"1m3.5f "	"4"	"18"
"16:11:00"	"2022-06-11"	"Bath"	"Uncle Dick"	"5.50"	"7.39"	"Handicap"	"10"	"11"	"Bishop, Charles"	"Houghton, Eve Johnson"	"1m2f "	"4"	"8"
"15:00:00"	"2022-06-11"	"Bath"	"Retrouvailles"	"5.50"	"8"	"Handicap"	"8"	"9"	"Wood, George"	"Gansera-Leveque, Mrs Ilka"	"1m "	"4"	"11"
"17:10:00"	"2022-06-10"	"York"	"Charging Thunder"	"3.33"	"4.97"	"Handicap"	"5"	"8"	"Tudhope, Daniel"	"OMeara, D"	"1m6f "	"4"	"4"
"16:05:00"	"2022-06-10"	"York"	"Barneys Bay"	"28.00"	"48"	"Handicap"	"8"	"16"	"Fentiman, Duran"	"Easterby, T D"	"7f "	"4"	"14"
"15:00:00"	"2022-06-10"	"York"	"Crazy Luck"	"12.00"	"16.5"	"Handicap"	"2"	"10"	"McDonald, P J"	"Millman, B R"	"6f "	"4"	"32"
"15:00:00"	"2022-06-10"	"York"	"Ey Up Its Maggie"	"5.00"	"6.41"	"Handicap"	"4"	"10"	"Stott, Kevin"	"Coyle, Tony"	"6f "	"4"	"20"
"15:00:00"	"2022-06-10"	"York"	"Candescence"	"4.50"	"6.3"	"Handicap"	"7"	"10"	"Costello, Dougie"	"Walford, Mark"	"6f "	"4"	"33"
"20:10:00"	"2022-06-08"	"Cork"	"Cleveleys"	"10.00"	"16.34"	"Handicap"	"6"	"24"	"Crosse, S M"	"OBrien, Richard John"	"7f "	"4"	"32"
"19:40:00"	"2022-06-08"	"Cork"	"Safecracker"	"2.75"	"4.59"	"Handicap"	"2"	"9"	"Kelly, S B"	"Murtagh, J P"	"1m4f "	"4"	"18"
"15:38:00"	"2022-06-08"	"Yarmouth"	"Cosmos Raj"	"9.00"	"13.52"	"Handicap"	"3"	"8"	"Harley, M"	"OMeara, D"	"1m "	"4"	"9"
"13:18:00"	"2022-06-08"	"Yarmouth"	"Otto Oyl"	"1.88"	"2.94"	"Handicap"	"1"	"8"	"Pearson, Laura"	"Barron, T D"	"1m "	"4"	"21"
"13:18:00"	"2022-06-08"	"Yarmouth"	"Priscillas Wish"	"2.25"	"3.47"	"Handicap"	"3"	"8"	"Osborne, Saffie"	"McBride, P J"	"1m "	"4"	"7"
"13:18:00"	"2022-06-08"	"Yarmouth"	"Keeper"	"22.00"	"24.33"	"Handicap"	"6"	"8"	"Crehan, Mark"	"Charalambous, P"	"1m "	"4"	"8"
"19:00:00"	"2022-06-07"	"Wetherby"	"Sir Maxi"	"12.00"	"17.72"	"Handicap"	"8"	"13"	"Orr, Oisin"	"Fahey, R A"	"1m "	"4"	"17"
"13:00:00"	"2022-06-07"	"Brighton"	"Ness Ta Rah"	"150.00"	"571.48"	"Non-Handicap"	"7"	"9"	"Quinn, Jimmy"	"Best, Jim/Suzi"	"5.5f "	"4"	"11"
"18:15:00"	"2022-06-06"	"Windsor"	"Val De Travers"	"1.75"	"3.01"	"Handicap"	"8"	"11"	"Ryan, Rossa"	"Appleby, M"	"5f "	"4"	"30"
"18:45:00"	"2022-06-05"	"Musselburgh"	"Colinton"	"5.50"	"6.83"	"Handicap"	"4"	"10"	"Hart, Jason"	"Scott, Miss Katie"	"1m4.5f "	"4"	"15"
"18:45:00"	"2022-06-05"	"Musselburgh"	"Graces Quest"	"7.00"	"8.8"	"Handicap"	"5"	"10"	"Hardie, Cameron"	"Goldie, J S"	"1m4.5f "	"4"	"6"
"18:45:00"	"2022-06-05"	"Musselburgh"	"Goodwood Glen"	"18.00"	"23.61"	"Handicap"	"10"	"10"	"Garritty, Billy"	"Dalgleish, Keith"	"1m4.5f "	"4"	"12"
"18:15:00"	"2022-06-05"	"Musselburgh"	"Mister Bluebird"	"5.00"	"6.39"	"Handicap"	"1"	"11"	"Ghiani, Marco"	"Main, Mrs H S"	"7f "	"4"	"14"
"18:15:00"	"2022-06-05"	"Musselburgh"	"Tamaska"	"2.50"	"3.98"	"Handicap"	"2"	"11"	"Tudhope, Daniel"	"OMeara, D"	"7f "	"4"	"15"
"16:40:00"	"2022-06-05"	"Listowel"	"Barnhill Rose"	"9.00"	"16"	"Handicap"	"6"	"15"	"Bowen, S D"	"Hogan, Denis Gerard"	"1m "	"4"	"13"
"16:16:00"	"2022-06-05"	"Musselburgh"	"Rory"	"6.00"	"8.23"	"Handicap"	"3"	"11"	"Waugh, Amie"	"Goldie, J S"	"5f "	"4"	"11"
"17:15:00"	"2022-06-04"	"Epsom"	"Soapy Stevens"	"6.50"	"8.07"	"Handicap"	"3"	"11"	"Norton, Francis"	"Johnston, M"	"1m4f "	"4"	"22"
"16:41:00"	"2022-06-04"	"Musselburgh"	"Bobby Shaftoe"	"33.00"	"47.9"	"Handicap"	"2"	"10"	"Hardie, Cameron"	"Goldie, J S"	"7f "	"4"	"8"
"16:41:00"	"2022-06-04"	"Musselburgh"	"Cragside"	"2.75"	"4.2"	"Handicap"	"7"	"10"	"Allan, David"	"Easterby, T D"	"7f "	"4"	"7"
"16:01:00"	"2022-06-04"	"Musselburgh"	"Sixcor"	"5.50"	"7"	"Handicap"	"2"	"13"	"Russell, Harry"	"Perratt, Miss L A"	"5f "	"4"	"5"
"16:01:00"	"2022-06-04"	"Musselburgh"	"Earn Your Stripes"	"33.00"	"46.88"	"Handicap"	"12"	"13"	"Breslin, Andrew"	"Smith, R Michael"	"5f "	"4"	"14"
"16:01:00"	"2022-06-04"	"Musselburgh"	"Mokaman"	"10.00"	"13.5"	"Handicap"	"13"	"13"	"Stammers, Oliver"	"Tuer, Grant"	"5f "	"4"	"10"
"15:25:00"	"2022-06-04"	"Listowel"	"Gegenpressing"	"8.00"	"9.68"	"Handicap"	"6"	"11"	"McDonogh, D P"	"Harty, Edward and Patrick"	"7f "	"4"	"17"
"15:21:00"	"2022-06-04"	"Musselburgh"	"Showalong"	"10.00"	"14.63"	"Handicap"	"10"	"13"	"Mason, Joanna"	"Easterby, T D"	"5f "	"4"	"14"
"13:40:00"	"2022-06-04"	"Listowel"	"Mickey The Steel"	"1.63"	"3.25"	"Handicap"	"4"	"10"	"Joyce, Wesley"	"Murray, Joseph Anthony"	"6.5f "	"4"	"13"
"20:05:00"	"2022-06-03"	"Bath"	"Accrington Stanley"	"4.50"	"6.29"	"Handicap"	"1"	"9"	"Ingram, Rhiain B"	"George, Paul"	"1m "	"4"	"14"
"20:05:00"	"2022-06-03"	"Bath"	"Kratos"	"3.33"	"5.42"	"Handicap"	"3"	"9"	"Smith, Jefferson"	"Varian, Roger"	"1m "	"4"	"32"
"20:05:00"	"2022-06-03"	"Bath"	"Dandys Derriere"	"4.50"	"5.5"	"Handicap"	"4"	"9"	"Greatrex, Thomas"	"Meehan, B J"	"1m "	"4"	"17"
"17:48:00"	"2022-06-03"	"Catterick"	"Hardy"	"12.00"	"19.31"	"Handicap"	"9"	"14"	"Robinson, Ben"	"Macey, Jessica"	"7f "	"4"	"24"
"17:18:00"	"2022-06-03"	"Bath"	"Silver Diva"	"7.00"	"11.96"	"Handicap"	"5"	"11"	"Whelan, Trevor"	"Gallagher, J"	"5.5f "	"4"	"14"
"17:15:00"	"2022-06-03"	"Catterick"	"Liberty Breeze"	"10.00"	"16.68"	"Handicap"	"3"	"13"	"Dennis, Phil"	"Whitaker, Simon"	"7f "	"4"	"10"
"17:15:00"	"2022-06-03"	"Catterick"	"Fircombe Hall"	"7.00"	"10.79"	"Handicap"	"5"	"13"	"Lee, G"	"Kirby, P A"	"7f "	"4"	"9"
"14:35:00"	"2022-06-03"	"Epsom"	"Seasett"	"12.00"	"16.29"	"Handicap"	"11"	"15"	"Shepherd, Callum"	"Fellowes, Charlie"	"1m.5f "	"4"	"12"
"17:15:00"	"2022-06-02"	"Redcar"	"Fairmac"	"3.00"	"4.32"	"Handicap"	"7"	"8"	"Norton, Francis"	"Johnston, M"	"1m2f "	"4"	"18"
"16:20:00"	"2022-06-02"	"Hamilton"	"Kats Bob"	"3.33"	"5"	"Handicap"	"1"	"12"	"Mullen, Andrew"	"Jardine, I"	"6f "	"4"	"15"
"16:20:00"	"2022-06-02"	"Hamilton"	"Classy Al"	"7.50"	"10.38"	"Handicap"	"4"	"12"	"Mulrennan, Paul"	"Goldie, J S"	"6f "	"4"	"15"
"16:20:00"	"2022-06-02"	"Hamilton"	"Pivoting"	"25.00"	"33.34"	"Handicap"	"10"	"12"	"Hardie, Cameron"	"Easterby, T D"	"6f "	"4"	"13"
"15:46:00"	"2022-06-02"	"Hamilton"	"Ghostly"	"7.50"	"8.6"	"Handicap"	"2"	"9"	"Hardie, Cameron"	"Barclay, Stella"	"1m5f "	"4"	"14"
"15:46:00"	"2022-06-02"	"Hamilton"	"Aighear"	"3.33"	"6.69"	"Handicap"	"5"	"9"	"Mulrennan, Paul"	"Goldie, J S"	"1m5f "	"4"	"17"
"19:55:00"	"2021-06-30"	"Bath"	"Super Superjack"	"4.50"	"7.5"	"Handicap"	"1"	"13"	"Hornby, Rob"	"Harris, M F"	"1m3.5f "	"4"	"18"
"19:55:00"	"2021-06-30"	"Bath"	"Corofin"	"28.00"	"44.45"	"Handicap"	"9"	"13"	"Carver, William"	"Bandey, R J"	"1m3.5f "	"4"	"20"
"16:05:00"	"2021-06-30"	"Musselburgh"	"Reely Bonnie"	"18.00"	"23.91"	"Handicap"	"9"	"10"	"Mullen, Andrew"	"Jardine, I"	"1m1f "	"4"	"14"
"17:10:00"	"2021-06-29"	"Roscommon"	"Affable"	"11.00"	"14"	"Handicap"	"1"	"10"	"Sheridan, J M"	"Condon, K J"	"7.5f "	"4"	"11"
"13:30:00"	"2021-06-29"	"Brighton"	"Miquelon"	"9.00"	"13.5"	"Maiden"	"4"	"11"	"Doyle, Hollie"	"Watson, Archie"	"7f "	"4"	"26"
"19:45:00"	"2021-06-28"	"Musselburgh"	"Wades Magic"	"9.00"	"12.37"	"Handicap"	"5"	"9"	"Fentiman, Duran"	"Easterby, T D"	"5f "	"4"	"38"
"19:00:00"	"2021-06-28"	"Windsor"	"Zim Baby"	"3.33"	"4.96"	"Handicap"	"6"	"8"	"Murphy, Oisin"	"Appleby, M"	"6f "	"4"	"30"
"19:00:00"	"2021-06-28"	"Windsor"	"Ishvara"	"50.00"	"73.01"	"Handicap"	"7"	"8"	"Kingscote, Richard"	"Cowell, R M H"	"6f "	"4"	"30"
"18:45:00"	"2021-06-28"	"Musselburgh"	"Gweedore"	"5.00"	"6.2"	"Handicap"	"2"	"11"	"Breslin, Andrew"	"Scott, Miss Katie"	"1m "	"4"	"3"
"18:45:00"	"2021-06-28"	"Musselburgh"	"Ventura Rascal"	"2.25"	"3.33"	"Handicap"	"7"	"11"	"Gray, S A"	"Ryan, K A"	"1m "	"4"	"44"
"17:45:00"	"2021-06-28"	"Musselburgh"	"Irish Eileen"	"16.00"	"22.62"	"Handicap"	"4"	"11"	"Gray, S A"	"Easterby, M W"	"7f "	"4"	"13"
"17:30:00"	"2021-06-28"	"Windsor"	"Nikolayeva"	"12.00"	"14"	"Handicap"	"3"	"9"	"Egan, David"	"Appleby, M"	"1m3.5f "	"4"	"20"
"16:15:00"	"2021-06-28"	"Lingfield"	"Clegane"	"12.00"	"18.27"	"Handicap"	"4"	"10"	"Coakley, Ross"	"Williams, S C"	"7f "	"4"	"26"
"16:15:00"	"2021-06-28"	"Lingfield"	"Rubee Forty"	"33.00"	"46"	"Handicap"	"6"	"10"	"Heard, Tyler"	"Bridger, J / Cook, R"	"7f "	"4"	"9"
"15:45:00"	"2021-06-28"	"Lingfield"	"Be Prepared"	"3.33"	"5.31"	"Handicap"	"1"	"8"	"ONeill, K T"	"Bridger, J / Cook, R"	"7f "	"4"	"24"
"15:25:00"	"2021-06-27"	"Windsor"	"Russian Virtue"	"3.00"	"4.75"	"Handicap"	"4"	"8"	"Buick, William"	"Menuisier, David"	"1m3.5f "	"4"	"16"
"15:25:00"	"2021-06-27"	"Windsor"	"Zambezi Magic"	"25.00"	"32.94"	"Handicap"	"5"	"8"	"McDonald, P J"	"Llewellyn, B J"	"1m3.5f "	"4"	"16"
"13:50:00"	"2021-06-27"	"Windsor"	"Apollinaire"	"7.00"	"10.5"	"Handicap"	"1"	"9"	"Pearson, Laura"	"Beckett, R M"	"6f "	"4"	"25"
"20:15:00"	"2021-06-26"	"Doncaster"	"Trinity Girl"	"18.00"	"23.62"	"Handicap"	"1"	"11"	"Hansen, Thore"	"Macey, Jessica"	"1m4f "	"4"	"25"
"20:15:00"	"2021-06-26"	"Doncaster"	"Gift Of Kings"	"11.00"	"16"	"Handicap"	"5"	"11"	"Pearson, Laura"	"Clover, Tom"	"1m4f "	"4"	"16"
"17:40:00"	"2021-06-26"	"Chester"	"Birkenhead"	"12.00"	"18.5"	"Handicap"	"8"	"10"	"Elliott, Jane"	"Eyre, J L"	"5f "	"4"	"12"
"17:25:00"	"2021-06-26"	"Curragh"	"Luke Short"	"16.00"	"23.92"	"Handicap"	"5"	"17"	"Madden, Tom"	"Meade, Noel"	"1m "	"4"	"23"
"17:15:00"	"2021-06-26"	"Doncaster"	"Silver Samurai"	"3.50"	"5.3"	"Handicap"	"1"	"11"	"Ghiani, Marco"	"Botti, M"	"7f "	"4"	"35"
"16:10:00"	"2021-06-26"	"Windsor"	"Flyin Solo"	"2.00"	"3.31"	"Handicap"	"4"	"11"	"Shoemark, Kieran"	"Menuisier, David"	"1m3.5f "	"4"	"45"
"16:10:00"	"2021-06-26"	"Windsor"	"Mascat"	"8.00"	"11.35"	"Handicap"	"8"	"11"	"McDonald, P J"	"Beckett, R M"	"1m3.5f "	"4"	"15"
"19:10:00"	"2021-06-25"	"Curragh"	"Ebony Maw"	"12.00"	"16.5"	"Handicap"	"12"	"15"	"Keane, C T"	"Lyons, G M"	"1m2f "	"4"	"22"
"16:53:00"	"2021-06-25"	"Yarmouth"	"Raajihah"	"3.50"	"5.29"	"Handicap"	"10"	"13"	"Hutchinson, Callum"	"Hunt, Mitchell"	"1m "	"4"	"20"
"15:45:00"	"2021-06-25"	"Yarmouth"	"Where Next Jo"	"22.00"	"30"	"Non-Handicap"	"6"	"13"	"Carson, William"	"Carter, Lee"	"6f "	"4"	"58"
"15:45:00"	"2021-06-25"	"Yarmouth"	"Homegrownalligator"	"40.00"	"85"	"Non-Handicap"	"11"	"13"	"Keenan, Darragh"	"Ryan, J"	"6f "	"4"	"32"
"15:10:00"	"2021-06-25"	"Yarmouth"	"Willingly"	"7.00"	"10.61"	"Non-Handicap"	"1"	"12"	"Lewis, Owen"	"Usher, M D I"	"6f "	"4"	"24"
"14:15:00"	"2021-06-25"	"Doncaster"	"Motarajel"	"40.00"	"97.36"	"Handicap"	"8"	"13"	"Fentiman, Duran"	"Easterby, T D"	"6f "	"4"	"17"
"13:40:00"	"2021-06-25"	"Doncaster"	"Gweedore"	"12.00"	"15.61"	"Handicap"	"5"	"8"	"Breslin, Andrew"	"Scott, Miss Katie"	"1m "	"4"	"20"
"13:00:00"	"2021-06-25"	"Yarmouth"	"Faregaan"	"66.00"	"136.95"	"Handicap"	"7"	"9"	"ONeill, K T"	"Dunnett, Mrs C A"	"5f "	"4"	"8"
"19:45:00"	"2021-06-24"	"Leicester"	"Vellcos Boy"	"14.00"	"20.46"	"Handicap"	"5"	"9"	"Mason, Joanna"	"Easterby, M W"	"7f "	"4"	"21"
"19:15:00"	"2021-06-24"	"Leicester"	"Sceptred Isle"	"5.50"	"8.33"	"Handicap"	"9"	"11"	"Osborne, Saffie"	"Candy, H"	"1m "	"4"	"13"
"19:00:00"	"2021-06-24"	"Hamilton"	"Grandads Best Girl"	"10.00"	"12.4"	"Handicap Seller"	"10"	"13"	"Wheatley, Zak"	"Perratt, Miss L A"	"5f "	"4"	"2"
"18:15:00"	"2021-06-24"	"Leicester"	"Danking"	"8.50"	"11.1"	"Handicap"	"4"	"14"	"Harley, M"	"King, A"	"1m4f "	"4"	"24"
"17:50:00"	"2021-06-23"	"Bath"	"Gherkin"	"6.50"	"8.87"	"Handicap"	"2"	"10"	"Morris, Luke"	"Kittow, W S"	"5f "	"4"	"42"
"16:05:00"	"2021-06-23"	"Carlisle"	"Ravens Ark"	"6.00"	"7.63"	"Handicap"	"3"	"13"	"Bennett, Charlie"	"Morrison, H"	"1m3f "	"4"	"19"
"15:30:00"	"2021-06-23"	"Carlisle"	"Fred"	"16.00"	"23.85"	"Handicap"	"6"	"15"	"Curtis, B A"	"Johnston, M"	"1m "	"4"	"11"
"14:45:00"	"2021-06-23"	"Salisbury"	"Dashing Roger"	"5.50"	"7.36"	"Handicap"	"3"	"12"	"Ghiani, Marco"	"Stone, W B"	"1m "	"4"	"27"
"17:05:00"	"2021-06-22"	"Brighton"	"Shani"	"8.00"	"13.62"	"Handicap"	"6"	"8"	"Probert, David"	"Carroll, A W"	"6f "	"4"	"33"
"20:20:00"	"2021-06-19"	"Lingfield"	"Bonus"	"1.88"	"3.19"	"Handicap"	"1"	"9"	"Cosgrave, Pat"	"Boyle, J R"	"7f "	"4"	"28"
"20:20:00"	"2021-06-19"	"Lingfield"	"Rubee Forty"	"50.00"	"100"	"Handicap"	"4"	"9"	"Rooke, George"	"Bridger, J / Cook, R"	"7f "	"4"	"19"
"18:50:00"	"2021-06-19"	"Lingfield"	"Intercessor"	"12.00"	"16.15"	"Handicap"	"3"	"9"	"Keenan, Darragh"	"Gallagher, J"	"1m3.5f "	"4"	"19"
"18:50:00"	"2021-06-19"	"Lingfield"	"Tindrum"	"4.50"	"5.9"	"Handicap"	"4"	"9"	"Hansen, Thore"	"Main, Mrs H S"	"1m3.5f "	"4"	"23"
"17:00:00"	"2021-06-19"	"Ascot"	"Kings Lynn"	"3.00"	"5.42"	"Handicap"	"3"	"21"	"Moore, Ryan"	"Balding, A M"	"6f "	"4"	"4"
"17:00:00"	"2021-06-19"	"Ascot"	"Aberama Gold"	"18.00"	"18.8"	"Handicap"	"20"	"21"	"Gray, S A"	"Dalgleish, Keith"	"6f "	"4"	"14"
"13:50:00"	"2021-06-19"	"Redcar"	"Out Of Breath"	"0.91"	"1.97"	"Handicap"	"1"	"10"	"Stammers, Oliver"	"Tuer, Grant"	"1m6f "	"4"	"3"
"17:35:00"	"2021-06-18"	"Ascot"	"Zabeel Champion"	"8.50"	"12.78"	"Handicap"	"3"	"14"	"Curtis, B A"	"Johnston, M"	"1m4f "	"4"	"47"
"15:15:00"	"2021-06-18"	"Redcar"	"Willing To Please"	"8.50"	"11"	"Claimer"	"1"	"10"	"Garritty, Billy"	"Kirby, P A"	"7f "	"4"	"18"
"16:35:00"	"2021-06-17"	"Ripon"	"Whitwell"	"1.38"	"2.55"	"Handicap"	"1"	"10"	"Brotherton, Miss S"	"Easterby, M W"	"1m4f "	"4"	"14"
"16:35:00"	"2021-06-17"	"Ripon"	"Allerthorpe"	"50.00"	"100"	"Handicap"	"8"	"10"	"Hill, Miss R"	"Rothwell, B S"	"1m4f "	"4"	"9"
"15:25:00"	"2021-06-17"	"Ripon"	"Hurstwood"	"16.00"	"23"	"Handicap"	"1"	"14"	"Russell, Harry"	"Niven, P D"	"6f "	"4"	"23"
"18:10:00"	"2021-06-16"	"Ascot"	"Pholas"	"50.00"	"71.87"	"Handicap"	"5"	"18"	"Doyle, Hollie"	"Boughey, George"	"1m "	"4"	"11"
"17:00:00"	"2021-06-16"	"Ascot"	"Ascension"	"33.00"	"35.29"	"Handicap"	"14"	"30"	"Egan, David"	"Varian, Roger"	"1m "	"4"	"32"
"16:25:00"	"2021-06-16"	"Hamilton"	"Clay Regazzoni"	"3.50"	"5.1"	"Handicap"	"3"	"10"	"James, S H"	"Dalgleish, Keith"	"1m1f "	"4"	"7"
"16:25:00"	"2021-06-16"	"Hamilton"	"Cole Noir"	"80.00"	"120"	"Handicap"	"9"	"10"	"Mathers, Patrick"	"Smith, R Michael"	"1m1f "	"4"	"8"
"18:10:00"	"2021-06-15"	"Ascot"	"Throne Hall"	"9.00"	"11.2"	"Handicap"	"10"	"15"	"Atzeni, Andrea"	"Ryan, K A"	"1m6f "	"4"	"34"
"18:30:00"	"2021-06-14"	"Windsor"	"Glamorous Force"	"6.00"	"9.4"	"Handicap"	"4"	"14"	"Watson, Jason"	"Harris, R A"	"6f "	"4"	"9"
"17:20:00"	"2021-06-14"	"Carlisle"	"Arranmore"	"2.50"	"3.8"	"Handicap"	"1"	"9"	"Tudhope, Daniel"	"OMeara, D"	"1m "	"4"	"6"
"17:20:00"	"2021-06-14"	"Carlisle"	"Little Ted"	"16.00"	"25.72"	"Handicap"	"3"	"9"	"Hart, Jason"	"Easterby, T D"	"1m "	"4"	"17"
"15:05:00"	"2021-06-14"	"Carlisle"	"Jems Bond"	"12.00"	"16.5"	"Handicap"	"6"	"10"	"Nolan, D"	"Brown, A D"	"6f "	"4"	"20"
"14:30:00"	"2021-06-14"	"Carlisle"	"Shackabooah"	"2.00"	"3.48"	"Handicap"	"3"	"11"	"McDonald, P J"	"Dixon, Scott"	"6f "	"4"	"7"
"16:08:00"	"2021-06-13"	"Salisbury"	"Byzantia"	"8.00"	"11.72"	"Handicap"	"5"	"10"	"Marquand, Tom"	"Fellowes, Charlie"	"7f "	"4"	"11"
"13:45:00"	"2021-06-13"	"Doncaster"	"End Zone"	"4.00"	"6.8"	"Handicap"	"7"	"11"	"Hart, Jason"	"Fell, R / Murray, S"	"7f "	"4"	"10"
"13:45:00"	"2021-06-13"	"Doncaster"	"Spartan Fighter"	"28.00"	"42"	"Handicap"	"9"	"11"	"Hardie, Cameron"	"Brittain, Antony"	"7f "	"4"	"33"
"18:45:00"	"2021-06-12"	"Leicester"	"Feldspar"	"4.50"	"5.84"	"Handicap"	"6"	"8"	"Rodriguez, Callum"	"Dalgleish, Keith"	"1m4f "	"4"	"9"
"16:50:00"	"2021-06-12"	"York"	"Delgrey Boy"	"3.00"	"4.1"	"Handicap"	"2"	"15"	"Allan, David"	"Easterby, T D"	"1m1f "	"4"	"9"
"16:50:00"	"2021-06-12"	"York"	"Rocket Dancer"	"22.00"	"36"	"Handicap"	"10"	"15"	"Mason, Joanna"	"Easterby, M W"	"1m1f "	"4"	"18"
"16:30:00"	"2021-06-12"	"Chester"	"Arctic Vega"	"5.00"	"7.4"	"Handicap"	"4"	"11"	"Hornby, Rob"	"Balding, A M"	"1m2.5f "	"4"	"12"
"13:35:00"	"2021-06-12"	"Sandown"	"Shecandoo"	"3.33"	"5.2"	"Handicap"	"8"	"12"	"Rooke, George"	"Allen, C N"	"5f "	"4"	"5"
"13:20:00"	"2021-06-12"	"Bath"	"Super Superjack"	"5.00"	"6.69"	"Handicap"	"2"	"9"	"Heard, Tyler"	"Harris, M F"	"1m3.5f "	"4"	"15"
"17:05:00"	"2021-06-11"	"York"	"Viaduct"	"18.00"	"25"	"Handicap"	"6"	"8"	"Fisher, Jonathan"	"Dixon, Scott"	"1m4f "	"4"	"32"
"15:20:00"	"2021-06-11"	"Sandown"	"Russian Virtue"	"4.00"	"6.81"	"Handicap"	"2"	"10"	"Buick, William"	"Menuisier, David"	"1m2f "	"4"	"10"
"15:20:00"	"2021-06-11"	"Sandown"	"Mascat"	"4.00"	"5.93"	"Handicap"	"4"	"10"	"Crouch, Hector"	"Beckett, R M"	"1m2f "	"4"	"41"
"18:45:00"	"2021-06-09"	"Hamilton"	"Clay Regazzoni"	"14.00"	"16.5"	"Handicap"	"4"	"11"	"Gray, S A"	"Dalgleish, Keith"	"1m.5f "	"4"	"15"
"17:45:00"	"2021-06-09"	"Hamilton"	"Kilconquhar"	"3.00"	"5.82"	"Handicap"	"5"	"14"	"Wood, Connor"	"Whillans, A C"	"6f "	"4"	"6"
"17:10:00"	"2021-06-09"	"Yarmouth"	"Dont Joke"	"5.00"	"7.6"	"Handicap"	"6"	"8"	"Brookes, Aiden"	"Carr, Mrs R A"	"1m "	"4"	"7"
"16:35:00"	"2021-06-09"	"Cork"	"Jm Barrie"	"10.00"	"18.94"	"Handicap"	"11"	"17"	"Orr, Oisin"	"Marnane, David"	"7f "	"4"	"33"
"15:00:00"	"2021-06-09"	"Yarmouth"	"Mahanakhon Power"	"2.50"	"3.7"	"Handicap"	"1"	"10"	"Morris, Luke"	"Appleby, M"	"1m3.5f "	"4"	"4"
"15:00:00"	"2021-06-09"	"Yarmouth"	"Bummble Berry"	"40.00"	"60"	"Handicap"	"9"	"10"	"Stammers, Oliver"	"Macey, Jessica"	"1m3.5f "	"4"	"21"
"13:50:00"	"2021-06-09"	"Yarmouth"	"Twice As Likely"	"3.50"	"5.17"	"Handicap"	"4"	"12"	"Egan, David"	"Hughes, Richard"	"6f "	"4"	"9"
"13:45:00"	"2021-06-09"	"Cork"	"Stalingrad"	"1.25"	"2.43"	"Maiden"	"2"	"12"	"Enright, M A"	"Stack, J A"	"6f "	"4"	"4"
"19:00:00"	"2021-06-08"	"Wetherby"	"Bollin Margaret"	"4.50"	"5.74"	"Handicap"	"1"	"8"	"Allan, David"	"Easterby, T D"	"1m2f "	"4"	"5"
"18:30:00"	"2021-06-08"	"Wetherby"	"Arranmore"	"8.00"	"10.32"	"Handicap"	"2"	"13"	"Nolan, D"	"OMeara, D"	"1m "	"4"	"10"
"18:30:00"	"2021-06-08"	"Wetherby"	"Susie Javea"	"22.00"	"32"	"Handicap"	"7"	"13"	"Lee, G"	"Pears, Ollie"	"1m "	"4"	"13"
"16:30:00"	"2021-06-08"	"Salisbury"	"Bronze River"	"10.00"	"14"	"Handicap"	"9"	"11"	"Cox, William"	"Teal, R A"	"1m4f "	"4"	"25"
"15:30:00"	"2021-06-07"	"Leicester"	"Cruyff Turn"	"4.00"	"5.3"	"Handicap"	"1"	"8"	"Allan, David"	"Easterby, T D"	"7f "	"4"	"13"
"15:30:00"	"2021-06-07"	"Leicester"	"Wolflet"	"3.50"	"5.7"	"Handicap"	"6"	"8"	"Doyle, Hollie"	"Williams, S C"	"7f "	"4"	"21"
"15:55:00"	"2021-06-06"	"Listowel"	"Kew Palace"	"6.50"	"7.8"	"Handicap"	"6"	"15"	"Hayes, C D"	"Stack, J A"	"1m "	"4"	"32"
"20:15:00"	"2021-06-05"	"Lingfield"	"Steel An Icon"	"1.00"	"2.02"	"Handicap"	"1"	"9"	"Bass, George"	"Channon, M R"	"1m3.5f "	"4"	"5"
"20:15:00"	"2021-06-05"	"Lingfield"	"Mahanakhon Power"	"8.00"	"14.68"	"Handicap"	"4"	"9"	"Crehan, Mark"	"Appleby, M"	"1m3.5f "	"4"	"8"
"17:50:00"	"2021-06-05"	"Epsom"	"Aberama Gold"	"11.00"	"12.5"	"Handicap"	"4"	"9"	"Gray, S A"	"Dalgleish, Keith"	"6f "	"4"	"24"
"15:45:00"	"2021-06-05"	"Epsom"	"Mondammej"	"6.00"	"8.84"	"Handicap"	"4"	"16"	"Hardie, Cameron"	"Brittain, Antony"	"5f "	"4"	"14"
"15:45:00"	"2021-06-05"	"Epsom"	"Get Boosting"	"33.00"	"37.58"	"Handicap"	"9"	"16"	"Gormley, Jamie"	"Jardine, I"	"5f "	"4"	"21"
"20:40:00"	"2021-06-04"	"Bath"	"Far From A Ruby"	"2.50"	"4.72"	"Handicap"	"7"	"13"	"Dobie, Georgia"	"Muir, W R"	"1m "	"4"	"14"
"19:53:00"	"2021-06-04"	"Doncaster"	"Endowed"	"3.50"	"5.42"	"Handicap"	"8"	"12"	"Ladd, Theodore"	"Appleby, M"	"6f "	"4"	"18"
"17:35:00"	"2021-06-04"	"Bath"	"Pull Harder Con"	"3.50"	"5.8"	"Handicap"	"7"	"12"	"Tate, Ryan"	"Brisland, Robyn"	"5.5f "	"4"	"23"
"17:35:00"	"2021-06-04"	"Bath"	"Island Memory"	"25.00"	"34.5"	"Handicap"	"12"	"12"	"Whelan, Trevor"	"Harris, Miss G"	"5.5f "	"4"	"3"
"15:45:00"	"2021-06-04"	"Epsom"	"Kaleidoscopic"	"7.50"	"8.87"	"Handicap"	"8"	"9"	"Probert, David"	"Channon, M R"	"1m2f "	"4"	"16"
"16:30:00"	"2021-06-03"	"Hamilton"	"Kilconquhar"	"8.00"	"13"	"Handicap"	"3"	"8"	"Scott, Rowan"	"Whillans, A C"	"6f "	"4"	"15"
"15:55:00"	"2021-06-03"	"Hamilton"	"Cheese And Wine"	"50.00"	"86.17"	"Handicap"	"7"	"11"	"Mullen, Andrew"	"Whillans, A C"	"1m5f "	"4"	"23"
"14:45:00"	"2021-06-03"	"Hamilton"	"Mountain Brave"	"4.00"	"5.15"	"Handicap"	"8"	"9"	"Curtis, B A"	"Johnston, M"	"6f "	"4"	"26"
"20:10:00"	"2021-06-02"	"Curragh"	"Hero Of The Hour"	"80.00"	"84.99"	"Handicap"	"30"	"30"	"Maxwell, C D"	"Kingston, G A"	"6.5f "	"4"	"21"
"19:00:00"	"2021-06-01"	"Yarmouth"	"Seagulls Nest"	"4.50"	"6.67"	"Handicap"	"3"	"8"	"Bishop, Charles"	"Channon, M R"	"1m6f "	"4"	"24"
"19:00:00"	"2021-06-01"	"Yarmouth"	"Trinity Girl"	"10.00"	"12.07"	"Handicap"	"7"	"8"	"Edmunds, Lewis"	"Macey, Jessica"	"1m6f "	"4"	"8"
"16:25:00"	"2021-06-01"	"Brighton"	"Giovanni Tiepolo"	"14.00"	"19.5"	"Handicap"	"11"	"11"	"Downey, R P"	"Ingram, R"	"5.5f "	"4"	"14"
"13:15:00"	"2021-06-01"	"Redcar"	"Bankawi"	"12.00"	"15.04"	"Handicap"	"11"	"20"	"Mason, Joanna"	"Easterby, M W"	"1m "	"4"	"21"
"13:15:00"	"2021-06-01"	"Redcar"	"Oreillys Pass"	"50.00"	"71.27"	"Handicap"	"18"	"20"	"Sullivan, James P"	"Carr, Mrs R A"	"1m "	"4"	"25"
"20:30:00"	"2019-06-29"	"Doncaster"	"Bollin Joan"	"14.00"	"23"	"Handicap"	"1"	"12"	"Allan, David"	"Easterby, T D"	"1m2.5f "	"4"	"21"
"20:30:00"	"2019-06-29"	"Doncaster"	"Destinys Rock"	"25.00"	"44"	"Handicap"	"2"	"12"	"Cox, Georgia"	"Loughnane, Daniel Mark"	"1m2.5f "	"4"	"24"
"20:00:00"	"2019-06-29"	"Doncaster"	"Ad Libitum"	"8.00"	"11"	"Handicap"	"7"	"11"	"Edmunds, Lewis"	"Fell, R / Murray, S"	"1m4f "	"4"	"21"
"20:00:00"	"2019-06-29"	"Doncaster"	"Roof Garden"	"25.00"	"74.08"	"Handicap"	"10"	"11"	"Costello, Dougie"	"Tompkins, M H"	"1m4f "	"4"	"26"
"19:45:00"	"2019-06-29"	"Lingfield"	"Hello Girl"	"1.50"	"2.74"	"Non-Handicap"	"1"	"14"	"Murphy, Oisin"	"Tinkler, N"	"6f "	"4"	"17"
"19:30:00"	"2019-06-29"	"Doncaster"	"Roundhay Park"	"5.50"	"7.86"	"Handicap"	"3"	"10"	"McManoman, Faye"	"Tinkler, N"	"6f "	"4"	"24"
"18:45:00"	"2019-06-29"	"Lingfield"	"Enthaar"	"3.00"	"4.67"	"Handicap"	"6"	"9"	"Ghiani, Marco"	"Williams, S C"	"5f "	"4"	"2"
"16:05:00"	"2019-06-29"	"Curragh"	"Jassaar"	"2.50"	"3.85"	"Handicap"	"2"	"13"	"Hayes, C D"	"Weld, D K"	"1m "	"4"	"36"
"15:20:00"	"2019-06-29"	"York"	"International Man"	"20.00"	"29.4"	"Handicap"	"5"	"14"	"Murtagh, Connor"	"Fahey, R A"	"1m "	"4"	"46"
"15:20:00"	"2019-06-29"	"York"	"Poets Dawn"	"9.00"	"15"	"Handicap"	"6"	"14"	"Richardson, Rachel"	"Easterby, T D"	"1m "	"4"	"14"
"15:20:00"	"2019-06-29"	"York"	"Furzig"	"7.00"	"12"	"Handicap"	"7"	"14"	"Hamilton, Tony"	"Fahey, R A"	"1m "	"4"	"14"
"15:20:00"	"2019-06-29"	"York"	"Humble Gratitude"	"16.00"	"25"	"Handicap"	"8"	"14"	"ODonoghue, C"	"Williams, Ian"	"1m "	"4"	"14"
"14:45:00"	"2019-06-29"	"York"	"Jawwaal"	"16.00"	"22.14"	"Handicap"	"9"	"18"	"Muir, Paula"	"Dods, M"	"6f "	"4"	"42"
"14:45:00"	"2019-06-29"	"York"	"Soldiers Minute"	"7.00"	"9.7"	"Handicap"	"11"	"18"	"Gray, S A"	"Dalgleish, Keith"	"6f "	"4"	"7"
"18:25:00"	"2019-06-28"	"Curragh"	"Tipitena"	"16.00"	"22"	"Handicap"	"6"	"14"	"Lee, W J"	"McCreery, W"	"1m2f "	"4"	"14"
"18:25:00"	"2019-06-28"	"Curragh"	"Fridtjof Nansen"	"20.00"	"55"	"Handicap"	"13"	"14"	"Farragher, Adam J"	"Cotter, Kieran P"	"1m2f "	"4"	"14"
"16:50:00"	"2019-06-28"	"Curragh"	"Crotchet"	"5.00"	"6.46"	"Handicap"	"10"	"12"	"OBrien, Donnacha"	"OBrien, Joseph Patrick"	"7f "	"4"	"33"
"15:40:00"	"2019-06-28"	"Yarmouth"	"Telekinetic"	"10.00"	"12"	"Handicap"	"9"	"14"	"Ffrench, Royston"	"Feilden, Miss J"	"1m2f "	"4"	"37"
"14:10:00"	"2019-06-28"	"Doncaster"	"Star Shield"	"3.50"	"5"	"Handicap"	"1"	"12"	"Tudhope, Daniel"	"OMeara, D"	"1m "	"4"	"18"
"20:55:00"	"2019-06-27"	"Leicester"	"Becky Sharp"	"25.00"	"42.16"	"Handicap"	"1"	"16"	"Bennett, Charlie"	"Boyle, J R"	"1m4f "	"4"	"35"
"20:55:00"	"2019-06-27"	"Leicester"	"Normandy Blue"	"50.00"	"108.49"	"Handicap"	"3"	"16"	"Quinn, Jimmy"	"Allan, Miss Louise"	"1m4f "	"4"	"21"
"20:05:00"	"2019-06-27"	"Hamilton"	"Queen Penn"	"5.00"	"7.26"	"Handicap"	"4"	"8"	"Davis, Sean"	"Fahey, R A"	"1m.5f "	"4"	"12"
"19:55:00"	"2019-06-27"	"Leicester"	"Bobs Girl"	"33.00"	"59.1"	"Handicap"	"7"	"11"	"Quinn, Jimmy"	"Mullineaux, M"	"1m "	"4"	"29"
"18:55:00"	"2019-06-27"	"Leicester"	"Luckys Dream"	"8.00"	"11.5"	"Handicap"	"3"	"10"	"McEvoy, Kerrin"	"Williams, Ian"	"1m2f "	"4"	"22"
"18:45:00"	"2019-06-27"	"Curragh"	"Rockabill"	"12.00"	"22.09"	"Handicap"	"3"	"10"	"Lordan, W M"	"OBrien, Joseph Patrick"	"1m4f "	"4"	"14"
"21:10:00"	"2019-06-26"	"Bath"	"Beyond Equal"	"5.50"	"7.28"	"Handicap"	"1"	"12"	"Hornby, Rob"	"Kittow, W S"	"5.5f "	"4"	"13"
"21:10:00"	"2019-06-26"	"Bath"	"Helvetian"	"7.00"	"9.6"	"Handicap"	"8"	"12"	"Probert, David"	"Channon, M R"	"5.5f "	"4"	"25"
"20:40:00"	"2019-06-26"	"Bath"	"Takeonefortheteam"	"6.00"	"8.84"	"Handicap"	"2"	"13"	"Kingscote, Richard"	"Loughnane, Daniel Mark"	"1m "	"4"	"35"
"20:40:00"	"2019-06-26"	"Bath"	"Brockagh Cailin"	"16.00"	"19"	"Handicap"	"9"	"13"	"Keniry, L P"	"Moore, J S"	"1m "	"4"	"19"
"19:30:00"	"2019-06-26"	"Naas"	"Angels"	"5.50"	"6.66"	"Handicap"	"2"	"10"	"Coen, Ben M"	"Murtagh, J P"	"1m "	"4"	"23"
"18:30:00"	"2019-06-26"	"Naas"	"Bellick"	"12.00"	"15"	"Handicap"	"5"	"22"	"Coakley, Ross"	"McConnell, John C"	"6f "	"4"	"25"
"18:10:00"	"2019-06-26"	"Bath"	"Ghepardo"	"28.00"	"43.7"	"Handicap"	"12"	"15"	"Marquand, Tom"	"Chamings, P R"	"5f "	"4"	"23"
"16:50:00"	"2019-06-26"	"Salisbury"	"Dono di Dio"	"4.00"	"7"	"Handicap"	"2"	"9"	"McCullagh, Scott"	"Madgwick, M"	"1m6f "	"4"	"34"
"16:00:00"	"2019-06-26"	"Carlisle"	"Wheres Jeff"	"5.00"	"6.84"	"Handicap"	"1"	"17"	"Evans, Nathan"	"Easterby, M W"	"1m3f "	"4"	"11"
"16:00:00"	"2019-06-26"	"Carlisle"	"Benadalid"	"16.00"	"20"	"Handicap"	"13"	"17"	"Stainton, Michael J"	"Fairhurst, C W"	"1m3f "	"4"	"20"
"16:15:00"	"2019-06-25"	"Brighton"	"Song Of Summer"	"33.00"	"59.31"	"Handicap"	"13"	"14"	"McEntee, Grace"	"McEntee, P S"	"1m "	"4"	"12"
"15:45:00"	"2019-06-25"	"Brighton"	"Sigrid Nansen"	"6.50"	"8.17"	"Handicap"	"1"	"12"	"Welch, Miss H"	"Dunn, Mrs Alex"	"1m4f "	"4"	"17"
"15:15:00"	"2019-06-25"	"Brighton"	"Couldnt Could She"	"16.00"	"24.15"	"Handicap"	"1"	"10"	"Bennett, Charlie"	"West, Adam"	"1m2f "	"4"	"26"
"19:10:00"	"2019-06-24"	"Windsor"	"Green Power"	"6.00"	"8.8"	"Handicap"	"5"	"9"	"Buckell, Georgean"	"Gallagher, J"	"6f "	"4"	"31"
"17:20:00"	"2019-06-23"	"Tipperary"	"Galeola"	"5.50"	"8.8"	"Handicap"	"1"	"17"	"Colgan, R C"	"Lavery, Ms Sheila"	"1m4.5f "	"4"	"10"
"17:20:00"	"2019-06-23"	"Tipperary"	"Sharp Focus"	"12.00"	"19.57"	"Handicap"	"2"	"17"	"Keane, C T"	"Murphy, John Joseph"	"1m4.5f "	"4"	"21"
"14:35:00"	"2019-06-23"	"Tipperary"	"Art Of Unity"	"2.75"	"3.91"	"Handicap"	"3"	"15"	"Crosse, S M"	"Feane, John James"	"5f "	"4"	"15"
"20:30:00"	"2019-06-22"	"Haydock"	"Make Me"	"7.00"	"9.2"	"Handicap"	"9"	"11"	"Fentiman, Duran"	"Easterby, T D"	"1m "	"4"	"5"
"20:15:00"	"2019-06-22"	"Lingfield"	"Chikoko Trail"	"14.00"	"24"	"Handicap"	"4"	"15"	"Kelly, Shane"	"Moore, Gary and Josh"	"7f "	"4"	"15"
"20:15:00"	"2019-06-22"	"Lingfield"	"Atalanta Queen"	"7.00"	"8.86"	"Handicap"	"6"	"15"	"Currie, Nicola"	"Brisland, Robyn"	"7f "	"4"	"10"
"19:00:00"	"2019-06-22"	"Haydock"	"Boundary Lane"	"1.20"	"2.26"	"Handicap"	"2"	"8"	"Mulrennan, Paul"	"Camacho, Miss J A"	"5f "	"4"	"16"
"19:00:00"	"2019-06-22"	"Haydock"	"Peggie Sue"	"3.50"	"6.6"	"Handicap"	"5"	"8"	"Eley, T"	"West, Adam"	"5f "	"4"	"42"
"18:45:00"	"2019-06-22"	"Lingfield"	"Blazing Saddles"	"3.00"	"4.98"	"Handicap"	"2"	"10"	"Bentley, Harry"	"Beckett, R M"	"1m5f "	"4"	"21"
"18:15:00"	"2019-06-22"	"Lingfield"	"Mistress Nellie"	"2.75"	"4.31"	"Handicap"	"3"	"11"	"Malune, Gabriele"	"Stone, W B"	"1m3.5f "	"4"	"10"
"17:55:00"	"2019-06-22"	"Redcar"	"Cuppacoco"	"6.00"	"9.2"	"Handicap"	"1"	"14"	"Garritty, Jack"	"Duffield, Mrs A"	"5f "	"4"	"24"
"17:10:00"	"2019-06-22"	"Redcar"	"Fard"	"8.00"	"12"	"Handicap Maiden"	"4"	"11"	"Muir, Paula"	"Fell, R / Murray, S"	"1m "	"4"	"10"
"17:10:00"	"2019-06-22"	"Redcar"	"Kingdom Brunel"	"2.75"	"4.3"	"Handicap Maiden"	"5"	"11"	"Nolan, D"	"OMeara, D"	"1m "	"4"	"11"
"17:00:00"	"2019-06-22"	"Ascot"	"Soldiers Minute"	"22.00"	"34"	"Handicap"	"19"	"26"	"Dobbs, Pat"	"Dalgleish, Keith"	"6f "	"4"	"38"
"17:00:00"	"2019-06-22"	"Ascot"	"Marnie James"	"66.00"	"132.85"	"Handicap"	"21"	"26"	"Gormley, Jamie"	"Jardine, I"	"6f "	"4"	"28"
"16:35:00"	"2019-06-22"	"Redcar"	"Anchises"	"6.00"	"8"	"Handicap Maiden"	"7"	"11"	"Garritty, Jack"	"Menzies, Rebecca"	"1m "	"4"	"14"
"14:40:00"	"2019-06-22"	"Redcar"	"Citron Major"	"12.00"	"18.24"	"Handicap"	"12"	"12"	"Scott, Rowan"	"Tinkler, N"	"7f "	"4"	"28"
"18:50:00"	"2019-06-19"	"Ripon"	"Amity Island"	"14.00"	"19.29"	"Handicap Seller"	"6"	"9"	"Clifton, Izzy"	"Pears, Ollie"	"1m2f "	"4"	"15"
"17:55:00"	"2019-06-19"	"Hamilton"	"Pammi"	"5.00"	"6.84"	"Handicap"	"5"	"9"	"Madden, C J"	"Goldie, J S"	"1m4f "	"4"	"13"
"17:00:00"	"2019-06-19"	"Ascot"	"Red Starlight"	"33.00"	"45.74"	"Handicap"	"8"	"28"	"Marquand, Tom"	"Hannon (Jnr), Richard"	"1m "	"4"	"18"
"17:00:00"	"2019-06-19"	"Ascot"	"Beringer"	"18.00"	"22"	"Handicap"	"13"	"28"	"Atzeni, Andrea"	"King, A"	"1m "	"4"	"34"
"17:00:00"	"2019-06-19"	"Ascot"	"Cardsharp"	"50.00"	"182.21"	"Handicap"	"26"	"28"	"Hart, Jason"	"Johnston, M"	"1m "	"4"	"25"
"18:50:00"	"2019-06-18"	"Brighton"	"Little Boy Blue"	"5.50"	"7"	"Handicap"	"1"	"8"	"While, Mr R"	"Turner, W G M"	"6f "	"4"	"11"
"17:50:00"	"2019-06-18"	"Brighton"	"Ar Saoirse"	"10.00"	"21"	"Handicap"	"5"	"9"	"Fallon, Cieren"	"Hobson, Miss Clare"	"5.5f "	"4"	"18"
"16:45:00"	"2019-06-17"	"Catterick"	"Duba Plains"	"125.00"	"632.11"	"Maiden"	"8"	"10"	"Hardie, Cameron"	"Johnson, Kenny"	"7f "	"4"	"13"
"16:30:00"	"2019-06-17"	"Carlisle"	"Muraadef"	"25.00"	"37.46"	"Handicap"	"3"	"10"	"Sullivan, James P"	"Carr, Mrs R A"	"7f "	"4"	"35"
"16:30:00"	"2019-06-17"	"Carlisle"	"Milton Road"	"8.00"	"11.5"	"Handicap"	"4"	"10"	"Scott, Rowan"	"Bastiman, Rebecca"	"7f "	"4"	"12"
"15:30:00"	"2019-06-17"	"Carlisle"	"Fake News"	"14.00"	"18"	"Handicap"	"11"	"14"	"Downey, R P"	"Barron, T D"	"1m "	"4"	"6"
"15:00:00"	"2019-06-17"	"Carlisle"	"Picture Your Dream"	"40.00"	"48.29"	"Handicap"	"16"	"17"	"MacRedmond, Cian"	"Spencer, Seb"	"6f "	"4"	"14"
"17:35:00"	"2019-06-15"	"Sandown"	"Seinesational"	"16.00"	"21.73"	"Handicap"	"1"	"12"	"Watson, Jason"	"Knight, W J"	"1m6f "	"4"	"22"
"17:15:00"	"2019-06-15"	"York"	"Galloway Hills"	"10.00"	"12.34"	"Handicap"	"1"	"22"	"Davis, Sean"	"Makin, Phillip"	"6f "	"4"	"9"
"17:15:00"	"2019-06-15"	"York"	"John Kirkup"	"6.50"	"8.53"	"Handicap"	"7"	"22"	"Beasley, Connor"	"Dods, M"	"6f "	"4"	"8"
"16:40:00"	"2019-06-15"	"York"	"Poets Dawn"	"7.50"	"9.96"	"Handicap"	"1"	"17"	"Allan, David"	"Easterby, T D"	"1m1f "	"4"	"7"
"16:40:00"	"2019-06-15"	"York"	"Furzig"	"14.00"	"21"	"Handicap"	"2"	"17"	"Davis, Sean"	"Fahey, R A"	"1m1f "	"4"	"14"
"15:15:00"	"2019-06-15"	"Sandown"	"Zap"	"25.00"	"43.74"	"Handicap"	"6"	"12"	"Kelly, Shane"	"Fahey, R A"	"1m "	"4"	"7"
"15:10:00"	"2019-06-15"	"Chester"	"Queen Penn"	"3.00"	"4.72"	"Handicap"	"2"	"8"	"Mathers, Patrick"	"Fahey, R A"	"7.5f "	"4"	"15"
"14:35:00"	"2019-06-15"	"Sandown"	"Wiff Waff"	"40.00"	"82.26"	"Handicap"	"6"	"10"	"Kelly, Shane"	"Gordon, C"	"5f "	"4"	"23"
"14:25:00"	"2019-06-15"	"York"	"Staxton"	"25.00"	"27.86"	"Handicap"	"8"	"20"	"Fentiman, Duran"	"Easterby, T D"	"7f "	"4"	"7"
"21:00:00"	"2019-06-14"	"Cork"	"Wilderness"	"20.00"	"31.37"	"Handicap"	"1"	"18"	"Kelly, S B"	"Murtagh, J P"	"1m.5f "	"4"	"11"
"17:15:00"	"2019-06-14"	"York"	"Pacos Prince"	"25.00"	"54.53"	"Handicap"	"9"	"19"	"McCullagh, Scott"	"Littmoden, N P"	"1m4f "	"4"	"22"
"17:15:00"	"2019-06-14"	"York"	"Thawry"	"40.00"	"88.35"	"Handicap"	"10"	"19"	"Schofield, Kieran"	"Brittain, Antony"	"1m4f "	"4"	"18"
"16:40:00"	"2019-06-14"	"York"	"Daffy Jane"	"25.00"	"27.2"	"Handicap"	"2"	"10"	"McManoman, Faye"	"Tinkler, N"	"6f "	"4"	"14"
"15:30:00"	"2019-06-14"	"York"	"Stoney Lane"	"10.00"	"12"	"Handicap"	"7"	"19"	"Dennis, Phil"	"Whitaker, R M"	"7f "	"4"	"27"
"15:30:00"	"2019-06-14"	"York"	"Harbour Vision"	"33.00"	"65"	"Handicap"	"12"	"19"	"Mathers, Patrick"	"Shaw, D"	"7f "	"4"	"18"
"17:40:00"	"2019-06-13"	"Yarmouth"	"Song Of Summer"	"33.00"	"98.29"	"Handicap"	"2"	"11"	"Garbutt, Noel"	"McEntee, P S"	"7f "	"4"	"14"
"21:00:00"	"2019-06-12"	"Hamilton"	"Corton Lass"	"33.00"	"39.38"	"Handicap"	"7"	"12"	"Gray, S A"	"Dalgleish, Keith"	"5f "	"4"	"26"
"18:30:00"	"2019-06-12"	"Hamilton"	"Sosian"	"6.00"	"7.25"	"Handicap"	"2"	"10"	"Davis, Sean"	"Fahey, R A"	"1m3f "	"4"	"16"
"17:30:00"	"2019-06-12"	"Hamilton"	"Queen Of Kalahari"	"7.00"	"8.6"	"Handicap"	"1"	"15"	"Harding, James"	"Eyre, J L"	"6f "	"4"	"7"
"17:30:00"	"2019-06-12"	"Hamilton"	"Havana Go"	"22.00"	"33.6"	"Handicap"	"5"	"15"	"Bartley, Mrs C"	"Dalgleish, Keith"	"6f "	"4"	"14"
"17:00:00"	"2019-06-12"	"Yarmouth"	"Khaan"	"2.25"	"3.5"	"Handicap"	"6"	"8"	"Buckell, Georgean"	"Appleby, M"	"1m "	"4"	"15"
"14:00:00"	"2019-06-12"	"Yarmouth"	"Hello Girl"	"6.00"	"7.75"	"Handicap"	"5"	"12"	"Scott, Rowan"	"Tinkler, N"	"6f "	"4"	"16"
"18:30:00"	"2019-06-11"	"Carlisle"	"Mr Carbonator"	"4.50"	"6.54"	"Handicap"	"2"	"10"	"Gormley, Jamie"	"Kirby, P A"	"1m1f "	"4"	"15"
"16:45:00"	"2019-06-11"	"Salisbury"	"Simbirsk"	"12.00"	"17.65"	"Handicap"	"8"	"13"	"Shoemark, Kieran"	"Oshea, J G M"	"1m4f "	"4"	"27"
"20:55:00"	"2019-06-10"	"Roscommon"	"Yo Tambien"	"3.33"	"4.53"	"Handicap"	"8"	"14"	"Slattery, A J"	"McConnell, John C"	"1m3.5f "	"4"	"6"
"18:55:00"	"2019-06-10"	"Roscommon"	"Villa Maria"	"7.00"	"9.2"	"Handicap"	"9"	"14"	"Farragher, Adam J"	"Murray, Adrian"	"7f "	"4"	"35"
"17:00:00"	"2019-06-10"	"Leicester"	"Star Shield"	"8.00"	"13"	"Handicap"	"3"	"12"	"Hardie, Cameron"	"OMeara, D"	"7f "	"4"	"21"
"20:50:00"	"2019-06-07"	"Bath"	"Imperial Act"	"2.75"	"3.95"	"Handicap"	"6"	"11"	"Cox, William"	"Balding, A M"	"1m "	"4"	"7"
"20:50:00"	"2019-06-07"	"Bath"	"Brockagh Cailin"	"6.00"	"8.68"	"Handicap"	"8"	"11"	"Gordon, Josephine"	"Moore, J S"	"1m "	"4"	"14"
"20:45:00"	"2019-06-07"	"Curragh"	"Khafaaq"	"14.00"	"26"	"Handicap"	"16"	"24"	"Coen, Ben M"	"Slattery, Andrew"	"6.5f "	"4"	"33"
"19:45:00"	"2019-06-07"	"Bath"	"Little Boy Blue"	"8.00"	"9.72"	"Handicap"	"4"	"13"	"While, Mr R"	"Turner, W G M"	"5f "	"4"	"14"
"19:25:00"	"2019-06-07"	"Haydock"	"John Kirkup"	"4.00"	"5.6"	"Handicap"	"1"	"9"	"Beasley, Connor"	"Dods, M"	"6f "	"4"	"18"
"17:10:00"	"2019-06-07"	"Brighton"	"Diva Star"	"2.75"	"4.33"	"Handicap"	"6"	"9"	"Levey, S M"	"Guest, Rae"	"7f "	"4"	"16"
"17:20:00"	"2019-06-06"	"Ripon"	"Optimickstickhill"	"5.50"	"7.97"	"Handicap"	"1"	"14"	"ONeill, K T"	"Dixon, Scott"	"5f "	"4"	"8"
"17:00:00"	"2019-06-06"	"Hamilton"	"Samovar"	"14.00"	"22.28"	"Handicap"	"2"	"13"	"Mathers, Patrick"	"Dixon, Scott"	"5f "	"4"	"9"
"17:00:00"	"2019-06-06"	"Hamilton"	"Wrenthorpe"	"6.00"	"7.38"	"Handicap"	"5"	"13"	"Russell, Harry"	"Smart, B"	"5f "	"4"	"19"
"17:00:00"	"2019-06-06"	"Hamilton"	"The Golden Cue"	"25.00"	"38.33"	"Handicap"	"12"	"13"	"Fentiman, Duran"	"Hollinshead, Steph"	"5f "	"4"	"27"
"16:30:00"	"2019-06-06"	"Hamilton"	"Galloway Hills"	"14.00"	"18.92"	"Handicap"	"3"	"11"	"Davis, Sean"	"Makin, Phillip"	"6f "	"4"	"19"
"16:10:00"	"2019-06-06"	"Haydock"	"Boundary Lane"	"5.50"	"7.4"	"Handicap"	"2"	"11"	"Mulrennan, Paul"	"Camacho, Miss J A"	"5f "	"4"	"9"
"16:00:00"	"2019-06-06"	"Hamilton"	"Ocala"	"1.75"	"3.1"	"Handicap"	"3"	"15"	"Sousa, Silvestre De"	"Balding, A M"	"1m1f "	"4"	"14"
"15:00:00"	"2019-06-06"	"Hamilton"	"Pammi"	"6.50"	"8.82"	"Handicap"	"4"	"10"	"Gormley, Jamie"	"Goldie, J S"	"1m5f "	"4"	"9"
"20:00:00"	"2019-06-05"	"Ripon"	"Roundhay Park"	"6.00"	"8.69"	"Handicap"	"10"	"11"	"McManoman, Faye"	"Tinkler, N"	"6f "	"4"	"21"
"15:45:00"	"2019-06-01"	"Epsom"	"Mokaatil"	"33.00"	"62.8"	"Handicap"	"14"	"19"	"Breslin, Andrew"	"Williams, Ian"	"5f "	"4"	"23"
"20:45:00"	"2018-06-30"	"Lingfield"	"Baby Gal"	"4.50"	"7.8"	"Handicap"	"9"	"13"	"Cosgrave, Pat"	"Boyle, J R"	"7f "	"4"	"21"
"16:50:00"	"2018-06-30"	"Chester"	"Computable"	"12.00"	"16"	"Handicap"	"1"	"10"	"Richardson, Rachel"	"Easterby, T D"	"5f "	"4"	"9"
"14:45:00"	"2018-06-30"	"York"	"Kaeso"	"4.00"	"5.9"	"Handicap"	"2"	"11"	"Edmunds, Lewis"	"Tinkler, N"	"1m "	"4"	"15"
"20:50:00"	"2018-06-29"	"Chester"	"Saint Equiano"	"7.00"	"8.7"	"Handicap"	"3"	"10"	"Lee, G"	"Dalgleish, Keith"	"7f "	"4"	"11"
"17:10:00"	"2018-06-29"	"Yarmouth"	"Percy Toplis"	"25.00"	"50"	"Handicap"	"5"	"9"	"Ingram, Rhiain B"	"Dunnett, Mrs C A"	"1m "	"4"	"15"
"20:50:00"	"2018-06-28"	"Leicester"	"Careyanne"	"9.00"	"11.5"	"Handicap"	"1"	"15"	"Egan, David"	"Loughnane, David"	"1m4f "	"4"	"21"
"18:30:00"	"2018-06-27"	"Naas"	"Guiding Star"	"33.00"	"47.08"	"Handicap"	"9"	"20"	"ODonoghue, C"	"McKenna, P J"	"6f "	"4"	"8"
"18:30:00"	"2018-06-27"	"Naas"	"Ahundrednotout"	"6.00"	"8.37"	"Handicap"	"11"	"20"	"Crosse, Nathan"	"Feane, John James"	"6f "	"4"	"9"
"18:30:00"	"2018-06-27"	"Naas"	"Rag Tatter"	"25.00"	"38"	"Handicap"	"15"	"20"	"Maxwell, C D"	"Mulholland, Anthony"	"6f "	"4"	"16"
"15:00:00"	"2018-06-27"	"Carlisle"	"Pursuing Steed"	"9.00"	"11.5"	"Handicap"	"5"	"8"	"Bennett, Charlie"	"Morrison, H"	"1m "	"4"	"15"
"17:15:00"	"2018-06-26"	"Brighton"	"Widnes"	"7.00"	"9.99"	"Handicap"	"6"	"8"	"Doolan, Miss S M"	"Bailey, A"	"1m4f "	"4"	"19"
"16:15:00"	"2018-06-26"	"Brighton"	"Junoesque"	"8.00"	"9.52"	"Handicap"	"1"	"14"	"Bennett, Charlie"	"Gallagher, J"	"1m "	"4"	"19"
"14:15:00"	"2018-06-26"	"Brighton"	"Born To Boogie"	"16.00"	"17.01"	"Handicap"	"5"	"10"	"Watson, Jason"	"Turner, W G M"	"6f "	"4"	"7"
"18:30:00"	"2018-06-23"	"Lingfield"	"All About The Pace"	"12.00"	"17.83"	"Handicap"	"7"	"12"	"Dwyer, Martin"	"Usher, M D I"	"1m3.5f "	"4"	"23"
"17:00:00"	"2018-06-23"	"Ascot"	"Major Jumbo"	"22.00"	"34"	"Handicap"	"3"	"28"	"Spencer, Jamie"	"Ryan, K A"	"6f "	"4"	"14"
"17:00:00"	"2018-06-23"	"Ascot"	"Silent Echo"	"20.00"	"31.73"	"Handicap"	"5"	"28"	"Marquand, Tom"	"Hedger, P R"	"6f "	"4"	"19"
"17:00:00"	"2018-06-23"	"Ascot"	"Gilgamesh"	"10.00"	"13"	"Handicap"	"7"	"28"	"Greatrex, Edward"	"Scott, George"	"6f "	"4"	"28"
"15:15:00"	"2018-06-23"	"Redcar"	"Hajjam"	"3.50"	"5.43"	"Handicap"	"1"	"14"	"Nolan, D"	"OMeara, D"	"7f "	"4"	"8"
"15:15:00"	"2018-06-23"	"Redcar"	"Spun Gold"	"20.00"	"26"	"Handicap"	"7"	"14"	"Beech, Aled J"	"Fellowes, Charlie"	"7f "	"4"	"19"
"15:15:00"	"2018-06-23"	"Redcar"	"Scofflaw"	"16.00"	"20"	"Handicap"	"8"	"14"	"Mathers, Patrick"	"Fahey, R A"	"7f "	"4"	"14"
"20:55:00"	"2018-06-22"	"Wetherby"	"Essential"	"14.00"	"22.09"	"Handicap"	"6"	"10"	"Vaughan, Patrick"	"Williams, Olly"	"5.5f "	"4"	"16"
"20:55:00"	"2018-06-22"	"Wetherby"	"Foxy Boy"	"6.00"	"9.02"	"Handicap"	"8"	"10"	"Rodriguez, Callum"	"Bastiman, Rebecca"	"5.5f "	"4"	"9"
"18:45:00"	"2018-06-22"	"Wetherby"	"Maghfoor"	"3.00"	"3.92"	"Handicap"	"3"	"10"	"Hart, Jason"	"Alston, E J"	"1m2f "	"4"	"6"
"18:45:00"	"2018-06-22"	"Wetherby"	"Blue Medici"	"7.00"	"9.4"	"Handicap"	"4"	"10"	"Curtis, B A"	"Fife, Mrs Marjorie"	"1m2f "	"4"	"24"
"17:35:00"	"2018-06-22"	"Ascot"	"Dash Of Spice"	"3.50"	"5.5"	"Handicap"	"1"	"17"	"Sousa, Silvestre De"	"Elsworth, D R C"	"1m4f "	"4"	"20"
"16:45:00"	"2018-06-22"	"Redcar"	"Pepys"	"3.33"	"4.71"	"Handicap"	"2"	"9"	"Lee, G"	"Smart, B"	"1m "	"4"	"10"
"16:45:00"	"2018-06-22"	"Redcar"	"Nibras Again"	"5.50"	"7.2"	"Handicap"	"9"	"9"	"Hart, Jason"	"Mohammed, Ismail"	"1m "	"4"	"25"
"17:45:00"	"2018-06-20"	"Hamilton"	"Royal Cosmic"	"7.00"	"7.53"	"Handicap"	"1"	"9"	"Murtagh, Connor"	"Fahey, R A"	"1m4f "	"4"	"14"
"17:00:00"	"2018-06-20"	"Ascot"	"Whats The Story"	"33.00"	"85.85"	"Handicap"	"4"	"30"	"Berry, F M"	"Dalgleish, Keith"	"1m "	"4"	"15"
"17:00:00"	"2018-06-20"	"Ascot"	"Saltonstall"	"10.00"	"13.58"	"Handicap"	"18"	"30"	"Buick, William"	"Halford, M"	"1m "	"4"	"24"
"14:45:00"	"2018-06-20"	"Hamilton"	"Nuns Walk"	"3.00"	"4.1"	"Handicap"	"2"	"11"	"Allan, David"	"Easterby, T D"	"6f "	"4"	"16"
"20:10:00"	"2018-06-19"	"Brighton"	"Hidden Stash"	"10.00"	"12.5"	"Handicap"	"1"	"8"	"Doyle, Hollie"	"Stone, W B"	"1m "	"4"	"10"
"19:30:00"	"2018-06-18"	"Windsor"	"Six Strings"	"2.25"	"3.55"	"Handicap"	"9"	"11"	"Bishop, Charles"	"Houghton, Eve Johnson"	"6f "	"4"	"5"
"19:10:00"	"2018-06-18"	"Naas"	"Ahundrednotout"	"25.00"	"41.95"	"Handicap"	"3"	"17"	"Crosse, Nathan"	"Feane, John James"	"5f "	"4"	"37"
"18:00:00"	"2018-06-18"	"Windsor"	"Settle Petal"	"7.00"	"7.96"	"Handicap"	"2"	"9"	"Ralston, Sophie"	"Phelan, P M"	"1m3.5f "	"4"	"20"
"14:10:00"	"2018-06-17"	"Doncaster"	"Pastime"	"3.00"	"4.51"	"Handicap"	"4"	"8"	"Mosse, G"	"Kelleway, Miss Gay"	"1m "	"4"	"13"
"17:35:00"	"2018-06-16"	"Sandown"	"Hawridge Flyer"	"4.00"	"5.4"	"Handicap"	"3"	"11"	"Egan, John"	"Millman, B R"	"1m6f "	"4"	"15"
"17:30:00"	"2018-06-16"	"Chester"	"Tor"	"3.00"	"4.4"	"Handicap"	"2"	"8"	"Gormley, Jamie"	"Jardine, I"	"1m4.5f "	"4"	"21"
"17:20:00"	"2018-06-16"	"Bath"	"Mooroverthebridge"	"6.00"	"8.4"	"Handicap"	"7"	"12"	"Noble, Cameron"	"Harris, Miss G"	"5.5f "	"4"	"23"
"17:15:00"	"2018-06-16"	"York"	"Suitcase n Taxi"	"9.00"	"15.59"	"Handicap"	"6"	"18"	"Allan, David"	"Easterby, T D"	"6f "	"4"	"8"
"17:15:00"	"2018-06-16"	"York"	"Daschas"	"4.00"	"5.2"	"Handicap"	"8"	"18"	"Kingscote, Richard"	"Williams, S C"	"6f "	"4"	"19"
"16:45:00"	"2018-06-16"	"Bath"	"Feel The Vibes"	"18.00"	"29.11"	"Handicap"	"7"	"14"	"Hornby, Rob"	"Blanshard, M"	"1m "	"4"	"22"
"16:20:00"	"2018-06-16"	"Chester"	"Ice Canyon"	"25.00"	"31.82"	"Handicap"	"1"	"10"	"Jones, Liam"	"Brisbourne, W M"	"1m2.5f "	"4"	"22"
"16:20:00"	"2018-06-16"	"Chester"	"Maghfoor"	"10.00"	"13.5"	"Handicap"	"3"	"10"	"Harley, M"	"Alston, E J"	"1m2.5f "	"4"	"9"
"16:20:00"	"2018-06-16"	"Chester"	"Hats Off To Larry"	"2.50"	"3.91"	"Handicap"	"4"	"10"	"Norton, Francis"	"Channon, M R"	"1m2.5f "	"4"	"7"
"16:05:00"	"2018-06-16"	"York"	"Give It Some Teddy"	"7.00"	"11.5"	"Handicap"	"1"	"15"	"Allan, David"	"Easterby, T D"	"1m1f "	"4"	"12"
"15:15:00"	"2018-06-16"	"Sandown"	"Via Serendipity"	"4.00"	"5.51"	"Handicap"	"1"	"11"	"Berry, F M"	"Williams, S C"	"1m "	"4"	"3"
"15:15:00"	"2018-06-16"	"Sandown"	"Mr Scaramanga"	"50.00"	"91.6"	"Handicap"	"8"	"11"	"Bradley, Paddy"	"Dow, S"	"1m "	"4"	"15"
"15:10:00"	"2018-06-16"	"Chester"	"Island Cloud"	"3.50"	"5.5"	"Handicap"	"4"	"8"	"Cox, Georgia"	"Main, Mrs H S"	"7.5f "	"4"	"7"
"15:10:00"	"2018-06-16"	"Chester"	"Ce La Vie"	"12.00"	"19.41"	"Handicap"	"6"	"8"	"Makin, Phillip"	"Dalgleish, Keith"	"7.5f "	"4"	"18"
"14:35:00"	"2018-06-16"	"Sandown"	"Delagate This Lord"	"8.00"	"9.69"	"Handicap"	"2"	"11"	"Egan, John"	"Attwater, M J"	"5f "	"4"	"40"
"14:35:00"	"2018-06-16"	"Sandown"	"Super Julius"	"33.00"	"57.17"	"Handicap"	"11"	"11"	"Shoemark, Kieran"	"Houghton, Eve Johnson"	"5f "	"4"	"14"
"14:25:00"	"2018-06-16"	"York"	"Lualiwa"	"14.00"	"16.45"	"Handicap"	"9"	"12"	"Stott, Kevin"	"Ryan, K A"	"7f "	"4"	"21"
"15:45:00"	"2018-06-15"	"Sandown"	"Emenem"	"4.50"	"6.37"	"Handicap"	"5"	"9"	"Doyle, Hollie"	"Dow, S"	"1m2f "	"4"	"14"
"15:30:00"	"2018-06-15"	"York"	"Pennsylvania Dutch"	"28.00"	"51.04"	"Handicap"	"12"	"16"	"Eaves, Tom"	"Ryan, K A"	"7f "	"4"	"27"
"20:25:00"	"2018-06-14"	"Haydock"	"Abel Tasman"	"3.50"	"5.15"	"Handicap"	"2"	"8"	"Keniry, L P"	"Walker, Ed"	"1m2.5f "	"4"	"20"
"17:20:00"	"2018-06-14"	"Yarmouth"	"Percy Toplis"	"66.00"	"234.5"	"Handicap"	"5"	"12"	"Quinn, Jimmy"	"Dunnett, Mrs C A"	"7f "	"4"	"14"
"21:00:00"	"2018-06-13"	"Hamilton"	"Foxy Boy"	"4.00"	"4.5"	"Handicap"	"2"	"14"	"Gormley, Jamie"	"Bastiman, Rebecca"	"5f "	"4"	"14"
"21:00:00"	"2018-06-13"	"Hamilton"	"Fintry Flyer"	"14.00"	"21.35"	"Handicap"	"8"	"14"	"McHugh, B"	"Goldie, J S"	"5f "	"4"	"9"
"20:00:00"	"2018-06-13"	"Hamilton"	"Natajack"	"12.00"	"22.42"	"Handicap"	"3"	"13"	"Rodriguez, Callum"	"Bastiman, Rebecca"	"1m.5f "	"4"	"13"
"14:00:00"	"2018-06-13"	"Yarmouth"	"Billys Boots"	"50.00"	"149.28"	"Handicap"	"8"	"9"	"Jones, Liam"	"Jenkins, J R"	"6f "	"4"	"5"
"19:50:00"	"2018-06-12"	"Lingfield"	"Ashazuri"	"3.00"	"4.3"	"Handicap"	"1"	"8"	"Hornby, Rob"	"Portman, J G"	"1m2f "	"4"	"25"
"19:50:00"	"2018-06-12"	"Lingfield"	"Rocksette"	"3.00"	"4.3"	"Handicap"	"3"	"8"	"Egan, David"	"Hide, Philip"	"1m2f "	"4"	"14"
"17:30:00"	"2018-06-12"	"Salisbury"	"Pursuing Steed"	"3.00"	"4.8"	"Handicap"	"4"	"10"	"Ladd, Theodore"	"Morrison, H"	"6f "	"4"	"8"
"19:30:00"	"2018-06-11"	"Roscommon"	"Admirality"	"5.50"	"8.53"	"Handicap"	"2"	"14"	"Kelly, S B"	"Murtagh, J P"	"7f "	"4"	"13"
"17:00:00"	"2018-06-11"	"Brighton"	"Amberine"	"14.00"	"18"	"Handicap"	"3"	"12"	"Malune, Gabriele"	"Saunders, M S"	"7f "	"4"	"17"
"17:50:00"	"2018-06-09"	"Lingfield"	"Scoones"	"3.00"	"4.13"	"Handicap"	"2"	"8"	"Muscutt, D"	"Fanshawe, J R"	"1m2f "	"4"	"17"
"17:50:00"	"2018-06-09"	"Lingfield"	"Dr Julius No"	"33.00"	"60.11"	"Handicap"	"7"	"8"	"Cummins, Stephen"	"McGrath, M J"	"1m2f "	"4"	"16"
"17:50:00"	"2018-06-09"	"Lingfield"	"Presence Process"	"16.00"	"23.35"	"Handicap"	"8"	"8"	"Kelly, Shane"	"Phelan, P M"	"1m2f "	"4"	"37"
"16:55:00"	"2018-06-09"	"Musselburgh"	"Play With Me"	"14.00"	"16.5"	"Handicap"	"12"	"12"	"Quinn, Josh"	"Dalgleish, Keith"	"7f "	"4"	"5"
"15:30:00"	"2018-06-09"	"Catterick"	"Scofflaw"	"10.00"	"11.48"	"Handicap"	"1"	"11"	"Beasley, Connor"	"Fahey, R A"	"7f "	"4"	"14"
"14:45:00"	"2018-06-09"	"Curragh"	"Althib"	"8.00"	"10"	"Handicap"	"9"	"27"	"Leonard, Killian"	"Hogan, Denis Gerard"	"6.5f "	"4"	"11"
"14:30:00"	"2018-06-09"	"Musselburgh"	"Major Jumbo"	"6.00"	"8.6"	"Handicap"	"2"	"16"	"Currie, Nicola"	"Ryan, K A"	"5f "	"4"	"14"
"17:00:00"	"2018-06-08"	"Carlisle"	"Zihaam"	"3.00"	"4.5"	"Handicap"	"1"	"12"	"Sanderson, Benjamin"	"Fell, R / Murray, S"	"1m1f "	"4"	"16"
"17:00:00"	"2018-06-08"	"Carlisle"	"Zarkavon"	"80.00"	"370"	"Handicap"	"4"	"12"	"McHugh, B"	"Wainwright, J S"	"1m1f "	"4"	"23"
"15:10:00"	"2018-06-08"	"Brighton"	"Tan"	"4.50"	"6.03"	"Handicap"	"1"	"8"	"Rawlinson, Ali"	"Appleby, M"	"6f "	"4"	"15"
"15:10:00"	"2018-06-08"	"Brighton"	"The Lacemaker"	"4.50"	"5.7"	"Handicap"	"4"	"8"	"Sousa, Silvestre De"	"Dwyer, C A"	"6f "	"4"	"15"
"15:10:00"	"2018-06-08"	"Brighton"	"Pastfact"	"10.00"	"14.61"	"Handicap"	"7"	"8"	"Keniry, L P"	"Saunders, M S"	"6f "	"4"	"17"
"20:40:00"	"2018-06-07"	"Sandown"	"Junoesque"	"8.00"	"9.3"	"Handicap"	"5"	"10"	"Bentley, Harry"	"Gallagher, J"	"1m1f "	"4"	"17"
"16:50:00"	"2018-06-07"	"Yarmouth"	"Sea Tea Dea"	"20.00"	"26"	"Handicap"	"4"	"10"	"Carson, William"	"Carson, Anthony"	"1m "	"4"	"10"
"15:50:00"	"2018-06-07"	"Yarmouth"	"Careyanne"	"6.00"	"7.37"	"Handicap"	"2"	"14"	"Currie, Nicola"	"Loughnane, David"	"1m2f "	"4"	"9"
"19:40:00"	"2018-06-06"	"Wetherby"	"Sultan Baybars"	"7.00"	"9.4"	"Handicap"	"9"	"16"	"Tudhope, Daniel"	"OMeara, D"	"1m "	"4"	"15"
"19:15:00"	"2018-06-04"	"Windsor"	"Silent Echo"	"3.50"	"5.32"	"Handicap"	"1"	"10"	"Marquand, Tom"	"Hedger, P R"	"6f "	"4"	"21"
"19:15:00"	"2018-06-04"	"Windsor"	"Volatile"	"14.00"	"19.5"	"Handicap"	"3"	"10"	"Costello, Dougie"	"Osborne, J A"	"6f "	"4"	"4"
"17:10:00"	"2018-06-04"	"Leicester"	"Sans Souci Bay"	"12.00"	"16.28"	"Handicap"	"2"	"16"	"ONeill, K T"	"Dixon, Scott"	"7f "	"4"	"33"
"17:10:00"	"2018-06-04"	"Leicester"	"Pastime"	"5.50"	"7.66"	"Handicap"	"3"	"16"	"Shaw, Harrison"	"Kelleway, Miss Gay"	"7f "	"4"	"24"
"17:10:00"	"2018-06-04"	"Leicester"	"Spun Gold"	"7.00"	"9.69"	"Handicap"	"5"	"16"	"Donohoe, Stephen"	"Fellowes, Charlie"	"7f "	"4"	"17"
"17:50:00"	"2018-06-02"	"Epsom"	"Quench Dolly"	"16.00"	"23.15"	"Handicap"	"7"	"16"	"Haynes, Joey"	"Gallagher, J"	"6f "	"4"	"15"
"15:45:00"	"2018-06-02"	"Epsom"	"Super Julius"	"25.00"	"42.56"	"Handicap"	"20"	"20"	"Malune, Gabriele"	"Houghton, Eve Johnson"	"5f "	"4"	"19"
"17:50:00"	"2018-06-01"	"Epsom"	"Right Action"	"16.00"	"27.77"	"Handicap"	"8"	"14"	"Hamilton, Tony"	"Fahey, R A"	"7f "	"4"	"27"
"16:55:00"	"2018-06-01"	"Catterick"	"Private Matter"	"2.25"	"3.73"	"Handicap"	"1"	"8"	"McHugh, B"	"Fahey, R A"	"6f "	"4"	"16"
"20:15:00"	"2017-06-30"	"Chester"	"Eqleem"	"25.00"	"55"	"Handicap"	"4"	"10"	"Mullen, Andrew"	"Evans, P D"	"7f "	"4"	"23"
"19:45:00"	"2017-06-30"	"Chester"	"Michele Strogoff"	"9.00"	"11.98"	"Claimer"	"1"	"11"	"Doyle, Josh"	"Coyle, Tony"	"7.5f "	"4"	"8"
"19:45:00"	"2017-06-30"	"Chester"	"Dubais Secret"	"12.00"	"17"	"Claimer"	"3"	"11"	"Levey, S M"	"Brown, D H"	"7.5f "	"4"	"15"
"18:45:00"	"2017-06-30"	"Curragh"	"Golden Pearl"	"8.00"	"9.28"	"Handicap"	"5"	"13"	"Foley, Shane"	"Halford, M"	"6f "	"4"	"26"
"18:45:00"	"2017-06-30"	"Curragh"	"Fit For Function"	"10.00"	"12.06"	"Handicap"	"11"	"13"	"Carroll, G F"	"Murphy, Joseph G"	"6f "	"4"	"33"
"15:00:00"	"2017-06-30"	"Doncaster"	"False Id"	"6.50"	"8.8"	"Handicap"	"9"	"14"	"McHugh, B"	"Fife, Mrs Marjorie"	"1m "	"4"	"24"
"15:00:00"	"2017-06-30"	"Doncaster"	"Luath"	"11.00"	"13.5"	"Handicap"	"12"	"14"	"Evans, Nathan"	"France, Suzzanne"	"1m "	"4"	"38"
"20:40:00"	"2017-06-29"	"Hamilton"	"Black Grass"	"7.00"	"8.65"	"Handicap"	"2"	"8"	"Evans, Nathan"	"Easterby, M W"	"5f "	"4"	"14"
"19:00:00"	"2017-06-29"	"Hamilton"	"Misu Moneypenny"	"2.75"	"4.2"	"Handicap Seller"	"5"	"10"	"Curtis, B A"	"Dixon, Scott"	"5f "	"4"	"15"
"18:00:00"	"2017-06-29"	"Hamilton"	"Canny Style"	"4.00"	"5.4"	"Handicap"	"2"	"8"	"Mason, Joanna"	"Ryan, K A"	"1m5f "	"4"	"40"
"17:00:00"	"2017-06-28"	"Carlisle"	"Madroos"	"3.50"	"5.4"	"Handicap"	"3"	"14"	"Evans, Nathan"	"Easterby, M W"	"1m "	"4"	"12"
"16:10:00"	"2017-06-28"	"Salisbury"	"Swashbuckle"	"5.00"	"6.6"	"Handicap"	"1"	"11"	"Bryan, Joshua"	"Balding, A M"	"1m6f "	"4"	"32"
"15:30:00"	"2017-06-28"	"Carlisle"	"Lagenda"	"33.00"	"55.58"	"Handicap"	"12"	"16"	"Gray, S A"	"Ryan, K A"	"1m "	"4"	"35"
"15:00:00"	"2017-06-28"	"Carlisle"	"Fleeting Visit"	"12.00"	"15.26"	"Handicap"	"2"	"14"	"Fahy, J P"	"Houghton, Eve Johnson"	"1m3.5f "	"4"	"21"
"16:15:00"	"2017-06-27"	"Brighton"	"Strictly Carter"	"3.50"	"5.3"	"Handicap"	"1"	"8"	"Bryan, Joshua"	"Bailey, A"	"6f "	"4"	"20"
"14:05:00"	"2017-06-24"	"Redcar"	"Percy Verence"	"8.00"	"10.55"	"Handicap"	"2"	"9"	"Hart, Jason"	"Waggott, Miss Tracy"	"1m6f "	"4"	"15"
"17:10:00"	"2017-06-22"	"Ripon"	"Swansway"	"12.00"	"16"	"Handicap"	"3"	"12"	"Mason, Joanna"	"Easterby, M W"	"1m4f "	"4"	"19"
"16:35:00"	"2017-06-22"	"Ripon"	"Mansfield"	"50.00"	"120.44"	"Handicap"	"8"	"9"	"Ffrench, Royston"	"Wigham, M"	"1m1f "	"4"	"12"
"15:20:00"	"2017-06-22"	"Ripon"	"Bond Bombshell"	"33.00"	"36.93"	"Handicap"	"5"	"9"	"Vaughan, Patrick"	"OMeara, D"	"5f "	"4"	"10"
"17:00:00"	"2017-06-21"	"Ascot"	"Ballet Concerto"	"20.00"	"35.34"	"Handicap"	"4"	"29"	"Moore, Ryan"	"Stoute, Sir Michael"	"1m "	"4"	"18"
"17:00:00"	"2017-06-21"	"Ascot"	"Another Touch"	"20.00"	"26.79"	"Handicap"	"11"	"29"	"Murtagh, Connor"	"Fahey, R A"	"1m "	"4"	"21"
"17:00:00"	"2017-06-21"	"Ascot"	"Cote dAzur"	"40.00"	"59.94"	"Handicap"	"18"	"29"	"Kingscote, Richard"	"Eyre, J L"	"1m "	"4"	"34"
"17:00:00"	"2017-06-21"	"Ascot"	"George William"	"12.00"	"21.71"	"Handicap"	"22"	"29"	"Levey, S M"	"Hannon (Jnr), Richard"	"1m "	"4"	"39"
"17:00:00"	"2017-06-21"	"Ascot"	"Castle Harbour"	"40.00"	"85"	"Handicap"	"27"	"29"	"Smullen, P J"	"Gosden, J H M"	"1m "	"4"	"27"
"19:45:00"	"2017-06-19"	"Windsor"	"Manton Grange"	"0.91"	"2.06"	"Handicap"	"2"	"9"	"Doyle, James"	"Baker, George"	"1m "	"4"	"14"
"19:15:00"	"2017-06-19"	"Windsor"	"Bahamian Dollar"	"2.00"	"3.22"	"Handicap"	"1"	"9"	"Begley, Mrs K F"	"Evans, P D"	"6f "	"4"	"6"
"17:50:00"	"2017-06-19"	"Wetherby"	"Chip Or Pellet"	"6.00"	"6.8"	"Handicap"	"8"	"10"	"Lee, G"	"Tinkler, N"	"5.5f "	"4"	"19"
"16:15:00"	"2017-06-19"	"Wetherby"	"The Names Paver"	"9.00"	"12.5"	"Handicap"	"8"	"15"	"Lee, G"	"Wilson, N"	"7f "	"4"	"19"
"16:15:00"	"2017-06-19"	"Wetherby"	"Lukoutoldmakezebak"	"100.00"	"196.61"	"Handicap"	"11"	"15"	"Ffrench, Royston"	"Thompson, D W"	"7f "	"4"	"11"
"16:00:00"	"2017-06-19"	"Carlisle"	"Someone Exciting"	"20.00"	"26.51"	"Handicap"	"3"	"11"	"Dennis, Phil"	"Thompson, D W"	"1m "	"4"	"11"
"16:00:00"	"2017-06-19"	"Carlisle"	"African Blessing"	"4.00"	"5.1"	"Handicap"	"7"	"11"	"Curtis, B A"	"Barron, T D"	"1m "	"4"	"28"
"19:50:00"	"2017-06-17"	"Lingfield"	"Flying Sakhee"	"12.00"	"16.74"	"Handicap"	"5"	"15"	"Godwin, Mitch"	"Bridger, J / Cook, R"	"7f "	"4"	"8"
"18:20:00"	"2017-06-17"	"Lingfield"	"Al Khafji"	"7.00"	"8.4"	"Handicap"	"7"	"8"	"Mitchell, Jack"	"Gask, J R"	"1m2f "	"4"	"35"
"18:10:00"	"2017-06-17"	"Leicester"	"Entertaining Ben"	"6.00"	"8.2"	"Handicap"	"4"	"9"	"Marsh, Finley"	"Murphy, Amy"	"5f "	"4"	"5"
"17:15:00"	"2017-06-17"	"York"	"Tricky Dicky"	"16.00"	"34"	"Handicap"	"2"	"17"	"James, S H"	"Williams, Olly"	"6f "	"4"	"23"
"17:15:00"	"2017-06-17"	"York"	"Florencio"	"33.00"	"100.31"	"Handicap"	"12"	"17"	"Sanderson, Benjamin"	"Fell, R / Murray, S"	"6f "	"4"	"9"
"16:05:00"	"2017-06-17"	"York"	"Short Work"	"28.00"	"50"	"Handicap"	"19"	"19"	"Birkett, Shelley"	"OMeara, D"	"1m1f "	"4"	"8"
"15:50:00"	"2017-06-17"	"Sandown"	"Palmerston"	"10.00"	"12.78"	"Handicap"	"8"	"11"	"Rawlinson, Ali"	"Appleby, M"	"1m "	"4"	"17"
"15:35:00"	"2017-06-17"	"Bath"	"Calvados Spirit"	"6.00"	"7.65"	"Handicap"	"4"	"8"	"Shoemark, Kieran"	"Muir, W R"	"1m "	"4"	"15"
"15:10:00"	"2017-06-17"	"Musselburgh"	"East Street Revue"	"16.00"	"23.85"	"Handicap"	"8"	"17"	"Fentiman, Duran"	"Easterby, T D"	"5f "	"4"	"21"
"14:35:00"	"2017-06-17"	"Musselburgh"	"Lincoln Rocks"	"10.00"	"15.5"	"Handicap"	"1"	"10"	"Nolan, D"	"OMeara, D"	"1m "	"4"	"29"
"14:20:00"	"2017-06-17"	"York"	"Viscount Barfield"	"11.00"	"12.72"	"Handicap"	"1"	"18"	"Probert, David"	"Balding, A M"	"7f "	"4"	"21"
"14:05:00"	"2017-06-17"	"Musselburgh"	"Tommy G"	"14.00"	"19.5"	"Handicap"	"10"	"15"	"Dennis, Phil"	"Goldie, J S"	"5f "	"4"	"24"
"14:05:00"	"2017-06-17"	"Musselburgh"	"Excessable"	"6.50"	"9.2"	"Handicap"	"12"	"15"	"Allan, David"	"Easterby, T D"	"5f "	"4"	"14"
"17:15:00"	"2017-06-16"	"York"	"Satish"	"20.00"	"25.14"	"Handicap"	"8"	"10"	"Doyle, Josh"	"OMeara, D"	"1m4f "	"4"	"21"
"16:40:00"	"2017-06-16"	"York"	"Theydon Grey"	"3.33"	"4.7"	"Handicap"	"1"	"9"	"Cox, Georgia"	"Haggas, W J"	"1m6f "	"4"	"20"
"15:30:00"	"2017-06-16"	"York"	"Roll On Rory"	"25.00"	"24.53"	"Handicap"	"12"	"19"	"Lee, Clifford"	"Ward, Jason"	"7f "	"4"	"27"
"20:10:00"	"2017-06-15"	"Haydock"	"Boycie"	"6.50"	"7.77"	"Handicap"	"2"	"11"	"Smith, Tina"	"Hannon (Jnr), Richard"	"1m2.5f "	"4"	"21"
"19:40:00"	"2017-06-15"	"Haydock"	"Roller"	"3.00"	"4.2"	"Handicap"	"6"	"11"	"Evans, Nathan"	"Easterby, M W"	"1m "	"4"	"7"
"18:35:00"	"2017-06-15"	"Haydock"	"Black Grass"	"18.00"	"23.01"	"Handicap"	"6"	"10"	"Shaw, Harrison"	"Easterby, M W"	"5f "	"4"	"16"
"20:55:00"	"2017-06-14"	"Hamilton"	"Dutch Dream"	"28.00"	"34.54"	"Handicap"	"1"	"12"	"Sullivan, James P"	"Perratt, Miss L A"	"5f "	"4"	"21"
"20:55:00"	"2017-06-14"	"Hamilton"	"Our Place In Loule"	"7.00"	"8.8"	"Handicap"	"6"	"12"	"Eaves, Tom"	"Wilson, N"	"5f "	"4"	"15"
"15:40:00"	"2017-06-14"	"Yarmouth"	"Justice Rock"	"14.00"	"19"	"Handicap"	"1"	"14"	"Egan, David"	"McEntee, P S"	"6f "	"4"	"7"
"15:40:00"	"2017-06-14"	"Yarmouth"	"Manipura"	"16.00"	"19.61"	"Handicap"	"3"	"14"	"Lane, Martin"	"Shaw, D"	"6f "	"4"	"22"
"17:30:00"	"2017-06-13"	"Salisbury"	"Danecase"	"7.00"	"8.4"	"Handicap"	"7"	"12"	"Ladd, Theodore"	"Dennis, David"	"6f "	"4"	"19"
"16:45:00"	"2017-06-13"	"Yarmouth"	"Iceaxe"	"12.00"	"16.03"	"Handicap"	"9"	"10"	"Ffrench, Royston"	"Holt, J R"	"7f "	"4"	"12"
"16:45:00"	"2017-06-13"	"Yarmouth"	"Sakhees Jem"	"16.00"	"19.03"	"Handicap"	"10"	"10"	"Curtis, B A"	"Kelleway, Miss Gay"	"7f "	"4"	"6"
"18:20:00"	"2017-06-12"	"Roscommon"	"In My Place"	"25.00"	"60"	"Handicap"	"15"	"15"	"Carroll, G F"	"Rogers, P M"	"7f "	"4"	"30"
"17:30:00"	"2017-06-10"	"Chester"	"Jabbaar"	"8.00"	"11.9"	"Handicap"	"3"	"8"	"McDonald, P J"	"Barron, T D"	"1m2.5f "	"4"	"12"
"16:20:00"	"2017-06-10"	"Chester"	"Monaco Rose"	"4.50"	"6.97"	"Handicap"	"2"	"9"	"Murtagh, Connor"	"Fahey, R A"	"1m4.5f "	"4"	"15"
"20:00:00"	"2017-06-09"	"Haydock"	"Short Work"	"9.00"	"11.62"	"Handicap"	"5"	"9"	"Doyle, Josh"	"OMeara, D"	"1m "	"4"	"13"
"17:20:00"	"2017-06-09"	"Brighton"	"Caledonian Gold"	"7.00"	"8.59"	"Handicap"	"4"	"11"	"Haynes, Joey"	"DArcy, P W"	"7f "	"4"	"15"
"17:20:00"	"2017-06-09"	"Brighton"	"Broughtons Fancy"	"5.50"	"7.52"	"Handicap"	"11"	"11"	"Kelly, Shane"	"Moore, Gary and Josh"	"7f "	"4"	"16"
"17:10:00"	"2017-06-09"	"Carlisle"	"Scruffy Mcguffy"	"12.00"	"17.8"	"Handicap"	"7"	"10"	"Gray, S A"	"Duffield, Mrs A"	"1m1f "	"4"	"16"
"16:10:00"	"2017-06-09"	"Carlisle"	"Kensington Star"	"2.75"	"4.05"	"Handicap"	"1"	"8"	"Hart, Jason"	"Dalgleish, Keith"	"1m6f "	"4"	"21"
"20:05:00"	"2017-06-07"	"Ripon"	"Flying Pursuit"	"7.00"	"11.6"	"Handicap"	"6"	"11"	"Hardie, Cameron"	"Easterby, T D"	"6f "	"4"	"21"
"17:40:00"	"2017-06-06"	"Wetherby"	"Dream Serenade"	"4.00"	"6"	"Handicap"	"7"	"8"	"Dawson, R"	"Appleby, M"	"1m6f "	"4"	"13"
"16:50:00"	"2017-06-06"	"Yarmouth"	"Swilly Sunset"	"1.50"	"2.66"	"Handicap"	"1"	"10"	"Sousa, Silvestre De"	"Carson, Anthony"	"1m "	"4"	"13"
"16:50:00"	"2017-06-06"	"Yarmouth"	"Harlequin Rock"	"5.00"	"7.2"	"Handicap"	"3"	"10"	"Cosgrave, Pat"	"Quinn, M"	"1m "	"4"	"20"
"15:40:00"	"2017-06-06"	"Wetherby"	"False Id"	"10.00"	"12.5"	"Handicap"	"3"	"11"	"McHugh, B"	"Fife, Mrs Marjorie"	"1m2f "	"4"	"11"
"18:00:00"	"2017-06-05"	"Leicester"	"Magic Mirror"	"5.00"	"7.02"	"Handicap"	"3"	"12"	"Marquand, Tom"	"Rimell, M G"	"7f "	"4"	"13"
"17:25:00"	"2017-06-05"	"Leicester"	"King Of Swing"	"12.00"	"21"	"Handicap"	"5"	"11"	"Kelly, Shane"	"Hughes, Richard"	"7f "	"4"	"6"
"15:40:00"	"2017-06-04"	"Listowel"	"Nudge"	"25.00"	"60"	"Maiden"	"10"	"14"	"OShea, A"	"OShea, Mrs A M"	"1m "	"4"	"8"
"15:45:00"	"2017-06-03"	"Epsom"	"Edward Lewis"	"14.00"	"25"	"Handicap"	"5"	"19"	"Doyle, Josh"	"OMeara, D"	"5f "	"4"	"14"
"15:45:00"	"2017-06-03"	"Epsom"	"Excessable"	"8.00"	"9.67"	"Handicap"	"13"	"19"	"Hornby, Rob"	"Easterby, T D"	"5f "	"4"	"12"
"20:20:00"	"2017-06-02"	"Bath"	"Kyllukey"	"5.50"	"7.33"	"Handicap"	"6"	"8"	"Winston, Robert"	"Bradley, J M"	"5f "	"4"	"7"
"16:55:00"	"2017-06-02"	"Catterick"	"Racquet"	"8.00"	"9.66"	"Handicap"	"6"	"8"	"Richardson, Rachel"	"Carr, Mrs R A"	"6f "	"4"	"13"
"16:10:00"	"2017-06-02"	"Catterick"	"Invermere"	"2.75"	"3.86"	"Handicap"	"5"	"8"	"Murtagh, Connor"	"Fahey, R A"	"7f "	"4"	"34"
"15:45:00"	"2017-06-02"	"Epsom"	"Brorocco"	"2.75"	"3.65"	"Handicap"	"5"	"14"	"Murphy, Oisin"	"Balding, A M"	"1m2f "	"4"	"22"
"15:45:00"	"2017-06-02"	"Epsom"	"Abareeq"	"16.00"	"18.91"	"Handicap"	"14"	"14"	"Sousa, Silvestre De"	"Johnston, M"	"1m2f "	"4"	"8"
"16:30:00"	"2017-06-01"	"Hamilton"	"Amy Blair"	"4.00"	"5.47"	"Handicap"	"1"	"10"	"Beasley, Connor"	"Dalgleish, Keith"	"1m1f "	"4"	"6"
"15:30:00"	"2017-06-01"	"Hamilton"	"Gaelic Tiger"	"2.25"	"3.55"	"Handicap"	"1"	"8"	"Tudhope, Daniel"	"OMeara, D"	"1m3f "	"4"	"14"
"15:30:00"	"2017-06-01"	"Hamilton"	"Kingthistle"	"7.00"	"10.5"	"Handicap"	"5"	"8"	"Lee, G"	"Menzies, Rebecca"	"1m3f "	"4"	"31"
"15:30:00"	"2017-06-01"	"Hamilton"	"Navajo War Dance"	"4.50"	"5.81"	"Handicap"	"8"	"8"	"Lee, Clifford"	"Burke, K R"	"1m3f "	"4"	"13"
"20:50:00"	"2016-06-30"	"Epsom"	"Flying Fantasy"	"9.00"	"12.68"	"Handicap"	"5"	"13"	"Jones, Mr A T"	"Williams, S C"	"7f "	"4"	"19"
"20:50:00"	"2016-06-30"	"Epsom"	"ArlecchinoS Leap"	"12.00"	"16.1"	"Handicap"	"7"	"13"	"Murphy, Michael J M"	"Usher, M D I"	"7f "	"4"	"25"
"20:50:00"	"2016-06-30"	"Epsom"	"Field Game"	"8.00"	"11.02"	"Handicap"	"10"	"13"	"Crowley, Jim"	"Morrison, H"	"7f "	"4"	"13"
"20:20:00"	"2016-06-30"	"Epsom"	"Little Lord Nelson"	"6.00"	"8.63"	"Handicap"	"7"	"9"	"Jones, Mr A T"	"Williams, S C"	"1m.5f "	"4"	"13"
"19:55:00"	"2016-06-30"	"Tipperary"	"Little Prairie"	"7.00"	"9.46"	"Handicap"	"8"	"9"	"Lee, W J"	"Doyle, Timothy"	"1m1f "	"4"	"32"
"16:20:00"	"2016-06-30"	"Yarmouth"	"Anastazia"	"25.00"	"32.81"	"Handicap"	"4"	"15"	"Doyle, James"	"DArcy, P W"	"1m "	"4"	"22"
"16:20:00"	"2016-06-30"	"Yarmouth"	"Roxie Lot"	"20.00"	"26.63"	"Handicap"	"8"	"15"	"Hornby, Rob"	"Sly, Mrs P"	"1m "	"4"	"13"
"15:50:00"	"2016-06-30"	"Yarmouth"	"Willow Spring"	"40.00"	"80"	"Handicap"	"1"	"12"	"Garbutt, Noel"	"Allen, C N"	"5f "	"4"	"22"
"15:20:00"	"2016-06-30"	"Yarmouth"	"Snappy Guest"	"9.00"	"11.67"	"Handicap"	"9"	"9"	"Alison, Nathan"	"Margarson, G G"	"7f "	"4"	"36"
"15:00:00"	"2016-06-29"	"Catterick"	"Whitchurch"	"11.00"	"16"	"Handicap"	"4"	"11"	"McDonald, P J"	"Kirby, P A"	"1m4f "	"4"	"12"
"14:15:00"	"2016-06-28"	"Brighton"	"Titus Secret"	"2.75"	"4.1"	"Handicap"	"2"	"12"	"Sweeney, Fergus"	"Saunders, M S"	"6f "	"4"	"7"
"20:10:00"	"2016-06-27"	"Musselburgh"	"Desire"	"11.00"	"15.87"	"Handicap"	"6"	"9"	"Chaloner, G"	"Fahey, R A"	"7f "	"4"	"16"
"19:25:00"	"2016-06-27"	"Windsor"	"Perceived"	"6.00"	"8.84"	"Handicap"	"2"	"8"	"Powell, Miss Jennifer"	"Candy, H"	"1m2f "	"4"	"20"
"19:10:00"	"2016-06-27"	"Musselburgh"	"Henry Smith"	"3.50"	"5.25"	"Handicap"	"1"	"14"	"Allan, David"	"Moss, Garry"	"1m4.5f "	"4"	"12"
"19:10:00"	"2016-06-27"	"Musselburgh"	"Elle Dorado"	"40.00"	"65"	"Handicap"	"12"	"14"	"James, S H"	"Loughnane, David"	"1m4.5f "	"4"	"26"
"16:55:00"	"2016-06-26"	"Curragh"	"Shepherds Purse"	"14.00"	"23.04"	"Handicap"	"10"	"13"	"Carroll, G F"	"Murphy, Joseph G"	"5f "	"4"	"20"
"20:25:00"	"2016-06-25"	"Doncaster"	"Beardwood"	"5.50"	"7.8"	"Handicap"	"6"	"16"	"Curtis, B A"	"Ellison, B"	"7f "	"4"	"7"
"18:20:00"	"2016-06-25"	"Doncaster"	"Viserion"	"1.00"	"2.1"	"Handicap"	"1"	"8"	"James, S H"	"Simcock, D M"	"1m4f "	"4"	"8"
"15:50:00"	"2016-06-25"	"Windsor"	"Growl"	"7.50"	"9.92"	"Handicap"	"1"	"14"	"Nolan, D"	"Fahey, R A"	"6f "	"4"	"16"
"15:50:00"	"2016-06-25"	"Windsor"	"Roudee"	"33.00"	"55"	"Handicap"	"9"	"14"	"Jones, Liam"	"Dascombe, Tom"	"6f "	"4"	"21"
"15:35:00"	"2016-06-25"	"Curragh"	"Mohaayed"	"22.00"	"33.85"	"Handicap"	"9"	"12"	"Hayes, C D"	"Prendergast, Kevin"	"1m "	"4"	"34"
"20:40:00"	"2016-06-24"	"Chester"	"Fullon Clarets"	"7.50"	"8.6"	"Handicap"	"7"	"10"	"Mathers, Patrick"	"Fahey, R A"	"7f "	"4"	"38"
"19:30:00"	"2016-06-24"	"Curragh"	"Avenante"	"6.00"	"8.2"	"Handicap"	"1"	"13"	"Halpin, G P"	"Oxx, John M"	"1m4f "	"4"	"12"
"18:30:00"	"2016-06-24"	"Curragh"	"Rattling Jewel"	"12.00"	"16.87"	"Handicap"	"1"	"17"	"Lordan, W M"	"McKenna, Miss Nicole"	"6f "	"4"	"6"
"17:00:00"	"2016-06-24"	"Yarmouth"	"Big Red"	"16.00"	"23.19"	"Handicap"	"2"	"11"	"Walsh, R P"	"Bastiman, Rebecca"	"1m "	"4"	"11"
"16:50:00"	"2016-06-24"	"Doncaster"	"Hubertas"	"5.00"	"6.4"	"Handicap"	"2"	"9"	"Shepherd, Callum"	"Quinn, J J"	"1m6.5f "	"4"	"20"
"16:50:00"	"2016-06-24"	"Doncaster"	"Dew Pond"	"2.25"	"3.91"	"Handicap"	"3"	"9"	"Richardson, Rachel"	"Easterby, T D"	"1m6.5f "	"4"	"12"
"15:10:00"	"2016-06-24"	"Doncaster"	"Call Out Loud"	"6.50"	"7.44"	"Handicap"	"4"	"9"	"Rawlinson, Ali"	"Appleby, M"	"1m "	"4"	"11"
"14:50:00"	"2016-06-24"	"Yarmouth"	"Catharina"	"6.00"	"7.84"	"Handicap"	"6"	"10"	"Souza, Renato"	"Ivory, D K"	"1m2f "	"4"	"20"
"21:10:00"	"2016-06-23"	"Hamilton"	"Pryers Princess"	"9.00"	"12.45"	"Handicap"	"7"	"10"	"McDonald, P J"	"Griffiths, D C"	"6f "	"4"	"14"
"20:30:00"	"2016-06-22"	"Naas"	"Unyielding"	"5.50"	"6.9"	"Handicap"	"7"	"16"	"ODonoghue, C"	"Harrington, Mrs John"	"7f "	"4"	"24"
"18:30:00"	"2016-06-22"	"Naas"	"Future Icon"	"20.00"	"26.7"	"Handicap"	"1"	"19"	"Downey, R P"	"Lynam, Edward"	"6f "	"4"	"25"
"16:40:00"	"2016-06-22"	"Carlisle"	"Skiddaw Valleys"	"18.00"	"27.86"	"Handicap"	"9"	"13"	"Lee, Clifford"	"Swinbank, G A"	"1m3f "	"4"	"7"
"16:20:00"	"2016-06-22"	"Salisbury"	"Agent Gibbs"	"10.00"	"12.27"	"Handicap"	"7"	"11"	"Sousa, Silvestre De"	"Oshea, J G M"	"1m6f "	"4"	"10"
"15:35:00"	"2016-06-22"	"Carlisle"	"Edgar Balthazar"	"25.00"	"27.86"	"Handicap"	"1"	"16"	"Makin, Phillip"	"Dalgleish, Keith"	"1m "	"4"	"25"
"15:35:00"	"2016-06-22"	"Carlisle"	"Hard To Handel"	"5.50"	"6.75"	"Handicap"	"16"	"16"	"Tudhope, Daniel"	"OMeara, D"	"1m "	"4"	"18"
"15:00:00"	"2016-06-22"	"Carlisle"	"Cymraeg Bounty"	"3.00"	"4.83"	"Handicap"	"13"	"16"	"Fanning, Joe"	"Jardine, I"	"1m "	"4"	"16"
"15:00:00"	"2016-06-22"	"Carlisle"	"Sovereign Bounty"	"10.00"	"12.38"	"Handicap"	"14"	"16"	"Garritty, Jack"	"OKeeffe, Jedd"	"1m "	"4"	"28"
"20:45:00"	"2016-06-21"	"Leicester"	"Phantom River"	"6.50"	"8.5"	"Handicap"	"3"	"14"	"Twiston-Davies, Mr W"	"King, A"	"1m4f "	"4"	"18"
"20:45:00"	"2016-06-21"	"Leicester"	"The Skippers Cat"	"66.00"	"144.2"	"Handicap"	"13"	"14"	"Mullen, Andrew"	"Appleby, M"	"1m4f "	"4"	"28"
"14:45:00"	"2016-06-21"	"Brighton"	"Titus Secret"	"14.00"	"14.5"	"Handicap"	"1"	"10"	"Sweeney, Fergus"	"Saunders, M S"	"6f "	"4"	"49"
"20:50:00"	"2016-06-20"	"Windsor"	"John Joiner"	"5.50"	"7.64"	"Handicap"	"1"	"10"	"Gordon, Josephine"	"Hedger, P R"	"5f "	"4"	"17"
"19:35:00"	"2016-06-18"	"Haydock"	"Tonis A Star"	"7.50"	"10.7"	"Handicap"	"3"	"8"	"Pilley, Mr P"	"Carroll, A W"	"5f "	"4"	"18"
"15:15:00"	"2016-06-18"	"Redcar"	"Beardwood"	"4.00"	"5.32"	"Handicap"	"3"	"12"	"Curtis, B A"	"Ellison, B"	"7f "	"4"	"21"
"14:40:00"	"2016-06-18"	"Redcar"	"Cape Hideaway"	"4.50"	"6.6"	"Handicap"	"2"	"8"	"Costello, Dougie"	"Walford, Mark"	"1m6f "	"4"	"19"
"14:05:00"	"2016-06-18"	"Redcar"	"No Not Yet"	"10.00"	"13.5"	"Handicap"	"6"	"9"	"Mathers, Patrick"	"Dods, M"	"1m6f "	"4"	"19"
"17:55:00"	"2016-06-17"	"Redcar"	"Poolstock"	"4.50"	"5.91"	"Handicap Maiden"	"10"	"12"	"Beasley, Connor"	"Dods, M"	"5f "	"4"	"17"
"17:20:00"	"2016-06-17"	"Redcar"	"Rustique"	"5.50"	"6.98"	"Handicap"	"6"	"13"	"Fresu, A"	"Walker, Ed"	"1m "	"4"	"9"
"16:45:00"	"2016-06-17"	"Redcar"	"Playboy Bay"	"66.00"	"161.64"	"Handicap"	"11"	"13"	"Mullen, Andrew"	"Barr, R E"	"1m "	"4"	"9"
"14:55:00"	"2016-06-17"	"Redcar"	"Viserion"	"2.25"	"3.22"	"Handicap"	"1"	"11"	"Buckell, Georgean"	"Simcock, D M"	"1m2f "	"4"	"7"
"17:10:00"	"2016-06-16"	"Ripon"	"Henley"	"6.50"	"7.93"	"Handicap"	"4"	"9"	"Ffrench, Royston"	"Waggott, Miss Tracy"	"5f "	"4"	"44"
"21:00:00"	"2016-06-15"	"Ripon"	"Skiddaw Valleys"	"7.00"	"10.09"	"Handicap"	"1"	"8"	"Hamilton, Tony"	"Swinbank, G A"	"1m4f "	"4"	"11"
"21:00:00"	"2016-06-15"	"Ripon"	"Wishing Well"	"6.50"	"8.32"	"Handicap"	"2"	"8"	"Eaves, Tom"	"Hammond, Micky"	"1m4f "	"4"	"13"
"17:00:00"	"2016-06-15"	"Ascot"	"Convey"	"6.50"	"8.82"	"Handicap"	"22"	"28"	"Moore, Ryan"	"Stoute, Sir Michael"	"1m "	"4"	"18"
"15:20:00"	"2016-06-15"	"Hamilton"	"Inexes"	"7.00"	"8.8"	"Handicap"	"3"	"8"	"James, S H"	"Fife, Mrs Marjorie"	"6f "	"4"	"13"
"19:50:00"	"2016-06-13"	"Windsor"	"Ttainted Love"	"3.33"	"4.74"	"Handicap"	"4"	"10"	"Durcan, Ted"	"Wall, C F"	"1m.5f "	"4"	"14"
"19:20:00"	"2016-06-13"	"Windsor"	"Upstaging"	"2.50"	"3.57"	"Handicap"	"3"	"9"	"Harley, M"	"Cole, P F I"	"6f "	"4"	"14"
"17:00:00"	"2016-06-13"	"Carlisle"	"Mrs Biggs"	"12.00"	"17.08"	"Handicap"	"4"	"9"	"ONeill, Ger"	"Carroll, D"	"1m "	"4"	"12"
"17:00:00"	"2016-06-13"	"Carlisle"	"Call Out Loud"	"7.00"	"8.36"	"Handicap"	"6"	"9"	"Mullen, Andrew"	"Appleby, M"	"1m "	"4"	"43"
"15:30:00"	"2016-06-13"	"Carlisle"	"Lydiate Lady"	"11.00"	"13.36"	"Handicap"	"4"	"12"	"Fanning, Joe"	"Green, Paul"	"6f "	"4"	"24"
"15:00:00"	"2016-06-13"	"Carlisle"	"Princess Peaches"	"5.00"	"6.3"	"Handicap"	"6"	"9"	"McNamara, Adam"	"Bethell, J D"	"6f "	"4"	"17"
"15:30:00"	"2016-06-12"	"Doncaster"	"Handsome Dude"	"8.00"	"11"	"Handicap"	"5"	"12"	"Makin, Phillip"	"Barron, T D"	"6f "	"4"	"22"
"20:20:00"	"2016-06-11"	"Lingfield"	"Presto Boy"	"16.00"	"19.76"	"Handicap"	"7"	"13"	"Currie, Nicola"	"Hughes, Richard"	"7f "	"4"	"8"
"16:35:00"	"2016-06-11"	"Chester"	"Colourfilly"	"2.50"	"3.8"	"Handicap"	"9"	"9"	"Kingscote, Richard"	"Dascombe, Tom"	"7.5f "	"4"	"15"
"16:10:00"	"2016-06-11"	"York"	"Auspicion"	"10.00"	"12.69"	"Handicap"	"3"	"18"	"Elliott, Andrew"	"Tate, T P"	"1m1f "	"4"	"15"
"16:10:00"	"2016-06-11"	"York"	"Normandy Knight"	"8.00"	"12.48"	"Handicap"	"16"	"18"	"Hanagan, Paul"	"Fahey, R A"	"1m1f "	"4"	"12"
"16:05:00"	"2016-06-11"	"Bath"	"Knight Of The Air"	"3.00"	"5.4"	"Handicap"	"2"	"8"	"Pilley, Mr P"	"Channon, M R"	"1m "	"4"	"15"
"15:55:00"	"2016-06-11"	"Sandown"	"Major Pusey"	"4.00"	"5.89"	"Handicap"	"2"	"12"	"Murphy, Michael J M"	"Gallagher, J"	"5f "	"4"	"2"
"15:10:00"	"2016-06-11"	"Musselburgh"	"Kibaar"	"25.00"	"28.92"	"Handicap"	"3"	"15"	"Stott, Kevin"	"Ryan, K A"	"5f "	"4"	"15"
"15:10:00"	"2016-06-11"	"Musselburgh"	"Stanghow"	"12.00"	"16.5"	"Handicap"	"5"	"15"	"Makin, Phillip"	"Brittain, Antony"	"5f "	"4"	"15"
"14:50:00"	"2016-06-11"	"Chester"	"Newera"	"6.50"	"8.6"	"Handicap"	"6"	"10"	"Kingscote, Richard"	"Dascombe, Tom"	"1m4.5f "	"4"	"22"
"14:25:00"	"2016-06-11"	"York"	"Felix Leiter"	"5.50"	"7.84"	"Handicap"	"1"	"10"	"Lee, Clifford"	"Burke, K R"	"7f "	"4"	"17"
"14:25:00"	"2016-06-11"	"York"	"Valley of Fire"	"16.00"	"18.17"	"Handicap"	"2"	"10"	"Cosgrave, Pat"	"Haggas, W J"	"7f "	"4"	"7"
"14:25:00"	"2016-06-11"	"York"	"Mujassam"	"7.00"	"9.2"	"Handicap"	"10"	"10"	"Hanagan, Paul"	"Varian, Roger"	"7f "	"4"	"21"
"13:50:00"	"2016-06-11"	"York"	"Snoano"	"11.00"	"15.63"	"Handicap"	"1"	"15"	"Easterby, Miss E"	"Easterby, T D"	"1m4f "	"4"	"12"
"15:45:00"	"2016-06-10"	"York"	"Classic Seniority"	"16.00"	"19.15"	"Handicap"	"1"	"18"	"Sullivan, James P"	"Fife, Mrs Marjorie"	"7f "	"4"	"4"
"15:45:00"	"2016-06-10"	"York"	"Gurkha Friend"	"25.00"	"25.94"	"Handicap"	"8"	"18"	"Hanagan, Paul"	"McLintock, Karen"	"7f "	"4"	"6"
"15:45:00"	"2016-06-10"	"York"	"Mystic Miraaj"	"8.00"	"11.48"	"Handicap"	"16"	"18"	"Allan, David"	"Easterby, T D"	"7f "	"4"	"6"
"14:35:00"	"2016-06-10"	"York"	"Mukhayyam"	"16.00"	"20.25"	"Handicap"	"4"	"10"	"Richardson, Rachel"	"Easterby, T D"	"1m2.5f "	"4"	"15"
"14:35:00"	"2016-06-10"	"York"	"Darrington"	"5.00"	"6.5"	"Handicap"	"10"	"10"	"Hanagan, Paul"	"Fahey, R A"	"1m2.5f "	"4"	"15"
"20:45:00"	"2016-06-09"	"Haydock"	"Equally Fast"	"6.50"	"8.8"	"Handicap"	"4"	"8"	"Hornby, Rob"	"Muir, W R"	"5f "	"4"	"18"
"16:55:00"	"2016-06-09"	"Yarmouth"	"Alhella"	"33.00"	"35.85"	"Handicap"	"11"	"12"	"Cosgrave, Pat"	"Quinn, M"	"7f "	"4"	"17"
"21:15:00"	"2016-06-08"	"Hamilton"	"Its Time For Bed"	"28.00"	"38"	"Handicap"	"7"	"8"	"Sullivan, James P"	"Perratt, Miss L A"	"5f "	"4"	"6"
"18:15:00"	"2016-06-08"	"Hamilton"	"Reflation"	"25.00"	"30.65"	"Handicap"	"6"	"10"	"Dods, Miss C A"	"Dods, M"	"6f "	"4"	"22"
"17:20:00"	"2016-06-08"	"Yarmouth"	"Frantical"	"6.00"	"7.6"	"Handicap"	"7"	"10"	"Cox, Georgia"	"Carroll, A W"	"1m "	"4"	"22"
"15:50:00"	"2016-06-08"	"Yarmouth"	"Multi Quest"	"8.00"	"12.5"	"Handicap"	"5"	"12"	"Hitchcott, Sam"	"Long, J E"	"6f "	"4"	"14"
"15:50:00"	"2016-06-08"	"Yarmouth"	"Willow Spring"	"40.00"	"80"	"Handicap"	"9"	"12"	"Garbutt, Noel"	"Allen, C N"	"6f "	"4"	"19"
"16:45:00"	"2016-06-07"	"Salisbury"	"Blenheim Warrior"	"0.91"	"1.95"	"Handicap"	"1"	"10"	"Atzeni, Andrea"	"Hughes, Richard"	"1m4f "	"4"	"25"
"16:45:00"	"2016-06-07"	"Salisbury"	"Speculator"	"5.00"	"6.8"	"Handicap"	"3"	"10"	"Kelly, Shane"	"Menuisier, David"	"1m4f "	"4"	"12"
"16:45:00"	"2016-06-07"	"Salisbury"	"Prince Of Paris"	"12.00"	"16.39"	"Handicap"	"7"	"10"	"Dobbs, Pat"	"Ingram, R"	"1m4f "	"4"	"12"
"17:50:00"	"2016-06-04"	"Epsom"	"Valley of Fire"	"16.00"	"22.41"	"Handicap"	"11"	"17"	"Dwyer, Martin"	"Haggas, W J"	"6f "	"4"	"7"
"17:15:00"	"2016-06-04"	"Epsom"	"Hubertas"	"25.00"	"26.29"	"Handicap"	"6"	"17"	"Wood, George"	"Quinn, J J"	"1m4f "	"4"	"15"
"17:15:00"	"2016-06-04"	"Epsom"	"Yorkidding"	"5.50"	"8.59"	"Handicap"	"16"	"17"	"Sousa, Silvestre De"	"Johnston, M"	"1m4f "	"4"	"7"
"16:00:00"	"2016-06-04"	"Musselburgh"	"Mystic Miraaj"	"5.00"	"7.2"	"Handicap"	"5"	"11"	"Hart, Jason"	"Easterby, T D"	"7f "	"4"	"14"
"15:45:00"	"2016-06-04"	"Epsom"	"Roudee"	"11.00"	"14.16"	"Handicap"	"12"	"17"	"Kingscote, Richard"	"Dascombe, Tom"	"5f "	"4"	"31"
"15:45:00"	"2016-06-04"	"Epsom"	"Harry Hurricane"	"10.00"	"17.86"	"Handicap"	"15"	"17"	"Drowne, Steve"	"Baker, George"	"5f "	"4"	"14"
"13:40:00"	"2016-06-04"	"Musselburgh"	"Let Right Be Done"	"25.00"	"38.8"	"Handicap"	"8"	"12"	"Nolan, D"	"Perratt, Miss L A"	"7f "	"4"	"8"
"13:40:00"	"2016-06-04"	"Musselburgh"	"Takahiro"	"100.00"	"543.07"	"Handicap"	"11"	"12"	"Sullivan, James P"	"Perratt, Miss L A"	"7f "	"4"	"2"
"18:30:00"	"2016-06-03"	"Bath"	"Koptoon"	"10.00"	"15.88"	"Handicap"	"1"	"14"	"Berry, F M"	"Hughes, Jo"	"5.5f "	"4"	"11"
"18:30:00"	"2016-06-03"	"Bath"	"Bahamian Sunrise"	"12.00"	"18.55"	"Handicap"	"2"	"14"	"Buckell, Georgean"	"Gallagher, J"	"5.5f "	"4"	"15"
"18:30:00"	"2016-06-03"	"Bath"	"Picket Line"	"7.00"	"11.83"	"Handicap"	"9"	"14"	"Murphy, Timmy"	"Deacon, Geoffrey"	"5.5f "	"4"	"27"
"18:00:00"	"2016-06-03"	"Bath"	"John Joiner"	"4.50"	"6.4"	"Handicap"	"3"	"11"	"Murphy, Michael J M"	"Hedger, P R"	"5f "	"4"	"14"
"18:00:00"	"2016-06-03"	"Bath"	"Presto Boy"	"7.00"	"8.89"	"Handicap"	"9"	"11"	"Egan, David"	"Hughes, Richard"	"5f "	"4"	"13"
"15:45:00"	"2016-06-03"	"Epsom"	"Miss Van Gogh"	"8.00"	"10.93"	"Handicap"	"3"	"12"	"Hanagan, Paul"	"Fahey, R A"	"1m.5f "	"4"	"20"
"15:45:00"	"2016-06-03"	"Epsom"	"Dutch Uncle"	"4.50"	"6.31"	"Handicap"	"11"	"12"	"Sousa, Silvestre De"	"Dunlop, E A L"	"1m.5f "	"4"	"27"
"16:30:00"	"2016-06-02"	"Hamilton"	"Inexes"	"3.33"	"4.5"	"Handicap"	"1"	"8"	"James, S H"	"Fife, Mrs Marjorie"	"6f "	"4"	"16"
"16:30:00"	"2016-06-02"	"Hamilton"	"Amber Crystal"	"33.00"	"70"	"Handicap"	"7"	"8"	"Chaloner, G"	"Perratt, Miss L A"	"6f "	"4"	"8"
"16:30:00"	"2016-06-02"	"Hamilton"	"Takahiro"	"100.00"	"323.88"	"Handicap"	"8"	"8"	"Sullivan, James P"	"Perratt, Miss L A"	"6f "	"4"	"10"
"14:30:00"	"2016-06-02"	"Hamilton"	"Its Time For Bed"	"100.00"	"395.28"	"Handicap"	"10"	"10"	"Dennis, Phil"	"Perratt, Miss L A"	"5f "	"4"	"10"
"17:15:00"	"2015-06-30"	"Hamilton"	"Fujin"	"4.00"	"4.93"	"Handicap"	"4"	"10"	"Curtis, B A"	"Harris, S A"	"5f "	"4"	"12"
"19:30:00"	"2015-06-29"	"Windsor"	"Tears of The Sun"	"4.50"	"6.26"	"Handicap"	"1"	"12"	"Kirby, Adam"	"Cox, C G"	"1m2f "	"4"	"21"
"18:00:00"	"2015-06-28"	"Curragh"	"Ripples Effect"	"1.50"	"2.55"	"Handicap"	"2"	"11"	"McDonogh, D P"	"Oxx, John M"	"1m2f "	"4"	"29"
"20:15:00"	"2015-06-27"	"Doncaster"	"Bahamian Heights"	"9.00"	"10.99"	"Handicap"	"1"	"9"	"Steward, Louis"	"Brittain, C E"	"6f "	"4"	"7"
"19:25:00"	"2015-06-27"	"Lingfield"	"Gulland Rock"	"14.00"	"15.59"	"Handicap"	"12"	"12"	"Dwyer, Martin"	"Muir, W R"	"7f "	"4"	"17"
"16:50:00"	"2015-06-27"	"Chester"	"Noble Asset"	"3.50"	"4.58"	"Handicap"	"3"	"10"	"Brennan, I J"	"Quinn, J J"	"5f "	"4"	"14"
"16:50:00"	"2015-06-27"	"Chester"	"Eternitys Gate"	"12.00"	"17.67"	"Handicap"	"6"	"10"	"Kingscote, Richard"	"Chapple-Hyam, P W"	"5f "	"4"	"14"
"15:55:00"	"2015-06-27"	"Windsor"	"Charles Molson"	"12.00"	"13.37"	"Handicap"	"2"	"13"	"Crowley, Jim"	"Chamings, P R"	"6f "	"4"	"21"
"14:45:00"	"2015-06-27"	"Windsor"	"Field Of Fame"	"3.50"	"4.69"	"Handicap"	"2"	"8"	"Probert, David"	"Balding, A M"	"1m3.5f "	"4"	"15"
"14:45:00"	"2015-06-27"	"Windsor"	"Gothic"	"6.00"	"9.75"	"Handicap"	"3"	"8"	"Durcan, Ted"	"Stoute, Sir Michael"	"1m3.5f "	"4"	"21"
"14:35:00"	"2015-06-27"	"Newcastle"	"See The Sun"	"14.00"	"18.09"	"Handicap"	"2"	"15"	"Allan, David"	"Easterby, T D"	"6f "	"4"	"14"
"14:35:00"	"2015-06-27"	"Newcastle"	"Major Jack"	"6.00"	"7.5"	"Handicap"	"5"	"15"	"Baker, George"	"Charlton, Roger/Harry"	"6f "	"4"	"26"
"14:35:00"	"2015-06-27"	"Newcastle"	"Eccleston"	"14.00"	"20"	"Handicap"	"10"	"15"	"Hamilton, Tony"	"OMeara, D"	"6f "	"4"	"13"
"14:35:00"	"2015-06-27"	"Newcastle"	"Almuheet"	"14.00"	"19.38"	"Handicap"	"12"	"15"	"Sousa, Silvestre De"	"Ellison, B"	"6f "	"4"	"15"
"14:30:00"	"2015-06-27"	"Chester"	"Blithe Spirit"	"4.50"	"6"	"Handicap"	"1"	"9"	"Farley, Neil"	"Alston, E J"	"5f "	"4"	"14"
"20:45:00"	"2015-06-26"	"Newcastle"	"Buckland Beau"	"2.00"	"3.29"	"Handicap"	"7"	"14"	"Tylicki, Frederik"	"Fellowes, Charlie"	"6f "	"4"	"10"
"19:30:00"	"2015-06-26"	"Curragh"	"Fog of War"	"7.00"	"9.4"	"Handicap"	"4"	"11"	"Keane, C T"	"Lyons, G M"	"1m4f "	"4"	"21"
"19:00:00"	"2015-06-26"	"Curragh"	"Jocular"	"20.00"	"24.98"	"Non-Handicap"	"1"	"8"	"Murtagh, Caroline"	"Murtagh, J P"	"1m4f "	"4"	"16"
"17:05:00"	"2015-06-25"	"Newcastle"	"Applejack Lad"	"2.75"	"3.65"	"Handicap"	"2"	"8"	"Mulrennan, Paul"	"Smith, Michael"	"1m2f "	"4"	"19"
"16:30:00"	"2015-06-25"	"Newcastle"	"Nonagon"	"4.50"	"5.8"	"Handicap"	"5"	"9"	"Gray, S A"	"Storey, W"	"1m2f "	"4"	"37"
"16:30:00"	"2015-06-25"	"Newcastle"	"Dancin Alpha"	"4.00"	"5.69"	"Handicap"	"9"	"9"	"Curtis, B A"	"Swinbank, G A"	"1m2f "	"4"	"17"
"18:10:00"	"2015-06-24"	"Bath"	"Know Your Name"	"5.00"	"7.16"	"Handicap"	"4"	"8"	"Bates, Mr D J"	"Evans, P D"	"1m "	"4"	"8"
"16:45:00"	"2015-06-24"	"Carlisle"	"Nonchalant"	"40.00"	"79.77"	"Handicap"	"8"	"16"	"James, S H"	"OMeara, D"	"1m3.5f "	"4"	"16"
"16:45:00"	"2015-06-24"	"Carlisle"	"Archies Advice"	"14.00"	"18.27"	"Handicap"	"11"	"16"	"Makin, Phillip"	"Dalgleish, Keith"	"1m3.5f "	"4"	"4"
"15:35:00"	"2015-06-24"	"Carlisle"	"Ifwecan"	"8.50"	"10.83"	"Handicap"	"1"	"15"	"Fanning, Joe"	"Johnston, M"	"1m "	"4"	"16"
"15:35:00"	"2015-06-24"	"Carlisle"	"Hes No Saint"	"5.00"	"6.8"	"Handicap"	"4"	"15"	"Lynch, Fergal"	"OMeara, D"	"1m "	"4"	"12"
"21:20:00"	"2015-06-22"	"Wetherby"	"Zruda"	"50.00"	"116.33"	"Handicap"	"3"	"12"	"Mullen, Andrew"	"Thompson, D W"	"1m2f "	"4"	"34"
"20:50:00"	"2015-06-22"	"Wetherby"	"Thornaby Nash"	"9.00"	"14.14"	"Handicap"	"1"	"11"	"Makin, Phillip"	"OMeara, D"	"1m "	"4"	"8"
"20:50:00"	"2015-06-22"	"Wetherby"	"Disclosure (OLD)"	"25.00"	"60"	"Handicap"	"11"	"11"	"Ffrench, Royston"	"Eyre, J L"	"1m "	"4"	"12"
"20:15:00"	"2015-06-22"	"Wetherby"	"Twin Point"	"7.00"	"9.82"	"Handicap"	"2"	"9"	"Winston, Robert"	"Herrington,M "	"7f "	"4"	"25"
"20:15:00"	"2015-06-22"	"Wetherby"	"Slingsby"	"16.00"	"24.8"	"Handicap"	"3"	"9"	"Gibbons, Graham"	"Easterby, M W"	"7f "	"4"	"9"
"20:15:00"	"2015-06-22"	"Wetherby"	"Orions Bow"	"3.50"	"4.5"	"Handicap"	"7"	"9"	"Nicholls, Adrian T"	"Nicholls, D"	"7f "	"4"	"5"
"19:15:00"	"2015-06-22"	"Wetherby"	"Fredricka"	"10.00"	"16"	"Handicap"	"9"	"10"	"Hart, Jason"	"Furtado, Ivan"	"5.5f "	"4"	"31"
"17:00:00"	"2015-06-20"	"Ascot"	"Basil Berry"	"28.00"	"45.27"	"Handicap"	"7"	"25"	"Egan, John"	"Dwyer, C A"	"6f "	"4"	"43"
"14:40:00"	"2015-06-20"	"Redcar"	"Noble Reach"	"16.00"	"24.97"	"Handicap"	"2"	"9"	"Ffrench, Royston"	"Mullaney, L A"	"1m6f "	"4"	"10"
"17:20:00"	"2015-06-19"	"Redcar"	"Im Dapper Too"	"8.00"	"9.8"	"Handicap"	"7"	"12"	"McDonald, P J"	"Davies, J J"	"1m "	"4"	"23"
"17:00:00"	"2015-06-19"	"Ascot"	"Watersmeet"	"8.00"	"10"	"Handicap"	"5"	"17"	"Fanning, Joe"	"Johnston, M"	"1m4f "	"4"	"20"
"19:00:00"	"2015-06-18"	"Leicester"	"Pool House"	"7.00"	"8.24"	"Claimer"	"6"	"8"	"Hornby, Rob"	"Murphy, Mike"	"1m.5f "	"4"	"17"
"14:55:00"	"2015-06-17"	"Hamilton"	"JacobS Pillow"	"5.00"	"6.4"	"Handicap"	"4"	"11"	"Garritty, Jack"	"OKeeffe, Jedd"	"6f "	"4"	"7"
"20:30:00"	"2015-06-16"	"Brighton"	"Know Your Name"	"6.00"	"8.74"	"Handicap"	"3"	"8"	"Bates, Mr D J"	"Evans, P D"	"7f "	"4"	"15"
"19:20:00"	"2015-06-15"	"Windsor"	"Diamond Lady"	"7.00"	"8.8"	"Handicap"	"8"	"8"	"Steward, Louis"	"Stone, W B"	"6f "	"4"	"17"
"17:50:00"	"2015-06-15"	"Windsor"	"Russian Remarque"	"4.50"	"6.01"	"Handicap"	"2"	"8"	"Blackwell, George"	"Portman, J G"	"1m3.5f "	"4"	"10"
"14:45:00"	"2015-06-15"	"Carlisle"	"Chookies Lass"	"8.00"	"11"	"Handicap"	"3"	"14"	"Makin, Phillip"	"Dalgleish, Keith"	"6f "	"4"	"11"
"14:45:00"	"2015-06-15"	"Carlisle"	"Centre Haafhd"	"25.00"	"30.66"	"Handicap"	"13"	"14"	"Sayer, Miss E C"	"Sayer, Mrs Dianne"	"6f "	"4"	"11"
"17:10:00"	"2015-06-14"	"Cork"	"Like A Prayer"	"16.00"	"38.52"	"Handicap"	"15"	"18"	"King, Connor"	"Donnelly, Garvan"	"1m.5f "	"4"	"26"
"16:50:00"	"2015-06-14"	"Doncaster"	"Moonlight Venture"	"8.00"	"9.72"	"Handicap"	"2"	"8"	"Latham, K"	"Ryan, K A"	"1m "	"4"	"20"
"16:40:00"	"2015-06-14"	"Cork"	"Maskoon"	"11.00"	"14.57"	"Handicap"	"7"	"12"	"Hayes, C D"	"Prendergast, Kevin"	"1m4f "	"4"	"22"
"17:50:00"	"2015-06-13"	"Lingfield"	"Rosie Prospects"	"22.00"	"40"	"Handicap"	"9"	"13"	"Bentley, Harry"	"Ingram, R"	"1m2f "	"4"	"16"
"17:30:00"	"2015-06-13"	"York"	"Dutch Breeze"	"20.00"	"25.37"	"Handicap"	"10"	"18"	"Hamilton, Tony"	"Easterby, T D"	"6f "	"4"	"19"
"15:25:00"	"2015-06-13"	"Musselburgh"	"See The Sun"	"16.00"	"24.58"	"Handicap"	"8"	"17"	"Brennan, I J"	"Easterby, T D"	"5f "	"4"	"10"
"15:25:00"	"2015-06-13"	"Musselburgh"	"Blithe Spirit"	"33.00"	"52.39"	"Handicap"	"16"	"17"	"Hart, Jason"	"Alston, E J"	"5f "	"4"	"13"
"14:50:00"	"2015-06-13"	"Musselburgh"	"Distant Past"	"2.00"	"3.35"	"Handicap"	"4"	"16"	"Gray, S A"	"Ryan, K A"	"5f "	"4"	"7"
"14:50:00"	"2015-06-13"	"Musselburgh"	"Noble Asset"	"14.00"	"21.17"	"Handicap"	"7"	"16"	"Brennan, I J"	"Quinn, J J"	"5f "	"4"	"26"
"14:20:00"	"2015-06-13"	"Sandown"	"Wee Jean"	"20.00"	"39.23"	"Handicap"	"9"	"12"	"Bishop, Charles"	"Channon, M R"	"1m "	"4"	"14"
"14:20:00"	"2015-06-13"	"Sandown"	"Elemraan"	"10.00"	"14.79"	"Handicap"	"12"	"12"	"Durcan, Ted"	"Charlton, Roger/Harry"	"1m "	"4"	"16"
"17:15:00"	"2015-06-12"	"York"	"Stanarley Pic"	"8.00"	"10"	"Handicap"	"4"	"9"	"Farley, Neil"	"Swinbank, G A"	"1m4f "	"4"	"21"
"16:40:00"	"2015-06-12"	"York"	"Purple Spectrum"	"12.00"	"14.7"	"Handicap"	"4"	"12"	"Spencer, Jamie"	"Jenkins, J R"	"1m6f "	"4"	"13"
"15:50:00"	"2015-06-12"	"Sandown"	"Squire"	"7.00"	"8.6"	"Handicap"	"3"	"9"	"Morris, Luke"	"Attwater, M J"	"1m2f "	"4"	"13"
"14:30:00"	"2015-06-12"	"York"	"Final Countdown"	"7.00"	"9.31"	"Handicap"	"10"	"13"	"Doyle, Joe"	"Quinn, J J"	"1m2.5f "	"4"	"24"
"21:20:00"	"2015-06-10"	"Hamilton"	"Cadmium"	"2.25"	"3.5"	"Handicap"	"1"	"9"	"Fitzpatrick, Rob J"	"Hammond, Micky"	"1m.5f "	"4"	"9"
"19:50:00"	"2015-06-10"	"Hamilton"	"JacobS Pillow"	"16.00"	"20.4"	"Handicap"	"2"	"9"	"Garritty, Jack"	"OKeeffe, Jedd"	"6f "	"4"	"15"
"19:20:00"	"2015-06-10"	"Hamilton"	"Noble Reach"	"33.00"	"55"	"Handicap"	"9"	"11"	"Ffrench, Royston"	"Mullaney, L A"	"1m3f "	"4"	"12"
"18:00:00"	"2015-06-09"	"Lingfield"	"Angel Rosa"	"25.00"	"32.73"	"Handicap"	"10"	"12"	"Clark, Tim"	"Gansera-Leveque, Mrs Ilka"	"7.5f "	"4"	"8"
"17:25:00"	"2015-06-09"	"Salisbury"	"Little Big Man"	"20.00"	"29.62"	"Handicap"	"7"	"10"	"Condon, R J"	"Powell, B G"	"6f "	"4"	"14"
"18:30:00"	"2015-06-08"	"Roscommon"	"Les Darcy"	"14.00"	"19.58"	"Handicap"	"6"	"14"	"Coakley, Ross"	"Flynn, Patrick J"	"7f "	"4"	"17"
"20:10:00"	"2015-06-06"	"Newcastle"	"Rock Charm"	"33.00"	"50"	"Handicap"	"12"	"16"	"Pickard, Paul"	"Thompson, Ronald"	"1m2f "	"4"	"4"
"17:10:00"	"2015-06-06"	"Doncaster"	"Intisaab"	"6.00"	"7.6"	"Handicap"	"5"	"10"	"James, S H"	"OMeara, D"	"7f "	"4"	"29"
"16:55:00"	"2015-06-06"	"Musselburgh"	"New Colours"	"18.00"	"24.3"	"Handicap"	"2"	"11"	"Haynes, Joey"	"Perratt, Miss L A"	"1m4.5f "	"4"	"10"
"16:55:00"	"2015-06-06"	"Musselburgh"	"Jammy Moment"	"12.00"	"17.28"	"Handicap"	"5"	"11"	"Beasley, Connor"	"Perratt, Miss L A"	"1m4.5f "	"4"	"15"
"18:25:00"	"2015-06-05"	"Bath"	"Lucky Clover"	"2.50"	"4.17"	"Handicap"	"2"	"11"	"Gannon, Catherine"	"Saunders, M S"	"5f "	"4"	"6"
"18:25:00"	"2015-06-05"	"Bath"	"Narborough"	"16.00"	"23.7"	"Handicap"	"10"	"11"	"Hitchcott, Sam"	"Channon, M R"	"5f "	"4"	"27"
"17:20:00"	"2015-06-05"	"Catterick"	"Goadby"	"4.50"	"6.35"	"Handicap"	"9"	"9"	"Buckell, Georgean"	"Holt, J R"	"6f "	"4"	"13"
"16:30:00"	"2015-06-04"	"Hamilton"	"Munjally"	"14.00"	"17.07"	"Handicap"	"1"	"12"	"Farley, Neil"	"Holmes, P F"	"6f "	"4"	"8"
"15:30:00"	"2015-06-04"	"Hamilton"	"Rockwood"	"12.00"	"15.5"	"Handicap"	"7"	"13"	"Allan, David"	"Griffiths, D C"	"1m.5f "	"4"	"17"
"14:30:00"	"2015-06-04"	"Hamilton"	"Sartori"	"6.00"	"8.4"	"Handicap"	"5"	"8"	"Nason, Jordan"	"Fife, Mrs Marjorie"	"5f "	"4"	"20"
"17:45:00"	"2015-06-02"	"Brighton"	"Ecliptic Sunrise"	"8.00"	"10.14"	"Handicap"	"1"	"8"	"Probert, David"	"Donovan, D"	"5.5f "	"4"	"5"
"17:25:00"	"2015-06-02"	"Ripon"	"Petergate"	"40.00"	"88.37"	"Handicap"	"3"	"10"	"Mathers, Patrick"	"Rothwell, B S"	"1m4f "	"4"	"12"
"15:55:00"	"2015-06-02"	"Ripon"	"Jacbequick"	"11.00"	"14.86"	"Handicap"	"7"	"10"	"Sousa, Silvestre De"	"Pears, Ollie"	"1m "	"4"	"10"
"19:55:00"	"2015-06-01"	"Windsor"	"Major Crispies"	"20.00"	"30.9"	"Handicap"	"5"	"10"	"Cosgrave, Pat"	"Eustace, J M P"	"6f "	"4"	"11"
"16:25:00"	"2015-06-01"	"Leicester"	"Mops Angel"	"7.00"	"9.47"	"Handicap"	"2"	"12"	"Buckell, Georgean"	"Appleby, M"	"7f "	"4"	"3"
"14:50:00"	"2015-06-01"	"Leicester"	"Pool House"	"1.25"	"2.29"	"Seller"	"2"	"8"	"Greatrex, Edward"	"Balding, A M"	"6f "	"4"	"12"
"14:50:00"	"2015-06-01"	"Leicester"	"Robbian"	"66.00"	"290"	"Seller"	"4"	"8"	"Walsh, R P"	"Smith, C"	"6f "	"4"	"7"
"20:00:00"	"2014-06-30"	"Windsor"	"Dark Amber"	"8.00"	"10.8"	"Handicap"	"2"	"12"	"Fallon, K"	"Powell, B G"	"1m3.5f "	"4"	"31"
"20:00:00"	"2014-06-30"	"Windsor"	"Tracks Of My Tears"	"8.00"	"9.82"	"Handicap"	"8"	"12"	"Powell, Ryan"	"Bravery, G C"	"1m3.5f "	"4"	"35"
"17:50:00"	"2014-06-29"	"Curragh"	"Have A Nice Day"	"10.00"	"14.63"	"Handicap"	"1"	"16"	"Roche, L F"	"Harty, Sabrina J"	"7f "	"4"	"10"
"19:15:00"	"2014-06-28"	"Curragh"	"Califante"	"20.00"	"51.66"	"Handicap"	"8"	"10"	"Cleary, R P"	"Hogan, T"	"7f "	"4"	"16"
"19:05:00"	"2014-06-28"	"Doncaster"	"Green Monkey"	"5.50"	"8.86"	"Handicap"	"12"	"12"	"Tylicki, Frederik"	"Fanshawe, J R"	"6f "	"4"	"17"
"18:20:00"	"2014-06-28"	"Lingfield"	"Dawn Catcher"	"7.00"	"10"	"Handicap"	"1"	"9"	"Baker, George"	"Deacon, Geoffrey"	"5f "	"4"	"21"
"17:25:00"	"2014-06-28"	"Doncaster"	"Precision Strike"	"20.00"	"32.35"	"Handicap"	"6"	"13"	"Silva, D T Da"	"Guest, R C"	"1m4f "	"4"	"17"
"17:20:00"	"2014-06-28"	"Windsor"	"Malaysian Boleh"	"12.00"	"16.5"	"Handicap"	"5"	"8"	"Shoemark, Kieran"	"Dow, S"	"6f "	"4"	"14"
"17:20:00"	"2014-06-28"	"Windsor"	"Fossa"	"8.00"	"10"	"Handicap"	"7"	"8"	"Booth, Paul"	"Ivory, D K"	"6f "	"4"	"31"
"17:20:00"	"2014-06-28"	"Windsor"	"Lady Phill"	"8.00"	"12.01"	"Handicap"	"8"	"8"	"Vaughan, Jordan"	"Attwater, M J"	"6f "	"4"	"13"
"16:45:00"	"2014-06-28"	"Windsor"	"Sweet Martoni"	"5.50"	"7"	"Handicap"	"1"	"8"	"Queally, T P"	"Knight, W J"	"1m.5f "	"4"	"23"
"15:15:00"	"2014-06-28"	"Newcastle"	"Royal Rascal"	"14.00"	"15.52"	"Handicap"	"2"	"11"	"Allan, David"	"Easterby, T D"	"7f "	"4"	"15"
"15:15:00"	"2014-06-28"	"Newcastle"	"Cosmic Chatter"	"12.00"	"14.41"	"Handicap"	"8"	"11"	"Gibbons, Graham"	"Barron, T D"	"7f "	"4"	"24"
"15:05:00"	"2014-06-28"	"Windsor"	"Pasaka Boy"	"10.00"	"15"	"Handicap"	"9"	"10"	"Fahy, J P"	"Portman, J G"	"1m3.5f "	"4"	"21"
"14:05:00"	"2014-06-28"	"Newcastle"	"Kimberella"	"7.00"	"8.85"	"Handicap"	"3"	"12"	"Nicholls, Adrian T"	"Nicholls, D"	"6f "	"4"	"42"
"19:20:00"	"2014-06-27"	"Chester"	"Cosseted"	"1.50"	"2.74"	"Handicap"	"1"	"8"	"Havlin, Robert"	"Fanshawe, J R"	"1m2.5f "	"4"	"27"
"19:20:00"	"2014-06-27"	"Chester"	"Coincidently"	"10.00"	"14"	"Handicap"	"2"	"8"	"Tart, Robert"	"Bailey, A"	"1m2.5f "	"4"	"6"
"16:20:00"	"2014-06-27"	"Musselburgh"	"Order Of Service"	"7.00"	"8"	"Handicap"	"1"	"9"	"Bartley, Gary"	"Goldie, J S"	"7f "	"4"	"18"
"14:50:00"	"2014-06-27"	"Yarmouth"	"Loucal"	"10.00"	"12.5"	"Handicap"	"5"	"8"	"Atkinson, Toby"	"Quinlan, N"	"1m "	"4"	"15"
"17:40:00"	"2014-06-26"	"Leicester"	"Be Lucky"	"6.00"	"6.8"	"Handicap"	"6"	"8"	"Mason, Joanna"	"Easterby, M W"	"5f "	"4"	"12"
"16:40:00"	"2014-06-26"	"Carlisle"	"Echo Of Lightning"	"1.75"	"2.93"	"Handicap"	"4"	"8"	"Lundie, K"	"Ellison, B"	"1m "	"4"	"45"
"18:10:00"	"2014-06-25"	"Bath"	"Carrera"	"2.50"	"3.67"	"Handicap"	"5"	"9"	"Probert, David"	"Blanshard, M"	"1m "	"4"	"15"
"16:00:00"	"2014-06-24"	"Brighton"	"Elle Rebelle"	"2.25"	"3.62"	"Handicap"	"4"	"8"	"Hardie, Cameron"	"Brisbourne, W M"	"1m "	"4"	"7"
"19:35:00"	"2014-06-21"	"Lingfield"	"Royal Acquisition"	"33.00"	"42"	"Handicap"	"7"	"9"	"Drowne, Steve"	"Cowell, R M H"	"5f "	"4"	"25"
"17:00:00"	"2014-06-21"	"Ascot"	"Professor"	"10.00"	"14.37"	"Handicap"	"2"	"28"	"Moore, Ryan"	"Hannon (Jnr), Richard"	"6f "	"4"	"6"
"17:00:00"	"2014-06-21"	"Ascot"	"Annunciation"	"40.00"	"118.5"	"Handicap"	"23"	"28"	"Fortune, Jimmy"	"Hannon (Jnr), Richard"	"6f "	"4"	"42"
"16:30:00"	"2014-06-21"	"Redcar"	"Mitchell"	"7.00"	"8.7"	"Claimer"	"UR"	"10"	"Beasley, Connor"	"Thompson, D W"	"7f "	"4"	"10"
"15:15:00"	"2014-06-21"	"Redcar"	"Chilworth Icon"	"12.00"	"16.5"	"Handicap"	"3"	"9"	"Makin, Phillip"	"Channon, M R"	"7f "	"4"	"53"
"17:35:00"	"2014-06-20"	"Ascot"	"Watchable"	"14.00"	"16.01"	"Handicap"	"3"	"28"	"Tudhope, Daniel"	"OMeara, D"	"7f "	"4"	"16"
"17:20:00"	"2014-06-20"	"Redcar"	"Shearian"	"14.00"	"18.29"	"Handicap"	"5"	"15"	"Beasley, Connor"	"Waggott, Miss Tracy"	"1m "	"4"	"31"
"17:20:00"	"2014-06-20"	"Redcar"	"Midnight Warrior"	"25.00"	"41.08"	"Handicap"	"12"	"15"	"Teasdale, Shirley"	"Barr, R E"	"1m "	"4"	"24"
"20:10:00"	"2014-06-19"	"Leicester"	"Serenity Spa"	"5.00"	"6.6"	"Handicap"	"1"	"10"	"Kirby, Adam"	"Carroll, A W"	"6f "	"4"	"30"
"17:20:00"	"2014-06-18"	"Hamilton"	"Kolonel Kirkup"	"3.00"	"4.09"	"Handicap"	"6"	"9"	"Beasley, Connor"	"Dods, M"	"1m1f "	"4"	"13"
"20:00:00"	"2014-06-17"	"Brighton"	"Little Indian"	"3.00"	"4.58"	"Handicap"	"8"	"9"	"Tylicki, Frederik"	"Jenkins, J R"	"1m "	"4"	"48"
"18:00:00"	"2014-06-17"	"Brighton"	"Bubbly Bailey"	"2.75"	"4.1"	"Handicap"	"2"	"8"	"Tylicki, Frederik"	"Jenkins, J R"	"5.5f "	"4"	"15"
"19:35:00"	"2014-06-16"	"Windsor"	"Dominate"	"8.00"	"12"	"Handicap"	"5"	"12"	"Levey, S M"	"Hannon (Jnr), Richard"	"6f "	"4"	"16"
"15:15:00"	"2014-06-16"	"Carlisle"	"Shillito"	"16.00"	"22"	"Handicap"	"4"	"12"	"McHugh, B"	"Coyle, Tony"	"6f "	"4"	"21"
"15:15:00"	"2014-06-16"	"Carlisle"	"Iggy"	"12.00"	"15.77"	"Handicap"	"11"	"12"	"Gibbons, Graham"	"Easterby, M W"	"6f "	"4"	"5"
"15:05:00"	"2014-06-15"	"Doncaster"	"Annes Valentino"	"2.75"	"3.95"	"Handicap"	"2"	"10"	"Chaloner, G"	"Jefferson, J M"	"1m6.5f "	"4"	"20"
"14:15:00"	"2014-06-15"	"Salisbury"	"Extrasolar"	"8.00"	"10.68"	"Handicap"	"1"	"8"	"Dobbs, Pat"	"Perrett, Mrs A J"	"5f "	"4"	"8"
"14:15:00"	"2014-06-15"	"Salisbury"	"Secret Missile"	"10.00"	"12.5"	"Handicap"	"6"	"8"	"Dwyer, Martin"	"Muir, W R"	"5f "	"4"	"19"
"19:05:00"	"2014-06-14"	"Lingfield"	"Tigers Home"	"14.00"	"22.25"	"Handicap"	"9"	"11"	"Beschizza,Adam "	"Feilden, Miss J"	"6f "	"4"	"15"
"18:35:00"	"2014-06-14"	"Lingfield"	"Claude Greenwood"	"8.00"	"9.7"	"Handicap"	"6"	"12"	"Baudains, Mr J"	"Jewell, Mrs L C"	"7f "	"4"	"6"
"17:35:00"	"2014-06-14"	"York"	"Relight My Fire"	"16.00"	"38.05"	"Handicap"	"7"	"18"	"Elliott, Andrew"	"Easterby, T D"	"6f "	"4"	"12"
"16:25:00"	"2014-06-14"	"York"	"Artful Prince"	"25.00"	"38.87"	"Handicap"	"2"	"18"	"Swift, Mr Dale"	"Given, J G"	"1m1f "	"4"	"21"
"16:25:00"	"2014-06-14"	"York"	"Run Fat Lass Run"	"8.00"	"17.68"	"Handicap"	"15"	"18"	"Moscrop, Eva"	"Kirby, P A"	"1m1f "	"4"	"12"
"14:35:00"	"2014-06-14"	"Bath"	"Herbalist"	"6.50"	"8"	"Handicap"	"1"	"12"	"Hardie, Cameron"	"Curran, S"	"1m2f "	"4"	"15"
"14:35:00"	"2014-06-14"	"Bath"	"Omotesando"	"28.00"	"36"	"Handicap"	"6"	"12"	"Jones, Liam"	"Brisbourne, W M"	"1m2f "	"4"	"23"
"14:35:00"	"2014-06-14"	"Bath"	"Medburn Cutler"	"6.00"	"8.4"	"Handicap"	"11"	"12"	"Cosgrave, Pat"	"Baker, George"	"1m2f "	"4"	"9"
"14:30:00"	"2014-06-14"	"Musselburgh"	"Tumblewind"	"16.00"	"26"	"Handicap"	"11"	"17"	"Quinn, Paul"	"Whitaker, R M"	"5f "	"4"	"14"
"14:20:00"	"2014-06-14"	"Sandown"	"Amulet"	"8.00"	"10.45"	"Handicap"	"11"	"12"	"Kelly, Shane"	"Houghton, Eve Johnson"	"1m "	"4"	"8"
"13:30:00"	"2014-06-14"	"Musselburgh"	"Surround Sound"	"7.50"	"9.6"	"Handicap"	"4"	"9"	"Fentiman, Duran"	"Easterby, T D"	"7f "	"4"	"35"
"16:10:00"	"2014-06-13"	"York"	"Bondesire"	"3.50"	"5.46"	"Handicap"	"2"	"9"	"Tudhope, Daniel"	"OMeara, D"	"6f "	"4"	"6"
"16:10:00"	"2014-06-13"	"York"	"Royal Rascal"	"6.00"	"8.74"	"Handicap"	"6"	"9"	"Allan, David"	"Easterby, T D"	"6f "	"4"	"13"
"15:50:00"	"2014-06-13"	"Sandown"	"Veeraya"	"33.00"	"54.05"	"Handicap"	"8"	"11"	"Beschizza,Adam "	"Feilden, Miss J"	"1m2f "	"4"	"41"
"15:50:00"	"2014-06-13"	"Sandown"	"Kastini"	"2.75"	"4.31"	"Handicap"	"11"	"11"	"Hughes, Richard"	"Coakley, D J"	"1m2f "	"4"	"15"
"20:10:00"	"2014-06-12"	"Haydock"	"Bapak Bangsawan"	"5.50"	"6.71"	"Handicap"	"2"	"12"	"Spencer, Jamie"	"Ryan, K A"	"5f "	"4"	"17"
"21:10:00"	"2014-06-11"	"Hamilton"	"Look On By"	"20.00"	"28"	"Handicap"	"1"	"9"	"Da Silva, Raul"	"Carr, Mrs R A"	"1m.5f "	"4"	"22"
"20:40:00"	"2014-06-11"	"Hamilton"	"Classy Anne"	"0.40"	"1.44"	"Handicap"	"1"	"8"	"Lee, G"	"Goldie, J S"	"5f "	"4"	"6"
"16:30:00"	"2014-06-11"	"Yarmouth"	"Aomen Rock"	"4.00"	"5.87"	"Handicap Maiden"	"4"	"10"	"Kelly, Shane"	"Fanshawe, J R"	"1m "	"4"	"14"
"16:00:00"	"2014-06-11"	"Yarmouth"	"Green Monkey"	"14.00"	"21.74"	"Handicap"	"1"	"11"	"Kelly, Shane"	"Fanshawe, J R"	"6f "	"4"	"22"
"16:00:00"	"2014-06-11"	"Yarmouth"	"Jubilee Brig"	"28.00"	"44"	"Handicap"	"4"	"11"	"Atkinson, Ross"	"Curran, S"	"6f "	"4"	"6"
"17:25:00"	"2014-06-07"	"Epsom"	"Normal Equilibrium"	"7.00"	"8.66"	"Handicap"	"4"	"16"	"Crowley, Jim"	"Cowell, R M H"	"6f "	"4"	"7"
"17:25:00"	"2014-06-07"	"Epsom"	"Bondesire"	"8.00"	"11.1"	"Handicap"	"6"	"16"	"Tudhope, Daniel"	"OMeara, D"	"6f "	"4"	"7"
"16:30:00"	"2014-06-07"	"Musselburgh"	"Aryal"	"11.00"	"14.47"	"Handicap"	"5"	"8"	"Norton, Francis"	"Johnston, M"	"1m4.5f "	"4"	"34"
"13:50:00"	"2014-06-07"	"Musselburgh"	"Mowhoob"	"8.00"	"12.55"	"Handicap"	"3"	"9"	"Lee, G"	"Goldie, J S"	"7f "	"4"	"15"
"17:10:00"	"2014-06-06"	"Catterick"	"Manatee Bay"	"7.50"	"10.64"	"Handicap"	"5"	"12"	"Nicholls, Adrian T"	"Nicholls, D"	"6f "	"4"	"11"
"16:10:00"	"2014-06-06"	"Catterick"	"Al Mukhdam"	"7.00"	"8.46"	"Handicap"	"9"	"9"	"Beasley, Connor"	"De Giles, Ed"	"6f "	"4"	"13"
"14:10:00"	"2014-06-06"	"Epsom"	"Gworn"	"14.00"	"20"	"Handicap"	"4"	"12"	"Hanagan, Paul"	"Dunlop, E A L"	"1m2f "	"4"	"41"
"18:05:00"	"2014-06-05"	"Tipperary"	"In Salutem"	"8.00"	"9.93"	"Handicap"	"5"	"9"	"Foley, Shane"	"Condon, K J"	"5f "	"4"	"18"
"14:10:00"	"2014-06-05"	"Lingfield"	"Fair Comment"	"8.00"	"10"	"Handicap"	"3"	"13"	"Probert, David"	"Blanshard, M"	"1m3.5f "	"4"	"8"
"14:00:00"	"2014-06-05"	"Hamilton"	"Classy Anne"	"2.50"	"3.62"	"Handicap"	"1"	"10"	"Garritty, Jack"	"Goldie, J S"	"5f "	"4"	"14"
"14:00:00"	"2014-06-05"	"Hamilton"	"Fife Jo"	"50.00"	"58.41"	"Handicap"	"8"	"10"	"Brennan, I J"	"Goldie, J S"	"5f "	"4"	"14"
"18:55:00"	"2014-06-03"	"Yarmouth"	"Genius Boy"	"3.00"	"3.94"	"Handicap"	"1"	"8"	"Fallon, K"	"Tate, James"	"1m "	"4"	"10"
"17:30:00"	"2014-06-03"	"Ripon"	"Missy Wells"	"4.00"	"5.7"	"Handicap"	"10"	"10"	"Hart, Jason"	"Walford, Mark"	"1m4f "	"4"	"11"
"19:15:00"	"2014-06-02"	"Carlisle"	"Relight My Fire"	"25.00"	"36.03"	"Handicap"	"2"	"8"	"Allan, David"	"Easterby, T D"	"6f "	"4"	"10"
"17:30:00"	"2014-06-02"	"Leicester"	"Colour My World"	"5.00"	"6.24"	"Handicap"	"1"	"8"	"Norton, Francis"	"McMahon, E S"	"7f "	"4"	"12"
"14:45:00"	"2014-06-02"	"Leicester"	"Bond Club"	"2.25"	"2.78"	"Seller"	"1"	"8"	"Tart, Robert"	"Oldroyd, G R"	"6f "	"4"	"6"
"20:45:00"	"2013-06-29"	"Doncaster"	"Curly Come Home"	"1.50"	"2.7"	"Handicap"	"1"	"9"	"Durcan, Ted"	"Wall, C F"	"1m2.5f "	"4"	"22"
"20:45:00"	"2013-06-29"	"Doncaster"	"Maybeagrey"	"3.50"	"5.26"	"Handicap"	"3"	"9"	"Fentiman, Duran"	"Easterby, T D"	"1m2.5f "	"4"	"10"
"19:45:00"	"2013-06-29"	"Doncaster"	"Legendary"	"8.00"	"11"	"Handicap"	"7"	"9"	"Quinn, Jimmy"	"Vaughan, E F"	"1m "	"4"	"17"
"17:10:00"	"2013-06-29"	"Windsor"	"Gung Ho Jack"	"11.00"	"15.5"	"Handicap"	"5"	"11"	"Keniry, L P"	"Best, J R"	"6f "	"4"	"21"
"16:50:00"	"2013-06-29"	"Newcastle"	"Gold Show"	"16.00"	"20.13"	"Handicap"	"3"	"10"	"Cannon, Declan"	"Tuer, E W"	"1m2f "	"4"	"10"
"16:45:00"	"2013-06-29"	"Curragh"	"Mississippi"	"7.00"	"9.81"	"Handicap"	"6"	"30"	"Berry, F M"	"Barron, T D"	"6.5f "	"4"	"13"
"16:40:00"	"2013-06-29"	"Windsor"	"Intransigent"	"8.00"	"12.26"	"Handicap"	"6"	"13"	"Fortune, Jimmy"	"Balding, A M"	"6f "	"4"	"21"
"15:50:00"	"2013-06-29"	"Newcastle"	"Compton"	"10.00"	"11.88"	"Handicap"	"5"	"11"	"Lee, G"	"Cowell, R M H"	"7f "	"4"	"16"
"14:45:00"	"2013-06-29"	"Chester"	"Decision By One"	"14.00"	"16.55"	"Handicap"	"5"	"10"	"Craine, S J"	"Dascombe, Tom"	"5f "	"4"	"13"
"20:50:00"	"2013-06-28"	"Newcastle"	"Mitchum"	"16.00"	"23"	"Handicap"	"1"	"13"	"Makin, Phillip"	"Barr, R E"	"6f "	"4"	"10"
"20:50:00"	"2013-06-28"	"Newcastle"	"Sunrise Dance"	"6.00"	"8.81"	"Handicap"	"4"	"13"	"Hart, Jason"	"Johnson, R"	"6f "	"4"	"10"
"20:50:00"	"2013-06-28"	"Newcastle"	"Adams Ale"	"9.00"	"13"	"Handicap"	"6"	"13"	"Fenton, Micky"	"Midgley, P T"	"6f "	"4"	"10"
"20:15:00"	"2013-06-28"	"Newcastle"	"Snooky"	"4.00"	"4.98"	"Handicap"	"2"	"8"	"Topliss, Lee"	"Fahey, R A"	"1m "	"4"	"49"
"19:45:00"	"2013-06-28"	"Newcastle"	"Lady Gibraltar"	"7.50"	"9.59"	"Handicap"	"6"	"14"	"Murphy, Michael J M"	"Jarvis, A P"	"5f "	"4"	"34"
"18:50:00"	"2013-06-28"	"Chester"	"Minty Jones"	"100.00"	"988.58"	"Claimer"	"6"	"8"	"Clark, Ryan"	"Mullineaux, M"	"7.5f "	"4"	"14"
"18:30:00"	"2013-06-28"	"Curragh"	"Wicked Wench"	"9.00"	"11.8"	"Handicap"	"4"	"13"	"Lee, W J"	"Gask, J R"	"5f "	"4"	"11"
"17:20:00"	"2013-06-28"	"Doncaster"	"Mr Snoozy"	"3.50"	"4.77"	"Handicap"	"1"	"9"	"Hart, Jason"	"Walford, T D"	"1m6.5f "	"4"	"27"
"17:20:00"	"2013-06-28"	"Doncaster"	"Ashdown Lad"	"4.00"	"5.59"	"Handicap"	"2"	"9"	"Doyle, James"	"Jarvis, W"	"1m6.5f "	"4"	"13"
"17:20:00"	"2013-06-28"	"Doncaster"	"Gabrials Star"	"12.00"	"17.5"	"Handicap"	"5"	"9"	"Craine, S J"	"Williams, Ian"	"1m6.5f "	"4"	"13"
"15:45:00"	"2013-06-28"	"Musselburgh"	"Pavers Star"	"20.00"	"30.28"	"Handicap"	"6"	"8"	"Elliott, Andrew"	"Wilson, N"	"5f "	"4"	"35"
"20:50:00"	"2013-06-27"	"Hamilton"	"Sir Pedro"	"4.00"	"5.66"	"Handicap"	"3"	"11"	"Hamilton, Tony"	"Hills, Charles"	"6f "	"4"	"12"
"20:50:00"	"2013-06-27"	"Hamilton"	"Flexible Flyer"	"4.50"	"6.64"	"Handicap"	"10"	"11"	"Winston, Robert"	"Morrison, H"	"6f "	"4"	"15"
"20:50:00"	"2013-06-27"	"Hamilton"	"Art Dzeko"	"40.00"	"51.5"	"Handicap"	"11"	"11"	"Fentiman, Duran"	"Easterby, T D"	"6f "	"4"	"31"
"20:40:00"	"2013-06-27"	"Leicester"	"Kittens"	"7.00"	"8.63"	"Handicap"	"1"	"10"	"Drowne, Steve"	"Muir, W R"	"1m4f "	"4"	"12"
"20:40:00"	"2013-06-27"	"Leicester"	"Torero"	"8.00"	"10.04"	"Handicap"	"3"	"10"	"Callan, N"	"Ryan, K A"	"1m4f "	"4"	"22"
"20:40:00"	"2013-06-27"	"Leicester"	"Monopoli"	"10.00"	"12.35"	"Handicap"	"9"	"10"	"Egan, D E"	"Kubler, Daniel"	"1m4f "	"4"	"31"
"16:20:00"	"2013-06-27"	"Yarmouth"	"Shamahan"	"6.50"	"8"	"Handicap"	"7"	"9"	"Baker, George"	"Moore, Gary and Josh"	"7f "	"4"	"12"
"16:00:00"	"2013-06-27"	"Newcastle"	"Tweedle Dee"	"8.00"	"10"	"Handicap"	"7"	"14"	"McDonald, P J"	"Quinlan, N"	"1m2f "	"4"	"24"
"15:10:00"	"2013-06-27"	"Warwick"	"Picture Dealer"	"4.00"	"5.2"	"Handicap"	"2"	"9"	"Fortune, Jimmy"	"Moore, Gary and Josh"	"6f "	"4"	"19"
"15:10:00"	"2013-06-27"	"Warwick"	"Lunar Deity"	"8.00"	"12.5"	"Handicap"	"9"	"9"	"Callan, N"	"Houghton, Eve Johnson"	"6f "	"4"	"23"
"14:50:00"	"2013-06-27"	"Yarmouth"	"Sarah Berry"	"20.00"	"21.68"	"Handicap"	"8"	"10"	"Clark, Ryan"	"Dwyer, C A"	"6f "	"4"	"7"
"17:30:00"	"2013-06-26"	"Salisbury"	"Graylyn Valentino"	"2.75"	"3.75"	"Handicap"	"2"	"10"	"Baratti, Mario"	"Eddery, Robert"	"7f "	"4"	"13"
"17:05:00"	"2013-06-26"	"Carlisle"	"Queens Revenge"	"12.00"	"15.5"	"Handicap"	"6"	"8"	"Lee, G"	"Easterby, T D"	"7f "	"4"	"21"
"17:05:00"	"2013-06-26"	"Carlisle"	"Gift Of Silence"	"11.00"	"15.26"	"Handicap"	"8"	"8"	"Garbutt, Noel"	"Berry, John"	"7f "	"4"	"22"
"16:05:00"	"2013-06-26"	"Carlisle"	"Springheel Jake"	"8.50"	"9.79"	"Handicap"	"9"	"15"	"McDonald, P J"	"Duffield, Mrs A"	"1m "	"4"	"7"
"15:00:00"	"2013-06-26"	"Carlisle"	"Ashpan Sam"	"4.00"	"6"	"Handicap"	"6"	"10"	"Winston, Robert"	"Spearing, J L"	"5f "	"4"	"6"
"14:45:00"	"2013-06-25"	"Brighton"	"Hawaiian Freeze"	"25.00"	"33.23"	"Handicap"	"6"	"9"	"Morris, Luke"	"Stimpson, J T"	"1m2f "	"4"	"10"
"20:40:00"	"2013-06-24"	"Windsor"	"Gaelic Ice"	"7.00"	"9.42"	"Handicap"	"2"	"12"	"Atzeni, Andrea"	"Millman, B R"	"1m2f "	"4"	"9"
"20:40:00"	"2013-06-24"	"Windsor"	"Ogaritmo"	"20.00"	"24"	"Handicap"	"5"	"12"	"Cosgrave, Pat"	"Lidderdale, A J"	"1m2f "	"4"	"15"
"18:35:00"	"2013-06-22"	"Lingfield"	"Halling Dancer"	"8.00"	"11"	"Handicap"	"1"	"8"	"Fox, Kieren"	"Carter, Lee"	"7.5f "	"4"	"17"
"18:35:00"	"2013-06-22"	"Lingfield"	"Darnathean"	"1.50"	"2.58"	"Handicap"	"5"	"8"	"McDonald, James"	"DArcy, P W"	"7.5f "	"4"	"15"
"18:10:00"	"2013-06-22"	"Redcar"	"Blue Top"	"6.50"	"8.93"	"Handicap"	"3"	"12"	"Fentiman, Duran"	"Walford, T D"	"1m6f "	"4"	"17"
"18:10:00"	"2013-06-22"	"Redcar"	"Rolen Sly"	"66.00"	"200.11"	"Handicap"	"9"	"12"	"Quinn, Paul"	"Rothwell, B S"	"1m6f "	"4"	"17"
"16:25:00"	"2013-06-22"	"Ascot"	"Duke Of Firenze"	"7.00"	"8.65"	"Handicap"	"8"	"26"	"Moore, Ryan"	"Stoute, Sir Michael"	"6f "	"4"	"21"
"17:35:00"	"2013-06-21"	"Ascot"	"Democretes"	"16.00"	"22"	"Handicap"	"16"	"27"	"Hughes, Richard"	"Hannon, R"	"7f "	"4"	"42"
"15:20:00"	"2013-06-21"	"Redcar"	"Miss Ella Jade"	"6.00"	"8.2"	"Handicap"	"8"	"12"	"Quinn, Paul"	"Whitaker, R M"	"1m2f "	"4"	"9"
"17:45:00"	"2013-06-20"	"Ripon"	"Nimiety"	"16.00"	"26.13"	"Handicap"	"3"	"10"	"Guillambert, J-P"	"Johnston, M"	"1m "	"4"	"23"
"19:50:00"	"2013-06-19"	"Ripon"	"Maybeagrey"	"25.00"	"23.29"	"Handicap"	"2"	"8"	"Quinn, Paul"	"Easterby, T D"	"1m2f "	"4"	"29"
"19:50:00"	"2013-06-19"	"Ripon"	"Kickingthelilly"	"7.00"	"8.42"	"Handicap"	"4"	"8"	"Catlin, Chris"	"Guest, Rae"	"1m2f "	"4"	"26"
"19:50:00"	"2013-06-19"	"Ripon"	"Never Forever"	"3.50"	"4.9"	"Handicap"	"6"	"8"	"McDonald, P J"	"Moore, G M"	"1m2f "	"4"	"18"
"19:50:00"	"2013-06-19"	"Ripon"	"Gold Show"	"9.00"	"9.4"	"Handicap"	"7"	"8"	"Mulrennan, Paul"	"Tuer, E W"	"1m2f "	"4"	"39"
"16:25:00"	"2013-06-19"	"Ascot"	"Educate (OLD)"	"12.00"	"16.5"	"Handicap"	"15"	"28"	"Spencer, Jamie"	"Mohammed, Ismail"	"1m "	"4"	"39"
"16:25:00"	"2013-06-19"	"Ascot"	"Stirring Ballad"	"10.00"	"14.27"	"Handicap"	"22"	"28"	"Hughes, Richard"	"Balding, A M"	"1m "	"4"	"46"
"20:50:00"	"2013-06-17"	"Warwick"	"Boots And Spurs"	"3.33"	"4.75"	"Handicap"	"1"	"10"	"Crowley, Jim"	"Burke, Mrs K"	"7f "	"4"	"37"
"20:05:00"	"2013-06-17"	"Windsor"	"Authoritarian"	"8.00"	"10.69"	"Handicap"	"6"	"11"	"Hughes, Richard"	"Hannon, R"	"1m.5f "	"4"	"7"
"19:35:00"	"2013-06-17"	"Windsor"	"OGorman (OLD)"	"3.00"	"4.7"	"Handicap"	"1"	"11"	"Hughes, Richard"	"Brown, G"	"6f "	"4"	"42"
"18:50:00"	"2013-06-17"	"Warwick"	"Wicked Wench"	"3.50"	"5.09"	"Handicap"	"3"	"8"	"Callan, N"	"Gask, J R"	"6f "	"4"	"4"
"18:50:00"	"2013-06-17"	"Warwick"	"See Clearly"	"2.50"	"3.48"	"Handicap"	"4"	"8"	"Fallon, K"	"Easterby, T D"	"6f "	"4"	"9"
"15:15:00"	"2013-06-17"	"Carlisle"	"Indego Blues"	"4.50"	"6.4"	"Handicap"	"1"	"9"	"Norton, Francis"	"Nicholls, D"	"6f "	"4"	"19"
"15:15:00"	"2013-06-17"	"Carlisle"	"Celestial Dawn"	"12.00"	"16.17"	"Handicap"	"7"	"9"	"Sullivan, James P"	"Weymes, J R"	"6f "	"4"	"17"
"16:40:00"	"2013-06-16"	"Doncaster"	"Love Island"	"12.00"	"13.78"	"Handicap"	"12"	"12"	"Quinn, Paul"	"Whitaker, R M"	"6f "	"4"	"11"
"14:50:00"	"2013-06-16"	"Salisbury"	"Decision By One"	"16.00"	"19.92"	"Handicap"	"8"	"12"	"Kingscote, Richard"	"Dascombe, Tom"	"5f "	"4"	"22"
"14:50:00"	"2013-06-16"	"Salisbury"	"Gladiatrix"	"3.33"	"4.84"	"Handicap"	"9"	"12"	"Hughes, Richard"	"Millman, B R"	"5f "	"4"	"10"
"14:50:00"	"2013-06-16"	"Salisbury"	"Top Cop"	"5.50"	"6.6"	"Handicap"	"10"	"12"	"Fortune, Jimmy"	"Balding, A M"	"5f "	"4"	"9"
"18:55:00"	"2013-06-15"	"Lingfield"	"Moss Hill"	"4.00"	"5.54"	"Handicap"	"3"	"14"	"Hills, Patrick"	"Hills, Charles"	"7f "	"4"	"12"
"18:25:00"	"2013-06-15"	"Lingfield"	"Maria Montez"	"1.25"	"2.45"	"Handicap"	"1"	"14"	"Birkett, Shelley"	"Hills, J W"	"6f "	"4"	"4"
"17:20:00"	"2013-06-15"	"York"	"Pea Shooter"	"10.00"	"12.69"	"Handicap"	"8"	"18"	"Callan, N"	"Ryan, K A"	"6f "	"4"	"21"
"17:20:00"	"2013-06-15"	"York"	"Dark Castle"	"20.00"	"24.35"	"Handicap"	"11"	"18"	"Buick, William"	"Hammond, Micky"	"6f "	"4"	"15"
"17:20:00"	"2013-06-15"	"York"	"Johnny Cavagin"	"16.00"	"23.43"	"Handicap"	"12"	"18"	"Mathers, Patrick"	"Guest, R C"	"6f "	"4"	"28"
"17:10:00"	"2013-06-15"	"Musselburgh"	"Ptolemy"	"12.00"	"19.67"	"Handicap"	"8"	"8"	"McNiff, L"	"Barron, T D"	"1m "	"4"	"9"
"17:05:00"	"2013-06-15"	"Sandown"	"Cool Sky"	"16.00"	"23"	"Handicap"	"1"	"10"	"Baker, George"	"Knight, W J"	"1m6f "	"4"	"23"
"17:05:00"	"2013-06-15"	"Sandown"	"Gabrials Star"	"4.50"	"6.1"	"Handicap"	"6"	"10"	"Dettori, L"	"Dunlop, E A L"	"1m6f "	"4"	"21"
"16:45:00"	"2013-06-15"	"Bath"	"Hawaiian Freeze"	"66.00"	"403.35"	"Handicap"	"1"	"13"	"Donohoe, Stephen"	"Stimpson, J T"	"1m2f "	"4"	"6"
"16:20:00"	"2013-06-15"	"York"	"Assizes"	"28.00"	"55"	"Handicap"	"6"	"19"	"Guillambert, J-P"	"Johnston, M"	"1m1f "	"4"	"7"
"16:20:00"	"2013-06-15"	"York"	"Act Your Shoe Size"	"12.00"	"21.08"	"Handicap"	"16"	"19"	"Hughes, Richard"	"Dalgleish, Keith"	"1m1f "	"4"	"12"
"15:30:00"	"2013-06-15"	"Sandown"	"Sandfrankskipsgo"	"7.00"	"8.69"	"Handicap"	"9"	"9"	"Kelly, Shane"	"Crate, Peter"	"5f "	"4"	"36"
"14:20:00"	"2013-06-15"	"Sandown"	"Roserrow"	"11.00"	"14.04"	"Handicap"	"1"	"15"	"Fortune, Jimmy"	"Balding, A M"	"1m "	"4"	"9"
"13:55:00"	"2013-06-15"	"Musselburgh"	"Lupin Pooter"	"3.00"	"4.72"	"Handicap"	"10"	"11"	"McNiff, L"	"Barron, T D"	"5f "	"4"	"29"
"17:15:00"	"2013-06-14"	"York"	"Looks Like Rain"	"6.00"	"8.19"	"Handicap"	"1"	"14"	"Stott, Kevin"	"Ellison, B"	"1m4f "	"4"	"18"
"17:15:00"	"2013-06-14"	"York"	"Dr Irv"	"9.00"	"14.06"	"Handicap"	"4"	"14"	"Moscrop, Eva"	"Kirby, P A"	"1m4f "	"4"	"18"
"16:20:00"	"2013-06-14"	"Sandown"	"Cayuga"	"7.00"	"9"	"Handicap"	"5"	"10"	"Fortune, Jimmy"	"Johnson, B R"	"1m2f "	"4"	"13"
"15:25:00"	"2013-06-14"	"Musselburgh"	"Compton Heights"	"10.00"	"20.77"	"Handicap"	"7"	"12"	"Lee, G"	"Goldie, J S"	"5f "	"4"	"21"
"18:20:00"	"2013-06-13"	"Haydock"	"Zenafire"	"6.50"	"9.07"	"Handicap"	"2"	"9"	"Duern, J"	"Hollinshead, Andrew"	"1m4f "	"4"	"21"
"21:20:00"	"2013-06-12"	"Hamilton"	"Lord Franklin"	"4.50"	"6.03"	"Handicap"	"1"	"13"	"Hart, Jason"	"Alston, E J"	"1m.5f "	"4"	"7"
"19:20:00"	"2013-06-12"	"Hamilton"	"Ebony Express"	"2.75"	"4.2"	"Handicap"	"3"	"10"	"Winston, Robert"	"Swinbank, G A"	"1m3f "	"4"	"11"
"19:20:00"	"2013-06-12"	"Hamilton"	"Altnaharra"	"20.00"	"24.06"	"Handicap"	"9"	"10"	"Nicholls, Adrian T"	"Goldie, J S"	"1m3f "	"4"	"7"
"15:50:00"	"2013-06-12"	"Haydock"	"Discression"	"4.50"	"6.04"	"Handicap"	"7"	"9"	"Lee, G"	"Ryan, K A"	"1m "	"4"	"20"
"14:20:00"	"2013-06-12"	"Haydock"	"Now My Sun"	"6.00"	"7.63"	"Handicap"	"1"	"12"	"Tudhope, Daniel"	"Burke, Mrs K"	"1m2.5f "	"4"	"32"
"14:20:00"	"2013-06-12"	"Haydock"	"Rock Song"	"12.00"	"13.81"	"Handicap"	"8"	"12"	"Drowne, Steve"	"Mackie, J"	"1m2.5f "	"4"	"16"
"19:30:00"	"2013-06-10"	"Windsor"	"Daghash"	"6.00"	"7.26"	"Handicap"	"3"	"9"	"Callan, N"	"Brittain, C E"	"1m2f "	"4"	"47"
"17:15:00"	"2013-06-10"	"Brighton"	"Russian Bullet"	"8.00"	"10.5"	"Handicap"	"3"	"10"	"Sweeney, Fergus"	"Osborne, J A"	"5.5f "	"4"	"28"
"17:15:00"	"2013-06-10"	"Brighton"	"Little China"	"4.00"	"5.4"	"Handicap"	"9"	"10"	"Carson, William"	"Muir, W R"	"5.5f "	"4"	"9"
"17:40:00"	"2013-06-08"	"Chester"	"Its My Time"	"5.50"	"9.53"	"Handicap"	"1"	"9"	"Norton, Francis"	"Fahey, R A"	"7.5f "	"4"	"12"
"17:20:00"	"2013-06-08"	"Catterick"	"See Clearly"	"8.00"	"8.69"	"Handicap"	"3"	"12"	"Allan, David"	"Easterby, T D"	"6f "	"4"	"43"
"16:30:00"	"2013-06-08"	"Chester"	"Frog Hollow"	"5.00"	"7.2"	"Handicap"	"6"	"15"	"Nolan, D"	"OMeara, D"	"7.5f "	"4"	"38"
"14:45:00"	"2013-06-08"	"Chester"	"Chester Aristocrat"	"3.50"	"5.43"	"Handicap"	"4"	"15"	"Hart, Jason"	"Alston, E J"	"6f "	"4"	"9"
"14:45:00"	"2013-06-08"	"Chester"	"Bubbly Ballerina"	"16.00"	"34.07"	"Handicap"	"12"	"15"	"Eaton, Natasha"	"Bailey, A"	"6f "	"4"	"57"
"17:45:00"	"2013-06-07"	"Bath"	"Molly Jones"	"6.00"	"6.32"	"Handicap"	"4"	"11"	"Jessop, Rosie"	"Jones, D Haydn"	"5f "	"4"	"32"
"15:55:00"	"2013-06-07"	"Lingfield"	"Rooknrasbryripple"	"25.00"	"43.51"	"Handicap"	"3"	"10"	"ONeill, K T"	"Smith, R J"	"7f "	"4"	"8"
"15:00:00"	"2013-06-07"	"Bath"	"Ice Tres"	"10.00"	"14.55"	"Handicap"	"5"	"8"	"Drowne, Steve"	"Millman, B R"	"1m3.5f "	"4"	"11"
"19:25:00"	"2013-06-06"	"Sandown"	"Sir Mike"	"10.00"	"12.84"	"Handicap"	"7"	"14"	"Crowley, Jim"	"Perrett, Mrs A J"	"1m "	"4"	"15"
"19:25:00"	"2013-06-06"	"Sandown"	"Poetic Lord"	"20.00"	"27"	"Handicap"	"12"	"14"	"Hughes, Richard"	"Kirk, S"	"1m "	"4"	"15"
"18:50:00"	"2013-06-06"	"Sandown"	"Gladiatrix"	"14.00"	"15.01"	"Handicap"	"3"	"12"	"Murphy, Michael J M"	"Millman, B R"	"5f "	"4"	"31"
"20:15:00"	"2013-06-05"	"Ripon"	"Dick Bos"	"4.50"	"5.18"	"Handicap"	"1"	"11"	"Lee, G"	"OMeara, D"	"6f "	"4"	"18"
"20:15:00"	"2013-06-05"	"Ripon"	"Love Island"	"8.00"	"10.5"	"Handicap"	"3"	"11"	"Chaloner, G"	"Whitaker, R M"	"6f "	"4"	"17"
"20:15:00"	"2013-06-05"	"Ripon"	"Towbee"	"40.00"	"62.88"	"Handicap"	"9"	"11"	"Hopkins, Matthew"	"Easterby, M W"	"6f "	"4"	"18"
"19:15:00"	"2013-06-05"	"Ripon"	"Petrol"	"3.50"	"5.38"	"Handicap Seller"	"2"	"11"	"Nolan, D"	"OMeara, D"	"1m4f "	"4"	"41"
"19:15:00"	"2013-06-05"	"Ripon"	"Blue Top"	"3.50"	"5.36"	"Handicap Seller"	"3"	"11"	"Gibbons, Graham"	"Walford, T D"	"1m4f "	"4"	"16"
"19:15:00"	"2013-06-05"	"Ripon"	"Torero"	"6.00"	"8.4"	"Handicap Seller"	"5"	"11"	"Norton, Francis"	"Ryan, K A"	"1m4f "	"4"	"9"
"18:55:00"	"2013-06-04"	"Yarmouth"	"Sound Advice"	"3.00"	"4.81"	"Handicap"	"7"	"11"	"Dettori, L"	"Dalgleish, Keith"	"7f "	"4"	"8"
"17:45:00"	"2013-06-03"	"Leicester"	"Moss Hill"	"7.00"	"9.07"	"Handicap"	"5"	"16"	"McDonald, James"	"Hills, Charles"	"7f "	"4"	"35"
"17:45:00"	"2013-06-03"	"Leicester"	"Bajan Story"	"12.00"	"16.23"	"Handicap"	"8"	"16"	"Sweeney, Fergus"	"Blanshard, M"	"7f "	"4"	"12"
"17:40:00"	"2013-06-03"	"Naas"	"Something Graceful"	"7.00"	"10.9"	"Handicap"	"3"	"12"	"Manning, K J"	"Bolger, J S"	"1m2f "	"4"	"15"
"21:10:00"	"2013-06-01"	"Newcastle"	"Ellaal"	"40.00"	"73.32"	"Handicap"	"13"	"14"	"Sullivan, James P"	"Carr, Mrs R A"	"1m "	"4"	"11"
"19:40:00"	"2013-06-01"	"Newcastle"	"Ebony Express"	"12.00"	"13.58"	"Handicap"	"5"	"13"	"Winston, Robert"	"Swinbank, G A"	"1m2f "	"4"	"10"
"17:20:00"	"2013-06-01"	"Doncaster"	"Mr Snoozy"	"4.00"	"5.23"	"Handicap"	"1"	"12"	"Hart, Jason"	"Walford, T D"	"1m6.5f "	"4"	"14"
"15:15:00"	"2013-06-01"	"Epsom"	"Duke Of Firenze"	"5.00"	"6"	"Handicap"	"1"	"17"	"Moore, Ryan"	"Stoute, Sir Michael"	"5f "	"4"	"7"
"20:45:00"	"2012-06-30"	"Doncaster"	"Sangar"	"7.00"	"10.26"	"Handicap"	"8"	"12"	"Swift, Mr Dale"	"Pears, Ollie"	"1m2.5f "	"4"	"21"
"20:15:00"	"2012-06-30"	"Doncaster"	"Eastward Ho"	"12.00"	"13.31"	"Handicap"	"1"	"11"	"Hamilton, Tony"	"Ward, Jason"	"1m "	"4"	"9"
"18:50:00"	"2012-06-30"	"Lingfield"	"Dreams Of Glory"	"9.00"	"11.8"	"Handicap"	"5"	"11"	"Pearce, Simon"	"Hodges, R J"	"5f "	"4"	"14"
"18:40:00"	"2012-06-30"	"Doncaster"	"Alive And Kicking"	"5.00"	"7.02"	"Handicap"	"10"	"12"	"Gibbons, Graham"	"Bethell, J D"	"6f "	"4"	"24"
"17:55:00"	"2012-06-30"	"Curragh"	"Bertiewhittle"	"6.00"	"8.21"	"Handicap"	"11"	"14"	"OBrien, J P"	"Barron, T D"	"6.5f "	"4"	"13"
"17:35:00"	"2012-06-30"	"Windsor"	"Zing Wing"	"18.00"	"29"	"Handicap"	"10"	"13"	"Silva, D T Da"	"Cole, P F I"	"1m.5f "	"4"	"24"
"17:25:00"	"2012-06-30"	"Chester"	"Look Left"	"16.00"	"33.55"	"Handicap"	"11"	"11"	"Gannon, Catherine"	"Simcock, D M"	"1m3.5f "	"4"	"17"
"17:05:00"	"2012-06-30"	"Windsor"	"Vasily"	"6.00"	"8.2"	"Handicap"	"1"	"9"	"Atzeni, Andrea"	"Eddery, Robert"	"1m3.5f "	"4"	"21"
"16:35:00"	"2012-06-30"	"Windsor"	"Pearl Ice"	"4.50"	"6.4"	"Handicap"	"8"	"16"	"Bentley, Harry"	"Barron, T D"	"6f "	"4"	"21"
"20:00:00"	"2012-06-29"	"Curragh"	"Pivot Bridge"	"5.00"	"7.43"	"Handicap"	"5"	"15"	"Brennan, I J"	"McGuinness, Adrian"	"1m2f "	"4"	"18"
"19:00:00"	"2012-06-29"	"Curragh"	"Harrisons Cave"	"4.50"	"5.96"	"Handicap"	"9"	"13"	"OBrien, J P"	"OBrien, A P"	"1m4f "	"4"	"6"
"17:30:00"	"2012-06-29"	"Musselburgh"	"Cheeky Wee Red"	"5.00"	"7.47"	"Handicap"	"1"	"8"	"Mathers, Patrick"	"Fahey, R A"	"7f "	"4"	"7"
"16:10:00"	"2012-06-29"	"Doncaster"	"Getabuzz"	"7.50"	"9.4"	"Handicap"	"1"	"13"	"Allan, David"	"Easterby, T D"	"1m6.5f "	"4"	"20"
"15:10:00"	"2012-06-29"	"Musselburgh"	"Decadence"	"25.00"	"29.65"	"Handicap"	"8"	"8"	"Cannon, Declan"	"Tinkler, N"	"1m4.5f "	"4"	"23"
"16:50:00"	"2012-06-28"	"Yarmouth"	"Ssafa"	"20.00"	"30.67"	"Handicap"	"7"	"9"	"Buick, William"	"Hills, J W"	"1m1f "	"4"	"21"
"16:20:00"	"2012-06-28"	"Yarmouth"	"Comrade Bond"	"8.00"	"10.38"	"Handicap"	"1"	"12"	"Durcan, Ted"	"Tompkins, M H"	"7f "	"4"	"22"
"16:20:00"	"2012-06-28"	"Yarmouth"	"Proper Charlie"	"9.00"	"13.5"	"Handicap"	"10"	"12"	"Buick, William"	"Knight, W J"	"7f "	"4"	"44"
"15:10:00"	"2012-06-28"	"Warwick"	"Perfect Pastime"	"12.00"	"16.42"	"Handicap"	"1"	"11"	"Queally, T P"	"Boyle, J R"	"6f "	"4"	"52"
"15:10:00"	"2012-06-28"	"Warwick"	"Lady Bayside"	"4.00"	"5.3"	"Handicap"	"3"	"11"	"McLaughlin, T G"	"Saunders, M S"	"6f "	"4"	"19"
"15:10:00"	"2012-06-28"	"Warwick"	"Alpha Delta Whisky"	"20.00"	"24.21"	"Handicap"	"11"	"11"	"Sweeney, Fergus"	"Gallagher, J"	"6f "	"4"	"21"
"14:50:00"	"2012-06-28"	"Yarmouth"	"Green Warrior"	"80.00"	"168.9"	"Handicap"	"3"	"13"	"Cannon, Declan"	"Guest, R C"	"6f "	"4"	"24"
"19:10:00"	"2012-06-27"	"Bath"	"Bedibyes"	"25.00"	"29.28"	"Handicap"	"10"	"15"	"Norton, Francis"	"Mitchell, N R"	"1m "	"4"	"15"
"17:55:00"	"2012-06-27"	"Salisbury"	"Irie Ute"	"16.00"	"22.29"	"Handicap"	"10"	"13"	"Meek, Nicholas"	"Kirk, S"	"7f "	"4"	"37"
"16:25:00"	"2012-06-27"	"Salisbury"	"Norse Blues"	"6.00"	"8.22"	"Handicap"	"7"	"13"	"Doyle, James"	"Kirk, S"	"1m "	"4"	"26"
"15:30:00"	"2012-06-27"	"Carlisle"	"Barwick"	"2.75"	"4.19"	"Handicap"	"5"	"15"	"Catlin, Chris"	"Tompkins, M H"	"1m "	"4"	"22"
"15:00:00"	"2012-06-27"	"Carlisle"	"Chookie Royale"	"12.00"	"15.95"	"Handicap"	"8"	"10"	"Winston, Robert"	"Dalgleish, Keith"	"1m "	"4"	"14"
"18:45:00"	"2012-06-26"	"Ballinrobe"	"Via Del Corso"	"8.00"	"10.01"	"Handicap"	"1"	"16"	"ODonoghue, C"	"Kelly, David Martin"	"1m1f "	"4"	"7"
"17:15:00"	"2012-06-26"	"Brighton"	"Avon Supreme"	"10.00"	"16.61"	"Handicap"	"6"	"16"	"Kelly, Shane"	"Kelleway, Miss Gay"	"1m "	"4"	"13"
"17:15:00"	"2012-06-26"	"Brighton"	"Warbond"	"8.00"	"17.5"	"Handicap"	"8"	"16"	"Goldstein, Jamie"	"Madgwick, M"	"1m "	"4"	"26"
"16:45:00"	"2012-06-26"	"Brighton"	"Border Abby"	"8.00"	"8.87"	"Handicap"	"8"	"10"	"Catlin, Chris"	"Guest, Rae"	"1m2f "	"4"	"10"
"16:45:00"	"2012-06-26"	"Brighton"	"Vertibes"	"14.00"	"18.19"	"Handicap"	"9"	"10"	"Scallan, Katia"	"Tregoning, M P"	"1m2f "	"4"	"13"
"16:15:00"	"2012-06-26"	"Brighton"	"Ryedale Lass"	"4.50"	"6.32"	"Handicap"	"3"	"9"	"Keniry, L P"	"Tuite, Joseph"	"1m4f "	"4"	"10"
"15:15:00"	"2012-06-26"	"Brighton"	"Microlight"	"16.00"	"21.87"	"Handicap"	"7"	"10"	"Thomas, Richard"	"Long, J E"	"6f "	"4"	"10"
"20:05:00"	"2012-06-23"	"Lingfield"	"Roodee Queen"	"10.00"	"12.62"	"Handicap"	"7"	"11"	"Gannon, Catherine"	"Bradley, J M"	"5f "	"4"	"15"
"19:05:00"	"2012-06-23"	"Lingfield"	"Calypso Cay"	"25.00"	"34.86"	"Handicap"	"2"	"13"	"Lawson, Matthew"	"Salmon, P"	"7.5f "	"4"	"14"
"17:00:00"	"2012-06-23"	"Ascot"	"Camborne"	"5.50"	"7.5"	"Handicap"	"1"	"18"	"Buick, William"	"Gosden, J H M"	"1m4f "	"4"	"14"
"17:00:00"	"2012-06-23"	"Ascot"	"Harrisons Cave"	"12.00"	"15.43"	"Handicap"	"3"	"18"	"OBrien, J P"	"OBrien, A P"	"1m4f "	"4"	"27"
"17:00:00"	"2012-06-23"	"Ascot"	"Midsummer Sun"	"14.00"	"17.5"	"Handicap"	"9"	"18"	"Queally, T P"	"Cecil, H R A"	"1m4f "	"4"	"35"
"14:45:00"	"2012-06-23"	"Redcar"	"Tarantella Lady"	"6.50"	"8.2"	"Handicap"	"1"	"10"	"Elliott, Andrew"	"Moore, G M"	"1m6f "	"4"	"19"
"17:35:00"	"2012-06-22"	"Ascot"	"Emilio Largo"	"8.00"	"10.4"	"Handicap"	"9"	"23"	"Queally, T P"	"Cecil, H R A"	"7f "	"4"	"24"
"17:35:00"	"2012-06-22"	"Ascot"	"Louis The Pious"	"40.00"	"66.02"	"Handicap"	"16"	"23"	"Makin, Phillip"	"Ryan, K A"	"7f "	"4"	"13"
"17:10:00"	"2012-06-22"	"Redcar"	"Iceblast"	"12.00"	"16.33"	"Handicap"	"4"	"13"	"Nolan, D"	"Easterby, M W"	"1m "	"4"	"7"
"17:10:00"	"2012-06-22"	"Redcar"	"Benidorm"	"40.00"	"90"	"Handicap"	"8"	"13"	"Hamilton, Tony"	"Wainwright, J S"	"1m "	"4"	"17"
"15:20:00"	"2012-06-22"	"Redcar"	"Free Art"	"5.00"	"7.2"	"Handicap"	"6"	"11"	"Fentiman, Duran"	"Harker, G A"	"1m2f "	"4"	"9"
"18:10:00"	"2012-06-21"	"Ripon"	"Damascus Symphony"	"7.50"	"9.23"	"Handicap"	"6"	"11"	"Walton, Miss C"	"Bethell, J D"	"1m4f "	"4"	"14"
"17:50:00"	"2012-06-21"	"Warwick"	"Bertie Blu Boy"	"20.00"	"30.32"	"Handicap"	"8"	"10"	"Brock, Danny"	"Green, Paul"	"1m "	"4"	"44"
"16:35:00"	"2012-06-21"	"Ripon"	"Silver Tigress"	"5.00"	"6.4"	"Handicap"	"5"	"11"	"Walton, Miss C"	"Moore, G M"	"1m4f "	"4"	"7"
"16:35:00"	"2012-06-21"	"Ripon"	"Coax"	"14.00"	"19.28"	"Handicap"	"11"	"11"	"Brewer, Freya"	"Holmes, P F"	"1m4f "	"4"	"20"
"20:00:00"	"2012-06-19"	"Brighton"	"Lightning Spirit"	"5.00"	"7.51"	"Handicap"	"5"	"11"	"Baker, George"	"Moore, Gary and Josh"	"1m "	"4"	"19"
"18:00:00"	"2012-06-19"	"Brighton"	"Festival Dance"	"2.50"	"3.78"	"Handicap"	"1"	"10"	"Bentley, Harry"	"Hodges, R J"	"5.5f "	"4"	"10"
"20:25:00"	"2012-06-18"	"Warwick"	"Femme Royale"	"25.00"	"34"	"Handicap"	"7"	"8"	"Garbutt, Noel"	"Price, R J"	"1m3f "	"4"	"2"
"20:10:00"	"2012-06-18"	"Windsor"	"Snow Trooper"	"2.50"	"3.63"	"Handicap"	"3"	"11"	"Kelly, Shane"	"Ivory, D K"	"1m.5f "	"4"	"7"
"20:10:00"	"2012-06-18"	"Windsor"	"Great Shot"	"5.50"	"7.69"	"Handicap"	"4"	"11"	"Doyle, James"	"Kirk, S"	"1m.5f "	"4"	"23"
"19:40:00"	"2012-06-18"	"Windsor"	"Cocohatchee"	"2.75"	"3.83"	"Handicap"	"4"	"8"	"OShea, T P"	"Phelan, P M"	"6f "	"4"	"6"
"18:10:00"	"2012-06-18"	"Windsor"	"Broughton Sands"	"7.00"	"8.6"	"Handicap"	"4"	"15"	"Walsh, Lewis"	"Musson, W J"	"1m3.5f "	"4"	"31"
"18:10:00"	"2012-06-18"	"Windsor"	"Steely"	"9.00"	"12.06"	"Handicap"	"9"	"15"	"Twiston-Davies, Mr W"	"Moore, Gary and Josh"	"1m3.5f "	"4"	"17"
"16:45:00"	"2012-06-18"	"Carlisle"	"Watts Up Son"	"8.00"	"11.27"	"Handicap"	"1"	"11"	"Hart, Jason"	"Carroll, D"	"1m1.5f "	"4"	"21"
"16:45:00"	"2012-06-18"	"Carlisle"	"Goodness"	"9.00"	"11.76"	"Handicap"	"3"	"11"	"Tudhope, Daniel"	"OMeara, D"	"1m1.5f "	"4"	"13"
"16:40:00"	"2012-06-17"	"Doncaster"	"Levitate"	"10.00"	"14.15"	"Handicap"	"1"	"11"	"Harley, M"	"McCabe, A J"	"1m "	"4"	"30"
"16:40:00"	"2012-06-17"	"Doncaster"	"Icy Blue"	"6.00"	"7.15"	"Handicap"	"5"	"11"	"Ryan, Amy"	"Whitaker, R M"	"1m "	"4"	"4"
"17:25:00"	"2012-06-16"	"Bath"	"Pandorica"	"10.00"	"14.01"	"Handicap"	"4"	"11"	"Muscutt, D"	"Llewellyn, B J"	"1m3.5f "	"4"	"15"
"17:25:00"	"2012-06-16"	"Bath"	"Pahente"	"6.00"	"8.2"	"Handicap"	"6"	"11"	"Egan, D E"	"Carroll, A W"	"1m3.5f "	"4"	"15"
"15:15:00"	"2012-06-16"	"Bath"	"Ginzan"	"6.00"	"7.18"	"Handicap"	"3"	"13"	"McLaughlin, T G"	"Saunders, M S"	"5.5f "	"4"	"7"
"14:10:00"	"2012-06-16"	"Bath"	"Ryedale Lass"	"3.50"	"5.3"	"Handicap"	"2"	"14"	"Gannon, Catherine"	"Tuite, Joseph"	"1m2f "	"4"	"4"
"17:15:00"	"2012-06-15"	"York"	"Battery Power"	"6.00"	"7.98"	"Handicap"	"2"	"15"	"Fitzpatrick, Rob J"	"Tompkins, M H"	"1m4f "	"4"	"6"
"17:15:00"	"2012-06-15"	"York"	"Tapis Libre"	"33.00"	"60.64"	"Handicap"	"12"	"15"	"Simmonson, D M"	"Easterby, M W"	"1m4f "	"4"	"16"
"16:45:00"	"2012-06-15"	"York"	"Sam Nombulist"	"25.00"	"36"	"Handicap"	"1"	"19"	"Winston, Robert"	"Whitaker, R M"	"7f "	"4"	"22"
"16:45:00"	"2012-06-15"	"York"	"Azrael"	"33.00"	"39.8"	"Handicap"	"18"	"19"	"Mullen, Richard"	"McCabe, A J"	"7f "	"4"	"20"
"16:10:00"	"2012-06-15"	"York"	"Cocktail Charlie"	"16.00"	"23.77"	"Handicap"	"16"	"17"	"Durcan, Ted"	"Easterby, T D"	"5f "	"4"	"9"
"15:05:00"	"2012-06-15"	"York"	"Bridle Belle"	"11.00"	"13.74"	"Handicap"	"2"	"12"	"Hanagan, Paul"	"Fahey, R A"	"1m6f "	"4"	"28"
"13:20:00"	"2012-06-15"	"Musselburgh"	"Saxonette"	"25.00"	"36.24"	"Handicap"	"8"	"9"	"McHugh, B"	"Perratt, Miss L A"	"5f "	"4"	"8"
"21:20:00"	"2012-06-13"	"Hamilton"	"Deep Applause"	"9.00"	"12"	"Handicap"	"6"	"10"	"Topliss, Lee"	"Dods, M"	"1m.5f "	"4"	"14"
"18:50:00"	"2012-06-13"	"Hamilton"	"Barkston Ash"	"5.50"	"4.2"	"Handicap"	"3"	"10"	"Hart, Jason"	"Alston, E J"	"6f "	"4"	"6"
"14:40:00"	"2012-06-13"	"Yarmouth"	"Five Hearts"	"25.00"	"36"	"Handicap"	"1"	"10"	"Catlin, Chris"	"Tompkins, M H"	"1m2f "	"4"	"28"
"14:40:00"	"2012-06-13"	"Yarmouth"	"Thank You Joy"	"10.00"	"13"	"Handicap"	"6"	"10"	"Tylicki, Frederik"	"Jenkins, J R"	"1m2f "	"4"	"33"
"14:40:00"	"2012-06-13"	"Yarmouth"	"Vertibes"	"5.00"	"6.5"	"Handicap"	"8"	"10"	"Sanders, Seb"	"Tregoning, M P"	"1m2f "	"4"	"22"
"17:35:00"	"2012-06-12"	"Salisbury"	"Cocohatchee"	"3.00"	"4.2"	"Handicap"	"1"	"8"	"Payne, Jake"	"Phelan, P M"	"6f "	"4"	"26"
"17:35:00"	"2012-06-12"	"Salisbury"	"Silenzio"	"2.50"	"3.8"	"Handicap"	"3"	"8"	"Twiston-Davies, Mr W"	"Hannon, R"	"6f "	"4"	"3"
"19:00:00"	"2012-06-11"	"Roscommon"	"Opa Loca"	"16.00"	"24"	"Handicap"	"11"	"14"	"Hayes, C D"	"Lynam, Edward"	"1m2f "	"4"	"7"
"21:00:00"	"2012-06-09"	"Windsor"	"Ginzan"	"4.00"	"5.36"	"Handicap"	"1"	"13"	"McLaughlin, T G"	"Saunders, M S"	"5f "	"4"	"18"
"20:15:00"	"2012-06-09"	"Newcastle"	"Cosmic Moon"	"6.00"	"8.24"	"Handicap"	"1"	"8"	"Mathers, Patrick"	"Fahey, R A"	"1m2f "	"4"	"11"
"20:15:00"	"2012-06-09"	"Newcastle"	"Calypso Cay"	"18.00"	"21.75"	"Handicap"	"7"	"8"	"Beschizza,Adam "	"Salmon, P"	"1m2f "	"4"	"20"
"19:30:00"	"2012-06-09"	"Windsor"	"Midnight Feast"	"8.00"	"10.14"	"Handicap"	"8"	"14"	"Queally, T P"	"Houghton, Eve Johnson"	"6f "	"4"	"14"
"18:15:00"	"2012-06-09"	"Newcastle"	"Le Chat Dor"	"5.00"	"6.6"	"Handicap"	"1"	"13"	"Eaves, Tom"	"Dods, M"	"1m "	"4"	"12"
"18:15:00"	"2012-06-09"	"Newcastle"	"Beautiful Day"	"5.00"	"6.99"	"Handicap"	"11"	"13"	"Lee, G"	"Ryan, K A"	"1m "	"4"	"15"
"17:25:00"	"2012-06-09"	"Chester"	"Dazzling Valentine"	"11.00"	"12.79"	"Handicap"	"6"	"11"	"Jones, Liam"	"Bailey, A"	"1m2.5f "	"4"	"8"
"17:25:00"	"2012-06-09"	"Chester"	"Sangar"	"7.00"	"8.4"	"Handicap"	"7"	"11"	"McHugh, B"	"Pears, Ollie"	"1m2.5f "	"4"	"12"
"16:55:00"	"2012-06-09"	"Doncaster"	"Camborne"	"5.00"	"6.6"	"Handicap"	"1"	"11"	"Buick, William"	"Gosden, J H M"	"1m4f "	"4"	"22"
"20:10:00"	"2012-06-08"	"Bath"	"Roodee Queen"	"18.00"	"28.92"	"Handicap"	"7"	"12"	"Gannon, Catherine"	"Bradley, J M"	"5.5f "	"4"	"24"
"21:00:00"	"2012-06-07"	"Sandown"	"Bloodsweatandtears"	"8.00"	"11.64"	"Handicap"	"5"	"9"	"Sanders, Seb"	"Knight, W J"	"1m2f "	"4"	"15"
"16:00:00"	"2012-06-07"	"Hamilton"	"Barkston Ash"	"8.50"	"12"	"Handicap"	"2"	"10"	"Hart, Jason"	"Alston, E J"	"6f "	"4"	"12"
"16:00:00"	"2012-06-07"	"Hamilton"	"Saxonette"	"28.00"	"44"	"Handicap"	"9"	"10"	"McDonald, P J"	"Perratt, Miss L A"	"6f "	"4"	"7"
"15:50:00"	"2012-06-07"	"Lingfield"	"Zaheeb"	"5.00"	"7"	"Handicap"	"7"	"13"	"Queally, T P"	"Morris, D"	"7.5f "	"4"	"13"
"15:30:00"	"2012-06-07"	"Hamilton"	"Indian Giver"	"5.50"	"7.46"	"Handicap"	"4"	"9"	"Pickard, Paul"	"McWilliams, H A"	"1m.5f "	"4"	"8"
"20:10:00"	"2012-06-06"	"Ripon"	"Fast Shot"	"9.00"	"11.45"	"Handicap"	"9"	"13"	"Allan, David"	"Easterby, T D"	"6f "	"4"	"21"
"20:10:00"	"2012-06-06"	"Ripon"	"Alive And Kicking"	"4.50"	"5.77"	"Handicap"	"12"	"13"	"Ryan, Amy"	"Bethell, J D"	"6f "	"4"	"18"
"17:25:00"	"2012-06-05"	"Leicester"	"Mother Jones"	"7.50"	"9.94"	"Handicap"	"6"	"9"	"Doyle, James"	"Evans, P D"	"5f "	"4"	"14"
"17:20:00"	"2012-06-05"	"Redcar"	"Hab Reeh"	"4.50"	"6.8"	"Handicap Maiden"	"1"	"14"	"Brotherton, Miss S"	"Carr, Mrs R A"	"6f "	"4"	"13"
"17:20:00"	"2012-06-05"	"Redcar"	"Merrjanah"	"5.50"	"7.4"	"Handicap Maiden"	"6"	"14"	"French, Mr A"	"Wainwright, J S"	"6f "	"4"	"6"
"17:20:00"	"2012-06-05"	"Redcar"	"Under Par"	"3.50"	"4.8"	"Handicap Maiden"	"8"	"14"	"Coward, Miss J"	"Easterby, M W"	"6f "	"4"	"3"
"15:10:00"	"2012-06-05"	"Redcar"	"Highlife Dancer"	"8.00"	"10"	"Handicap"	"11"	"11"	"Harley, M"	"Channon, M R"	"1m1f "	"4"	"10"
"15:40:00"	"2012-06-04"	"Leicester"	"Shes Rosie"	"12.00"	"17.5"	"Handicap"	"4"	"9"	"Sweeney, Fergus"	"Oshea, J G M"	"7f "	"4"	"19"
"16:25:00"	"2012-06-02"	"Musselburgh"	"Boundaries"	"5.50"	"7.33"	"Handicap"	"6"	"9"	"Gibbons, Graham"	"Easterby, T D"	"5f "	"4"	"7"
"14:55:00"	"2012-06-02"	"Musselburgh"	"Rothesay Chancer"	"16.00"	"27"	"Handicap"	"8"	"16"	"Golam, Saleem"	"Goldie, J S"	"5f "	"4"	"3"
"14:45:00"	"2012-06-02"	"Catterick"	"Pitkin"	"28.00"	"45.03"	"Handicap"	"1"	"12"	"Atkinson, Ross"	"Easterby, M W"	"7f "	"4"	"8"
"14:45:00"	"2012-06-02"	"Catterick"	"Save The Bees"	"2.75"	"4.08"	"Handicap"	"3"	"12"	"OConnell, Michael"	"Carroll, D"	"7f "	"4"	"21"
"14:45:00"	"2012-06-02"	"Catterick"	"Dr Red Eye"	"6.50"	"7.86"	"Handicap"	"4"	"12"	"Fenton, Micky"	"Dixon, Scott"	"7f "	"4"	"18"
"21:00:00"	"2011-06-30"	"Epsom"	"Dahaam"	"12.00"	"18.3"	"Handicap"	"5"	"10"	"Donohoe, Stephen"	"Simcock, D M"	"1m2f "	"4"	"22"
"19:55:00"	"2011-06-30"	"Epsom"	"Chilli Green"	"5.50"	"7"	"Handicap"	"4"	"10"	"Fortune, Jimmy"	"Akehurst, J"	"7f "	"4"	"13"
"19:55:00"	"2011-06-30"	"Epsom"	"Ghostwing"	"16.00"	"19.93"	"Handicap"	"10"	"10"	"Catlin, Chris"	"Gallagher, J"	"7f "	"4"	"17"
"18:20:00"	"2011-06-30"	"Epsom"	"Goodlukin Lucy"	"8.00"	"11"	"Handicap"	"4"	"12"	"Bentley, Harry"	"Eddery, Pat"	"1m4f "	"4"	"9"
"17:00:00"	"2011-06-30"	"Haydock"	"Warlu Way"	"5.00"	"7.29"	"Handicap"	"1"	"9"	"Makin, Phillip"	"Dunlop, J L"	"1m4f "	"4"	"18"
"16:30:00"	"2011-06-30"	"Haydock"	"Reset To Fit"	"100.00"	"738.23"	"Maiden"	"10"	"15"	"Gibbons, Graham"	"Alston, E J"	"1m "	"4"	"21"
"16:10:00"	"2011-06-30"	"Yarmouth"	"Bobbys Doll"	"4.00"	"5.04"	"Handicap"	"2"	"9"	"Beschizza,Adam "	"Clement, T T"	"5f "	"4"	"14"
"16:00:00"	"2011-06-30"	"Haydock"	"Space War"	"8.00"	"9.94"	"Handicap"	"6"	"9"	"Sullivan, James P"	"Easterby, M W"	"1m "	"4"	"26"
"15:40:00"	"2011-06-30"	"Yarmouth"	"Aleqa"	"6.00"	"7.69"	"Handicap"	"4"	"11"	"Baker, George"	"Wall, C F"	"7f "	"4"	"26"
"16:30:00"	"2011-06-29"	"Catterick"	"En Fuego"	"12.00"	"16.72"	"Non-Handicap"	"8"	"8"	"OConnell, Michael"	"Harker, G A"	"7f "	"4"	"35"
"15:30:00"	"2011-06-29"	"Catterick"	"George Benjamin"	"8.00"	"10.28"	"Handicap"	"13"	"13"	"Nicholls, Adrian T"	"Nicholls, D"	"7f "	"4"	"57"
"17:15:00"	"2011-06-28"	"Hamilton"	"Hayek"	"6.00"	"8.2"	"Handicap"	"2"	"12"	"Allan, David"	"Easterby, T D"	"6f "	"4"	"20"
"16:30:00"	"2011-06-28"	"Brighton"	"Excellent Vision"	"33.00"	"45.75"	"Handicap"	"2"	"11"	"Keniry, L P"	"Bradley, J M"	"1m2f "	"4"	"18"
"16:30:00"	"2011-06-28"	"Brighton"	"Tts Dream"	"5.50"	"7.55"	"Handicap"	"7"	"11"	"Havlin, Robert"	"Lidderdale, A J"	"1m2f "	"4"	"17"
"14:30:00"	"2011-06-28"	"Brighton"	"Interakt"	"3.50"	"5.31"	"Handicap"	"1"	"11"	"Bentley, Harry"	"Tuite, Joseph"	"6f "	"4"	"14"
"21:10:00"	"2011-06-27"	"Windsor"	"Prince Of Sorrento"	"2.75"	"4.09"	"Handicap"	"9"	"12"	"Alison, Nathan"	"Akehurst, J"	"1m.5f "	"4"	"14"
"20:40:00"	"2011-06-27"	"Windsor"	"Commerce"	"12.00"	"15.5"	"Handicap"	"8"	"12"	"Moore, Ryan"	"Moore, Gary and Josh"	"1m3.5f "	"4"	"24"
"20:25:00"	"2011-06-27"	"Musselburgh"	"Beneath"	"3.00"	"4.4"	"Handicap"	"3"	"8"	"Makin, Phillip"	"Ryan, K A"	"1m4.5f "	"4"	"10"
"15:25:00"	"2011-06-26"	"Windsor"	"Significant Move"	"1.75"	"2.84"	"Handicap"	"3"	"11"	"Callan, N"	"Kittow, W S"	"1m3.5f "	"4"	"24"
"15:05:00"	"2011-06-26"	"Salisbury"	"Sasheen"	"7.00"	"8.6"	"Handicap"	"1"	"8"	"Holland, Darryll"	"Gask, J R"	"1m2f "	"4"	"18"
"20:50:00"	"2011-06-25"	"Doncaster"	"Eternal Instinct"	"10.00"	"13.02"	"Handicap"	"3"	"12"	"Bartley, Gary"	"Goldie, J S"	"7f "	"4"	"7"
"20:15:00"	"2011-06-25"	"Doncaster"	"Fibs And Flannel"	"5.00"	"7.41"	"Handicap"	"4"	"11"	"Fentiman, Duran"	"Easterby, T D"	"1m "	"4"	"26"
"20:15:00"	"2011-06-25"	"Doncaster"	"White Diamond"	"5.50"	"7.8"	"Handicap"	"10"	"11"	"Eaves, Tom"	"Jefferson, J M"	"1m "	"4"	"29"
"16:45:00"	"2011-06-25"	"Newcastle"	"Grams And Ounces"	"8.00"	"14.5"	"Handicap"	"4"	"12"	"Turner, Hayley"	"Weaver, Miss Amy"	"1m2f "	"4"	"30"
"16:45:00"	"2011-06-25"	"Newcastle"	"Hakuna Matata"	"6.00"	"8.71"	"Handicap"	"6"	"12"	"Swift, Mr Dale"	"Ellison, B"	"1m2f "	"4"	"2"
"16:20:00"	"2011-06-25"	"Chester"	"Tillys Tale"	"16.00"	"20"	"Handicap"	"7"	"11"	"Kennemore, Russell"	"Midgley, P T"	"5f "	"4"	"7"
"16:00:00"	"2011-06-25"	"Windsor"	"Uphold"	"11.00"	"19"	"Handicap"	"7"	"11"	"Gannon, Catherine"	"Kelleway, Miss Gay"	"1m3.5f "	"4"	"13"
"15:30:00"	"2011-06-25"	"Windsor"	"Mon Cadeaux"	"10.00"	"15.87"	"Handicap"	"F"	"16"	"Probert, David"	"Balding, A M"	"6f "	"4"	"14"
"20:25:00"	"2011-06-24"	"Newcastle"	"Feel The Heat"	"12.00"	"15.06"	"Handicap"	"4"	"14"	"Newman, Mr J"	"Smart, B"	"6f "	"4"	"20"
"19:25:00"	"2011-06-24"	"Newcastle"	"Confessional"	"8.00"	"10.5"	"Handicap"	"9"	"12"	"Winston, Robert"	"Easterby, T D"	"5f "	"4"	"20"
"17:40:00"	"2011-06-24"	"Doncaster"	"Kakapuka"	"4.00"	"6.4"	"Handicap"	"4"	"9"	"Spencer, Jamie"	"Murphy, Anabel K"	"7f "	"4"	"20"
"17:40:00"	"2011-06-24"	"Doncaster"	"Kings n Dreams"	"18.00"	"25.56"	"Handicap"	"9"	"9"	"Carson, William"	"Ivory, D K"	"7f "	"4"	"11"
"21:00:00"	"2011-06-23"	"Hamilton"	"Jupiter Fidius"	"4.00"	"6"	"Handicap"	"3"	"10"	"Kelly, S B"	"Walton, Mrs K"	"1m.5f "	"4"	"7"
"20:40:00"	"2011-06-23"	"Leicester"	"Kayaan"	"8.50"	"11.46"	"Handicap"	"1"	"13"	"Kirby, Adam"	"Sly, Mrs P"	"1m4f "	"4"	"25"
"20:30:00"	"2011-06-23"	"Hamilton"	"Sharp Shoes"	"5.50"	"7.4"	"Handicap"	"8"	"8"	"Barry, Laura"	"Duffield, Mrs A"	"5f "	"4"	"41"
"18:40:00"	"2011-06-23"	"Leicester"	"Ishipink"	"33.00"	"35.53"	"Handicap"	"10"	"10"	"Clark, Miss K"	"Hodges, R J"	"5f "	"4"	"13"
"17:40:00"	"2011-06-23"	"Newcastle"	"Sinatramania"	"8.00"	"11"	"Handicap"	"3"	"11"	"Pickard, Paul"	"Waggott, Miss Tracy"	"1m2f "	"4"	"10"
"17:40:00"	"2011-06-23"	"Newcastle"	"Hakuna Matata"	"2.50"	"3.7"	"Handicap"	"5"	"11"	"Kingscote, Richard"	"Ellison, B"	"1m2f "	"4"	"21"
"16:30:00"	"2011-06-23"	"Newcastle"	"Dandarrell"	"22.00"	"32.18"	"Handicap"	"9"	"17"	"Gibbons, Graham"	"Camacho, Miss J A"	"1m2f "	"4"	"10"
"15:20:00"	"2011-06-23"	"Newcastle"	"Bonfire Knight"	"16.00"	"19.75"	"Handicap"	"10"	"13"	"Kelly, S B"	"Quinn, J J"	"1m "	"4"	"12"
"17:30:00"	"2011-06-22"	"Salisbury"	"Cinderella"	"66.00"	"169.47"	"Handicap"	"12"	"12"	"Featherstone, W"	"Featherstone, Lucinda"	"7f "	"4"	"49"
"16:10:00"	"2011-06-22"	"Carlisle"	"Easy Terms"	"4.50"	"5.7"	"Handicap"	"1"	"14"	"Sullivan, James P"	"Tuer, E W"	"1m3.5f "	"4"	"8"
"16:10:00"	"2011-06-22"	"Carlisle"	"Ejteyaaz"	"11.00"	"12.78"	"Handicap"	"8"	"14"	"Hanagan, Paul"	"Fahey, R A"	"1m3.5f "	"4"	"11"
"16:10:00"	"2011-06-22"	"Carlisle"	"Gold Rules"	"25.00"	"40.63"	"Handicap"	"10"	"14"	"Gibbons, Graham"	"Easterby, M W"	"1m3.5f "	"4"	"11"
"15:50:00"	"2011-06-22"	"Salisbury"	"Leviathan"	"2.50"	"3.66"	"Handicap"	"1"	"13"	"Fallon, K"	"Newcombe, A G"	"1m "	"4"	"11"
"15:50:00"	"2011-06-22"	"Salisbury"	"Nazreef"	"6.00"	"8.2"	"Handicap"	"4"	"13"	"Block, Travis"	"Morrison, H"	"1m "	"4"	"27"
"15:35:00"	"2011-06-22"	"Carlisle"	"High Resolution"	"50.00"	"119.13"	"Handicap"	"6"	"16"	"Sullivan, James P"	"Perratt, Miss L A"	"1m "	"4"	"27"
"15:05:00"	"2011-06-22"	"Carlisle"	"Quite Sparky"	"6.50"	"8.2"	"Handicap"	"1"	"16"	"Sousa, Silvestre De"	"OMeara, D"	"1m "	"4"	"11"
"16:30:00"	"2011-06-21"	"Brighton"	"Giulietta Da Vinci"	"16.00"	"24"	"Handicap"	"8"	"13"	"Baker, George"	"Woodman, S"	"1m "	"4"	"10"
"18:45:00"	"2011-06-18"	"Haydock"	"Senate Majority"	"8.00"	"9.05"	"Handicap"	"1"	"13"	"Nolan, D"	"Easterby, T D"	"5f "	"4"	"26"
"18:45:00"	"2011-06-18"	"Haydock"	"Tillys Tale"	"10.00"	"16.23"	"Handicap"	"12"	"13"	"Simmonson, D M"	"Midgley, P T"	"5f "	"4"	"34"
"17:00:00"	"2011-06-18"	"Ascot"	"Jutland"	"40.00"	"51.04"	"Handicap"	"14"	"16"	"Fanning, Joe"	"Johnston, M"	"1m4f "	"4"	"7"
"16:25:00"	"2011-06-18"	"Ascot"	"Colonel Mak"	"33.00"	"60.33"	"Handicap"	"10"	"25"	"Newman, L"	"Barron, T D"	"6f "	"4"	"14"
"16:25:00"	"2011-06-18"	"Ascot"	"Swiss Cross"	"20.00"	"29.14"	"Handicap"	"18"	"25"	"Callan, N"	"Butler, G A"	"6f "	"4"	"14"
"17:35:00"	"2011-06-17"	"Ascot"	"Our Jonathan"	"5.00"	"7.39"	"Handicap"	"8"	"25"	"Norton, Francis"	"Ryan, K A"	"7f "	"4"	"6"
"17:20:00"	"2011-06-17"	"Musselburgh"	"Zennor"	"3.50"	"5"	"Handicap"	"2"	"12"	"Murphy, Miss A L"	"Dascombe, Tom"	"1m4.5f "	"4"	"9"
"17:20:00"	"2011-06-17"	"Musselburgh"	"Beneath"	"7.50"	"11.99"	"Handicap"	"4"	"12"	"Sutcliffe, Miss L"	"Ryan, K A"	"1m4.5f "	"4"	"14"
"17:10:00"	"2011-06-17"	"Redcar"	"Broctune Papa Gio"	"20.00"	"27.55"	"Handicap"	"1"	"9"	"Cannon, Declan"	"Reveley, K G"	"1m "	"4"	"17"
"17:10:00"	"2011-06-17"	"Redcar"	"Colamandis"	"33.00"	"90.66"	"Handicap"	"6"	"9"	"Sullivan, James P"	"McWilliams, H A"	"1m "	"4"	"18"
"17:45:00"	"2011-06-16"	"Ripon"	"Jupiter Fidius"	"9.00"	"11.5"	"Handicap"	"2"	"13"	"Kelly, S B"	"Walton, Mrs K"	"1m "	"4"	"19"
"17:45:00"	"2011-06-16"	"Ripon"	"Newbury Street"	"12.00"	"13.61"	"Handicap"	"8"	"13"	"Elliott, Andrew"	"Holmes, P F"	"1m "	"4"	"16"
"17:45:00"	"2011-06-16"	"Ripon"	"Apache Warrior"	"12.00"	"17.55"	"Handicap"	"11"	"13"	"Eaves, Tom"	"Moore, G M"	"1m "	"4"	"23"
"16:35:00"	"2011-06-16"	"Ripon"	"Tasman Tiger"	"11.00"	"15.54"	"Handicap"	"5"	"13"	"Brotherton, Miss S"	"Walton, Mrs K"	"1m4f "	"4"	"13"
"13:50:00"	"2011-06-16"	"Warwick"	"Lean Machine"	"22.00"	"34"	"Claimer"	"5"	"8"	"Carson, William"	"Harris, R A"	"1m "	"4"	"17"
"21:20:00"	"2011-06-15"	"Ripon"	"Hail Tiberius"	"11.00"	"15.5"	"Handicap"	"4"	"8"	"Fentiman, Duran"	"Walford, T D"	"1m4f "	"4"	"27"
"16:25:00"	"2011-06-15"	"Ascot"	"Pintura"	"20.00"	"28.95"	"Handicap"	"12"	"28"	"Spencer, Jamie"	"Simcock, D M"	"1m "	"4"	"34"
"16:25:00"	"2011-06-15"	"Ascot"	"Brick Red"	"22.00"	"33.6"	"Handicap"	"25"	"28"	"Buick, William"	"Balding, A M"	"1m "	"4"	"20"
"20:10:00"	"2011-06-13"	"Warwick"	"Ghostwing"	"14.00"	"22"	"Handicap"	"11"	"11"	"Catlin, Chris"	"Gallagher, J"	"7f "	"4"	"27"
"17:15:00"	"2011-06-13"	"Carlisle"	"Schoolboy Champ"	"6.50"	"9.17"	"Handicap"	"3"	"11"	"Hanagan, Paul"	"Morris, Patrick"	"6f "	"4"	"14"
"16:15:00"	"2011-06-13"	"Carlisle"	"Judicious"	"1.10"	"2.36"	"Handicap"	"3"	"9"	"Sousa, Silvestre De"	"Harker, G A"	"1m1.5f "	"4"	"5"
"16:15:00"	"2011-06-13"	"Carlisle"	"Idealism"	"20.00"	"24"	"Handicap"	"8"	"9"	"Tylicki, Frederik"	"Hammond, Micky"	"1m1.5f "	"4"	"20"
"16:00:00"	"2011-06-12"	"Doncaster"	"Signor Verdi"	"5.00"	"6.82"	"Handicap"	"6"	"9"	"Kelly, Shane"	"Meehan, B J"	"1m "	"4"	"10"
"15:25:00"	"2011-06-12"	"Doncaster"	"Mon Brav"	"9.00"	"10.22"	"Handicap"	"2"	"16"	"Levey, S M"	"Ellison, B"	"6f "	"4"	"22"
"15:25:00"	"2011-06-12"	"Doncaster"	"Lutine Bell"	"11.00"	"12.66"	"Handicap"	"6"	"16"	"Lane, Martin"	"Murphy, Mike"	"6f "	"4"	"22"
"15:25:00"	"2011-06-12"	"Doncaster"	"Corporal Maddox"	"33.00"	"37.51"	"Handicap"	"15"	"16"	"Queally, T P"	"Osborne, J A"	"6f "	"4"	"22"
"14:45:00"	"2011-06-12"	"Roscommon"	"Pedantic"	"4.50"	"6.31"	"Handicap"	"5"	"14"	"Carroll, G F"	"Cullen, D W"	"1m2f "	"4"	"14"
"14:15:00"	"2011-06-12"	"Doncaster"	"Sancho Panza"	"4.50"	"6.7"	"Handicap"	"3"	"15"	"Beschizza,Adam "	"Feilden, Miss J"	"1m6.5f "	"4"	"22"
"14:15:00"	"2011-06-12"	"Doncaster"	"Aegean Destiny"	"9.00"	"11"	"Handicap"	"9"	"15"	"Burke, Julie"	"Mackie, J"	"1m6.5f "	"4"	"29"
"14:00:00"	"2011-06-12"	"Salisbury"	"Uphold"	"11.00"	"14.4"	"Handicap"	"1"	"9"	"Callan, N"	"Kelleway, Miss Gay"	"1m4f "	"4"	"20"
"14:00:00"	"2011-06-12"	"Salisbury"	"Warlu Way"	"3.00"	"4.2"	"Handicap"	"2"	"9"	"Durcan, Ted"	"Dunlop, J L"	"1m4f "	"4"	"24"
"19:10:00"	"2011-06-11"	"Lingfield"	"Rightcar"	"50.00"	"110"	"Handicap"	"13"	"16"	"Fitzpatrick, Robbie"	"Grayson, Peter"	"7f "	"4"	"26"
"18:40:00"	"2011-06-11"	"Lingfield"	"Miss Polly Plum"	"14.00"	"20.09"	"Handicap"	"1"	"17"	"Atzeni, Andrea"	"Dwyer, C A"	"6f "	"4"	"7"
"17:40:00"	"2011-06-11"	"Chester"	"Straversjoy"	"16.00"	"20.92"	"Handicap"	"2"	"12"	"Pickard, Paul"	"Hollinshead, R"	"1m2.5f "	"4"	"13"
"17:15:00"	"2011-06-11"	"Sandown"	"Red Courtier"	"12.00"	"17"	"Handicap"	"4"	"14"	"Crowley, Jim"	"Cole, P F I"	"1m6f "	"4"	"8"
"17:10:00"	"2011-06-11"	"Bath"	"Zagarock"	"2.00"	"3.25"	"Handicap"	"9"	"9"	"Chalmers, Neil"	"Palling, B"	"1m3.5f "	"4"	"22"
"16:00:00"	"2011-06-11"	"Bath"	"Secret Queen"	"14.00"	"14.5"	"Handicap"	"8"	"10"	"Fox, Kieren"	"Hill, M"	"5.5f "	"4"	"30"
"15:55:00"	"2011-06-11"	"Chester"	"Jutland"	"8.00"	"9.98"	"Handicap"	"1"	"12"	"Fanning, Joe"	"Johnston, M"	"1m2.5f "	"4"	"12"
"15:55:00"	"2011-06-11"	"Chester"	"Bonfire Knight"	"14.00"	"20"	"Handicap"	"11"	"12"	"Hamilton, Tony"	"Quinn, J J"	"1m2.5f "	"4"	"14"
"14:55:00"	"2011-06-11"	"Sandown"	"Our Jonathan"	"4.00"	"5.36"	"Handicap"	"2"	"13"	"Buick, William"	"Ryan, K A"	"7f "	"4"	"21"
"14:40:00"	"2011-06-11"	"York"	"Leviathan"	"6.00"	"7.6"	"Handicap"	"5"	"15"	"Sweeney, Fergus"	"Newcombe, A G"	"1m1f "	"4"	"16"
"14:40:00"	"2011-06-11"	"York"	"Tartan Trip"	"6.00"	"7.8"	"Handicap"	"14"	"15"	"Fortune, Jimmy"	"Balding, A M"	"1m1f "	"4"	"23"
"14:10:00"	"2011-06-11"	"York"	"Gold Rules"	"14.00"	"17.85"	"Handicap"	"10"	"16"	"Mason, Joanna"	"Easterby, M W"	"1m4f "	"4"	"7"
"17:30:00"	"2011-06-10"	"York"	"Boston Blue"	"10.00"	"12"	"Handicap"	"9"	"16"	"Swift, Mr Dale"	"Etherington, T J"	"1m4f "	"4"	"13"
"16:35:00"	"2011-06-10"	"Sandown"	"Avon River"	"16.00"	"23.88"	"Handicap"	"13"	"15"	"Hughes, Richard"	"Hannon, R"	"1m2f "	"4"	"20"
"14:40:00"	"2011-06-10"	"York"	"Barren Brook"	"5.50"	"6.5"	"Handicap"	"1"	"18"	"Mulrennan, Paul"	"Easterby, M W"	"1m1f "	"4"	"27"
"14:40:00"	"2011-06-10"	"York"	"Mountrath (OLD)"	"9.00"	"11.65"	"Handicap"	"18"	"18"	"Fallon, K"	"Moore, Gary and Josh"	"1m1f "	"4"	"11"
"18:20:00"	"2011-06-09"	"Haydock"	"Donna Elvira"	"5.00"	"7.26"	"Handicap"	"4"	"10"	"Burke, Julie"	"Tuer, E W"	"1m4f "	"4"	"26"
"18:20:00"	"2011-06-09"	"Haydock"	"Alubari"	"8.00"	"11"	"Handicap"	"8"	"10"	"Atkinson, Toby"	"Simcock, D M"	"1m4f "	"4"	"23"
"21:00:00"	"2011-06-08"	"Hamilton"	"Machir Bay"	"11.00"	"14"	"Handicap"	"3"	"12"	"Mulrennan, Paul"	"Dalgleish, Keith"	"1m.5f "	"4"	"5"
"19:30:00"	"2011-06-08"	"Hamilton"	"Karaka Jack"	"5.50"	"7.46"	"Handicap"	"3"	"10"	"OConnell, Michael"	"Nicholls, D"	"6f "	"4"	"18"
"17:10:00"	"2011-06-08"	"Yarmouth"	"Avec Moi"	"50.00"	"99.99"	"Handicap"	"8"	"14"	"Gannon, Catherine"	"Dunnett, Mrs C A"	"7f "	"4"	"19"
"16:50:00"	"2011-06-08"	"Haydock"	"Dazakhee"	"6.00"	"8.17"	"Handicap"	"7"	"9"	"Culhane, Tony"	"Midgley, P T"	"1m "	"4"	"12"
"16:40:00"	"2011-06-08"	"Yarmouth"	"Graceful Spirit"	"4.00"	"5.3"	"Handicap Maiden"	"4"	"10"	"Morris, Luke"	"Donovan, D"	"1m "	"4"	"9"
"16:20:00"	"2011-06-08"	"Haydock"	"Greyfriarschorista"	"16.00"	"20"	"Handicap"	"7"	"10"	"Fanning, Joe"	"Johnston, M"	"1m "	"4"	"24"
"17:30:00"	"2011-06-07"	"Salisbury"	"Rio Prince"	"100.00"	"304.36"	"Handicap"	"8"	"11"	"Bentley, Harry"	"Bridger, J / Cook, R"	"1m4f "	"4"	"8"
"19:15:00"	"2011-06-04"	"Lingfield"	"Dreamacha"	"3.50"	"4.62"	"Handicap"	"1"	"10"	"Atkinson, Toby"	"Williams, S C"	"5f "	"4"	"5"
"19:15:00"	"2011-06-04"	"Lingfield"	"Miss Polly Plum"	"8.00"	"10.5"	"Handicap"	"2"	"10"	"Atzeni, Andrea"	"Dwyer, C A"	"5f "	"4"	"16"
"19:15:00"	"2011-06-04"	"Lingfield"	"Wanchai Whisper"	"10.00"	"14.07"	"Handicap"	"6"	"10"	"Carson, William"	"Wigham, M"	"5f "	"4"	"26"
"17:25:00"	"2011-06-04"	"Epsom"	"Swiss Cross"	"4.50"	"6.6"	"Handicap"	"1"	"15"	"Callan, N"	"Butler, G A"	"6f "	"4"	"18"
"15:55:00"	"2011-06-04"	"Doncaster"	"War Poet"	"2.25"	"3.29"	"Handicap"	"2"	"10"	"Tudhope, Daniel"	"OMeara, D"	"1m4f "	"4"	"12"
"15:15:00"	"2011-06-04"	"Epsom"	"Confessional"	"10.00"	"12.88"	"Handicap"	"2"	"16"	"Mulrennan, Paul"	"Easterby, T D"	"5f "	"4"	"14"
"14:50:00"	"2011-06-04"	"Doncaster"	"Space War"	"20.00"	"28"	"Handicap"	"5"	"20"	"Nolan, D"	"Easterby, M W"	"7f "	"4"	"20"
"19:10:00"	"2011-06-03"	"Doncaster"	"Dazeen"	"8.00"	"10"	"Handicap"	"2"	"14"	"Culhane, Tony"	"Midgley, P T"	"1m "	"4"	"13"
"17:00:00"	"2011-06-03"	"Musselburgh"	"Maid Of Meft"	"4.50"	"6"	"Handicap"	"4"	"10"	"Tylicki, Frederik"	"Perratt, Miss L A"	"1m5f "	"4"	"8"
"16:45:00"	"2011-06-03"	"Catterick"	"Boy The Bell"	"2.75"	"3.95"	"Handicap"	"5"	"10"	"Swift, Mr Dale"	"Ellison, B"	"6f "	"4"	"7"
"15:25:00"	"2011-06-03"	"Epsom"	"Sand Skier"	"25.00"	"27.27"	"Handicap"	"9"	"11"	"Sousa, Silvestre De"	"Johnston, M"	"1m2f "	"4"	"23"
"14:10:00"	"2011-06-03"	"Epsom"	"Merchant Of Medici"	"25.00"	"40"	"Handicap"	"10"	"18"	"Catlin, Chris"	"Muir, W R"	"1m.5f "	"4"	"13"
"14:10:00"	"2011-06-03"	"Epsom"	"Totally Ours"	"50.00"	"67.27"	"Handicap"	"13"	"18"	"Crowley, Jim"	"Muir, W R"	"1m.5f "	"4"	"22"
"14:40:00"	"2011-06-02"	"Hamilton"	"Carries Magic"	"1.50"	"2.54"	"Claimer"	"1"	"8"	"Newman, L"	"Barron, T D"	"6f "	"4"	"20"
"16:00:00"	"2010-06-30"	"Catterick"	"Drop The Hammer"	"4.50"	"6.24"	"Handicap"	"2"	"9"	"Sousa, Silvestre De"	"OMeara, D"	"1m4f "	"4"	"34"
"16:00:00"	"2010-06-30"	"Catterick"	"Avitus"	"6.50"	"8.8"	"Handicap"	"3"	"9"	"Makin, Phillip"	"Hammond, Micky"	"1m4f "	"4"	"12"
"15:30:00"	"2010-06-30"	"Catterick"	"Arjemis"	"8.00"	"9.11"	"Handicap"	"4"	"8"	"Brennan, I J"	"Wilson, C R"	"6f "	"4"	"14"
"17:15:00"	"2010-06-29"	"Hamilton"	"Tongalooma"	"8.50"	"12.01"	"Handicap"	"10"	"10"	"Vickers, Lee"	"Moffatt, James"	"6f "	"4"	"29"
"16:30:00"	"2010-06-29"	"Brighton"	"Avonlini"	"18.00"	"27"	"Handicap"	"3"	"11"	"Mitchell, Jack"	"Baugh, B P J"	"6f "	"4"	"15"
"15:45:00"	"2010-06-29"	"Hamilton"	"Rosbertini"	"66.00"	"81.91"	"Handicap"	"3"	"9"	"Eaves, Tom"	"Perratt, Miss L A"	"1m1f "	"4"	"11"
"15:30:00"	"2010-06-29"	"Brighton"	"Lady Lam"	"3.50"	"5.27"	"Handicap"	"2"	"10"	"Baker, George"	"Kirk, S"	"1m "	"4"	"33"
"21:10:00"	"2010-06-28"	"Windsor"	"Kyleene"	"20.00"	"28.51"	"Handicap"	"7"	"10"	"Havlin, Robert"	"Usher, M D I"	"1m.5f "	"4"	"19"
"19:10:00"	"2010-06-28"	"Windsor"	"Frank Street"	"8.00"	"10.96"	"Seller"	"4"	"11"	"Keniry, L P"	"Houghton, Eve Johnson"	"6f "	"4"	"26"
"19:10:00"	"2010-06-28"	"Windsor"	"Equinity"	"16.00"	"22.53"	"Seller"	"8"	"11"	"ONeill, Dane"	"Pearce, J"	"6f "	"4"	"40"
"14:45:00"	"2010-06-27"	"Curragh"	"Maggie The Cat"	"14.00"	"21.96"	"Handicap"	"13"	"20"	"ONeill, K T"	"Murphy, Joseph G"	"1m "	"4"	"1"
"19:45:00"	"2010-06-26"	"Doncaster"	"Rowayton"	"8.50"	"11.61"	"Handicap"	"6"	"10"	"Gibbons, Graham"	"Bethell, J D"	"6f "	"4"	"15"
"19:10:00"	"2010-06-26"	"Doncaster"	"Crianza"	"14.00"	"16.75"	"Handicap"	"10"	"11"	"Fanning, Joe"	"Tinkler, N"	"7f "	"4"	"7"
"17:25:00"	"2010-06-26"	"Chester"	"Embsay Crag"	"4.50"	"5.85"	"Handicap"	"7"	"8"	"Mulrennan, Paul"	"Walton, Mrs K"	"1m3.5f "	"4"	"29"
"16:35:00"	"2010-06-26"	"Windsor"	"George Thisby"	"5.00"	"6.8"	"Handicap"	"6"	"8"	"Millman, James"	"Millman, B R"	"6f "	"4"	"24"
"14:30:00"	"2010-06-26"	"Newcastle"	"Jonny Mudball"	"2.50"	"3.57"	"Handicap"	"1"	"13"	"Sanders, Seb"	"Dascombe, Tom"	"6f "	"4"	"13"
"20:20:00"	"2010-06-25"	"Chester"	"Block Party"	"4.50"	"4.98"	"Handicap"	"11"	"13"	"Buick, William"	"Simcock, D M"	"7f "	"4"	"16"
"16:35:00"	"2010-06-25"	"Doncaster"	"Legal Legacy"	"7.00"	"8.84"	"Handicap"	"6"	"11"	"Makin, Phillip"	"Dods, M"	"7f "	"4"	"29"
"21:30:00"	"2010-06-24"	"Hamilton"	"Final Salute"	"5.00"	"6.6"	"Handicap"	"4"	"11"	"Eaves, Tom"	"Smart, B"	"6f "	"4"	"15"
"20:50:00"	"2010-06-24"	"Tipperary"	"Riverbank"	"33.00"	"105.55"	"Handicap"	"12"	"13"	"Murphy, Mr L C"	"Cashman, P F"	"1m6f "	"4"	"19"
"19:40:00"	"2010-06-24"	"Leicester"	"Quadrifolio"	"6.50"	"7.6"	"Handicap"	"6"	"10"	"Mackay, Nicky"	"Green, Paul"	"1m4f "	"4"	"14"
"19:40:00"	"2010-06-24"	"Leicester"	"Annie Moyles"	"66.00"	"96.81"	"Handicap"	"10"	"10"	"Norton, Francis"	"Kellett, C N"	"1m4f "	"4"	"24"
"19:00:00"	"2010-06-24"	"Hamilton"	"Dulce Domum"	"7.00"	"9.98"	"Handicap"	"6"	"9"	"Jones, Miss E J"	"Haynes, A B"	"1m5f "	"4"	"24"
"18:40:00"	"2010-06-24"	"Leicester"	"Short Cut"	"3.33"	"4.97"	"Handicap"	"7"	"10"	"Brotherton, Miss S"	"Williams, Ian"	"5f "	"4"	"20"
"17:05:00"	"2010-06-24"	"Newcastle"	"Big Whitfield"	"28.00"	"40.01"	"Handicap"	"9"	"13"	"Makin, Phillip"	"Dods, M"	"1m2f "	"4"	"19"
"14:55:00"	"2010-06-24"	"Warwick"	"Miss Hollybell"	"25.00"	"34.08"	"Handicap"	"6"	"11"	"OShea, T P"	"Gallagher, J"	"6f "	"4"	"49"
"21:10:00"	"2010-06-23"	"Bath"	"Spinning Waters"	"5.00"	"7.66"	"Handicap"	"3"	"9"	"Morris, Luke"	"Houghton, Eve Johnson"	"1m2f "	"4"	"11"
"19:00:00"	"2010-06-23"	"Naas"	"Ah Joe"	"20.00"	"32.88"	"Handicap"	"9"	"16"	"Byrne, D C"	"Rogers, H"	"6f "	"4"	"25"
"18:40:00"	"2010-06-23"	"Bath"	"Jewelled"	"4.00"	"5.1"	"Handicap"	"1"	"8"	"Baker, George"	"Hills, J W"	"1m "	"4"	"11"
"18:40:00"	"2010-06-23"	"Bath"	"Darcey"	"5.00"	"6.05"	"Handicap"	"7"	"8"	"Beschizza,Adam "	"Weaver, Miss Amy"	"1m "	"4"	"8"
"18:05:00"	"2010-06-23"	"Bath"	"Desert Strike"	"14.00"	"21.06"	"Claimer"	"5"	"9"	"Hitchcott, Sam"	"Cole, P F I"	"5f "	"4"	"35"
"17:30:00"	"2010-06-23"	"Salisbury"	"Lady Vivien"	"16.00"	"20.52"	"Handicap"	"10"	"12"	"Carroll, Mr G"	"Brown, D H"	"7f "	"4"	"8"
"17:15:00"	"2010-06-23"	"Carlisle"	"Piste"	"3.00"	"4.5"	"Handicap"	"10"	"11"	"Eaves, Tom"	"Jackson, Miss T"	"6f "	"4"	"9"
"16:40:00"	"2010-06-23"	"Carlisle"	"Noodles Blue Boy"	"4.00"	"5.54"	"Handicap"	"2"	"9"	"Hamilton, Tony"	"Pears, Ollie"	"5f "	"4"	"20"
"16:40:00"	"2010-06-23"	"Carlisle"	"Angelo Poliziano"	"10.00"	"13.4"	"Handicap"	"4"	"9"	"McHugh, B"	"Duffield, Mrs A"	"5f "	"4"	"6"
"15:35:00"	"2010-06-23"	"Carlisle"	"Brushing"	"4.50"	"5.71"	"Handicap"	"1"	"16"	"Fallon, K"	"Tompkins, M H"	"1m3.5f "	"4"	"23"
"15:35:00"	"2010-06-23"	"Carlisle"	"Mannlichen"	"12.00"	"19.14"	"Handicap"	"16"	"16"	"Fanning, Joe"	"Johnston, M"	"1m3.5f "	"4"	"27"
"15:15:00"	"2010-06-23"	"Salisbury"	"Swift Chap"	"5.50"	"6.6"	"Handicap"	"9"	"10"	"Munro, Alan"	"Millman, B R"	"1m "	"4"	"19"
"16:30:00"	"2010-06-22"	"Brighton"	"Bold Ring"	"14.00"	"18.8"	"Handicap"	"12"	"15"	"Creighton, Edward"	"Creighton, E J"	"6f "	"4"	"29"
"15:00:00"	"2010-06-22"	"Brighton"	"Hi Shinko"	"4.00"	"5.4"	"Handicap"	"6"	"8"	"Crowley, Jim"	"Millman, B R"	"7f "	"4"	"16"
"18:40:00"	"2010-06-21"	"Windsor"	"Beauchamp Xiara"	"20.00"	"24.73"	"Handicap"	"2"	"13"	"Sweeney, Fergus"	"Candy, H"	"1m2f "	"4"	"9"
"17:45:00"	"2010-06-21"	"Lingfield"	"Bedarra Boy"	"2.75"	"4.34"	"Handicap"	"7"	"8"	"Mackay, Nicky"	"Arbuthnot, D W P"	"1m6f "	"4"	"14"
"16:45:00"	"2010-06-21"	"Lingfield"	"Kings Masque"	"7.00"	"9.32"	"Handicap"	"2"	"8"	"Probert, David"	"Llewellyn, B J"	"1m2f "	"4"	"10"
"19:35:00"	"2010-06-19"	"Haydock"	"Rainy Night"	"4.50"	"7.27"	"Handicap"	"2"	"10"	"Atkinson, Toby"	"Hollinshead, R"	"6f "	"4"	"12"
"19:35:00"	"2010-06-19"	"Haydock"	"Time Medicean"	"14.00"	"18.92"	"Handicap"	"6"	"10"	"Culhane, Tony"	"Midgley, P T"	"6f "	"4"	"9"
"17:00:00"	"2010-06-19"	"Ascot"	"Sandor"	"25.00"	"42.94"	"Handicap"	"7"	"17"	"Callan, N"	"Makin, P J"	"1m4f "	"4"	"24"
"16:25:00"	"2010-06-19"	"Ascot"	"Medicean Man"	"12.00"	"16.43"	"Handicap"	"14"	"27"	"Quinn, Jimmy"	"Gask, J R"	"6f "	"4"	"42"
"17:35:00"	"2010-06-18"	"Ascot"	"Run For The Hills"	"14.00"	"21"	"Handicap"	"20"	"26"	"Buick, William"	"Gosden, J H M"	"7f "	"4"	"13"
"15:20:00"	"2010-06-18"	"Redcar"	"Avitus"	"2.25"	"3.6"	"Handicap"	"2"	"8"	"Winston, Robert"	"Hammond, Micky"	"1m2f "	"4"	"17"
"15:20:00"	"2010-06-18"	"Redcar"	"Kyle of Bute"	"2.50"	"3.74"	"Handicap"	"3"	"8"	"Culhane, Tony"	"Baugh, B P J"	"1m2f "	"4"	"18"
"15:20:00"	"2010-06-18"	"Redcar"	"Maybeme"	"8.00"	"9.45"	"Handicap"	"6"	"8"	"Vickers, Lee"	"Bycroft, N"	"1m2f "	"4"	"13"
"20:10:00"	"2010-06-17"	"Leicester"	"Cape Melody"	"3.00"	"4.14"	"Handicap"	"2"	"11"	"Block, Travis"	"Morrison, H"	"6f "	"4"	"5"
"16:35:00"	"2010-06-17"	"Ripon"	"Dispol Diva"	"8.00"	"11.21"	"Handicap"	"10"	"15"	"Gibson, Miss W"	"Midgley, P T"	"1m4f "	"4"	"15"
"15:35:00"	"2010-06-17"	"Warwick"	"Lucys Perfect"	"16.00"	"21.41"	"Handicap"	"10"	"15"	"Catlin, Chris"	"Millman, B R"	"1m3f "	"4"	"7"
"14:45:00"	"2010-06-17"	"Ripon"	"Angelo Poliziano"	"28.00"	"36.92"	"Handicap"	"7"	"12"	"Craine, S J"	"Duffield, Mrs A"	"5f "	"4"	"13"
"18:50:00"	"2010-06-16"	"Ripon"	"Suzie Quw"	"4.50"	"6.86"	"Seller"	"1"	"11"	"Farley, Neil"	"Weymes, J R"	"6f "	"4"	"6"
"17:50:00"	"2010-06-16"	"Hamilton"	"Without Equal"	"9.00"	"15"	"Handicap"	"3"	"9"	"Eaton, Sonia"	"Dickman, A"	"1m4f "	"4"	"10"
"16:25:00"	"2010-06-16"	"Ascot"	"Please Sing"	"20.00"	"29.04"	"Handicap"	"20"	"29"	"Munro, Alan"	"Channon, M R"	"1m "	"4"	"11"
"21:05:00"	"2010-06-14"	"Windsor"	"Choral Festival"	"10.00"	"13.5"	"Handicap"	"3"	"10"	"Clark, Ryan"	"Bridger, J / Cook, R"	"1m3.5f "	"4"	"12"
"20:25:00"	"2010-06-14"	"Warwick"	"Carter"	"3.50"	"4.7"	"Handicap"	"3"	"11"	"Mulrennan, Paul"	"Brisbourne, W M"	"1m3f "	"4"	"14"
"19:40:00"	"2010-06-14"	"Windsor"	"Lujeanie"	"40.00"	"74.34"	"Handicap"	"2"	"15"	"Sweeney, Fergus"	"Ivory, D K"	"6f "	"4"	"49"
"19:10:00"	"2010-06-14"	"Windsor"	"Calahonda"	"6.00"	"7.6"	"Handicap"	"2"	"10"	"Fox, Kieren"	"DArcy, P W"	"1m.5f "	"4"	"18"
"18:50:00"	"2010-06-14"	"Roscommon"	"Secret Hero"	"28.00"	"88.94"	"Handicap"	"14"	"15"	"Mullins, D E"	"Smyth, Lee"	"7f "	"4"	"18"
"18:25:00"	"2010-06-14"	"Warwick"	"What A Day"	"6.00"	"7.91"	"Handicap"	"4"	"12"	"Walker, Mr S"	"Quinn, J J"	"1m4.5f "	"4"	"12"
"17:45:00"	"2010-06-14"	"Carlisle"	"Piste"	"2.25"	"3.7"	"Handicap"	"2"	"9"	"Hanagan, Paul"	"Jackson, Miss T"	"6f "	"4"	"4"
"17:15:00"	"2010-06-14"	"Carlisle"	"Wotatomboy"	"5.50"	"7.57"	"Handicap"	"5"	"8"	"Stainton, Michael J"	"Whitaker, R M"	"6f "	"4"	"8"
"17:15:00"	"2010-06-14"	"Carlisle"	"Avonlini"	"20.00"	"25.5"	"Handicap"	"7"	"8"	"Sanders, Seb"	"Baugh, B P J"	"6f "	"4"	"16"
"16:45:00"	"2010-06-14"	"Carlisle"	"Star Addition"	"40.00"	"72.76"	"Handicap"	"5"	"11"	"Fentiman, Duran"	"Alston, E J"	"1m1.5f "	"4"	"11"
"16:45:00"	"2010-06-14"	"Carlisle"	"Im Frank"	"12.00"	"18.89"	"Handicap"	"10"	"11"	"McDonald, P J"	"Swinbank, G A"	"1m1.5f "	"4"	"21"
"16:45:00"	"2010-06-13"	"Salisbury"	"Perfect Friend"	"7.00"	"13.41"	"Handicap"	"5"	"9"	"Fortune, Jimmy"	"Kirk, S"	"7f "	"4"	"13"
"16:30:00"	"2010-06-13"	"Roscommon"	"Playdate"	"7.50"	"9.18"	"Handicap"	"2"	"15"	"James, S H"	"McGlinchey, R"	"1m4f "	"4"	"37"
"15:30:00"	"2010-06-13"	"Doncaster"	"Jonny Mudball"	"6.50"	"9.18"	"Handicap"	"2"	"18"	"Kingscote, Richard"	"Dascombe, Tom"	"6f "	"4"	"22"
"15:30:00"	"2010-06-13"	"Doncaster"	"Doctor Parkes"	"16.00"	"19.87"	"Handicap"	"3"	"18"	"Ahern, Eddie"	"Alston, E J"	"6f "	"4"	"18"
"14:55:00"	"2010-06-13"	"Doncaster"	"Thunderball"	"12.00"	"18.58"	"Handicap"	"9"	"13"	"Catlin, Chris"	"Glover, J A"	"1m "	"4"	"9"
"14:30:00"	"2010-06-13"	"Salisbury"	"Macdillon"	"12.00"	"18.6"	"Handicap"	"5"	"8"	"Mongan, Ian"	"Kittow, W S"	"5f "	"4"	"10"
"19:00:00"	"2010-06-12"	"Leicester"	"Waahej"	"8.50"	"11.75"	"Handicap"	"7"	"13"	"Pike, Laura"	"Hiatt, P W"	"1m2f "	"4"	"16"
"18:50:00"	"2010-06-12"	"Lingfield"	"Prime Circle"	"10.00"	"14"	"Handicap"	"1"	"15"	"Drowne, Steve"	"Brown, A D"	"7f "	"4"	"25"
"18:50:00"	"2010-06-12"	"Lingfield"	"Eye For The Girls"	"9.00"	"10.51"	"Handicap"	"7"	"15"	"Gannon, Catherine"	"Channon, M R"	"7f "	"4"	"3"
"18:20:00"	"2010-06-12"	"Lingfield"	"Bobs Dreamflight"	"10.00"	"13.42"	"Handicap"	"2"	"15"	"Coumbe, Mark"	"Ivory, D K"	"6f "	"4"	"35"
"18:20:00"	"2010-06-12"	"Lingfield"	"Sirjosh"	"4.50"	"5.83"	"Handicap"	"5"	"15"	"Cannon, Declan"	"Donovan, D"	"6f "	"4"	"6"
"17:35:00"	"2010-06-12"	"Bath"	"Perfect Class"	"7.00"	"13.27"	"Handicap"	"6"	"11"	"Morris, Luke"	"Cox, C G"	"1m "	"4"	"20"
"17:35:00"	"2010-06-12"	"Bath"	"Jewelled"	"6.50"	"10.73"	"Handicap"	"9"	"11"	"Sanders, Seb"	"Hills, J W"	"1m "	"4"	"20"
"17:25:00"	"2010-06-12"	"York"	"Floor Show"	"12.00"	"15.38"	"Handicap"	"7"	"19"	"Metcalfe, Michael"	"Wilson, N"	"6f "	"4"	"14"
"17:25:00"	"2010-06-12"	"York"	"Peter Tchaikovsky"	"40.00"	"71.92"	"Handicap"	"19"	"19"	"Eaves, Tom"	"Rothwell, B S"	"6f "	"4"	"18"
"17:15:00"	"2010-06-12"	"Sandown"	"Abayaan"	"10.00"	"13.26"	"Handicap"	"3"	"11"	"Kelly, Shane"	"Chapple-Hyam, Jane"	"1m6f "	"4"	"14"
"17:05:00"	"2010-06-12"	"Bath"	"Spinning Waters"	"7.00"	"11"	"Handicap"	"3"	"15"	"Morris, Luke"	"Houghton, Eve Johnson"	"1m2f "	"4"	"12"
"17:00:00"	"2010-06-12"	"Leicester"	"Shannon Golden"	"16.00"	"26"	"Handicap"	"2"	"9"	"Hamblett, Ashley"	"Bowring, S R"	"6f "	"4"	"36"
"16:05:00"	"2010-06-12"	"Sandown"	"Brynfa Boy"	"3.50"	"4.9"	"Handicap"	"5"	"11"	"Hughes, Richard"	"DArcy, P W"	"5f "	"4"	"22"
"15:20:00"	"2010-06-12"	"Bath"	"Setters Princess"	"6.00"	"9.14"	"Handicap"	"9"	"10"	"Carson, William"	"Hodges, R J"	"1m3.5f "	"4"	"12"
"14:05:00"	"2010-06-12"	"York"	"Alcalde"	"28.00"	"65"	"Handicap"	"2"	"18"	"Horner, Miss L"	"Johnston, M"	"1m4f "	"4"	"22"
"16:35:00"	"2010-06-11"	"York"	"Rowayton"	"7.00"	"7.88"	"Handicap"	"9"	"14"	"Munro, Alan"	"Bethell, J D"	"5f "	"4"	"20"
"16:25:00"	"2010-06-11"	"Sandown"	"Rowan Tiger"	"12.00"	"16.46"	"Handicap"	"5"	"13"	"Mackay, Nicky"	"Boyle, J R"	"1m2f "	"4"	"28"
"14:50:00"	"2010-06-11"	"York"	"Oriental Cavalier"	"9.00"	"10.5"	"Handicap"	"14"	"19"	"Winston, Robert"	"Hollinshead, R"	"1m1f "	"4"	"22"
"19:50:00"	"2010-06-10"	"Haydock"	"Coleorton Choice"	"8.50"	"13"	"Handicap"	"3"	"12"	"Pickard, Paul"	"Hollinshead, R"	"5f "	"4"	"34"
"19:50:00"	"2010-06-10"	"Haydock"	"Time Medicean"	"20.00"	"26"	"Handicap"	"10"	"12"	"Culhane, Tony"	"Midgley, P T"	"5f "	"4"	"19"
"21:05:00"	"2010-06-09"	"Hamilton"	"Saving Grace (OLD)"	"9.00"	"14.62"	"Handicap"	"2"	"9"	"Fentiman, Duran"	"Alston, E J"	"1m1f "	"4"	"14"
"21:05:00"	"2010-06-09"	"Hamilton"	"Green Agenda"	"16.00"	"24"	"Handicap"	"9"	"9"	"Ffrench, Royston"	"Johnston, M"	"1m1f "	"4"	"13"
"16:10:00"	"2010-06-09"	"Yarmouth"	"Desert Falls"	"25.00"	"41.84"	"Handicap"	"8"	"8"	"Ryan, Amy"	"Whitaker, R M"	"6f "	"4"	"11"
"15:40:00"	"2010-06-09"	"Yarmouth"	"Eye For The Girls"	"16.00"	"17.05"	"Handicap"	"3"	"10"	"Gannon, Catherine"	"Channon, M R"	"7f "	"4"	"27"
"14:40:00"	"2010-06-09"	"Yarmouth"	"Cruise Control"	"6.00"	"7.47"	"Handicap Maiden"	"6"	"15"	"Turner, Hayley"	"Price, R J"	"1m "	"4"	"9"
"20:30:00"	"2010-06-07"	"Windsor"	"Emeebee"	"33.00"	"61.12"	"Handicap"	"12"	"13"	"Winston, Robert"	"Musson, W J"	"1m.5f "	"4"	"19"
"19:30:00"	"2010-06-07"	"Windsor"	"Laudatory"	"4.00"	"5.75"	"Handicap"	"6"	"13"	"Kirby, Adam"	"Swinburn, W R"	"1m2f "	"4"	"11"
"14:30:00"	"2010-06-06"	"Brighton"	"Top Flight Splash"	"14.00"	"23.67"	"Handicap"	"8"	"14"	"Lane, Martin"	"Evans, P D"	"6f "	"4"	"6"
"19:05:00"	"2010-06-05"	"Newcastle"	"Big Whitfield"	"33.00"	"49.67"	"Handicap"	"8"	"12"	"Donaghy, Patrick"	"Dods, M"	"7f "	"4"	"15"
"19:05:00"	"2010-06-05"	"Newcastle"	"Piquante"	"6.00"	"7.35"	"Handicap"	"9"	"12"	"Sousa, Silvestre De"	"Tinkler, N"	"7f "	"4"	"9"
"17:20:00"	"2010-06-05"	"Epsom"	"Run For The Hills"	"8.00"	"9"	"Handicap"	"6"	"16"	"Buick, William"	"Gosden, J H M"	"6f "	"4"	"6"
"17:20:00"	"2010-06-05"	"Epsom"	"Getcarter"	"11.00"	"13.98"	"Handicap"	"12"	"16"	"Hughes, Richard"	"Hannon, R"	"6f "	"4"	"5"
"17:20:00"	"2010-06-05"	"Epsom"	"Secret Witness"	"8.00"	"10.5"	"Handicap"	"16"	"16"	"Fallon, K"	"Harris, R A"	"6f "	"4"	"1"
"15:40:00"	"2010-06-05"	"Musselburgh"	"Ziggy Lee"	"3.50"	"5.2"	"Handicap"	"5"	"15"	"Carson, William"	"Williams, S C"	"5f "	"4"	"14"
"14:05:00"	"2010-06-05"	"Musselburgh"	"Taurus Twins"	"9.00"	"12.46"	"Handicap"	"10"	"10"	"Quinn, Jimmy"	"Price, R J"	"5f "	"4"	"22"
"20:15:00"	"2010-06-04"	"Doncaster"	"Thunderball"	"9.00"	"12.55"	"Handicap"	"2"	"11"	"Tylicki, Frederik"	"Glover, J A"	"1m "	"4"	"4"
"19:30:00"	"2010-06-04"	"Bath"	"Secret Witness"	"8.00"	"12"	"Handicap"	"3"	"12"	"Catlin, Chris"	"Harris, R A"	"5.5f "	"4"	"15"
"18:30:00"	"2010-06-04"	"Curragh"	"Miss Eze"	"25.00"	"49.35"	"Handicap"	"5"	"27"	"Mullins, D E"	"Cashman, P F"	"6f "	"4"	"14"
"15:25:00"	"2010-06-04"	"Epsom"	"Swift Chap"	"22.00"	"33.71"	"Handicap"	"8"	"12"	"Probert, David"	"Millman, B R"	"1m2f "	"4"	"13"
"15:00:00"	"2010-06-04"	"Catterick"	"Verinco"	"2.25"	"3.45"	"Handicap"	"4"	"10"	"Carter, Adam"	"Smart, B"	"5f "	"4"	"17"
"14:10:00"	"2010-06-04"	"Epsom"	"Jordaura"	"8.00"	"10"	"Handicap"	"9"	"14"	"Spencer, Jamie"	"Holt, J R"	"1m.5f "	"4"	"15"
"18:45:00"	"2010-06-03"	"Sandown"	"Noodles Blue Boy"	"4.50"	"5.94"	"Handicap"	"3"	"13"	"Moore, Ryan"	"Pears, Ollie"	"5f "	"4"	"7"
"16:10:00"	"2010-06-03"	"Hamilton"	"Hettie Hubble"	"50.00"	"110"	"Handicap"	"5"	"10"	"Mackay, Nicky"	"Thompson, D W"	"6f "	"4"	"10"
"15:10:00"	"2010-06-03"	"Hamilton"	"Musical Bridge"	"2.75"	"4.5"	"Handicap"	"1"	"12"	"Eaves, Tom"	"Williamson, Mrs L"	"5f "	"4"	"18"
"19:10:00"	"2010-06-02"	"Ripon"	"Dispol Diva"	"4.00"	"5.1"	"Handicap Seller"	"2"	"10"	"Fanning, Joe"	"Midgley, P T"	"1m4f "	"4"	"8"
"20:25:00"	"2010-06-01"	"Yarmouth"	"Piazza San Pietro"	"12.00"	"17.7"	"Handicap"	"1"	"10"	"Havlin, Robert"	"Haynes, A B"	"6f "	"4"	"8"
"15:30:00"	"2010-06-01"	"Redcar"	"Crystal Feather"	"5.00"	"5.82"	"Handicap"	"4"	"10"	"Queally, T P"	"Vaughan, E F"	"1m1f "	"4"	"12"
"15:00:00"	"2010-06-01"	"Redcar"	"Blue Noodles"	"8.00"	"11.35"	"Seller"	"5"	"8"	"Evans, Richard"	"Evans, P D"	"7f "	"4"	"7"
"15:30:00"	"2009-06-30"	"Brighton"	"Lady Florence"	"2.50"	"3.75"	"Seller"	"1"	"9"	"Keniry, L P"	"Coogan, A B"	"1m "	"4"	"7"
"21:10:00"	"2009-06-29"	"Windsor"	"Pauls Pet"	"25.00"	"35.76"	"Handicap"	"3"	"9"	"McLaughlin, T G"	"George, Karen"	"1m.5f "	"4"	"14"
"20:55:00"	"2009-06-29"	"Musselburgh"	"Carpe Diem"	"2.50"	"3.85"	"Handicap"	"7"	"13"	"Tylicki, Frederik"	"Fahey, R A"	"1m "	"4"	"14"
"14:40:00"	"2009-06-28"	"Curragh"	"Deal Breaker"	"33.00"	"99"	"Handicap"	"8"	"19"	"Manning, K J"	"Lynam, Edward"	"6.5f "	"4"	"63"
"20:45:00"	"2009-06-27"	"Doncaster"	"Athboy Auction"	"33.00"	"50"	"Handicap"	"7"	"12"	"Jessop, Rosie"	"Collingridge, H J"	"7f "	"4"	"14"
"19:05:00"	"2009-06-27"	"Doncaster"	"Reel Buddy Star"	"6.00"	"8"	"Handicap"	"2"	"9"	"Tudhope, Daniel"	"Moore, G M"	"1m "	"4"	"9"
"19:05:00"	"2009-06-27"	"Doncaster"	"Arctic Cape"	"7.00"	"9.56"	"Handicap"	"3"	"9"	"Fanning, Joe"	"Johnston, M"	"1m "	"4"	"15"
"19:05:00"	"2009-06-27"	"Doncaster"	"French Art"	"25.00"	"39.8"	"Handicap"	"8"	"9"	"ODonohoe, D"	"Tinkler, N"	"1m "	"4"	"13"
"18:35:00"	"2009-06-27"	"Doncaster"	"Errigal Lad"	"7.00"	"9.6"	"Handicap"	"2"	"9"	"Callan, N"	"Ryan, K A"	"6f "	"4"	"8"
"16:25:00"	"2009-06-27"	"Chester"	"Gross Prophet"	"4.50"	"6.24"	"Claimer"	"2"	"8"	"Smith, Richard"	"Dascombe, Tom"	"1m2.5f "	"4"	"4"
"15:45:00"	"2009-06-27"	"Newcastle"	"Horatio Carter"	"2.75"	"3.95"	"Handicap"	"1"	"9"	"Callan, N"	"Ryan, K A"	"7f "	"4"	"8"
"15:45:00"	"2009-06-27"	"Newcastle"	"Boy Blue"	"12.00"	"15"	"Handicap"	"3"	"9"	"Gibson, Dale"	"Salmon, P"	"7f "	"4"	"18"
"14:35:00"	"2009-06-27"	"Newcastle"	"Baldemar"	"6.50"	"8.8"	"Handicap"	"9"	"12"	"Elliott, Andrew"	"Burke, K R"	"6f "	"4"	"21"
"20:55:00"	"2009-06-26"	"Newcastle"	"Mark of Meydan"	"7.00"	"8.94"	"Handicap"	"1"	"14"	"Makin, Phillip"	"Dods, M"	"6f "	"4"	"18"
"20:00:00"	"2009-06-26"	"Curragh"	"Solid Air"	"14.00"	"18.81"	"Handicap"	"12"	"14"	"McDonogh, D P"	"Lynam, Edward"	"1m "	"4"	"43"
"19:25:00"	"2009-06-26"	"Newcastle"	"Pavershooz"	"12.00"	"13.5"	"Handicap"	"1"	"16"	"Fentiman, Duran"	"Wilson, N"	"5f "	"4"	"20"
"19:25:00"	"2009-06-26"	"Newcastle"	"Hamish McGonagall"	"8.00"	"10.53"	"Handicap"	"3"	"16"	"Allan, David"	"Easterby, T D"	"5f "	"4"	"20"
"19:00:00"	"2009-06-26"	"Curragh"	"Nobunaga"	"10.00"	"15.93"	"Non-Handicap"	"7"	"19"	"Geoghegan, C P"	"Brabazon, Richard"	"1m4f "	"4"	"14"
"18:50:00"	"2009-06-26"	"Newcastle"	"Society Venue"	"4.50"	"6.45"	"Handicap"	"2"	"11"	"Elliott, Andrew"	"OKeeffe, Jedd"	"1m2f "	"4"	"32"
"18:40:00"	"2009-06-26"	"Chester"	"Flashy Max"	"20.00"	"30"	"Handicap"	"7"	"15"	"Sousa, Silvestre De"	"OKeeffe, Jedd"	"7.5f "	"4"	"16"
"15:25:00"	"2009-06-26"	"Doncaster"	"Castles In The Air"	"4.50"	"6"	"Handicap"	"2"	"11"	"Hamilton, Tony"	"Fahey, R A"	"7f "	"4"	"13"
"15:25:00"	"2009-06-26"	"Doncaster"	"The Galloping Shoe"	"8.50"	"11"	"Handicap"	"4"	"11"	"Queally, T P"	"Noseda, J"	"7f "	"4"	"11"
"21:30:00"	"2009-06-25"	"Hamilton"	"Tangerine Trees"	"1.50"	"2.75"	"Handicap"	"1"	"8"	"Eaves, Tom"	"Smart, B"	"6f "	"4"	"21"
"21:30:00"	"2009-06-25"	"Hamilton"	"Magical Song"	"6.00"	"8.53"	"Handicap"	"2"	"8"	"Kyne, Jamie"	"Balding, J"	"6f "	"4"	"47"
"20:50:00"	"2009-06-25"	"Tipperary"	"Gratified"	"6.50"	"8.56"	"Handicap"	"4"	"18"	"McNamara, Mr R P"	"Weld, D K"	"1m6f "	"4"	"8"
"18:00:00"	"2009-06-24"	"Naas"	"Jilly Choo"	"8.00"	"13.31"	"Handicap"	"13"	"20"	"Mullins, D E"	"Collins, Tracey"	"6f "	"4"	"5"
"18:00:00"	"2009-06-24"	"Naas"	"Eagle Heights"	"16.00"	"51.16"	"Handicap"	"19"	"20"	"Burke, R M"	"Myerscough, David P"	"6f "	"4"	"42"
"17:30:00"	"2009-06-24"	"Salisbury"	"Wicksy Creek"	"50.00"	"101.78"	"Handicap"	"9"	"11"	"Marris, Mr M"	"Bravery, G C"	"7f "	"4"	"35"
"16:10:00"	"2009-06-24"	"Carlisle"	"Shaloo Diamond"	"50.00"	"85"	"Handicap"	"4"	"15"	"Stainton, Michael J"	"Whitaker, R M"	"1m3.5f "	"4"	"14"
"15:35:00"	"2009-06-24"	"Carlisle"	"Golden Penny"	"14.00"	"16.35"	"Handicap"	"15"	"15"	"Kyne, Jamie"	"Foster, A G"	"1m "	"4"	"33"
"15:05:00"	"2009-06-24"	"Carlisle"	"Portrush Storm"	"22.00"	"33.09"	"Handicap"	"13"	"16"	"Moriarty, Jamie"	"Carroll, D"	"1m "	"4"	"3"
"15:30:00"	"2009-06-23"	"Brighton"	"Nawaaff"	"50.00"	"76.56"	"Seller"	"5"	"9"	"Gannon, Catherine"	"Channon, M R"	"6f "	"4"	"6"
"15:00:00"	"2009-06-23"	"Brighton"	"Lady Florence"	"7.50"	"11.91"	"Handicap"	"2"	"11"	"Keniry, L P"	"Coogan, A B"	"1m "	"4"	"13"
"18:40:00"	"2009-06-22"	"Windsor"	"Carmela Maria"	"3.33"	"4.64"	"Handicap"	"5"	"12"	"Hughes, Richard"	"Williams, S C"	"1m2f "	"4"	"7"
"16:45:00"	"2009-06-22"	"Lingfield"	"Love In The Park"	"3.00"	"4.8"	"Handicap"	"1"	"13"	"Mitchell, Jack"	"Brotherton, R"	"1m1f "	"4"	"9"
"17:00:00"	"2009-06-20"	"Ascot"	"Martyr"	"14.00"	"22"	"Handicap"	"3"	"17"	"Hughes, Richard"	"Hannon, R"	"1m4f "	"4"	"14"
"16:45:00"	"2009-06-20"	"Redcar"	"Royal Applord"	"50.00"	"95"	"Claimer"	"6"	"12"	"Moriarty, Jamie"	"Midgley, P T"	"7f "	"4"	"23"
"16:25:00"	"2009-06-20"	"Ascot"	"Striking Spirit"	"33.00"	"61.1"	"Handicap"	"7"	"26"	"Norton, Francis"	"Nicholls, D"	"6f "	"4"	"14"
"16:25:00"	"2009-06-20"	"Ascot"	"Exclamation"	"25.00"	"46"	"Handicap"	"24"	"26"	"Dwyer, Martin"	"Meehan, B J"	"6f "	"4"	"35"
"14:50:00"	"2009-06-20"	"Redcar"	"Art Value"	"6.50"	"9.97"	"Handicap"	"5"	"13"	"Hitchcott, Sam"	"Wigham, M"	"1m6f "	"4"	"17"
"17:40:00"	"2009-06-19"	"Redcar"	"Rightcar Lewis"	"16.00"	"23"	"Handicap Maiden"	"11"	"12"	"Gannon, Catherine"	"Grayson, Peter"	"5f "	"4"	"11"
"17:30:00"	"2009-06-19"	"Ascot"	"Horatio Carter"	"33.00"	"54.16"	"Handicap"	"9"	"29"	"Callan, N"	"Ryan, K A"	"7f "	"4"	"27"
"17:30:00"	"2009-06-19"	"Ascot"	"Mister Hardy"	"9.00"	"12.82"	"Handicap"	"18"	"29"	"Tylicki, Frederik"	"Fahey, R A"	"7f "	"4"	"42"
"17:30:00"	"2009-06-19"	"Ascot"	"Slugger OToole"	"20.00"	"59.39"	"Handicap"	"23"	"29"	"Doyle, James"	"Williams, S C"	"7f "	"4"	"41"
"17:05:00"	"2009-06-19"	"Redcar"	"King Pin"	"3.33"	"5.22"	"Handicap"	"1"	"11"	"Mulrennan, Paul"	"Waggott, Miss Tracy"	"1m "	"4"	"13"
"13:50:00"	"2009-06-19"	"Musselburgh"	"Infinity Bond"	"5.50"	"5.61"	"Handicap"	"6"	"11"	"McDonald, P J"	"Oldroyd, G R"	"7f "	"4"	"21"
"21:10:00"	"2009-06-18"	"Leicester"	"Misplaced Fortune"	"2.25"	"3.65"	"Handicap"	"2"	"8"	"Newnes, Lee"	"Tinkler, N"	"6f "	"4"	"24"
"21:10:00"	"2009-06-18"	"Leicester"	"We Have A Dream"	"12.00"	"14.49"	"Handicap"	"8"	"8"	"ODonohoe, D"	"Muir, W R"	"6f "	"4"	"17"
"20:10:00"	"2009-06-18"	"Leicester"	"Cotswolds"	"4.50"	"6.2"	"Handicap"	"3"	"8"	"Fairley, Greg"	"Johnston, M"	"1m.5f "	"4"	"14"
"17:40:00"	"2009-06-18"	"Ripon"	"Rossinis Dancer"	"9.00"	"13.81"	"Handicap"	"12"	"18"	"McHugh, B"	"Fahey, R A"	"1m "	"4"	"26"
"16:45:00"	"2009-06-18"	"Warwick"	"Diego Rivera"	"2.75"	"3.69"	"Handicap"	"7"	"11"	"Cosgrave, Pat"	"Makin, P J"	"7f "	"4"	"41"
"16:10:00"	"2009-06-18"	"Warwick"	"Maybe I Wont"	"4.50"	"6.2"	"Handicap"	"1"	"13"	"Hamblett, J P"	"Featherstone, Lucinda"	"1m3f "	"4"	"7"
"15:20:00"	"2009-06-18"	"Ripon"	"Dalarossie"	"16.00"	"21"	"Claimer"	"3"	"12"	"Allan, David"	"Alston, E J"	"6f "	"4"	"20"
"15:20:00"	"2009-06-18"	"Ripon"	"Nacho Libre"	"33.00"	"85"	"Claimer"	"4"	"12"	"Gibson, Dale"	"Easterby, M W"	"6f "	"4"	"16"
"15:20:00"	"2009-06-18"	"Ripon"	"Paint Stripper"	"66.00"	"192.13"	"Claimer"	"8"	"12"	"Cavanagh, John"	"Storey, W"	"6f "	"4"	"12"
"14:45:00"	"2009-06-18"	"Ripon"	"Requisite"	"14.00"	"19.44"	"Handicap"	"1"	"13"	"Hamilton, Tony"	"Wood, I A"	"5f "	"4"	"7"
"14:45:00"	"2009-06-18"	"Ripon"	"Liberty Ship"	"4.00"	"5.09"	"Handicap"	"2"	"13"	"Gibbons, Graham"	"Bethell, J D"	"5f "	"4"	"13"
"18:50:00"	"2009-06-17"	"Ripon"	"Nawaaff"	"14.00"	"19.97"	"Seller"	"13"	"16"	"Blackett, Daniel"	"Channon, M R"	"6f "	"4"	"12"
"16:20:00"	"2009-06-17"	"Ascot"	"Ellemujie"	"40.00"	"59.34"	"Handicap"	"12"	"25"	"Dwyer, Martin"	"Ivory, D K"	"1m "	"4"	"13"
"16:20:00"	"2009-06-17"	"Ascot"	"Light From Mars"	"20.00"	"23.26"	"Handicap"	"21"	"25"	"Munro, Alan"	"Millman, B R"	"1m "	"4"	"20"
"20:00:00"	"2009-06-16"	"Yarmouth"	"Magnitude"	"9.00"	"11.17"	"Handicap"	"5"	"8"	"Ahern, Eddie"	"Rimmer, M E"	"1m "	"4"	"18"
"21:00:00"	"2009-06-15"	"Windsor"	"Epsom Salts"	"5.00"	"6.95"	"Handicap"	"8"	"15"	"Dean, Jack"	"Phelan, P M"	"1m3.5f "	"4"	"7"
"20:40:00"	"2009-06-15"	"Warwick"	"Carmela Maria"	"11.00"	"14.72"	"Handicap"	"3"	"13"	"Golam, Saleem"	"Williams, S C"	"1m3f "	"4"	"7"
"20:40:00"	"2009-06-15"	"Warwick"	"Pauls Pet"	"33.00"	"37.75"	"Handicap"	"7"	"13"	"Holland, Darryll"	"George, Karen"	"1m3f "	"4"	"21"
"19:30:00"	"2009-06-15"	"Windsor"	"Harlech Castle"	"16.00"	"21"	"Handicap"	"2"	"14"	"Spencer, Jamie"	"Cole, P F I"	"6f "	"4"	"23"
"19:30:00"	"2009-06-15"	"Windsor"	"Carleton"	"4.00"	"6.3"	"Handicap"	"4"	"14"	"Hughes, Richard"	"Musson, W J"	"6f "	"4"	"14"
"18:00:00"	"2009-06-15"	"Windsor"	"Plaisterer"	"2.50"	"3.49"	"Handicap"	"2"	"10"	"Mitchell, Jack"	"Wall, C F"	"1m.5f "	"4"	"7"
"18:00:00"	"2009-06-15"	"Windsor"	"Seasonal Cross"	"8.00"	"10.5"	"Handicap"	"4"	"10"	"Mackay, Nicky"	"Dow, S"	"1m.5f "	"4"	"21"
"17:15:00"	"2009-06-15"	"Carlisle"	"Rascasse"	"100.00"	"223.71"	"Handicap"	"7"	"8"	"Cray, Billy"	"Hellier, Bruce"	"1m6f "	"4"	"14"
"16:45:00"	"2009-06-15"	"Carlisle"	"Carpe Diem"	"3.00"	"4.78"	"Handicap"	"3"	"9"	"Hanagan, Paul"	"Fahey, R A"	"1m "	"4"	"5"
"15:45:00"	"2009-06-15"	"Carlisle"	"Thunder Bay"	"6.50"	"10.37"	"Handicap"	"7"	"12"	"Tylicki, Frederik"	"Fahey, R A"	"5f "	"4"	"9"
"17:10:00"	"2009-06-14"	"Doncaster"	"Isabelonabicycle"	"2.25"	"3.3"	"Handicap"	"2"	"9"	"Probert, David"	"Balding, A M"	"1m6.5f "	"4"	"25"
"15:30:00"	"2009-06-14"	"Doncaster"	"Quiet Elegance"	"10.00"	"15.76"	"Handicap"	"10"	"13"	"Allan, David"	"Alston, E J"	"6f "	"4"	"24"
"14:30:00"	"2009-06-14"	"Salisbury"	"Victorian Bounty"	"7.00"	"9.83"	"Handicap"	"7"	"9"	"Mitchell, Jack"	"Liddiard, Stef"	"5f "	"4"	"10"
"18:50:00"	"2009-06-13"	"Lingfield"	"Love In The Park"	"16.00"	"19.75"	"Handicap"	"2"	"16"	"Mitchell, Jack"	"Brotherton, R"	"7f "	"4"	"18"
"18:50:00"	"2009-06-13"	"Lingfield"	"Zeffirelli"	"12.00"	"19.72"	"Handicap"	"6"	"16"	"Cosgrave, Pat"	"Quinn, M"	"7f "	"4"	"15"
"18:40:00"	"2009-06-13"	"Leicester"	"Alyseve"	"100.00"	"289.69"	"Handicap"	"8"	"9"	"Powell, Ryan"	"Dunnett, Mrs C A"	"6f "	"4"	"21"
"18:40:00"	"2009-06-13"	"Leicester"	"Affirmatively"	"8.00"	"10.1"	"Handicap"	"9"	"9"	"Golam, Saleem"	"Carroll, A W"	"6f "	"4"	"7"
"17:25:00"	"2009-06-13"	"York"	"Leonid Glow"	"16.00"	"20.46"	"Handicap"	"14"	"19"	"McDonald, P J"	"Dods, M"	"6f "	"4"	"28"
"17:10:00"	"2009-06-13"	"Sandown"	"Wild Rhubarb"	"2.75"	"4"	"Handicap"	"3"	"15"	"Robinson, Philip"	"Cox, C G"	"1m6f "	"4"	"14"
"17:10:00"	"2009-06-13"	"Sandown"	"Cape Colony"	"16.00"	"25.49"	"Handicap"	"10"	"15"	"Fortune, Jimmy"	"Hannon, R"	"1m6f "	"4"	"7"
"15:20:00"	"2009-06-13"	"Bath"	"Our Acquaintance"	"22.00"	"36"	"Seller"	"7"	"9"	"Probert, David"	"Muir, W R"	"5.5f "	"4"	"18"
"14:50:00"	"2009-06-13"	"Sandown"	"Brassini"	"5.00"	"5.82"	"Handicap"	"1"	"10"	"Munro, Alan"	"Millman, B R"	"7f "	"4"	"15"
"14:50:00"	"2009-06-13"	"Sandown"	"Pravda Street"	"5.00"	"7"	"Handicap"	"8"	"10"	"Fortune, Jimmy"	"Cole, P F I"	"7f "	"4"	"29"
"14:35:00"	"2009-06-13"	"York"	"Albaqaa"	"10.00"	"11.2"	"Handicap"	"2"	"20"	"Hanagan, Paul"	"Fahey, R A"	"1m1f "	"4"	"31"
"16:35:00"	"2009-06-12"	"York"	"Le Toreador"	"9.00"	"10"	"Handicap"	"12"	"13"	"Callan, N"	"Ryan, K A"	"5f "	"4"	"17"
"16:35:00"	"2009-06-12"	"York"	"Chartist"	"16.00"	"26.3"	"Handicap"	"13"	"13"	"Nicholls, Adrian T"	"Nicholls, D"	"5f "	"4"	"7"
"16:25:00"	"2009-06-12"	"Sandown"	"Robby Bobby"	"14.00"	"19.5"	"Handicap"	"8"	"12"	"Fairley, Greg"	"Johnston, M"	"1m2f "	"4"	"28"
"14:50:00"	"2009-06-12"	"York"	"Arctic Cape"	"16.00"	"24"	"Handicap"	"6"	"19"	"Fanning, Joe"	"Johnston, M"	"1m1f "	"4"	"26"
"16:35:00"	"2009-06-11"	"Yarmouth"	"Averoo"	"33.00"	"65.32"	"Handicap"	"9"	"10"	"Kelly, Caroline"	"Squance, M D"	"6f "	"4"	"14"
"14:20:00"	"2009-06-10"	"Brighton"	"Lord Deevert"	"10.00"	"15.02"	"Handicap"	"5"	"11"	"Dean, Jack"	"Turner, W G M"	"7f "	"4"	"14"
"19:45:00"	"2009-06-09"	"Chester"	"Boy Blue"	"8.00"	"11"	"Handicap"	"7"	"9"	"Gibson, Dale"	"Salmon, P"	"7f "	"4"	"24"
"15:55:00"	"2009-06-09"	"Salisbury"	"Cill Rialaig"	"10.00"	"12.91"	"Handicap"	"1"	"12"	"Drowne, Steve"	"Morrison, H"	"1m2f "	"4"	"33"
"14:45:00"	"2009-06-09"	"Salisbury"	"Elna Bright"	"1.20"	"2.21"	"Claimer"	"1"	"14"	"Spencer, Jamie"	"Evans, P D"	"7f "	"4"	"6"
"14:30:00"	"2009-06-09"	"Redcar"	"Dazzling Begum"	"3.50"	"5.2"	"Seller"	"3"	"8"	"Pearce, Simon"	"Pearce, J"	"1m6f "	"4"	"20"
"15:25:00"	"2009-06-07"	"Roscommon"	"Scopey"	"5.50"	"7.2"	"Handicap"	"4"	"15"	"Smullen, P J"	"Morgan, Ms Joanna"	"7f "	"4"	"9"
"19:10:00"	"2009-06-06"	"Newcastle"	"King Pin"	"5.50"	"7.4"	"Handicap"	"2"	"12"	"Fairley, Greg"	"Waggott, Miss Tracy"	"7f "	"4"	"11"
"19:10:00"	"2009-06-06"	"Newcastle"	"Paint Stripper"	"33.00"	"69.63"	"Handicap"	"8"	"12"	"Quinn, Jimmy"	"Storey, W"	"7f "	"4"	"9"
"17:05:00"	"2009-06-06"	"Epsom"	"Baldemar"	"33.00"	"41.24"	"Handicap"	"1"	"16"	"Jones, Liam"	"Burke, K R"	"6f "	"4"	"29"
"16:30:00"	"2009-06-06"	"Epsom"	"Martyr"	"6.50"	"9.36"	"Handicap"	"3"	"16"	"Hughes, Richard"	"Hannon, R"	"1m4f "	"4"	"15"
"16:05:00"	"2009-06-06"	"Musselburgh"	"Thunder Bay"	"10.00"	"12.66"	"Handicap"	"9"	"12"	"Hanagan, Paul"	"Fahey, R A"	"5f "	"4"	"18"
"15:20:00"	"2009-06-06"	"Musselburgh"	"Pavershooz"	"28.00"	"70.31"	"Handicap"	"1"	"15"	"Fentiman, Duran"	"Wilson, N"	"5f "	"4"	"9"
"15:20:00"	"2009-06-06"	"Musselburgh"	"Hamish McGonagall"	"6.50"	"9.2"	"Handicap"	"4"	"15"	"Allan, David"	"Easterby, T D"	"5f "	"4"	"7"
"14:05:00"	"2009-06-06"	"Doncaster"	"Oceana Blue"	"5.00"	"7"	"Handicap"	"1"	"12"	"Buick, William"	"Balding, A M"	"7f "	"4"	"21"
"14:05:00"	"2009-06-06"	"Doncaster"	"Kiwi Bay"	"6.00"	"8.83"	"Handicap"	"3"	"12"	"Hamilton, Tony"	"Dods, M"	"7f "	"4"	"21"
"15:35:00"	"2009-06-05"	"Catterick"	"Splash The Cash"	"6.50"	"8.95"	"Handicap"	"4"	"9"	"Ryan, Amy"	"Ryan, K A"	"6f "	"4"	"13"
"15:25:00"	"2009-06-05"	"Epsom"	"Charm School"	"10.00"	"13.07"	"Handicap"	"5"	"10"	"Fortune, Jimmy"	"Gosden, J H M"	"1m2f "	"4"	"36"
"15:25:00"	"2009-06-05"	"Epsom"	"Ramona Chase"	"14.00"	"22"	"Handicap"	"6"	"10"	"Crowley, Jim"	"Attwater, M J"	"1m2f "	"4"	"34"
"15:00:00"	"2009-06-05"	"Catterick"	"Liberty Ship"	"3.50"	"4.72"	"Handicap"	"2"	"10"	"Gibbons, Graham"	"Bethell, J D"	"5f "	"4"	"20"
"20:55:00"	"2009-06-04"	"Sandown"	"Kidlat"	"7.50"	"11.92"	"Handicap"	"3"	"11"	"Crowley, Jim"	"Powell, B G"	"1m2f "	"4"	"9"
"18:45:00"	"2009-06-04"	"Sandown"	"Blue Jack"	"10.00"	"14.75"	"Handicap"	"1"	"11"	"Dwyer, Martin"	"Muir, W R"	"5f "	"4"	"10"
"18:45:00"	"2009-06-04"	"Sandown"	"Orange Pip"	"16.00"	"20.69"	"Handicap"	"5"	"11"	"Fortune, Jimmy"	"Hannon, R"	"5f "	"4"	"10"
"16:40:00"	"2009-06-04"	"Hamilton"	"Mr Lu"	"7.00"	"9.26"	"Handicap"	"4"	"8"	"Brown, Neil"	"Foster, A G"	"6f "	"4"	"13"
"17:00:00"	"2009-06-02"	"Ripon"	"Black Dahlia"	"4.50"	"5.52"	"Handicap"	"3"	"8"	"Drowne, Steve"	"McCabe, A J"	"1m4f "	"4"	"11"
"20:55:00"	"2009-06-01"	"Windsor"	"Watsons Bay"	"14.00"	"16.71"	"Handicap"	"3"	"9"	"Quinn, Jimmy"	"Howling, P"	"1m3.5f "	"4"	"7"
"19:25:00"	"2009-06-01"	"Windsor"	"We Have A Dream"	"8.00"	"10.5"	"Handicap"	"5"	"10"	"Dwyer, Martin"	"Muir, W R"	"6f "	"4"	"32"
"17:00:00"	"2009-06-01"	"Leicester"	"Astrodonna"	"6.50"	"8.39"	"Handicap"	"10"	"10"	"Hills, Michael"	"Tompkins, M H"	"7f "	"4"	"20"
"14:30:00"	"2009-06-01"	"Leicester"	"Gambling Jack"	"10.00"	"14"	"Seller"	"6"	"12"	"Atzeni, Andrea"	"Carroll, A W"	"6f "	"4"	"7"
"20:40:00"	"2008-06-30"	"Windsor"	"Susie May"	"2.75"	"4.5"	"Handicap"	"2"	"14"	"Moore, Ryan"	"Moore, Gary and Josh"	"1m3.5f "	"4"	"10"
"19:10:00"	"2008-06-30"	"Windsor"	"Game Lady"	"11.00"	"14"	"Seller"	"1"	"15"	"Moore, Ryan"	"Wood, I A"	"6f "	"4"	"34"
"16:40:00"	"2008-06-29"	"Salisbury"	"Fascinatin Rhythm"	"10.00"	"14.1"	"Handicap"	"5"	"8"	"Catlin, Chris"	"Channon, M R"	"1m6f "	"4"	"11"
"13:55:00"	"2008-06-29"	"Salisbury"	"Muffetts Dream"	"40.00"	"65"	"Handicap"	"6"	"9"	"Kinsella, David"	"Bridger, J / Cook, R"	"1m2f "	"4"	"6"
"19:45:00"	"2008-06-28"	"Doncaster"	"Emirate Isle"	"14.00"	"26.34"	"Handicap"	"4"	"8"	"Lynch, Fergal"	"Grant, C"	"1m "	"4"	"12"
"17:00:00"	"2008-06-28"	"Newcastle"	"Fever"	"33.00"	"80"	"Handicap"	"10"	"13"	"Roper, Bradley"	"Easterby, M W"	"1m2f "	"4"	"22"
"16:30:00"	"2008-06-28"	"Chester"	"Sweet World"	"33.00"	"100"	"Claimer"	"7"	"10"	"Keniry, L P"	"Llewellyn, B J"	"1m2.5f "	"4"	"17"
"16:15:00"	"2008-06-28"	"Windsor"	"Sahrati"	"16.00"	"22"	"Handicap"	"1"	"13"	"Ajtebi, Ahmed"	"Brittain, C E"	"1m3.5f "	"4"	"44"
"16:15:00"	"2008-06-28"	"Windsor"	"Coyote Creek"	"7.50"	"9.8"	"Handicap"	"7"	"13"	"Block, Travis"	"Vaughan, E F"	"1m3.5f "	"4"	"28"
"14:10:00"	"2008-06-28"	"Curragh"	"Majestic Cheer"	"33.00"	"100"	"Handicap"	"7"	"27"	"Cleere, M A"	"Roche, Paul A"	"7f "	"4"	"13"
"20:55:00"	"2008-06-27"	"Newcastle"	"Rue Soleil"	"40.00"	"92.5"	"Handicap"	"14"	"16"	"Fessey, Paul"	"Weymes, J R"	"6f "	"4"	"21"
"20:30:00"	"2008-06-27"	"Curragh"	"Nortburn"	"9.00"	"10.5"	"Handicap"	"5"	"20"	"McNamara, E J"	"Lyons, G M"	"5f "	"4"	"19"
"19:25:00"	"2008-06-27"	"Newcastle"	"Pusey Street Lady"	"16.00"	"20"	"Handicap"	"3"	"16"	"ODonohoe, D"	"Gallagher, J"	"5f "	"4"	"33"
"19:25:00"	"2008-06-27"	"Newcastle"	"Ishetoo"	"7.00"	"9.8"	"Handicap"	"9"	"16"	"Gibson, Dale"	"Dickman, A"	"5f "	"4"	"12"
"19:25:00"	"2008-06-27"	"Newcastle"	"Special Day"	"14.00"	"20"	"Handicap"	"15"	"16"	"Robinson, Philip"	"Hills, B W"	"5f "	"4"	"27"
"18:55:00"	"2008-06-27"	"Newcastle"	"Carefree"	"50.00"	"90.51"	"Handicap"	"8"	"15"	"Sousa, Silvestre De"	"Carr, Mrs R A"	"1m2f "	"4"	"9"
"18:55:00"	"2008-06-27"	"Newcastle"	"Getrah"	"9.00"	"11"	"Handicap"	"10"	"15"	"Gibbons, Graham"	"Wilson, N"	"1m2f "	"4"	"40"
"18:30:00"	"2008-06-27"	"Curragh"	"Porto Calero"	"25.00"	"70"	"Non-Handicap"	"6"	"19"	"OFarrell, C"	"OBrien, William Coleman"	"1m4f "	"4"	"7"
"17:35:00"	"2008-06-27"	"Doncaster"	"Sadeek"	"5.00"	"7.2"	"Handicap"	"1"	"10"	"Ffrench, Royston"	"Smart, B"	"7f "	"4"	"29"
"17:35:00"	"2008-06-27"	"Doncaster"	"Thabaat"	"33.00"	"53.79"	"Handicap"	"10"	"10"	"Drowne, Steve"	"Bradley, J M"	"7f "	"4"	"48"
"16:00:00"	"2008-06-27"	"Doncaster"	"Shake On It"	"8.00"	"9.35"	"Handicap"	"8"	"8"	"Carson, Stephen"	"Houghton, Eve Johnson"	"1m4f "	"4"	"21"
"21:30:00"	"2008-06-26"	"Hamilton"	"Howards Tipple"	"7.00"	"8.56"	"Handicap"	"3"	"9"	"Brown, Neil"	"Perratt, Miss L A"	"6f "	"4"	"5"
"21:30:00"	"2008-06-26"	"Hamilton"	"Fast Freddie"	"14.00"	"10.08"	"Handicap"	"7"	"9"	"Enstone, Lee"	"Parr, S"	"6f "	"4"	"7"
"20:30:00"	"2008-06-26"	"Hamilton"	"Wilmington"	"14.00"	"27"	"Maiden"	"6"	"9"	"Mullen, Andrew"	"McGregor, Mrs J C"	"1m1f "	"4"	"28"
"20:00:00"	"2008-06-26"	"Hamilton"	"Ronnie Howe"	"3.50"	"5.63"	"Handicap"	"9"	"9"	"Brown, Neil"	"Dods, M"	"5f "	"4"	"21"
"21:10:00"	"2008-06-25"	"Bath"	"Judge n Jury"	"4.50"	"6"	"Handicap"	"7"	"14"	"Egan, John"	"Harris, R A"	"5.5f "	"4"	"20"
"19:40:00"	"2008-06-25"	"Bath"	"April Fool"	"3.50"	"5"	"Handicap"	"3"	"13"	"ONeill, Dane"	"Geake, J A"	"1m "	"4"	"11"
"19:40:00"	"2008-06-25"	"Bath"	"Magroom"	"3.00"	"5.1"	"Handicap"	"8"	"13"	"Donaghy, Patrick"	"Hodges, R J"	"1m "	"4"	"9"
"19:40:00"	"2008-06-25"	"Bath"	"Crosby Jemma"	"16.00"	"25"	"Handicap"	"10"	"13"	"Fox, Dominic"	"Weymes, J R"	"1m "	"4"	"14"
"16:05:00"	"2008-06-25"	"Carlisle"	"Lochiel"	"25.00"	"27.85"	"Handicap"	"1"	"15"	"Brown, Neil"	"Bradburne, Mrs S C"	"1m3.5f "	"4"	"14"
"16:05:00"	"2008-06-25"	"Carlisle"	"Harry The Hawk"	"9.00"	"10.69"	"Handicap"	"14"	"15"	"Gibbons, Graham"	"Walford, T D"	"1m3.5f "	"4"	"26"
"17:00:00"	"2008-06-24"	"Brighton"	"Rocker"	"1.63"	"2.96"	"Handicap"	"2"	"12"	"Moore, Ryan"	"Moore, Gary and Josh"	"5.5f "	"4"	"33"
"20:15:00"	"2008-06-21"	"Haydock"	"Goodbye"	"7.00"	"10"	"Handicap"	"4"	"10"	"Mulrennan, Paul"	"Swinbank, G A"	"1m "	"4"	"42"
"18:55:00"	"2008-06-21"	"Lingfield"	"Gazboolou"	"7.00"	"9.25"	"Handicap"	"4"	"9"	"Sweeney, Fergus"	"Pinder, David"	"7.5f "	"4"	"8"
"18:45:00"	"2008-06-21"	"Haydock"	"Cheshire Prince"	"4.00"	"5.7"	"Handicap"	"2"	"11"	"Heslop, Dean"	"Brisbourne, W M"	"1m2.5f "	"4"	"11"
"16:25:00"	"2008-06-21"	"Ascot"	"Northern Fling"	"66.00"	"115.61"	"Handicap"	"8"	"27"	"Gibbons, Graham"	"Nicholls, D"	"6f "	"4"	"21"
"16:25:00"	"2008-06-21"	"Ascot"	"Off The Record"	"16.00"	"30"	"Handicap"	"16"	"27"	"Queally, T P"	"Given, J G"	"6f "	"4"	"28"
"16:25:00"	"2008-06-21"	"Ascot"	"Prime Defender"	"22.00"	"30"	"Handicap"	"19"	"27"	"Hills, Michael"	"Hills, B W"	"6f "	"4"	"19"
"16:25:00"	"2008-06-21"	"Ascot"	"Edge Closer"	"14.00"	"18.64"	"Handicap"	"27"	"27"	"Hughes, Richard"	"Hannon, R"	"6f "	"4"	"6"
"17:50:00"	"2008-06-20"	"Redcar"	"Tumbleweed Di"	"10.00"	"13.62"	"Handicap Maiden"	"6"	"12"	"OHara, Slade"	"Oldroyd, G R"	"5f "	"4"	"9"
"17:50:00"	"2008-06-20"	"Redcar"	"Violets Pride"	"16.00"	"22"	"Handicap Maiden"	"8"	"12"	"Tinkler, Kim"	"Tinkler, N"	"5f "	"4"	"24"
"17:30:00"	"2008-06-20"	"Ascot"	"Buxton"	"100.00"	"419.93"	"Handicap"	"10"	"28"	"McDonald, Frankie"	"Ingram, R"	"7f "	"4"	"7"
"17:30:00"	"2008-06-20"	"Ascot"	"Prior Warning"	"28.00"	"50"	"Handicap"	"28"	"28"	"Ahern, Eddie"	"Mountain, Miss D"	"7f "	"4"	"26"
"16:45:00"	"2008-06-20"	"Redcar"	"Gee Ceffyl Bach"	"14.00"	"18.34"	"Handicap"	"8"	"8"	"Gibson, Dale"	"Guest, R C"	"1m "	"4"	"13"
"14:45:00"	"2008-06-20"	"Musselburgh"	"Baileys Outshine"	"12.00"	"19.46"	"Seller"	"6"	"13"	"ODonohoe, D"	"Given, J G"	"5f "	"4"	"18"
"14:10:00"	"2008-06-20"	"Musselburgh"	"Kunte Kinteh"	"8.00"	"10.77"	"Handicap"	"7"	"12"	"Mullen, Andrew"	"Nicholls, D"	"7f "	"4"	"14"
"21:20:00"	"2008-06-19"	"Leicester"	"Bertie Swift"	"22.00"	"27.17"	"Handicap"	"5"	"8"	"Crowley, Jim"	"Gallagher, J"	"6f "	"4"	"23"
"16:45:00"	"2008-06-19"	"Warwick"	"Golden Prospect"	"4.50"	"7.87"	"Handicap"	"5"	"9"	"Hannon, Gabriel"	"Hills, J W"	"1m "	"4"	"10"
"14:45:00"	"2008-06-19"	"Ripon"	"Fast Freddie"	"16.00"	"19.93"	"Handicap"	"6"	"8"	"Gibbons, Graham"	"Parr, S"	"5f "	"4"	"21"
"20:55:00"	"2008-06-18"	"Ripon"	"Demolition"	"8.00"	"11"	"Handicap"	"2"	"8"	"Hamblett, Ashley"	"Wilson, N"	"1m4f "	"4"	"18"
"16:20:00"	"2008-06-18"	"Ascot"	"Extraterrestrial"	"16.00"	"25.03"	"Handicap"	"10"	"29"	"Hanagan, Paul"	"Fahey, R A"	"1m "	"4"	"40"
"15:20:00"	"2008-06-18"	"Hamilton"	"Papas Princess"	"4.50"	"6"	"Handicap"	"2"	"8"	"Lynch, Fergal"	"Goldie, J S"	"1m1f "	"4"	"12"
"18:30:00"	"2008-06-17"	"Yarmouth"	"Astrolibra"	"3.00"	"4.8"	"Handicap"	"2"	"13"	"Morgan, Ashley"	"Tompkins, M H"	"1m2f "	"4"	"9"
"18:30:00"	"2008-06-17"	"Yarmouth"	"Spellman"	"16.00"	"25"	"Handicap"	"5"	"13"	"Milczarek, Kirsty"	"Littmoden, N P"	"1m2f "	"4"	"13"
"20:10:00"	"2008-06-16"	"Warwick"	"Magroom"	"20.00"	"29"	"Handicap"	"2"	"8"	"Donaghy, Patrick"	"Hodges, R J"	"7f "	"4"	"20"
"18:30:00"	"2008-06-16"	"Windsor"	"Dear Maurice"	"0.73"	"1.82"	"Handicap"	"1"	"14"	"Moore, Ryan"	"Dunlop, E A L"	"1m.5f "	"4"	"7"
"18:30:00"	"2008-06-16"	"Windsor"	"Rambling Light"	"14.00"	"19.5"	"Handicap"	"5"	"14"	"Keniry, L P"	"Balding, A M"	"1m.5f "	"4"	"26"
"18:30:00"	"2008-06-16"	"Windsor"	"Effigy"	"20.00"	"27"	"Handicap"	"6"	"14"	"ONeill, Dane"	"Candy, H"	"1m.5f "	"4"	"12"
"16:45:00"	"2008-06-16"	"Carlisle"	"Flying Valentino"	"8.00"	"12"	"Handicap"	"1"	"13"	"McDonald, P J"	"Swinbank, G A"	"1m "	"4"	"10"
"15:15:00"	"2008-06-16"	"Carlisle"	"Orotund"	"10.00"	"14.5"	"Handicap"	"5"	"17"	"Fentiman, Duran"	"Easterby, T D"	"6f "	"4"	"10"
"17:40:00"	"2008-06-15"	"Cork"	"Majestic Cheer"	"33.00"	"62.53"	"Handicap"	"7"	"15"	"ODonoghue, C"	"Roche, Paul A"	"7f "	"4"	"11"
"17:05:00"	"2008-06-15"	"Doncaster"	"Still Dreaming"	"10.00"	"13"	"Handicap"	"3"	"12"	"Milczarek, Kirsty"	"Price, R J"	"1m6.5f "	"4"	"14"
"17:05:00"	"2008-06-15"	"Doncaster"	"Amanda Carter"	"3.50"	"5.1"	"Handicap"	"10"	"12"	"Moriarty, Jamie"	"Fahey, R A"	"1m6.5f "	"4"	"23"
"16:35:00"	"2008-06-15"	"Doncaster"	"Factotum"	"0.80"	"1.88"	"Maiden"	"4"	"12"	"Cosgrave, Pat"	"Cumani, L M"	"1m4f "	"4"	"24"
"16:10:00"	"2008-06-15"	"Salisbury"	"Mason Ette"	"4.00"	"5.5"	"Handicap"	"7"	"11"	"Kirby, Adam"	"Cox, C G"	"7f "	"4"	"16"
"14:20:00"	"2008-06-15"	"Doncaster"	"Kalasam"	"22.00"	"27.19"	"Handicap"	"8"	"8"	"Gibson, Dale"	"Easterby, M W"	"1m "	"4"	"16"
"20:15:00"	"2008-06-14"	"Leicester"	"Roodolph"	"3.50"	"5.3"	"Handicap"	"6"	"9"	"Carson, Stephen"	"Houghton, Eve Johnson"	"1m2f "	"4"	"5"
"18:55:00"	"2008-06-14"	"Lingfield"	"Brouhaha"	"2.50"	"3.9"	"Handicap"	"3"	"18"	"Durcan, Ted"	"McMath, B J"	"7f "	"4"	"14"
"18:55:00"	"2008-06-14"	"Lingfield"	"Cornerstone"	"8.00"	"11.47"	"Handicap"	"4"	"18"	"Baker, George"	"Williams, S C"	"7f "	"4"	"7"
"18:45:00"	"2008-06-14"	"Leicester"	"Dualagi"	"7.00"	"9.03"	"Handicap"	"6"	"9"	"Keniry, L P"	"Bosley, M R"	"6f "	"4"	"14"
"18:25:00"	"2008-06-14"	"Lingfield"	"Iguacu"	"33.00"	"57.38"	"Handicap"	"17"	"17"	"Halford, Marc"	"Spearing, J L"	"6f "	"4"	"18"
"17:05:00"	"2008-06-14"	"York"	"Ancient Cross"	"8.00"	"9.8"	"Handicap"	"4"	"19"	"Queally, T P"	"Easterby, M W"	"6f "	"4"	"16"
"17:05:00"	"2008-06-14"	"York"	"Ingleby Princess"	"11.00"	"13.5"	"Handicap"	"15"	"19"	"Brown, Neil"	"Barron, T D"	"6f "	"4"	"3"
"16:15:00"	"2008-06-14"	"Sandown"	"Equuleus Pictor"	"4.50"	"5.93"	"Handicap"	"4"	"10"	"Dean, Jack"	"Spearing, J L"	"5f "	"4"	"16"
"16:15:00"	"2008-06-14"	"Sandown"	"Toms Laughter"	"6.00"	"8.54"	"Handicap"	"6"	"10"	"Ghunowa, Kevin"	"Harris, R A"	"5f "	"4"	"11"
"15:05:00"	"2008-06-14"	"Sandown"	"Salient"	"7.00"	"9"	"Handicap"	"9"	"12"	"Milczarek, Kirsty"	"Attwater, M J"	"7f "	"4"	"14"
"14:50:00"	"2008-06-14"	"York"	"Fishforcompliments"	"7.00"	"8.95"	"Handicap"	"4"	"12"	"Hanagan, Paul"	"Fahey, R A"	"1m1f "	"4"	"14"
"14:15:00"	"2008-06-14"	"York"	"Philanthropy"	"14.00"	"22.4"	"Handicap"	"2"	"15"	"Ryan, Amy"	"Ryan, K A"	"1m4f "	"4"	"15"
"17:05:00"	"2008-06-13"	"York"	"Dan Tucker (OLD)"	"12.00"	"18.53"	"Handicap"	"5"	"11"	"Donaghy, Patrick"	"Tinkler, N"	"1m4f "	"4"	"14"
"17:05:00"	"2008-06-13"	"York"	"Polish Red"	"12.00"	"14.24"	"Handicap"	"8"	"11"	"Brown, Neil"	"Margarson, G G"	"1m4f "	"4"	"11"
"16:35:00"	"2008-06-13"	"York"	"The Nifty Fox"	"11.00"	"15.5"	"Handicap"	"7"	"19"	"Allan, David"	"Easterby, T D"	"5f "	"4"	"6"
"16:25:00"	"2008-06-13"	"Sandown"	"Trans Siberian"	"4.50"	"6"	"Handicap"	"2"	"14"	"Quinn, T"	"Cole, P F I"	"1m2f "	"4"	"15"
"17:15:00"	"2008-06-12"	"Haydock"	"Gold Prospect"	"3.50"	"4.8"	"Handicap"	"5"	"8"	"Hills, Michael"	"Bell, M L W"	"1m2.5f "	"4"	"14"
"16:45:00"	"2008-06-12"	"Haydock"	"Farley Star"	"6.00"	"7.93"	"Handicap"	"1"	"8"	"Sweeney, Fergus"	"Charlton, Roger/Harry"	"1m "	"4"	"17"
"15:00:00"	"2008-06-12"	"Haydock"	"Wee Ellie Coburn"	"200.00"	"1001"	"Maiden"	"12"	"16"	"Williams, T"	"Mullineaux, M"	"6f "	"4"	"16"
"20:40:00"	"2008-06-11"	"Hamilton"	"March Mate"	"6.00"	"7.54"	"Seller"	"2"	"12"	"McDonald, P J"	"Ellison, B"	"1m.5f "	"4"	"5"
"20:10:00"	"2008-06-11"	"Hamilton"	"Lochiel"	"10.00"	"12.73"	"Handicap"	"11"	"11"	"Mulrennan, Paul"	"Bradburne, Mrs S C"	"1m4f "	"4"	"12"
"19:40:00"	"2008-06-11"	"Hamilton"	"Rainbow Fox"	"5.00"	"6.4"	"Handicap"	"3"	"12"	"Hanagan, Paul"	"Fahey, R A"	"6f "	"4"	"6"
"15:30:00"	"2008-06-11"	"Brighton"	"Bollin Franny"	"14.00"	"23.8"	"Handicap"	"6"	"12"	"Gemelova, Natalia"	"Long, J E"	"7f "	"4"	"29"
"15:00:00"	"2008-06-11"	"Brighton"	"Sweet World"	"10.00"	"13"	"Seller"	"4"	"9"	"Callan, N"	"Llewellyn, B J"	"1m2f "	"4"	"22"
"19:15:00"	"2008-06-10"	"Chester"	"Cheshire Prince"	"4.00"	"6.6"	"Handicap"	"6"	"8"	"Jones, Liam"	"Brisbourne, W M"	"1m2.5f "	"4"	"11"
"17:45:00"	"2008-06-10"	"Salisbury"	"Bateleur"	"8.50"	"11.5"	"Handicap"	"7"	"9"	"Davies, Matthew"	"Channon, M R"	"6f "	"4"	"14"
"16:45:00"	"2008-06-10"	"Salisbury"	"One To Follow"	"5.00"	"6.6"	"Handicap"	"11"	"12"	"Kirby, Adam"	"Cox, C G"	"1m4f "	"4"	"14"
"14:45:00"	"2008-06-10"	"Salisbury"	"Fun In The Sun"	"25.00"	"37.99"	"Claimer"	"7"	"15"	"Hitchcott, Sam"	"Haynes, A B"	"7f "	"4"	"18"
"20:30:00"	"2008-06-09"	"Windsor"	"Golden Prospect"	"14.00"	"19.5"	"Handicap"	"9"	"13"	"Ahern, Eddie"	"Hills, J W"	"1m.5f "	"4"	"24"
"18:10:00"	"2008-06-09"	"Roscommon"	"Espartano"	"5.00"	"6.4"	"Handicap"	"2"	"15"	"Berry, F M"	"Hogan, T"	"7f "	"4"	"10"
"15:30:00"	"2008-06-08"	"Brighton"	"Corlough Mountain"	"2.50"	"3.95"	"Seller"	"2"	"10"	"Kelly, Shane"	"McGrath, M J"	"7f "	"4"	"9"
"14:55:00"	"2008-06-08"	"Roscommon"	"Funatfuntasia"	"3.00"	"4.9"	"Handicap"	"1"	"14"	"Smullen, P J"	"Morgan, Ms Joanna"	"7f "	"4"	"9"
"14:55:00"	"2008-06-08"	"Roscommon"	"Nortburn"	"6.00"	"7.85"	"Handicap"	"2"	"14"	"McNamara, E J"	"Lyons, G M"	"7f "	"4"	"14"
"20:10:00"	"2008-06-07"	"Lingfield"	"Resplendent Alpha"	"11.00"	"18"	"Handicap"	"8"	"11"	"Kelly, Shane"	"Howling, P"	"7f "	"4"	"11"
"19:20:00"	"2008-06-07"	"Newcastle"	"Maia"	"14.00"	"22"	"Handicap"	"9"	"14"	"Makin, Phillip"	"Nicholls, D"	"7f "	"4"	"28"
"19:20:00"	"2008-06-07"	"Newcastle"	"College Land Boy"	"40.00"	"90"	"Handicap"	"12"	"14"	"Williams, T"	"Kirtley, A"	"7f "	"4"	"5"
"18:30:00"	"2008-06-07"	"Curragh"	"Six Of Hearts"	"9.00"	"14.5"	"Handicap"	"4"	"23"	"Berry, F M"	"Ross, Cecil"	"6f "	"4"	"8"
"17:05:00"	"2008-06-07"	"Musselburgh"	"Princess Ellis"	"8.00"	"10.5"	"Handicap"	"1"	"14"	"Guillambert, J-P"	"Alston, E J"	"5f "	"4"	"21"
"17:05:00"	"2008-06-07"	"Musselburgh"	"The Nifty Fox"	"4.00"	"6.74"	"Handicap"	"3"	"14"	"Winston, Robert"	"Easterby, T D"	"5f "	"4"	"11"
"16:45:00"	"2008-06-07"	"Epsom"	"Aureate"	"14.00"	"18.2"	"Handicap"	"3"	"15"	"Ahern, Eddie"	"Ellison, B"	"1m4f "	"4"	"29"
"16:30:00"	"2008-06-07"	"Doncaster"	"Longspur"	"14.00"	"26"	"Handicap"	"12"	"13"	"Roper, Bradley"	"Easterby, M W"	"1m4f "	"4"	"7"
"15:15:00"	"2008-06-07"	"Epsom"	"Steelcut"	"33.00"	"42.75"	"Handicap"	"12"	"19"	"Probert, David"	"Fahey, R A"	"5f "	"4"	"22"
"15:15:00"	"2008-06-07"	"Epsom"	"Ocean Blaze"	"25.00"	"55"	"Handicap"	"17"	"19"	"McCarthy, Adrian"	"Millman, B R"	"5f "	"4"	"11"
"14:05:00"	"2008-06-07"	"Doncaster"	"Handsome Falcon"	"8.00"	"12.13"	"Handicap"	"11"	"14"	"Gibson, Dale"	"Fahey, R A"	"7f "	"4"	"9"
"21:15:00"	"2008-06-06"	"Doncaster"	"Fever"	"25.00"	"32.91"	"Handicap"	"6"	"8"	"Lawes, N S"	"Easterby, M W"	"1m "	"4"	"30"
"21:15:00"	"2008-06-06"	"Doncaster"	"Thunderousapplause"	"14.00"	"23.09"	"Handicap"	"8"	"8"	"Cosgrave, Pat"	"McCabe, A J"	"1m "	"4"	"31"
"19:40:00"	"2008-06-06"	"Doncaster"	"Magic Echo"	"16.00"	"19.77"	"Handicap"	"1"	"9"	"Makin, Phillip"	"Dods, M"	"1m2.5f "	"4"	"31"
"18:35:00"	"2008-06-06"	"Doncaster"	"Papas Princess"	"7.50"	"9.58"	"Handicap"	"7"	"12"	"Cartmel, Miss V"	"Goldie, J S"	"1m "	"4"	"7"
"18:35:00"	"2008-06-06"	"Doncaster"	"Kunte Kinteh"	"6.00"	"7.96"	"Handicap"	"8"	"12"	"Deniel, Miss A"	"Nicholls, D"	"1m "	"4"	"8"
"17:15:00"	"2008-06-06"	"Catterick"	"Ensigns Trick"	"16.00"	"23.47"	"Handicap"	"14"	"14"	"Morris, Luke"	"Brisbourne, W M"	"7f "	"4"	"27"
"16:45:00"	"2008-06-06"	"Catterick"	"Miss Daawe"	"3.33"	"5.43"	"Handicap"	"2"	"11"	"Betts, Lance"	"Ellison, B"	"6f "	"4"	"4"
"15:35:00"	"2008-06-06"	"Catterick"	"Heywood"	"5.50"	"6.36"	"Handicap"	"1"	"8"	"Sousa, Silvestre De"	"Nicholls, D"	"6f "	"4"	"14"
"15:00:00"	"2008-06-06"	"Catterick"	"Windjammer"	"5.00"	"6.37"	"Handicap"	"1"	"12"	"Allan, David"	"Easterby, T D"	"5f "	"4"	"6"
"15:00:00"	"2008-06-06"	"Catterick"	"Rue Soleil"	"10.00"	"13.5"	"Handicap"	"10"	"12"	"Winston, Robert"	"Weymes, J R"	"5f "	"4"	"4"
"18:45:00"	"2008-06-05"	"Sandown"	"Dazed And Amazed"	"8.00"	"11.5"	"Handicap"	"12"	"13"	"Moore, Ryan"	"Hannon, R"	"5f "	"4"	"19"
"16:40:00"	"2008-06-05"	"Hamilton"	"Rainbow Fox"	"5.50"	"8.4"	"Handicap"	"5"	"16"	"Hanagan, Paul"	"Fahey, R A"	"6f "	"4"	"19"
"15:10:00"	"2008-06-05"	"Hamilton"	"Ronnie Howe"	"4.00"	"5.43"	"Handicap"	"1"	"13"	"Lynch, Fergal"	"Dods, M"	"5f "	"4"	"30"
"15:00:00"	"2008-06-03"	"Ripon"	"Cherri Fosfate"	"5.50"	"7.2"	"Handicap"	"4"	"10"	"Allan, David"	"Carroll, D"	"1m2f "	"4"	"12"
"21:00:00"	"2008-06-02"	"Windsor"	"Rose Row"	"2.50"	"3.7"	"Handicap"	"1"	"9"	"Moore, Ryan"	"Hambro, Mrs Mary"	"1m3.5f "	"4"	"14"
"19:30:00"	"2008-06-02"	"Windsor"	"Kelamon"	"5.50"	"6.4"	"Handicap"	"7"	"14"	"Buick, William"	"Usher, M D I"	"6f "	"4"	"20"
"16:45:00"	"2008-06-02"	"Carlisle"	"College Land Boy"	"33.00"	"55"	"Handicap"	"12"	"15"	"Drury, Samuel"	"Kirtley, A"	"1m "	"4"	"7"
"14:45:00"	"2008-06-02"	"Carlisle"	"Five Wishes"	"4.50"	"6.4"	"Claimer"	"4"	"13"	"Makin, Phillip"	"Dods, M"	"1m "	"4"	"13"
"17:10:00"	"2008-06-01"	"Bath"	"Hereford Boy"	"6.00"	"8"	"Handicap"	"9"	"10"	"Havlin, Robert"	"Ivory, D K"	"5.5f "	"4"	"19"
"19:45:00"	"2007-06-30"	"Lingfield"	"Egyptian Lord"	"4.50"	"0"	"Handicap"	"4"	"8"	"Keniry, L P"	"Grayson, Peter"	"5f "	"4"	"36"
"16:50:00"	"2007-06-30"	"Windsor"	"Bobby Rose"	"25.00"	"0"	"Handicap"	"5"	"11"	"Hough, Chris"	"Ivory, D K"	"6f "	"4"	"52"
"16:50:00"	"2007-06-30"	"Windsor"	"North Fleet"	"12.00"	"0"	"Handicap"	"11"	"11"	"Savage, Barry"	"Bradley, J M"	"6f "	"4"	"50"
"15:40:00"	"2007-06-30"	"Windsor"	"Phantom Whisper"	"9.00"	"0"	"Handicap"	"2"	"14"	"McEvoy, Kerrin"	"Millman, B R"	"6f "	"4"	"23"
"15:40:00"	"2007-06-30"	"Windsor"	"Lethal"	"33.00"	"0"	"Handicap"	"9"	"14"	"Mongan, Ian"	"Ivory, D K"	"6f "	"4"	"28"
"14:15:00"	"2007-06-30"	"Chester"	"Tous Les Deux"	"8.00"	"0"	"Claimer"	"6"	"9"	"Kennemore, Russell"	"Grayson, Peter"	"1m2.5f "	"4"	"7"
"20:00:00"	"2007-06-29"	"Curragh"	"Waitingforanalibi"	"20.00"	"0"	"Handicap"	"7"	"27"	"Lordan, W M"	"OMara, T J"	"1m "	"4"	"6"
"21:30:00"	"2007-06-28"	"Hamilton"	"Maison Dieu"	"14.00"	"0"	"Handicap"	"11"	"14"	"Hamilton, Tony"	"Alston, E J"	"6f "	"4"	"17"
"17:20:00"	"2007-06-28"	"Warwick"	"Trafalgar Day"	"0.73"	"0"	"Handicap"	"1"	"8"	"Brisbourne, Mr Ben"	"Brisbourne, W M"	"1m4.5f "	"4"	"6"
"19:40:00"	"2007-06-27"	"Bath"	"Moves Goodenough"	"20.00"	"0"	"Handicap"	"1"	"12"	"Turner, Hayley"	"Turnell, Andrew"	"1m "	"4"	"37"
"19:40:00"	"2007-06-27"	"Bath"	"Salvestro"	"8.00"	"0"	"Handicap"	"8"	"12"	"Ghunowa, Kevin"	"Carroll, A W"	"1m "	"4"	"46"
"17:00:00"	"2007-06-27"	"Carlisle"	"Glasshoughton"	"4.50"	"0"	"Handicap"	"8"	"11"	"Makin, Phillip"	"Dods, M"	"5f "	"4"	"4"
"16:40:00"	"2007-06-27"	"Salisbury"	"Nawaqees"	"2.75"	"0"	"Handicap"	"6"	"8"	"Hills, R"	"Dunlop, J L"	"1m2f "	"4"	"18"
"15:30:00"	"2007-06-27"	"Carlisle"	"Veiled Applause"	"7.00"	"0"	"Handicap"	"5"	"16"	"Doyle, James"	"Beckett, R M"	"1m "	"4"	"9"
"15:00:00"	"2007-06-27"	"Carlisle"	"Networker"	"6.00"	"0"	"Handicap"	"3"	"14"	"Callan, N"	"McBride, P J"	"1m "	"4"	"20"
"15:00:00"	"2007-06-27"	"Carlisle"	"Spinning"	"11.00"	"0"	"Handicap"	"11"	"14"	"Makin, Phillip"	"Barron, T D"	"1m "	"4"	"5"
"15:00:00"	"2007-06-27"	"Carlisle"	"Choreography"	"33.00"	"0"	"Handicap"	"12"	"14"	"Sousa, Silvestre De"	"Nicholls, D"	"1m "	"4"	"30"
"16:30:00"	"2007-06-25"	"Musselburgh"	"The Jailer"	"9.00"	"0"	"Non-Handicap"	"4"	"14"	"Metcalfe, Michael"	"Oshea, J G M"	"1m "	"4"	"12"
"16:30:00"	"2007-06-25"	"Musselburgh"	"Wizby"	"16.00"	"0"	"Non-Handicap"	"9"	"14"	"Moriarty, Jamie"	"Evans, P D"	"1m "	"4"	"24"
"16:30:00"	"2007-06-25"	"Musselburgh"	"Smart Pick"	"25.00"	"0"	"Non-Handicap"	"12"	"14"	"Fairley, Greg"	"Williamson, Mrs L"	"1m "	"4"	"17"
"16:00:00"	"2007-06-25"	"Musselburgh"	"Astorygoeswithit"	"11.00"	"0"	"Handicap"	"11"	"12"	"Mulrennan, Paul"	"McEntee, P S"	"7f "	"4"	"34"
"16:00:00"	"2007-06-25"	"Musselburgh"	"Alucica"	"10.00"	"0"	"Handicap"	"12"	"12"	"Callan, N"	"Shaw, D"	"7f "	"4"	"11"
"14:00:00"	"2007-06-25"	"Musselburgh"	"Tillys Dream"	"4.50"	"0"	"Handicap"	"1"	"10"	"Mullen, Andrew"	"McEntee, P S"	"5f "	"4"	"4"
"14:00:00"	"2007-06-25"	"Musselburgh"	"Miacarla"	"7.50"	"0"	"Handicap"	"3"	"10"	"Fessey, Paul"	"Berry, A"	"5f "	"4"	"3"
"14:00:00"	"2007-06-25"	"Musselburgh"	"Princess Cleo"	"5.50"	"0"	"Handicap"	"6"	"10"	"Allan, David"	"Easterby, T D"	"5f "	"4"	"4"
"20:30:00"	"2007-06-23"	"Lingfield"	"Thoughtsofstardom"	"10.00"	"0"	"Handicap"	"2"	"11"	"Morris, Luke"	"McEntee, P S"	"5f "	"4"	"3"
"20:15:00"	"2007-06-23"	"Haydock"	"Tous Les Deux"	"12.00"	"0"	"Handicap"	"9"	"9"	"OShea, T P"	"Grayson, Peter"	"1m "	"4"	"33"
"19:45:00"	"2007-06-23"	"Haydock"	"Misphire"	"10.00"	"0"	"Handicap"	"1"	"10"	"Holland, Darryll"	"Dods, M"	"6f "	"4"	"4"
"19:45:00"	"2007-06-23"	"Haydock"	"Choysia"	"8.00"	"0"	"Handicap"	"8"	"10"	"Cosgrave, Pat"	"Barker, D W"	"6f "	"4"	"32"
"19:30:00"	"2007-06-23"	"Lingfield"	"Takitwo"	"4.00"	"0"	"Handicap"	"5"	"15"	"Callan, N"	"Cundell, P D"	"7.5f "	"4"	"6"
"17:00:00"	"2007-06-23"	"Ascot"	"Futun"	"12.00"	"0"	"Handicap"	"5"	"14"	"Spencer, Jamie"	"Cumani, L M"	"1m4f "	"4"	"38"
"16:45:00"	"2007-06-23"	"Redcar"	"Jaassey"	"33.00"	"0"	"Claimer"	"10"	"12"	"Enstone, Lee"	"Midgley, P T"	"7f "	"4"	"15"
"15:00:00"	"2007-06-23"	"Redcar"	"Vice Admiral"	"7.00"	"0"	"Handicap"	"10"	"14"	"Mulrennan, Paul"	"Easterby, M W"	"1m6f "	"4"	"11"
"15:00:00"	"2007-06-23"	"Redcar"	"Silent Street"	"20.00"	"0"	"Handicap"	"12"	"14"	"McCreery, Danielle"	"Reveley, K G"	"1m6f "	"4"	"21"
"21:20:00"	"2007-06-22"	"Musselburgh"	"Sandwith"	"9.00"	"0"	"Handicap"	"6"	"10"	"Moriarty, Jamie"	"Wainwright, J S"	"5f "	"4"	"15"
"19:50:00"	"2007-06-22"	"Musselburgh"	"Skyelady"	"4.50"	"0"	"Handicap"	"1"	"11"	"Eaves, Tom"	"Barron, T D"	"7f "	"4"	"27"
"19:50:00"	"2007-06-22"	"Musselburgh"	"Megalo Maniac"	"3.00"	"0"	"Handicap"	"8"	"11"	"Moriarty, Jamie"	"Fahey, R A"	"7f "	"4"	"38"
"17:45:00"	"2007-06-22"	"Redcar"	"Miacarla"	"14.00"	"0"	"Handicap Maiden"	"1"	"13"	"Enstone, Lee"	"Berry, A"	"5f "	"4"	"43"
"17:45:00"	"2007-06-22"	"Redcar"	"Whithorn"	"22.00"	"0"	"Handicap Maiden"	"11"	"13"	"Fairley, Greg"	"Balding, J"	"5f "	"4"	"11"
"17:30:00"	"2007-06-22"	"Ascot"	"South Cape"	"12.00"	"0"	"Handicap"	"5"	"25"	"OShea, T P"	"Channon, M R"	"7f "	"4"	"20"
"17:30:00"	"2007-06-22"	"Ascot"	"Leopoldine"	"33.00"	"0"	"Handicap"	"20"	"25"	"Drowne, Steve"	"Morrison, H"	"7f "	"4"	"13"
"16:35:00"	"2007-06-22"	"Redcar"	"Spinning"	"3.33"	"0"	"Handicap"	"2"	"8"	"Makin, Phillip"	"Barron, T D"	"1m "	"4"	"22"
"16:00:00"	"2007-06-22"	"Redcar"	"High Curragh"	"12.00"	"0"	"Handicap"	"6"	"14"	"ODonohoe, D"	"Ryan, K A"	"6f "	"4"	"9"
"17:45:00"	"2007-06-21"	"Ripon"	"Ladys Law"	"22.00"	"0"	"Handicap"	"7"	"11"	"Ryan, Amy"	"Guest, Rae"	"1m4f "	"4"	"12"
"14:45:00"	"2007-06-21"	"Ripon"	"Tillys Dream"	"14.00"	"0"	"Handicap"	"3"	"10"	"Callan, N"	"McEntee, P S"	"5f "	"4"	"7"
"14:45:00"	"2007-06-21"	"Ripon"	"Princess Cleo"	"7.00"	"0"	"Handicap"	"7"	"10"	"Mulrennan, Paul"	"Easterby, T D"	"5f "	"4"	"8"
"16:35:00"	"2007-06-20"	"Hamilton"	"Memphis Man"	"5.50"	"0"	"Handicap"	"7"	"8"	"Quinn, Jimmy"	"Brisbourne, W M"	"6f "	"4"	"22"
"16:20:00"	"2007-06-20"	"Ascot"	"Yarqus"	"66.00"	"0"	"Handicap"	"5"	"26"	"Mullen, Richard"	"Brittain, C E"	"1m "	"4"	"18"
"16:20:00"	"2007-06-20"	"Ascot"	"Skhilling Spirit"	"16.00"	"0"	"Handicap"	"8"	"26"	"Fessey, Paul"	"Barron, T D"	"1m "	"4"	"39"
"16:20:00"	"2007-06-20"	"Ascot"	"Wind Star"	"25.00"	"0"	"Handicap"	"25"	"26"	"McKeown, Dean"	"Swinbank, G A"	"1m "	"4"	"23"
"16:00:00"	"2007-06-20"	"Hamilton"	"Thoughtsofstardom"	"9.00"	"0"	"Claimer"	"1"	"11"	"Morris, Luke"	"McEntee, P S"	"5f "	"4"	"7"
"15:20:00"	"2007-06-20"	"Hamilton"	"Reveur"	"10.00"	"0"	"Handicap"	"7"	"11"	"Cosgrave, Pat"	"Burke, K R"	"1m1f "	"4"	"44"
"15:20:00"	"2007-06-20"	"Hamilton"	"Miss Lovat"	"100.00"	"0"	"Handicap"	"10"	"11"	"Quinn, Paul"	"Brisbourne, W M"	"1m1f "	"4"	"18"
"18:30:00"	"2007-06-19"	"Yarmouth"	"Gizmondo"	"2.25"	"0"	"Handicap"	"8"	"11"	"Hough, Chris"	"Bell, M L W"	"1m2f "	"4"	"13"
"21:15:00"	"2007-06-18"	"Warwick"	"Stravara"	"1.88"	"0"	"Handicap"	"5"	"9"	"Kennemore, Russell"	"Hollinshead, R"	"1m3f "	"4"	"2"
"20:15:00"	"2007-06-18"	"Warwick"	"Luckylover"	"4.50"	"0"	"Handicap"	"3"	"8"	"ODwyer, Jerry"	"Quinlan, M G"	"7f "	"4"	"18"
"20:05:00"	"2007-06-18"	"Windsor"	"China Cherub"	"5.00"	"0"	"Handicap"	"1"	"12"	"Moore, Ryan"	"Hannon, R"	"6f "	"4"	"10"
"20:05:00"	"2007-06-18"	"Windsor"	"Regal Royale"	"14.00"	"0"	"Handicap"	"3"	"12"	"Keniry, L P"	"Grayson, Peter"	"6f "	"4"	"42"
"20:05:00"	"2007-06-18"	"Windsor"	"Abwaab"	"7.00"	"0"	"Handicap"	"4"	"12"	"Fenton, Micky"	"Houghton, Eve Johnson"	"6f "	"4"	"14"
"17:15:00"	"2007-06-18"	"Carlisle"	"Global Strategy"	"1.63"	"0"	"Handicap"	"6"	"8"	"Hanagan, Paul"	"Guest, Rae"	"1m6f "	"4"	"19"
"15:45:00"	"2007-06-18"	"Carlisle"	"Spirit Of Coniston"	"25.00"	"0"	"Handicap"	"5"	"14"	"Harrison, Kelly"	"Teague, C J"	"5f "	"4"	"16"
"15:45:00"	"2007-06-18"	"Carlisle"	"Hotham"	"8.00"	"0"	"Handicap"	"6"	"14"	"Moriarty, Jamie"	"Wilson, N"	"5f "	"4"	"7"
"17:25:00"	"2007-06-17"	"Cork"	"Aliceinwonderland"	"4.00"	"0"	"Handicap"	"1"	"18"	"Lordan, W M"	"Wachman, David"	"7f "	"4"	"21"
"15:00:00"	"2007-06-17"	"Salisbury"	"Makabul"	"10.00"	"0"	"Handicap"	"2"	"8"	"Havlin, Robert"	"Millman, B R"	"5f "	"4"	"10"
"15:00:00"	"2007-06-17"	"Salisbury"	"Azygous"	"14.00"	"0"	"Handicap"	"7"	"8"	"Quinn, Jimmy"	"Akehurst, J"	"5f "	"4"	"10"
"18:55:00"	"2007-06-16"	"Lingfield"	"Double Valentine"	"16.00"	"0"	"Handicap"	"12"	"17"	"Havlin, Robert"	"Ingram, R"	"7f "	"4"	"2"
"18:45:00"	"2007-06-16"	"Leicester"	"Prettilini"	"12.00"	"0"	"Handicap"	"6"	"11"	"Guillambert, J-P"	"Carroll, A W"	"6f "	"4"	"11"
"18:25:00"	"2007-06-16"	"Lingfield"	"Mister Incredible"	"12.00"	"0"	"Handicap"	"5"	"13"	"Bowman, J H"	"Bradley, J M"	"6f "	"4"	"18"
"17:05:00"	"2007-06-16"	"Bath"	"What Do You Know"	"7.00"	"0"	"Handicap"	"8"	"11"	"ODwyer, Jerry"	"Hales, A M"	"5.5f "	"4"	"8"
"16:35:00"	"2007-06-16"	"Bath"	"Lii Najma"	"4.50"	"0"	"Handicap"	"2"	"8"	"Holland, Darryll"	"Brittain, C E"	"1m "	"4"	"17"
"15:25:00"	"2007-06-16"	"Bath"	"Montzando"	"9.00"	"0"	"Seller"	"7"	"17"	"Millman, James"	"Millman, B R"	"5.5f "	"4"	"23"
"21:10:00"	"2007-06-13"	"Hamilton"	"High Curragh"	"9.00"	"0"	"Handicap"	"9"	"13"	"Mullen, Andrew"	"Ryan, K A"	"6f "	"4"	"25"
"20:10:00"	"2007-06-13"	"Hamilton"	"Fortress"	"14.00"	"0"	"Handicap"	"5"	"9"	"Nicholls, Adrian T"	"Alston, E J"	"1m.5f "	"4"	"21"
"19:40:00"	"2007-06-13"	"Hamilton"	"City Miss"	"100.00"	"0"	"Seller"	"11"	"15"	"Fentiman, Duran"	"Perratt, Miss L A"	"1m.5f "	"4"	"30"
"21:15:00"	"2007-06-12"	"Chester"	"Vice Admiral"	"6.50"	"0"	"Handicap"	"6"	"15"	"Mason, Joanna"	"Easterby, M W"	"1m4.5f "	"4"	"17"
"14:45:00"	"2007-06-12"	"Salisbury"	"Charlie Delta"	"2.50"	"0"	"Claimer"	"1"	"17"	"McEvoy, Kerrin"	"Boyle, J R"	"7f "	"4"	"12"
"14:45:00"	"2007-06-12"	"Salisbury"	"Mannello"	"33.00"	"0"	"Claimer"	"2"	"17"	"Gannon, Catherine"	"Palling, B"	"7f "	"4"	"14"
"14:45:00"	"2007-06-12"	"Salisbury"	"Alwariah"	"33.00"	"0"	"Claimer"	"15"	"17"	"Doyle, James"	"Doyle, Ms J S"	"7f "	"4"	"7"
"19:35:00"	"2007-06-11"	"Windsor"	"Cactus King"	"16.00"	"0"	"Handicap"	"6"	"12"	"Mongan, Ian"	"Phelan, P M"	"1m2f "	"4"	"11"
"19:05:00"	"2007-06-11"	"Windsor"	"Kings Ransom"	"5.00"	"0"	"Claimer"	"3"	"10"	"Hughes, Richard"	"Muir, W R"	"1m3.5f "	"4"	"7"
"18:55:00"	"2007-06-11"	"Roscommon"	"Ilza"	"25.00"	"0"	"Handicap"	"12"	"16"	"Williams, S J"	"Tyrrell, Eamon"	"1m4f "	"4"	"18"
"17:10:00"	"2007-06-10"	"Bath"	"Welcome Approach"	"16.00"	"0"	"Handicap"	"11"	"12"	"Buick, William"	"Weymes, J R"	"5.5f "	"4"	"13"
"15:55:00"	"2007-06-10"	"Roscommon"	"Accompanist"	"25.00"	"0"	"Handicap"	"7"	"12"	"McCullagh, N G"	"McCourt, T G"	"1m4f "	"4"	"7"
"15:10:00"	"2007-06-10"	"Bath"	"Monmouthshire"	"8.00"	"0"	"Handicap"	"7"	"14"	"Dean, Tolley"	"Price, R J"	"1m2f "	"4"	"25"
"20:00:00"	"2007-06-09"	"Curragh"	"Killarney Beauty"	"10.00"	"0"	"Handicap"	"4"	"12"	"Heffernan, J A"	"McCourt, T G"	"1m "	"4"	"5"
"19:50:00"	"2007-06-09"	"Lingfield"	"Special Place"	"8.00"	"0"	"Handicap"	"9"	"9"	"Ahern, Eddie"	"Toller, J A R"	"7f "	"4"	"21"
"19:30:00"	"2007-06-09"	"Curragh"	"Master At Arms"	"25.00"	"0"	"Handicap"	"6"	"20"	"Sullivan, James P"	"Loughnane, Daniel Mark"	"1m2f "	"4"	"10"
"17:25:00"	"2007-06-09"	"Musselburgh"	"Viva Volta"	"7.50"	"0"	"Handicap"	"2"	"10"	"Allan, David"	"Easterby, T D"	"7f "	"4"	"7"
"16:10:00"	"2007-06-09"	"Haydock"	"Genari"	"2.25"	"0"	"Handicap"	"8"	"10"	"Darley, K"	"Cole, P F I"	"1m "	"4"	"16"
"14:45:00"	"2007-06-09"	"Musselburgh"	"Blazing Heights"	"11.00"	"0"	"Handicap"	"2"	"13"	"Bartley, Gary"	"Goldie, J S"	"5f "	"4"	"7"
"17:25:00"	"2007-06-08"	"Catterick"	"Smart Pick"	"12.00"	"0"	"Handicap"	"5"	"9"	"Fairley, Greg"	"Williamson, Mrs L"	"7f "	"4"	"13"
"16:50:00"	"2007-06-08"	"Catterick"	"Walnut Grove"	"1.75"	"0"	"Handicap"	"7"	"8"	"Brown, Neil"	"Barron, T D"	"6f "	"4"	"1"
"14:55:00"	"2007-06-08"	"Brighton"	"What Do You Know"	"5.00"	"0"	"Handicap"	"5"	"9"	"ODwyer, Jerry"	"Hales, A M"	"5.5f "	"4"	"2"
"18:50:00"	"2007-06-07"	"Sandown"	"Phantom Whisper"	"8.50"	"0"	"Handicap"	"2"	"14"	"Crowley, Jim"	"Millman, B R"	"5f "	"4"	"14"
"18:50:00"	"2007-06-07"	"Sandown"	"Azygous"	"20.00"	"0"	"Handicap"	"10"	"14"	"Dwyer, Martin"	"Akehurst, J"	"5f "	"4"	"27"
"17:05:00"	"2007-06-07"	"Hamilton"	"Magic Moth"	"5.50"	"0"	"Handicap"	"7"	"10"	"Fanning, Joe"	"Johnston, M"	"1m5f "	"4"	"28"
"16:55:00"	"2007-06-07"	"Haydock"	"Frank Crow"	"33.00"	"0"	"Handicap"	"10"	"10"	"Durcan, Ted"	"Goldie, J S"	"1m2.5f "	"4"	"15"
"16:35:00"	"2007-06-07"	"Hamilton"	"Walnut Grove"	"5.50"	"0"	"Handicap"	"7"	"14"	"Brown, Neil"	"Barron, T D"	"6f "	"4"	"10"
"15:35:00"	"2007-06-07"	"Hamilton"	"Networker"	"1.38"	"0"	"Handicap"	"1"	"10"	"Callan, N"	"McBride, P J"	"1m.5f "	"4"	"8"
"15:35:00"	"2007-06-07"	"Hamilton"	"Very Well Red"	"4.00"	"0"	"Handicap"	"5"	"10"	"Carson, William"	"Hiatt, P W"	"1m.5f "	"4"	"12"
"15:25:00"	"2007-06-07"	"Haydock"	"Makabul"	"10.00"	"0"	"Handicap"	"9"	"13"	"Millman, James"	"Millman, B R"	"6f "	"4"	"17"
"15:25:00"	"2007-06-07"	"Haydock"	"Brunelleschi"	"3.00"	"0"	"Handicap"	"11"	"13"	"Morris, Luke"	"Gilligan, P L"	"6f "	"4"	"8"
"20:20:00"	"2007-06-06"	"Ripon"	"Robustian"	"8.00"	"0"	"Handicap"	"4"	"12"	"Carson, Stephen"	"Houghton, Eve Johnson"	"1m "	"4"	"12"
"16:20:00"	"2007-06-06"	"Lingfield"	"Wassfa"	"6.00"	"0"	"Handicap"	"1"	"8"	"McEvoy, Kerrin"	"Brittain, C E"	"1m2f "	"4"	"22"
"16:20:00"	"2007-06-06"	"Lingfield"	"Snake Skin"	"3.50"	"0"	"Handicap"	"2"	"8"	"Crowley, Jim"	"Gallagher, J"	"1m2f "	"4"	"7"
"16:45:00"	"2007-06-05"	"Lingfield"	"Scroll"	"20.00"	"0"	"Handicap"	"7"	"16"	"Crowley, Jim"	"Howling, P"	"7f "	"4"	"11"
"16:45:00"	"2007-06-05"	"Lingfield"	"Piccostar"	"16.00"	"0"	"Handicap"	"12"	"16"	"Sweeney, Fergus"	"Haynes, A B"	"7f "	"4"	"13"
"15:45:00"	"2007-06-05"	"Lingfield"	"Vegas Boys"	"3.33"	"0"	"Handicap"	"1"	"17"	"ODonohoe, D"	"Wigham, M"	"6f "	"4"	"4"
"15:45:00"	"2007-06-05"	"Lingfield"	"Going Skint"	"12.00"	"0"	"Handicap"	"10"	"17"	"Kirby, Adam"	"Wellings, M"	"6f "	"4"	"15"
"17:10:00"	"2007-06-04"	"Naas"	"Killarney Beauty"	"10.00"	"0"	"Handicap"	"8"	"16"	"McCullagh, N G"	"McCourt, T G"	"1m2f "	"4"	"22"
"16:00:00"	"2007-06-04"	"Leicester"	"Kings Ransom"	"6.50"	"0"	"Claimer"	"3"	"12"	"Hughes, Richard"	"Muir, W R"	"1m2f "	"4"	"19"
"14:40:00"	"2007-06-04"	"Naas"	"Monthly Medal"	"7.00"	"0"	"Handicap"	"16"	"16"	"Berry, F M"	"OBrien, Charles"	"7f "	"4"	"17"
"17:45:00"	"2007-06-03"	"Listowel"	"Flare Star (OLD)"	"3.50"	"0"	"Non-Handicap"	"7"	"12"	"Ryan, Miss Pauline"	"Hogan, T"	"1m6f "	"4"	"7"
"21:00:00"	"2007-06-02"	"Newcastle"	"Viva Volta"	"3.50"	"0"	"Handicap"	"1"	"16"	"Allan, David"	"Easterby, T D"	"7f "	"4"	"18"
"17:40:00"	"2007-06-02"	"Epsom"	"Lucayos"	"20.00"	"0"	"Handicap"	"12"	"16"	"Kingscote, Richard"	"Sweeting, Mrs H"	"6f "	"4"	"3"
"17:40:00"	"2007-06-02"	"Epsom"	"Lethal"	"10.00"	"0"	"Handicap"	"15"	"16"	"Crowley, Jim"	"Ivory, D K"	"6f "	"4"	"8"
"17:15:00"	"2007-06-02"	"Musselburgh"	"Spirit Of Coniston"	"7.50"	"0"	"Claimer"	"3"	"9"	"Fentiman, Duran"	"Teague, C J"	"5f "	"4"	"12"
"17:15:00"	"2007-06-02"	"Musselburgh"	"Rothesay Dancer"	"8.00"	"0"	"Claimer"	"6"	"9"	"Bartley, Gary"	"Goldie, J S"	"5f "	"4"	"12"
"17:05:00"	"2007-06-02"	"Epsom"	"Nakheel"	"9.00"	"0"	"Handicap"	"13"	"16"	"Hills, R"	"Johnston, M"	"1m4f "	"4"	"15"
"15:35:00"	"2007-06-01"	"Catterick"	"Bel Cantor"	"7.50"	"0"	"Handicap"	"3"	"9"	"Mullen, Andrew"	"Ratcliffe, W J H"	"6f "	"4"	"13"
"20:50:00"	"2006-06-30"	"Newcastle"	"Highland Cascade"	"25.00"	"0"	"Handicap"	"6"	"19"	"Callan, N"	"Eustace, J M P"	"6f "	"4"	"15"
"20:50:00"	"2006-06-30"	"Newcastle"	"Throw The Dice"	"12.00"	"0"	"Handicap"	"19"	"19"	"Makin, Phillip"	"Barker, D W"	"6f "	"4"	"25"
"18:45:00"	"2006-06-30"	"Newcastle"	"Mount Usher"	"2.00"	"0"	"Handicap"	"1"	"8"	"McKeown, Dean"	"Swinbank, G A"	"1m2f "	"4"	"16"
"18:45:00"	"2006-06-30"	"Newcastle"	"Royal Flynn"	"7.00"	"0"	"Handicap"	"3"	"8"	"Fessey, Paul"	"Dods, M"	"1m2f "	"4"	"28"
"21:30:00"	"2006-06-29"	"Hamilton"	"Muara"	"8.00"	"0"	"Handicap"	"3"	"11"	"Lawson, Mark"	"Barker, D W"	"6f "	"4"	"15"
"21:30:00"	"2006-06-29"	"Hamilton"	"Primarily"	"8.00"	"0"	"Handicap"	"9"	"11"	"Darley, K"	"Berry, A"	"6f "	"4"	"5"
"19:00:00"	"2006-06-29"	"Hamilton"	"Baileys Honour"	"16.00"	"0"	"Handicap"	"6"	"13"	"Hannaford, Miss C"	"Newcombe, A G"	"1m5f "	"4"	"22"
"18:45:00"	"2006-06-29"	"Leicester"	"Town House"	"100.00"	"0"	"Handicap"	"5"	"14"	"Tuck, Miss E J"	"Baugh, B P J"	"5f "	"4"	"55"
"14:10:00"	"2006-06-29"	"Salisbury"	"Danger Zone"	"5.00"	"0"	"Handicap"	"2"	"9"	"Mongan, Ian"	"Perrett, Mrs A J"	"1m2f "	"4"	"12"
"14:10:00"	"2006-06-29"	"Salisbury"	"Queen Of Iceni"	"4.00"	"0"	"Handicap"	"5"	"9"	"Durcan, Ted"	"Dunlop, J L"	"1m2f "	"4"	"19"
"21:10:00"	"2006-06-28"	"Bath"	"Louphole"	"4.50"	"0"	"Handicap"	"1"	"11"	"Quinn, Amir"	"Makin, P J"	"5.5f "	"4"	"9"
"20:10:00"	"2006-06-28"	"Bath"	"Personify"	"8.00"	"0"	"Handicap"	"1"	"15"	"Kirby, Adam"	"Cox, C G"	"1m "	"4"	"16"
"19:00:00"	"2006-06-28"	"Naas"	"Dispatches"	"50.00"	"0"	"Maiden"	"8"	"16"	"ODonoghue, C"	"Kingston, G A"	"6f "	"4"	"18"
"18:40:00"	"2006-06-28"	"Bath"	"Spring Time Girl"	"16.00"	"0"	"Handicap"	"8"	"15"	"Ellison, Miss L"	"Ellison, B"	"1m2f "	"4"	"14"
"17:00:00"	"2006-06-28"	"Salisbury"	"Fairmile"	"5.50"	"0"	"Handicap"	"2"	"12"	"Kirby, Adam"	"Swinburn, W R"	"1m2f "	"4"	"21"
"17:00:00"	"2006-06-28"	"Salisbury"	"The Composer"	"9.00"	"0"	"Handicap"	"6"	"12"	"Norton, Francis"	"Blanshard, M"	"1m2f "	"4"	"33"
"15:30:00"	"2006-06-27"	"Brighton"	"Edge Fund"	"16.00"	"0"	"Claimer"	"5"	"9"	"Doyle, James"	"Kelleway, Miss Gay"	"1m2f "	"4"	"12"
"17:30:00"	"2006-06-26"	"Musselburgh"	"Shatin Leader"	"33.00"	"0"	"Handicap"	"12"	"17"	"Hanagan, Paul"	"Perratt, Miss L A"	"5f "	"4"	"12"
"16:30:00"	"2006-06-26"	"Musselburgh"	"Spanish Law"	"4.50"	"0"	"Handicap"	"5"	"14"	"Makin, Phillip"	"Dods, M"	"7f "	"4"	"3"
"16:30:00"	"2006-06-26"	"Musselburgh"	"Jenna Stannis"	"33.00"	"0"	"Handicap"	"11"	"14"	"Elliott, Andrew"	"Storey, W"	"7f "	"4"	"3"
"15:00:00"	"2006-06-25"	"Warwick"	"Cree"	"3.00"	"0"	"Handicap"	"6"	"8"	"Spencer, Jamie"	"Muir, W R"	"6f "	"4"	"10"
"14:30:00"	"2006-06-25"	"Warwick"	"Coconut Moon"	"2.50"	"0"	"Handicap"	"2"	"11"	"Norton, Francis"	"Alston, E J"	"5f "	"4"	"12"
"14:30:00"	"2006-06-25"	"Warwick"	"Rubys Dream"	"20.00"	"0"	"Handicap"	"3"	"11"	"Fanning, Joe"	"Bradley, J M"	"5f "	"4"	"39"
"20:45:00"	"2006-06-24"	"Warwick"	"Zantero"	"66.00"	"0"	"Maiden"	"7"	"8"	"Sweeney, Fergus"	"Brisbourne, W M"	"7f "	"4"	"7"
"20:00:00"	"2006-06-24"	"Lingfield"	"Bold Diktator"	"3.00"	"0"	"Handicap"	"1"	"8"	"Drowne, Steve"	"Muir, W R"	"7.5f "	"4"	"13"
"16:55:00"	"2006-06-24"	"Ascot"	"Alfie Noakes"	"12.00"	"0"	"Handicap"	"10"	"19"	"McEvoy, Kerrin"	"Perrett, Mrs A J"	"1m4f "	"4"	"21"
"16:40:00"	"2006-06-24"	"Redcar"	"Art Elegant"	"2.75"	"0"	"Claimer"	"6"	"14"	"Hamilton, Tony"	"Swinbank, G A"	"7f "	"4"	"10"
"16:25:00"	"2006-06-24"	"Ascot"	"Judd Street"	"40.00"	"0"	"Handicap"	"12"	"28"	"Carson, Stephen"	"Houghton, R F Johnson"	"6f "	"4"	"14"
"16:25:00"	"2006-06-24"	"Ascot"	"Zomerlust"	"33.00"	"0"	"Handicap"	"23"	"28"	"Gibbons, Graham"	"Quinn, J J"	"6f "	"4"	"28"
"15:00:00"	"2006-06-24"	"Redcar"	"Celtic Carisma"	"12.00"	"0"	"Handicap"	"5"	"14"	"Hamilton, Tony"	"Reveley, K G"	"1m6f "	"4"	"22"
"17:45:00"	"2006-06-22"	"Ripon"	"Leighton Buzzard"	"7.00"	"0"	"Handicap"	"2"	"18"	"Tudhope, Daniel"	"Duffield, Mrs A"	"1m "	"4"	"5"
"17:45:00"	"2006-06-22"	"Ripon"	"Flaxby"	"12.00"	"0"	"Handicap"	"7"	"18"	"Gibbons, Graham"	"Bethell, J D"	"1m "	"4"	"8"
"17:30:00"	"2006-06-22"	"Ascot"	"Sky Crusader"	"40.00"	"0"	"Handicap"	"15"	"27"	"Mullen, Richard"	"Ingram, R"	"7f "	"4"	"5"
"15:25:00"	"2006-06-22"	"Ripon"	"Special Gold (OLD)"	"14.00"	"0"	"Claimer"	"3"	"14"	"Allan, David"	"Easterby, T D"	"6f "	"4"	"13"
"15:25:00"	"2006-06-22"	"Ripon"	"Smokincanon"	"14.00"	"0"	"Claimer"	"7"	"14"	"Miles, Robert"	"Turner, W G M"	"6f "	"4"	"9"
"14:50:00"	"2006-06-22"	"Ripon"	"Aegean Dancer"	"9.00"	"0"	"Handicap"	"2"	"13"	"Mongan, Ian"	"Smart, B"	"5f "	"4"	"14"
"18:40:00"	"2006-06-21"	"Ripon"	"Diamond Josh"	"3.50"	"0"	"Seller"	"1"	"19"	"Hamblett, J P"	"Evans, P D"	"6f "	"4"	"4"
"16:35:00"	"2006-06-21"	"Hamilton"	"Elkhorn"	"20.00"	"0"	"Handicap"	"6"	"9"	"Mulrennan, Paul"	"Camacho, Miss J A"	"6f "	"4"	"12"
"16:25:00"	"2006-06-21"	"Ascot"	"Stronghold"	"14.00"	"0"	"Handicap"	"2"	"30"	"Hughes, Richard"	"Gosden, J H M"	"1m "	"4"	"11"
"16:25:00"	"2006-06-21"	"Ascot"	"Tucker"	"33.00"	"0"	"Handicap"	"18"	"30"	"Egan, John"	"Elsworth, D R C"	"1m "	"4"	"11"
"16:25:00"	"2006-06-21"	"Ascot"	"Dansili Dancer"	"50.00"	"0"	"Handicap"	"26"	"30"	"Kirby, Adam"	"Cox, C G"	"1m "	"4"	"11"
"15:25:00"	"2006-06-21"	"Hamilton"	"Alisdanza"	"3.00"	"0"	"Handicap"	"5"	"9"	"Winston, Robert"	"Swinbank, G A"	"1m1f "	"4"	"7"
"20:05:00"	"2006-06-20"	"Brighton"	"Noorain"	"4.00"	"0"	"Seller"	"4"	"9"	"Norton, Francis"	"Liddiard, Stef"	"1m "	"4"	"15"
"20:05:00"	"2006-06-20"	"Brighton"	"Windy Prospect"	"5.50"	"0"	"Seller"	"5"	"9"	"Hamblett, Ashley"	"West, Miss Sheena"	"1m "	"4"	"5"
"20:05:00"	"2006-06-20"	"Brighton"	"Granary Girl"	"5.00"	"0"	"Seller"	"6"	"9"	"Quinn, Jimmy"	"Pearce, J"	"1m "	"4"	"19"
"21:15:00"	"2006-06-19"	"Warwick"	"Thorny Mandate"	"7.50"	"0"	"Handicap"	"4"	"12"	"Munro, Alan"	"Houghton, R F Johnson"	"1m3f "	"4"	"9"
"20:05:00"	"2006-06-19"	"Windsor"	"Louphole"	"5.00"	"0"	"Handicap"	"3"	"10"	"Catlin, Chris"	"Makin, P J"	"6f "	"4"	"13"
"20:05:00"	"2006-06-19"	"Windsor"	"Born To Be Bold"	"5.00"	"0"	"Handicap"	"4"	"10"	"Moore, Ryan"	"Hannon, R"	"6f "	"4"	"14"
"18:35:00"	"2006-06-19"	"Windsor"	"Simplify"	"33.00"	"0"	"Handicap"	"10"	"14"	"Halford, Marc"	"Jones, T M"	"1m.5f "	"4"	"32"
"16:45:00"	"2006-06-19"	"Carlisle"	"Mill By The Stream"	"16.00"	"0"	"Handicap"	"10"	"17"	"Fanning, Joe"	"Midgley, P T"	"6f "	"4"	"7"
"15:15:00"	"2006-06-19"	"Carlisle"	"Aqua"	"100.00"	"0"	"Handicap"	"12"	"12"	"Moore, Rory"	"Midgley, P T"	"1m "	"4"	"16"
"16:50:00"	"2006-06-18"	"York"	"Whispering Death"	"7.50"	"0"	"Handicap"	"2"	"14"	"Jones, Liam"	"Haggas, W J"	"1m6f "	"4"	"11"
"16:50:00"	"2006-06-18"	"York"	"Star Rising"	"7.00"	"0"	"Handicap"	"5"	"14"	"Mathers, Patrick"	"Musson, W J"	"1m6f "	"4"	"12"
"16:20:00"	"2006-06-18"	"York"	"Folga"	"8.50"	"0"	"Handicap"	"4"	"10"	"Ahern, Eddie"	"Given, J G"	"6f "	"4"	"15"
"20:45:00"	"2006-06-17"	"Leicester"	"Leighton Buzzard"	"5.50"	"0"	"Handicap"	"5"	"14"	"Tudhope, Daniel"	"Duffield, Mrs A"	"1m.5f "	"4"	"12"
"20:45:00"	"2006-06-17"	"Leicester"	"Credential"	"7.00"	"0"	"Handicap"	"10"	"14"	"Elliott, Andrew"	"Harris, John A"	"1m.5f "	"4"	"12"
"19:35:00"	"2006-06-17"	"Lingfield"	"Lifes A Whirl"	"20.00"	"0"	"Handicap"	"9"	"14"	"Drowne, Steve"	"Dunnett, Mrs C A"	"7f "	"4"	"17"
"17:35:00"	"2006-06-17"	"Bath"	"Queue Up"	"12.00"	"0"	"Handicap"	"6"	"16"	"Hannaford, Miss C"	"Newcombe, A G"	"1m2f "	"4"	"43"
"17:35:00"	"2006-06-17"	"Bath"	"Ruling Reef"	"20.00"	"0"	"Handicap"	"8"	"16"	"Horton, Miss Ashleigh"	"Usher, M D I"	"1m2f "	"4"	"25"
"15:20:00"	"2006-06-17"	"Bath"	"Von Wessex"	"12.00"	"0"	"Seller"	"8"	"16"	"Jones, Liam"	"Turner, W G M"	"5.5f "	"4"	"10"
"14:20:00"	"2006-06-17"	"Sandown"	"Sky Crusader"	"11.00"	"0"	"Handicap"	"7"	"13"	"Havlin, Robert"	"Ingram, R"	"7f "	"4"	"15"
"16:30:00"	"2006-06-16"	"Sandown"	"South OThe Border"	"5.00"	"0"	"Handicap"	"3"	"13"	"Doyle, James"	"Mills, T G"	"1m2f "	"4"	"18"
"16:30:00"	"2006-06-16"	"Sandown"	"Coup DEtat"	"9.00"	"0"	"Handicap"	"4"	"13"	"Quinn, T"	"Dunlop, J L"	"1m2f "	"4"	"41"
"15:05:00"	"2006-06-16"	"York"	"Graze On"	"14.00"	"0"	"Handicap"	"6"	"15"	"Dean, Tolley"	"Harris, R A"	"5f "	"4"	"27"
"14:55:00"	"2006-06-16"	"Sandown"	"Matsunosuke"	"12.00"	"0"	"Handicap"	"7"	"10"	"Sanders, Seb"	"Coogan, A B"	"5f "	"4"	"15"
"19:35:00"	"2006-06-15"	"Brighton"	"Edge Fund"	"11.00"	"0"	"Seller"	"5"	"8"	"Donohoe, Stephen"	"Kelleway, Miss Gay"	"1m2f "	"4"	"30"
"19:05:00"	"2006-06-15"	"Brighton"	"Cree"	"25.00"	"0"	"Handicap"	"5"	"11"	"Keniry, L P"	"Muir, W R"	"7f "	"4"	"16"
"19:05:00"	"2006-06-15"	"Brighton"	"Measured Response"	"7.00"	"0"	"Handicap"	"10"	"11"	"Donohoe, Stephen"	"Oshea, J G M"	"7f "	"4"	"12"
"18:35:00"	"2006-06-15"	"Brighton"	"Barachois Gaudy"	"16.00"	"0"	"Claimer"	"7"	"8"	"Kingscote, Richard"	"Smith, Mrs N"	"1m "	"4"	"30"
"16:40:00"	"2006-06-15"	"Yarmouth"	"Bold Cheverak"	"22.00"	"0"	"Handicap"	"8"	"11"	"Hitchcott, Sam"	"Dunnett, Mrs C A"	"6f "	"4"	"35"
"16:40:00"	"2006-06-15"	"Yarmouth"	"Norcroft"	"14.00"	"0"	"Handicap"	"11"	"11"	"Nicholls, Adrian T"	"Dunnett, Mrs C A"	"6f "	"4"	"33"
"19:45:00"	"2006-06-14"	"Hamilton"	"Spring Time Girl"	"16.00"	"0"	"Seller"	"7"	"14"	"Winston, Robert"	"Ellison, B"	"1m.5f "	"4"	"16"
"20:45:00"	"2006-06-13"	"Chester"	"Coconut Moon"	"4.50"	"0"	"Handicap"	"3"	"10"	"Allan, David"	"Alston, E J"	"5f "	"4"	"3"
"19:45:00"	"2006-06-13"	"Chester"	"Prime Contender (OLD)"	"5.00"	"0"	"Handicap"	"2"	"8"	"Hills, Michael"	"Hills, B W"	"1m2.5f "	"4"	"17"
"16:15:00"	"2006-06-13"	"Salisbury"	"Pittsburgh"	"4.00"	"0"	"Handicap"	"6"	"11"	"Hughes, Richard"	"Balding, A M"	"1m4f "	"4"	"8"
"20:35:00"	"2006-06-12"	"Windsor"	"Aggravation"	"5.50"	"0"	"Handicap"	"1"	"14"	"Fallon, K"	"Elsworth, D R C"	"1m.5f "	"4"	"31"
"20:35:00"	"2006-06-12"	"Windsor"	"Della Salute"	"66.00"	"0"	"Handicap"	"8"	"14"	"Fenton, Micky"	"Lavelle, Miss E C"	"1m.5f "	"4"	"8"
"15:45:00"	"2006-06-10"	"Musselburgh"	"Peopleton Brook"	"16.00"	"0"	"Handicap"	"14"	"16"	"Cosgrave, Pat"	"Bradley, J M"	"5f "	"4"	"17"
"15:10:00"	"2006-06-10"	"Musselburgh"	"Compton Classic"	"16.00"	"0"	"Handicap"	"7"	"12"	"Fentiman, Duran"	"Goldie, J S"	"5f "	"4"	"23"
"15:00:00"	"2006-06-10"	"Lingfield"	"Starduster"	"6.00"	"0"	"Handicap"	"1"	"10"	"Drowne, Steve"	"Millman, B R"	"5f "	"4"	"15"
"15:00:00"	"2006-06-10"	"Lingfield"	"Edged In Gold"	"8.00"	"0"	"Handicap"	"4"	"10"	"Turner, Hayley"	"Makin, P J"	"5f "	"4"	"39"
"14:25:00"	"2006-06-10"	"Lingfield"	"Mina A Salem"	"6.50"	"0"	"Handicap"	"4"	"8"	"Carson, William"	"Brittain, C E"	"7f "	"4"	"11"
"14:25:00"	"2006-06-10"	"Lingfield"	"Polish Index"	"7.50"	"0"	"Handicap"	"5"	"8"	"Havlin, Robert"	"Jenkins, J R"	"7f "	"4"	"15"
"19:05:00"	"2006-06-09"	"Haydock"	"Duroob"	"4.00"	"0"	"Handicap"	"7"	"8"	"Cosgrave, Pat"	"Burke, K R"	"1m6f "	"4"	"22"
"15:20:00"	"2006-06-09"	"Catterick"	"Brut"	"9.00"	"0"	"Handicap"	"1"	"15"	"Lynch, Fergal"	"Barker, D W"	"5f "	"4"	"13"
"15:10:00"	"2006-06-09"	"Brighton"	"Green Pirate"	"7.50"	"0"	"Handicap"	"6"	"9"	"Ahern, Eddie"	"Wellings, M"	"7f "	"4"	"11"
"14:30:00"	"2006-06-08"	"Hamilton"	"Rowanberry"	"3.50"	"0"	"Handicap"	"6"	"13"	"Winston, Robert"	"Cowell, R M H"	"5f "	"4"	"16"
"19:10:00"	"2006-06-07"	"Ripon"	"Pitsi Kahtoh"	"7.50"	"0"	"Handicap Seller"	"5"	"10"	"McCarthy, Adrian"	"Hiatt, P W"	"1m4f "	"4"	"9"
"18:30:00"	"2006-06-06"	"Windsor"	"Billy One Punch"	"16.00"	"0"	"Handicap"	"5"	"13"	"Winston, Robert"	"Margarson, G G"	"1m.5f "	"4"	"7"
"18:20:00"	"2006-06-06"	"Tipperary"	"Scripted"	"10.00"	"0"	"Handicap"	"10"	"14"	"Cleere, M A"	"OMara, T J"	"5f "	"4"	"2"
"16:45:00"	"2006-06-06"	"Ripon"	"Kiama"	"12.00"	"0"	"Handicap"	"7"	"8"	"Fanning, Joe"	"Johnston, M"	"1m4f "	"4"	"26"
"15:30:00"	"2006-06-06"	"Lingfield"	"Blue Line"	"33.00"	"0"	"Handicap"	"4"	"18"	"Catlin, Chris"	"Madgwick, M"	"7f "	"4"	"19"
"15:30:00"	"2006-06-06"	"Lingfield"	"Grezie"	"20.00"	"0"	"Handicap"	"12"	"18"	"Miles, Robert"	"McCarthy, T D"	"7f "	"4"	"6"
"15:15:00"	"2006-06-06"	"Ripon"	"Zidane"	"1.75"	"0"	"Handicap"	"2"	"12"	"Spencer, Jamie"	"Fanshawe, J R"	"6f "	"4"	"24"
"15:15:00"	"2006-06-06"	"Ripon"	"Banjo Patterson"	"7.50"	"0"	"Handicap"	"4"	"12"	"Hills, Michael"	"Huffer, G A"	"6f "	"4"	"9"
"21:00:00"	"2006-06-05"	"Windsor"	"Gambling Spirit"	"5.00"	"0"	"Handicap"	"13"	"16"	"ONeill, Dane"	"Candy, H"	"1m3.5f "	"4"	"20"
"19:30:00"	"2006-06-05"	"Windsor"	"Throw The Dice"	"20.00"	"0"	"Handicap"	"7"	"16"	"Winston, Robert"	"Barker, D W"	"6f "	"4"	"16"
"19:30:00"	"2006-06-05"	"Windsor"	"Resplendent Nova"	"5.50"	"0"	"Handicap"	"9"	"16"	"Mongan, Ian"	"Mills, T G"	"6f "	"4"	"42"
"19:30:00"	"2006-06-05"	"Windsor"	"Exmoor (OLD)"	"7.00"	"0"	"Handicap"	"14"	"16"	"Drowne, Steve"	"Charlton, Roger/Harry"	"6f "	"4"	"17"
"16:00:00"	"2006-06-05"	"Leicester"	"Noorain"	"10.00"	"0"	"Claimer"	"4"	"12"	"Drowne, Steve"	"Liddiard, Stef"	"1m.5f "	"4"	"21"
"14:30:00"	"2006-06-05"	"Leicester"	"Beau Marche"	"8.00"	"0"	"Seller"	"1"	"17"	"Moore, Ryan"	"Margarson, G G"	"6f "	"4"	"1"
"16:20:00"	"2006-06-04"	"Brighton"	"Justcallmehandsome"	"33.00"	"0"	"Handicap"	"3"	"14"	"Aspell, Donna"	"Davis, D J S Ffrench"	"1m2f "	"4"	"18"
"16:20:00"	"2006-06-04"	"Brighton"	"Play Up Pompey"	"14.00"	"0"	"Handicap"	"8"	"14"	"Guillambert, J-P"	"Bridger, J / Cook, R"	"1m2f "	"4"	"32"
"16:20:00"	"2006-06-04"	"Brighton"	"Agilete"	"14.00"	"0"	"Handicap"	"11"	"14"	"Munro, Alan"	"Boyle, J R"	"1m2f "	"4"	"19"
"15:20:00"	"2006-06-04"	"Brighton"	"Beau Marche"	"10.00"	"0"	"Seller"	"2"	"15"	"Moore, Ryan"	"Margarson, G G"	"7f "	"4"	"19"
"15:20:00"	"2006-06-04"	"Brighton"	"Keresforth"	"50.00"	"0"	"Seller"	"8"	"15"	"Kirby, Adam"	"Jewell, Mrs L C"	"7f "	"4"	"27"
"17:40:00"	"2006-06-03"	"Epsom"	"Prince Namid"	"20.00"	"0"	"Handicap"	"2"	"17"	"Hills, Michael"	"Duffield, Mrs A"	"6f "	"4"	"7"
"17:40:00"	"2006-06-03"	"Epsom"	"Gifted Gamble"	"33.00"	"0"	"Handicap"	"12"	"17"	"Callan, N"	"Ryan, K A"	"6f "	"4"	"10"
"17:40:00"	"2006-06-03"	"Epsom"	"Fantaisiste"	"11.00"	"0"	"Handicap"	"14"	"17"	"Souza, Nelson De"	"Cole, P F I"	"6f "	"4"	"38"
"14:20:00"	"2006-06-03"	"Musselburgh"	"Angelofthenorth"	"25.00"	"0"	"Handicap"	"5"	"14"	"Fairley, Greg"	"Teague, C J"	"5f "	"4"	"15"
"20:15:00"	"2006-06-02"	"Bath"	"Royal Orissa"	"33.00"	"0"	"Handicap"	"14"	"15"	"Havlin, Robert"	"Jones, D Haydn"	"5.5f "	"4"	"14"
"17:55:00"	"2006-06-02"	"Catterick"	"Royal Pardon"	"6.00"	"0"	"Maiden"	"8"	"14"	"Pollard, Neil"	"Guest, R C"	"7f "	"4"	"17"
"15:35:00"	"2006-06-02"	"Catterick"	"Melalchrist"	"9.00"	"0"	"Handicap"	"6"	"9"	"Eaves, Tom"	"Quinn, J J"	"6f "	"4"	"20"
"14:55:00"	"2006-06-02"	"Catterick"	"Royal Flynn"	"6.00"	"0"	"Handicap"	"7"	"11"	"Cosgrave, Pat"	"Dods, M"	"1m4f "	"4"	"4"
"14:45:00"	"2006-06-02"	"Epsom"	"Kings Quay"	"16.00"	"0"	"Handicap"	"4"	"17"	"Gibbons, Graham"	"Quinn, J J"	"1m2f "	"4"	"27"
"14:10:00"	"2006-06-02"	"Epsom"	"Skidrow"	"10.00"	"0"	"Handicap"	"2"	"16"	"Spencer, Jamie"	"Bell, M L W"	"1m.5f "	"4"	"7"
"14:10:00"	"2006-06-02"	"Epsom"	"Trafalgar Square"	"5.50"	"0"	"Handicap"	"14"	"16"	"Kinsella, David"	"Akehurst, J"	"1m.5f "	"4"	"8"
"20:25:00"	"2006-06-01"	"Sandown"	"Tilt"	"3.00"	"0"	"Handicap"	"3"	"16"	"Norton, Francis"	"Ellison, B"	"1m6f "	"4"	"16"
"20:25:00"	"2006-06-01"	"Sandown"	"Llamadas"	"50.00"	"0"	"Handicap"	"13"	"16"	"Winston, Robert"	"Roberts, C"	"1m6f "	"4"	"12"
"17:30:00"	"2006-06-01"	"Yarmouth"	"Meditation"	"6.00"	"0"	"Handicap"	"7"	"13"	"Nolan, Derek"	"Wood, I A"	"7f "	"4"	"14"
"16:30:00"	"2006-06-01"	"Yarmouth"	"Matsunosuke"	"14.00"	"0"	"Handicap"	"9"	"15"	"Golam, Saleem"	"Coogan, A B"	"5f "	"4"	"19"
"20:55:00"	"2005-06-30"	"Epsom"	"Iffy"	"3.00"	"0"	"Handicap"	"1"	"12"	"Sanders, Seb"	"Cundell, P D"	"1m2f "	"4"	"7"
"20:55:00"	"2005-06-30"	"Epsom"	"Whitgift Rock"	"10.00"	"0"	"Handicap"	"7"	"12"	"Doe, Paul"	"Dow, S"	"1m2f "	"4"	"13"
"20:30:00"	"2005-06-30"	"Bellewstown"	"Measured Leap"	"7.00"	"0"	"Handicap"	"5"	"15"	"McCullagh, N G"	"Martin, Patrick"	"5f "	"4"	"13"
"17:00:00"	"2005-06-30"	"Yarmouth"	"Wizard Looking"	"5.00"	"0"	"Handicap"	"1"	"11"	"OHara, Slade"	"Wainwright, J S"	"1m3.5f "	"4"	"10"
"17:00:00"	"2005-06-30"	"Yarmouth"	"Zaffeu"	"5.00"	"0"	"Handicap"	"5"	"11"	"Cosgrave, Pat"	"Littmoden, N P"	"1m3.5f "	"4"	"23"
"16:00:00"	"2005-06-30"	"Yarmouth"	"Ali Deo"	"7.00"	"0"	"Handicap"	"9"	"11"	"Holland, Darryll"	"Smith, V"	"1m2f "	"4"	"6"
"15:50:00"	"2005-06-30"	"Haydock"	"Burley Flame"	"25.00"	"0"	"Handicap"	"4"	"17"	"Callan, N"	"Given, J G"	"6f "	"4"	"17"
"15:50:00"	"2005-06-30"	"Haydock"	"Distant Times"	"33.00"	"0"	"Handicap"	"10"	"17"	"Lynch, Fergal"	"Easterby, T D"	"6f "	"4"	"14"
"15:30:00"	"2005-06-30"	"Yarmouth"	"Moors Myth"	"3.33"	"0"	"Handicap"	"7"	"10"	"Holland, Darryll"	"Hills, B W"	"7f "	"4"	"12"
"14:20:00"	"2005-06-30"	"Haydock"	"Saffron Fox"	"25.00"	"0"	"Handicap"	"6"	"11"	"Norton, Francis"	"Portman, J G"	"1m6f "	"4"	"35"
"14:20:00"	"2005-06-30"	"Haydock"	"Charlotte Vale"	"14.00"	"0"	"Handicap"	"7"	"11"	"Hanagan, Paul"	"Hammond, Micky"	"1m6f "	"4"	"7"
"14:20:00"	"2005-06-30"	"Haydock"	"Dundry"	"3.50"	"0"	"Handicap"	"8"	"11"	"Moore, Ryan"	"Moore, Gary and Josh"	"1m6f "	"4"	"49"
"17:00:00"	"2005-06-29"	"Catterick"	"Magic Verse"	"33.00"	"0"	"Handicap"	"7"	"16"	"Ffrench, Royston"	"McInnes, I W"	"1m4f "	"4"	"37"
"17:00:00"	"2005-06-28"	"Brighton"	"Catch The Wind"	"4.50"	"0"	"Handicap"	"3"	"10"	"Doe, Paul"	"Wood, I A"	"5.5f "	"4"	"17"
"16:45:00"	"2005-06-28"	"Hamilton"	"Weakest Link"	"12.00"	"0"	"Handicap"	"7"	"13"	"Callan, N"	"Alston, E J"	"6f "	"4"	"11"
"21:25:00"	"2005-06-27"	"Musselburgh"	"Charlie George"	"50.00"	"0"	"Handicap"	"10"	"13"	"Aspell, P"	"Monteith, P"	"1m4f "	"4"	"12"
"20:10:00"	"2005-06-27"	"Windsor"	"Prairie Oyster"	"25.00"	"0"	"Claimer"	"2"	"12"	"Egan, John"	"Elsworth, D R C"	"1m.5f "	"4"	"19"
"21:20:00"	"2005-06-25"	"Doncaster"	"Sierra"	"25.00"	"0"	"Handicap"	"4"	"15"	"Fitzpatrick, Robbie"	"Carroll, A W"	"7f "	"4"	"13"
"21:20:00"	"2005-06-25"	"Doncaster"	"Set Alight"	"14.00"	"0"	"Handicap"	"11"	"15"	"Milczarek, Kirsty"	"Dunnett, Mrs C A"	"7f "	"4"	"21"
"21:05:00"	"2005-06-25"	"Lingfield"	"Imperium"	"16.00"	"0"	"Handicap"	"5"	"8"	"Fenton, Micky"	"Liddiard, Stef"	"5f "	"4"	"9"
"21:05:00"	"2005-06-25"	"Lingfield"	"Humility"	"33.00"	"0"	"Handicap"	"7"	"8"	"Souza, Nelson De"	"Cyzer, C A"	"5f "	"4"	"13"
"19:15:00"	"2005-06-25"	"Doncaster"	"Glaramara"	"12.00"	"0"	"Handicap"	"2"	"15"	"McCabe, David"	"Bailey, A"	"6f "	"4"	"28"
"19:15:00"	"2005-06-25"	"Doncaster"	"Outer Hebrides"	"7.00"	"0"	"Handicap"	"4"	"15"	"Drowne, Steve"	"Liddiard, Stef"	"6f "	"4"	"28"
"16:50:00"	"2005-06-25"	"Newcastle"	"Mistress Twister"	"25.00"	"0"	"Handicap"	"3"	"13"	"Makin, Phillip"	"Barron, T D"	"1m2f "	"4"	"18"
"16:50:00"	"2005-06-25"	"Newcastle"	"Magic Sting"	"12.00"	"0"	"Handicap"	"5"	"13"	"Turner, Hayley"	"Bell, M L W"	"1m2f "	"4"	"26"
"16:30:00"	"2005-06-25"	"Windsor"	"Mirasol Princess"	"7.00"	"0"	"Handicap"	"5"	"16"	"Quinn, T"	"Ivory, D K"	"6f "	"4"	"7"
"15:55:00"	"2005-06-25"	"Windsor"	"Nightspot"	"2.75"	"0"	"Handicap"	"2"	"8"	"Dwyer, Martin"	"Charlton, Roger/Harry"	"1m3.5f "	"4"	"22"
"15:45:00"	"2005-06-25"	"Newcastle"	"Malvern Light"	"25.00"	"0"	"Handicap"	"11"	"15"	"Culhane, Tony"	"Haggas, W J"	"7f "	"4"	"9"
"15:20:00"	"2005-06-25"	"Windsor"	"Eisteddfod"	"2.50"	"0"	"Handicap"	"1"	"13"	"Souza, Nelson De"	"Cole, P F I"	"6f "	"4"	"28"
"15:20:00"	"2005-06-25"	"Windsor"	"Moonlight Man"	"25.00"	"0"	"Handicap"	"13"	"13"	"Quinn, Jimmy"	"Hannon, R"	"6f "	"4"	"27"
"20:50:00"	"2005-06-24"	"Newcastle"	"Local Poet"	"5.50"	"0"	"Handicap"	"5"	"16"	"Gibbons, Graham"	"McMahon, E S"	"6f "	"4"	"20"
"20:50:00"	"2005-06-24"	"Newcastle"	"Hamaasy"	"25.00"	"0"	"Handicap"	"15"	"16"	"Parkin, Gyles"	"Nicholls, D"	"6f "	"4"	"14"
"18:45:00"	"2005-06-24"	"Newcastle"	"Mount Vettore"	"12.00"	"0"	"Handicap"	"8"	"12"	"Reveley, James"	"Reveley, K G"	"1m2f "	"4"	"7"
"18:45:00"	"2005-06-24"	"Newcastle"	"Third Empire"	"12.00"	"0"	"Handicap"	"11"	"12"	"Greenall, Mr O"	"Grant, C"	"1m2f "	"4"	"48"
"21:30:00"	"2005-06-23"	"Hamilton"	"Thornaby Green"	"9.00"	"0"	"Handicap"	"12"	"14"	"Makin, Phillip"	"Barron, T D"	"6f "	"4"	"24"
"21:20:00"	"2005-06-23"	"Leicester"	"Premier Rouge"	"4.00"	"0"	"Non-Handicap"	"4"	"12"	"Callan, N"	"Vaughan, E F"	"1m4f "	"4"	"12"
"15:40:00"	"2005-06-23"	"Salisbury"	"Kostar"	"4.50"	"0"	"Handicap"	"4"	"9"	"Kirby, Adam"	"Cox, C G"	"5f "	"4"	"10"
"15:40:00"	"2005-06-23"	"Salisbury"	"Ivory Lace"	"10.00"	"0"	"Handicap"	"5"	"9"	"Mongan, Ian"	"Woodman, S"	"5f "	"4"	"5"
"15:40:00"	"2005-06-23"	"Salisbury"	"Spanish Ace"	"5.50"	"0"	"Handicap"	"7"	"9"	"Dettori, L"	"Balding, A M"	"5f "	"4"	"11"
"21:15:00"	"2005-06-22"	"Bath"	"Bluebok"	"3.00"	"0"	"Handicap"	"1"	"9"	"Catlin, Chris"	"Bradley, J M"	"5.5f "	"4"	"5"
"20:35:00"	"2005-06-22"	"Epsom"	"Buy On The Red"	"16.00"	"0"	"Handicap"	"5"	"13"	"Moore, Ryan"	"Muir, W R"	"7f "	"4"	"18"
"20:35:00"	"2005-06-22"	"Epsom"	"Border Music"	"7.50"	"0"	"Handicap"	"6"	"13"	"Ahern, Eddie"	"Balding, A M"	"7f "	"4"	"12"
"20:35:00"	"2005-06-22"	"Epsom"	"Seneschal"	"33.00"	"0"	"Handicap"	"7"	"13"	"Slattery, Vince"	"Mann, C J"	"7f "	"4"	"5"
"20:15:00"	"2005-06-22"	"Bath"	"Fleet Anchor"	"5.00"	"0"	"Handicap"	"6"	"9"	"Egan, John"	"Bradley, J M"	"1m "	"4"	"9"
"20:05:00"	"2005-06-22"	"Epsom"	"Dancing Lyra"	"4.00"	"0"	"Handicap"	"4"	"10"	"Hills, R"	"Hills, J W"	"1m4f "	"4"	"10"
"20:05:00"	"2005-06-22"	"Epsom"	"Velvet Waters"	"6.00"	"0"	"Handicap"	"5"	"10"	"Carson, Stephen"	"Houghton, R F Johnson"	"1m4f "	"4"	"21"
"18:40:00"	"2005-06-22"	"Bath"	"Joey Perhaps"	"6.00"	"0"	"Handicap"	"10"	"15"	"Manser, Kylie"	"Best, J R"	"1m2f "	"4"	"11"
"18:40:00"	"2005-06-22"	"Bath"	"Parisi Princess"	"100.00"	"0"	"Handicap"	"15"	"15"	"Moore, Mrs S"	"Williams, D L"	"1m2f "	"4"	"9"
"16:00:00"	"2005-06-21"	"Brighton"	"Majestic Vision"	"5.00"	"0"	"Handicap"	"3"	"8"	"Hills, Michael"	"Swinburn, W R"	"1m4f "	"4"	"17"
"20:50:00"	"2005-06-20"	"Ripon"	"Phoenix Eye"	"16.00"	"0"	"Handicap"	"6"	"8"	"Parkin, Gyles"	"Mullineaux, M"	"1m4f "	"4"	"19"
"18:50:00"	"2005-06-20"	"Ripon"	"Juniper Banks"	"25.00"	"0"	"Seller"	"1"	"10"	"Benson, P J"	"Stokell, Miss A"	"6f "	"4"	"10"
"16:30:00"	"2005-06-20"	"Musselburgh"	"Miskina"	"16.00"	"0"	"Handicap"	"6"	"13"	"Swarbrick, Ben"	"Brisbourne, W M"	"7f "	"4"	"9"
"16:00:00"	"2005-06-20"	"Musselburgh"	"Stargem"	"3.00"	"0"	"Handicap"	"2"	"8"	"Kirby, Adam"	"Pearce, J"	"5f "	"4"	"14"
"17:00:00"	"2005-06-19"	"Warwick"	"Turner"	"14.00"	"0"	"Handicap"	"4"	"10"	"Baker, George"	"Brisbourne, W M"	"1m4.5f "	"4"	"12"
"17:00:00"	"2005-06-19"	"Warwick"	"Robbie Will"	"25.00"	"0"	"Handicap"	"10"	"10"	"Guillambert, J-P"	"Jordan, F"	"1m4.5f "	"4"	"13"
"20:00:00"	"2005-06-18"	"Lingfield"	"Tregarron"	"10.00"	"0"	"Handicap"	"1"	"12"	"ONeill, Dane"	"Hannon, R"	"7.5f "	"4"	"21"
"20:00:00"	"2005-06-18"	"Lingfield"	"Moors Myth"	"7.00"	"0"	"Handicap"	"2"	"12"	"Tebbutt, Michael"	"Hills, B W"	"7.5f "	"4"	"21"
"19:00:00"	"2005-06-18"	"Lingfield"	"Intriguing Glimpse"	"3.50"	"0"	"Handicap"	"1"	"9"	"McDonald, Frankie"	"Sanders, Miss B"	"5f "	"4"	"6"
"19:00:00"	"2005-06-18"	"Lingfield"	"Ivory Lace"	"14.00"	"0"	"Handicap"	"2"	"9"	"Mongan, Ian"	"Woodman, S"	"5f "	"4"	"12"
"19:00:00"	"2005-06-18"	"Lingfield"	"Mirasol Princess"	"8.00"	"0"	"Handicap"	"4"	"9"	"Savage, M"	"Ivory, D K"	"5f "	"4"	"6"
"18:45:00"	"2005-06-18"	"Warwick"	"Uhuru Peak"	"14.00"	"0"	"Handicap"	"1"	"17"	"Brotherton, Miss S"	"Easterby, M W"	"1m "	"4"	"18"
"18:45:00"	"2005-06-18"	"Warwick"	"Public Eye"	"20.00"	"0"	"Handicap"	"7"	"17"	"Brewer, L"	"Dace, L A"	"1m "	"4"	"7"
"16:45:00"	"2005-06-18"	"Redcar"	"Mary Carleton"	"25.00"	"0"	"Handicap"	"10"	"16"	"Turner, Hayley"	"Cowell, R M H"	"1m6f "	"4"	"12"
"16:45:00"	"2005-06-18"	"Redcar"	"Key In"	"20.00"	"0"	"Handicap"	"14"	"16"	"McGaffin, Derek"	"Fahey, R A"	"1m6f "	"4"	"8"
"15:40:00"	"2005-06-18"	"Redcar"	"Divine Gift"	"1.50"	"0"	"Handicap"	"3"	"8"	"Guillambert, J-P"	"Jarvis, M A"	"1m2f "	"4"	"19"
"17:35:00"	"2005-06-17"	"Redcar"	"Weakest Link"	"6.50"	"0"	"Handicap Maiden"	"2"	"12"	"Gibbons, Graham"	"Alston, E J"	"5f "	"4"	"3"
"17:35:00"	"2005-06-17"	"Redcar"	"Bluebok"	"1.75"	"0"	"Handicap Maiden"	"4"	"12"	"Nicholls, Adrian T"	"Bradley, J M"	"5f "	"4"	"5"
"17:35:00"	"2005-06-17"	"Redcar"	"Harrington Bates"	"22.00"	"0"	"Handicap Maiden"	"10"	"12"	"Hitchcott, Sam"	"Whitaker, R M"	"5f "	"4"	"8"
"16:30:00"	"2005-06-17"	"Redcar"	"Go Solo"	"4.50"	"0"	"Handicap"	"1"	"9"	"Allan, David"	"Swinbank, G A"	"1m "	"4"	"17"
"16:30:00"	"2005-06-17"	"Redcar"	"Mount Vettore"	"10.00"	"0"	"Handicap"	"3"	"9"	"Gibbons, Graham"	"Reveley, K G"	"1m "	"4"	"17"
"17:30:00"	"2005-06-16"	"York"	"Jedburgh"	"8.00"	"0"	"Handicap"	"1"	"23"	"Kinane, M J"	"Dunlop, J L"	"7f "	"4"	"18"
"17:30:00"	"2005-06-16"	"York"	"Cape Fear (OLD)"	"22.00"	"0"	"Handicap"	"5"	"23"	"Fortune, Jimmy"	"Meehan, B J"	"7f "	"4"	"15"
"16:30:00"	"2005-06-15"	"Hamilton"	"Piccolo Prince"	"10.00"	"0"	"Handicap"	"1"	"10"	"Allan, David"	"Alston, E J"	"6f "	"4"	"9"
"16:30:00"	"2005-06-15"	"Hamilton"	"Musiotal"	"4.00"	"0"	"Handicap"	"8"	"10"	"Nicholls, Adrian T"	"Goldie, J S"	"6f "	"4"	"7"
"16:20:00"	"2005-06-15"	"York"	"My Paris"	"16.00"	"0"	"Handicap"	"6"	"22"	"Callan, N"	"Ryan, K A"	"1m "	"4"	"35"
"15:20:00"	"2005-06-15"	"Hamilton"	"Lyford Lass"	"33.00"	"0"	"Handicap"	"3"	"8"	"Fentiman, Duran"	"Harrison, W G"	"1m1f "	"4"	"13"
"16:35:00"	"2005-06-14"	"Carlisle"	"Attacca"	"33.00"	"0"	"Handicap"	"5"	"14"	"Mulrennan, Paul"	"Weymes, J R"	"6f "	"4"	"13"
"16:35:00"	"2005-06-14"	"Carlisle"	"Maluti"	"7.00"	"0"	"Handicap"	"12"	"14"	"Culhane, Tony"	"Guest, R"	"6f "	"4"	"8"
"15:25:00"	"2005-06-14"	"Carlisle"	"Flash Ram"	"5.00"	"0"	"Handicap"	"1"	"12"	"Lynch, Fergal"	"Easterby, T D"	"1m "	"4"	"13"
"15:25:00"	"2005-06-14"	"Carlisle"	"Wrenlane"	"16.00"	"0"	"Handicap"	"6"	"12"	"Parkin, Gyles"	"Fahey, R A"	"1m "	"4"	"6"
"21:15:00"	"2005-06-13"	"Warwick"	"Majestic Star"	"6.50"	"0"	"Handicap"	"2"	"15"	"Urbina, Oscar"	"Ryan, M J"	"1m "	"4"	"12"
"20:05:00"	"2005-06-13"	"Windsor"	"Kostar"	"4.00"	"0"	"Handicap"	"1"	"14"	"Robinson, Philip"	"Cox, C G"	"6f "	"4"	"21"
"20:05:00"	"2005-06-13"	"Windsor"	"Conjuror"	"10.00"	"0"	"Handicap"	"5"	"14"	"Dwyer, Martin"	"Balding, A M"	"6f "	"4"	"21"
"18:35:00"	"2005-06-13"	"Windsor"	"Habanero"	"5.50"	"0"	"Handicap"	"1"	"14"	"Hughes, Richard"	"Hannon, R"	"1m.5f "	"4"	"7"
"16:15:00"	"2005-06-13"	"Brighton"	"Choristar"	"4.50"	"0"	"Handicap"	"3"	"12"	"Dwyer, Martin"	"Muir, W R"	"1m2f "	"4"	"11"
"16:15:00"	"2005-06-13"	"Brighton"	"Backlash"	"25.00"	"0"	"Handicap"	"9"	"12"	"Dean, Tolley"	"Carroll, A W"	"1m2f "	"4"	"2"
"17:00:00"	"2005-06-12"	"Doncaster"	"Intriguing Glimpse"	"7.50"	"0"	"Handicap"	"3"	"11"	"Callan, N"	"Sanders, Miss B"	"5f "	"4"	"20"
"17:00:00"	"2005-06-12"	"Doncaster"	"True Magic"	"5.50"	"0"	"Handicap"	"4"	"11"	"Robinson, Philip"	"Bethell, J D"	"5f "	"4"	"8"
"16:40:00"	"2005-06-12"	"Salisbury"	"Mugeba"	"2.50"	"0"	"Handicap"	"3"	"10"	"Dettori, L"	"Kelleway, Miss Gay"	"7f "	"4"	"9"
"16:40:00"	"2005-06-12"	"Salisbury"	"Humility"	"40.00"	"0"	"Handicap"	"5"	"10"	"Munro, Alan"	"Cyzer, C A"	"7f "	"4"	"10"
"15:05:00"	"2005-06-12"	"Salisbury"	"Spanish Ace"	"14.00"	"0"	"Handicap"	"4"	"12"	"Hughes, Richard"	"Balding, A M"	"5f "	"4"	"15"
"15:05:00"	"2005-06-12"	"Salisbury"	"Tony The Tap"	"2.00"	"0"	"Handicap"	"5"	"12"	"Dettori, L"	"Callaghan, N A"	"5f "	"4"	"8"
"15:05:00"	"2005-06-12"	"Salisbury"	"Blue Tomato"	"11.00"	"0"	"Handicap"	"12"	"12"	"Kelly, Shane"	"Bradley, J M"	"5f "	"4"	"1"
"14:00:00"	"2005-06-12"	"Salisbury"	"Dancing Lyra"	"9.00"	"0"	"Handicap"	"3"	"10"	"Hills, R"	"Hills, J W"	"1m4f "	"4"	"8"
"21:00:00"	"2005-06-11"	"Lingfield"	"Forzenuff"	"50.00"	"0"	"Handicap"	"12"	"18"	"Cosgrave, Pat"	"Boyle, J R"	"7f "	"4"	"17"
"20:45:00"	"2005-06-11"	"Leicester"	"Beauty Of Dreams"	"7.00"	"0"	"Handicap"	"8"	"13"	"OBrien, Thomas"	"Channon, M R"	"1m "	"4"	"2"
"20:15:00"	"2005-06-11"	"Leicester"	"Snowed Under"	"2.75"	"0"	"Handicap"	"1"	"10"	"Robinson, Philip"	"Bethell, J D"	"1m2f "	"4"	"11"
"18:45:00"	"2005-06-11"	"Leicester"	"Estoille"	"20.00"	"0"	"Handicap"	"8"	"14"	"Mernagh, Dean"	"Lamyman, Mrs S"	"6f "	"4"	"8"
"18:45:00"	"2005-06-11"	"Leicester"	"Miskina"	"25.00"	"0"	"Handicap"	"10"	"14"	"Mathers, Patrick"	"Brisbourne, W M"	"6f "	"4"	"10"
"17:05:00"	"2005-06-11"	"Ripon"	"Colloseum"	"66.00"	"0"	"Maiden"	"3"	"8"	"Golam, Saleem"	"Etherington, T J"	"6f "	"4"	"26"
"16:55:00"	"2005-06-11"	"Bath"	"Catch The Wind"	"6.00"	"0"	"Handicap"	"6"	"10"	"Sanders, Seb"	"Wood, I A"	"5.5f "	"4"	"9"
"16:55:00"	"2005-06-11"	"Bath"	"Snow Wolf"	"25.00"	"0"	"Handicap"	"10"	"10"	"Sweeney, Fergus"	"Bradley, J M"	"5.5f "	"4"	"4"
"14:20:00"	"2005-06-11"	"Ripon"	"Hazewind"	"4.50"	"0"	"Handicap"	"3"	"8"	"Winston, Robert"	"Evans, P D"	"1m "	"4"	"4"
"16:30:00"	"2005-06-10"	"Catterick"	"Juniper Banks"	"66.00"	"0"	"Maiden"	"12"	"13"	"Stokell, Ann"	"Stokell, Miss A"	"7f "	"4"	"6"
"16:15:00"	"2005-06-10"	"Sandown"	"Anuvasteel"	"10.00"	"0"	"Handicap"	"8"	"15"	"Egan, John"	"Callaghan, N A"	"1m2f "	"4"	"12"
"15:55:00"	"2005-06-10"	"Catterick"	"Rock Lobster (OLD)"	"4.00"	"0"	"Handicap"	"2"	"9"	"Culhane, Tony"	"Given, J G"	"1m4f "	"4"	"10"
"15:20:00"	"2005-06-10"	"Catterick"	"Hamaasy"	"16.00"	"0"	"Handicap"	"4"	"11"	"Parkin, Gyles"	"Nicholls, D"	"6f "	"4"	"2"
"19:30:00"	"2005-06-09"	"Brighton"	"Rowan Pursuit"	"7.00"	"0"	"Seller"	"5"	"8"	"Quinn, Jimmy"	"Akehurst, J"	"1m2f "	"4"	"5"
"19:00:00"	"2005-06-09"	"Brighton"	"Beauty Of Dreams"	"11.00"	"0"	"Handicap"	"1"	"14"	"OBrien, Thomas"	"Channon, M R"	"1m "	"4"	"17"
"19:00:00"	"2005-06-09"	"Brighton"	"Doringo"	"4.50"	"0"	"Handicap"	"4"	"14"	"Swarbrick, Ben"	"Spearing, J L"	"1m "	"4"	"7"
"16:20:00"	"2005-06-09"	"Yarmouth"	"Only If I Laugh"	"11.00"	"0"	"Handicap"	"1"	"19"	"ONeill, Dane"	"Attwater, M J"	"6f "	"4"	"46"
"16:20:00"	"2005-06-09"	"Yarmouth"	"Star Fern"	"14.00"	"0"	"Handicap"	"7"	"19"	"Munro, Alan"	"Cowell, R M H"	"6f "	"4"	"3"
"16:20:00"	"2005-06-09"	"Yarmouth"	"Velvet Touch"	"16.00"	"0"	"Handicap"	"17"	"19"	"Durcan, Ted"	"Jenkins, J R"	"6f "	"4"	"3"
"21:25:00"	"2005-06-08"	"Hamilton"	"Ice Planet"	"4.50"	"0"	"Handicap"	"2"	"14"	"Parkin, Gyles"	"Nicholls, D"	"5f "	"4"	"5"
"21:25:00"	"2005-06-08"	"Hamilton"	"Mister Marmaduke"	"80.00"	"0"	"Handicap"	"5"	"14"	"McGaffin, Derek"	"Nolan, D A"	"5f "	"4"	"23"
"20:55:00"	"2005-06-08"	"Hamilton"	"Backgammon"	"10.00"	"0"	"Handicap"	"6"	"11"	"Mullen, Andrew"	"Reveley, K G"	"1m4f "	"4"	"18"
"19:20:00"	"2005-06-08"	"Hamilton"	"Jordans Spark"	"4.50"	"0"	"Seller"	"4"	"14"	"Winston, Robert"	"Semple, I"	"1m.5f "	"4"	"28"
"18:20:00"	"2005-06-08"	"Hamilton"	"Musiotal"	"4.00"	"0"	"Handicap"	"2"	"14"	"Rankin, Dawn"	"Goldie, J S"	"6f "	"4"	"13"
"21:15:00"	"2005-06-07"	"Chester"	"Zaffeu"	"4.50"	"0"	"Handicap"	"7"	"13"	"Littmoden, Mrs Emma"	"Littmoden, N P"	"1m4.5f "	"4"	"6"
"20:15:00"	"2005-06-07"	"Chester"	"Treasure Cay"	"3.00"	"0"	"Handicap"	"3"	"13"	"Callan, N"	"DArcy, P W"	"5f "	"4"	"3"
"17:15:00"	"2005-06-07"	"Salisbury"	"Count Boris"	"16.00"	"0"	"Handicap"	"5"	"10"	"Thomas, Richard"	"Geake, J A"	"1m4f "	"4"	"15"
"15:45:00"	"2005-06-07"	"Salisbury"	"Uig"	"20.00"	"0"	"Handicap"	"4"	"9"	"ONeill, Dane"	"Howe, H S"	"1m2f "	"4"	"13"
"15:15:00"	"2005-06-07"	"Salisbury"	"Pine Bay"	"25.00"	"0"	"Handicap"	"8"	"19"	"Hughes, Richard"	"Hannon, R"	"6f "	"4"	"12"
"15:15:00"	"2005-06-07"	"Salisbury"	"Fair Compton"	"10.00"	"0"	"Handicap"	"15"	"19"	"Moore, Ryan"	"Hannon, R"	"6f "	"4"	"11"
"14:45:00"	"2005-06-07"	"Salisbury"	"Stamford Blue"	"5.50"	"0"	"Claimer"	"1"	"18"	"Moore, Mrs S"	"Moore, J S"	"7f "	"4"	"8"
"20:00:00"	"2005-06-06"	"Windsor"	"Stargem"	"33.00"	"0"	"Handicap"	"7"	"15"	"Quinn, Jimmy"	"Pearce, J"	"5f "	"4"	"21"
"19:30:00"	"2005-06-06"	"Windsor"	"Habanero"	"12.00"	"0"	"Handicap"	"1"	"16"	"Hughes, Richard"	"Hannon, R"	"1m2f "	"4"	"6"
"19:30:00"	"2005-06-06"	"Windsor"	"Gjovic"	"9.00"	"0"	"Handicap"	"3"	"16"	"Fortune, Jimmy"	"Meehan, B J"	"1m2f "	"4"	"7"
"15:10:00"	"2005-06-05"	"Bath"	"Master Mahogany"	"4.00"	"0"	"Handicap"	"3"	"16"	"Quinn, T"	"Hodges, R J"	"1m "	"4"	"10"
"15:10:00"	"2005-06-05"	"Bath"	"Phluke"	"6.00"	"0"	"Handicap"	"5"	"16"	"Ahern, Eddie"	"Houghton, R F Johnson"	"1m "	"4"	"14"
"15:10:00"	"2005-06-05"	"Bath"	"Vibe"	"16.00"	"0"	"Handicap"	"11"	"16"	"Corby, Dean"	"Price, R J"	"1m "	"4"	"10"
"15:10:00"	"2005-06-05"	"Bath"	"Showtime Annie"	"14.00"	"0"	"Handicap"	"13"	"16"	"Holland, Darryll"	"Bailey, A"	"1m "	"4"	"10"
"19:20:00"	"2005-06-04"	"Lingfield"	"Yamato Pink"	"12.00"	"0"	"Handicap"	"10"	"15"	"ONeill, Dane"	"Sweeting, Mrs H"	"7.5f "	"4"	"24"
"19:20:00"	"2005-06-04"	"Lingfield"	"Knickyknackienoo"	"8.00"	"0"	"Handicap"	"11"	"15"	"Halford, Marc"	"Clement, T T"	"7.5f "	"4"	"3"
"17:40:00"	"2005-06-04"	"Epsom"	"Tony The Tap"	"5.00"	"0"	"Handicap"	"5"	"15"	"Dettori, L"	"Callaghan, N A"	"6f "	"4"	"14"
"15:30:00"	"2005-06-04"	"Epsom"	"Treasure Cay"	"20.00"	"0"	"Handicap"	"8"	"20"	"Egan, John"	"DArcy, P W"	"5f "	"4"	"8"
"15:30:00"	"2005-06-04"	"Epsom"	"Fast Heart"	"12.00"	"0"	"Handicap"	"9"	"20"	"Fortune, Jimmy"	"Meehan, B J"	"5f "	"4"	"14"
"15:20:00"	"2005-06-04"	"Doncaster"	"True Magic"	"5.00"	"0"	"Handicap"	"8"	"13"	"Fanning, Joe"	"Bethell, J D"	"6f "	"4"	"14"
"15:20:00"	"2005-06-04"	"Doncaster"	"Set Alight"	"10.00"	"0"	"Handicap"	"9"	"13"	"Milczarek, Kirsty"	"Dunnett, Mrs C A"	"6f "	"4"	"6"
"14:15:00"	"2005-06-03"	"Epsom"	"Little Jimbob"	"11.00"	"0"	"Handicap"	"7"	"11"	"Hanagan, Paul"	"Fahey, R A"	"1m.5f "	"4"	"17"
"20:25:00"	"2005-06-02"	"Sandown"	"Pass The Port (OLD)"	"6.50"	"0"	"Handicap"	"3"	"13"	"Dettori, L"	"Jones, D Haydn"	"1m6f "	"4"	"21"
"20:25:00"	"2005-06-02"	"Sandown"	"Turn n Burn"	"50.00"	"0"	"Handicap"	"8"	"13"	"Guillambert, J-P"	"Cyzer, C A"	"1m6f "	"4"	"12"
"17:10:00"	"2005-06-02"	"Hamilton"	"Boris The Spider"	"8.00"	"0"	"Handicap"	"5"	"9"	"Fessey, Paul"	"Hammond, Micky"	"1m5f "	"4"	"22"
"17:00:00"	"2005-06-02"	"Brighton"	"Jackie Kiely"	"6.00"	"0"	"Handicap"	"5"	"8"	"Aspell, Donna"	"McEntee, P S"	"1m2f "	"4"	"13"
"16:00:00"	"2005-06-02"	"Brighton"	"Landucci"	"3.50"	"0"	"Handicap"	"1"	"10"	"Hills, Michael"	"Hills, J W"	"7f "	"4"	"6"
"15:20:00"	"2005-06-02"	"Haydock"	"Mr Wolf"	"16.00"	"0"	"Handicap"	"12"	"15"	"Winston, Robert"	"Barker, D W"	"6f "	"4"	"6"
"14:50:00"	"2005-06-02"	"Haydock"	"Kentucky Express"	"16.00"	"0"	"Maiden"	"11"	"11"	"Allan, David"	"Easterby, T D"	"6f "	"4"	"12"
"17:20:00"	"2005-06-01"	"Yarmouth"	"Attacca"	"8.00"	"0"	"Handicap"	"9"	"11"	"Durcan, Ted"	"Weymes, J R"	"7f "	"4"	"16"
"16:30:00"	"2005-06-01"	"Newcastle"	"Boppys Princess"	"3.33"	"0"	"Handicap"	"5"	"16"	"Hanagan, Paul"	"Fahey, R A"	"1m2f "	"4"	"15"
"16:00:00"	"2005-06-01"	"Newcastle"	"Lake Garda"	"33.00"	"0"	"Handicap"	"11"	"15"	"Tinkler, Kim"	"Tinkler, N"	"6f "	"4"	"19"
"16:00:00"	"2005-06-01"	"Newcastle"	"Celtic Thunder"	"12.00"	"0"	"Handicap"	"12"	"15"	"Mulrennan, Paul"	"Etherington, T J"	"6f "	"4"	"11"
"15:50:00"	"2005-06-01"	"Yarmouth"	"Velvet Waters"	"5.00"	"0"	"Handicap"	"2"	"9"	"Carson, Stephen"	"Houghton, R F Johnson"	"1m3.5f "	"4"	"13"
"15:30:00"	"2005-06-01"	"Newcastle"	"Trick Cyclist"	"12.00"	"0"	"Claimer"	"2"	"14"	"Gibson, Dale"	"Easterby, M W"	"5f "	"4"	"25"
"15:20:00"	"2005-06-01"	"Yarmouth"	"Green Falcon (OLD)"	"7.00"	"0"	"Handicap"	"5"	"15"	"Guillambert, J-P"	"Lamyman, Mrs S"	"1m2f "	"4"	"8"
"15:20:00"	"2005-06-01"	"Yarmouth"	"Pererin"	"25.00"	"0"	"Handicap"	"12"	"15"	"Mackay, Jamie"	"King, N B"	"1m2f "	"4"	"5"
"15:00:00"	"2005-06-01"	"Newcastle"	"Flash Ram"	"25.00"	"0"	"Handicap"	"1"	"17"	"Supple, W J"	"Easterby, T D"	"1m "	"4"	"11"
"15:00:00"	"2005-06-01"	"Newcastle"	"Iskander"	"6.50"	"0"	"Handicap"	"3"	"17"	"Callan, N"	"Ryan, K A"	"1m "	"4"	"11"
"15:00:00"	"2005-06-01"	"Newcastle"	"The Fun Merchant"	"20.00"	"0"	"Handicap"	"7"	"17"	"McCabe, David"	"Pearce, J"	"1m "	"4"	"12"
"20:55:00"	"2004-06-30"	"Yarmouth"	"Annakita"	"20.00"	"0"	"Handicap"	"4"	"9"	"Carter, G"	"Musson, W J"	"1m6f "	"4"	"36"
"16:30:00"	"2004-06-30"	"Catterick"	"Dark Champion"	"25.00"	"0"	"Maiden"	"5"	"12"	"Winston, Robert"	"Barr, R E"	"6f "	"4"	"13"
"16:00:00"	"2004-06-30"	"Catterick"	"Smart Minister"	"25.00"	"0"	"Handicap"	"15"	"18"	"Dalgleish, K"	"Quinn, J J"	"7f "	"4"	"13"
"15:00:00"	"2004-06-30"	"Catterick"	"Valiant Romeo"	"10.00"	"0"	"Handicap"	"11"	"17"	"Ffrench, Royston"	"Bastiman, R"	"5f "	"4"	"13"
"16:50:00"	"2004-06-29"	"Hamilton"	"Newcorp Lad"	"8.00"	"0"	"Handicap"	"7"	"12"	"Culhane, Tony"	"Rees, Mrs G S"	"1m1f "	"4"	"21"
"15:50:00"	"2004-06-29"	"Hamilton"	"Kings College Boy"	"4.50"	"0"	"Handicap"	"3"	"8"	"Hamilton, Tony"	"Fahey, R A"	"5f "	"4"	"12"
"21:25:00"	"2004-06-28"	"Musselburgh"	"Caymans Gift"	"10.00"	"0"	"Handicap"	"10"	"10"	"Mulrennan, Paul"	"Whillans, A C"	"1m4f "	"4"	"10"
"21:10:00"	"2004-06-28"	"Windsor"	"Kirkham Abbey"	"3.50"	"0"	"Non-Handicap"	"6"	"12"	"Fortune, Jimmy"	"Jarvis, M A"	"1m2f "	"4"	"14"
"21:10:00"	"2004-06-28"	"Windsor"	"Band"	"50.00"	"0"	"Non-Handicap"	"10"	"12"	"Gibbons, Graham"	"McMahon, B A"	"1m2f "	"4"	"11"
"20:40:00"	"2004-06-28"	"Windsor"	"Classic Vision"	"7.50"	"0"	"Handicap"	"6"	"14"	"Hills, R"	"Haggas, W J"	"1m.5f "	"4"	"8"
"14:50:00"	"2004-06-27"	"Warwick"	"Mysterinch"	"14.00"	"0"	"Non-Handicap"	"2"	"11"	"Hanagan, Paul"	"OKeeffe, Jedd"	"7f "	"4"	"23"
"14:50:00"	"2004-06-27"	"Warwick"	"Vindication"	"3.50"	"0"	"Non-Handicap"	"7"	"11"	"Ahern, Eddie"	"Fanshawe, J R"	"7f "	"4"	"9"
"21:20:00"	"2004-06-26"	"Doncaster"	"Park Star"	"20.00"	"0"	"Handicap"	"17"	"18"	"Winston, Robert"	"Shaw, D"	"7f "	"4"	"47"
"19:50:00"	"2004-06-26"	"Doncaster"	"Coranglais"	"20.00"	"0"	"Handicap"	"9"	"18"	"Winston, Robert"	"Bradley, J M"	"6f "	"4"	"18"
"19:50:00"	"2004-06-26"	"Doncaster"	"Stokesies Wish"	"14.00"	"0"	"Handicap"	"12"	"18"	"Turner, Hayley"	"Spearing, J L"	"6f "	"4"	"8"
"16:35:00"	"2004-06-26"	"Windsor"	"Silver Chime"	"5.00"	"0"	"Non-Handicap"	"6"	"9"	"Mullen, Richard"	"Simcock, D M"	"6f "	"4"	"14"
"16:35:00"	"2004-06-26"	"Windsor"	"Isaz"	"12.00"	"0"	"Non-Handicap"	"8"	"9"	"Sweeney, Fergus"	"Candy, H"	"6f "	"4"	"37"
"15:10:00"	"2004-06-26"	"Curragh"	"Notanother"	"25.00"	"0"	"Handicap"	"9"	"29"	"OShea, T P"	"Halford, M"	"7f "	"4"	"4"
"20:55:00"	"2004-06-25"	"Newcastle"	"Miss Wizz"	"20.00"	"0"	"Claimer"	"1"	"14"	"Moore, Rory"	"Storey, W"	"6f "	"4"	"16"
"20:55:00"	"2004-06-25"	"Newcastle"	"Bettys Valentine"	"33.00"	"0"	"Claimer"	"13"	"14"	"Ahern, Eddie"	"Barker, D W"	"6f "	"4"	"9"
"20:30:00"	"2004-06-25"	"Curragh"	"Man Of Aran"	"9.00"	"0"	"Handicap"	"14"	"25"	"OShea, T P"	"Halford, M"	"1m2f "	"4"	"19"
"19:00:00"	"2004-06-25"	"Curragh"	"Amiata"	"8.00"	"0"	"Handicap"	"14"	"15"	"Kinane, M J"	"Gillespie, Declan"	"5f "	"4"	"53"
"18:55:00"	"2004-06-25"	"Newcastle"	"Every Note Counts"	"9.00"	"0"	"Handicap"	"6"	"11"	"Walford, Mr M"	"Quinn, J J"	"1m2f "	"4"	"11"
"18:50:00"	"2004-06-24"	"Leicester"	"St Ivian"	"40.00"	"0"	"Handicap"	"8"	"19"	"Morris, Mrs M"	"Macauley, Mrs N"	"5f "	"4"	"9"
"15:40:00"	"2004-06-24"	"Salisbury"	"Ok Pal (OLD)"	"14.00"	"0"	"Handicap"	"12"	"12"	"Miles, Robert"	"Mills, T G"	"5f "	"4"	"48"
"19:15:00"	"2004-06-23"	"Bath"	"Brazilian Terrace"	"5.00"	"0"	"Handicap"	"3"	"8"	"Turner, Hayley"	"Bell, M L W"	"1m "	"4"	"11"
"18:55:00"	"2004-06-22"	"Ballinrobe"	"Hidden Cave"	"12.00"	"0"	"Handicap"	"6"	"15"	"Grant, D M"	"Flynn, Patrick J"	"1m1f "	"4"	"5"
"17:00:00"	"2004-06-22"	"Brighton"	"Redwood Star"	"10.00"	"0"	"Handicap"	"3"	"12"	"Price, Russell"	"Gilligan, P L"	"5.5f "	"4"	"10"
"17:00:00"	"2004-06-22"	"Brighton"	"Cedric Coverwell"	"25.00"	"0"	"Handicap"	"12"	"12"	"ONeill, Dane"	"Ivory, D K"	"5.5f "	"4"	"20"
"16:00:00"	"2004-06-21"	"Musselburgh"	"Petana"	"20.00"	"0"	"Handicap"	"1"	"9"	"Gemelova, Natalia"	"Dods, M"	"5f "	"4"	"12"
"16:00:00"	"2004-06-21"	"Musselburgh"	"Mystery Pips"	"12.00"	"0"	"Handicap"	"4"	"9"	"Tinkler, Kim"	"Tinkler, N"	"5f "	"4"	"12"
"16:00:00"	"2004-06-21"	"Musselburgh"	"Robwillcall"	"9.00"	"0"	"Handicap"	"5"	"9"	"Mathers, Patrick"	"Berry, A"	"5f "	"4"	"5"
"15:30:00"	"2004-06-20"	"Warwick"	"One Last Time"	"7.00"	"0"	"Handicap"	"14"	"17"	"Ffrench, Royston"	"Bastiman, R"	"5f "	"4"	"33"
"20:05:00"	"2004-06-19"	"Lingfield"	"Welcome Stranger"	"10.00"	"0"	"Handicap"	"2"	"13"	"Fletcher, L"	"Eustace, J M P"	"7.5f "	"4"	"19"
"20:05:00"	"2004-06-19"	"Lingfield"	"Fleetwood Bay"	"12.00"	"0"	"Handicap"	"3"	"13"	"Baker, George"	"Millman, B R"	"7.5f "	"4"	"47"
"17:00:00"	"2004-06-19"	"Ascot"	"Briareus"	"22.00"	"0"	"Handicap"	"6"	"13"	"Quinn, Jimmy"	"Balding, A M"	"1m4f "	"4"	"16"
"17:00:00"	"2004-06-19"	"Ascot"	"Trust Rule"	"7.00"	"0"	"Handicap"	"10"	"13"	"Hills, Michael"	"Hills, B W"	"1m4f "	"4"	"14"
"16:25:00"	"2004-06-19"	"Ascot"	"Dazzling Bay"	"8.00"	"0"	"Handicap"	"5"	"29"	"Egan, John"	"Easterby, T D"	"6f "	"4"	"8"
"16:25:00"	"2004-06-19"	"Ascot"	"Dame De Noche"	"50.00"	"0"	"Handicap"	"10"	"29"	"Fenton, Micky"	"Given, J G"	"6f "	"4"	"11"
"16:25:00"	"2004-06-19"	"Ascot"	"Gaelic Princess"	"66.00"	"0"	"Handicap"	"12"	"29"	"Keniry, L P"	"Newcombe, A G"	"6f "	"4"	"11"
"14:50:00"	"2004-06-19"	"Redcar"	"Hiccups (OLD)"	"5.50"	"0"	"Handicap"	"10"	"17"	"Winston, Robert"	"Ramsden, Mrs J R"	"6f "	"4"	"21"
"14:20:00"	"2004-06-19"	"Redcar"	"Telemachus (OLD)"	"16.00"	"0"	"Handicap"	"8"	"13"	"McKeown, Dean"	"Given, J G"	"1m2f "	"4"	"19"
"13:45:00"	"2004-06-19"	"Redcar"	"Compton Plume"	"4.00"	"0"	"Maiden"	"2"	"10"	"Gibson, Dale"	"Tinning, W H"	"6f "	"4"	"15"
"13:45:00"	"2004-06-19"	"Redcar"	"Frimleys Matterry"	"66.00"	"0"	"Maiden"	"5"	"10"	"Lawson, Mark"	"Barr, R E"	"6f "	"4"	"18"
"17:05:00"	"2004-06-17"	"Ripon"	"Smart Minister"	"5.00"	"0"	"Maiden"	"1"	"8"	"Dalgleish, K"	"Quinn, J J"	"6f "	"4"	"24"
"15:20:00"	"2004-06-17"	"Ripon"	"Kings College Boy"	"5.50"	"0"	"Handicap"	"2"	"12"	"Hanagan, Paul"	"Fahey, R A"	"5f "	"4"	"8"
"15:20:00"	"2004-06-17"	"Ripon"	"Merlins Dancer"	"5.00"	"0"	"Handicap"	"8"	"12"	"Nicholls, Adrian T"	"Nicholls, D"	"5f "	"4"	"22"
"18:50:00"	"2004-06-16"	"Ripon"	"Weet Watchers"	"2.75"	"0"	"Seller"	"1"	"8"	"Halford, Marc"	"Nicholls, D"	"6f "	"4"	"16"
"18:50:00"	"2004-06-16"	"Ripon"	"Efimac"	"16.00"	"0"	"Seller"	"4"	"8"	"France, Suzzanne"	"Bycroft, N"	"6f "	"4"	"7"
"18:50:00"	"2004-06-16"	"Ripon"	"Queen Of Night"	"3.00"	"0"	"Seller"	"LFT"	"8"	"Reilly, Ambroise"	"Chapman, D W"	"6f "	"4"	"37"
"16:20:00"	"2004-06-16"	"Ascot"	"Audience (OLD)"	"33.00"	"0"	"Handicap"	"8"	"31"	"Moore, Ryan"	"Akehurst, J"	"1m "	"4"	"25"
"16:20:00"	"2004-06-16"	"Ascot"	"Putra Kuantan"	"14.00"	"0"	"Handicap"	"15"	"31"	"Robinson, Philip"	"Jarvis, M A"	"1m "	"4"	"16"
"16:05:00"	"2004-06-16"	"Hamilton"	"Bettys Valentine"	"100.00"	"0"	"Claimer"	"9"	"10"	"Williams, T"	"Barker, D W"	"5f "	"4"	"23"
"20:00:00"	"2004-06-14"	"Windsor"	"Complication"	"6.00"	"0"	"Handicap"	"4"	"17"	"Jones, Lisa"	"Toller, J A R"	"6f "	"4"	"6"
"20:00:00"	"2004-06-14"	"Windsor"	"Effective"	"11.00"	"0"	"Handicap"	"8"	"17"	"Holland, Darryll"	"Jarvis, A P"	"6f "	"4"	"28"
"20:00:00"	"2004-06-14"	"Windsor"	"Blue Patrick"	"16.00"	"0"	"Handicap"	"11"	"17"	"Mackay, Jamie"	"Eustace, J M P"	"6f "	"4"	"7"
"20:00:00"	"2004-06-14"	"Windsor"	"Super Song"	"66.00"	"0"	"Handicap"	"16"	"17"	"Badger, Joanna"	"Evans, P D"	"6f "	"4"	"14"
"18:30:00"	"2004-06-14"	"Windsor"	"Every Note Counts"	"11.00"	"0"	"Handicap"	"6"	"8"	"Quinn, T"	"Quinn, J J"	"1m.5f "	"4"	"27"
"17:00:00"	"2004-06-14"	"Carlisle"	"Low Cloud"	"7.00"	"0"	"Handicap"	"5"	"13"	"Carroll, John"	"Nicholls, D"	"1m "	"4"	"9"
"17:00:00"	"2004-06-14"	"Carlisle"	"Time To Regret"	"14.00"	"0"	"Handicap"	"13"	"13"	"Winston, Robert"	"Quinn, J J"	"1m "	"4"	"14"
"16:00:00"	"2004-06-14"	"Carlisle"	"Quicks The Word"	"33.00"	"0"	"Handicap"	"12"	"16"	"McKeown, Dean"	"Thornton, C W"	"6f "	"4"	"24"
"15:30:00"	"2004-06-14"	"Carlisle"	"Greenwich Meantime"	"14.00"	"0"	"Handicap"	"3"	"10"	"Goncalves, L"	"Ramsden, Mrs J R"	"1m6f "	"4"	"11"
"20:45:00"	"2004-06-12"	"Leicester"	"Poppyline"	"6.50"	"0"	"Handicap"	"6"	"14"	"Makin, Phillip"	"Muir, W R"	"1m "	"4"	"10"
"20:30:00"	"2004-06-12"	"Lingfield"	"Davids Mark"	"9.00"	"0"	"Handicap"	"4"	"18"	"Sanders, Seb"	"Jenkins, J R"	"6f "	"4"	"8"
"20:30:00"	"2004-06-12"	"Lingfield"	"Badou"	"20.00"	"0"	"Handicap"	"10"	"18"	"Cogan, C"	"Hall, L Montague"	"6f "	"4"	"2"
"20:30:00"	"2004-06-12"	"Lingfield"	"Gun Salute"	"12.00"	"0"	"Handicap"	"11"	"18"	"Fortune, Jimmy"	"Moore, Gary and Josh"	"6f "	"4"	"6"
"18:45:00"	"2004-06-12"	"Leicester"	"Silver Chime"	"4.50"	"0"	"Handicap"	"5"	"15"	"Fenton, Micky"	"Simcock, D M"	"6f "	"4"	"13"
"18:45:00"	"2004-06-12"	"Leicester"	"Tuscan Treaty"	"20.00"	"0"	"Handicap"	"6"	"15"	"Doyle, Brett"	"Clement, T T"	"6f "	"4"	"6"
"16:25:00"	"2004-06-12"	"Sandown"	"Cantrip"	"9.00"	"0"	"Handicap"	"3"	"11"	"Quinn, Jimmy"	"Sanders, Miss B"	"1m6f "	"4"	"5"
"16:25:00"	"2004-06-12"	"Sandown"	"Dovedon Hero"	"9.00"	"0"	"Handicap"	"4"	"11"	"Sanders, Seb"	"McBride, P J"	"1m6f "	"4"	"7"
"16:25:00"	"2004-06-12"	"Sandown"	"Snows Ride"	"16.00"	"0"	"Handicap"	"7"	"11"	"Makin, Phillip"	"Muir, W R"	"1m6f "	"4"	"14"
"15:15:00"	"2004-06-12"	"Sandown"	"Ephesus"	"10.00"	"0"	"Handicap"	"2"	"8"	"Supple, W J"	"Kelleway, Miss Gay"	"7f "	"4"	"8"
"15:15:00"	"2004-06-12"	"Sandown"	"Flying Express"	"5.50"	"0"	"Handicap"	"3"	"8"	"Robinson, Philip"	"Hills, B W"	"7f "	"4"	"4"
"14:20:00"	"2004-06-12"	"York"	"Nicholas Nickelby"	"33.00"	"0"	"Handicap"	"10"	"10"	"Bramley, Miss Faye"	"Polglase, M J"	"1m4f "	"4"	"19"
"15:15:00"	"2004-06-11"	"York"	"River Falcon"	"8.00"	"0"	"Handicap"	"7"	"10"	"Darley, K"	"Goldie, J S"	"6f "	"4"	"13"
"14:00:00"	"2004-06-11"	"Sandown"	"Willhewiz"	"2.00"	"0"	"Claimer"	"1"	"8"	"Egan, John"	"Dwyer, C A"	"5f "	"4"	"13"
"14:00:00"	"2004-06-11"	"Sandown"	"Ela Figura"	"12.00"	"0"	"Claimer"	"6"	"8"	"Ryan, W"	"Carroll, A W"	"5f "	"4"	"1"
"19:30:00"	"2004-06-10"	"Brighton"	"Ela Figura"	"10.00"	"0"	"Handicap"	"3"	"10"	"Slattery, Vince"	"Carroll, A W"	"5.5f "	"4"	"4"
"17:35:00"	"2004-06-10"	"Yarmouth"	"Kennington (OLD)"	"5.00"	"0"	"Handicap"	"2"	"13"	"Turner, Hayley"	"Dunnett, Mrs C A"	"6f "	"4"	"12"
"19:50:00"	"2004-06-09"	"Hamilton"	"Goodbye Mr Bond"	"8.00"	"0"	"Handicap"	"1"	"11"	"Norton, Francis"	"Alston, E J"	"1m.5f "	"4"	"7"
"19:50:00"	"2004-06-09"	"Hamilton"	"Jordans Elect"	"5.50"	"0"	"Handicap"	"4"	"11"	"Enstone, Lee"	"Semple, I"	"1m.5f "	"4"	"6"
"18:50:00"	"2004-06-09"	"Hamilton"	"Colemanstown"	"14.00"	"0"	"Handicap"	"8"	"13"	"Ellison, Miss L"	"Ellison, B"	"6f "	"4"	"7"
"19:50:00"	"2004-06-08"	"Chester"	"Newcorp Lad"	"50.00"	"0"	"Handicap"	"8"	"13"	"Duffield, G"	"Rees, Mrs G S"	"1m2.5f "	"4"	"21"
"18:50:00"	"2004-06-08"	"Chester"	"Flying Express"	"4.00"	"0"	"Handicap"	"8"	"9"	"Hills, Michael"	"Hills, B W"	"7f "	"4"	"10"
"18:50:00"	"2004-06-08"	"Chester"	"Dame De Noche"	"9.00"	"0"	"Handicap"	"9"	"9"	"Duffield, G"	"Given, J G"	"7f "	"4"	"17"
"17:15:00"	"2004-06-08"	"Salisbury"	"Private Benjamin"	"7.00"	"0"	"Handicap"	"1"	"11"	"Doe, Paul"	"Poulton, Jamie"	"1m4f "	"4"	"16"
"17:15:00"	"2004-06-08"	"Salisbury"	"Aoninch"	"4.50"	"0"	"Handicap"	"8"	"11"	"Whitworth, Simon"	"Dutfield, Mrs P N"	"1m4f "	"4"	"8"
"15:30:00"	"2004-06-08"	"Redcar"	"Miss Ocean Monarch"	"14.00"	"0"	"Handicap"	"9"	"11"	"Fentiman, Duran"	"Chapman, D W"	"1m "	"4"	"15"
"15:15:00"	"2004-06-08"	"Salisbury"	"Coranglais"	"14.00"	"0"	"Handicap"	"8"	"12"	"Catlin, Chris"	"Bradley, J M"	"6f "	"4"	"13"
"14:45:00"	"2004-06-08"	"Salisbury"	"Clann A Cougar"	"6.00"	"0"	"Claimer"	"6"	"12"	"Bartley, Gary"	"Wood, I A"	"7f "	"4"	"25"
"16:50:00"	"2004-06-06"	"Brighton"	"Goodwood Prince"	"16.00"	"0"	"Handicap"	"10"	"16"	"Egan, John"	"Dow, S"	"6f "	"4"	"15"
"14:50:00"	"2004-06-06"	"Brighton"	"Due To Me"	"40.00"	"0"	"Handicap"	"3"	"16"	"Whitworth, Simon"	"Moore, Gary and Josh"	"7f "	"4"	"24"
"14:50:00"	"2004-06-06"	"Brighton"	"B A Highflyer"	"12.00"	"0"	"Handicap"	"13"	"16"	"Catlin, Chris"	"Channon, M R"	"7f "	"4"	"11"
"16:40:00"	"2004-06-05"	"Doncaster"	"Law Maker"	"16.00"	"0"	"Maiden"	"4"	"14"	"Mulrennan, Paul"	"Buckley, M A"	"5f "	"4"	"3"
"15:40:00"	"2004-06-05"	"Haydock"	"Go Tech"	"5.00"	"0"	"Handicap"	"6"	"10"	"Robinson, Philip"	"Easterby, T D"	"1m "	"4"	"18"
"15:30:00"	"2004-06-05"	"Epsom"	"Seafield Towers"	"66.00"	"0"	"Handicap"	"12"	"20"	"Durcan, Ted"	"Perratt, Miss L A"	"5f "	"4"	"7"
"14:20:00"	"2004-06-05"	"Doncaster"	"Mexican Pete"	"5.50"	"0"	"Handicap"	"7"	"11"	"Jones, Lisa"	"Hiatt, P W"	"1m4f "	"4"	"7"
"14:20:00"	"2004-06-05"	"Doncaster"	"Dovedon Hero"	"8.00"	"0"	"Handicap"	"8"	"11"	"Mackay, Jamie"	"McBride, P J"	"1m4f "	"4"	"15"
"13:50:00"	"2004-06-05"	"Doncaster"	"Maddies A Jem"	"8.00"	"0"	"Handicap"	"6"	"13"	"Kelly, Shane"	"Jenkins, J R"	"6f "	"4"	"6"
"13:50:00"	"2004-06-05"	"Doncaster"	"Certa Cito"	"11.00"	"0"	"Handicap"	"13"	"13"	"Carroll, John"	"Easterby, T D"	"6f "	"4"	"18"
"14:15:00"	"2004-06-04"	"Epsom"	"Jay Gees Choice"	"7.00"	"0"	"Handicap"	"9"	"13"	"Hitchcott, Sam"	"Channon, M R"	"1m.5f "	"4"	"6"
"16:40:00"	"2004-06-03"	"Hamilton"	"Minirina"	"25.00"	"0"	"Handicap Maiden"	"8"	"13"	"Makin, Phillip"	"Smith, C"	"5f "	"4"	"17"
"16:20:00"	"2004-06-03"	"Haydock"	"Steel Blue"	"5.50"	"0"	"Non-Handicap"	"2"	"12"	"Culhane, Tony"	"Whitaker, R M"	"6f "	"4"	"9"
"15:50:00"	"2004-06-03"	"Haydock"	"Ofaraby"	"2.50"	"0"	"Handicap"	"2"	"9"	"Robinson, Philip"	"Jarvis, M A"	"1m2.5f "	"4"	"28"
"15:50:00"	"2004-06-03"	"Haydock"	"Briareus"	"6.50"	"0"	"Handicap"	"3"	"9"	"Darley, K"	"Balding, A M"	"1m2.5f "	"4"	"20"
"15:40:00"	"2004-06-03"	"Hamilton"	"Jordans Elect"	"8.00"	"0"	"Handicap"	"1"	"8"	"Eaves, Tom"	"Semple, I"	"1m1f "	"4"	"10"
"15:40:00"	"2004-06-03"	"Hamilton"	"Skiddaw Jones"	"16.00"	"0"	"Handicap"	"6"	"8"	"Carroll, John"	"Perratt, Miss L A"	"1m1f "	"4"	"1"
"15:30:00"	"2004-06-02"	"Newcastle"	"Colemanstown"	"50.00"	"0"	"Handicap"	"12"	"12"	"Eaves, Tom"	"Ellison, B"	"6f "	"4"	"5"
"15:00:00"	"2004-06-02"	"Newcastle"	"Goodbye Mr Bond"	"2.25"	"0"	"Handicap"	"1"	"10"	"Darley, K"	"Alston, E J"	"1m "	"4"	"23"
"15:00:00"	"2004-06-02"	"Newcastle"	"Hula Ballew"	"20.00"	"0"	"Handicap"	"9"	"10"	"Winston, Robert"	"Dods, M"	"1m "	"4"	"31"
"19:50:00"	"2004-06-01"	"Sandown"	"Acomb"	"3.00"	"0"	"Handicap"	"1"	"12"	"Fallon, K"	"Easterby, M W"	"1m "	"4"	"8"
"14:45:00"	"2004-06-01"	"Redcar"	"Paula"	"66.00"	"0"	"Handicap"	"15"	"15"	"Enstone, Lee"	"Dods, M"	"1m1f "	"4"	"14"
"21:25:00"	"2003-06-30"	"Musselburgh"	"Tbm Can"	"1.20"	"0"	"Handicap"	"3"	"8"	"Fallon, K"	"Brisbourne, W M"	"1m4f "	"4"	"3"
"21:10:00"	"2003-06-30"	"Windsor"	"Sir Alfred"	"12.00"	"0"	"Non-Handicap"	"8"	"12"	"Carson, Stephen"	"King, A"	"1m2f "	"4"	"7"
"18:55:00"	"2003-06-30"	"Musselburgh"	"Caitland"	"33.00"	"0"	"Claimer"	"8"	"12"	"Enstone, Lee"	"Allan, R"	"1m1f "	"4"	"10"
"15:20:00"	"2003-06-29"	"Doncaster"	"Plateau"	"20.00"	"0"	"Handicap"	"8"	"11"	"Hills, Michael"	"Nicholls, D"	"5f "	"4"	"8"
"15:05:00"	"2003-06-29"	"Curragh"	"Bragadino"	"10.00"	"0"	"Handicap"	"7"	"21"	"McDonogh, D P"	"Prendergast, P J"	"1m "	"4"	"25"
"15:05:00"	"2003-06-29"	"Curragh"	"Shrewdness (OLD)"	"25.00"	"0"	"Handicap"	"15"	"21"	"Hussey, M C"	"Morgan, Ms Joanna"	"1m "	"4"	"27"
"14:45:00"	"2003-06-29"	"Doncaster"	"Yorkshire Blue"	"20.00"	"0"	"Handicap"	"6"	"13"	"Fox, Dominic"	"Whitaker, R M"	"1m "	"4"	"18"
"14:30:00"	"2003-06-29"	"Curragh"	"Nathan Jones"	"12.00"	"0"	"Handicap"	"9"	"17"	"McCullagh, N G"	"Prendergast, P J"	"6.5f "	"4"	"14"
"21:15:00"	"2003-06-28"	"Doncaster"	"Balmacara (OLD)"	"20.00"	"0"	"Handicap"	"2"	"19"	"Hitchcott, Sam"	"Boutflower, Miss K B"	"7f "	"4"	"26"
"21:15:00"	"2003-06-28"	"Doncaster"	"Queen Excalibur"	"40.00"	"0"	"Handicap"	"12"	"19"	"Fitzsimons, Paul"	"Bradley, J M"	"7f "	"4"	"31"
"21:15:00"	"2003-06-28"	"Doncaster"	"Lady Protector"	"25.00"	"0"	"Handicap"	"18"	"19"	"Bramhill, J"	"Bowring, S R"	"7f "	"4"	"21"
"20:45:00"	"2003-06-28"	"Doncaster"	"Celtic Style"	"4.00"	"0"	"Handicap"	"4"	"10"	"Darley, K"	"Johnston, M"	"1m6.5f "	"4"	"11"
"19:45:00"	"2003-06-28"	"Doncaster"	"Dizzy In The Head"	"4.00"	"0"	"Handicap"	"6"	"14"	"Allan, David"	"OReilly, J"	"6f "	"4"	"14"
"14:55:00"	"2003-06-28"	"Chester"	"Alessandro Severo"	"28.00"	"0"	"Claimer"	"9"	"9"	"McLaughlin, T G"	"Littmoden, N P"	"1m2.5f "	"4"	"15"
"14:15:00"	"2003-06-28"	"Newcastle"	"Old Blue Eyes (OLD)"	"12.00"	"0"	"Handicap"	"17"	"17"	"Quinn, T"	"Harris, P W"	"6f "	"4"	"18"
"19:20:00"	"2003-06-27"	"Newcastle"	"Artie"	"3.50"	"0"	"Handicap"	"3"	"10"	"Darley, K"	"Easterby, T D"	"5f "	"4"	"14"
"18:45:00"	"2003-06-27"	"Newcastle"	"Scurra"	"12.00"	"0"	"Handicap"	"13"	"15"	"Whillans, Ewan"	"Whillans, A C"	"1m2f "	"4"	"7"
"16:15:00"	"2003-06-26"	"Carlisle"	"Dara Mac"	"33.00"	"0"	"Non-Handicap"	"6"	"10"	"France, Suzzanne"	"Bycroft, N"	"1m "	"4"	"8"
"19:15:00"	"2003-06-25"	"Bath"	"Frazzled"	"16.00"	"0"	"Handicap"	"10"	"10"	"Whitworth, Simon"	"Cyzer, C A"	"1m "	"4"	"13"
"16:15:00"	"2003-06-25"	"Salisbury"	"Joint Statement"	"4.00"	"0"	"Handicap"	"2"	"8"	"Creighton, Edward"	"Channon, M R"	"1m "	"4"	"19"
"16:15:00"	"2003-06-25"	"Salisbury"	"Cal Mac"	"9.00"	"0"	"Handicap"	"3"	"8"	"Fortune, Jimmy"	"Morrison, H"	"1m "	"4"	"27"
"15:35:00"	"2003-06-25"	"Carlisle"	"Pepper Road"	"33.00"	"0"	"Handicap"	"5"	"18"	"Fox, Dominic"	"Bastiman, R"	"1m "	"4"	"10"
"15:35:00"	"2003-06-25"	"Carlisle"	"Qualitair Wings"	"40.00"	"0"	"Handicap"	"12"	"18"	"McGaffin, Derek"	"Hetherton, J"	"1m "	"4"	"18"
"16:30:00"	"2003-06-24"	"Brighton"	"Ice Cracker"	"6.00"	"0"	"Handicap"	"10"	"16"	"Kinsella, David"	"Bowlby, Mrs A J"	"7f "	"4"	"8"
"16:00:00"	"2003-06-24"	"Brighton"	"Make My Hay"	"6.00"	"0"	"Handicap Maiden"	"3"	"11"	"Fitzsimons, Paul"	"Cullinan, J"	"1m4f "	"4"	"12"
"15:30:00"	"2003-06-24"	"Brighton"	"Dispol Evita"	"2.00"	"0"	"Claimer"	"1"	"13"	"Sanders, Seb"	"Reid, Andrew"	"1m2f "	"4"	"12"
"16:30:00"	"2003-06-23"	"Musselburgh"	"Chevin"	"3.00"	"0"	"Handicap"	"5"	"9"	"Brotherton, Miss S"	"Fahey, R A"	"1m4f "	"4"	"7"
"15:30:00"	"2003-06-23"	"Musselburgh"	"Sophies Symphony"	"20.00"	"0"	"Handicap"	"5"	"9"	"Gibson, Dale"	"Burke, K R"	"5f "	"4"	"7"
"15:30:00"	"2003-06-23"	"Musselburgh"	"Penny HaPenny"	"3.50"	"0"	"Handicap"	"6"	"9"	"Lynch, Fergal"	"Barker, D W"	"5f "	"4"	"10"
"15:40:00"	"2003-06-22"	"Warwick"	"Woodland Spirit"	"4.50"	"0"	"Handicap"	"5"	"11"	"ONeill, Dane"	"Elsworth, D R C"	"1m "	"4"	"10"
"15:40:00"	"2003-06-22"	"Warwick"	"Thesaurus"	"40.00"	"0"	"Handicap"	"7"	"11"	"Sanders, Seb"	"Wood, I A"	"1m "	"4"	"21"
"15:10:00"	"2003-06-22"	"Warwick"	"Mystic Witch"	"20.00"	"0"	"Handicap"	"11"	"14"	"Gibson, Dale"	"Swinbank, G A"	"5f "	"4"	"3"
"14:40:00"	"2003-06-22"	"Warwick"	"Pinchbeck"	"3.50"	"0"	"Non-Handicap"	"3"	"9"	"Tebbutt, Michael"	"Jarvis, M A"	"6f "	"4"	"10"
"14:40:00"	"2003-06-22"	"Warwick"	"Polar Impact"	"12.00"	"0"	"Non-Handicap"	"4"	"9"	"Carter, G"	"Berry, A"	"6f "	"4"	"15"
"19:50:00"	"2003-06-21"	"Lingfield"	"Sewmuch Character"	"6.50"	"0"	"Handicap"	"4"	"10"	"Hanagan, Paul"	"Blanshard, M"	"7.5f "	"4"	"12"
"19:20:00"	"2003-06-21"	"Lingfield"	"Praetorian Force"	"50.00"	"0"	"Maiden"	"3"	"11"	"Savage, M"	"Bradley, J M"	"6f "	"4"	"8"
"18:50:00"	"2003-06-21"	"Lingfield"	"Primrose And Rose"	"25.00"	"0"	"Handicap"	"3"	"16"	"McDonald, Frankie"	"Bridger, J / Cook, R"	"5f "	"4"	"12"
"18:50:00"	"2003-06-21"	"Lingfield"	"Lord Of The East"	"14.00"	"0"	"Handicap"	"9"	"16"	"Corby, Dean"	"Howling, P"	"5f "	"4"	"9"
"16:40:00"	"2003-06-21"	"Redcar"	"Mafruz"	"12.00"	"0"	"Non-Handicap"	"8"	"9"	"Gibson, Dale"	"Fahey, R A"	"7f "	"4"	"24"
"16:20:00"	"2003-06-21"	"Ascot"	"Pic Up Sticks"	"25.00"	"0"	"Handicap"	"23"	"29"	"Catlin, Chris"	"Channon, M R"	"6f "	"4"	"14"
"14:20:00"	"2003-06-21"	"Redcar"	"Factor Fifteen"	"2.75"	"0"	"Handicap"	"2"	"12"	"Carroll, John"	"Dunlop, E A L"	"1m2f "	"4"	"10"
"13:45:00"	"2003-06-21"	"Redcar"	"Adept"	"25.00"	"0"	"Maiden"	"4"	"9"	"Williams, T"	"Fairhurst, C W"	"6f "	"4"	"6"
"17:30:00"	"2003-06-20"	"Ascot"	"Pie High"	"33.00"	"0"	"Handicap"	"19"	"27"	"Holland, Darryll"	"Johnston, M"	"7f "	"4"	"11"
"17:30:00"	"2003-06-20"	"Ascot"	"Blythe Spirit"	"25.00"	"0"	"Handicap"	"23"	"27"	"Hanagan, Paul"	"Fahey, R A"	"7f "	"4"	"16"
"17:05:00"	"2003-06-20"	"Redcar"	"Mrs Cube"	"10.00"	"0"	"Handicap Maiden"	"13"	"18"	"Bramley, Miss Faye"	"Bradley, J M"	"1m "	"4"	"7"
"16:30:00"	"2003-06-19"	"Ripon"	"Errol"	"50.00"	"0"	"Handicap"	"7"	"12"	"Bartley, Mrs C"	"Coupland, J F"	"1m4.5f "	"4"	"17"
"15:20:00"	"2003-06-19"	"Ripon"	"Bryano De Bergerac"	"14.00"	"0"	"Handicap"	"9"	"14"	"Lappin, Rodney"	"Quinn, J J"	"5f "	"4"	"14"
"20:30:00"	"2003-06-18"	"Ripon"	"Chesnut Ripple"	"9.00"	"0"	"Handicap"	"4"	"10"	"Halliday, V"	"Whitaker, R M"	"1m2f "	"4"	"7"
"19:00:00"	"2003-06-18"	"Ripon"	"Vermilion Creek"	"12.00"	"0"	"Seller"	"1"	"18"	"Hollinshead, Stephanie"	"Hollinshead, R"	"1m "	"4"	"8"
"19:00:00"	"2003-06-18"	"Ripon"	"Dara Mac"	"7.00"	"0"	"Seller"	"7"	"18"	"France, Suzzanne"	"Bycroft, N"	"1m "	"4"	"23"
"19:00:00"	"2003-06-18"	"Ripon"	"Mr Chestnut Tree"	"50.00"	"0"	"Seller"	"14"	"18"	"Stubbs, Kristin"	"Naughton, Mrs A M"	"1m "	"4"	"57"
"16:20:00"	"2003-06-18"	"Ascot"	"Selective"	"10.00"	"0"	"Handicap"	"9"	"32"	"Spencer, Jamie"	"Stewart, A C"	"1m "	"4"	"11"
"16:20:00"	"2003-06-18"	"Ascot"	"Colisay"	"20.00"	"0"	"Handicap"	"10"	"32"	"Dettori, L"	"Stewart, A C"	"1m "	"4"	"23"
"16:20:00"	"2003-06-18"	"Ascot"	"Serieux"	"50.00"	"0"	"Handicap"	"19"	"32"	"Eddery, Pat"	"Perrett, Mrs A J"	"1m "	"4"	"37"
"16:20:00"	"2003-06-18"	"Ascot"	"Perfect Storm"	"33.00"	"0"	"Handicap"	"21"	"32"	"Darley, K"	"Blanshard, M"	"1m "	"4"	"17"
"16:20:00"	"2003-06-18"	"Ascot"	"Halawellfin Hala"	"66.00"	"0"	"Handicap"	"23"	"32"	"Fortune, Jimmy"	"Brittain, C E"	"1m "	"4"	"11"
"16:55:00"	"2003-06-17"	"Ascot"	"Silence Is Golden (OLD)"	"25.00"	"0"	"Handicap"	"13"	"20"	"Smullen, P J"	"Meehan, B J"	"1m4f "	"4"	"11"
"20:10:00"	"2003-06-16"	"Windsor"	"King Harson"	"5.00"	"0"	"Handicap"	"8"	"13"	"Fallon, K"	"Bethell, J D"	"6f "	"4"	"7"
"20:10:00"	"2003-06-16"	"Windsor"	"Midnight Parkes"	"8.00"	"0"	"Handicap"	"12"	"13"	"Robinson, Philip"	"Jarvis, M A"	"6f "	"4"	"11"
"18:40:00"	"2003-06-16"	"Windsor"	"Diliza"	"25.00"	"0"	"Handicap"	"4"	"18"	"Thomas, Richard"	"Balding, G B"	"1m.5f "	"4"	"12"
"18:25:00"	"2003-06-16"	"Warwick"	"Chevin"	"5.00"	"0"	"Handicap"	"1"	"18"	"Poste, Charlie"	"Fahey, R A"	"1m3f "	"4"	"1"
"15:15:00"	"2003-06-16"	"Brighton"	"Ice Cracker"	"16.00"	"0"	"Handicap"	"2"	"15"	"Kinsella, David"	"Bowlby, Mrs A J"	"1m "	"4"	"38"
"15:00:00"	"2003-06-16"	"Musselburgh"	"Sophies Symphony"	"40.00"	"0"	"Claimer"	"7"	"14"	"Fox, Dominic"	"Burke, K R"	"7f "	"4"	"39"
"15:00:00"	"2003-06-16"	"Musselburgh"	"Arms Acrossthesea"	"40.00"	"0"	"Claimer"	"11"	"14"	"Carroll, John"	"Murtagh, F P"	"7f "	"4"	"14"
"16:50:00"	"2003-06-15"	"Leicester"	"Ice And Fire"	"20.00"	"0"	"Handicap"	"6"	"15"	"Brisland, Robyn"	"Barnett, G"	"1m "	"4"	"18"
"16:40:00"	"2003-06-15"	"Carlisle"	"Pepper Road"	"25.00"	"0"	"Handicap"	"3"	"16"	"Allan, David"	"Bastiman, R"	"1m "	"4"	"18"
"16:00:00"	"2003-06-15"	"Cork"	"Nathan Jones"	"5.50"	"0"	"Handicap"	"3"	"10"	"McCullagh, N G"	"Prendergast, P J"	"6f "	"4"	"30"
"15:40:00"	"2003-06-15"	"Carlisle"	"Hebenus"	"5.50"	"0"	"Handicap"	"13"	"20"	"Dalgleish, K"	"Fahey, R A"	"6f "	"4"	"9"
"15:40:00"	"2003-06-15"	"Carlisle"	"Adept"	"40.00"	"0"	"Handicap"	"16"	"20"	"Williams, T"	"Fairhurst, C W"	"6f "	"4"	"15"
"16:30:00"	"2003-06-14"	"Sandown"	"Sergeant Cecil"	"7.00"	"0"	"Handicap"	"2"	"12"	"Fortune, Jimmy"	"Millman, B R"	"1m6f "	"4"	"18"
"16:20:00"	"2003-06-14"	"Bath"	"Bonny Ruan"	"10.00"	"0"	"Seller"	"3"	"17"	"Eddery, Paul"	"Jones, D Haydn"	"5.5f "	"4"	"10"
"14:15:00"	"2003-06-14"	"Sandown"	"Shiny (OLD)"	"6.50"	"0"	"Handicap"	"9"	"9"	"Robinson, Philip"	"Brittain, C E"	"7f "	"4"	"8"
"14:00:00"	"2003-06-14"	"York"	"Athenian"	"20.00"	"0"	"Handicap"	"7"	"13"	"Callan, N"	"Morris, D"	"1m1f "	"4"	"19"
"14:00:00"	"2003-06-14"	"York"	"Oldenway"	"10.00"	"0"	"Handicap"	"9"	"13"	"Hanagan, Paul"	"Fahey, R A"	"1m1f "	"4"	"42"
"14:00:00"	"2003-06-14"	"York"	"Cats Whiskers"	"3.33"	"0"	"Handicap"	"11"	"13"	"Gibson, Dale"	"Easterby, M W"	"1m1f "	"4"	"19"
"14:00:00"	"2003-06-14"	"York"	"Crow Wood"	"5.50"	"0"	"Handicap"	"13"	"13"	"Fenton, Micky"	"Given, J G"	"1m1f "	"4"	"9"
"15:15:00"	"2003-06-13"	"York"	"Artie"	"7.00"	"0"	"Handicap"	"5"	"11"	"Darley, K"	"Easterby, T D"	"6f "	"4"	"20"
"14:35:00"	"2003-06-13"	"Sandown"	"Zarzu"	"5.00"	"0"	"Claimer"	"3"	"11"	"Hughes, Richard"	"Burke, K R"	"5f "	"4"	"36"
"14:35:00"	"2003-06-13"	"Sandown"	"Guns Blazing"	"66.00"	"0"	"Claimer"	"6"	"11"	"ONeill, Dane"	"Haigh, Miss V"	"5f "	"4"	"4"
"14:10:00"	"2003-06-13"	"York"	"Penny HaPenny"	"20.00"	"0"	"Handicap"	"10"	"20"	"Duffield, G"	"Barker, D W"	"5f "	"4"	"13"
"14:10:00"	"2003-06-13"	"York"	"Secret Spoof"	"40.00"	"0"	"Handicap"	"15"	"20"	"Allan, David"	"Easterby, T D"	"5f "	"4"	"21"
"21:00:00"	"2003-06-12"	"Brighton"	"Inch By Inch"	"9.00"	"0"	"Handicap"	"4"	"10"	"Clark, A"	"Makin, P J"	"5.5f "	"4"	"13"
"20:30:00"	"2003-06-12"	"Brighton"	"Frazzled"	"10.00"	"0"	"Handicap"	"6"	"13"	"Moore, Ryan"	"Cyzer, C A"	"7f "	"4"	"13"
"17:15:00"	"2003-06-12"	"Hamilton"	"Kanga"	"4.00"	"0"	"Handicap Maiden"	"7"	"14"	"McKeown, Dean"	"Littmoden, N P"	"5f "	"4"	"16"
"16:10:00"	"2003-06-12"	"Hamilton"	"Short Respite"	"50.00"	"0"	"Handicap"	"8"	"18"	"Williams, Darren"	"Burke, K R"	"1m1f "	"4"	"17"
"21:20:00"	"2003-06-11"	"Hamilton"	"Brigadore"	"25.00"	"0"	"Handicap"	"8"	"14"	"Winston, Robert"	"Weymes, J R"	"5f "	"4"	"11"
"19:50:00"	"2003-06-11"	"Hamilton"	"Captain Venti"	"4.00"	"0"	"Handicap"	"2"	"15"	"Winston, Robert"	"Quinn, J J"	"1m.5f "	"4"	"19"
"17:45:00"	"2003-06-10"	"Salisbury"	"Lake O Gold"	"20.00"	"0"	"Handicap"	"8"	"19"	"Young, Richard"	"Mullins, J W"	"1m4f "	"4"	"27"
"17:45:00"	"2003-06-10"	"Salisbury"	"March Alone"	"20.00"	"0"	"Handicap"	"11"	"19"	"Harwood, Miss L J"	"Perrett, Mrs A J"	"1m4f "	"4"	"11"
"15:30:00"	"2003-06-10"	"Redcar"	"Nellie Melba"	"33.00"	"0"	"Handicap"	"10"	"20"	"Fanning, Joe"	"Craig, Miss I E"	"1m "	"4"	"8"
"15:30:00"	"2003-06-10"	"Redcar"	"Forest Prize"	"6.00"	"0"	"Handicap"	"18"	"20"	"Darley, K"	"Easterby, T D"	"1m "	"4"	"10"
"15:15:00"	"2003-06-10"	"Salisbury"	"Old Blue Eyes (OLD)"	"6.00"	"0"	"Handicap"	"3"	"13"	"Quinn, T"	"Harris, P W"	"6f "	"4"	"17"
"14:45:00"	"2003-06-10"	"Salisbury"	"Prince Domino"	"10.00"	"0"	"Claimer"	"6"	"20"	"Moore, Ryan"	"Moore, Gary and Josh"	"7f "	"4"	"18"
"20:30:00"	"2003-06-09"	"Windsor"	"Petite Futee"	"6.00"	"0"	"Claimer"	"8"	"17"	"Eddery, Paul"	"Jones, D Haydn"	"1m3.5f "	"4"	"41"
"20:00:00"	"2003-06-09"	"Windsor"	"Voice Mail"	"3.33"	"0"	"Non-Handicap"	"7"	"10"	"Fallon, K"	"Balding, A M"	"1m.5f "	"4"	"34"
"19:00:00"	"2003-06-09"	"Windsor"	"Primrose And Rose"	"100.00"	"0"	"Non-Handicap"	"8"	"12"	"Kinsella, David"	"Bridger, J / Cook, R"	"5f "	"4"	"16"
"17:20:00"	"2003-06-07"	"Epsom"	"Ringmoor Down"	"10.00"	"0"	"Handicap"	"6"	"17"	"ONeill, Dane"	"Arbuthnot, D W P"	"6f "	"4"	"10"
"17:20:00"	"2003-06-07"	"Epsom"	"Tychy"	"8.00"	"0"	"Handicap"	"7"	"17"	"Holland, Darryll"	"Williams, S C"	"6f "	"4"	"10"
"17:20:00"	"2003-06-07"	"Epsom"	"Simianna"	"9.00"	"0"	"Handicap"	"11"	"17"	"Fallon, K"	"Berry, A"	"6f "	"4"	"6"
"17:20:00"	"2003-06-07"	"Epsom"	"Jayanjay"	"25.00"	"0"	"Handicap"	"13"	"17"	"Drowne, Steve"	"Sanders, Miss B"	"6f "	"4"	"17"
"16:15:00"	"2003-06-07"	"Haydock"	"Tojoneski"	"25.00"	"0"	"Handicap"	"8"	"16"	"Hatfield, Miss Fiona"	"Morgan, K A"	"1m2.5f "	"4"	"46"
"16:15:00"	"2003-06-07"	"Haydock"	"Our Glenard"	"5.00"	"0"	"Handicap"	"10"	"16"	"Turner, Miss A L"	"Keightley, S L"	"1m2.5f "	"4"	"28"
"15:40:00"	"2003-06-07"	"Haydock"	"Tough Love"	"2.50"	"0"	"Handicap"	"1"	"10"	"Supple, W J"	"Easterby, T D"	"1m "	"4"	"7"
"13:50:00"	"2003-06-07"	"Doncaster"	"Katy OHara"	"40.00"	"0"	"Handicap"	"11"	"15"	"Fanning, Joe"	"Hall, Miss S E"	"6f "	"4"	"7"
"13:50:00"	"2003-06-07"	"Doncaster"	"Basbousate Nadia"	"50.00"	"0"	"Handicap"	"13"	"15"	"Mullen, Richard"	"Muir, W R"	"6f "	"4"	"15"
"13:50:00"	"2003-06-07"	"Doncaster"	"Lady Protector"	"12.00"	"0"	"Handicap"	"14"	"15"	"Bramhill, J"	"Bowring, S R"	"6f "	"4"	"16"
"17:00:00"	"2003-06-06"	"Catterick"	"Delta Force (OLD)"	"14.00"	"0"	"Maiden"	"3"	"18"	"Watson, Dawn"	"Shaw, D"	"7f "	"4"	"10"
"17:00:00"	"2003-06-06"	"Catterick"	"Rust En Vrede"	"12.00"	"0"	"Maiden"	"6"	"18"	"Tudhope, Daniel"	"Carroll, D"	"7f "	"4"	"4"
"15:45:00"	"2003-06-06"	"Catterick"	"Classic Example"	"20.00"	"0"	"Handicap"	"11"	"11"	"Sweeney, Fergus"	"Wilton, Miss S J"	"1m4f "	"4"	"45"
"15:10:00"	"2003-06-06"	"Catterick"	"Bella Beguine"	"20.00"	"0"	"Handicap"	"4"	"13"	"Callan, N"	"Bailey, A"	"6f "	"4"	"38"
"14:10:00"	"2003-06-06"	"Epsom"	"Joint Statement"	"12.00"	"0"	"Handicap"	"11"	"16"	"Drowne, Steve"	"Channon, M R"	"1m.5f "	"4"	"32"
"14:10:00"	"2003-06-06"	"Epsom"	"Ace Of Hearts"	"10.00"	"0"	"Handicap"	"12"	"16"	"Woods, W"	"Wall, C F"	"1m.5f "	"4"	"9"
"18:55:00"	"2003-06-05"	"Sandown"	"Midnight Parkes"	"12.00"	"0"	"Handicap"	"3"	"12"	"Robinson, Philip"	"Jarvis, M A"	"5f "	"4"	"19"
"18:55:00"	"2003-06-05"	"Sandown"	"Online Investor"	"4.50"	"0"	"Handicap"	"8"	"12"	"Holland, Darryll"	"Cox, C G"	"5f "	"4"	"12"
"16:45:00"	"2003-06-05"	"Haydock"	"Bryano De Bergerac"	"50.00"	"0"	"Handicap"	"10"	"18"	"Dalgleish, K"	"Quinn, J J"	"6f "	"4"	"26"
"20:00:00"	"2003-06-04"	"Chester"	"Rani Two"	"9.00"	"0"	"Handicap"	"1"	"11"	"Catlin, Chris"	"Brisbourne, W M"	"1m2.5f "	"4"	"12"
"20:00:00"	"2003-06-04"	"Chester"	"Market Avenue"	"4.00"	"0"	"Handicap"	"4"	"11"	"Ahern, Eddie"	"Fahey, R A"	"1m2.5f "	"4"	"19"
"20:00:00"	"2003-06-04"	"Chester"	"Silvaline"	"10.00"	"0"	"Handicap"	"5"	"11"	"Fenton, Micky"	"Keddy, T"	"1m2.5f "	"4"	"27"
"16:55:00"	"2003-06-04"	"Bath"	"Thunderclap"	"6.00"	"0"	"Non-Handicap"	"3"	"12"	"Quinn, T"	"Hills, J W"	"1m "	"4"	"21"
"15:45:00"	"2003-06-04"	"Newcastle"	"Diamond Ring"	"7.00"	"0"	"Claimer"	"6"	"13"	"Fitzpatrick, Robbie"	"Candlish, Jennie"	"5f "	"4"	"2"
"15:15:00"	"2003-06-04"	"Newcastle"	"Blythe Spirit"	"6.00"	"0"	"Handicap"	"1"	"9"	"Hanagan, Paul"	"Fahey, R A"	"1m "	"4"	"16"
"16:15:00"	"2003-06-03"	"Lingfield"	"Mistral Sky"	"16.00"	"0"	"Claimer"	"6"	"20"	"Day, Nigel"	"Ingram, R"	"7f "	"4"	"17"
"20:55:00"	"2003-06-02"	"Windsor"	"Got To Be Cash"	"9.00"	"0"	"Handicap"	"9"	"20"	"Egan, John"	"Brisbourne, W M"	"1m3.5f "	"4"	"7"
"20:55:00"	"2003-06-02"	"Windsor"	"Debbie"	"16.00"	"0"	"Handicap"	"13"	"20"	"Fenton, Micky"	"Wood, I A"	"1m3.5f "	"4"	"10"
"19:55:00"	"2003-06-02"	"Windsor"	"Prince Cyrano"	"20.00"	"0"	"Non-Handicap"	"2"	"11"	"Mullen, Richard"	"Musson, W J"	"6f "	"4"	"12"
"16:40:00"	"2003-06-02"	"Leicester"	"Elucidate"	"50.00"	"0"	"Claimer"	"13"	"16"	"McDonald, Frankie"	"Dore, C R"	"1m "	"4"	"7"
"15:00:00"	"2003-06-02"	"Leicester"	"Diamond Ring"	"6.00"	"0"	"Seller"	"3"	"20"	"Chalmers, Neil"	"Candlish, Jennie"	"6f "	"4"	"24"
"15:00:00"	"2003-06-02"	"Leicester"	"Over To You Bert"	"40.00"	"0"	"Seller"	"10"	"20"	"Drowne, Steve"	"Dutfield, Mrs P N"	"6f "	"4"	"5"
 