RTime	Date	track	Qualifier	Odds_Numeric	Odds_Exchange	Race_Type	Position	Runners	Jockey	Trainer	Distance	Age	DaysSinceRun	
"15:00:00"	"2026-07-29"	"Goodwood"	"Isle of Fernandez"	"33.00"	"51.7"	"Non-Handicap"	"13"	"13"	"Eaves, Tom"	"Ryan, K A"	"7f "	"3"	"298"
"17:05:00"	"2026-07-09"	"Doncaster"	"Lord Capulet (IRE)"	"20.00"	"30"	"Handicap"	"6"	"10"	"Moore, Toby"	"Ryan, K A"	"7f "	"4"	"27"
"15:00:00"	"2026-07-09"	"Newmarket (July)"	"Mo Of Cairo"	"40.00"	"55"	"Handicap"	"9"	"13"	"Jary, Alex"	"Ryan, K A"	"6f "	"3"	"38"
"15:30:00"	"2026-07-08"	"Catterick"	"Dacres Cross (IRE)"	"4.00"	"6.35"	"Handicap"	"5"	"9"	"Stott, Kevin"	"Ryan, K A"	"7f "	"3"	"46"
"15:00:00"	"2026-07-06"	"Ayr"	"Hill O Rue"	"33.00"	"55"	"Handicap"	"12"	"12"	"Eaves, Tom"	"Ryan, K A"	"1m2f "	"4"	"45"
"20:39:00"	"2026-07-04"	"Carlisle"	"Sherlock (IRE)"	"9.00"	"11.78"	"Handicap"	"4"	"9"	"Langley, Miss Taryn"	"Ryan, K A"	"6f "	"4"	"9"
"15:10:00"	"2026-07-01"	"Thirsk"	"Showtown (IRE)"	"7.50"	"10.5"	"Handicap"	"8"	"11"	"Eaves, Tom"	"Ryan, K A"	"6f "	"3"	"26"
"17:00:00"	"2026-06-29"	"Pontefract"	"Full Gas (IRE)"	"12.00"	"16.39"	"Handicap"	"8"	"8"	"Gray, S A"	"Ryan, K A"	"6f "	"3"	"42"
"16:15:00"	"2026-06-27"	"York"	"Kinnalargy"	"18.00"	"25"	"Handicap"	"7"	"14"	"McSweeney, O"	"Ryan, K A"	"6f "	"3"	"27"
"13:55:00"	"2026-06-27"	"York"	"Cadarn (IRE)"	"28.00"	"46"	"Handicap"	"1"	"14"	"Gray, S A"	"Ryan, K A"	"1m "	"5"	"43"
"21:00:00"	"2026-06-25"	"Hamilton"	"Sherlock (IRE)"	"5.50"	"7.71"	"Handicap"	"2"	"7"	"Stott, Kevin"	"Ryan, K A"	"6f "	"4"	"20"
"17:00:00"	"2026-06-20"	"Ascot"	"Hammer The Hammer (IRE)"	"22.00"	"38.53"	"Handicap"	"16"	"27"	"Stott, Kevin"	"Ryan, K A"	"6f "	"4"	"37"
"16:48:00"	"2026-06-20"	"Ayr"	"Circle Of Trust (IRE)"	"6.00"	"7.8"	"Handicap"	"1"	"8"	"Eaves, Tom"	"Ryan, K A"	"7f "	"3"	"15"
"15:05:00"	"2026-06-19"	"Ascot"	"Rock On Thunder (IRE)"	"125.00"	"170"	"Non-Handicap"	"15"	"22"	"Stott, Kevin"	"Ryan, K A"	"6f "	"3"	"27"
"17:20:00"	"2026-06-05"	"Thirsk"	"Showtown (IRE)"	"5.00"	"8.33"	"Handicap"	"5"	"13"	"Stott, Kevin"	"Ryan, K A"	"6f "	"3"	"15"
"15:30:00"	"2026-06-05"	"Thirsk"	"Sherlock (IRE)"	"3.33"	"4.96"	"Handicap"	"6"	"10"	"Stott, Kevin"	"Ryan, K A"	"6f "	"4"	"24"
"13:40:00"	"2026-06-05"	"Thirsk"	"Circle Of Trust (IRE)"	"4.50"	"8"	"Maiden"	"2"	"9"	"Stott, Kevin"	"Ryan, K A"	"7f "	"3"	"19"
"19:15:00"	"2026-06-01"	"Windsor"	"Mo Of Cairo"	"6.50"	"8.05"	"Handicap"	"4"	"10"	"Sousa, Silvestre De"	"Ryan, K A"	"6f "	"3"	"15"
"15:50:00"	"2026-05-23"	"York"	"Dacres Cross (IRE)"	"80.00"	"182.1"	"Handicap"	"4"	"20"	"Gray, S A"	"Ryan, K A"	"7f "	"3"	"27"
"16:05:00"	"2026-05-22"	"Haydock"	"Hill O Rue"	"12.00"	"17.5"	"Handicap"	"7"	"9"	"Eaves, Tom"	"Ryan, K A"	"1m2.5f "	"4"	"32"
"14:55:00"	"2026-05-22"	"Haydock"	"Magic Basma (IRE)"	"8.50"	"12"	"Non-Handicap"	"2"	"15"	"Eaves, Tom"	"Ryan, K A"	"6f "	"4"	"20"
"16:38:00"	"2026-05-21"	"Haydock"	"Theres A Chance (IRE)"	"3.33"	"4.9"	"Handicap"	"1"	"11"	"Gray, S A"	"Ryan, K A"	"6f "	"3"	"20"
"16:38:00"	"2026-05-21"	"Haydock"	"Showtown (IRE)"	"6.00"	"8.6"	"Handicap"	"4"	"11"	"Stott, Kevin"	"Ryan, K A"	"6f "	"3"	"17"
"13:10:00"	"2026-05-02"	"Newmarket (Rowley)"	"Magic Basma (IRE)"	"22.00"	"25.28"	"Non-Handicap"	"4"	"9"	"Moore, Ryan"	"Ryan, K A"	"6f "	"4"	"175"
"15:35:00"	"2026-04-26"	"Wetherby"	"Dacres Cross (IRE)"	"18.00"	"26.3"	"Handicap"	"11"	"11"	"McSweeney, O"	"Ryan, K A"	"7f "	"3"	"202"
"14:47:00"	"2026-04-18"	"Thirsk"	"Sherlock (IRE)"	"18.00"	"25.45"	"Handicap"	"2"	"18"	"Callan, Mr Jack"	"Ryan, K A"	"6f "	"4"	"7"
"16:16:00"	"2026-04-16"	"Ripon"	"Lunar Eclipse (IRE)"	"11.00"	"17.56"	"Handicap"	"6"	"10"	"Gray, S A"	"Ryan, K A"	"1m2f "	"5"	"140"
"14:57:00"	"2026-03-28"	"Doncaster"	"Volterra (IRE)"	"7.00"	"8.6"	"Non-Handicap"	"2"	"5"	"Stott, Kevin"	"Ryan, K A"	"1m "	"5"	"175"
"13:25:00"	"2025-11-08"	"Doncaster"	"Magic Basma (IRE)"	"28.00"	"40"	"Non-Handicap"	"3"	"13"	"Gray, S A"	"Ryan, K A"	"6f "	"3"	"35"
"14:05:00"	"2025-10-18"	"Ascot"	"Inisherin"	"10.00"	"18.15"	"Non-Handicap"	"5"	"19"	"Eaves, Tom"	"Ryan, K A"	"6f "	"4"	"42"
"15:15:00"	"2025-10-11"	"York"	"Hammer The Hammer (IRE)"	"6.50"	"8.38"	"Handicap"	"6"	"19"	"Fentiman, Warren"	"Ryan, K A"	"6f "	"3"	"21"
"13:58:00"	"2025-10-06"	"Pontefract"	"Dacres Cross (IRE)"	"4.50"	"6.88"	"Handicap Nursery"	"6"	"10"	"Eaves, Tom"	"Ryan, K A"	"6f "	"2"	"24"
"13:15:00"	"2025-10-04"	"Ascot"	"Magic Basma (IRE)"	"66.00"	"94.54"	"Non-Handicap"	"5"	"15"	"Garritty, Billy"	"Ryan, K A"	"7f "	"3"	"15"
"17:10:00"	"2025-09-23"	"Beverley"	"Hill O Rue"	"3.33"	"5.4"	"Handicap"	"1"	"6"	"McSweeney, O"	"Ryan, K A"	"1m2f "	"3"	"56"
"16:08:00"	"2025-09-23"	"Beverley"	"Bowen Island (IRE)"	"20.00"	"29"	"Handicap"	"11"	"13"	"Eaves, Tom"	"Ryan, K A"	"7.5f "	"3"	"16"
"15:35:00"	"2025-09-20"	"Ayr"	"Aint Nobody (IRE)"	"9.00"	"14.43"	"Handicap"	"21"	"25"	"Doyle, James"	"Ryan, K A"	"6f "	"3"	"14"
"16:05:00"	"2025-09-19"	"Newbury"	"Volterra (IRE)"	"2.13"	"3.63"	"Non-Handicap"	"2"	"6"	"Gray, S A"	"Ryan, K A"	"7f "	"4"	"111"
"16:45:00"	"2025-09-18"	"Ayr"	"Sherlock (IRE)"	"33.00"	"55"	"Handicap"	"11"	"14"	"Eaves, Tom"	"Ryan, K A"	"7.5f "	"3"	"24"
"16:15:00"	"2025-09-18"	"Ayr"	"West Tyrone"	"14.00"	"19.98"	"Handicap"	"2"	"9"	"Eaves, Tom"	"Ryan, K A"	"1m "	"3"	"28"
"16:45:00"	"2025-09-12"	"Doncaster"	"Dacres Cross (IRE)"	"80.00"	"130.49"	"Handicap Nursery"	"7"	"15"	"Eaves, Tom"	"Ryan, K A"	"6f "	"2"	"23"
"17:30:00"	"2025-09-07"	"York"	"Bowen Island (IRE)"	"14.00"	"21"	"Handicap"	"11"	"16"	"Callan, Mr Jack"	"Ryan, K A"	"1m "	"3"	"82"
"15:35:00"	"2025-09-06"	"Haydock"	"Inisherin"	"12.00"	"18"	"Non-Handicap"	"6"	"17"	"Eaves, Tom"	"Ryan, K A"	"6f "	"4"	"77"
"15:35:00"	"2025-09-06"	"Haydock"	"Aint Nobody (IRE)"	"40.00"	"80"	"Non-Handicap"	"13"	"17"	"Stott, Kevin"	"Ryan, K A"	"6f "	"3"	"15"
"14:40:00"	"2025-08-20"	"Carlisle"	"East Tyrone (IRE)"	"25.00"	"33.81"	"Handicap"	"7"	"7"	"Gray, S A"	"Ryan, K A"	"6f "	"3"	"84"
"15:52:00"	"2025-08-03"	"Chester"	"Aint Nobody (IRE)"	"5.50"	"6.6"	"Non-Handicap"	"6"	"9"	"Eaves, Tom"	"Ryan, K A"	"6f "	"3"	"15"
"19:05:00"	"2025-07-29"	"Ripon"	"Hill O Rue"	"7.00"	"9.28"	"Handicap"	"4"	"4"	"Gordon, Josephine"	"Ryan, K A"	"1m4f "	"3"	"22"
"14:57:00"	"2025-07-19"	"Newbury"	"Aint Nobody (IRE)"	"14.00"	"19.94"	"Non-Handicap"	"10"	"11"	"Eaves, Tom"	"Ryan, K A"	"6f "	"3"	"29"
"21:00:00"	"2025-07-15"	"Thirsk"	"Love Games (IRE)"	"22.00"	"34"	"Handicap"	"11"	"12"	"Eaves, Tom"	"Ryan, K A"	"7f "	"3"	"46"
"19:00:00"	"2025-07-15"	"Thirsk"	"Harry Palmer"	"6.00"	"9"	"Non-Handicap"	"1"	"11"	"Eaves, Tom"	"Ryan, K A"	"1m "	"3"	"10"
"14:00:00"	"2025-07-12"	"York"	"Sisyphean (IRE)"	"3.00"	"4.6"	"Handicap"	"2"	"9"	"Gray, S A"	"Ryan, K A"	"1m "	"4"	"24"
"15:00:00"	"2025-07-10"	"Newmarket (July)"	"American Style"	"10.00"	"11.03"	"Handicap"	"2"	"17"	"Gordon, Josephine"	"Ryan, K A"	"6f "	"3"	"26"
"17:42:00"	"2025-07-05"	"Beverley"	"Harry Palmer"	"9.00"	"14.5"	"Handicap"	"2"	"11"	"Stott, Kevin"	"Ryan, K A"	"7.5f "	"3"	"14"
"16:50:00"	"2025-06-28"	"York"	"Territorial Knight"	"12.00"	"17"	"Handicap"	"3"	"18"	"Eaves, Tom"	"Ryan, K A"	"6f "	"3"	"14"
"14:25:00"	"2025-06-28"	"York"	"Room Service (IRE)"	"8.00"	"13.24"	"Non-Handicap"	"2"	"8"	"Eaves, Tom"	"Ryan, K A"	"7f "	"4"	"28"
"17:00:00"	"2025-06-21"	"Ascot"	"We Never Stop (IRE)"	"25.00"	"36"	"Handicap"	"27"	"28"	"Gray, S A"	"Ryan, K A"	"6f "	"4"	"38"
"15:05:00"	"2025-06-20"	"Ascot"	"Aint Nobody (IRE)"	"50.00"	"78.78"	"Non-Handicap"	"9"	"21"	"Eaves, Tom"	"Ryan, K A"	"6f "	"3"	"27"
"15:35:00"	"2025-06-14"	"York"	"American Style"	"12.00"	"16.47"	"Handicap"	"5"	"18"	"Scott, Rowan"	"Ryan, K A"	"6f "	"3"	"27"
"15:35:00"	"2025-06-14"	"York"	"Territorial Knight"	"50.00"	"120"	"Handicap"	"6"	"18"	"Pyle, William"	"Ryan, K A"	"6f "	"3"	"8"
"18:10:00"	"2025-06-10"	"Catterick"	"Ribble River (IRE)"	"4.50"	"6.4"	"Handicap"	"2"	"9"	"Eaves, Tom"	"Ryan, K A"	"1m4f "	"4"	"11"
"19:50:00"	"2025-06-06"	"Doncaster"	"Territorial Knight"	"14.00"	"19.3"	"Handicap"	"6"	"10"	"Eaves, Tom"	"Ryan, K A"	"7f "	"3"	"43"
"13:30:00"	"2025-05-31"	"York"	"True Promise"	"28.00"	"46.98"	"Handicap"	"11"	"20"	"Callan, Mr Jack"	"Ryan, K A"	"6f "	"4"	"12"
"17:30:00"	"2025-05-30"	"Haydock"	"Ribble River (IRE)"	"3.33"	"4.95"	"Handicap"	"6"	"9"	"Walker, Mr S"	"Ryan, K A"	"1m4f "	"4"	"52"
"15:30:00"	"2025-05-28"	"Hamilton"	"East Tyrone (IRE)"	"18.00"	"30"	"Handicap"	"8"	"14"	"Gray, S A"	"Ryan, K A"	"6f "	"3"	"32"
"17:45:00"	"2025-05-18"	"Newmarket (Rowley)"	"American Style"	"5.00"	"6.87"	"Handicap"	"2"	"8"	"Gordon, Josephine"	"Ryan, K A"	"6f "	"3"	"15"
"14:42:00"	"2025-05-15"	"York"	"Sisyphean (IRE)"	"2.50"	"4.2"	"Handicap"	"2"	"14"	"Moore, Ryan"	"Ryan, K A"	"1m "	"4"	"215"
"15:13:00"	"2025-05-14"	"York"	"Inisherin"	"1.38"	"2.48"	"Non-Handicap"	"1"	"8"	"Moore, Ryan"	"Ryan, K A"	"6f "	"4"	"249"
"14:35:00"	"2025-05-03"	"Thirsk"	"Hi Royal (IRE)"	"8.50"	"10.82"	"Handicap"	"2"	"13"	"Stott, Kevin"	"Ryan, K A"	"1m "	"5"	"224"
"19:05:00"	"2025-04-26"	"Ripon"	"East Tyrone (IRE)"	"9.00"	"11.5"	"Handicap"	"6"	"8"	"Gray, S A"	"Ryan, K A"	"6f "	"3"	"168"
"15:10:00"	"2025-04-17"	"Ripon"	"American Style"	"5.50"	"7.78"	"Handicap"	"1"	"9"	"Eaves, Tom"	"Ryan, K A"	"6f "	"3"	"194"
"13:50:00"	"2025-04-15"	"Newmarket (Rowley)"	"Vantheman (IRE)"	"9.00"	"12"	"Handicap"	"5"	"13"	"Spencer, Jamie"	"Ryan, K A"	"6f "	"4"	"186"
"14:00:00"	"2024-11-09"	"Doncaster"	"East Tyrone (IRE)"	"12.00"	"17.02"	"Handicap Nursery"	"5"	"8"	"James, S H"	"Ryan, K A"	"6f "	"2"	"50"
"13:30:00"	"2024-10-26"	"Doncaster"	"Kings Call (IRE)"	"40.00"	"60"	"Non-Handicap"	"6"	"8"	"Eaves, Tom"	"Ryan, K A"	"6f "	"2"	"15"
"14:43:00"	"2024-10-25"	"Doncaster"	"Apiarist (IRE)"	"5.00"	"6.64"	"Handicap"	"4"	"12"	"Eaves, Tom"	"Ryan, K A"	"1m "	"3"	"34"
"14:40:00"	"2024-10-12"	"York"	"Room Service (IRE)"	"5.50"	"8"	"Handicap"	"2"	"21"	"Eaves, Tom"	"Ryan, K A"	"6f "	"3"	"21"
"15:35:00"	"2024-10-05"	"Ascot"	"Volterra (IRE)"	"5.50"	"6.72"	"Handicap"	"1"	"18"	"Gray, S A"	"Ryan, K A"	"7f "	"3"	"43"
"16:42:00"	"2024-09-22"	"Hamilton"	"Belsito (GER)"	"9.00"	"10.12"	"Handicap"	"5"	"9"	"Eaves, Tom"	"Ryan, K A"	"6f "	"4"	"43"
"15:35:00"	"2024-09-21"	"Ayr"	"Jehangeer (IRE)"	"28.00"	"48"	"Handicap"	"23"	"25"	"Gray, S A"	"Ryan, K A"	"6f "	"3"	"28"
"13:50:00"	"2024-09-21"	"Ayr"	"Hi Royal (IRE)"	"28.00"	"32"	"Non-Handicap"	"7"	"9"	"Loughnane, Mr Billy"	"Ryan, K A"	"1m2f "	"4"	"55"
"14:33:00"	"2024-09-20"	"Ayr"	"East Tyrone (IRE)"	"11.00"	"15.5"	"Handicap Nursery"	"7"	"9"	"Mason, Joanna"	"Ryan, K A"	"6f "	"2"	"16"
"15:25:00"	"2024-09-08"	"York"	"Apiarist (IRE)"	"3.00"	"4.28"	"Handicap"	"3"	"6"	"Eaves, Tom"	"Ryan, K A"	"1m "	"3"	"16"
"15:50:00"	"2024-09-07"	"Thirsk"	"Batal Zabeel (IRE)"	"16.00"	"20.34"	"Handicap"	"7"	"9"	"Gray, S A"	"Ryan, K A"	"6f "	"3"	"37"
"16:50:00"	"2024-09-05"	"Haydock"	"Invisible Friend (IRE)"	"18.00"	"24.96"	"Handicap"	"2"	"10"	"Scott, Rowan"	"Ryan, K A"	"1m2.5f "	"5"	"13"
"16:20:00"	"2024-08-29"	"Carlisle"	"Only In Jakarta (IRE)"	"9.00"	"11.92"	"Handicap"	"7"	"10"	"Eaves, Tom"	"Ryan, K A"	"7f "	"3"	"13"
"19:30:00"	"2024-08-24"	"Redcar"	"Barnaby (IRE)"	"7.00"	"8.6"	"Handicap"	"6"	"12"	"Gray, S A"	"Ryan, K A"	"6f "	"3"	"5"
"16:10:00"	"2024-08-24"	"York"	"Jehangeer (IRE)"	"22.00"	"33.78"	"Handicap"	"9"	"19"	"Crowley, Jim"	"Ryan, K A"	"6f "	"3"	"21"
"17:20:00"	"2024-08-23"	"York"	"Volterra (IRE)"	"8.50"	"12"	"Handicap"	"2"	"16"	"Eaves, Tom"	"Ryan, K A"	"1m "	"3"	"41"
"17:20:00"	"2024-08-23"	"York"	"Apiarist (IRE)"	"28.00"	"44"	"Handicap"	"4"	"16"	"Doyle, Hollie"	"Ryan, K A"	"1m "	"3"	"22"
"15:15:00"	"2024-08-19"	"Catterick"	"Barnaby (IRE)"	"66.00"	"156.72"	"Handicap"	"4"	"12"	"Eaves, Tom"	"Ryan, K A"	"6f "	"3"	"64"
"19:42:00"	"2024-08-10"	"Ayr"	"Belsito (GER)"	"12.00"	"16.66"	"Handicap"	"10"	"15"	"Eaves, Tom"	"Ryan, K A"	"6f "	"4"	"22"
"19:25:00"	"2024-08-05"	"Carlisle"	"Amazing Winnie (IRE)"	"16.00"	"20"	"Handicap"	"1"	"9"	"Akehurst, Louise"	"Ryan, K A"	"1m "	"3"	"29"
"17:00:00"	"2024-08-05"	"Ripon"	"Game Management"	"14.00"	"21"	"Handicap"	"5"	"8"	"Eaves, Tom"	"Ryan, K A"	"1m "	"3"	"31"
"17:55:00"	"2024-08-01"	"Goodwood"	"Apiarist (IRE)"	"40.00"	"56.79"	"Handicap"	"4"	"14"	"Eaves, Tom"	"Ryan, K A"	"1m "	"3"	"20"
"15:12:00"	"2024-07-28"	"Pontefract"	"Hi Royal (IRE)"	"16.00"	"22"	"Non-Handicap"	"7"	"7"	"Eaves, Tom"	"Ryan, K A"	"1m "	"4"	"40"
"16:05:00"	"2024-07-27"	"Chester"	"Irish Nectar"	"9.00"	"11.5"	"Handicap"	"9"	"9"	"Norton, Francis"	"Ryan, K A"	"6f "	"3"	"71"
"19:50:00"	"2024-07-26"	"York"	"Bolsena (IRE)"	"14.00"	"20.72"	"Non-Handicap"	"9"	"9"	"Eaves, Tom"	"Ryan, K A"	"1m2.5f "	"3"	"20"
"17:30:00"	"2024-07-26"	"York"	"Chuzzlewit"	"18.00"	"32"	"Handicap"	"16"	"17"	"Eaves, Tom"	"Ryan, K A"	"7f "	"4"	"24"
"15:25:00"	"2024-07-12"	"Ascot"	"Apiarist (IRE)"	"8.50"	"11.24"	"Handicap"	"4"	"9"	"Gray, S A"	"Ryan, K A"	"1m "	"3"	"48"
"14:40:00"	"2024-07-12"	"York"	"Silent Words"	"100.00"	"153.53"	"Non-Handicap"	"11"	"12"	"Eaves, Tom"	"Ryan, K A"	"6f "	"4"	"41"
"15:40:00"	"2024-07-09"	"Pontefract"	"Room Service (IRE)"	"2.00"	"3.2"	"Handicap"	"1"	"7"	"Eaves, Tom"	"Ryan, K A"	"6f "	"3"	"52"
"15:35:00"	"2024-07-07"	"Ayr"	"Amazing Winnie (IRE)"	"16.00"	"20"	"Non-Handicap"	"13"	"14"	"Eaves, Tom"	"Ryan, K A"	"1m "	"3"	"15"
"15:15:00"	"2024-07-02"	"Hamilton"	"Chuzzlewit"	"14.00"	"19.63"	"Handicap"	"8"	"9"	"Eaves, Tom"	"Ryan, K A"	"1m.5f "	"4"	"11"
"16:15:00"	"2024-07-01"	"Pontefract"	"Crack The Kode (IRE)"	"11.00"	"14.79"	"Handicap"	"8"	"8"	"Eaves, Tom"	"Ryan, K A"	"6f "	"3"	"23"
"16:25:00"	"2024-06-21"	"Ascot"	"Marhaba The Champ"	"33.00"	"52.78"	"Handicap"	"19"	"19"	"Ryan, Rossa"	"Ryan, K A"	"1m4f "	"5"	"37"
"15:30:00"	"2024-06-21"	"Redcar"	"Midnite Storm (IRE)"	"1.63"	"2.8"	"Novices"	"1"	"8"	"Gray, S A"	"Ryan, K A"	"1m2f "	"3"	"27"
"14:50:00"	"2024-06-21"	"Redcar"	"Chuzzlewit"	"7.00"	"9.2"	"Handicap"	"8"	"14"	"Gray, S A"	"Ryan, K A"	"1m "	"4"	"36"
"19:35:00"	"2024-06-19"	"Ripon"	"Batal Zabeel (IRE)"	"10.00"	"12.15"	"Handicap"	"1"	"8"	"Gray, S A"	"Ryan, K A"	"6f "	"3"	"18"
"14:30:00"	"2024-06-18"	"Ascot"	"Hi Royal (IRE)"	"28.00"	"38.47"	"Non-Handicap"	"11"	"13"	"Moore, Ryan"	"Ryan, K A"	"1m "	"4"	"31"
"15:35:00"	"2024-06-15"	"York"	"We Never Stop (IRE)"	"20.00"	"26.6"	"Handicap"	"9"	"17"	"Scott, Rowan"	"Ryan, K A"	"6f "	"3"	"42"
"16:45:00"	"2024-06-14"	"York"	"Invisible Friend (IRE)"	"18.00"	"23.34"	"Handicap"	"1"	"16"	"Scott, Rowan"	"Ryan, K A"	"1m2.5f "	"5"	"265"
"15:00:00"	"2024-06-14"	"York"	"Conservationist"	"50.00"	"85"	"Handicap"	"6"	"11"	"Leavy, Mr Joe"	"Ryan, K A"	"6f "	"4"	"27"
"15:25:00"	"2024-06-01"	"Musselburgh"	"Silent Words"	"50.00"	"79.55"	"Non-Handicap"	"7"	"8"	"Gray, S A"	"Ryan, K A"	"7f "	"4"	"28"
"16:45:00"	"2024-05-27"	"Leicester"	"Sergeant Wilko (IRE)"	"3.00"	"4.23"	"Handicap"	"1"	"6"	"Ryan, Rossa"	"Ryan, K A"	"6f "	"3"	"37"
"14:50:00"	"2024-05-22"	"Ayr"	"Belsito (GER)"	"8.50"	"11.12"	"Handicap"	"3"	"10"	"Eaves, Tom"	"Ryan, K A"	"6f "	"4"	"44"
"16:25:00"	"2024-05-19"	"Ripon"	"Dc Flyer"	"12.00"	"15.81"	"Handicap"	"7"	"14"	"Gray, S A"	"Ryan, K A"	"6f "	"3"	"27"
"16:20:00"	"2024-05-18"	"Thirsk"	"Conservationist"	"33.00"	"46"	"Handicap"	"6"	"7"	"Gray, S A"	"Ryan, K A"	"6f "	"4"	"18"
"15:35:00"	"2024-05-18"	"Newbury"	"Hi Royal (IRE)"	"22.00"	"34"	"Non-Handicap"	"5"	"10"	"Moore, Ryan"	"Ryan, K A"	"1m "	"4"	"31"
"14:15:00"	"2024-05-15"	"York"	"Marhaba The Champ"	"4.50"	"6.34"	"Handicap"	"12"	"13"	"Buick, William"	"Ryan, K A"	"1m4f "	"5"	"230"
"14:10:00"	"2024-05-04"	"Thirsk"	"Dream For Gold (IRE)"	"6.50"	"8.63"	"Handicap"	"11"	"15"	"Murtagh, Connor"	"Ryan, K A"	"6f "	"4"	"42"
"13:10:00"	"2024-05-04"	"Newmarket (Rowley)"	"Silent Words"	"11.00"	"14.22"	"Non-Handicap"	"6"	"8"	"Tudhope, Daniel"	"Ryan, K A"	"6f "	"4"	"203"
"17:00:00"	"2024-04-30"	"Yarmouth"	"Conservationist"	"12.00"	"14.31"	"Handicap"	"10"	"10"	"Doyle, James"	"Ryan, K A"	"7f "	"4"	"214"
"14:22:00"	"2024-04-22"	"Pontefract"	"Dc Flyer"	"10.00"	"13"	"Handicap"	"8"	"8"	"Eaves, Tom"	"Ryan, K A"	"6f "	"3"	"195"
"15:00:00"	"2024-04-18"	"Newmarket (Rowley)"	"Washington Heights"	"33.00"	"48"	"Non-Handicap"	"1"	"14"	"Eaves, Tom"	"Ryan, K A"	"6f "	"4"	"250"
"15:00:00"	"2024-04-17"	"Newmarket (Rowley)"	"Hi Royal (IRE)"	"14.00"	"16.36"	"Non-Handicap"	"3"	"9"	"Callan, N"	"Ryan, K A"	"1m1f "	"4"	"179"
"15:55:00"	"2024-04-03"	"Catterick"	"Camacho Star (IRE)"	"10.00"	"14"	"Handicap"	"10"	"10"	"Muir, Paula"	"Ryan, K A"	"7f "	"4"	"75"
"17:00:00"	"2023-10-14"	"Newmarket (Rowley)"	"Silent Words"	"28.00"	"40"	"Non-Handicap"	"3"	"12"	"Tudhope, Daniel"	"Ryan, K A"	"6f "	"3"	"22"
"17:25:00"	"2023-09-30"	"Newmarket (Rowley)"	"Catch The Paddy (IRE)"	"16.00"	"22.29"	"Handicap"	"1"	"10"	"Whelan, R P"	"Ryan, K A"	"7f "	"3"	"20"
"14:25:00"	"2023-09-23"	"Ayr"	"Dream For Gold (IRE)"	"33.00"	"66.15"	"Handicap"	"10"	"25"	"Eaves, Tom"	"Ryan, K A"	"6f "	"3"	"13"
"15:00:00"	"2023-09-21"	"Ayr"	"Thundering"	"12.00"	"14.25"	"Handicap"	"1"	"8"	"Lee, G"	"Ryan, K A"	"1m2f "	"4"	"26"
"17:15:00"	"2023-08-25"	"York"	"Catch The Paddy (IRE)"	"7.50"	"9.51"	"Handicap"	"2"	"11"	"Callan, N"	"Ryan, K A"	"1m "	"3"	"48"
"13:50:00"	"2023-08-25"	"York"	"Marhaba The Champ"	"8.00"	"10.5"	"Handicap"	"1"	"14"	"Moore, Ryan"	"Ryan, K A"	"1m4f "	"4"	"24"
"15:25:00"	"2023-08-20"	"Pontefract"	"Glenlaurel (IRE)"	"14.00"	"18.31"	"Non-Handicap"	"10"	"11"	"Eaves, Tom"	"Ryan, K A"	"6f "	"3"	"18"
"16:30:00"	"2023-08-12"	"Ascot"	"Washington Heights"	"4.00"	"5.8"	"Handicap"	"4"	"10"	"Doyle, Hollie"	"Ryan, K A"	"6f "	"3"	"30"
"15:50:00"	"2023-08-03"	"Nottingham"	"No Barrier"	"3.00"	"4.67"	"Handicap"	"2"	"6"	"Garritty, Billy"	"Ryan, K A"	"1m.5f "	"3"	"21"
"14:50:00"	"2023-08-01"	"Goodwood"	"Marhaba The Champ"	"25.00"	"28.89"	"Handicap"	"10"	"15"	"Scott, Rowan"	"Ryan, K A"	"1m2f "	"4"	"60"
"15:50:00"	"2023-07-14"	"York"	"Dark Moon Rising (IRE)"	"16.00"	"21"	"Handicap"	"3"	"13"	"Eaves, Tom"	"Ryan, K A"	"1m2.5f "	"4"	"69"
"16:40:00"	"2023-07-12"	"Catterick"	"Camacho Star (IRE)"	"10.00"	"13.49"	"Handicap"	"1"	"7"	"Eaves, Tom"	"Ryan, K A"	"7f "	"3"	"69"
"17:00:00"	"2023-07-08"	"Haydock"	"Catch The Paddy (IRE)"	"5.00"	"6.8"	"Handicap"	"6"	"10"	"Stott, Kevin"	"Ryan, K A"	"7.5f "	"3"	"21"
"18:05:00"	"2023-07-07"	"Haydock"	"Leap Year Lad (IRE)"	"7.00"	"8.6"	"Handicap"	"1"	"7"	"James, S H"	"Ryan, K A"	"1m2.5f "	"3"	"30"
"17:20:00"	"2023-07-06"	"Haydock"	"Professor Pesca (IRE)"	"40.00"	"60"	"Handicap"	"10"	"10"	"Gray, S A"	"Ryan, K A"	"7f "	"3"	"78"
"15:40:00"	"2023-06-17"	"York"	"Washington Heights"	"6.00"	"7.74"	"Handicap"	"2"	"21"	"Spencer, Jamie"	"Ryan, K A"	"6f "	"3"	"28"
"15:10:00"	"2023-06-09"	"Thirsk"	"Monte Forte"	"66.00"	"89.19"	"Handicap"	"12"	"12"	"Gray, S A"	"Ryan, K A"	"6f "	"3"	"58"
"16:00:00"	"2023-06-05"	"Thirsk"	"Cotai West (IRE)"	"28.00"	"40"	"Handicap"	"13"	"13"	"Gray, S A"	"Ryan, K A"	"6f "	"4"	"20"
"14:40:00"	"2023-05-20"	"Newmarket (Rowley)"	"Washington Heights"	"6.00"	"7.4"	"Handicap"	"2"	"11"	"Probert, David"	"Ryan, K A"	"6f "	"3"	"14"
"13:50:00"	"2023-05-17"	"York"	"Thundering"	"10.00"	"15.5"	"Handicap"	"15"	"15"	"Eaves, Tom"	"Ryan, K A"	"1m4f "	"4"	"18"
"18:45:00"	"2023-05-16"	"Sandown"	"Captain Winters"	"12.00"	"16"	"Non-Handicap"	"1"	"4"	"Callan, N"	"Ryan, K A"	"1m "	"3"	"38"
"15:50:00"	"2023-05-07"	"Hamilton"	"Leap Year Lad (IRE)"	"2.25"	"3.57"	"Handicap"	"1"	"6"	"Gray, S A"	"Ryan, K A"	"1m.5f "	"3"	"20"
"17:15:00"	"2023-05-06"	"Newmarket (Rowley)"	"Washington Heights"	"8.00"	"10.65"	"Handicap"	"2"	"8"	"Spencer, Jamie"	"Ryan, K A"	"6f "	"3"	"14"
"14:50:00"	"2023-05-06"	"Newmarket (Rowley)"	"Gis A Sub (IRE)"	"33.00"	"49.59"	"Handicap"	"8"	"21"	"Fanning, Joe"	"Ryan, K A"	"6f "	"4"	"191"
"17:05:00"	"2023-05-04"	"Redcar"	"Camacho Star (IRE)"	"5.00"	"7.23"	"Handicap"	"7"	"9"	"Eaves, Tom"	"Ryan, K A"	"1m "	"3"	"10"
"16:40:00"	"2023-04-29"	"Ripon"	"Thundering"	"3.33"	"4.46"	"Handicap"	"5"	"6"	"James, S H"	"Ryan, K A"	"1m4f "	"4"	"204"
"16:15:00"	"2023-04-22"	"Thirsk"	"Cotai West (IRE)"	"14.00"	"18.97"	"Handicap"	"11"	"11"	"Gray, S A"	"Ryan, K A"	"6f "	"4"	"238"
"16:20:00"	"2022-10-17"	"Pontefract"	"Kentucky Rose"	"28.00"	"40"	"Handicap"	"4"	"14"	"Eaves, Tom"	"Ryan, K A"	"6f "	"3"	"14"
"15:50:00"	"2022-10-07"	"York"	"Dark Moon Rising (IRE)"	"66.00"	"142.51"	"Handicap"	"13"	"14"	"Eaves, Tom"	"Ryan, K A"	"1m6f "	"3"	"20"
"16:50:00"	"2022-10-03"	"Pontefract"	"Kentucky Rose"	"4.00"	"5.76"	"Handicap"	"8"	"11"	"Stott, Kevin"	"Ryan, K A"	"6f "	"3"	"15"
"14:30:00"	"2022-10-03"	"Pontefract"	"The Cookstown Cafu"	"6.50"	"9.4"	"Handicap"	"1"	"11"	"Stott, Kevin"	"Ryan, K A"	"1m "	"3"	"52"
"16:32:00"	"2022-10-01"	"Redcar"	"Kalahari Prince (IRE)"	"16.00"	"21"	"Handicap"	"1"	"11"	"Eaves, Tom"	"Ryan, K A"	"1m2f "	"3"	"15"
"16:39:00"	"2022-09-27"	"Ayr"	"Positive Force"	"33.00"	"64.6"	"Handicap"	"12"	"12"	"Stott, Kevin"	"Ryan, K A"	"1m2f "	"3"	"14"
"14:54:00"	"2022-09-27"	"Ayr"	"Culcor"	"28.00"	"38"	"Handicap"	"10"	"10"	"Stott, Kevin"	"Ryan, K A"	"7.5f "	"3"	"24"
"14:00:00"	"2022-09-18"	"Hamilton"	"Kentucky Rose"	"7.00"	"9.85"	"Handicap"	"2"	"11"	"Eaves, Tom"	"Ryan, K A"	"6f "	"3"	"18"
"13:55:00"	"2022-09-17"	"Ayr"	"Dark Moon Rising (IRE)"	"16.00"	"29"	"Non-Handicap"	"8"	"11"	"Stott, Kevin"	"Ryan, K A"	"1m2f "	"3"	"56"
"15:45:00"	"2022-09-16"	"Ayr"	"Fast And Loose"	"40.00"	"119.85"	"Handicap"	"2"	"24"	"Eaves, Tom"	"Ryan, K A"	"6f "	"3"	"12"
"14:20:00"	"2022-09-04"	"York"	"Melayu Kingdom (IRE)"	"100.00"	"240"	"Handicap"	"11"	"13"	"Gray, S A"	"Ryan, K A"	"6f "	"3"	"10"
"19:25:00"	"2022-08-31"	"Hamilton"	"Kentucky Rose"	"5.50"	"7.43"	"Handicap"	"4"	"6"	"Eaves, Tom"	"Ryan, K A"	"6f "	"3"	"17"
"16:55:00"	"2022-08-25"	"Carlisle"	"Kodebreaker (IRE)"	"12.00"	"14.5"	"Handicap"	"9"	"12"	"Stott, Kevin"	"Ryan, K A"	"7f "	"3"	"26"
"15:45:00"	"2022-08-25"	"Carlisle"	"Melayu Kingdom (IRE)"	"20.00"	"24.67"	"Handicap"	"7"	"8"	"Eaves, Tom"	"Ryan, K A"	"6f "	"3"	"26"
"17:20:00"	"2022-08-14"	"Pontefract"	"Hello Zabeel (IRE)"	"5.00"	"7.99"	"Handicap"	"8"	"8"	"McSweeney, O"	"Ryan, K A"	"6f "	"4"	"29"
"20:25:00"	"2022-08-12"	"Thirsk"	"The Cookstown Cafu"	"3.00"	"4.36"	"Handicap"	"5"	"7"	"Stott, Kevin"	"Ryan, K A"	"7f "	"3"	"55"
"19:45:00"	"2022-08-05"	"Newmarket (July)"	"Lady Raeburn (IRE)"	"4.00"	"6.05"	"Handicap"	"1"	"5"	"Callan, N"	"Ryan, K A"	"7f "	"3"	"15"
"17:10:00"	"2022-07-30"	"Doncaster"	"Kodebreaker (IRE)"	"12.00"	"17.49"	"Handicap"	"8"	"13"	"Gray, S A"	"Ryan, K A"	"7f "	"3"	"36"
"16:00:00"	"2022-07-30"	"Doncaster"	"Melayu Kingdom (IRE)"	"12.00"	"17"	"Handicap"	"7"	"7"	"Gray, S A"	"Ryan, K A"	"6f "	"3"	"21"
"14:45:00"	"2022-07-25"	"Ayr"	"Spitting Feathers (IRE)"	"40.00"	"53.68"	"Handicap"	"9"	"13"	"Eaves, Tom"	"Ryan, K A"	"7.5f "	"3"	"34"
"15:15:00"	"2022-07-23"	"York"	"Dark Moon Rising (IRE)"	"18.00"	"24"	"Non-Handicap"	"5"	"5"	"Stott, Kevin"	"Ryan, K A"	"1m2.5f "	"3"	"36"
"20:55:00"	"2022-07-21"	"Doncaster"	"Lady Raeburn (IRE)"	"16.00"	"24.1"	"Handicap"	"3"	"6"	"Gray, S A"	"Ryan, K A"	"6f "	"3"	"10"
"19:15:00"	"2022-07-16"	"Doncaster"	"Hello Zabeel (IRE)"	"10.00"	"13"	"Handicap"	"3"	"5"	"Eaves, Tom"	"Ryan, K A"	"7f "	"4"	"35"
"15:10:00"	"2022-07-14"	"Leicester"	"Shaladar (FR)"	"4.00"	"6.4"	"Handicap"	"2"	"5"	"Stott, Kevin"	"Ryan, K A"	"1m "	"3"	"16"
"16:53:00"	"2022-07-09"	"Chester"	"Melayu Kingdom (IRE)"	"20.00"	"27"	"Handicap"	"3"	"7"	"Mullen, Andrew"	"Ryan, K A"	"6f "	"3"	"44"
"14:05:00"	"2022-07-08"	"York"	"Forza Orta (IRE)"	"3.50"	"5.03"	"Handicap"	"1"	"8"	"Stott, Kevin"	"Ryan, K A"	"1m4f "	"4"	"20"
"15:00:00"	"2022-07-07"	"Newmarket (July)"	"Anadora"	"22.00"	"30.75"	"Handicap"	"14"	"19"	"Gray, S A"	"Ryan, K A"	"6f "	"3"	"19"
"16:40:00"	"2022-07-02"	"Beverley"	"Spiritofthenorth (FR)"	"4.50"	"6.67"	"Handicap"	"3"	"11"	"Stott, Kevin"	"Ryan, K A"	"1m2f "	"5"	"74"
"19:53:00"	"2022-07-01"	"Beverley"	"Tudor Queen (IRE)"	"10.00"	"11.12"	"Handicap"	"10"	"10"	"Stott, Kevin"	"Ryan, K A"	"1m.5f "	"3"	"14"
"15:00:00"	"2022-06-30"	"Haydock"	"Monsieur Jumbo (FR)"	"25.00"	"34"	"Handicap"	"7"	"7"	"Eaves, Tom"	"Ryan, K A"	"7f "	"3"	"16"
"16:15:00"	"2022-06-27"	"Pontefract"	"Kentucky Rose"	"9.00"	"12.54"	"Non-Handicap"	"3"	"5"	"Eaves, Tom"	"Ryan, K A"	"6f "	"3"	"19"
"21:00:00"	"2022-06-25"	"Doncaster"	"Lady Raeburn (IRE)"	"8.50"	"11.42"	"Handicap"	"2"	"5"	"Gray, S A"	"Ryan, K A"	"6f "	"3"	"17"
"14:45:00"	"2022-06-21"	"Beverley"	"Spitting Feathers (IRE)"	"40.00"	"70"	"Handicap"	"7"	"12"	"Eaves, Tom"	"Ryan, K A"	"7.5f "	"3"	"15"
"14:59:00"	"2022-06-18"	"Ayr"	"Forza Orta (IRE)"	"3.00"	"4.64"	"Handicap"	"7"	"13"	"Stott, Kevin"	"Ryan, K A"	"1m5f "	"4"	"21"
"16:50:00"	"2022-06-17"	"Redcar"	"Tudor Queen (IRE)"	"9.00"	"13.5"	"Handicap"	"2"	"9"	"Gray, S A"	"Ryan, K A"	"7f "	"3"	"22"
"15:05:00"	"2022-06-17"	"Ascot"	"Gis A Sub (IRE)"	"100.00"	"214.32"	"Non-Handicap"	"15"	"20"	"Tudhope, Daniel"	"Ryan, K A"	"6f "	"3"	"27"
"15:05:00"	"2022-06-17"	"Ascot"	"Boonie (IRE)"	"125.00"	"207.37"	"Non-Handicap"	"16"	"20"	"Stott, Kevin"	"Ryan, K A"	"6f "	"3"	"36"
"16:10:00"	"2022-06-15"	"Hamilton"	"Shaladar (FR)"	"12.00"	"21.07"	"Handicap"	"1"	"10"	"Eaves, Tom"	"Ryan, K A"	"1m.5f "	"3"	"12"
"18:45:00"	"2022-06-14"	"Beverley"	"Monsieur Jumbo (FR)"	"9.00"	"13.78"	"Handicap"	"7"	"9"	"Eaves, Tom"	"Ryan, K A"	"1m.5f "	"3"	"13"
"18:15:00"	"2022-06-11"	"Leicester"	"Hello Zabeel (IRE)"	"2.50"	"4.1"	"Handicap"	"3"	"5"	"Gray, S A"	"Ryan, K A"	"7f "	"4"	"19"
"19:50:00"	"2022-06-08"	"Hamilton"	"Lady Raeburn (IRE)"	"12.00"	"18.5"	"Handicap"	"5"	"8"	"Eaves, Tom"	"Ryan, K A"	"6f "	"3"	"22"
"21:00:00"	"2022-06-06"	"Pontefract"	"Spitting Feathers (IRE)"	"7.50"	"8.71"	"Handicap"	"9"	"9"	"Stott, Kevin"	"Ryan, K A"	"1m "	"3"	"16"
"18:30:00"	"2022-06-06"	"Pontefract"	"Rockprincess"	"4.50"	"5.95"	"Handicap"	"13"	"13"	"Eaves, Tom"	"Ryan, K A"	"6f "	"3"	"3"
"14:35:00"	"2022-06-04"	"Epsom"	"Statement (IRE)"	"22.00"	"23"	"Non-Handicap"	"4"	"10"	"Stott, Kevin"	"Ryan, K A"	"1m.5f "	"4"	"245"
"18:06:00"	"2022-06-03"	"Doncaster"	"Shaladar (FR)"	"10.00"	"12.5"	"Handicap"	"6"	"14"	"Stott, Kevin"	"Ryan, K A"	"7f "	"3"	"20"
"16:35:00"	"2022-06-01"	"Nottingham"	"Monsieur Jumbo (FR)"	"14.00"	"17.96"	"Handicap"	"3"	"7"	"Eaves, Tom"	"Ryan, K A"	"1m.5f "	"3"	"23"
"14:20:00"	"2022-05-28"	"Haydock"	"Forza Orta (IRE)"	"2.75"	"3.95"	"Handicap"	"8"	"11"	"Egan, David"	"Ryan, K A"	"1m4f "	"4"	"17"
"14:20:00"	"2022-05-21"	"York"	"Spitting Feathers (IRE)"	"16.00"	"30"	"Handicap"	"16"	"17"	"Eaves, Tom"	"Ryan, K A"	"7f "	"3"	"38"
"13:40:00"	"2022-05-21"	"York"	"Aleezdancer (IRE)"	"7.50"	"9.93"	"Handicap"	"3"	"13"	"Gray, S A"	"Ryan, K A"	"7f "	"3"	"16"
"20:40:00"	"2022-05-14"	"Doncaster"	"Ben Macdui (IRE)"	"14.00"	"19.83"	"Handicap"	"10"	"11"	"McSweeney, O"	"Ryan, K A"	"6f "	"4"	"20"
"18:35:00"	"2022-05-14"	"Doncaster"	"Shaladar (FR)"	"12.00"	"13.74"	"Handicap"	"3"	"8"	"McSweeney, O"	"Ryan, K A"	"7f "	"3"	"21"
"16:56:00"	"2022-04-23"	"Leicester"	"Shaladar (FR)"	"11.00"	"13.43"	"Handicap"	"9"	"13"	"Stott, Kevin"	"Ryan, K A"	"7f "	"3"	"224"
"13:50:00"	"2022-04-13"	"Newmarket (Rowley)"	"Anadora"	"25.00"	"34"	"Handicap"	"1"	"12"	"Callan, N"	"Ryan, K A"	"6f "	"3"	"193"
"15:50:00"	"2022-04-09"	"Thirsk"	"Forza Orta (IRE)"	"5.00"	"7"	"Handicap"	"3"	"11"	"Scott, Rowan"	"Ryan, K A"	"1m4f "	"4"	"186"
"14:00:00"	"2022-03-27"	"Doncaster"	"Seven Brothers (IRE)"	"8.50"	"11.7"	"Handicap"	"1"	"18"	"Stott, Kevin"	"Ryan, K A"	"7f "	"4"	"155"
"16:55:00"	"2021-10-23"	"Doncaster"	"Darvel (IRE)"	"6.00"	"8.08"	"Handicap"	"8"	"11"	"Stott, Kevin"	"Ryan, K A"	"7f "	"3"	"37"
"14:05:00"	"2021-10-23"	"Doncaster"	"Seven Brothers (IRE)"	"28.00"	"32.97"	"Handicap"	"9"	"13"	"Stott, Kevin"	"Ryan, K A"	"7f "	"3"	"44"
"17:00:00"	"2021-10-22"	"Newbury"	"Uncle Jumbo"	"14.00"	"17"	"Handicap"	"6"	"13"	"Spencer, Jamie"	"Ryan, K A"	"6f "	"3"	"21"
"16:40:00"	"2021-10-18"	"Pontefract"	"Copper Queen (IRE)"	"33.00"	"46.26"	"Handicap"	"11"	"11"	"Eaves, Tom"	"Ryan, K A"	"6f "	"3"	"20"
"14:20:00"	"2021-10-15"	"Haydock"	"Bergerac (IRE)"	"16.00"	"20.16"	"Handicap"	"9"	"17"	"Stott, Kevin"	"Ryan, K A"	"6f "	"3"	"27"
"17:40:00"	"2021-10-05"	"Leicester"	"Tinochio (IRE)"	"12.00"	"17.69"	"Handicap"	"4"	"12"	"McSweeney, O"	"Ryan, K A"	"7f "	"3"	"14"
"17:15:00"	"2021-10-04"	"Pontefract"	"Tahonta (IRE)"	"33.00"	"48"	"Handicap"	"9"	"11"	"Stott, Kevin"	"Ryan, K A"	"1m "	"3"	"17"
"14:14:00"	"2021-10-04"	"Pontefract"	"Aleezdancer (IRE)"	"2.00"	"3.13"	"Handicap Nursery"	"1"	"10"	"Stott, Kevin"	"Ryan, K A"	"6f "	"2"	"17"
"15:40:00"	"2021-10-01"	"Ascot"	"Uncle Jumbo"	"20.00"	"25.94"	"Handicap"	"5"	"9"	"Callan, N"	"Ryan, K A"	"6f "	"3"	"13"
"13:35:00"	"2021-09-28"	"Ayr"	"Copper Queen (IRE)"	"28.00"	"44"	"Handicap"	"13"	"14"	"Stott, Kevin"	"Ryan, K A"	"6f "	"3"	"59"
"15:50:00"	"2021-09-24"	"York"	"Captain Cooper (IRE)"	"3.50"	"4.6"	"Handicap"	"4"	"6"	"James, S H"	"Ryan, K A"	"1m "	"3"	"28"
"14:30:00"	"2021-09-18"	"Ayr"	"Uncle Jumbo"	"50.00"	"66.44"	"Handicap"	"16"	"24"	"Nicholls, Miss M"	"Ryan, K A"	"6f "	"3"	"98"
"13:55:00"	"2021-09-18"	"Ayr"	"Juan Elcano"	"1.50"	"2.76"	"Non-Handicap"	"3"	"10"	"Stott, Kevin"	"Ryan, K A"	"1m2f "	"4"	"31"
"17:00:00"	"2021-09-17"	"Ayr"	"Tahonta (IRE)"	"11.00"	"16.15"	"Handicap"	"13"	"13"	"McSweeney, O"	"Ryan, K A"	"1m "	"3"	"21"
"14:25:00"	"2021-09-16"	"Ayr"	"Darvel (IRE)"	"11.00"	"14.5"	"Handicap"	"7"	"12"	"Stott, Kevin"	"Ryan, K A"	"7.5f "	"3"	"30"
"15:45:00"	"2021-09-09"	"Doncaster"	"Seven Brothers (IRE)"	"16.00"	"21.52"	"Handicap"	"7"	"7"	"Eaves, Tom"	"Ryan, K A"	"7f "	"3"	"40"
"14:40:00"	"2021-09-05"	"York"	"Bergerac (IRE)"	"7.50"	"8.39"	"Handicap"	"1"	"12"	"Stott, Kevin"	"Ryan, K A"	"6f "	"3"	"36"
"16:30:00"	"2021-08-27"	"Newmarket (July)"	"Cairn Island (IRE)"	"3.00"	"4.3"	"Handicap"	"1"	"5"	"Atzeni, Andrea"	"Ryan, K A"	"6f "	"3"	"62"
"15:50:00"	"2021-08-27"	"Thirsk"	"Tahonta (IRE)"	"12.00"	"14"	"Handicap"	"3"	"12"	"Stott, Kevin"	"Ryan, K A"	"1m "	"3"	"20"
"15:15:00"	"2021-08-27"	"Thirsk"	"Black Caspian (IRE)"	"6.50"	"8.4"	"Handicap"	"8"	"11"	"Stott, Kevin"	"Ryan, K A"	"7f "	"4"	"351"
"13:50:00"	"2021-08-20"	"York"	"Throne Hall"	"9.00"	"11.06"	"Handicap"	"2"	"15"	"Atzeni, Andrea"	"Ryan, K A"	"1m4f "	"4"	"42"
"19:35:00"	"2021-08-17"	"Carlisle"	"Darvel (IRE)"	"7.00"	"8.34"	"Handicap"	"3"	"8"	"Stott, Kevin"	"Ryan, K A"	"7f "	"3"	"38"
"17:25:00"	"2021-08-15"	"Pontefract"	"Cottam Lane"	"2.25"	"3.51"	"Handicap"	"1"	"8"	"McSweeney, O"	"Ryan, K A"	"6f "	"3"	"32"
"15:00:00"	"2021-08-14"	"Doncaster"	"Repartee (IRE)"	"20.00"	"25"	"Handicap"	"8"	"8"	"Atzeni, Andrea"	"Ryan, K A"	"7f "	"4"	"49"
"14:20:00"	"2021-08-08"	"Leicester"	"Tinochio (IRE)"	"5.00"	"7"	"Handicap"	"4"	"9"	"Stott, Kevin"	"Ryan, K A"	"6f "	"3"	"17"
"16:40:00"	"2021-08-07"	"Haydock"	"Two Cop Bop"	"6.00"	"7.55"	"Handicap"	"5"	"5"	"Nicholls, Miss M"	"Ryan, K A"	"7f "	"3"	"40"
"13:50:00"	"2021-08-07"	"Haydock"	"Tahonta (IRE)"	"22.00"	"26.55"	"Handicap"	"7"	"7"	"Nicholls, Miss M"	"Ryan, K A"	"1m "	"3"	"19"
"16:02:00"	"2021-07-31"	"Doncaster"	"Bergerac (IRE)"	"16.00"	"22"	"Handicap"	"2"	"8"	"Eaves, Tom"	"Ryan, K A"	"6f "	"3"	"54"
"19:20:00"	"2021-07-22"	"Doncaster"	"Tinochio (IRE)"	"7.00"	"10.5"	"Handicap"	"8"	"8"	"Stott, Kevin"	"Ryan, K A"	"6f "	"3"	"75"
"14:50:00"	"2021-07-21"	"Catterick"	"Ventura Rascal"	"1.38"	"2.56"	"Claimer"	"1"	"7"	"Stott, Kevin"	"Ryan, K A"	"7f "	"4"	"23"
"18:45:00"	"2021-07-19"	"Beverley"	"Tahonta (IRE)"	"12.00"	"16.4"	"Handicap"	"5"	"10"	"Stott, Kevin"	"Ryan, K A"	"7.5f "	"3"	"11"
"15:30:00"	"2021-07-14"	"Catterick"	"Cottam Lane"	"5.00"	"7.31"	"Handicap"	"4"	"8"	"Eaves, Tom"	"Ryan, K A"	"6f "	"3"	"32"
"14:40:00"	"2021-07-10"	"Newmarket (July)"	"Darvel (IRE)"	"40.00"	"71.58"	"Handicap"	"6"	"6"	"Egan, David"	"Ryan, K A"	"1m "	"3"	"49"
"14:05:00"	"2021-07-10"	"Newmarket (July)"	"Hala Hala Hala (IRE)"	"100.00"	"267.09"	"Handicap"	"11"	"11"	"Eaves, Tom"	"Ryan, K A"	"7f "	"3"	"22"
"15:00:00"	"2021-07-09"	"Newmarket (July)"	"Throne Hall"	"14.00"	"17.59"	"Handicap"	"14"	"15"	"Atzeni, Andrea"	"Ryan, K A"	"1m6f "	"4"	"24"
"15:00:00"	"2021-07-08"	"Newmarket (July)"	"Seven Brothers (IRE)"	"80.00"	"110"	"Handicap"	"11"	"17"	"Quinn, Jimmy"	"Ryan, K A"	"6f "	"3"	"26"
"18:45:00"	"2021-06-28"	"Musselburgh"	"Ventura Rascal"	"2.25"	"3.33"	"Handicap"	"7"	"11"	"Gray, S A"	"Ryan, K A"	"1m "	"4"	"44"
"14:25:00"	"2021-06-28"	"Pontefract"	"Two Cop Bop"	"10.00"	"14"	"Handicap"	"13"	"13"	"Nicholls, Miss M"	"Ryan, K A"	"6f "	"3"	"18"
"15:20:00"	"2021-06-26"	"Chester"	"Cairn Island (IRE)"	"4.00"	"5.7"	"Handicap"	"8"	"9"	"Tudhope, Daniel"	"Ryan, K A"	"7f "	"3"	"72"
"18:10:00"	"2021-06-15"	"Ascot"	"Throne Hall"	"9.00"	"11.2"	"Handicap"	"10"	"15"	"Atzeni, Andrea"	"Ryan, K A"	"1m6f "	"4"	"34"
"17:35:00"	"2021-06-15"	"Ascot"	"Juan Elcano"	"14.00"	"16.5"	"Non-Handicap"	"1"	"13"	"Atzeni, Andrea"	"Ryan, K A"	"1m2f "	"4"	"80"
"15:20:00"	"2021-06-15"	"Thirsk"	"Midnite Bride"	"3.00"	"4.1"	"Handicap"	"4"	"9"	"James, S H"	"Ryan, K A"	"7f "	"4"	"7"
"15:40:00"	"2021-06-12"	"York"	"Uncle Jumbo"	"40.00"	"47.9"	"Handicap"	"15"	"17"	"Gray, S A"	"Ryan, K A"	"6f "	"3"	"12"
"15:40:00"	"2021-06-12"	"York"	"Ben Macdui (IRE)"	"80.00"	"179.13"	"Handicap"	"17"	"17"	"Eaves, Tom"	"Ryan, K A"	"6f "	"3"	"41"
"21:00:00"	"2021-06-10"	"Haydock"	"Two Cop Bop"	"4.50"	"5.9"	"Handicap"	"4"	"5"	"Nicholls, Miss M"	"Ryan, K A"	"7f "	"3"	"19"
"19:15:00"	"2021-06-08"	"Ayr"	"Midnite Bride"	"4.00"	"5.7"	"Handicap"	"2"	"7"	"Stott, Kevin"	"Ryan, K A"	"1m "	"4"	"28"
"15:25:00"	"2021-05-31"	"Leicester"	"Uncle Jumbo"	"6.50"	"9.4"	"Handicap"	"3"	"4"	"McSweeney, O"	"Ryan, K A"	"6f "	"3"	"26"
"15:10:00"	"2021-05-26"	"Hamilton"	"Will Sommers"	"3.33"	"5.36"	"Handicap"	"3"	"8"	"Stott, Kevin"	"Ryan, K A"	"1m3f "	"4"	"29"
"16:55:00"	"2021-05-22"	"York"	"Darvel (IRE)"	"22.00"	"37.34"	"Handicap"	"11"	"11"	"Stott, Kevin"	"Ryan, K A"	"1m "	"3"	"14"
"14:05:00"	"2021-05-21"	"Haydock"	"Last Empire"	"1.50"	"2.59"	"Non-Handicap"	"5"	"6"	"Shoemark, Kieran"	"Ryan, K A"	"6f "	"5"	"13"
"14:45:00"	"2021-05-17"	"Carlisle"	"Soaring Star (IRE)"	"5.50"	"9.03"	"Handicap"	"3"	"14"	"Stott, Kevin"	"Ryan, K A"	"1m "	"4"	"21"
"14:10:00"	"2021-05-12"	"York"	"Bielsa (IRE)"	"5.50"	"7.69"	"Handicap"	"5"	"18"	"Sousa, Silvestre De"	"Ryan, K A"	"6f "	"6"	"16"
"18:35:00"	"2021-05-08"	"Thirsk"	"Tinochio (IRE)"	"6.00"	"8.8"	"Handicap"	"13"	"14"	"Stott, Kevin"	"Ryan, K A"	"6f "	"3"	"15"
"15:25:00"	"2021-05-08"	"Lingfield"	"Huboor (IRE)"	"28.00"	"30.03"	"Non-Handicap"	"7"	"7"	"Moore, Ryan"	"Ryan, K A"	"7f "	"4"	"33"
"14:55:00"	"2021-05-08"	"Nottingham"	"Last Empire"	"2.13"	"3.73"	"Non-Handicap"	"2"	"11"	"Tudhope, Daniel"	"Ryan, K A"	"6f "	"5"	"232"
"18:35:00"	"2021-05-01"	"Doncaster"	"Magical Spirit (IRE)"	"11.00"	"14"	"Handicap"	"3"	"6"	"Eaves, Tom"	"Ryan, K A"	"6f "	"5"	"203"
"14:10:00"	"2021-04-26"	"Ayr"	"Bielsa (IRE)"	"1.25"	"2.58"	"Handicap"	"2"	"6"	"Stott, Kevin"	"Ryan, K A"	"6f "	"6"	"198"
"14:30:00"	"2021-04-19"	"Pontefract"	"Ventura Rascal"	"5.00"	"8.4"	"Handicap"	"1"	"11"	"Stott, Kevin"	"Ryan, K A"	"1m "	"4"	"13"
"17:10:00"	"2021-04-14"	"Beverley"	"Spiritofthenorth (FR)"	"1.10"	"2.36"	"Novices"	"2"	"5"	"Eaves, Tom"	"Ryan, K A"	"1m.5f "	"4"	"11"
"15:55:00"	"2021-04-13"	"Newmarket (Rowley)"	"Repartee (IRE)"	"22.00"	"23.93"	"Handicap"	"7"	"12"	"Atzeni, Andrea"	"Ryan, K A"	"7f "	"4"	"31"
"14:40:00"	"2021-04-09"	"Leicester"	"Soaring Star (IRE)"	"4.00"	"6.2"	"Handicap"	"3"	"13"	"Stott, Kevin"	"Ryan, K A"	"7f "	"4"	"167"
"15:58:00"	"2021-04-05"	"Redcar"	"Na Blianta Beo (IRE)"	"12.00"	"17.22"	"Handicap"	"13"	"13"	"Stott, Kevin"	"Ryan, K A"	"6f "	"4"	"60"
"15:45:00"	"2021-03-27"	"Doncaster"	"Emaraaty Ana"	"6.50"	"7.96"	"Non-Handicap"	"2"	"10"	"Stott, Kevin"	"Ryan, K A"	"6f "	"5"	"218"
"14:00:00"	"2021-03-27"	"Doncaster"	"Juan Elcano"	"8.00"	"9.4"	"Non-Handicap"	"6"	"11"	"Stott, Kevin"	"Ryan, K A"	"1m "	"4"	"220"
"16:40:00"	"2020-10-24"	"Doncaster"	"Soaring Star (IRE)"	"4.00"	"5.6"	"Handicap"	"2"	"12"	"Stott, Kevin"	"Ryan, K A"	"7f "	"3"	"15"
"16:20:00"	"2020-10-17"	"Catterick"	"Gift Of Kings"	"16.00"	"21"	"Handicap"	"10"	"11"	"Shoemark, Kieran"	"Ryan, K A"	"1m4f "	"3"	"19"
"16:15:00"	"2020-10-10"	"Newmarket (Rowley)"	"Celtic Beauty (IRE)"	"50.00"	"60"	"Non-Handicap"	"12"	"12"	"Atzeni, Andrea"	"Ryan, K A"	"6f "	"3"	"31"
"15:10:00"	"2020-10-10"	"York"	"Bielsa (IRE)"	"14.00"	"17.05"	"Handicap"	"5"	"21"	"Eaves, Tom"	"Ryan, K A"	"6f "	"5"	"21"
"16:50:00"	"2020-10-09"	"York"	"Soaring Star (IRE)"	"10.00"	"13.5"	"Handicap"	"5"	"18"	"Eaves, Tom"	"Ryan, K A"	"7f "	"3"	"24"
"15:35:00"	"2020-10-09"	"Newmarket (Rowley)"	"Star Of Emaraaty (IRE)"	"80.00"	"132.65"	"Non-Handicap"	"7"	"10"	"Stott, Kevin"	"Ryan, K A"	"1m "	"2"	"29"
"15:00:00"	"2020-09-28"	"Hamilton"	"Gift Of Kings"	"6.50"	"9.16"	"Handicap"	"3"	"14"	"Tudhope, Daniel"	"Ryan, K A"	"1m4f "	"3"	"11"
"15:40:00"	"2020-09-19"	"Ayr"	"Bielsa (IRE)"	"25.00"	"48"	"Handicap"	"9"	"24"	"Eaves, Tom"	"Ryan, K A"	"6f "	"5"	"15"
"14:30:00"	"2020-09-19"	"Ayr"	"Magical Spirit (IRE)"	"18.00"	"32.68"	"Handicap"	"1"	"24"	"Stott, Kevin"	"Ryan, K A"	"6f "	"4"	"14"
"14:10:00"	"2020-09-11"	"Doncaster"	"Byline"	"22.00"	"30"	"Handicap"	"4"	"11"	"Stott, Kevin"	"Ryan, K A"	"6.5f "	"3"	"14"
"15:45:00"	"2020-09-10"	"Doncaster"	"Black Caspian (IRE)"	"10.00"	"13.89"	"Handicap"	"12"	"13"	"Atzeni, Andrea"	"Ryan, K A"	"7f "	"3"	"20"
"15:15:00"	"2020-09-09"	"Doncaster"	"Celtic Beauty (IRE)"	"100.00"	"187.78"	"Non-Handicap"	"12"	"15"	"Stott, Kevin"	"Ryan, K A"	"7f "	"3"	"81"
"15:40:00"	"2020-09-06"	"York"	"Treble Treble (IRE)"	"40.00"	"49.25"	"Handicap"	"9"	"16"	"Nicholls, Miss M"	"Ryan, K A"	"6f "	"3"	"23"
"15:25:00"	"2020-09-05"	"Haydock"	"Hello Youmzain (FR)"	"4.50"	"6.2"	"Non-Handicap"	"5"	"13"	"Stott, Kevin"	"Ryan, K A"	"6f "	"4"	"56"
"15:25:00"	"2020-09-05"	"Haydock"	"Queen Jo Jo"	"50.00"	"75"	"Non-Handicap"	"12"	"13"	"Tudhope, Daniel"	"Ryan, K A"	"6f "	"4"	"14"
"17:05:00"	"2020-09-04"	"Thirsk"	"Conga"	"20.00"	"22.56"	"Handicap"	"2"	"20"	"Eaves, Tom"	"Ryan, K A"	"6f "	"4"	"22"
"15:20:00"	"2020-09-04"	"Haydock"	"Bielsa (IRE)"	"2.25"	"3.32"	"Handicap"	"5"	"7"	"Sousa, Silvestre De"	"Ryan, K A"	"6f "	"5"	"61"
"14:10:00"	"2020-08-24"	"Ayr"	"Barbarella (IRE)"	"40.00"	"63"	"Handicap"	"15"	"15"	"Eaves, Tom"	"Ryan, K A"	"6f "	"3"	"22"
"16:50:00"	"2020-08-21"	"York"	"Black Caspian (IRE)"	"40.00"	"75"	"Handicap"	"4"	"16"	"Quinn, Jimmy"	"Ryan, K A"	"1m "	"3"	"26"
"14:45:00"	"2020-08-19"	"York"	"Juan Elcano"	"14.00"	"17.13"	"Non-Handicap"	"8"	"8"	"Atzeni, Andrea"	"Ryan, K A"	"1m4f "	"3"	"41"
"14:20:00"	"2020-08-14"	"Pontefract"	"Treble Treble (IRE)"	"20.00"	"27"	"Handicap"	"12"	"13"	"Nicholls, Miss M"	"Ryan, K A"	"6f "	"3"	"36"
"15:10:00"	"2020-08-13"	"Hamilton"	"Conga"	"28.00"	"36"	"Handicap"	"2"	"10"	"Eaves, Tom"	"Ryan, K A"	"6f "	"4"	"27"
"18:30:00"	"2020-08-10"	"Chester"	"Emaraaty Ana"	"3.50"	"5.81"	"Non-Handicap"	"3"	"8"	"Atzeni, Andrea"	"Ryan, K A"	"6f "	"4"	"66"
"16:25:00"	"2020-08-08"	"Haydock"	"She Can Dance"	"25.00"	"44"	"Handicap"	"8"	"8"	"Shoemark, Kieran"	"Ryan, K A"	"6f "	"3"	"21"
"16:10:00"	"2020-08-02"	"Leicester"	"Byline"	"3.33"	"4.86"	"Handicap"	"1"	"5"	"Stott, Kevin"	"Ryan, K A"	"6f "	"3"	"24"
"14:15:00"	"2020-07-31"	"Goodwood"	"Repartee (IRE)"	"33.00"	"50"	"Non-Handicap"	"5"	"5"	"Atzeni, Andrea"	"Ryan, K A"	"1m "	"3"	"13"
"15:05:00"	"2020-07-19"	"York"	"Queen Jo Jo"	"25.00"	"37.23"	"Non-Handicap"	"1"	"18"	"James, S H"	"Ryan, K A"	"6f "	"4"	"21"
"15:05:00"	"2020-07-19"	"York"	"Last Empire"	"25.00"	"34"	"Non-Handicap"	"7"	"18"	"Eaves, Tom"	"Ryan, K A"	"6f "	"4"	"42"
"17:25:00"	"2020-07-17"	"Haydock"	"Conga"	"20.00"	"29.48"	"Handicap"	"6"	"9"	"Nicholls, Miss M"	"Ryan, K A"	"6f "	"4"	"27"
"13:00:00"	"2020-07-05"	"Haydock"	"Bielsa (IRE)"	"10.00"	"14.5"	"Non-Handicap"	"5"	"7"	"Stott, Kevin"	"Ryan, K A"	"6f "	"5"	"15"
"15:35:00"	"2020-06-20"	"Ascot"	"Hello Youmzain (FR)"	"4.00"	"5.87"	"Non-Handicap"	"1"	"10"	"Stott, Kevin"	"Ryan, K A"	"6f "	"4"	"245"
"17:00:00"	"2020-06-15"	"Pontefract"	"George Mallory"	"3.50"	"5.5"	"Handicap"	"4"	"10"	"Eaves, Tom"	"Ryan, K A"	"1m2f "	"4"	"230"
"16:25:00"	"2020-06-07"	"Haydock"	"Last Empire"	"7.50"	"9.52"	"Non-Handicap"	"6"	"13"	"Tudhope, Daniel"	"Ryan, K A"	"6f "	"4"	"239"
"16:20:00"	"2019-10-01"	"Ayr"	"Celebrity Dancer (IRE)"	"25.00"	"33.18"	"Handicap"	"10"	"10"	"Eaves, Tom"	"Ryan, K A"	"7.5f "	"3"	"45"
"14:20:00"	"2019-09-30"	"Hamilton"	"Conga"	"4.50"	"6.2"	"Handicap"	"1"	"6"	"Stott, Kevin"	"Ryan, K A"	"6f "	"3"	"38"
"14:40:00"	"2019-09-21"	"Ayr"	"Yousini"	"33.00"	"61.31"	"Handicap"	"21"	"24"	"Hamilton, Tony"	"Ryan, K A"	"6f "	"3"	"13"
"17:30:00"	"2019-09-12"	"Doncaster"	"The Great Heir (FR)"	"6.50"	"8.83"	"Handicap"	"2"	"4"	"Gray, S A"	"Ryan, K A"	"7f "	"3"	"33"
"16:30:00"	"2019-09-08"	"York"	"Roulston Scar (IRE)"	"2.50"	"3.88"	"Handicap"	"1"	"10"	"Nicholls, Miss M"	"Ryan, K A"	"6f "	"3"	"15"
"16:30:00"	"2019-09-08"	"York"	"Yousini"	"11.00"	"13.82"	"Handicap"	"6"	"10"	"Eaves, Tom"	"Ryan, K A"	"6f "	"3"	"22"
"18:30:00"	"2019-09-03"	"Salisbury"	"Emaraaty Ana"	"2.50"	"4.12"	"Non-Handicap"	"1"	"5"	"Atzeni, Andrea"	"Ryan, K A"	"6f "	"3"	"79"
"17:45:00"	"2019-08-30"	"Thirsk"	"Aghast"	"16.00"	"20.46"	"Handicap"	"10"	"15"	"Bromley, Ben"	"Ryan, K A"	"6f "	"3"	"19"
"18:30:00"	"2019-08-22"	"Leicester"	"Wild Hope"	"8.00"	"13"	"Handicap"	"10"	"10"	"Stott, Kevin"	"Ryan, K A"	"1m "	"3"	"17"
"14:50:00"	"2019-08-17"	"Doncaster"	"Celebrity Dancer (IRE)"	"20.00"	"29"	"Handicap"	"10"	"10"	"Mullen, Andrew"	"Ryan, K A"	"7f "	"3"	"36"
"14:05:00"	"2019-08-17"	"Ripon"	"Yousini"	"14.00"	"18.52"	"Handicap"	"18"	"19"	"Eaves, Tom"	"Ryan, K A"	"6f "	"3"	"29"
"16:50:00"	"2019-08-11"	"Leicester"	"Aghast"	"5.00"	"6.2"	"Handicap"	"10"	"10"	"Eaves, Tom"	"Ryan, K A"	"6f "	"3"	"23"
"16:45:00"	"2019-08-10"	"Haydock"	"The Great Heir (FR)"	"20.00"	"30.65"	"Handicap"	"3"	"8"	"Gray, S A"	"Ryan, K A"	"7f "	"3"	"63"
"20:25:00"	"2019-08-09"	"Haydock"	"George Mallory"	"6.00"	"7.53"	"Handicap"	"1"	"9"	"Eaves, Tom"	"Ryan, K A"	"1m2.5f "	"3"	"24"
"15:00:00"	"2019-08-08"	"Haydock"	"Princes Des Sables"	"12.00"	"13.8"	"Handicap"	"1"	"6"	"Eaves, Tom"	"Ryan, K A"	"6f "	"3"	"38"
"20:40:00"	"2019-07-31"	"Leicester"	"Cambeleza (IRE)"	"8.00"	"10.57"	"Handicap"	"6"	"11"	"Stott, Kevin"	"Ryan, K A"	"1m "	"3"	"23"
"17:00:00"	"2019-07-31"	"Redcar"	"Joey Boy (IRE)"	"7.50"	"10.84"	"Handicap"	"11"	"16"	"Gray, S A"	"Ryan, K A"	"6f "	"3"	"23"
"19:40:00"	"2019-07-19"	"Hamilton"	"Yousini"	"11.00"	"14.59"	"Handicap"	"5"	"13"	"Eaves, Tom"	"Ryan, K A"	"6f "	"3"	"34"
"14:50:00"	"2019-07-19"	"Nottingham"	"Aghast"	"3.50"	"4.73"	"Handicap"	"5"	"14"	"Norton, Francis"	"Ryan, K A"	"6f "	"3"	"28"
"16:45:00"	"2019-07-16"	"Beverley"	"George Mallory"	"7.00"	"9.19"	"Handicap"	"7"	"10"	"Eaves, Tom"	"Ryan, K A"	"1m2f "	"3"	"29"
"17:30:00"	"2019-07-12"	"York"	"Celebrity Dancer (IRE)"	"5.50"	"7.5"	"Handicap"	"9"	"9"	"Greatrex, Thomas"	"Ryan, K A"	"7f "	"3"	"20"
"15:00:00"	"2019-07-11"	"Newmarket (July)"	"Rathbone"	"12.00"	"15.71"	"Handicap"	"19"	"20"	"Eaves, Tom"	"Ryan, K A"	"6f "	"3"	"26"
"20:40:00"	"2019-07-08"	"Ripon"	"Baldwin (IRE)"	"6.00"	"8"	"Handicap"	"6"	"13"	"Stott, Kevin"	"Ryan, K A"	"6f "	"3"	"5"
"16:00:00"	"2019-07-08"	"Ayr"	"Wild Hope"	"2.75"	"3.88"	"Handicap"	"1"	"8"	"Stott, Kevin"	"Ryan, K A"	"1m "	"3"	"19"
"15:40:00"	"2019-07-03"	"Thirsk"	"Baldwin (IRE)"	"18.00"	"26.21"	"Handicap"	"13"	"18"	"Eaves, Tom"	"Ryan, K A"	"6f "	"3"	"14"
"15:00:00"	"2019-07-01"	"Pontefract"	"Princes Des Sables"	"4.00"	"6.2"	"Handicap"	"6"	"6"	"Eaves, Tom"	"Ryan, K A"	"6f "	"3"	"21"
"15:20:00"	"2019-06-29"	"York"	"Commander Han (FR)"	"11.00"	"20.26"	"Handicap"	"14"	"14"	"Eaves, Tom"	"Ryan, K A"	"1m "	"4"	"21"
"15:20:00"	"2019-06-27"	"Newmarket (July)"	"Three Card Trick"	"8.00"	"13.77"	"Handicap"	"6"	"8"	"Spencer, Jamie"	"Ryan, K A"	"6f "	"3"	"41"
"15:10:00"	"2019-06-22"	"Ayr"	"Celebrity Dancer (IRE)"	"11.00"	"16.49"	"Handicap"	"3"	"10"	"Eaves, Tom"	"Ryan, K A"	"7.5f "	"3"	"21"
"21:20:00"	"2019-06-19"	"Ripon"	"Baldwin (IRE)"	"8.50"	"11.49"	"Maiden"	"8"	"11"	"Eaves, Tom"	"Ryan, K A"	"6f "	"3"	"44"
"16:05:00"	"2019-06-19"	"Hamilton"	"Wild Hope"	"3.50"	"5"	"Handicap"	"3"	"7"	"Stott, Kevin"	"Ryan, K A"	"1m.5f "	"3"	"20"
"17:30:00"	"2019-06-17"	"Carlisle"	"George Mallory"	"6.50"	"8.2"	"Handicap"	"6"	"10"	"Eaves, Tom"	"Ryan, K A"	"1m3f "	"3"	"24"
"16:10:00"	"2019-06-16"	"Salisbury"	"Emaraaty Ana"	"3.00"	"4.86"	"Non-Handicap"	"5"	"6"	"Atzeni, Andrea"	"Ryan, K A"	"6f "	"3"	"22"
"15:35:00"	"2019-06-15"	"York"	"Yousini"	"20.00"	"29.1"	"Handicap"	"5"	"22"	"Stott, Kevin"	"Ryan, K A"	"6f "	"3"	"28"
"15:20:00"	"2019-06-12"	"Haydock"	"Morning Wonder (IRE)"	"10.00"	"12.5"	"Handicap"	"10"	"11"	"Stott, Kevin"	"Ryan, K A"	"1m2.5f "	"4"	"26"
"19:05:00"	"2019-06-10"	"Pontefract"	"Roulston Scar (IRE)"	"6.00"	"7.86"	"Handicap"	"1"	"9"	"Eaves, Tom"	"Ryan, K A"	"6f "	"3"	"24"
"19:05:00"	"2019-06-10"	"Pontefract"	"Princes Des Sables"	"16.00"	"21.94"	"Handicap"	"7"	"9"	"Gray, S A"	"Ryan, K A"	"6f "	"3"	"230"
"14:10:00"	"2019-06-08"	"Newmarket (July)"	"The Great Heir (FR)"	"20.00"	"30.73"	"Handicap"	"12"	"12"	"Gray, S A"	"Ryan, K A"	"7f "	"3"	"24"
"14:50:00"	"2019-06-01"	"Musselburgh"	"Celebrity Dancer (IRE)"	"16.00"	"25.09"	"Handicap"	"5"	"9"	"Stott, Kevin"	"Ryan, K A"	"7f "	"3"	"22"
"16:35:00"	"2019-05-25"	"Haydock"	"Glass Slippers"	"20.00"	"30"	"Non-Handicap"	"5"	"11"	"Eaves, Tom"	"Ryan, K A"	"6f "	"3"	"42"
"19:30:00"	"2019-05-17"	"Hamilton"	"Morning Wonder (IRE)"	"10.00"	"13.98"	"Handicap"	"7"	"8"	"Eaves, Tom"	"Ryan, K A"	"1m4f "	"4"	"168"
"17:05:00"	"2019-05-09"	"Chester"	"Ayutthaya (IRE)"	"8.00"	"9.89"	"Handicap"	"2"	"13"	"Eaves, Tom"	"Ryan, K A"	"1m2.5f "	"4"	"21"
"16:15:00"	"2019-05-04"	"Thirsk"	"Commander Han (FR)"	"14.00"	"23"	"Handicap"	"2"	"16"	"Eaves, Tom"	"Ryan, K A"	"1m "	"4"	"14"
"14:30:00"	"2019-05-04"	"Thirsk"	"Gold Stone"	"16.00"	"21"	"Handicap"	"7"	"13"	"Eaves, Tom"	"Ryan, K A"	"6f "	"4"	"14"
"17:00:00"	"2019-05-02"	"Musselburgh"	"Foxy Lady"	"25.00"	"39.6"	"Handicap"	"9"	"9"	"Gray, S A"	"Ryan, K A"	"1m1f "	"4"	"71"
"13:50:00"	"2019-04-20"	"Musselburgh"	"Commander Han (FR)"	"8.50"	"15.19"	"Handicap"	"3"	"10"	"Stott, Kevin"	"Ryan, K A"	"7f "	"4"	"207"
"15:35:00"	"2019-04-10"	"Nottingham"	"Knighted (IRE)"	"10.00"	"11.5"	"Handicap"	"6"	"12"	"Stott, Kevin"	"Ryan, K A"	"1m.5f "	"4"	"186"
"17:00:00"	"2019-04-09"	"Pontefract"	"Rathbone"	"1.63"	"2.96"	"Novices"	"1"	"9"	"Eaves, Tom"	"Ryan, K A"	"6f "	"3"	"185"
"16:30:00"	"2019-04-09"	"Pontefract"	"Ayutthaya (IRE)"	"4.00"	"5.4"	"Handicap"	"PU"	"8"	"Stott, Kevin"	"Ryan, K A"	"1m2f "	"4"	"178"
"14:05:00"	"2018-11-10"	"Doncaster"	"Hey Jonesy (IRE)"	"14.00"	"19.8"	"Non-Handicap"	"2"	"14"	"Stott, Kevin"	"Ryan, K A"	"6f "	"3"	"35"
"17:35:00"	"2018-10-13"	"York"	"Ayutthaya (IRE)"	"10.00"	"12.5"	"Handicap"	"8"	"17"	"Gray, S A"	"Ryan, K A"	"1m2.5f "	"3"	"23"
"15:00:00"	"2018-10-06"	"Ascot"	"Hey Jonesy (IRE)"	"7.50"	"9.15"	"Non-Handicap"	"3"	"4"	"Harley, M"	"Ryan, K A"	"6f "	"3"	"28"
"14:00:00"	"2018-09-23"	"Hamilton"	"Salazar (IRE)"	"9.00"	"11.83"	"Handicap"	"11"	"11"	"Eaves, Tom"	"Ryan, K A"	"6f "	"3"	"47"
"15:35:00"	"2018-09-13"	"Doncaster"	"The Great Heir (FR)"	"33.00"	"72.68"	"Non-Handicap"	"1"	"22"	"Mullen, Andrew"	"Ryan, K A"	"6.5f "	"2"	"22"
"14:55:00"	"2018-09-09"	"York"	"Stormbringer"	"8.00"	"11.92"	"Non-Handicap"	"2"	"5"	"Harley, M"	"Ryan, K A"	"6f "	"3"	"43"
"16:15:00"	"2018-09-08"	"Haydock"	"Hey Jonesy (IRE)"	"50.00"	"128.83"	"Non-Handicap"	"10"	"12"	"Stott, Kevin"	"Ryan, K A"	"6f "	"3"	"49"
"16:45:00"	"2018-09-07"	"Haydock"	"Everything For You (IRE)"	"2.50"	"3.46"	"Handicap"	"1"	"6"	"Stott, Kevin"	"Ryan, K A"	"1m2.5f "	"4"	"23"
"14:50:00"	"2018-08-30"	"Musselburgh"	"How Bizarre"	"2.75"	"3.78"	"Handicap"	"2"	"5"	"Stott, Kevin"	"Ryan, K A"	"7f "	"3"	"27"
"16:25:00"	"2018-08-26"	"Beverley"	"Mont Kinabalu (IRE)"	"16.00"	"19.4"	"Handicap"	"6"	"8"	"Eaves, Tom"	"Ryan, K A"	"1m.5f "	"3"	"26"
"16:50:00"	"2018-08-24"	"York"	"Queens Sargent (FR)"	"66.00"	"148.71"	"Handicap"	"14"	"17"	"Gray, S A"	"Ryan, K A"	"1m "	"3"	"20"
"14:00:00"	"2018-08-17"	"Nottingham"	"Dandys Beano (IRE)"	"16.00"	"24"	"Handicap"	"5"	"9"	"Stott, Kevin"	"Ryan, K A"	"6f "	"3"	"20"
"16:50:00"	"2018-08-04"	"Goodwood"	"Queens Sargent (FR)"	"20.00"	"37.15"	"Handicap"	"9"	"10"	"Sullivan, James P"	"Ryan, K A"	"7f "	"3"	"49"
"16:30:00"	"2018-08-02"	"Nottingham"	"Everything For You (IRE)"	"8.00"	"11.32"	"Handicap"	"2"	"8"	"Stott, Kevin"	"Ryan, K A"	"1m2.5f "	"4"	"20"
"16:30:00"	"2018-08-01"	"Redcar"	"Knighted (IRE)"	"4.50"	"6.75"	"Handicap"	"1"	"6"	"Stott, Kevin"	"Ryan, K A"	"1m "	"3"	"18"
"16:20:00"	"2018-07-31"	"Beverley"	"Mont Kinabalu (IRE)"	"7.00"	"11.24"	"Handicap"	"6"	"7"	"Eaves, Tom"	"Ryan, K A"	"1m.5f "	"3"	"48"
"16:55:00"	"2018-07-27"	"Thirsk"	"Kodicat (IRE)"	"16.00"	"26.67"	"Handicap"	"2"	"13"	"Eaves, Tom"	"Ryan, K A"	"6f "	"4"	"20"
"17:15:00"	"2018-07-21"	"Ripon"	"Armandihan (IRE)"	"5.50"	"6.62"	"Handicap"	"4"	"7"	"Murtagh, Connor"	"Ryan, K A"	"1m4f "	"4"	"10"
"15:00:00"	"2018-07-21"	"Newbury"	"Hey Jonesy (IRE)"	"12.00"	"15.5"	"Non-Handicap"	"7"	"10"	"Eaves, Tom"	"Ryan, K A"	"6f "	"3"	"29"
"17:25:00"	"2018-07-14"	"Chester"	"Knighted (IRE)"	"3.50"	"4.77"	"Handicap"	"9"	"9"	"Noble, Cameron"	"Ryan, K A"	"7.5f "	"3"	"27"
"15:00:00"	"2018-07-12"	"Newmarket (July)"	"Stormbringer"	"12.00"	"20"	"Handicap"	"2"	"20"	"Harley, M"	"Ryan, K A"	"6f "	"3"	"33"
"18:00:00"	"2018-07-07"	"Carlisle"	"Kodicat (IRE)"	"10.00"	"14.18"	"Handicap"	"6"	"10"	"Noble, Cameron"	"Ryan, K A"	"6f "	"4"	"36"
"17:10:00"	"2018-07-07"	"Leicester"	"Havana Star (IRE)"	"5.00"	"6.8"	"Handicap"	"11"	"12"	"Harley, M"	"Ryan, K A"	"1m "	"3"	"17"
"16:30:00"	"2018-07-04"	"Musselburgh"	"Tewafeedj"	"5.00"	"6.64"	"Handicap"	"8"	"8"	"Nolan, D"	"Ryan, K A"	"1m4.5f "	"4"	"36"
"15:20:00"	"2018-06-20"	"Hamilton"	"Havana Star (IRE)"	"5.50"	"7.04"	"Handicap"	"5"	"8"	"Stott, Kevin"	"Ryan, K A"	"1m.5f "	"3"	"12"
"15:35:00"	"2018-06-16"	"York"	"Queens Sargent (FR)"	"25.00"	"55.83"	"Handicap"	"18"	"20"	"Gray, S A"	"Ryan, K A"	"6f "	"3"	"31"
"13:50:00"	"2018-06-16"	"York"	"Armandihan (IRE)"	"6.50"	"7.8"	"Handicap"	"8"	"12"	"Lees, Harriett T"	"Ryan, K A"	"1m4f "	"4"	"19"
"15:30:00"	"2018-06-15"	"York"	"Pennsylvania Dutch"	"28.00"	"51.04"	"Handicap"	"12"	"16"	"Eaves, Tom"	"Ryan, K A"	"7f "	"4"	"27"
"15:00:00"	"2018-06-08"	"Carlisle"	"Dandys Beano (IRE)"	"40.00"	"65"	"Handicap"	"3"	"6"	"Stott, Kevin"	"Ryan, K A"	"6f "	"3"	"21"
"14:30:00"	"2018-06-08"	"Carlisle"	"Havana Star (IRE)"	"3.50"	"4.93"	"Handicap"	"4"	"9"	"Sanderson, Benjamin"	"Ryan, K A"	"6f "	"3"	"21"
"15:00:00"	"2018-06-06"	"Hamilton"	"Al Hawraa"	"12.00"	"19.34"	"Handicap"	"8"	"9"	"Stott, Kevin"	"Ryan, K A"	"1m5f "	"5"	"41"
"16:10:00"	"2018-06-01"	"Catterick"	"Kodicat (IRE)"	"12.00"	"13.26"	"Handicap"	"5"	"6"	"Eaves, Tom"	"Ryan, K A"	"7f "	"4"	"71"
"16:45:00"	"2018-05-28"	"Redcar"	"Armandihan (IRE)"	"7.00"	"9.1"	"Handicap"	"5"	"8"	"Gray, S A"	"Ryan, K A"	"1m2f "	"4"	"12"
"20:35:00"	"2018-05-18"	"Hamilton"	"Havana Star (IRE)"	"6.50"	"8.4"	"Handicap"	"4"	"9"	"Eaves, Tom"	"Ryan, K A"	"6f "	"3"	"17"
"17:35:00"	"2018-05-16"	"York"	"Armandihan (IRE)"	"16.00"	"28"	"Handicap"	"12"	"17"	"Eaves, Tom"	"Ryan, K A"	"1m4f "	"4"	"201"
"15:20:00"	"2018-05-02"	"Pontefract"	"Savannah Moon (IRE)"	"6.00"	"7.58"	"Handicap"	"1"	"7"	"Mullen, Andrew"	"Ryan, K A"	"1m2f "	"4"	"225"
"16:05:00"	"2018-04-30"	"Thirsk"	"Pennsylvania Dutch"	"7.00"	"8.8"	"Handicap"	"3"	"15"	"Stott, Kevin"	"Ryan, K A"	"6f "	"4"	"11"
"16:20:00"	"2018-04-26"	"Beverley"	"Al Hawraa"	"5.00"	"6.6"	"Handicap"	"10"	"10"	"Stott, Kevin"	"Ryan, K A"	"1m2f "	"5"	"192"
"14:35:00"	"2018-04-26"	"Beverley"	"Mont Kinabalu (IRE)"	"3.50"	"5.5"	"Handicap"	"1"	"6"	"Eaves, Tom"	"Ryan, K A"	"7.5f "	"3"	"20"
"15:30:00"	"2018-04-25"	"Catterick"	"Tewafeedj"	"4.00"	"5.4"	"Handicap"	"6"	"13"	"Stott, Kevin"	"Ryan, K A"	"1m4f "	"4"	"209"
"16:00:00"	"2018-04-19"	"Ripon"	"Pennsylvania Dutch"	"16.00"	"28.98"	"Handicap"	"8"	"20"	"Gray, S A"	"Ryan, K A"	"6f "	"4"	"37"
"15:25:00"	"2018-04-19"	"Ripon"	"Havana Star (IRE)"	"3.00"	"4.5"	"Handicap"	"6"	"10"	"Stott, Kevin"	"Ryan, K A"	"6f "	"3"	"188"
"17:20:00"	"2018-03-31"	"Musselburgh"	"Queens Sargent (FR)"	"1.88"	"3.1"	"Maiden"	"1"	"7"	"Gray, S A"	"Ryan, K A"	"7f "	"3"	"198"
"15:45:00"	"2017-10-20"	"Redcar"	"Lanjano"	"11.00"	"14.2"	"Handicap"	"5"	"16"	"Stott, Kevin"	"Ryan, K A"	"7f "	"3"	"53"
"15:40:00"	"2017-10-16"	"Yarmouth"	"Hellomoto"	"5.50"	"7.4"	"Handicap"	"6"	"12"	"Gray, S A"	"Ryan, K A"	"1m3.5f "	"3"	"4"
"14:50:00"	"2017-10-16"	"Musselburgh"	"Lualiwa"	"6.00"	"8.05"	"Handicap"	"11"	"12"	"Stott, Kevin"	"Ryan, K A"	"7f "	"3"	"37"
"15:55:00"	"2017-10-07"	"Redcar"	"Rutherford (IRE)"	"50.00"	"120"	"Non-Handicap"	"8"	"9"	"McHugh, B"	"Ryan, K A"	"7f "	"3"	"32"
"15:30:00"	"2017-09-28"	"Pontefract"	"Captain Dion"	"14.00"	"19.52"	"Handicap"	"1"	"9"	"Eaves, Tom"	"Ryan, K A"	"6f "	"4"	"27"
"17:35:00"	"2017-09-20"	"Beverley"	"Kulgri"	"8.00"	"10.5"	"Non-Handicap"	"2"	"9"	"Rodriguez, Callum"	"Ryan, K A"	"1m.5f "	"3"	"26"
"17:05:00"	"2017-09-20"	"Beverley"	"Hellomoto"	"4.50"	"6.05"	"Non-Handicap"	"4"	"10"	"Noble, Cameron"	"Ryan, K A"	"1m.5f "	"3"	"21"
"14:55:00"	"2017-09-19"	"Redcar"	"Perfect Symphony (IRE)"	"20.00"	"26"	"Handicap"	"5"	"11"	"Eaves, Tom"	"Ryan, K A"	"6f "	"3"	"11"
"16:40:00"	"2017-09-13"	"Carlisle"	"Tagur (IRE)"	"7.00"	"8"	"Handicap"	"1"	"8"	"Stott, Kevin"	"Ryan, K A"	"7f "	"3"	"13"
"17:20:00"	"2017-09-10"	"York"	"Major Jumbo"	"9.00"	"11.46"	"Handicap"	"1"	"9"	"Stott, Kevin"	"Ryan, K A"	"6f "	"3"	"15"
"14:45:00"	"2017-09-09"	"Ascot"	"Lualiwa"	"8.50"	"11.7"	"Handicap"	"6"	"17"	"Egan, David"	"Ryan, K A"	"7f "	"3"	"28"
"17:30:00"	"2017-09-08"	"Ascot"	"Perfect Symphony (IRE)"	"11.00"	"16.1"	"Handicap"	"7"	"11"	"Beschizza,Adam "	"Ryan, K A"	"6f "	"3"	"18"
"16:45:00"	"2017-09-05"	"Hamilton"	"Rutherford (IRE)"	"3.50"	"5"	"Handicap"	"4"	"7"	"Gray, S A"	"Ryan, K A"	"6f "	"3"	"11"
"17:20:00"	"2017-09-04"	"Windsor"	"Kodicat (IRE)"	"1.88"	"2.93"	"Handicap"	"2"	"4"	"Spencer, Jamie"	"Ryan, K A"	"6f "	"3"	"38"
"17:25:00"	"2017-09-02"	"Hamilton"	"Al Hawraa"	"4.00"	"5.33"	"Handicap"	"1"	"13"	"Stott, Kevin"	"Ryan, K A"	"1m1f "	"4"	"18"
"16:05:00"	"2017-09-01"	"Thirsk"	"Captain Dion"	"10.00"	"12.5"	"Handicap"	"11"	"12"	"Stott, Kevin"	"Ryan, K A"	"6f "	"4"	"25"
"16:35:00"	"2017-08-31"	"Musselburgh"	"Tagur (IRE)"	"7.00"	"9.01"	"Handicap"	"2"	"7"	"Eaves, Tom"	"Ryan, K A"	"7f "	"3"	"23"
"16:00:00"	"2017-08-30"	"Musselburgh"	"Hellomoto"	"11.00"	"13.5"	"Handicap"	"5"	"8"	"Eaves, Tom"	"Ryan, K A"	"1m1f "	"3"	"19"
"15:20:00"	"2017-08-28"	"Ripon"	"Lanjano"	"5.50"	"7.2"	"Handicap"	"8"	"8"	"Stott, Kevin"	"Ryan, K A"	"6f "	"3"	"20"
"18:35:00"	"2017-08-25"	"Hamilton"	"Kulgri"	"9.00"	"11.78"	"Handicap"	"3"	"7"	"Doyle, Joe"	"Ryan, K A"	"1m.5f "	"3"	"17"
"15:00:00"	"2017-08-24"	"York"	"Flaming Spear (IRE)"	"10.00"	"13.5"	"Handicap"	"1"	"17"	"Winston, Robert"	"Ryan, K A"	"1m "	"5"	"26"
"16:25:00"	"2017-08-23"	"Carlisle"	"Savannah Moon (IRE)"	"7.00"	"11.03"	"Handicap"	"1"	"10"	"Eaves, Tom"	"Ryan, K A"	"1m1f "	"3"	"18"
"14:45:00"	"2017-08-21"	"Thirsk"	"Perfect Symphony (IRE)"	"5.50"	"7"	"Handicap"	"11"	"12"	"Stott, Kevin"	"Ryan, K A"	"7f "	"3"	"31"
"16:30:00"	"2017-08-15"	"Thirsk"	"Al Hawraa"	"25.00"	"35.58"	"Handicap"	"8"	"13"	"Gray, S A"	"Ryan, K A"	"1m "	"4"	"100"
"15:30:00"	"2017-08-15"	"Thirsk"	"Jess"	"18.00"	"23"	"Handicap"	"12"	"12"	"Eaves, Tom"	"Ryan, K A"	"6f "	"4"	"13"
"15:00:00"	"2017-08-11"	"Musselburgh"	"Hellomoto"	"9.00"	"11.99"	"Handicap"	"4"	"10"	"Eaves, Tom"	"Ryan, K A"	"1m "	"3"	"31"
"15:45:00"	"2017-08-07"	"Ripon"	"Captain Dion"	"16.00"	"19.5"	"Handicap"	"7"	"9"	"Eaves, Tom"	"Ryan, K A"	"6f "	"4"	"114"
"20:00:00"	"2017-08-05"	"Hamilton"	"Savannah Moon (IRE)"	"10.00"	"11.5"	"Handicap"	"7"	"9"	"Doyle, Joe"	"Ryan, K A"	"1m3f "	"3"	"9"
"15:50:00"	"2017-08-05"	"Newmarket (July)"	"Perfect Madge (IRE)"	"25.00"	"37.26"	"Handicap"	"2"	"6"	"Kirby, Adam"	"Ryan, K A"	"7f "	"3"	"36"
"17:20:00"	"2017-08-04"	"Newmarket (July)"	"Norwegian Highness (FR)"	"16.00"	"20"	"Handicap"	"6"	"7"	"Murphy, Timmy"	"Ryan, K A"	"6f "	"3"	"66"
"17:30:00"	"2017-08-02"	"Redcar"	"Jess"	"22.00"	"29.93"	"Handicap"	"12"	"12"	"Eaves, Tom"	"Ryan, K A"	"6f "	"4"	"7"
"16:05:00"	"2017-07-28"	"Thirsk"	"Kodicat (IRE)"	"6.50"	"8.4"	"Handicap"	"3"	"9"	"Eaves, Tom"	"Ryan, K A"	"6f "	"3"	"16"
"20:55:00"	"2017-07-27"	"Doncaster"	"Savannah Moon (IRE)"	"8.00"	"9.82"	"Handicap"	"4"	"11"	"Stott, Kevin"	"Ryan, K A"	"1m2.5f "	"3"	"14"
"16:30:00"	"2017-07-26"	"Catterick"	"Jess"	"50.00"	"110"	"Handicap"	"3"	"9"	"Eaves, Tom"	"Ryan, K A"	"6f "	"4"	"133"
"21:05:00"	"2017-07-21"	"Pontefract"	"Perfect Symphony (IRE)"	"6.00"	"8.33"	"Handicap"	"2"	"12"	"Stott, Kevin"	"Ryan, K A"	"6f "	"3"	"18"
"17:40:00"	"2017-07-14"	"Ascot"	"Brilliant Vanguard (IRE)"	"10.00"	"12.62"	"Handicap"	"2"	"9"	"Cronin, S C"	"Ryan, K A"	"1m "	"4"	"16"
"18:05:00"	"2017-07-12"	"Catterick"	"Kodicat (IRE)"	"10.00"	"13.5"	"Handicap"	"4"	"7"	"Eaves, Tom"	"Ryan, K A"	"6f "	"3"	"11"
"15:55:00"	"2017-07-12"	"Catterick"	"Heir of Excitement (IRE)"	"2.75"	"4.5"	"Handicap"	"2"	"7"	"Gray, S A"	"Ryan, K A"	"7f "	"3"	"12"
"15:50:00"	"2017-07-10"	"Ayr"	"Count Montecristo (FR)"	"8.50"	"13"	"Handicap"	"8"	"8"	"Eaves, Tom"	"Ryan, K A"	"1m "	"5"	"68"
"16:00:00"	"2017-07-06"	"Haydock"	"Foresight (FR)"	"20.00"	"28"	"Handicap"	"10"	"10"	"Eaves, Tom"	"Ryan, K A"	"7f "	"4"	"60"
"15:30:00"	"2017-07-04"	"Hamilton"	"Weekend Offender (FR)"	"4.00"	"5.81"	"Handicap"	"PU"	"11"	"Eaves, Tom"	"Ryan, K A"	"1m.5f "	"4"	"83"
"14:55:00"	"2017-07-01"	"Chester"	"Lualiwa"	"3.00"	"4.46"	"Handicap"	"1"	"9"	"Doyle, Joe"	"Ryan, K A"	"7f "	"3"	"45"
"19:55:00"	"2017-06-30"	"Newmarket (July)"	"Perfect Madge (IRE)"	"2.75"	"5.51"	"Non-Handicap"	"3"	"4"	"Sousa, Silvestre De"	"Ryan, K A"	"6f "	"3"	"40"
"17:30:00"	"2017-06-30"	"Doncaster"	"Backinanger"	"25.00"	"34.95"	"Handicap"	"11"	"17"	"Doyle, Joe"	"Ryan, K A"	"6f "	"3"	"37"
"14:50:00"	"2017-05-30"	"Leicester"	"Rag Tatter"	"3.50"	"4.67"	"Claimer"	"5"	"9"	"Stott, Kevin"	"Ryan, K A"	"7f "	"3"	"15"
"19:00:00"	"2017-05-26"	"Pontefract"	"Torremar (FR)"	"16.00"	"21.91"	"Handicap"	"4"	"12"	"Stott, Kevin"	"Ryan, K A"	"1m4f "	"4"	"66"
"16:20:00"	"2017-05-22"	"Carlisle"	"Tagur (IRE)"	"4.50"	"5.74"	"Handicap"	"3"	"8"	"Eaves, Tom"	"Ryan, K A"	"7f "	"3"	"9"
"15:50:00"	"2017-05-22"	"Carlisle"	"Heir of Excitement (IRE)"	"4.50"	"5.7"	"Handicap"	"1"	"8"	"Gray, S A"	"Ryan, K A"	"7f "	"3"	"28"
"16:10:00"	"2017-05-21"	"Ripon"	"Perfect Madge (IRE)"	"10.00"	"14.42"	"Handicap"	"4"	"11"	"Stott, Kevin"	"Ryan, K A"	"6f "	"3"	"36"
"16:35:00"	"2017-05-19"	"York"	"Company Asset (IRE)"	"8.00"	"9.73"	"Handicap"	"3"	"9"	"Stott, Kevin"	"Ryan, K A"	"7f "	"4"	"20"
"15:25:00"	"2017-05-15"	"Wetherby"	"Enjoy Life (IRE)"	"10.00"	"15.5"	"Handicap"	"6"	"16"	"Eaves, Tom"	"Ryan, K A"	"7f "	"4"	"28"
"15:50:00"	"2017-05-13"	"Nottingham"	"Futoon (IRE)"	"20.00"	"27"	"Non-Handicap"	"2"	"16"	"Doyle, Joe"	"Ryan, K A"	"6f "	"4"	"22"
"15:40:00"	"2017-05-06"	"Thirsk"	"Heir To A Throne (FR)"	"10.00"	"17.32"	"Handicap"	"12"	"17"	"Gray, S A"	"Ryan, K A"	"1m "	"4"	"26"
"16:30:00"	"2017-05-04"	"Redcar"	"Mohab"	"16.00"	"23.33"	"Handicap"	"5"	"9"	"Cronin, S C"	"Ryan, K A"	"7f "	"4"	"17"
"17:10:00"	"2017-04-24"	"Pontefract"	"Heir of Excitement (IRE)"	"3.50"	"4.91"	"Handicap"	"2"	"8"	"Gray, S A"	"Ryan, K A"	"1m "	"3"	"14"
"14:20:00"	"2017-04-22"	"Thirsk"	"Foresight (FR)"	"12.00"	"17.5"	"Handicap"	"8"	"10"	"Eaves, Tom"	"Ryan, K A"	"6f "	"4"	"38"
"16:55:00"	"2017-04-17"	"Redcar"	"Enjoy Life (IRE)"	"14.00"	"20"	"Handicap"	"5"	"16"	"Cronin, S C"	"Ryan, K A"	"6f "	"4"	"24"
"14:30:00"	"2017-04-12"	"Catterick"	"Kajaki (IRE)"	"4.00"	"5.63"	"Handicap"	"1"	"15"	"Stott, Kevin"	"Ryan, K A"	"1m6f "	"4"	"225"
"14:10:00"	"2017-04-11"	"Pontefract"	"Fine Example"	"12.00"	"16.35"	"Handicap"	"7"	"14"	"Stott, Kevin"	"Ryan, K A"	"1m "	"4"	"183"
"15:35:00"	"2016-10-28"	"Newmarket (Rowley)"	"Lagenda"	"8.00"	"11.57"	"Non-Handicap"	"6"	"6"	"Gray, S A"	"Ryan, K A"	"6f "	"3"	"54"
"15:55:00"	"2016-10-24"	"Redcar"	"Torremar (FR)"	"4.50"	"6.6"	"Handicap"	"1"	"9"	"Eaves, Tom"	"Ryan, K A"	"1m6f "	"3"	"21"
"16:25:00"	"2016-10-22"	"Doncaster"	"Briyouni (FR)"	"6.50"	"7.4"	"Handicap"	"2"	"12"	"Edmunds, Lewis"	"Ryan, K A"	"7f "	"3"	"19"
"16:35:00"	"2016-10-14"	"Redcar"	"Enjoy Life (IRE)"	"4.50"	"6.08"	"Handicap"	"1"	"11"	"Stott, Kevin"	"Ryan, K A"	"7f "	"3"	"17"
"16:00:00"	"2016-10-14"	"Redcar"	"Bay Mirage (IRE)"	"33.00"	"57.19"	"Handicap"	"6"	"12"	"Stott, Kevin"	"Ryan, K A"	"7f "	"3"	"58"
"14:00:00"	"2016-10-08"	"York"	"Weekend Offender (FR)"	"5.00"	"7.4"	"Handicap"	"1"	"11"	"Eaves, Tom"	"Ryan, K A"	"1m "	"3"	"14"
"13:45:00"	"2016-10-08"	"Newmarket (Rowley)"	"Futoon (IRE)"	"25.00"	"39.62"	"Non-Handicap"	"7"	"13"	"Sousa, Silvestre De"	"Ryan, K A"	"6f "	"3"	"23"
"17:50:00"	"2016-10-04"	"Leicester"	"Deben"	"8.00"	"11.03"	"Handicap"	"10"	"14"	"Edmunds, Lewis"	"Ryan, K A"	"7f "	"3"	"53"
"16:30:00"	"2016-10-03"	"Pontefract"	"Torremar (FR)"	"2.75"	"3.73"	"Handicap"	"5"	"8"	"Stott, Kevin"	"Ryan, K A"	"1m4f "	"3"	"10"
"15:00:00"	"2016-10-03"	"Pontefract"	"Briyouni (FR)"	"11.00"	"14.61"	"Handicap"	"8"	"8"	"Stott, Kevin"	"Ryan, K A"	"1m "	"3"	"30"
"15:10:00"	"2016-09-30"	"Ascot"	"Mont Kiara (FR)"	"8.00"	"10.42"	"Handicap"	"8"	"10"	"Spencer, Jamie"	"Ryan, K A"	"6f "	"3"	"20"
"15:55:00"	"2016-09-24"	"Haydock"	"Weekend Offender (FR)"	"4.00"	"5.5"	"Handicap"	"3"	"9"	"Gray, S A"	"Ryan, K A"	"1m "	"3"	"36"
"17:40:00"	"2016-09-23"	"Haydock"	"Torremar (FR)"	"6.00"	"8.04"	"Handicap"	"3"	"15"	"Edmunds, Lewis"	"Ryan, K A"	"1m2.5f "	"3"	"42"
"15:05:00"	"2016-09-23"	"Newmarket (Rowley)"	"Perfect Madge (IRE)"	"66.00"	"348.64"	"Non-Handicap"	"6"	"8"	"Doyle, James"	"Ryan, K A"	"7f "	"2"	"36"
"17:40:00"	"2016-09-22"	"Pontefract"	"Captain Dion"	"6.00"	"7.4"	"Handicap"	"1"	"9"	"Stott, Kevin"	"Ryan, K A"	"6f "	"3"	"40"
"15:30:00"	"2016-09-22"	"Pontefract"	"Brilliant Vanguard (IRE)"	"20.00"	"30"	"Handicap"	"9"	"11"	"Gray, S A"	"Ryan, K A"	"6f "	"3"	"29"
"15:10:00"	"2016-09-17"	"Ayr"	"Mohab"	"22.00"	"20.45"	"Handicap"	"12"	"14"	"Eaves, Tom"	"Ryan, K A"	"1m "	"3"	"28"
"14:30:00"	"2016-09-16"	"Ayr"	"Percy Toplis"	"33.00"	"65"	"Handicap Nursery"	"15"	"15"	"Doyle, Joe"	"Ryan, K A"	"6f "	"2"	"17"
"16:15:00"	"2016-09-13"	"Carlisle"	"Taking Libertys"	"5.00"	"6.77"	"Handicap"	"2"	"12"	"Stott, Kevin"	"Ryan, K A"	"1m1f "	"3"	"57"
"15:50:00"	"2016-09-06"	"Redcar"	"Heir To A Throne (FR)"	"6.50"	"8.2"	"Handicap"	"1"	"14"	"Gray, S A"	"Ryan, K A"	"1m "	"3"	"18"
"16:40:00"	"2016-09-04"	"York"	"Lagenda"	"5.50"	"7.56"	"Handicap"	"3"	"9"	"Doyle, Joe"	"Ryan, K A"	"6f "	"3"	"71"
"16:40:00"	"2016-09-04"	"York"	"Laughton"	"4.50"	"6.13"	"Handicap"	"6"	"9"	"Gray, S A"	"Ryan, K A"	"6f "	"3"	"15"
"16:45:00"	"2016-09-03"	"Ascot"	"Company Asset (IRE)"	"16.00"	"16.14"	"Handicap"	"5"	"7"	"Gray, S A"	"Ryan, K A"	"1m "	"3"	"18"
"15:55:00"	"2016-09-03"	"Thirsk"	"Briyouni (FR)"	"12.00"	"14.5"	"Handicap"	"4"	"8"	"Eaves, Tom"	"Ryan, K A"	"1m "	"3"	"28"
"15:20:00"	"2016-09-02"	"Haydock"	"Bapak Asmara (IRE)"	"25.00"	"41.61"	"Handicap"	"3"	"16"	"Gray, S A"	"Ryan, K A"	"6f "	"4"	"34"
"14:45:00"	"2016-08-29"	"Ripon"	"Tiga Tuan (FR)"	"16.00"	"27"	"Handicap"	"8"	"10"	"Stott, Kevin"	"Ryan, K A"	"1m2f "	"3"	"25"
"18:20:00"	"2016-08-27"	"Redcar"	"Count Montecristo (FR)"	"10.00"	"11.64"	"Handicap"	"14"	"14"	"Gray, S A"	"Ryan, K A"	"1m "	"4"	"64"
"16:30:00"	"2016-08-25"	"Musselburgh"	"Fine Example"	"6.00"	"8"	"Handicap"	"1"	"10"	"Stott, Kevin"	"Ryan, K A"	"7f "	"3"	"17"
"15:20:00"	"2016-08-24"	"Catterick"	"Brilliant Vanguard (IRE)"	"5.50"	"6.08"	"Handicap"	"6"	"7"	"Lee, G"	"Ryan, K A"	"7f "	"3"	"53"
"15:15:00"	"2016-08-22"	"Carlisle"	"Enjoy Life (IRE)"	"7.00"	"9.6"	"Handicap"	"1"	"10"	"Eaves, Tom"	"Ryan, K A"	"6f "	"3"	"26"
"13:45:00"	"2016-08-20"	"York"	"Mohab"	"28.00"	"46"	"Handicap"	"13"	"16"	"Stott, Kevin"	"Ryan, K A"	"1m2.5f "	"3"	"28"
"15:20:00"	"2016-08-17"	"Carlisle"	"Strummer (IRE)"	"7.50"	"8.7"	"Handicap"	"7"	"11"	"Stott, Kevin"	"Ryan, K A"	"6f "	"3"	"15"
"15:20:00"	"2016-08-17"	"Carlisle"	"Bay Mirage (IRE)"	"18.00"	"25"	"Handicap"	"9"	"11"	"Lee, G"	"Ryan, K A"	"6f "	"3"	"19"
"19:40:00"	"2016-08-16"	"Leicester"	"Company Asset (IRE)"	"5.00"	"8.2"	"Handicap"	"7"	"9"	"Lee, G"	"Ryan, K A"	"1m.5f "	"3"	"10"
"15:30:00"	"2016-08-08"	"Ayr"	"Master Mirasol (IRE)"	"33.00"	"44"	"Handicap"	"9"	"10"	"Latham, K"	"Ryan, K A"	"6f "	"3"	"36"
"14:30:00"	"2016-08-08"	"Ayr"	"Fine Example"	"6.00"	"8.99"	"Handicap"	"6"	"10"	"Eaves, Tom"	"Ryan, K A"	"7.5f "	"3"	"35"
"14:00:00"	"2016-08-07"	"Leicester"	"Dance Alone"	"2.75"	"4.4"	"Handicap"	"2"	"6"	"Edmunds, Lewis"	"Ryan, K A"	"6f "	"3"	"8"
"17:35:00"	"2016-08-06"	"Redcar"	"Sigurd (GER)"	"18.00"	"24.96"	"Handicap"	"10"	"11"	"Eaves, Tom"	"Ryan, K A"	"1m6f "	"4"	"36"
"16:45:00"	"2016-08-06"	"Haydock"	"Dodgy Bob"	"14.00"	"20"	"Handicap"	"4"	"8"	"Callan, N"	"Ryan, K A"	"6f "	"3"	"14"
"15:25:00"	"2016-08-06"	"Redcar"	"Company Asset (IRE)"	"7.00"	"9.48"	"Handicap"	"3"	"11"	"Eaves, Tom"	"Ryan, K A"	"7f "	"3"	"16"
"20:30:00"	"2016-08-05"	"Haydock"	"Kajaki (IRE)"	"5.50"	"6.33"	"Handicap"	"1"	"5"	"Eaves, Tom"	"Ryan, K A"	"1m4f "	"3"	"21"
"17:15:00"	"2016-08-02"	"Catterick"	"Strummer (IRE)"	"3.33"	"4.64"	"Handicap"	"5"	"10"	"Eaves, Tom"	"Ryan, K A"	"7f "	"3"	"9"
"15:50:00"	"2016-07-31"	"Chester"	"Heir To A Throne (FR)"	"14.00"	"19"	"Handicap"	"3"	"11"	"Gray, S A"	"Ryan, K A"	"7.5f "	"3"	"29"
"18:15:00"	"2016-07-30"	"Hamilton"	"Dance Alone"	"6.00"	"8.2"	"Maiden"	"2"	"7"	"Latham, K"	"Ryan, K A"	"6f "	"3"	"14"
"16:05:00"	"2016-07-27"	"Redcar"	"Weekend Offender (FR)"	"3.00"	"3.79"	"Handicap"	"1"	"5"	"Eaves, Tom"	"Ryan, K A"	"1m "	"3"	"53"
"17:35:00"	"2016-07-26"	"Beverley"	"Weld Al Khawaneej (IRE)"	"3.00"	"5.23"	"Handicap"	"9"	"10"	"Lees, Harriett T"	"Ryan, K A"	"1m2f "	"3"	"8"
"17:30:00"	"2016-07-24"	"Carlisle"	"Strummer (IRE)"	"5.50"	"7.4"	"Handicap"	"5"	"9"	"Eaves, Tom"	"Ryan, K A"	"7f "	"3"	"17"
"15:45:00"	"2016-07-23"	"Newmarket (July)"	"Mont Kiara (FR)"	"5.50"	"7.46"	"Handicap"	"1"	"11"	"Bentley, Harry"	"Ryan, K A"	"6f "	"3"	"16"
"15:20:00"	"2016-07-23"	"Ascot"	"Mohab"	"33.00"	"41.43"	"Handicap"	"12"	"13"	"Sousa, Silvestre De"	"Ryan, K A"	"1m "	"3"	"16"
"16:45:00"	"2016-07-22"	"Thirsk"	"Briyouni (FR)"	"2.50"	"2.74"	"Handicap"	"1"	"6"	"Stott, Kevin"	"Ryan, K A"	"7f "	"3"	"35"
"19:55:00"	"2016-07-21"	"Doncaster"	"Company Asset (IRE)"	"3.50"	"5.1"	"Handicap"	"2"	"5"	"Lee, G"	"Ryan, K A"	"7f "	"3"	"13"
"19:40:00"	"2016-07-18"	"Beverley"	"Weld Al Khawaneej (IRE)"	"7.00"	"10.5"	"Handicap"	"3"	"13"	"Eaves, Tom"	"Ryan, K A"	"7.5f "	"3"	"13"
"16:10:00"	"2016-07-18"	"Ayr"	"Taking Libertys"	"7.00"	"9.2"	"Handicap"	"5"	"8"	"Tudhope, Daniel"	"Ryan, K A"	"1m1f "	"3"	"17"
"16:25:00"	"2016-07-15"	"Haydock"	"Kajaki (IRE)"	"3.33"	"4.5"	"Handicap"	"3"	"4"	"ONeill, K T"	"Ryan, K A"	"1m6f "	"3"	"18"
"14:10:00"	"2016-07-15"	"Haydock"	"Torremar (FR)"	"3.50"	"4.9"	"Handicap"	"4"	"7"	"Latham, K"	"Ryan, K A"	"1m2.5f "	"3"	"14"
"15:05:00"	"2016-07-14"	"Hamilton"	"Bay Mirage (IRE)"	"2.00"	"2.5"	"Maiden"	"1"	"4"	"Eaves, Tom"	"Ryan, K A"	"6f "	"3"	"38"
"16:40:00"	"2016-07-08"	"Ascot"	"Fast Act (IRE)"	"66.00"	"125.89"	"Handicap"	"17"	"18"	"Latham, K"	"Ryan, K A"	"6f "	"4"	"21"
"16:05:00"	"2016-07-07"	"Carlisle"	"Strummer (IRE)"	"4.00"	"5.89"	"Handicap"	"3"	"6"	"Eaves, Tom"	"Ryan, K A"	"1m "	"3"	"14"
"17:20:00"	"2016-07-06"	"Catterick"	"Deben"	"10.00"	"12.93"	"Handicap"	"1"	"14"	"Doyle, Joe"	"Ryan, K A"	"7f "	"3"	"13"
"16:40:00"	"2016-07-05"	"Pontefract"	"Weld Al Khawaneej (IRE)"	"5.00"	"5.99"	"Handicap"	"4"	"12"	"Doyle, Joe"	"Ryan, K A"	"1m "	"3"	"3"
"19:15:00"	"2016-07-04"	"Ripon"	"Dance Alone"	"14.00"	"18.98"	"Handicap"	"2"	"10"	"Gray, S A"	"Ryan, K A"	"6f "	"3"	"28"
"17:30:00"	"2016-07-04"	"Ayr"	"Fine Example"	"3.00"	"5.33"	"Handicap"	"4"	"9"	"Doyle, Joe"	"Ryan, K A"	"7.5f "	"3"	"41"
"17:10:00"	"2016-07-03"	"Ayr"	"Master Mirasol (IRE)"	"7.00"	"9.13"	"Handicap"	"10"	"10"	"Eaves, Tom"	"Ryan, K A"	"6f "	"3"	"57"
"16:45:00"	"2016-07-02"	"Beverley"	"Weld Al Khawaneej (IRE)"	"6.00"	"8.92"	"Handicap"	"6"	"9"	"Gray, S A"	"Ryan, K A"	"7.5f "	"3"	"17"
"19:45:00"	"2016-07-01"	"Beverley"	"Taking Libertys"	"5.50"	"7.12"	"Handicap"	"3"	"5"	"Eaves, Tom"	"Ryan, K A"	"1m.5f "	"3"	"25"
"19:30:00"	"2016-07-01"	"Haydock"	"Torremar (FR)"	"4.00"	"5.1"	"Handicap"	"3"	"6"	"Latham, K"	"Ryan, K A"	"1m2.5f "	"3"	"14"
"16:30:00"	"2016-06-29"	"Catterick"	"Jess"	"8.00"	"10.88"	"Handicap"	"8"	"9"	"Gray, S A"	"Ryan, K A"	"6f "	"3"	"21"
"16:40:00"	"2016-06-27"	"Pontefract"	"Geno (IRE)"	"28.00"	"47.59"	"Non-Handicap"	"3"	"8"	"Gray, S A"	"Ryan, K A"	"6f "	"3"	"10"
"16:25:00"	"2016-06-23"	"Nottingham"	"Sir Domino (FR)"	"4.00"	"5.64"	"Handicap"	"5"	"8"	"Stott, Kevin"	"Ryan, K A"	"6f "	"4"	"8"
"18:30:00"	"2016-06-15"	"Ripon"	"Canny Style"	"5.00"	"7.58"	"Handicap"	"6"	"9"	"Edmunds, Lewis"	"Ryan, K A"	"6f "	"3"	"12"
"15:20:00"	"2016-06-15"	"Hamilton"	"Sir Domino (FR)"	"4.00"	"5.4"	"Handicap"	"2"	"8"	"McNamara, Adam"	"Ryan, K A"	"6f "	"4"	"23"
"17:20:00"	"2016-06-11"	"York"	"Uptight (FR)"	"16.00"	"28.87"	"Handicap"	"18"	"19"	"Spencer, Jamie"	"Ryan, K A"	"6f "	"4"	"58"
"17:30:00"	"2016-06-08"	"Beverley"	"Goodknight Percy (IRE)"	"7.00"	"9.82"	"Handicap"	"UR"	"12"	"Doyle, Joe"	"Ryan, K A"	"1m4f "	"3"	"29"
"17:10:00"	"2016-06-08"	"Haydock"	"Lagenda"	"7.00"	"8.93"	"Handicap"	"2"	"8"	"Stott, Kevin"	"Ryan, K A"	"7f "	"3"	"18"
"20:45:00"	"2016-06-06"	"Pontefract"	"Dance Alone"	"14.00"	"17.79"	"Handicap"	"14"	"15"	"Eaves, Tom"	"Ryan, K A"	"6f "	"3"	"10"
"20:15:00"	"2016-06-06"	"Pontefract"	"Taking Libertys"	"5.00"	"7.14"	"Handicap"	"5"	"6"	"Latham, K"	"Ryan, K A"	"1m2f "	"3"	"14"
"20:40:00"	"2016-06-03"	"Doncaster"	"Canny Style"	"20.00"	"26.45"	"Handicap"	"8"	"17"	"Lee, G"	"Ryan, K A"	"7f "	"3"	"14"
"15:20:00"	"2016-06-02"	"Ripon"	"Count Montecristo (FR)"	"3.00"	"4.48"	"Handicap"	"2"	"7"	"Eaves, Tom"	"Ryan, K A"	"1m2f "	"4"	"23"
"14:15:00"	"2016-05-28"	"Chester"	"Dutch Mist"	"5.00"	"6.8"	"Handicap"	"6"	"7"	"Gray, S A"	"Ryan, K A"	"6.5f "	"3"	"17"
"20:35:00"	"2016-05-23"	"Carlisle"	"Strummer (IRE)"	"11.00"	"14.04"	"Handicap"	"2"	"9"	"Eaves, Tom"	"Ryan, K A"	"7f "	"3"	"14"
"16:45:00"	"2016-05-23"	"Ayr"	"Erik The Red (FR)"	"1.75"	"3.01"	"Handicap"	"2"	"7"	"Gray, S A"	"Ryan, K A"	"1m "	"4"	"12"
"15:55:00"	"2016-05-23"	"Leicester"	"Taking Libertys"	"40.00"	"60"	"Handicap"	"7"	"8"	"Fortune, Jimmy"	"Ryan, K A"	"1m2f "	"3"	"18"
"17:20:00"	"2016-05-21"	"Haydock"	"Lagenda"	"9.00"	"10.7"	"Handicap"	"2"	"10"	"Mulrennan, Paul"	"Ryan, K A"	"7f "	"3"	"10"
"20:40:00"	"2016-05-20"	"Catterick"	"Canny Style"	"3.50"	"5.76"	"Maiden"	"5"	"9"	"Doyle, Joe"	"Ryan, K A"	"7f "	"3"	"25"
"14:45:00"	"2016-05-17"	"Nottingham"	"Geno (IRE)"	"4.50"	"6.53"	"Handicap"	"2"	"10"	"Spencer, Jamie"	"Ryan, K A"	"6f "	"3"	"22"
"19:55:00"	"2016-05-13"	"Hamilton"	"Dodgy Bob"	"9.00"	"13.71"	"Handicap"	"1"	"10"	"Gray, S A"	"Ryan, K A"	"6f "	"3"	"38"
"18:50:00"	"2016-05-13"	"Hamilton"	"Lightning Spree (IRE)"	"10.00"	"13.5"	"Handicap"	"3"	"13"	"Gray, S A"	"Ryan, K A"	"1m.5f "	"4"	"12"
"16:20:00"	"2016-05-11"	"York"	"Dutch Mist"	"33.00"	"40.7"	"Handicap"	"12"	"20"	"Eaves, Tom"	"Ryan, K A"	"7f "	"3"	"19"
"17:00:00"	"2016-05-10"	"Beverley"	"Goodknight Percy (IRE)"	"14.00"	"18.98"	"Handicap"	"9"	"11"	"Eaves, Tom"	"Ryan, K A"	"1m4f "	"3"	"240"
"18:35:00"	"2016-05-07"	"Thirsk"	"Master Mirasol (IRE)"	"8.00"	"11"	"Handicap"	"12"	"16"	"Latham, K"	"Ryan, K A"	"6f "	"3"	"23"
"15:45:00"	"2016-05-05"	"Chester"	"Taking Libertys"	"25.00"	"40.8"	"Handicap"	"9"	"9"	"Eaves, Tom"	"Ryan, K A"	"7.5f "	"3"	"21"
"17:15:00"	"2016-05-02"	"Beverley"	"Mercury"	"12.00"	"15.22"	"Handicap"	"3"	"12"	"Gray, S A"	"Ryan, K A"	"7.5f "	"4"	"77"
"17:05:00"	"2016-05-01"	"Hamilton"	"Lightning Spree (IRE)"	"9.00"	"10.02"	"Handicap"	"2"	"9"	"Gray, S A"	"Ryan, K A"	"1m.5f "	"4"	"6"
"14:10:00"	"2016-05-01"	"Hamilton"	"Sir Domino (FR)"	"6.50"	"7.8"	"Handicap"	"1"	"8"	"Lee, G"	"Ryan, K A"	"6f "	"4"	"15"
"15:50:00"	"2016-04-25"	"Ayr"	"Mount Tahan (IRE)"	"2.25"	"3.51"	"Handicap"	"5"	"7"	"Latham, K"	"Ryan, K A"	"7f "	"4"	"206"
"15:50:00"	"2016-04-24"	"Thirsk"	"Top of The Bank"	"1.50"	"2.72"	"Maiden"	"1"	"10"	"Lee, G"	"Ryan, K A"	"6f "	"3"	"231"
"15:55:00"	"2016-04-22"	"Doncaster"	"Dutch Mist"	"7.00"	"8.8"	"Handicap"	"8"	"17"	"Doyle, Joe"	"Ryan, K A"	"6f "	"3"	"181"
"13:45:00"	"2016-04-16"	"Thirsk"	"Sir Domino (FR)"	"4.00"	"4.94"	"Handicap"	"6"	"11"	"Lee, G"	"Ryan, K A"	"6f "	"4"	"171"
"16:55:00"	"2016-04-14"	"Ripon"	"Master Mirasol (IRE)"	"4.50"	"5.6"	"Handicap"	"2"	"14"	"Lee, G"	"Ryan, K A"	"6f "	"3"	"159"
"16:55:00"	"2016-04-14"	"Ripon"	"Canny Style"	"22.00"	"30.86"	"Handicap"	"7"	"14"	"Gray, S A"	"Ryan, K A"	"6f "	"3"	"18"
"15:20:00"	"2016-04-12"	"Newmarket (Rowley)"	"Teruntum Star (FR)"	"16.00"	"21"	"Handicap"	"1"	"12"	"Spencer, Jamie"	"Ryan, K A"	"6f "	"4"	"206"
"15:10:00"	"2016-04-05"	"Pontefract"	"Dodgy Bob"	"28.00"	"40"	"Handicap"	"6"	"9"	"Doyle, Joe"	"Ryan, K A"	"6f "	"3"	"200"
"18:10:00"	"2016-04-02"	"Doncaster"	"Lightning Spree (IRE)"	"14.00"	"19"	"Handicap"	"12"	"16"	"Halpin, G P"	"Ryan, K A"	"1m2.5f "	"4"	"187"
"15:35:00"	"2015-10-24"	"Newbury"	"Dutch Mist"	"25.00"	"44.91"	"Non-Handicap"	"5"	"11"	"Latham, K"	"Ryan, K A"	"7f "	"2"	"14"
"15:55:00"	"2015-10-20"	"Windsor"	"Uptight (FR)"	"14.00"	"17.88"	"Handicap"	"6"	"12"	"Spencer, Jamie"	"Ryan, K A"	"6f "	"3"	"71"
"14:50:00"	"2015-10-10"	"York"	"Dutch Mist"	"16.00"	"22"	"Non-Handicap"	"6"	"8"	"Lee, G"	"Ryan, K A"	"6f "	"2"	"21"
"16:35:00"	"2015-10-02"	"Ascot"	"Mount Tahan (IRE)"	"14.00"	"16.24"	"Handicap"	"3"	"9"	"Eaves, Tom"	"Ryan, K A"	"7f "	"3"	"26"
"16:50:00"	"2015-09-30"	"Nottingham"	"Mukaynis (IRE)"	"20.00"	"25.04"	"Handicap"	"4"	"17"	"Lee, G"	"Ryan, K A"	"6f "	"4"	"12"
"16:20:00"	"2015-09-28"	"Hamilton"	"Lightning Spree (IRE)"	"9.00"	"11.49"	"Handicap"	"9"	"9"	"Lee, G"	"Ryan, K A"	"1m.5f "	"3"	"10"
"15:05:00"	"2015-09-27"	"Musselburgh"	"Swift Approval (IRE)"	"6.00"	"7.6"	"Handicap"	"3"	"9"	"Lee, G"	"Ryan, K A"	"7f "	"3"	"32"
"15:20:00"	"2015-09-26"	"Haydock"	"Brando"	"8.00"	"12.08"	"Handicap"	"1"	"16"	"Lee, G"	"Ryan, K A"	"6f "	"3"	"21"
"16:30:00"	"2015-09-22"	"Beverley"	"Can You Reverse"	"14.00"	"19.13"	"Handicap"	"6"	"15"	"Lee, G"	"Ryan, K A"	"1m.5f "	"3"	"26"
"16:20:00"	"2015-09-21"	"Hamilton"	"Count Montecristo (FR)"	"1.38"	"2.52"	"Maiden"	"1"	"7"	"Lee, G"	"Ryan, K A"	"1m.5f "	"3"	"35"
"14:35:00"	"2015-09-19"	"Ayr"	"Teruntum Star (FR)"	"28.00"	"93.27"	"Handicap"	"24"	"25"	"Smullen, P J"	"Ryan, K A"	"6f "	"3"	"35"
"14:00:00"	"2015-09-19"	"Ayr"	"Dutch Mist"	"25.00"	"45.48"	"Non-Handicap"	"5"	"14"	"Lee, G"	"Ryan, K A"	"6f "	"2"	"21"
"17:00:00"	"2015-09-11"	"Chester"	"Cyril"	"10.00"	"13.5"	"Handicap"	"6"	"7"	"Latham, K"	"Ryan, K A"	"1m2.5f "	"3"	"16"
"17:20:00"	"2015-09-08"	"Redcar"	"Alhella"	"10.00"	"11.78"	"Handicap"	"4"	"11"	"Lee, G"	"Ryan, K A"	"6f "	"3"	"43"
"16:40:00"	"2015-09-06"	"York"	"Mount Tahan (IRE)"	"40.00"	"55.87"	"Handicap"	"10"	"19"	"Eaves, Tom"	"Ryan, K A"	"6f "	"3"	"16"
"17:35:00"	"2015-08-30"	"Beverley"	"Mercury"	"6.00"	"7.39"	"Handicap"	"8"	"8"	"Da Silva, Raul"	"Ryan, K A"	"1m2f "	"3"	"18"
"19:50:00"	"2015-08-29"	"Redcar"	"Stenid"	"12.00"	"18.02"	"Handicap"	"6"	"15"	"Gray, S A"	"Ryan, K A"	"6f "	"3"	"12"
"16:40:00"	"2015-08-26"	"Catterick"	"Cyril"	"9.00"	"11.5"	"Handicap"	"7"	"8"	"Gray, S A"	"Ryan, K A"	"1m4f "	"3"	"18"
"15:40:00"	"2015-08-26"	"Catterick"	"Swift Approval (IRE)"	"5.50"	"6.6"	"Handicap"	"3"	"6"	"Gray, S A"	"Ryan, K A"	"7f "	"3"	"37"
"17:15:00"	"2015-08-19"	"Carlisle"	"The Wee Barra (IRE)"	"7.00"	"9.53"	"Handicap"	"1"	"12"	"Gray, S A"	"Ryan, K A"	"1m1.5f "	"3"	"19"
"16:30:00"	"2015-08-18"	"Ripon"	"Cooper"	"6.00"	"8.6"	"Handicap"	"1"	"12"	"Gray, S A"	"Ryan, K A"	"1m "	"3"	"15"
"17:10:00"	"2015-08-12"	"Beverley"	"Mercury"	"9.00"	"11"	"Handicap"	"5"	"9"	"Da Silva, Raul"	"Ryan, K A"	"1m2f "	"3"	"11"
"18:50:00"	"2015-08-05"	"Newcastle"	"Moonlight Venture"	"8.00"	"10.12"	"Handicap"	"6"	"7"	"Eaves, Tom"	"Ryan, K A"	"1m "	"4"	"20"
"16:00:00"	"2015-08-03"	"Nottingham"	"Firgrove Bridge (IRE)"	"4.00"	"5.55"	"Handicap"	"5"	"5"	"Latham, K"	"Ryan, K A"	"6f "	"3"	"17"
"15:15:00"	"2015-08-03"	"Ripon"	"Cooper"	"8.00"	"10.74"	"Handicap"	"2"	"6"	"Gray, S A"	"Ryan, K A"	"1m2f "	"3"	"16"
"16:00:00"	"2015-08-01"	"Newmarket (July)"	"Mount Tahan (IRE)"	"8.00"	"10.48"	"Handicap"	"1"	"9"	"Halpin, G P"	"Ryan, K A"	"7f "	"3"	"15"
"16:40:00"	"2015-07-31"	"Thirsk"	"The Wee Barra (IRE)"	"3.33"	"4.7"	"Handicap"	"5"	"5"	"Gray, S A"	"Ryan, K A"	"1m4f "	"3"	"17"
"14:30:00"	"2015-07-27"	"Ayr"	"Alhella"	"16.00"	"20.08"	"Handicap"	"6"	"10"	"Lee, G"	"Ryan, K A"	"6f "	"3"	"19"
"15:40:00"	"2015-07-25"	"Newmarket (July)"	"Teruntum Star (FR)"	"20.00"	"24.1"	"Handicap"	"1"	"11"	"Da Silva, Raul"	"Ryan, K A"	"6f "	"3"	"52"
"14:20:00"	"2015-07-25"	"York"	"Salateen"	"10.00"	"12"	"Handicap"	"1"	"11"	"Callan, N"	"Ryan, K A"	"7f "	"3"	"63"
"16:15:00"	"2015-07-24"	"Thirsk"	"Kylach Me If U Can"	"5.50"	"6.98"	"Handicap"	"2"	"6"	"Eaves, Tom"	"Ryan, K A"	"7f "	"3"	"16"
"19:40:00"	"2015-07-20"	"Beverley"	"Swift Approval (IRE)"	"3.50"	"5.29"	"Handicap"	"6"	"6"	"Spencer, Jamie"	"Ryan, K A"	"7.5f "	"3"	"23"
"17:35:00"	"2015-07-14"	"Beverley"	"Mercury"	"33.00"	"69.85"	"Handicap"	"1"	"9"	"Da Silva, Raul"	"Ryan, K A"	"1m2f "	"3"	"34"
"17:35:00"	"2015-07-14"	"Beverley"	"The Wee Barra (IRE)"	"6.50"	"8.2"	"Handicap"	"4"	"9"	"Latham, K"	"Ryan, K A"	"1m2f "	"3"	"21"
"14:20:00"	"2015-07-09"	"Doncaster"	"Steventon Star"	"16.00"	"21.83"	"Handicap"	"5"	"11"	"Gray, S A"	"Ryan, K A"	"7f "	"4"	"23"
"16:00:00"	"2015-07-08"	"Catterick"	"Kylach Me If U Can"	"3.33"	"4.85"	"Handicap"	"2"	"7"	"Spencer, Jamie"	"Ryan, K A"	"7f "	"3"	"51"
"15:05:00"	"2015-06-27"	"Chester"	"Swift Approval (IRE)"	"14.00"	"17.72"	"Handicap"	"8"	"10"	"Gray, S A"	"Ryan, K A"	"7f "	"3"	"19"
"17:15:00"	"2015-06-26"	"Doncaster"	"Firgrove Bridge (IRE)"	"14.00"	"16.9"	"Handicap"	"1"	"16"	"Latham, K"	"Ryan, K A"	"6f "	"3"	"24"
"17:00:00"	"2015-06-19"	"Ascot"	"Kelinni (IRE)"	"14.00"	"19.28"	"Handicap"	"10"	"17"	"Spencer, Jamie"	"Ryan, K A"	"1m4f "	"7"	"47"
"16:20:00"	"2015-06-17"	"Ascot"	"The Grey Gatsby (IRE)"	"4.50"	"6"	"Non-Handicap"	"2"	"9"	"Spencer, Jamie"	"Ryan, K A"	"1m2f "	"4"	"24"
"14:55:00"	"2015-06-16"	"Thirsk"	"Steventon Star"	"25.00"	"37.51"	"Handicap"	"7"	"13"	"Gray, S A"	"Ryan, K A"	"7f "	"4"	"10"
"21:20:00"	"2015-06-10"	"Hamilton"	"Mercury"	"22.00"	"31.9"	"Handicap"	"9"	"9"	"Gray, S A"	"Ryan, K A"	"1m.5f "	"3"	"12"
"19:40:00"	"2015-06-08"	"Pontefract"	"Swift Approval (IRE)"	"6.50"	"9.4"	"Handicap"	"4"	"10"	"Gray, S A"	"Ryan, K A"	"6f "	"3"	"10"
"18:40:00"	"2015-06-06"	"Newcastle"	"Steventon Star"	"28.00"	"42"	"Handicap"	"12"	"13"	"Latham, K"	"Ryan, K A"	"7f "	"4"	"58"
"14:35:00"	"2015-05-23"	"Haydock"	"Salateen"	"8.00"	"9.8"	"Handicap"	"12"	"12"	"Spencer, Jamie"	"Ryan, K A"	"1m "	"3"	"238"
"16:20:00"	"2015-05-18"	"Redcar"	"Kylach Me If U Can"	"3.50"	"5.63"	"Handicap"	"6"	"9"	"Gray, S A"	"Ryan, K A"	"1m "	"3"	"33"
"16:05:00"	"2015-04-25"	"Haydock"	"Firgrove Bridge (IRE)"	"25.00"	"41.61"	"Handicap"	"7"	"9"	"Lynch, Fergal"	"Ryan, K A"	"1m "	"3"	"24"
"17:20:00"	"2015-04-15"	"Beverley"	"Keep To The Beat"	"5.50"	"8"	"Handicap"	"9"	"9"	"Gray, S A"	"Ryan, K A"	"1m.5f "	"4"	"19"
"15:40:00"	"2015-04-15"	"Beverley"	"Kylach Me If U Can"	"7.00"	"8.94"	"Handicap"	"4"	"12"	"Gray, S A"	"Ryan, K A"	"7.5f "	"3"	"190"
"15:00:00"	"2015-04-07"	"Pontefract"	"Teruntum Star (FR)"	"8.00"	"9.95"	"Handicap"	"9"	"9"	"Spencer, Jamie"	"Ryan, K A"	"6f "	"3"	"178"
"15:10:00"	"2014-10-27"	"Redcar"	"Cape Karli (IRE)"	"14.00"	"14.61"	"Handicap"	"10"	"12"	"Eaves, Tom"	"Ryan, K A"	"1m6f "	"3"	"21"
"14:10:00"	"2014-10-20"	"Pontefract"	"Grand Proposal"	"14.00"	"18.28"	"Handicap Nursery"	"9"	"13"	"Eaves, Tom"	"Ryan, K A"	"1m "	"2"	"18"
"16:15:00"	"2014-10-18"	"Catterick"	"Comino (IRE)"	"7.00"	"8.76"	"Handicap"	"1"	"15"	"Gray, S A"	"Ryan, K A"	"7f "	"3"	"15"
"15:00:00"	"2014-10-07"	"Catterick"	"Kylach Me If U Can"	"3.50"	"5.1"	"Handicap Nursery"	"5"	"7"	"Eaves, Tom"	"Ryan, K A"	"7f "	"2"	"30"
"16:40:00"	"2014-10-06"	"Pontefract"	"Cape Karli (IRE)"	"33.00"	"42"	"Handicap"	"3"	"12"	"Mulrennan, Paul"	"Ryan, K A"	"1m4f "	"3"	"19"
"14:10:00"	"2014-09-30"	"Ayr"	"Dominic Cork"	"4.00"	"5.15"	"Handicap Nursery"	"1"	"9"	"Lynch, Fergal"	"Ryan, K A"	"7f "	"2"	"9"
"15:05:00"	"2014-09-27"	"Chester"	"Lesha (IRE)"	"33.00"	"77.44"	"Handicap"	"5"	"15"	"Eaves, Tom"	"Ryan, K A"	"1m2.5f "	"3"	"7"
"17:00:00"	"2014-09-20"	"Ayr"	"Lesha (IRE)"	"8.00"	"11.66"	"Handicap"	"4"	"10"	"Lynch, Fergal"	"Ryan, K A"	"7f "	"3"	"14"
"15:40:00"	"2014-09-18"	"Ayr"	"Injaz"	"18.00"	"21.77"	"Handicap"	"7"	"12"	"Brennan, I J"	"Ryan, K A"	"7f "	"3"	"31"
"15:15:00"	"2014-09-17"	"Beverley"	"Grand Proposal"	"2.25"	"3.5"	"Maiden"	"3"	"12"	"Gray, S A"	"Ryan, K A"	"7.5f "	"2"	"10"
"18:50:00"	"2014-09-13"	"Leopardstown"	"The Grey Gatsby (IRE)"	"7.00"	"10"	"Non-Handicap"	"1"	"7"	"Moore, Ryan"	"Ryan, K A"	"1m2f "	"3"	"24"
"16:40:00"	"2014-09-07"	"York"	"Lexington Abbey"	"8.50"	"11.5"	"Handicap"	"2"	"14"	"Spencer, Jamie"	"Ryan, K A"	"6f "	"3"	"15"
"15:50:00"	"2014-09-06"	"Haydock"	"Astaire (IRE)"	"50.00"	"80"	"Non-Handicap"	"11"	"17"	"Ryan, Amy"	"Ryan, K A"	"6f "	"3"	"15"
"15:50:00"	"2014-09-06"	"Haydock"	"Hot Streak (IRE)"	"20.00"	"24"	"Non-Handicap"	"16"	"17"	"Spencer, Jamie"	"Ryan, K A"	"6f "	"3"	"15"
"15:40:00"	"2014-09-06"	"Thirsk"	"Lesha (IRE)"	"8.00"	"9.22"	"Handicap"	"2"	"6"	"Lynch, Fergal"	"Ryan, K A"	"1m "	"3"	"15"
"18:25:00"	"2014-08-22"	"Newcastle"	"A Star In My Eye (IRE)"	"5.00"	"6.4"	"Handicap"	"1"	"10"	"McHugh, B"	"Ryan, K A"	"1m4.5f "	"4"	"27"
"18:05:00"	"2014-08-22"	"Hamilton"	"Soul Instinct"	"12.00"	"17"	"Handicap"	"9"	"10"	"Gray, S A"	"Ryan, K A"	"6f "	"3"	"18"
"15:30:00"	"2014-08-19"	"Yarmouth"	"Keep To The Beat"	"3.00"	"4.45"	"Handicap Maiden"	"6"	"7"	"Spencer, Jamie"	"Ryan, K A"	"1m3.5f "	"3"	"20"
"16:15:00"	"2014-08-18"	"Thirsk"	"Comino (IRE)"	"4.00"	"5.4"	"Handicap"	"1"	"9"	"Spencer, Jamie"	"Ryan, K A"	"7f "	"3"	"25"
"17:25:00"	"2014-08-16"	"Doncaster"	"Derbyshire (IRE)"	"6.50"	"8.6"	"Handicap"	"5"	"7"	"Gray, S A"	"Ryan, K A"	"1m2.5f "	"3"	"30"
"17:00:00"	"2014-08-12"	"Carlisle"	"Warfare"	"4.00"	"5.44"	"Handicap"	"1"	"9"	"Mulrennan, Paul"	"Ryan, K A"	"1m "	"5"	"8"
"20:00:00"	"2014-08-11"	"Thirsk"	"Uplifted (IRE)"	"3.50"	"5.6"	"Handicap"	"5"	"6"	"Ffrench, Royston"	"Ryan, K A"	"1m "	"3"	"21"
"16:00:00"	"2014-08-09"	"Haydock"	"Galvanize"	"14.00"	"18.55"	"Handicap"	"6"	"7"	"Norton, Francis"	"Ryan, K A"	"1m "	"3"	"7"
"18:45:00"	"2014-08-02"	"Hamilton"	"Locky Taylor (IRE)"	"7.00"	"9.04"	"Maiden"	"3"	"7"	"Gray, S A"	"Ryan, K A"	"6f "	"3"	"12"
"14:20:00"	"2014-08-02"	"Newmarket (July)"	"Galvanize"	"20.00"	"24.45"	"Handicap"	"5"	"7"	"Probert, David"	"Ryan, K A"	"7f "	"3"	"26"
"16:50:00"	"2014-07-29"	"Goodwood"	"Lesha (IRE)"	"6.00"	"5.78"	"Handicap"	"9"	"19"	"Spencer, Jamie"	"Ryan, K A"	"1m "	"3"	"17"
"16:15:00"	"2014-07-26"	"Newcastle"	"A Star In My Eye (IRE)"	"3.50"	"5"	"Handicap"	"3"	"5"	"Alsubousi, Ahmad"	"Ryan, K A"	"1m4.5f "	"4"	"43"
"15:55:00"	"2014-07-26"	"Newmarket (July)"	"Sleeper King (IRE)"	"33.00"	"46.36"	"Handicap"	"13"	"19"	"Probert, David"	"Ryan, K A"	"6f "	"3"	"42"
"19:20:00"	"2014-07-24"	"Doncaster"	"Comino (IRE)"	"10.00"	"13"	"Handicap"	"7"	"8"	"Ryan, Amy"	"Ryan, K A"	"6f "	"3"	"12"
"16:25:00"	"2014-07-21"	"Ayr"	"Uplifted (IRE)"	"8.00"	"9.6"	"Handicap"	"6"	"7"	"Mulrennan, Paul"	"Ryan, K A"	"1m "	"3"	"54"
"19:40:00"	"2014-07-18"	"Hamilton"	"Blaine"	"6.00"	"7.2"	"Handicap"	"1"	"13"	"Ryan, Amy"	"Ryan, K A"	"6f "	"4"	"6"
"16:00:00"	"2014-07-12"	"Chester"	"Blaine"	"12.00"	"18"	"Handicap"	"UR"	"12"	"Stott, Kevin"	"Ryan, K A"	"6f "	"4"	"22"
"15:50:00"	"2014-07-12"	"Newmarket (July)"	"Hot Streak (IRE)"	"7.50"	"10.22"	"Non-Handicap"	"7"	"13"	"Spencer, Jamie"	"Ryan, K A"	"6f "	"3"	"25"
"15:50:00"	"2014-07-12"	"Newmarket (July)"	"Astaire (IRE)"	"10.00"	"12.26"	"Non-Handicap"	"11"	"13"	"Hughes, Richard"	"Ryan, K A"	"6f "	"3"	"21"
"20:10:00"	"2014-07-07"	"Ripon"	"Galvanize"	"18.00"	"22.55"	"Handicap"	"5"	"5"	"Mulrennan, Paul"	"Ryan, K A"	"6f "	"3"	"23"
"17:30:00"	"2014-06-26"	"Newcastle"	"Proclamationofwar"	"4.50"	"6.2"	"Handicap"	"4"	"8"	"Gray, S A"	"Ryan, K A"	"7f "	"3"	"14"
"18:50:00"	"2014-06-23"	"Thirsk"	"Nelsons Pride"	"12.00"	"15.06"	"Handicap"	"4"	"20"	"Lee, G"	"Ryan, K A"	"6f "	"3"	"11"
"17:35:00"	"2014-06-20"	"Ascot"	"Blaine"	"20.00"	"36"	"Handicap"	"18"	"28"	"Doyle, James"	"Ryan, K A"	"7f "	"4"	"37"
"15:50:00"	"2014-06-14"	"York"	"Sleeper King (IRE)"	"33.00"	"101.32"	"Handicap"	"11"	"20"	"McHugh, B"	"Ryan, K A"	"6f "	"3"	"28"
"17:15:00"	"2014-06-13"	"York"	"A Star In My Eye (IRE)"	"14.00"	"18"	"Handicap"	"16"	"16"	"Gray, S A"	"Ryan, K A"	"1m4f "	"4"	"44"
"19:40:00"	"2014-06-12"	"Haydock"	"Proclamationofwar"	"14.00"	"19.85"	"Handicap"	"2"	"7"	"Lane, Martin"	"Ryan, K A"	"7f "	"3"	"20"
"20:20:00"	"2014-06-09"	"Windsor"	"Searchlight"	"7.00"	"9.76"	"Non-Handicap"	"7"	"9"	"Spencer, Jamie"	"Ryan, K A"	"6f "	"3"	"21"
"20:45:00"	"2014-06-02"	"Carlisle"	"Madame Mirasol (IRE)"	"8.00"	"11.26"	"Handicap"	"5"	"10"	"Stott, Kevin"	"Ryan, K A"	"7f "	"3"	"21"
"15:00:00"	"2014-05-27"	"Leicester"	"Belayer (IRE)"	"4.00"	"5.96"	"Claimer"	"6"	"7"	"Eaves, Tom"	"Ryan, K A"	"7f "	"3"	"13"
"20:40:00"	"2014-05-23"	"Musselburgh"	"Proclamationofwar"	"6.00"	"9.2"	"Handicap"	"3"	"10"	"Lee, G"	"Ryan, K A"	"7f "	"3"	"18"
"15:30:00"	"2014-05-17"	"Newmarket (Rowley)"	"Sleeper King (IRE)"	"14.00"	"18.49"	"Handicap"	"12"	"12"	"Lee, G"	"Ryan, K A"	"6f "	"3"	"246"
"14:45:00"	"2014-05-15"	"York"	"The Grey Gatsby (IRE)"	"9.00"	"10.24"	"Non-Handicap"	"1"	"6"	"Moore, Ryan"	"Ryan, K A"	"1m2.5f "	"3"	"12"
"15:15:00"	"2014-05-14"	"York"	"Astaire (IRE)"	"5.00"	"7"	"Non-Handicap"	"2"	"13"	"Hughes, Richard"	"Ryan, K A"	"6f "	"3"	"32"
"14:15:00"	"2014-05-14"	"York"	"Blaine"	"9.00"	"13"	"Handicap"	"3"	"20"	"Hughes, Richard"	"Ryan, K A"	"6f "	"4"	"28"
"16:50:00"	"2014-05-12"	"Musselburgh"	"Madame Mirasol (IRE)"	"10.00"	"14.81"	"Handicap"	"9"	"9"	"Fallon, K"	"Ryan, K A"	"7f "	"3"	"26"
"18:40:00"	"2014-05-10"	"Thirsk"	"Bapak Bangsawan"	"4.00"	"5.9"	"Handicap"	"13"	"14"	"Fallon, K"	"Ryan, K A"	"6f "	"4"	"36"
"15:40:00"	"2014-05-05"	"Warwick"	"Bousatet (FR)"	"3.50"	"4.9"	"Handicap"	"4"	"7"	"Stott, Kevin"	"Ryan, K A"	"7f "	"4"	"14"
"15:55:00"	"2014-04-30"	"Pontefract"	"A Star In My Eye (IRE)"	"2.75"	"3.9"	"Handicap"	"3"	"5"	"Lee, G"	"Ryan, K A"	"1m2f "	"4"	"18"
"19:50:00"	"2014-04-29"	"Newcastle"	"Warfare"	"3.50"	"5.14"	"Handicap"	"5"	"5"	"Gray, S A"	"Ryan, K A"	"1m "	"5"	"21"
"15:55:00"	"2014-04-21"	"Redcar"	"Bousatet (FR)"	"8.50"	"10.5"	"Handicap"	"10"	"18"	"Stott, Kevin"	"Ryan, K A"	"1m "	"4"	"17"
"14:05:00"	"2014-04-20"	"Musselburgh"	"Bapak Pesta (IRE)"	"9.00"	"12"	"Handicap"	"10"	"12"	"Mulrennan, Paul"	"Ryan, K A"	"1m "	"4"	"26"
"14:10:00"	"2014-04-08"	"Pontefract"	"Warfare"	"20.00"	"28"	"Handicap"	"9"	"13"	"Mulrennan, Paul"	"Ryan, K A"	"1m "	"5"	"35"
"13:15:00"	"2013-11-09"	"Doncaster"	"Soul Instinct"	"33.00"	"51.55"	"Handicap Nursery"	"11"	"12"	"Eaves, Tom"	"Ryan, K A"	"6f "	"2"	"18"
"17:30:00"	"2013-10-26"	"Doncaster"	"George Rooke (IRE)"	"5.50"	"7"	"Handicap"	"4"	"11"	"Stott, Kevin"	"Ryan, K A"	"7f "	"3"	"72"
"14:00:00"	"2013-10-18"	"Redcar"	"Lady Captain (IRE)"	"4.00"	"5.6"	"Claimer"	"10"	"12"	"Da Silva, Raul"	"Ryan, K A"	"7f "	"2"	"6"
"17:00:00"	"2013-10-15"	"Newcastle"	"Chasing Dreams (OLD)"	"3.00"	"4.02"	"Handicap"	"9"	"9"	"Spencer, Jamie"	"Ryan, K A"	"6f "	"3"	"12"
"14:40:00"	"2013-10-15"	"Leicester"	"Roland"	"20.00"	"31.87"	"Seller"	"7"	"7"	"Morris, Luke"	"Ryan, K A"	"7f "	"3"	"26"
"17:00:00"	"2013-10-01"	"Ayr"	"Bapak Pesta (IRE)"	"5.50"	"7.05"	"Handicap"	"13"	"13"	"Stott, Kevin"	"Ryan, K A"	"7f "	"3"	"39"
"17:10:00"	"2013-09-30"	"Hamilton"	"Grandiloquent"	"10.00"	"11.64"	"Handicap"	"4"	"10"	"Makin, Phillip"	"Ryan, K A"	"1m4f "	"4"	"10"
"14:40:00"	"2013-09-30"	"Hamilton"	"Soul Instinct"	"7.50"	"9.4"	"Handicap Nursery"	"3"	"6"	"Stott, Kevin"	"Ryan, K A"	"6f "	"2"	"34"
"14:40:00"	"2013-09-27"	"Newmarket (Rowley)"	"Glory Awaits (IRE)"	"16.00"	"17.26"	"Non-Handicap"	"6"	"7"	"Spencer, Jamie"	"Ryan, K A"	"1m "	"3"	"56"
"17:30:00"	"2013-09-23"	"Leicester"	"Red Paladin (IRE)"	"4.50"	"5.6"	"Handicap"	"5"	"16"	"Stott, Kevin"	"Ryan, K A"	"7f "	"3"	"17"
"15:20:00"	"2013-09-22"	"Hamilton"	"Lasilia (IRE)"	"33.00"	"39.34"	"Handicap"	"10"	"14"	"Lee, G"	"Ryan, K A"	"6f "	"3"	"99"
"14:50:00"	"2013-09-22"	"Hamilton"	"Chasing Dreams (OLD)"	"6.50"	"10.16"	"Handicap"	"3"	"10"	"Lee, G"	"Ryan, K A"	"6f "	"3"	"109"
"13:50:00"	"2013-09-20"	"Ayr"	"Touch The Clouds"	"20.00"	"23.56"	"Handicap Nursery"	"10"	"15"	"Callan, N"	"Ryan, K A"	"6f "	"2"	"29"
"16:40:00"	"2013-09-19"	"Ayr"	"Clayton"	"7.00"	"8.3"	"Handicap"	"4"	"10"	"Lee, G"	"Ryan, K A"	"1m2f "	"4"	"40"
"15:30:00"	"2013-09-19"	"Pontefract"	"Forget Me Not Lane (IRE)"	"9.00"	"12.97"	"Handicap"	"6"	"14"	"Mulrennan, Paul"	"Ryan, K A"	"1m2f "	"4"	"30"
"15:35:00"	"2013-09-18"	"Beverley"	"A Star In My Eye (IRE)"	"5.50"	"7.2"	"Handicap"	"1"	"5"	"Eaves, Tom"	"Ryan, K A"	"1m4f "	"3"	"33"
"14:40:00"	"2013-09-12"	"Doncaster"	"Morning Post (OLD)"	"100.00"	"470.34"	"Non-Handicap"	"1"	"21"	"Mulrennan, Paul"	"Ryan, K A"	"6.5f "	"2"	"5"
"16:50:00"	"2013-08-30"	"Thirsk"	"Roland"	"14.00"	"16.13"	"Seller"	"6"	"7"	"Eaves, Tom"	"Ryan, K A"	"6f "	"3"	"30"
"14:30:00"	"2013-08-26"	"Epsom"	"Al Udeid (IRE)"	"2.75"	"3.93"	"Handicap"	"1"	"6"	"Sousa, Silvestre De"	"Ryan, K A"	"6f "	"3"	"9"
"18:30:00"	"2013-08-20"	"Leicester"	"Forget Me Not Lane (IRE)"	"4.50"	"6.8"	"Handicap"	"4"	"7"	"Lee, G"	"Ryan, K A"	"1m4f "	"4"	"46"
"14:20:00"	"2013-08-17"	"Newmarket (July)"	"Al Udeid (IRE)"	"7.00"	"8.05"	"Handicap"	"11"	"14"	"Callan, N"	"Ryan, K A"	"6f "	"3"	"16"
"13:55:00"	"2013-08-17"	"Doncaster"	"Red Paladin (IRE)"	"4.00"	"4.32"	"Handicap"	"1"	"13"	"Berry, F M"	"Ryan, K A"	"7f "	"3"	"24"
"15:45:00"	"2013-08-16"	"Newcastle"	"Al Thumama"	"20.00"	"27"	"Handicap"	"6"	"8"	"Lee, G"	"Ryan, K A"	"1m2f "	"3"	"30"
"16:50:00"	"2013-08-15"	"Newmarket (July)"	"George Rooke (IRE)"	"10.00"	"12.63"	"Handicap"	"5"	"8"	"Callan, N"	"Ryan, K A"	"1m "	"3"	"34"
"18:05:00"	"2013-08-14"	"Yarmouth"	"Unassailable"	"8.00"	"10.27"	"Handicap"	"9"	"12"	"Callan, N"	"Ryan, K A"	"7f "	"3"	"8"
"17:20:00"	"2013-08-14"	"Beverley"	"Grandiloquent"	"4.00"	"5.14"	"Handicap"	"4"	"6"	"Lee, G"	"Ryan, K A"	"1m4f "	"4"	"5"
"14:00:00"	"2013-08-10"	"Redcar"	"Lady Captain (IRE)"	"1.50"	"2.45"	"Seller"	"1"	"5"	"Mulrennan, Paul"	"Ryan, K A"	"6f "	"2"	"8"
"14:45:00"	"2013-08-06"	"Catterick"	"Torero"	"11.00"	"14.06"	"Seller"	"1"	"7"	"Hughes, Brian"	"Ryan, K A"	"2m "	"4"	"8"
"14:30:00"	"2013-08-02"	"Goodwood"	"Glory Awaits (IRE)"	"7.00"	"11"	"Non-Handicap"	"4"	"7"	"Spencer, Jamie"	"Ryan, K A"	"1m "	"3"	"45"
"16:50:00"	"2013-08-01"	"Goodwood"	"Burning Blaze"	"12.00"	"16.12"	"Handicap"	"8"	"16"	"Spencer, Jamie"	"Ryan, K A"	"7f "	"3"	"5"
"18:30:00"	"2013-07-31"	"Leicester"	"Roland"	"3.50"	"4.9"	"Seller"	"8"	"8"	"Lee, G"	"Ryan, K A"	"7f "	"3"	"26"
"14:45:00"	"2013-07-27"	"Newmarket (July)"	"Clayton"	"7.50"	"10"	"Handicap"	"1"	"8"	"Queally, T P"	"Ryan, K A"	"1m2f "	"4"	"42"
"20:20:00"	"2013-07-24"	"Leicester"	"Red Paladin (IRE)"	"10.00"	"15.3"	"Handicap"	"5"	"9"	"Lane, Martin"	"Ryan, K A"	"7f "	"3"	"18"
"18:40:00"	"2013-07-24"	"Leicester"	"Nordikhab (IRE)"	"3.00"	"4.35"	"Seller"	"5"	"7"	"Makin, Phillip"	"Ryan, K A"	"1m.5f "	"3"	"18"
"16:40:00"	"2013-07-06"	"Haydock"	"Laffan (IRE)"	"16.00"	"37.13"	"Handicap"	"12"	"13"	"Callan, N"	"Ryan, K A"	"7f "	"4"	"29"
"16:15:00"	"2013-07-06"	"Beverley"	"Nordikhab (IRE)"	"7.00"	"11.5"	"Handicap"	"6"	"8"	"Stott, Kevin"	"Ryan, K A"	"1m.5f "	"3"	"20"
"14:30:00"	"2013-07-06"	"Beverley"	"Red Paladin (IRE)"	"5.00"	"7.19"	"Handicap"	"4"	"9"	"Mulrennan, Paul"	"Ryan, K A"	"7.5f "	"3"	"15"
"21:00:00"	"2013-07-05"	"Beverley"	"Torero"	"5.50"	"7.99"	"Handicap"	"3"	"10"	"Hughes, Brian"	"Ryan, K A"	"1m4f "	"4"	"8"
"19:45:00"	"2013-07-05"	"Haydock"	"Forget Me Not Lane (IRE)"	"7.00"	"9.02"	"Handicap"	"5"	"7"	"Lee, G"	"Ryan, K A"	"1m4f "	"4"	"20"
"14:20:00"	"2013-07-04"	"Haydock"	"Supreme Luxury (IRE)"	"11.00"	"13.5"	"Handicap"	"3"	"13"	"Ryan, Amy"	"Ryan, K A"	"1m2.5f "	"4"	"38"
"20:40:00"	"2013-06-27"	"Leicester"	"Torero"	"8.00"	"10.04"	"Handicap"	"3"	"10"	"Callan, N"	"Ryan, K A"	"1m4f "	"4"	"22"
"15:40:00"	"2013-06-27"	"Warwick"	"Lady Of The House (IRE)"	"50.00"	"99"	"Non-Handicap"	"7"	"8"	"Ryan, Amy"	"Ryan, K A"	"7f "	"3"	"14"
"17:10:00"	"2013-06-21"	"Redcar"	"Red Paladin (IRE)"	"6.00"	"9.3"	"Handicap"	"3"	"13"	"Winston, Robert"	"Ryan, K A"	"1m "	"3"	"18"
"15:30:00"	"2013-06-20"	"Warwick"	"Roland"	"22.00"	"43.32"	"Handicap"	"1"	"8"	"Callan, N"	"Ryan, K A"	"6f "	"3"	"12"
"15:45:00"	"2013-06-18"	"Ascot"	"Glory Awaits (IRE)"	"25.00"	"38"	"Non-Handicap"	"5"	"9"	"Spencer, Jamie"	"Ryan, K A"	"1m "	"3"	"45"
"16:20:00"	"2013-06-15"	"York"	"Forget Me Not Lane (IRE)"	"4.50"	"5.65"	"Handicap"	"14"	"19"	"Callan, N"	"Ryan, K A"	"1m1f "	"4"	"19"
"14:40:00"	"2013-06-15"	"York"	"Clayton"	"5.50"	"7.4"	"Handicap"	"13"	"14"	"Callan, N"	"Ryan, K A"	"1m1f "	"4"	"31"
"20:20:00"	"2013-06-13"	"Haydock"	"Lady Of The House (IRE)"	"10.00"	"12.77"	"Handicap"	"6"	"6"	"Callan, N"	"Ryan, K A"	"1m "	"3"	"15"
"20:05:00"	"2013-06-07"	"Pontefract"	"Marhaba Malayeen (IRE)"	"20.00"	"25.11"	"Handicap"	"6"	"9"	"Makin, Phillip"	"Ryan, K A"	"1m2f "	"3"	"11"
"16:00:00"	"2013-06-04"	"Ripon"	"Bapak Bangsawan"	"5.00"	"6.72"	"Handicap"	"7"	"11"	"Stott, Kevin"	"Ryan, K A"	"6f "	"3"	"3"
"16:05:00"	"2013-05-29"	"Nottingham"	"Lady Of The House (IRE)"	"5.00"	"6.14"	"Handicap"	"3"	"6"	"Makin, Phillip"	"Ryan, K A"	"1m.5f "	"3"	"25"
"17:05:00"	"2013-05-24"	"Yarmouth"	"Torero"	"7.00"	"9.2"	"Handicap"	"10"	"12"	"Callan, N"	"Ryan, K A"	"1m6f "	"4"	"11"
"17:10:00"	"2013-05-14"	"Beverley"	"Marhaba Malayeen (IRE)"	"4.50"	"6.05"	"Handicap"	"1"	"8"	"Bentley, Harry"	"Ryan, K A"	"1m2f "	"3"	"11"
"15:55:00"	"2013-05-11"	"Nottingham"	"Lasilia (IRE)"	"33.00"	"64.84"	"Non-Handicap"	"4"	"7"	"Tylicki, Frederik"	"Ryan, K A"	"6f "	"3"	"15"
"20:00:00"	"2013-05-08"	"Newcastle"	"Chasing Dreams (OLD)"	"2.50"	"3.93"	"Handicap"	"4"	"6"	"Ryan, Amy"	"Ryan, K A"	"6f "	"3"	"18"
"18:45:00"	"2013-05-04"	"Doncaster"	"Hopes N Dreams (IRE)"	"10.00"	"13.08"	"Handicap"	"7"	"16"	"Burke, Julie"	"Ryan, K A"	"6f "	"5"	"10"
"16:00:00"	"2013-05-04"	"Thirsk"	"Warfare"	"20.00"	"27.39"	"Handicap"	"7"	"13"	"Norton, Francis"	"Ryan, K A"	"7f "	"4"	"43"
"15:50:00"	"2013-05-04"	"Newmarket (Rowley)"	"Glory Awaits (IRE)"	"150.00"	"639.98"	"Non-Handicap"	"2"	"13"	"Spencer, Jamie"	"Ryan, K A"	"1m "	"3"	"17"
"14:45:00"	"2013-05-04"	"Thirsk"	"Lady Of The House (IRE)"	"5.00"	"6.49"	"Handicap"	"4"	"7"	"Makin, Phillip"	"Ryan, K A"	"1m "	"3"	"7"
"15:30:00"	"2013-05-03"	"Musselburgh"	"Marhaba Malayeen (IRE)"	"10.00"	"11.51"	"Handicap"	"6"	"7"	"Ryan, Amy"	"Ryan, K A"	"1m1f "	"3"	"6"
"19:00:00"	"2013-04-27"	"Haydock"	"Marhaba Malayeen (IRE)"	"5.00"	"6.24"	"Handicap"	"12"	"13"	"Bentley, Harry"	"Ryan, K A"	"1m "	"3"	"212"
"18:45:00"	"2013-04-27"	"Doncaster"	"Lady Of The House (IRE)"	"10.00"	"13.47"	"Handicap"	"5"	"7"	"Ryan, Amy"	"Ryan, K A"	"1m "	"3"	"199"
"15:05:00"	"2013-04-25"	"Beverley"	"Delores Rocket"	"16.00"	"19.59"	"Handicap"	"5"	"5"	"Burke, Julie"	"Ryan, K A"	"7.5f "	"3"	"187"
"14:20:00"	"2013-04-20"	"Newbury"	"Discression"	"33.00"	"69.45"	"Handicap"	"9"	"25"	"Dwyer, Martin"	"Ryan, K A"	"1m "	"4"	"10"
"14:20:00"	"2013-04-20"	"Newbury"	"Laffan (IRE)"	"25.00"	"38"	"Handicap"	"10"	"25"	"Callan, N"	"Ryan, K A"	"1m "	"4"	"21"
"16:40:00"	"2013-04-17"	"Newmarket (Rowley)"	"Glory Awaits (IRE)"	"20.00"	"27"	"Non-Handicap"	"3"	"7"	"Bentley, Harry"	"Ryan, K A"	"1m1f "	"3"	"186"
"16:10:00"	"2013-04-10"	"Nottingham"	"Discression"	"12.00"	"16.5"	"Handicap"	"9"	"13"	"Moore, Ryan"	"Ryan, K A"	"1m.5f "	"4"	"210"
"16:45:00"	"2013-03-30"	"Musselburgh"	"Laffan (IRE)"	"4.50"	"6.78"	"Handicap"	"2"	"9"	"Makin, Phillip"	"Ryan, K A"	"7f "	"4"	"21"
"13:25:00"	"2012-11-10"	"Doncaster"	"Projectisle (IRE)"	"33.00"	"48.35"	"Handicap Nursery"	"15"	"16"	"Lee, G"	"Ryan, K A"	"6f "	"2"	"58"
"15:20:00"	"2012-10-23"	"Yarmouth"	"Untold Melody"	"16.00"	"28"	"Handicap"	"10"	"16"	"Ryan, Amy"	"Ryan, K A"	"7f "	"3"	"20"
"16:40:00"	"2012-10-13"	"Newmarket (Rowley)"	"Glory Awaits (IRE)"	"40.00"	"64.81"	"Non-Handicap"	"4"	"11"	"Spencer, Jamie"	"Ryan, K A"	"1m "	"2"	"28"
"14:20:00"	"2012-10-13"	"Newmarket (Rowley)"	"Hototo"	"16.00"	"20.15"	"Non-Handicap"	"6"	"10"	"Dettori, L"	"Ryan, K A"	"6f "	"2"	"7"
"17:40:00"	"2012-10-11"	"Ayr"	"Ralphy Boy (IRE)"	"25.00"	"29.27"	"Handicap"	"8"	"9"	"Ryan, Amy"	"Ryan, K A"	"7f "	"3"	"12"
"15:10:00"	"2012-10-08"	"Pontefract"	"Ardmay (IRE)"	"14.00"	"16.5"	"Handicap"	"2"	"9"	"Ryan, Amy"	"Ryan, K A"	"1m "	"3"	"50"
"14:40:00"	"2012-10-08"	"Pontefract"	"Delores Rocket"	"28.00"	"55"	"Handicap Nursery"	"1"	"14"	"Burke, Julie"	"Ryan, K A"	"6f "	"2"	"17"
"15:45:00"	"2012-10-06"	"Redcar"	"Hototo"	"4.50"	"6"	"Non-Handicap"	"2"	"21"	"Ryan, Amy"	"Ryan, K A"	"6f "	"2"	"23"
"15:45:00"	"2012-10-03"	"Newcastle"	"Untold Melody"	"16.00"	"27.48"	"Handicap"	"5"	"10"	"Stott, Kevin"	"Ryan, K A"	"7f "	"3"	"19"
"14:35:00"	"2012-09-29"	"Haydock"	"Ralphy Boy (IRE)"	"22.00"	"26"	"Handicap"	"10"	"14"	"Donohoe, Stephen"	"Ryan, K A"	"6f "	"3"	"49"
"16:20:00"	"2012-09-23"	"Hamilton"	"Lollina Paulina"	"25.00"	"32"	"Handicap"	"9"	"9"	"Ryan, Amy"	"Ryan, K A"	"6f "	"3"	"30"
"14:50:00"	"2012-09-22"	"Ayr"	"Lasilia (IRE)"	"12.00"	"18.45"	"Non-Handicap"	"7"	"7"	"Makin, Phillip"	"Ryan, K A"	"6f "	"2"	"28"
"17:10:00"	"2012-09-21"	"Ayr"	"Kathleensluckylad (IRE)"	"10.00"	"13"	"Handicap"	"8"	"9"	"Lee, G"	"Ryan, K A"	"1m "	"3"	"26"
"17:15:00"	"2012-09-13"	"Epsom"	"Brocklebank (IRE)"	"7.50"	"9.62"	"Handicap"	"2"	"9"	"Lee, G"	"Ryan, K A"	"6f "	"3"	"18"
"13:50:00"	"2012-09-13"	"Doncaster"	"Inetrobil (IRE)"	"40.00"	"62.91"	"Non-Handicap"	"15"	"18"	"Makin, Phillip"	"Ryan, K A"	"7f "	"3"	"41"
"13:50:00"	"2012-09-12"	"Carlisle"	"Delores Rocket"	"20.00"	"27.69"	"Handicap Nursery"	"1"	"12"	"Ryan, Amy"	"Ryan, K A"	"6f "	"2"	"43"
"17:40:00"	"2012-09-08"	"Thirsk"	"Sardanapalus"	"8.00"	"9.14"	"Handicap"	"1"	"12"	"Makin, Phillip"	"Ryan, K A"	"7f "	"3"	"15"
"16:35:00"	"2012-09-08"	"Thirsk"	"Trail Blaze (IRE)"	"4.50"	"6.35"	"Handicap"	"1"	"9"	"Ryan, Amy"	"Ryan, K A"	"1m "	"3"	"21"
"16:10:00"	"2012-09-07"	"Haydock"	"Hopes N Dreams (IRE)"	"10.00"	"11.73"	"Handicap"	"3"	"13"	"Ryan, Amy"	"Ryan, K A"	"6f "	"4"	"57"
"15:35:00"	"2012-09-07"	"Haydock"	"Pea Shooter"	"10.00"	"14.49"	"Handicap"	"2"	"16"	"Ryan, Amy"	"Ryan, K A"	"6f "	"3"	"25"
"13:50:00"	"2012-08-26"	"Beverley"	"Brocklebank (IRE)"	"8.00"	"10.57"	"Claimer"	"11"	"13"	"Makin, Phillip"	"Ryan, K A"	"7.5f "	"3"	"11"
"18:35:00"	"2012-08-24"	"Hamilton"	"Lollina Paulina"	"16.00"	"19.25"	"Handicap"	"12"	"12"	"Burke, Julie"	"Ryan, K A"	"6f "	"3"	"7"
"16:40:00"	"2012-08-24"	"Newmarket (July)"	"Sardanapalus"	"6.00"	"8.8"	"Handicap"	"7"	"7"	"Morris, Luke"	"Ryan, K A"	"7f "	"3"	"11"
"14:00:00"	"2012-08-23"	"York"	"Hototo"	"10.00"	"13.5"	"Non-Handicap"	"1"	"19"	"Makin, Phillip"	"Ryan, K A"	"6f "	"2"	"23"
"16:15:00"	"2012-08-19"	"Pontefract"	"Ardmay (IRE)"	"7.00"	"10.36"	"Handicap"	"7"	"7"	"Ryan, Amy"	"Ryan, K A"	"1m "	"3"	"22"
"15:20:00"	"2012-08-18"	"Newmarket (July)"	"Hamza (IRE)"	"14.00"	"15.92"	"Handicap"	"1"	"12"	"Crowley, Jim"	"Ryan, K A"	"6f "	"3"	"16"
"19:20:00"	"2012-08-13"	"Thirsk"	"Sardanapalus"	"6.50"	"9.34"	"Handicap"	"2"	"8"	"Mulrennan, Paul"	"Ryan, K A"	"1m "	"3"	"18"
"15:10:00"	"2012-08-11"	"Redcar"	"Ralphy Boy (IRE)"	"14.00"	"20.97"	"Handicap"	"11"	"14"	"Burke, Julie"	"Ryan, K A"	"7f "	"3"	"14"
"15:40:00"	"2012-08-08"	"Newcastle"	"Discression"	"4.00"	"5.66"	"Handicap"	"1"	"13"	"Lee, G"	"Ryan, K A"	"7f "	"3"	"13"
"15:20:00"	"2012-08-04"	"Doncaster"	"Bogart"	"3.50"	"6.19"	"Non-Handicap"	"4"	"7"	"Makin, Phillip"	"Ryan, K A"	"6f "	"3"	"42"
"14:05:00"	"2012-08-04"	"Goodwood"	"Dickies Lad (IRE)"	"33.00"	"95.72"	"Handicap"	"26"	"28"	"Doyle, James"	"Ryan, K A"	"6f "	"4"	"42"
"16:50:00"	"2012-08-03"	"Goodwood"	"Inetrobil (IRE)"	"20.00"	"28.59"	"Non-Handicap"	"8"	"14"	"Makin, Phillip"	"Ryan, K A"	"7f "	"3"	"21"
"16:55:00"	"2012-08-02"	"Goodwood"	"Hamza (IRE)"	"25.00"	"35.57"	"Handicap"	"9"	"16"	"Hamilton, Tony"	"Ryan, K A"	"7f "	"3"	"42"
"14:50:00"	"2012-08-01"	"Redcar"	"Tahnee Mara (IRE)"	"10.00"	"14.1"	"Maiden"	"3"	"10"	"Ryan, Amy"	"Ryan, K A"	"7f "	"3"	"9"
"16:25:00"	"2012-07-31"	"Ayr"	"Trail Blaze (IRE)"	"2.50"	"3.75"	"Handicap"	"1"	"6"	"Lee, G"	"Ryan, K A"	"7f "	"3"	"18"
"17:05:00"	"2012-07-28"	"Newmarket (July)"	"Ardmay (IRE)"	"7.00"	"9"	"Handicap"	"9"	"10"	"Nolan, D"	"Ryan, K A"	"1m "	"3"	"14"
"15:20:00"	"2012-07-27"	"Thirsk"	"Untold Melody"	"14.00"	"21.92"	"Handicap"	"11"	"17"	"Makin, Phillip"	"Ryan, K A"	"6f "	"3"	"16"
"20:25:00"	"2012-07-26"	"Doncaster"	"Sardanapalus"	"25.00"	"36.08"	"Handicap"	"9"	"16"	"Makin, Phillip"	"Ryan, K A"	"1m2.5f "	"3"	"13"
"16:20:00"	"2012-07-21"	"Ripon"	"Brocklebank (IRE)"	"33.00"	"76.04"	"Handicap"	"8"	"9"	"Makin, Phillip"	"Ryan, K A"	"1m2f "	"3"	"27"
"15:05:00"	"2012-07-20"	"Haydock"	"Pea Shooter"	"6.00"	"7.66"	"Handicap"	"4"	"6"	"Makin, Phillip"	"Ryan, K A"	"6f "	"3"	"34"
"20:10:00"	"2012-07-13"	"Chester"	"Sardanapalus"	"12.00"	"12.97"	"Handicap"	"7"	"7"	"Burke, Julie"	"Ryan, K A"	"1m2.5f "	"3"	"14"
"14:35:00"	"2012-07-13"	"York"	"Inetrobil (IRE)"	"18.00"	"32"	"Non-Handicap"	"11"	"11"	"Makin, Phillip"	"Ryan, K A"	"6f "	"3"	"29"
"13:50:00"	"2012-07-13"	"Newmarket (July)"	"Dam Beautiful"	"40.00"	"68.22"	"Handicap"	"13"	"16"	"Eaves, Tom"	"Ryan, K A"	"6f "	"3"	"27"
"20:20:00"	"2012-07-09"	"Ripon"	"Chooseday (IRE)"	"8.50"	"12.16"	"Handicap"	"5"	"10"	"Makin, Phillip"	"Ryan, K A"	"6f "	"3"	"28"
"15:45:00"	"2012-06-30"	"Chester"	"Zakreet"	"7.50"	"11.69"	"Handicap"	"8"	"9"	"Ryan, Amy"	"Ryan, K A"	"7f "	"3"	"21"
"20:20:00"	"2012-06-28"	"Hamilton"	"Whats Up (IRE)"	"9.00"	"11.5"	"Handicap"	"3"	"6"	"Makin, Phillip"	"Ryan, K A"	"1m.5f "	"3"	"8"
"19:50:00"	"2012-06-25"	"Thirsk"	"Nasharra (IRE)"	"25.00"	"30"	"Handicap"	"5"	"10"	"Lee, G"	"Ryan, K A"	"7f "	"4"	"292"
"16:25:00"	"2012-06-23"	"Ascot"	"Lightning Cloud (IRE)"	"7.50"	"9.12"	"Handicap"	"9"	"28"	"Makin, Phillip"	"Ryan, K A"	"6f "	"4"	"42"
"15:45:00"	"2012-06-23"	"Ascot"	"Bogart"	"66.00"	"420.49"	"Non-Handicap"	"14"	"14"	"Makin, Phillip"	"Ryan, K A"	"6f "	"3"	"21"
"16:10:00"	"2012-06-21"	"Warwick"	"Tahnee Mara (IRE)"	"6.00"	"8.42"	"Handicap"	"8"	"10"	"Eaves, Tom"	"Ryan, K A"	"7f "	"3"	"16"
"17:35:00"	"2012-06-20"	"Ascot"	"Whats Up (IRE)"	"66.00"	"150"	"Handicap"	"15"	"17"	"Kelly, Shane"	"Ryan, K A"	"1m "	"3"	"33"
"15:10:00"	"2012-06-16"	"York"	"Dam Beautiful"	"28.00"	"44.54"	"Handicap"	"15"	"17"	"Makin, Phillip"	"Ryan, K A"	"6f "	"3"	"14"
"19:50:00"	"2012-06-11"	"Pontefract"	"Chooseday (IRE)"	"4.00"	"5.18"	"Handicap"	"4"	"9"	"Ryan, Amy"	"Ryan, K A"	"6f "	"3"	"5"
"14:20:00"	"2012-06-09"	"Newmarket (July)"	"Zakreet"	"16.00"	"22.84"	"Handicap"	"3"	"15"	"Burke, Julie"	"Ryan, K A"	"1m "	"3"	"28"
"17:00:00"	"2012-06-07"	"Hamilton"	"Bapak Pintar"	"2.75"	"4.2"	"Handicap"	"2"	"5"	"Burke, Julie"	"Ryan, K A"	"1m3f "	"3"	"2"
"19:40:00"	"2012-06-06"	"Ripon"	"Chooseday (IRE)"	"14.00"	"17.09"	"Handicap"	"2"	"12"	"Makin, Phillip"	"Ryan, K A"	"6f "	"3"	"19"
"16:55:00"	"2012-06-05"	"Leicester"	"Bapak Pintar"	"4.00"	"5.36"	"Handicap"	"5"	"14"	"Spencer, Jamie"	"Ryan, K A"	"1m2f "	"3"	"14"
"16:50:00"	"2012-06-05"	"Redcar"	"Tahnee Mara (IRE)"	"18.00"	"29"	"Handicap"	"4"	"14"	"Makin, Phillip"	"Ryan, K A"	"6f "	"3"	"24"
"16:40:00"	"2012-06-02"	"Haydock"	"Inetrobil (IRE)"	"20.00"	"25.09"	"Non-Handicap"	"1"	"10"	"Makin, Phillip"	"Ryan, K A"	"6f "	"3"	"15"
"15:35:00"	"2012-06-02"	"Beverley"	"Tortoni (IRE)"	"8.00"	"12.01"	"Handicap"	"2"	"14"	"Burke, Julie"	"Ryan, K A"	"7.5f "	"3"	"29"
"17:15:00"	"2012-05-26"	"Haydock"	"Hamza (IRE)"	"33.00"	"65"	"Handicap"	"1"	"13"	"Mulrennan, Paul"	"Ryan, K A"	"7f "	"3"	"16"
"16:00:00"	"2012-05-26"	"Chester"	"Louis The Pious"	"4.50"	"5.53"	"Handicap"	"2"	"10"	"Lee, G"	"Ryan, K A"	"7f "	"4"	"15"
"18:45:00"	"2012-05-25"	"Musselburgh"	"Beautiful Day"	"2.70"	"3.8"	"Handicap"	"5"	"12"	"Ryan, Amy"	"Ryan, K A"	"1m "	"4"	"14"
"17:15:00"	"2012-05-22"	"Nottingham"	"Bapak Pintar"	"7.00"	"8.42"	"Non-Handicap"	"4"	"13"	"Makin, Phillip"	"Ryan, K A"	"1m.5f "	"3"	"20"
"17:40:00"	"2012-05-21"	"Redcar"	"My Pearl (IRE)"	"8.50"	"12"	"Handicap"	"8"	"14"	"Burke, Julie"	"Ryan, K A"	"1m2f "	"3"	"26"
"14:00:00"	"2012-05-16"	"York"	"Dickies Lad (IRE)"	"16.00"	"21.88"	"Handicap"	"5"	"19"	"Lee, G"	"Ryan, K A"	"6f "	"4"	"7"
"16:25:00"	"2012-05-12"	"Nottingham"	"Zakreet"	"8.00"	"9.96"	"Handicap"	"3"	"7"	"Kelly, Shane"	"Ryan, K A"	"1m2f "	"3"	"14"
"18:40:00"	"2012-05-11"	"Hamilton"	"Beautiful Day"	"1.63"	"2.75"	"Handicap"	"7"	"8"	"Makin, Phillip"	"Ryan, K A"	"1m.5f "	"4"	"20"
"13:35:00"	"2012-05-11"	"Chester"	"Louis The Pious"	"8.00"	"10.5"	"Handicap"	"6"	"9"	"Makin, Phillip"	"Ryan, K A"	"7.5f "	"4"	"224"
"16:15:00"	"2012-05-10"	"Chester"	"Hamza (IRE)"	"40.00"	"47.52"	"Handicap"	"8"	"11"	"Makin, Phillip"	"Ryan, K A"	"6f "	"3"	"266"
"14:10:00"	"2012-04-21"	"Thirsk"	"Beautiful Day"	"4.00"	"5.03"	"Handicap"	"6"	"12"	"Makin, Phillip"	"Ryan, K A"	"7f "	"4"	"46"
"15:55:00"	"2012-04-19"	"Ripon"	"Zakreet"	"12.00"	"16.5"	"Handicap"	"10"	"12"	"Makin, Phillip"	"Ryan, K A"	"1m "	"3"	"12"
"16:30:00"	"2012-04-18"	"Beverley"	"Indepub"	"12.00"	"17.5"	"Handicap"	"3"	"11"	"Ryan, Amy"	"Ryan, K A"	"1m2f "	"3"	"17"
"17:05:00"	"2012-04-01"	"Doncaster"	"Indepub"	"33.00"	"51.85"	"Handicap"	"8"	"11"	"Makin, Phillip"	"Ryan, K A"	"1m2.5f "	"3"	"162"
"16:10:00"	"2011-11-05"	"Doncaster"	"Deliberation (IRE)"	"16.00"	"24.31"	"Handicap"	"2"	"15"	"James, S H"	"Ryan, K A"	"7f "	"3"	"7"
"15:30:00"	"2011-10-25"	"Yarmouth"	"Beautiful Day"	"5.00"	"6.93"	"Handicap"	"2"	"14"	"Spencer, Jamie"	"Ryan, K A"	"7f "	"3"	"11"
"14:20:00"	"2011-10-25"	"Catterick"	"Deliberation (IRE)"	"4.50"	"5.74"	"Handicap"	"2"	"8"	"Burke, Julie"	"Ryan, K A"	"6f "	"3"	"37"
"17:30:00"	"2011-10-14"	"Redcar"	"Beautiful Day"	"20.00"	"32.53"	"Handicap"	"3"	"16"	"McHugh, B"	"Ryan, K A"	"7f "	"3"	"35"
"14:00:00"	"2011-10-07"	"York"	"On The Dark Side (IRE)"	"33.00"	"40.95"	"Handicap Nursery"	"16"	"20"	"Makin, Phillip"	"Ryan, K A"	"6f "	"2"	"28"
"15:30:00"	"2011-10-04"	"Catterick"	"Indepub"	"5.50"	"8"	"Handicap Nursery"	"1"	"11"	"Ryan, Amy"	"Ryan, K A"	"7f "	"2"	"27"
"16:30:00"	"2011-09-25"	"Musselburgh"	"Blue Moon"	"12.00"	"16.88"	"Handicap"	"3"	"11"	"Ryan, Amy"	"Ryan, K A"	"1m "	"4"	"6"
"15:45:00"	"2011-09-24"	"Ripon"	"Good Boy Jackson"	"8.00"	"9.64"	"Handicap"	"12"	"15"	"Nolan, D"	"Ryan, K A"	"1m2f "	"3"	"9"
"17:15:00"	"2011-09-17"	"Newmarket (Rowley)"	"Murura (IRE)"	"5.50"	"6.6"	"Handicap"	"1"	"17"	"Probert, David"	"Ryan, K A"	"6f "	"4"	"55"
"16:20:00"	"2011-09-15"	"Ayr"	"Medicinal Compound"	"25.00"	"38.07"	"Handicap"	"9"	"11"	"Makin, Phillip"	"Ryan, K A"	"1m2f "	"4"	"166"
"15:50:00"	"2011-09-15"	"Ayr"	"Good Boy Jackson"	"4.00"	"5.7"	"Handicap"	"3"	"13"	"Makin, Phillip"	"Ryan, K A"	"1m "	"3"	"12"
"16:40:00"	"2011-09-09"	"Doncaster"	"King Kurt (IRE)"	"25.00"	"39.69"	"Non-Handicap"	"7"	"16"	"Makin, Phillip"	"Ryan, K A"	"1m2.5f "	"3"	"41"
"16:10:00"	"2011-09-08"	"Doncaster"	"Waking Warrior"	"40.00"	"43.7"	"Handicap"	"11"	"21"	"Makin, Phillip"	"Ryan, K A"	"6f "	"3"	"75"
"16:50:00"	"2011-09-07"	"Doncaster"	"Lightning Cloud (IRE)"	"8.00"	"9.55"	"Handicap"	"1"	"12"	"Makin, Phillip"	"Ryan, K A"	"7f "	"3"	"46"
"16:50:00"	"2011-09-07"	"Doncaster"	"Louis The Pious"	"4.50"	"5.6"	"Handicap"	"2"	"12"	"Dettori, L"	"Ryan, K A"	"7f "	"3"	"25"
"15:55:00"	"2011-09-07"	"Carlisle"	"Nasharra (IRE)"	"28.00"	"38"	"Handicap"	"6"	"7"	"Craine, S J"	"Ryan, K A"	"7f "	"3"	"9"
"14:00:00"	"2011-09-07"	"Doncaster"	"Indepub"	"20.00"	"30"	"Handicap Nursery"	"5"	"12"	"Makin, Phillip"	"Ryan, K A"	"7f "	"2"	"6"
"16:35:00"	"2011-09-03"	"Thirsk"	"Good Boy Jackson"	"22.00"	"36"	"Handicap"	"3"	"15"	"Gannon, Catherine"	"Ryan, K A"	"1m "	"3"	"37"
"14:00:00"	"2011-09-01"	"Redcar"	"Indepub"	"6.50"	"7.67"	"Handicap Nursery"	"2"	"10"	"Burke, Julie"	"Ryan, K A"	"7f "	"2"	"15"
"16:45:00"	"2011-08-29"	"Ripon"	"Nasharra (IRE)"	"12.00"	"15.74"	"Handicap"	"5"	"7"	"Makin, Phillip"	"Ryan, K A"	"6f "	"3"	"36"
"16:10:00"	"2011-08-29"	"Ripon"	"On The Dark Side (IRE)"	"12.00"	"19.45"	"Non-Handicap"	"7"	"9"	"Makin, Phillip"	"Ryan, K A"	"6f "	"2"	"17"
"15:50:00"	"2011-08-26"	"Thirsk"	"Blue Moon"	"7.00"	"9.89"	"Handicap"	"4"	"14"	"Callan, N"	"Ryan, K A"	"7f "	"4"	"27"
"14:00:00"	"2011-08-18"	"York"	"Hamza (IRE)"	"33.00"	"61.99"	"Non-Handicap"	"20"	"20"	"Fallon, K"	"Ryan, K A"	"6f "	"2"	"18"
"16:45:00"	"2011-08-15"	"Thirsk"	"Paper Dreams (IRE)"	"22.00"	"34"	"Handicap"	"5"	"9"	"Makin, Phillip"	"Ryan, K A"	"7f "	"3"	"13"
"15:50:00"	"2011-08-11"	"Beverley"	"Jimmy The Lollipop (IRE)"	"10.00"	"14"	"Handicap Nursery"	"11"	"12"	"Makin, Phillip"	"Ryan, K A"	"7.5f "	"2"	"13"
"17:25:00"	"2011-07-28"	"Goodwood"	"Good Boy Jackson"	"11.00"	"17.68"	"Handicap"	"13"	"13"	"Makin, Phillip"	"Ryan, K A"	"1m3f "	"3"	"26"
"15:20:00"	"2011-07-27"	"Redcar"	"Royal Hush"	"4.00"	"6.01"	"Handicap"	"5"	"5"	"Makin, Phillip"	"Ryan, K A"	"1m "	"3"	"26"
"14:50:00"	"2011-07-24"	"Ascot"	"Nasharra (IRE)"	"14.00"	"17.41"	"Handicap"	"5"	"8"	"Burke, Julie"	"Ryan, K A"	"6f "	"3"	"16"
"15:40:00"	"2011-07-23"	"York"	"Racy"	"8.00"	"12.31"	"Handicap"	"10"	"20"	"Callan, N"	"Ryan, K A"	"6f "	"4"	"14"
"13:30:00"	"2011-07-23"	"Ascot"	"Captain Ramius (IRE)"	"12.00"	"13.46"	"Handicap"	"1"	"20"	"Moore, Miss Hayley"	"Ryan, K A"	"7f "	"5"	"28"
"17:00:00"	"2011-07-12"	"Beverley"	"Key Breeze"	"18.00"	"29.38"	"Handicap"	"1"	"16"	"Alexander, Lucy"	"Ryan, K A"	"1m2f "	"4"	"25"
"14:30:00"	"2011-07-09"	"Ascot"	"Racy"	"16.00"	"22"	"Handicap"	"4"	"19"	"Hills, Michael"	"Ryan, K A"	"6f "	"4"	"15"
"13:50:00"	"2011-07-08"	"Newmarket (July)"	"Nasharra (IRE)"	"66.00"	"158.19"	"Handicap"	"18"	"18"	"Burke, Julie"	"Ryan, K A"	"6f "	"3"	"85"
"15:00:00"	"2011-07-05"	"Pontefract"	"King Kurt (IRE)"	"6.00"	"7.8"	"Handicap"	"1"	"11"	"Makin, Phillip"	"Ryan, K A"	"1m2f "	"3"	"18"
"18:10:00"	"2011-07-02"	"Nottingham"	"Beneath"	"1.88"	"2.99"	"Handicap"	"4"	"10"	"Bartley, Mrs C"	"Ryan, K A"	"1m2f "	"4"	"5"
"20:25:00"	"2011-06-27"	"Musselburgh"	"Beneath"	"3.00"	"4.4"	"Handicap"	"3"	"8"	"Makin, Phillip"	"Ryan, K A"	"1m4.5f "	"4"	"10"
"15:45:00"	"2011-06-25"	"Chester"	"Waking Warrior"	"20.00"	"29"	"Handicap"	"5"	"8"	"Burke, Julie"	"Ryan, K A"	"7f "	"3"	"14"
"15:40:00"	"2011-06-25"	"Newcastle"	"Captain Ramius (IRE)"	"11.00"	"14"	"Handicap"	"5"	"14"	"Crowley, Jim"	"Ryan, K A"	"7f "	"5"	"8"
"20:10:00"	"2011-06-17"	"Newmarket (July)"	"Captain Ramius (IRE)"	"25.00"	"26.99"	"Handicap"	"4"	"13"	"Gannon, Catherine"	"Ryan, K A"	"7f "	"5"	"42"
"19:15:00"	"2011-06-17"	"Ayr"	"Key Breeze"	"8.00"	"10.13"	"Handicap"	"5"	"5"	"Burke, Julie"	"Ryan, K A"	"1m "	"4"	"35"
"17:20:00"	"2011-06-17"	"Musselburgh"	"Beneath"	"7.50"	"11.99"	"Handicap"	"4"	"12"	"Sutcliffe, Miss L"	"Ryan, K A"	"1m4.5f "	"4"	"14"
"15:15:00"	"2011-06-11"	"York"	"Lexis Hero (IRE)"	"20.00"	"25"	"Handicap"	"1"	"20"	"Spencer, Jamie"	"Ryan, K A"	"6f "	"3"	"14"
"17:00:00"	"2011-06-03"	"Musselburgh"	"Beneath"	"5.50"	"7.06"	"Handicap"	"3"	"10"	"Makin, Phillip"	"Ryan, K A"	"1m5f "	"4"	"10"
"14:40:00"	"2011-05-24"	"Ripon"	"Beneath"	"11.00"	"13.25"	"Handicap"	"4"	"14"	"Makin, Phillip"	"Ryan, K A"	"1m2f "	"4"	"21"
"15:30:00"	"2011-05-21"	"Haydock"	"Shoshoni Wind"	"16.00"	"24"	"Non-Handicap"	"13"	"16"	"Burke, Julie"	"Ryan, K A"	"6f "	"3"	"9"
"15:10:00"	"2011-05-21"	"Curragh"	"Tiddliwinks"	"3.33"	"5.06"	"Non-Handicap"	"2"	"8"	"Smullen, P J"	"Ryan, K A"	"6f "	"5"	"10"
"20:20:00"	"2011-05-20"	"Catterick"	"King Kurt (IRE)"	"2.00"	"3.49"	"Handicap"	"1"	"7"	"Sousa, Silvestre De"	"Ryan, K A"	"1m4f "	"3"	"27"
"14:00:00"	"2011-05-13"	"York"	"Montparnasse (IRE)"	"20.00"	"35.52"	"Handicap"	"14"	"16"	"Spencer, Jamie"	"Ryan, K A"	"1m4f "	"4"	"13"
"15:00:00"	"2011-05-11"	"York"	"Tiddliwinks"	"40.00"	"60"	"Non-Handicap"	"3"	"14"	"Makin, Phillip"	"Ryan, K A"	"6f "	"5"	"10"
"17:00:00"	"2011-05-10"	"Beverley"	"Unknown Rebel (IRE)"	"3.00"	"4.95"	"Handicap"	"1"	"8"	"Makin, Phillip"	"Ryan, K A"	"1m2f "	"3"	"10"
"13:45:00"	"2011-05-06"	"Chester"	"Captain Ramius (IRE)"	"16.00"	"22.62"	"Handicap"	"11"	"14"	"Mullen, Richard"	"Ryan, K A"	"7.5f "	"5"	"28"
"16:45:00"	"2011-05-03"	"Newcastle"	"Brave Dream"	"12.00"	"15.5"	"Handicap"	"11"	"11"	"Eaves, Tom"	"Ryan, K A"	"6f "	"3"	"25"
"17:25:00"	"2011-05-01"	"Hamilton"	"Mark Anthony (IRE)"	"11.00"	"15.5"	"Claimer"	"3"	"6"	"McDonald, P J"	"Ryan, K A"	"6f "	"4"	"46"
"15:50:00"	"2011-05-01"	"Newmarket (Rowley)"	"Tiddliwinks"	"8.00"	"10.17"	"Handicap"	"12"	"24"	"Makin, Phillip"	"Ryan, K A"	"6f "	"5"	"225"
"15:40:00"	"2011-05-01"	"Hamilton"	"Pelmanism"	"6.00"	"7.6"	"Handicap"	"2"	"11"	"Ryan, Amy"	"Ryan, K A"	"6f "	"4"	"22"
"15:30:00"	"2011-04-30"	"Goodwood"	"Montparnasse (IRE)"	"4.00"	"5.18"	"Handicap"	"9"	"10"	"Donohoe, Stephen"	"Ryan, K A"	"1m6f "	"4"	"14"
"15:00:00"	"2011-04-16"	"Ripon"	"Montparnasse (IRE)"	"3.00"	"4.4"	"Handicap"	"2"	"10"	"Makin, Phillip"	"Ryan, K A"	"2m "	"4"	"187"
"14:00:00"	"2011-04-16"	"Ripon"	"Steed"	"18.00"	"26"	"Handicap"	"16"	"20"	"Burke, Julie"	"Ryan, K A"	"1m "	"4"	"7"
"15:45:00"	"2011-04-14"	"Beverley"	"Nasharra (IRE)"	"5.50"	"7.2"	"Handicap"	"5"	"5"	"Eaves, Tom"	"Ryan, K A"	"7.5f "	"3"	"194"
"17:15:00"	"2011-04-08"	"Newcastle"	"Brave Dream"	"5.50"	"6.6"	"Handicap"	"7"	"9"	"Makin, Phillip"	"Ryan, K A"	"7f "	"3"	"186"
"15:10:00"	"2011-04-05"	"Pontefract"	"Lexis Hero (IRE)"	"4.00"	"5.6"	"Handicap"	"2"	"11"	"Makin, Phillip"	"Ryan, K A"	"6f "	"3"	"178"
"15:55:00"	"2011-04-03"	"Doncaster"	"Our Jonathan"	"8.00"	"10"	"Handicap"	"3"	"20"	"Spencer, Jamie"	"Ryan, K A"	"6f "	"4"	"162"
"15:30:00"	"2010-10-23"	"Doncaster"	"Mark Anthony (IRE)"	"16.00"	"23.14"	"Handicap"	"11"	"13"	"Burke, Julie"	"Ryan, K A"	"7f "	"3"	"24"
"14:10:00"	"2010-10-18"	"Pontefract"	"Unknown Rebel (IRE)"	"20.00"	"33.6"	"Handicap Nursery"	"1"	"17"	"Sousa, Silvestre De"	"Ryan, K A"	"1m "	"2"	"10"
"14:30:00"	"2010-10-17"	"Newcastle"	"Medicinal Compound"	"9.00"	"12.11"	"Handicap"	"1"	"6"	"Burke, Julie"	"Ryan, K A"	"1m "	"3"	"18"
"14:30:00"	"2010-10-01"	"Newmarket (Rowley)"	"Bold Bidder"	"100.00"	"158.78"	"Non-Handicap"	"11"	"11"	"Spencer, Jamie"	"Ryan, K A"	"6f "	"2"	"14"
"14:40:00"	"2010-09-19"	"Hamilton"	"Lewyn"	"50.00"	"76.02"	"Handicap"	"5"	"8"	"Hughes, Richard"	"Ryan, K A"	"6f "	"3"	"5"
"15:10:00"	"2010-09-18"	"Catterick"	"King Of Aquitaine (IRE)"	"20.00"	"26"	"Handicap Nursery"	"11"	"11"	"Burke, Julie"	"Ryan, K A"	"7f "	"2"	"14"
"14:45:00"	"2010-09-18"	"Ayr"	"Shoshoni Wind"	"33.00"	"44.45"	"Non-Handicap"	"5"	"10"	"Winston, Robert"	"Ryan, K A"	"6f "	"2"	"30"
"14:15:00"	"2010-09-18"	"Ayr"	"Tiddliwinks"	"4.00"	"5.6"	"Handicap"	"17"	"25"	"Spencer, Jamie"	"Ryan, K A"	"6f "	"4"	"7"
"15:30:00"	"2010-09-14"	"Haydock"	"Esprit de Midas"	"16.00"	"22"	"Handicap"	"1"	"11"	"Eaves, Tom"	"Ryan, K A"	"6f "	"4"	"27"
"15:30:00"	"2010-09-14"	"Haydock"	"Lewyn"	"50.00"	"121.72"	"Handicap"	"10"	"11"	"Mulrennan, Paul"	"Ryan, K A"	"6f "	"3"	"26"
"15:35:00"	"2010-09-04"	"Haydock"	"Our Jonathan"	"33.00"	"57.23"	"Non-Handicap"	"13"	"13"	"Spencer, Jamie"	"Ryan, K A"	"6f "	"3"	"34"
"16:45:00"	"2010-08-30"	"Ripon"	"Mark Anthony (IRE)"	"3.50"	"5.45"	"Handicap"	"4"	"9"	"Fallon, K"	"Ryan, K A"	"6f "	"3"	"17"
"17:30:00"	"2010-08-23"	"Carlisle"	"Brave Dream"	"1.88"	"2.94"	"Maiden"	"1"	"8"	"McDonald, P J"	"Ryan, K A"	"6f "	"2"	"9"
"14:05:00"	"2010-08-18"	"Carlisle"	"Esprit de Midas"	"1.10"	"2.36"	"Claimer"	"2"	"7"	"Allan, David"	"Ryan, K A"	"6f "	"4"	"9"
"16:40:00"	"2010-08-17"	"York"	"Hansond (IRE)"	"16.00"	"20.92"	"Handicap"	"18"	"18"	"Fallon, K"	"Ryan, K A"	"1m2.5f "	"3"	"11"
"16:05:00"	"2010-08-17"	"York"	"Puddle Duck"	"6.00"	"7.4"	"Handicap Nursery"	"1"	"15"	"Spencer, Jamie"	"Ryan, K A"	"6f "	"2"	"10"
"15:30:00"	"2010-08-14"	"Ripon"	"Tiddliwinks"	"6.00"	"7.86"	"Handicap"	"7"	"17"	"Callan, N"	"Ryan, K A"	"6f "	"4"	"15"
"19:30:00"	"2010-08-11"	"Hamilton"	"Key Breeze"	"10.00"	"12.49"	"Handicap"	"1"	"8"	"McDonald, P J"	"Ryan, K A"	"1m.5f "	"3"	"27"
"19:00:00"	"2010-08-09"	"Thirsk"	"Tribal Myth (IRE)"	"7.50"	"9.29"	"Handicap"	"5"	"11"	"Spencer, Jamie"	"Ryan, K A"	"1m "	"3"	"25"
"14:50:00"	"2010-08-08"	"Leicester"	"Apache Ridge (IRE)"	"1.75"	"2.92"	"Seller"	"4"	"10"	"Callan, N"	"Ryan, K A"	"7f "	"4"	"23"
"17:10:00"	"2010-08-04"	"Pontefract"	"Mark Anthony (IRE)"	"12.00"	"17.27"	"Handicap"	"1"	"9"	"Norton, Francis"	"Ryan, K A"	"6f "	"3"	"13"
"16:05:00"	"2010-07-24"	"Newcastle"	"Esprit de Midas"	"16.00"	"25"	"Handicap"	"3"	"10"	"Kelly, Shane"	"Ryan, K A"	"7f "	"4"	"8"
"14:55:00"	"2010-07-17"	"Ripon"	"Pelmanism"	"8.00"	"12.5"	"Handicap Maiden"	"3"	"10"	"Mulrennan, Paul"	"Ryan, K A"	"6f "	"3"	"10"
"19:45:00"	"2010-07-16"	"Hamilton"	"Esprit de Midas"	"50.00"	"65.43"	"Handicap"	"7"	"16"	"Heffernan, Andrew"	"Ryan, K A"	"6f "	"4"	"28"
"15:25:00"	"2010-07-15"	"Hamilton"	"Tribal Myth (IRE)"	"1.88"	"3.05"	"Handicap"	"10"	"10"	"Makin, Phillip"	"Ryan, K A"	"1m.5f "	"3"	"12"
"20:20:00"	"2010-07-05"	"Ripon"	"Hot Spark"	"6.00"	"8.81"	"Handicap"	"4"	"9"	"Gibbons, Graham"	"Ryan, K A"	"6f "	"3"	"10"
"16:25:00"	"2010-07-03"	"Beverley"	"Tribal Myth (IRE)"	"4.50"	"7.2"	"Handicap"	"2"	"6"	"Sousa, Silvestre De"	"Ryan, K A"	"1m.5f "	"3"	"9"
"20:30:00"	"2010-06-29"	"Thirsk"	"Antarctic Desert (IRE)"	"5.00"	"6.76"	"Handicap"	"UR"	"6"	"Eaves, Tom"	"Ryan, K A"	"7f "	"3"	"11"
"15:25:00"	"2010-06-25"	"Doncaster"	"Hot Spark"	"3.00"	"3.82"	"Handicap"	"4"	"7"	"Callan, N"	"Ryan, K A"	"7f "	"3"	"15"
"21:10:00"	"2010-06-24"	"Leicester"	"Tribal Myth (IRE)"	"4.50"	"6.36"	"Handicap"	"4"	"7"	"Fallon, K"	"Ryan, K A"	"1m.5f "	"3"	"29"
"16:25:00"	"2010-06-19"	"Ascot"	"Masamah (IRE)"	"40.00"	"55"	"Handicap"	"18"	"27"	"Callan, N"	"Ryan, K A"	"6f "	"4"	"14"
"19:10:00"	"2010-06-17"	"Leicester"	"Danceintothelight"	"5.00"	"6.6"	"Seller"	"3"	"11"	"Donohoe, Stephen"	"Ryan, K A"	"1m2f "	"3"	"13"
"14:55:00"	"2010-05-31"	"Carlisle"	"Apache Ridge (IRE)"	"7.50"	"9.2"	"Handicap"	"1"	"9"	"Hanagan, Paul"	"Ryan, K A"	"6f "	"4"	"3"
"15:40:00"	"2010-05-18"	"Musselburgh"	"Peters Gift (IRE)"	"20.00"	"29.01"	"Handicap"	"6"	"9"	"Ryan, Amy"	"Ryan, K A"	"7f "	"4"	"8"
"15:10:00"	"2010-05-13"	"York"	"Isabella Grey"	"66.00"	"150"	"Handicap"	"10"	"10"	"Nicholls, Adrian T"	"Ryan, K A"	"1m "	"4"	"342"
"15:50:00"	"2010-05-10"	"Redcar"	"Peters Gift (IRE)"	"16.00"	"25.19"	"Handicap"	"9"	"12"	"Ryan, Amy"	"Ryan, K A"	"7f "	"4"	"33"
"16:30:00"	"2010-05-06"	"Chester"	"Raddy ell Pauline (IRE)"	"33.00"	"60"	"Handicap"	"11"	"11"	"Spencer, Jamie"	"Ryan, K A"	"6f "	"3"	"19"
"16:10:00"	"2010-05-04"	"Newcastle"	"Danceintothelight"	"5.50"	"6.4"	"Handicap"	"7"	"9"	"Callan, N"	"Ryan, K A"	"1m "	"3"	"13"
"16:40:00"	"2010-05-03"	"Warwick"	"Masked Dance (IRE)"	"8.00"	"11"	"Handicap"	"1"	"10"	"Munro, Alan"	"Ryan, K A"	"7f "	"3"	"184"
"16:20:00"	"2010-05-03"	"Beverley"	"Tribal Myth (IRE)"	"3.50"	"5"	"Handicap"	"1"	"12"	"Hanagan, Paul"	"Ryan, K A"	"7.5f "	"3"	"9"
"13:55:00"	"2010-04-17"	"Thirsk"	"Fujin Dancer (FR)"	"9.00"	"11.32"	"Handicap"	"1"	"12"	"Ryan, Amy"	"Ryan, K A"	"1m "	"5"	"7"
"15:40:00"	"2010-04-07"	"Catterick"	"Peters Gift (IRE)"	"8.00"	"11.42"	"Handicap"	"9"	"10"	"Ryan, Amy"	"Ryan, K A"	"7f "	"4"	"27"
"13:05:00"	"2009-10-31"	"Ayr"	"Masked Dance (IRE)"	"6.00"	"8.6"	"Handicap Nursery"	"2"	"11"	"Mulrennan, Paul"	"Ryan, K A"	"7f "	"2"	"12"
"13:00:00"	"2009-10-26"	"Leicester"	"Izuizorizuaint (IRE)"	"5.50"	"8.6"	"Handicap Nursery"	"11"	"14"	"OShea, T P"	"Ryan, K A"	"7f "	"2"	"10"
"15:10:00"	"2009-10-24"	"Newbury"	"Undaunted Affair (IRE)"	"16.00"	"21"	"Handicap"	"8"	"11"	"Fortune, Jimmy"	"Ryan, K A"	"7f "	"3"	"8"
"13:15:00"	"2009-10-24"	"Doncaster"	"Haltela (IRE)"	"40.00"	"56.79"	"Handicap Nursery"	"10"	"13"	"Callan, N"	"Ryan, K A"	"7f "	"2"	"15"
"16:20:00"	"2009-10-16"	"Newmarket (Rowley)"	"Madame Trop Vite (IRE)"	"25.00"	"33.42"	"Non-Handicap"	"7"	"11"	"Callan, N"	"Ryan, K A"	"6f "	"3"	"27"
"14:45:00"	"2009-10-16"	"Redcar"	"Prettiest Star (IRE)"	"50.00"	"73.01"	"Claimer"	"14"	"17"	"Mackay, Jamie"	"Ryan, K A"	"7f "	"2"	"10"
"15:10:00"	"2009-09-19"	"Ayr"	"Madame Trop Vite (IRE)"	"80.00"	"140"	"Handicap"	"23"	"26"	"Munro, Alan"	"Ryan, K A"	"6f "	"3"	"63"
"17:15:00"	"2009-09-18"	"Ayr"	"Bessie Lou (IRE)"	"18.00"	"26.22"	"Handicap"	"8"	"14"	"Winston, Robert"	"Ryan, K A"	"1m "	"3"	"6"
"15:40:00"	"2009-09-15"	"Yarmouth"	"Tileriums Dream (IRE)"	"20.00"	"32"	"Seller"	"7"	"13"	"OShea, T P"	"Ryan, K A"	"7f "	"3"	"37"
"16:20:00"	"2009-09-13"	"Goodwood"	"Wicked Daze (IRE)"	"3.00"	"4.34"	"Handicap"	"2"	"7"	"Turner, Hayley"	"Ryan, K A"	"2m "	"6"	"22"
"17:40:00"	"2009-09-12"	"Chester"	"Bessie Lou (IRE)"	"12.00"	"19.42"	"Handicap"	"8"	"9"	"Egan, John"	"Ryan, K A"	"1m2.5f "	"3"	"20"
"16:30:00"	"2009-09-05"	"Leopardstown"	"Les Fazzani (IRE)"	"12.00"	"21"	"Handicap"	"1"	"22"	"Carroll, G F"	"Ryan, K A"	"1m4f "	"5"	"83"
"16:40:00"	"2009-08-26"	"Ayr"	"Maggie Lou (IRE)"	"20.00"	"32"	"Handicap"	"8"	"10"	"Brown, Neil"	"Ryan, K A"	"6f "	"3"	"35"
"17:10:00"	"2009-08-22"	"Chester"	"Wicked Daze (IRE)"	"12.00"	"18.24"	"Handicap"	"5"	"10"	"Durcan, Ted"	"Ryan, K A"	"2m "	"6"	"56"
"16:50:00"	"2009-08-21"	"Chester"	"Safebreaker"	"3.50"	"5.43"	"Handicap"	"1"	"11"	"Moore, Joshua"	"Ryan, K A"	"1m4.5f "	"4"	"6"
"16:15:00"	"2009-08-21"	"Chester"	"Union Island (IRE) (OLD)"	"20.00"	"32"	"Handicap"	"9"	"12"	"Holland, Darryll"	"Ryan, K A"	"1m2.5f "	"3"	"24"
"16:50:00"	"2009-08-19"	"Hamilton"	"Shifting Gold (IRE) (OLD)"	"3.00"	"4.48"	"Handicap"	"2"	"8"	"Ryan, Amy"	"Ryan, K A"	"1m4f "	"3"	"7"
"17:25:00"	"2009-08-15"	"Newbury"	"Safebreaker"	"6.00"	"8"	"Handicap"	"2"	"13"	"Walsh, Ms K"	"Ryan, K A"	"1m4f "	"4"	"10"
"19:10:00"	"2009-08-11"	"Musselburgh"	"Millies Rock (IRE)"	"20.00"	"26"	"Handicap"	"9"	"11"	"Eaves, Tom"	"Ryan, K A"	"1m "	"4"	"75"
"14:05:00"	"2009-08-08"	"Redcar"	"Prettiest Star (IRE)"	"10.00"	"12.67"	"Seller"	"5"	"11"	"Sousa, Silvestre De"	"Ryan, K A"	"6f "	"2"	"8"
"14:10:00"	"2009-08-05"	"Pontefract"	"Safebreaker"	"9.00"	"12.5"	"Handicap"	"3"	"15"	"Moore, Joshua"	"Ryan, K A"	"1m2f "	"4"	"75"
"16:55:00"	"2009-07-28"	"Beverley"	"Union Island (IRE) (OLD)"	"4.00"	"5.85"	"Handicap"	"5"	"5"	"Makin, Phillip"	"Ryan, K A"	"1m2f "	"3"	"19"
"20:25:00"	"2009-07-22"	"Leicester"	"Maggie Lou (IRE)"	"16.00"	"23.39"	"Handicap"	"7"	"9"	"Eaves, Tom"	"Ryan, K A"	"7f "	"3"	"39"
"14:20:00"	"2009-07-18"	"Newbury"	"Madame Trop Vite (IRE)"	"14.00"	"20.1"	"Non-Handicap"	"7"	"8"	"Munro, Alan"	"Ryan, K A"	"6f "	"3"	"14"
"20:35:00"	"2009-07-04"	"Carlisle"	"Sparton Duke (IRE)"	"8.00"	"11"	"Handicap"	"8"	"11"	"Ryan, Amy"	"Ryan, K A"	"1m "	"4"	"3"
"20:50:00"	"2009-07-03"	"Haydock"	"Peters Gift (IRE)"	"2.50"	"3.75"	"Handicap"	"3"	"4"	"Callan, N"	"Ryan, K A"	"1m "	"3"	"15"
"20:15:00"	"2009-07-03"	"Haydock"	"Shady Gloom (IRE)"	"5.00"	"6.96"	"Handicap"	"5"	"5"	"Callan, N"	"Ryan, K A"	"1m2.5f "	"4"	"10"
"15:45:00"	"2009-06-23"	"Beverley"	"Shady Gloom (IRE)"	"3.50"	"4.7"	"Handicap"	"5"	"6"	"Eaves, Tom"	"Ryan, K A"	"1m2f "	"4"	"10"
"20:50:00"	"2009-06-19"	"Ayr"	"Errigal Lad"	"3.50"	"5.73"	"Handicap"	"7"	"7"	"Ryan, Amy"	"Ryan, K A"	"7f "	"4"	"13"
"20:20:00"	"2009-06-19"	"Ayr"	"Red Kyte"	"6.50"	"8.22"	"Handicap"	"8"	"8"	"Hamilton, Tony"	"Ryan, K A"	"6f "	"3"	"18"
"17:40:00"	"2009-06-18"	"Ripon"	"Montiboli (IRE)"	"7.00"	"7.67"	"Handicap"	"1"	"18"	"Brown, Neil"	"Ryan, K A"	"1m "	"4"	"17"
"15:30:00"	"2009-06-14"	"Doncaster"	"Roker Park (IRE)"	"14.00"	"19.13"	"Handicap"	"1"	"13"	"Callan, N"	"Ryan, K A"	"6f "	"4"	"8"
"15:45:00"	"2009-06-13"	"York"	"Union Island (IRE) (OLD)"	"25.00"	"36.9"	"Handicap"	"2"	"11"	"Callan, N"	"Ryan, K A"	"1m2.5f "	"3"	"7"
"14:20:00"	"2009-06-13"	"Sandown"	"Maggie Lou (IRE)"	"16.00"	"23.41"	"Handicap"	"5"	"9"	"Munro, Alan"	"Ryan, K A"	"7f "	"3"	"23"
"20:15:00"	"2009-06-05"	"Doncaster"	"Shady Gloom (IRE)"	"14.00"	"16.21"	"Handicap"	"2"	"10"	"Hanagan, Paul"	"Ryan, K A"	"1m2.5f "	"4"	"49"
"19:40:00"	"2009-06-01"	"Thirsk"	"Red Kyte"	"20.00"	"34.53"	"Handicap"	"5"	"10"	"Callan, N"	"Ryan, K A"	"7f "	"3"	"17"
"18:40:00"	"2009-06-01"	"Thirsk"	"Montiboli (IRE)"	"9.00"	"12.5"	"Handicap"	"4"	"7"	"Callan, N"	"Ryan, K A"	"1m "	"4"	"14"
"19:20:00"	"2009-05-29"	"Musselburgh"	"Island Chief"	"5.50"	"8.06"	"Handicap"	"1"	"8"	"Hamilton, Tony"	"Ryan, K A"	"7f "	"3"	"7"
"19:00:00"	"2009-05-28"	"Newcastle"	"Sparton Duke (IRE)"	"18.00"	"26.05"	"Handicap"	"6"	"14"	"OShea, T P"	"Ryan, K A"	"7f "	"4"	"12"
"16:50:00"	"2009-05-28"	"Ayr"	"Coleorton Choice"	"4.00"	"5.73"	"Handicap"	"1"	"6"	"Sousa, Silvestre De"	"Ryan, K A"	"6f "	"3"	"19"
"14:50:00"	"2009-05-28"	"Ayr"	"Millies Rock (IRE)"	"12.00"	"17.05"	"Claimer"	"8"	"12"	"Fanning, Joe"	"Ryan, K A"	"6f "	"4"	"9"
"20:40:00"	"2009-05-19"	"Leicester"	"Shifting Gold (IRE) (OLD)"	"28.00"	"37.55"	"Handicap"	"3"	"9"	"Callan, N"	"Ryan, K A"	"1m4f "	"3"	"48"
"19:40:00"	"2009-05-19"	"Leicester"	"Millies Rock (IRE)"	"18.00"	"30.67"	"Handicap"	"12"	"12"	"Callan, N"	"Ryan, K A"	"1m2f "	"4"	"51"
"19:40:00"	"2009-05-16"	"Doncaster"	"Sparton Duke (IRE)"	"9.00"	"9.87"	"Handicap"	"13"	"16"	"Mullen, Richard"	"Ryan, K A"	"6f "	"4"	"21"
"19:20:00"	"2009-05-13"	"Naas"	"Les Fazzani (IRE)"	"3.50"	"5.7"	"Non-Handicap"	"6"	"9"	"McDonogh, D P"	"Ryan, K A"	"1m2f "	"5"	"165"
"17:25:00"	"2009-05-09"	"Haydock"	"Coleorton Choice"	"6.50"	"8.33"	"Handicap"	"5"	"12"	"Ryan, Amy"	"Ryan, K A"	"6f "	"3"	"14"
"16:15:00"	"2009-05-02"	"Thirsk"	"Flawed Genius"	"8.00"	"12.36"	"Handicap"	"1"	"16"	"Callan, N"	"Ryan, K A"	"1m "	"4"	"14"
"15:05:00"	"2009-05-02"	"Thirsk"	"Horatio Carter"	"9.00"	"13.5"	"Handicap"	"1"	"14"	"Callan, N"	"Ryan, K A"	"7f "	"4"	"237"
"14:20:00"	"2009-04-25"	"Ripon"	"Coleorton Choice"	"3.33"	"5.83"	"Handicap"	"4"	"8"	"Callan, N"	"Ryan, K A"	"6f "	"3"	"7"
"17:15:00"	"2009-04-20"	"Pontefract"	"Safebreaker"	"4.00"	"5.5"	"Handicap"	"1"	"10"	"Ryan, Amy"	"Ryan, K A"	"1m2f "	"4"	"39"
"15:05:00"	"2009-04-17"	"Thirsk"	"Montiboli (IRE)"	"16.00"	"24.47"	"Handicap"	"14"	"17"	"Ryan, Amy"	"Ryan, K A"	"1m "	"4"	"50"
"14:05:00"	"2009-04-04"	"Newcastle"	"Tiger Dream"	"7.00"	"8.8"	"Handicap"	"10"	"13"	"Mulrennan, Paul"	"Ryan, K A"	"1m "	"4"	"6"
"17:20:00"	"2009-04-01"	"Catterick"	"Shifting Gold (IRE) (OLD)"	"9.00"	"12.84"	"Handicap"	"8"	"8"	"Mulrennan, Paul"	"Ryan, K A"	"1m4f "	"3"	"34"
"14:20:00"	"2009-04-01"	"Catterick"	"Splash The Cash"	"5.00"	"6.2"	"Seller"	"1"	"14"	"Ryan, Amy"	"Ryan, K A"	"7f "	"4"	"33"
"15:05:00"	"2009-03-29"	"Doncaster"	"Tiger Dream"	"6.50"	"9.47"	"Handicap"	"7"	"20"	"Hanagan, Paul"	"Ryan, K A"	"7f "	"4"	"188"
"17:05:00"	"2009-03-28"	"Doncaster"	"Shady Gloom (IRE)"	"10.00"	"12.5"	"Handicap"	"10"	"19"	"Callan, N"	"Ryan, K A"	"1m2.5f "	"4"	"189"
"14:05:00"	"2008-11-08"	"Doncaster"	"Les Fazzani (IRE)"	"3.50"	"4.8"	"Non-Handicap"	"1"	"9"	"Holland, Darryll"	"Ryan, K A"	"1m2.5f "	"4"	"9"
"14:30:00"	"2008-10-28"	"Catterick"	"Splash The Cash"	"12.00"	"16"	"Handicap"	"2"	"9"	"Brown, Neil"	"Ryan, K A"	"6f "	"3"	"95"
"15:00:00"	"2008-10-25"	"Doncaster"	"Carnaby Haggerston (IRE)"	"66.00"	"145.32"	"Non-Handicap"	"10"	"11"	"Fanning, Joe"	"Ryan, K A"	"6f "	"2"	"11"
"15:10:00"	"2008-10-14"	"Leicester"	"Carnaby Haggerston (IRE)"	"28.00"	"50"	"Non-Handicap"	"3"	"8"	"Callan, N"	"Ryan, K A"	"7f "	"2"	"24"
"17:00:00"	"2008-09-27"	"Chester"	"Sparton Duke (IRE)"	"12.00"	"14"	"Handicap"	"8"	"14"	"Mullen, Richard"	"Ryan, K A"	"6f "	"3"	"31"
"17:25:00"	"2008-09-26"	"Haydock"	"Thunderstruck"	"40.00"	"65"	"Handicap"	"4"	"13"	"Mulrennan, Paul"	"Ryan, K A"	"1m "	"3"	"3"
"16:30:00"	"2008-09-23"	"Beverley"	"Thunderstruck"	"14.00"	"19.5"	"Handicap"	"6"	"10"	"Mulrennan, Paul"	"Ryan, K A"	"1m.5f "	"3"	"10"
"14:40:00"	"2008-09-21"	"Hamilton"	"Kinout (IRE)"	"3.50"	"5.12"	"Handicap"	"5"	"10"	"Sousa, Silvestre De"	"Ryan, K A"	"6f "	"3"	"19"
"15:30:00"	"2008-09-20"	"Ayr"	"Evens And Odds (IRE)"	"66.00"	"120"	"Handicap"	"18"	"27"	"Catlin, Chris"	"Ryan, K A"	"6f "	"4"	"7"
"16:00:00"	"2008-09-15"	"Leicester"	"Errigal Lad"	"4.00"	"5.96"	"Handicap"	"1"	"12"	"Callan, N"	"Ryan, K A"	"6f "	"3"	"21"
"17:50:00"	"2008-09-13"	"Chester"	"Thunderstruck"	"11.00"	"19"	"Handicap"	"5"	"8"	"Norton, Francis"	"Ryan, K A"	"1m2.5f "	"3"	"23"
"15:30:00"	"2008-09-07"	"Thirsk"	"Horatio Carter"	"5.00"	"6.63"	"Handicap"	"9"	"9"	"Hanagan, Paul"	"Ryan, K A"	"7f "	"3"	"26"
"14:50:00"	"2008-08-27"	"Catterick"	"Tugalu (IRE)"	"5.00"	"6.26"	"Maiden"	"5"	"10"	"Norton, Francis"	"Ryan, K A"	"6f "	"3"	"13"
"15:00:00"	"2008-08-25"	"Ripon"	"Errigal Lad"	"5.00"	"6.9"	"Handicap"	"3"	"9"	"Mulrennan, Paul"	"Ryan, K A"	"6f "	"3"	"10"
"14:00:00"	"2008-08-24"	"Beverley"	"Royal Applord"	"7.50"	"11.19"	"Claimer"	"12"	"12"	"Mulrennan, Paul"	"Ryan, K A"	"7.5f "	"3"	"2"
"14:20:00"	"2008-08-23"	"Beverley"	"Tiger Dream"	"11.00"	"13.73"	"Handicap"	"9"	"9"	"Lynch, Fergal"	"Ryan, K A"	"1m2f "	"3"	"14"
"19:40:00"	"2008-08-21"	"Chester"	"Thunderstruck"	"25.00"	"36.44"	"Handicap"	"7"	"9"	"Kelly, Shane"	"Ryan, K A"	"1m2.5f "	"3"	"90"
"18:30:00"	"2008-08-11"	"Thirsk"	"Montiboli (IRE)"	"3.33"	"4.56"	"Handicap"	"3"	"7"	"Callan, N"	"Ryan, K A"	"1m "	"3"	"26"
"15:50:00"	"2008-08-09"	"Newmarket (July)"	"Cobo Bay"	"16.00"	"20"	"Handicap"	"6"	"11"	"Dobbs, Pat"	"Ryan, K A"	"7f "	"3"	"22"
"14:40:00"	"2008-08-09"	"Newmarket (July)"	"Tiger Dream"	"12.00"	"16.18"	"Handicap"	"4"	"10"	"Egan, John"	"Ryan, K A"	"1m2f "	"3"	"14"
"19:45:00"	"2008-08-04"	"Carlisle"	"Horatio Carter"	"6.00"	"9.06"	"Handicap"	"1"	"12"	"Ffrench, Royston"	"Ryan, K A"	"7f "	"3"	"8"
"20:35:00"	"2008-08-02"	"Hamilton"	"Tugalu (IRE)"	"3.50"	"4.93"	"Maiden"	"4"	"9"	"Brown, Neil"	"Ryan, K A"	"6f "	"3"	"14"
"15:25:00"	"2008-08-02"	"Doncaster"	"Hammadi (IRE)"	"7.00"	"10.12"	"Non-Handicap"	"7"	"9"	"Callan, N"	"Ryan, K A"	"6f "	"3"	"49"
"16:55:00"	"2008-07-26"	"Ascot"	"Tiger Dream"	"14.00"	"16"	"Handicap"	"9"	"20"	"Ryan, Amy"	"Ryan, K A"	"7f "	"3"	"42"
"17:05:00"	"2008-07-19"	"Ripon"	"Tugalu (IRE)"	"6.00"	"9.2"	"Handicap Maiden"	"12"	"20"	"Gillies, C I"	"Ryan, K A"	"6f "	"3"	"29"
"15:40:00"	"2008-07-18"	"Newbury"	"Cobo Bay"	"10.00"	"16.42"	"Non-Handicap"	"7"	"8"	"Holland, Darryll"	"Ryan, K A"	"7f "	"3"	"41"
"14:15:00"	"2008-07-15"	"Beverley"	"Royal Applord"	"6.50"	"9.18"	"Claimer"	"1"	"10"	"Mulrennan, Paul"	"Ryan, K A"	"7.5f "	"3"	"24"
"14:45:00"	"2008-07-11"	"York"	"Eastern Romance (OLD)"	"8.00"	"12.43"	"Non-Handicap"	"6"	"11"	"Lynch, Fergal"	"Ryan, K A"	"6f "	"3"	"20"
"16:05:00"	"2008-07-09"	"Catterick"	"Kinout (IRE)"	"6.00"	"8.67"	"Handicap"	"3"	"7"	"Lynch, Fergal"	"Ryan, K A"	"6f "	"3"	"8"
"21:05:00"	"2008-07-05"	"Carlisle"	"Horatio Carter"	"12.00"	"17"	"Handicap"	"1"	"14"	"Winston, Robert"	"Ryan, K A"	"7f "	"3"	"14"
"19:10:00"	"2008-07-03"	"Redcar"	"Hasty Lady"	"3.00"	"4.54"	"Seller"	"1"	"11"	"Gannon, Catherine"	"Ryan, K A"	"1m "	"3"	"22"
"19:50:00"	"2008-07-01"	"Thirsk"	"Montiboli (IRE)"	"3.33"	"4.8"	"Handicap"	"3"	"8"	"Callan, N"	"Ryan, K A"	"1m "	"3"	"25"
"15:45:00"	"2008-06-30"	"Pontefract"	"Anosti"	"10.00"	"12.14"	"Handicap"	"10"	"11"	"ODonohoe, D"	"Ryan, K A"	"6f "	"3"	"12"
"20:15:00"	"2008-06-27"	"Chester"	"Fast Feet"	"1.10"	"2.28"	"Claimer"	"3"	"3"	"Mulrennan, Paul"	"Ryan, K A"	"6f "	"3"	"21"
"19:55:00"	"2008-06-27"	"Newcastle"	"Romantic Destiny"	"8.00"	"12"	"Maiden"	"4"	"9"	"Callan, N"	"Ryan, K A"	"7f "	"3"	"30"
"17:10:00"	"2008-06-22"	"Pontefract"	"Splash The Cash"	"8.00"	"12"	"Handicap"	"4"	"11"	"ODonohoe, D"	"Ryan, K A"	"6f "	"3"	"30"
"21:15:00"	"2008-06-21"	"Haydock"	"Royal Applord"	"33.00"	"48.88"	"Handicap"	"10"	"12"	"Ffrench, Royston"	"Ryan, K A"	"1m "	"3"	"58"
"19:55:00"	"2008-06-18"	"Ripon"	"Anosti"	"16.00"	"20.14"	"Handicap"	"5"	"9"	"Fessey, Paul"	"Ryan, K A"	"6f "	"3"	"39"
"13:40:00"	"2008-06-07"	"Epsom"	"Cobo Bay"	"16.00"	"21"	"Handicap"	"8"	"12"	"Callan, N"	"Ryan, K A"	"1m2f "	"3"	"43"
"19:40:00"	"2008-06-06"	"Doncaster"	"Golden Dagger (IRE)"	"33.00"	"50"	"Handicap"	"8"	"9"	"ODonohoe, D"	"Ryan, K A"	"1m2.5f "	"4"	"69"
"15:35:00"	"2008-06-06"	"Catterick"	"Makshoof (IRE)"	"4.50"	"6.53"	"Handicap"	"5"	"8"	"Lynch, Fergal"	"Ryan, K A"	"6f "	"4"	"50"
"19:00:00"	"2008-06-04"	"Leopardstown"	"Eastern Romance (OLD)"	"16.00"	"30"	"Non-Handicap"	"2"	"10"	"Lynch, Fergal"	"Ryan, K A"	"6f "	"3"	"235"
"16:00:00"	"2008-06-03"	"Ripon"	"Hasty Lady"	"50.00"	"68.88"	"Handicap"	"7"	"10"	"Mullen, Andrew"	"Ryan, K A"	"1m2f "	"3"	"29"
"21:05:00"	"2008-05-28"	"Beverley"	"Romantic Destiny"	"12.00"	"17.98"	"Maiden"	"2"	"10"	"Lynch, Fergal"	"Ryan, K A"	"7.5f "	"3"	"16"
"15:15:00"	"2008-05-24"	"Catterick"	"Captain Jacksparra (IRE)"	"2.75"	"3.8"	"Handicap"	"2"	"7"	"Lynch, Fergal"	"Ryan, K A"	"7f "	"4"	"14"
"15:50:00"	"2008-05-12"	"Redcar"	"Romantic Destiny"	"8.00"	"10.8"	"Maiden"	"5"	"16"	"Lynch, Fergal"	"Ryan, K A"	"6f "	"3"	"234"
"14:55:00"	"2008-05-10"	"Nottingham"	"Anosti"	"7.50"	"11.18"	"Handicap"	"10"	"11"	"ODonohoe, D"	"Ryan, K A"	"6f "	"3"	"14"
"14:20:00"	"2008-05-10"	"Ascot"	"Captain Jacksparra (IRE)"	"33.00"	"45.15"	"Handicap"	"18"	"22"	"Donohoe, Stephen"	"Ryan, K A"	"7f "	"4"	"21"
"15:15:00"	"2008-05-05"	"Warwick"	"Hasty Lady"	"22.00"	"45.2"	"Handicap"	"10"	"13"	"Mulrennan, Paul"	"Ryan, K A"	"7f "	"3"	"24"
"15:40:00"	"2008-04-26"	"Ripon"	"Philanthropy"	"33.00"	"49.1"	"Handicap"	"9"	"9"	"ODonohoe, D"	"Ryan, K A"	"2m "	"4"	"168"
"14:30:00"	"2008-04-26"	"Ripon"	"Anosti"	"11.00"	"13.72"	"Handicap"	"6"	"12"	"Callan, N"	"Ryan, K A"	"6f "	"3"	"10"
"17:05:00"	"2008-04-17"	"Ripon"	"Makshoof (IRE)"	"11.00"	"14.47"	"Handicap"	"4"	"14"	"Mulrennan, Paul"	"Ryan, K A"	"6f "	"4"	"16"
"15:10:00"	"2008-04-17"	"Newmarket (Rowley)"	"Evens And Odds (IRE)"	"66.00"	"85"	"Non-Handicap"	"8"	"20"	"Durcan, Ted"	"Ryan, K A"	"6f "	"4"	"40"
"17:35:00"	"2008-04-11"	"Doncaster"	"Hasty Lady"	"10.00"	"14.5"	"Maiden"	"4"	"10"	"Winston, Robert"	"Ryan, K A"	"7f "	"3"	"175"
"16:50:00"	"2008-04-11"	"Musselburgh"	"Cha Cha Cha"	"6.00"	"8.6"	"Handicap"	"3"	"8"	"Callan, N"	"Ryan, K A"	"1m "	"4"	"13"
"16:25:00"	"2008-04-11"	"Doncaster"	"Hes A Humbug (IRE)"	"18.00"	"33.34"	"Handicap"	"13"	"18"	"Gannon, Catherine"	"Ryan, K A"	"6f "	"4"	"200"
"16:55:00"	"2008-03-24"	"Redcar"	"Westport"	"8.50"	"10.21"	"Handicap"	"17"	"18"	"Callan, N"	"Ryan, K A"	"1m "	"5"	"38"
"15:20:00"	"2008-03-23"	"Musselburgh"	"Cha Cha Cha"	"4.00"	"5.52"	"Handicap"	"1"	"8"	"Callan, N"	"Ryan, K A"	"7f "	"4"	"66"
"15:25:00"	"2008-03-22"	"Doncaster"	"Wi Dud"	"5.00"	"6.8"	"Non-Handicap"	"3"	"15"	"Callan, N"	"Ryan, K A"	"6f "	"4"	"196"
"15:10:00"	"2007-11-10"	"Doncaster"	"Philanthropy"	"16.00"	"0"	"Handicap"	"21"	"21"	"Hanagan, Paul"	"Ryan, K A"	"1m4f "	"3"	"42"
"12:00:00"	"2007-11-10"	"Doncaster"	"Grimes Faith"	"18.00"	"0"	"Handicap"	"3"	"21"	"Morris, Luke"	"Ryan, K A"	"7f "	"4"	"26"
"12:00:00"	"2007-11-10"	"Doncaster"	"Makshoof (IRE)"	"33.00"	"0"	"Handicap"	"6"	"21"	"Mullen, Andrew"	"Ryan, K A"	"7f "	"3"	"50"
"14:20:00"	"2007-10-29"	"Leicester"	"Berts Memory"	"6.50"	"0"	"Claimer"	"6"	"16"	"Gemelova, Natalia"	"Ryan, K A"	"7f "	"3"	"3"
"16:20:00"	"2007-10-19"	"Newmarket (Rowley)"	"Thunderousapplause"	"66.00"	"0"	"Non-Handicap"	"16"	"17"	"Callan, N"	"Ryan, K A"	"6f "	"3"	"13"
"16:50:00"	"2007-10-13"	"York"	"Golden Dagger (IRE)"	"25.00"	"0"	"Handicap"	"12"	"12"	"Mulrennan, Paul"	"Ryan, K A"	"1m2.5f "	"3"	"93"
"15:10:00"	"2007-10-13"	"York"	"Eastern Romance (OLD)"	"100.00"	"0"	"Non-Handicap"	"4"	"15"	"Mulrennan, Paul"	"Ryan, K A"	"6f "	"2"	"15"
"15:10:00"	"2007-10-13"	"York"	"Mazzanti"	"16.00"	"0"	"Non-Handicap"	"13"	"15"	"Callan, N"	"Ryan, K A"	"6f "	"2"	"28"
"15:35:00"	"2007-10-06"	"Redcar"	"New Jersey (IRE)"	"40.00"	"0"	"Non-Handicap"	"9"	"23"	"Callan, N"	"Ryan, K A"	"6f "	"2"	"15"
"15:35:00"	"2007-10-06"	"Redcar"	"Kersaint (IRE)"	"40.00"	"0"	"Non-Handicap"	"11"	"23"	"ODonohoe, D"	"Ryan, K A"	"6f "	"2"	"22"
"15:35:00"	"2007-10-06"	"Redcar"	"Russian Reel"	"18.00"	"0"	"Non-Handicap"	"19"	"23"	"Cosgrave, Pat"	"Ryan, K A"	"6f "	"2"	"19"
"16:55:00"	"2007-10-04"	"Newmarket (Rowley)"	"El Soprano (IRE)"	"66.00"	"0"	"Handicap"	"13"	"15"	"Quinn, T"	"Ryan, K A"	"6f "	"3"	"68"
"16:35:00"	"2007-09-29"	"Chester"	"Philanthropy"	"16.00"	"0"	"Handicap"	"4"	"12"	"Callan, N"	"Ryan, K A"	"1m2.5f "	"3"	"11"
"17:55:00"	"2007-09-22"	"Catterick"	"Smash NGrab (IRE)"	"11.00"	"0"	"Handicap"	"4"	"15"	"Mulrennan, Paul"	"Ryan, K A"	"7f "	"3"	"27"
"17:25:00"	"2007-09-22"	"Newbury"	"Soviet Palace (IRE)"	"50.00"	"0"	"Handicap"	"12"	"16"	"ODonohoe, D"	"Ryan, K A"	"7f "	"3"	"26"
"16:40:00"	"2007-09-21"	"Ayr"	"Northern Empire (IRE) (OLD)"	"50.00"	"0"	"Handicap"	"17"	"26"	"Egan, John"	"Ryan, K A"	"6f "	"4"	"13"
"16:40:00"	"2007-09-21"	"Ayr"	"Makshoof (IRE)"	"40.00"	"0"	"Handicap"	"19"	"26"	"Fairley, Greg"	"Ryan, K A"	"6f "	"3"	"30"
"13:35:00"	"2007-09-14"	"Doncaster"	"Kersaint (IRE)"	"20.00"	"0"	"Handicap Nursery"	"7"	"8"	"ODonohoe, D"	"Ryan, K A"	"7f "	"2"	"24"
"15:35:00"	"2007-09-12"	"Haydock"	"Russian Reel"	"8.00"	"0"	"Handicap Nursery"	"2"	"13"	"Cosgrave, Pat"	"Ryan, K A"	"6f "	"2"	"20"
"15:10:00"	"2007-09-08"	"Haydock"	"Wi Dud"	"33.00"	"0"	"Non-Handicap"	"7"	"14"	"ODonohoe, D"	"Ryan, K A"	"6f "	"3"	"16"
"16:10:00"	"2007-09-06"	"Salisbury"	"Romantic Destiny"	"11.00"	"0"	"Non-Handicap"	"9"	"9"	"Norton, Francis"	"Ryan, K A"	"6f "	"2"	"14"
"15:05:00"	"2007-09-05"	"York"	"Philanthropy"	"25.00"	"0"	"Handicap"	"1"	"7"	"Egan, John"	"Ryan, K A"	"1m4f "	"3"	"13"
"15:00:00"	"2007-08-27"	"Ripon"	"Soviet Palace (IRE)"	"14.00"	"0"	"Handicap"	"9"	"14"	"Moriarty, Jamie"	"Ryan, K A"	"6f "	"3"	"25"
"17:00:00"	"2007-08-23"	"York"	"Philanthropy"	"66.00"	"0"	"Handicap"	"17"	"19"	"Callan, N"	"Ryan, K A"	"1m6f "	"3"	"54"
"15:50:00"	"2007-08-23"	"York"	"Advanced"	"18.00"	"0"	"Non-Handicap"	"2"	"14"	"Callan, N"	"Ryan, K A"	"7f "	"4"	"11"
"14:05:00"	"2007-08-23"	"York"	"Romantic Destiny"	"150.00"	"0"	"Non-Handicap"	"7"	"10"	"Norton, Francis"	"Ryan, K A"	"6f "	"2"	"14"
"15:00:00"	"2007-08-22"	"Hamilton"	"Rann Na Cille (IRE)"	"8.00"	"0"	"Handicap"	"6"	"10"	"Moriarty, Jamie"	"Ryan, K A"	"6f "	"3"	"6"
"16:15:00"	"2007-08-12"	"Curragh"	"Advanced"	"11.00"	"0"	"Non-Handicap"	"7"	"7"	"Callan, N"	"Ryan, K A"	"6f "	"4"	"8"
"15:55:00"	"2007-08-04"	"Goodwood"	"Advanced"	"33.00"	"0"	"Handicap"	"16"	"27"	"Durcan, Ted"	"Ryan, K A"	"6f "	"4"	"105"
"17:10:00"	"2007-08-03"	"Goodwood"	"Hes A Humbug (IRE)"	"66.00"	"0"	"Handicap"	"15"	"27"	"Callan, N"	"Ryan, K A"	"6f "	"3"	"13"
"16:35:00"	"2007-08-02"	"Goodwood"	"Soviet Palace (IRE)"	"22.00"	"0"	"Handicap"	"16"	"16"	"Callan, N"	"Ryan, K A"	"7f "	"3"	"13"
"18:35:00"	"2007-08-01"	"Leicester"	"Smash NGrab (IRE)"	"7.50"	"0"	"Claimer"	"1"	"11"	"Mullen, Andrew"	"Ryan, K A"	"7f "	"3"	"5"
"15:55:00"	"2007-08-01"	"Redcar"	"Apache Dawn"	"11.00"	"0"	"Handicap"	"9"	"10"	"ODonohoe, D"	"Ryan, K A"	"1m "	"3"	"15"
"17:25:00"	"2007-07-28"	"Ascot"	"Captain Jacksparra (IRE)"	"8.00"	"0"	"Handicap"	"5"	"13"	"Murtagh, J"	"Ryan, K A"	"6f "	"3"	"15"
"15:10:00"	"2007-07-28"	"Ascot"	"El Soprano (IRE)"	"40.00"	"0"	"Handicap"	"15"	"17"	"ODonohoe, D"	"Ryan, K A"	"1m "	"3"	"17"
"16:15:00"	"2007-07-27"	"Thirsk"	"Prince Golan (IRE)"	"16.00"	"0"	"Handicap"	"6"	"7"	"Callan, N"	"Ryan, K A"	"1m4f "	"3"	"14"
"15:40:00"	"2007-07-27"	"Thirsk"	"Smash NGrab (IRE)"	"4.50"	"0"	"Handicap Seller"	"2"	"11"	"Callan, N"	"Ryan, K A"	"1m "	"3"	"11"
"15:35:00"	"2007-07-21"	"Newmarket (July)"	"Blades Girl"	"16.00"	"0"	"Handicap"	"9"	"11"	"Callan, N"	"Ryan, K A"	"6f "	"4"	"300"
"18:45:00"	"2007-07-20"	"Newmarket (July)"	"Soviet Palace (IRE)"	"16.00"	"0"	"Handicap"	"5"	"11"	"Callan, N"	"Ryan, K A"	"7f "	"3"	"55"
"15:15:00"	"2007-07-17"	"Beverley"	"Apache Dawn"	"6.00"	"0"	"Handicap"	"6"	"8"	"Mullen, Andrew"	"Ryan, K A"	"7.5f "	"3"	"12"
"14:15:00"	"2007-07-17"	"Beverley"	"Rann Na Cille (IRE)"	"4.00"	"0"	"Claimer"	"5"	"11"	"Mullen, Andrew"	"Ryan, K A"	"7.5f "	"3"	"6"
"21:20:00"	"2007-07-14"	"Hamilton"	"Tomorrows Dancer"	"3.50"	"0"	"Handicap"	"5"	"10"	"Cosgrave, Pat"	"Ryan, K A"	"1m.5f "	"3"	"11"
"20:40:00"	"2007-07-13"	"Chester"	"Prince Golan (IRE)"	"8.00"	"0"	"Handicap"	"8"	"8"	"Ffrench, Royston"	"Ryan, K A"	"1m2.5f "	"3"	"20"
"20:20:00"	"2007-07-13"	"Hamilton"	"King Orchisios (IRE)"	"22.00"	"0"	"Handicap"	"11"	"12"	"McDonald, P J"	"Ryan, K A"	"6f "	"4"	"24"
"13:30:00"	"2007-07-13"	"Newmarket (July)"	"Captain Jacksparra (IRE)"	"33.00"	"0"	"Handicap"	"14"	"17"	"Callan, N"	"Ryan, K A"	"1m "	"3"	"42"
"14:35:00"	"2007-07-12"	"Newmarket (July)"	"Golden Dagger (IRE)"	"66.00"	"0"	"Handicap"	"13"	"19"	"ODonohoe, D"	"Ryan, K A"	"1m2f "	"3"	"21"
"13:30:00"	"2007-07-11"	"Newmarket (July)"	"El Soprano (IRE)"	"40.00"	"0"	"Handicap"	"7"	"19"	"Callan, N"	"Ryan, K A"	"7f "	"3"	"9"
"14:45:00"	"2007-07-03"	"Hamilton"	"Tomorrows Dancer"	"16.00"	"0"	"Handicap"	"4"	"14"	"ODonohoe, D"	"Ryan, K A"	"1m.5f "	"3"	"29"
"15:45:00"	"2007-06-23"	"Ascot"	"Wi Dud"	"40.00"	"0"	"Non-Handicap"	"13"	"21"	"Kinane, M J"	"Ryan, K A"	"6f "	"3"	"23"
"14:55:00"	"2007-06-23"	"Ayr"	"Prince Golan (IRE)"	"20.00"	"0"	"Handicap"	"6"	"10"	"ODonohoe, D"	"Ryan, K A"	"1m1f "	"3"	"37"
"16:10:00"	"2007-06-22"	"Ayr"	"Pegasus Dancer (FR)"	"8.00"	"0"	"Handicap"	"3"	"7"	"Ffrench, Royston"	"Ryan, K A"	"6f "	"3"	"18"
"17:30:00"	"2007-06-21"	"Ascot"	"Golden Dagger (IRE)"	"66.00"	"0"	"Handicap"	"19"	"19"	"ODonohoe, D"	"Ryan, K A"	"1m4f "	"3"	"19"
"15:30:00"	"2007-06-12"	"Redcar"	"Naughty Thoughts (IRE)"	"12.00"	"0"	"Handicap"	"10"	"11"	"Callan, N"	"Ryan, K A"	"7f "	"3"	"13"
"18:50:00"	"2007-06-08"	"Haydock"	"Champagne Shadow (IRE)"	"8.00"	"0"	"Handicap"	"11"	"17"	"Ryan, Amy"	"Ryan, K A"	"1m2.5f "	"6"	"13"
"15:50:00"	"2007-06-04"	"Carlisle"	"Tomorrows Dancer"	"5.50"	"0"	"Handicap"	"9"	"13"	"ODonohoe, D"	"Ryan, K A"	"6f "	"3"	"21"
"14:00:00"	"2007-06-02"	"Epsom"	"Golden Dagger (IRE)"	"33.00"	"0"	"Handicap"	"3"	"14"	"Callan, N"	"Ryan, K A"	"1m2f "	"3"	"14"
"17:10:00"	"2007-05-26"	"Beverley"	"Champagne Shadow (IRE)"	"8.00"	"0"	"Handicap"	"5"	"12"	"Ryan, Amy"	"Ryan, K A"	"1m2f "	"6"	"131"
"17:15:00"	"2007-05-19"	"Newmarket (Rowley)"	"Westport"	"7.00"	"0"	"Handicap"	"5"	"18"	"ODonohoe, D"	"Ryan, K A"	"6f "	"4"	"19"
"15:15:00"	"2007-05-16"	"York"	"Amadeus Wolf"	"3.00"	"0"	"Non-Handicap"	"1"	"17"	"Callan, N"	"Ryan, K A"	"6f "	"4"	"256"
"16:35:00"	"2007-05-11"	"Chester"	"My Arch"	"7.00"	"0"	"Handicap"	"9"	"12"	"ODonohoe, D"	"Ryan, K A"	"1m4.5f "	"5"	"29"
"16:15:00"	"2007-04-21"	"Thirsk"	"Advanced"	"0.91"	"0"	"Non-Handicap"	"5"	"9"	"Callan, N"	"Ryan, K A"	"6f "	"4"	"217"
"15:40:00"	"2007-04-20"	"Thirsk"	"Danetime Lord (IRE)"	"7.00"	"0"	"Handicap"	"9"	"11"	"Gannon, Catherine"	"Ryan, K A"	"7f "	"4"	"21"
"14:05:00"	"2007-04-14"	"Newcastle"	"Quai Du Roi (IRE)"	"12.00"	"0"	"Handicap"	"RR"	"17"	"Callan, N"	"Ryan, K A"	"1m "	"5"	"5"
"17:40:00"	"2007-04-12"	"Leicester"	"My Arch"	"7.50"	"0"	"Handicap"	"9"	"12"	"Callan, N"	"Ryan, K A"	"7f "	"5"	"194"
"17:15:00"	"2007-04-09"	"Musselburgh"	"Quai Du Roi (IRE)"	"2.00"	"0"	"Handicap"	"4"	"8"	"Callan, N"	"Ryan, K A"	"1m "	"5"	"16"
"14:20:00"	"2007-04-04"	"Catterick"	"Tyrone Sam"	"6.00"	"0"	"Seller"	"14"	"15"	"Cosgrave, Pat"	"Ryan, K A"	"7f "	"5"	"20"
"13:30:00"	"2006-10-31"	"Catterick"	"Berts Memory"	"4.50"	"0"	"Maiden"	"4"	"9"	"Gannon, Catherine"	"Ryan, K A"	"7f "	"2"	"17"
"16:45:00"	"2006-10-28"	"Ayr"	"Spiritual Peace (IRE)"	"40.00"	"0"	"Handicap"	"11"	"13"	"Mulrennan, Paul"	"Ryan, K A"	"6f "	"3"	"35"
"17:20:00"	"2006-10-21"	"Newbury"	"Champagne Shadow (IRE)"	"4.50"	"0"	"Handicap"	"12"	"16"	"Ryan, Amy"	"Ryan, K A"	"1m4f "	"5"	"52"
"15:45:00"	"2006-10-09"	"Ayr"	"Bolckow"	"7.50"	"0"	"Claimer"	"5"	"9"	"Mullen, Andrew"	"Ryan, K A"	"1m1f "	"3"	"9"
"16:20:00"	"2006-10-03"	"Catterick"	"Jumeirah Scarer"	"8.00"	"0"	"Handicap"	"6"	"15"	"Mullen, Andrew"	"Ryan, K A"	"2m "	"5"	"22"
"16:00:00"	"2006-09-30"	"Redcar"	"Bolckow"	"20.00"	"0"	"Seller"	"6"	"13"	"Mulrennan, Paul"	"Ryan, K A"	"1m3f "	"3"	"10"
"14:35:00"	"2006-09-23"	"Ascot"	"Gweebarra"	"8.50"	"0"	"Non-Handicap"	"7"	"7"	"Callan, N"	"Ryan, K A"	"1m "	"2"	"14"
"14:00:00"	"2006-09-22"	"Ascot"	"King Orchisios (IRE)"	"20.00"	"0"	"Handicap"	"7"	"16"	"Callan, N"	"Ryan, K A"	"6f "	"3"	"13"
"16:20:00"	"2006-09-20"	"Redcar"	"Bolckow"	"8.00"	"0"	"Seller"	"4"	"17"	"Mullen, Andrew"	"Ryan, K A"	"1m2f "	"3"	"7"
"17:00:00"	"2006-09-19"	"Beverley"	"Rainbows Classic"	"20.00"	"0"	"Handicap"	"5"	"13"	"Mullen, Andrew"	"Ryan, K A"	"1m.5f "	"3"	"22"
"14:10:00"	"2006-09-16"	"Ayr"	"Amber Valley"	"28.00"	"0"	"Non-Handicap"	"7"	"7"	"Darley, K"	"Ryan, K A"	"6f "	"2"	"19"
"15:50:00"	"2006-09-13"	"Beverley"	"Bolckow"	"16.00"	"0"	"Handicap"	"5"	"17"	"Mullen, Andrew"	"Ryan, K A"	"1m.5f "	"3"	"34"
"14:15:00"	"2006-09-02"	"Haydock"	"Amadeus Wolf"	"4.00"	"0"	"Non-Handicap"	"3"	"11"	"Callan, N"	"Ryan, K A"	"6f "	"3"	"9"
"17:10:00"	"2006-09-01"	"Haydock"	"Darling Deanie (IRE)"	"5.50"	"0"	"Handicap"	"9"	"9"	"Walker, Mr S"	"Ryan, K A"	"1m2.5f "	"4"	"48"
"17:20:00"	"2006-08-28"	"Ripon"	"Rainbows Classic"	"10.00"	"0"	"Handicap"	"5"	"11"	"Callan, N"	"Ryan, K A"	"1m2f "	"3"	"14"
"14:35:00"	"2006-08-28"	"Warwick"	"Danetime Lord (IRE)"	"14.00"	"0"	"Handicap"	"4"	"12"	"Gannon, Catherine"	"Ryan, K A"	"6f "	"3"	"58"
"17:10:00"	"2006-08-22"	"York"	"Desert Commander (IRE)"	"20.00"	"0"	"Handicap"	"17"	"17"	"Callan, N"	"Ryan, K A"	"6f "	"4"	"3"
"15:30:00"	"2006-08-19"	"Ripon"	"Desert Commander (IRE)"	"25.00"	"0"	"Handicap"	"16"	"19"	"ODonohoe, D"	"Ryan, K A"	"6f "	"4"	"14"
"15:00:00"	"2006-08-18"	"Newcastle"	"Korolieva (IRE)"	"50.00"	"0"	"Handicap"	"10"	"12"	"ODonohoe, D"	"Ryan, K A"	"1m "	"3"	"336"
"19:05:00"	"2006-08-16"	"Sandown"	"Blades Girl"	"10.00"	"0"	"Handicap"	"2"	"11"	"Gannon, Catherine"	"Ryan, K A"	"7f "	"3"	"13"
"20:25:00"	"2006-08-14"	"Thirsk"	"Rainbows Classic"	"12.00"	"0"	"Handicap"	"9"	"10"	"ODonohoe, D"	"Ryan, K A"	"1m "	"3"	"44"
"18:55:00"	"2006-08-14"	"Thirsk"	"Jumeirah Scarer"	"5.50"	"0"	"Handicap"	"5"	"8"	"ODonohoe, D"	"Ryan, K A"	"2m "	"5"	"7"
"13:50:00"	"2006-08-12"	"Redcar"	"Granny Peel (IRE)"	"2.00"	"0"	"Seller"	"10"	"13"	"ODonohoe, D"	"Ryan, K A"	"6f "	"2"	"19"
"15:10:00"	"2006-08-10"	"Haydock"	"Bolckow"	"12.00"	"0"	"Maiden Claimer"	"6"	"15"	"Callan, N"	"Ryan, K A"	"1m "	"3"	"17"
"16:50:00"	"2006-08-07"	"Ripon"	"Jumeirah Scarer"	"20.00"	"0"	"Handicap"	"2"	"12"	"Callan, N"	"Ryan, K A"	"1m4f "	"5"	"35"
"16:25:00"	"2006-08-03"	"Goodwood"	"High Curragh"	"9.00"	"0"	"Handicap"	"2"	"15"	"Callan, N"	"Ryan, K A"	"7f "	"3"	"22"
"16:25:00"	"2006-08-03"	"Goodwood"	"Blades Girl"	"16.00"	"0"	"Handicap"	"6"	"15"	"Mullen, Andrew"	"Ryan, K A"	"7f "	"3"	"22"
"13:40:00"	"2006-07-30"	"Ascot"	"Guto"	"11.00"	"0"	"Handicap"	"9"	"10"	"Mullen, Andrew"	"Ryan, K A"	"6f "	"3"	"43"
"14:20:00"	"2006-07-16"	"Haydock"	"Tamatave (IRE)"	"14.00"	"0"	"Handicap"	"9"	"10"	"ODonohoe, D"	"Ryan, K A"	"7f "	"4"	"8"
"15:10:00"	"2006-07-14"	"Newmarket (July)"	"Amadeus Wolf"	"10.00"	"0"	"Non-Handicap"	"4"	"15"	"Callan, N"	"Ryan, K A"	"6f "	"3"	"20"
"16:20:00"	"2006-07-12"	"Newmarket (July)"	"Blades Girl"	"16.00"	"0"	"Handicap"	"3"	"11"	"Callan, N"	"Ryan, K A"	"7f "	"3"	"11"
"14:00:00"	"2006-07-12"	"Newmarket (July)"	"High Curragh"	"10.00"	"0"	"Handicap"	"7"	"20"	"Callan, N"	"Ryan, K A"	"6f "	"3"	"25"
"17:45:00"	"2006-07-08"	"Haydock"	"Tamatave (IRE)"	"16.00"	"0"	"Handicap"	"5"	"12"	"Callan, N"	"Ryan, K A"	"1m "	"4"	"48"
"20:30:00"	"2006-07-04"	"Thirsk"	"North Walk (IRE)"	"16.00"	"0"	"Handicap"	"2"	"7"	"Callan, N"	"Ryan, K A"	"1m "	"3"	"45"
"17:15:00"	"2006-07-03"	"Pontefract"	"Jumeirah Scarer"	"16.00"	"0"	"Handicap"	"6"	"12"	"Ahern, Eddie"	"Ryan, K A"	"1m "	"5"	"354"
"17:25:00"	"2006-07-01"	"Newcastle"	"Rainbows Classic"	"10.00"	"0"	"Handicap"	"7"	"8"	"ODonohoe, D"	"Ryan, K A"	"1m "	"3"	"15"
"16:05:00"	"2006-07-01"	"Newmarket (July)"	"Danetime Lord (IRE)"	"3.50"	"0"	"Handicap"	"5"	"9"	"Callan, N"	"Ryan, K A"	"6f "	"3"	"56"
"15:45:00"	"2006-06-24"	"Ascot"	"Balthazaars Gift (IRE)"	"50.00"	"0"	"Non-Handicap"	"2"	"18"	"Spencer, Jamie"	"Ryan, K A"	"6f "	"3"	"38"
"15:45:00"	"2006-06-24"	"Ascot"	"Amadeus Wolf"	"7.00"	"0"	"Non-Handicap"	"5"	"18"	"Callan, N"	"Ryan, K A"	"6f "	"3"	"49"
"17:30:00"	"2006-06-16"	"Nottingham"	"Rainbows Classic"	"5.00"	"0"	"Handicap"	"5"	"11"	"Callan, N"	"Ryan, K A"	"1m "	"3"	"26"
"14:40:00"	"2006-05-27"	"Haydock"	"Guto"	"16.00"	"0"	"Non-Handicap"	"2"	"8"	"ODonohoe, D"	"Ryan, K A"	"6f "	"3"	"16"
"15:10:00"	"2006-05-21"	"Ripon"	"Tamatave (IRE)"	"25.00"	"0"	"Handicap"	"11"	"13"	"ODonohoe, D"	"Ryan, K A"	"1m2f "	"4"	"15"
"15:45:00"	"2006-05-20"	"Thirsk"	"North Walk (IRE)"	"20.00"	"0"	"Handicap"	"2"	"13"	"Mullen, Andrew"	"Ryan, K A"	"1m "	"3"	"10"
"14:25:00"	"2006-05-13"	"Newmarket (Rowley)"	"Wigwam Willie (IRE)"	"11.00"	"0"	"Handicap"	"5"	"8"	"ODonohoe, D"	"Ryan, K A"	"1m "	"4"	"21"
"19:05:00"	"2006-05-10"	"Ripon"	"North Walk (IRE)"	"20.00"	"0"	"Handicap"	"9"	"10"	"ODonohoe, D"	"Ryan, K A"	"1m "	"3"	"20"
"14:30:00"	"2006-04-29"	"Ripon"	"High Curragh"	"5.50"	"0"	"Handicap"	"2"	"9"	"ODonohoe, D"	"Ryan, K A"	"6f "	"3"	"9"
"15:05:00"	"2006-04-22"	"Thirsk"	"Wigwam Willie (IRE)"	"7.00"	"0"	"Handicap"	"8"	"16"	"ODonohoe, D"	"Ryan, K A"	"7f "	"4"	"18"
"14:45:00"	"2006-04-20"	"Ripon"	"North Walk (IRE)"	"14.00"	"0"	"Handicap"	"14"	"17"	"ODonohoe, D"	"Ryan, K A"	"6f "	"3"	"180"
"14:35:00"	"2006-04-20"	"Newmarket (Rowley)"	"High Curragh"	"10.00"	"0"	"Handicap"	"7"	"16"	"Callan, N"	"Ryan, K A"	"6f "	"3"	"170"
"15:20:00"	"2006-04-04"	"Pontefract"	"Wigwam Willie (IRE)"	"20.00"	"0"	"Handicap"	"5"	"12"	"Garner, Helen"	"Ryan, K A"	"1m "	"4"	"150"
"17:15:00"	"2005-10-22"	"Doncaster"	"Wigwam Willie (IRE)"	"8.00"	"0"	"Handicap"	"1"	"20"	"Timmons, C D"	"Ryan, K A"	"7f "	"3"	"36"
"14:50:00"	"2005-10-14"	"Redcar"	"King Alfie"	"5.00"	"0"	"Claimer"	"1"	"18"	"Lynch, Fergal"	"Ryan, K A"	"7f "	"2"	"19"
"14:55:00"	"2005-10-01"	"Redcar"	"Countrywide Belle"	"150.00"	"0"	"Non-Handicap"	"17"	"24"	"Nicholls, Adrian T"	"Ryan, K A"	"6f "	"2"	"10"
"15:40:00"	"2005-09-19"	"Leicester"	"Lake Hero"	"25.00"	"0"	"Handicap Nursery"	"11"	"13"	"Mullen, Andrew"	"Ryan, K A"	"6f "	"2"	"14"
"16:45:00"	"2005-09-16"	"Ayr"	"Wigwam Willie (IRE)"	"9.00"	"0"	"Handicap"	"2"	"13"	"Callan, N"	"Ryan, K A"	"1m "	"3"	"20"
"16:20:00"	"2005-09-14"	"Beverley"	"King Alfie"	"2.00"	"0"	"Maiden"	"1"	"8"	"Callan, N"	"Ryan, K A"	"7.5f "	"2"	"15"
"14:50:00"	"2005-09-11"	"Carlisle"	"Throw The Dice"	"16.00"	"0"	"Handicap"	"11"	"15"	"Mullen, Andrew"	"Ryan, K A"	"6f "	"3"	"50"
"16:55:00"	"2005-09-09"	"Sandown"	"High Dyke"	"12.00"	"0"	"Handicap"	"10"	"15"	"Quinn, Jimmy"	"Ryan, K A"	"1m2f "	"3"	"20"
"14:10:00"	"2005-09-09"	"Doncaster"	"Amber Glory"	"33.00"	"0"	"Non-Handicap"	"11"	"19"	"Nicholls, Adrian T"	"Ryan, K A"	"6f "	"2"	"35"
"14:50:00"	"2005-09-05"	"Warwick"	"Lake Hero"	"18.00"	"0"	"Handicap Nursery"	"8"	"9"	"Mullen, Andrew"	"Ryan, K A"	"6f "	"2"	"29"
"17:00:00"	"2005-08-25"	"Musselburgh"	"Orpendonna (IRE)"	"20.00"	"0"	"Handicap"	"13"	"14"	"Fessey, Paul"	"Ryan, K A"	"7f "	"3"	"17"
"15:15:00"	"2005-08-20"	"Beverley"	"High Dyke"	"50.00"	"0"	"Handicap"	"5"	"14"	"Fessey, Paul"	"Ryan, K A"	"1m2f "	"3"	"37"
"14:35:00"	"2005-08-13"	"Newmarket (July)"	"Coleorton Dane"	"12.00"	"0"	"Handicap"	"8"	"12"	"Callan, N"	"Ryan, K A"	"6f "	"3"	"63"
"15:40:00"	"2005-08-07"	"Redcar"	"Lake Hero"	"14.00"	"0"	"Handicap Nursery"	"7"	"8"	"Callan, N"	"Ryan, K A"	"6f "	"2"	"8"
"19:20:00"	"2005-07-30"	"Hamilton"	"Lake Hero"	"2.50"	"0"	"Handicap Nursery"	"3"	"4"	"Winston, Robert"	"Ryan, K A"	"6f "	"2"	"14"
"15:25:00"	"2005-07-23"	"York"	"Throw The Dice"	"16.00"	"0"	"Handicap"	"6"	"8"	"Hanagan, Paul"	"Ryan, K A"	"7f "	"3"	"37"
"20:25:00"	"2005-07-04"	"Ripon"	"Missperon (IRE)"	"7.50"	"0"	"Handicap"	"8"	"14"	"Callan, N"	"Ryan, K A"	"6f "	"3"	"19"
"16:15:00"	"2005-06-25"	"Curragh"	"Kelly Nicole (IRE)"	"12.00"	"0"	"Handicap"	"12"	"12"	"Gannon, Catherine"	"Ryan, K A"	"1m2f "	"3"	"8"
"16:20:00"	"2005-06-16"	"York"	"Throw The Dice"	"100.00"	"0"	"Handicap"	"20"	"21"	"Callan, N"	"Ryan, K A"	"1m "	"3"	"5"
"19:00:00"	"2005-06-15"	"Nottingham"	"Missperon (IRE)"	"14.00"	"0"	"Handicap"	"9"	"13"	"Callan, N"	"Ryan, K A"	"6f "	"3"	"39"
"21:15:00"	"2005-06-11"	"Leicester"	"Coleorton Dane"	"11.00"	"0"	"Handicap"	"14"	"14"	"Callan, N"	"Ryan, K A"	"7f "	"3"	"15"
"14:05:00"	"2005-05-29"	"Newmarket (Rowley)"	"Ticero"	"4.00"	"0"	"Handicap"	"5"	"14"	"Carberry, Miss N"	"Ryan, K A"	"1m4f "	"4"	"13"
"20:05:00"	"2005-05-27"	"Pontefract"	"Coleorton Dane"	"8.50"	"0"	"Handicap"	"11"	"13"	"Callan, N"	"Ryan, K A"	"1m "	"3"	"13"
"14:55:00"	"2005-05-21"	"Haydock"	"Distinctly Game"	"5.00"	"0"	"Non-Handicap"	"4"	"7"	"Callan, N"	"Ryan, K A"	"6f "	"3"	"255"
"19:55:00"	"2005-05-16"	"Musselburgh"	"Ticero"	"6.00"	"0"	"Handicap"	"3"	"6"	"Callan, N"	"Ryan, K A"	"1m4f "	"4"	"18"
"15:05:00"	"2005-05-14"	"Thirsk"	"Coleorton Dane"	"4.00"	"0"	"Handicap"	"4"	"13"	"Callan, N"	"Ryan, K A"	"1m "	"3"	"23"
"14:50:00"	"2005-05-13"	"Nottingham"	"Blades Boy (OLD)"	"3.33"	"0"	"Handicap"	"4"	"17"	"Callan, N"	"Ryan, K A"	"6f "	"3"	"14"
"16:10:00"	"2005-05-12"	"York"	"Paradise Flight (IRE)"	"16.00"	"0"	"Handicap"	"4"	"20"	"Callan, N"	"Ryan, K A"	"2m4f "	"4"	"30"
"16:00:00"	"2005-05-07"	"Haydock"	"Missperon (IRE)"	"8.00"	"0"	"Handicap"	"9"	"12"	"Culhane, Tony"	"Ryan, K A"	"6f "	"3"	"23"
"17:20:00"	"2005-04-28"	"Redcar"	"Ticero"	"3.50"	"0"	"Handicap"	"8"	"12"	"Spencer, Jamie"	"Ryan, K A"	"1m3f "	"4"	"8"
"14:20:00"	"2005-04-23"	"Ripon"	"Coleorton Dancer"	"14.00"	"0"	"Handicap"	"1"	"9"	"Callan, N"	"Ryan, K A"	"6f "	"3"	"183"
"15:20:00"	"2005-04-21"	"Beverley"	"Coleorton Dane"	"40.00"	"0"	"Handicap"	"2"	"7"	"Carroll, John"	"Ryan, K A"	"7.5f "	"3"	"19"
"16:50:00"	"2005-04-20"	"Catterick"	"Ticero"	"6.50"	"0"	"Handicap"	"3"	"11"	"Spencer, Jamie"	"Ryan, K A"	"1m4f "	"4"	"20"
"14:45:00"	"2005-04-14"	"Ripon"	"Missperon (IRE)"	"16.00"	"0"	"Handicap"	"4"	"19"	"Callan, N"	"Ryan, K A"	"6f "	"3"	"12"
"15:05:00"	"2005-04-12"	"Musselburgh"	"Paradise Flight (IRE)"	"3.50"	"0"	"Handicap"	"8"	"10"	"Mullen, Andrew"	"Ryan, K A"	"2m "	"4"	"6"
"17:30:00"	"2005-04-02"	"Doncaster"	"Coleorton Dane"	"25.00"	"0"	"Handicap"	"15"	"21"	"Callan, N"	"Ryan, K A"	"7f "	"3"	"205"
"12:30:00"	"2004-10-30"	"Ayr"	"Koodoo"	"8.00"	"0"	"Non-Handicap"	"8"	"13"	"Parkin, Gyles"	"Ryan, K A"	"1m2f "	"3"	"68"
"15:45:00"	"2004-10-23"	"Newbury"	"Monsieur Mirasol"	"6.50"	"0"	"Handicap Nursery"	"14"	"20"	"Quinn, T"	"Ryan, K A"	"6f "	"2"	"21"
"14:45:00"	"2004-10-22"	"Doncaster"	"Coleorton Dancer"	"11.00"	"0"	"Non-Handicap"	"13"	"21"	"Fessey, Paul"	"Ryan, K A"	"6f "	"2"	"22"
"15:25:00"	"2004-10-14"	"Newmarket (Rowley)"	"Gifted Gamble"	"14.00"	"0"	"Non-Handicap"	"3"	"29"	"Callan, N"	"Ryan, K A"	"6f "	"2"	"12"
"14:55:00"	"2004-10-02"	"Redcar"	"Dario Gee Gee (IRE)"	"33.00"	"0"	"Non-Handicap"	"3"	"24"	"Callan, N"	"Ryan, K A"	"6f "	"2"	"24"
"14:55:00"	"2004-10-02"	"Redcar"	"Monsieur Mirasol"	"125.00"	"0"	"Non-Handicap"	"15"	"24"	"Carroll, John"	"Ryan, K A"	"6f "	"2"	"11"
"17:30:00"	"2004-09-21"	"Newmarket (Rowley)"	"Monsieur Mirasol"	"7.00"	"0"	"Handicap Nursery"	"5"	"10"	"Callan, N"	"Ryan, K A"	"6f "	"2"	"16"
"14:55:00"	"2004-09-19"	"Hamilton"	"Gifted Gamble"	"16.00"	"0"	"Handicap Nursery"	"2"	"14"	"Winston, Robert"	"Ryan, K A"	"6f "	"2"	"6"
"16:15:00"	"2004-09-17"	"Ayr"	"Missperon (IRE)"	"10.00"	"0"	"Handicap Nursery"	"2"	"10"	"Callan, N"	"Ryan, K A"	"6f "	"2"	"7"
"16:05:00"	"2004-09-17"	"Newbury"	"Tribute (IRE) (OLD)"	"33.00"	"0"	"Handicap"	"24"	"24"	"Durcan, Ted"	"Ryan, K A"	"7f "	"3"	"29"
"13:50:00"	"2004-09-08"	"Doncaster"	"Dario Gee Gee (IRE)"	"33.00"	"0"	"Non-Handicap"	"19"	"22"	"Carroll, John"	"Ryan, K A"	"6f "	"2"	"9"
"17:00:00"	"2004-09-06"	"Newcastle"	"Roman Empire"	"9.00"	"0"	"Handicap"	"1"	"20"	"Callan, N"	"Ryan, K A"	"6f "	"4"	"20"
"14:05:00"	"2004-09-05"	"York"	"Monsieur Mirasol"	"10.00"	"0"	"Handicap Nursery"	"7"	"17"	"Callan, N"	"Ryan, K A"	"7f "	"2"	"7"
"14:30:00"	"2004-08-29"	"Beverley"	"Kings Rock"	"3.50"	"0"	"Claimer"	"1"	"14"	"Callan, N"	"Ryan, K A"	"7.5f "	"3"	"24"
"15:30:00"	"2004-08-19"	"Chester"	"Tribute (IRE) (OLD)"	"12.00"	"0"	"Handicap"	"5"	"14"	"Fessey, Paul"	"Ryan, K A"	"6f "	"3"	"55"
"15:50:00"	"2004-08-17"	"Hamilton"	"Roman Empire"	"4.50"	"0"	"Handicap"	"10"	"16"	"Parkin, Gyles"	"Ryan, K A"	"6f "	"4"	"4"
"14:00:00"	"2004-08-07"	"Redcar"	"Joshuas Boy (IRE)"	"18.00"	"0"	"Handicap"	"9"	"20"	"Carroll, John"	"Ryan, K A"	"6f "	"4"	"78"
"14:20:00"	"2004-07-27"	"Beverley"	"Northern Spirit (OLD)"	"2.00"	"0"	"Handicap Seller"	"1"	"10"	"Callan, N"	"Ryan, K A"	"1m4f "	"3"	"8"
"17:20:00"	"2004-07-08"	"Warwick"	"Kings Rock"	"10.00"	"0"	"Handicap"	"10"	"13"	"Aspell, Donna"	"Ryan, K A"	"1m "	"3"	"37"
"19:50:00"	"2004-06-16"	"Ripon"	"Iskander"	"12.00"	"0"	"Handicap"	"10"	"12"	"Callan, N"	"Ryan, K A"	"6f "	"3"	"12"
"17:25:00"	"2004-06-04"	"Epsom"	"Iskander"	"40.00"	"0"	"Handicap"	"14"	"17"	"Callan, N"	"Ryan, K A"	"7f "	"3"	"24"
"16:15:00"	"2004-06-01"	"Redcar"	"Northern Spirit (OLD)"	"20.00"	"0"	"Handicap Maiden"	"3"	"14"	"Callan, N"	"Ryan, K A"	"1m6f "	"3"	"16"
"15:00:00"	"2004-06-01"	"Leicester"	"Kings Rock"	"5.00"	"0"	"Claimer"	"3"	"10"	"Fessey, Paul"	"Ryan, K A"	"1m "	"3"	"20"
"20:50:00"	"2004-05-20"	"Doncaster"	"Poppys Footprint (IRE)"	"9.00"	"0"	"Handicap"	"3"	"12"	"Callan, N"	"Ryan, K A"	"7f "	"3"	"7"
"17:05:00"	"2004-05-16"	"Ripon"	"Northern Spirit (OLD)"	"50.00"	"0"	"Handicap"	"9"	"15"	"Fessey, Paul"	"Ryan, K A"	"1m4.5f "	"3"	"9"
"16:55:00"	"2004-05-13"	"Salisbury"	"Bridgewater Boys"	"9.00"	"0"	"Handicap"	"1"	"17"	"Callan, N"	"Ryan, K A"	"6f "	"3"	"90"
"14:00:00"	"2004-05-11"	"York"	"Iskander"	"25.00"	"0"	"Handicap"	"9"	"14"	"Callan, N"	"Ryan, K A"	"7f "	"3"	"17"
"14:00:00"	"2004-04-24"	"Ripon"	"Iskander"	"25.00"	"0"	"Handicap"	"6"	"14"	"Callan, N"	"Ryan, K A"	"6f "	"3"	"210"
"14:00:00"	"2004-04-24"	"Ripon"	"Poppys Footprint (IRE)"	"33.00"	"0"	"Handicap"	"10"	"14"	"Parkin, Gyles"	"Ryan, K A"	"6f "	"3"	"9"
"13:10:00"	"2004-04-15"	"Newmarket (Rowley)"	"Poppys Footprint (IRE)"	"66.00"	"0"	"Handicap"	"11"	"20"	"Callan, N"	"Ryan, K A"	"7f "	"3"	"19"
"16:40:00"	"2004-03-31"	"Nottingham"	"Lawood (IRE)"	"7.00"	"0"	"Non-Handicap"	"1"	"14"	"Quinn, T"	"Ryan, K A"	"1m2f "	"4"	"18"
"17:00:00"	"2004-03-27"	"Doncaster"	"Poppys Footprint (IRE)"	"40.00"	"0"	"Handicap"	"21"	"22"	"Callan, N"	"Ryan, K A"	"7f "	"3"	"163"
"15:25:00"	"2004-03-25"	"Doncaster"	"Endless Summer"	"33.00"	"0"	"Handicap"	"3"	"22"	"Fessey, Paul"	"Ryan, K A"	"6f "	"7"	"142"
"16:35:00"	"2003-10-16"	"Newmarket (Rowley)"	"Poppys Footprint (IRE)"	"16.00"	"0"	"Handicap Nursery"	"7"	"11"	"Callan, N"	"Ryan, K A"	"1m "	"2"	"27"
"15:00:00"	"2003-10-14"	"Leicester"	"Repeat (IRE)"	"25.00"	"0"	"Handicap Seller"	"15"	"19"	"Ahern, Eddie"	"Ryan, K A"	"7f "	"3"	"52"
"14:45:00"	"2003-10-11"	"York"	"Endless Summer"	"40.00"	"0"	"Handicap"	"15"	"16"	"Lynch, Fergal"	"Ryan, K A"	"6f "	"6"	"31"
"16:00:00"	"2003-09-27"	"Cork"	"Iskander"	"6.00"	"0"	"Non-Handicap"	"4"	"4"	"Callan, N"	"Ryan, K A"	"7f "	"2"	"17"
"15:15:00"	"2003-09-19"	"Ayr"	"Rockerfella Lad (IRE)"	"12.00"	"0"	"Claimer"	"3"	"11"	"Lynch, Fergal"	"Ryan, K A"	"1m1f "	"3"	"37"
"15:05:00"	"2003-09-18"	"Pontefract"	"Canlis"	"33.00"	"0"	"Handicap Seller"	"9"	"19"	"Hills, R"	"Ryan, K A"	"1m "	"4"	"118"
"14:40:00"	"2003-08-25"	"Epsom"	"Endless Summer"	"4.00"	"0"	"Claimer"	"4"	"11"	"Callan, N"	"Ryan, K A"	"6f "	"6"	"15"
"18:05:00"	"2003-08-23"	"Redcar"	"Repeat (IRE)"	"33.00"	"0"	"Non-Handicap"	"7"	"11"	"Fessey, Paul"	"Ryan, K A"	"6f "	"3"	"16"
"16:35:00"	"2003-08-23"	"Beverley"	"Millkom Elegance"	"20.00"	"0"	"Handicap Maiden"	"11"	"17"	"Maher, J"	"Ryan, K A"	"1m2f "	"4"	"12"
"15:30:00"	"2003-08-16"	"Ripon"	"Miss Mirasol"	"66.00"	"0"	"Handicap"	"22"	"23"	"Fessey, Paul"	"Ryan, K A"	"6f "	"3"	"6"
"18:55:00"	"2003-08-15"	"Catterick"	"Bridgewater Boys"	"7.00"	"0"	"Handicap Nursery"	"2"	"10"	"Ffrench, Royston"	"Ryan, K A"	"6f "	"2"	"7"
"17:15:00"	"2003-08-15"	"Newcastle"	"Quiet Times (IRE)"	"14.00"	"0"	"Handicap"	"19"	"19"	"Maher, J"	"Ryan, K A"	"6f "	"4"	"120"
"16:15:00"	"2003-08-13"	"Beverley"	"Rockerfella Lad (IRE)"	"11.00"	"0"	"Handicap"	"5"	"10"	"Lynch, Fergal"	"Ryan, K A"	"1m2f "	"3"	"2"
"20:30:00"	"2003-08-11"	"Thirsk"	"Rockerfella Lad (IRE)"	"2.50"	"0"	"Handicap"	"4"	"7"	"Lynch, Fergal"	"Ryan, K A"	"1m "	"3"	"12"
"15:50:00"	"2003-08-10"	"Leicester"	"Miss Mirasol"	"20.00"	"0"	"Handicap"	"10"	"10"	"Carroll, John"	"Ryan, K A"	"7f "	"3"	"89"
"16:10:00"	"2003-08-07"	"Haydock"	"Repeat (IRE)"	"50.00"	"0"	"Handicap"	"13"	"16"	"Lynch, Fergal"	"Ryan, K A"	"6f "	"3"	"140"
"16:05:00"	"2003-08-02"	"Doncaster"	"Allegrina (IRE)"	"14.00"	"0"	"Handicap"	"5"	"7"	"Hanagan, Paul"	"Ryan, K A"	"1m "	"3"	"29"
"15:35:00"	"2003-08-01"	"Thirsk"	"Raymonds Pride"	"20.00"	"0"	"Handicap Maiden"	"8"	"19"	"Fessey, Paul"	"Ryan, K A"	"6f "	"3"	"49"
"14:45:00"	"2003-07-23"	"Catterick"	"Gone To Ground (OLD)"	"3.50"	"0"	"Seller"	"1"	"8"	"Winston, Robert"	"Ryan, K A"	"7f "	"2"	"4"
"14:45:00"	"2003-07-22"	"Ayr"	"Avondale Lad (IRE)"	"16.00"	"0"	"Seller"	"4"	"16"	"Fessey, Paul"	"Ryan, K A"	"7f "	"3"	"7"
"16:45:00"	"2003-07-15"	"Beverley"	"Arte Et Labore (IRE)"	"33.00"	"0"	"Handicap"	"11"	"16"	"Swift, Mr Dale"	"Ryan, K A"	"1m.5f "	"3"	"15"
"14:15:00"	"2003-07-15"	"Beverley"	"Avondale Lad (IRE)"	"10.00"	"0"	"Claimer"	"4"	"12"	"Fessey, Paul"	"Ryan, K A"	"7.5f "	"3"	"20"
"16:10:00"	"2003-07-09"	"Catterick"	"Rockerfella Lad (IRE)"	"50.00"	"0"	"Handicap"	"11"	"11"	"Carroll, John"	"Ryan, K A"	"7f "	"3"	"33"
"15:30:00"	"2003-06-10"	"Redcar"	"Millkom Elegance"	"40.00"	"0"	"Handicap"	"16"	"20"	"Winston, Robert"	"Ryan, K A"	"1m "	"4"	"188"
"21:10:00"	"2003-05-28"	"Ripon"	"Avondale Lad (IRE)"	"4.00"	"0"	"Handicap"	"14"	"19"	"Lynch, Fergal"	"Ryan, K A"	"6f "	"3"	"20"
"19:10:00"	"2003-05-28"	"Ripon"	"Arte Et Labore (IRE)"	"25.00"	"0"	"Claimer"	"6"	"13"	"Fessey, Paul"	"Ryan, K A"	"1m "	"3"	"12"
"16:15:00"	"2003-05-23"	"Haydock"	"Vanished (IRE)"	"14.00"	"0"	"Handicap"	"7"	"12"	"Fessey, Paul"	"Ryan, K A"	"6f "	"3"	"22"
"16:10:00"	"2003-05-16"	"Nottingham"	"Arte Et Labore (IRE)"	"16.00"	"0"	"Handicap Seller"	"10"	"15"	"Lynch, Fergal"	"Ryan, K A"	"1m "	"3"	"23"
"14:00:00"	"2003-05-13"	"York"	"Miss Mirasol"	"50.00"	"0"	"Handicap"	"7"	"15"	"Lynch, Fergal"	"Ryan, K A"	"7f "	"3"	"26"
"14:15:00"	"2003-05-08"	"Southwell"	"Avondale Lad (IRE)"	"7.00"	"0"	"Handicap"	"7"	"14"	"Fessey, Paul"	"Ryan, K A"	"6f "	"3"	"3"
"15:20:00"	"2003-04-23"	"Catterick"	"Arte Et Labore (IRE)"	"50.00"	"0"	"Handicap"	"13"	"15"	"Fessey, Paul"	"Ryan, K A"	"7f "	"3"	"151"
"15:15:00"	"2003-04-17"	"Ripon"	"Miss Mirasol"	"14.00"	"0"	"Non-Handicap"	"9"	"10"	"Lynch, Fergal"	"Ryan, K A"	"6f "	"3"	"208"
"15:50:00"	"2003-04-16"	"Beverley"	"Yarrita"	"25.00"	"0"	"Handicap"	"16"	"16"	"Fessey, Paul"	"Ryan, K A"	"7.5f "	"3"	"36"
 