RTime	Date	track	Qualifier	Odds_Numeric	Odds_Exchange	Race_Type	Position	Runners	Jockey	Trainer	Distance	Age	DaysSinceRun	
"13:30:00"	"2026-02-28"	"Lingfield"	"Cool Molly (IRE)"	"9.00"	"11"	"Handicap"	"1"	"9"	"Crouch, Hector"	"Sangster, Ollie"	"6f "	"3"	"35"
"17:00:00"	"2026-02-27"	"Dundalk"	"Cisterna (IRE)"	"5.00"	"7.4"	"Handicap"	"13"	"13"	"Foley, Shane"	"Slattery, Andrew"	"7f "	"3"	"142"
"16:53:00"	"2026-02-27"	"Lingfield"	"Sheikh Raj (IRE)"	"28.00"	"34.77"	"Handicap"	"9"	"10"	"Heard, Tyler"	"Hughes, Richard"	"1m "	"4"	"62"
"16:20:00"	"2026-02-27"	"Lingfield"	"Beylerbeyi"	"2.25"	"3.6"	"Handicap"	"2"	"11"	"Loughnane, Mr Billy"	"Williams, Ian"	"1m2f "	"6"	"30"
"14:42:00"	"2026-02-27"	"Lingfield"	"Bridgets View"	"16.00"	"23.73"	"Handicap"	"5"	"11"	"Hart, Jason"	"Williams, S C"	"7f "	"4"	"36"
"18:00:00"	"2026-02-26"	"Chelmsford City"	"Middleton View (IRE)"	"7.50"	"10.5"	"Handicap"	"5"	"7"	"Levey, S M"	"Williams, S C"	"5f "	"4"	"46"
"19:40:00"	"2026-02-25"	"Kempton"	"Toastmaster (IRE)"	"3.33"	"4.9"	"Handicap"	"3"	"5"	"Havlin, Robert"	"Crisford, Simon"	"1m3f "	"3"	"26"
"14:42:00"	"2026-02-24"	"Newcastle"	"Mount Ruapehu (IRE)"	"3.00"	"4.71"	"Handicap"	"4"	"10"	"Tabti, M"	"Jardine, I"	"5f "	"6"	"27"
"20:30:00"	"2026-02-21"	"Chelmsford City"	"Kessaar Power (IRE)"	"10.00"	"13.61"	"Handicap"	"8"	"8"	"Edmunds, Lewis"	"McEntee, P S"	"1m "	"6"	"37"
"15:10:00"	"2026-02-21"	"Lingfield"	"Ammes (IRE)"	"3.33"	"5.17"	"Handicap"	"6"	"7"	"Morris, Luke"	"Owen, J P"	"1m4f "	"4"	"113"
"17:45:00"	"2026-02-20"	"Dundalk"	"Instant Appeal"	"5.50"	"8.2"	"Handicap"	"7"	"13"	"Kearney, J"	"Thorne, Stephen"	"1m "	"5"	"35"
"15:57:00"	"2026-02-19"	"Newcastle"	"Team Player"	"33.00"	"46.35"	"Handicap"	"1"	"11"	"Fairley, Greg"	"Whillans, Ewan"	"2m.5f "	"4"	"140"
"20:30:00"	"2026-02-18"	"Kempton"	"Nap Hand (IRE)"	"20.00"	"28"	"Handicap"	"4"	"9"	"Catton, Luke"	"King, A"	"1m3f "	"6"	"121"
"20:00:00"	"2026-02-18"	"Kempton"	"Rory Rocket"	"40.00"	"53.64"	"Handicap"	"11"	"12"	"Clutterbuck, Rhys"	"Moore, Gary and Josh"	"6f "	"4"	"134"
"13:42:00"	"2026-02-15"	"Newcastle"	"Highfield Comrade"	"2.25"	"3.8"	"Handicap"	"3"	"12"	"Robinson, Ben"	"Quinn, J J"	"1m2f "	"4"	"30"
"18:30:00"	"2026-02-12"	"Chelmsford City"	"Carlton"	"3.00"	"4.5"	"Handicap"	"1"	"7"	"Lewis, Ashley"	"Owen, J P"	"1m6f "	"6"	"28"
"18:30:00"	"2026-02-12"	"Chelmsford City"	"Crackalackin (IRE)"	"12.00"	"17.75"	"Handicap"	"4"	"7"	"Doughty, Jack"	"Newland, Dr R D P"	"1m6f "	"4"	"66"
"15:38:00"	"2026-02-11"	"Dundalk"	"Apiary (IRE)"	"3.50"	"5.27"	"Handicap"	"3"	"11"	"Burns, Ms N"	"Coleman, Kevin"	"7f "	"3"	"29"
"16:18:00"	"2026-02-10"	"Lingfield"	"Three On Thursday (IRE)"	"2.13"	"3.37"	"Handicap"	"5"	"11"	"Ryan, Rossa"	"Carroll, A W"	"1m4f "	"4"	"30"
"14:37:00"	"2026-02-08"	"Chelmsford City"	"Silky Robin (IRE)"	"22.00"	"30.85"	"Handicap"	"8"	"8"	"Bowen, S D"	"Toomey, Brian"	"7f "	"5"	"106"
"16:22:00"	"2026-02-06"	"Wolverhampton"	"Sax Appeal"	"7.50"	"11"	"Handicap"	"5"	"6"	"Shepherd, Callum"	"Johnston, Charlie"	"2m.5f "	"6"	"30"
"13:12:00"	"2026-02-06"	"Wolverhampton"	"Nacho Nacho Nacho (IRE)"	"3.50"	"5.5"	"Handicap"	"6"	"10"	"Muscutt, D"	"Morland, Jack"	"6f "	"4"	"25"
"16:23:00"	"2026-02-04"	"Newcastle"	"Mr Nippy"	"4.50"	"6.88"	"Handicap"	"9"	"9"	"Mason, Joanna"	"Johnston, Charlie"	"1m2f "	"3"	"72"
"15:45:00"	"2026-02-04"	"Kempton"	"Upepo (IRE)"	"22.00"	"28.26"	"Handicap"	"11"	"13"	"Doughty, Jack"	"Carroll, A W"	"1m3f "	"6"	"46"
"14:00:00"	"2026-02-04"	"Kempton"	"Popmaster (IRE)"	"7.50"	"11.52"	"Handicap"	"1"	"10"	"Marquand, Tom"	"Walker, Ed"	"1m "	"8"	"28"
"16:55:00"	"2026-01-31"	"Newcastle"	"I Need Your Love"	"6.00"	"8.65"	"Handicap"	"2"	"10"	"Garritty, Billy"	"Easterby, M W"	"5f "	"4"	"25"
"20:00:00"	"2026-01-30"	"Wolverhampton"	"Three Non Blondes"	"5.00"	"7"	"Handicap"	"1"	"9"	"Jamin, Pierre-Louis"	"Burke, K R"	"7f "	"3"	"29"
"19:30:00"	"2026-01-30"	"Wolverhampton"	"Special Ghaiyyath (IRE)"	"4.50"	"6.17"	"Handicap"	"3"	"9"	"Crouch, Hector"	"Tate, James"	"1m.5f "	"4"	"70"
"19:30:00"	"2026-01-30"	"Wolverhampton"	"Panama Black (IRE)"	"22.00"	"33.45"	"Handicap"	"4"	"9"	"Leavy, Mr Joe"	"Meehan, B J"	"1m.5f "	"4"	"191"
"17:45:00"	"2026-01-30"	"Dundalk"	"Unterberg (IRE)"	"9.00"	"13.96"	"Handicap"	"5"	"14"	"Hassett, M W"	"Hourigan, Laura"	"1m "	"7"	"58"
"15:38:00"	"2026-01-30"	"Southwell"	"Trojan Soldier"	"6.00"	"7.6"	"Handicap"	"2"	"7"	"Garritty, Billy"	"OKeeffe, Jedd"	"1m6f "	"4"	"207"
"15:38:00"	"2026-01-30"	"Southwell"	"Military Cross (IRE)"	"2.00"	"3.38"	"Handicap"	"3"	"7"	"Havlin, Robert"	"Gosden, J H M"	"1m6f "	"4"	"46"
"14:32:00"	"2026-01-30"	"Southwell"	"Saytarr"	"5.50"	"7.73"	"Handicap"	"1"	"12"	"Muscutt, D"	"Horton, James"	"7f "	"4"	"99"
"20:30:00"	"2026-01-28"	"Kempton"	"Shadow Dance"	"28.00"	"40"	"Handicap"	"6"	"10"	"Fraser, Kaiya"	"Menzies, Rebecca"	"1m3f "	"6"	"138"
"20:00:00"	"2026-01-28"	"Kempton"	"Summer Heat"	"2.75"	"3.92"	"Handicap"	"2"	"6"	"Morris, Luke"	"Owen, J P"	"7f "	"4"	"97"
"20:00:00"	"2026-01-28"	"Kempton"	"Bee My Honey (IRE)"	"14.00"	"16.08"	"Handicap"	"4"	"6"	"Sanderson, Benjamin"	"Hills, Charles"	"7f "	"4"	"225"
"19:00:00"	"2026-01-26"	"Wolverhampton"	"Rhythm N Rock (IRE)"	"20.00"	"32"	"Handicap"	"6"	"10"	"Bowen, S D"	"Butler, John"	"1m1.5f "	"8"	"40"
"18:05:00"	"2026-01-24"	"Newcastle"	"Catalyse (IRE)"	"3.50"	"5.1"	"Handicap"	"10"	"11"	"Young, Lauren"	"Goldie, J S"	"6f "	"4"	"91"
"17:00:00"	"2026-01-23"	"Dundalk"	"Profit Surge (IRE)"	"2.75"	"4.5"	"Handicap"	"3"	"13"	"Keane, C T"	"Keane, Gerard"	"1m "	"5"	"37"
"14:15:00"	"2026-01-22"	"Southwell"	"Rusheen Boy"	"4.50"	"6.64"	"Handicap"	"1"	"9"	"Hogan, D E"	"Birkett, Julia &"	"7f "	"5"	"56"
"20:00:00"	"2026-01-21"	"Kempton"	"Maxwellcan (IRE)"	"4.50"	"6.99"	"Handicap"	"5"	"5"	"Murphy, Oisin"	"Johnston, Charlie"	"1m4f "	"3"	"65"
"19:00:00"	"2026-01-21"	"Kempton"	"Shihoku (FR)"	"1.88"	"2.96"	"Handicap"	"4"	"8"	"Loughnane, Mr Billy"	"Owen, J P"	"1m "	"5"	"39"
"18:30:00"	"2026-01-21"	"Kempton"	"Gilet (IRE)"	"1.88"	"3.15"	"Handicap"	"3"	"8"	"Greatrex, Edward"	"Greatrex, W J"	"1m "	"4"	"30"
"20:00:00"	"2026-01-20"	"Southwell"	"Its A Love Thing"	"12.00"	"17.55"	"Handicap"	"6"	"7"	"Peate, Jonny"	"England, Sam"	"1m3f "	"8"	"39"
"19:30:00"	"2026-01-19"	"Wolverhampton"	"Vince Lombardi"	"16.00"	"18.99"	"Handicap"	"1"	"9"	"Swift, Mr Dale"	"Spencer, Seb"	"7f "	"7"	"31"
"19:30:00"	"2026-01-19"	"Wolverhampton"	"Lodge (IRE)"	"8.00"	"13.5"	"Handicap"	"5"	"9"	"Loughnane, Mr Billy"	"Meehan, B J"	"7f "	"4"	"140"
"15:05:00"	"2026-01-17"	"Lingfield"	"Bluebells Boy"	"2.75"	"4"	"Handicap"	"4"	"8"	"Morris, Luke"	"Burton, Hayley"	"6f "	"7"	"26"
"19:00:00"	"2026-01-16"	"Wolverhampton"	"Paladin (IRE)"	"33.00"	"44"	"Handicap"	"1"	"9"	"Stammers, Oliver"	"Frost, Kevin"	"1m.5f "	"5"	"91"
"18:15:00"	"2026-01-16"	"Dundalk"	"Ukiyo (IRE)"	"33.00"	"62.95"	"Handicap"	"11"	"14"	"Sheridan, J M"	"Kinirons, A"	"7f "	"5"	"100"
"17:15:00"	"2026-01-16"	"Dundalk"	"Power Of Prayer (GER)"	"1.38"	"2.82"	"Handicap"	"5"	"10"	"McDonogh, D P"	"OBrien, Joseph Patrick"	"2m "	"4"	"42"
"14:50:00"	"2026-01-16"	"Newcastle"	"Time Loop (IRE)"	"6.50"	"9.54"	"Handicap"	"4"	"13"	"Marquand, Tom"	"Haggas, W J"	"1m2f "	"5"	"25"
"14:15:00"	"2026-01-16"	"Newcastle"	"New York Minute (IRE)"	"7.00"	"9.48"	"Handicap"	"8"	"11"	"Doyle, Hollie"	"Ramsden, Joey"	"2m.5f "	"4"	"37"
"13:40:00"	"2026-01-16"	"Newcastle"	"Stateira (FR)"	"1.50"	"2.65"	"Handicap"	"1"	"11"	"Murphy, Oisin"	"Balding, A M"	"7f "	"4"	"35"
"19:30:00"	"2026-01-15"	"Chelmsford City"	"Carlton"	"2.75"	"4.1"	"Handicap"	"2"	"7"	"Bowen, S D"	"Owen, J P"	"1m5.5f "	"6"	"90"
"18:00:00"	"2026-01-15"	"Chelmsford City"	"My Mate Mike (IRE)"	"3.00"	"4.42"	"Handicap"	"7"	"8"	"Havlin, Robert"	"Ivory, D K"	"1m "	"6"	"161"
"13:25:00"	"2026-01-14"	"Lingfield"	"Chilliconcarneigh (IRE)"	"3.00"	"4.58"	"Handicap"	"3"	"8"	"Levey, S M"	"Evans, P D"	"1m "	"3"	"30"
"19:00:00"	"2026-01-12"	"Wolverhampton"	"Crown The Future (IRE)"	"1.38"	"2.5"	"Handicap"	"4"	"8"	"Callan, N"	"Morland, Jack"	"7f "	"3"	"41"
"13:47:00"	"2026-01-10"	"Lingfield"	"Johnjay"	"28.00"	"46"	"Handicap"	"8"	"10"	"Gordon, Josephine"	"Burke, Kieran"	"1m2f "	"6"	"117"
"15:30:00"	"2026-01-09"	"Newcastle"	"Mostar Dreams (IRE)"	"5.00"	"7.2"	"Handicap"	"1"	"6"	"McSweeney, O"	"Keatley, Adrian Paul"	"1m "	"5"	"44"
"13:15:00"	"2026-01-06"	"Wolverhampton"	"My Champion"	"2.75"	"4.53"	"Handicap"	"1"	"5"	"Rodriguez, Callum"	"Bethell, Ed"	"1m.5f "	"3"	"60"
"16:05:00"	"2026-01-04"	"Southwell"	"Saxon Kingdom (IRE)"	"7.50"	"9.87"	"Handicap"	"11"	"11"	"Hutchinson, Callum"	"Owen, J P"	"1m3f "	"5"	"27"
"20:30:00"	"2026-01-03"	"Southwell"	"Return With Gold (IRE)"	"16.00"	"19.63"	"Handicap"	"4"	"10"	"Hardie, Cameron"	"Pears, Ollie"	"1m3f "	"4"	"193"
"20:30:00"	"2026-01-03"	"Southwell"	"Kings Hand"	"2.25"	"3.74"	"Handicap"	"7"	"10"	"Hogan, D E"	"Prescott, Sir Mark"	"1m3f "	"4"	"42"
"14:52:00"	"2026-01-03"	"Lingfield"	"Kondratiev Wave (IRE)"	"5.50"	"7.76"	"Handicap"	"3"	"9"	"Carson, William"	"Carroll, A W"	"7f "	"9"	"26"
"19:00:00"	"2026-01-02"	"Wolverhampton"	"Threatening (IRE)"	"2.50"	"3.86"	"Handicap"	"2"	"8"	"Morris, Luke"	"Prescott, Sir Mark"	"1m.5f "	"4"	"44"
"15:42:00"	"2026-01-02"	"Chelmsford City"	"Epictetus (IRE)"	"4.00"	"5.49"	"Handicap"	"7"	"8"	"Hornby, Rob"	"Osborne, J A"	"1m2f "	"6"	"38"
"13:12:00"	"2026-01-02"	"Chelmsford City"	"Gemmari"	"7.50"	"11.5"	"Handicap"	"1"	"7"	"Levey, S M"	"Hannon (Jnr), Richard"	"1m6f "	"4"	"36"
"15:44:00"	"2026-01-01"	"Southwell"	"Inclusive"	"8.00"	"11.05"	"Handicap"	"3"	"9"	"Wood, George"	"Fanshawe, J R"	"6f "	"3"	"87"
"20:30:00"	"2025-10-31"	"Dundalk"	"Billie Frechette (IRE)"	"9.00"	"15"	"Handicap"	"6"	"11"	"Whearty, R"	"Meade, Noel"	"1m4f "	"4"	"32"
"20:15:00"	"2025-10-31"	"Southwell"	"Homme De Fer"	"3.00"	"4.7"	"Handicap"	"3"	"10"	"Carson, William"	"Carroll, A W"	"1m "	"4"	"25"
"20:00:00"	"2025-10-31"	"Dundalk"	"Alex Belardo (IRE)"	"8.00"	"14"	"Handicap"	"3"	"14"	"OConnor, Donagh"	"McConnell, John C"	"1m "	"4"	"31"
"19:15:00"	"2025-10-31"	"Southwell"	"Rajeko (IRE)"	"8.00"	"10.5"	"Handicap"	"10"	"10"	"Rodriguez, Callum"	"Bell, M L W"	"1m "	"3"	"240"
"18:30:00"	"2025-10-31"	"Dundalk"	"Sir Les Patterson"	"3.33"	"4.7"	"Handicap"	"4"	"11"	"Coen, Ben M"	"Thorne, Stephen"	"6f "	"4"	"34"
"20:15:00"	"2025-10-30"	"Chelmsford City"	"Gretna Dreams (IRE)"	"22.00"	"29.22"	"Handicap"	"7"	"7"	"Bowen, S D"	"Williams, S C"	"1m2f "	"3"	"38"
"19:00:00"	"2025-10-30"	"Southwell"	"Divot"	"1.63"	"3.05"	"Handicap"	"3"	"6"	"Davies, Harry"	"Knight, W J"	"1m3f "	"3"	"40"
"18:15:00"	"2025-10-30"	"Chelmsford City"	"Al Joory (IRE)"	"3.33"	"4.7"	"Handicap"	"2"	"7"	"Dawson, R"	"Varian, Roger"	"7f "	"3"	"28"
"18:00:00"	"2025-10-30"	"Southwell"	"One Night Thunder"	"12.00"	"15"	"Handicap"	"9"	"11"	"Havlin, Robert"	"Tutty, Gemma"	"7f "	"5"	"37"
"17:30:00"	"2025-10-30"	"Southwell"	"Lightning Touch"	"1.88"	"3.15"	"Handicap"	"5"	"6"	"Mitchell, Jack"	"Varian, Roger"	"1m3f "	"4"	"49"
"17:40:00"	"2025-10-29"	"Dundalk"	"Glady Eagle (IRE)"	"5.50"	"7.6"	"Handicap"	"7"	"14"	"Sheridan, J M"	"Mullins, W P"	"1m4f "	"5"	"37"
"20:30:00"	"2025-10-28"	"Wolverhampton"	"Knight Of Magic (IRE)"	"18.00"	"23.25"	"Handicap"	"3"	"9"	"Lewis, Ashley"	"Owen, J P"	"1m1.5f "	"6"	"81"
"14:30:00"	"2025-10-27"	"Lingfield"	"Ezra Cee (IRE)"	"2.75"	"3.89"	"Handicap"	"6"	"6"	"Loughnane, Mr Billy"	"Newland, Dr R D P"	"6f "	"4"	"57"
"19:00:00"	"2025-10-25"	"Wolverhampton"	"Goblet Of Fire"	"1.00"	"2.06"	"Handicap"	"1"	"6"	"Muscutt, D"	"Henderson, N J"	"2m.5f "	"5"	"28"
"18:30:00"	"2025-10-25"	"Wolverhampton"	"Eden Storm (IRE)"	"16.00"	"22"	"Handicap"	"4"	"12"	"Bradley, Paddy"	"Morris, Patrick"	"1m.5f "	"5"	"53"
"18:00:00"	"2025-10-25"	"Wolverhampton"	"Hilltop"	"7.00"	"11"	"Handicap"	"3"	"11"	"Currie, Nicola"	"Kubler, Daniel"	"7f "	"4"	"31"
"18:30:00"	"2025-10-24"	"Southwell"	"Highfield Comrade"	"11.00"	"16.5"	"Handicap"	"4"	"14"	"McDonald, P J"	"Quinn, J J"	"1m4f "	"3"	"58"
"20:30:00"	"2025-10-23"	"Southwell"	"Always A Star"	"1.75"	"3.2"	"Handicap"	"6"	"12"	"Orr, Oisin"	"Charlton, Roger/Harry"	"1m3f "	"4"	"26"
"20:30:00"	"2025-10-23"	"Southwell"	"Timeless Charm (IRE)"	"6.50"	"8.6"	"Handicap"	"11"	"12"	"Scott, Rowan"	"Foy, Kevin"	"1m3f "	"4"	"27"
"20:10:00"	"2025-10-22"	"Kempton"	"Hunky Dory"	"7.00"	"9.53"	"Handicap"	"3"	"12"	"Rawlinson, Ali"	"Appleby, M"	"7f "	"3"	"61"
"16:38:00"	"2025-10-22"	"Kempton"	"Priestess"	"25.00"	"40"	"Handicap Nursery"	"5"	"12"	"Levey, S M"	"Ward, Tom"	"6f "	"2"	"30"
"20:30:00"	"2025-10-21"	"Newcastle"	"Yorkshire Glory (IRE)"	"11.00"	"16.97"	"Handicap"	"3"	"13"	"Brookes, Aiden"	"Haslam, B M R"	"6f "	"4"	"98"
"16:50:00"	"2025-10-21"	"Newcastle"	"Maxi King (IRE)"	"4.50"	"5.78"	"Handicap"	"3"	"5"	"Egan, David"	"Foy, Kevin"	"1m4.5f "	"5"	"39"
"19:00:00"	"2025-10-18"	"Wolverhampton"	"Forglen"	"1.88"	"3.3"	"Handicap"	"3"	"9"	"Mitchell, Jack"	"Stone, W B"	"2m.5f "	"4"	"32"
"18:00:00"	"2025-10-18"	"Wolverhampton"	"Bobacious"	"20.00"	"26.48"	"Handicap"	"7"	"10"	"Paetel, Mason"	"Dunlop, E A L"	"1m1.5f "	"5"	"40"
"16:29:00"	"2025-10-18"	"Wolverhampton"	"Miraculous (IRE)"	"5.50"	"8.24"	"Handicap"	"9"	"10"	"Mitchell, Jack"	"Varian, Roger"	"6f "	"3"	"25"
"18:00:00"	"2025-10-17"	"Newcastle"	"Dublin Bay (IRE)"	"6.00"	"8.11"	"Handicap Nursery"	"6"	"8"	"Bowen, S D"	"Sangster, Ollie"	"6f "	"2"	"35"
"17:15:00"	"2025-10-17"	"Dundalk"	"Grey Fable (IRE)"	"20.00"	"39.88"	"Handicap"	"7"	"14"	"Caffrey, Adam"	"Thornton, Karl"	"1m2.5f "	"5"	"34"
"18:30:00"	"2025-10-16"	"Southwell"	"Purple Rainbow"	"1.75"	"3.05"	"Handicap"	"7"	"8"	"Marquand, Tom"	"Haggas, W J"	"1m "	"3"	"34"
"17:45:00"	"2025-10-16"	"Chelmsford City"	"The Thames Boatman"	"6.50"	"9.2"	"Handicap"	"5"	"9"	"Loughnane, Mr Billy"	"Hughes, Richard"	"6f "	"5"	"33"
"18:40:00"	"2025-10-15"	"Kempton"	"Dandy G Boy (IRE)"	"2.50"	"4.51"	"Handicap"	"1"	"11"	"Sousa, Silvestre De"	"Greatrex, W J"	"7f "	"3"	"27"
"20:10:00"	"2025-10-13"	"Kempton"	"Jet Black"	"3.50"	"5.3"	"Handicap"	"2"	"10"	"Murphy, Oisin"	"Balding, A M"	"1m3f "	"3"	"56"
"20:10:00"	"2025-10-13"	"Kempton"	"Nanny Park"	"5.00"	"7.06"	"Handicap"	"3"	"10"	"Strydom, Kyle"	"Fanshawe, J R"	"1m3f "	"3"	"27"
"19:40:00"	"2025-10-13"	"Kempton"	"Sir William (IRE)"	"3.50"	"5.76"	"Handicap"	"4"	"9"	"Fallon, Cieren"	"Haggas, W J"	"1m3f "	"3"	"26"
"16:10:00"	"2025-10-11"	"Wolverhampton"	"Typeface"	"1.20"	"2.42"	"Handicap"	"7"	"12"	"Hutchinson, Callum"	"Williams, Ian"	"1m1.5f "	"3"	"57"
"20:15:00"	"2025-10-10"	"Kempton"	"Dark Rosa (IRE)"	"22.00"	"40"	"Handicap"	"4"	"12"	"Cox, William"	"Nicholls, Georgina"	"7f "	"3"	"66"
"19:45:00"	"2025-10-10"	"Kempton"	"Zarakerjack (FR)"	"7.50"	"9.82"	"Handicap"	"3"	"10"	"Davies, Harry"	"Clover, Tom"	"1m4f "	"3"	"32"
"18:45:00"	"2025-10-10"	"Kempton"	"Absolute Star"	"3.50"	"4.58"	"Handicap"	"1"	"10"	"Ryan, Rossa"	"Varian, Roger"	"1m "	"4"	"55"
"18:45:00"	"2025-10-10"	"Kempton"	"Kaaranah (IRE)"	"9.00"	"10.09"	"Handicap"	"9"	"10"	"McEntee, Grace"	"Butler, John"	"1m "	"7"	"39"
"16:20:00"	"2025-10-09"	"Newcastle"	"Reel Her In (IRE)"	"40.00"	"70.38"	"Handicap"	"7"	"9"	"Mullen, Andrew"	"Haslam, B M R"	"2m.5f "	"5"	"104"
"20:10:00"	"2025-10-08"	"Kempton"	"Polar Rebel (IRE)"	"10.00"	"15.05"	"Handicap"	"12"	"14"	"Egan, David"	"Clover, Charlie"	"7f "	"3"	"27"
"18:10:00"	"2025-10-08"	"Kempton"	"Titanck (IRE)"	"8.00"	"10"	"Handicap Nursery"	"5"	"9"	"Cosgrave, Pat"	"Hughes, Richard"	"6f "	"2"	"37"
"19:00:00"	"2025-10-06"	"Wolverhampton"	"Beautiful Dawn (IRE)"	"5.50"	"6.88"	"Handicap"	"3"	"11"	"Paetel, Mason"	"Owen, J P"	"7f "	"4"	"32"
"16:20:00"	"2025-10-06"	"Wolverhampton"	"Moon Over The Sea"	"33.00"	"49.01"	"Handicap"	"4"	"13"	"Bowen, Miss S L"	"Carroll, A W"	"1m1.5f "	"6"	"168"
"16:20:00"	"2025-10-06"	"Wolverhampton"	"Volto Di Medusa (IRE)"	"3.50"	"5.56"	"Handicap"	"5"	"13"	"McGaffin, Mr Liam"	"Jones, Jack"	"1m1.5f "	"4"	"30"
"19:15:00"	"2025-10-04"	"Newcastle"	"Likeness (IRE)"	"10.00"	"12.5"	"Handicap Nursery"	"2"	"5"	"Hart, Jason"	"Boughey, George"	"1m "	"2"	"32"
"18:30:00"	"2025-10-04"	"Wolverhampton"	"Revelance"	"0.67"	"1.91"	"Handicap"	"3"	"6"	"Rodriguez, Callum"	"Beckett, R M"	"1m.5f "	"3"	"27"
"17:45:00"	"2025-10-04"	"Newcastle"	"Karthon"	"3.00"	"4.79"	"Handicap"	"2"	"8"	"McDonald, P J"	"Balding, A M"	"1m4.5f "	"3"	"38"
"17:15:00"	"2025-10-04"	"Newcastle"	"Renewal"	"7.00"	"8.87"	"Handicap"	"2"	"12"	"Dace, Jack"	"Beckett, R M"	"1m2f "	"3"	"67"
"20:15:00"	"2025-10-03"	"Southwell"	"Mission Possible"	"2.25"	"3.43"	"Handicap"	"2"	"8"	"Fallon, Cieren"	"Haggas, W J"	"1m6f "	"3"	"28"
"20:15:00"	"2025-10-02"	"Chelmsford City"	"Suhub"	"6.50"	"9.6"	"Handicap"	"12"	"13"	"Fallon, Cieren"	"Haggas, W J"	"1m2f "	"3"	"48"
"18:00:00"	"2025-10-02"	"Newcastle"	"Better And Better (IRE)"	"9.00"	"11.5"	"Handicap Nursery"	"4"	"6"	"McSweeney, O"	"Keatley, Adrian Paul"	"7f "	"2"	"29"
"19:00:00"	"2025-10-01"	"Kempton"	"Enthused (IRE)"	"50.00"	"150"	"Handicap"	"10"	"12"	"Pearson, Laura"	"Owen, J P"	"1m "	"8"	"66"
"15:20:00"	"2025-09-28"	"Newcastle"	"Recobella (FR)"	"14.00"	"29.23"	"Handicap"	"7"	"14"	"Paetel, Mason"	"Kirby, P A"	"1m4.5f "	"4"	"69"
"20:15:00"	"2025-09-26"	"Dundalk"	"Waystar (IRE)"	"14.00"	"22"	"Handicap"	"10"	"14"	"Coakley, Ross"	"McConnell, John C"	"1m4f "	"4"	"39"
"17:15:00"	"2025-09-26"	"Dundalk"	"Rappell (IRE)"	"4.50"	"6.8"	"Handicap"	"1"	"14"	"Kennedy, K G"	"Flynn, Paul W"	"6f "	"4"	"31"
"19:30:00"	"2025-09-25"	"Newcastle"	"Coramento"	"3.00"	"4.49"	"Handicap"	"2"	"10"	"Dawson, R"	"Thompson, D W"	"7f "	"4"	"91"
"19:00:00"	"2025-09-25"	"Newcastle"	"Andalprofit (IRE)"	"3.33"	"4.86"	"Handicap"	"9"	"9"	"Jary, Alex"	"Tinkler, N"	"7f "	"3"	"69"
"15:58:00"	"2025-09-24"	"Kempton"	"Moab (IRE)"	"5.50"	"8.57"	"Handicap"	"4"	"14"	"Marsh, Finley"	"Knight, Miss H C"	"1m3f "	"5"	"33"
"15:58:00"	"2025-09-24"	"Kempton"	"Seraphic (IRE)"	"14.00"	"22"	"Handicap"	"14"	"14"	"Morris, Luke"	"McPherson, Graeme P"	"1m3f "	"5"	"112"
"17:45:00"	"2025-09-23"	"Lingfield"	"Semser"	"8.50"	"12"	"Handicap"	"6"	"10"	"Queally, T P"	"Moore, Gary and Josh"	"1m "	"8"	"42"
"18:00:00"	"2025-09-22"	"Wolverhampton"	"Diligent Henry"	"3.00"	"4.8"	"Handicap"	"4"	"8"	"Doyle, Hollie"	"Macey, Jessica"	"7f "	"4"	"36"
"19:00:00"	"2025-09-16"	"Wolverhampton"	"Damzon"	"9.00"	"13.5"	"Handicap"	"8"	"12"	"Leavy, Mr Joe"	"Evans, H J"	"1m6f "	"6"	"82"
"21:00:00"	"2025-09-11"	"Newcastle"	"Carolus Magnus (IRE)"	"3.33"	"4.95"	"Handicap"	"5"	"10"	"Garritty, Billy"	"Easterby, M W"	"7f "	"7"	"27"
"16:20:00"	"2025-09-11"	"Chelmsford City"	"Love Is The Law (IRE)"	"3.00"	"5.1"	"Handicap"	"1"	"10"	"Greatrex, Edward"	"Scott, George"	"7f "	"3"	"28"
"16:20:00"	"2025-09-06"	"Kempton"	"Molten Sea"	"3.00"	"4.6"	"Handicap"	"8"	"9"	"Keane, C T"	"Haggas, W J"	"2m "	"4"	"43"
"15:45:00"	"2025-09-06"	"Kempton"	"Aramram (IRE)"	"1.88"	"3.2"	"Handicap"	"3"	"12"	"Levey, S M"	"Hannon (Jnr), Richard"	"6f "	"4"	"42"
"17:35:00"	"2025-09-04"	"Southwell"	"Elvetham (IRE)"	"4.00"	"7"	"Handicap"	"2"	"13"	"Planas, Connor"	"Allen, C N"	"1m "	"3"	"44"
"16:05:00"	"2025-09-03"	"Lingfield"	"Ishimentor (IRE)"	"12.00"	"17.38"	"Handicap Nursery"	"7"	"7"	"Shoemark, Kieran"	"Dunlop, E A L"	"7f "	"2"	"25"
"16:45:00"	"2025-02-28"	"Lingfield"	"The Glen Rovers"	"6.50"	"9.41"	"Handicap"	"1"	"12"	"Bowen, S D"	"Wadham, Mrs L"	"1m2f "	"6"	"37"
"16:45:00"	"2025-02-28"	"Lingfield"	"Dragon Icon (IRE)"	"2.50"	"3.69"	"Handicap"	"5"	"12"	"Mitchell, Jack"	"Varian, Roger"	"1m2f "	"5"	"42"
"15:35:00"	"2025-02-28"	"Lingfield"	"Emaraaty Ana"	"7.50"	"9.59"	"Handicap"	"8"	"9"	"Osborne, Saffie"	"Osborne, J A"	"6f "	"9"	"157"
"19:30:00"	"2025-02-27"	"Chelmsford City"	"State Of Madness"	"2.00"	"3.55"	"Handicap"	"5"	"8"	"Morris, Luke"	"Shaw, D"	"5f "	"4"	"30"
"18:00:00"	"2025-02-27"	"Chelmsford City"	"Kitaro Kich (IRE)"	"3.00"	"4.22"	"Handicap"	"1"	"10"	"Callan, N"	"Baker, George"	"7f "	"5"	"31"
"18:30:00"	"2025-02-26"	"Kempton"	"Partisan Hero (IRE)"	"1.88"	"2.94"	"Handicap"	"1"	"8"	"Ryan, Rossa"	"Loughnane, David"	"1m "	"5"	"29"
"18:30:00"	"2025-02-26"	"Kempton"	"Kaaranah (IRE)"	"3.00"	"4.23"	"Handicap"	"2"	"8"	"Edmunds, Lewis"	"Butler, John"	"1m "	"7"	"60"
"18:30:00"	"2025-02-26"	"Kempton"	"Mister Mojito (IRE)"	"6.00"	"8"	"Handicap"	"7"	"8"	"Wilkie, Brandon"	"Kent, T J"	"1m "	"4"	"200"
"19:00:00"	"2025-02-22"	"Southwell"	"Kracking"	"5.50"	"6.8"	"Handicap"	"9"	"11"	"Hart, Jason"	"Williams, S C"	"1m "	"5"	"28"
"20:30:00"	"2025-02-19"	"Kempton"	"Antelope"	"16.00"	"21.75"	"Handicap"	"6"	"7"	"Voikhansky, Alexander"	"Hannon (Jnr), Richard"	"1m4f "	"3"	"51"
"18:00:00"	"2025-02-19"	"Kempton"	"Cosmic Force"	"3.50"	"4.73"	"Handicap"	"5"	"6"	"Jakes, Tommie"	"Boughey, George"	"7f "	"3"	"30"
"16:55:00"	"2025-02-15"	"Newcastle"	"Jujubella (IRE)"	"3.33"	"4.98"	"Handicap"	"9"	"10"	"Lee, Clifford"	"Russell, Miss Lucinda V"	"1m4.5f "	"4"	"28"
"20:00:00"	"2025-02-12"	"Kempton"	"The Cola Kid"	"20.00"	"40.36"	"Handicap"	"7"	"9"	"Marsh, Finley"	"Harris, Miss G"	"7f "	"8"	"200"
"18:30:00"	"2025-02-12"	"Kempton"	"More Than A Feelin (IRE)"	"5.00"	"6.22"	"Handicap"	"4"	"6"	"ONeill, K T"	"Haynes, Alice"	"1m "	"4"	"60"
"20:30:00"	"2025-02-11"	"Wolverhampton"	"Wonder"	"2.00"	"3.38"	"Handicap"	"3"	"9"	"Hogan, D E"	"Fanshawe, J R"	"1m4f "	"4"	"38"
"18:30:00"	"2025-02-11"	"Wolverhampton"	"Heathen"	"4.50"	"6.33"	"Handicap"	"1"	"6"	"Watson, Jason"	"OMeara, D"	"1m6f "	"6"	"60"
"20:30:00"	"2025-02-10"	"Wolverhampton"	"Snooze Lane (IRE)"	"5.00"	"5.91"	"Handicap"	"9"	"9"	"Mangan, Gina"	"Hollinshead, Sarah"	"1m.5f "	"6"	"70"
"17:45:00"	"2025-02-08"	"Wolverhampton"	"Crafter (IRE)"	"2.75"	"4.42"	"Handicap"	"4"	"10"	"Loughnane, Mr Billy"	"Loughnane, Daniel Mark"	"1m1.5f "	"7"	"26"
"15:55:00"	"2025-02-08"	"Newcastle"	"Knockbrex"	"5.50"	"7.17"	"Handicap"	"3"	"7"	"Mitchell, Jack"	"Johnston, Charlie"	"1m4.5f "	"5"	"30"
"20:15:00"	"2025-02-07"	"Southwell"	"Boujee Gold"	"3.33"	"4.87"	"Handicap"	"8"	"9"	"Ryan, Rossa"	"Carroll, A W"	"1m "	"6"	"31"
"16:45:00"	"2025-02-07"	"Southwell"	"Global Resolve (IRE)"	"11.00"	"16.99"	"Handicap"	"6"	"11"	"Wood, George"	"Charalambous, P"	"1m3f "	"5"	"66"
"16:10:00"	"2025-02-07"	"Southwell"	"Cracking Gold"	"2.00"	"3.39"	"Handicap"	"2"	"12"	"Ryan, Rossa"	"Cox, C G"	"1m "	"4"	"188"
"13:02:00"	"2025-02-07"	"Lingfield"	"Caelan (IRE)"	"28.00"	"36.37"	"Handicap"	"6"	"8"	"Catton, Luke"	"Murphy, Olly"	"1m2f "	"4"	"221"
"19:30:00"	"2025-02-05"	"Kempton"	"Moon Over Miami (FR)"	"3.33"	"4.67"	"Handicap"	"4"	"6"	"Crouch, Hector"	"Beckett, R M"	"2m "	"4"	"32"
"19:00:00"	"2025-02-05"	"Kempton"	"Tronido"	"5.50"	"7.2"	"Handicap"	"7"	"8"	"Bradley, Paddy"	"Dow, S"	"7f "	"4"	"119"
"17:00:00"	"2025-02-03"	"Wolverhampton"	"Makes Me Wonder"	"12.00"	"16.04"	"Handicap"	"6"	"9"	"Turner, Hayley"	"Simcock, D M"	"7f "	"3"	"34"
"18:40:00"	"2025-02-01"	"Wolverhampton"	"Green Team (FR)"	"10.00"	"15.5"	"Handicap"	"2"	"10"	"Bishop, Charles"	"Williams, Ian"	"1m4f "	"6"	"25"
"17:25:00"	"2025-02-01"	"Newcastle"	"Royal Alliance (FR)"	"1.75"	"2.83"	"Handicap"	"3"	"4"	"Loughnane, Mr Billy"	"Boughey, George"	"1m "	"3"	"84"
"16:40:00"	"2025-02-01"	"Wolverhampton"	"Cynosure (IRE)"	"4.50"	"7.38"	"Handicap"	"7"	"10"	"Watson, Jason"	"Balding, A M"	"1m1.5f "	"4"	"28"
"19:00:00"	"2025-01-29"	"Kempton"	"Midnights Dream (IRE)"	"3.00"	"4.5"	"Handicap"	"1"	"12"	"Murphy, Oisin"	"Varian, Roger"	"7f "	"4"	"92"
"19:00:00"	"2025-01-29"	"Kempton"	"Willy Campbell (IRE)"	"5.50"	"7.45"	"Handicap"	"2"	"12"	"Keniry, L P"	"Davis, D J S Ffrench"	"7f "	"4"	"40"
"18:15:00"	"2025-01-27"	"Dundalk"	"Harry The Rogue (IRE)"	"3.00"	"4.87"	"Handicap"	"2"	"13"	"Sheridan, J M"	"Slattery, Andrew"	"1m "	"4"	"47"
"20:20:00"	"2025-01-25"	"Wolverhampton"	"Kracking"	"2.00"	"2.98"	"Handicap"	"6"	"8"	"Ryan, Rossa"	"Williams, S C"	"1m.5f "	"5"	"47"
"19:50:00"	"2025-01-25"	"Wolverhampton"	"Harlem Nights (IRE)"	"3.50"	"4.9"	"Handicap"	"3"	"8"	"Edmunds, Lewis"	"Macey, Jessica"	"1m.5f "	"5"	"88"
"19:15:00"	"2025-01-24"	"Southwell"	"Cooperation (IRE)"	"7.50"	"9.8"	"Handicap"	"2"	"9"	"Rawlinson, Ali"	"Appleby, M"	"6f "	"7"	"74"
"16:45:00"	"2025-01-24"	"Southwell"	"Fast Fred"	"2.13"	"3.45"	"Handicap"	"4"	"8"	"Brown, Pippa"	"Makin, Phillip"	"1m3f "	"5"	"45"
"19:00:00"	"2025-01-23"	"Southwell"	"Bajan Bandit"	"11.00"	"15.28"	"Handicap"	"1"	"12"	"Muscutt, D"	"Tuer, Grant"	"1m "	"5"	"83"
"12:41:00"	"2025-01-23"	"Newcastle"	"Federated (USA)"	"1.10"	"2.21"	"Handicap"	"1"	"6"	"Orr, Oisin"	"Butler, John"	"1m4.5f "	"5"	"42"
"12:41:00"	"2025-01-23"	"Newcastle"	"Wanderlust"	"80.00"	"160"	"Handicap"	"5"	"6"	"Kavanagh, Ryan"	"Midgley, P T"	"1m4.5f "	"4"	"78"
"19:00:00"	"2025-01-20"	"Wolverhampton"	"Kitaro Kich (IRE)"	"8.50"	"12"	"Handicap"	"1"	"9"	"Callan, N"	"Baker, George"	"1m.5f "	"5"	"32"
"17:30:00"	"2025-01-20"	"Wolverhampton"	"Max Of Stars (FR)"	"8.00"	"10.5"	"Handicap"	"9"	"11"	"Mulrennan, Paul"	"Pears, Ollie"	"1m4f "	"5"	"167"
"17:15:00"	"2025-01-20"	"Kempton"	"Distant Rumble"	"3.50"	"5.6"	"Handicap"	"1"	"8"	"Bass, George"	"Teal, R A"	"6f "	"3"	"138"
"12:15:00"	"2025-01-18"	"Lingfield"	"Mc Loven"	"6.50"	"7.39"	"Handicap"	"4"	"8"	"Bradley, Paddy"	"Dow, S"	"6f "	"4"	"27"
"18:15:00"	"2025-01-17"	"Dundalk"	"Im Spartacus (IRE)"	"5.50"	"8.4"	"Handicap"	"7"	"10"	"Powell, J A"	"McGuinness, Adrian"	"7f "	"4"	"30"
"18:15:00"	"2025-01-17"	"Dundalk"	"Sarmiento Power (IRE)"	"22.00"	"40"	"Handicap"	"10"	"10"	"Colgan, R C"	"Smith, Matthew J"	"7f "	"4"	"85"
"15:20:00"	"2025-01-17"	"Newcastle"	"Cool Party"	"3.00"	"4.11"	"Handicap"	"4"	"7"	"Loughnane, Mr Billy"	"Johnston, Charlie"	"2m.5f "	"5"	"37"
"13:35:00"	"2025-01-17"	"Newcastle"	"Marchogion"	"8.00"	"11.25"	"Handicap"	"9"	"9"	"Probert, David"	"Balding, A M"	"6f "	"3"	"125"
"13:00:00"	"2025-01-17"	"Newcastle"	"Ghaihaban"	"6.00"	"7.38"	"Handicap"	"5"	"9"	"Turner, Hayley"	"Balding, A M"	"7f "	"4"	"38"
"15:55:00"	"2025-01-14"	"Southwell"	"Retraction (IRE)"	"4.00"	"6.4"	"Handicap"	"5"	"9"	"Sullivan, James P"	"Carr, Mrs R A"	"1m "	"5"	"31"
"16:00:00"	"2025-01-13"	"Lingfield"	"Time Tested"	"5.00"	"8.1"	"Handicap"	"1"	"10"	"Crouch, Hector"	"Bell, M L W"	"1m2f "	"4"	"124"
"15:30:00"	"2025-01-13"	"Lingfield"	"Mhajim (IRE)"	"12.00"	"19.5"	"Handicap"	"4"	"7"	"Haynes, Joey"	"Banham, Chelsea"	"1m4f "	"6"	"60"
"15:00:00"	"2025-01-13"	"Lingfield"	"Freak Encounter (IRE)"	"4.00"	"5.97"	"Handicap"	"1"	"8"	"Carver, William"	"Osborne, J A"	"1m "	"3"	"67"
"19:00:00"	"2025-01-10"	"Dundalk"	"Limmortale (IRE)"	"6.00"	"9.15"	"Handicap"	"4"	"12"	"Cleary, Jack"	"Dowling, Thomas"	"1m "	"5"	"42"
"20:30:00"	"2025-01-09"	"Chelmsford City"	"Bohemian Breeze (IRE)"	"10.00"	"14.74"	"Handicap"	"6"	"6"	"Queally, T P"	"Moore, Gary and Josh"	"1m2f "	"5"	"36"
"12:28:00"	"2025-01-09"	"Lingfield"	"Another Beautiful"	"33.00"	"55"	"Handicap"	"9"	"9"	"Croot, Elle-May"	"Furtado, Ivan"	"1m4f "	"5"	"55"
"13:03:00"	"2025-01-08"	"Newcastle"	"Oakley Boy"	"6.00"	"8.2"	"Handicap"	"1"	"8"	"Lee, Clifford"	"Williams, S C"	"5f "	"3"	"37"
"19:00:00"	"2025-01-06"	"Wolverhampton"	"Mesaafi"	"4.00"	"5.75"	"Handicap"	"10"	"10"	"Mitchell, Jack"	"Pearce, Simon"	"7f "	"4"	"84"
"19:50:00"	"2025-01-04"	"Wolverhampton"	"Smart Hero (IRE)"	"2.50"	"3.72"	"Handicap"	"1"	"7"	"Lee, Clifford"	"Tate, James"	"1m.5f "	"4"	"31"
"18:20:00"	"2025-01-04"	"Wolverhampton"	"Roaring Legend (FR)"	"5.00"	"6.22"	"Handicap"	"1"	"7"	"Probert, David"	"Palmer, Hugo"	"1m6f "	"5"	"62"
"18:20:00"	"2025-01-04"	"Wolverhampton"	"Saligo Bay (IRE)"	"12.00"	"15.45"	"Handicap"	"6"	"7"	"Eaves, Tom"	"England, Sam"	"1m6f "	"7"	"75"
"20:30:00"	"2025-01-03"	"Southwell"	"Drifts Away"	"2.25"	"3.67"	"Handicap"	"3"	"10"	"Keeley, Aidan"	"Kent, T J"	"1m "	"4"	"41"
"12:45:00"	"2025-01-03"	"Lingfield"	"Nogos Dream"	"3.50"	"5.4"	"Handicap"	"2"	"8"	"Marsh, Finley"	"Hughes, Richard"	"5f "	"5"	"97"
"19:15:00"	"2024-10-31"	"Southwell"	"Ring Fenced"	"40.00"	"110"	"Handicap"	"7"	"11"	"Brookes, Aiden"	"Hammond, Micky"	"7f "	"5"	"181"
"18:15:00"	"2024-10-31"	"Southwell"	"Lattaash (IRE)"	"2.25"	"3.49"	"Handicap"	"10"	"13"	"James, S H"	"Burke, K R"	"7f "	"3"	"35"
"19:00:00"	"2024-10-30"	"Kempton"	"Touch The Moon (IRE)"	"2.50"	"3.83"	"Handicap"	"3"	"8"	"Muscutt, D"	"Scott, George"	"1m4f "	"3"	"66"
"17:15:00"	"2024-10-30"	"Dundalk"	"Chopsticks (IRE)"	"5.00"	"7.25"	"Handicap"	"3"	"13"	"Hassett, M W"	"Duffy, S M"	"1m4f "	"4"	"76"
"17:00:00"	"2024-10-30"	"Kempton"	"Reddeef (IRE)"	"7.50"	"9.89"	"Handicap Nursery"	"2"	"13"	"Probert, David"	"Fellowes, Charlie"	"7f "	"2"	"41"
"19:45:00"	"2024-10-28"	"Newcastle"	"Windsor Pass (IRE)"	"1.50"	"2.56"	"Handicap"	"2"	"8"	"Fraser, Kaiya"	"Butler, John"	"7f "	"6"	"26"
"20:15:00"	"2024-10-25"	"Wolverhampton"	"Khangai"	"5.00"	"6.6"	"Handicap"	"6"	"11"	"Pearson, Laura"	"Owen, J P"	"1m1.5f "	"4"	"73"
"19:00:00"	"2024-10-25"	"Dundalk"	"Fairhaven (IRE)"	"18.00"	"26.2"	"Handicap Nursery"	"9"	"11"	"Ryan, J J G"	"McCreery, W"	"5f "	"2"	"25"
"18:00:00"	"2024-10-25"	"Dundalk"	"Marble Angel (IRE)"	"6.50"	"8.4"	"Handicap"	"1"	"14"	"Kearney, J"	"Oliver, Andrew"	"7f "	"4"	"28"
"18:00:00"	"2024-10-25"	"Dundalk"	"Shoot To Kill (IRE)"	"4.50"	"6.59"	"Handicap"	"11"	"14"	"Ryan, J J G"	"Thorne, Stephen"	"7f "	"7"	"32"
"20:00:00"	"2024-10-24"	"Southwell"	"El Bufalo"	"6.50"	"7.46"	"Handicap"	"10"	"12"	"ONeill, K T"	"Cunha, Dylan"	"6f "	"3"	"27"
"19:30:00"	"2024-10-24"	"Southwell"	"Ajrad"	"5.50"	"7.08"	"Handicap"	"6"	"12"	"Edmunds, Lewis"	"Millman, B R"	"7f "	"6"	"38"
"18:45:00"	"2024-10-24"	"Wolverhampton"	"Sax Appeal"	"16.00"	"23.43"	"Handicap"	"7"	"11"	"Young, Archie"	"Johnston, Charlie"	"1m4f "	"4"	"131"
"17:10:00"	"2024-10-24"	"Wolverhampton"	"My Kind Of Girl (FR)"	"16.00"	"19.94"	"Handicap"	"4"	"10"	"Lee, Clifford"	"Carroll, A W"	"5f "	"4"	"76"
"16:15:00"	"2024-10-22"	"Newcastle"	"Dramatic Star"	"1.00"	"2.18"	"Handicap"	"1"	"9"	"Davies, Harry"	"Haggas, W J"	"1m4.5f "	"3"	"59"
"20:30:00"	"2024-10-21"	"Wolverhampton"	"Bluebells Boy"	"4.50"	"6.19"	"Handicap"	"1"	"9"	"Morris, Luke"	"Holland, Darryll"	"5f "	"5"	"28"
"19:30:00"	"2024-10-21"	"Wolverhampton"	"Imitate"	"5.50"	"7.24"	"Handicap"	"3"	"9"	"Davies, Harry"	"Stoute, Sir Michael"	"1m.5f "	"3"	"59"
"18:45:00"	"2024-10-21"	"Southwell"	"Dandy G Boy (IRE)"	"3.50"	"4.97"	"Handicap Nursery"	"4"	"11"	"Shoemark, Kieran"	"Newland, Dr R D P"	"6f "	"2"	"28"
"17:43:00"	"2024-10-21"	"Southwell"	"City Of York"	"4.00"	"6.4"	"Handicap"	"8"	"11"	"Sousa, Silvestre De"	"Simcock, D M"	"1m "	"4"	"30"
"17:25:00"	"2024-10-21"	"Wolverhampton"	"Busby (IRE)"	"20.00"	"29.56"	"Handicap"	"10"	"11"	"Hardie, Cameron"	"Kirby, P A"	"1m1.5f "	"9"	"34"
"17:08:00"	"2024-10-21"	"Southwell"	"Magical Merlin (IRE)"	"20.00"	"25.42"	"Handicap"	"10"	"12"	"Wonnacott, Millie"	"Charlton, Roger/Harry"	"1m "	"4"	"27"
"18:00:00"	"2024-10-19"	"Wolverhampton"	"Twilight Dancer"	"3.50"	"5.2"	"Handicap"	"3"	"10"	"Hornby, Rob"	"Portman, J G"	"7f "	"4"	"35"
"17:30:00"	"2024-10-19"	"Wolverhampton"	"Jez Bomb"	"3.50"	"5.4"	"Handicap"	"1"	"12"	"Gray, S A"	"England, Sam"	"1m.5f "	"3"	"25"
"17:30:00"	"2024-10-19"	"Wolverhampton"	"Hey Big Spender"	"7.00"	"8.61"	"Handicap"	"8"	"12"	"Whelan, Trevor"	"Sangster, Ollie"	"1m.5f "	"3"	"47"
"18:15:00"	"2024-10-18"	"Dundalk"	"Edergoles Angel (IRE)"	"33.00"	"50"	"Handicap Nursery"	"14"	"14"	"Powell, J A"	"McCreery, W"	"7f "	"2"	"29"
"17:10:00"	"2024-10-18"	"Dundalk"	"Beauparc (IRE)"	"3.50"	"5.16"	"Handicap"	"3"	"14"	"Keane, C T"	"Keane, Gerard"	"1m2.5f "	"4"	"57"
"20:15:00"	"2024-10-17"	"Chelmsford City"	"Idle Assembly (IRE)"	"11.00"	"14.34"	"Handicap"	"7"	"7"	"Bowen, S D"	"Meehan, B J"	"5f "	"3"	"120"
"18:30:00"	"2024-10-17"	"Southwell"	"Lipsink (IRE)"	"8.00"	"11.14"	"Handicap"	"10"	"12"	"Marquand, Tom"	"Appleby, M"	"6f "	"7"	"32"
"19:45:00"	"2024-10-16"	"Kempton"	"Circe (IRE)"	"5.00"	"7.3"	"Handicap"	"2"	"5"	"Leavy, Mr Joe"	"Hannon (Jnr), Richard"	"6f "	"3"	"41"
"19:15:00"	"2024-10-16"	"Kempton"	"Siempre Arturo"	"20.00"	"25"	"Handicap"	"1"	"14"	"Crowley, Jim"	"Kubler, Daniel"	"1m3f "	"4"	"83"
"19:15:00"	"2024-10-16"	"Kempton"	"Bohemian Breeze (IRE)"	"80.00"	"166.38"	"Handicap"	"10"	"14"	"Clutterbuck, Rhys"	"Moore, Gary and Josh"	"1m3f "	"4"	"43"
"17:30:00"	"2024-10-15"	"Newcastle"	"Hawaii Five O"	"1.75"	"2.82"	"Handicap Nursery"	"2"	"12"	"Rodriguez, Callum"	"Charlton, Roger/Harry"	"7f "	"2"	"26"
"20:00:00"	"2024-10-14"	"Wolverhampton"	"Bobacious"	"2.25"	"3.7"	"Handicap"	"5"	"9"	"Bryan, Joshua"	"Nicholls, Georgina"	"1m4f "	"4"	"30"
"19:00:00"	"2024-10-14"	"Wolverhampton"	"Forever Proud"	"1.38"	"2.61"	"Handicap"	"6"	"12"	"Bowen, S D"	"Owen, J P"	"1m.5f "	"4"	"25"
"16:05:00"	"2024-10-14"	"Kempton"	"Al Ameen (IRE)"	"2.75"	"3.96"	"Handicap"	"4"	"7"	"McGettigan, P"	"Fanshawe, J R"	"6f "	"5"	"28"
"17:20:00"	"2024-10-12"	"Chelmsford City"	"Eagle Day (IRE)"	"12.00"	"18.5"	"Handicap"	"7"	"13"	"Hogan, D E"	"Evans, P D"	"1m "	"4"	"33"
"19:15:00"	"2024-10-11"	"Kempton"	"Ocean Heights"	"14.00"	"20.19"	"Handicap"	"8"	"13"	"Watson, Jason"	"Pipe, D E"	"1m4f "	"7"	"45"
"16:24:00"	"2024-10-10"	"Southwell"	"Ben Dikduk (IRE)"	"25.00"	"46"	"Handicap"	"3"	"10"	"Garritty, Jack"	"Walford, Mark"	"7f "	"4"	"108"
"16:24:00"	"2024-10-10"	"Southwell"	"Glory Call (IRE)"	"10.00"	"13.46"	"Handicap"	"6"	"10"	"Russell, Harry"	"Pears, Ollie"	"7f "	"4"	"35"
"16:55:00"	"2024-10-07"	"Wolverhampton"	"Piranha Rama"	"20.00"	"32.81"	"Handicap Nursery"	"3"	"8"	"Williams, Jordan"	"Evans, P D"	"5f "	"2"	"49"
"18:45:00"	"2024-10-05"	"Southwell"	"Buzz Box"	"12.00"	"18"	"Handicap"	"4"	"10"	"Breslin, Andrew"	"Smart, B"	"6f "	"3"	"235"
"18:15:00"	"2024-10-05"	"Southwell"	"Cracksking"	"3.50"	"5.17"	"Handicap"	"2"	"10"	"Fraser, Kaiya"	"Fanshawe, J R"	"1m4f "	"4"	"37"
"20:30:00"	"2024-10-02"	"Kempton"	"Queen Jean (IRE)"	"8.50"	"10.22"	"Handicap"	"10"	"12"	"Whelan, Trevor"	"Charlton, Roger/Harry"	"6f "	"3"	"29"
"18:20:00"	"2024-10-02"	"Kempton"	"Heat Of Passion"	"3.50"	"5.3"	"Handicap"	"4"	"12"	"Morris, Luke"	"Prescott, Sir Mark"	"1m3f "	"3"	"57"
"18:20:00"	"2024-10-02"	"Kempton"	"Orchestra (FR)"	"33.00"	"55"	"Handicap"	"7"	"12"	"Marquand, Tom"	"OBrien, Fergal"	"1m3f "	"4"	"118"
"16:10:00"	"2024-09-28"	"Chelmsford City"	"Star Of St James (GER)"	"5.50"	"7.26"	"Handicap"	"6"	"11"	"Germany, Stephanie"	"Furtado, Ivan"	"1m2f "	"7"	"30"
"19:00:00"	"2024-09-26"	"Southwell"	"Triggerman (IRE)"	"5.00"	"6.4"	"Handicap"	"1"	"12"	"Sexton, Ryan"	"Camacho, Miss J A"	"1m "	"3"	"30"
"17:00:00"	"2024-09-26"	"Southwell"	"Miss Monte Carlo"	"2.50"	"3.57"	"Handicap"	"4"	"9"	"Mulrennan, Paul"	"Walker, Ed"	"1m4f "	"3"	"38"
"19:30:00"	"2024-09-23"	"Wolverhampton"	"Baileys Warrior"	"3.33"	"4.41"	"Handicap"	"1"	"10"	"Havlin, Robert"	"Faulkner, T"	"2m.5f "	"6"	"75"
"19:30:00"	"2024-09-21"	"Wolverhampton"	"Charlottes Web (IRE)"	"1.63"	"2.72"	"Handicap"	"1"	"9"	"Burns, Harry"	"Crisford, Simon"	"1m1.5f "	"3"	"27"
"20:15:00"	"2024-09-20"	"Kempton"	"Angel On High (IRE)"	"7.00"	"10"	"Handicap"	"10"	"11"	"Heard, Tyler"	"Wintle, A"	"1m4f "	"7"	"31"
"19:30:00"	"2024-09-19"	"Chelmsford City"	"Sovereign Knight"	"8.50"	"11.35"	"Handicap"	"13"	"13"	"Larson, Frederick"	"Murphy, Amy"	"7f "	"3"	"25"
"19:00:00"	"2024-09-19"	"Chelmsford City"	"Dashing Donkey"	"4.00"	"5.98"	"Handicap"	"3"	"10"	"Crouch, Hector"	"Stone, W B"	"7f "	"3"	"42"
"20:30:00"	"2024-09-12"	"Newcastle"	"Howzak"	"4.50"	"6.4"	"Handicap"	"5"	"8"	"Garritty, Billy"	"Bailey, Liam"	"5f "	"6"	"56"
"16:58:00"	"2024-09-12"	"Newcastle"	"Crystal Guard (IRE)"	"8.00"	"12.09"	"Handicap"	"7"	"9"	"Tabti, M"	"Jardine, I"	"2m.5f "	"6"	"34"
"20:30:00"	"2024-09-10"	"Newcastle"	"Havana Smoke (IRE)"	"4.00"	"6"	"Handicap"	"6"	"14"	"Egan, David"	"Cunha, Dylan"	"1m "	"3"	"26"
"21:00:00"	"2024-09-05"	"Wolverhampton"	"Straight A"	"3.50"	"5.1"	"Handicap"	"5"	"10"	"Rawlinson, Ali"	"Appleby, M"	"1m.5f "	"3"	"26"
"16:55:00"	"2024-09-05"	"Wolverhampton"	"Port Noir"	"5.00"	"7.25"	"Handicap"	"4"	"6"	"Ghiani, Marco"	"Stephens, Robert"	"7f "	"7"	"37"
"15:05:00"	"2024-09-03"	"Southwell"	"Emporess (IRE)"	"16.00"	"25"	"Handicap Nursery"	"6"	"11"	"Edmunds, Lewis"	"Millman, B R"	"6f "	"2"	"34"
"19:00:00"	"2024-02-27"	"Southwell"	"Connected"	"2.25"	"3.98"	"Handicap"	"5"	"8"	"Muscutt, D"	"Foy, Kevin"	"7f "	"4"	"44"
"17:05:00"	"2024-02-24"	"Southwell"	"King Viktor"	"22.00"	"28"	"Handicap"	"6"	"13"	"Hardie, Cameron"	"Ellison, B"	"2m.5f "	"6"	"28"
"20:30:00"	"2024-02-23"	"Wolverhampton"	"Endless Power"	"6.00"	"7.86"	"Handicap"	"1"	"8"	"Lee, Clifford"	"Tate, James"	"1m1.5f "	"4"	"33"
"19:15:00"	"2024-02-23"	"Dundalk"	"Dont Do Dramas (IRE)"	"33.00"	"57.92"	"Handicap"	"5"	"5"	"Roche, L F"	"Mulvany, Michael"	"1m2.5f "	"3"	"116"
"18:00:00"	"2024-02-22"	"Newcastle"	"Exalted Angel (FR)"	"11.00"	"16.99"	"Handicap"	"6"	"8"	"Lee, Clifford"	"Burke, K R"	"5f "	"8"	"27"
"17:30:00"	"2024-02-22"	"Newcastle"	"Smart Vision"	"2.75"	"3.67"	"Handicap"	"1"	"8"	"Edmunds, Lewis"	"Macey, Jessica"	"7f "	"3"	"75"
"19:00:00"	"2024-02-19"	"Wolverhampton"	"Wait And Hope"	"5.00"	"7.83"	"Handicap"	"2"	"5"	"James, S H"	"Burke, K R"	"1m.5f "	"3"	"31"
"19:30:00"	"2024-02-18"	"Kempton"	"Al Farabi (FR)"	"2.00"	"3.65"	"Handicap"	"2"	"11"	"Mitchell, Jack"	"Varian, Roger"	"6f "	"4"	"30"
"19:30:00"	"2024-02-17"	"Newcastle"	"Shes Got Bottle"	"11.00"	"15.57"	"Handicap"	"7"	"8"	"Peate, Jonny"	"Fell, R / Murray, S"	"7f "	"5"	"184"
"19:15:00"	"2024-02-16"	"Wolverhampton"	"Muhalhel (IRE)"	"4.00"	"6.86"	"Handicap"	"3"	"9"	"Doyle, Hollie"	"McCann, Anthony"	"1m1.5f "	"6"	"28"
"17:30:00"	"2024-02-15"	"Chelmsford City"	"Nazca"	"6.00"	"9.03"	"Handicap"	"5"	"5"	"Jakes, Tommie"	"Perratt, Miss L A"	"5f "	"5"	"27"
"14:10:00"	"2024-02-14"	"Dundalk"	"Ellaat"	"9.00"	"12.89"	"Handicap"	"13"	"14"	"Davis, Sean"	"Byrnes, C"	"2m "	"8"	"90"
"20:15:00"	"2024-02-09"	"Chelmsford City"	"Flying Panther"	"14.00"	"18.26"	"Handicap"	"5"	"7"	"Marquand, Tom"	"Newland, Dr R D P"	"1m "	"4"	"37"
"19:00:00"	"2024-02-09"	"Dundalk"	"Exquisite Acclaim (IRE)"	"6.50"	"9.4"	"Handicap"	"1"	"13"	"Caffrey, Adam"	"McGuinness, Adrian"	"1m "	"5"	"28"
"18:35:00"	"2024-02-08"	"Newcastle"	"Night Safari (FR)"	"0.83"	"1.96"	"Handicap"	"5"	"7"	"Fanning, Joe"	"Johnston, Charlie"	"1m "	"3"	"179"
"18:45:00"	"2024-02-03"	"Kempton"	"Beyond Equal"	"8.50"	"12"	"Handicap"	"5"	"7"	"Costello, Dougie"	"Kittow, W S"	"7f "	"9"	"140"
"16:30:00"	"2024-02-03"	"Wolverhampton"	"Morlaix"	"5.50"	"8.34"	"Handicap"	"6"	"12"	"Turner, Hayley"	"Simcock, D M"	"1m6f "	"7"	"25"
"18:30:00"	"2024-02-02"	"Dundalk"	"Satono Chevalier (IRE)"	"2.75"	"4"	"Handicap"	"4"	"9"	"Kearney, J"	"OBrien, Richard John"	"1m4f "	"6"	"42"
"18:00:00"	"2024-02-02"	"Dundalk"	"Super Over (IRE)"	"3.50"	"5.47"	"Handicap"	"4"	"14"	"Keane, C T"	"Coakley, D P"	"1m "	"6"	"65"
"16:20:00"	"2024-02-02"	"Lingfield"	"Thank The Lord"	"6.50"	"11"	"Handicap"	"8"	"8"	"Marsh, Finley"	"Hodgson, Simon"	"5f "	"5"	"43"
"20:00:00"	"2024-02-01"	"Chelmsford City"	"Outgun"	"2.25"	"3.51"	"Handicap"	"3"	"6"	"Ryan, Rossa"	"King, A"	"1m2f "	"4"	"36"
"19:30:00"	"2024-01-31"	"Kempton"	"Johnny Boom (IRE)"	"11.00"	"14.88"	"Handicap"	"7"	"9"	"Ryan, Rossa"	"Lycett, Shaun"	"1m4f "	"6"	"48"
"18:30:00"	"2024-01-31"	"Kempton"	"Baldomero (IRE)"	"6.00"	"7.93"	"Handicap"	"4"	"8"	"Rawlinson, Ali"	"Appleby, M"	"7f "	"6"	"32"
"17:30:00"	"2024-01-31"	"Kempton"	"Emorcee (IRE)"	"10.00"	"14.6"	"Handicap"	"7"	"7"	"Keeley, Aidan"	"Stephens, Robert"	"1m "	"4"	"124"
"15:35:00"	"2024-01-31"	"Dundalk"	"Bright Dick (IRE)"	"10.00"	"15.5"	"Handicap"	"6"	"14"	"Crosse, Nathan"	"Comer, Luke"	"7f "	"4"	"54"
"18:30:00"	"2024-01-30"	"Southwell"	"Master Of Combat (IRE)"	"14.00"	"21.09"	"Handicap"	"3"	"13"	"Mitchell, Jack"	"Frost, Kevin"	"1m "	"6"	"25"
"16:55:00"	"2024-01-27"	"Kempton"	"Alazwar (IRE)"	"1.50"	"2.71"	"Handicap"	"4"	"7"	"Hampson, Brodie"	"Watson, Archie"	"1m "	"6"	"39"
"16:15:00"	"2024-01-27"	"Newcastle"	"Its A Love Thing"	"4.00"	"5.71"	"Handicap"	"2"	"7"	"Keniry, L P"	"England, Sam"	"1m4.5f "	"6"	"65"
"20:15:00"	"2024-01-26"	"Wolverhampton"	"Classic Speed (IRE)"	"16.00"	"24"	"Handicap"	"8"	"8"	"Shoemark, Kieran"	"Toomey, Brian"	"1m4f "	"4"	"44"
"18:30:00"	"2024-01-26"	"Dundalk"	"Alto Sax (IRE)"	"7.50"	"10"	"Handicap"	"3"	"10"	"Halpin, G P"	"Lyons, G M"	"1m "	"3"	"37"
"20:30:00"	"2024-01-24"	"Kempton"	"San Pedro (IRE)"	"33.00"	"58.06"	"Handicap"	"9"	"10"	"Turner, Hayley"	"Gordon, C"	"2m "	"7"	"65"
"14:50:00"	"2024-01-24"	"Lingfield"	"Lion Ring (IRE)"	"7.00"	"10"	"Handicap"	"5"	"10"	"Shoemark, Kieran"	"Martin, Andrew J"	"6f "	"6"	"69"
"14:15:00"	"2024-01-24"	"Lingfield"	"Galloping On (IRE)"	"0.73"	"1.87"	"Handicap"	"2"	"5"	"Ryan, Rossa"	"Cox, C G"	"1m "	"3"	"50"
"12:40:00"	"2024-01-24"	"Lingfield"	"Luna Magic"	"25.00"	"39.31"	"Handicap"	"9"	"9"	"Hampson, Brodie"	"Watson, Archie"	"1m2f "	"10"	"100"
"15:35:00"	"2024-01-22"	"Kempton"	"Magic Fluke (IRE)"	"3.50"	"5.2"	"Handicap"	"2"	"11"	"Ghiani, Marco"	"Botti, M"	"7f "	"3"	"25"
"19:15:00"	"2024-01-21"	"Chelmsford City"	"Guy Fawkes (IRE)"	"14.00"	"17.93"	"Handicap"	"11"	"12"	"ONeill, K T"	"Chapple-Hyam, Jane"	"6f "	"4"	"31"
"18:45:00"	"2024-01-21"	"Chelmsford City"	"Eagle Day (IRE)"	"14.00"	"17.93"	"Handicap"	"6"	"12"	"Williams, Jordan"	"Evans, P D"	"1m "	"4"	"33"
"17:45:00"	"2024-01-21"	"Chelmsford City"	"Romilda (FR)"	"3.50"	"4.9"	"Handicap"	"3"	"14"	"Loughnane, Mr Billy"	"Haggas, W J"	"1m2f "	"4"	"32"
"15:10:00"	"2024-01-20"	"Lingfield"	"Twirling (IRE)"	"7.50"	"8.89"	"Handicap"	"7"	"8"	"Moore, Ryan"	"Crisford, Simon"	"1m2f "	"4"	"28"
"12:50:00"	"2024-01-20"	"Lingfield"	"Photosynthesis (IRE)"	"3.50"	"5.2"	"Handicap"	"1"	"7"	"Mitchell, Jack"	"Clover, Tom"	"6f "	"3"	"43"
"17:00:00"	"2024-01-19"	"Dundalk"	"Club Manager"	"4.50"	"7"	"Handicap"	"12"	"14"	"Whearty, R"	"Cromwell, Gavin Patrick"	"2m "	"4"	"101"
"15:45:00"	"2024-01-19"	"Newcastle"	"Cant Stop Now (IRE)"	"7.50"	"12.5"	"Handicap"	"5"	"8"	"Shepherd, Callum"	"Jardine, I"	"1m2f "	"7"	"116"
"13:40:00"	"2024-01-19"	"Wolverhampton"	"Aqwaam"	"4.00"	"6.4"	"Handicap"	"4"	"12"	"Rawlinson, Ali"	"Williams, Ian"	"1m6f "	"6"	"28"
"17:00:00"	"2024-01-16"	"Newcastle"	"Oliver Show (IRE)"	"11.00"	"14"	"Handicap"	"2"	"11"	"Loughnane, Mr Billy"	"Boughey, George"	"1m "	"4"	"40"
"16:00:00"	"2024-01-16"	"Dundalk"	"Irish Rumour (IRE)"	"2.25"	"3.68"	"Handicap"	"2"	"14"	"Colgan, R C"	"Lynch, Miss Jennifer Anne"	"6f "	"4"	"27"
"14:30:00"	"2024-01-14"	"Lingfield"	"Logistical (IRE)"	"100.00"	"260"	"Handicap"	"9"	"10"	"Carver, William"	"Hodgson, Simon"	"1m5f "	"4"	"100"
"18:00:00"	"2024-01-13"	"Wolverhampton"	"Bashful"	"66.00"	"66.28"	"Handicap"	"6"	"12"	"Mullen, Andrew"	"Jardine, I"	"1m1.5f "	"6"	"44"
"17:00:00"	"2024-01-13"	"Wolverhampton"	"Supreme Tenacity (IRE)"	"5.00"	"8.6"	"Handicap"	"6"	"7"	"Gray, S A"	"Makin, Phillip"	"1m.5f "	"3"	"88"
"20:00:00"	"2024-01-12"	"Wolverhampton"	"Ring Of Gold"	"2.25"	"3.38"	"Handicap"	"5"	"7"	"Mason, Joanna"	"Easterby, M W"	"1m.5f "	"7"	"32"
"16:45:00"	"2024-01-12"	"Dundalk"	"Volatile Analyst (USA)"	"3.50"	"5.39"	"Handicap"	"2"	"14"	"MacRedmond, Cian"	"McGuinness, Adrian"	"7f "	"7"	"28"
"17:30:00"	"2024-01-11"	"Chelmsford City"	"Hellavapace"	"8.00"	"9.9"	"Handicap"	"2"	"8"	"Tubb, Olivia"	"Portman, J G"	"1m "	"6"	"58"
"13:30:00"	"2024-01-11"	"Southwell"	"Star Zinc (IRE)"	"7.50"	"11.32"	"Handicap"	"2"	"10"	"Loughnane, Mr Billy"	"Menzies, Rebecca"	"1m "	"5"	"34"
"15:55:00"	"2024-01-08"	"Newcastle"	"Greenwich"	"1.75"	"2.97"	"Handicap"	"11"	"11"	"Loughnane, Mr Billy"	"Menzies, Rebecca"	"7f "	"4"	"111"
"15:20:00"	"2024-01-08"	"Newcastle"	"Brunello Breeze"	"1.25"	"2.37"	"Handicap"	"1"	"11"	"Fanning, Joe"	"Tate, T P"	"1m2f "	"5"	"52"
"18:00:00"	"2024-01-07"	"Wolverhampton"	"Golden Keeper"	"100.00"	"280"	"Handicap"	"9"	"11"	"Catton, Luke"	"Lund, B V"	"2m.5f "	"5"	"94"
"17:00:00"	"2024-01-07"	"Wolverhampton"	"Rise Hall"	"14.00"	"20.31"	"Handicap"	"4"	"11"	"Russell, Harry"	"Oldroyd, G R"	"1m1.5f "	"9"	"54"
"18:45:00"	"2024-01-06"	"Kempton"	"Aratus (IRE)"	"2.50"	"3.64"	"Handicap"	"2"	"8"	"Ryan, Rossa"	"Cox, C G"	"1m "	"6"	"31"
"18:30:00"	"2024-01-05"	"Wolverhampton"	"Vienna Girl"	"12.00"	"17.72"	"Handicap"	"5"	"8"	"Nolan, D"	"Frost, Kevin"	"1m6f "	"6"	"69"
"16:10:00"	"2024-01-04"	"Newcastle"	"Ibiza Rocks"	"5.00"	"7.08"	"Handicap"	"9"	"11"	"Russell, Harry"	"Greenall, O / Guerriero, J"	"1m "	"6"	"30"
"15:37:00"	"2024-01-04"	"Newcastle"	"Heatherdown Hero"	"3.50"	"5.68"	"Handicap"	"9"	"12"	"Mulrennan, Paul"	"Menzies, Rebecca"	"2m.5f "	"5"	"28"
"14:15:00"	"2024-01-04"	"Lingfield"	"Fast Affair"	"3.00"	"4.03"	"Handicap"	"3"	"9"	"Muscutt, D"	"Fanshawe, J R"	"1m2f "	"4"	"59"
"19:30:00"	"2024-01-03"	"Kempton"	"God Of Thunder (IRE)"	"11.00"	"13.23"	"Handicap"	"2"	"12"	"Keniry, L P"	"Hannon (Jnr), Richard"	"1m3f "	"5"	"30"
"18:45:00"	"2023-10-31"	"Newcastle"	"Billy Mcgarry"	"8.50"	"11.47"	"Handicap"	"7"	"11"	"Eaves, Tom"	"Herrington,M "	"1m "	"4"	"41"
"17:45:00"	"2023-10-31"	"Newcastle"	"Vindobala (IRE)"	"6.50"	"9.2"	"Handicap"	"1"	"12"	"Eaves, Tom"	"England, Sam"	"1m "	"5"	"42"
"19:30:00"	"2023-10-30"	"Newcastle"	"Malham Tarn Cove"	"9.00"	"14.22"	"Handicap"	"5"	"12"	"Costello, Dougie"	"Hollinshead, Steph"	"6f "	"4"	"44"
"16:41:00"	"2023-10-27"	"Wolverhampton"	"Storm Alice"	"28.00"	"37.84"	"Handicap Nursery"	"5"	"8"	"Doyle, Hollie"	"Evans, P D"	"1m1.5f "	"2"	"36"
"15:05:00"	"2023-10-27"	"Lingfield"	"No Turning Back"	"2.75"	"3.88"	"Handicap"	"6"	"11"	"Bradley, Paddy"	"Phelan, P M"	"1m "	"4"	"51"
"19:30:00"	"2023-10-26"	"Wolverhampton"	"Jax Edge"	"12.00"	"19.5"	"Handicap"	"5"	"8"	"Mangan, Gina"	"Mason, Christopher"	"6f "	"3"	"50"
"18:30:00"	"2023-10-26"	"Wolverhampton"	"Locked N Loaded"	"18.00"	"24.65"	"Handicap"	"7"	"9"	"Rawlinson, Ali"	"Carroll, A W"	"1m.5f "	"6"	"213"
"17:10:00"	"2023-10-23"	"Wolverhampton"	"My Boy Jack"	"6.00"	"8.79"	"Handicap"	"1"	"12"	"Murphy, Oisin"	"Frost, Kevin"	"6f "	"4"	"177"
"16:12:00"	"2023-10-21"	"Wolverhampton"	"Hitched (IRE)"	"2.13"	"3.22"	"Handicap"	"1"	"11"	"Shepherd, Callum"	"Simcock, D M"	"1m.5f "	"3"	"48"
"18:30:00"	"2023-10-20"	"Newcastle"	"Mart"	"3.33"	"4.9"	"Handicap Nursery"	"8"	"11"	"Cheyne, Greg"	"Cunha, Dylan"	"5f "	"2"	"66"
"19:00:00"	"2023-10-19"	"Chelmsford City"	"Via Corone (IRE)"	"22.00"	"36.93"	"Handicap"	"10"	"10"	"Mitchell, Jack"	"Spiller, Henry"	"6f "	"3"	"118"
"18:30:00"	"2023-10-19"	"Chelmsford City"	"Mitigator"	"6.00"	"7.91"	"Handicap"	"2"	"12"	"Hogan, D E"	"Jones, Jack"	"1m "	"7"	"31"
"20:30:00"	"2023-10-18"	"Kempton"	"Bletchley Storm"	"5.00"	"7"	"Handicap"	"9"	"12"	"Shepherd, Callum"	"Bell, M L W"	"1m4f "	"3"	"28"
"20:30:00"	"2023-10-14"	"Chelmsford City"	"Snow Berry (IRE)"	"16.00"	"18.66"	"Handicap"	"3"	"8"	"Rawlinson, Ali"	"Appleby, M"	"6f "	"5"	"25"
"20:00:00"	"2023-10-14"	"Chelmsford City"	"American Belle (IRE)"	"6.50"	"9.16"	"Handicap"	"5"	"11"	"Muscutt, D"	"Fanshawe, J R"	"7f "	"3"	"50"
"19:30:00"	"2023-10-14"	"Chelmsford City"	"Moonspirit"	"4.50"	"5.96"	"Handicap"	"1"	"11"	"Loughnane, Mr Billy"	"Boughey, George"	"1m "	"3"	"37"
"19:45:00"	"2023-10-13"	"Dundalk"	"Fast Medicine (IRE)"	"100.00"	"305.89"	"Handicap"	"11"	"12"	"Roche, L F"	"Hanlon, John Joseph"	"1m4f "	"5"	"49"
"17:00:00"	"2023-10-12"	"Chelmsford City"	"Landlordtothestars (IRE)"	"7.50"	"10.5"	"Handicap"	"7"	"11"	"Costello, Dougie"	"Evans, H J"	"7f "	"3"	"57"
"20:30:00"	"2023-10-11"	"Kempton"	"Romanovich (IRE)"	"6.50"	"8.8"	"Handicap"	"7"	"14"	"Marsh, Finley"	"Oshea, J G M"	"7f "	"4"	"117"
"20:00:00"	"2023-10-11"	"Kempton"	"Cooperation (IRE)"	"40.00"	"67.21"	"Handicap"	"11"	"11"	"Bradley, Paddy"	"Attwater, M J"	"6f "	"5"	"46"
"19:30:00"	"2023-10-11"	"Kempton"	"Glorious Lion"	"4.50"	"6.33"	"Handicap"	"8"	"12"	"Murphy, Oisin"	"Ferguson, James"	"1m4f "	"3"	"177"
"20:30:00"	"2023-10-10"	"Southwell"	"Oriental Art"	"4.50"	"6.67"	"Handicap"	"1"	"11"	"Shepherd, Callum"	"Simcock, D M"	"1m4f "	"5"	"44"
"16:15:00"	"2023-10-10"	"Southwell"	"Premiership"	"6.00"	"9.57"	"Handicap"	"8"	"11"	"Farragher, Adam J"	"Wigham, M"	"1m "	"4"	"52"
"17:00:00"	"2023-10-09"	"Wolverhampton"	"Luna Magic"	"9.00"	"15"	"Handicap"	"2"	"9"	"Hampson, Brodie"	"Watson, Archie"	"1m1.5f "	"9"	"38"
"19:30:00"	"2023-10-07"	"Wolverhampton"	"Zero Carbon (FR)"	"6.00"	"8.09"	"Handicap"	"5"	"10"	"Marsh, Finley"	"Hughes, Richard"	"6f "	"4"	"31"
"19:00:00"	"2023-10-07"	"Wolverhampton"	"The Princes Poet"	"14.00"	"20.18"	"Handicap"	"6"	"11"	"Downing, George"	"Houghton, Eve Johnson"	"6f "	"5"	"33"
"18:45:00"	"2023-10-06"	"Newcastle"	"My Roxanne (IRE)"	"5.00"	"6.2"	"Handicap"	"3"	"8"	"Robinson, Ben"	"Ellison, B"	"1m "	"3"	"64"
"17:45:00"	"2023-10-06"	"Newcastle"	"Archduke Ferdinand (IRE)"	"22.00"	"27.49"	"Handicap"	"4"	"11"	"Swift, Mr Dale"	"Spencer, Seb"	"1m "	"4"	"27"
"20:30:00"	"2023-10-05"	"Chelmsford City"	"Tradesman (IRE)"	"6.00"	"8.04"	"Handicap"	"1"	"9"	"Turner, Hayley"	"Simcock, D M"	"2m "	"4"	"34"
"19:00:00"	"2023-10-05"	"Chelmsford City"	"Evening Story"	"18.00"	"21.7"	"Handicap"	"5"	"12"	"Hart, Jason"	"Kubler, Daniel"	"1m2f "	"3"	"29"
"20:30:00"	"2023-10-04"	"Kempton"	"Gherkin"	"5.00"	"8"	"Handicap"	"6"	"12"	"Murphy, Oisin"	"Kittow, W S"	"6f "	"6"	"28"
"18:30:00"	"2023-10-03"	"Wolverhampton"	"Southwold (IRE)"	"4.00"	"5.76"	"Handicap"	"3"	"10"	"Egan, David"	"Kubler, Daniel"	"1m.5f "	"4"	"27"
"18:30:00"	"2023-10-03"	"Wolverhampton"	"Star Player"	"4.00"	"5.26"	"Handicap"	"6"	"10"	"Muscutt, D"	"Foy, Kevin"	"1m.5f "	"3"	"38"
"19:00:00"	"2023-09-30"	"Chelmsford City"	"Seas Of Elzaam (IRE)"	"66.00"	"200"	"Handicap"	"11"	"13"	"Hogan, D E"	"Butler, John"	"6f "	"6"	"130"
"18:30:00"	"2023-09-28"	"Southwell"	"Owens Lad"	"6.00"	"8.4"	"Handicap"	"4"	"13"	"Pearson, Laura"	"Loughnane, David"	"1m3f "	"5"	"27"
"16:55:00"	"2023-09-25"	"Wolverhampton"	"Beauzon"	"33.00"	"55"	"Handicap"	"12"	"12"	"Stott, Kevin"	"Williams, Ian"	"7f "	"4"	"208"
"20:15:00"	"2023-09-22"	"Kempton"	"Sympathise (IRE)"	"5.00"	"6.73"	"Handicap"	"8"	"11"	"Ingram, Rhiain B"	"Dartnall, V R A"	"6f "	"5"	"56"
"19:15:00"	"2023-09-22"	"Kempton"	"Down To The Kid (IRE)"	"18.00"	"33.06"	"Handicap"	"7"	"11"	"Keenan, Darragh"	"Haynes, Alice"	"1m3f "	"4"	"25"
"18:00:00"	"2023-09-22"	"Dundalk"	"Talia (IRE)"	"2.25"	"4.09"	"Handicap"	"2"	"13"	"Lee, W J"	"Lupini, Miss Natalia"	"7f "	"3"	"76"
"20:00:00"	"2023-09-21"	"Chelmsford City"	"Navy Drums (USA)"	"5.00"	"8"	"Handicap"	"7"	"7"	"Hogan, D E"	"Jones, Jack"	"5f "	"5"	"131"
"20:00:00"	"2023-09-18"	"Kempton"	"Lady Of Arabia"	"4.50"	"6.99"	"Handicap"	"1"	"12"	"Crouch, Hector"	"Houghton, Eve Johnson"	"1m "	"3"	"30"
"18:30:00"	"2023-09-14"	"Chelmsford City"	"Starry Eyes (USA)"	"4.50"	"6"	"Handicap"	"4"	"10"	"Sayette, B D L"	"Johnson, B R"	"1m "	"7"	"31"
"20:30:00"	"2023-09-13"	"Kempton"	"Stage Show"	"5.00"	"7.2"	"Handicap"	"3"	"11"	"Kingscote, Richard"	"Charlton, Roger/Harry"	"1m4f "	"3"	"28"
"19:15:00"	"2023-09-13"	"Southwell"	"Fierce (IRE)"	"7.00"	"9.01"	"Handicap"	"13"	"14"	"Shoemark, Kieran"	"Moore, Gary and Josh"	"6f "	"3"	"25"
"18:00:00"	"2023-09-13"	"Kempton"	"She Is A Keeper (IRE)"	"8.50"	"12.98"	"Handicap Nursery"	"1"	"7"	"Doyle, Hollie"	"Kelleway, Miss Gay"	"6f "	"2"	"33"
"17:30:00"	"2023-09-13"	"Kempton"	"Alfred (FR)"	"4.50"	"6"	"Handicap Nursery"	"3"	"7"	"Ryan, Rossa"	"Chapple-Hyam, P W"	"1m "	"2"	"49"
"16:55:00"	"2023-09-11"	"Newcastle"	"Mrs Meader"	"20.00"	"38.7"	"Handicap"	"2"	"8"	"Feilden, Sam"	"Feilden, Miss J"	"1m4.5f "	"7"	"46"
"19:00:00"	"2023-09-09"	"Wolverhampton"	"Mimi Kakushi (IRE)"	"6.00"	"7.72"	"Handicap Nursery"	"5"	"7"	"Planas, Connor"	"Boughey, George"	"1m.5f "	"2"	"78"
"17:25:00"	"2023-09-09"	"Wolverhampton"	"Dark Company (IRE)"	"20.00"	"30"	"Handicap"	"8"	"9"	"Wheatley, Zak"	"Loughnane, Daniel Mark"	"1m.5f "	"5"	"35"
"16:35:00"	"2023-09-09"	"Kempton"	"Rich Rhythm"	"3.50"	"5.48"	"Handicap"	"2"	"13"	"Crouch, Hector"	"Beckett, R M"	"7f "	"4"	"74"
"21:00:00"	"2023-09-08"	"Kempton"	"Hourless"	"2.00"	"3.36"	"Handicap"	"3"	"11"	"Probert, David"	"King, A"	"2m "	"3"	"30"
"15:55:00"	"2023-09-08"	"Newcastle"	"Kats Bob"	"6.00"	"8.29"	"Handicap"	"3"	"10"	"Mullen, Andrew"	"Jardine, I"	"7f "	"5"	"27"
"18:45:00"	"2023-09-07"	"Wolverhampton"	"Supaspecialawesome (IRE)"	"8.00"	"9.2"	"Handicap"	"2"	"10"	"Jamin, Pierre-Louis"	"Palmer, Hugo"	"1m.5f "	"3"	"29"
"18:15:00"	"2023-09-07"	"Wolverhampton"	"Le Beau Garcon"	"10.00"	"12.43"	"Handicap"	"9"	"12"	"Robinson, Ben"	"Easterby, M W"	"6f "	"4"	"27"
"17:30:00"	"2023-09-06"	"Southwell"	"El Tesoro (IRE)"	"6.50"	"9.49"	"Handicap"	"6"	"14"	"Muscutt, D"	"Parr, Joseph"	"6f "	"3"	"99"
"17:25:00"	"2023-09-06"	"Lingfield"	"Star Of Epsom"	"7.00"	"10"	"Handicap"	"7"	"10"	"Bradley, Paddy"	"Phelan, P M"	"1m "	"5"	"67"
"13:30:00"	"2023-09-06"	"Southwell"	"Fougere"	"11.00"	"15.43"	"Handicap"	"5"	"14"	"Quinn, Jimmy"	"Ivory, D K"	"1m3f "	"3"	"34"
"17:15:00"	"2023-09-02"	"Chelmsford City"	"Bravura"	"6.50"	"9.06"	"Handicap"	"9"	"10"	"Cole, Morgan"	"Prescott, Sir Mark"	"1m2f "	"3"	"66"
"20:00:00"	"2023-09-01"	"Wolverhampton"	"Harry The Haggler (IRE)"	"1.63"	"2.68"	"Handicap"	"2"	"11"	"Ghiani, Marco"	"Williams, S C"	"7f "	"3"	"64"
"18:10:00"	"2023-02-25"	"Chelmsford City"	"Trusty Rusty"	"3.33"	"4.29"	"Handicap"	"3"	"4"	"Fallon, Cieren"	"Carroll, A W"	"6f "	"6"	"48"
"17:00:00"	"2023-02-25"	"Lingfield"	"Arcadian Nights"	"4.50"	"6.14"	"Handicap"	"1"	"9"	"Muscutt, D"	"Loughnane, Daniel Mark"	"1m2f "	"5"	"37"
"17:00:00"	"2023-02-25"	"Lingfield"	"Cresta De Vega (IRE)"	"1.00"	"2.06"	"Handicap"	"5"	"9"	"Ryan, Rossa"	"Beckett, R M"	"1m2f "	"4"	"49"
"19:00:00"	"2023-02-22"	"Kempton"	"Compliant"	"2.50"	"3.65"	"Handicap"	"1"	"6"	"Muscutt, D"	"Fanshawe, J R"	"1m3f "	"4"	"72"
"18:30:00"	"2023-02-21"	"Southwell"	"Trojan Legend"	"8.00"	"12"	"Handicap"	"8"	"8"	"Hart, Jason"	"Johnston, Charlie"	"7f "	"3"	"33"
"19:45:00"	"2023-02-17"	"Southwell"	"Bearing Bob"	"4.50"	"6.35"	"Handicap"	"3"	"11"	"Lee, Clifford"	"Carroll, A W"	"7f "	"4"	"29"
"17:30:00"	"2023-02-17"	"Dundalk"	"Miss Abby Jools (IRE)"	"14.00"	"36"	"Handicap"	"13"	"14"	"Davis, Sean"	"Byrnes, C"	"7f "	"4"	"91"
"15:55:00"	"2023-02-17"	"Dundalk"	"Gidwa (IRE)"	"16.00"	"27"	"Handicap"	"12"	"14"	"McMonagle, Dylan B"	"McConnell, John C"	"5f "	"4"	"48"
"15:20:00"	"2023-02-17"	"Lingfield"	"Brunel Charm"	"18.00"	"30"	"Handicap"	"2"	"8"	"Rooke, George"	"Hughes, Richard"	"1m "	"6"	"128"
"17:10:00"	"2023-02-15"	"Dundalk"	"No Trouble (IRE)"	"5.50"	"8.4"	"Handicap"	"6"	"8"	"Heffernan, J A"	"McConnell, John C"	"1m2.5f "	"7"	"63"
"18:30:00"	"2023-02-14"	"Newcastle"	"Fine Wine (FR)"	"14.00"	"17"	"Handicap"	"7"	"8"	"ONeill, K T"	"Dixon, Scott"	"6f "	"6"	"44"
"20:00:00"	"2023-02-13"	"Wolverhampton"	"Night Traveller"	"18.00"	"22"	"Handicap"	"8"	"13"	"Lee, Clifford"	"Carroll, A W"	"1m.5f "	"4"	"30"
"20:00:00"	"2023-02-11"	"Wolverhampton"	"Hooves Like Jagger (IRE)"	"3.33"	"4.9"	"Handicap"	"5"	"8"	"Watson, Jason"	"Carroll, A W"	"1m4f "	"5"	"37"
"19:15:00"	"2023-02-10"	"Chelmsford City"	"Phoenix Glow (IRE)"	"3.33"	"4.19"	"Handicap"	"1"	"5"	"Bass, George"	"Channon, Jack"	"6f "	"3"	"100"
"17:10:00"	"2023-02-09"	"Newcastle"	"Whiteandblue"	"14.00"	"19.71"	"Handicap"	"3"	"11"	"Stammers, Oliver"	"Tuer, Grant"	"6f "	"4"	"38"
"20:00:00"	"2023-02-07"	"Wolverhampton"	"Noodle Mission (USA)"	"3.00"	"4.27"	"Handicap"	"1"	"6"	"Muscutt, D"	"Bell, M L W"	"1m.5f "	"3"	"26"
"18:30:00"	"2023-02-07"	"Wolverhampton"	"Blazeon Five"	"1.10"	"2.1"	"Handicap"	"2"	"6"	"Edmunds, Lewis"	"Teal, R A"	"2m.5f "	"5"	"27"
"20:30:00"	"2023-02-06"	"Wolverhampton"	"Gentle Fire"	"4.00"	"5.01"	"Handicap"	"2"	"10"	"Muscutt, D"	"Drinkwater, S W"	"1m4f "	"7"	"27"
"12:40:00"	"2023-02-04"	"Lingfield"	"Wheres Tom"	"5.50"	"8.32"	"Handicap"	"3"	"12"	"Fahy, J P"	"Madgwick, M"	"1m5f "	"8"	"35"
"19:00:00"	"2023-02-03"	"Dundalk"	"Inchbae"	"22.00"	"33.33"	"Handicap"	"9"	"13"	"MacRedmond, Cian"	"Fahey, Mark"	"1m2.5f "	"4"	"78"
"18:45:00"	"2023-02-03"	"Newcastle"	"Sir Benedict (IRE)"	"33.00"	"56.3"	"Handicap"	"8"	"8"	"Gray, S A"	"Barclay, Stella"	"6f "	"5"	"100"
"18:30:00"	"2023-02-03"	"Dundalk"	"Vina Sena (IRE)"	"3.50"	"5.4"	"Handicap"	"5"	"8"	"Lordan, W M"	"Bromhead, Henry De"	"1m4f "	"4"	"49"
"16:30:00"	"2023-02-03"	"Newcastle"	"Amourie"	"22.00"	"36"	"Handicap"	"7"	"9"	"Eaves, Tom"	"Craggs, R"	"1m4.5f "	"7"	"43"
"19:00:00"	"2023-02-02"	"Chelmsford City"	"Blind Beggar (IRE)"	"4.50"	"6.2"	"Handicap"	"1"	"7"	"Rawlinson, Ali"	"Appleby, M"	"5f "	"5"	"31"
"16:35:00"	"2023-02-02"	"Southwell"	"Harry With Style"	"2.50"	"4.2"	"Handicap"	"3"	"11"	"Stott, Kevin"	"Ryan, J"	"6f "	"3"	"27"
"15:25:00"	"2023-02-02"	"Southwell"	"Gumball (FR)"	"33.00"	"90"	"Handicap"	"8"	"9"	"Osborne, Saffie"	"OBrien, Fergal"	"1m4f "	"9"	"44"
"13:50:00"	"2023-02-02"	"Southwell"	"Kaths Toyboy"	"9.00"	"12"	"Handicap"	"5"	"11"	"Whelan, Trevor"	"Frost, Kevin"	"6f "	"5"	"52"
"13:20:00"	"2023-02-02"	"Southwell"	"Marwari (IRE)"	"5.00"	"7.38"	"Handicap"	"6"	"12"	"Mason, Joanna"	"Easterby, M W"	"6f "	"7"	"42"
"19:00:00"	"2023-02-01"	"Kempton"	"Noisy Night"	"4.00"	"5.35"	"Handicap"	"6"	"9"	"Probert, David"	"Charlton, Roger/Harry"	"1m "	"4"	"30"
"19:00:00"	"2023-02-01"	"Kempton"	"Baldomero (IRE)"	"8.00"	"11.48"	"Handicap"	"8"	"9"	"Watson, Jason"	"Appleby, M"	"1m "	"5"	"36"
"16:37:00"	"2023-02-01"	"Dundalk"	"Instrumental"	"16.00"	"23"	"Handicap"	"6"	"8"	"Hayes, C D"	"McAuley, James"	"7f "	"4"	"77"
"18:00:00"	"2023-01-28"	"Kempton"	"Angel Amadea"	"20.00"	"37.11"	"Handicap"	"3"	"6"	"Bennett, Charlie"	"Menzies, Rebecca"	"7f "	"5"	"116"
"14:20:00"	"2023-01-27"	"Lingfield"	"Borntobealeader (IRE)"	"50.00"	"121.09"	"Handicap"	"7"	"7"	"Egan, John"	"Pipe, D E"	"1m4f "	"4"	"68"
"17:00:00"	"2023-01-26"	"Newcastle"	"Attrazione (IRE)"	"5.00"	"7.9"	"Handicap"	"3"	"7"	"Farragher, Adam J"	"Boughey, George"	"7f "	"3"	"36"
"15:00:00"	"2023-01-25"	"Newcastle"	"Roudemental (IRE)"	"5.00"	"6.44"	"Handicap"	"2"	"7"	"McDonald, P J"	"Palmer, Hugo"	"1m "	"4"	"26"
"18:30:00"	"2023-01-24"	"Southwell"	"Deputise"	"9.00"	"12.47"	"Handicap"	"4"	"8"	"Norton, Francis"	"Wigham, M"	"6f "	"7"	"33"
"13:20:00"	"2023-01-20"	"Southwell"	"True Romance (IRE)"	"8.00"	"13.69"	"Handicap"	"11"	"12"	"Shaw, Harrison"	"Mulholland, N P"	"1m6f "	"9"	"25"
"20:00:00"	"2023-01-19"	"Kempton"	"Dinoo (IRE)"	"2.75"	"4.74"	"Handicap"	"5"	"12"	"Noble, Cameron"	"Varian, Roger"	"1m4f "	"5"	"51"
"15:10:00"	"2023-01-18"	"Dundalk"	"Iva Feeling"	"3.00"	"4.49"	"Handicap"	"1"	"13"	"Coen, J"	"Crawley, Shane"	"1m "	"6"	"68"
"19:30:00"	"2023-01-16"	"Wolverhampton"	"Aryaah (IRE)"	"10.00"	"14.6"	"Handicap"	"5"	"10"	"Stott, Kevin"	"Boughey, George"	"1m1.5f "	"4"	"29"
"12:50:00"	"2023-01-15"	"Southwell"	"Solar Prophet"	"4.00"	"5.2"	"Handicap"	"11"	"13"	"Stott, Kevin"	"Boughey, George"	"1m "	"4"	"26"
"12:35:00"	"2023-01-14"	"Lingfield"	"Fly The Nest (IRE)"	"3.00"	"4.61"	"Handicap"	"2"	"12"	"Ryan, Rossa"	"Carroll, A W"	"1m "	"7"	"36"
"12:05:00"	"2023-01-14"	"Lingfield"	"Mighty River (IRE)"	"1.88"	"3.3"	"Handicap"	"1"	"4"	"Ryan, Rossa"	"Tate, James"	"1m2f "	"3"	"26"
"12:05:00"	"2023-01-14"	"Lingfield"	"Tabaretta (FR)"	"3.50"	"5.14"	"Handicap"	"3"	"4"	"Spencer, Jamie"	"Appleby, Charlie"	"1m2f "	"3"	"61"
"15:55:00"	"2023-01-13"	"Dundalk"	"Wajaaha (IRE)"	"18.00"	"27"	"Handicap"	"10"	"14"	"Bowen, S D"	"McKenna, P J"	"1m4f "	"8"	"36"
"15:45:00"	"2023-01-13"	"Newcastle"	"Western Beat (IRE)"	"6.00"	"8.6"	"Handicap"	"1"	"11"	"Brotherton, Miss S"	"Easterby, M W"	"1m2f "	"5"	"58"
"12:05:00"	"2023-01-12"	"Newcastle"	"Bouncing Bobby (IRE)"	"16.00"	"21.83"	"Handicap"	"11"	"11"	"Mulrennan, Paul"	"Todhunter, M"	"1m4.5f "	"6"	"56"
"19:30:00"	"2023-01-11"	"Kempton"	"Glittering Lights"	"2.75"	"4.18"	"Handicap"	"4"	"9"	"Spencer, Jamie"	"Appleby, Charlie"	"6f "	"3"	"46"
"19:00:00"	"2023-01-10"	"Southwell"	"Titan Rock"	"11.00"	"12"	"Handicap"	"8"	"9"	"Hart, Jason"	"Quinn, J J"	"7f "	"5"	"143"
"15:00:00"	"2023-01-08"	"Southwell"	"Dark Trooper (IRE)"	"2.25"	"3.39"	"Handicap"	"1"	"8"	"Coakley, Ross"	"Walker, Ed"	"7f "	"3"	"90"
"13:30:00"	"2023-01-08"	"Southwell"	"Celtic Champion"	"1.25"	"2.42"	"Handicap"	"5"	"6"	"Probert, David"	"Balding, A M"	"6f "	"3"	"106"
"13:00:00"	"2023-01-08"	"Southwell"	"Milltown Star"	"16.00"	"18.76"	"Handicap"	"1"	"14"	"Osborne, Saffie"	"Osborne, J A"	"1m "	"6"	"103"
"15:45:00"	"2023-01-06"	"Kempton"	"Henry The Fifth (IRE)"	"4.00"	"6.01"	"Handicap"	"3"	"8"	"Carson, William"	"Carson, Anthony"	"2m "	"5"	"27"
"13:15:00"	"2023-01-06"	"Kempton"	"Burena (IRE)"	"4.00"	"5.13"	"Handicap"	"4"	"11"	"Ryan, Rossa"	"Cox, C G"	"7f "	"3"	"32"
"20:30:00"	"2023-01-05"	"Chelmsford City"	"Hooves Like Jagger (IRE)"	"1.50"	"2.94"	"Handicap"	"2"	"8"	"Doyle, Hollie"	"Carroll, A W"	"1m5.5f "	"5"	"38"
"13:15:00"	"2023-01-05"	"Wolverhampton"	"Crosstitch"	"25.00"	"28.54"	"Handicap"	"6"	"6"	"Edmunds, Lewis"	"Furtado, Ivan"	"1m1.5f "	"3"	"191"
"12:45:00"	"2023-01-05"	"Wolverhampton"	"George Ridsdale"	"5.00"	"8.34"	"Handicap"	"10"	"13"	"Mason, Joanna"	"Easterby, M W"	"1m1.5f "	"7"	"28"
"19:30:00"	"2023-01-04"	"Kempton"	"Dundory (IRE)"	"16.00"	"21"	"Handicap"	"4"	"8"	"Mangan, Gina"	"Oshea, J G M"	"1m3f "	"7"	"90"
"20:30:00"	"2023-01-03"	"Wolverhampton"	"Man Made Of Smoke"	"3.33"	"5.08"	"Handicap"	"2"	"8"	"Haynes, Joey"	"Evans, P D"	"1m.5f "	"3"	"28"
"15:00:00"	"2023-01-03"	"Chelmsford City"	"Chola Empire"	"3.50"	"5.4"	"Handicap"	"5"	"10"	"Marquand, Tom"	"Simcock, D M"	"1m "	"4"	"29"
"14:30:00"	"2023-01-03"	"Chelmsford City"	"Baccarat Baby"	"5.50"	"7.48"	"Handicap"	"4"	"6"	"Hornby, Rob"	"Beckett, R M"	"1m "	"3"	"35"
"17:20:00"	"2022-10-31"	"Kempton"	"Rozalia"	"12.00"	"17.42"	"Handicap"	"4"	"8"	"Muscutt, D"	"Fanshawe, J R"	"1m3f "	"5"	"31"
"16:45:00"	"2022-10-31"	"Kempton"	"Sea The Casper (IRE)"	"1.50"	"2.54"	"Handicap"	"2"	"10"	"Doyle, James"	"Crisford, Simon"	"1m3f "	"3"	"27"
"16:45:00"	"2022-10-31"	"Kempton"	"Natchez Trace"	"16.00"	"21.1"	"Handicap"	"6"	"10"	"Wheatley, Zak"	"Carroll, D"	"1m3f "	"5"	"33"
"19:30:00"	"2022-10-29"	"Wolverhampton"	"Meadram"	"3.33"	"4.7"	"Handicap"	"6"	"11"	"Keeley, Aidan"	"Tregoning, M P"	"1m1.5f "	"4"	"146"
"19:30:00"	"2022-10-29"	"Wolverhampton"	"Irv (IRE)"	"14.00"	"28"	"Handicap"	"11"	"11"	"Brookes, Aiden"	"Hammond, Micky"	"1m1.5f "	"6"	"63"
"16:58:00"	"2022-10-29"	"Wolverhampton"	"Butterfly Effect (IRE)"	"18.00"	"24.7"	"Handicap Nursery"	"7"	"11"	"Keenan, Darragh"	"Scott, George"	"7f "	"2"	"37"
"20:30:00"	"2022-10-28"	"Dundalk"	"Sheishybrid (IRE)"	"25.00"	"38"	"Handicap"	"5"	"14"	"Keane, C T"	"Meade, Noel"	"1m4f "	"4"	"39"
"19:45:00"	"2022-10-28"	"Southwell"	"Nolton Cross (IRE)"	"5.50"	"7.11"	"Handicap"	"2"	"11"	"Coakley, Ross"	"Palmer, Hugo"	"1m3f "	"3"	"53"
"20:30:00"	"2022-10-26"	"Kempton"	"World Without Love"	"8.50"	"11"	"Handicap"	"2"	"10"	"Kingscote, Richard"	"Johnston, M"	"2m "	"3"	"27"
"20:30:00"	"2022-10-26"	"Kempton"	"Tidal Storm"	"3.00"	"4.09"	"Handicap"	"7"	"10"	"Coakley, Ross"	"Walker, Ed"	"2m "	"3"	"48"
"19:30:00"	"2022-10-26"	"Kempton"	"Knightswood (IRE)"	"2.75"	"4.33"	"Handicap"	"4"	"5"	"Kingscote, Richard"	"Johnston, M"	"1m4f "	"3"	"35"
"19:30:00"	"2022-10-25"	"Newcastle"	"Timbukone (IRE)"	"6.00"	"9.6"	"Handicap"	"3"	"11"	"Garritty, Billy"	"Dalgleish, Keith"	"1m "	"3"	"40"
"18:15:00"	"2022-10-20"	"Wolverhampton"	"Tabaretta (FR)"	"1.75"	"2.94"	"Handicap Nursery"	"1"	"10"	"Farragher, Adam J"	"Appleby, Charlie"	"1m.5f "	"2"	"38"
"16:50:00"	"2022-10-20"	"Southwell"	"Tibbie Dunbar"	"40.00"	"90"	"Handicap"	"7"	"11"	"ONeill, Dane"	"Kittow, W S"	"1m6f "	"6"	"131"
"13:55:00"	"2022-10-20"	"Southwell"	"Weloof (FR)"	"66.00"	"162.73"	"Handicap"	"8"	"12"	"McEntee, Grace"	"Butler, John"	"7f "	"8"	"174"
"19:30:00"	"2022-10-19"	"Kempton"	"Counsel"	"11.00"	"16.64"	"Handicap"	"6"	"11"	"Fallon, Cieren"	"Williams, Ian"	"7f "	"4"	"68"
"18:30:00"	"2022-10-17"	"Wolverhampton"	"Aussie Banker"	"3.50"	"5"	"Handicap"	"3"	"10"	"Shepherd, Callum"	"Hughes, Richard"	"7f "	"3"	"163"
"20:00:00"	"2022-10-14"	"Dundalk"	"Selador (IRE)"	"20.00"	"29.56"	"Handicap"	"6"	"10"	"Sheehy, M P"	"OBrien, Joseph Patrick"	"7f "	"3"	"115"
"20:30:00"	"2022-10-13"	"Chelmsford City"	"Aeonian (IRE)"	"8.00"	"11.5"	"Handicap"	"9"	"14"	"Moore, Ryan"	"Stoute, Sir Michael"	"1m "	"3"	"111"
"20:00:00"	"2022-10-13"	"Chelmsford City"	"Odisseo"	"12.00"	"18.13"	"Handicap"	"2"	"11"	"Atzeni, Andrea"	"Botti, M"	"7f "	"3"	"58"
"20:30:00"	"2022-10-12"	"Kempton"	"Rooful"	"6.50"	"10.5"	"Handicap"	"1"	"11"	"Bishop, Charles"	"Houghton, Eve Johnson"	"7f "	"4"	"65"
"19:00:00"	"2022-10-12"	"Kempton"	"Out From Under"	"3.00"	"4.6"	"Handicap"	"6"	"7"	"Davies, Harry"	"Charlton, Roger/Harry"	"6f "	"3"	"27"
"16:25:00"	"2022-10-12"	"Wolverhampton"	"Country Pyle"	"4.50"	"6.6"	"Handicap"	"3"	"9"	"McDonald, P J"	"Muir, W R"	"1m6f "	"4"	"40"
"18:35:00"	"2022-10-11"	"Newcastle"	"North Lincoln (IRE)"	"7.00"	"8.98"	"Handicap"	"12"	"12"	"Keenan, Darragh"	"Prescott, Sir Mark"	"1m "	"3"	"151"
"17:02:00"	"2022-10-11"	"Newcastle"	"Misscarlett (IRE)"	"14.00"	"17.88"	"Handicap"	"8"	"8"	"Garritty, Billy"	"Kirby, P A"	"2m.5f "	"8"	"36"
"20:00:00"	"2022-10-10"	"Wolverhampton"	"Definite"	"4.00"	"5.95"	"Handicap"	"8"	"12"	"Crouch, Hector"	"Beckett, R M"	"1m1.5f "	"3"	"58"
"17:00:00"	"2022-10-10"	"Wolverhampton"	"Hellavaheart"	"7.00"	"9.55"	"Handicap"	"10"	"11"	"Doyle, Hollie"	"Evans, P D"	"1m6f "	"3"	"35"
"20:30:00"	"2022-10-08"	"Chelmsford City"	"Fulfilled"	"2.00"	"3.4"	"Handicap"	"2"	"12"	"Shepherd, Callum"	"Simcock, D M"	"1m2f "	"3"	"57"
"19:15:00"	"2022-10-07"	"Newcastle"	"Raffles Rebel"	"33.00"	"41.14"	"Handicap"	"6"	"9"	"Mason, Joanna"	"Kirby, P A"	"1m "	"4"	"133"
"20:00:00"	"2022-10-06"	"Chelmsford City"	"Sir Joseph Swan"	"8.50"	"13"	"Handicap"	"1"	"11"	"Egan, David"	"Perrett, Mrs A J"	"1m6f "	"4"	"43"
"20:00:00"	"2022-10-04"	"Southwell"	"Omniscient"	"2.50"	"3.6"	"Handicap"	"1"	"11"	"Morris, Luke"	"Prescott, Sir Mark"	"1m4f "	"3"	"67"
"18:30:00"	"2022-10-01"	"Wolverhampton"	"Rock Girl (IRE)"	"4.50"	"7.43"	"Handicap Nursery"	"4"	"8"	"Cosgrave, Pat"	"Boughey, George"	"5f "	"2"	"42"
"20:30:00"	"2022-09-30"	"Dundalk"	"Amortentia (IRE)"	"1.38"	"2.29"	"Handicap"	"2"	"9"	"Crosse, S M"	"OBrien, Joseph Patrick"	"1m4f "	"3"	"75"
"17:45:00"	"2022-09-30"	"Newcastle"	"B Associates (IRE)"	"2.00"	"3.06"	"Handicap Nursery"	"4"	"8"	"Mulrennan, Paul"	"Goldie, J S"	"6f "	"2"	"63"
"17:15:00"	"2022-09-30"	"Newcastle"	"Stormy Pearl"	"6.00"	"8.8"	"Handicap Nursery"	"6"	"9"	"Peate, Jonny"	"Menzies, Rebecca"	"6f "	"2"	"31"
"19:45:00"	"2022-09-29"	"Wolverhampton"	"Hidden Pearl"	"14.00"	"29"	"Handicap"	"2"	"9"	"McManoman, Faye"	"Berry, John"	"1m6f "	"6"	"38"
"19:45:00"	"2022-09-29"	"Wolverhampton"	"Fellowship (IRE)"	"8.00"	"15"	"Handicap"	"8"	"9"	"Turner, Hayley"	"Knight, W J"	"1m6f "	"3"	"44"
"19:45:00"	"2022-09-29"	"Wolverhampton"	"London (GER)"	"9.00"	"17"	"Handicap"	"9"	"9"	"Phillips, Mollie"	"Vaughan, Tim"	"1m6f "	"5"	"129"
"17:13:00"	"2022-09-29"	"Lingfield"	"Maylah (IRE)"	"3.00"	"4.17"	"Handicap"	"4"	"11"	"Larson, Frederick"	"Appleby, M"	"1m "	"4"	"26"
"16:39:00"	"2022-09-29"	"Lingfield"	"Glory And Gold"	"3.00"	"4.17"	"Handicap"	"10"	"12"	"Buick, William"	"Haggas, W J"	"1m "	"3"	"103"
"15:29:00"	"2022-09-29"	"Lingfield"	"Fair And Square"	"3.00"	"4.8"	"Handicap"	"2"	"9"	"Norton, Francis"	"Harris, R A"	"5f "	"3"	"39"
"19:00:00"	"2022-09-28"	"Kempton"	"Commander Hector"	"4.00"	"6.34"	"Handicap"	"7"	"12"	"Mitchell, Jack"	"Wall, C F"	"1m3f "	"3"	"33"
"18:30:00"	"2022-09-28"	"Kempton"	"Noble Anthem (IRE)"	"33.00"	"44"	"Handicap"	"13"	"13"	"Ryan, Rossa"	"Watson, Archie"	"1m3f "	"3"	"65"
"18:30:00"	"2022-09-27"	"Wolverhampton"	"Cherish (FR)"	"4.50"	"6.64"	"Handicap"	"1"	"7"	"Phillips, Mollie"	"Carroll, A W"	"6f "	"5"	"31"
"17:30:00"	"2022-09-27"	"Wolverhampton"	"Electric Love"	"2.50"	"3.6"	"Handicap"	"2"	"8"	"Mitchell, Jack"	"Clover, Tom"	"6f "	"4"	"55"
"16:50:00"	"2022-09-26"	"Newcastle"	"Amourie"	"40.00"	"60"	"Handicap"	"12"	"12"	"Eaves, Tom"	"Craggs, R"	"1m2f "	"6"	"154"
"20:30:00"	"2022-09-24"	"Chelmsford City"	"The Game Is On"	"2.00"	"2.92"	"Handicap"	"1"	"9"	"Cosgrave, Pat"	"Baker, George"	"1m2f "	"6"	"27"
"18:45:00"	"2022-09-23"	"Newcastle"	"Serenity (IRE)"	"6.50"	"8.2"	"Handicap"	"3"	"8"	"Fallon, Cieren"	"Haggas, W J"	"7f "	"3"	"83"
"20:30:00"	"2022-09-21"	"Southwell"	"Arcadian Friend"	"1.38"	"2.66"	"Handicap"	"6"	"8"	"Morris, Luke"	"Prescott, Sir Mark"	"1m4f "	"3"	"55"
"20:15:00"	"2022-09-21"	"Kempton"	"Agapanther"	"5.50"	"8.55"	"Handicap"	"4"	"11"	"Dawson, R"	"Main, Mrs H S"	"6f "	"3"	"26"
"19:15:00"	"2022-09-21"	"Kempton"	"Victory (IRE)"	"10.00"	"12.69"	"Handicap"	"7"	"13"	"Harley, M"	"King, A"	"1m3f "	"3"	"93"
"19:30:00"	"2022-09-20"	"Newcastle"	"Hoi An Beach"	"7.00"	"8.25"	"Handicap"	"6"	"13"	"McDonald, P J"	"Menzies, Rebecca"	"1m "	"3"	"32"
"18:00:00"	"2022-09-20"	"Newcastle"	"Buachaill (IRE)"	"6.00"	"8.8"	"Handicap"	"4"	"12"	"Mulrennan, Paul"	"Barclay, Stella"	"1m2f "	"3"	"43"
"16:51:00"	"2022-09-20"	"Newcastle"	"Major Snugfit"	"12.00"	"17.96"	"Handicap"	"4"	"13"	"Mulrennan, Paul"	"Menzies, Rebecca"	"1m4.5f "	"6"	"27"
"15:20:00"	"2022-09-20"	"Lingfield"	"Diomed Spirit"	"20.00"	"32"	"Handicap Nursery"	"2"	"10"	"Muscutt, D"	"Williams, S C"	"5f "	"2"	"88"
"13:35:00"	"2022-09-20"	"Lingfield"	"Under The Twilight"	"6.00"	"8.4"	"Handicap"	"7"	"10"	"Marquand, Tom"	"Ward, Tom"	"1m "	"4"	"27"
"13:00:00"	"2022-09-20"	"Lingfield"	"My Ambition (IRE)"	"25.00"	"38"	"Handicap"	"8"	"11"	"Keeley, Aidan"	"Coakley, D J"	"1m "	"3"	"55"
"20:15:00"	"2022-09-16"	"Kempton"	"Goldsmith (IRE)"	"4.00"	"5.45"	"Handicap"	"3"	"13"	"Sayette, B D L"	"Menuisier, David"	"1m3f "	"3"	"55"
"18:45:00"	"2022-09-16"	"Kempton"	"Global Warning"	"11.00"	"15.01"	"Handicap"	"10"	"11"	"Wood, George"	"Butler, John"	"7f "	"6"	"34"
"19:30:00"	"2022-09-15"	"Chelmsford City"	"Beat The Heat"	"40.00"	"65.1"	"Handicap"	"9"	"10"	"Bennett, Charlie"	"Boyle, J R"	"1m6f "	"5"	"88"
"19:00:00"	"2022-09-13"	"Wolverhampton"	"Captain Howse (IRE)"	"0.83"	"1.88"	"Handicap"	"1"	"6"	"Morris, Luke"	"Prescott, Sir Mark"	"2m.5f "	"3"	"81"
"20:30:00"	"2022-09-12"	"Kempton"	"Picual"	"1.10"	"2.24"	"Handicap"	"3"	"4"	"Moore, Ryan"	"Stoute, Sir Michael"	"1m3f "	"3"	"72"
"20:00:00"	"2022-09-12"	"Kempton"	"Study The Stars"	"6.50"	"8.6"	"Handicap"	"5"	"7"	"Callan, N"	"Baker, George"	"1m4f "	"4"	"39"
"19:00:00"	"2022-09-12"	"Kempton"	"Kind Spirit (FR)"	"6.00"	"7.6"	"Handicap Nursery"	"4"	"8"	"Kingscote, Richard"	"Johnston, M"	"1m "	"2"	"60"
"18:05:00"	"2022-09-08"	"Chelmsford City"	"Martineo"	"33.00"	"49.07"	"Handicap"	"10"	"10"	"Wood, George"	"Butler, John"	"7f "	"7"	"112"
"17:45:00"	"2022-09-08"	"Southwell"	"Carausius"	"5.50"	"8.06"	"Handicap"	"5"	"10"	"Muscutt, D"	"Hills, Charles"	"1m3f "	"5"	"210"
"20:30:00"	"2022-09-07"	"Kempton"	"Campese"	"8.50"	"12.5"	"Handicap"	"7"	"8"	"Kingscote, Richard"	"Johnston, M"	"2m "	"3"	"36"
"20:00:00"	"2022-09-07"	"Kempton"	"Tellem Nowt"	"40.00"	"58.54"	"Handicap"	"8"	"13"	"Muscutt, D"	"McEntee, P S"	"7f "	"4"	"49"
"17:30:00"	"2022-09-05"	"Newcastle"	"Melburnian (FR)"	"50.00"	"76.34"	"Handicap"	"2"	"10"	"Mathers, Patrick"	"Menzies, Rebecca"	"1m4.5f "	"7"	"78"
"20:00:00"	"2022-09-03"	"Wolverhampton"	"Miss Clementine (IRE)"	"11.00"	"16.57"	"Handicap"	"5"	"9"	"ONeill, K T"	"Dunlop, E A L"	"1m4f "	"3"	"63"
"20:00:00"	"2022-09-03"	"Wolverhampton"	"City Of Life"	"4.50"	"7"	"Handicap"	"9"	"9"	"Ladd, Theodore"	"Ferguson, James"	"1m4f "	"3"	"33"
"17:06:00"	"2022-09-02"	"Newcastle"	"Fearless Bay (IRE)"	"2.50"	"4.1"	"Handicap"	"1"	"7"	"Curtis, B A"	"Dunlop, E A L"	"1m2f "	"3"	"27"
"19:00:00"	"2022-02-28"	"Wolverhampton"	"Last Ammo (IRE)"	"1.50"	"2.6"	"Handicap"	"3"	"4"	"Marquand, Tom"	"Appleby, Charlie"	"1m4f "	"3"	"38"
"18:00:00"	"2022-02-28"	"Wolverhampton"	"Hot Diggity Dog (IRE)"	"2.25"	"3.29"	"Handicap"	"2"	"8"	"Rodriguez, Callum"	"Dalgleish, Keith"	"5f "	"3"	"60"
"17:30:00"	"2022-02-28"	"Wolverhampton"	"Lilkian"	"14.00"	"15.42"	"Handicap"	"6"	"10"	"Heard, Tyler"	"Holland, Darryll"	"5f "	"5"	"114"
"17:00:00"	"2022-02-28"	"Wolverhampton"	"Kingson (IRE)"	"4.00"	"6.4"	"Handicap"	"1"	"11"	"Cagney, Eireann"	"Fahey, R A"	"1m1.5f "	"6"	"35"
"18:45:00"	"2022-02-25"	"Wolverhampton"	"Gertcha (IRE)"	"50.00"	"58.76"	"Handicap"	"6"	"8"	"Cox, William"	"Flint, J L"	"1m.5f "	"5"	"29"
"16:05:00"	"2022-02-25"	"Lingfield"	"Summereyes (IRE)"	"18.00"	"22.08"	"Handicap"	"10"	"10"	"Probert, David"	"Dunlop, E A L"	"1m "	"3"	"53"
"14:55:00"	"2022-02-25"	"Lingfield"	"Arlecchinos Gift"	"2.25"	"3.65"	"Handicap"	"4"	"10"	"Probert, David"	"Usher, M D I"	"5f "	"3"	"35"
"13:27:00"	"2022-02-24"	"Southwell"	"Magic Gem"	"1.50"	"2.68"	"Handicap"	"2"	"12"	"Clutterbuck, Rhys"	"Brown, D H"	"7f "	"4"	"36"
"19:30:00"	"2022-02-23"	"Kempton"	"Golden Warrior (IRE)"	"4.00"	"6.4"	"Handicap"	"1"	"8"	"Muscutt, D"	"Botti, M"	"6f "	"3"	"102"
"18:00:00"	"2022-02-22"	"Southwell"	"Zarzyni (IRE)"	"1.75"	"2.92"	"Handicap"	"2"	"6"	"Beasley, Connor"	"Barron, T D"	"5f "	"5"	"26"
"18:15:00"	"2022-02-21"	"Dundalk"	"Heres Hoping (IRE)"	"12.00"	"19.94"	"Handicap"	"10"	"13"	"McCullagh, N G"	"Collins, Tracey"	"1m "	"7"	"47"
"17:00:00"	"2022-02-19"	"Newcastle"	"Colinton"	"12.00"	"24.51"	"Handicap"	"1"	"11"	"Hart, Jason"	"Scott, Miss Katie"	"1m4.5f "	"4"	"164"
"18:15:00"	"2022-02-15"	"Newcastle"	"Sir Sedric (FR)"	"3.50"	"4.6"	"Handicap"	"9"	"11"	"Shaw, Harrison"	"Carroll, D"	"6f "	"4"	"25"
"18:45:00"	"2022-02-12"	"Wolverhampton"	"Alrehb (USA)"	"1.38"	"2.62"	"Handicap"	"1"	"8"	"Muscutt, D"	"Foy, Kevin"	"7f "	"5"	"38"
"17:15:00"	"2022-02-12"	"Wolverhampton"	"One To Go"	"14.00"	"19.27"	"Handicap"	"7"	"11"	"Hampson, Brodie"	"Watson, Archie"	"1m.5f "	"6"	"120"
"14:20:00"	"2022-02-12"	"Lingfield"	"Cherish (FR)"	"12.00"	"15.5"	"Handicap"	"7"	"11"	"Phillips, Mollie"	"Carroll, A W"	"6f "	"5"	"52"
"13:45:00"	"2022-02-12"	"Lingfield"	"Desert Emperor"	"2.00"	"3.16"	"Handicap"	"3"	"6"	"Stammers, Oliver"	"Furtado, Ivan"	"1m4f "	"5"	"37"
"14:10:00"	"2022-02-11"	"Southwell"	"Cochise"	"20.00"	"28.95"	"Handicap"	"1"	"8"	"Hutchinson, Callum"	"Curran, S"	"2m2.5f "	"6"	"40"
"16:25:00"	"2022-02-10"	"Newcastle"	"Jomont (FR)"	"2.75"	"3.87"	"Handicap"	"5"	"5"	"Beasley, Connor"	"Dods, M"	"1m4.5f "	"5"	"28"
"19:00:00"	"2022-02-07"	"Wolverhampton"	"Hafeet Alain (IRE)"	"0.73"	"1.85"	"Handicap"	"3"	"5"	"Marquand, Tom"	"Walker, Ed"	"1m.5f "	"6"	"33"
"20:00:00"	"2022-02-05"	"Kempton"	"Luscifer"	"18.00"	"25"	"Handicap"	"4"	"12"	"Ryan, Rossa"	"Harris, R A"	"1m "	"5"	"47"
"13:11:00"	"2022-02-05"	"Lingfield"	"Peerless Percy (IRE)"	"4.00"	"6"	"Handicap"	"5"	"7"	"Doyle, Hollie"	"Stronge, Ali"	"1m5f "	"5"	"120"
"16:10:00"	"2022-02-04"	"Newcastle"	"Hooflepuff (IRE)"	"3.50"	"5.5"	"Handicap"	"7"	"9"	"Swift, Mr Dale"	"Ellison, B"	"1m2f "	"6"	"25"
"18:30:00"	"2022-02-03"	"Chelmsford City"	"Crimson Sand (IRE)"	"4.00"	"6.17"	"Handicap"	"2"	"10"	"Rooke, George"	"Hughes, Richard"	"5f "	"4"	"117"
"18:00:00"	"2022-01-29"	"Kempton"	"Lafan (IRE)"	"4.00"	"5.7"	"Handicap"	"1"	"7"	"Fanning, Joe"	"Hannon (Jnr), Richard"	"1m "	"4"	"52"
"18:00:00"	"2022-01-24"	"Wolverhampton"	"Kennet"	"3.33"	"5.37"	"Handicap"	"2"	"5"	"Havlin, Robert"	"Gosden, J H M"	"7f "	"3"	"79"
"18:30:00"	"2022-01-22"	"Wolverhampton"	"Crown Power (IRE)"	"4.50"	"8.81"	"Handicap"	"2"	"11"	"Beasley, Connor"	"Fanshawe, J R"	"1m1.5f "	"5"	"34"
"18:30:00"	"2022-01-22"	"Wolverhampton"	"Rock Chant (USA)"	"25.00"	"33.63"	"Handicap"	"3"	"11"	"Lee, Clifford"	"Williams, Ian"	"1m1.5f "	"4"	"106"
"15:40:00"	"2022-01-22"	"Lingfield"	"Timeless Soul (GER)"	"18.00"	"21.48"	"Handicap"	"14"	"14"	"Smith, Jefferson"	"Varian, Roger"	"1m2f "	"4"	"46"
"19:15:00"	"2022-01-21"	"Dundalk"	"Acquiescent (IRE)"	"8.00"	"12.56"	"Handicap"	"7"	"14"	"Coen, Ben M"	"Murphy, John Joseph"	"6f "	"5"	"35"
"16:30:00"	"2022-01-21"	"Newcastle"	"Vindobala (IRE)"	"2.00"	"3.39"	"Handicap"	"2"	"9"	"McSweeney, O"	"Collier, Tjade"	"7f "	"4"	"31"
"14:15:00"	"2022-01-21"	"Southwell"	"Amelia R (IRE)"	"25.00"	"37.78"	"Handicap"	"3"	"11"	"Beasley, Connor"	"Craggs, R"	"1m "	"6"	"168"
"15:20:00"	"2022-01-19"	"Dundalk"	"Nibiru (IRE)"	"20.00"	"30"	"Handicap"	"2"	"10"	"McCullagh, N G"	"Martin, A J"	"2m "	"7"	"42"
"15:20:00"	"2022-01-19"	"Dundalk"	"Dances With Stars (IRE)"	"2.25"	"3.75"	"Handicap"	"5"	"10"	"Sheehy, M P"	"OBrien, Joseph Patrick"	"2m "	"5"	"47"
"14:50:00"	"2022-01-19"	"Dundalk"	"Samrogue (IRE)"	"3.33"	"5"	"Handicap"	"4"	"14"	"Hoban, Connor"	"OSullivan, Ross"	"6f "	"4"	"35"
"19:50:00"	"2022-01-18"	"Southwell"	"Tellem Nowt"	"7.50"	"10.92"	"Handicap"	"1"	"14"	"Muscutt, D"	"McEntee, P S"	"6f "	"4"	"27"
"19:20:00"	"2022-01-18"	"Southwell"	"Bankrupt (IRE)"	"28.00"	"40.73"	"Handicap"	"6"	"12"	"Haynes, Joey"	"Banham, Chelsea"	"6f "	"3"	"38"
"14:30:00"	"2022-01-16"	"Southwell"	"Voltaic"	"33.00"	"44"	"Handicap"	"7"	"13"	"Downing, George"	"Carroll, A W"	"7f "	"6"	"52"
"12:55:00"	"2022-01-16"	"Southwell"	"Love Your Work (IRE)"	"6.00"	"7.6"	"Handicap"	"2"	"12"	"Dennis, Phil"	"Menzies, Rebecca"	"1m "	"6"	"215"
"18:15:00"	"2022-01-15"	"Chelmsford City"	"Magical Mile (IRE)"	"5.50"	"8.8"	"Handicap"	"3"	"9"	"Marquand, Tom"	"Mohammed, Ismail"	"1m "	"4"	"201"
"13:45:00"	"2022-01-15"	"Lingfield"	"Amber Island (IRE)"	"8.00"	"12.39"	"Handicap"	"5"	"5"	"Pearson, Laura"	"Loughnane, David"	"1m "	"5"	"28"
"12:05:00"	"2022-01-15"	"Lingfield"	"Wonder Starelzaam (IRE)"	"1.63"	"2.6"	"Handicap"	"1"	"9"	"Bass, George"	"Coakley, D J"	"1m "	"4"	"72"
"19:15:00"	"2022-01-14"	"Dundalk"	"Boasty (IRE)"	"6.00"	"9"	"Handicap"	"9"	"14"	"Cleary, R P"	"Birrane, F"	"1m "	"5"	"42"
"18:30:00"	"2022-01-14"	"Wolverhampton"	"Nate The Great"	"3.50"	"4.8"	"Handicap"	"2"	"4"	"Carver, William"	"Balding, A M"	"2m.5f "	"6"	"44"
"16:15:00"	"2022-01-14"	"Dundalk"	"Harriets Force (IRE)"	"14.00"	"19.36"	"Handicap"	"5"	"13"	"McCullagh, Scott"	"Clarke, Keith Henry"	"1m4f "	"6"	"37"
"15:10:00"	"2022-01-14"	"Lingfield"	"Buraback (IRE)"	"1.88"	"2.94"	"Handicap"	"7"	"7"	"Havlin, Robert"	"Jewell, Karen"	"7f "	"3"	"28"
"15:50:00"	"2022-01-13"	"Newcastle"	"Straits Of Moyle (IRE)"	"2.50"	"3.76"	"Handicap"	"2"	"4"	"McHugh, B"	"Fahey, R A"	"7f "	"3"	"33"
"15:50:00"	"2022-01-13"	"Newcastle"	"Dairerin"	"3.00"	"4.3"	"Handicap"	"3"	"4"	"Spencer, Jamie"	"Bell, M L W"	"7f "	"3"	"188"
"19:30:00"	"2022-01-12"	"Kempton"	"This Ones For Fred (IRE)"	"1.25"	"2.43"	"Handicap"	"2"	"6"	"Probert, David"	"King, A"	"2m "	"4"	"30"
"17:30:00"	"2022-01-12"	"Kempton"	"Poet"	"5.50"	"7.93"	"Handicap"	"4"	"6"	"Smith, Jefferson"	"Varian, Roger"	"7f "	"3"	"27"
"16:00:00"	"2022-01-10"	"Wolverhampton"	"Intervention"	"2.00"	"3.12"	"Handicap"	"1"	"11"	"Larson, Frederick"	"Appleby, M"	"7f "	"5"	"33"
"19:15:00"	"2022-01-08"	"Kempton"	"Coltrane (IRE)"	"5.00"	"7.07"	"Handicap"	"4"	"5"	"Hornby, Rob"	"Balding, A M"	"2m "	"5"	"28"
"13:05:00"	"2022-01-07"	"Lingfield"	"Boy George"	"4.50"	"5.9"	"Handicap"	"6"	"10"	"Hutchinson, Callum"	"Davis, D J S Ffrench"	"1m "	"5"	"67"
"15:05:00"	"2022-01-05"	"Wolverhampton"	"Hachert"	"12.00"	"17.5"	"Handicap"	"5"	"12"	"James, S H"	"Candlish, Jennie"	"6f "	"5"	"128"
"18:00:00"	"2022-01-03"	"Wolverhampton"	"Across The Nile"	"6.50"	"7.8"	"Handicap"	"2"	"6"	"Muscutt, D"	"Ferguson, James"	"1m.5f "	"4"	"67"
"16:00:00"	"2022-01-03"	"Wolverhampton"	"Famous Star (IRE)"	"2.50"	"4.1"	"Handicap"	"1"	"6"	"Burns, Harry"	"Crisford, Simon"	"2m.5f "	"4"	"26"
"16:00:00"	"2022-01-03"	"Wolverhampton"	"Oceanline (IRE)"	"1.75"	"2.78"	"Handicap"	"2"	"6"	"Greatrex, Thomas"	"King, A"	"2m.5f "	"4"	"27"
"16:00:00"	"2022-01-03"	"Wolverhampton"	"General Zoff"	"3.50"	"4.9"	"Handicap"	"6"	"6"	"Hansen, Thore"	"Muir, W R"	"2m.5f "	"7"	"171"
"19:30:00"	"2021-10-30"	"Wolverhampton"	"Trusty Scout (IRE)"	"14.00"	"27.29"	"Handicap"	"11"	"13"	"Costello, Dougie"	"Pipe, D E"	"1m1.5f "	"3"	"25"
"18:00:00"	"2021-10-30"	"Wolverhampton"	"Itsallaboutluck (IRE)"	"2.00"	"3.05"	"Handicap"	"9"	"12"	"Probert, David"	"Flint, J L"	"7f "	"4"	"26"
"20:30:00"	"2021-10-29"	"Kempton"	"Decoration Of War (IRE)"	"7.00"	"8.74"	"Handicap"	"13"	"14"	"Probert, David"	"Young, Maxwell"	"2m "	"6"	"42"
"18:45:00"	"2021-10-29"	"Dundalk"	"Golden Lyric"	"16.00"	"25"	"Handicap"	"5"	"12"	"Keane, C T"	"Harrington, Mrs John"	"1m "	"3"	"97"
"18:00:00"	"2021-10-28"	"Chelmsford City"	"Lady Elysia"	"4.00"	"6.02"	"Handicap"	"1"	"8"	"Probert, David"	"Houghton, Eve Johnson"	"1m6f "	"5"	"31"
"13:03:00"	"2021-10-28"	"Lingfield"	"Fascinating Lips (IRE)"	"9.00"	"14.5"	"Handicap"	"9"	"14"	"Queally, T P"	"Moore, Gary and Josh"	"1m2f "	"4"	"163"
"19:15:00"	"2021-10-27"	"Kempton"	"Nadein"	"6.50"	"9.45"	"Handicap"	"5"	"6"	"Doyle, Hollie"	"Charlton, Roger/Harry"	"1m4f "	"3"	"31"
"18:30:00"	"2021-10-27"	"Dundalk"	"Lady De Vesci (IRE)"	"12.00"	"16.5"	"Handicap"	"3"	"14"	"Whelan, R P"	"Halford, M"	"1m4f "	"8"	"37"
"18:30:00"	"2021-10-27"	"Dundalk"	"Lily Of The Glen (IRE)"	"28.00"	"55"	"Handicap"	"9"	"14"	"MacRedmond, Cian"	"McGuinness, Adrian"	"1m4f "	"3"	"96"
"17:30:00"	"2021-10-27"	"Dundalk"	"Nana Patsy (IRE)"	"8.50"	"13.67"	"Handicap"	"10"	"14"	"Rutledge, Siobhan"	"McConnell, John C"	"7f "	"3"	"27"
"17:10:00"	"2021-10-26"	"Newcastle"	"Purple Ribbon"	"2.25"	"3.34"	"Handicap"	"1"	"7"	"Marquand, Tom"	"Fellowes, Charlie"	"1m2f "	"3"	"44"
"20:30:00"	"2021-10-23"	"Chelmsford City"	"Eaglesglen"	"8.50"	"11.56"	"Handicap"	"12"	"12"	"Callan, N"	"Clover, Tom"	"1m2f "	"4"	"36"
"19:00:00"	"2021-10-23"	"Chelmsford City"	"Eevilynn Drew"	"11.00"	"15.5"	"Handicap"	"5"	"7"	"Keenan, Darragh"	"Eddery, Robert"	"6f "	"4"	"25"
"19:00:00"	"2021-10-22"	"Newcastle"	"Contactless (IRE)"	"11.00"	"15"	"Handicap Nursery"	"3"	"11"	"Kingscote, Richard"	"Mullaney, L A"	"5f "	"2"	"39"
"18:15:00"	"2021-10-22"	"Dundalk"	"Mienvee Flyer"	"25.00"	"28.81"	"Handicap"	"9"	"11"	"Rutledge, Siobhan"	"Barry, D J"	"6f "	"4"	"185"
"17:15:00"	"2021-10-22"	"Dundalk"	"Chavajod"	"3.50"	"5.5"	"Handicap"	"2"	"14"	"Coen, J"	"OCallaghan, M D"	"7f "	"3"	"45"
"19:30:00"	"2021-10-19"	"Kempton"	"Kingsholm (IRE)"	"2.75"	"4.2"	"Handicap"	"2"	"11"	"Murphy, Oisin"	"Fanshawe, J R"	"6f "	"4"	"29"
"18:00:00"	"2021-10-19"	"Kempton"	"Bonnie Lad"	"12.00"	"19"	"Handicap"	"7"	"13"	"Rooke, George"	"Hughes, Richard"	"1m "	"3"	"54"
"16:35:00"	"2021-10-19"	"Newcastle"	"Wootton Creek"	"25.00"	"39.32"	"Handicap"	"10"	"12"	"Doyle, Hollie"	"Johnston, M"	"1m "	"3"	"60"
"20:30:00"	"2021-10-18"	"Wolverhampton"	"Calcutta Dream (IRE)"	"5.50"	"7.8"	"Handicap"	"10"	"11"	"Robinson, Ben"	"Easterby, M W"	"1m1.5f "	"3"	"70"
"19:30:00"	"2021-10-18"	"Wolverhampton"	"Highest Ambition (FR)"	"66.00"	"120.07"	"Handicap"	"8"	"10"	"Morris, Luke"	"Wallis, Charlie"	"5f "	"3"	"132"
"19:00:00"	"2021-10-18"	"Wolverhampton"	"Nicks Not Wonder"	"7.00"	"9.52"	"Handicap"	"3"	"11"	"Shepherd, Callum"	"Osborne, J A"	"1m4f "	"4"	"27"
"20:30:00"	"2021-10-16"	"Wolverhampton"	"Glamorous Force"	"5.50"	"7.37"	"Handicap"	"4"	"10"	"Whelan, Trevor"	"Harris, R A"	"5f "	"4"	"35"
"19:45:00"	"2021-10-15"	"Dundalk"	"Tellthemimhere (IRE)"	"14.00"	"20"	"Handicap"	"8"	"8"	"Halpin, G P"	"ORourke, P"	"7f "	"3"	"46"
"19:30:00"	"2021-10-15"	"Newcastle"	"Foreseeable Future (FR)"	"9.00"	"12.35"	"Handicap"	"10"	"13"	"Sullivan, James P"	"Carr, Mrs R A"	"6f "	"6"	"25"
"19:00:00"	"2021-10-12"	"Newcastle"	"Hot Diggity Dog (IRE)"	"12.00"	"14.5"	"Handicap Nursery"	"1"	"11"	"Rodriguez, Callum"	"Dalgleish, Keith"	"6f "	"2"	"49"
"18:30:00"	"2021-10-11"	"Kempton"	"Strike"	"4.00"	"5.65"	"Handicap"	"2"	"8"	"Hornby, Rob"	"Portman, J G"	"6f "	"3"	"30"
"14:15:00"	"2021-10-11"	"Wolverhampton"	"Amalfi Bay"	"3.33"	"5.1"	"Handicap"	"8"	"9"	"Buick, William"	"Charlton, Roger/Harry"	"1m4f "	"3"	"40"
"20:30:00"	"2021-10-09"	"Chelmsford City"	"Desert Emperor"	"3.50"	"4.96"	"Handicap"	"8"	"13"	"Edmunds, Lewis"	"Furtado, Ivan"	"1m2f "	"4"	"30"
"18:30:00"	"2021-10-09"	"Chelmsford City"	"Glendun (USA)"	"5.50"	"8.08"	"Handicap"	"9"	"12"	"Ladd, Theodore"	"Eustace, Harry"	"1m "	"7"	"35"
"16:50:00"	"2021-10-08"	"Newcastle"	"Everett (IRE)"	"9.00"	"11.58"	"Handicap"	"4"	"14"	"Garritty, Billy"	"Kirby, P A"	"1m4.5f "	"3"	"26"
"20:30:00"	"2021-10-07"	"Chelmsford City"	"Bobby Kennedy"	"11.00"	"15.66"	"Handicap"	"3"	"8"	"Murphy, Oisin"	"Coakley, D J"	"1m6f "	"3"	"26"
"20:30:00"	"2021-10-07"	"Chelmsford City"	"Nibras Gold (IRE)"	"3.50"	"4.84"	"Handicap"	"4"	"8"	"Dawson, R"	"Mohammed, Ismail"	"1m6f "	"3"	"29"
"19:30:00"	"2021-10-06"	"Kempton"	"Love Dreams (IRE)"	"4.00"	"5.93"	"Handicap"	"2"	"8"	"Ghiani, Marco"	"Blake, Michael"	"7f "	"7"	"32"
"19:30:00"	"2021-10-04"	"Wolverhampton"	"Crystal Guard (IRE)"	"5.50"	"7.49"	"Handicap"	"4"	"10"	"Shoemark, Kieran"	"Bell, M L W"	"1m4f "	"3"	"27"
"18:00:00"	"2021-10-04"	"Wolverhampton"	"De Vegas Kid (IRE)"	"16.00"	"20.31"	"Handicap"	"9"	"11"	"Ghiani, Marco"	"Carroll, A W"	"7f "	"7"	"43"
"15:00:00"	"2021-10-04"	"Lingfield"	"Sir Rumi (IRE)"	"5.50"	"7.97"	"Handicap"	"4"	"9"	"Ryan, Rossa"	"Hannon (Jnr), Richard"	"1m4f "	"3"	"58"
"19:30:00"	"2021-10-02"	"Wolverhampton"	"Blistering Barney (IRE)"	"7.50"	"9.13"	"Handicap"	"4"	"7"	"Costello, Dougie"	"Kellett, C N"	"1m4f "	"5"	"30"
"18:10:00"	"2021-09-30"	"Lingfield"	"The Tide Turns"	"3.33"	"5.3"	"Handicap"	"3"	"8"	"Morris, Luke"	"Prescott, Sir Mark"	"1m4f "	"3"	"98"
"16:30:00"	"2021-09-30"	"Lingfield"	"Attache (IRE)"	"10.00"	"12.29"	"Handicap Nursery"	"13"	"13"	"Probert, David"	"Balding, A M"	"7f "	"2"	"26"
"19:00:00"	"2021-09-29"	"Kempton"	"Mustazeed (IRE)"	"3.00"	"5.1"	"Handicap"	"5"	"12"	"Mitchell, Jack"	"Wall, C F"	"1m3f "	"3"	"32"
"19:30:00"	"2021-09-28"	"Wolverhampton"	"Cliffcake (IRE)"	"14.00"	"17.5"	"Handicap"	"4"	"12"	"Edmunds, Lewis"	"Bowring, S R"	"1m.5f "	"3"	"58"
"19:30:00"	"2021-09-25"	"Chelmsford City"	"Seas Of Elzaam (IRE)"	"18.00"	"22.35"	"Handicap"	"8"	"9"	"McEntee, Grace"	"Butler, John"	"6f "	"4"	"48"
"19:45:00"	"2021-09-24"	"Dundalk"	"Castle Stables (IRE)"	"5.50"	"7.54"	"Handicap"	"8"	"14"	"Hoban, Connor"	"Murtagh, J P"	"1m4f "	"3"	"29"
"19:15:00"	"2021-09-24"	"Dundalk"	"Sheishybrid (IRE)"	"8.00"	"11"	"Handicap"	"10"	"14"	"Keane, C T"	"Meade, Noel"	"1m2.5f "	"3"	"51"
"20:30:00"	"2021-09-23"	"Wolverhampton"	"Western Beat (IRE)"	"7.50"	"10"	"Handicap"	"2"	"8"	"Mason, Joanna"	"Easterby, M W"	"1m4f "	"3"	"139"
"19:45:00"	"2021-09-22"	"Kempton"	"Riverfront (FR)"	"9.00"	"13"	"Handicap"	"12"	"13"	"Probert, David"	"Balding, A M"	"1m4f "	"5"	"156"
"16:40:00"	"2021-09-22"	"Kempton"	"Impressions Dream"	"5.00"	"6.56"	"Handicap"	"12"	"13"	"Kirby, Adam"	"Cox, C G"	"1m "	"3"	"224"
"18:50:00"	"2021-09-21"	"Newcastle"	"Storm Dreamer"	"10.00"	"15"	"Handicap"	"13"	"14"	"Morris, Luke"	"Alston, E J"	"1m "	"3"	"73"
"17:20:00"	"2021-09-21"	"Newcastle"	"Sognatore (IRE)"	"2.25"	"3.68"	"Handicap"	"5"	"12"	"Curtis, B A"	"Kubler, Daniel"	"1m2f "	"3"	"39"
"19:00:00"	"2021-09-20"	"Wolverhampton"	"The Thunderer (IRE)"	"3.50"	"4.91"	"Handicap"	"5"	"8"	"Doyle, James"	"Wall, C F"	"1m4f "	"3"	"40"
"19:30:00"	"2021-09-17"	"Kempton"	"Like Sugar"	"4.50"	"6.5"	"Handicap"	"3"	"14"	"Muscutt, D"	"Foy, Kevin"	"1m3f "	"4"	"107"
"17:45:00"	"2021-09-17"	"Dundalk"	"Tipperary Moon (IRE)"	"3.33"	"5.03"	"Handicap"	"13"	"14"	"Keane, C T"	"Donovan, D"	"7f "	"4"	"43"
"14:35:00"	"2021-09-12"	"Chelmsford City"	"Tiger Crusade (FR)"	"12.00"	"16.04"	"Handicap"	"2"	"7"	"Spencer, Jamie"	"Simcock, D M"	"7f "	"4"	"100"
"16:10:00"	"2021-09-11"	"Lingfield"	"Bobby Kennedy"	"3.00"	"3.99"	"Handicap"	"6"	"7"	"Fallon, Cieren"	"Coakley, D J"	"1m5f "	"3"	"105"
"19:00:00"	"2021-09-09"	"Chelmsford City"	"Taawfan (IRE)"	"7.50"	"9.8"	"Handicap"	"5"	"8"	"Dawson, R"	"Burrows, Owen"	"1m "	"4"	"132"
"18:30:00"	"2021-09-09"	"Chelmsford City"	"Casaruan"	"8.50"	"10.5"	"Handicap"	"6"	"12"	"Ladd, Theodore"	"Appleby, M"	"7f "	"4"	"227"
"19:50:00"	"2021-09-08"	"Wolverhampton"	"Invincible Soldier (IRE)"	"1.88"	"2.84"	"Handicap"	"1"	"9"	"Whelan, Trevor"	"Cox, C G"	"1m1.5f "	"3"	"27"
"16:45:00"	"2021-09-08"	"Wolverhampton"	"Chanson Damour"	"7.50"	"11.24"	"Handicap Nursery"	"6"	"10"	"Muscutt, D"	"Scott, George"	"6f "	"2"	"33"
"20:00:00"	"2021-09-04"	"Wolverhampton"	"Villanelle"	"8.00"	"9.35"	"Handicap"	"2"	"7"	"Clutterbuck, Rhys"	"Portman, J G"	"1m4f "	"4"	"39"
"19:30:00"	"2021-09-04"	"Wolverhampton"	"Bashosh (IRE)"	"1.20"	"2.33"	"Handicap"	"4"	"7"	"Egan, David"	"Varian, Roger"	"1m4f "	"3"	"30"
"20:55:00"	"2021-09-02"	"Chelmsford City"	"Sir Hector (IRE)"	"11.00"	"13.93"	"Handicap"	"4"	"6"	"Carson, William"	"Wallis, Charlie"	"5f "	"6"	"126"
"19:35:00"	"2021-09-02"	"Newcastle"	"Third Kingdom"	"2.50"	"3.98"	"Handicap"	"10"	"12"	"Havlin, Robert"	"Gosden, J H M"	"7f "	"3"	"40"
"17:00:00"	"2021-09-02"	"Dundalk"	"Amazing Emma (IRE)"	"2.75"	"3.98"	"Handicap"	"2"	"12"	"Keane, C T"	"McAteer, Liam"	"6f "	"3"	"46"
"16:00:00"	"2021-09-02"	"Dundalk"	"Approach The City (IRE)"	"10.00"	"12.46"	"Handicap"	"11"	"11"	"Roche, L F"	"Smith, Matthew J"	"7f "	"5"	"29"
"15:43:00"	"2021-02-27"	"Lingfield"	"Aldrich Bay (IRE)"	"7.00"	"8.8"	"Handicap"	"5"	"8"	"Kelly, Shane"	"Knight, W J"	"2m "	"4"	"45"
"12:55:00"	"2021-02-27"	"Lingfield"	"Grove Ferry (IRE)"	"2.25"	"3.66"	"Handicap"	"1"	"4"	"Moore, Ryan"	"Balding, A M"	"1m "	"4"	"126"
"19:45:00"	"2021-02-26"	"Wolverhampton"	"Mystery Angel (IRE)"	"2.13"	"3.2"	"Handicap"	"2"	"4"	"Stott, Kevin"	"Boughey, George"	"1m.5f "	"3"	"118"
"17:00:00"	"2021-02-26"	"Dundalk"	"King Lenox"	"16.00"	"28.18"	"Handicap"	"7"	"13"	"Slattery, A J"	"Ross, W"	"1m "	"4"	"91"
"19:15:00"	"2021-02-24"	"Kempton"	"Blow Your Horn (IRE)"	"12.00"	"19"	"Handicap"	"4"	"12"	"Donohoe, Stephen"	"Fellowes, Charlie"	"1m3f "	"4"	"44"
"18:15:00"	"2021-02-24"	"Kempton"	"Perfect Focus (IRE)"	"3.33"	"5.04"	"Handicap"	"6"	"11"	"Mitchell, Jack"	"Crisford, Simon"	"1m "	"4"	"25"
"17:45:00"	"2021-02-24"	"Kempton"	"Cuban Cigar"	"5.00"	"6.8"	"Handicap"	"2"	"7"	"Hansen, Thore"	"Hannon (Jnr), Richard"	"1m "	"3"	"84"
"17:15:00"	"2021-02-24"	"Kempton"	"Super Julius"	"33.00"	"50"	"Handicap"	"10"	"11"	"Haynes, Joey"	"Banham, Chelsea"	"6f "	"7"	"26"
"17:40:00"	"2021-02-23"	"Newcastle"	"Habit Rouge"	"3.33"	"4.6"	"Handicap"	"5"	"8"	"Curtis, B A"	"Botti, M"	"1m "	"4"	"99"
"16:20:00"	"2021-02-20"	"Newcastle"	"Melgate Majeure"	"16.00"	"21.06"	"Handicap"	"3"	"12"	"Sullivan, James P"	"Brooke, Daniel"	"1m4.5f "	"5"	"27"
"15:09:00"	"2021-02-20"	"Lingfield"	"Stay Smart"	"2.75"	"4.1"	"Handicap"	"2"	"7"	"Kirby, Adam"	"OMeara, D"	"6f "	"3"	"39"
"14:01:00"	"2021-02-20"	"Lingfield"	"Total Commitment (IRE)"	"3.33"	"4.91"	"Handicap"	"1"	"10"	"Haynes, Joey"	"Hodgson, Simon"	"7f "	"5"	"35"
"14:01:00"	"2021-02-20"	"Lingfield"	"Corazon Espinado (IRE)"	"7.50"	"8.5"	"Handicap"	"7"	"10"	"Shepherd, Callum"	"Dow, S"	"7f "	"6"	"35"
"19:15:00"	"2021-02-19"	"Southwell"	"Burning Sun (IRE)"	"22.00"	"25"	"Handicap"	"6"	"11"	"Carson, William"	"Carson, Anthony"	"7f "	"4"	"67"
"17:45:00"	"2021-02-19"	"Southwell"	"Mr Zee (IRE)"	"11.00"	"13"	"Handicap"	"7"	"12"	"Ghiani, Marco"	"Blake, Michael"	"1m3f "	"4"	"25"
"14:30:00"	"2021-02-19"	"Lingfield"	"Jens Fella (FR)"	"7.00"	"10"	"Handicap"	"2"	"12"	"Kingscote, Richard"	"Williams, Ian"	"2m "	"4"	"35"
"12:30:00"	"2021-02-19"	"Lingfield"	"Saucy Encore"	"5.00"	"6"	"Handicap"	"6"	"7"	"Havlin, Robert"	"Perrett, Mrs A J"	"1m "	"4"	"34"
"19:00:00"	"2021-02-18"	"Chelmsford City"	"Gloves Lynch"	"3.33"	"4.6"	"Handicap"	"8"	"10"	"Kingscote, Richard"	"Wigham, M"	"7f "	"5"	"59"
"17:30:00"	"2021-02-18"	"Chelmsford City"	"Creek Harbour (IRE)"	"40.00"	"66.44"	"Handicap"	"4"	"12"	"Muscutt, D"	"Wintle, A"	"6f "	"6"	"131"
"18:50:00"	"2021-02-17"	"Kempton"	"The Jean Genie"	"14.00"	"17.96"	"Handicap"	"6"	"8"	"Rooke, George"	"Stone, W B"	"1m "	"7"	"27"
"17:15:00"	"2021-02-17"	"Kempton"	"Ghaith"	"6.00"	"7.6"	"Handicap"	"2"	"8"	"McDonald, P J"	"Loughnane, David"	"6f "	"6"	"27"
"16:25:00"	"2021-02-17"	"Dundalk"	"Darkened (IRE)"	"22.00"	"46"	"Handicap"	"7"	"13"	"Sheridan, J M"	"Hogan, Denis Gerard"	"1m2.5f "	"5"	"129"
"15:50:00"	"2021-02-17"	"Wolverhampton"	"Nelson River"	"4.50"	"6"	"Handicap"	"10"	"11"	"Whittington, Elisha"	"Carroll, A W"	"1m6f "	"6"	"35"
"13:15:00"	"2021-02-17"	"Wolverhampton"	"Tyche"	"3.50"	"5.4"	"Handicap"	"4"	"8"	"Robinson, Ben"	"Ellison, B"	"7f "	"4"	"48"
"18:40:00"	"2021-02-16"	"Newcastle"	"Giuseppe Cassioli"	"8.00"	"11"	"Handicap"	"4"	"10"	"Curtis, B A"	"Botti, M"	"7f "	"4"	"57"
"16:25:00"	"2021-02-16"	"Kempton"	"El Borracho (IRE)"	"18.00"	"18.36"	"Handicap"	"6"	"6"	"Kingscote, Richard"	"Greenall, O / Guerriero, J"	"2m "	"6"	"114"
"15:55:00"	"2021-02-16"	"Kempton"	"Brunel Charm"	"2.50"	"3.53"	"Handicap"	"6"	"11"	"Kelly, Shane"	"Hughes, Richard"	"1m "	"4"	"33"
"19:30:00"	"2021-02-15"	"Wolverhampton"	"Sweet Bertie (IRE)"	"3.00"	"4.6"	"Handicap"	"6"	"6"	"Dwyer, Martin"	"Meehan, B J"	"7f "	"3"	"51"
"18:00:00"	"2021-02-15"	"Wolverhampton"	"Hectors Here"	"3.33"	"5.07"	"Handicap"	"1"	"7"	"Hart, Jason"	"Furtado, Ivan"	"1m1.5f "	"5"	"41"
"16:20:00"	"2021-02-14"	"Southwell"	"Katty D"	"4.00"	"6.5"	"Handicap"	"8"	"8"	"Mullen, Andrew"	"Jardine, I"	"1m "	"3"	"28"
"16:00:00"	"2021-02-05"	"Dundalk"	"Independent Missy (IRE)"	"5.50"	"6.8"	"Handicap"	"5"	"9"	"Whelan, R P"	"Collins, Tracey"	"5f "	"5"	"56"
"15:40:00"	"2021-02-05"	"Lingfield"	"Dyagilev"	"10.00"	"14.22"	"Handicap"	"7"	"11"	"Haynes, Joey"	"Pearce, Simon"	"1m2f "	"6"	"61"
"13:40:00"	"2021-02-05"	"Lingfield"	"Social City"	"7.00"	"9.17"	"Handicap"	"2"	"6"	"Marquand, Tom"	"Carroll, A W"	"2m "	"5"	"33"
"17:00:00"	"2021-02-04"	"Chelmsford City"	"Suzis Connoisseur"	"5.00"	"7"	"Handicap"	"4"	"9"	"Kirby, Adam"	"Chapple-Hyam, Jane"	"7f "	"10"	"39"
"13:45:00"	"2021-02-04"	"Southwell"	"Elland Road Boy (IRE)"	"4.00"	"6.6"	"Handicap"	"5"	"12"	"Shoemark, Kieran"	"Ryan, K A"	"6f "	"3"	"39"
"13:10:00"	"2021-02-04"	"Southwell"	"Greek Kodiac (IRE)"	"2.00"	"3.28"	"Handicap"	"3"	"5"	"Fallon, Cieren"	"Foy, Kevin"	"1m "	"5"	"27"
"19:30:00"	"2021-02-03"	"Kempton"	"Asdaa (IRE)"	"8.00"	"11"	"Handicap"	"5"	"9"	"Norton, Francis"	"Johnston, M"	"7f "	"5"	"67"
"18:30:00"	"2021-02-03"	"Kempton"	"El Salvaje"	"3.50"	"5.29"	"Handicap"	"6"	"7"	"Shepherd, Callum"	"Simcock, D M"	"1m3f "	"4"	"25"
"13:40:00"	"2021-01-31"	"Wolverhampton"	"Street Poet (IRE)"	"33.00"	"57.77"	"Handicap"	"10"	"11"	"Eaves, Tom"	"Herrington,M "	"1m.5f "	"8"	"47"
"17:45:00"	"2021-01-29"	"Wolverhampton"	"Nebuchadnezzar (FR)"	"6.50"	"9.71"	"Handicap"	"3"	"8"	"Hansen, Thore"	"King, A"	"2m.5f "	"6"	"25"
"16:45:00"	"2021-01-29"	"Wolverhampton"	"Batchelor Boy (IRE)"	"11.00"	"14"	"Handicap"	"5"	"8"	"Mullen, Andrew"	"Boughey, George"	"7f "	"4"	"95"
"14:55:00"	"2021-01-29"	"Lingfield"	"First Quest (USA)"	"100.00"	"209.34"	"Handicap"	"10"	"13"	"Shoemark, Kieran"	"Mulholland, N P"	"1m2f "	"7"	"64"
"12:40:00"	"2021-01-27"	"Lingfield"	"Curtiz"	"6.00"	"8.21"	"Handicap"	"1"	"10"	"Bennett, Charlie"	"Morrison, H"	"1m2f "	"4"	"90"
"15:10:00"	"2021-01-26"	"Wolverhampton"	"Elzaams Dream (IRE)"	"2.25"	"3.5"	"Handicap"	"3"	"13"	"Probert, David"	"Harris, R A"	"6f "	"5"	"47"
"16:10:00"	"2021-01-25"	"Chelmsford City"	"Indigo Times (IRE)"	"2.25"	"3.37"	"Handicap"	"1"	"6"	"Shepherd, Callum"	"Simcock, D M"	"1m6f "	"4"	"89"
"16:05:00"	"2021-01-23"	"Newcastle"	"King Of The South (IRE)"	"1.50"	"2.74"	"Handicap"	"2"	"8"	"Shepherd, Callum"	"Knight, W J"	"1m4.5f "	"4"	"27"
"19:45:00"	"2021-01-22"	"Chelmsford City"	"The Cincinnati Kid (FR)"	"2.50"	"3.51"	"Handicap"	"4"	"5"	"Marquand, Tom"	"King, A"	"2m "	"4"	"53"
"19:30:00"	"2021-01-22"	"Dundalk"	"Breakfast Club"	"14.00"	"22"	"Handicap"	"7"	"13"	"Keane, C T"	"McAuley, James"	"6f "	"4"	"74"
"19:15:00"	"2021-01-22"	"Chelmsford City"	"Red Bond (IRE)"	"5.00"	"7.4"	"Handicap"	"7"	"7"	"Rodriguez, Callum"	"Dalgleish, Keith"	"1m "	"5"	"41"
"17:00:00"	"2021-01-22"	"Dundalk"	"Settle For Bay (FR)"	"2.00"	"3.6"	"Handicap"	"11"	"14"	"OConnor, Donagh"	"Marnane, David"	"1m "	"7"	"35"
"19:30:00"	"2021-01-21"	"Newcastle"	"Mondammej"	"4.00"	"5.29"	"Handicap"	"3"	"9"	"Hardie, Cameron"	"Brittain, Antony"	"5f "	"4"	"37"
"18:00:00"	"2021-01-21"	"Newcastle"	"Chosen World"	"4.50"	"6.4"	"Handicap"	"1"	"12"	"Mulrennan, Paul"	"Camacho, Miss J A"	"7f "	"7"	"31"
"16:10:00"	"2021-01-18"	"Wolverhampton"	"Hafez (IRE)"	"3.00"	"4.4"	"Handicap"	"5"	"8"	"Ryan, Rossa"	"Hannon (Jnr), Richard"	"1m.5f "	"3"	"31"
"19:20:00"	"2021-01-16"	"Kempton"	"Im Available (IRE)"	"4.50"	"6.33"	"Handicap"	"1"	"7"	"Kingscote, Richard"	"Williams, S C"	"7f "	"5"	"38"
"18:50:00"	"2021-01-16"	"Kempton"	"Lequinto (IRE)"	"3.50"	"5.69"	"Handicap"	"1"	"12"	"Marquand, Tom"	"Carroll, A W"	"1m "	"4"	"53"
"12:40:00"	"2021-01-15"	"Newcastle"	"Jens Fella (FR)"	"1.88"	"3.11"	"Handicap"	"7"	"8"	"Hansen, Thore"	"Williams, Ian"	"2m.5f "	"4"	"25"
"17:15:00"	"2021-01-13"	"Kempton"	"Lady Morpheus"	"7.50"	"9.42"	"Handicap"	"8"	"8"	"Queally, T P"	"Moore, Gary and Josh"	"1m "	"5"	"49"
"16:00:00"	"2021-01-12"	"Newcastle"	"Dawaaleeb (USA)"	"8.00"	"10.93"	"Handicap"	"4"	"12"	"Edmunds, Lewis"	"Eyre, J L"	"7f "	"7"	"26"
"15:25:00"	"2021-01-12"	"Newcastle"	"Systemic"	"4.50"	"6.67"	"Handicap"	"1"	"8"	"Mitchell, Jack"	"Palmer, Hugo"	"1m4.5f "	"4"	"36"
"15:20:00"	"2021-01-12"	"Lingfield"	"Madame Peltier (IRE)"	"3.33"	"4.7"	"Handicap"	"9"	"12"	"Shepherd, Callum"	"Fellowes, Charlie"	"1m2f "	"4"	"29"
"14:50:00"	"2021-01-12"	"Lingfield"	"Livia The Empress (IRE)"	"2.25"	"3.62"	"Handicap"	"2"	"12"	"Doyle, Hollie"	"Scott, George"	"1m2f "	"3"	"57"
"15:00:00"	"2021-01-11"	"Dundalk"	"Zinat (IRE)"	"18.00"	"23"	"Handicap"	"12"	"14"	"Coen, Ben M"	"McGrath, Roger Joseph"	"1m4f "	"7"	"101"
"14:50:00"	"2021-01-09"	"Lingfield"	"Too Shy Shy (IRE)"	"25.00"	"32.91"	"Handicap"	"3"	"12"	"Shoemark, Kieran"	"Spencer, Richard"	"7f "	"4"	"109"
"13:40:00"	"2021-01-09"	"Lingfield"	"Sheila (IRE)"	"3.33"	"4.5"	"Handicap"	"8"	"9"	"Crowley, Jim"	"Palmer, Hugo"	"1m4f "	"4"	"49"
"11:30:00"	"2021-01-09"	"Lingfield"	"Doctor Nuno"	"14.00"	"18.07"	"Handicap"	"12"	"12"	"Shepherd, Callum"	"Carroll, A W"	"1m2f "	"4"	"25"
"16:45:00"	"2021-01-08"	"Southwell"	"Billyfairplay (IRE)"	"50.00"	"91.26"	"Handicap"	"7"	"10"	"Fisher, Jonathan"	"Thompson, Ronald"	"7f "	"7"	"109"
"13:45:00"	"2021-01-07"	"Southwell"	"Pivotal Decision"	"5.50"	"7.8"	"Handicap"	"3"	"5"	"McDonald, P J"	"Tate, James"	"1m "	"4"	"26"
"15:25:00"	"2021-01-06"	"Wolverhampton"	"Final Attack (IRE)"	"22.00"	"37.65"	"Handicap"	"1"	"13"	"Keniry, L P"	"Hollinshead, Sarah"	"1m1.5f "	"10"	"115"
"13:40:00"	"2021-01-05"	"Lingfield"	"Desert Land (IRE)"	"7.50"	"11"	"Handicap"	"1"	"9"	"Kelly, Shane"	"Boyle, J R"	"6f "	"5"	"42"
"18:10:00"	"2021-01-02"	"Wolverhampton"	"Mirage Mac"	"7.50"	"10.07"	"Handicap"	"4"	"5"	"Curtis, B A"	"Boughey, George"	"1m.5f "	"3"	"78"
"19:30:00"	"2020-10-30"	"Dundalk"	"Breakfast Club"	"5.00"	"7.74"	"Handicap"	"2"	"14"	"Keane, C T"	"Hogan, Denis Gerard"	"6f "	"3"	"33"
"18:30:00"	"2020-10-30"	"Dundalk"	"Elite Craft (USA)"	"20.00"	"23"	"Handicap"	"13"	"14"	"Coen, Ben M"	"Murtagh, J P"	"1m "	"3"	"41"
"17:00:00"	"2020-10-30"	"Dundalk"	"Maggie Thunder (IRE)"	"20.00"	"33.69"	"Handicap"	"1"	"12"	"McDonogh, D P"	"Hassett, P J"	"5f "	"4"	"88"
"14:15:00"	"2020-10-29"	"Lingfield"	"Ghalyoon"	"2.00"	"3.05"	"Handicap"	"2"	"9"	"Crowley, Jim"	"Tregoning, M P"	"7f "	"5"	"48"
"15:55:00"	"2020-10-26"	"Newcastle"	"George Ridsdale"	"1.20"	"2.43"	"Handicap"	"1"	"13"	"Mulrennan, Paul"	"Easterby, M W"	"1m2f "	"4"	"38"
"20:15:00"	"2020-10-22"	"Wolverhampton"	"Rajguru"	"33.00"	"39.59"	"Handicap"	"11"	"12"	"Cosgrave, Pat"	"Clover, Tom"	"1m1.5f "	"3"	"64"
"19:45:00"	"2020-10-22"	"Wolverhampton"	"Rose Grey (USA)"	"3.00"	"4.22"	"Handicap"	"4"	"12"	"Doyle, James"	"Crisford, Simon"	"1m1.5f "	"3"	"36"
"19:15:00"	"2020-10-22"	"Wolverhampton"	"Khabib (IRE)"	"2.75"	"4.21"	"Handicap Nursery"	"1"	"10"	"Curtis, B A"	"Scott, George"	"5f "	"2"	"38"
"18:45:00"	"2020-10-22"	"Wolverhampton"	"No Recollection"	"2.25"	"3.34"	"Handicap Nursery"	"1"	"10"	"Buick, William"	"King, A"	"1m.5f "	"2"	"96"
"18:45:00"	"2020-10-22"	"Wolverhampton"	"Surprise Picture (IRE)"	"6.00"	"7.8"	"Handicap Nursery"	"3"	"10"	"Doyle, James"	"Palmer, Hugo"	"1m.5f "	"2"	"26"
"19:45:00"	"2020-10-21"	"Kempton"	"Limaro Prospect (IRE)"	"18.00"	"23"	"Handicap"	"5"	"9"	"Morris, Luke"	"Prescott, Sir Mark"	"6f "	"3"	"36"
"20:10:00"	"2020-10-20"	"Kempton"	"Trinity Girl"	"7.00"	"9.6"	"Handicap"	"2"	"13"	"Sousa, Silvestre De"	"Johnston, M"	"1m3f "	"3"	"95"
"19:40:00"	"2020-10-20"	"Kempton"	"Dubai Welcome"	"3.00"	"4.5"	"Handicap"	"1"	"10"	"Crouch, Hector"	"Suroor, Saeed Bin"	"1m4f "	"3"	"39"
"19:40:00"	"2020-10-20"	"Kempton"	"Kattani (IRE)"	"6.50"	"8.61"	"Handicap"	"7"	"10"	"Sousa, Silvestre De"	"Appleby, M"	"1m4f "	"4"	"25"
"19:10:00"	"2020-10-20"	"Kempton"	"Noonday Gun"	"5.50"	"7.24"	"Handicap"	"3"	"10"	"Ryan, Rossa"	"Hannon (Jnr), Richard"	"1m4f "	"3"	"53"
"19:30:00"	"2020-10-19"	"Wolverhampton"	"My Poem"	"3.50"	"5.8"	"Handicap"	"11"	"11"	"Buick, William"	"Stoute, Sir Michael"	"1m4f "	"3"	"47"
"18:00:00"	"2020-10-19"	"Wolverhampton"	"Kingsholm (IRE)"	"6.00"	"9.8"	"Handicap"	"1"	"11"	"Fallon, Cieren"	"Fanshawe, J R"	"5f "	"3"	"25"
"18:30:00"	"2020-10-16"	"Newcastle"	"Uss Nimitz (IRE)"	"8.00"	"11.67"	"Handicap Nursery"	"4"	"9"	"Fanning, Joe"	"Johnston, M"	"7f "	"2"	"50"
"18:30:00"	"2020-10-16"	"Newcastle"	"Fools Rush In (IRE)"	"7.00"	"8.27"	"Handicap Nursery"	"5"	"9"	"Eaves, Tom"	"Dascombe, Tom"	"7f "	"2"	"34"
"18:30:00"	"2020-10-16"	"Newcastle"	"Giacommo (IRE)"	"5.00"	"6.02"	"Handicap Nursery"	"9"	"9"	"Doyle, Hollie"	"Varian, Roger"	"7f "	"2"	"39"
"16:55:00"	"2020-10-16"	"Newcastle"	"Sudona"	"10.00"	"13.43"	"Handicap"	"10"	"12"	"Nolan, D"	"OMeara, D"	"1m2f "	"5"	"28"
"19:00:00"	"2020-10-14"	"Kempton"	"Unforgiving Minute"	"100.00"	"230"	"Handicap"	"13"	"14"	"McEntee, Grace"	"Curran, S"	"1m "	"9"	"215"
"18:30:00"	"2020-10-14"	"Kempton"	"State Occasion"	"2.00"	"3.04"	"Handicap Nursery"	"1"	"7"	"Doyle, Hollie"	"Beckett, R M"	"1m "	"2"	"30"
"20:30:00"	"2020-10-10"	"Chelmsford City"	"Crystal Carole"	"28.00"	"43.15"	"Handicap"	"5"	"10"	"Haynes, Joey"	"Best, J R"	"1m2f "	"4"	"44"
"20:15:00"	"2020-10-09"	"Kempton"	"Selsey Sizzler"	"7.00"	"9.48"	"Handicap"	"12"	"14"	"Queally, T P"	"Knight, W J"	"2m "	"3"	"25"
"19:30:00"	"2020-10-09"	"Dundalk"	"Imposing Supreme (IRE)"	"10.00"	"14.08"	"Handicap"	"2"	"13"	"Carroll, G F"	"Gibney, Thomas"	"1m "	"4"	"25"
"20:00:00"	"2020-10-07"	"Kempton"	"Company Minx (IRE)"	"8.50"	"13"	"Handicap"	"14"	"14"	"Kirby, Adam"	"Cox, C G"	"7f "	"3"	"25"
"18:30:00"	"2020-10-07"	"Kempton"	"Law Of One (IRE)"	"0.73"	"1.86"	"Handicap"	"2"	"12"	"Moore, Ryan"	"Stoute, Sir Michael"	"1m3f "	"3"	"35"
"18:30:00"	"2020-10-07"	"Kempton"	"Francisco Bay"	"4.50"	"7"	"Handicap"	"4"	"12"	"Marquand, Tom"	"De Giles, Ed"	"1m3f "	"4"	"27"
"17:10:00"	"2020-10-06"	"Lingfield"	"Surrajah (IRE)"	"9.00"	"13.23"	"Handicap"	"9"	"13"	"Watson, Jason"	"Clover, Tom"	"1m2f "	"3"	"98"
"16:10:00"	"2020-10-06"	"Lingfield"	"Princely"	"5.00"	"7.21"	"Handicap"	"6"	"9"	"Ryan, Rossa"	"Newcombe, A G"	"5f "	"5"	"53"
"20:30:00"	"2020-10-03"	"Wolverhampton"	"Prince Llyr (IRE)"	"4.00"	"5.34"	"Handicap"	"PU"	"11"	"Kelly, Shane"	"Main, Mrs H S"	"1m4f "	"4"	"25"
"19:00:00"	"2020-09-30"	"Kempton"	"Master The Stars (GER)"	"2.75"	"4.12"	"Handicap"	"3"	"8"	"Murphy, Oisin"	"Dunlop, E A L"	"1m3f "	"3"	"39"
"18:40:00"	"2020-09-29"	"Wolverhampton"	"High Commissioner (IRE)"	"8.00"	"8.65"	"Handicap"	"2"	"13"	"McDonald, P J"	"Cole, P F I"	"1m1.5f "	"4"	"68"
"19:15:00"	"2020-09-25"	"Dundalk"	"Golden Valour"	"5.50"	"7.7"	"Handicap"	"2"	"14"	"Whelan, R P"	"OBrien, Richard John"	"1m2.5f "	"4"	"89"
"18:15:00"	"2020-09-25"	"Dundalk"	"Edessann (IRE)"	"5.00"	"7.64"	"Handicap"	"5"	"14"	"Crosse, S M"	"OBrien, Joseph Patrick"	"6f "	"4"	"61"
"16:15:00"	"2020-09-25"	"Newcastle"	"Golden Hind"	"2.75"	"4.1"	"Handicap"	"1"	"8"	"Tudhope, Daniel"	"OMeara, D"	"1m4.5f "	"3"	"31"
"19:30:00"	"2020-09-24"	"Kempton"	"Alnasherat"	"9.00"	"8.53"	"Handicap"	"3"	"12"	"McDonald, P J"	"Tate, James"	"7f "	"4"	"108"
"19:00:00"	"2020-09-24"	"Kempton"	"Lancelot Du Lac (ITY)"	"25.00"	"44.64"	"Handicap"	"8"	"10"	"Downing, George"	"Ivory, D K"	"6f "	"10"	"231"
"17:50:00"	"2020-09-22"	"Lingfield"	"Born A King"	"6.50"	"7.16"	"Handicap"	"1"	"12"	"Marquand, Tom"	"Haggas, W J"	"1m2f "	"3"	"25"
"17:50:00"	"2020-09-22"	"Lingfield"	"Zeimaam (IRE)"	"7.00"	"10"	"Handicap"	"2"	"12"	"Buick, William"	"Burrows, Owen"	"1m2f "	"3"	"29"
"16:15:00"	"2020-09-22"	"Lingfield"	"Champagne Supanova (IRE)"	"16.00"	"24.19"	"Handicap"	"9"	"10"	"Villiers, Angus"	"Spencer, Richard"	"5f "	"3"	"31"
"20:15:00"	"2020-09-19"	"Wolverhampton"	"Lismore (IRE)"	"2.75"	"4.1"	"Handicap"	"1"	"10"	"Morris, Luke"	"Prescott, Sir Mark"	"2m.5f "	"3"	"32"
"19:45:00"	"2020-09-18"	"Kempton"	"Dream With Me (IRE)"	"5.00"	"7.4"	"Handicap"	"5"	"13"	"Cosgrave, Pat"	"Johnston, M"	"1m3f "	"3"	"49"
"17:10:00"	"2020-09-18"	"Kempton"	"Alpine Springs (IRE)"	"5.50"	"6.96"	"Handicap Nursery"	"10"	"10"	"Turner, Hayley"	"Bell, M L W"	"7f "	"2"	"35"
"19:30:00"	"2020-09-17"	"Chelmsford City"	"Theheartneverlies"	"3.33"	"5.2"	"Handicap"	"7"	"9"	"Tate, Ryan"	"Prescott, Sir Mark"	"1m "	"3"	"84"
"19:10:00"	"2020-09-15"	"Kempton"	"Villanelle"	"7.50"	"11"	"Handicap"	"10"	"11"	"Hornby, Rob"	"Portman, J G"	"1m4f "	"3"	"57"
"18:40:00"	"2020-09-15"	"Kempton"	"Brown Honey"	"5.50"	"7.2"	"Handicap"	"5"	"8"	"Murphy, Oisin"	"Mohammed, Ismail"	"1m4f "	"4"	"31"
"18:50:00"	"2020-09-14"	"Wolverhampton"	"Hafez (IRE)"	"7.00"	"9.07"	"Handicap Nursery"	"4"	"8"	"Ryan, Rossa"	"Hannon (Jnr), Richard"	"1m1.5f "	"2"	"27"
"18:50:00"	"2020-09-14"	"Wolverhampton"	"Eagles Realm"	"11.00"	"15.45"	"Handicap Nursery"	"6"	"8"	"Morris, Luke"	"Prescott, Sir Mark"	"1m1.5f "	"2"	"62"
"16:25:00"	"2020-09-14"	"Lingfield"	"Esspeegee"	"9.00"	"12.8"	"Handicap"	"7"	"14"	"Hornby, Rob"	"Parr, Joseph"	"1m4f "	"7"	"66"
"17:05:00"	"2020-09-13"	"Wolverhampton"	"Hua Mulan (IRE)"	"10.00"	"15.04"	"Handicap"	"7"	"9"	"Gray, S A"	"Dalgleish, Keith"	"1m.5f "	"3"	"32"
"16:35:00"	"2020-09-13"	"Wolverhampton"	"Make It Rain (IRE)"	"1.38"	"2.42"	"Handicap"	"1"	"5"	"McDonald, P J"	"Crisford, Simon"	"1m1.5f "	"3"	"87"
"16:25:00"	"2020-09-13"	"Chelmsford City"	"Sea Sister (IRE)"	"4.50"	"6.2"	"Handicap"	"4"	"10"	"Fanning, Joe"	"Murphy, Olly"	"1m6f "	"4"	"26"
"16:05:00"	"2020-09-13"	"Wolverhampton"	"Stagiaire"	"3.00"	"4.3"	"Handicap"	"4"	"9"	"Ryan, Rossa"	"Beckett, R M"	"2m.5f "	"3"	"90"
"19:15:00"	"2020-09-09"	"Wolverhampton"	"Boss Power (IRE)"	"1.10"	"2.16"	"Handicap"	"1"	"6"	"Sousa, Silvestre De"	"Stoute, Sir Michael"	"1m6f "	"3"	"25"
"17:10:00"	"2020-09-09"	"Wolverhampton"	"Electric Blue"	"3.50"	"5.8"	"Handicap Nursery"	"2"	"12"	"McDonald, P J"	"Tate, James"	"6f "	"2"	"29"
"17:10:00"	"2020-09-09"	"Wolverhampton"	"Source Of Wealth"	"28.00"	"47.25"	"Handicap Nursery"	"6"	"12"	"Nolan, D"	"OMeara, D"	"6f "	"2"	"59"
"16:40:00"	"2020-09-09"	"Kempton"	"War Empress (IRE)"	"11.00"	"16.51"	"Handicap"	"3"	"12"	"Hogan, D E"	"Feilden, Miss J"	"2m "	"4"	"193"
"16:45:00"	"2020-09-08"	"Newcastle"	"Archis Affaire"	"66.00"	"103.71"	"Handicap"	"6"	"8"	"Mullen, Andrew"	"Coltherd, W S"	"1m4.5f "	"6"	"49"
"16:10:00"	"2020-09-08"	"Newcastle"	"Mesmeric (GER)"	"50.00"	"197.85"	"Handicap"	"10"	"10"	"Eaves, Tom"	"Wainwright, J S"	"1m4.5f "	"3"	"187"
"19:30:00"	"2020-09-05"	"Wolverhampton"	"Midnite Bride"	"3.50"	"5.3"	"Handicap"	"7"	"10"	"James, S H"	"Ryan, K A"	"6f "	"3"	"32"
"19:00:00"	"2020-09-05"	"Wolverhampton"	"Crown Princess (IRE)"	"18.00"	"22"	"Handicap Nursery"	"7"	"11"	"Robinson, Ben"	"Pears, Ollie"	"6f "	"2"	"43"
"15:45:00"	"2020-09-05"	"Kempton"	"Solid Stone (IRE)"	"2.50"	"3.65"	"Handicap"	"3"	"10"	"Spencer, Jamie"	"Stoute, Sir Michael"	"1m "	"4"	"49"
"20:20:00"	"2020-09-04"	"Kempton"	"Shoot The Moon (IRE)"	"8.00"	"10.5"	"Handicap"	"9"	"9"	"Egan, David"	"Jarvis, W"	"6f "	"3"	"30"
"20:50:00"	"2020-09-03"	"Chelmsford City"	"Grand Canal (IRE)"	"5.00"	"6.4"	"Handicap"	"4"	"8"	"ONeill, Dane"	"Clover, Tom"	"2m "	"3"	"25"
"18:20:00"	"2020-09-03"	"Chelmsford City"	"The Throstles"	"50.00"	"50.37"	"Handicap"	"9"	"13"	"Costello, Dougie"	"Frost, Kevin"	"1m2f "	"5"	"31"
"16:50:00"	"2020-09-01"	"Kempton"	"Dreamweaver (IRE)"	"6.00"	"10.3"	"Handicap"	"5"	"13"	"Murphy, Oisin"	"Walker, Ed"	"1m4f "	"4"	"29"
"14:45:00"	"2020-09-01"	"Kempton"	"Publicist"	"10.00"	"10.63"	"Handicap Nursery"	"1"	"10"	"McDonald, P J"	"Tate, James"	"7f "	"2"	"27"
"13:15:00"	"2020-09-01"	"Kempton"	"Swooping Eagle (IRE)"	"8.00"	"11.5"	"Handicap"	"9"	"11"	"Mitchell, Jack"	"Varian, Roger"	"1m3f "	"3"	"36"
"19:00:00"	"2020-02-29"	"Southwell"	"Forseti"	"3.00"	"4.79"	"Handicap"	"6"	"6"	"Rawlinson, Ali"	"Appleby, M"	"7f "	"4"	"30"
"17:30:00"	"2020-02-29"	"Southwell"	"Sheriffmuir (USA)"	"1.88"	"2.9"	"Handicap"	"5"	"7"	"Havlin, Robert"	"Gosden, J H M"	"1m "	"4"	"26"
"14:35:00"	"2020-02-29"	"Lingfield"	"Double Kodiac (IRE)"	"2.00"	"3.54"	"Handicap"	"3"	"5"	"Mitchell, Jack"	"Crisford, Simon"	"1m "	"4"	"196"
"14:20:00"	"2020-02-28"	"Lingfield"	"Canasta"	"4.50"	"6"	"Handicap"	"6"	"10"	"Marquand, Tom"	"Fanshawe, J R"	"1m "	"4"	"78"
"16:45:00"	"2020-02-27"	"Newcastle"	"Los Camachos (IRE)"	"5.50"	"7.99"	"Handicap"	"7"	"9"	"Curtis, B A"	"Gallagher, J"	"7f "	"5"	"33"
"19:00:00"	"2020-02-26"	"Kempton"	"Silverturnstogold"	"8.00"	"11.5"	"Handicap"	"9"	"14"	"Marquand, Tom"	"Carroll, A W"	"1m "	"5"	"27"
"17:30:00"	"2020-02-26"	"Kempton"	"Sparkling Diamond"	"9.00"	"12.05"	"Handicap"	"3"	"8"	"Cherchi, Stefano"	"McBride, P J"	"6f "	"3"	"149"
"14:30:00"	"2020-02-25"	"Lingfield"	"Glorious Caesar"	"5.00"	"7.93"	"Handicap"	"1"	"6"	"Morris, Luke"	"Walker, Ed"	"1m2f "	"3"	"29"
"19:30:00"	"2020-02-22"	"Chelmsford City"	"Itsmabirthday (IRE)"	"14.00"	"22.64"	"Handicap"	"3"	"6"	"McNamara, Adam"	"Watson, Archie"	"6f "	"3"	"32"
"17:30:00"	"2020-02-22"	"Chelmsford City"	"Today Power (IRE)"	"1.63"	"2.87"	"Handicap"	"2"	"7"	"Probert, David"	"Hannon (Jnr), Richard"	"1m "	"3"	"28"
"17:15:00"	"2020-02-21"	"Wolverhampton"	"Pretty Little Liar (IRE)"	"8.50"	"10.5"	"Handicap"	"8"	"9"	"ONeill, K T"	"Dunne, David Peter"	"1m1.5f "	"7"	"28"
"16:55:00"	"2020-02-21"	"Dundalk"	"Tio Esteban (FR)"	"16.00"	"23.62"	"Handicap"	"1"	"13"	"Byrne, Willie"	"Martin, W J"	"1m4f "	"5"	"32"
"16:55:00"	"2020-02-21"	"Dundalk"	"Magic Sea (IRE)"	"8.00"	"12.1"	"Handicap"	"10"	"13"	"Shinnick, J P"	"Dawson, Mrs Sarah"	"1m4f "	"5"	"37"
"20:30:00"	"2020-02-20"	"Chelmsford City"	"Loose Chippings (IRE)"	"8.00"	"13"	"Handicap"	"10"	"11"	"Nolan, D"	"Furtado, Ivan"	"1m "	"6"	"127"
"19:00:00"	"2020-02-20"	"Chelmsford City"	"Lord Halifax (IRE)"	"1.10"	"2.06"	"Handicap"	"6"	"7"	"Shoemark, Kieran"	"Fellowes, Charlie"	"1m6f "	"4"	"71"
"16:30:00"	"2020-02-16"	"Kempton"	"Busby (IRE)"	"3.00"	"4.6"	"Handicap"	"8"	"10"	"Dwyer, Martin"	"Allen, C N"	"6f "	"5"	"25"
"20:00:00"	"2020-02-15"	"Newcastle"	"Ghathanfar (IRE)"	"6.50"	"8.63"	"Handicap"	"9"	"11"	"Hardie, Cameron"	"Waggott, Miss Tracy"	"6f "	"4"	"129"
"18:00:00"	"2020-02-15"	"Newcastle"	"Lofty"	"16.00"	"20.69"	"Handicap"	"1"	"8"	"Dennis, Phil"	"Barron, T D"	"7f "	"4"	"122"
"18:00:00"	"2020-02-15"	"Newcastle"	"Cote dAzur"	"5.00"	"6.4"	"Handicap"	"5"	"8"	"Edmunds, Lewis"	"Eyre, J L"	"7f "	"7"	"79"
"16:20:00"	"2020-02-15"	"Lingfield"	"Sophar Sogood (IRE)"	"4.50"	"6.49"	"Handicap"	"2"	"7"	"Havlin, Robert"	"DArcy, P W"	"1m4f "	"3"	"114"
"13:25:00"	"2020-02-15"	"Lingfield"	"Hes Our Star (IRE)"	"12.00"	"18.9"	"Handicap"	"6"	"11"	"ONeill, K T"	"Stronge, Ali"	"1m "	"5"	"33"
"20:30:00"	"2020-02-12"	"Kempton"	"Disruptor (FR)"	"11.00"	"14"	"Handicap"	"7"	"8"	"Lee, Clifford"	"Evans, P D"	"7f "	"4"	"25"
"19:40:00"	"2020-02-10"	"Wolverhampton"	"Universal Gleam"	"7.00"	"8.8"	"Handicap"	"4"	"6"	"Fanning, Joe"	"Dalgleish, Keith"	"1m1.5f "	"5"	"37"
"18:15:00"	"2020-02-07"	"Chelmsford City"	"Tone The Barone"	"2.00"	"3.4"	"Handicap"	"1"	"7"	"Turner, Hayley"	"Williams, S C"	"5f "	"4"	"172"
"19:30:00"	"2020-02-06"	"Newcastle"	"Midnight In Havana"	"2.50"	"3.87"	"Handicap"	"5"	"10"	"Lee, G"	"Smart, B"	"1m "	"4"	"25"
"14:40:00"	"2020-02-06"	"Chelmsford City"	"Mohareb"	"1.63"	"2.67"	"Handicap"	"3"	"8"	"Rawlinson, Ali"	"Appleby, M"	"6f "	"4"	"27"
"14:30:00"	"2020-02-05"	"Southwell"	"Compass Point"	"12.00"	"18.52"	"Handicap"	"7"	"11"	"ONeill, K T"	"Brisland, Robyn"	"7f "	"5"	"60"
"20:30:00"	"2020-02-04"	"Kempton"	"Brinkleys Katie"	"14.00"	"23.11"	"Handicap"	"6"	"14"	"Turner, Hayley"	"George, Paul"	"2m "	"4"	"25"
"20:30:00"	"2020-02-04"	"Kempton"	"Prince Charmin (IRE)"	"25.00"	"49.06"	"Handicap"	"11"	"14"	"Probert, David"	"Vaughan, Tim"	"2m "	"7"	"189"
"18:30:00"	"2020-02-03"	"Wolverhampton"	"Bezzas Lad (IRE)"	"2.00"	"3.19"	"Handicap"	"10"	"10"	"Rawlinson, Ali"	"Carroll, A W"	"5f "	"3"	"26"
"19:15:00"	"2020-02-01"	"Kempton"	"Olympic Conqueror (IRE)"	"2.25"	"3.59"	"Handicap"	"1"	"10"	"McHugh, B"	"Fanshawe, J R"	"1m4f "	"4"	"61"
"19:15:00"	"2020-02-01"	"Kempton"	"Sarim (IRE)"	"8.00"	"10"	"Handicap"	"10"	"10"	"Greatrex, Thomas"	"Greatrex, W J"	"1m4f "	"5"	"66"
"16:05:00"	"2020-02-01"	"Lingfield"	"Heron (USA)"	"6.50"	"9.4"	"Handicap"	"6"	"11"	"Muscutt, D"	"Johnson, B R"	"1m5f "	"6"	"58"
"20:00:00"	"2020-01-30"	"Chelmsford City"	"Relative Ease"	"5.00"	"7.97"	"Handicap"	"12"	"16"	"Morris, Luke"	"Lycett, Shaun"	"1m2f "	"4"	"26"
"16:45:00"	"2020-01-24"	"Wolverhampton"	"Building Bridges"	"6.00"	"7.96"	"Handicap"	"2"	"9"	"Hardie, Cameron"	"Edmunds, Stuart"	"2m.5f "	"4"	"46"
"16:15:00"	"2020-01-24"	"Wolverhampton"	"Ocean Air (FR)"	"5.00"	"6.82"	"Handicap"	"6"	"13"	"Muir, Paula"	"McConnell, John C"	"1m1.5f "	"6"	"142"
"15:15:00"	"2020-01-24"	"Lingfield"	"Iron Mike"	"7.00"	"8.8"	"Handicap"	"11"	"11"	"Sanderson, Benjamin"	"Dalgleish, Keith"	"1m2f "	"4"	"69"
"18:30:00"	"2020-01-23"	"Newcastle"	"Internationaltiger"	"16.00"	"21"	"Handicap"	"2"	"6"	"Davis, Sean"	"Fahey, R A"	"1m "	"3"	"138"
"19:30:00"	"2020-01-22"	"Kempton"	"Leader Writer (FR)"	"14.00"	"21.07"	"Handicap"	"11"	"14"	"Cox, Georgia"	"Ferguson, James"	"1m "	"8"	"93"
"18:30:00"	"2020-01-22"	"Kempton"	"London Calling (IRE)"	"2.75"	"3.99"	"Handicap"	"1"	"8"	"Doyle, Hollie"	"Spencer, Richard"	"7f "	"3"	"83"
"14:20:00"	"2020-01-22"	"Lingfield"	"Padleyourowncanoe"	"2.75"	"3.77"	"Handicap"	"1"	"14"	"Doyle, Hollie"	"Tizzard, C L"	"2m "	"6"	"78"
"16:05:00"	"2020-01-21"	"Newcastle"	"Remember The Days (IRE)"	"6.00"	"8"	"Handicap"	"6"	"6"	"Lee, G"	"OKeeffe, Jedd"	"1m4.5f "	"6"	"57"
"17:55:00"	"2020-01-20"	"Wolverhampton"	"Kilbaha Lady (IRE)"	"8.00"	"13.32"	"Handicap"	"11"	"12"	"McManoman, Faye"	"Tinkler, N"	"1m1.5f "	"6"	"94"
"16:20:00"	"2020-01-20"	"Kempton"	"Muraaqeb"	"9.00"	"13.88"	"Handicap"	"4"	"12"	"Kirby, Adam"	"Bradley, J M"	"1m4f "	"6"	"32"
"15:20:00"	"2020-01-18"	"Lingfield"	"Highland Acclaim (IRE)"	"8.00"	"11"	"Handicap"	"6"	"10"	"Keniry, L P"	"OMeara, D"	"6f "	"9"	"38"
"13:35:00"	"2020-01-18"	"Lingfield"	"Silver Dust (IRE)"	"8.00"	"9.59"	"Handicap"	"3"	"7"	"McHugh, B"	"Fahey, R A"	"1m "	"4"	"29"
"20:30:00"	"2020-01-17"	"Dundalk"	"Tommy Taylor (USA)"	"2.50"	"3.47"	"Handicap"	"2"	"14"	"OConnor, Donagh"	"Levins, J F"	"6f "	"6"	"28"
"15:10:00"	"2020-01-17"	"Lingfield"	"Zeyzoun (FR)"	"33.00"	"93.3"	"Handicap"	"8"	"8"	"Havlin, Robert"	"Dunn, Mrs Alex"	"1m2f "	"6"	"84"
"14:05:00"	"2020-01-17"	"Lingfield"	"Gracious John (IRE)"	"9.00"	"11.27"	"Handicap"	"3"	"5"	"Probert, David"	"Williams, Ian"	"6f "	"7"	"39"
"17:00:00"	"2020-01-16"	"Newcastle"	"Castlehill Retreat"	"3.50"	"4.69"	"Handicap"	"4"	"7"	"Mulrennan, Paul"	"Haslam, B M R"	"7f "	"3"	"29"
"16:10:00"	"2020-01-15"	"Wolverhampton"	"Fearless Warrior (FR)"	"4.00"	"5.79"	"Handicap"	"2"	"10"	"Dobie, Georgia"	"Houghton, Eve Johnson"	"2m.5f "	"4"	"35"
"15:55:00"	"2020-01-12"	"Southwell"	"Mister Freeze (IRE)"	"3.50"	"5.05"	"Handicap"	"1"	"8"	"Probert, David"	"Chamings, P R"	"7f "	"6"	"44"
"14:50:00"	"2020-01-12"	"Southwell"	"Fox Shinji"	"5.50"	"7.11"	"Handicap"	"3"	"7"	"Probert, David"	"Balding, A M"	"1m "	"4"	"83"
"16:45:00"	"2020-01-11"	"Chelmsford City"	"Harbour Vision"	"5.00"	"6.74"	"Handicap"	"3"	"6"	"Edmunds, Lewis"	"Shaw, D"	"7f "	"5"	"29"
"14:00:00"	"2020-01-11"	"Lingfield"	"Red Mist"	"1.25"	"2.34"	"Handicap"	"5"	"5"	"Mitchell, Jack"	"Crisford, Simon"	"1m "	"5"	"237"
"13:25:00"	"2020-01-11"	"Lingfield"	"Typhoon Ten (IRE)"	"5.50"	"7.49"	"Handicap"	"3"	"7"	"Probert, David"	"Hannon (Jnr), Richard"	"6f "	"4"	"32"
"12:15:00"	"2020-01-11"	"Lingfield"	"Freedom And Wheat (IRE)"	"4.00"	"5.57"	"Handicap"	"6"	"9"	"Kingscote, Richard"	"Blake, Michael"	"1m "	"4"	"26"
"17:45:00"	"2020-01-10"	"Wolverhampton"	"Cranberry"	"4.50"	"6.31"	"Handicap"	"5"	"5"	"Marsh, Finley"	"Hughes, Richard"	"1m.5f "	"3"	"51"
"16:10:00"	"2020-01-10"	"Wolverhampton"	"Foresee (GER)"	"1.75"	"2.71"	"Handicap"	"1"	"12"	"Whittington, Elisha"	"Carroll, A W"	"1m4f "	"7"	"43"
"16:10:00"	"2020-01-10"	"Wolverhampton"	"Kybosh (IRE)"	"5.00"	"6.63"	"Handicap"	"3"	"12"	"Crehan, Mark"	"Appleby, M"	"1m4f "	"4"	"27"
"13:10:00"	"2020-01-10"	"Lingfield"	"Fox Power (IRE)"	"3.33"	"4.57"	"Handicap"	"6"	"6"	"Kingscote, Richard"	"Hannon (Jnr), Richard"	"7f "	"4"	"29"
"18:30:00"	"2020-01-09"	"Chelmsford City"	"Phoenix Star (IRE)"	"3.50"	"4.7"	"Handicap"	"5"	"11"	"Kingscote, Richard"	"Williams, S C"	"7f "	"4"	"26"
"18:00:00"	"2020-01-09"	"Chelmsford City"	"Cheng Gong"	"3.33"	"4.6"	"Handicap"	"2"	"11"	"Mitchell, Jack"	"Clover, Tom"	"1m6f "	"4"	"26"
"18:00:00"	"2020-01-09"	"Chelmsford City"	"Ezzrah"	"3.50"	"4.81"	"Handicap"	"4"	"11"	"Kelly, Shane"	"Fellowes, Charlie"	"1m6f "	"4"	"26"
"17:00:00"	"2020-01-09"	"Chelmsford City"	"Brains (IRE)"	"5.50"	"7.61"	"Handicap"	"1"	"10"	"Currie, Nicola"	"Osborne, J A"	"1m "	"4"	"29"
"17:00:00"	"2020-01-09"	"Chelmsford City"	"Avorisk Et Perils (FR)"	"2.75"	"4.05"	"Handicap"	"3"	"10"	"Crouch, Hector"	"Moore, Gary and Josh"	"1m "	"5"	"47"
"17:00:00"	"2020-01-09"	"Chelmsford City"	"Decoration Of War (IRE)"	"20.00"	"30.02"	"Handicap"	"9"	"10"	"Morris, Luke"	"Appleby, M"	"1m "	"5"	"33"
"19:15:00"	"2020-01-08"	"Kempton"	"Estrela Star (IRE)"	"1.88"	"2.91"	"Handicap"	"3"	"10"	"ONeill, K T"	"Stronge, Ali"	"2m "	"4"	"37"
"16:15:00"	"2020-01-08"	"Kempton"	"N Over J"	"1.63"	"2.77"	"Handicap"	"10"	"12"	"Rawlinson, Ali"	"Appleby, M"	"7f "	"5"	"78"
"14:30:00"	"2020-01-05"	"Southwell"	"Global Hope (IRE)"	"4.00"	"5.6"	"Handicap"	"2"	"7"	"Eley, T"	"Kelleway, Miss Gay"	"6f "	"5"	"32"
"12:30:00"	"2020-01-05"	"Southwell"	"Fair Alibi"	"8.00"	"11.5"	"Handicap"	"3"	"7"	"Sullivan, James P"	"Tate, T P"	"5f "	"4"	"39"
"11:40:00"	"2020-01-04"	"Lingfield"	"Vipin (FR)"	"14.00"	"23.54"	"Handicap"	"7"	"10"	"Dwyer, Martin"	"Muir, W R"	"1m2f "	"5"	"25"
"19:15:00"	"2020-01-03"	"Southwell"	"Chloellie"	"9.00"	"13"	"Handicap"	"5"	"12"	"Muscutt, D"	"Jenkins, J R"	"7f "	"5"	"56"
"18:30:00"	"2020-01-03"	"Dundalk"	"Miracles In May (IRE)"	"3.50"	"4.96"	"Handicap"	"1"	"14"	"Coen, Ben M"	"Cahill, Mark"	"1m "	"5"	"67"
"18:15:00"	"2020-01-03"	"Southwell"	"Aleef (IRE)"	"8.00"	"10.5"	"Handicap"	"3"	"7"	"Hornby, Rob"	"Beckett, R M"	"6f "	"7"	"72"
"18:00:00"	"2020-01-03"	"Dundalk"	"Theobald (IRE)"	"3.50"	"4.4"	"Handicap"	"5"	"8"	"Manning, K J"	"Bolger, J S"	"1m4f "	"5"	"28"
"12:45:00"	"2020-01-02"	"Lingfield"	"Depose"	"4.00"	"5.7"	"Handicap"	"4"	"6"	"Curtis, B A"	"Palmer, Hugo"	"7f "	"3"	"29"
"15:05:00"	"2020-01-01"	"Southwell"	"Debbonair (IRE)"	"5.00"	"6.6"	"Handicap"	"5"	"6"	"Mitchell, Jack"	"Palmer, Hugo"	"1m3f "	"4"	"28"
"13:20:00"	"2020-01-01"	"Southwell"	"Spirited Guest"	"3.50"	"4.8"	"Handicap"	"6"	"7"	"Morris, Luke"	"Margarson, G G"	"5f "	"4"	"34"
"17:40:00"	"2019-10-31"	"Kempton"	"Lola Paige (IRE)"	"11.00"	"16.5"	"Handicap Nursery"	"8"	"9"	"Probert, David"	"OMeara, D"	"1m "	"2"	"47"
"13:55:00"	"2019-10-31"	"Lingfield"	"Almufti"	"10.00"	"13.55"	"Handicap"	"6"	"13"	"Egan, David"	"Palmer, Hugo"	"7f "	"3"	"42"
"19:30:00"	"2019-10-30"	"Dundalk"	"Little Camacho (IRE)"	"14.00"	"22"	"Handicap"	"7"	"14"	"Ryan, Gavin"	"McCann, Anthony"	"7f "	"4"	"74"
"19:10:00"	"2019-10-30"	"Kempton"	"Black Kalanisi (IRE)"	"11.00"	"14"	"Handicap"	"2"	"11"	"Bishop, Charles"	"Tuite, Joseph"	"2m "	"6"	"37"
"18:50:00"	"2019-10-30"	"Wolverhampton"	"Enzo (IRE)"	"10.00"	"11.95"	"Handicap"	"5"	"13"	"Haynes, Joey"	"Butler, John"	"1m1.5f "	"4"	"53"
"18:30:00"	"2019-10-30"	"Dundalk"	"Beckwith Place (IRE)"	"12.00"	"19"	"Handicap"	"12"	"14"	"OBrien, Donnacha"	"Collins, Tracey"	"1m "	"4"	"29"
"17:50:00"	"2019-10-30"	"Wolverhampton"	"Sea Shack"	"14.00"	"21"	"Handicap"	"7"	"12"	"McCullagh, Scott"	"Feilden, Miss J"	"1m.5f "	"5"	"44"
"17:30:00"	"2019-10-28"	"Kempton"	"Buy Nice Not Twice (IRE)"	"12.00"	"16.8"	"Handicap Nursery"	"12"	"13"	"Ryan, Rossa"	"Hannon (Jnr), Richard"	"7f "	"2"	"46"
"18:00:00"	"2019-10-26"	"Chelmsford City"	"Al Reeh (IRE)"	"12.00"	"18.27"	"Handicap"	"7"	"10"	"Morris, Luke"	"Botti, M"	"1m "	"5"	"28"
"20:15:00"	"2019-10-24"	"Wolverhampton"	"Roving Mission (USA)"	"5.00"	"6.94"	"Handicap"	"2"	"12"	"Bentley, Harry"	"Beckett, R M"	"1m1.5f "	"3"	"25"
"19:25:00"	"2019-10-23"	"Wolverhampton"	"Helvetian"	"12.00"	"18.07"	"Handicap"	"1"	"11"	"Ryan, Rossa"	"Frost, Kevin"	"5f "	"4"	"104"
"18:00:00"	"2019-10-22"	"Kempton"	"Purple Paddy"	"4.00"	"5.63"	"Handicap"	"1"	"14"	"Sweeney, Fergus"	"Fox, J C"	"1m "	"4"	"70"
"16:55:00"	"2019-10-22"	"Kempton"	"Castel Angelo (IRE)"	"7.00"	"9.82"	"Handicap Nursery"	"4"	"13"	"Bishop, Charles"	"Candy, H"	"1m "	"2"	"36"
"15:10:00"	"2019-10-22"	"Newcastle"	"Athollblair Boy (IRE)"	"10.00"	"12.5"	"Handicap Claimer"	"10"	"14"	"McManoman, Faye"	"Tinkler, N"	"6f "	"6"	"35"
"19:30:00"	"2019-10-21"	"Southwell"	"Almokhtaar (USA)"	"14.00"	"18"	"Handicap"	"3"	"11"	"Eaves, Tom"	"Ryan, K A"	"1m "	"3"	"28"
"19:45:00"	"2019-10-19"	"Wolverhampton"	"El Misk"	"3.50"	"4.6"	"Handicap"	"2"	"11"	"ONeill, K T"	"Gosden, J H M"	"1m4f "	"3"	"32"
"18:15:00"	"2019-10-19"	"Wolverhampton"	"Sacred Sprite"	"7.50"	"10.5"	"Handicap"	"7"	"13"	"Hogan, D E"	"Berry, John"	"2m.5f "	"4"	"45"
"20:25:00"	"2019-10-18"	"Wolverhampton"	"Vampish"	"16.00"	"25"	"Handicap"	"6"	"7"	"Marquand, Tom"	"McBride, P J"	"2m.5f "	"4"	"39"
"19:55:00"	"2019-10-18"	"Wolverhampton"	"Rampant Lion (IRE)"	"40.00"	"57.11"	"Handicap"	"1"	"10"	"Probert, David"	"Jarvis, W"	"1m.5f "	"4"	"29"
"19:15:00"	"2019-10-18"	"Dundalk"	"Chagall (IRE)"	"3.50"	"4.93"	"Handicap"	"12"	"14"	"Slattery, A J"	"Lynam, Edward"	"7f "	"3"	"41"
"18:55:00"	"2019-10-18"	"Wolverhampton"	"Fair Pass (IRE)"	"8.00"	"12.5"	"Handicap Nursery"	"6"	"9"	"Marquand, Tom"	"Botti, M"	"7f "	"2"	"39"
"18:35:00"	"2019-10-18"	"Newcastle"	"Charming Spirit (IRE)"	"3.50"	"5.2"	"Handicap Nursery"	"4"	"7"	"Atzeni, Andrea"	"Varian, Roger"	"7f "	"2"	"25"
"17:00:00"	"2019-10-18"	"Newcastle"	"Granite City Doc"	"6.50"	"8.6"	"Handicap"	"4"	"13"	"Muir, Paula"	"Normile, Mrs L B"	"1m2f "	"6"	"25"
"17:10:00"	"2019-10-17"	"Wolverhampton"	"Hooflepuff (IRE)"	"4.50"	"7.8"	"Handicap"	"4"	"9"	"Russell, Harry"	"Ellison, B"	"1m4f "	"3"	"27"
"19:00:00"	"2019-10-15"	"Kempton"	"Final Frontier (IRE)"	"33.00"	"39.44"	"Handicap"	"3"	"12"	"Garritty, Jack"	"Carr, Mrs R A"	"7f "	"6"	"42"
"20:30:00"	"2019-10-12"	"Wolverhampton"	"Captain Sedgwick (IRE)"	"16.00"	"22"	"Handicap"	"6"	"11"	"Elliott, Jane"	"Spearing, J L"	"7f "	"5"	"27"
"17:25:00"	"2019-10-12"	"Wolverhampton"	"Thegreyvtrain"	"20.00"	"32"	"Handicap"	"5"	"11"	"Probert, David"	"Harris, R A"	"5f "	"3"	"41"
"19:45:00"	"2019-10-11"	"Dundalk"	"Heliac"	"5.00"	"6.42"	"Handicap"	"1"	"14"	"Hayes, C D"	"Lyons, G M"	"1m2.5f "	"3"	"57"
"19:45:00"	"2019-10-11"	"Dundalk"	"Tudor City (IRE)"	"11.00"	"25"	"Handicap"	"11"	"14"	"Colgan, R C"	"Martin, A J"	"1m2.5f "	"7"	"26"
"20:00:00"	"2019-10-10"	"Kempton"	"Maroon Bells (IRE)"	"40.00"	"47.96"	"Handicap"	"9"	"10"	"Egan, David"	"Menuisier, David"	"1m4f "	"4"	"26"
"19:00:00"	"2019-10-10"	"Kempton"	"George William"	"12.00"	"16.5"	"Handicap Claimer"	"9"	"14"	"Marquand, Tom"	"Walker, Ed"	"1m "	"6"	"54"
"18:30:00"	"2019-10-10"	"Kempton"	"Souter Johnnie (IRE)"	"3.00"	"4.23"	"Handicap Nursery"	"1"	"13"	"Kirby, Adam"	"Hughes, Richard"	"1m "	"2"	"29"
"20:25:00"	"2019-10-09"	"Newcastle"	"Termonator"	"12.00"	"14.5"	"Handicap"	"7"	"14"	"James, S H"	"Tuer, Grant"	"7f "	"3"	"134"
"19:55:00"	"2019-10-09"	"Newcastle"	"Alnadir (USA)"	"6.50"	"8.21"	"Handicap"	"5"	"14"	"Havlin, Robert"	"Crisford, Simon"	"1m "	"3"	"47"
"19:40:00"	"2019-10-09"	"Kempton"	"Leo Davinci (USA)"	"16.00"	"20"	"Handicap"	"11"	"13"	"Bentley, Harry"	"Scott, George"	"7f "	"3"	"79"
"19:25:00"	"2019-10-09"	"Newcastle"	"Mutawaffer (IRE)"	"9.00"	"11.71"	"Handicap"	"14"	"14"	"Curtis, B A"	"Makin, Phillip"	"5f "	"3"	"98"
"18:10:00"	"2019-10-09"	"Kempton"	"Singing Sheriff"	"16.00"	"20.48"	"Handicap"	"2"	"14"	"Keniry, L P"	"Walker, Ed"	"1m3f "	"4"	"123"
"17:25:00"	"2019-10-09"	"Newcastle"	"Esspeegee"	"16.00"	"18.43"	"Handicap"	"10"	"13"	"Fallon, Cieren"	"Bailey, A"	"1m4.5f "	"6"	"37"
"19:10:00"	"2019-10-02"	"Kempton"	"State Of Affair (USA)"	"6.00"	"8.13"	"Handicap"	"1"	"10"	"Spencer, Jamie"	"Walker, Ed"	"1m3f "	"3"	"32"
"20:20:00"	"2019-09-30"	"Wolverhampton"	"Baryshnikov"	"2.50"	"3.6"	"Handicap"	"6"	"12"	"Keniry, L P"	"Walker, Ed"	"1m1.5f "	"3"	"55"
"17:50:00"	"2019-09-28"	"Chelmsford City"	"Charlie Arthur (IRE)"	"8.00"	"10.5"	"Handicap"	"1"	"14"	"Marsh, Finley"	"Hughes, Richard"	"1m2f "	"3"	"37"
"20:30:00"	"2019-09-27"	"Newcastle"	"Onebaba (IRE)"	"5.00"	"7.41"	"Handicap"	"6"	"9"	"Fallon, Cieren"	"Carroll, A W"	"6f "	"3"	"111"
"19:45:00"	"2019-09-27"	"Dundalk"	"Building Bridges"	"16.00"	"27"	"Handicap"	"12"	"14"	"McCullagh, N G"	"Harrington, Mrs John"	"1m4f "	"3"	"34"
"19:00:00"	"2019-09-27"	"Newcastle"	"Sezim"	"5.50"	"7.4"	"Handicap"	"5"	"12"	"Fallon, Cieren"	"Varian, Roger"	"1m "	"3"	"27"
"20:30:00"	"2019-09-25"	"Kempton"	"Magicinthemaking (USA)"	"3.50"	"5.2"	"Handicap"	"1"	"11"	"Doyle, Hollie"	"Long, J E"	"6f "	"5"	"32"
"20:30:00"	"2019-09-25"	"Kempton"	"My Town Chicago (USA)"	"10.00"	"14"	"Handicap"	"2"	"11"	"Hansen, Thore"	"Frost, Kevin"	"6f "	"4"	"26"
"19:30:00"	"2019-09-25"	"Kempton"	"Faylaq"	"1.25"	"2.41"	"Handicap"	"1"	"5"	"Crowley, Jim"	"Haggas, W J"	"1m3f "	"3"	"74"
"19:15:00"	"2019-09-25"	"Newcastle"	"Bouclier (IRE)"	"33.00"	"44"	"Handicap"	"14"	"14"	"Morris, Luke"	"Unett, J W"	"1m "	"9"	"149"
"20:00:00"	"2019-09-24"	"Chelmsford City"	"Fantastic Flyer"	"10.00"	"14"	"Handicap"	"1"	"11"	"Haynes, Joey"	"Ivory, D K"	"6f "	"4"	"43"
"17:05:00"	"2019-09-24"	"Lingfield"	"Kendergarten Kop (IRE)"	"7.00"	"9.6"	"Handicap"	"2"	"14"	"Probert, David"	"Flood, D"	"1m2f "	"4"	"35"
"16:00:00"	"2019-09-24"	"Lingfield"	"Danglydontask"	"12.00"	"20.54"	"Handicap"	"7"	"10"	"ONeill, K T"	"Murphy, Mike"	"2m "	"8"	"27"
"13:50:00"	"2019-09-24"	"Lingfield"	"Scheme"	"3.33"	"4.6"	"Handicap"	"6"	"10"	"Morris, Luke"	"Prescott, Sir Mark"	"1m "	"3"	"25"
"13:50:00"	"2019-09-24"	"Lingfield"	"Carnival Rose"	"8.50"	"11.5"	"Handicap"	"7"	"10"	"Wood, George"	"Fanshawe, J R"	"1m "	"3"	"48"
"17:25:00"	"2019-09-23"	"Kempton"	"Almokhtaar (USA)"	"3.50"	"4.8"	"Handicap"	"7"	"9"	"Spencer, Jamie"	"Ryan, K A"	"6f "	"3"	"91"
"18:20:00"	"2019-09-21"	"Wolverhampton"	"Holdenhurst"	"40.00"	"95"	"Handicap"	"1"	"8"	"Walsh, E J"	"Turner, W G M"	"6f "	"4"	"59"
"14:50:00"	"2019-09-21"	"Chelmsford City"	"Crackin Dream (IRE)"	"5.00"	"7.78"	"Handicap"	"8"	"10"	"Keniry, L P"	"Cox, C G"	"6f "	"3"	"58"
"14:15:00"	"2019-09-21"	"Chelmsford City"	"Poeta Brasileiro (IRE)"	"3.50"	"4.8"	"Handicap"	"3"	"9"	"Hansen, Thore"	"Brown, D H"	"6f "	"4"	"27"
"20:15:00"	"2019-09-19"	"Southwell"	"Land Of Winter (FR)"	"3.50"	"5.31"	"Handicap"	"1"	"11"	"Mulrennan, Paul"	"Guest, Rae"	"1m6f "	"3"	"41"
"17:05:00"	"2019-09-14"	"Chelmsford City"	"Avenue Foch"	"3.00"	"4.33"	"Handicap"	"2"	"10"	"Muscutt, D"	"Fanshawe, J R"	"1m5.5f "	"3"	"33"
"19:30:00"	"2019-09-11"	"Kempton"	"Buriram (IRE)"	"4.50"	"5.95"	"Handicap"	"5"	"5"	"Bentley, Harry"	"Beckett, R M"	"2m "	"3"	"39"
"18:10:00"	"2019-09-11"	"Laytown"	"Koybig (IRE)"	"8.00"	"12.16"	"Handicap"	"5"	"10"	"Maguire, Mr F"	"Marnane, David"	"7f "	"7"	"41"
"18:10:00"	"2019-09-11"	"Laytown"	"Geological (IRE)"	"4.00"	"6.21"	"Handicap"	"7"	"10"	"Codd, Mr J J"	"English, Damian Joseph"	"7f "	"7"	"34"
"16:00:00"	"2019-09-11"	"Laytown"	"Dapper Power (IRE)"	"2.50"	"4"	"Handicap"	"4"	"10"	"McDonogh, D P"	"Lynam, Edward"	"6f "	"5"	"47"
"17:30:00"	"2019-09-09"	"Wolverhampton"	"She Looks Like Fun"	"14.00"	"21.34"	"Handicap Nursery"	"9"	"12"	"Shaw, Harrison"	"Burke, K R"	"6f "	"2"	"55"
"19:30:00"	"2019-09-07"	"Wolverhampton"	"Flaming Marvel (IRE)"	"4.50"	"6.4"	"Handicap"	"3"	"6"	"Marquand, Tom"	"Fanshawe, J R"	"1m4f "	"5"	"154"
"17:00:00"	"2019-09-07"	"Kempton"	"Sendeed (IRE)"	"3.33"	"4.9"	"Handicap"	"1"	"11"	"Watson, Jason"	"Suroor, Saeed Bin"	"1m3f "	"3"	"27"
"16:55:00"	"2019-09-06"	"Newcastle"	"Midnight In Havana"	"8.00"	"11.58"	"Handicap"	"3"	"13"	"Ffrench, Royston"	"Smart, B"	"7f "	"3"	"127"
"14:05:00"	"2019-09-06"	"Newcastle"	"Skerryvore"	"3.00"	"3.94"	"Handicap"	"1"	"12"	"Doyle, Hollie"	"Fanshawe, J R"	"1m2f "	"3"	"34"
"20:10:00"	"2019-09-05"	"Chelmsford City"	"Cosmic Landscape"	"7.00"	"7.79"	"Handicap"	"4"	"6"	"Bishop, Charles"	"Jarvis, W"	"1m6f "	"4"	"153"
"19:45:00"	"2019-09-03"	"Kempton"	"Mawakib"	"3.00"	"4.36"	"Handicap"	"10"	"10"	"Egan, David"	"Varian, Roger"	"1m "	"3"	"66"
"20:30:00"	"2019-02-28"	"Kempton"	"Unblinking"	"3.00"	"4.96"	"Handicap"	"3"	"10"	"Queally, T P"	"Twiston-Davies, N A"	"2m "	"6"	"38"
"19:00:00"	"2019-02-28"	"Kempton"	"Soar Above"	"2.50"	"4.13"	"Handicap"	"2"	"8"	"Clark, Tim"	"DArcy, P W"	"7f "	"4"	"43"
"16:50:00"	"2019-02-28"	"Kempton"	"Mans Not Trot (IRE)"	"2.75"	"4.26"	"Handicap"	"3"	"14"	"Currie, Nicola"	"Osborne, J A"	"1m "	"4"	"31"
"16:05:00"	"2019-02-28"	"Newcastle"	"Tommy Hallinan (IRE)"	"18.00"	"21"	"Handicap"	"6"	"6"	"McHugh, B"	"Fife, Mrs Marjorie"	"1m4.5f "	"5"	"234"
"17:10:00"	"2019-02-27"	"Southwell"	"Rusper Dreams (IRE)"	"6.00"	"8.2"	"Handicap"	"11"	"12"	"Jones, Mr A T"	"Osborne, J A"	"1m "	"3"	"32"
"16:10:00"	"2019-02-27"	"Southwell"	"Mister Music"	"20.00"	"24.2"	"Handicap"	"3"	"9"	"Bridgwater, Poppy"	"Carroll, A W"	"7f "	"10"	"29"
"19:30:00"	"2019-02-26"	"Wolverhampton"	"Toffee Galore"	"8.00"	"12.33"	"Handicap"	"6"	"7"	"Murphy, Oisin"	"Watson, Archie"	"1m4f "	"3"	"34"
"17:00:00"	"2019-02-26"	"Wolverhampton"	"Adventureman"	"8.00"	"9"	"Handicap"	"11"	"11"	"Garritty, Jack"	"Carr, Mrs R A"	"1m.5f "	"7"	"213"
"19:55:00"	"2019-02-25"	"Wolverhampton"	"Mossys Lodge"	"12.00"	"15.33"	"Handicap"	"2"	"10"	"Donohoe, Stephen"	"Menzies, Rebecca"	"1m1.5f "	"6"	"28"
"18:55:00"	"2019-02-25"	"Wolverhampton"	"El Hombre"	"5.00"	"6.97"	"Handicap"	"2"	"9"	"Rodriguez, Callum"	"Dalgleish, Keith"	"6f "	"5"	"48"
"17:25:00"	"2019-02-25"	"Wolverhampton"	"Griggy (IRE)"	"2.00"	"3.2"	"Handicap"	"4"	"11"	"Kirby, Adam"	"DArcy, P W"	"5f "	"3"	"68"
"20:25:00"	"2019-02-21"	"Chelmsford City"	"Classic Charm"	"6.00"	"8.24"	"Handicap"	"3"	"6"	"Kelly, Shane"	"Ivory, D K"	"1m "	"4"	"26"
"18:40:00"	"2019-02-21"	"Wolverhampton"	"Klass Action (IRE)"	"8.00"	"9.8"	"Handicap"	"7"	"8"	"Morris, Luke"	"Prescott, Sir Mark"	"6f "	"3"	"41"
"17:20:00"	"2019-02-21"	"Southwell"	"Kyllukey"	"5.50"	"7"	"Handicap"	"4"	"13"	"Ladd, Theodore"	"Wallis, Charlie"	"5f "	"6"	"29"
"14:25:00"	"2019-02-21"	"Southwell"	"Act Of Magic (IRE)"	"4.00"	"5.72"	"Handicap"	"8"	"14"	"ONeill, K T"	"Moubarak, Mohamed"	"1m "	"3"	"33"
"16:20:00"	"2019-02-20"	"Newcastle"	"Call Out Loud"	"14.00"	"16"	"Handicap"	"1"	"7"	"Egan, John"	"Appleby, M"	"1m "	"7"	"39"
"15:10:00"	"2019-02-20"	"Newcastle"	"Breathless Times"	"7.50"	"9.6"	"Handicap"	"5"	"9"	"McNamara, Adam"	"Charlton, Roger/Harry"	"7f "	"4"	"51"
"14:00:00"	"2019-02-20"	"Newcastle"	"Champarisi"	"8.00"	"9.94"	"Handicap"	"5"	"10"	"James, S H"	"Tuer, Grant"	"1m4.5f "	"4"	"30"
"17:30:00"	"2019-02-18"	"Newcastle"	"Secret Picnic (FR)"	"2.75"	"3.81"	"Handicap"	"3"	"6"	"Hart, Jason"	"Quinn, J J"	"5f "	"3"	"117"
"19:45:00"	"2019-02-16"	"Kempton"	"Pipes Of Peace (IRE)"	"3.00"	"4.46"	"Handicap"	"4"	"6"	"Murphy, Oisin"	"Durack, S"	"1m4f "	"5"	"64"
"17:45:00"	"2019-02-16"	"Kempton"	"Nylon Speed (IRE)"	"5.00"	"7.6"	"Handicap"	"3"	"12"	"Probert, David"	"King, A"	"1m4f "	"5"	"29"
"16:25:00"	"2019-02-16"	"Lingfield"	"Vin Dhonneur (IRE)"	"6.00"	"8.87"	"Handicap"	"2"	"11"	"Levey, S M"	"Williams, S C"	"1m4f "	"3"	"36"
"15:15:00"	"2019-02-16"	"Lingfield"	"Spring Romance (IRE)"	"2.00"	"3.4"	"Handicap"	"4"	"6"	"Kirby, Adam"	"Ivory, D K"	"5f "	"4"	"213"
"19:15:00"	"2019-02-15"	"Newcastle"	"Queen Of Kalahari"	"14.00"	"19"	"Handicap"	"7"	"9"	"Sullivan, James P"	"Eyre, J L"	"6f "	"4"	"44"
"18:30:00"	"2019-02-15"	"Dundalk"	"Mulzamm (IRE)"	"5.00"	"7"	"Handicap"	"2"	"14"	"Cleary, R P"	"Hogan, Denis Gerard"	"1m "	"7"	"35"
"17:15:00"	"2019-02-15"	"Newcastle"	"Thunder Buddy"	"10.00"	"15.35"	"Handicap"	"3"	"11"	"Fisher, Jonathan"	"Burke, K R"	"7f "	"4"	"33"
"16:15:00"	"2019-02-15"	"Lingfield"	"Elysees Palace"	"0.50"	"1.58"	"Handicap"	"2"	"6"	"Morris, Luke"	"Prescott, Sir Mark"	"1m4f "	"5"	"29"
"19:30:00"	"2019-02-14"	"Chelmsford City"	"Bollihope"	"4.00"	"5.45"	"Handicap"	"4"	"7"	"Hart, Jason"	"Keightley, S L"	"1m2f "	"7"	"31"
"17:15:00"	"2019-02-13"	"Kempton"	"Sheldon Cooper (IRE)"	"5.00"	"6.62"	"Handicap"	"6"	"12"	"Cronin, S C"	"Dennis, David"	"1m3f "	"6"	"54"
"18:15:00"	"2019-02-06"	"Wolverhampton"	"True Destiny"	"4.00"	"5.36"	"Handicap"	"3"	"5"	"McNamara, Adam"	"Charlton, Roger/Harry"	"1m6f "	"4"	"69"
"17:10:00"	"2019-02-06"	"Wolverhampton"	"Eye Of The Water (IRE)"	"3.50"	"4.71"	"Handicap"	"2"	"11"	"Mathers, Patrick"	"Harris, R A"	"6f "	"3"	"55"
"16:10:00"	"2019-02-05"	"Newcastle"	"Awesome Gal (IRE)"	"12.00"	"23.2"	"Handicap"	"9"	"10"	"Morris, Luke"	"Prescott, Sir Mark"	"1m4.5f "	"5"	"25"
"19:15:00"	"2019-02-02"	"Kempton"	"Lucky Deal"	"2.00"	"3.5"	"Handicap"	"2"	"6"	"Norton, Francis"	"Johnston, M"	"2m "	"4"	"44"
"16:05:00"	"2019-02-02"	"Lingfield"	"Murray River (USA)"	"0.91"	"2.03"	"Handicap"	"1"	"4"	"Dettori, L"	"Gosden, J H M"	"1m2f "	"3"	"87"
"16:10:00"	"2019-02-01"	"Wolverhampton"	"Francophilia"	"6.00"	"7.73"	"Handicap"	"4"	"9"	"Breslin, Andrew"	"Johnston, M"	"1m1.5f "	"4"	"29"
"16:40:00"	"2019-01-31"	"Newcastle"	"Mansfield"	"9.00"	"11"	"Handicap"	"8"	"8"	"Bridgwater, Poppy"	"Barclay, Stella"	"6f "	"6"	"35"
"19:45:00"	"2019-01-30"	"Wolverhampton"	"Jeremys Jet (IRE)"	"3.50"	"5.6"	"Handicap"	"5"	"13"	"Probert, David"	"Carroll, A W"	"1m.5f "	"8"	"26"
"19:15:00"	"2019-01-30"	"Wolverhampton"	"Imbucato"	"33.00"	"53.62"	"Handicap"	"6"	"12"	"Downing, George"	"Carroll, A W"	"7f "	"5"	"113"
"17:45:00"	"2019-01-29"	"Wolverhampton"	"Holy Tiber (IRE)"	"14.00"	"20.36"	"Handicap"	"7"	"12"	"Haynes, Joey"	"Howling, P"	"7f "	"4"	"29"
"16:35:00"	"2019-01-29"	"Wolverhampton"	"Blyton Lass"	"12.00"	"15.66"	"Handicap"	"3"	"12"	"McHugh, B"	"Given, J G"	"1m.5f "	"4"	"110"
"17:15:00"	"2019-01-26"	"Chelmsford City"	"Pindaric"	"16.00"	"25.9"	"Handicap"	"2"	"10"	"Ingram, Rhiain B"	"Carroll, D"	"7f "	"5"	"42"
"20:30:00"	"2019-01-25"	"Dundalk"	"Lunastar (IRE)"	"6.50"	"8.67"	"Handicap"	"10"	"14"	"Foley, Shane"	"Flynn, Paul W"	"7f "	"5"	"37"
"18:30:00"	"2019-01-25"	"Dundalk"	"Colfer Me (IRE)"	"1.25"	"2.36"	"Handicap"	"1"	"8"	"Foley, Shane"	"OBrien, Joseph Patrick"	"1m "	"3"	"42"
"13:45:00"	"2019-01-25"	"Lingfield"	"Keep It Country Tv"	"3.33"	"4.5"	"Handicap"	"6"	"12"	"Bradley, Paddy"	"Phelan, P M"	"1m "	"3"	"28"
"13:15:00"	"2019-01-25"	"Lingfield"	"Multitask"	"10.00"	"13.5"	"Handicap"	"6"	"11"	"Kirby, Adam"	"Moore, Gary and Josh"	"1m "	"9"	"170"
"15:10:00"	"2019-01-23"	"Lingfield"	"Planetoid (IRE)"	"20.00"	"29"	"Handicap"	"10"	"14"	"Hornby, Rob"	"Best, Jim/Suzi"	"2m "	"11"	"33"
"19:45:00"	"2019-01-22"	"Newcastle"	"Rock Warbler (IRE)"	"10.00"	"13"	"Handicap"	"8"	"13"	"Rodriguez, Callum"	"Mullineaux, M"	"6f "	"6"	"116"
"16:10:00"	"2019-01-22"	"Newcastle"	"Red Tornado (FR)"	"50.00"	"98.2"	"Handicap"	"7"	"8"	"Fanning, Joe"	"Fairhurst, C W"	"2m.5f "	"7"	"154"
"18:45:00"	"2019-01-19"	"Wolverhampton"	"Fflur"	"11.00"	"15.61"	"Handicap"	"6"	"12"	"Lee, Clifford"	"Burke, K R"	"1m.5f "	"3"	"39"
"14:35:00"	"2019-01-19"	"Lingfield"	"Forseti"	"3.00"	"4.7"	"Handicap"	"1"	"3"	"Bryan, Joshua"	"Balding, A M"	"1m "	"3"	"148"
"13:25:00"	"2019-01-19"	"Lingfield"	"Sheberghan (IRE)"	"8.00"	"11.4"	"Handicap"	"3"	"6"	"Greatrex, Edward"	"Watson, Archie"	"1m2f "	"4"	"210"
"13:25:00"	"2019-01-19"	"Lingfield"	"Maybe Today"	"5.00"	"6.8"	"Handicap"	"6"	"6"	"Havlin, Robert"	"Crisford, Simon"	"1m2f "	"4"	"47"
"19:30:00"	"2019-01-18"	"Dundalk"	"Confrontational (IRE)"	"10.00"	"11.7"	"Handicap"	"1"	"14"	"Foley, Shane"	"Murphy, John Joseph"	"1m "	"5"	"28"
"19:15:00"	"2019-01-18"	"Kempton"	"Tangramm"	"16.00"	"24.21"	"Handicap"	"11"	"12"	"Winston, Robert"	"Ivory, D K"	"1m3f "	"7"	"139"
"18:15:00"	"2019-01-18"	"Kempton"	"My Dear Friend"	"3.33"	"4.7"	"Handicap"	"2"	"4"	"Kingscote, Richard"	"Beckett, R M"	"1m "	"3"	"221"
"16:55:00"	"2019-01-17"	"Newcastle"	"Rich Approach (IRE)"	"1.63"	"2.69"	"Handicap"	"1"	"8"	"McDonald, P J"	"Bethell, J D"	"7f "	"3"	"29"
"16:30:00"	"2019-01-16"	"Kempton"	"Gas Monkey"	"7.00"	"8.68"	"Handicap"	"2"	"13"	"Birkett, Shelley"	"Feilden, Miss J"	"1m "	"4"	"93"
"18:45:00"	"2019-01-15"	"Kempton"	"Fivetwoeight"	"8.00"	"10"	"Handicap"	"4"	"6"	"Morris, Luke"	"Chapple-Hyam, P W"	"6f "	"5"	"80"
"12:50:00"	"2019-01-12"	"Lingfield"	"Spiced"	"20.00"	"31.43"	"Handicap"	"6"	"7"	"Prince,Mr P "	"Hodges, R J"	"1m "	"4"	"100"
"18:15:00"	"2019-01-11"	"Wolverhampton"	"Flaming Marvel (IRE)"	"0.91"	"1.96"	"Handicap"	"1"	"8"	"Probert, David"	"Fanshawe, J R"	"1m4f "	"5"	"35"
"16:10:00"	"2019-01-11"	"Wolverhampton"	"Big Bad Lol (IRE)"	"3.50"	"4.96"	"Handicap"	"2"	"13"	"Stammers, Oliver"	"Walker, Ed"	"1m.5f "	"5"	"30"
"13:10:00"	"2019-01-11"	"Lingfield"	"Dancing Jo"	"2.25"	"3.45"	"Handicap"	"1"	"9"	"Bishop, Charles"	"Channon, M R"	"1m "	"3"	"51"
"19:25:00"	"2019-01-10"	"Chelmsford City"	"Lumen"	"7.00"	"9.8"	"Handicap"	"8"	"11"	"Hornby, Rob"	"Charlton, Roger/Harry"	"1m6f "	"4"	"38"
"19:45:00"	"2019-01-09"	"Kempton"	"Human Nature (IRE)"	"1.88"	"3.15"	"Handicap"	"5"	"9"	"Birkett, Mr R"	"Williams, S C"	"6f "	"6"	"41"
"17:15:00"	"2019-01-08"	"Newcastle"	"Equitation"	"9.00"	"11"	"Handicap"	"3"	"10"	"Dwyer, Martin"	"Williams, S C"	"5f "	"5"	"88"
"15:40:00"	"2019-01-08"	"Newcastle"	"River Glades"	"14.00"	"16.5"	"Handicap"	"3"	"6"	"Sullivan, James P"	"Tate, T P"	"2m.5f "	"4"	"189"
"18:15:00"	"2019-01-05"	"Kempton"	"Addicted To You (IRE)"	"18.00"	"34"	"Handicap"	"8"	"11"	"Hart, Jason"	"Johnston, M"	"2m "	"5"	"210"
"16:45:00"	"2019-01-05"	"Kempton"	"Pot Luck"	"14.00"	"19.03"	"Handicap"	"12"	"13"	"Probert, David"	"Balding, A M"	"1m "	"3"	"143"
"16:50:00"	"2019-01-04"	"Kempton"	"Altaira"	"14.00"	"18.5"	"Handicap"	"9"	"14"	"Norton, Francis"	"Carroll, A W"	"1m4f "	"8"	"51"
"14:00:00"	"2019-01-03"	"Southwell"	"Liamba"	"9.00"	"12.5"	"Handicap"	"3"	"9"	"McGovern, C J"	"OMeara, D"	"6f "	"4"	"78"
"18:45:00"	"2019-01-02"	"Newcastle"	"Nick Vedder"	"5.50"	"7.4"	"Handicap"	"1"	"9"	"Hardie, Cameron"	"Wigham, M"	"6f "	"5"	"28"
"17:45:00"	"2019-01-02"	"Newcastle"	"Man Of Verve (IRE)"	"3.50"	"5.1"	"Handicap"	"4"	"8"	"Mitchell, Jack"	"Kirby, P A"	"1m "	"5"	"25"
"14:20:00"	"2019-01-01"	"Southwell"	"The Great Wall (USA)"	"3.50"	"4.77"	"Handicap"	"8"	"8"	"Morris, Luke"	"Appleby, M"	"7f "	"5"	"165"
"20:15:00"	"2018-10-31"	"Kempton"	"Goldslinger (FR)"	"20.00"	"32.39"	"Handicap"	"10"	"13"	"Bryan, Joshua"	"Moore, Gary and Josh"	"1m4f "	"6"	"140"
"19:45:00"	"2018-10-31"	"Kempton"	"Welsh Lord"	"4.00"	"5.76"	"Handicap"	"2"	"5"	"Cox, William"	"Suroor, Saeed Bin"	"1m4f "	"3"	"36"
"19:15:00"	"2018-10-31"	"Kempton"	"Seinesational"	"14.00"	"20"	"Handicap"	"1"	"9"	"Watson, Jason"	"Knight, W J"	"2m "	"3"	"36"
"18:45:00"	"2018-10-30"	"Wolverhampton"	"Safarhi"	"5.50"	"7.23"	"Handicap"	"8"	"13"	"Harley, M"	"King, A"	"1m6f "	"3"	"44"
"20:15:00"	"2018-10-29"	"Chelmsford City"	"Look Surprised"	"7.00"	"8.5"	"Handicap"	"5"	"9"	"Cox, William"	"Teal, R A"	"5f "	"5"	"28"
"20:45:00"	"2018-10-27"	"Kempton"	"We Know (IRE)"	"7.00"	"8.98"	"Handicap"	"7"	"13"	"Buick, William"	"Crisford, Simon"	"1m4f "	"3"	"35"
"20:15:00"	"2018-10-26"	"Kempton"	"Sayem"	"6.50"	"8.33"	"Handicap"	"1"	"14"	"Keniry, L P"	"Walker, Ed"	"7f "	"4"	"26"
"18:45:00"	"2018-10-25"	"Chelmsford City"	"Equidae"	"25.00"	"44"	"Handicap"	"7"	"11"	"Marquand, Tom"	"Tate, James"	"7f "	"3"	"27"
"19:30:00"	"2018-10-24"	"Chelmsford City"	"Magicinthemaking (USA)"	"20.00"	"44"	"Handicap"	"1"	"11"	"Doyle, Hollie"	"Long, J E"	"6f "	"4"	"201"
"17:15:00"	"2018-10-24"	"Newcastle"	"Praeceps (IRE)"	"20.00"	"24.42"	"Handicap"	"1"	"9"	"Morris, Luke"	"Prescott, Sir Mark"	"2m.5f "	"3"	"32"
"17:15:00"	"2018-10-24"	"Newcastle"	"Grecian Spirit"	"1.88"	"2.96"	"Handicap"	"3"	"9"	"Allan, David"	"Tate, James"	"2m.5f "	"3"	"30"
"19:40:00"	"2018-10-23"	"Kempton"	"Equally Fast"	"9.00"	"13.25"	"Handicap"	"11"	"11"	"Probert, David"	"Harris, R A"	"6f "	"6"	"102"
"18:40:00"	"2018-10-23"	"Kempton"	"Billy Star"	"11.00"	"16.98"	"Handicap"	"4"	"14"	"ONeill, K T"	"Fox, J C"	"1m "	"3"	"52"
"21:10:00"	"2018-10-22"	"Kempton"	"Langley Vale"	"16.00"	"20.23"	"Handicap"	"7"	"10"	"Currie, Nicola"	"Teal, R A"	"6f "	"9"	"30"
"18:45:00"	"2018-10-20"	"Wolverhampton"	"Team Decision (IRE)"	"6.00"	"7.8"	"Handicap"	"7"	"10"	"Crouch, Hector"	"Suroor, Saeed Bin"	"1m4f "	"3"	"49"
"19:15:00"	"2018-10-19"	"Newcastle"	"Chosen World"	"3.50"	"5.13"	"Handicap"	"3"	"13"	"Rodriguez, Callum"	"Camacho, Miss J A"	"7f "	"4"	"25"
"17:45:00"	"2018-10-19"	"Newcastle"	"Dream Poet"	"7.50"	"10.5"	"Handicap Nursery"	"2"	"8"	"Garritty, Jack"	"OKeeffe, Jedd"	"1m "	"2"	"27"
"20:00:00"	"2018-10-18"	"Wolverhampton"	"Lady Of Authority"	"14.00"	"17.5"	"Handicap"	"6"	"11"	"Brock, Danny"	"Phillips, R T"	"1m.5f "	"3"	"31"
"19:45:00"	"2018-10-17"	"Newcastle"	"Spray The Sea (IRE)"	"6.00"	"7.89"	"Handicap"	"1"	"12"	"Hamilton, Tony"	"Fahey, R A"	"1m "	"3"	"32"
"19:45:00"	"2018-10-16"	"Kempton"	"Silverturnstogold"	"8.00"	"10.5"	"Handicap"	"1"	"14"	"Marquand, Tom"	"Carroll, A W"	"1m "	"3"	"41"
"17:45:00"	"2018-10-16"	"Kempton"	"Jeopardy John"	"8.00"	"9.8"	"Handicap"	"8"	"10"	"Probert, David"	"Attwater, M J"	"6f "	"3"	"44"
"21:15:00"	"2018-10-15"	"Kempton"	"Spiritual Man (IRE)"	"12.00"	"17"	"Handicap"	"2"	"12"	"Berry, F M"	"ONeill, Jonjo and AJ"	"1m3f "	"6"	"40"
"19:45:00"	"2018-10-13"	"Chelmsford City"	"Bobby K (IRE)"	"4.50"	"10"	"Handicap"	"1"	"10"	"Mitchell, Jack"	"Crisford, Simon"	"1m "	"3"	"207"
"20:45:00"	"2018-10-12"	"Wolverhampton"	"Decoration Of War (IRE)"	"1.25"	"2.32"	"Handicap"	"1"	"11"	"Fresu, A"	"Gansera-Leveque, Mrs Ilka"	"1m.5f "	"3"	"25"
"19:15:00"	"2018-10-12"	"Wolverhampton"	"Cotton Club (IRE)"	"50.00"	"115.57"	"Handicap"	"6"	"11"	"Cox, William"	"Mitchell, N R"	"1m4f "	"7"	"32"
"20:40:00"	"2018-10-10"	"Kempton"	"Its A Wish"	"33.00"	"75.35"	"Handicap"	"10"	"11"	"Murphy, Oisin"	"Channon, M R"	"6f "	"3"	"116"
"19:10:00"	"2018-10-10"	"Kempton"	"Redgrave (IRE)"	"3.00"	"4.5"	"Handicap"	"6"	"14"	"Bishop, Charles"	"Tuite, Joseph"	"7f "	"4"	"25"
"19:15:00"	"2018-10-09"	"Newcastle"	"Luzum (IRE)"	"22.00"	"25.17"	"Handicap"	"12"	"13"	"Evans, Nathan"	"Easterby, M W"	"5f "	"3"	"140"
"17:10:00"	"2018-10-09"	"Newcastle"	"Trautmann (IRE)"	"10.00"	"13.2"	"Handicap"	"1"	"13"	"Mosse, G"	"Menzies, Rebecca"	"1m4.5f "	"4"	"28"
"19:15:00"	"2018-10-08"	"Kempton"	"Blue Reflection"	"8.00"	"10.3"	"Handicap"	"1"	"12"	"Muscutt, D"	"Fanshawe, J R"	"1m4f "	"3"	"35"
"19:15:00"	"2018-10-06"	"Wolverhampton"	"Regina Pacis (IRE)"	"2.75"	"4.08"	"Handicap"	"5"	"7"	"Shoemark, Kieran"	"Charlton, Roger/Harry"	"1m.5f "	"3"	"43"
"18:45:00"	"2018-10-06"	"Wolverhampton"	"Major Partnership (IRE)"	"0.80"	"1.86"	"Handicap"	"1"	"8"	"Watson, Jason"	"Suroor, Saeed Bin"	"6f "	"3"	"50"
"21:15:00"	"2018-10-05"	"Wolverhampton"	"Screaming Gemini (IRE)"	"16.00"	"23.23"	"Handicap"	"2"	"13"	"Kingscote, Richard"	"Brown, D H"	"1m.5f "	"4"	"135"
"21:15:00"	"2018-10-05"	"Wolverhampton"	"Retribution"	"14.00"	"19.49"	"Handicap"	"12"	"13"	"Donohoe, Stephen"	"Lanigan, D R"	"1m.5f "	"4"	"31"
"19:15:00"	"2018-10-05"	"Wolverhampton"	"Desert Lantern (USA)"	"18.00"	"25.81"	"Handicap Nursery"	"2"	"10"	"Norton, Francis"	"Johnston, M"	"7f "	"2"	"56"
"19:00:00"	"2018-10-05"	"Dundalk"	"Rita Levi (IRE)"	"3.00"	"4.5"	"Handicap Nursery"	"10"	"12"	"Keane, C T"	"Lyons, G M"	"7f "	"2"	"28"
"20:15:00"	"2018-10-04"	"Chelmsford City"	"Spiced"	"2.00"	"3.3"	"Handicap"	"4"	"11"	"Jones, Liam"	"Haggas, W J"	"1m2f "	"3"	"26"
"19:45:00"	"2018-10-04"	"Chelmsford City"	"Intermodal"	"4.00"	"5.82"	"Handicap"	"2"	"11"	"Bishop, Charles"	"Tuite, Joseph"	"1m2f "	"4"	"169"
"16:30:00"	"2018-10-04"	"Lingfield"	"Bella Ferrari"	"16.00"	"24.04"	"Handicap"	"7"	"13"	"Bentley, Harry"	"Scott, George"	"7f "	"3"	"30"
"20:15:00"	"2018-10-01"	"Kempton"	"Parting Clouds"	"5.50"	"11.5"	"Handicap"	"11"	"13"	"Watson, Jason"	"Suroor, Saeed Bin"	"1m3f "	"3"	"31"
"20:00:00"	"2018-09-28"	"Dundalk"	"The Kid Bobby B"	"10.00"	"11.5"	"Handicap"	"8"	"11"	"Carroll, G F"	"Lyons, G M"	"1m4f "	"3"	"42"
"17:45:00"	"2018-09-28"	"Newcastle"	"Coral Queen"	"5.00"	"6.4"	"Handicap"	"2"	"9"	"Sullivan, James P"	"Craggs, R"	"1m4.5f "	"7"	"28"
"20:45:00"	"2018-09-27"	"Kempton"	"Breath Caught"	"4.00"	"5.72"	"Handicap"	"1"	"5"	"Bentley, Harry"	"Beckett, R M"	"1m3f "	"3"	"68"
"20:45:00"	"2018-09-27"	"Kempton"	"Spanish Archer (FR)"	"3.50"	"4.83"	"Handicap"	"2"	"5"	"Muscutt, D"	"Fanshawe, J R"	"1m3f "	"3"	"27"
"21:15:00"	"2018-09-26"	"Wolverhampton"	"Sicario (IRE)"	"12.00"	"17"	"Handicap"	"3"	"10"	"Currie, Nicola"	"Osborne, J A"	"1m1.5f "	"3"	"25"
"20:45:00"	"2018-09-25"	"Chelmsford City"	"Avocet (USA)"	"10.00"	"32.74"	"Handicap"	"6"	"11"	"Morris, Luke"	"Humphrey, Mrs S J"	"1m6f "	"5"	"164"
"15:10:00"	"2018-09-25"	"Lingfield"	"Moans Cross (USA)"	"5.00"	"18.02"	"Handicap"	"3"	"8"	"Bridgwater, Poppy"	"Bridgwater, D G"	"2m "	"4"	"29"
"13:30:00"	"2018-09-25"	"Lingfield"	"Hellovaqueen"	"50.00"	"84.74"	"Handicap"	"8"	"11"	"Kelly, Shane"	"Hughes, Richard"	"1m "	"3"	"39"
"21:00:00"	"2018-09-24"	"Newcastle"	"Bibbidibobbidiboo (IRE)"	"25.00"	"44.62"	"Handicap"	"2"	"10"	"Hamilton, Tony"	"Duffield, Mrs A"	"7f "	"3"	"36"
"17:30:00"	"2018-09-24"	"Newcastle"	"Cross My Mind (IRE)"	"3.00"	"4.37"	"Handicap"	"1"	"9"	"Bentley, Harry"	"Beckett, R M"	"1m4.5f "	"3"	"30"
"15:10:00"	"2018-09-24"	"Kempton"	"Appointment Only"	"8.00"	"11.5"	"Handicap"	"11"	"11"	"Sousa, Silvestre De"	"Mulholland, N P"	"1m2f "	"5"	"34"
"17:05:00"	"2018-09-22"	"Chelmsford City"	"Cristal Spirit"	"4.50"	"6.61"	"Handicap"	"5"	"10"	"Cox, Georgia"	"Haggas, W J"	"1m5.5f "	"3"	"142"
"20:00:00"	"2018-09-21"	"Dundalk"	"Uncle Henry (IRE)"	"5.00"	"6.6"	"Handicap"	"6"	"11"	"Crosse, S M"	"OBrien, Joseph Patrick"	"1m4f "	"4"	"46"
"17:30:00"	"2018-09-18"	"Kempton"	"Oliver Reed (IRE)"	"10.00"	"11.34"	"Handicap"	"7"	"10"	"Marquand, Tom"	"Hannon (Jnr), Richard"	"6f "	"3"	"101"
"16:35:00"	"2018-09-15"	"Chelmsford City"	"Manthoor (IRE)"	"3.00"	"4"	"Handicap"	"2"	"10"	"Watson, Jason"	"Burrows, Owen"	"1m "	"3"	"70"
"15:40:00"	"2018-09-15"	"Lingfield"	"Mamillius"	"10.00"	"14.71"	"Handicap"	"2"	"8"	"Kelly, Shane"	"Baker, George"	"7f "	"5"	"25"
"20:15:00"	"2018-09-12"	"Kempton"	"Moving Forward (IRE)"	"2.75"	"3.94"	"Handicap"	"1"	"8"	"Watson, Jason"	"Suroor, Saeed Bin"	"1m4f "	"3"	"26"
"20:45:00"	"2018-09-08"	"Wolverhampton"	"Safarhi"	"0.57"	"1.66"	"Handicap"	"5"	"11"	"Harley, M"	"King, A"	"1m4f "	"3"	"27"
"17:35:00"	"2018-09-08"	"Kempton"	"Envisaging (IRE)"	"25.00"	"34.53"	"Handicap"	"8"	"12"	"Muscutt, D"	"Fanshawe, J R"	"7f "	"4"	"70"
"17:00:00"	"2018-09-08"	"Kempton"	"Podemos (GER)"	"5.50"	"7"	"Handicap"	"1"	"10"	"Bentley, Harry"	"Beckett, R M"	"1m3f "	"3"	"29"
"15:50:00"	"2018-09-08"	"Kempton"	"Zoffee"	"4.50"	"6.4"	"Handicap Nursery"	"5"	"7"	"Crouch, Hector"	"Dascombe, Tom"	"1m "	"2"	"29"
"16:00:00"	"2018-09-07"	"Newcastle"	"Khanmurjan (USA)"	"7.50"	"9.2"	"Handicap Nursery"	"3"	"9"	"Mitchell, Jack"	"Dunlop, E A L"	"1m "	"2"	"38"
"16:10:00"	"2018-09-05"	"Lingfield"	"Moretti (IRE)"	"11.00"	"18.88"	"Handicap"	"4"	"11"	"Atzeni, Andrea"	"Eyre, J L"	"1m2f "	"3"	"27"
"20:45:00"	"2018-09-04"	"Kempton"	"Allofmelovesallofu"	"7.00"	"12.4"	"Handicap"	"8"	"12"	"Watson, Jason"	"Cunningham-Brown, K O"	"1m4f "	"4"	"27"
"18:45:00"	"2018-09-04"	"Kempton"	"Happy Escape"	"12.00"	"17"	"Handicap"	"4"	"10"	"Probert, David"	"Carroll, A W"	"7f "	"4"	"65"
"14:45:00"	"2018-02-28"	"Wolverhampton"	"Shamlan (IRE)"	"6.00"	"9.6"	"Handicap"	"1"	"10"	"Costello, Dougie"	"Frost, Kevin"	"1m.5f "	"6"	"38"
"19:45:00"	"2018-02-24"	"Wolverhampton"	"Carp Kid (IRE)"	"6.00"	"7.51"	"Handicap"	"3"	"7"	"Cox, William"	"Flint, J L"	"1m.5f "	"3"	"29"
"17:45:00"	"2018-02-24"	"Wolverhampton"	"Dazeekha"	"20.00"	"28"	"Handicap"	"1"	"11"	"Sullivan, James P"	"Herrington,M "	"6f "	"5"	"46"
"17:00:00"	"2018-02-24"	"Lingfield"	"Ban Shoof"	"4.00"	"5.98"	"Handicap"	"2"	"11"	"Moore, Ryan"	"Moore, Gary and Josh"	"1m2f "	"5"	"36"
"17:45:00"	"2018-02-23"	"Wolverhampton"	"Jan Steen (IRE)"	"2.25"	"3.86"	"Handicap"	"7"	"13"	"Burns, Harry"	"Levins, J F"	"6f "	"5"	"168"
"18:45:00"	"2018-02-21"	"Kempton"	"Sonnetist"	"12.00"	"15.6"	"Handicap"	"10"	"11"	"Berry, F M"	"Evans, P D"	"1m4f "	"4"	"30"
"17:45:00"	"2018-02-21"	"Kempton"	"Ertidaad (IRE)"	"16.00"	"21"	"Handicap"	"1"	"14"	"Burns, Harry"	"Best, Jim/Suzi"	"1m "	"6"	"68"
"17:25:00"	"2018-02-21"	"Newcastle"	"Traveller (FR)"	"25.00"	"27.63"	"Handicap"	"9"	"14"	"Hardie, Cameron"	"Brittain, Antony"	"7f "	"4"	"119"
"18:50:00"	"2018-02-19"	"Kempton"	"Magic Mirror"	"2.50"	"3.9"	"Handicap"	"1"	"7"	"Hornby, Rob"	"Rimell, M G"	"7f "	"5"	"26"
"20:15:00"	"2018-02-17"	"Kempton"	"Dangerous Ends"	"5.00"	"8.48"	"Handicap"	"4"	"10"	"Shepherd, Callum"	"Johnson, B R"	"1m "	"4"	"78"
"19:45:00"	"2018-02-17"	"Kempton"	"Wimpole Hall"	"1.88"	"3.05"	"Handicap"	"3"	"9"	"Gordon, Josephine"	"Jarvis, W"	"1m3f "	"5"	"30"
"19:45:00"	"2018-02-17"	"Kempton"	"Camakasi (IRE)"	"14.00"	"20.7"	"Handicap"	"5"	"9"	"Doyle, Hollie"	"Stronge, Ali"	"1m3f "	"7"	"146"
"18:45:00"	"2018-02-17"	"Kempton"	"Bahamian Heights"	"25.00"	"48.67"	"Handicap"	"8"	"10"	"Brock, Danny"	"McEntee, P S"	"6f "	"7"	"27"
"16:40:00"	"2018-02-17"	"Lingfield"	"Father Ailbe (IRE)"	"5.00"	"6.91"	"Handicap"	"1"	"12"	"Keniry, L P"	"Butler, John"	"1m4f "	"3"	"36"
"20:45:00"	"2018-02-16"	"Newcastle"	"Breathoffreshair"	"1.63"	"3.05"	"Handicap"	"5"	"9"	"Makin, Phillip"	"Guest, R C"	"6f "	"4"	"28"
"19:45:00"	"2018-02-14"	"Wolverhampton"	"Cherry Oak (IRE)"	"3.50"	"5.07"	"Handicap"	"4"	"7"	"Gordon, Josephine"	"Haslam, B M R"	"5f "	"3"	"26"
"16:50:00"	"2018-02-14"	"Lingfield"	"Victoriously"	"8.00"	"11.48"	"Handicap"	"3"	"14"	"Kelly, Shane"	"Brown, Andi"	"1m2f "	"6"	"39"
"17:40:00"	"2018-02-12"	"Wolverhampton"	"Battle Lines"	"2.50"	"3.58"	"Handicap"	"2"	"8"	"Murphy, Oisin"	"Tate, James"	"1m1.5f "	"3"	"32"
"19:45:00"	"2018-02-09"	"Newcastle"	"Honey Badger"	"10.00"	"13.91"	"Handicap"	"11"	"13"	"Garbutt, Noel"	"Herrington,M "	"1m "	"7"	"32"
"18:30:00"	"2018-02-08"	"Chelmsford City"	"Ahfad"	"10.00"	"14.1"	"Handicap"	"7"	"10"	"Morris, Luke"	"Williams, S C"	"1m2f "	"3"	"70"
"19:25:00"	"2018-02-07"	"Wolverhampton"	"Critical Thinking (IRE)"	"1.63"	"2.89"	"Handicap"	"3"	"11"	"Donohoe, Stephen"	"Loughnane, David"	"1m.5f "	"4"	"35"
"16:30:00"	"2018-02-07"	"Chelmsford City"	"Muthraab Aldaar (IRE)"	"3.00"	"4.4"	"Handicap"	"3"	"9"	"Mitchell, Jack"	"Boyle, J R"	"1m "	"5"	"25"
"20:00:00"	"2018-02-02"	"Dundalk"	"Jon Ess (IRE)"	"3.00"	"3.85"	"Handicap"	"1"	"11"	"Lee, W J"	"ODwyer, Conor"	"7f "	"4"	"93"
"13:30:00"	"2018-02-02"	"Lingfield"	"Assanilka (FR)"	"2.25"	"3.45"	"Handicap"	"2"	"6"	"Crouch, Hector"	"Dunlop, H J L"	"1m "	"4"	"27"
"15:00:00"	"2018-01-31"	"Chelmsford City"	"William Hunter"	"8.00"	"9.17"	"Handicap"	"7"	"7"	"Dwyer, Martin"	"King, A"	"1m6f "	"6"	"43"
"18:00:00"	"2018-01-26"	"Dundalk"	"Clear Skies"	"1.38"	"2.82"	"Handicap"	"1"	"8"	"OBrien, Donnacha"	"OBrien, A P"	"1m2.5f "	"5"	"49"
"15:30:00"	"2018-01-26"	"Lingfield"	"De Vegas Kid (IRE)"	"7.00"	"11"	"Handicap"	"6"	"8"	"Downing, George"	"Carroll, A W"	"6f "	"4"	"144"
"18:45:00"	"2018-01-24"	"Kempton"	"Magic Mirror"	"3.50"	"6.59"	"Handicap"	"6"	"14"	"Marquand, Tom"	"Rimell, M G"	"1m "	"5"	"35"
"19:20:00"	"2018-01-22"	"Wolverhampton"	"Wonderfillo (IRE)"	"8.00"	"9.8"	"Handicap"	"2"	"9"	"Shoemark, Kieran"	"OMeara, D"	"1m1.5f "	"4"	"35"
"18:30:00"	"2018-01-19"	"Dundalk"	"Rock On Dandy (FR)"	"6.50"	"9.6"	"Handicap"	"6"	"14"	"Linehan, Denis"	"Birrane, F"	"1m2.5f "	"4"	"29"
"14:30:00"	"2018-01-19"	"Lingfield"	"Kachy"	"3.00"	"5.88"	"Handicap"	"1"	"9"	"Kingscote, Richard"	"Dascombe, Tom"	"6f "	"5"	"129"
"17:55:00"	"2018-01-18"	"Chelmsford City"	"Desert Fox"	"14.00"	"23.61"	"Handicap"	"1"	"14"	"Kelly, Shane"	"Murphy, Mike"	"6f "	"4"	"36"
"14:50:00"	"2018-01-17"	"Lingfield"	"Widnes"	"4.00"	"5.69"	"Handicap"	"5"	"9"	"Berry, F M"	"Bailey, A"	"1m5f "	"4"	"25"
"20:30:00"	"2018-01-12"	"Dundalk"	"Dragon Girl (IRE)"	"9.00"	"13.5"	"Handicap"	"12"	"12"	"Madden, Tom"	"Harrington, Mrs John"	"7f "	"3"	"82"
"20:00:00"	"2018-01-12"	"Dundalk"	"Peace Mission (IRE)"	"25.00"	"44.73"	"Handicap"	"5"	"14"	"Crosse, Nathan"	"Mullins, Thomas"	"7f "	"6"	"70"
"12:50:00"	"2018-01-12"	"Lingfield"	"Sotomayor"	"7.00"	"10.81"	"Handicap"	"9"	"9"	"Levey, S M"	"Hannon (Jnr), Richard"	"1m "	"3"	"51"
"12:20:00"	"2018-01-12"	"Lingfield"	"Star Story"	"1.50"	"2.64"	"Handicap"	"1"	"5"	"Murphy, Oisin"	"Beckett, R M"	"1m4f "	"4"	"27"
"20:00:00"	"2018-01-11"	"Chelmsford City"	"With Hindsight (IRE)"	"5.00"	"7.4"	"Handicap"	"2"	"8"	"Eaves, Tom"	"Gollings, S"	"1m5.5f "	"10"	"201"
"20:00:00"	"2018-01-11"	"Chelmsford City"	"Arcadian Sea (IRE)"	"1.88"	"2.92"	"Handicap"	"4"	"8"	"Winston, Robert"	"Jarvis, W"	"1m5.5f "	"4"	"35"
"19:30:00"	"2018-01-11"	"Chelmsford City"	"Western Way (IRE)"	"3.00"	"4.44"	"Handicap"	"1"	"8"	"Kirby, Adam"	"Cantillon, D E"	"2m "	"9"	"26"
"19:00:00"	"2018-01-11"	"Chelmsford City"	"Dutch Uncle"	"6.00"	"8"	"Handicap"	"4"	"8"	"Kirby, Adam"	"Watson, Archie"	"1m2f "	"6"	"26"
"15:00:00"	"2018-01-11"	"Newcastle"	"Somnambulist"	"7.00"	"9.8"	"Handicap"	"2"	"9"	"Hart, Jason"	"Dalgleish, Keith"	"1m4.5f "	"4"	"83"
"17:45:00"	"2018-01-10"	"Kempton"	"Becca Campbell (IRE)"	"16.00"	"19.83"	"Handicap"	"8"	"13"	"Greatrex, Edward"	"Houghton, Eve Johnson"	"1m3f "	"5"	"112"
"19:15:00"	"2018-01-08"	"Wolverhampton"	"Ray Purchase"	"4.50"	"6.6"	"Handicap"	"3"	"10"	"Mullen, Andrew"	"Dalgleish, Keith"	"7f "	"3"	"81"
"17:45:00"	"2018-01-08"	"Wolverhampton"	"Jack Bear"	"5.50"	"7.15"	"Handicap"	"1"	"11"	"Murphy, Oisin"	"Teal, R A"	"1m6f "	"7"	"85"
"15:30:00"	"2018-01-06"	"Lingfield"	"Iconic Belle"	"25.00"	"44.21"	"Handicap"	"5"	"10"	"Bradley, Paddy"	"Channon, M R"	"1m2f "	"4"	"132"
"13:45:00"	"2018-01-06"	"Lingfield"	"Towerlands Park (IRE)"	"2.50"	"4"	"Handicap"	"5"	"7"	"Noble, Cameron"	"Bell, M L W"	"1m2f "	"5"	"35"
"12:05:00"	"2018-01-06"	"Lingfield"	"Joes Spirit (IRE)"	"12.00"	"16.1"	"Handicap"	"2"	"5"	"Noble, Cameron"	"Bell, M L W"	"1m "	"3"	"100"
"20:15:00"	"2018-01-05"	"Kempton"	"Temeraire (FR)"	"12.00"	"14.25"	"Handicap"	"9"	"11"	"Mitchell, Jack"	"Palmer, Hugo"	"6f "	"4"	"30"
"20:00:00"	"2018-01-05"	"Dundalk"	"Sbraase"	"9.00"	"10"	"Handicap"	"4"	"14"	"OConnor, Donagh"	"Levins, J F"	"1m2.5f "	"7"	"30"
"13:55:00"	"2018-01-04"	"Wolverhampton"	"Papa Stour (USA)"	"0.83"	"1.96"	"Handicap"	"1"	"7"	"Murphy, Oisin"	"Balding, A M"	"7f "	"3"	"29"
"15:35:00"	"2018-01-02"	"Newcastle"	"Lawless Secret"	"4.50"	"6"	"Handicap"	"3"	"6"	"Mullen, Andrew"	"Crisford, Simon"	"1m4.5f "	"4"	"66"
"19:40:00"	"2017-10-31"	"Wolverhampton"	"Peace And Plenty"	"1.75"	"2.81"	"Handicap"	"2"	"13"	"Norton, Francis"	"Muir, W R"	"1m1.5f "	"3"	"26"
"19:15:00"	"2017-10-28"	"Wolverhampton"	"Akula (IRE)"	"50.00"	"193.9"	"Handicap"	"9"	"12"	"Elliott, Jane"	"Leavy, B D"	"1m4f "	"10"	"211"
"20:30:00"	"2017-10-27"	"Dundalk"	"Nimitz (IRE)"	"10.00"	"12.5"	"Handicap"	"4"	"14"	"McDonogh, D P"	"OBrien, Charles"	"1m2.5f "	"3"	"28"
"19:45:00"	"2017-10-26"	"Chelmsford City"	"Muhajjal"	"33.00"	"46.46"	"Handicap"	"11"	"14"	"Donohoe, Stephen"	"Peckham, George"	"1m "	"3"	"119"
"20:20:00"	"2017-10-25"	"Kempton"	"North Creek"	"20.00"	"27"	"Handicap"	"6"	"14"	"Wood, George"	"Wall, C F"	"7f "	"4"	"36"
"20:20:00"	"2017-10-25"	"Kempton"	"Noble Conquest (FR)"	"5.00"	"6.45"	"Handicap"	"14"	"14"	"Murphy, Oisin"	"Stoute, Sir Michael"	"7f "	"3"	"81"
"18:50:00"	"2017-10-25"	"Kempton"	"Glendun (USA)"	"14.00"	"22"	"Handicap"	"1"	"13"	"Tate, Ryan"	"Eustace, J M P"	"1m "	"3"	"109"
"18:50:00"	"2017-10-25"	"Kempton"	"Lucymai"	"20.00"	"31.63"	"Handicap"	"13"	"13"	"Winston, Robert"	"Ivory, D K"	"1m "	"4"	"149"
"18:45:00"	"2017-10-21"	"Wolverhampton"	"Forgotten Hero (IRE)"	"66.00"	"95.29"	"Handicap"	"10"	"12"	"Murphy, Timmy"	"Bailey, K C"	"1m4f "	"8"	"59"
"19:45:00"	"2017-10-20"	"Newcastle"	"See You Mush"	"7.00"	"8.42"	"Handicap"	"2"	"13"	"Beschizza,Adam "	"Gansera-Leveque, Mrs Ilka"	"7f "	"3"	"51"
"19:00:00"	"2017-10-20"	"Dundalk"	"Border Prince"	"3.50"	"5.29"	"Handicap"	"8"	"13"	"Keane, C T"	"Murphy, John Joseph"	"7f "	"3"	"28"
"17:45:00"	"2017-10-19"	"Newcastle"	"Maghfoor"	"16.00"	"19.38"	"Handicap"	"7"	"13"	"Stott, Kevin"	"Suroor, Saeed Bin"	"1m4.5f "	"3"	"42"
"17:05:00"	"2017-10-18"	"Lingfield"	"Hamidans Girl (IRE)"	"7.50"	"9.8"	"Handicap"	"6"	"8"	"Norton, Francis"	"Dalgleish, Keith"	"6f "	"3"	"36"
"16:30:00"	"2017-10-18"	"Lingfield"	"Jumping Around (IRE)"	"5.00"	"6.18"	"Handicap"	"9"	"11"	"Fernandes, Manuel"	"Williams, Ian"	"6f "	"3"	"25"
"13:50:00"	"2017-10-18"	"Lingfield"	"Sardenya (IRE)"	"7.00"	"9.6"	"Handicap Nursery"	"1"	"12"	"Shoemark, Kieran"	"Charlton, Roger/Harry"	"7f "	"2"	"54"
"13:50:00"	"2017-10-18"	"Lingfield"	"Song Of Summer"	"10.00"	"15.19"	"Handicap Nursery"	"3"	"12"	"Greatrex, Edward"	"Watson, Archie"	"7f "	"2"	"42"
"21:15:00"	"2017-10-13"	"Kempton"	"Prosecution"	"4.00"	"5.35"	"Handicap"	"8"	"11"	"Winston, Robert"	"Morrison, H"	"1m4f "	"3"	"39"
"20:45:00"	"2017-10-13"	"Kempton"	"Under Control (IRE)"	"3.50"	"4.8"	"Handicap"	"3"	"10"	"Harley, M"	"Haggas, W J"	"1m "	"3"	"27"
"19:30:00"	"2017-10-13"	"Dundalk"	"Miss Snossyboots (IRE)"	"16.00"	"20"	"Handicap"	"2"	"14"	"Hoban, Connor"	"Halford, M"	"1m4f "	"3"	"50"
"21:15:00"	"2017-10-12"	"Chelmsford City"	"Gold Class"	"9.00"	"11.51"	"Handicap"	"7"	"11"	"Shoemark, Kieran"	"Murphy, Olly"	"2m "	"6"	"41"
"20:25:00"	"2017-10-11"	"Kempton"	"Lucky Clover"	"16.00"	"28.15"	"Handicap"	"7"	"10"	"Gordon, Josephine"	"Saunders, M S"	"6f "	"6"	"63"
"17:55:00"	"2017-10-10"	"Newcastle"	"Steccando (IRE)"	"20.00"	"25.45"	"Handicap"	"7"	"14"	"Hamilton, Tony"	"Haynes, Sally"	"1m4.5f "	"4"	"28"
"18:55:00"	"2017-10-09"	"Kempton"	"Secret Soul"	"4.50"	"6.29"	"Handicap"	"3"	"13"	"Bentley, Harry"	"Beckett, R M"	"1m4f "	"3"	"84"
"21:15:00"	"2017-10-07"	"Wolverhampton"	"Babette (IRE)"	"3.50"	"5.36"	"Handicap"	"8"	"11"	"Bryan, Joshua"	"Bailey, A"	"1m1.5f "	"3"	"51"
"19:15:00"	"2017-10-07"	"Wolverhampton"	"Mouchee (IRE)"	"20.00"	"27.27"	"Handicap Nursery"	"5"	"13"	"Cosham, Matthew"	"Evans, P D"	"1m.5f "	"2"	"31"
"21:00:00"	"2017-10-06"	"Dundalk"	"Thomas Omalley (IRE)"	"25.00"	"36.17"	"Handicap"	"6"	"14"	"Heffernan, J A"	"OBrien, Joseph Patrick"	"1m4f "	"3"	"35"
"20:45:00"	"2017-10-06"	"Chelmsford City"	"Celtic Artisan (IRE)"	"6.00"	"9.94"	"Handicap"	"3"	"10"	"Murphy, Oisin"	"Menzies, Rebecca"	"1m "	"6"	"27"
"20:30:00"	"2017-10-06"	"Dundalk"	"Blankiedoodie"	"12.00"	"17.61"	"Handicap"	"9"	"14"	"OConnor, Donagh"	"McConnell, John C"	"1m "	"4"	"73"
"20:45:00"	"2017-10-05"	"Chelmsford City"	"Love Conquers (JPN)"	"8.00"	"10.92"	"Handicap"	"6"	"14"	"Murphy, Oisin"	"Beckett, R M"	"1m2f "	"3"	"40"
"19:40:00"	"2017-10-04"	"Kempton"	"Dont Give Up"	"3.00"	"4.32"	"Handicap"	"5"	"14"	"Murphy, Oisin"	"Suroor, Saeed Bin"	"1m "	"3"	"26"
"21:10:00"	"2017-10-03"	"Kempton"	"Hepplewhite"	"9.00"	"11.92"	"Handicap"	"1"	"14"	"Dwyer, Martin"	"Muir, W R"	"1m4f "	"4"	"33"
"18:55:00"	"2017-10-03"	"Dundalk"	"Tennessee Rose (IRE)"	"25.00"	"48.91"	"Handicap"	"13"	"14"	"Sheehy, Danny"	"Keatley, Adrian Paul"	"7f "	"3"	"33"
"19:50:00"	"2017-09-30"	"Chelmsford City"	"Udontdodou"	"3.50"	"5.38"	"Handicap"	"1"	"10"	"Beasley, Connor"	"Guest, R C"	"5f "	"4"	"67"
"19:50:00"	"2017-09-30"	"Chelmsford City"	"Handytalk (IRE)"	"14.00"	"21.89"	"Handicap"	"4"	"10"	"Murphy, Oisin"	"Millman, B R"	"5f "	"4"	"32"
"18:20:00"	"2017-09-30"	"Chelmsford City"	"Archimento"	"11.00"	"16.17"	"Handicap"	"2"	"10"	"Crouch, Hector"	"Hide, Philip"	"1m2f "	"4"	"25"
"19:15:00"	"2017-09-29"	"Newcastle"	"Valentino Boy (IRE)"	"10.00"	"14.22"	"Handicap"	"2"	"14"	"Curtis, B A"	"Ellison, B"	"7f "	"3"	"56"
"19:15:00"	"2017-09-29"	"Newcastle"	"Whitkirk"	"12.00"	"14.96"	"Handicap"	"7"	"14"	"Garritty, Jack"	"OKeeffe, Jedd"	"7f "	"4"	"31"
"18:15:00"	"2017-09-29"	"Newcastle"	"Excel Again"	"2.50"	"3.46"	"Handicap"	"3"	"10"	"Morris, Luke"	"Tate, James"	"1m "	"3"	"60"
"20:45:00"	"2017-09-28"	"Chelmsford City"	"Mutineer"	"10.00"	"15.34"	"Handicap"	"6"	"11"	"Downing, George"	"Kubler, Daniel"	"1m2f "	"3"	"42"
"20:45:00"	"2017-09-28"	"Chelmsford City"	"Scribner Creek (IRE)"	"33.00"	"110.21"	"Handicap"	"8"	"11"	"Bennett, Charlie"	"Quinn, Denis P"	"1m2f "	"4"	"126"
"20:45:00"	"2017-09-28"	"Chelmsford City"	"Miss Mirabeau"	"8.00"	"12.32"	"Handicap"	"10"	"11"	"Morris, Luke"	"Prescott, Sir Mark"	"1m2f "	"3"	"26"
"19:45:00"	"2017-09-28"	"Chelmsford City"	"Agnethe (IRE)"	"12.00"	"18.37"	"Handicap"	"7"	"10"	"Marquand, Tom"	"DArcy, P W"	"7f "	"3"	"37"
"20:40:00"	"2017-09-27"	"Kempton"	"Stone The Crows"	"8.50"	"11.37"	"Handicap"	"6"	"10"	"Bentley, Harry"	"Charlton, Roger/Harry"	"1m3f "	"3"	"39"
"21:10:00"	"2017-09-26"	"Chelmsford City"	"Harlequin Rose (IRE)"	"25.00"	"52.4"	"Handicap"	"10"	"13"	"Probert, David"	"Chamings, P R"	"6f "	"3"	"38"
"19:40:00"	"2017-09-26"	"Chelmsford City"	"Harba (IRE)"	"7.00"	"9.2"	"Handicap"	"7"	"10"	"Murphy, Oisin"	"Haggas, W J"	"1m "	"3"	"36"
"21:00:00"	"2017-09-22"	"Dundalk"	"Konig Hall"	"8.50"	"14.5"	"Handicap"	"2"	"13"	"McGovern, C J"	"McCann, Anthony"	"1m2.5f "	"9"	"28"
"21:00:00"	"2017-09-22"	"Dundalk"	"Trump Card (IRE)"	"3.50"	"6.4"	"Handicap"	"3"	"13"	"Lee, W J"	"ODwyer, Conor"	"1m2.5f "	"4"	"85"
"19:15:00"	"2017-09-22"	"Newcastle"	"Sosian"	"6.00"	"7.73"	"Handicap Nursery"	"7"	"10"	"McNamara, Adam"	"Fahey, R A"	"6f "	"2"	"54"
"18:15:00"	"2017-09-22"	"Newcastle"	"Molten Lava (IRE)"	"20.00"	"25.67"	"Handicap"	"9"	"12"	"Quinn, Jimmy"	"Kirby, P A"	"1m4.5f "	"5"	"42"
"19:15:00"	"2017-09-21"	"Chelmsford City"	"Blue On Blue (USA)"	"4.00"	"7.23"	"Handicap"	"4"	"14"	"Dettori, L"	"Gosden, J H M"	"7f "	"3"	"78"
"21:15:00"	"2017-09-13"	"Kempton"	"Free Forum (IRE)"	"5.50"	"7.82"	"Handicap"	"3"	"11"	"Bentley, Harry"	"Simcock, D M"	"1m4f "	"3"	"33"
"18:45:00"	"2017-09-13"	"Kempton"	"Gold Club"	"20.00"	"22.01"	"Handicap"	"7"	"13"	"Cosgrave, Pat"	"Clover, Tom"	"7f "	"6"	"26"
"18:45:00"	"2017-09-12"	"Newcastle"	"Humble Hero (IRE)"	"1.25"	"2.34"	"Handicap"	"1"	"5"	"Cosgrave, Pat"	"Haggas, W J"	"1m4.5f "	"3"	"66"
"17:00:00"	"2017-09-09"	"Kempton"	"Marylebone"	"6.00"	"6.64"	"Handicap"	"3"	"11"	"Cosgrave, Pat"	"Walker, Ed"	"7f "	"4"	"133"
"21:20:00"	"2017-09-08"	"Kempton"	"Jack Bear"	"12.00"	"17"	"Handicap"	"6"	"13"	"Berry, F M"	"Whittington, H"	"2m "	"6"	"95"
"20:20:00"	"2017-09-08"	"Kempton"	"Western Duke (IRE)"	"25.00"	"37.55"	"Handicap"	"1"	"13"	"Murphy, Oisin"	"Beckett, R M"	"1m3f "	"3"	"39"
"15:25:00"	"2017-09-08"	"Newcastle"	"Weellan"	"8.00"	"10"	"Handicap Nursery"	"2"	"8"	"Quinn, Jimmy"	"Quinn, J J"	"1m "	"2"	"27"
"15:25:00"	"2017-09-08"	"Newcastle"	"Footsteps Forever (IRE)"	"9.00"	"13.81"	"Handicap Nursery"	"3"	"8"	"Norton, Francis"	"Johnston, M"	"1m "	"2"	"45"
"19:50:00"	"2017-09-05"	"Kempton"	"Exceed The Limit"	"7.00"	"10.52"	"Handicap"	"1"	"7"	"Marquand, Tom"	"Cowell, R M H"	"6f "	"4"	"27"
"19:50:00"	"2017-09-05"	"Kempton"	"Razin Hell"	"12.00"	"14.01"	"Handicap"	"7"	"7"	"Edmunds, Lewis"	"Balding, J"	"6f "	"6"	"46"
"18:50:00"	"2017-09-05"	"Kempton"	"Quothquan (FR)"	"5.00"	"7.29"	"Handicap"	"10"	"11"	"Wood, George"	"Madgwick, M"	"1m "	"3"	"83"
"20:20:00"	"2017-09-02"	"Chelmsford City"	"Fantasy Keeper"	"16.00"	"28.5"	"Handicap"	"8"	"9"	"Morris, Luke"	"Appleby, M"	"7f "	"3"	"43"
"20:45:00"	"2017-02-25"	"Wolverhampton"	"Coquine"	"8.00"	"10.51"	"Handicap"	"6"	"12"	"Kirby, Adam"	"OMeara, D"	"7f "	"4"	"46"
"17:00:00"	"2017-02-25"	"Lingfield"	"Fire Tree (IRE)"	"1.63"	"3.02"	"Handicap"	"3"	"11"	"Donohoe, Stephen"	"Fellowes, Charlie"	"1m2f "	"4"	"222"
"18:15:00"	"2017-02-24"	"Wolverhampton"	"Tred Softly (IRE)"	"2.75"	"4.07"	"Handicap"	"4"	"9"	"Hart, Jason"	"Quinn, J J"	"1m6f "	"4"	"38"
"19:15:00"	"2017-02-22"	"Kempton"	"Hes My Cracker"	"5.50"	"7.13"	"Handicap"	"8"	"10"	"Crouch, Hector"	"Cox, C G"	"6f "	"4"	"78"
"17:05:00"	"2017-02-22"	"Lingfield"	"Synodic (USA)"	"3.50"	"4.9"	"Handicap"	"1"	"13"	"ONeill, Jonjo (Jr)"	"Durack, S"	"1m2f "	"5"	"44"
"16:20:00"	"2017-02-20"	"Wolverhampton"	"Berlios (IRE)"	"3.50"	"4.57"	"Handicap"	"2"	"10"	"Makin, Phillip"	"Barron, T D"	"6f "	"4"	"25"
"16:20:00"	"2017-02-20"	"Wolverhampton"	"Inshaa"	"8.00"	"11"	"Handicap"	"5"	"10"	"Eaves, Tom"	"Herrington,M "	"6f "	"5"	"175"
"16:20:00"	"2017-02-20"	"Wolverhampton"	"Tadaawol"	"5.00"	"7.4"	"Handicap"	"8"	"10"	"McDonald, P J"	"Fell, R / Murray, S"	"6f "	"4"	"73"
"15:10:00"	"2017-02-20"	"Wolverhampton"	"John Caesar (IRE)"	"25.00"	"46.62"	"Handicap"	"10"	"11"	"Scott, Rowan"	"Bastiman, Rebecca"	"1m1.5f "	"6"	"37"
"19:45:00"	"2017-02-18"	"Kempton"	"Bargain Buy"	"3.50"	"5.53"	"Handicap"	"10"	"13"	"Cox, Georgia"	"Haggas, W J"	"7f "	"4"	"63"
"15:30:00"	"2017-02-18"	"Lingfield"	"Doctor Sardonicus"	"4.00"	"5.2"	"Handicap"	"7"	"7"	"Harley, M"	"Simcock, D M"	"6f "	"6"	"44"
"16:55:00"	"2017-02-17"	"Newcastle"	"Inaam (IRE)"	"10.00"	"13"	"Handicap"	"1"	"11"	"Hanagan, Paul"	"Fahey, R A"	"1m "	"4"	"45"
"19:00:00"	"2017-02-16"	"Chelmsford City"	"Duke Street (IRE)"	"9.00"	"13.29"	"Handicap"	"1"	"9"	"Morris, Luke"	"Newland, Dr R D P"	"2m "	"5"	"91"
"16:30:00"	"2017-02-15"	"Wolverhampton"	"Oceane (FR)"	"6.00"	"7.69"	"Handicap"	"9"	"11"	"Harley, M"	"King, A"	"2m.5f "	"5"	"151"
"16:10:00"	"2017-02-14"	"Newcastle"	"Realize"	"10.00"	"11.15"	"Handicap"	"7"	"13"	"Levey, S M"	"Williams, S C"	"7f "	"7"	"38"
"16:10:00"	"2017-02-14"	"Newcastle"	"Tatlisu (IRE)"	"14.00"	"24"	"Handicap"	"11"	"13"	"Hamilton, Tony"	"Fahey, R A"	"7f "	"7"	"33"
"17:50:00"	"2017-02-13"	"Wolverhampton"	"Declamation (IRE)"	"7.50"	"13.16"	"Handicap"	"9"	"12"	"Winston, Robert"	"Whillans, A C"	"7f "	"7"	"65"
"17:20:00"	"2017-02-13"	"Wolverhampton"	"Dream Ally (IRE)"	"2.50"	"3.9"	"Handicap"	"3"	"9"	"Morris, Luke"	"Weymes, J R"	"5f "	"7"	"48"
"15:20:00"	"2017-02-13"	"Wolverhampton"	"Marshgate Lane (USA)"	"6.00"	"7.77"	"Handicap"	"6"	"8"	"Kirby, Adam"	"Mulholland, N P"	"1m1.5f "	"8"	"25"
"20:30:00"	"2017-02-09"	"Chelmsford City"	"Captain Courageous (IRE)"	"2.50"	"3.69"	"Handicap"	"1"	"11"	"Baker, George"	"Walker, Ed"	"1m "	"4"	"30"
"16:15:00"	"2017-02-09"	"Lingfield"	"Hochfeld (IRE)"	"3.00"	"4.47"	"Handicap"	"4"	"6"	"McDonald, P J"	"Johnston, M"	"1m2f "	"3"	"45"
"16:40:00"	"2017-02-08"	"Chelmsford City"	"Duck A Lorange (IRE)"	"4.00"	"5.79"	"Handicap"	"5"	"7"	"Steward, Louis"	"Bell, M L W"	"1m5.5f "	"4"	"33"
"14:00:00"	"2017-02-08"	"Chelmsford City"	"Randalls Alannah (IRE)"	"7.00"	"10"	"Handicap"	"2"	"15"	"McGovern, C J"	"Fahey, Seamus"	"1m "	"7"	"74"
"16:50:00"	"2017-02-06"	"Wolverhampton"	"Tartan Bute"	"3.33"	"4.9"	"Handicap"	"1"	"5"	"Fanning, Joe"	"Johnston, M"	"1m6f "	"4"	"185"
"16:50:00"	"2017-02-06"	"Wolverhampton"	"Come Back King (IRE)"	"0.83"	"1.88"	"Handicap"	"3"	"5"	"Curtis, B A"	"Appleby, M"	"1m6f "	"4"	"27"
"16:20:00"	"2017-02-06"	"Wolverhampton"	"Indian Pursuit (IRE)"	"3.33"	"4.74"	"Handicap"	"2"	"12"	"Hart, Jason"	"Quinn, J J"	"6f "	"4"	"84"
"14:20:00"	"2017-02-06"	"Wolverhampton"	"George Cinq"	"14.00"	"16.23"	"Handicap"	"6"	"9"	"Murphy, Oisin"	"Scott, George"	"7f "	"7"	"184"
"20:15:00"	"2017-02-03"	"Kempton"	"Ruby Wednesday"	"7.00"	"8.84"	"Handicap"	"1"	"8"	"Fox, Kieren"	"Best, J R"	"1m4f "	"4"	"30"
"14:00:00"	"2017-02-03"	"Lingfield"	"Tabla"	"4.50"	"5.5"	"Handicap"	"3"	"4"	"Fox, Kieren"	"Carter, Lee"	"1m "	"5"	"27"
"20:30:00"	"2017-02-02"	"Chelmsford City"	"La Fortuna"	"5.00"	"16.81"	"Handicap"	"8"	"9"	"Morris, Luke"	"Wallis, Charlie"	"6f "	"4"	"44"
"16:50:00"	"2017-02-01"	"Kempton"	"Elusive Cowboy (USA)"	"16.00"	"19.92"	"Handicap"	"12"	"12"	"Donohoe, Stephen"	"Edmunds, Stuart"	"1m3f "	"4"	"27"
"16:25:00"	"2017-02-01"	"Newcastle"	"Medicine Hat"	"2.75"	"4.2"	"Handicap"	"4"	"8"	"James, S H"	"Fife, Mrs Marjorie"	"1m4.5f "	"6"	"29"
"16:20:00"	"2017-01-31"	"Wolverhampton"	"Party Tiger"	"7.00"	"9.6"	"Handicap"	"5"	"5"	"Hamilton, Tony"	"Fahey, R A"	"1m.5f "	"3"	"26"
"21:15:00"	"2017-01-28"	"Kempton"	"Stand Guard"	"8.00"	"11"	"Handicap"	"1"	"10"	"Keniry, L P"	"Butler, John"	"1m4f "	"13"	"30"
"19:45:00"	"2017-01-28"	"Kempton"	"Keystroke"	"1.38"	"2.62"	"Handicap"	"1"	"13"	"Kirby, Adam"	"Noseda, J"	"7f "	"5"	"38"
"16:10:00"	"2017-01-27"	"Lingfield"	"General Hazard (IRE)"	"2.75"	"3.95"	"Handicap"	"2"	"11"	"James, Mr B"	"Bell, M L W"	"1m4f "	"4"	"36"
"19:00:00"	"2017-01-26"	"Wolverhampton"	"Charismatic Man (IRE)"	"0.80"	"1.88"	"Handicap"	"4"	"7"	"ODonnell, P C"	"Beckett, R M"	"2m.5f "	"4"	"29"
"15:20:00"	"2017-01-26"	"Southwell"	"Cool Echo"	"6.50"	"8.35"	"Handicap"	"5"	"7"	"Beasley, Connor"	"Jenkins, J R"	"6f "	"3"	"25"
"17:15:00"	"2017-01-25"	"Newcastle"	"Dusty Bin"	"4.00"	"5.75"	"Handicap"	"6"	"8"	"Mullen, Andrew"	"Moss, Garry"	"7f "	"3"	"27"
"16:45:00"	"2017-01-25"	"Newcastle"	"Mr Sundowner (USA)"	"4.50"	"6.06"	"Handicap"	"6"	"12"	"Doyle, Hollie"	"Storey, W"	"1m "	"5"	"26"
"14:40:00"	"2017-01-25"	"Lingfield"	"Shan Dun Na Ngall (IRE)"	"1.20"	"2.19"	"Handicap"	"1"	"7"	"Baker, George"	"Murphy, Amy"	"2m "	"6"	"29"
"16:30:00"	"2017-01-23"	"Wolverhampton"	"Be My Sea (IRE)"	"11.00"	"12"	"Handicap"	"6"	"9"	"Downing, George"	"Carroll, A W"	"1m4f "	"6"	"106"
"21:15:00"	"2017-01-21"	"Newcastle"	"Curzon Line"	"3.50"	"4.6"	"Handicap"	"3"	"12"	"Evans, Nathan"	"Easterby, M W"	"7f "	"8"	"30"
"21:15:00"	"2017-01-21"	"Newcastle"	"Win Lose Draw (IRE)"	"9.00"	"11.73"	"Handicap"	"5"	"12"	"Rawlinson, Ali"	"Appleby, M"	"7f "	"5"	"49"
"19:15:00"	"2017-01-21"	"Newcastle"	"Cadeau Magnifique"	"5.00"	"6.2"	"Handicap"	"8"	"14"	"Hamilton, Tony"	"Fahey, R A"	"1m "	"5"	"30"
"14:35:00"	"2017-01-21"	"Lingfield"	"Erhaaf (USA)"	"2.75"	"3.83"	"Handicap"	"7"	"7"	"Donohoe, Stephen"	"Fellowes, Charlie"	"1m4f "	"5"	"49"
"19:45:00"	"2017-01-20"	"Wolverhampton"	"Kay Sera"	"4.50"	"6.32"	"Handicap"	"5"	"11"	"Walsh, E J"	"Newcombe, A G"	"1m4f "	"9"	"25"
"19:00:00"	"2017-01-20"	"Dundalk"	"Windsorlot (IRE)"	"5.00"	"6.37"	"Handicap"	"12"	"14"	"Robinson, D"	"Bromhead, Henry De"	"1m "	"4"	"70"
"14:35:00"	"2017-01-20"	"Lingfield"	"Big Time (IRE)"	"5.00"	"6.55"	"Handicap"	"2"	"10"	"Harley, M"	"Ryan, K A"	"6f "	"6"	"91"
"14:35:00"	"2017-01-20"	"Lingfield"	"Robot Boy (IRE)"	"14.00"	"19.14"	"Handicap"	"7"	"10"	"Makin, Phillip"	"Barron, T D"	"6f "	"7"	"90"
"14:00:00"	"2017-01-19"	"Southwell"	"JacobS Pillow"	"16.00"	"21.14"	"Handicap"	"8"	"11"	"Scott, Rowan"	"Bastiman, Rebecca"	"6f "	"6"	"78"
"14:30:00"	"2017-01-18"	"Lingfield"	"Multigifted"	"7.00"	"10.22"	"Handicap"	"5"	"9"	"Keniry, L P"	"Madgwick, M"	"1m5f "	"4"	"35"
"16:10:00"	"2017-01-17"	"Kempton"	"Berrahri (IRE)"	"33.00"	"51.9"	"Handicap"	"7"	"12"	"Fox, Kieren"	"Best, J R"	"1m "	"6"	"192"
"15:05:00"	"2017-01-17"	"Kempton"	"Bahamian Dollar"	"14.00"	"20.9"	"Handicap"	"12"	"13"	"Mullen, Andrew"	"Evans, P D"	"7f "	"4"	"122"
"18:15:00"	"2017-01-14"	"Wolverhampton"	"Magic City (IRE)"	"4.00"	"5.78"	"Handicap"	"4"	"8"	"Evans, Nathan"	"Easterby, M W"	"1m.5f "	"8"	"42"
"13:25:00"	"2017-01-14"	"Lingfield"	"Memories Galore (IRE)"	"3.50"	"5.21"	"Handicap"	"5"	"10"	"Morris, Luke"	"Dunlop, H J L"	"6f "	"5"	"35"
"12:15:00"	"2017-01-14"	"Lingfield"	"Indigo Princess"	"5.00"	"6.57"	"Handicap"	"7"	"7"	"Morris, Luke"	"Appleby, M"	"1m "	"4"	"30"
"19:45:00"	"2017-01-13"	"Wolverhampton"	"Maroc"	"50.00"	"63.63"	"Handicap"	"5"	"6"	"Morris, Luke"	"Evans, Mrs N S"	"1m4f "	"4"	"30"
"19:30:00"	"2017-01-13"	"Dundalk"	"Arbourfield (IRE)"	"3.00"	"4.4"	"Handicap"	"1"	"13"	"Downey, R P"	"Dobbs, Mrs Prunella"	"7f "	"5"	"28"
"17:00:00"	"2017-01-13"	"Dundalk"	"Red All Star (IRE)"	"3.00"	"4.1"	"Handicap"	"10"	"14"	"Keane, C T"	"Keane, Gerard"	"5f "	"7"	"28"
"14:00:00"	"2017-01-12"	"Newcastle"	"Gorokai (IRE)"	"8.00"	"9.29"	"Handicap"	"8"	"9"	"Eaves, Tom"	"Simcock, D M"	"5f "	"4"	"58"
"17:45:00"	"2017-01-11"	"Kempton"	"Tempuran"	"16.00"	"21"	"Handicap"	"8"	"14"	"Hornby, Rob"	"Bridgwater, D G"	"1m3f "	"8"	"98"
"17:10:00"	"2017-01-10"	"Wolverhampton"	"Scribner Creek (IRE)"	"5.50"	"7.19"	"Handicap"	"3"	"11"	"Swift, Mr Dale"	"Loughnane, Daniel Mark"	"1m.5f "	"4"	"25"
"16:10:00"	"2017-01-10"	"Wolverhampton"	"Captain Courageous (IRE)"	"0.67"	"1.65"	"Handicap"	"2"	"8"	"Baker, George"	"Walker, Ed"	"1m1.5f "	"4"	"70"
"15:40:00"	"2017-01-10"	"Wolverhampton"	"Ardamir (FR)"	"1.88"	"3.21"	"Handicap"	"6"	"9"	"Kirby, Adam"	"King, A"	"1m4f "	"5"	"31"
"15:10:00"	"2017-01-10"	"Wolverhampton"	"Eurato (FR)"	"7.00"	"8.17"	"Handicap"	"2"	"8"	"Harley, M"	"Gollings, S"	"1m6f "	"7"	"208"
"16:05:00"	"2017-01-09"	"Wolverhampton"	"La Vie En Rose"	"5.00"	"7.22"	"Handicap"	"7"	"11"	"Fanning, Joe"	"Johnston, M"	"1m1.5f "	"3"	"56"
"15:00:00"	"2017-01-09"	"Wolverhampton"	"Dors Law"	"7.00"	"9.78"	"Handicap"	"8"	"11"	"Stanford, Lulu"	"Ivory, D K"	"1m1.5f "	"4"	"160"
"14:50:00"	"2017-01-09"	"Lingfield"	"Make Music"	"3.50"	"6.03"	"Handicap"	"7"	"7"	"Probert, David"	"Balding, A M"	"7f "	"4"	"184"
"13:55:00"	"2017-01-09"	"Wolverhampton"	"Showtime Blues"	"10.00"	"12.82"	"Handicap"	"3"	"9"	"Bennett, Charlie"	"Boyle, J R"	"7f "	"5"	"33"
"13:15:00"	"2017-01-09"	"Lingfield"	"Wasseem (IRE)"	"6.00"	"8.29"	"Handicap Maiden"	"5"	"12"	"Havlin, Robert"	"Crisford, Simon"	"7f "	"4"	"25"
"19:15:00"	"2017-01-07"	"Wolverhampton"	"Boychick (IRE)"	"1.75"	"2.58"	"Handicap"	"1"	"10"	"Kingscote, Richard"	"Walker, Ed"	"1m1.5f "	"4"	"121"
"20:15:00"	"2017-01-06"	"Wolverhampton"	"Lorikeet (USA)"	"2.75"	"3.72"	"Handicap"	"8"	"8"	"Mullen, Andrew"	"Johnston, M"	"1m1.5f "	"3"	"30"
"16:00:00"	"2017-01-06"	"Kempton"	"Ayr Of Elegance"	"11.00"	"15.06"	"Handicap"	"5"	"12"	"Baker, George"	"Hide, Philip"	"1m4f "	"5"	"150"
"14:30:00"	"2017-01-06"	"Kempton"	"Too Many Shots"	"4.00"	"5.8"	"Handicap"	"4"	"12"	"Fox, Kieren"	"Best, J R"	"1m "	"3"	"53"
"20:15:00"	"2017-01-05"	"Chelmsford City"	"Firmdecisions (IRE)"	"12.00"	"20"	"Handicap"	"2"	"9"	"Winston, Robert"	"Ivory, D K"	"7f "	"7"	"35"
"17:00:00"	"2017-01-05"	"Wolverhampton"	"Pushkin Museum (IRE)"	"28.00"	"51.95"	"Handicap"	"7"	"12"	"Garritty, Jack"	"Morris, Patrick"	"6f "	"6"	"107"
"14:10:00"	"2017-01-05"	"Southwell"	"Miss Tree"	"4.00"	"5.29"	"Handicap"	"5"	"10"	"Hart, Jason"	"Quinn, J J"	"1m4f "	"6"	"26"
"12:35:00"	"2017-01-05"	"Southwell"	"Baileys Pursuit"	"12.00"	"13.42"	"Handicap"	"11"	"12"	"Morris, Luke"	"Kelleway, Miss Gay"	"7f "	"5"	"26"
"16:15:00"	"2017-01-04"	"Wolverhampton"	"Dove Mountain (IRE)"	"28.00"	"40.24"	"Handicap"	"4"	"12"	"Bryan, Joshua"	"Murphy, Anabel K"	"1m1.5f "	"6"	"113"
"15:45:00"	"2017-01-04"	"Lingfield"	"Skylark Lady (IRE)"	"7.00"	"10.27"	"Handicap"	"5"	"9"	"Mackay, Nicky"	"Wigham, M"	"1m4f "	"4"	"50"
"16:40:00"	"2017-01-03"	"Newcastle"	"Playtothewhistle"	"14.00"	"16.38"	"Handicap"	"6"	"10"	"Morris, Luke"	"Appleby, M"	"7f "	"6"	"123"
"12:40:00"	"2017-01-02"	"Southwell"	"Not A Bad Oul Day (IRE)"	"3.00"	"4.58"	"Handicap"	"12"	"12"	"Nolan, D"	"Feane, John James"	"6f "	"5"	"66"
"14:20:00"	"2016-10-31"	"Kempton"	"Many Dreams (IRE)"	"7.00"	"8.16"	"Handicap"	"5"	"11"	"Gordon, Josephine"	"Usher, M D I"	"7f "	"3"	"41"
"20:10:00"	"2016-10-29"	"Chelmsford City"	"Stonecoldsoba"	"8.00"	"13.5"	"Handicap"	"3"	"7"	"Kirby, Adam"	"Evans, P D"	"1m5.5f "	"3"	"56"
"19:10:00"	"2016-10-29"	"Chelmsford City"	"Wentwell Yesterday (IRE)"	"8.00"	"10"	"Handicap Nursery"	"2"	"10"	"Carson, William"	"Osborne, J A"	"6f "	"2"	"28"
"15:45:00"	"2016-10-27"	"Lingfield"	"Peril"	"14.00"	"19.89"	"Handicap"	"14"	"14"	"Havlin, Robert"	"Crisford, Simon"	"7f "	"5"	"163"
"20:15:00"	"2016-10-26"	"Kempton"	"Isharah (USA)"	"6.50"	"7.8"	"Handicap"	"3"	"7"	"Kingscote, Richard"	"Johnston, M"	"1m4f "	"3"	"39"
"20:15:00"	"2016-10-26"	"Kempton"	"Red Rannagh (IRE)"	"1.20"	"2.23"	"Handicap"	"4"	"7"	"Spencer, Jamie"	"Simcock, D M"	"1m4f "	"3"	"35"
"18:30:00"	"2016-10-26"	"Dundalk"	"Balmont Blast (IRE)"	"12.00"	"24.65"	"Handicap"	"10"	"13"	"Orr, Oisin"	"Lynam, Edward"	"7f "	"5"	"73"
"18:15:00"	"2016-10-26"	"Kempton"	"Flutterbee"	"8.00"	"10.92"	"Handicap"	"14"	"14"	"Drowne, Steve"	"Baker, George"	"1m4f "	"4"	"99"
"19:05:00"	"2016-10-21"	"Dundalk"	"Ice Cold In Alex (IRE)"	"10.00"	"14.31"	"Handicap Nursery"	"1"	"12"	"Foley, Shane"	"Condon, K J"	"5f "	"2"	"39"
"21:10:00"	"2016-10-18"	"Kempton"	"Doctor Parkes"	"10.00"	"15.11"	"Handicap"	"4"	"11"	"Cosgrave, Pat"	"Williams, S C"	"6f "	"10"	"34"
"15:30:00"	"2016-10-18"	"Newcastle"	"Spanish City"	"3.50"	"4.7"	"Handicap"	"1"	"9"	"Bentley, Harry"	"Varian, Roger"	"6f "	"3"	"115"
"15:50:00"	"2016-10-16"	"Newcastle"	"Faiseur De Miracle"	"40.00"	"69.23"	"Handicap"	"10"	"10"	"Lee, G"	"Hammond, Micky"	"1m2f "	"4"	"156"
"21:15:00"	"2016-10-15"	"Wolverhampton"	"Mister Marcasite"	"10.00"	"15.34"	"Handicap"	"11"	"12"	"Cosgrave, Pat"	"Brittain, Antony"	"1m1.5f "	"6"	"25"
"21:05:00"	"2016-10-14"	"Dundalk"	"Royal Roslea"	"7.00"	"10.89"	"Handicap"	"5"	"12"	"Orr, Oisin"	"Smith, Matthew J"	"1m2.5f "	"4"	"47"
"17:50:00"	"2016-10-14"	"Newcastle"	"Airton"	"5.00"	"6.6"	"Handicap"	"2"	"11"	"Gordon, Josephine"	"Bethell, J D"	"1m4.5f "	"3"	"31"
"20:25:00"	"2016-10-12"	"Kempton"	"Owaseyf (USA)"	"3.50"	"5.15"	"Handicap"	"5"	"8"	"Atzeni, Andrea"	"Varian, Roger"	"7f "	"3"	"46"
"19:25:00"	"2016-10-10"	"Chelmsford City"	"Golden Reign (IRE)"	"10.00"	"12.49"	"Handicap"	"9"	"10"	"Curtis, B A"	"Haggas, W J"	"1m2f "	"3"	"40"
"18:55:00"	"2016-10-10"	"Chelmsford City"	"Blind Faith (IRE)"	"3.00"	"4.17"	"Handicap"	"3"	"7"	"Kirby, Adam"	"Cumani, L M"	"1m "	"3"	"29"
"18:55:00"	"2016-10-10"	"Chelmsford City"	"Ilzam (IRE)"	"4.50"	"6"	"Handicap"	"4"	"7"	"Atzeni, Andrea"	"Botti, M"	"1m "	"3"	"63"
"18:55:00"	"2016-10-10"	"Chelmsford City"	"Brick Lane"	"3.00"	"4.75"	"Handicap"	"5"	"7"	"Shepherd, Callum"	"Brisland, Robyn"	"1m "	"3"	"25"
"20:15:00"	"2016-10-08"	"Newcastle"	"Saxagogo"	"3.50"	"5.26"	"Handicap Nursery"	"4"	"14"	"McNamara, Adam"	"Scott, George"	"6f "	"2"	"26"
"19:15:00"	"2016-10-08"	"Newcastle"	"So Its War (FR)"	"20.00"	"26"	"Handicap"	"2"	"14"	"Beasley, Connor"	"Dalgleish, Keith"	"1m "	"5"	"122"
"19:10:00"	"2016-10-07"	"Newcastle"	"Imperial State"	"14.00"	"19.5"	"Handicap"	"5"	"13"	"Steward, Louis"	"Scott, George"	"1m "	"3"	"62"
"19:20:00"	"2016-10-05"	"Kempton"	"Rock Steady (IRE)"	"1.50"	"3.66"	"Handicap"	"2"	"8"	"Baker, George"	"Charlton, Roger/Harry"	"1m3f "	"3"	"29"
"18:50:00"	"2016-10-05"	"Kempton"	"Ripoll (IRE)"	"14.00"	"21"	"Handicap"	"1"	"14"	"Godwin, Mitch"	"Kirk, S"	"7f "	"3"	"27"
"18:50:00"	"2016-10-05"	"Kempton"	"Light From Mars"	"33.00"	"60"	"Handicap"	"6"	"14"	"Kelly, Shane"	"Harris, R A"	"7f "	"11"	"28"
"19:40:00"	"2016-10-01"	"Wolverhampton"	"City Chic (USA)"	"4.00"	"5.5"	"Handicap"	"4"	"7"	"Lane, Martin"	"Appleby, Charlie"	"1m.5f "	"3"	"57"
"20:35:00"	"2016-09-30"	"Dundalk"	"My Manekineko"	"8.00"	"12.62"	"Handicap"	"7"	"14"	"Roche, L F"	"Nash, J A"	"1m4f "	"7"	"33"
"20:05:00"	"2016-09-30"	"Dundalk"	"Chilli Spice (IRE)"	"16.00"	"19.52"	"Handicap"	"8"	"14"	"McCullagh, N G"	"Murtagh, J P"	"1m2.5f "	"3"	"32"
"18:50:00"	"2016-09-30"	"Newcastle"	"Bridal March"	"6.50"	"8.86"	"Handicap Nursery"	"10"	"10"	"Sousa, Silvestre De"	"Johnston, M"	"1m "	"2"	"56"
"20:40:00"	"2016-09-29"	"Chelmsford City"	"Tenerezza (IRE)"	"4.50"	"5.9"	"Handicap"	"4"	"12"	"Kelly, Shane"	"Lanigan, D R"	"1m2f "	"3"	"55"
"20:40:00"	"2016-09-29"	"Chelmsford City"	"Aurora Gray"	"8.00"	"8.48"	"Handicap"	"9"	"12"	"Fortune, Jimmy"	"Morrison, H"	"1m2f "	"3"	"34"
"21:10:00"	"2016-09-28"	"Kempton"	"Bridge Builder"	"10.00"	"15"	"Handicap"	"12"	"14"	"Bishop, Charles"	"Hedger, P R"	"7f "	"6"	"133"
"19:40:00"	"2016-09-28"	"Kempton"	"Tafaakhor (IRE)"	"8.00"	"12.54"	"Handicap Nursery"	"3"	"5"	"Hanagan, Paul"	"Hannon (Jnr), Richard"	"7f "	"2"	"55"
"21:15:00"	"2016-09-23"	"Newcastle"	"Sugar Town"	"3.50"	"5.34"	"Handicap"	"3"	"12"	"McNamara, Adam"	"Niven, P D"	"5f "	"6"	"28"
"17:45:00"	"2016-09-23"	"Newcastle"	"Hope Is High"	"1.63"	"2.65"	"Handicap"	"3"	"10"	"Gordon, Josephine"	"Berry, John"	"1m4.5f "	"3"	"34"
"20:15:00"	"2016-09-22"	"Chelmsford City"	"Choral Clan (IRE)"	"11.00"	"18.17"	"Handicap"	"4"	"12"	"Mitchell, Jack"	"Mitchell, P"	"1m2f "	"5"	"49"
"19:45:00"	"2016-09-22"	"Chelmsford City"	"Sober Up"	"4.50"	"6.68"	"Handicap"	"12"	"13"	"Harley, M"	"Furtado, Ivan"	"1m "	"4"	"105"
"18:45:00"	"2016-09-22"	"Chelmsford City"	"Iona Island"	"6.00"	"9.2"	"Handicap"	"5"	"11"	"Hanagan, Paul"	"Hills, Charles"	"1m5.5f "	"3"	"32"
"18:15:00"	"2016-09-22"	"Chelmsford City"	"Poets Society"	"20.00"	"29"	"Handicap Nursery"	"1"	"10"	"Mullen, Andrew"	"Johnston, M"	"6f "	"2"	"25"
"21:10:00"	"2016-09-21"	"Kempton"	"Assertive Agent"	"7.00"	"11.67"	"Handicap"	"1"	"11"	"Kirby, Adam"	"Carroll, A W"	"6f "	"6"	"47"
"20:10:00"	"2016-09-21"	"Kempton"	"Red Rannagh (IRE)"	"2.75"	"4.31"	"Handicap"	"3"	"8"	"Kelly, Shane"	"Simcock, D M"	"1m3f "	"3"	"25"
"17:40:00"	"2016-09-20"	"Lingfield"	"Santiburi Spring"	"8.00"	"13.21"	"Handicap"	"8"	"14"	"Fox, Kieren"	"Best, J R"	"1m2f "	"3"	"29"
"14:30:00"	"2016-09-20"	"Lingfield"	"Awesome Quality (USA)"	"2.50"	"3.64"	"Handicap"	"8"	"10"	"Morris, Luke"	"Tate, James"	"1m "	"3"	"39"
"19:25:00"	"2016-09-12"	"Wolverhampton"	"Little Choosey"	"12.00"	"19.69"	"Handicap"	"10"	"11"	"Rawlinson, Ali"	"Bowring, S R"	"1m4f "	"6"	"34"
"16:45:00"	"2016-09-12"	"Kempton"	"Tripartite (IRE)"	"8.00"	"12.6"	"Handicap"	"7"	"12"	"Tylicki, Frederik"	"Gask, J R"	"1m "	"3"	"53"
"16:45:00"	"2016-09-12"	"Kempton"	"Ravens Quest"	"6.00"	"8.6"	"Handicap"	"12"	"12"	"Baker, George"	"Morrison, H"	"1m "	"3"	"46"
"18:20:00"	"2016-09-03"	"Wolverhampton"	"Al Khafji"	"20.00"	"24.46"	"Handicap"	"5"	"13"	"Parkes, D A"	"Gask, J R"	"1m.5f "	"3"	"85"
"17:25:00"	"2016-09-03"	"Kempton"	"Brasted (IRE)"	"33.00"	"98.8"	"Handicap"	"12"	"15"	"Bradley, Paddy"	"Carter, Lee"	"1m3f "	"4"	"54"
"20:00:00"	"2016-09-02"	"Kempton"	"Lord George (IRE)"	"1.75"	"2.8"	"Handicap"	"1"	"8"	"Queally, T P"	"Fanshawe, J R"	"1m3f "	"3"	"55"
"20:00:00"	"2016-09-02"	"Kempton"	"Power Game"	"4.00"	"5.51"	"Handicap"	"4"	"8"	"Doyle, James"	"Suroor, Saeed Bin"	"1m3f "	"4"	"139"
"20:00:00"	"2016-09-02"	"Kempton"	"Glan Y Gors (IRE)"	"14.00"	"19.5"	"Handicap"	"8"	"8"	"Spencer, Jamie"	"Simcock, D M"	"1m3f "	"4"	"65"
"15:30:00"	"2016-09-02"	"Newcastle"	"No Not Yet"	"18.00"	"26.58"	"Handicap"	"6"	"13"	"Mullen, Andrew"	"Dods, M"	"2m.5f "	"4"	"27"
"19:45:00"	"2016-02-26"	"Wolverhampton"	"Yul Finegold (IRE)"	"16.00"	"19.24"	"Handicap"	"8"	"8"	"Mulrennan, Paul"	"Dore, C R"	"1m1.5f "	"6"	"31"
"18:15:00"	"2016-02-26"	"Wolverhampton"	"Turnbury"	"22.00"	"30"	"Handicap"	"8"	"9"	"Holland, Darryll"	"Evans, Mrs N S"	"1m6f "	"5"	"41"
"15:20:00"	"2016-02-24"	"Lingfield"	"Flighty Filia (IRE)"	"5.00"	"7.94"	"Handicap"	"1"	"8"	"Crowley, Jim"	"Perrett, Mrs A J"	"1m7.5f "	"4"	"44"
"17:55:00"	"2016-02-22"	"Wolverhampton"	"Tango Sky (IRE)"	"11.00"	"15.49"	"Handicap"	"5"	"11"	"Mulrennan, Paul"	"Midgley, P T"	"7f "	"7"	"147"
"16:55:00"	"2016-02-22"	"Wolverhampton"	"Rubis"	"9.00"	"12.23"	"Handicap"	"6"	"8"	"Hamilton, Tony"	"Fahey, R A"	"1m.5f "	"3"	"27"
"16:30:00"	"2016-02-22"	"Lingfield"	"Louis Vee (IRE)"	"8.00"	"11.8"	"Handicap"	"6"	"7"	"Mckee, Ciaran"	"Oshea, J G M"	"6f "	"8"	"25"
"16:00:00"	"2016-02-22"	"Lingfield"	"Russian Reward (IRE)"	"5.00"	"6.37"	"Handicap"	"5"	"8"	"Harley, M"	"Cole, P F I"	"7f "	"4"	"77"
"15:50:00"	"2016-02-22"	"Wolverhampton"	"Dove Mountain (IRE)"	"2.75"	"4.74"	"Handicap"	"3"	"12"	"Queally, T P"	"Elliott, Gordon"	"1m1.5f "	"5"	"37"
"16:55:00"	"2016-02-17"	"Lingfield"	"Marias Choice (IRE)"	"33.00"	"40.54"	"Handicap"	"10"	"10"	"Murphy, Timmy"	"Best, Jim"	"1m2f "	"7"	"68"
"15:40:00"	"2016-02-16"	"Southwell"	"Philba"	"3.50"	"5.15"	"Handicap"	"1"	"8"	"Rawlinson, Ali"	"Appleby, M"	"7f "	"4"	"37"
"20:45:00"	"2016-02-13"	"Wolverhampton"	"Silver Lining (IRE)"	"5.00"	"6.8"	"Handicap"	"3"	"10"	"Baker, George"	"Tregoning, M P"	"1m1.5f "	"4"	"38"
"20:45:00"	"2016-02-13"	"Wolverhampton"	"Scot Daddy (USA)"	"9.00"	"13.48"	"Handicap"	"8"	"10"	"Costello, Dougie"	"Dennis, David"	"1m1.5f "	"4"	"31"
"17:15:00"	"2016-02-12"	"Wolverhampton"	"Frangarry (IRE)"	"4.50"	"6.88"	"Handicap"	"3"	"10"	"Golam, Saleem"	"Bailey, A"	"5f "	"4"	"98"
"20:10:00"	"2016-02-11"	"Chelmsford City"	"Frivolous Prince (IRE)"	"6.00"	"5.87"	"Handicap"	"3"	"6"	"Egan, John"	"Evans, P D"	"1m2f "	"3"	"31"
"16:25:00"	"2016-02-10"	"Southwell"	"Hazel Blue (IRE)"	"9.00"	"12"	"Handicap"	"6"	"7"	"Nolan, D"	"Loughnane, David"	"1m "	"5"	"51"
"14:10:00"	"2016-02-09"	"Southwell"	"Storytale"	"16.00"	"21.33"	"Handicap"	"5"	"14"	"Edwards, Alex"	"Roberts, David"	"1m3f "	"4"	"181"
"16:40:00"	"2016-02-08"	"Wolverhampton"	"Peril"	"3.00"	"4.43"	"Handicap"	"1"	"9"	"Havlin, Robert"	"Crisford, Simon"	"7f "	"5"	"149"
"16:40:00"	"2016-02-08"	"Wolverhampton"	"Capelita"	"25.00"	"40.2"	"Handicap"	"6"	"9"	"Jones, Liam"	"Appleby, M"	"7f "	"5"	"48"
"17:15:00"	"2016-02-05"	"Wolverhampton"	"Thataboy (IRE)"	"8.00"	"9.51"	"Handicap"	"4"	"8"	"Gibbons, Graham"	"Dascombe, Tom"	"5f "	"5"	"29"
"20:10:00"	"2016-02-04"	"Chelmsford City"	"Sunbaked (IRE)"	"8.00"	"12"	"Handicap"	"4"	"12"	"Kelly, Shane"	"Houghton, Eve Johnson"	"7f "	"3"	"66"
"18:40:00"	"2016-02-04"	"Chelmsford City"	"Scarlet Minstrel"	"4.00"	"5.3"	"Handicap"	"3"	"9"	"Murphy, Oisin"	"Balding, A M"	"1m6f "	"4"	"28"
"17:15:00"	"2016-02-01"	"Wolverhampton"	"Quite A Story"	"5.00"	"7.72"	"Handicap"	"4"	"11"	"Kirby, Adam"	"Cox, C G"	"7f "	"4"	"28"
"15:25:00"	"2016-01-30"	"Lingfield"	"Si Senor (IRE)"	"2.25"	"3.44"	"Handicap"	"1"	"8"	"Kirby, Adam"	"Vaughan, E F"	"1m "	"5"	"120"
"20:30:00"	"2016-01-29"	"Dundalk"	"Lifting Me Higher (IRE)"	"5.00"	"6.8"	"Handicap"	"2"	"13"	"Heffernan, J A"	"Browne, W P"	"1m2.5f "	"4"	"123"
"20:30:00"	"2016-01-29"	"Dundalk"	"Lonan (IRE)"	"2.00"	"3.6"	"Handicap"	"6"	"13"	"Hoban, Connor"	"Halford, M"	"1m2.5f "	"7"	"145"
"15:50:00"	"2016-01-28"	"Southwell"	"St Patricks Day (IRE)"	"16.00"	"20.22"	"Handicap"	"1"	"7"	"Costello, Dougie"	"Jenkins, J R"	"1m "	"4"	"25"
"16:40:00"	"2016-01-27"	"Kempton"	"Dark Phantom (IRE)"	"2.75"	"4.19"	"Handicap"	"7"	"11"	"Baker, George"	"Deacon, Geoffrey"	"6f "	"5"	"28"
"14:20:00"	"2016-01-25"	"Wolverhampton"	"Secret Interlude (IRE)"	"2.75"	"3.9"	"Handicap"	"2"	"9"	"Fanning, Joe"	"Osborne, J A"	"7f "	"3"	"49"
"13:45:00"	"2016-01-24"	"Chelmsford City"	"Wild Flower (IRE)"	"8.00"	"10"	"Handicap"	"6"	"8"	"ONeill, K T"	"Fox, J C"	"7f "	"4"	"52"
"13:45:00"	"2016-01-23"	"Lingfield"	"Take The Helm"	"3.00"	"4.71"	"Handicap"	"2"	"6"	"Mulrennan, Paul"	"Meehan, B J"	"7f "	"3"	"28"
"12:35:00"	"2016-01-23"	"Lingfield"	"Berrahri (IRE)"	"4.50"	"6.05"	"Handicap"	"6"	"7"	"Fox, Kieren"	"Best, J R"	"1m "	"5"	"105"
"17:10:00"	"2016-01-22"	"Wolverhampton"	"Right Madam (IRE)"	"12.00"	"15.21"	"Handicap"	"9"	"12"	"Catlin, Chris"	"Hollinshead, Sarah"	"1m1.5f "	"4"	"62"
"15:20:00"	"2016-01-20"	"Lingfield"	"Wink Oliver"	"2.75"	"4.13"	"Handicap"	"6"	"7"	"Lane, Martin"	"Dennis, David"	"1m "	"4"	"54"
"14:45:00"	"2016-01-20"	"Lingfield"	"Kadrizzi (FR)"	"2.00"	"3.3"	"Handicap"	"1"	"4"	"Winston, Robert"	"Ivory, D K"	"5f "	"3"	"31"
"14:30:00"	"2016-01-18"	"Wolverhampton"	"Big Time (IRE)"	"3.50"	"4.7"	"Handicap"	"7"	"7"	"Nicholls, Adrian T"	"Nicholls, D"	"1m.5f "	"5"	"40"
"16:10:00"	"2016-01-17"	"Kempton"	"Quintus Cerialis (IRE)"	"5.00"	"6.27"	"Handicap"	"3"	"11"	"Kirby, Adam"	"Cox, C G"	"6f "	"4"	"37"
"14:35:00"	"2016-01-17"	"Kempton"	"Epsom Flyer"	"6.50"	"9.68"	"Handicap"	"6"	"10"	"Egan, John"	"Phelan, P M"	"1m4f "	"6"	"76"
"14:20:00"	"2016-01-16"	"Lingfield"	"Hold Tight"	"0.62"	"1.64"	"Handicap"	"1"	"6"	"Rawlinson, Ali"	"Suroor, Saeed Bin"	"6f "	"4"	"79"
"13:00:00"	"2016-01-15"	"Lingfield"	"Etaad (USA)"	"1.00"	"2.17"	"Handicap"	"1"	"9"	"Baker, George"	"Moore, Gary and Josh"	"1m "	"5"	"25"
"18:40:00"	"2016-01-14"	"Chelmsford City"	"New Strategy (IRE)"	"2.75"	"4.1"	"Handicap"	"7"	"9"	"Rawlinson, Ali"	"Suroor, Saeed Bin"	"1m "	"4"	"131"
"13:30:00"	"2016-01-14"	"Southwell"	"Tellovoi (IRE)"	"1.88"	"2.99"	"Handicap"	"7"	"7"	"Eddery, Charles"	"Guest, R C"	"6f "	"8"	"30"
"17:10:00"	"2016-01-13"	"Kempton"	"Karnage (IRE)"	"1.38"	"2.59"	"Handicap"	"2"	"12"	"Morris, Luke"	"Kubler, Daniel"	"1m3f "	"4"	"29"
"15:25:00"	"2016-01-11"	"Wolverhampton"	"Incurs Four Faults"	"5.00"	"6.88"	"Handicap"	"4"	"10"	"Fanning, Joe"	"Dalgleish, Keith"	"1m1.5f "	"5"	"30"
"15:05:00"	"2016-01-11"	"Kempton"	"Fable Of Arachne"	"8.00"	"9.15"	"Handicap"	"1"	"11"	"Murphy, Oisin"	"Williams, S C"	"1m "	"3"	"32"
"14:50:00"	"2016-01-07"	"Lingfield"	"Seychelloise"	"3.00"	"4.3"	"Handicap"	"2"	"7"	"Morris, Luke"	"Prescott, Sir Mark"	"6f "	"4"	"31"
"18:10:00"	"2016-01-06"	"Kempton"	"Yeats Magic (IRE)"	"50.00"	"65"	"Handicap"	"12"	"12"	"Havlin, Robert"	"Harris, R A"	"1m4f "	"4"	"236"
"15:10:00"	"2016-01-05"	"Southwell"	"Play Nicely"	"1.25"	"2.28"	"Handicap"	"1"	"6"	"Makin, Phillip"	"Barron, T D"	"1m4f "	"4"	"81"
"17:10:00"	"2016-01-04"	"Wolverhampton"	"Quite A Story"	"1.75"	"3.13"	"Handicap"	"3"	"6"	"Kirby, Adam"	"Cox, C G"	"6f "	"4"	"135"
"13:40:00"	"2016-01-02"	"Chelmsford City"	"Fast Enough (IRE)"	"4.00"	"5.69"	"Handicap"	"1"	"5"	"Rawlinson, Ali"	"Suroor, Saeed Bin"	"6f "	"3"	"137"
"13:30:00"	"2016-01-01"	"Southwell"	"Underdressed"	"2.75"	"4.04"	"Handicap"	"5"	"9"	"Fanning, Joe"	"Dalgleish, Keith"	"6f "	"3"	"50"
"19:40:00"	"2015-10-30"	"Wolverhampton"	"Poyle Jessica"	"10.00"	"14.74"	"Handicap"	"9"	"12"	"ODonnell, P C"	"Beckett, R M"	"7f "	"3"	"72"
"18:50:00"	"2015-10-30"	"Dundalk"	"Poetic Choice"	"33.00"	"79.33"	"Handicap"	"3"	"9"	"Beggy, P B"	"Clarke, Keith Henry"	"1m "	"4"	"192"
"16:40:00"	"2015-10-29"	"Chelmsford City"	"Planetaria (IRE)"	"7.00"	"11.02"	"Handicap Nursery"	"5"	"7"	"Mullen, Andrew"	"Moss, Garry"	"1m "	"2"	"30"
"18:35:00"	"2015-10-28"	"Dundalk"	"Jealika (IRE)"	"16.00"	"18.53"	"Handicap"	"6"	"7"	"Hoban, Connor"	"Fahey, Mark"	"7f "	"4"	"35"
"18:25:00"	"2015-10-28"	"Kempton"	"Nortron (IRE)"	"3.50"	"5.2"	"Handicap"	"2"	"11"	"Probert, David"	"Balding, A M"	"7f "	"3"	"58"
"15:30:00"	"2015-10-28"	"Chelmsford City"	"Kachou"	"3.50"	"5.05"	"Handicap"	"4"	"11"	"ODonnell, P C"	"Furtado, Ivan"	"1m2f "	"3"	"63"
"19:10:00"	"2015-10-27"	"Wolverhampton"	"Lac Sacre (FR)"	"8.00"	"10.78"	"Handicap"	"12"	"12"	"Muscutt, D"	"Flint, J L"	"2m.5f "	"6"	"161"
"19:10:00"	"2015-10-24"	"Chelmsford City"	"Apostle (IRE)"	"8.00"	"11.68"	"Handicap"	"1"	"13"	"Spencer, Jamie"	"Simcock, D M"	"1m "	"6"	"43"
"21:05:00"	"2015-10-23"	"Dundalk"	"Credit The Giver (IRE)"	"3.00"	"4.21"	"Handicap"	"8"	"14"	"OBrien, Ana"	"OBrien, A P"	"1m2.5f "	"4"	"46"
"20:25:00"	"2015-10-21"	"Kempton"	"Commodore (IRE)"	"3.00"	"4.59"	"Handicap"	"4"	"11"	"Baker, George"	"Baker, George"	"7f "	"3"	"30"
"19:55:00"	"2015-10-21"	"Kempton"	"Replenish (FR)"	"3.00"	"4.4"	"Handicap Nursery"	"1"	"9"	"Tylicki, Frederik"	"Fanshawe, J R"	"7f "	"2"	"25"
"19:10:00"	"2015-10-20"	"Wolverhampton"	"Komedy (IRE)"	"8.00"	"10.82"	"Handicap Nursery"	"5"	"9"	"ONeill, Dane"	"Hills, Charles"	"7f "	"2"	"35"
"15:00:00"	"2015-10-20"	"Lingfield"	"Bread"	"5.00"	"6.8"	"Handicap"	"2"	"11"	"Kelly, Shane"	"Furtado, Ivan"	"6f "	"3"	"71"
"21:15:00"	"2015-10-17"	"Wolverhampton"	"Malimbi (IRE)"	"2.75"	"4.22"	"Handicap"	"8"	"10"	"Norton, Francis"	"Ellison, B"	"1m1.5f "	"3"	"33"
"19:50:00"	"2015-10-16"	"Wolverhampton"	"Elle Rebelle"	"8.00"	"11"	"Handicap"	"3"	"12"	"Morris, Luke"	"Brisbourne, W M"	"1m1.5f "	"5"	"32"
"19:05:00"	"2015-10-16"	"Dundalk"	"Morselle"	"4.00"	"5.72"	"Handicap"	"4"	"9"	"Smullen, P J"	"Weld, D K"	"1m "	"3"	"33"
"20:40:00"	"2015-10-13"	"Wolverhampton"	"Seek The Fair Land"	"25.00"	"36"	"Handicap"	"10"	"12"	"Garritty, Jack"	"Carter, Lee"	"7f "	"9"	"98"
"20:40:00"	"2015-10-10"	"Chelmsford City"	"Savvy (IRE)"	"7.00"	"11.03"	"Handicap"	"6"	"11"	"Fortune, Jimmy"	"Noseda, J"	"1m5.5f "	"3"	"28"
"20:40:00"	"2015-10-10"	"Chelmsford City"	"Katniss (IRE)"	"14.00"	"23"	"Handicap"	"7"	"11"	"Jones, Mr A T"	"Williams, S C"	"1m5.5f "	"3"	"26"
"21:00:00"	"2015-10-09"	"Dundalk"	"First In The Queue (IRE)"	"9.00"	"14.39"	"Handicap"	"5"	"14"	"Keane, C T"	"Martin, A J"	"1m4f "	"8"	"33"
"20:40:00"	"2015-10-06"	"Kempton"	"Elis Eliz (IRE)"	"7.00"	"9.36"	"Handicap"	"1"	"11"	"Baker, George"	"Wigham, M"	"6f "	"3"	"63"
"20:40:00"	"2015-10-06"	"Kempton"	"Fear Or Favour (IRE)"	"5.00"	"6.53"	"Handicap"	"6"	"11"	"Tate, Ryan"	"Cox, C G"	"6f "	"4"	"115"
"19:10:00"	"2015-10-06"	"Kempton"	"Buckland Beau"	"12.00"	"17.73"	"Handicap"	"5"	"14"	"Donohoe, Stephen"	"Fellowes, Charlie"	"1m "	"4"	"40"
"18:35:00"	"2015-10-02"	"Dundalk"	"Jolyne"	"8.00"	"10.88"	"Handicap"	"13"	"14"	"Coakley, Ross"	"Murtagh, J P"	"1m "	"3"	"32"
"21:10:00"	"2015-09-30"	"Kempton"	"Penang Paparaja (IRE)"	"6.00"	"8.6"	"Handicap"	"13"	"13"	"Winston, Robert"	"Bell, M L W"	"1m3f "	"3"	"56"
"20:10:00"	"2015-09-30"	"Kempton"	"Vibrant Chords"	"5.00"	"7.23"	"Handicap Nursery"	"2"	"11"	"Doyle, James"	"Candy, H"	"7f "	"2"	"25"
"18:40:00"	"2015-09-29"	"Wolverhampton"	"Sky Cape"	"1.00"	"2.19"	"Handicap"	"2"	"13"	"Buick, William"	"Appleby, Charlie"	"1m1.5f "	"3"	"26"
"20:15:00"	"2015-09-26"	"Chelmsford City"	"Unex Modigliani (IRE)"	"1.50"	"3.03"	"Handicap"	"6"	"9"	"Swift, Mr Dale"	"Shaw, D"	"1m5.5f "	"6"	"35"
"19:45:00"	"2015-09-26"	"Chelmsford City"	"Scooner (USA)"	"4.50"	"7.36"	"Handicap"	"6"	"8"	"Marquand, Tom"	"Charlton, Roger/Harry"	"1m2f "	"3"	"36"
"20:45:00"	"2015-09-25"	"Wolverhampton"	"White Russian"	"6.00"	"8.83"	"Handicap"	"3"	"12"	"ONeill, Dane"	"Candy, H"	"7f "	"4"	"27"
"20:05:00"	"2015-09-25"	"Dundalk"	"Dancingwithangels (IRE)"	"8.00"	"12"	"Handicap"	"6"	"11"	"Downey, R P"	"Cleary, Thomas"	"1m4f "	"6"	"109"
"20:05:00"	"2015-09-25"	"Dundalk"	"Glendaars Best (IRE)"	"8.00"	"10.5"	"Handicap"	"10"	"11"	"Madden, Tom"	"Love, Mrs D A"	"1m4f "	"6"	"35"
"18:15:00"	"2015-09-25"	"Wolverhampton"	"Robins Pearl (FR)"	"20.00"	"30.05"	"Handicap"	"1"	"11"	"Tylicki, Frederik"	"Stevens, Olly"	"1m1.5f "	"3"	"119"
"18:15:00"	"2015-09-24"	"Chelmsford City"	"Destroyer"	"10.00"	"17"	"Handicap Nursery"	"9"	"9"	"Dwyer, Martin"	"Muir, W R"	"6f "	"2"	"54"
"20:25:00"	"2015-09-23"	"Kempton"	"Baylay (USA)"	"9.00"	"10.91"	"Handicap"	"4"	"7"	"Hanagan, Paul"	"Hills, B W"	"1m3f "	"3"	"32"
"20:25:00"	"2015-09-23"	"Kempton"	"High Admiral"	"10.00"	"13.5"	"Handicap"	"5"	"7"	"Probert, David"	"Balding, A M"	"1m3f "	"3"	"34"
"17:20:00"	"2015-09-23"	"Kempton"	"Cote dAzur"	"1.50"	"2.59"	"Handicap Nursery"	"1"	"11"	"Morris, Luke"	"Prescott, Sir Mark"	"7f "	"2"	"30"
"20:10:00"	"2015-09-22"	"Kempton"	"Bella Lulu"	"5.50"	"7.6"	"Handicap"	"8"	"10"	"Atzeni, Andrea"	"Varian, Roger"	"1m "	"3"	"36"
"16:20:00"	"2015-09-22"	"Lingfield"	"Wallys Wisdom"	"4.00"	"6.08"	"Handicap"	"4"	"11"	"Murphy, Oisin"	"Carter, Lee"	"1m2f "	"3"	"52"
"15:50:00"	"2015-09-22"	"Lingfield"	"Legal Shark (IRE)"	"4.00"	"6"	"Handicap"	"7"	"12"	"Morris, Luke"	"Prescott, Sir Mark"	"1m2f "	"4"	"35"
"21:10:00"	"2015-09-19"	"Wolverhampton"	"Imperial Link"	"22.00"	"34"	"Handicap"	"6"	"10"	"Prince,Mr P "	"Evans, P D"	"7f "	"3"	"31"
"20:40:00"	"2015-09-19"	"Wolverhampton"	"Trimoulet"	"4.00"	"5.67"	"Handicap"	"7"	"8"	"Queally, T P"	"Kubler, Daniel"	"2m.5f "	"6"	"32"
"18:40:00"	"2015-09-19"	"Wolverhampton"	"Hardy Black (IRE)"	"10.00"	"13.99"	"Handicap"	"4"	"12"	"Donohoe, Stephen"	"Frost, Kevin"	"6f "	"4"	"39"
"18:20:00"	"2015-09-17"	"Chelmsford City"	"The Dukkerer (IRE)"	"5.00"	"7.95"	"Handicap"	"3"	"12"	"Eaves, Tom"	"Given, J G"	"1m "	"4"	"34"
"16:10:00"	"2015-09-14"	"Wolverhampton"	"Malimbi (IRE)"	"1.38"	"2.48"	"Handicap"	"7"	"10"	"Norton, Francis"	"Ellison, B"	"1m4f "	"3"	"42"
"17:20:00"	"2015-09-12"	"Lingfield"	"Daring Indian"	"14.00"	"23.37"	"Handicap"	"7"	"14"	"Keniry, L P"	"Teal, R A"	"1m5f "	"7"	"46"
"16:45:00"	"2015-09-12"	"Lingfield"	"Whoopsy Daisy"	"14.00"	"20.04"	"Handicap"	"2"	"10"	"Bishop, Charles"	"Dace, L A"	"1m4f "	"3"	"43"
"16:45:00"	"2015-09-12"	"Lingfield"	"Mollasses"	"7.50"	"10.01"	"Handicap"	"3"	"10"	"Costello, Dougie"	"Whittington, H"	"1m4f "	"4"	"192"
"16:10:00"	"2015-09-12"	"Lingfield"	"Charlies Mate"	"8.00"	"12.83"	"Handicap"	"5"	"12"	"Havlin, Robert"	"Best, J R"	"1m "	"4"	"31"
"20:50:00"	"2015-09-09"	"Kempton"	"Sweet Dancer (IRE)"	"1.38"	"2.61"	"Handicap"	"5"	"9"	"Baker, George"	"Lanigan, D R"	"1m "	"3"	"33"
"19:50:00"	"2015-09-09"	"Kempton"	"Clement (IRE)"	"8.00"	"12.2"	"Handicap"	"4"	"12"	"Mckee, Ciaran"	"Oshea, J G M"	"7f "	"5"	"29"
"18:20:00"	"2015-09-09"	"Kempton"	"Desert River (IRE)"	"10.00"	"13.5"	"Handicap Nursery"	"5"	"13"	"Kirby, Adam"	"Mohammed, Ismail"	"7f "	"2"	"39"
"15:30:00"	"2015-09-05"	"Kempton"	"Alaweer (IRE)"	"8.00"	"10"	"Handicap"	"3"	"12"	"Queally, T P"	"Fellowes, Charlie"	"1m3f "	"3"	"37"
"15:30:00"	"2015-09-05"	"Kempton"	"Kittens Red (USA)"	"11.00"	"14.72"	"Handicap"	"10"	"12"	"Norton, Francis"	"Dunlop, E A L"	"1m3f "	"3"	"30"
"14:20:00"	"2015-09-05"	"Kempton"	"Mutawathea"	"5.50"	"8.23"	"Handicap"	"6"	"16"	"Marquand, Tom"	"Crisford, Simon"	"1m "	"4"	"38"
"20:25:00"	"2015-09-04"	"Kempton"	"Guard Of Honour (IRE)"	"1.88"	"2.97"	"Handicap"	"2"	"8"	"Doyle, James"	"Baker, George"	"2m "	"4"	"28"
"19:55:00"	"2015-09-04"	"Kempton"	"Plutocracy (IRE)"	"6.00"	"7.65"	"Handicap"	"3"	"8"	"Baker, George"	"Lanigan, D R"	"1m3f "	"5"	"65"
"19:55:00"	"2015-09-04"	"Kempton"	"Smartie Artie (IRE)"	"10.00"	"15"	"Handicap"	"4"	"8"	"Dettori, L"	"Noseda, J"	"1m3f "	"4"	"25"
"20:15:00"	"2015-09-03"	"Chelmsford City"	"Bubbly Bailey"	"8.00"	"12.89"	"Handicap"	"5"	"8"	"Murphy, Oisin"	"Jenkins, J R"	"6f "	"5"	"51"
"18:45:00"	"2015-09-03"	"Chelmsford City"	"Paddys Runner"	"4.00"	"5.5"	"Handicap"	"5"	"8"	"Sweeney, Fergus"	"King, A"	"1m6f "	"3"	"53"
"16:00:00"	"2015-09-02"	"Lingfield"	"Deerfield"	"4.00"	"5.3"	"Handicap"	"7"	"7"	"Buick, William"	"Appleby, Charlie"	"1m2f "	"3"	"40"
"21:05:00"	"2015-02-27"	"Dundalk"	"Wither Hills (IRE)"	"2.75"	"4.49"	"Handicap"	"4"	"6"	"OBrien, J P"	"Hamilton, B R"	"1m4f "	"9"	"57"
"20:15:00"	"2015-02-27"	"Wolverhampton"	"Mon Petit Fleur"	"5.50"	"7.8"	"Handicap"	"2"	"9"	"Mitchell, Jack"	"Pearce, Mrs Lydia"	"6f "	"3"	"56"
"18:45:00"	"2015-02-27"	"Wolverhampton"	"Spokesperson (USA)"	"4.50"	"6.2"	"Handicap"	"3"	"9"	"Egan, John"	"Watson, F"	"1m1.5f "	"7"	"39"
"19:40:00"	"2015-02-26"	"Chelmsford City"	"Brassbound (USA)"	"2.50"	"3.85"	"Handicap"	"1"	"6"	"Morris, Luke"	"Appleby, M"	"2m "	"7"	"34"
"19:40:00"	"2015-02-26"	"Chelmsford City"	"Spiritoftomintoul"	"3.00"	"4.42"	"Handicap"	"5"	"6"	"Downing, George"	"Carroll, A W"	"2m "	"6"	"34"
"15:40:00"	"2015-02-26"	"Southwell"	"Royal Peculiar"	"1.63"	"2.71"	"Handicap"	"4"	"6"	"Morris, Luke"	"Appleby, M"	"1m4f "	"7"	"28"
"15:30:00"	"2015-02-23"	"Wolverhampton"	"Captain Future"	"2.25"	"3.5"	"Handicap"	"1"	"8"	"Mulrennan, Paul"	"Smart, B"	"5f "	"3"	"32"
"16:00:00"	"2015-02-21"	"Lingfield"	"Chookies Lass"	"14.00"	"19"	"Handicap"	"9"	"9"	"Fanning, Joe"	"Dalgleish, Keith"	"7f "	"4"	"47"
"21:05:00"	"2015-02-20"	"Dundalk"	"Macnicholson (IRE)"	"2.25"	"3.51"	"Handicap"	"3"	"10"	"Harrington, Miss K"	"Harrington, Mrs John"	"2m "	"6"	"110"
"18:35:00"	"2015-02-20"	"Dundalk"	"Calling You (IRE)"	"16.00"	"27.88"	"Handicap"	"11"	"14"	"Heffernan, J A"	"Donohoe, S"	"7f "	"6"	"175"
"20:10:00"	"2015-02-19"	"Chelmsford City"	"Hidden Asset"	"3.50"	"4.7"	"Handicap"	"2"	"13"	"Mullen, Andrew"	"Appleby, M"	"1m "	"5"	"54"
"19:10:00"	"2015-02-19"	"Chelmsford City"	"Deuce Again"	"5.50"	"7"	"Handicap"	"1"	"7"	"Havlin, Robert"	"Gosden, J H M"	"1m6f "	"4"	"30"
"18:40:00"	"2015-02-19"	"Chelmsford City"	"Monsieur Jamie"	"25.00"	"41.69"	"Handicap"	"12"	"12"	"Birkett, Shelley"	"Jenkins, J R"	"6f "	"7"	"42"
"19:40:00"	"2015-02-18"	"Kempton"	"Biting Bullets (USA)"	"5.00"	"6.8"	"Handicap"	"PU"	"6"	"Dwyer, Martin"	"Hughes, Jo"	"1m "	"3"	"33"
"18:10:00"	"2015-02-18"	"Kempton"	"Archies Advice"	"4.00"	"5.83"	"Handicap"	"11"	"11"	"Fanning, Joe"	"Dalgleish, Keith"	"1m2f "	"4"	"42"
"14:00:00"	"2015-02-17"	"Wolverhampton"	"Opus Dei"	"8.00"	"12.59"	"Handicap"	"11"	"11"	"Egan, John"	"Watson, F"	"7f "	"8"	"25"
"17:40:00"	"2015-02-16"	"Wolverhampton"	"Dazeen"	"7.00"	"9.55"	"Handicap"	"12"	"12"	"Eaves, Tom"	"Herrington,M "	"7f "	"8"	"101"
"17:45:00"	"2015-02-13"	"Wolverhampton"	"Heurtevent (FR)"	"3.50"	"5.75"	"Handicap"	"5"	"5"	"Downing, George"	"Carroll, A W"	"1m6f "	"6"	"49"
"16:55:00"	"2015-02-13"	"Lingfield"	"Chelwood Gate (IRE)"	"1.25"	"2.58"	"Handicap"	"1"	"7"	"Baker, George"	"Chamings, P R"	"1m "	"5"	"26"
"20:10:00"	"2015-02-12"	"Chelmsford City"	"Ridgeway Storm (IRE)"	"1.00"	"2.23"	"Handicap"	"3"	"4"	"Queally, T P"	"King, A"	"2m "	"5"	"41"
"16:40:00"	"2015-02-10"	"Southwell"	"Major Rowan"	"5.00"	"6.07"	"Handicap"	"4"	"6"	"Beasley, Connor"	"Smart, B"	"1m4f "	"4"	"40"
"16:00:00"	"2015-02-09"	"Wolverhampton"	"Sendiym (FR)"	"20.00"	"29.13"	"Handicap"	"7"	"8"	"Sayer, Miss E C"	"Sayer, Mrs Dianne"	"2m.5f "	"8"	"102"
"15:30:00"	"2015-02-09"	"Wolverhampton"	"Leonard Thomas"	"3.00"	"4.81"	"Handicap"	"6"	"7"	"Baker, George"	"Lanigan, D R"	"1m1.5f "	"5"	"37"
"15:35:00"	"2015-02-08"	"Southwell"	"Haaf A Sixpence"	"16.00"	"23.52"	"Handicap"	"1"	"7"	"Gibbons, Graham"	"Beckett, R M"	"1m "	"6"	"27"
"15:05:00"	"2015-02-08"	"Southwell"	"Miniskirt"	"0.67"	"1.72"	"Handicap"	"1"	"5"	"Catlin, Chris"	"Guest, Rae"	"1m "	"4"	"31"
"20:45:00"	"2015-02-07"	"Wolverhampton"	"Matraash (USA)"	"5.00"	"5.49"	"Handicap"	"2"	"9"	"Fanning, Joe"	"Loughnane, Daniel Mark"	"1m1.5f "	"9"	"31"
"18:45:00"	"2015-02-07"	"Wolverhampton"	"Sewn Up"	"4.00"	"5.55"	"Handicap"	"2"	"8"	"Fanning, Joe"	"Dalgleish, Keith"	"7f "	"5"	"56"
"21:05:00"	"2015-02-06"	"Dundalk"	"Shalaman (IRE)"	"4.50"	"5.61"	"Handicap"	"1"	"8"	"Hayes, C D"	"Smith, Matthew J"	"1m2.5f "	"6"	"84"
"16:40:00"	"2015-02-04"	"Chelmsford City"	"Asia Minor (IRE)"	"2.50"	"3.73"	"Handicap"	"4"	"6"	"Lane, Martin"	"Scargill, Dr J D"	"1m5.5f "	"6"	"48"
"16:10:00"	"2015-02-04"	"Chelmsford City"	"Born To Reign"	"2.75"	"4.2"	"Handicap"	"1"	"6"	"Fanning, Joe"	"Bell, M L W"	"1m5.5f "	"4"	"30"
"15:05:00"	"2015-02-04"	"Chelmsford City"	"Glorious Dancer"	"2.25"	"3.5"	"Handicap"	"1"	"4"	"Fresu, A"	"Walker, Ed"	"1m "	"3"	"27"
"15:05:00"	"2015-02-04"	"Chelmsford City"	"Plaisir (IRE)"	"2.50"	"3.95"	"Handicap"	"2"	"4"	"Harley, M"	"Botti, M"	"1m "	"3"	"35"
"15:50:00"	"2015-02-03"	"Kempton"	"Scent Of Power"	"4.00"	"5.93"	"Handicap"	"10"	"10"	"Carson, William"	"Carson, Anthony"	"7f "	"3"	"83"
"15:40:00"	"2015-02-02"	"Wolverhampton"	"Ted Spread"	"11.00"	"15.5"	"Handicap"	"7"	"7"	"Twiston-Davies, Mr W"	"Smith, Miss Suzy"	"2m.5f "	"8"	"36"
"15:10:00"	"2015-02-02"	"Wolverhampton"	"Oasis Spirit"	"8.00"	"9.54"	"Handicap"	"5"	"5"	"Probert, David"	"Balding, A M"	"7f "	"5"	"28"
"14:20:00"	"2015-01-31"	"Lingfield"	"Gold Club"	"5.00"	"7.2"	"Handicap"	"5"	"12"	"Donohoe, Stephen"	"McMahon, E S"	"6f "	"4"	"150"
"15:10:00"	"2015-01-30"	"Lingfield"	"Mojawiz"	"2.75"	"3.9"	"Handicap"	"4"	"4"	"Stott, Kevin"	"Appleby, Charlie"	"1m2f "	"3"	"65"
"17:35:00"	"2015-01-29"	"Wolverhampton"	"Akula (IRE)"	"16.00"	"23"	"Handicap"	"3"	"8"	"Tutty, Gemma"	"Vaughan, Tim"	"2m.5f "	"8"	"34"
"17:35:00"	"2015-01-29"	"Wolverhampton"	"Swampfire (IRE)"	"20.00"	"30"	"Handicap"	"7"	"8"	"Bennett, Charlie"	"Brennan, F J"	"2m.5f "	"7"	"50"
"15:30:00"	"2015-01-29"	"Southwell"	"Mash Potato (IRE)"	"7.00"	"10.34"	"Handicap"	"8"	"9"	"Beasley, Connor"	"Dods, M"	"1m3f "	"5"	"85"
"17:15:00"	"2015-01-28"	"Kempton"	"Shalambar (IRE)"	"6.00"	"7.86"	"Handicap"	"1"	"12"	"Downing, George"	"Carroll, A W"	"1m4f "	"9"	"51"
"15:10:00"	"2015-01-24"	"Lingfield"	"Maverick Wave (USA)"	"2.75"	"3.97"	"Handicap"	"1"	"6"	"Havlin, Robert"	"Gosden, J H M"	"1m2f "	"4"	"42"
"14:35:00"	"2015-01-24"	"Lingfield"	"The Third Man"	"10.00"	"15.5"	"Handicap"	"6"	"9"	"Durcan, Ted"	"Spiller, Henry"	"1m "	"4"	"209"
"15:05:00"	"2015-01-20"	"Southwell"	"Solidarity"	"3.33"	"4.4"	"Handicap"	"5"	"8"	"Kirby, Adam"	"Appleby, Charlie"	"1m4f "	"4"	"41"
"15:05:00"	"2015-01-18"	"Kempton"	"Pabusar"	"6.00"	"10.86"	"Handicap"	"10"	"12"	"Hart, Jason"	"Guest, R C"	"6f "	"7"	"175"
"15:45:00"	"2015-01-17"	"Lingfield"	"Azure Amour (IRE)"	"4.50"	"7.4"	"Handicap"	"5"	"9"	"Baker, George"	"Beckett, R M"	"1m2f "	"3"	"26"
"15:10:00"	"2015-01-17"	"Lingfield"	"Thataboy (IRE)"	"8.00"	"11"	"Handicap"	"6"	"11"	"Walsh, E J"	"Dascombe, Tom"	"6f "	"4"	"26"
"15:10:00"	"2015-01-17"	"Lingfield"	"Birdie Queen"	"3.00"	"4.2"	"Handicap"	"9"	"11"	"Baker, George"	"Moore, Gary and Josh"	"6f "	"5"	"28"
"14:35:00"	"2015-01-17"	"Lingfield"	"Steelriver (IRE)"	"12.00"	"17.5"	"Handicap"	"4"	"7"	"Kelly, Shane"	"Herrington,M "	"1m "	"5"	"37"
"18:15:00"	"2015-01-16"	"Wolverhampton"	"Biting Bullets (USA)"	"2.25"	"3.3"	"Handicap"	"2"	"6"	"Dwyer, Martin"	"Hughes, Jo"	"7f "	"3"	"44"
"13:15:00"	"2015-01-13"	"Southwell"	"Pats Legacy (USA)"	"2.50"	"3.99"	"Handicap"	"3"	"9"	"Winston, Robert"	"Fife, Mrs Marjorie"	"7f "	"9"	"31"
"16:55:00"	"2015-01-12"	"Wolverhampton"	"Waaleef"	"1.88"	"2.96"	"Handicap"	"1"	"4"	"Harley, M"	"Botti, M"	"1m.5f "	"3"	"33"
"16:55:00"	"2015-01-12"	"Wolverhampton"	"Cape Cay"	"0.73"	"1.75"	"Handicap"	"3"	"4"	"Gibbons, Graham"	"Beckett, R M"	"1m.5f "	"3"	"27"
"14:20:00"	"2015-01-11"	"Chelmsford City"	"Zac Brown (IRE)"	"4.50"	"6.4"	"Handicap"	"1"	"10"	"Gibbons, Graham"	"Barron, T D"	"5f "	"4"	"37"
"14:05:00"	"2015-01-10"	"Lingfield"	"Willie Wag Tail (USA)"	"2.50"	"4.32"	"Handicap"	"6"	"8"	"Morris, Luke"	"Walker, Ed"	"1m2f "	"6"	"33"
"18:45:00"	"2015-01-08"	"Wolverhampton"	"Vaguely Spanish"	"2.50"	"3.82"	"Handicap"	"6"	"10"	"Probert, David"	"Carroll, A W"	"1m4f "	"4"	"35"
"18:15:00"	"2015-01-08"	"Wolverhampton"	"The Firm (IRE)"	"5.00"	"6.4"	"Handicap"	"6"	"10"	"Baker, George"	"Loughnane, Daniel Mark"	"1m1.5f "	"6"	"29"
"17:45:00"	"2015-01-08"	"Wolverhampton"	"City Of Angkor Wat (IRE)"	"2.75"	"4.1"	"Handicap"	"2"	"11"	"Curtis, Ned"	"Hughes, Jo"	"1m1.5f "	"5"	"44"
"17:15:00"	"2015-01-08"	"Wolverhampton"	"Maiden Approach"	"25.00"	"42"	"Handicap"	"4"	"11"	"Nolan, D"	"Fahey, R A"	"1m.5f "	"4"	"138"
"13:50:00"	"2015-01-08"	"Southwell"	"Mandy Layla (IRE)"	"25.00"	"44"	"Handicap"	"3"	"7"	"Mulrennan, Paul"	"Smart, B"	"6f "	"5"	"109"
"15:20:00"	"2015-01-07"	"Lingfield"	"Monarch Maid"	"16.00"	"20.09"	"Handicap"	"2"	"8"	"Birkett, Shelley"	"Hiatt, P W"	"6f "	"4"	"30"
"16:20:00"	"2015-01-05"	"Wolverhampton"	"Vied (USA)"	"8.00"	"10.5"	"Handicap"	"4"	"9"	"Morris, Luke"	"Vaughan, E F"	"1m4f "	"4"	"62"
"14:50:00"	"2015-01-05"	"Wolverhampton"	"Le Rouquin (FR)"	"4.50"	"5.94"	"Handicap"	"5"	"11"	"Kirby, Adam"	"Bell, M L W"	"1m1.5f "	"3"	"25"
"15:45:00"	"2015-01-04"	"Southwell"	"Crakehall Lad (IRE)"	"7.00"	"9.15"	"Handicap"	"1"	"7"	"Fanning, Joe"	"Dalgleish, Keith"	"1m4f "	"4"	"69"
"15:45:00"	"2015-01-03"	"Lingfield"	"Pearl Noir"	"16.00"	"21.24"	"Handicap"	"2"	"8"	"Clark, Tim"	"Dixon, Scott"	"6f "	"5"	"25"
"15:10:00"	"2015-01-03"	"Lingfield"	"Chelwood Gate (IRE)"	"8.00"	"11.54"	"Handicap"	"2"	"13"	"Probert, David"	"Chamings, P R"	"7f "	"5"	"30"
"15:10:00"	"2015-01-03"	"Lingfield"	"Baltic Prince (IRE)"	"7.00"	"9.92"	"Handicap"	"4"	"13"	"Da Silva, Raul"	"Carroll, A W"	"7f "	"5"	"28"
"14:00:00"	"2015-01-03"	"Lingfield"	"Personal Opinion"	"3.00"	"4.69"	"Handicap"	"F"	"10"	"Gray, S A"	"Appleby, Charlie"	"1m4f "	"4"	"28"
"18:10:00"	"2014-10-31"	"Dundalk"	"Kernoff (IRE)"	"1.88"	"3.3"	"Handicap"	"1"	"8"	"Foley, Shane"	"Halford, M"	"6f "	"3"	"33"
"17:30:00"	"2014-10-30"	"Kempton"	"Mission Approved"	"1.75"	"2.88"	"Handicap"	"5"	"12"	"Kirby, Adam"	"Cumani, L M"	"6f "	"4"	"26"
"20:25:00"	"2014-10-29"	"Kempton"	"Celestial Knight"	"7.00"	"9"	"Handicap"	"1"	"14"	"Kelly, Shane"	"Fanshawe, J R"	"1m "	"3"	"28"
"19:55:00"	"2014-10-29"	"Kempton"	"Hallouella"	"3.50"	"4.9"	"Handicap"	"3"	"7"	"Keniry, L P"	"Elsworth, D R C"	"1m4f "	"3"	"30"
"17:45:00"	"2014-10-25"	"Wolverhampton"	"Sky Steps (IRE)"	"2.75"	"3.85"	"Handicap Nursery"	"3"	"13"	"Brock, Danny"	"McBride, P J"	"5f "	"2"	"31"
"19:20:00"	"2014-10-24"	"Wolverhampton"	"Rockys Pride (IRE)"	"22.00"	"28"	"Handicap"	"5"	"11"	"Chaloner, G"	"Whitaker, R M"	"7f "	"8"	"32"
"19:10:00"	"2014-10-24"	"Dundalk"	"Trinity Force (IRE)"	"7.00"	"9.4"	"Handicap"	"8"	"14"	"Keane, C T"	"Lyons, G M"	"7f "	"3"	"173"
"18:10:00"	"2014-10-23"	"Kempton"	"White Russian"	"12.00"	"16.95"	"Handicap"	"4"	"14"	"Scott, Amy"	"Candy, H"	"1m "	"3"	"41"
"18:10:00"	"2014-10-23"	"Kempton"	"Real Tigress (IRE)"	"10.00"	"13"	"Handicap"	"5"	"14"	"Allan, David"	"Eyre, J L"	"1m "	"5"	"30"
"20:25:00"	"2014-10-22"	"Kempton"	"Dream Approval (IRE)"	"33.00"	"65"	"Handicap Nursery"	"6"	"10"	"Morris, Luke"	"Kubler, Daniel"	"7f "	"2"	"31"
"17:00:00"	"2014-10-21"	"Lingfield"	"Real Jazz (IRE)"	"2.75"	"4.43"	"Handicap"	"4"	"13"	"Morris, Luke"	"Prescott, Sir Mark"	"1m2f "	"3"	"46"
"16:50:00"	"2014-10-21"	"Wolverhampton"	"Lovelocks (IRE)"	"12.00"	"16.5"	"Handicap"	"12"	"12"	"Hanagan, Paul"	"Hills, Charles"	"1m4f "	"3"	"34"
"16:30:00"	"2014-10-21"	"Lingfield"	"Pendo"	"3.50"	"5.1"	"Handicap"	"7"	"14"	"Morris, Luke"	"Cole, P F I"	"1m2f "	"3"	"29"
"20:45:00"	"2014-10-18"	"Wolverhampton"	"The Cash Generator (IRE)"	"7.50"	"9.36"	"Handicap"	"2"	"13"	"Murphy, Oisin"	"Smith, R J"	"1m1.5f "	"6"	"169"
"19:15:00"	"2014-10-18"	"Wolverhampton"	"Lynngale"	"7.50"	"9"	"Handicap"	"4"	"11"	"Eaves, Tom"	"Stubbs, Kristin"	"1m.5f "	"3"	"37"
"18:15:00"	"2014-10-18"	"Wolverhampton"	"Millys Secret (IRE)"	"7.00"	"9.8"	"Handicap"	"8"	"12"	"Nolan, D"	"OMeara, D"	"6f "	"3"	"26"
"19:40:00"	"2014-10-17"	"Dundalk"	"Moonmeister (IRE)"	"2.00"	"3.05"	"Handicap"	"6"	"12"	"Lordan, W M"	"Elliott, Gordon"	"1m "	"3"	"36"
"18:40:00"	"2014-10-17"	"Dundalk"	"Al Fahidi (IRE)"	"6.00"	"8.03"	"Handicap"	"7"	"14"	"Halpin, G P"	"Oliver, Andrew"	"7f "	"4"	"29"
"18:20:00"	"2014-10-17"	"Wolverhampton"	"Silver Mirage"	"3.50"	"4.93"	"Handicap"	"3"	"10"	"Steward, Louis"	"Bell, M L W"	"6f "	"3"	"54"
"17:50:00"	"2014-10-17"	"Wolverhampton"	"Backstage Gossip"	"6.00"	"7.4"	"Handicap"	"1"	"11"	"Shoemark, Kieran"	"Morrison, H"	"6f "	"3"	"66"
"19:00:00"	"2014-10-16"	"Wolverhampton"	"Muradif (IRE)"	"7.00"	"8.37"	"Handicap Nursery"	"3"	"10"	"Sanders, Seb"	"Haggas, W J"	"1m.5f "	"2"	"64"
"18:00:00"	"2014-10-16"	"Wolverhampton"	"Geological (IRE)"	"11.00"	"14.5"	"Handicap Nursery"	"1"	"9"	"Hughes, Richard"	"Hannon (Jnr), Richard"	"6f "	"2"	"33"
"20:45:00"	"2014-10-15"	"Kempton"	"Perfect Persuasion"	"3.00"	"5.01"	"Handicap"	"2"	"14"	"Moore, Ryan"	"Haggas, W J"	"7f "	"3"	"28"
"17:15:00"	"2014-10-15"	"Lingfield"	"Fiftyshadesofgrey (IRE)"	"6.00"	"7.6"	"Handicap"	"1"	"12"	"Cosgrave, Pat"	"Baker, George"	"1m "	"3"	"37"
"19:30:00"	"2014-10-14"	"Wolverhampton"	"Almanack"	"20.00"	"31.87"	"Handicap"	"1"	"10"	"Alison, Nathan"	"Williams, Ian"	"1m.5f "	"4"	"26"
"20:55:00"	"2014-10-08"	"Kempton"	"Brigliadoro (IRE)"	"7.00"	"9"	"Handicap"	"1"	"11"	"Brock, Danny"	"McBride, P J"	"7f "	"3"	"110"
"20:35:00"	"2014-10-07"	"Kempton"	"Dangerous Age"	"25.00"	"55"	"Handicap"	"5"	"12"	"Drowne, Steve"	"Hills, Charles"	"6f "	"4"	"27"
"18:05:00"	"2014-10-07"	"Kempton"	"Semaral (IRE)"	"20.00"	"26"	"Handicap"	"1"	"9"	"Durcan, Ted"	"Wall, C F"	"1m "	"3"	"84"
"18:05:00"	"2014-10-07"	"Kempton"	"Blue Army"	"1.50"	"2.64"	"Handicap"	"4"	"9"	"Hughes, Richard"	"Suroor, Saeed Bin"	"1m "	"3"	"69"
"21:00:00"	"2014-10-04"	"Wolverhampton"	"Spinning Cobblers"	"14.00"	"16.88"	"Handicap"	"13"	"13"	"Kingscote, Richard"	"Williams, S C"	"1m1.5f "	"3"	"52"
"19:30:00"	"2014-10-04"	"Wolverhampton"	"Knavery (USA)"	"5.00"	"6.8"	"Handicap"	"4"	"12"	"Fanning, Joe"	"Varian, Roger"	"1m1.5f "	"3"	"80"
"17:25:00"	"2014-10-04"	"Wolverhampton"	"Patronella (IRE)"	"7.50"	"9.8"	"Handicap"	"9"	"12"	"Lane, Martin"	"Simcock, D M"	"1m1.5f "	"3"	"38"
"20:10:00"	"2014-10-03"	"Dundalk"	"Snowmane (IRE)"	"2.50"	"3.75"	"Handicap"	"1"	"9"	"Keane, C T"	"Lyons, G M"	"1m2.5f "	"3"	"30"
"18:15:00"	"2014-10-02"	"Kempton"	"Ghalib (IRE)"	"5.00"	"7.11"	"Handicap Nursery"	"4"	"13"	"Harley, M"	"Botti, M"	"1m "	"2"	"43"
"21:00:00"	"2014-09-27"	"Wolverhampton"	"City Of Angkor Wat (IRE)"	"4.50"	"6.69"	"Handicap"	"1"	"12"	"Norton, Francis"	"Hughes, Jo"	"1m1.5f "	"4"	"29"
"20:40:00"	"2014-09-26"	"Dundalk"	"Calle Aneto (IRE)"	"6.00"	"8.16"	"Handicap"	"6"	"14"	"Lee, W J"	"Morgan, Ms Joanna"	"1m2.5f "	"8"	"98"
"17:30:00"	"2014-09-23"	"Lingfield"	"Saxon Princess (IRE)"	"5.00"	"6.83"	"Handicap"	"8"	"13"	"Probert, David"	"Charlton, Roger/Harry"	"1m2f "	"3"	"126"
"16:30:00"	"2014-09-23"	"Lingfield"	"Black Vale (IRE)"	"8.00"	"12"	"Handicap"	"12"	"12"	"Murphy, Oisin"	"Smith, R J"	"1m "	"3"	"92"
"14:20:00"	"2014-09-23"	"Lingfield"	"Oriental Splendour (IRE)"	"2.75"	"3.9"	"Handicap Nursery"	"3"	"10"	"Doyle, James"	"Charlton, Roger/Harry"	"5f "	"2"	"31"
"17:40:00"	"2014-09-22"	"Kempton"	"Killing Time (IRE)"	"10.00"	"12.1"	"Handicap"	"1"	"11"	"Crowley, Jim"	"Beckett, R M"	"1m "	"3"	"28"
"17:10:00"	"2014-09-22"	"Kempton"	"Freemason"	"1.10"	"2.79"	"Handicap"	"10"	"10"	"Moore, Ryan"	"Stoute, Sir Michael"	"1m4f "	"3"	"27"
"18:20:00"	"2014-09-20"	"Wolverhampton"	"Point North (IRE)"	"9.00"	"11.5"	"Handicap"	"9"	"9"	"Morris, Luke"	"Balding, J"	"6f "	"7"	"133"
"19:10:00"	"2014-09-18"	"Kempton"	"Dream Impossible (IRE)"	"50.00"	"93.7"	"Handicap"	"9"	"10"	"Drowne, Steve"	"Makin, P J"	"1m "	"3"	"38"
"17:30:00"	"2014-09-15"	"Wolverhampton"	"Robben"	"3.00"	"5.4"	"Handicap Nursery"	"6"	"11"	"Gray, S A"	"Ryan, K A"	"7f "	"2"	"28"
"16:30:00"	"2014-09-15"	"Wolverhampton"	"Mindurownbusiness (IRE)"	"2.25"	"3.58"	"Handicap"	"4"	"6"	"Crowley, Jim"	"Simcock, D M"	"1m.5f "	"3"	"44"
"21:10:00"	"2014-09-13"	"Wolverhampton"	"Whipphound"	"20.00"	"50.39"	"Handicap"	"9"	"12"	"Mulrennan, Paul"	"Brisbourne, W M"	"6f "	"6"	"71"
"20:40:00"	"2014-09-13"	"Wolverhampton"	"Instant Attraction (IRE)"	"6.50"	"7.6"	"Handicap"	"1"	"6"	"Garritty, Jack"	"OKeeffe, Jedd"	"7f "	"3"	"26"
"18:40:00"	"2014-09-13"	"Wolverhampton"	"Super Moment (IRE)"	"3.50"	"5"	"Handicap"	"7"	"12"	"Tylicki, Frederik"	"Suroor, Saeed Bin"	"1m1.5f "	"3"	"32"
"18:40:00"	"2014-09-13"	"Wolverhampton"	"Mountain Range (IRE)"	"14.00"	"17"	"Handicap"	"12"	"12"	"Donohoe, Stephen"	"Musson, W J"	"1m1.5f "	"6"	"222"
"17:25:00"	"2014-09-13"	"Lingfield"	"Poste Restante"	"12.00"	"14.38"	"Handicap"	"6"	"10"	"Lane, Martin"	"Simcock, D M"	"1m5f "	"4"	"39"
"17:45:00"	"2014-09-06"	"Wolverhampton"	"Purple Lane (IRE)"	"2.50"	"3.86"	"Handicap"	"3"	"8"	"Lane, Martin"	"Simcock, D M"	"7f "	"3"	"32"
"14:55:00"	"2014-09-06"	"Kempton"	"Tigers Tale (IRE)"	"20.00"	"26"	"Handicap"	"1"	"16"	"Brock, Danny"	"Teal, R A"	"1m "	"5"	"37"
"14:55:00"	"2014-09-06"	"Kempton"	"George Cinq"	"9.00"	"12.03"	"Handicap"	"6"	"16"	"Steward, Louis"	"Bell, M L W"	"1m "	"4"	"37"
"17:05:00"	"2014-09-03"	"Lingfield"	"Gilbeys Mate"	"7.00"	"11.7"	"Handicap"	"7"	"12"	"Buick, William"	"Gosden, J H M"	"1m2f "	"3"	"56"
"18:05:00"	"2014-02-28"	"Wolverhampton"	"Havelovewilltravel (IRE)"	"1.50"	"3.42"	"Handicap"	"3"	"8"	"Spencer, Jamie"	"Noseda, J"	"1m1.5f "	"4"	"48"
"19:30:00"	"2014-02-27"	"Kempton"	"Spirit Rider (USA)"	"33.00"	"52.88"	"Handicap"	"10"	"10"	"Donaghy, Patrick"	"Bravery, G C"	"7f "	"4"	"206"
"17:30:00"	"2014-02-27"	"Kempton"	"Byron Gala"	"0.80"	"1.85"	"Handicap"	"2"	"11"	"Kirby, Adam"	"Botti, M"	"1m "	"3"	"121"
"15:20:00"	"2014-02-27"	"Southwell"	"Staff Sergeant"	"3.50"	"4.6"	"Handicap"	"3"	"6"	"Mullen, Andrew"	"Appleby, M"	"1m4f "	"7"	"28"
"20:20:00"	"2014-02-26"	"Kempton"	"Stun Gun"	"7.00"	"9.07"	"Handicap"	"6"	"10"	"Swift, Mr Dale"	"Shaw, D"	"1m "	"4"	"29"
"18:20:00"	"2014-02-26"	"Kempton"	"Harrogate Fair"	"25.00"	"31.48"	"Handicap"	"9"	"9"	"Jones, Liam"	"Squance, M D"	"6f "	"4"	"128"
"16:00:00"	"2014-02-24"	"Wolverhampton"	"Fantasy King"	"6.50"	"8.2"	"Handicap"	"3"	"5"	"Queally, T P"	"Moffatt, James"	"1m4f "	"8"	"135"
"20:30:00"	"2014-02-21"	"Wolverhampton"	"Tatting"	"10.00"	"14.5"	"Handicap"	"1"	"10"	"Keniry, L P"	"Dwyer, C A"	"1m1.5f "	"5"	"32"
"20:15:00"	"2014-02-21"	"Dundalk"	"Seismic (IRE)"	"8.00"	"12.55"	"Handicap"	"PU"	"14"	"Hussey, M C"	"Elliott, Gordon"	"1m2.5f "	"4"	"35"
"18:00:00"	"2014-02-20"	"Wolverhampton"	"Primary Route (IRE)"	"10.00"	"14.6"	"Handicap"	"11"	"11"	"Gibbons, Graham"	"Barron, T D"	"1m1.5f "	"4"	"48"
"16:05:00"	"2014-02-19"	"Lingfield"	"Major Crispies"	"3.50"	"4.7"	"Handicap"	"1"	"7"	"Tate, Ryan"	"Eustace, J M P"	"6f "	"3"	"139"
"15:05:00"	"2014-02-19"	"Lingfield"	"Drinkuptrig (IRE)"	"1.00"	"2.24"	"Handicap"	"PU"	"11"	"Atzeni, Andrea"	"Williams, S C"	"7f "	"3"	"25"
"17:45:00"	"2014-02-17"	"Wolverhampton"	"See The Storm"	"28.00"	"36.36"	"Handicap"	"9"	"12"	"Farley, Neil"	"Alston, E J"	"7f "	"6"	"175"
"16:30:00"	"2014-02-15"	"Lingfield"	"Commissar"	"8.00"	"9.6"	"Handicap"	"1"	"10"	"Queally, T P"	"Williams, Ian"	"1m "	"5"	"96"
"18:40:00"	"2014-02-13"	"Kempton"	"Compton Bird"	"16.00"	"23.39"	"Handicap"	"1"	"13"	"Kingscote, Richard"	"Fitzsimons, P"	"1m "	"5"	"119"
"19:45:00"	"2014-02-12"	"Kempton"	"Pour La Victoire (IRE)"	"5.00"	"6.38"	"Handicap"	"2"	"11"	"Morris, Luke"	"Carroll, A W"	"1m "	"4"	"28"
"16:30:00"	"2014-02-10"	"Wolverhampton"	"Appease"	"5.50"	"6.92"	"Handicap"	"3"	"8"	"Queally, T P"	"Butler, John"	"1m1.5f "	"5"	"133"
"18:30:00"	"2014-02-07"	"Wolverhampton"	"Singzak"	"2.25"	"3.32"	"Handicap"	"1"	"8"	"Gibbons, Graham"	"Easterby, M W"	"1m6f "	"6"	"43"
"14:50:00"	"2014-02-02"	"Kempton"	"Offbeat Safaris (IRE)"	"11.00"	"13.01"	"Handicap"	"9"	"12"	"Morris, Luke"	"Harris, R A"	"1m "	"6"	"26"
"16:05:00"	"2014-02-01"	"Lingfield"	"Black Truffle (FR)"	"7.00"	"10.5"	"Handicap"	"4"	"12"	"Jenner, Charlotte"	"Usher, M D I"	"7f "	"4"	"124"
"15:30:00"	"2014-02-01"	"Lingfield"	"Roman Flight (IRE)"	"16.00"	"22.8"	"Handicap"	"5"	"8"	"Catlin, Chris"	"Dennis, David"	"1m4f "	"6"	"58"
"20:45:00"	"2014-01-31"	"Dundalk"	"Habesh (IRE)"	"2.75"	"3.9"	"Handicap"	"3"	"13"	"OBrien, J P"	"OSullivan, Eugene M"	"1m4f "	"5"	"42"
"18:50:00"	"2014-01-29"	"Kempton"	"Tasrih (USA)"	"4.50"	"5.99"	"Handicap"	"8"	"8"	"Queally, T P"	"McCabe, A J"	"7f "	"5"	"39"
"14:40:00"	"2014-01-27"	"Wolverhampton"	"True That (IRE)"	"4.50"	"6.39"	"Handicap"	"9"	"13"	"Willey, Mr John"	"Ellison, B"	"6f "	"4"	"120"
"16:00:00"	"2014-01-26"	"Wolverhampton"	"Lilac Tree"	"2.25"	"3.56"	"Handicap"	"1"	"7"	"Fanning, Joe"	"Johnston, M"	"1m4f "	"4"	"75"
"15:45:00"	"2014-01-25"	"Lingfield"	"Captain Cat (IRE)"	"1.10"	"2.35"	"Handicap"	"2"	"10"	"Baker, George"	"Charlton, Roger/Harry"	"1m2f "	"5"	"44"
"12:15:00"	"2014-01-25"	"Lingfield"	"Drinkuptrig (IRE)"	"1.50"	"2.54"	"Handicap"	"4"	"8"	"Levey, S M"	"Williams, S C"	"6f "	"3"	"66"
"12:15:00"	"2014-01-25"	"Lingfield"	"Exceed And Exceed"	"4.00"	"5.28"	"Handicap"	"8"	"8"	"Spencer, Jamie"	"Margarson, G G"	"6f "	"3"	"54"
"20:15:00"	"2014-01-24"	"Dundalk"	"South South West (IRE)"	"4.50"	"5.54"	"Handicap"	"14"	"14"	"Grant, D M"	"Flynn, Patrick J"	"1m2.5f "	"5"	"232"
"18:30:00"	"2014-01-23"	"Kempton"	"Java Rose"	"7.00"	"11.73"	"Handicap"	"1"	"11"	"Kirby, Adam"	"Longsdon, C E"	"1m4f "	"5"	"37"
"15:10:00"	"2014-01-23"	"Southwell"	"Resolute"	"0.62"	"1.68"	"Handicap"	"3"	"5"	"Jones, Liam"	"Haggas, W J"	"1m "	"3"	"28"
"18:55:00"	"2014-01-22"	"Kempton"	"Zain Zone (IRE)"	"16.00"	"22.71"	"Handicap"	"6"	"6"	"Kirby, Adam"	"Cowell, R M H"	"6f "	"3"	"177"
"16:05:00"	"2014-01-22"	"Lingfield"	"Resonare"	"2.75"	"3.89"	"Handicap"	"2"	"10"	"Garritty, Jack"	"Williams, S C"	"7f "	"5"	"92"
"15:15:00"	"2014-01-21"	"Southwell"	"Alben Star (IRE)"	"2.50"	"3.9"	"Handicap"	"8"	"11"	"Chaloner, G"	"Fahey, R A"	"5f "	"6"	"32"
"16:30:00"	"2014-01-19"	"Kempton"	"Bobs Her Uncle"	"3.00"	"7.4"	"Handicap"	"8"	"13"	"Kirby, Adam"	"Bethell, J D"	"1m3f "	"5"	"53"
"15:45:00"	"2014-01-18"	"Lingfield"	"Strictly Silver (IRE)"	"5.00"	"7.4"	"Handicap"	"10"	"12"	"Winston, Robert"	"Bailey, A"	"1m "	"5"	"72"
"15:45:00"	"2014-01-18"	"Lingfield"	"Upavon"	"33.00"	"71.89"	"Handicap"	"11"	"12"	"Keniry, L P"	"Elsworth, D R C"	"1m "	"4"	"37"
"15:45:00"	"2014-01-18"	"Lingfield"	"Haaf A Sixpence"	"2.75"	"4.21"	"Handicap"	"12"	"12"	"Crowley, Jim"	"Beckett, R M"	"1m "	"5"	"49"
"16:05:00"	"2014-01-17"	"Lingfield"	"Shadarpour (IRE)"	"7.00"	"9.03"	"Handicap"	"2"	"10"	"Baker, George"	"Moore, Gary and Josh"	"2m "	"5"	"36"
"19:00:00"	"2014-01-16"	"Wolverhampton"	"Palus San Marco (IRE)"	"33.00"	"43.44"	"Handicap"	"8"	"10"	"Morris, Luke"	"Carroll, A W"	"1m1.5f "	"5"	"48"
"18:55:00"	"2014-01-15"	"Kempton"	"Pour La Victoire (IRE)"	"2.25"	"3.54"	"Handicap"	"10"	"11"	"Morris, Luke"	"Carroll, A W"	"7f "	"4"	"102"
"17:10:00"	"2014-01-13"	"Wolverhampton"	"Hejaz (IRE)"	"2.75"	"4.3"	"Handicap"	"5"	"5"	"Donohoe, Stephen"	"Pitt, T J"	"1m4f "	"4"	"209"
"15:40:00"	"2014-01-13"	"Wolverhampton"	"Spreadable (IRE)"	"1.00"	"2.04"	"Handicap"	"1"	"9"	"Morris, Luke"	"Littmoden, N P"	"6f "	"3"	"42"
"14:00:00"	"2014-01-12"	"Wolverhampton"	"Expect"	"3.00"	"4.3"	"Handicap"	"2"	"7"	"Harley, M"	"Noseda, J"	"5f "	"3"	"31"
"14:00:00"	"2014-01-12"	"Wolverhampton"	"Song of Rowland (IRE)"	"33.00"	"82.82"	"Handicap"	"7"	"7"	"Carson, William"	"Jones, A E"	"5f "	"3"	"113"
"15:45:00"	"2014-01-11"	"Lingfield"	"Havelovewilltravel (IRE)"	"2.00"	"4.8"	"Handicap"	"3"	"10"	"Lee, G"	"Noseda, J"	"1m2f "	"4"	"58"
"19:15:00"	"2014-01-10"	"Dundalk"	"Carenza (IRE)"	"11.00"	"18.21"	"Handicap"	"7"	"9"	"Lordan, W M"	"Marnane, David"	"1m "	"4"	"110"
"18:15:00"	"2014-01-10"	"Dundalk"	"Times In Anatefka (IRE)"	"4.50"	"6"	"Handicap"	"3"	"11"	"Lynch, Fergal"	"Joyce, Adrian Brendan"	"5f "	"4"	"35"
"14:30:00"	"2014-01-10"	"Lingfield"	"Serenity Spa"	"10.00"	"15.57"	"Handicap"	"4"	"7"	"Downing, George"	"Carroll, A W"	"1m "	"4"	"137"
"13:30:00"	"2014-01-10"	"Lingfield"	"Nights Watch"	"4.50"	"5.7"	"Handicap"	"1"	"10"	"Havlin, Robert"	"Jarvis, W"	"1m2f "	"4"	"39"
"16:40:00"	"2014-01-09"	"Wolverhampton"	"Canon Law (IRE) (OLD)"	"8.00"	"11"	"Handicap"	"2"	"4"	"James, S H"	"OMeara, D"	"1m.5f "	"4"	"107"
"15:50:00"	"2014-01-09"	"Southwell"	"Wealth (IRE)"	"6.00"	"7.03"	"Handicap"	"5"	"5"	"Hamilton, Tony"	"Fahey, R A"	"1m3f "	"3"	"35"
"18:10:00"	"2014-01-08"	"Kempton"	"Insolenceofoffice (IRE)"	"5.00"	"6.95"	"Handicap"	"1"	"9"	"Lee, G"	"Ford, R"	"6f "	"6"	"26"
"15:10:00"	"2014-01-08"	"Lingfield"	"Seek The Fair Land"	"4.50"	"6.4"	"Handicap"	"2"	"10"	"Quinn, Amir"	"Carter, Lee"	"6f "	"8"	"25"
"14:00:00"	"2014-01-08"	"Lingfield"	"Marias Choice (IRE)"	"16.00"	"19"	"Handicap"	"7"	"10"	"Morris, Luke"	"McCabe, A J"	"1m2f "	"5"	"26"
"16:10:00"	"2014-01-06"	"Wolverhampton"	"Dodina (IRE)"	"2.00"	"3.34"	"Handicap"	"3"	"8"	"Swift, Mr Dale"	"Ellison, B"	"6f "	"4"	"38"
"16:10:00"	"2014-01-06"	"Wolverhampton"	"Lady Poppy"	"8.00"	"8.76"	"Handicap"	"5"	"8"	"McDonald, P J"	"Moore, G M"	"6f "	"4"	"84"
"15:10:00"	"2014-01-06"	"Wolverhampton"	"Minstrel Lad"	"4.50"	"6.8"	"Handicap"	"4"	"11"	"Aspell, P"	"Pearce, Mrs Lydia"	"1m1.5f "	"6"	"35"
"20:45:00"	"2014-01-03"	"Dundalk"	"Timjoe (IRE)"	"7.00"	"9.15"	"Handicap"	"2"	"13"	"Cleary, R P"	"OBrien, Terence"	"1m2.5f "	"7"	"37"
"12:30:00"	"2014-01-03"	"Southwell"	"Columbian Roulette (IRE)"	"1.50"	"2.64"	"Handicap"	"UR"	"7"	"Dwyer, Martin"	"Hills, Charles"	"1m "	"3"	"39"
"16:20:00"	"2014-01-02"	"Wolverhampton"	"Eshtyaaq"	"8.00"	"11.5"	"Handicap"	"5"	"7"	"Catlin, Chris"	"Evans, P D"	"2m.5f "	"7"	"35"
"13:00:00"	"2014-01-02"	"Southwell"	"Only Ten Per Cent (IRE)"	"10.00"	"15.5"	"Handicap"	"2"	"11"	"Craine, S J"	"Jenkins, J R"	"5f "	"6"	"44"
"12:15:00"	"2014-01-01"	"Southwell"	"Bethan"	"3.50"	"5.1"	"Handicap"	"3"	"5"	"Beschizza,Adam "	"Feilden, Miss J"	"1m4f "	"5"	"28"
"15:50:00"	"2013-10-31"	"Lingfield"	"Red Warrior (IRE)"	"10.00"	"11.87"	"Handicap"	"2"	"11"	"Queally, T P"	"Mohammed, Ismail"	"1m2f "	"3"	"40"
"19:40:00"	"2013-10-30"	"Kempton"	"Princess Willow"	"7.50"	"9.4"	"Handicap"	"4"	"14"	"Marshall, Jemma"	"Long, J E"	"1m4f "	"5"	"55"
"19:10:00"	"2013-10-30"	"Kempton"	"Noble Protector"	"2.75"	"3.87"	"Handicap"	"2"	"6"	"Queally, T P"	"Kittow, W S"	"1m3f "	"3"	"47"
"18:40:00"	"2013-10-30"	"Kempton"	"Dream And Search (GER)"	"8.00"	"9.73"	"Handicap Nursery"	"8"	"9"	"Bentley, Harry"	"Hills, Charles"	"7f "	"2"	"54"
"17:10:00"	"2013-10-29"	"Wolverhampton"	"Jinker Noble"	"4.50"	"5.64"	"Handicap"	"2"	"10"	"Cosgrave, Pat"	"De Giles, Ed"	"6f "	"4"	"31"
"20:45:00"	"2013-10-26"	"Wolverhampton"	"Conserve (IRE)"	"1.25"	"2.53"	"Handicap"	"4"	"7"	"Queally, T P"	"Cecil, Lady"	"1m1.5f "	"3"	"57"
"18:45:00"	"2013-10-26"	"Wolverhampton"	"Aegaeus"	"16.00"	"21"	"Handicap"	"4"	"10"	"Lee, G"	"Dunlop, E A L"	"1m6f "	"4"	"29"
"18:45:00"	"2013-10-26"	"Wolverhampton"	"Masterful Act (USA)"	"20.00"	"31.82"	"Handicap"	"7"	"10"	"Twiston-Davies, Mr W"	"McCabe, A J"	"1m6f "	"6"	"58"
"19:15:00"	"2013-10-25"	"Dundalk"	"Machete Mark (IRE)"	"3.33"	"4.8"	"Handicap"	"7"	"10"	"Keane, C T"	"Lyons, G M"	"7f "	"3"	"26"
"18:40:00"	"2013-10-24"	"Wolverhampton"	"Pilates (IRE)"	"4.00"	"5.5"	"Handicap"	"6"	"9"	"Sousa, Silvestre De"	"Johnston, M"	"7f "	"3"	"30"
"19:50:00"	"2013-10-23"	"Kempton"	"George Baker (IRE)"	"10.00"	"13.86"	"Handicap"	"14"	"14"	"Cosgrave, Pat"	"Baker, George"	"1m "	"6"	"64"
"17:40:00"	"2013-10-22"	"Kempton"	"Bejeweled (IRE)"	"4.50"	"6.2"	"Handicap"	"8"	"9"	"Clark, Tim"	"Cecil, Lady"	"1m3f "	"3"	"25"
"16:30:00"	"2013-10-22"	"Lingfield"	"Desert Command"	"1.50"	"2.7"	"Handicap"	"2"	"10"	"Probert, David"	"Balding, A M"	"5f "	"3"	"57"
"20:50:00"	"2013-10-19"	"Wolverhampton"	"Petrify"	"9.00"	"11"	"Handicap"	"4"	"11"	"Atzeni, Andrea"	"Cumani, L M"	"1m.5f "	"3"	"35"
"20:50:00"	"2013-10-19"	"Wolverhampton"	"Larghetto (USA)"	"33.00"	"55"	"Handicap"	"11"	"11"	"Kelly, Shane"	"Stimpson, J T"	"1m.5f "	"5"	"180"
"21:15:00"	"2013-10-18"	"Dundalk"	"Hangar Five (IRE)"	"8.00"	"13"	"Handicap"	"1"	"14"	"Grant, D M"	"Flynn, Patrick J"	"1m2.5f "	"5"	"63"
"20:15:00"	"2013-10-18"	"Dundalk"	"Idlewild"	"11.00"	"16.69"	"Handicap"	"10"	"14"	"King, Connor"	"Murphy, John Joseph"	"1m2.5f "	"3"	"59"
"18:25:00"	"2013-10-18"	"Wolverhampton"	"Sunset Shore"	"12.00"	"19.38"	"Handicap Nursery"	"2"	"7"	"Catlin, Chris"	"Prescott, Sir Mark"	"5f "	"2"	"48"
"20:20:00"	"2013-10-17"	"Kempton"	"Noor Al Haya (IRE)"	"16.00"	"24.6"	"Handicap"	"7"	"12"	"ONeill, K T"	"Usher, M D I"	"2m "	"3"	"52"
"19:50:00"	"2013-10-12"	"Wolverhampton"	"Elizabeth Coffee (IRE)"	"11.00"	"13.35"	"Handicap"	"10"	"12"	"Haynes, Joey"	"Weymes, J R"	"1m1.5f "	"5"	"26"
"18:20:00"	"2013-10-12"	"Wolverhampton"	"Sukari Gold (IRE)"	"3.50"	"5.28"	"Handicap Nursery"	"7"	"10"	"Kingscote, Richard"	"Dascombe, Tom"	"6f "	"2"	"25"
"21:20:00"	"2013-10-11"	"Dundalk"	"Tooreen Legend (IRE)"	"16.00"	"22.72"	"Handicap"	"2"	"14"	"Lee, W J"	"Stack, T"	"1m4f "	"3"	"26"
"21:20:00"	"2013-10-11"	"Dundalk"	"Bensoon"	"7.00"	"9.31"	"Handicap"	"6"	"14"	"Hoban, Connor"	"Halford, M"	"1m4f "	"4"	"28"
"19:40:00"	"2013-10-09"	"Kempton"	"Duke Of Perth"	"7.00"	"9.2"	"Handicap"	"5"	"10"	"Fallon, K"	"Cumani, L M"	"1m3f "	"3"	"40"
"21:15:00"	"2013-10-05"	"Wolverhampton"	"Indias Song"	"10.00"	"12.18"	"Handicap"	"5"	"7"	"Lane, Martin"	"Simcock, D M"	"1m.5f "	"3"	"193"
"18:30:00"	"2013-10-05"	"Wolverhampton"	"Awattan"	"11.00"	"13.84"	"Handicap"	"6"	"6"	"Keniry, L P"	"Vaughan, E F"	"1m4f "	"3"	"207"
"20:55:00"	"2013-10-04"	"Wolverhampton"	"Lyric Piece"	"2.50"	"3.8"	"Handicap"	"3"	"8"	"Harley, M"	"Prescott, Sir Mark"	"1m1.5f "	"3"	"30"
"20:15:00"	"2013-10-04"	"Dundalk"	"General Brook (IRE)"	"7.00"	"10.26"	"Handicap"	"5"	"11"	"Lordan, W M"	"Wachman, David"	"1m2.5f "	"3"	"86"
"20:15:00"	"2013-10-04"	"Dundalk"	"Won Diamond"	"5.00"	"7.89"	"Handicap"	"10"	"11"	"Smullen, P J"	"Halford, M"	"1m2.5f "	"3"	"27"
"19:55:00"	"2013-10-04"	"Wolverhampton"	"Gabrial The Boss (USA)"	"20.00"	"27.55"	"Handicap"	"3"	"8"	"Kirby, Adam"	"Simcock, D M"	"7f "	"3"	"48"
"18:55:00"	"2013-10-04"	"Wolverhampton"	"Gods Gift (IRE)"	"3.50"	"5.54"	"Handicap"	"6"	"8"	"Catlin, Chris"	"Guest, Rae"	"1m6f "	"3"	"57"
"18:55:00"	"2013-10-04"	"Wolverhampton"	"Impertinent"	"20.00"	"30.27"	"Handicap"	"7"	"8"	"Mathers, Patrick"	"Portman, J G"	"1m6f "	"3"	"157"
"18:15:00"	"2013-10-04"	"Dundalk"	"Moonbi Creek (IRE)"	"8.00"	"10.18"	"Handicap"	"12"	"14"	"Roche, L F"	"Weld, D K"	"1m "	"6"	"29"
"21:10:00"	"2013-10-03"	"Wolverhampton"	"Rocky Couloir"	"4.50"	"6.37"	"Handicap"	"8"	"11"	"Gibbons, Graham"	"Easterby, M W"	"1m.5f "	"3"	"30"
"18:10:00"	"2013-10-03"	"Wolverhampton"	"Gregori (IRE)"	"6.00"	"8.2"	"Handicap"	"1"	"11"	"ONeill, Dane"	"Meehan, B J"	"6f "	"3"	"33"
"17:40:00"	"2013-10-02"	"Kempton"	"Rightcar"	"5.00"	"7.4"	"Handicap"	"8"	"9"	"OHara, Slade"	"Grayson, Peter"	"5f "	"6"	"179"
"20:50:00"	"2013-10-01"	"Kempton"	"Blessing Box"	"8.00"	"11.52"	"Handicap"	"11"	"12"	"Sanders, Seb"	"Wall, C F"	"6f "	"3"	"37"
"20:20:00"	"2013-10-01"	"Kempton"	"Al Saham"	"1.50"	"2.9"	"Handicap"	"4"	"7"	"Sousa, Silvestre De"	"Suroor, Saeed Bin"	"1m3f "	"4"	"66"
"19:20:00"	"2013-10-01"	"Kempton"	"Intiba (USA)"	"5.00"	"13.5"	"Handicap"	"11"	"11"	"Sousa, Silvestre De"	"Suroor, Saeed Bin"	"1m "	"3"	"36"
"19:00:00"	"2013-09-28"	"Wolverhampton"	"By The Light (IRE)"	"25.00"	"38"	"Handicap Nursery"	"3"	"8"	"Fanning, Joe"	"Johnston, M"	"1m.5f "	"2"	"32"
"21:10:00"	"2013-09-27"	"Wolverhampton"	"Hidden Link"	"33.00"	"46.82"	"Handicap"	"7"	"9"	"Morris, Luke"	"Harris, R A"	"1m1.5f "	"3"	"78"
"20:20:00"	"2013-09-27"	"Dundalk"	"Lonan (IRE)"	"3.50"	"5.5"	"Handicap"	"5"	"14"	"Hoban, Connor"	"Halford, M"	"1m4f "	"4"	"112"
"19:20:00"	"2013-09-27"	"Dundalk"	"Woodsophiesmile (IRE)"	"4.00"	"5.64"	"Handicap"	"1"	"14"	"Lordan, W M"	"Martin, A J"	"1m "	"3"	"31"
"18:10:00"	"2013-09-27"	"Wolverhampton"	"Amy Farah Fowler (IRE)"	"3.50"	"5.01"	"Handicap"	"7"	"10"	"Coumbe, Mark"	"Williams, Ian"	"1m.5f "	"4"	"26"
"18:45:00"	"2013-09-26"	"Wolverhampton"	"Dream Sika (IRE)"	"18.00"	"26.76"	"Handicap Nursery"	"8"	"10"	"Fahy, J P"	"Cox, C G"	"6f "	"2"	"31"
"20:00:00"	"2013-09-25"	"Kempton"	"Vital Evidence (USA)"	"8.00"	"11.54"	"Handicap"	"4"	"6"	"Doyle, James"	"Stoute, Sir Michael"	"1m3f "	"3"	"48"
"19:00:00"	"2013-09-25"	"Kempton"	"Choral Clan (IRE)"	"14.00"	"21.64"	"Handicap Nursery"	"11"	"13"	"Mitchell, Jack"	"Mitchell, P"	"7f "	"2"	"46"
"14:00:00"	"2013-09-24"	"Lingfield"	"Ice Slice (IRE)"	"3.00"	"4.8"	"Handicap Nursery"	"2"	"9"	"Hughes, Richard"	"Hannon, R"	"5f "	"2"	"32"
"17:20:00"	"2013-09-23"	"Kempton"	"Air Of Glory (IRE)"	"10.00"	"13.17"	"Handicap"	"11"	"14"	"Barzalona, Mickael"	"Appleby, Charlie"	"1m "	"3"	"96"
"16:50:00"	"2013-09-23"	"Kempton"	"Madame Vestris (IRE)"	"4.50"	"5.99"	"Handicap"	"5"	"8"	"Dobbs, Pat"	"Stoute, Sir Michael"	"1m4f "	"3"	"37"
"16:20:00"	"2013-09-23"	"Kempton"	"Panther Patrol (IRE)"	"20.00"	"25.23"	"Handicap"	"5"	"11"	"Fahy, J P"	"Houghton, Eve Johnson"	"6f "	"3"	"27"
"16:20:00"	"2013-09-23"	"Kempton"	"Spokeswoman (IRE)"	"16.00"	"21.51"	"Handicap"	"11"	"11"	"Barzalona, Mickael"	"Suroor, Saeed Bin"	"6f "	"3"	"26"
"21:10:00"	"2013-09-20"	"Wolverhampton"	"Malih"	"6.00"	"7.69"	"Handicap"	"6"	"11"	"Murphy, Michael J M"	"Osborne, J A"	"1m1.5f "	"4"	"35"
"21:10:00"	"2013-09-20"	"Wolverhampton"	"Magic Lando (FR)"	"3.50"	"5.63"	"Handicap"	"8"	"11"	"Brown, Thomas"	"Mohammed, Ismail"	"1m1.5f "	"3"	"25"
"20:10:00"	"2013-09-20"	"Wolverhampton"	"Sleek"	"3.00"	"4.96"	"Handicap"	"1"	"11"	"Atzeni, Andrea"	"Botti, M"	"7f "	"3"	"29"
"19:40:00"	"2013-09-20"	"Wolverhampton"	"Free Spin (IRE)"	"4.00"	"6.6"	"Handicap"	"1"	"10"	"McNiff, L"	"Barron, T D"	"7f "	"4"	"28"
"21:10:00"	"2013-09-19"	"Kempton"	"Koharu"	"14.00"	"19.6"	"Handicap"	"5"	"9"	"Bates, Mr D J"	"Makin, P J"	"6f "	"3"	"30"
"21:15:00"	"2013-09-18"	"Kempton"	"Avonmore Star"	"20.00"	"30.05"	"Handicap"	"9"	"9"	"Dwyer, Martin"	"Murphy, Mike"	"6f "	"5"	"202"
"20:45:00"	"2013-09-18"	"Kempton"	"Tagula Night (IRE)"	"9.00"	"11.33"	"Handicap"	"6"	"10"	"Hughes, Richard"	"Ivory, D K"	"6f "	"7"	"25"
"16:30:00"	"2013-09-16"	"Wolverhampton"	"Meridius (IRE)"	"10.00"	"14.5"	"Handicap"	"8"	"10"	"Quinn, Jimmy"	"Harrison, Gary"	"7f "	"3"	"54"
"17:30:00"	"2013-09-14"	"Kempton"	"Oh So Sassy"	"2.75"	"4.23"	"Handicap"	"1"	"9"	"Baker, George"	"Wall, C F"	"5f "	"3"	"94"
"17:30:00"	"2013-09-12"	"Wolverhampton"	"Tyrur Ted"	"12.00"	"16"	"Handicap"	"7"	"10"	"Zamecnikova, Dana"	"Sheridan, F"	"1m1.5f "	"8"	"59"
"19:15:00"	"2013-09-11"	"Kempton"	"Astorgs Galaxy"	"12.00"	"20"	"Handicap"	"4"	"8"	"Dobbs, Pat"	"Stoute, Sir Michael"	"1m4f "	"3"	"33"
"19:15:00"	"2013-09-11"	"Kempton"	"Tenor (IRE)"	"2.25"	"3.55"	"Handicap"	"5"	"8"	"ONeill, Dane"	"Varian, Roger"	"1m4f "	"3"	"67"
"17:20:00"	"2013-09-07"	"Kempton"	"Footstepsintherain (IRE)"	"10.00"	"13.39"	"Handicap"	"1"	"13"	"Durcan, Ted"	"Lanigan, D R"	"7f "	"3"	"59"
"17:20:00"	"2013-09-07"	"Kempton"	"Signor Sassi"	"14.00"	"16.5"	"Handicap"	"4"	"13"	"Spencer, Jamie"	"Knight, W J"	"7f "	"4"	"39"
"20:50:00"	"2013-09-06"	"Kempton"	"Duroble Man"	"20.00"	"24.57"	"Handicap"	"11"	"11"	"Sweeney, Fergus"	"King, A"	"1m3f "	"3"	"68"
"21:00:00"	"2013-09-04"	"Kempton"	"Perpetual Ambition"	"33.00"	"42.46"	"Handicap"	"10"	"12"	"Tylicki, Frederik"	"DArcy, P W"	"1m3f "	"3"	"27"
"16:50:00"	"2013-09-04"	"Lingfield"	"Stresa"	"5.00"	"6.88"	"Handicap"	"6"	"7"	"Buick, William"	"Gosden, J H M"	"1m2f "	"3"	"28"
"18:00:00"	"2013-09-03"	"Laytown"	"Saratoga Baby (IRE)"	"2.75"	"4.21"	"Handicap"	"1"	"9"	"Mangan, Miss J M"	"Fahey, Peter"	"7f "	"5"	"39"
"18:00:00"	"2013-09-03"	"Laytown"	"Phils Wish (IRE)"	"6.00"	"7.99"	"Handicap"	"5"	"9"	"Walsh, Ms K"	"McConnell, John C"	"7f "	"4"	"36"
"17:30:00"	"2013-02-27"	"Kempton"	"Thecornishcowboy"	"10.00"	"12.95"	"Handicap"	"5"	"8"	"Fahy, J P"	"Ryan, J"	"1m2f "	"4"	"68"
"15:40:00"	"2013-02-26"	"Lingfield"	"West Leake (IRE)"	"3.50"	"5.26"	"Handicap"	"1"	"9"	"Keniry, L P"	"Burgoyne, P"	"7f "	"7"	"33"
"14:10:00"	"2013-02-26"	"Lingfield"	"Flying Tempo"	"4.50"	"6.31"	"Handicap"	"2"	"5"	"Morgan, Ashley"	"Dunlop, E A L"	"1m2f "	"3"	"35"
"17:30:00"	"2013-02-25"	"Wolverhampton"	"Tatting"	"2.25"	"3.35"	"Handicap"	"7"	"12"	"Turner, Hayley"	"Dwyer, C A"	"1m.5f "	"4"	"78"
"16:20:00"	"2013-02-25"	"Kempton"	"Pearl Nation (USA)"	"12.00"	"19.98"	"Handicap"	"5"	"11"	"Carson, William"	"Baugh, B P J"	"1m "	"4"	"198"
"16:20:00"	"2013-02-25"	"Kempton"	"Prince Of Burma (IRE)"	"8.00"	"13.5"	"Handicap"	"10"	"11"	"Winston, Robert"	"Gask, J R"	"1m "	"5"	"33"
"20:50:00"	"2013-02-22"	"Dundalk"	"Circus Act"	"6.00"	"8.14"	"Handicap"	"PU"	"14"	"Foley, Shane"	"Duke, B W"	"1m2.5f "	"5"	"35"
"18:00:00"	"2013-02-22"	"Wolverhampton"	"Uncut Stone (IRE)"	"4.50"	"6.41"	"Handicap"	"5"	"10"	"Swift, Mr Dale"	"Niven, P D"	"1m6f "	"5"	"49"
"19:30:00"	"2013-02-20"	"Kempton"	"Roy The Boy (USA)"	"12.00"	"15"	"Handicap"	"5"	"9"	"Mackay, Nicky"	"Bailey, A"	"6f "	"5"	"49"
"15:25:00"	"2013-02-19"	"Southwell"	"Light Burst (USA)"	"2.00"	"3.24"	"Handicap"	"1"	"10"	"Brown, Thomas"	"Mohammed, Ismail"	"7f "	"4"	"89"
"15:15:00"	"2013-02-18"	"Wolverhampton"	"Consistant"	"40.00"	"55.43"	"Handicap"	"11"	"11"	"Fentiman, Duran"	"Baugh, B P J"	"7f "	"5"	"151"
"16:00:00"	"2013-02-16"	"Lingfield"	"Solar Deity (IRE)"	"2.50"	"4.15"	"Handicap"	"1"	"10"	"Harley, M"	"Botti, M"	"1m "	"4"	"43"
"18:50:00"	"2013-02-15"	"Dundalk"	"Sophies Echo (IRE)"	"4.00"	"5"	"Handicap"	"2"	"14"	"Cleary, R P"	"Cleary, Thomas"	"6f "	"4"	"42"
"17:00:00"	"2013-02-14"	"Kempton"	"Lisselton Cross"	"7.00"	"10.1"	"Handicap"	"6"	"12"	"Crowley, Jim"	"Bosley, M R"	"6f "	"5"	"36"
"16:30:00"	"2013-02-13"	"Lingfield"	"Whipcrackaway (IRE)"	"12.00"	"15.19"	"Handicap"	"8"	"10"	"Fahy, J P"	"Hedger, P R"	"1m2f "	"4"	"57"
"16:00:00"	"2013-02-13"	"Lingfield"	"Manomine"	"4.00"	"5.3"	"Handicap"	"4"	"6"	"Catlin, Chris"	"Brittain, C E"	"1m "	"4"	"88"
"15:50:00"	"2013-02-10"	"Southwell"	"Dewala"	"2.75"	"4.39"	"Handicap"	"1"	"5"	"Mullen, Andrew"	"Appleby, M"	"1m "	"4"	"63"
"14:00:00"	"2013-02-06"	"Southwell"	"Hittinthe Skids (IRE)"	"5.00"	"5.88"	"Handicap Seller"	"4"	"12"	"Aspell, P"	"Ryan, K A"	"6f "	"5"	"34"
"14:00:00"	"2013-02-06"	"Southwell"	"Catalyze"	"8.00"	"9.93"	"Handicap Seller"	"10"	"12"	"Fitzpatrick, Robbie"	"Smith, C"	"6f "	"5"	"92"
"14:40:00"	"2013-02-03"	"Lingfield"	"Bridge That Gap"	"2.25"	"3.88"	"Handicap"	"1"	"10"	"Kirby, Adam"	"Ingram, R"	"1m2f "	"5"	"27"
"20:00:00"	"2013-02-01"	"Wolverhampton"	"Petite Georgia (IRE)"	"7.00"	"10.5"	"Handicap"	"3"	"9"	"Baker, George"	"Baker, George"	"7f "	"3"	"29"
"16:50:00"	"2013-01-31"	"Wolverhampton"	"Hot Sugar (USA)"	"7.00"	"11.5"	"Handicap"	"4"	"7"	"Baudains, Mr J"	"Appleby, M"	"6f "	"4"	"28"
"16:20:00"	"2013-01-28"	"Kempton"	"Brimstone Hill (IRE)"	"2.75"	"4.38"	"Handicap"	"3"	"9"	"Carson, William"	"Carson, Anthony"	"1m3f "	"4"	"31"
"15:20:00"	"2013-01-28"	"Kempton"	"Clapped"	"4.50"	"7"	"Handicap"	"7"	"14"	"Keniry, L P"	"Vaughan, E F"	"1m4f "	"4"	"47"
"15:15:00"	"2013-01-24"	"Lingfield"	"Hipster"	"5.00"	"6.51"	"Handicap"	"1"	"6"	"Crowley, Jim"	"Beckett, R M"	"1m "	"3"	"34"
"19:30:00"	"2013-01-23"	"Kempton"	"Port Charlotte"	"12.00"	"13.84"	"Handicap"	"14"	"14"	"Havlin, Robert"	"Morrison, H"	"1m4f "	"4"	"26"
"14:30:00"	"2013-01-23"	"Lingfield"	"Comedy House"	"2.50"	"3.66"	"Handicap"	"2"	"13"	"Baker, George"	"Madgwick, M"	"1m5f "	"5"	"49"
"18:50:00"	"2013-01-18"	"Dundalk"	"Rhiannon (IRE)"	"12.00"	"18.5"	"Handicap"	"12"	"14"	"McCullagh, N G"	"OBrien, Charles"	"7f "	"4"	"42"
"19:00:00"	"2013-01-17"	"Wolverhampton"	"Dubawi Island (FR)"	"2.25"	"3.45"	"Handicap"	"3"	"9"	"Morris, Luke"	"Tate, James"	"1m1.5f "	"4"	"43"
"18:45:00"	"2013-01-16"	"Kempton"	"Girl At The Sands (IRE)"	"14.00"	"18.48"	"Handicap"	"5"	"5"	"Sullivan, James P"	"Given, J G"	"6f "	"3"	"104"
"16:30:00"	"2013-01-15"	"Wolverhampton"	"Creek Falcon (IRE)"	"7.00"	"9.2"	"Handicap"	"4"	"12"	"Da Silva, Raul"	"OMeara, D"	"7f "	"4"	"102"
"15:20:00"	"2013-01-14"	"Wolverhampton"	"Rainford Glory (IRE)"	"12.00"	"17.79"	"Handicap"	"4"	"7"	"Atzeni, Andrea"	"Morris, Patrick"	"1m.5f "	"3"	"30"
"18:50:00"	"2013-01-11"	"Dundalk"	"Hi Emperor (IRE)"	"1.75"	"2.93"	"Handicap"	"4"	"11"	"Lynch, Fergal"	"Marnane, David"	"7f "	"4"	"30"
"17:00:00"	"2013-01-11"	"Wolverhampton"	"Sole Danser (IRE)"	"10.00"	"15"	"Handicap"	"2"	"9"	"Winston, Robert"	"Bradley, J M"	"6f "	"5"	"128"
"17:00:00"	"2013-01-11"	"Wolverhampton"	"Seeking Magic"	"1.63"	"2.72"	"Handicap"	"4"	"9"	"Kirby, Adam"	"Cox, C G"	"6f "	"5"	"31"
"16:30:00"	"2013-01-11"	"Wolverhampton"	"Red Ramesses (IRE)"	"3.50"	"4.9"	"Handicap"	"7"	"11"	"Morris, Luke"	"Best, J R"	"6f "	"4"	"28"
"16:00:00"	"2013-01-11"	"Wolverhampton"	"Red Shadow"	"14.00"	"21.69"	"Handicap"	"8"	"10"	"Winston, Robert"	"Brown, A D"	"7f "	"4"	"72"
"18:15:00"	"2013-01-10"	"Kempton"	"Pahente"	"6.00"	"9.2"	"Handicap"	"1"	"12"	"Probert, David"	"Carroll, A W"	"1m4f "	"5"	"30"
"18:40:00"	"2013-01-09"	"Kempton"	"Roedean (IRE)"	"12.00"	"17.3"	"Handicap"	"4"	"11"	"Crowley, Jim"	"Stone, W B"	"7f "	"4"	"131"
"14:20:00"	"2013-01-08"	"Wolverhampton"	"Toga Tiger (IRE)"	"9.00"	"13.9"	"Handicap"	"1"	"9"	"Winston, Robert"	"Gask, J R"	"7f "	"6"	"165"
"16:50:00"	"2013-01-07"	"Wolverhampton"	"Avonvalley"	"10.00"	"14.98"	"Handicap"	"5"	"9"	"Keniry, L P"	"Grayson, Peter"	"6f "	"6"	"38"
"16:00:00"	"2013-01-07"	"Kempton"	"Roman Senate (IRE)"	"16.00"	"21.52"	"Handicap"	"4"	"14"	"Lane, Martin"	"Bosley, M R"	"1m3f "	"4"	"93"
"15:20:00"	"2013-01-07"	"Wolverhampton"	"Koo And The Gang (IRE)"	"3.00"	"4.1"	"Handicap"	"6"	"12"	"Gibbons, Graham"	"Ellison, B"	"1m1.5f "	"6"	"40"
"14:15:00"	"2013-01-06"	"Wolverhampton"	"Lean On Pete (IRE)"	"2.00"	"3.1"	"Handicap"	"1"	"9"	"Kelly, Shane"	"Pears, Ollie"	"1m1.5f "	"4"	"52"
"16:35:00"	"2013-01-03"	"Wolverhampton"	"Minty Jones"	"28.00"	"37.87"	"Handicap"	"11"	"11"	"Eaves, Tom"	"Mullineaux, M"	"7f "	"4"	"118"
"15:00:00"	"2013-01-02"	"Lingfield"	"Stentorian (IRE)"	"12.00"	"17.17"	"Handicap"	"1"	"8"	"Kirby, Adam"	"Moore, Gary and Josh"	"1m5f "	"5"	"43"
"19:35:00"	"2012-10-31"	"Kempton"	"Five Hearts"	"16.00"	"34.92"	"Handicap"	"2"	"14"	"Byrne, D C"	"Tompkins, M H"	"1m4f "	"4"	"66"
"14:05:00"	"2012-10-31"	"Lingfield"	"Lady Mango (IRE)"	"16.00"	"22.42"	"Handicap"	"11"	"13"	"Morris, Luke"	"Harris, R A"	"7f "	"4"	"55"
"13:30:00"	"2012-10-31"	"Lingfield"	"Diamond Blue"	"5.50"	"6.56"	"Handicap"	"4"	"12"	"Ryan, Amy"	"Whitaker, R M"	"6f "	"4"	"42"
"18:10:00"	"2012-10-30"	"Wolverhampton"	"Kung Hei Fat Choy (USA)"	"7.00"	"8.24"	"Handicap"	"11"	"13"	"Crowley, Jim"	"Given, J G"	"1m1.5f "	"3"	"55"
"21:25:00"	"2012-10-26"	"Dundalk"	"Alghanem (IRE)"	"5.00"	"6.03"	"Handicap"	"6"	"14"	"McDonogh, D P"	"Phelan, M"	"1m2.5f "	"4"	"94"
"21:00:00"	"2012-10-26"	"Dundalk"	"Misty Lane (IRE)"	"2.75"	"4.6"	"Handicap"	"4"	"14"	"McCullagh, N G"	"Roberts, Reginald"	"1m2.5f "	"4"	"68"
"19:40:00"	"2012-10-26"	"Wolverhampton"	"Yes Its The Boy (USA)"	"10.00"	"14.78"	"Handicap"	"9"	"12"	"Morris, Luke"	"Walker, Ed"	"7f "	"3"	"78"
"19:10:00"	"2012-10-26"	"Wolverhampton"	"Rythmic"	"8.00"	"10.67"	"Handicap"	"1"	"12"	"Fanning, Joe"	"Johnston, M"	"1m6f "	"3"	"26"
"19:10:00"	"2012-10-26"	"Wolverhampton"	"Welsh Bard (IRE)"	"2.50"	"3.69"	"Handicap"	"8"	"12"	"Morris, Luke"	"Prescott, Sir Mark"	"1m6f "	"3"	"25"
"21:20:00"	"2012-10-24"	"Kempton"	"Paradise Spectre"	"12.00"	"18.85"	"Handicap"	"4"	"12"	"Morris, Luke"	"Burke, Mrs K"	"1m "	"5"	"52"
"21:20:00"	"2012-10-24"	"Kempton"	"Great Expectations"	"7.00"	"9.91"	"Handicap"	"7"	"12"	"Dobbs, Pat"	"Jenkins, J R"	"1m "	"4"	"71"
"19:30:00"	"2012-10-19"	"Dundalk"	"Go On Murt (IRE)"	"12.00"	"38.08"	"Handicap"	"14"	"14"	"Manning, K J"	"Harrington, Mrs John"	"7f "	"3"	"53"
"18:50:00"	"2012-10-19"	"Wolverhampton"	"Dusty Storm (IRE)"	"9.00"	"10.98"	"Handicap Nursery"	"2"	"11"	"Sanders, Seb"	"McMahon, E S"	"5f "	"2"	"34"
"18:50:00"	"2012-10-19"	"Wolverhampton"	"Vestibule"	"10.00"	"13.5"	"Handicap Nursery"	"11"	"11"	"Scott, Amy"	"Houghton, Eve Johnson"	"5f "	"2"	"31"
"20:30:00"	"2012-10-18"	"Kempton"	"Daliance (IRE)"	"7.00"	"8.48"	"Handicap"	"3"	"11"	"Kingscote, Richard"	"Dascombe, Tom"	"1m4f "	"3"	"27"
"20:00:00"	"2012-10-18"	"Kempton"	"Arch Villain (IRE)"	"3.50"	"4.55"	"Handicap"	"1"	"11"	"Crowley, Jim"	"Perrett, Mrs A J"	"1m4f "	"3"	"29"
"20:00:00"	"2012-10-18"	"Kempton"	"Aazif (IRE)"	"4.00"	"5.43"	"Handicap"	"7"	"11"	"Hanagan, Paul"	"Dunlop, J L"	"1m4f "	"3"	"40"
"15:30:00"	"2012-10-18"	"Wolverhampton"	"Barton Bounty"	"12.00"	"17.21"	"Handicap"	"1"	"13"	"Swift, Mr Dale"	"Niven, P D"	"1m1.5f "	"5"	"82"
"17:45:00"	"2012-10-17"	"Lingfield"	"King Vahe (IRE)"	"12.00"	"16.2"	"Handicap"	"9"	"11"	"Murphy, Michael J M"	"Jarvis, A P"	"1m "	"3"	"52"
"17:10:00"	"2012-10-17"	"Lingfield"	"Roy The Boy (USA)"	"5.00"	"6.69"	"Handicap"	"5"	"11"	"Moore, Ryan"	"Bailey, A"	"1m "	"4"	"26"
"16:05:00"	"2012-10-17"	"Lingfield"	"Anjaz (USA)"	"10.00"	"12.88"	"Handicap"	"5"	"11"	"Buick, William"	"Suroor, Saeed Bin"	"1m4f "	"3"	"28"
"19:50:00"	"2012-10-16"	"Wolverhampton"	"Verus Delicia (IRE)"	"16.00"	"22"	"Handicap"	"9"	"13"	"Coumbe, Mark"	"Loughnane, Daniel Mark"	"6f "	"3"	"43"
"21:15:00"	"2012-10-13"	"Wolverhampton"	"Musically"	"16.00"	"35.84"	"Handicap"	"9"	"11"	"Harley, M"	"Channon, M R"	"1m4f "	"3"	"42"
"21:00:00"	"2012-10-12"	"Dundalk"	"Daliyan (IRE)"	"4.50"	"6.99"	"Handicap"	"8"	"13"	"Foley, Shane"	"Halford, M"	"1m4f "	"3"	"210"
"21:00:00"	"2012-10-12"	"Dundalk"	"Hazariban (IRE)"	"33.00"	"60.81"	"Handicap"	"10"	"13"	"Hussey, M C"	"Fahey, Seamus"	"1m4f "	"3"	"28"
"20:00:00"	"2012-10-12"	"Dundalk"	"Coach Bombay (IRE)"	"7.00"	"7"	"Handicap"	"2"	"13"	"Hoban, Connor"	"Halford, M"	"1m2.5f "	"4"	"37"
"19:45:00"	"2012-10-12"	"Wolverhampton"	"Sirius Superstar"	"11.00"	"14.18"	"Handicap"	"6"	"11"	"Probert, David"	"Balding, A M"	"1m6f "	"4"	"43"
"19:15:00"	"2012-10-12"	"Wolverhampton"	"Swendab (IRE)"	"33.00"	"84.08"	"Handicap"	"5"	"13"	"Egan, D E"	"Oshea, J G M"	"6f "	"4"	"32"
"19:15:00"	"2012-10-12"	"Wolverhampton"	"Burnhope"	"20.00"	"34.98"	"Handicap"	"8"	"13"	"Crowley, Jim"	"Dixon, Scott"	"6f "	"3"	"205"
"19:30:00"	"2012-10-10"	"Kempton"	"Numeral (IRE)"	"8.00"	"9.95"	"Handicap"	"8"	"13"	"Levey, S M"	"Hannon, R"	"7f "	"4"	"221"
"19:00:00"	"2012-10-09"	"Wolverhampton"	"Aleksandar"	"4.50"	"6.17"	"Handicap"	"5"	"11"	"Milczarek, Kirsty"	"Cumani, L M"	"1m6f "	"3"	"29"
"17:30:00"	"2012-10-09"	"Wolverhampton"	"Auntie Kathryn (IRE)"	"33.00"	"50"	"Handicap"	"7"	"9"	"ONeill, K T"	"Chapple-Hyam, P W"	"1m.5f "	"3"	"116"
"17:30:00"	"2012-10-08"	"Wolverhampton"	"Archina (IRE)"	"9.00"	"11.35"	"Handicap"	"6"	"12"	"Bentley, Harry"	"Wall, C F"	"1m.5f "	"3"	"48"
"20:50:00"	"2012-10-06"	"Wolverhampton"	"Aciano (IRE)"	"4.50"	"5.56"	"Handicap"	"7"	"9"	"Sanders, Seb"	"Powell, B G"	"1m.5f "	"4"	"29"
"19:20:00"	"2012-10-06"	"Wolverhampton"	"Laser Blazer"	"12.00"	"21.15"	"Handicap"	"3"	"11"	"Sweeney, Fergus"	"Gask, J R"	"1m4f "	"4"	"44"
"21:25:00"	"2012-10-05"	"Dundalk"	"Word For Word (IRE) (OLD)"	"11.00"	"15.67"	"Handicap"	"9"	"14"	"Lee, W J"	"Lynam, Edward"	"1m4f "	"6"	"140"
"21:15:00"	"2012-10-05"	"Wolverhampton"	"Tis Rock n Roll (USA)"	"1.88"	"2.91"	"Handicap"	"1"	"10"	"Durcan, Ted"	"Lanigan, D R"	"1m1.5f "	"3"	"72"
"20:30:00"	"2012-10-05"	"Dundalk"	"Zariyna (IRE)"	"6.50"	"8.4"	"Handicap"	"11"	"14"	"Foley, Shane"	"Halford, M"	"1m2.5f "	"3"	"46"
"20:30:00"	"2012-10-05"	"Dundalk"	"Aladdins Cave"	"25.00"	"79.59"	"Handicap"	"12"	"14"	"McDonogh, D P"	"Murphy, C A"	"1m2.5f "	"8"	"188"
"19:45:00"	"2012-10-05"	"Wolverhampton"	"Relentless Harry (IRE)"	"10.00"	"14"	"Handicap"	"7"	"11"	"Cosgrave, Pat"	"Baker, George"	"7f "	"3"	"136"
"17:45:00"	"2012-10-05"	"Wolverhampton"	"Funcheon Vale (IRE)"	"8.00"	"8.89"	"Handicap"	"12"	"12"	"Mackay, Nicky"	"Morrison, H"	"5f "	"3"	"45"
"21:10:00"	"2012-10-04"	"Wolverhampton"	"Dark Orchid"	"7.00"	"8.89"	"Handicap"	"9"	"12"	"Spencer, Jamie"	"Chapple-Hyam, P W"	"1m.5f "	"3"	"51"
"18:40:00"	"2012-10-04"	"Wolverhampton"	"Cut Across (IRE)"	"4.50"	"6.23"	"Handicap"	"6"	"12"	"Havlin, Robert"	"Littmoden, N P"	"6f "	"4"	"69"
"16:00:00"	"2012-10-02"	"Wolverhampton"	"Captain Sharpe"	"6.50"	"8.8"	"Handicap"	"5"	"11"	"Williams, Robert"	"Llewellyn, B J"	"2m.5f "	"4"	"148"
"21:20:00"	"2012-09-29"	"Wolverhampton"	"Elkhart (IRE)"	"4.50"	"6.46"	"Handicap"	"8"	"12"	"Sousa, Silvestre De"	"Wigham, M"	"1m.5f "	"3"	"43"
"21:15:00"	"2012-09-28"	"Wolverhampton"	"Chignon (IRE)"	"9.00"	"10.29"	"Handicap"	"8"	"12"	"Queally, T P"	"Cecil, H R A"	"1m1.5f "	"3"	"63"
"20:30:00"	"2012-09-28"	"Dundalk"	"King of Dudes"	"4.00"	"5"	"Handicap"	"9"	"14"	"Murtagh, J"	"Carmody, Thomas"	"1m "	"3"	"43"
"20:00:00"	"2012-09-28"	"Dundalk"	"The Reek"	"2.25"	"3.75"	"Handicap"	"2"	"14"	"Thornton, A P"	"Martin, Patrick"	"1m "	"4"	"32"
"18:45:00"	"2012-09-28"	"Wolverhampton"	"Three Bards (IRE)"	"2.25"	"3.36"	"Handicap"	"6"	"13"	"Fanning, Joe"	"Johnston, M"	"1m6f "	"3"	"27"
"16:55:00"	"2012-09-27"	"Dundalk"	"Creek Falcon (IRE)"	"12.00"	"17.39"	"Handicap"	"1"	"13"	"Hayes, C D"	"Deegan, P D"	"1m "	"3"	"52"
"18:20:00"	"2012-09-26"	"Kempton"	"Asatir (USA)"	"6.00"	"7.03"	"Handicap"	"6"	"8"	"Sousa, Silvestre De"	"Suroor, Saeed Bin"	"1m2f "	"3"	"38"
"20:50:00"	"2012-09-22"	"Wolverhampton"	"Breaking The Bank"	"7.50"	"14.12"	"Handicap"	"6"	"12"	"Donohoe, Stephen"	"Muir, W R"	"1m.5f "	"3"	"38"
"21:00:00"	"2012-09-21"	"Wolverhampton"	"Spey Song (IRE)"	"10.00"	"16.05"	"Handicap"	"9"	"13"	"Barzalona, Mickael"	"Bethell, J D"	"1m1.5f "	"4"	"35"
"20:00:00"	"2012-09-21"	"Wolverhampton"	"Lindoro (OLD)"	"4.50"	"6.4"	"Handicap"	"6"	"11"	"Eaves, Tom"	"Ellison, B"	"7f "	"7"	"37"
"21:10:00"	"2012-09-20"	"Kempton"	"Mitie Mouse"	"10.00"	"20"	"Handicap"	"7"	"9"	"Dobbs, Pat"	"Murphy, Mike"	"6f "	"3"	"39"
"20:40:00"	"2012-09-20"	"Kempton"	"Feelthedifference"	"6.00"	"8"	"Handicap"	"6"	"13"	"Mongan, Ian"	"Cecil, H R A"	"1m "	"3"	"26"
"17:30:00"	"2012-09-17"	"Wolverhampton"	"We Used To Wait (USA)"	"7.50"	"8.75"	"Handicap"	"10"	"11"	"Atzeni, Andrea"	"Chapple-Hyam, P W"	"1m4f "	"3"	"26"
"19:50:00"	"2012-09-15"	"Kempton"	"Blue Nova"	"2.25"	"3.56"	"Handicap Nursery"	"3"	"7"	"Baker, George"	"Noseda, J"	"1m "	"2"	"29"
"19:20:00"	"2012-09-15"	"Kempton"	"The Bay Bandit"	"11.00"	"17.62"	"Handicap"	"7"	"14"	"Baker, George"	"Mulholland, N P"	"1m "	"5"	"143"
"18:20:00"	"2012-09-15"	"Kempton"	"Positively"	"2.50"	"3.84"	"Handicap"	"1"	"11"	"Dobbs, Pat"	"Stoute, Sir Michael"	"1m2f "	"3"	"29"
"21:20:00"	"2012-09-13"	"Wolverhampton"	"Daliance (IRE)"	"2.00"	"3.15"	"Handicap"	"1"	"8"	"Kingscote, Richard"	"Dascombe, Tom"	"1m4f "	"3"	"43"
"20:20:00"	"2012-09-13"	"Wolverhampton"	"Roundelay"	"9.00"	"12.18"	"Handicap"	"11"	"11"	"Carson, William"	"Carson, Anthony"	"6f "	"3"	"36"
"17:20:00"	"2012-09-08"	"Kempton"	"Ocean Legend (IRE)"	"8.00"	"13.68"	"Handicap"	"7"	"9"	"Crowley, Jim"	"Carroll, A W"	"7f "	"7"	"25"
"16:45:00"	"2012-09-08"	"Kempton"	"Nave (USA)"	"8.00"	"13.81"	"Handicap"	"3"	"12"	"Beschizza,Adam "	"Simcock, D M"	"1m3f "	"5"	"29"
"19:50:00"	"2012-09-07"	"Kempton"	"Bay Laurel (IRE)"	"6.50"	"8.4"	"Handicap Nursery"	"9"	"12"	"Crowley, Jim"	"Dunlop, H J L"	"6f "	"2"	"44"
"20:30:00"	"2012-09-05"	"Kempton"	"The Holyman (IRE)"	"14.00"	"21.43"	"Handicap"	"7"	"10"	"ONeill, Dane"	"Crowley, Miss Jo"	"1m4f "	"4"	"42"
"20:30:00"	"2012-09-05"	"Kempton"	"Taaresh (IRE)"	"40.00"	"102.78"	"Handicap"	"9"	"10"	"Egan, D E"	"Morgan, K A"	"1m4f "	"7"	"168"
"20:05:00"	"2012-02-29"	"Kempton"	"Sumani (FR)"	"6.50"	"8.31"	"Handicap"	"1"	"10"	"Turner, Hayley"	"Dow, S"	"1m4f "	"6"	"35"
"18:35:00"	"2012-02-29"	"Kempton"	"Gooseberry Bush"	"50.00"	"118.12"	"Handicap"	"11"	"12"	"Keniry, L P"	"Brown, G"	"6f "	"5"	"160"
"17:35:00"	"2012-02-29"	"Kempton"	"Ya Hafed"	"16.00"	"18.31"	"Handicap"	"6"	"6"	"Catlin, Chris"	"West, Miss Sheena"	"1m2f "	"4"	"29"
"19:50:00"	"2012-02-24"	"Dundalk"	"Suspect Device (IRE)"	"5.00"	"7.2"	"Handicap"	"8"	"14"	"Murtagh, J"	"Flynn, Paul W"	"7f "	"4"	"192"
"19:30:00"	"2012-02-24"	"Wolverhampton"	"Yorksters Prince (IRE)"	"16.00"	"23.33"	"Handicap"	"9"	"9"	"Eaves, Tom"	"Coyle, Tony"	"1m1.5f "	"5"	"115"
"19:20:00"	"2012-02-24"	"Dundalk"	"Fairy Wing (IRE)"	"4.00"	"5.55"	"Handicap"	"1"	"11"	"Foley, Shane"	"Harrington, Mrs John"	"1m "	"5"	"179"
"17:00:00"	"2012-02-24"	"Lingfield"	"Sail Home"	"2.25"	"3.7"	"Handicap"	"1"	"7"	"Beschizza,Adam "	"Feilden, Miss J"	"1m2f "	"5"	"25"
"19:30:00"	"2012-02-22"	"Kempton"	"Fire In Babylon (IRE)"	"1.75"	"2.92"	"Handicap"	"4"	"13"	"Crowley, Jim"	"Wigham, M"	"1m3f "	"4"	"31"
"16:30:00"	"2012-02-22"	"Lingfield"	"Oratorian (IRE)"	"5.50"	"6.77"	"Handicap"	"7"	"7"	"Crowley, Jim"	"Kirk, S"	"6f "	"3"	"33"
"14:50:00"	"2012-02-22"	"Lingfield"	"Next Cry (USA)"	"7.00"	"7.42"	"Handicap"	"1"	"5"	"ONeill, K T"	"Hannon, R"	"1m2f "	"3"	"38"
"19:55:00"	"2012-02-17"	"Dundalk"	"Elusive In Paris (IRE)"	"2.50"	"3.4"	"Handicap"	"3"	"8"	"OBrien, J P"	"Grassick, M J"	"7f "	"3"	"119"
"19:40:00"	"2012-02-15"	"Kempton"	"The Strig"	"14.00"	"18.5"	"Handicap"	"9"	"10"	"Carson, William"	"Williams, S C"	"7f "	"5"	"25"
"17:10:00"	"2012-02-15"	"Kempton"	"Ray Diamond"	"6.50"	"10"	"Handicap"	"8"	"8"	"Payne, Jake"	"Madgwick, M"	"1m2f "	"7"	"85"
"17:00:00"	"2012-02-15"	"Lingfield"	"Stag Hill (IRE)"	"2.75"	"3.75"	"Handicap"	"4"	"10"	"Keniry, L P"	"Kirk, S"	"1m2f "	"3"	"51"
"15:30:00"	"2012-02-15"	"Lingfield"	"Tourist (OLD)"	"8.00"	"10"	"Handicap"	"PU"	"9"	"Powell, Ryan"	"Williams, Ian"	"1m "	"7"	"34"
"15:15:00"	"2012-02-14"	"Southwell"	"True To Form (IRE)"	"4.00"	"4.93"	"Handicap"	"1"	"5"	"Morris, Luke"	"Harris, R A"	"7f "	"5"	"59"
"15:15:00"	"2012-02-14"	"Southwell"	"Sound Amigo (IRE)"	"1.88"	"3.06"	"Handicap"	"2"	"5"	"McDonald, P J"	"Pears, Ollie"	"7f "	"4"	"131"
"16:10:00"	"2012-02-13"	"Wolverhampton"	"Island Melody (IRE)"	"6.00"	"8.78"	"Handicap"	"2"	"5"	"Morris, Luke"	"Moore, J S"	"1m1.5f "	"3"	"26"
"15:55:00"	"2012-02-11"	"Lingfield"	"Tornado Force (IRE)"	"1.75"	"3.22"	"Handicap"	"2"	"7"	"Fortune, Jimmy"	"Noseda, J"	"1m2f "	"4"	"37"
"17:10:00"	"2012-02-10"	"Wolverhampton"	"Daquonde (IRE)"	"8.00"	"10.77"	"Handicap"	"1"	"8"	"Eaves, Tom"	"Smart, B"	"5f "	"4"	"33"
"17:10:00"	"2012-02-09"	"Wolverhampton"	"Pressure Drop (IRE)"	"11.00"	"14.69"	"Handicap"	"4"	"4"	"Fanning, Joe"	"Hughes, Jo"	"6f "	"3"	"210"
"16:05:00"	"2012-02-09"	"Wolverhampton"	"Copper Canyon"	"20.00"	"29.56"	"Handicap"	"1"	"11"	"Powell, Ryan"	"Moore, J S"	"1m1.5f "	"4"	"195"
"15:00:00"	"2012-02-09"	"Wolverhampton"	"Ace Master"	"3.33"	"4.7"	"Handicap"	"6"	"10"	"Kennemore, Russell"	"Bowring, S R"	"7f "	"4"	"32"
"16:15:00"	"2012-02-07"	"Southwell"	"J J Leary (IRE)"	"5.00"	"7.2"	"Handicap Maiden"	"3"	"10"	"Spencer, Jamie"	"Williams, Ian"	"1m "	"3"	"34"
"15:45:00"	"2012-02-07"	"Southwell"	"Global Village (IRE)"	"4.00"	"5.4"	"Handicap"	"7"	"10"	"McHugh, B"	"Ellison, B"	"6f "	"7"	"36"
"15:30:00"	"2012-02-03"	"Lingfield"	"Biba Diva (IRE)"	"7.00"	"9.93"	"Handicap"	"5"	"6"	"Fortune, Jimmy"	"Noseda, J"	"1m2f "	"3"	"30"
"15:35:00"	"2012-01-28"	"Lingfield"	"Greyfriarschorista"	"8.00"	"11.69"	"Handicap"	"5"	"8"	"Morris, Luke"	"Ellison, B"	"1m2f "	"5"	"44"
"19:10:00"	"2012-01-27"	"Wolverhampton"	"C P Joe (IRE)"	"11.00"	"14.03"	"Handicap"	"4"	"10"	"Norton, Francis"	"Green, Paul"	"2m.5f "	"4"	"31"
"15:50:00"	"2012-01-25"	"Lingfield"	"Arctic Lynx (IRE)"	"4.50"	"5.8"	"Handicap"	"3"	"8"	"Crowley, Jim"	"Best, J R"	"7f "	"5"	"28"
"15:35:00"	"2012-01-21"	"Lingfield"	"Mull Of Killough (IRE)"	"2.75"	"4.33"	"Handicap"	"1"	"8"	"Kelly, Shane"	"Chapple-Hyam, Jane"	"1m "	"6"	"42"
"18:25:00"	"2012-01-18"	"Kempton"	"Monty Fay (IRE)"	"40.00"	"55"	"Handicap"	"6"	"10"	"McDonald, Frankie"	"Jones, D Haydn"	"6f "	"3"	"34"
"15:30:00"	"2012-01-18"	"Lingfield"	"Good Morning Star (IRE)"	"4.00"	"5.6"	"Handicap"	"1"	"5"	"Fanning, Joe"	"Johnston, M"	"1m2f "	"3"	"98"
"14:10:00"	"2012-01-15"	"Kempton"	"Speedi Mouse"	"7.00"	"9.15"	"Handicap"	"4"	"5"	"Lane, Martin"	"McBride, P J"	"1m "	"3"	"163"
"18:50:00"	"2012-01-13"	"Dundalk"	"Be Attitude (IRE)"	"20.00"	"46"	"Handicap"	"9"	"13"	"Cleary, R P"	"McCarthy, Eoin Christopher"	"6f "	"5"	"198"
"16:10:00"	"2012-01-13"	"Wolverhampton"	"Michaels Nook"	"3.33"	"4.9"	"Handicap"	"4"	"11"	"McNiff, L"	"Barron, T D"	"7f "	"5"	"33"
"15:00:00"	"2012-01-13"	"Lingfield"	"The Holyman (IRE)"	"3.50"	"5.6"	"Handicap"	"1"	"8"	"Keniry, L P"	"Crowley, Miss Jo"	"1m4f "	"4"	"39"
"18:15:00"	"2012-01-11"	"Kempton"	"Ermyntrude"	"11.00"	"13.87"	"Handicap"	"5"	"11"	"Mongan, Ian"	"Phelan, P M"	"6f "	"5"	"104"
"17:15:00"	"2012-01-11"	"Kempton"	"West Coast Dream"	"12.00"	"14.42"	"Handicap"	"2"	"10"	"Eaves, Tom"	"Brotherton, R"	"5f "	"5"	"68"
"16:45:00"	"2012-01-11"	"Kempton"	"Sergeant Troy (IRE)"	"14.00"	"17"	"Handicap"	"6"	"9"	"Keniry, L P"	"Baker, George"	"1m2f "	"4"	"140"
"15:55:00"	"2012-01-10"	"Southwell"	"Bianca De Medici"	"2.75"	"3.98"	"Handicap"	"2"	"10"	"Winston, Robert"	"Morrison, H"	"7f "	"5"	"28"
"12:55:00"	"2012-01-10"	"Southwell"	"Fearless Poet (IRE)"	"4.00"	"5.7"	"Handicap"	"4"	"11"	"Eaves, Tom"	"Smart, B"	"1m "	"4"	"25"
"16:25:00"	"2012-01-09"	"Wolverhampton"	"Dancing Welcome"	"7.00"	"9"	"Handicap"	"1"	"8"	"Kingscote, Richard"	"Bradley, J M"	"6f "	"6"	"97"
"14:45:00"	"2012-01-07"	"Lingfield"	"Seek The Fair Land"	"9.00"	"12"	"Handicap"	"5"	"12"	"Ahern, Eddie"	"Boyle, J R"	"6f "	"6"	"35"
"19:50:00"	"2012-01-06"	"Dundalk"	"Bendzoldan (IRE)"	"16.00"	"29"	"Handicap"	"11"	"14"	"Cleary, R P"	"Cleary, Thomas"	"7f "	"4"	"25"
"17:15:00"	"2012-01-06"	"Wolverhampton"	"Cadgers Brig"	"3.50"	"5.03"	"Handicap"	"7"	"7"	"Fanning, Joe"	"Dalgleish, Keith"	"1m6f "	"4"	"27"
"18:40:00"	"2012-01-05"	"Wolverhampton"	"Baby Driver"	"4.50"	"5.9"	"Handicap"	"8"	"12"	"Sweeney, Fergus"	"Newcombe, A G"	"1m.5f "	"4"	"34"
"18:10:00"	"2012-01-05"	"Wolverhampton"	"Wild Desert (FR)"	"2.25"	"3.69"	"Handicap"	"3"	"7"	"Kirby, Adam"	"Longsdon, C E"	"2m.5f "	"7"	"28"
"16:10:00"	"2012-01-05"	"Wolverhampton"	"Auntie Kathryn (IRE)"	"3.50"	"4.41"	"Handicap"	"4"	"6"	"Carson, William"	"Williams, S C"	"5f "	"3"	"50"
"17:00:00"	"2012-01-04"	"Kempton"	"Cantor"	"3.00"	"4.25"	"Handicap"	"4"	"13"	"Fanning, Joe"	"Bravery, G C"	"1m4f "	"4"	"119"
"12:50:00"	"2012-01-04"	"Lingfield"	"Choral"	"12.00"	"17"	"Handicap"	"2"	"9"	"ONeill, K T"	"Hannon, R"	"7f "	"4"	"47"
"20:50:00"	"2011-10-28"	"Dundalk"	"Hangar Five (IRE)"	"5.00"	"6.44"	"Handicap"	"9"	"14"	"Smullen, P J"	"Flynn, Patrick J"	"1m2.5f "	"3"	"40"
"20:20:00"	"2011-10-28"	"Dundalk"	"Cool Athlete (IRE)"	"8.00"	"12.5"	"Handicap"	"7"	"14"	"ODonoghue, C"	"Marnane, David"	"1m2.5f "	"5"	"79"
"20:10:00"	"2011-10-28"	"Wolverhampton"	"Tobago Bay"	"8.00"	"11.39"	"Handicap"	"6"	"7"	"Goldstein, Jamie"	"Moore, Gary and Josh"	"2m.5f "	"6"	"157"
"19:55:00"	"2011-10-28"	"Dundalk"	"Mrs Batt (IRE)"	"8.00"	"10.34"	"Handicap"	"5"	"14"	"Smullen, P J"	"Nicholson, John W"	"1m "	"5"	"139"
"18:10:00"	"2011-10-28"	"Wolverhampton"	"Orpens Peach (IRE)"	"8.00"	"14.88"	"Handicap"	"5"	"10"	"Harley, M"	"Fahey, Seamus"	"7f "	"4"	"45"
"19:00:00"	"2011-10-27"	"Kempton"	"Farmers Dream (IRE)"	"8.00"	"12.07"	"Handicap"	"9"	"12"	"Sousa, Silvestre De"	"Price, R J"	"1m "	"4"	"34"
"17:35:00"	"2011-10-26"	"Kempton"	"Summer Glow (IRE)"	"5.00"	"6.25"	"Handicap"	"1"	"11"	"Fahy, J P"	"Murphy, John Joseph"	"1m2f "	"3"	"33"
"17:50:00"	"2011-10-22"	"Wolverhampton"	"Ecossaise"	"2.25"	"3.48"	"Handicap"	"8"	"9"	"Sousa, Silvestre De"	"Johnston, M"	"1m1.5f "	"3"	"26"
"21:00:00"	"2011-10-21"	"Dundalk"	"Buccaneer Bob (IRE)"	"12.00"	"13"	"Handicap"	"4"	"14"	"Latham, K"	"Lyons, G M"	"1m2.5f "	"3"	"114"
"17:30:00"	"2011-10-18"	"Lingfield"	"Chjimes (IRE)"	"11.00"	"12.67"	"Handicap"	"8"	"10"	"Milczarek, Kirsty"	"Dore, C R"	"5f "	"7"	"213"
"14:30:00"	"2011-10-18"	"Lingfield"	"Fellisha (IRE)"	"9.00"	"11.49"	"Handicap"	"2"	"11"	"Da Silva, Raul"	"Heffernan, Andrew"	"1m4f "	"3"	"25"
"14:30:00"	"2011-10-18"	"Lingfield"	"Nutshell"	"8.00"	"9.8"	"Handicap"	"3"	"11"	"Lawson, Matthew"	"Dunlop, H J L"	"1m4f "	"3"	"32"
"14:30:00"	"2011-10-18"	"Lingfield"	"Miss Bounty"	"11.00"	"12.68"	"Handicap"	"10"	"11"	"Alison, Nathan"	"Boyle, J R"	"1m4f "	"6"	"82"
"20:30:00"	"2011-10-15"	"Wolverhampton"	"Holiday Snap"	"6.50"	"10.36"	"Handicap"	"6"	"10"	"Baker, George"	"Hambro, Mrs Mary"	"1m.5f "	"5"	"36"
"21:00:00"	"2011-10-14"	"Dundalk"	"Word For Word (IRE) (OLD)"	"8.00"	"9.5"	"Handicap"	"6"	"14"	"Smullen, P J"	"Lynam, Edward"	"1m2.5f "	"5"	"40"
"20:30:00"	"2011-10-14"	"Dundalk"	"No Trimmings (IRE)"	"12.00"	"17.27"	"Handicap"	"7"	"14"	"Curtis, B A"	"Keane, Gerard"	"7f "	"5"	"26"
"20:30:00"	"2011-10-14"	"Dundalk"	"Allegra Tak (ITY)"	"20.00"	"37.11"	"Handicap"	"11"	"14"	"Grant, D M"	"Rogers, H"	"7f "	"5"	"68"
"20:00:00"	"2011-10-14"	"Dundalk"	"Crystal Morning (IRE)"	"12.00"	"18"	"Handicap"	"9"	"14"	"Berry, F M"	"Harrington, Mrs John"	"7f "	"3"	"64"
"17:40:00"	"2011-10-12"	"Kempton"	"Hierarch (IRE)"	"3.50"	"4.7"	"Handicap"	"3"	"12"	"Pike, Laura"	"Simcock, D M"	"7f "	"4"	"40"
"16:05:00"	"2011-10-12"	"Lingfield"	"Always Like This (IRE)"	"10.00"	"12"	"Handicap"	"11"	"12"	"Buick, William"	"Botti, M"	"1m "	"3"	"32"
"20:00:00"	"2011-10-08"	"Wolverhampton"	"Crowning Star (IRE)"	"10.00"	"13"	"Handicap Nursery"	"9"	"12"	"Doyle, James"	"Moore, J S"	"7f "	"2"	"79"
"21:15:00"	"2011-10-07"	"Wolverhampton"	"Cookieshake"	"3.50"	"4.79"	"Handicap"	"12"	"12"	"Fallon, K"	"Cumani, L M"	"1m1.5f "	"3"	"31"
"20:30:00"	"2011-10-07"	"Dundalk"	"Belleau (IRE)"	"12.00"	"23.03"	"Handicap"	"5"	"14"	"Hayes, C D"	"Deegan, P D"	"1m2.5f "	"3"	"36"
"20:30:00"	"2011-10-07"	"Dundalk"	"Some Slam (IRE)"	"12.00"	"39.56"	"Handicap"	"13"	"14"	"McDonogh, D P"	"Marnane, David"	"1m2.5f "	"6"	"29"
"19:45:00"	"2011-10-07"	"Wolverhampton"	"Corr Point (IRE)"	"7.50"	"10.7"	"Handicap"	"7"	"12"	"Fallon, K"	"Osborne, J A"	"1m6f "	"4"	"60"
"19:15:00"	"2011-10-07"	"Wolverhampton"	"Six Wives"	"14.00"	"22"	"Handicap"	"7"	"12"	"Cray, Billy"	"Nicholls, D"	"6f "	"4"	"118"
"17:20:00"	"2011-10-04"	"Southwell"	"Llewellyn"	"8.00"	"9.6"	"Handicap"	"8"	"9"	"Donohoe, Stephen"	"Fanshawe, J R"	"7f "	"3"	"33"
"20:30:00"	"2011-09-30"	"Dundalk"	"Prince Chaparral (IRE)"	"20.00"	"38.28"	"Handicap"	"3"	"14"	"Grant, D M"	"Flynn, Patrick J"	"1m2.5f "	"5"	"134"
"20:30:00"	"2011-09-30"	"Dundalk"	"Super Say (IRE)"	"14.00"	"24.52"	"Handicap"	"8"	"14"	"Curtis, B A"	"Oliver, Andrew"	"1m2.5f "	"5"	"78"
"19:30:00"	"2011-09-30"	"Dundalk"	"Gagnant (IRE)"	"16.00"	"29.02"	"Handicap"	"6"	"14"	"McDonogh, D P"	"Dobbs, Mrs Prunella"	"1m "	"5"	"25"
"21:10:00"	"2011-09-29"	"Kempton"	"Divine Call"	"7.50"	"8.85"	"Handicap"	"7"	"11"	"Beschizza,Adam "	"Haggas, W J"	"7f "	"4"	"34"
"17:40:00"	"2011-09-28"	"Kempton"	"Complexion"	"6.50"	"7.94"	"Handicap"	"3"	"13"	"Kelly, Shane"	"Stoute, Sir Michael"	"1m2f "	"3"	"53"
"20:50:00"	"2011-09-24"	"Wolverhampton"	"Arctic Cat (IRE)"	"10.00"	"14.21"	"Handicap"	"10"	"12"	"Winston, Robert"	"Burke, Mrs K"	"1m1.5f "	"3"	"46"
"19:50:00"	"2011-09-24"	"Wolverhampton"	"Count Bertoni (IRE)"	"5.00"	"7.2"	"Handicap"	"1"	"11"	"Sousa, Silvestre De"	"OMeara, D"	"1m.5f "	"4"	"31"
"21:00:00"	"2011-09-23"	"Dundalk"	"Bleuker (IRE)"	"14.00"	"22"	"Handicap"	"5"	"12"	"Foley, Shane"	"Meade, Noel"	"1m2.5f "	"3"	"29"
"20:45:00"	"2011-09-23"	"Wolverhampton"	"Way Chief (FR)"	"20.00"	"24.88"	"Handicap"	"11"	"12"	"Topliss, Lee"	"Fahey, R A"	"1m1.5f "	"3"	"32"
"18:15:00"	"2011-09-23"	"Wolverhampton"	"Grand Art (IRE)"	"66.00"	"121.07"	"Handicap"	"6"	"11"	"Fitzpatrick, Robbie"	"Sheridan, F"	"1m6f "	"7"	"29"
"21:00:00"	"2011-09-22"	"Wolverhampton"	"Manshoor (IRE)"	"12.00"	"18.08"	"Handicap"	"3"	"11"	"Morris, Luke"	"Wadham, Mrs L"	"1m4f "	"6"	"237"
"19:30:00"	"2011-09-22"	"Wolverhampton"	"Artists Corner"	"4.50"	"6.57"	"Handicap Nursery"	"6"	"10"	"Hanagan, Paul"	"Fahey, R A"	"6f "	"2"	"34"
"16:30:00"	"2011-09-19"	"Kempton"	"Robin Hoods Bay"	"2.25"	"3.5"	"Handicap"	"1"	"5"	"Spencer, Jamie"	"Vaughan, E F"	"1m4f "	"3"	"70"
"16:30:00"	"2011-09-19"	"Kempton"	"Area Fifty One"	"3.00"	"4.27"	"Handicap"	"2"	"5"	"Dwyer, Martin"	"Muir, W R"	"1m4f "	"3"	"30"
"16:00:00"	"2011-09-19"	"Kempton"	"Monsieur Jamie"	"33.00"	"48.7"	"Handicap"	"6"	"9"	"McCarthy, Adrian"	"Jenkins, J R"	"6f "	"3"	"181"
"19:50:00"	"2011-09-17"	"Wolverhampton"	"One Of Twins"	"7.50"	"10"	"Handicap"	"12"	"12"	"Sullivan, James P"	"Easterby, M W"	"7f "	"3"	"29"
"19:50:00"	"2011-09-16"	"Wolverhampton"	"Birdwatcher (IRE)"	"3.50"	"4.92"	"Handicap"	"7"	"8"	"Sousa, Silvestre De"	"Johnston, M"	"1m4f "	"3"	"133"
"17:50:00"	"2011-09-16"	"Wolverhampton"	"Fiction Or Fact (IRE)"	"25.00"	"42"	"Handicap Nursery"	"1"	"12"	"Tylicki, Frederik"	"Ryan, K A"	"7f "	"2"	"92"
"20:40:00"	"2011-09-14"	"Kempton"	"Fire Fighter (IRE)"	"1.10"	"2.32"	"Handicap"	"1"	"5"	"Sanders, Seb"	"Prescott, Sir Mark"	"2m "	"3"	"31"
"17:40:00"	"2011-09-12"	"Kempton"	"Addikt (IRE)"	"20.00"	"27.19"	"Handicap"	"9"	"13"	"Creighton, Edward"	"Scudamore, M J"	"1m3f "	"6"	"95"
"18:55:00"	"2011-09-10"	"Kempton"	"Love Nest"	"2.25"	"3.96"	"Handicap"	"1"	"13"	"Keniry, L P"	"Dunlop, J L"	"1m "	"3"	"36"
"19:20:00"	"2011-09-07"	"Kempton"	"The Holyman (IRE)"	"14.00"	"17"	"Handicap"	"8"	"11"	"Mongan, Ian"	"Crowley, Miss Jo"	"1m "	"3"	"44"
"16:05:00"	"2011-09-04"	"Dundalk"	"Unique Style (IRE)"	"2.25"	"3.4"	"Handicap"	"6"	"13"	"Murtagh, J"	"Lyons, G M"	"2m "	"3"	"44"
"18:30:00"	"2011-09-03"	"Wolverhampton"	"Sound Amigo (IRE)"	"3.00"	"4.38"	"Handicap"	"1"	"11"	"McHugh, B"	"Pears, Ollie"	"7f "	"3"	"31"
"16:55:00"	"2011-09-03"	"Kempton"	"Estourah (IRE)"	"5.50"	"6.78"	"Handicap"	"2"	"9"	"ONeill, Dane"	"Suroor, Saeed Bin"	"1m3f "	"3"	"126"
"16:30:00"	"2011-02-28"	"Wolverhampton"	"Ocean Countess (IRE)"	"12.00"	"19.42"	"Handicap"	"5"	"11"	"Gannon, Catherine"	"Carroll, A W"	"1m.5f "	"5"	"26"
"13:35:00"	"2011-02-26"	"Lingfield"	"Jezza"	"3.50"	"5.83"	"Handicap"	"6"	"6"	"Donohoe, Stephen"	"Dartnall, V R A"	"1m5f "	"5"	"51"
"17:25:00"	"2011-02-20"	"Kempton"	"But Beautiful (IRE)"	"1.00"	"2.18"	"Handicap"	"1"	"7"	"Fanning, Joe"	"Mills, R A"	"1m "	"4"	"25"
"17:25:00"	"2011-02-20"	"Kempton"	"Saddlers Bend (IRE)"	"7.00"	"12.5"	"Handicap"	"4"	"7"	"Davies, Matthew"	"Baker, George"	"1m "	"5"	"41"
"16:00:00"	"2011-02-19"	"Lingfield"	"Rocket Rob (IRE)"	"25.00"	"36.78"	"Handicap"	"12"	"12"	"Donohoe, Stephen"	"Musson, W J"	"6f "	"5"	"182"
"20:10:00"	"2011-02-10"	"Kempton"	"Zafeens Pearl"	"9.00"	"11.5"	"Handicap"	"2"	"9"	"Hitchcott, Sam"	"Ivory, D K"	"1m "	"4"	"34"
"20:10:00"	"2011-02-10"	"Kempton"	"Peadar Miguel"	"3.33"	"6.4"	"Handicap"	"6"	"9"	"Queally, T P"	"Quinlan, N"	"1m "	"4"	"28"
"16:50:00"	"2011-02-10"	"Southwell"	"Dandarrell"	"2.00"	"2.96"	"Handicap"	"4"	"5"	"Sullivan, James P"	"Camacho, Miss J A"	"1m3f "	"4"	"56"
"15:00:00"	"2011-02-07"	"Wolverhampton"	"Brabazon (IRE)"	"4.00"	"5.63"	"Handicap"	"1"	"8"	"Coakley, Ross"	"Butterly, E M"	"1m6f "	"8"	"34"
"15:30:00"	"2011-02-03"	"Southwell"	"Kings Counsel (IRE)"	"10.00"	"13.5"	"Handicap"	"5"	"8"	"Fanning, Joe"	"OMeara, D"	"1m "	"5"	"200"
"15:10:00"	"2011-02-02"	"Lingfield"	"Noah Jameel"	"11.00"	"13.87"	"Handicap"	"4"	"10"	"Sweeney, Fergus"	"Newcombe, A G"	"1m2f "	"9"	"120"
"13:30:00"	"2011-02-01"	"Southwell"	"Valantino Oyster (IRE)"	"7.00"	"8.29"	"Handicap"	"8"	"9"	"Holmes, Charlotte"	"Haslam, B M R"	"1m6f "	"4"	"54"
"16:15:00"	"2011-01-30"	"Kempton"	"Lovers Causeway (USA)"	"2.00"	"3.4"	"Handicap"	"1"	"5"	"Fanning, Joe"	"Johnston, M"	"1m4f "	"4"	"32"
"16:15:00"	"2011-01-30"	"Kempton"	"Spring Jim"	"2.75"	"4"	"Handicap"	"2"	"5"	"Baker, George"	"Fanshawe, J R"	"1m4f "	"10"	"52"
"13:45:00"	"2011-01-30"	"Kempton"	"Supatov (USA)"	"3.33"	"4.54"	"Handicap"	"6"	"8"	"Drowne, Steve"	"Morrison, H"	"1m2f "	"4"	"79"
"19:40:00"	"2011-01-28"	"Wolverhampton"	"Stargazing (IRE)"	"4.50"	"5.9"	"Handicap"	"1"	"12"	"Kirby, Adam"	"Botti, M"	"1m1.5f "	"5"	"62"
"17:40:00"	"2011-01-28"	"Wolverhampton"	"Taikoo"	"16.00"	"22.72"	"Handicap"	"5"	"6"	"Block, Travis"	"Morrison, H"	"2m.5f "	"6"	"95"
"14:15:00"	"2011-01-28"	"Lingfield"	"Knox Overstreet"	"5.00"	"6.8"	"Handicap"	"5"	"9"	"Hitchcott, Sam"	"Channon, M R"	"7f "	"3"	"86"
"18:50:00"	"2011-01-27"	"Kempton"	"Taaresh (IRE)"	"8.00"	"12"	"Handicap"	"1"	"6"	"Fanning, Joe"	"Morgan, K A"	"1m4f "	"6"	"229"
"13:25:00"	"2011-01-26"	"Lingfield"	"Laser Ruby"	"6.00"	"8.4"	"Handicap"	"6"	"8"	"Brown, Thomas"	"Balding, A M"	"7f "	"4"	"35"
"15:20:00"	"2011-01-25"	"Southwell"	"Forevers Girl"	"18.00"	"24.35"	"Handicap"	"2"	"14"	"Eaves, Tom"	"Oldroyd, G R"	"5f "	"5"	"66"
"14:20:00"	"2011-01-25"	"Southwell"	"Sarwin (USA)"	"14.00"	"22.74"	"Handicap"	"10"	"10"	"Winston, Robert"	"Kelly, Muredach"	"1m "	"8"	"111"
"17:35:00"	"2011-01-24"	"Wolverhampton"	"Loyalty"	"8.00"	"9.2"	"Handicap"	"2"	"11"	"Mathers, Patrick"	"Shaw, D"	"1m1.5f "	"4"	"38"
"17:35:00"	"2011-01-24"	"Wolverhampton"	"Postman"	"14.00"	"19.5"	"Handicap"	"11"	"11"	"Eaves, Tom"	"Smart, B"	"1m1.5f "	"5"	"91"
"15:50:00"	"2011-01-24"	"Kempton"	"Chilli Green"	"1.63"	"2.63"	"Handicap"	"1"	"10"	"ONeill, Dane"	"Akehurst, J"	"1m "	"4"	"25"
"16:15:00"	"2011-01-22"	"Lingfield"	"Mush Mir (IRE)"	"8.00"	"9.65"	"Handicap"	"5"	"8"	"Craine, S J"	"Boyle, J R"	"1m4f "	"4"	"40"
"15:05:00"	"2011-01-21"	"Lingfield"	"Esteem Lord"	"7.00"	"8.53"	"Handicap"	"3"	"9"	"Crowley, Jim"	"Ivory, D K"	"1m2f "	"5"	"30"
"13:20:00"	"2011-01-20"	"Lingfield"	"Eagle Nebula"	"4.50"	"5.63"	"Handicap"	"2"	"12"	"Kirby, Adam"	"Johnson, B R"	"1m5f "	"7"	"43"
"20:00:00"	"2011-01-19"	"Kempton"	"Grand Honour (IRE)"	"2.00"	"3.15"	"Handicap"	"6"	"9"	"Craine, S J"	"Boyle, J R"	"7f "	"5"	"35"
"18:30:00"	"2011-01-19"	"Kempton"	"Diamond Charlie (IRE)"	"5.00"	"6.93"	"Handicap"	"2"	"7"	"Turner, Hayley"	"Dow, S"	"6f "	"3"	"129"
"16:50:00"	"2011-01-17"	"Wolverhampton"	"Diplomasi"	"4.50"	"5.95"	"Handicap"	"4"	"4"	"Catlin, Chris"	"Brittain, C E"	"1m.5f "	"3"	"94"
"12:50:00"	"2011-01-16"	"Southwell"	"Intyre Trail (IRE)"	"14.00"	"27.86"	"Handicap"	"1"	"10"	"Keniry, L P"	"Fahey, Peter"	"1m "	"6"	"65"
"19:10:00"	"2011-01-14"	"Wolverhampton"	"Bute Street"	"5.00"	"8.01"	"Handicap"	"8"	"8"	"Baker, George"	"Hodges, R J"	"1m6f "	"6"	"111"
"17:15:00"	"2011-01-12"	"Kempton"	"Stratton Banker (IRE)"	"3.33"	"4.7"	"Handicap"	"1"	"10"	"Crowley, Jim"	"Williams, S C"	"5f "	"4"	"34"
"13:15:00"	"2011-01-12"	"Lingfield"	"Pittodrie Star (IRE)"	"2.25"	"3.34"	"Handicap"	"2"	"4"	"Keniry, L P"	"Balding, A M"	"2m "	"4"	"28"
"14:45:00"	"2011-01-09"	"Southwell"	"Fantasy Fighter (IRE)"	"33.00"	"79.25"	"Handicap"	"8"	"8"	"Quinn, Jimmy"	"Quinn, J J"	"7f "	"6"	"106"
"13:25:00"	"2011-01-08"	"Lingfield"	"Wanchai Whisper"	"14.00"	"16.5"	"Handicap"	"9"	"12"	"Heffernan, Andrew"	"Hedger, P R"	"6f "	"4"	"31"
"17:40:00"	"2011-01-06"	"Wolverhampton"	"Kiama Bay (IRE)"	"2.75"	"3.79"	"Handicap"	"1"	"4"	"Keniry, L P"	"Quinn, J J"	"1m4f "	"5"	"48"
"18:35:00"	"2011-01-05"	"Kempton"	"Unlimited"	"20.00"	"25.6"	"Handicap"	"4"	"8"	"Fox, Kieren"	"Carroll, A W"	"1m "	"9"	"82"
"18:05:00"	"2011-01-05"	"Kempton"	"Indian Wish (USA)"	"3.33"	"4.67"	"Handicap Seller"	"2"	"9"	"Spencer, Jamie"	"Quinlan, M G"	"1m3f "	"3"	"26"
"17:00:00"	"2011-01-04"	"Kempton"	"Brabazon (IRE)"	"1.88"	"3.35"	"Handicap"	"9"	"9"	"Drowne, Steve"	"Butterly, E M"	"2m "	"8"	"31"
"16:25:00"	"2010-10-31"	"Lingfield"	"Super Duplex"	"12.00"	"17.76"	"Handicap"	"3"	"12"	"Mongan, Ian"	"Phelan, P M"	"1m "	"3"	"29"
"17:10:00"	"2010-10-28"	"Lingfield"	"Cool Kitten (IRE)"	"5.50"	"7.3"	"Handicap"	"9"	"9"	"Bentley, Harry"	"Knight, W J"	"7f "	"3"	"60"
"16:20:00"	"2010-10-25"	"Southwell"	"Powerful Melody (USA)"	"4.50"	"6.3"	"Handicap"	"3"	"6"	"ODonohoe, D"	"Suroor, Saeed Bin"	"1m4f "	"3"	"30"
"16:20:00"	"2010-10-25"	"Southwell"	"Taikoo"	"2.25"	"3.3"	"Handicap"	"6"	"6"	"Drowne, Steve"	"Morrison, H"	"1m4f "	"5"	"25"
"21:15:00"	"2010-10-23"	"Kempton"	"Alis Aquilae (IRE)"	"6.50"	"8.6"	"Handicap"	"4"	"12"	"Butler, Robert L"	"Etherington, T J"	"6f "	"4"	"98"
"21:25:00"	"2010-10-22"	"Dundalk"	"Force Of Habit"	"3.00"	"5.01"	"Handicap"	"1"	"14"	"Smullen, P J"	"Weld, D K"	"1m2.5f "	"4"	"85"
"21:25:00"	"2010-10-22"	"Dundalk"	"Jeangeorges (IRE)"	"8.00"	"9.91"	"Handicap"	"4"	"14"	"Grant, D M"	"Flynn, Patrick J"	"1m2.5f "	"4"	"56"
"20:10:00"	"2010-10-21"	"Kempton"	"Argaum (IRE)"	"7.50"	"9.63"	"Handicap"	"3"	"9"	"Durcan, Ted"	"Swinburn, W R"	"1m4f "	"3"	"27"
"18:40:00"	"2010-10-21"	"Kempton"	"Tamtara"	"9.00"	"10.93"	"Handicap"	"10"	"14"	"Fallon, K"	"Perrett, Mrs A J"	"1m2f "	"3"	"35"
"18:10:00"	"2010-10-21"	"Kempton"	"Anne Of Kiev (IRE)"	"11.00"	"12.63"	"Handicap"	"5"	"12"	"Morris, Luke"	"Gask, J R"	"5f "	"5"	"142"
"20:00:00"	"2010-10-16"	"Wolverhampton"	"Elijah Pepper (USA)"	"4.00"	"5.4"	"Handicap"	"1"	"11"	"Gibbons, Graham"	"Barron, T D"	"1m.5f "	"5"	"30"
"20:50:00"	"2010-10-14"	"Kempton"	"Sierra Alpha"	"2.00"	"3.45"	"Handicap"	"6"	"6"	"Dobbs, Pat"	"Perrett, Mrs A J"	"1m4f "	"3"	"65"
"18:20:00"	"2010-10-14"	"Kempton"	"Brave Tiger (IRE)"	"10.00"	"14.03"	"Handicap Nursery"	"8"	"9"	"Jones, Liam"	"Williams, S C"	"6f "	"2"	"31"
"20:40:00"	"2010-10-13"	"Kempton"	"Ayam Zainah"	"6.00"	"8.8"	"Handicap"	"2"	"12"	"Gannon, Catherine"	"Channon, M R"	"6f "	"3"	"33"
"17:45:00"	"2010-10-13"	"Lingfield"	"Piano"	"2.00"	"3.62"	"Handicap"	"1"	"13"	"Buick, William"	"Gosden, J H M"	"1m2f "	"3"	"32"
"16:00:00"	"2010-10-11"	"Kempton"	"Phoenix Flight (IRE)"	"25.00"	"65.61"	"Handicap"	"11"	"14"	"Vickers, Lee"	"Evans, H J"	"1m4f "	"5"	"76"
"21:20:00"	"2010-10-08"	"Wolverhampton"	"Folio (IRE)"	"25.00"	"37.28"	"Handicap"	"7"	"12"	"Donohoe, Stephen"	"Musson, W J"	"1m1.5f "	"10"	"40"
"20:30:00"	"2010-10-08"	"Dundalk"	"Denny Crane"	"2.50"	"5.17"	"Handicap"	"1"	"13"	"Lordan, W M"	"Lynam, Edward"	"1m2.5f "	"4"	"33"
"20:30:00"	"2010-10-08"	"Dundalk"	"Jeunesse Doree (IRE)"	"9.00"	"21"	"Handicap"	"11"	"13"	"McDonogh, D P"	"Marnane, David"	"1m2.5f "	"4"	"134"
"16:30:00"	"2010-10-03"	"Dundalk"	"Dahindar (IRE)"	"8.00"	"15.22"	"Handicap"	"1"	"14"	"Beggy, P B"	"Lynam, Edward"	"1m "	"5"	"26"
"14:30:00"	"2010-10-03"	"Dundalk"	"Cheers Buddy (IRE)"	"14.00"	"24.52"	"Handicap Nursery"	"6"	"11"	"Fairley, Greg"	"Mullins, Anthony"	"6f "	"2"	"39"
"19:30:00"	"2010-10-02"	"Wolverhampton"	"Mons Calpe (IRE)"	"8.00"	"10.46"	"Handicap"	"2"	"12"	"Catlin, Chris"	"Cole, P F I"	"1m4f "	"4"	"25"
"21:25:00"	"2010-10-01"	"Dundalk"	"Connyella (IRE)"	"9.00"	"10.54"	"Handicap"	"1"	"14"	"OBrien, J P"	"Flynn, Patrick J"	"1m4f "	"6"	"74"
"20:15:00"	"2010-10-01"	"Wolverhampton"	"Sir Bruno (FR)"	"8.00"	"9.2"	"Handicap"	"1"	"11"	"Probert, David"	"Palling, B"	"7f "	"3"	"57"
"19:15:00"	"2010-10-01"	"Wolverhampton"	"Wheres Reiley (USA)"	"16.00"	"20.94"	"Handicap"	"9"	"9"	"Heslop, Dean"	"Barron, T D"	"5f "	"4"	"152"
"18:45:00"	"2010-10-01"	"Wolverhampton"	"Rare Coincidence"	"25.00"	"31.49"	"Handicap"	"11"	"13"	"Eaves, Tom"	"Fisher, R F"	"1m6f "	"9"	"53"
"17:15:00"	"2010-10-01"	"Lingfield"	"Honoured (IRE)"	"1.00"	"2.03"	"Handicap"	"3"	"10"	"Donohoe, Stephen"	"Prescott, Sir Mark"	"1m4f "	"3"	"37"
"21:20:00"	"2010-09-29"	"Kempton"	"Macks Sister"	"14.00"	"16.32"	"Handicap"	"1"	"12"	"Havlin, Robert"	"Ivory, D K"	"6f "	"3"	"28"
"20:50:00"	"2010-09-29"	"Kempton"	"Figaro Flyer (IRE)"	"20.00"	"24.81"	"Handicap"	"12"	"12"	"Guillambert, J-P"	"Howling, P"	"6f "	"7"	"27"
"21:05:00"	"2010-09-25"	"Wolverhampton"	"Highland Love"	"25.00"	"40.21"	"Handicap"	"1"	"12"	"Culhane, Tony"	"OKeeffe, Jedd"	"1m1.5f "	"5"	"28"
"20:05:00"	"2010-09-25"	"Wolverhampton"	"Ballade de La Mer"	"25.00"	"45.29"	"Handicap"	"6"	"12"	"Newman, L"	"Foster, A G"	"2m.5f "	"4"	"38"
"20:05:00"	"2010-09-25"	"Wolverhampton"	"Torina (IRE)"	"5.50"	"7.4"	"Handicap"	"7"	"12"	"Hughes, Richard"	"Grassick, M J"	"2m.5f "	"5"	"32"
"19:35:00"	"2010-09-25"	"Wolverhampton"	"Mazamorra (USA)"	"7.50"	"9.35"	"Handicap"	"1"	"13"	"Catlin, Chris"	"Botti, M"	"1m.5f "	"3"	"71"
"20:45:00"	"2010-09-24"	"Wolverhampton"	"Philosophers Guest (IRE)"	"12.00"	"13.43"	"Handicap"	"2"	"11"	"Fahy, J P"	"Grassick, M J"	"1m.5f "	"4"	"31"
"20:45:00"	"2010-09-24"	"Wolverhampton"	"Parisian Dream"	"16.00"	"21.93"	"Handicap"	"8"	"11"	"Hanagan, Paul"	"Pitt, T J"	"1m.5f "	"6"	"47"
"20:00:00"	"2010-09-23"	"Wolverhampton"	"Satwa Laird"	"6.00"	"8.58"	"Handicap"	"4"	"13"	"Hanagan, Paul"	"Dunlop, E A L"	"1m.5f "	"4"	"29"
"20:50:00"	"2010-09-22"	"Kempton"	"Sakhees Pearl"	"6.50"	"8.6"	"Handicap"	"1"	"8"	"Queally, T P"	"Kelleway, Miss Gay"	"7f "	"4"	"39"
"20:20:00"	"2010-09-22"	"Kempton"	"Iron Condor"	"8.50"	"12.59"	"Handicap"	"1"	"14"	"Morris, Luke"	"Eustace, J M P"	"1m4f "	"3"	"37"
"20:20:00"	"2010-09-22"	"Kempton"	"Ildiko (USA)"	"9.00"	"14.45"	"Handicap"	"14"	"14"	"Sanders, Seb"	"Prescott, Sir Mark"	"1m4f "	"3"	"42"
"19:50:00"	"2010-09-18"	"Wolverhampton"	"Miss Bounty"	"18.00"	"24.29"	"Handicap"	"8"	"12"	"ODonohoe, D"	"Baker, George"	"7f "	"5"	"36"
"20:50:00"	"2010-09-17"	"Wolverhampton"	"Brannagh (USA)"	"7.00"	"10"	"Handicap"	"8"	"10"	"Holland, Darryll"	"Noseda, J"	"7f "	"3"	"41"
"18:20:00"	"2010-09-17"	"Wolverhampton"	"Book Keeper"	"4.00"	"6.69"	"Handicap Nursery"	"6"	"10"	"Ajtebi, Ahmed"	"Al Zarooni, Mahmood"	"7f "	"2"	"36"
"20:55:00"	"2010-09-16"	"Wolverhampton"	"Colincas Lad (IRE)"	"3.00"	"4.39"	"Handicap"	"10"	"13"	"Winston, Robert"	"Charalambous, P"	"1m.5f "	"8"	"36"
"19:25:00"	"2010-09-16"	"Wolverhampton"	"Flag Of Glory"	"14.00"	"17.5"	"Handicap"	"1"	"11"	"Baker, George"	"Wall, C F"	"1m1.5f "	"3"	"43"
"19:25:00"	"2010-09-16"	"Wolverhampton"	"Lingfield Bound (IRE)"	"25.00"	"31.02"	"Handicap"	"6"	"11"	"Durcan, Ted"	"Best, J R"	"1m1.5f "	"3"	"57"
"21:00:00"	"2010-09-11"	"Kempton"	"Kiss A Prince"	"8.00"	"13"	"Handicap"	"5"	"12"	"Crowley, Jim"	"Ivory, D K"	"7f "	"4"	"26"
"18:30:00"	"2010-09-11"	"Kempton"	"Acknowledgement"	"12.00"	"13.66"	"Handicap"	"8"	"10"	"Dean, Jack"	"Spearing, J L"	"1m2f "	"8"	"189"
"19:00:00"	"2010-09-10"	"Wolverhampton"	"Consult"	"3.00"	"5"	"Handicap"	"3"	"12"	"Sanders, Seb"	"Prescott, Sir Mark"	"1m4f "	"3"	"53"
"20:50:00"	"2010-09-08"	"Kempton"	"Home Advantage"	"5.00"	"6.4"	"Handicap"	"1"	"14"	"Hughes, Richard"	"Charlton, Roger/Harry"	"1m4f "	"3"	"46"
"18:20:00"	"2010-09-08"	"Kempton"	"Miss Dutee"	"5.00"	"7.68"	"Handicap Nursery"	"7"	"8"	"Hughes, Richard"	"Hannon, R"	"5f "	"2"	"36"
"16:55:00"	"2010-09-05"	"Dundalk"	"Denny Crane"	"2.75"	"4.2"	"Handicap"	"3"	"13"	"Lordan, W M"	"Lynam, Edward"	"1m4f "	"4"	"25"
"16:55:00"	"2010-09-05"	"Dundalk"	"Newmarket Story (IRE)"	"5.00"	"5.8"	"Handicap"	"4"	"13"	"Berry, F M"	"Austin, W J"	"1m4f "	"8"	"92"
"19:45:00"	"2010-09-03"	"Kempton"	"Paco Belle (IRE)"	"14.00"	"18.65"	"Handicap Nursery"	"8"	"12"	"Hughes, Richard"	"Hannon, R"	"6f "	"2"	"44"
"17:20:00"	"2010-09-03"	"Lingfield"	"Little Garcon (USA)"	"4.00"	"5.3"	"Handicap"	"3"	"11"	"Durcan, Ted"	"Botti, M"	"6f "	"3"	"35"
"16:50:00"	"2010-09-01"	"Lingfield"	"Decency (IRE)"	"4.50"	"7.09"	"Handicap"	"4"	"11"	"Buick, William"	"Dunlop, H J L"	"7f "	"3"	"27"
"15:55:00"	"2010-02-28"	"Kempton"	"Sunshine Always (IRE)"	"2.75"	"4"	"Handicap"	"7"	"8"	"Crowley, Jim"	"McCarthy, T D"	"7f "	"4"	"25"
"18:10:00"	"2010-02-26"	"Wolverhampton"	"Wreningham"	"6.50"	"8.98"	"Handicap"	"3"	"11"	"Carson, William"	"Williams, S C"	"5f "	"5"	"45"
"17:40:00"	"2010-02-26"	"Wolverhampton"	"Rocket Rob (IRE)"	"2.25"	"3.55"	"Handicap"	"5"	"8"	"Sanders, Seb"	"Botti, M"	"6f "	"4"	"30"
"17:15:00"	"2010-02-26"	"Southwell"	"Bivouac (UAE)"	"8.00"	"10"	"Handicap"	"1"	"13"	"Holland, Darryll"	"Swinbank, G A"	"1m4f "	"6"	"86"
"16:45:00"	"2010-02-26"	"Southwell"	"Lava Steps (USA)"	"4.50"	"6"	"Handicap"	"4"	"5"	"Culhane, Tony"	"Midgley, P T"	"1m3f "	"4"	"50"
"15:40:00"	"2010-02-26"	"Southwell"	"Princess Mandy (IRE)"	"3.00"	"5.12"	"Handicap"	"3"	"8"	"Holland, Darryll"	"Ryan, K A"	"1m "	"3"	"90"
"20:10:00"	"2010-02-25"	"Kempton"	"Berbice (IRE)"	"4.00"	"6"	"Handicap"	"3"	"9"	"Hughes, Richard"	"Donohoe, S"	"7f "	"5"	"122"
"19:10:00"	"2010-02-25"	"Kempton"	"Short Cut"	"7.00"	"10.3"	"Handicap"	"1"	"10"	"Donohoe, Stephen"	"Williams, Ian"	"6f "	"4"	"70"
"17:30:00"	"2010-02-24"	"Kempton"	"Chalice Welcome"	"8.00"	"10"	"Handicap"	"8"	"14"	"Turner, Hayley"	"King, N B"	"1m2f "	"7"	"37"
"17:55:00"	"2010-02-22"	"Wolverhampton"	"Global Village (IRE)"	"9.00"	"10.41"	"Handicap"	"1"	"11"	"Golam, Saleem"	"Bravery, G C"	"7f "	"5"	"197"
"17:55:00"	"2010-02-22"	"Wolverhampton"	"Hyde Lea Flyer"	"8.00"	"9.77"	"Handicap"	"6"	"11"	"Gibbons, Graham"	"McMahon, E S"	"7f "	"5"	"77"
"18:45:00"	"2010-02-19"	"Wolverhampton"	"Roisins Prince (IRE)"	"16.00"	"20.98"	"Handicap"	"10"	"10"	"McHugh, B"	"Sheppard, M"	"1m4f "	"8"	"82"
"19:10:00"	"2010-02-17"	"Kempton"	"Confuchias (IRE)"	"4.00"	"5.49"	"Handicap"	"3"	"8"	"Morris, Luke"	"Gask, J R"	"7f "	"6"	"61"
"14:30:00"	"2010-02-17"	"Lingfield"	"Hampton Court"	"6.00"	"8.2"	"Handicap"	"4"	"13"	"Mongan, Ian"	"Mullins, J W"	"2m "	"5"	"32"
"14:30:00"	"2010-02-17"	"Lingfield"	"Share Option"	"8.00"	"9.8"	"Handicap"	"7"	"13"	"Quinn, Jimmy"	"Carroll, A W"	"2m "	"8"	"83"
"14:10:00"	"2010-02-15"	"Wolverhampton"	"Straboe (USA)"	"7.00"	"8.75"	"Handicap"	"1"	"11"	"Golam, Saleem"	"Williams, S C"	"5f "	"4"	"56"
"16:50:00"	"2010-02-14"	"Kempton"	"Premier Lad"	"4.00"	"5.32"	"Handicap"	"8"	"12"	"Makin, Phillip"	"Barron, T D"	"6f "	"4"	"31"
"15:00:00"	"2010-02-13"	"Lingfield"	"Dalradian (IRE)"	"9.00"	"13.89"	"Handicap"	"1"	"14"	"Crowley, Jim"	"Knight, W J"	"1m2f "	"4"	"213"
"19:15:00"	"2010-02-12"	"Wolverhampton"	"Starburst"	"2.25"	"3.91"	"Handicap"	"8"	"9"	"Baker, George"	"Balding, A M"	"1m6f "	"5"	"32"
"17:45:00"	"2010-02-12"	"Wolverhampton"	"Aureate"	"6.00"	"9.03"	"Handicap"	"3"	"6"	"Probert, David"	"Forsey, B"	"1m4f "	"6"	"106"
"13:15:00"	"2010-02-12"	"Southwell"	"Dontuwishitwereso"	"4.50"	"6"	"Handicap"	"7"	"10"	"Norton, Francis"	"DArcy, P W"	"1m "	"4"	"35"
"18:40:00"	"2010-02-10"	"Kempton"	"Desert Vision (OLD)"	"6.00"	"7.65"	"Handicap"	"3"	"11"	"Makin, Phillip"	"Easterby, M W"	"1m2f "	"6"	"45"
"13:50:00"	"2010-02-09"	"Southwell"	"Jackie Kiely"	"2.75"	"3.7"	"Handicap"	"1"	"12"	"David, Mr T R"	"Brotherton, R"	"1m3f "	"9"	"28"
"14:30:00"	"2010-02-08"	"Wolverhampton"	"Private Equity (IRE)"	"1.88"	"2.87"	"Handicap"	"5"	"9"	"Clark, Ryan"	"Jarvis, W"	"1m6f "	"4"	"57"
"16:45:00"	"2010-02-06"	"Lingfield"	"Tenacestream (CAN)"	"3.00"	"4.86"	"Handicap"	"3"	"5"	"Winston, Robert"	"Best, J R"	"1m "	"3"	"38"
"19:20:00"	"2010-02-04"	"Wolverhampton"	"Sinbad The Sailor"	"12.00"	"22.7"	"Handicap"	"1"	"12"	"Davies, Matthew"	"Baker, George"	"2m.5f "	"5"	"105"
"14:00:00"	"2010-02-04"	"Southwell"	"Borasco (USA)"	"2.75"	"4.09"	"Handicap"	"1"	"7"	"Makin, Phillip"	"Barron, T D"	"7f "	"5"	"30"
"17:30:00"	"2010-02-03"	"Kempton"	"Zegna (IRE)"	"6.00"	"8.2"	"Handicap"	"2"	"8"	"Eaves, Tom"	"Smart, B"	"5f "	"4"	"35"
"18:25:00"	"2010-01-28"	"Kempton"	"Dune Raider (USA)"	"9.00"	"11.77"	"Handicap"	"6"	"8"	"Mongan, Ian"	"Evans, P D"	"2m "	"9"	"60"
"15:50:00"	"2010-01-28"	"Southwell"	"Shifting Gold (IRE) (OLD)"	"14.00"	"15.89"	"Handicap"	"4"	"8"	"Makin, Phillip"	"Ryan, K A"	"1m3f "	"4"	"64"
"15:20:00"	"2010-01-26"	"Southwell"	"Profits Reality (IRE)"	"5.00"	"7.4"	"Handicap"	"3"	"6"	"Morris, Luke"	"Attwater, M J"	"1m4f "	"8"	"35"
"16:05:00"	"2010-01-24"	"Kempton"	"Glow Star (SAF)"	"5.00"	"6.8"	"Handicap"	"9"	"13"	"Baker, George"	"Moore, Gary and Josh"	"7f "	"6"	"51"
"14:00:00"	"2010-01-24"	"Kempton"	"Resentful Angel"	"3.50"	"5.22"	"Handicap"	"10"	"14"	"Atkinson, Toby"	"Eddery, Pat"	"1m3f "	"5"	"45"
"15:20:00"	"2010-01-23"	"Lingfield"	"Bubbly Braveheart (IRE)"	"4.50"	"6.41"	"Handicap"	"2"	"7"	"Winston, Robert"	"Bailey, A"	"1m2f "	"3"	"42"
"16:15:00"	"2010-01-22"	"Lingfield"	"Valkyrie (IRE)"	"20.00"	"35.26"	"Handicap"	"2"	"14"	"Morris, Luke"	"Littmoden, N P"	"2m "	"4"	"72"
"15:45:00"	"2010-01-22"	"Lingfield"	"Kings Icon (IRE)"	"4.00"	"5.58"	"Handicap"	"9"	"11"	"Atkinson, Toby"	"Wigham, M"	"1m "	"5"	"133"
"19:20:00"	"2010-01-21"	"Wolverhampton"	"Thunderstruck"	"2.25"	"3.45"	"Handicap"	"1"	"12"	"Catlin, Chris"	"Glover, J A"	"1m1.5f "	"5"	"32"
"19:20:00"	"2010-01-21"	"Wolverhampton"	"Houston Dynimo (IRE)"	"25.00"	"31.14"	"Handicap"	"4"	"12"	"Eaves, Tom"	"Richards, N G"	"1m1.5f "	"5"	"60"
"20:00:00"	"2010-01-20"	"Kempton"	"Munich (IRE)"	"3.00"	"4.55"	"Handicap"	"1"	"12"	"ONeill, Dane"	"Curtis, R"	"7f "	"6"	"177"
"14:50:00"	"2010-01-19"	"Wolverhampton"	"Light Sleeper"	"5.00"	"6.41"	"Handicap"	"9"	"13"	"Spencer, Jamie"	"Chapple-Hyam, P W"	"6f "	"4"	"48"
"14:10:00"	"2010-01-16"	"Lingfield"	"Maybe I Will (IRE)"	"28.00"	"55"	"Handicap"	"11"	"11"	"Turner, Hayley"	"Dow, S"	"1m2f "	"5"	"230"
"19:50:00"	"2010-01-15"	"Wolverhampton"	"Take It There"	"11.00"	"15"	"Handicap"	"8"	"10"	"Spencer, Jamie"	"Lidderdale, A J"	"1m4f "	"8"	"36"
"19:15:00"	"2010-01-13"	"Kempton"	"Ensnare"	"4.50"	"6.6"	"Handicap"	"6"	"12"	"Donohoe, Stephen"	"Williams, Ian"	"1m "	"5"	"40"
"15:50:00"	"2010-01-12"	"Southwell"	"Hypnotic Gaze (IRE)"	"20.00"	"25.35"	"Handicap"	"7"	"10"	"Fanning, Joe"	"Mackie, J"	"7f "	"4"	"163"
"16:30:00"	"2010-01-11"	"Wolverhampton"	"Ryker (IRE)"	"10.00"	"14.69"	"Handicap"	"5"	"12"	"Turner, Hayley"	"Hills, J W"	"1m1.5f "	"4"	"26"
"12:40:00"	"2010-01-07"	"Southwell"	"Nabeeda"	"2.75"	"4.1"	"Handicap"	"4"	"9"	"Winston, Robert"	"Brittain, M"	"6f "	"5"	"27"
"14:40:00"	"2010-01-05"	"Southwell"	"Sonny Sam (IRE)"	"20.00"	"26.9"	"Handicap"	"3"	"11"	"Hamilton, Tony"	"Fahey, R A"	"1m6f "	"5"	"34"
"16:35:00"	"2010-01-04"	"Wolverhampton"	"Mighty Mover (IRE)"	"7.00"	"9.56"	"Handicap"	"7"	"11"	"Probert, David"	"Palling, B"	"1m.5f "	"8"	"35"
"15:35:00"	"2010-01-02"	"Southwell"	"Tri Chara (IRE)"	"6.00"	"7.8"	"Handicap"	"9"	"13"	"Culhane, Tony"	"Hollinshead, R"	"7f "	"6"	"25"
"12:55:00"	"2010-01-02"	"Southwell"	"Prohibition (IRE)"	"3.50"	"5"	"Handicap"	"5"	"8"	"Carson, William"	"Haggas, W J"	"7f "	"4"	"30"
"19:50:00"	"2009-10-30"	"Wolverhampton"	"Orpenindeed (IRE)"	"3.00"	"4.53"	"Handicap"	"1"	"10"	"Atzeni, Andrea"	"Botti, M"	"6f "	"6"	"27"
"15:40:00"	"2009-10-29"	"Lingfield"	"Free Tussy (ARG)"	"1.88"	"2.91"	"Handicap"	"1"	"4"	"Moore, Ryan"	"Moore, Gary and Josh"	"1m2f "	"5"	"26"
"20:10:00"	"2009-10-23"	"Wolverhampton"	"Kensei (IRE)"	"9.00"	"13.68"	"Handicap Nursery"	"6"	"11"	"Sanders, Seb"	"Beckett, R M"	"1m.5f "	"2"	"64"
"20:20:00"	"2009-10-22"	"Kempton"	"Key Regard (IRE)"	"20.00"	"26.68"	"Handicap"	"9"	"13"	"Dwyer, Martin"	"Cole, P F I"	"1m4f "	"3"	"28"
"14:10:00"	"2009-10-21"	"Southwell"	"Jack Cool (IRE)"	"18.00"	"19.64"	"Handicap"	"8"	"13"	"McCarthy, Adrian"	"Chapple-Hyam, P W"	"1m "	"3"	"81"
"14:10:00"	"2009-10-21"	"Southwell"	"Lifes Challenge (USA)"	"10.00"	"12.21"	"Handicap"	"11"	"13"	"Fairley, Greg"	"Johnston, M"	"1m "	"3"	"40"
"20:20:00"	"2009-10-17"	"Wolverhampton"	"Mohawk Ridge"	"5.50"	"7.87"	"Handicap"	"8"	"13"	"Eaves, Tom"	"Dods, M"	"1m1.5f "	"3"	"29"
"19:50:00"	"2009-10-17"	"Wolverhampton"	"Bundle Up"	"16.00"	"23.99"	"Handicap"	"10"	"12"	"Ghunowa, Kevin"	"Flint, J L"	"2m.5f "	"6"	"56"
"17:50:00"	"2009-10-17"	"Wolverhampton"	"Secret Life"	"6.00"	"7.61"	"Handicap"	"2"	"7"	"Kirby, Adam"	"Noseda, J"	"1m4f "	"3"	"64"
"19:00:00"	"2009-10-15"	"Wolverhampton"	"Spiekeroog"	"2.75"	"4.1"	"Handicap"	"4"	"4"	"Queally, T P"	"Cecil, H R A"	"2m.5f "	"3"	"68"
"20:50:00"	"2009-10-14"	"Kempton"	"Yankee Storm"	"33.00"	"61.73"	"Handicap"	"2"	"12"	"Quinn, Jimmy"	"Collingridge, H J"	"7f "	"4"	"41"
"17:15:00"	"2009-10-14"	"Lingfield"	"Isle De Maurice"	"16.00"	"22.41"	"Handicap"	"6"	"13"	"Dobbs, Pat"	"Moore, Gary and Josh"	"2m "	"7"	"166"
"14:30:00"	"2009-10-14"	"Lingfield"	"El Ameen"	"2.25"	"3.55"	"Handicap"	"9"	"10"	"Hills, R"	"Johnston, M"	"1m "	"3"	"30"
"16:45:00"	"2009-10-11"	"Lingfield"	"Bell Island"	"5.00"	"7.14"	"Handicap"	"1"	"11"	"Sanders, Seb"	"Herries, Lady"	"1m5f "	"5"	"33"
"15:35:00"	"2009-10-11"	"Lingfield"	"Prescription"	"3.50"	"5.5"	"Handicap"	"3"	"13"	"Sanders, Seb"	"Prescott, Sir Mark"	"7f "	"4"	"55"
"17:45:00"	"2009-10-10"	"Wolverhampton"	"Ursula (IRE)"	"3.50"	"5.47"	"Handicap"	"3"	"12"	"Sanders, Seb"	"Beckett, R M"	"7f "	"3"	"77"
"18:50:00"	"2009-10-09"	"Wolverhampton"	"Tripbiyah (USA)"	"6.50"	"8.66"	"Handicap"	"5"	"11"	"McDonald, P J"	"Swinbank, G A"	"7f "	"3"	"32"
"17:50:00"	"2009-10-09"	"Wolverhampton"	"Liberty Island (IRE) (OLD)"	"16.00"	"21.03"	"Handicap"	"1"	"13"	"ODonohoe, D"	"McCreery, W"	"5f "	"4"	"41"
"17:50:00"	"2009-10-09"	"Wolverhampton"	"Femme De Fer"	"4.50"	"6.91"	"Handicap"	"2"	"13"	"Kirby, Adam"	"Cox, C G"	"5f "	"3"	"32"
"15:30:00"	"2009-10-09"	"Lingfield"	"Indian Art (IRE)"	"10.00"	"14.5"	"Handicap"	"5"	"14"	"Hughes, Richard"	"Hannon, R"	"7f "	"3"	"37"
"18:50:00"	"2009-10-07"	"Kempton"	"Uncle Fred"	"5.50"	"7.97"	"Handicap"	"1"	"8"	"Kingscote, Richard"	"Chamings, P R"	"1m2f "	"4"	"63"
"21:20:00"	"2009-10-02"	"Wolverhampton"	"Spate River"	"1.25"	"2.96"	"Handicap"	"1"	"8"	"Baker, George"	"Wall, C F"	"1m.5f "	"4"	"28"
"20:15:00"	"2009-10-01"	"Wolverhampton"	"Mannlichen"	"9.00"	"11.5"	"Handicap"	"4"	"13"	"Fanning, Joe"	"Johnston, M"	"1m1.5f "	"3"	"115"
"19:45:00"	"2009-10-01"	"Wolverhampton"	"Mey Blossom"	"20.00"	"21.78"	"Handicap"	"13"	"13"	"Stainton, Michael J"	"Whitaker, R M"	"6f "	"4"	"49"
"18:45:00"	"2009-10-01"	"Wolverhampton"	"John Forbes"	"7.00"	"9.2"	"Handicap"	"1"	"13"	"Lane, Martin"	"Ellison, B"	"2m.5f "	"7"	"27"
"18:45:00"	"2009-10-01"	"Wolverhampton"	"Black Or Red (IRE)"	"5.00"	"7.27"	"Handicap"	"6"	"13"	"Sanders, Seb"	"Wood, I A"	"2m.5f "	"4"	"27"
"20:50:00"	"2009-09-30"	"Kempton"	"Haafhd Time (IRE)"	"12.00"	"16.15"	"Handicap"	"11"	"11"	"Kingscote, Richard"	"Dascombe, Tom"	"1m4f "	"3"	"28"
"15:20:00"	"2009-09-29"	"Southwell"	"Decameron (USA)"	"12.00"	"15.04"	"Handicap"	"11"	"11"	"Fanning, Joe"	"Harris, R A"	"1m "	"4"	"122"
"16:00:00"	"2009-09-28"	"Wolverhampton"	"Golden Button (IRE)"	"5.00"	"6.6"	"Handicap"	"3"	"10"	"Donohoe, Stephen"	"Prescott, Sir Mark"	"1m1.5f "	"4"	"28"
"21:15:00"	"2009-09-26"	"Kempton"	"Muftarres (IRE)"	"5.50"	"8.53"	"Handicap"	"3"	"10"	"Callan, N"	"Butler, G A"	"7f "	"4"	"30"
"21:25:00"	"2009-09-25"	"Dundalk"	"Akinspirit (IRE)"	"5.50"	"5.7"	"Handicap"	"1"	"14"	"Lee, W J"	"Butler, Michael"	"1m2.5f "	"5"	"41"
"20:50:00"	"2009-09-25"	"Wolverhampton"	"West With The Wind (USA)"	"6.50"	"7.45"	"Handicap"	"8"	"8"	"Munro, Alan"	"Chapple-Hyam, P W"	"1m1.5f "	"3"	"27"
"20:30:00"	"2009-09-24"	"Kempton"	"Penitent"	"3.50"	"5.25"	"Handicap"	"1"	"7"	"Spencer, Jamie"	"Haggas, W J"	"1m "	"3"	"38"
"18:00:00"	"2009-09-24"	"Kempton"	"Integria"	"12.00"	"16"	"Handicap"	"1"	"14"	"Morris, Luke"	"Eustace, J M P"	"1m "	"3"	"65"
"19:20:00"	"2009-09-23"	"Kempton"	"Trueblue Wizard (IRE)"	"16.00"	"23.7"	"Handicap"	"6"	"11"	"Dwyer, Martin"	"Muir, W R"	"1m2f "	"3"	"209"
"19:20:00"	"2009-09-23"	"Kempton"	"Al Qeddaaf (IRE)"	"4.00"	"9"	"Handicap"	"7"	"11"	"OShea, T P"	"Haggas, W J"	"1m2f "	"3"	"96"
"21:20:00"	"2009-09-19"	"Wolverhampton"	"Lugato (GER)"	"40.00"	"65"	"Handicap"	"9"	"12"	"Jones, Liam"	"Smyth, Lee"	"1m4f "	"7"	"65"
"19:40:00"	"2009-09-17"	"Wolverhampton"	"Steel City Boy (IRE)"	"14.00"	"22.01"	"Handicap"	"12"	"13"	"ONeill, Dane"	"Shaw, D"	"6f "	"6"	"175"
"20:50:00"	"2009-09-16"	"Kempton"	"Honorable Endeavor"	"20.00"	"23"	"Handicap"	"2"	"14"	"Keniry, L P"	"Vaughan, E F"	"2m "	"3"	"33"
"18:50:00"	"2009-09-16"	"Kempton"	"Shakalaka (IRE)"	"25.00"	"28.5"	"Handicap"	"4"	"13"	"Sweeney, Fergus"	"Moore, Gary and Josh"	"1m "	"3"	"63"
"18:40:00"	"2009-09-11"	"Wolverhampton"	"Galilean Moon"	"4.00"	"5.72"	"Handicap"	"7"	"10"	"Sanders, Seb"	"Stoute, Sir Michael"	"1m6f "	"3"	"29"
"18:10:00"	"2009-09-11"	"Wolverhampton"	"Miss Daawe"	"22.00"	"30"	"Handicap"	"9"	"12"	"Eaves, Tom"	"Ellison, B"	"6f "	"5"	"35"
"21:05:00"	"2009-09-10"	"Kempton"	"Tamasou (IRE)"	"3.00"	"4.3"	"Handicap"	"1"	"13"	"Probert, David"	"McCabe, A J"	"7f "	"4"	"41"
"17:45:00"	"2009-09-06"	"Dundalk"	"Premier Rouge"	"7.00"	"10"	"Handicap"	"8"	"14"	"Townend, P"	"Marnane, David"	"2m "	"8"	"67"
"20:50:00"	"2009-09-05"	"Wolverhampton"	"Pytheas (USA)"	"1.20"	"2.3"	"Handicap Nursery"	"2"	"6"	"Fanning, Joe"	"Johnston, M"	"1m.5f "	"2"	"39"
"16:50:00"	"2009-09-05"	"Kempton"	"Harlestone Snake"	"7.50"	"9"	"Handicap"	"PU"	"8"	"Buick, William"	"Dunlop, J L"	"2m "	"3"	"38"
"17:20:00"	"2009-09-04"	"Lingfield"	"Kansai Spirit (IRE)"	"9.00"	"12.5"	"Handicap"	"8"	"8"	"Fortune, Jimmy"	"Gosden, J H M"	"1m4f "	"3"	"32"
"20:50:00"	"2009-09-03"	"Wolverhampton"	"Hip Hip Hooray"	"12.00"	"14"	"Handicap"	"5"	"8"	"Probert, David"	"Dace, L A"	"1m1.5f "	"3"	"28"
"18:35:00"	"2009-09-01"	"Laytown"	"Option Be (IRE)"	"4.50"	"6.6"	"Handicap"	"6"	"10"	"Smullen, P J"	"McEnery, P F"	"6f "	"5"	"30"
"14:15:00"	"2009-02-27"	"Lingfield"	"Kamanja (UAE)"	"7.00"	"10.23"	"Handicap"	"3"	"4"	"Crowley, Jim"	"Attwater, M J"	"7f "	"3"	"26"
"19:50:00"	"2009-02-26"	"Wolverhampton"	"Little Carmela"	"5.00"	"6.8"	"Handicap"	"5"	"6"	"Catlin, Chris"	"Williams, S C"	"1m6f "	"5"	"31"
"15:10:00"	"2009-02-26"	"Southwell"	"Smokey Ryder"	"4.00"	"5.82"	"Handicap"	"1"	"8"	"Catlin, Chris"	"Harris, R A"	"5f "	"3"	"40"
"17:00:00"	"2009-02-25"	"Wolverhampton"	"Catalan Bay (AUS)"	"0.91"	"2"	"Handicap"	"4"	"8"	"Drowne, Steve"	"Gask, J R"	"7f "	"5"	"32"
"16:30:00"	"2009-02-25"	"Wolverhampton"	"Generous Star"	"3.50"	"4.8"	"Handicap"	"2"	"13"	"Quinn, Jimmy"	"Pearce, J"	"1m6f "	"6"	"34"
"17:25:00"	"2009-02-22"	"Lingfield"	"Saucy"	"2.25"	"3.5"	"Handicap"	"5"	"6"	"Kingscote, Richard"	"Dascombe, Tom"	"1m "	"8"	"43"
"14:30:00"	"2009-02-21"	"Lingfield"	"Antillia"	"3.50"	"5"	"Handicap"	"3"	"14"	"Baker, George"	"Wall, C F"	"1m5f "	"4"	"33"
"20:20:00"	"2009-02-18"	"Kempton"	"Cape Colony"	"6.50"	"8.27"	"Handicap"	"7"	"11"	"Quinn, Jimmy"	"Hannon, R"	"1m3f "	"4"	"63"
"15:35:00"	"2009-02-14"	"Lingfield"	"Majuro (IRE)"	"4.00"	"6.45"	"Handicap"	"2"	"6"	"Hanagan, Paul"	"Ryan, K A"	"1m "	"5"	"25"
"15:00:00"	"2009-02-14"	"Kempton"	"Itsher"	"6.00"	"8.24"	"Handicap"	"3"	"7"	"Carson, William"	"Williams, S C"	"7f "	"3"	"33"
"16:05:00"	"2009-02-12"	"Kempton"	"Benhego"	"1.25"	"2.48"	"Handicap"	"1"	"7"	"Sweeney, Fergus"	"Moore, Gary and Josh"	"2m "	"4"	"118"
"15:50:00"	"2009-02-10"	"Southwell"	"Borasco (USA)"	"5.00"	"5.84"	"Handicap"	"5"	"6"	"Callan, N"	"Barron, T D"	"6f "	"4"	"159"
"14:10:00"	"2009-02-09"	"Kempton"	"Sherjawy (IRE)"	"5.50"	"8.2"	"Handicap"	"8"	"9"	"Hitchcott, Sam"	"Davison, Miss Z C"	"5f "	"5"	"26"
"15:20:00"	"2009-02-07"	"Wolverhampton"	"Miss Cracklinrosie"	"16.00"	"19.36"	"Handicap"	"5"	"8"	"Gibbons, Graham"	"Weymes, J R"	"1m1.5f "	"3"	"95"
"15:00:00"	"2009-02-07"	"Lingfield"	"Goblin"	"7.00"	"8.79"	"Handicap"	"7"	"9"	"ONeill, Dane"	"Cantillon, D E"	"1m4f "	"8"	"36"
"14:45:00"	"2009-02-07"	"Wolverhampton"	"Prairie Hawk (USA)"	"1.88"	"3.75"	"Handicap"	"1"	"12"	"Eaves, Tom"	"Vaughan, Tim"	"1m6f "	"4"	"51"
"14:10:00"	"2009-02-07"	"Wolverhampton"	"Terminate (GER)"	"2.75"	"3.98"	"Handicap"	"2"	"10"	"Donohoe, Stephen"	"Williams, Ian"	"1m6f "	"7"	"32"
"21:20:00"	"2009-02-06"	"Wolverhampton"	"Luckydolly (IRE)"	"20.00"	"40"	"Handicap"	"4"	"4"	"Curtis, B A"	"Costello, F"	"7f "	"3"	"49"
"18:50:00"	"2009-02-06"	"Wolverhampton"	"Ghufa (IRE)"	"1.88"	"2.91"	"Handicap"	"1"	"9"	"Nolan, P"	"Baker, George"	"1m1.5f "	"5"	"121"
"16:35:00"	"2009-02-06"	"Southwell"	"Dahama"	"20.00"	"25.18"	"Handicap"	"4"	"5"	"Jones, Liam"	"Brittain, C E"	"7f "	"3"	"112"
"19:50:00"	"2009-02-04"	"Kempton"	"Tuxedo"	"11.00"	"13.25"	"Handicap"	"1"	"11"	"Morris, Luke"	"Hiatt, P W"	"7f "	"4"	"32"
"15:35:00"	"2009-02-04"	"Lingfield"	"Vegas Baby (IRE)"	"9.00"	"11.5"	"Handicap"	"3"	"5"	"Queally, T P"	"Osborne, J A"	"6f "	"3"	"138"
"14:10:00"	"2009-01-30"	"Lingfield"	"The Wily Woodcock"	"14.00"	"17.5"	"Handicap"	"6"	"12"	"Sweeney, Fergus"	"Moore, Gary and Josh"	"1m "	"5"	"41"
"19:50:00"	"2009-01-29"	"Wolverhampton"	"Transvestite (IRE)"	"20.00"	"29.27"	"Handicap"	"1"	"9"	"Sweeney, Fergus"	"Sturgis, Miss Tor"	"1m4f "	"7"	"101"
"15:50:00"	"2009-01-28"	"Lingfield"	"Old Romney"	"3.50"	"5.14"	"Handicap"	"1"	"12"	"Quinn, Jimmy"	"Wigham, M"	"1m2f "	"5"	"42"
"14:40:00"	"2009-01-28"	"Lingfield"	"Torch Of Freedom (IRE)"	"3.50"	"5.17"	"Handicap"	"4"	"10"	"Donohoe, Stephen"	"Prescott, Sir Mark"	"1m "	"4"	"221"
"15:55:00"	"2009-01-25"	"Wolverhampton"	"Boss Hog"	"3.33"	"4.4"	"Handicap"	"2"	"12"	"Gibbons, Graham"	"Curtis, R"	"7f "	"4"	"43"
"15:25:00"	"2009-01-25"	"Wolverhampton"	"Woolston Ferry (IRE)"	"10.00"	"12"	"Handicap"	"4"	"7"	"Gannon, Catherine"	"Channon, M R"	"6f "	"3"	"67"
"15:25:00"	"2009-01-23"	"Lingfield"	"Sufad"	"50.00"	"101.05"	"Handicap"	"11"	"14"	"ONeill, Dane"	"Moore, Gary and Josh"	"1m2f "	"4"	"45"
"16:20:00"	"2009-01-21"	"Wolverhampton"	"Captainrisk (IRE)"	"1.38"	"2.37"	"Handicap"	"2"	"6"	"Quinn, Jimmy"	"Botti, M"	"1m.5f "	"3"	"42"
"16:00:00"	"2009-01-20"	"Southwell"	"Le Petit Vigier"	"7.00"	"8.37"	"Handicap"	"4"	"10"	"Elliott, Andrew"	"Beaumont, P"	"1m "	"3"	"49"
"15:00:00"	"2009-01-20"	"Southwell"	"Puy DArnac (FR)"	"11.00"	"16"	"Handicap"	"4"	"10"	"Winston, Robert"	"Swinbank, G A"	"1m4f "	"6"	"38"
"15:00:00"	"2009-01-20"	"Southwell"	"Red Fama"	"7.50"	"10"	"Handicap"	"6"	"10"	"Quinn, Jimmy"	"Bycroft, N"	"1m4f "	"5"	"126"
"16:30:00"	"2009-01-19"	"Wolverhampton"	"Riguez Dancer"	"10.00"	"15.3"	"Handicap"	"1"	"11"	"Donaghy, Patrick"	"Haslam, P C"	"1m6f "	"5"	"30"
"13:50:00"	"2009-01-17"	"Lingfield"	"Days of Pleasure (IRE)"	"100.00"	"140"	"Handicap"	"12"	"12"	"Crowley, Jim"	"Gordon, C"	"1m4f "	"4"	"58"
"18:50:00"	"2009-01-16"	"Wolverhampton"	"Manchestermaverick (USA)"	"4.50"	"5.3"	"Handicap"	"7"	"13"	"Catlin, Chris"	"Morrison, H"	"1m1.5f "	"4"	"41"
"16:05:00"	"2009-01-16"	"Lingfield"	"The Little Master (IRE)"	"10.00"	"12.45"	"Handicap"	"10"	"10"	"Baker, Amy"	"Elsworth, D R C"	"1m2f "	"5"	"30"
"18:50:00"	"2009-01-15"	"Chelmsford City"	"Step It Up (IRE)"	"16.00"	"25.51"	"Handicap"	"4"	"11"	"Cosgrave, Pat"	"Boyle, J R"	"6f "	"5"	"26"
"16:00:00"	"2009-01-15"	"Southwell"	"Aegean Pride"	"18.00"	"33.56"	"Handicap"	"6"	"6"	"McCreery, Danielle"	"Berry, A"	"7f "	"4"	"39"
"15:10:00"	"2009-01-13"	"Chelmsford City"	"Nobelix (IRE)"	"7.00"	"9.2"	"Handicap"	"1"	"7"	"Queally, T P"	"Gask, J R"	"1m6f "	"7"	"32"
"14:00:00"	"2009-01-13"	"Southwell"	"Sea Cliff (IRE)"	"7.50"	"10.5"	"Handicap"	"1"	"12"	"Kelly, Shane"	"ONeill, Jonjo and AJ"	"2m "	"5"	"36"
"13:25:00"	"2009-01-11"	"Chelmsford City"	"Lapina (IRE)"	"10.00"	"13.22"	"Handicap"	"2"	"11"	"Mongan, Ian"	"Middleton, A"	"1m5.5f "	"5"	"29"
"15:50:00"	"2009-01-10"	"Lingfield"	"Ocarito (GER)"	"33.00"	"110"	"Handicap"	"10"	"10"	"Mulrennan, Paul"	"Bridgwater, G F"	"1m2f "	"8"	"60"
"16:00:00"	"2009-01-09"	"Lingfield"	"Star Choice"	"2.50"	"3.84"	"Handicap"	"2"	"11"	"Quinn, Jimmy"	"Pearce, J"	"1m4f "	"4"	"38"
"15:35:00"	"2009-01-09"	"Wolverhampton"	"Safin (GER)"	"66.00"	"146.07"	"Handicap"	"1"	"11"	"Gibbons, Graham"	"Curtis, R"	"1m4f "	"9"	"93"
"15:00:00"	"2009-01-09"	"Lingfield"	"Neuchatel (GER)"	"1.00"	"2.14"	"Handicap"	"4"	"5"	"Fanning, Joe"	"Johnston, M"	"1m2f "	"3"	"51"
"14:30:00"	"2009-01-09"	"Lingfield"	"Apache Dawn"	"5.50"	"7.71"	"Handicap"	"5"	"12"	"Sweeney, Fergus"	"Moore, Gary and Josh"	"1m2f "	"5"	"37"
"15:20:00"	"2009-01-08"	"Southwell"	"Prince Noel"	"8.00"	"10.5"	"Handicap"	"9"	"9"	"Enstone, Lee"	"Wilson, N"	"7f "	"5"	"66"
"16:20:00"	"2009-01-07"	"Wolverhampton"	"Faithful Ruler (USA)"	"8.00"	"9.96"	"Handicap"	"3"	"13"	"Gibson, Dale"	"Fahey, R A"	"1m1.5f "	"5"	"61"
"19:50:00"	"2009-01-02"	"Wolverhampton"	"Harald Bluetooth (IRE)"	"3.00"	"4.5"	"Handicap"	"1"	"9"	"Sweeney, Fergus"	"Simcock, D M"	"1m.5f "	"4"	"153"
"12:40:00"	"2009-01-02"	"Southwell"	"Yes One (IRE)"	"5.00"	"8.1"	"Handicap"	"8"	"8"	"Catlin, Chris"	"Ryan, K A"	"7f "	"5"	"227"
"21:20:00"	"2008-10-31"	"Wolverhampton"	"Coleorton Dancer"	"7.00"	"9.88"	"Handicap"	"4"	"12"	"Sousa, Silvestre De"	"Ryan, K A"	"6f "	"6"	"37"
"19:20:00"	"2008-10-31"	"Wolverhampton"	"Blockley (USA)"	"16.00"	"19.68"	"Handicap"	"8"	"11"	"Slattery, Vince"	"Williams, Ian"	"1m.5f "	"4"	"152"
"19:50:00"	"2008-10-29"	"Kempton"	"Tropical Paradise (IRE)"	"6.00"	"8.9"	"Handicap Nursery"	"1"	"4"	"Morris, Luke"	"Winkworth, P"	"6f "	"2"	"47"
"15:30:00"	"2008-10-29"	"Chelmsford City"	"Island Chief"	"10.00"	"16"	"Handicap Nursery"	"6"	"7"	"Catlin, Chris"	"Ryan, K A"	"1m "	"2"	"40"
"14:00:00"	"2008-10-29"	"Chelmsford City"	"Alonso De Guzman (IRE)"	"1.25"	"2.42"	"Handicap"	"2"	"8"	"Dettori, L"	"Boyle, J R"	"1m5.5f "	"4"	"82"
"16:20:00"	"2008-10-28"	"Southwell"	"Megalo Maniac"	"2.50"	"3.38"	"Handicap"	"1"	"13"	"McHugh, B"	"Fahey, R A"	"6f "	"5"	"48"
"16:40:00"	"2008-10-27"	"Kempton"	"Palmerin"	"3.50"	"4.81"	"Handicap"	"2"	"8"	"Hughes, Richard"	"Hannon, R"	"1m "	"3"	"40"
"20:20:00"	"2008-10-25"	"Wolverhampton"	"Hepburn Bell (IRE)"	"5.50"	"9.67"	"Handicap"	"2"	"13"	"Winston, Robert"	"Fanshawe, J R"	"1m.5f "	"3"	"62"
"20:20:00"	"2008-10-25"	"Wolverhampton"	"Morbick"	"11.00"	"19"	"Handicap"	"12"	"13"	"McLaughlin, T G"	"Brisbourne, W M"	"1m.5f "	"4"	"211"
"20:20:00"	"2008-10-24"	"Wolverhampton"	"Welsh Opera"	"4.50"	"5.8"	"Handicap"	"8"	"11"	"Crowley, Jim"	"Perrett, Mrs A J"	"1m.5f "	"3"	"59"
"20:20:00"	"2008-10-23"	"Chelmsford City"	"Trenchant"	"20.00"	"30"	"Handicap"	"2"	"12"	"Kirby, Adam"	"Fanshawe, J R"	"1m6f "	"3"	"71"
"20:20:00"	"2008-10-23"	"Chelmsford City"	"Kritzia"	"5.00"	"6.2"	"Handicap"	"11"	"12"	"Queally, T P"	"Cecil, H R A"	"1m6f "	"3"	"35"
"15:50:00"	"2008-10-19"	"Southwell"	"Spoof Master (IRE)"	"12.00"	"14.48"	"Handicap"	"11"	"13"	"Winston, Robert"	"Dore, C R"	"5f "	"4"	"31"
"15:15:00"	"2008-10-19"	"Southwell"	"Persian Peril"	"6.00"	"7.8"	"Handicap"	"2"	"8"	"Winston, Robert"	"Swinbank, G A"	"1m3f "	"4"	"29"
"14:40:00"	"2008-10-19"	"Southwell"	"Spanish Conquest"	"2.75"	"4.3"	"Handicap"	"4"	"11"	"Guillambert, J-P"	"Prescott, Sir Mark"	"1m6f "	"4"	"86"
"20:20:00"	"2008-10-18"	"Wolverhampton"	"Always Brave"	"7.50"	"9.8"	"Handicap"	"5"	"12"	"Ffrench, Royston"	"Johnston, M"	"1m1.5f "	"3"	"26"
"21:20:00"	"2008-10-17"	"Kempton"	"Rock Peak (IRE)"	"3.50"	"5.05"	"Handicap"	"9"	"13"	"Drowne, Steve"	"Morrison, H"	"1m4f "	"3"	"49"
"20:20:00"	"2008-10-16"	"Chelmsford City"	"Rapid Release (CAN)"	"8.00"	"11"	"Handicap Nursery"	"2"	"10"	"Guillambert, J-P"	"Prescott, Sir Mark"	"1m "	"2"	"76"
"19:50:00"	"2008-10-15"	"Kempton"	"Victoria Sponge (IRE)"	"4.50"	"4.84"	"Handicap Nursery"	"1"	"10"	"ONeill, Dane"	"Hannon, R"	"6f "	"2"	"63"
"16:30:00"	"2008-10-15"	"Lingfield"	"Astrodome (OLD)"	"7.00"	"11.3"	"Handicap"	"3"	"12"	"Guillambert, J-P"	"Prescott, Sir Mark"	"2m "	"3"	"26"
"16:40:00"	"2008-10-13"	"Kempton"	"Kings Event (USA)"	"4.50"	"5.7"	"Handicap"	"6"	"12"	"Fortune, Jimmy"	"Stoute, Sir Michael"	"1m4f "	"4"	"42"
"13:50:00"	"2008-10-12"	"Chelmsford City"	"Nawaaff"	"9.00"	"15"	"Handicap"	"8"	"11"	"Hitchcott, Sam"	"Channon, M R"	"6f "	"3"	"29"
"21:20:00"	"2008-10-10"	"Wolverhampton"	"Rabbit Fighter (IRE)"	"8.50"	"17.05"	"Handicap"	"11"	"13"	"Williams, Darren"	"Shaw, D"	"6f "	"4"	"28"
"19:20:00"	"2008-10-10"	"Wolverhampton"	"Laurel Creek (IRE)"	"16.00"	"21"	"Handicap"	"2"	"7"	"Buick, William"	"Grassick, M J"	"1m6f "	"3"	"41"
"15:50:00"	"2008-10-10"	"Lingfield"	"Safari Mischief"	"7.50"	"10"	"Handicap"	"1"	"11"	"Morris, Luke"	"Winkworth, P"	"6f "	"5"	"41"
"20:50:00"	"2008-10-04"	"Wolverhampton"	"Peas In A Pod"	"4.00"	"5.64"	"Handicap"	"4"	"11"	"Mitchell, Jack"	"Best, J R"	"1m1.5f "	"3"	"58"
"20:20:00"	"2008-10-04"	"Wolverhampton"	"Spanish Diva"	"8.00"	"10.06"	"Handicap"	"4"	"13"	"Probert, David"	"Williams, S C"	"1m.5f "	"4"	"36"
"21:40:00"	"2008-10-03"	"Dundalk"	"Munnings (IRE)"	"4.50"	"12.96"	"Handicap"	"4"	"14"	"Heffernan, J A"	"Martin, A J"	"1m2.5f "	"5"	"60"
"21:40:00"	"2008-10-03"	"Dundalk"	"Top The Charts"	"16.00"	"74.21"	"Handicap"	"10"	"14"	"Hussey, M C"	"Martin, A J"	"1m2.5f "	"6"	"65"
"16:45:00"	"2008-10-03"	"Lingfield"	"Orbital Orchid"	"10.00"	"12.67"	"Handicap"	"9"	"12"	"Whitworth, Simon"	"Kittow, W S"	"1m4f "	"3"	"30"
"21:20:00"	"2008-10-02"	"Chelmsford City"	"Sky Dive"	"7.00"	"9.4"	"Handicap"	"8"	"12"	"ONeill, Dane"	"Cumani, L M"	"1m2f "	"3"	"126"
"20:20:00"	"2008-10-02"	"Chelmsford City"	"Moon Crystal"	"8.00"	"12.87"	"Handicap"	"11"	"15"	"Hughes, Richard"	"Dunlop, E A L"	"1m "	"3"	"146"
"19:20:00"	"2008-10-01"	"Kempton"	"Aathaar"	"8.00"	"12.44"	"Handicap Nursery"	"4"	"9"	"Hills, R"	"Stoute, Sir Michael"	"1m "	"2"	"32"
"14:20:00"	"2008-09-30"	"Southwell"	"Ruasgreyasme (USA)"	"20.00"	"21.3"	"Handicap Nursery"	"7"	"13"	"Mullen, Richard"	"Muir, W R"	"5f "	"2"	"53"
"19:20:00"	"2008-09-27"	"Chelmsford City"	"Roaring Forte (IRE)"	"4.00"	"5.9"	"Handicap"	"1"	"10"	"Jones, Liam"	"Haggas, W J"	"1m "	"3"	"34"
"18:50:00"	"2008-09-26"	"Wolverhampton"	"Blue Hills"	"9.00"	"12"	"Handicap"	"5"	"9"	"Williams, Darren"	"Hiatt, P W"	"1m6f "	"7"	"147"
"19:20:00"	"2008-09-24"	"Kempton"	"Sienna Lake (IRE)"	"7.50"	"9.69"	"Handicap Nursery"	"4"	"14"	"Moore, Ryan"	"Hannon, R"	"7f "	"2"	"26"
"19:50:00"	"2008-09-19"	"Wolverhampton"	"Its A Dream (FR)"	"8.50"	"10.5"	"Handicap"	"3"	"13"	"Catlin, Chris"	"Easterby, M W"	"1m1.5f "	"5"	"39"
"21:20:00"	"2008-09-13"	"Kempton"	"Dimashq"	"10.00"	"8.04"	"Handicap"	"6"	"13"	"Fenton, Micky"	"Midgley, P T"	"2m "	"6"	"32"
"21:20:00"	"2008-09-10"	"Kempton"	"Dusk"	"3.50"	"4.7"	"Handicap"	"6"	"13"	"Quinn, Jimmy"	"Dunlop, J L"	"1m3f "	"3"	"33"
"20:50:00"	"2008-09-10"	"Kempton"	"Compton Charlie"	"10.00"	"15.37"	"Handicap"	"9"	"14"	"Dean, Tolley"	"Portman, J G"	"1m4f "	"4"	"30"
"17:25:00"	"2008-09-07"	"Dundalk"	"Lunduv (IRE)"	"3.50"	"5.12"	"Handicap"	"2"	"9"	"Ahern, Eddie"	"Weld, D K"	"1m2.5f "	"3"	"32"
"17:25:00"	"2008-09-07"	"Dundalk"	"The Fist Of God (IRE)"	"7.50"	"8"	"Handicap"	"4"	"9"	"Townend, P"	"Meade, Noel"	"1m2.5f "	"3"	"33"
"21:20:00"	"2008-09-06"	"Wolverhampton"	"Montiboli (IRE)"	"7.00"	"9"	"Handicap"	"6"	"11"	"Sousa, Silvestre De"	"Ryan, K A"	"7f "	"3"	"26"
"21:20:00"	"2008-09-06"	"Wolverhampton"	"Candela Bay (IRE)"	"12.00"	"15.61"	"Handicap"	"10"	"11"	"Jones, Liam"	"Haggas, W J"	"7f "	"3"	"42"
"20:50:00"	"2008-09-04"	"Chelmsford City"	"Cupids Glory"	"2.50"	"3.61"	"Handicap"	"1"	"11"	"Baker, George"	"Moore, Gary and Josh"	"1m2f "	"6"	"27"
"18:50:00"	"2008-09-03"	"Kempton"	"Against The Rules"	"25.00"	"48.15"	"Handicap Nursery"	"7"	"14"	"Urbina, Oscar"	"Howling, P"	"1m "	"2"	"26"
"17:05:00"	"2008-09-02"	"Southwell"	"Indy Driver"	"4.00"	"5.6"	"Handicap"	"2"	"10"	"Winston, Robert"	"Fanshawe, J R"	"1m "	"3"	"36"
"17:30:00"	"2008-09-01"	"Kempton"	"Slip"	"11.00"	"19.63"	"Handicap"	"5"	"11"	"Dwyer, Martin"	"Tregoning, M P"	"1m4f "	"3"	"25"
"17:30:00"	"2008-09-01"	"Kempton"	"Checklow (USA)"	"4.00"	"5.95"	"Handicap"	"11"	"11"	"Dettori, L"	"Noseda, J"	"1m4f "	"3"	"30"
"20:40:00"	"2008-02-29"	"Dundalk"	"Norther Bay (FR)"	"5.00"	"11"	"Handicap"	"2"	"14"	"Cleary, R P"	"Griffin, Eoin"	"1m2.5f "	"5"	"121"
"19:40:00"	"2008-02-29"	"Dundalk"	"Twinny Byrne (IRE)"	"5.00"	"6.44"	"Handicap"	"10"	"14"	"Lordan, W M"	"Christie, D M"	"7f "	"6"	"105"
"20:50:00"	"2008-02-28"	"Kempton"	"Diriculous"	"1.88"	"2.96"	"Handicap"	"1"	"12"	"Crowley, Jim"	"Mills, T G"	"6f "	"4"	"42"
"20:20:00"	"2008-02-28"	"Kempton"	"Wind Flow"	"3.50"	"4.85"	"Handicap"	"4"	"12"	"McCarthy, Adrian"	"Dwyer, C A"	"1m2f "	"4"	"38"
"20:20:00"	"2008-02-28"	"Kempton"	"Takaamul"	"10.00"	"21.59"	"Handicap"	"12"	"12"	"Doyle, James"	"Morgan, K A"	"1m2f "	"5"	"36"
"17:10:00"	"2008-02-28"	"Lingfield"	"Tenjack King"	"1.88"	"2.96"	"Handicap"	"2"	"6"	"Queally, T P"	"Osborne, J A"	"1m "	"3"	"27"
"17:10:00"	"2008-02-28"	"Lingfield"	"Salt of The Earth (IRE) (OLD)"	"2.00"	"3.31"	"Handicap"	"4"	"6"	"Crowley, Jim"	"Mills, T G"	"1m "	"3"	"29"
"21:20:00"	"2008-02-27"	"Kempton"	"Apache Dawn"	"5.00"	"6.6"	"Handicap"	"7"	"7"	"Baker, George"	"Moore, Gary and Josh"	"7f "	"4"	"32"
"16:40:00"	"2008-02-24"	"Kempton"	"Sahf London"	"2.75"	"3.8"	"Handicap"	"4"	"13"	"Baker, George"	"Moore, Gary and Josh"	"1m4f "	"5"	"28"
"15:05:00"	"2008-02-24"	"Kempton"	"Reeling N Rocking (IRE)"	"8.00"	"10.1"	"Handicap"	"10"	"10"	"Hills, Michael"	"Hills, B W"	"1m2f "	"5"	"46"
"20:50:00"	"2008-02-22"	"Wolverhampton"	"Qaasi (USA)"	"2.25"	"3.23"	"Handicap"	"5"	"8"	"Lawson, Mark"	"Brittain, M"	"1m4f "	"6"	"33"
"18:50:00"	"2008-02-22"	"Wolverhampton"	"Encores"	"5.00"	"7.2"	"Handicap"	"5"	"7"	"Jones, Jamie"	"Quinlan, M G"	"1m.5f "	"4"	"105"
"15:20:00"	"2008-02-22"	"Southwell"	"Low Flyer (USA)"	"3.50"	"5.1"	"Handicap"	"4"	"6"	"Fessey, Paul"	"Barron, T D"	"7f "	"3"	"188"
"16:05:00"	"2008-02-21"	"Southwell"	"Clear Reef"	"2.00"	"3.15"	"Handicap"	"2"	"7"	"McLaughlin, T G"	"Chapple-Hyam, Jane"	"1m6f "	"4"	"38"
"15:00:00"	"2008-02-21"	"Southwell"	"Realt Na Mara (IRE)"	"2.00"	"3.6"	"Handicap"	"2"	"7"	"Drowne, Steve"	"Morrison, H"	"6f "	"5"	"35"
"16:40:00"	"2008-02-20"	"Lingfield"	"Martyr"	"2.00"	"3.31"	"Handicap"	"1"	"7"	"Dobbs, Pat"	"Hannon, R"	"1m2f "	"3"	"40"
"16:00:00"	"2008-02-17"	"Southwell"	"Tayman (IRE)"	"5.50"	"7.18"	"Handicap"	"5"	"13"	"Doyle, James"	"Llewellyn, Carl"	"1m6f "	"6"	"92"
"20:20:00"	"2008-02-16"	"Kempton"	"Royal Fantasy (IRE)"	"3.00"	"4.8"	"Handicap"	"2"	"7"	"Spencer, Jamie"	"Fanshawe, J R"	"1m3f "	"5"	"100"
"21:20:00"	"2008-02-13"	"Kempton"	"Noah Jameel"	"4.00"	"5.3"	"Handicap"	"1"	"11"	"ONeill, Dane"	"Newcombe, A G"	"1m3f "	"6"	"42"
"20:20:00"	"2008-02-13"	"Kempton"	"Monte Major (IRE)"	"11.00"	"14.5"	"Handicap"	"6"	"11"	"McKeown, Dean"	"Shaw, D"	"6f "	"7"	"55"
"15:40:00"	"2008-02-13"	"Lingfield"	"My Mentor (IRE)"	"4.50"	"5.8"	"Handicap"	"4"	"9"	"Sanders, Seb"	"Prescott, Sir Mark"	"1m2f "	"4"	"27"
"15:50:00"	"2008-02-12"	"Southwell"	"Crimson King (IRE) (OLD)"	"2.00"	"3.15"	"Handicap"	"5"	"7"	"Catlin, Chris"	"Price, R W"	"6f "	"7"	"39"
"15:20:00"	"2008-02-12"	"Southwell"	"Kildare Sun (IRE)"	"18.00"	"25.62"	"Handicap"	"5"	"7"	"Fessey, Paul"	"Mackie, J"	"1m "	"6"	"117"
"17:05:00"	"2008-02-11"	"Wolverhampton"	"Hellfire Bay (OLD)"	"9.00"	"9.68"	"Handicap"	"8"	"8"	"Lynch, Fergal"	"Ryan, K A"	"1m.5f "	"3"	"28"
"13:50:00"	"2008-02-11"	"Wolverhampton"	"Winged Farasi"	"9.00"	"13"	"Handicap"	"2"	"11"	"Ghunowa, Kevin"	"Harris, R A"	"7f "	"4"	"26"
"16:15:00"	"2008-02-10"	"Kempton"	"Julian Joachim (USA)"	"5.50"	"8"	"Handicap"	"11"	"14"	"McKeown, Dean"	"Shaw, D"	"7f "	"4"	"190"
"21:20:00"	"2008-02-09"	"Wolverhampton"	"Nil Bleu (USA)"	"33.00"	"55"	"Handicap"	"5"	"6"	"Hitchcott, Sam"	"Chance, Noel T"	"1m4f "	"4"	"28"
"16:00:00"	"2008-02-07"	"Southwell"	"Space Pirate"	"16.00"	"21.72"	"Handicap"	"4"	"9"	"Quinn, Jimmy"	"Pearce, J"	"1m3f "	"3"	"66"
"21:20:00"	"2008-02-06"	"Kempton"	"Altos Reales"	"3.50"	"5.2"	"Handicap"	"1"	"6"	"McKeown, Dean"	"Shaw, D"	"1m3f "	"4"	"27"
"13:40:00"	"2008-02-05"	"Southwell"	"Cragganmore Creek"	"4.50"	"6.4"	"Handicap"	"1"	"14"	"Morris, Mr B M"	"Morris, D"	"1m3f "	"5"	"29"
"14:40:00"	"2008-02-04"	"Lingfield"	"Paradise Dancer (IRE)"	"3.00"	"4.2"	"Handicap"	"1"	"4"	"Baker, George"	"Toller, J A R"	"1m "	"4"	"36"
"16:50:00"	"2008-02-03"	"Kempton"	"Lord Laing (USA)"	"3.50"	"5.56"	"Handicap"	"3"	"8"	"Dobbs, Pat"	"Collingridge, H J"	"1m4f "	"5"	"67"
"15:20:00"	"2008-02-03"	"Kempton"	"Dens Gift (IRE)"	"1.20"	"2.34"	"Handicap"	"3"	"8"	"Kirby, Adam"	"Cox, C G"	"1m "	"4"	"31"
"16:25:00"	"2008-01-30"	"Lingfield"	"Rickety Bridge (IRE)"	"11.00"	"15.81"	"Handicap"	"7"	"7"	"Crowley, Jim"	"Chamings, P R"	"1m5f "	"5"	"64"
"16:20:00"	"2008-01-28"	"Kempton"	"Gallantry"	"8.00"	"12.5"	"Handicap"	"2"	"7"	"McKeown, Dean"	"Shaw, D"	"1m "	"6"	"85"
"16:20:00"	"2008-01-28"	"Kempton"	"Dream Lodge (IRE)"	"2.50"	"3.68"	"Handicap"	"7"	"7"	"Queally, T P"	"Given, J G"	"1m "	"4"	"99"
"15:35:00"	"2008-01-27"	"Kempton"	"Johnstons Glory (IRE)"	"7.00"	"13.5"	"Handicap"	"5"	"14"	"Fenton, Micky"	"Alston, E J"	"1m "	"4"	"44"
"15:25:00"	"2008-01-26"	"Lingfield"	"Lord Of Dreams (IRE)"	"14.00"	"17.47"	"Handicap"	"6"	"8"	"Jones, Jamie"	"Moore, Gary and Josh"	"1m2f "	"6"	"71"
"16:00:00"	"2008-01-24"	"Southwell"	"Botham (USA)"	"12.00"	"18.5"	"Handicap"	"6"	"10"	"Norton, Francis"	"Murphy, D J"	"2m "	"4"	"27"
"14:30:00"	"2008-01-22"	"Southwell"	"Lucky Kyllachy (USA)"	"11.00"	"17.31"	"Handicap"	"7"	"8"	"Sanders, Seb"	"Chapple-Hyam, Jane"	"7f "	"4"	"179"
"15:00:00"	"2008-01-19"	"Lingfield"	"Saviours Spirit"	"20.00"	"32"	"Handicap"	"10"	"11"	"Guillambert, J-P"	"Mills, T G"	"6f "	"7"	"223"
"15:00:00"	"2008-01-19"	"Lingfield"	"Shustraya"	"16.00"	"34.06"	"Handicap"	"11"	"11"	"Quinn, Jimmy"	"Makin, P J"	"6f "	"4"	"89"
"14:25:00"	"2008-01-19"	"Lingfield"	"Wannabe Free"	"3.50"	"5.2"	"Handicap"	"2"	"8"	"Sanders, Seb"	"Noseda, J"	"1m2f "	"3"	"31"
"19:50:00"	"2008-01-18"	"Kempton"	"Convallaria (FR)"	"4.00"	"5.2"	"Handicap"	"2"	"12"	"Drowne, Steve"	"Wragg, G"	"1m "	"5"	"53"
"15:30:00"	"2008-01-17"	"Southwell"	"Kings Ransom"	"3.00"	"4.1"	"Handicap"	"2"	"6"	"Catlin, Chris"	"Gollings, S"	"1m "	"5"	"37"
"15:30:00"	"2008-01-17"	"Southwell"	"Subadar"	"33.00"	"62.17"	"Handicap"	"5"	"6"	"Urbina, Oscar"	"Botti, M"	"1m "	"4"	"120"
"21:20:00"	"2008-01-16"	"Kempton"	"Wind Flow"	"4.00"	"5.2"	"Handicap"	"1"	"8"	"McCarthy, Adrian"	"Dwyer, C A"	"1m3f "	"4"	"35"
"19:50:00"	"2008-01-16"	"Kempton"	"Carlitos Spirit (IRE)"	"7.00"	"9.8"	"Handicap"	"5"	"12"	"Catlin, Chris"	"Millman, B R"	"1m "	"4"	"36"
"13:40:00"	"2008-01-15"	"Kempton"	"Ruwain"	"4.00"	"7.12"	"Handicap"	"5"	"10"	"Queally, T P"	"Musson, W J"	"1m2f "	"4"	"27"
"12:40:00"	"2008-01-14"	"Southwell"	"Saviles Delight (IRE)"	"1.75"	"2.92"	"Handicap"	"1"	"9"	"Sowerby, Miss M"	"Dascombe, Tom"	"5f "	"9"	"34"
"15:55:00"	"2008-01-12"	"Lingfield"	"Sun Of The Sea"	"2.50"	"3.5"	"Handicap"	"1"	"6"	"Milczarek, Kirsty"	"Littmoden, N P"	"1m2f "	"4"	"43"
"15:30:00"	"2008-01-11"	"Wolverhampton"	"Piermarini"	"7.00"	"9.8"	"Handicap"	"4"	"4"	"McKeown, Dean"	"Johnston, M"	"1m1.5f "	"3"	"65"
"14:00:00"	"2008-01-11"	"Wolverhampton"	"Valley Observer (FR)"	"7.50"	"10"	"Handicap"	"8"	"9"	"Dobbs, Pat"	"Swinburn, W R"	"1m1.5f "	"4"	"27"
"15:50:00"	"2008-01-05"	"Lingfield"	"One Night In Paris (IRE)"	"14.00"	"21"	"Handicap"	"4"	"7"	"ONeill, Dane"	"Wallace, M J"	"1m "	"5"	"61"
"21:20:00"	"2008-01-02"	"Kempton"	"Dubai Ace (USA)"	"25.00"	"32"	"Handicap"	"7"	"14"	"ONeill, Dane"	"West, Miss Sheena"	"2m "	"7"	"30"
"16:25:00"	"2008-01-02"	"Wolverhampton"	"Personify"	"14.00"	"19.83"	"Handicap"	"8"	"9"	"Kennemore, Russell"	"Harris, R A"	"1m.5f "	"6"	"104"
"14:25:00"	"2008-01-02"	"Wolverhampton"	"Loose Caboose (IRE)"	"8.00"	"10.08"	"Handicap"	"4"	"9"	"Mathers, Patrick"	"McCabe, A J"	"6f "	"3"	"56"
"19:20:00"	"2007-10-31"	"Kempton"	"Blue Empire (IRE)"	"7.50"	"0"	"Handicap"	"13"	"13"	"Jones, Liam"	"Dore, C R"	"1m "	"6"	"30"
"13:50:00"	"2007-10-30"	"Wolverhampton"	"Birthday Star (IRE)"	"25.00"	"0"	"Handicap"	"4"	"12"	"Kirby, Adam"	"Juckes, A G"	"1m6f "	"5"	"92"
"13:40:00"	"2007-10-29"	"Kempton"	"Cove Mountain (IRE)"	"14.00"	"0"	"Handicap"	"13"	"13"	"Egan, John"	"Rimell, M G"	"1m2f "	"5"	"111"
"13:30:00"	"2007-10-29"	"Lingfield"	"Duke Of Milan (IRE)"	"7.50"	"0"	"Handicap"	"9"	"12"	"Egan, Robbie"	"Bravery, G C"	"6f "	"4"	"39"
"21:20:00"	"2007-10-24"	"Kempton"	"Beneking"	"9.00"	"0"	"Handicap"	"2"	"13"	"Catlin, Chris"	"Burchell, D"	"1m "	"7"	"130"
"15:10:00"	"2007-10-24"	"Lingfield"	"Manaal (USA)"	"7.00"	"0"	"Handicap"	"1"	"12"	"Hills, R"	"Stoute, Sir Michael"	"1m "	"3"	"108"
"16:00:00"	"2007-10-22"	"Wolverhampton"	"Gulf Coast"	"10.00"	"0"	"Handicap Nursery"	"8"	"13"	"McKeown, Dean"	"Johnston, M"	"6f "	"2"	"41"
"19:15:00"	"2007-10-19"	"Dundalk"	"Point Calimere (IRE)"	"2.75"	"0"	"Handicap"	"1"	"14"	"McDonogh, D P"	"McGuinness, Miss Maura"	"5f "	"6"	"31"
"21:20:00"	"2007-10-18"	"Wolverhampton"	"Kalasam"	"5.50"	"0"	"Handicap"	"2"	"12"	"Mullen, Richard"	"Muir, W R"	"1m1.5f "	"3"	"26"
"17:00:00"	"2007-10-17"	"Lingfield"	"Dream Of Fortune (IRE)"	"1.63"	"0"	"Handicap"	"1"	"10"	"Sanders, Seb"	"Noseda, J"	"1m2f "	"3"	"29"
"15:50:00"	"2007-10-15"	"Wolverhampton"	"Braddock (IRE)"	"6.50"	"0"	"Handicap"	"5"	"12"	"Gibbons, Graham"	"Barron, T D"	"7f "	"4"	"94"
"14:50:00"	"2007-10-15"	"Wolverhampton"	"Critical Stage (IRE)"	"8.00"	"0"	"Handicap"	"8"	"9"	"Frost, Hadden"	"Frost, J D"	"1m6f "	"8"	"30"
"15:55:00"	"2007-10-14"	"Lingfield"	"Bobski (IRE)"	"7.00"	"0"	"Handicap"	"2"	"14"	"Callan, N"	"Huffer, G A"	"7f "	"5"	"37"
"15:55:00"	"2007-10-14"	"Lingfield"	"Flying Goose (IRE)"	"12.00"	"0"	"Handicap"	"13"	"14"	"Mulrennan, Paul"	"Cumani, L M"	"7f "	"3"	"27"
"18:30:00"	"2007-10-12"	"Wolverhampton"	"Climate (IRE) (OLD)"	"22.00"	"0"	"Handicap"	"10"	"11"	"Kennemore, Russell"	"Hollinshead, R"	"1m1.5f "	"8"	"202"
"17:05:00"	"2007-10-12"	"Lingfield"	"Chord"	"7.00"	"0"	"Handicap"	"8"	"13"	"Queally, T P"	"Stoute, Sir Michael"	"1m4f "	"3"	"35"
"17:05:00"	"2007-10-12"	"Lingfield"	"Dar Es Salaam"	"4.50"	"0"	"Handicap"	"12"	"13"	"Sanders, Seb"	"Dunlop, E A L"	"1m4f "	"3"	"58"
"15:20:00"	"2007-10-08"	"Wolverhampton"	"Redbrick Girl"	"16.00"	"0"	"Handicap Nursery"	"10"	"12"	"Callan, N"	"Ryan, K A"	"7f "	"2"	"165"
"20:55:00"	"2007-10-06"	"Wolverhampton"	"Cap St Jean (IRE)"	"3.50"	"0"	"Handicap"	"2"	"12"	"Spencer, Jamie"	"Hollinshead, R"	"1m1.5f "	"3"	"25"
"17:30:00"	"2007-10-06"	"Kempton"	"Bedouin Blue (IRE)"	"12.00"	"0"	"Handicap"	"6"	"11"	"Donaghy, Patrick"	"Haslam, P C"	"1m4f "	"4"	"49"
"16:55:00"	"2007-10-06"	"Kempton"	"Viva Volta"	"14.00"	"0"	"Handicap"	"6"	"13"	"Mackay, Nicky"	"Easterby, T D"	"7f "	"4"	"40"
"19:00:00"	"2007-10-05"	"Wolverhampton"	"Jocheski (IRE)"	"7.00"	"0"	"Handicap"	"5"	"12"	"Millman, James"	"Newcombe, A G"	"1m6f "	"3"	"42"
"20:50:00"	"2007-10-03"	"Kempton"	"Sangfroid"	"7.50"	"0"	"Handicap"	"13"	"13"	"Sanders, Seb"	"Prescott, Sir Mark"	"1m4f "	"3"	"27"
"20:15:00"	"2007-09-28"	"Dundalk"	"Orisit (IRE)"	"5.50"	"0"	"Handicap"	"3"	"13"	"Moran, D J"	"Martin, Patrick"	"1m "	"3"	"39"
"19:30:00"	"2007-09-28"	"Wolverhampton"	"Champagne Shadow (IRE)"	"14.00"	"0"	"Handicap"	"2"	"12"	"Catlin, Chris"	"Sturgis, Miss Tor"	"1m6f "	"6"	"31"
"19:30:00"	"2007-09-28"	"Wolverhampton"	"The Chip Chopman (IRE)"	"7.00"	"0"	"Handicap"	"11"	"12"	"Spencer, Jamie"	"ODonnell, Seamus G"	"1m6f "	"5"	"31"
"19:55:00"	"2007-09-27"	"Wolverhampton"	"Woqoodd"	"22.00"	"0"	"Handicap"	"4"	"11"	"Hanagan, Paul"	"Fahey, R A"	"6f "	"3"	"31"
"19:15:00"	"2007-09-27"	"Dundalk"	"Sawalef (IRE)"	"6.00"	"0"	"Handicap Nursery"	"6"	"11"	"McDonogh, D P"	"Prendergast, Kevin"	"6f "	"2"	"28"
"19:15:00"	"2007-09-27"	"Dundalk"	"My Girl Sophie (USA)"	"5.00"	"0"	"Handicap Nursery"	"8"	"11"	"Manning, K J"	"Bolger, J S"	"6f "	"2"	"68"
"16:50:00"	"2007-09-24"	"Kempton"	"Blackat Blackitten (IRE)"	"5.50"	"0"	"Handicap"	"1"	"14"	"Ahern, Eddie"	"Butler, G A"	"1m "	"3"	"26"
"18:50:00"	"2007-09-19"	"Kempton"	"The Slider"	"20.00"	"0"	"Handicap"	"13"	"13"	"Catlin, Chris"	"Jewell, Mrs L C"	"1m "	"3"	"176"
"16:50:00"	"2007-09-18"	"Lingfield"	"Fringe"	"3.50"	"0"	"Handicap"	"3"	"15"	"Crowley, Jim"	"Chapple-Hyam, Jane"	"1m4f "	"4"	"25"
"16:50:00"	"2007-09-18"	"Lingfield"	"Abyla"	"6.50"	"0"	"Handicap"	"11"	"15"	"Dwyer, Martin"	"Tregoning, M P"	"1m4f "	"3"	"44"
"19:55:00"	"2007-09-14"	"Wolverhampton"	"Bold Adventure"	"12.00"	"0"	"Handicap"	"3"	"11"	"Eddery, Paul"	"Musson, W J"	"1m4f "	"3"	"36"
"20:55:00"	"2007-09-13"	"Wolverhampton"	"Areyaam (USA)"	"4.50"	"0"	"Handicap"	"5"	"7"	"Spencer, Jamie"	"Cumani, L M"	"1m.5f "	"3"	"42"
"19:30:00"	"2007-09-13"	"Wolverhampton"	"Adage"	"6.50"	"0"	"Handicap"	"1"	"12"	"Chalmers, Neil"	"Pinder, David"	"1m6f "	"4"	"43"
"19:50:00"	"2007-09-12"	"Kempton"	"Reeling N Rocking (IRE)"	"5.50"	"0"	"Handicap"	"2"	"11"	"Catlin, Chris"	"Hills, B W"	"1m "	"4"	"32"
"17:30:00"	"2007-09-08"	"Kempton"	"Pivotal Answer (IRE)"	"4.50"	"0"	"Handicap"	"1"	"15"	"Queally, T P"	"Noseda, J"	"1m3f "	"3"	"49"
"17:30:00"	"2007-09-08"	"Kempton"	"Ocean Avenue (IRE)"	"16.00"	"0"	"Handicap"	"7"	"15"	"Whitworth, Simon"	"Horgan, C A"	"1m3f "	"8"	"33"
"15:25:00"	"2007-09-08"	"Kempton"	"Evident Pride (USA)"	"8.00"	"0"	"Handicap"	"2"	"15"	"ONeill, Dane"	"Johnson, B R"	"1m "	"4"	"26"
"20:50:00"	"2007-09-07"	"Kempton"	"Dark Parade (ARG)"	"8.00"	"0"	"Handicap"	"7"	"13"	"Jones, Jamie"	"Moore, Gary and Josh"	"2m "	"6"	"32"
"16:15:00"	"2007-09-06"	"Laytown"	"Mill House Girl (IRE)"	"5.00"	"0"	"Handicap"	"7"	"10"	"Motherway, Mr C"	"Donohoe, S"	"7f "	"6"	"31"
"14:15:00"	"2007-09-06"	"Laytown"	"Dafaroun (IRE)"	"3.00"	"0"	"Handicap"	"2"	"10"	"Lordan, W M"	"Wachman, David"	"6f "	"6"	"25"
"18:50:00"	"2007-09-05"	"Kempton"	"Smith Esquire (USA)"	"7.00"	"0"	"Handicap Nursery"	"4"	"14"	"Kirby, Adam"	"Swinburn, W R"	"1m "	"2"	"55"
"17:40:00"	"2007-09-04"	"Lingfield"	"Mount Hermon (IRE)"	"5.00"	"0"	"Handicap"	"1"	"12"	"Drowne, Steve"	"Morrison, H"	"1m "	"3"	"133"
"17:40:00"	"2007-09-04"	"Lingfield"	"Tremelo Pointe (IRE)"	"20.00"	"0"	"Handicap"	"2"	"12"	"Fenton, Micky"	"Morrison, H"	"1m "	"3"	"154"
"17:40:00"	"2007-09-04"	"Lingfield"	"Effigy"	"7.00"	"0"	"Handicap"	"8"	"12"	"ONeill, Dane"	"Candy, H"	"1m "	"3"	"36"
"14:30:00"	"2007-09-03"	"Wolverhampton"	"Mister Beano (IRE)"	"8.00"	"0"	"Handicap Nursery"	"5"	"12"	"Durcan, Ted"	"Smith, V"	"5f "	"2"	"60"
"16:00:00"	"2007-02-26"	"Wolverhampton"	"Kilimandscharo (USA)"	"1.50"	"0"	"Handicap"	"1"	"12"	"Hughes, Richard"	"McBride, P J"	"1m4f "	"5"	"30"
"16:00:00"	"2007-02-26"	"Wolverhampton"	"Snowy Day (FR)"	"9.00"	"0"	"Handicap"	"11"	"12"	"Hanagan, Paul"	"Tuer, Grant"	"1m4f "	"4"	"36"
"14:00:00"	"2007-02-26"	"Wolverhampton"	"Augustus John (IRE)"	"0.83"	"0"	"Handicap"	"2"	"9"	"Buick, William"	"Pitt, T J"	"1m1.5f "	"4"	"44"
"15:30:00"	"2007-02-25"	"Kempton"	"Takitwo"	"6.50"	"0"	"Handicap"	"5"	"10"	"Keniry, L P"	"Cundell, P D"	"7f "	"4"	"42"
"16:40:00"	"2007-02-24"	"Lingfield"	"Pieter Brueghel (USA)"	"11.00"	"0"	"Handicap"	"6"	"10"	"Fanning, Joe"	"Nicholls, D"	"5f "	"8"	"46"
"14:30:00"	"2007-02-24"	"Lingfield"	"Marajaa (IRE)"	"2.00"	"0"	"Handicap"	"6"	"13"	"Doyle, Brett"	"Musson, W J"	"7f "	"5"	"35"
"14:30:00"	"2007-02-24"	"Lingfield"	"Two Step Kid (USA)"	"25.00"	"0"	"Handicap"	"12"	"13"	"Kelly, Shane"	"Noseda, J"	"7f "	"6"	"50"
"13:30:00"	"2007-02-20"	"Southwell"	"Cragganmore Creek"	"4.50"	"0"	"Handicap"	"4"	"10"	"Spencer, Jamie"	"Morris, D"	"1m3f "	"4"	"44"
"15:55:00"	"2007-02-16"	"Wolverhampton"	"Moon Emperor"	"9.00"	"0"	"Handicap"	"1"	"11"	"Callan, N"	"Jenkins, J R"	"2m.5f "	"10"	"100"
"14:10:00"	"2007-02-16"	"Wolverhampton"	"Mister Benji"	"4.00"	"0"	"Handicap"	"1"	"12"	"Culhane, Tony"	"Baugh, B P J"	"7f "	"8"	"38"
"13:20:00"	"2007-02-15"	"Southwell"	"Haroldini (IRE)"	"6.00"	"0"	"Handicap"	"2"	"9"	"Edmunds, Jason"	"Balding, J"	"6f "	"5"	"32"
"14:50:00"	"2007-02-14"	"Lingfield"	"Billich"	"6.00"	"0"	"Handicap"	"2"	"10"	"Fanning, Joe"	"ONeill, E J"	"2m "	"4"	"67"
"16:10:00"	"2007-02-11"	"Southwell"	"Flame Creek (IRE)"	"10.00"	"0"	"Handicap"	"5"	"8"	"Creighton, Edward"	"Creighton, E J"	"1m6f "	"11"	"47"
"14:10:00"	"2007-02-11"	"Southwell"	"Penel (IRE)"	"3.50"	"0"	"Handicap"	"3"	"14"	"Fenton, Micky"	"Midgley, P T"	"6f "	"6"	"26"
"13:40:00"	"2007-02-09"	"Wolverhampton"	"Oakbridge (IRE)"	"14.00"	"0"	"Handicap"	"1"	"12"	"Creighton, Edward"	"Wintle, D J"	"1m1.5f "	"5"	"27"
"13:40:00"	"2007-02-09"	"Wolverhampton"	"Abbeygate"	"3.50"	"0"	"Handicap"	"4"	"12"	"Culhane, Tony"	"Keddy, T"	"1m1.5f "	"6"	"43"
"16:00:00"	"2007-02-08"	"Southwell"	"Hall Of Fame"	"1.63"	"0"	"Handicap"	"3"	"5"	"Fanning, Joe"	"Johnston, M"	"1m3f "	"3"	"78"
"16:05:00"	"2007-02-07"	"Lingfield"	"Mastership (IRE)"	"3.33"	"0"	"Handicap"	"1"	"6"	"Ahern, Eddie"	"Brittain, C E"	"6f "	"3"	"35"
"15:00:00"	"2007-02-07"	"Lingfield"	"Charlottebutterfly"	"11.00"	"0"	"Handicap"	"8"	"10"	"Eddery, Paul"	"McBride, P J"	"7f "	"7"	"28"
"16:10:00"	"2007-02-06"	"Southwell"	"Choristar"	"18.00"	"0"	"Handicap"	"9"	"10"	"Gibson, Dale"	"Mackie, J"	"1m3f "	"6"	"140"
"15:20:00"	"2007-02-05"	"Wolverhampton"	"Formidable Will (FR)"	"3.33"	"0"	"Handicap"	"5"	"9"	"ONeill, Dane"	"Shaw, D"	"7f "	"5"	"34"
"13:20:00"	"2007-02-04"	"Kempton"	"Ice Box (IRE)"	"6.50"	"0"	"Handicap"	"13"	"14"	"Fentiman, Duran"	"Johnston, M"	"7f "	"3"	"25"
"13:40:00"	"2007-02-02"	"Wolverhampton"	"Blue Hedges"	"8.00"	"0"	"Handicap"	"5"	"11"	"Hutchinson, Miss A L"	"Collingridge, H J"	"1m4f "	"5"	"28"
"16:20:00"	"2007-02-01"	"Southwell"	"Cornus"	"10.00"	"0"	"Handicap"	"6"	"9"	"Winston, Robert"	"McCabe, A J"	"6f "	"5"	"110"
"15:50:00"	"2007-02-01"	"Southwell"	"Stars Above"	"25.00"	"0"	"Handicap"	"6"	"6"	"Turner, Hayley"	"Keane, D P"	"1m "	"3"	"45"
"14:20:00"	"2007-02-01"	"Southwell"	"Zed Candy (FR)"	"2.00"	"0"	"Handicap"	"6"	"6"	"Gibson, Dale"	"Stimpson, J T"	"1m3f "	"4"	"49"
"13:00:00"	"2007-01-31"	"Lingfield"	"Myrtle Bay (IRE)"	"25.00"	"0"	"Handicap"	"4"	"11"	"Chalmers, Neil"	"Tuck, J C"	"1m2f "	"4"	"137"
"15:20:00"	"2007-01-29"	"Lingfield"	"King After"	"6.50"	"0"	"Handicap"	"2"	"12"	"Fanning, Joe"	"Best, J R"	"6f "	"5"	"26"
"14:40:00"	"2007-01-29"	"Wolverhampton"	"Lord Mayor (OLD)"	"25.00"	"0"	"Handicap"	"9"	"10"	"Donohoe, Stephen"	"Pollock, B N"	"1m4f "	"6"	"139"
"14:55:00"	"2007-01-27"	"Lingfield"	"Phoenix Factor (IRE)"	"33.00"	"0"	"Handicap"	"11"	"13"	"Egan, John"	"Moore, J S"	"1m2f "	"4"	"89"
"14:55:00"	"2007-01-27"	"Lingfield"	"Storm Of Arabia (IRE)"	"12.00"	"0"	"Handicap"	"12"	"13"	"Kirby, Adam"	"Swinburn, W R"	"1m2f "	"4"	"42"
"15:20:00"	"2007-01-24"	"Lingfield"	"Methaaly (IRE)"	"7.00"	"0"	"Handicap"	"8"	"13"	"Doyle, Brett"	"Chapple-Hyam, Jane"	"7f "	"4"	"106"
"16:25:00"	"2007-01-22"	"Kempton"	"Tavalu (USA)"	"7.00"	"0"	"Handicap"	"10"	"14"	"Baker, George"	"Moore, Gary and Josh"	"2m "	"5"	"154"
"15:50:00"	"2007-01-21"	"Wolverhampton"	"Dower House"	"9.00"	"0"	"Handicap"	"4"	"13"	"Catlin, Chris"	"Turnell, Andrew"	"1m1.5f "	"12"	"32"
"15:50:00"	"2007-01-21"	"Wolverhampton"	"Mambo Sun"	"20.00"	"0"	"Handicap"	"10"	"13"	"Ghunowa, Kevin"	"Blockley, P A"	"1m1.5f "	"4"	"135"
"14:20:00"	"2007-01-21"	"Wolverhampton"	"Show Trial (IRE)"	"3.33"	"0"	"Handicap"	"2"	"9"	"Kirby, Adam"	"Davis, D J S Ffrench"	"6f "	"3"	"31"
"13:20:00"	"2007-01-21"	"Wolverhampton"	"Picador"	"2.00"	"0"	"Handicap"	"1"	"12"	"Sanders, Seb"	"Prescott, Sir Mark"	"1m.5f "	"4"	"44"
"17:20:00"	"2007-01-20"	"Kempton"	"Briannsta (IRE)"	"6.00"	"0"	"Handicap"	"4"	"12"	"Kirby, Adam"	"Cox, C G"	"6f "	"5"	"44"
"15:40:00"	"2007-01-20"	"Lingfield"	"Bonus (IRE)"	"3.50"	"0"	"Handicap"	"3"	"10"	"Doyle, Brett"	"Butler, G A"	"6f "	"7"	"202"
"16:05:00"	"2007-01-17"	"Lingfield"	"Kyles Prince (IRE)"	"4.00"	"0"	"Handicap"	"2"	"7"	"Sanders, Seb"	"Makin, P J"	"1m2f "	"5"	"73"
"16:00:00"	"2007-01-16"	"Southwell"	"Black Sea Pearl"	"5.50"	"0"	"Handicap"	"1"	"8"	"Egan, John"	"DArcy, P W"	"7f "	"4"	"26"
"13:40:00"	"2007-01-16"	"Wolverhampton"	"Stoic Leader (IRE)"	"16.00"	"0"	"Handicap"	"3"	"10"	"Callan, N"	"Fisher, R F"	"1m.5f "	"7"	"41"
"13:40:00"	"2007-01-15"	"Wolverhampton"	"Rowanberry"	"8.00"	"0"	"Handicap"	"3"	"10"	"Dunsdon, Mr D H"	"Cowell, R M H"	"5f "	"5"	"33"
"14:35:00"	"2007-01-13"	"Lingfield"	"Broughtons Folly"	"6.50"	"0"	"Handicap"	"7"	"14"	"Queally, T P"	"Musson, W J"	"1m2f "	"4"	"39"
"12:20:00"	"2007-01-13"	"Lingfield"	"Minaash (USA)"	"8.00"	"0"	"Handicap"	"6"	"7"	"Kelly, Shane"	"Noseda, J"	"7f "	"3"	"142"
"16:00:00"	"2007-01-12"	"Wolverhampton"	"Peregrine Falcon"	"5.50"	"0"	"Handicap"	"3"	"6"	"Fanning, Joe"	"Johnston, M"	"1m1.5f "	"3"	"48"
"16:20:00"	"2007-01-10"	"Kempton"	"Wise Choice"	"11.00"	"0"	"Handicap"	"10"	"14"	"Thomas, Richard"	"Littmoden, N P"	"1m4f "	"4"	"66"
"14:50:00"	"2007-01-10"	"Kempton"	"One Night In Paris (IRE)"	"2.50"	"0"	"Handicap"	"1"	"14"	"Kelly, Shane"	"Wallace, M J"	"1m "	"4"	"40"
"15:50:00"	"2007-01-04"	"Wolverhampton"	"Shrewd Dude"	"4.00"	"0"	"Handicap"	"2"	"11"	"Norton, Francis"	"Llewellyn, Carl"	"1m1.5f "	"3"	"36"
"15:45:00"	"2007-01-03"	"Lingfield"	"Jack Rolfe"	"10.00"	"0"	"Handicap"	"9"	"9"	"Callan, N"	"Moore, Gary and Josh"	"1m2f "	"5"	"227"
"15:15:00"	"2007-01-03"	"Lingfield"	"Wait For The Will (USA)"	"4.00"	"0"	"Handicap"	"7"	"10"	"Baker, George"	"Moore, Gary and Josh"	"1m5f "	"11"	"51"
"13:05:00"	"2007-01-03"	"Lingfield"	"A Nod And A Wink (IRE)"	"2.75"	"0"	"Handicap"	"4"	"10"	"Hughes, Richard"	"Hannon, R"	"7f "	"3"	"32"
"16:00:00"	"2006-10-30"	"Wolverhampton"	"Ruffie (IRE)"	"20.00"	"0"	"Handicap"	"5"	"13"	"Quinn, Jimmy"	"Kelleway, Miss Gay"	"1m.5f "	"3"	"75"
"16:05:00"	"2006-10-29"	"Wolverhampton"	"Osolomio (IRE)"	"2.50"	"0"	"Handicap"	"2"	"10"	"Gibson, Dale"	"Swinbank, G A"	"1m4f "	"3"	"69"
"16:05:00"	"2006-10-29"	"Wolverhampton"	"Kentucky Warbler (IRE)"	"9.00"	"0"	"Handicap"	"9"	"10"	"Drowne, Steve"	"Morrison, H"	"1m4f "	"3"	"32"
"21:00:00"	"2006-10-28"	"Wolverhampton"	"Alpine Reel (IRE)"	"2.75"	"0"	"Handicap"	"3"	"13"	"Kirby, Adam"	"Swinburn, W R"	"1m1.5f "	"5"	"26"
"19:30:00"	"2006-10-28"	"Wolverhampton"	"Premier Fantasy"	"28.00"	"0"	"Handicap"	"6"	"12"	"Fitzpatrick, Robbie"	"Pitt, T J"	"6f "	"4"	"131"
"16:50:00"	"2006-10-26"	"Lingfield"	"Easy Air"	"2.50"	"0"	"Handicap"	"4"	"14"	"Spencer, Jamie"	"Dunlop, E A L"	"7f "	"3"	"61"
"16:50:00"	"2006-10-26"	"Lingfield"	"Royal Oath (USA)"	"2.50"	"0"	"Handicap"	"10"	"14"	"Fortune, Jimmy"	"Gosden, J H M"	"7f "	"3"	"90"
"16:50:00"	"2006-10-23"	"Lingfield"	"Velvet Heights (IRE)"	"4.50"	"0"	"Handicap"	"2"	"9"	"Hughes, Richard"	"Dunlop, J L"	"1m4f "	"4"	"25"
"13:50:00"	"2006-10-23"	"Lingfield"	"Dannabelle (IRE)"	"7.00"	"0"	"Handicap"	"5"	"12"	"Mitchell, Jack"	"Quinn, John A"	"6f "	"6"	"33"
"16:20:00"	"2006-10-17"	"Lingfield"	"Shade Cozy (USA)"	"4.50"	"0"	"Handicap"	"8"	"12"	"ONeill, Dane"	"Balding, A M"	"6f "	"4"	"72"
"16:30:00"	"2006-10-15"	"Lingfield"	"Wild Pitch"	"14.00"	"0"	"Handicap"	"7"	"9"	"Hughes, Richard"	"Mitchell, P"	"1m5f "	"5"	"122"
"21:30:00"	"2006-10-14"	"Wolverhampton"	"Magic Warrior"	"12.00"	"0"	"Handicap"	"7"	"12"	"Dobbs, Pat"	"Fox, J C"	"1m.5f "	"6"	"32"
"20:30:00"	"2006-10-14"	"Wolverhampton"	"Able Mind"	"6.50"	"0"	"Handicap"	"5"	"13"	"Nolan, D"	"Thompson, D W"	"1m1.5f "	"6"	"30"
"20:00:00"	"2006-10-14"	"Wolverhampton"	"Rehearsed (IRE)"	"8.00"	"0"	"Handicap"	"1"	"13"	"Drowne, Steve"	"Morrison, H"	"2m.5f "	"3"	"30"
"17:00:00"	"2006-10-09"	"Wolverhampton"	"Veiled Applause"	"4.50"	"0"	"Handicap"	"4"	"13"	"Souza, Nelson De"	"Beckett, R M"	"1m1.5f "	"3"	"32"
"14:50:00"	"2006-10-09"	"Wolverhampton"	"Bienheureux"	"3.50"	"0"	"Handicap"	"3"	"12"	"Holland, Darryll"	"Kelleway, Miss Gay"	"1m6f "	"5"	"29"
"14:50:00"	"2006-10-09"	"Wolverhampton"	"Musical Magic"	"12.00"	"0"	"Handicap"	"11"	"12"	"Quinn, Jimmy"	"Noseda, J"	"1m6f "	"3"	"47"
"17:15:00"	"2006-10-06"	"Lingfield"	"True Companion"	"9.00"	"0"	"Handicap"	"8"	"14"	"Doyle, James"	"Littmoden, N P"	"1m2f "	"7"	"29"
"17:15:00"	"2006-10-06"	"Lingfield"	"Unicorn Reward (IRE)"	"50.00"	"0"	"Handicap"	"12"	"14"	"Havlin, Robert"	"Jewell, Mrs L C"	"1m2f "	"6"	"31"
"16:45:00"	"2006-10-06"	"Lingfield"	"Rochdale"	"10.00"	"0"	"Handicap"	"2"	"13"	"Robinson, Philip"	"Jarvis, M A"	"7f "	"3"	"55"
"15:35:00"	"2006-10-06"	"Lingfield"	"Cesc"	"2.50"	"0"	"Handicap Nursery"	"7"	"12"	"Quinn, Jimmy"	"Makin, P J"	"1m "	"2"	"53"
"15:35:00"	"2006-10-06"	"Lingfield"	"Baldovina"	"16.00"	"0"	"Handicap Nursery"	"12"	"12"	"Urbina, Oscar"	"Botti, M"	"1m "	"2"	"31"
"15:50:00"	"2006-10-02"	"Wolverhampton"	"Resplendent Nova"	"22.00"	"0"	"Handicap"	"8"	"11"	"Corby, Dean"	"Howling, P"	"1m.5f "	"4"	"119"
"15:20:00"	"2006-10-02"	"Wolverhampton"	"Jord (IRE)"	"16.00"	"0"	"Handicap Nursery"	"2"	"12"	"Gemelova, Natalia"	"McCabe, A J"	"7f "	"2"	"108"
"21:00:00"	"2006-09-30"	"Wolverhampton"	"Tabulate"	"8.00"	"0"	"Handicap"	"2"	"13"	"Catlin, Chris"	"Gilligan, P L"	"1m1.5f "	"3"	"81"
"20:30:00"	"2006-09-30"	"Wolverhampton"	"Luis Melendez (USA)"	"9.00"	"0"	"Handicap"	"1"	"12"	"Creighton, Edward"	"Dascombe, Tom"	"1m.5f "	"4"	"46"
"20:30:00"	"2006-09-30"	"Wolverhampton"	"Donna Giovanna"	"18.00"	"0"	"Handicap"	"11"	"12"	"Crowley, Jim"	"Osborne, J A"	"1m.5f "	"3"	"232"
"17:00:00"	"2006-09-30"	"Kempton"	"Rezzago (USA)"	"7.00"	"0"	"Handicap"	"5"	"13"	"ONeill, Dane"	"Swinburn, W R"	"7f "	"6"	"28"
"16:50:00"	"2006-09-18"	"Kempton"	"Tommy Toogood (IRE)"	"5.50"	"0"	"Handicap"	"4"	"13"	"Hills, Michael"	"Hills, B W"	"1m "	"3"	"147"
"16:50:00"	"2006-09-18"	"Kempton"	"Fajr (IRE)"	"7.00"	"0"	"Handicap"	"5"	"13"	"Moore, Ryan"	"Kelleway, Miss Gay"	"1m "	"4"	"117"
"20:00:00"	"2006-09-16"	"Wolverhampton"	"Beldon Hill (USA)"	"28.00"	"0"	"Handicap Maiden"	"8"	"13"	"Turner, Hayley"	"Brittain, C E"	"1m.5f "	"3"	"47"
"20:00:00"	"2006-09-16"	"Wolverhampton"	"Digger Boy"	"6.50"	"0"	"Handicap Maiden"	"12"	"13"	"Holland, Darryll"	"Jarvis, M A"	"1m.5f "	"3"	"31"
"15:00:00"	"2006-09-11"	"Wolverhampton"	"Rosein"	"9.00"	"0"	"Handicap"	"11"	"13"	"Durcan, Ted"	"Rees, Mrs G S"	"6f "	"4"	"28"
"15:10:00"	"2006-09-06"	"Kempton"	"Sant Elena"	"7.00"	"0"	"Handicap"	"2"	"14"	"Drowne, Steve"	"Wragg, G"	"7f "	"3"	"26"
"15:10:00"	"2006-09-06"	"Kempton"	"Mahrajaan (USA) (OLD)"	"14.00"	"0"	"Handicap"	"12"	"14"	"Fortune, Jimmy"	"Gosden, J H M"	"7f "	"3"	"54"
"20:00:00"	"2006-09-02"	"Wolverhampton"	"Madam Mac (IRE)"	"12.00"	"0"	"Handicap Seller"	"10"	"12"	"Catlin, Chris"	"Meehan, B J"	"1m4f "	"3"	"39"
"16:50:00"	"2006-09-02"	"Kempton"	"Rezzago (USA)"	"4.50"	"0"	"Handicap"	"4"	"10"	"Fortune, Jimmy"	"Swinburn, W R"	"6f "	"6"	"44"
"15:40:00"	"2006-09-02"	"Kempton"	"Uhoomagoo"	"12.00"	"0"	"Handicap"	"15"	"16"	"Gannon, Catherine"	"Ryan, K A"	"1m "	"8"	"27"
"16:30:00"	"2006-02-28"	"Lingfield"	"Marachi Band (USA)"	"1.63"	"0"	"Handicap"	"3"	"10"	"Spencer, Jamie"	"ONeill, E J"	"7f "	"3"	"33"
"17:35:00"	"2006-02-27"	"Wolverhampton"	"Bavarica"	"16.00"	"0"	"Handicap"	"9"	"13"	"Doyle, James"	"Feilden, Miss J"	"1m.5f "	"4"	"28"
"17:15:00"	"2006-02-25"	"Lingfield"	"Montosari"	"10.00"	"0"	"Handicap"	"2"	"12"	"Fanning, Joe"	"Mitchell, P"	"1m5f "	"7"	"88"
"16:20:00"	"2006-02-23"	"Southwell"	"Golden Square"	"8.00"	"0"	"Handicap"	"10"	"14"	"Doyle, James"	"Carroll, A W"	"7f "	"4"	"28"
"15:10:00"	"2006-02-22"	"Lingfield"	"Tycheros"	"5.50"	"0"	"Handicap"	"1"	"14"	"Golam, Saleem"	"Williams, S C"	"2m "	"4"	"47"
"15:10:00"	"2006-02-22"	"Lingfield"	"Olivino (GER)"	"3.50"	"0"	"Handicap"	"8"	"14"	"Spencer, Jamie"	"Dow, S"	"2m "	"5"	"25"
"15:10:00"	"2006-02-22"	"Lingfield"	"Compton Eclaire (IRE)"	"10.00"	"0"	"Handicap"	"11"	"14"	"Hamilton, Tony"	"Ellison, B"	"2m "	"6"	"189"
"14:40:00"	"2006-02-22"	"Lingfield"	"Mister Incredible"	"12.00"	"0"	"Handicap"	"11"	"11"	"Holland, Darryll"	"Dwyer, C A"	"6f "	"3"	"41"
"13:40:00"	"2006-02-21"	"Lingfield"	"So Elegant (IRE)"	"8.00"	"0"	"Handicap"	"6"	"11"	"Catlin, Chris"	"Jay, J"	"1m2f "	"4"	"43"
"13:15:00"	"2006-02-20"	"Lingfield"	"Tizi Ouzou (IRE)"	"16.00"	"0"	"Handicap"	"11"	"15"	"Pearce, Simon"	"Pipe, M C"	"1m4f "	"5"	"42"
"16:10:00"	"2006-02-17"	"Wolverhampton"	"Scott"	"6.00"	"0"	"Handicap"	"11"	"13"	"Ahern, Eddie"	"Jay, J"	"2m.5f "	"5"	"128"
"15:50:00"	"2006-02-15"	"Lingfield"	"Spitting Image (IRE)"	"10.00"	"0"	"Handicap"	"11"	"14"	"Fanning, Joe"	"Johnston, M"	"2m "	"6"	"34"
"21:00:00"	"2006-02-11"	"Wolverhampton"	"Everest (IRE) (OLD)"	"16.00"	"0"	"Handicap"	"6"	"12"	"Eaves, Tom"	"Ellison, B"	"1m.5f "	"9"	"99"
"20:30:00"	"2006-02-11"	"Wolverhampton"	"Sonic Anthem (USA)"	"6.00"	"0"	"Handicap"	"8"	"12"	"Sousa, Silvestre De"	"Nicholls, D"	"1m.5f "	"4"	"25"
"19:30:00"	"2006-02-11"	"Wolverhampton"	"Blue Empire (IRE)"	"6.50"	"0"	"Handicap"	"7"	"12"	"Mullen, Andrew"	"Dore, C R"	"7f "	"5"	"32"
"14:20:00"	"2006-02-10"	"Wolverhampton"	"Angie And Liz (IRE)"	"4.50"	"0"	"Handicap"	"1"	"6"	"Fitzpatrick, Robbie"	"Grayson, Peter"	"5f "	"3"	"25"
"15:30:00"	"2006-02-09"	"Southwell"	"Cardinal Venture (IRE)"	"8.00"	"0"	"Handicap"	"6"	"11"	"Mullen, Andrew"	"Ryan, K A"	"7f "	"8"	"39"
"15:40:00"	"2006-02-08"	"Lingfield"	"Scooby Dude (IRE)"	"14.00"	"0"	"Handicap"	"7"	"7"	"Ahern, Eddie"	"Evans, Ms Deborah J"	"6f "	"3"	"44"
"15:05:00"	"2006-02-08"	"Lingfield"	"Polonius"	"4.00"	"0"	"Handicap"	"8"	"10"	"ONeill, Dane"	"Webber, P R"	"7f "	"5"	"32"
"14:40:00"	"2006-01-30"	"Wolverhampton"	"Kingkohler (IRE)"	"25.00"	"0"	"Handicap"	"10"	"11"	"Hanagan, Paul"	"Morgan, K A"	"1m4f "	"7"	"120"
"14:00:00"	"2006-01-29"	"Lingfield"	"Song Of Silence (USA)"	"6.50"	"0"	"Handicap"	"1"	"12"	"Drowne, Steve"	"Dunlop, E A L"	"1m "	"3"	"40"
"16:10:00"	"2006-01-28"	"Wolverhampton"	"Rotuma (IRE)"	"8.00"	"0"	"Handicap"	"11"	"12"	"Eaves, Tom"	"Dods, M"	"1m1.5f "	"7"	"54"
"15:45:00"	"2006-01-28"	"Lingfield"	"Amorist (IRE) (OLD)"	"5.50"	"0"	"Handicap"	"1"	"14"	"Mackay, Jamie"	"Prescott, Sir Mark"	"1m2f "	"4"	"32"
"15:05:00"	"2006-01-28"	"Wolverhampton"	"Cayman Breeze"	"2.00"	"0"	"Handicap"	"5"	"11"	"Drowne, Steve"	"Bradley, J M"	"7f "	"6"	"25"
"15:30:00"	"2006-01-26"	"Southwell"	"Marachi Band (USA)"	"5.00"	"0"	"Handicap"	"2"	"10"	"Drowne, Steve"	"Dunlop, E A L"	"1m "	"3"	"48"
"16:35:00"	"2006-01-21"	"Wolverhampton"	"Luna Tacumana (IRE)"	"11.00"	"0"	"Handicap"	"5"	"10"	"Culhane, Tony"	"Lambe, J J"	"7f "	"6"	"203"
"12:55:00"	"2006-01-21"	"Wolverhampton"	"Tyrone Sam"	"6.00"	"0"	"Handicap"	"4"	"11"	"Ryan, Amy"	"Ryan, K A"	"6f "	"4"	"99"
"15:25:00"	"2006-01-20"	"Wolverhampton"	"Archimboldo (USA)"	"14.00"	"0"	"Handicap"	"6"	"6"	"Guillambert, J-P"	"Wall, T"	"1m.5f "	"3"	"127"
"15:10:00"	"2006-01-18"	"Lingfield"	"Alekhine (IRE)"	"33.00"	"0"	"Handicap"	"4"	"10"	"Fanning, Joe"	"Boyle, J R"	"1m2f "	"5"	"93"
"16:10:00"	"2006-01-16"	"Wolverhampton"	"Tromp"	"4.00"	"0"	"Handicap"	"2"	"12"	"Queally, T P"	"Coakley, D J"	"1m4f "	"5"	"41"
"14:55:00"	"2006-01-14"	"Lingfield"	"Royal Island (IRE)"	"3.33"	"0"	"Handicap"	"3"	"9"	"Fanning, Joe"	"Johnston, M"	"1m2f "	"4"	"99"
"12:10:00"	"2006-01-14"	"Lingfield"	"Western Roots"	"5.00"	"0"	"Handicap"	"3"	"10"	"Quinn, Jimmy"	"Appleby, M"	"1m2f "	"5"	"29"
"15:20:00"	"2006-01-11"	"Lingfield"	"Nawow"	"25.00"	"0"	"Handicap"	"10"	"15"	"Keniry, L P"	"Cundell, P D"	"1m4f "	"6"	"218"
"14:50:00"	"2006-01-10"	"Southwell"	"Desperate Dan"	"3.50"	"0"	"Handicap"	"3"	"12"	"Ahern, Eddie"	"Osborne, J A"	"5f "	"5"	"39"
"14:45:00"	"2006-01-07"	"Lingfield"	"Zarabad (IRE)"	"7.00"	"0"	"Handicap"	"9"	"9"	"Winston, Robert"	"Burke, K R"	"1m "	"4"	"29"
"14:30:00"	"2006-01-06"	"Wolverhampton"	"Tycheros"	"1.10"	"0"	"Handicap"	"2"	"12"	"Walker, Mr S"	"Williams, S C"	"2m.5f "	"4"	"25"
"16:30:00"	"2006-01-05"	"Wolverhampton"	"Majestical (IRE)"	"4.00"	"0"	"Handicap"	"10"	"10"	"Drowne, Steve"	"Bradley, J M"	"6f "	"4"	"38"
"14:15:00"	"2006-01-05"	"Wolverhampton"	"Greenwood"	"16.00"	"0"	"Handicap"	"9"	"11"	"Drowne, Steve"	"Murphy, P G"	"6f "	"8"	"70"
"15:40:00"	"2006-01-04"	"Lingfield"	"Prime Powered (IRE)"	"12.00"	"0"	"Handicap"	"10"	"13"	"Baker, George"	"Moore, Gary and Josh"	"1m5f "	"5"	"39"
"15:30:00"	"2006-01-02"	"Southwell"	"Lockstock (IRE)"	"8.00"	"0"	"Handicap"	"10"	"11"	"Fenton, Micky"	"Saunders, M S"	"1m "	"8"	"58"
"12:00:00"	"2006-01-01"	"Southwell"	"Blue Knight (IRE)"	"16.00"	"0"	"Handicap"	"5"	"14"	"Nicholls, Adrian T"	"Nicholls, D"	"6f "	"7"	"79"
"20:30:00"	"2005-10-29"	"Wolverhampton"	"Masquerader (USA)"	"4.50"	"0"	"Handicap"	"2"	"13"	"Durcan, Ted"	"Suroor, Saeed Bin"	"1m1.5f "	"3"	"36"
"16:40:00"	"2005-10-24"	"Lingfield"	"Samuel Charles"	"20.00"	"0"	"Handicap"	"7"	"12"	"Thomas, Richard"	"Dore, C R"	"1m "	"7"	"51"
"17:20:00"	"2005-10-18"	"Southwell"	"Essex Star (IRE)"	"14.00"	"0"	"Handicap"	"9"	"13"	"Moore, Ryan"	"Feilden, Miss J"	"1m "	"4"	"148"
"16:10:00"	"2005-10-10"	"Wolverhampton"	"High Charter"	"3.33"	"0"	"Handicap"	"5"	"13"	"Spencer, Jamie"	"Fanshawe, J R"	"1m6f "	"4"	"114"
"14:10:00"	"2005-10-10"	"Wolverhampton"	"Misaro (GER)"	"5.50"	"0"	"Handicap"	"1"	"13"	"Halford, Marc"	"Harris, R A"	"5f "	"4"	"47"
"17:40:00"	"2005-09-30"	"Lingfield"	"Lawaaheb (IRE)"	"12.00"	"0"	"Handicap"	"8"	"16"	"Moore, Rory"	"Johnson, B R"	"1m4f "	"4"	"132"
"15:25:00"	"2005-09-23"	"Lingfield"	"Spear (IRE)"	"12.00"	"0"	"Handicap"	"5"	"16"	"Spencer, Jamie"	"Loder, D R"	"1m4f "	"3"	"51"
"14:50:00"	"2005-09-23"	"Lingfield"	"Kerashan (IRE)"	"7.00"	"0"	"Handicap"	"3"	"13"	"Moore, Ryan"	"Stoute, Sir Michael"	"1m2f "	"3"	"58"
"20:00:00"	"2005-09-03"	"Wolverhampton"	"Listen To Reason (IRE)"	"3.50"	"0"	"Handicap Seller"	"2"	"12"	"Sanders, Seb"	"Given, J G"	"1m4f "	"4"	"32"
"16:50:00"	"2005-02-24"	"Southwell"	"Baylaw Star"	"10.00"	"0"	"Handicap"	"6"	"12"	"Callan, N"	"Ryan, K A"	"1m "	"4"	"33"
"15:45:00"	"2005-02-24"	"Southwell"	"Blue Knight (IRE)"	"5.00"	"0"	"Handicap"	"8"	"10"	"Norton, Francis"	"Howling, P"	"6f "	"6"	"36"
"16:30:00"	"2005-02-21"	"Lingfield"	"Forthright"	"10.00"	"0"	"Handicap"	"9"	"10"	"Callan, N"	"Moore, Gary and Josh"	"1m2f "	"4"	"140"
"15:15:00"	"2005-02-19"	"Wolverhampton"	"Effective"	"33.00"	"0"	"Handicap"	"10"	"11"	"Hughes, Richard"	"Jarvis, A P"	"7f "	"5"	"210"
"13:45:00"	"2005-02-19"	"Wolverhampton"	"River Biscuit (USA)"	"10.00"	"0"	"Handicap"	"5"	"7"	"Ahern, Eddie"	"Polglase, M J"	"1m.5f "	"3"	"31"
"16:05:00"	"2005-02-18"	"Wolverhampton"	"Saameq (IRE)"	"8.00"	"0"	"Handicap"	"9"	"13"	"Callan, N"	"Semple, I"	"2m.5f "	"4"	"31"
"15:25:00"	"2005-02-17"	"Southwell"	"Miss Glory Be"	"10.00"	"0"	"Handicap"	"6"	"9"	"Jones, Lisa"	"Oertel, Ernst"	"7f "	"7"	"42"
"16:50:00"	"2005-02-16"	"Lingfield"	"Gurrun"	"3.00"	"0"	"Handicap"	"5"	"14"	"Ahern, Eddie"	"Callaghan, N A"	"1m2f "	"3"	"28"
"13:50:00"	"2005-02-14"	"Wolverhampton"	"Chatshow (USA)"	"2.50"	"0"	"Handicap"	"1"	"12"	"Culhane, Tony"	"Carroll, A W"	"5f "	"4"	"35"
"20:30:00"	"2005-02-12"	"Wolverhampton"	"Resonate (IRE)"	"5.00"	"0"	"Handicap"	"6"	"12"	"Keniry, L P"	"Newcombe, A G"	"1m.5f "	"7"	"28"
"19:00:00"	"2005-02-12"	"Wolverhampton"	"Kalani Star (IRE)"	"6.00"	"0"	"Handicap"	"6"	"11"	"Mongan, Ian"	"Semple, I"	"7f "	"5"	"32"
"13:35:00"	"2005-02-12"	"Lingfield"	"Fisby"	"10.00"	"0"	"Handicap"	"1"	"14"	"Spencer, Jamie"	"Kirk, S"	"1m2f "	"4"	"31"
"15:40:00"	"2005-02-09"	"Lingfield"	"Captain Johnno (IRE)"	"5.00"	"0"	"Handicap"	"2"	"8"	"Spencer, Jamie"	"Loder, D R"	"6f "	"3"	"25"
"15:40:00"	"2005-02-09"	"Lingfield"	"Bold Cheverak"	"14.00"	"0"	"Handicap"	"4"	"8"	"Creighton, Edward"	"Channon, M R"	"6f "	"3"	"32"
"15:40:00"	"2005-02-09"	"Lingfield"	"Monashee Prince (IRE)"	"3.50"	"0"	"Handicap"	"5"	"8"	"Quinn, T"	"Best, J R"	"6f "	"3"	"32"
"12:50:00"	"2005-02-09"	"Lingfield"	"Joey Perhaps"	"12.00"	"0"	"Handicap"	"13"	"13"	"Quinn, T"	"Best, J R"	"7f "	"4"	"184"
"16:10:00"	"2005-02-08"	"Southwell"	"Nantucket Sound (USA)"	"2.75"	"0"	"Handicap"	"6"	"8"	"Norton, Francis"	"Howling, P"	"1m3f "	"4"	"34"
"16:50:00"	"2005-02-04"	"Wolverhampton"	"Ballygriffin Kid"	"6.00"	"0"	"Handicap"	"4"	"12"	"Callan, N"	"Kelleway, Miss Gay"	"1m.5f "	"5"	"25"
"14:30:00"	"2005-02-01"	"Lingfield"	"Garden Society (IRE)"	"7.00"	"0"	"Handicap"	"10"	"12"	"Hitchcott, Sam"	"Gilligan, P L"	"1m4f "	"8"	"32"
"15:50:00"	"2005-01-29"	"Lingfield"	"Yashin (IRE) (OLD)"	"25.00"	"0"	"Handicap"	"12"	"14"	"Baker, George"	"Blockley, P A"	"1m2f "	"4"	"79"
"15:20:00"	"2005-01-29"	"Lingfield"	"Denver (IRE)"	"8.00"	"0"	"Handicap"	"5"	"9"	"Norton, Francis"	"Meehan, B J"	"1m2f "	"4"	"50"
"15:55:00"	"2005-01-26"	"Lingfield"	"Piquet"	"8.00"	"0"	"Handicap"	"2"	"13"	"Queally, T P"	"Bridger, J / Cook, R"	"1m2f "	"7"	"37"
"15:20:00"	"2005-01-26"	"Lingfield"	"Madge"	"10.00"	"0"	"Handicap"	"8"	"14"	"Fortune, Jimmy"	"Gosden, J H M"	"1m2f "	"3"	"40"
"16:20:00"	"2005-01-17"	"Wolverhampton"	"Silent Storm"	"6.00"	"0"	"Handicap"	"6"	"12"	"Catlin, Chris"	"Cyzer, C A"	"1m.5f "	"5"	"37"
"14:30:00"	"2005-01-13"	"Lingfield"	"Etoile Russe (IRE)"	"8.00"	"0"	"Handicap"	"10"	"10"	"Culhane, Tony"	"Haslam, P C"	"1m2f "	"3"	"33"
"16:15:00"	"2005-01-12"	"Wolverhampton"	"Bond Millennium"	"14.00"	"0"	"Handicap"	"9"	"12"	"Lynch, Fergal"	"Smart, B"	"1m.5f "	"7"	"56"
"15:00:00"	"2005-01-10"	"Wolverhampton"	"Cordial (IRE)"	"2.75"	"0"	"Handicap"	"3"	"13"	"Mackay, Jamie"	"Prescott, Sir Mark"	"1m1.5f "	"5"	"54"
"15:00:00"	"2005-01-10"	"Wolverhampton"	"Tight Squeeze"	"40.00"	"0"	"Handicap"	"10"	"13"	"Makin, Phillip"	"Hiatt, P W"	"1m1.5f "	"8"	"202"
"16:30:00"	"2005-01-07"	"Wolverhampton"	"Inter Vision (USA)"	"25.00"	"0"	"Handicap"	"5"	"9"	"Hanagan, Paul"	"Dickman, A"	"7f "	"5"	"25"
"16:00:00"	"2005-01-07"	"Wolverhampton"	"Arabie (OLD)"	"80.00"	"0"	"Handicap"	"7"	"9"	"Gibson, Dale"	"Williams, Ian"	"7f "	"7"	"168"
"14:20:00"	"2005-01-05"	"Lingfield"	"Paparaazi (IRE)"	"5.00"	"0"	"Handicap"	"4"	"10"	"Hanagan, Paul"	"Fahey, R A"	"1m "	"3"	"33"
"15:40:00"	"2005-01-01"	"Southwell"	"Bobsleigh"	"7.00"	"0"	"Handicap"	"5"	"12"	"Fletcher, L"	"Morrison, H"	"2m "	"6"	"150"
"14:40:00"	"2005-01-01"	"Southwell"	"Wake (USA)"	"3.33"	"0"	"Handicap"	"12"	"12"	"Hughes, Richard"	"Johnston, M"	"1m "	"5"	"54"
"15:45:00"	"2004-10-31"	"Lingfield"	"Science Academy (USA)"	"14.00"	"0"	"Handicap"	"7"	"13"	"Souza, Nelson De"	"Cole, P F I"	"1m2f "	"3"	"68"
"15:45:00"	"2004-10-31"	"Lingfield"	"Tetcott (IRE)"	"33.00"	"0"	"Handicap"	"10"	"13"	"Keniry, L P"	"Newcombe, A G"	"1m2f "	"3"	"43"
"14:35:00"	"2004-10-31"	"Lingfield"	"Just Fly"	"8.00"	"0"	"Handicap"	"5"	"12"	"Fortune, Jimmy"	"Kirk, S"	"6f "	"4"	"34"
"15:50:00"	"2004-10-28"	"Lingfield"	"Eastborough (IRE)"	"16.00"	"0"	"Handicap"	"8"	"16"	"Fanning, Joe"	"Powell, B G"	"1m4f "	"5"	"109"
"19:00:00"	"2004-10-09"	"Wolverhampton"	"Queen Lucia (IRE)"	"3.00"	"0"	"Handicap Maiden"	"7"	"13"	"Fallon, K"	"Given, J G"	"1m.5f "	"3"	"43"
"15:55:00"	"2004-09-01"	"Lingfield"	"Our Jaffa (IRE)"	"4.50"	"0"	"Handicap"	"5"	"13"	"Murtagh, J"	"Daly, D J"	"7f "	"3"	"67"
"15:55:00"	"2004-09-01"	"Lingfield"	"Davorin (JPN)"	"12.00"	"0"	"Handicap"	"10"	"13"	"Sanders, Seb"	"Loder, D R"	"7f "	"3"	"109"
"16:05:00"	"2004-02-29"	"Lingfield"	"Shaman"	"9.00"	"0"	"Handicap"	"12"	"14"	"ONeill, Dane"	"Moore, Gary and Josh"	"1m4f "	"7"	"25"
"15:50:00"	"2004-02-23"	"Wolverhampton"	"Gavroche (IRE)"	"0.83"	"0"	"Handicap"	"3"	"6"	"Fallon, K"	"Wallace, M J"	"1m1.5f "	"3"	"31"
"16:55:00"	"2004-02-21"	"Lingfield"	"Harrison Point (USA)"	"2.25"	"0"	"Handicap"	"1"	"15"	"Spencer, Jamie"	"Chapple-Hyam, P W"	"7f "	"4"	"138"
"14:40:00"	"2004-02-21"	"Lingfield"	"Royal Warrant"	"5.00"	"0"	"Handicap"	"1"	"5"	"Dwyer, Martin"	"Balding, A M"	"1m "	"3"	"35"
"16:00:00"	"2004-02-20"	"Wolverhampton"	"Del Mar Sunset"	"3.33"	"0"	"Handicap"	"5"	"12"	"Jones, Lisa"	"Haggas, W J"	"1m.5f "	"5"	"39"
"15:55:00"	"2004-02-19"	"Southwell"	"Macaroni Gold (IRE)"	"3.00"	"0"	"Handicap"	"4"	"7"	"Tebbutt, Michael"	"Jarvis, W"	"1m6f "	"4"	"26"
"13:40:00"	"2004-02-19"	"Southwell"	"Magic Mammas Too"	"1.20"	"0"	"Handicap Maiden"	"3"	"10"	"Crawford, Laura-Jayne"	"Barron, T D"	"1m "	"4"	"35"
"15:50:00"	"2004-02-18"	"Lingfield"	"Silvaline"	"4.00"	"0"	"Handicap"	"6"	"14"	"Carter, G"	"Keddy, T"	"1m2f "	"5"	"133"
"19:00:00"	"2004-02-14"	"Wolverhampton"	"Geronimo (OLD)"	"7.00"	"0"	"Handicap"	"3"	"9"	"Fenton, Micky"	"Kelleway, Miss Gay"	"7f "	"7"	"33"
"15:10:00"	"2004-02-14"	"Lingfield"	"Stateroom (USA)"	"33.00"	"0"	"Handicap"	"5"	"14"	"Jones, Lisa"	"Toller, J A R"	"1m2f "	"6"	"110"
"15:05:00"	"2004-02-11"	"Lingfield"	"Mistral Sky"	"9.00"	"0"	"Handicap"	"2"	"14"	"Spencer, Jamie"	"Liddiard, Stef"	"7f "	"5"	"71"
"14:20:00"	"2004-02-07"	"Lingfield"	"Skidmark"	"1.50"	"0"	"Handicap"	"1"	"10"	"Fitzsimons, Paul"	"Elsworth, D R C"	"1m2f "	"3"	"31"
"14:30:00"	"2004-02-06"	"Wolverhampton"	"Potsdam"	"9.00"	"0"	"Handicap"	"7"	"13"	"Fanning, Joe"	"Moran, Niall"	"1m.5f "	"6"	"185"
"14:40:00"	"2004-02-04"	"Lingfield"	"Redbank (IRE)"	"12.00"	"0"	"Handicap"	"9"	"12"	"Eddery, Paul"	"Dow, S"	"7f "	"3"	"29"
"15:40:00"	"2004-01-31"	"Lingfield"	"Kavi (IRE)"	"25.00"	"0"	"Handicap"	"7"	"14"	"Baker, George"	"Earle, Simon"	"1m2f "	"4"	"126"
"15:30:00"	"2004-01-28"	"Lingfield"	"Little Eye (IRE)"	"8.00"	"0"	"Handicap"	"4"	"11"	"Pollard, Neil"	"Best, J R"	"1m2f "	"3"	"28"
"15:30:00"	"2004-01-28"	"Lingfield"	"Lasting Delight"	"11.00"	"0"	"Handicap"	"10"	"11"	"Mackay, Jamie"	"Prescott, Sir Mark"	"1m2f "	"3"	"46"
"13:30:00"	"2004-01-28"	"Lingfield"	"Bucks"	"20.00"	"0"	"Handicap"	"14"	"16"	"Tebbutt, Michael"	"Ivory, D K"	"1m4f "	"7"	"44"
"13:30:00"	"2004-01-28"	"Lingfield"	"Mcqueen (IRE) (OLD)"	"25.00"	"0"	"Handicap"	"15"	"16"	"Sweeney, Fergus"	"Dalton, Heather"	"1m4f "	"4"	"46"
"14:40:00"	"2004-01-21"	"Lingfield"	"Paragon Of Virtue"	"10.00"	"0"	"Handicap"	"3"	"14"	"Fanning, Joe"	"Mitchell, P"	"1m2f "	"7"	"35"
"16:20:00"	"2004-01-19"	"Wolverhampton"	"Joint Destiny (IRE)"	"16.00"	"0"	"Handicap"	"5"	"9"	"Jones, Lisa"	"ONeill, E J"	"1m1.5f "	"3"	"67"
"15:20:00"	"2004-01-19"	"Wolverhampton"	"Bowing"	"20.00"	"0"	"Handicap"	"13"	"13"	"Kinsella, David"	"Murphy, P G"	"1m.5f "	"4"	"158"
"13:00:00"	"2004-01-15"	"Southwell"	"Grandma Lily (IRE)"	"10.00"	"0"	"Handicap"	"3"	"9"	"Hamilton, Tony"	"Chapman, M C"	"5f "	"6"	"31"
"14:10:00"	"2004-01-14"	"Lingfield"	"Cold Turkey"	"6.00"	"0"	"Handicap"	"1"	"16"	"Whitworth, Simon"	"Moore, Gary and Josh"	"1m4f "	"4"	"39"
"12:20:00"	"2004-01-13"	"Southwell"	"Majik"	"7.00"	"0"	"Handicap"	"7"	"11"	"Mongan, Ian"	"Davis, D J S Ffrench"	"6f "	"5"	"31"
"14:40:00"	"2004-01-09"	"Wolverhampton"	"Flint River"	"2.50"	"0"	"Handicap"	"2"	"12"	"Fletcher, L"	"Morrison, H"	"6f "	"6"	"48"
"13:10:00"	"2004-01-08"	"Wolverhampton"	"Time N Time Again"	"5.00"	"0"	"Handicap"	"5"	"10"	"Allan, David"	"Alston, E J"	"6f "	"6"	"33"
"14:20:00"	"2004-01-07"	"Lingfield"	"Royal Warrant"	"7.00"	"0"	"Handicap"	"3"	"7"	"Dwyer, Martin"	"Balding, A M"	"1m "	"3"	"109"
"15:45:00"	"2004-01-06"	"Southwell"	"Jamaican Flight (USA)"	"22.00"	"0"	"Handicap"	"3"	"9"	"Quinn, Jimmy"	"Lamyman, Mrs S"	"2m "	"11"	"80"
"15:20:00"	"2004-01-06"	"Lingfield"	"Kings Ballet (USA)"	"12.00"	"0"	"Handicap"	"8"	"14"	"Drowne, Steve"	"Chamings, P R"	"6f "	"6"	"25"
"14:15:00"	"2004-01-05"	"Southwell"	"Mount Royale (IRE)"	"20.00"	"0"	"Handicap"	"8"	"10"	"Tinkler, Kim"	"Tinkler, N"	"1m "	"6"	"156"
"13:20:00"	"2004-01-02"	"Wolverhampton"	"Zagala"	"4.50"	"0"	"Handicap"	"2"	"10"	"Culhane, Tony"	"Keightley, S L"	"6f "	"4"	"34"
"14:10:00"	"2003-10-27"	"Lingfield"	"Kristoffersen"	"7.00"	"0"	"Handicap"	"3"	"14"	"Ahern, Eddie"	"Butler, G A"	"1m4f "	"3"	"111"
"17:10:00"	"2003-10-21"	"Southwell"	"Claptrap"	"5.50"	"0"	"Handicap"	"7"	"16"	"Ferris, Francis"	"Osborne, J A"	"1m4f "	"3"	"94"
"16:25:00"	"2003-10-20"	"Wolverhampton"	"Fortunate Dave (USA)"	"11.00"	"0"	"Handicap"	"9"	"12"	"Catlin, Chris"	"Williams, Ian"	"1m7f "	"4"	"178"
"15:35:00"	"2003-10-16"	"Southwell"	"Brioso (IRE)"	"9.00"	"0"	"Handicap"	"13"	"16"	"Ferris, Francis"	"Eustace, J M P"	"5f "	"3"	"89"
"14:45:00"	"2003-10-15"	"Lingfield"	"Free Option (IRE)"	"16.00"	"0"	"Handicap"	"3"	"12"	"ONeill, Dane"	"Hanbury, B"	"1m "	"8"	"63"
"15:30:00"	"2003-10-08"	"Lingfield"	"Beyond The Pole (USA)"	"12.00"	"0"	"Handicap"	"10"	"16"	"ONeill, Dane"	"Johnson, B R"	"1m4f "	"5"	"179"
"15:00:00"	"2003-10-08"	"Lingfield"	"Cape St Vincent"	"1.50"	"0"	"Handicap"	"2"	"13"	"Holland, Darryll"	"Morrison, H"	"6f "	"3"	"34"
"15:00:00"	"2003-10-08"	"Lingfield"	"Roman Quintet (IRE)"	"7.00"	"0"	"Handicap"	"4"	"13"	"Fallon, K"	"Arbuthnot, D W P"	"6f "	"3"	"91"
"16:10:00"	"2003-10-07"	"Southwell"	"Dick The Taxi"	"5.00"	"0"	"Handicap"	"3"	"15"	"Miles, Robert"	"Smith, R J"	"1m4f "	"9"	"143"
"21:30:00"	"2003-09-20"	"Wolverhampton"	"Magical Day"	"14.00"	"0"	"Handicap"	"8"	"10"	"Miles, Robert"	"Turner, W G M"	"1m4f "	"4"	"194"
"16:15:00"	"2003-09-09"	"Lingfield"	"My Retreat (USA)"	"14.00"	"0"	"Handicap Seller"	"14"	"14"	"Callan, N"	"Moore, Gary and Josh"	"1m2f "	"6"	"25"
"20:30:00"	"2003-09-06"	"Wolverhampton"	"Platinum Charmer (IRE)"	"33.00"	"0"	"Handicap"	"11"	"11"	"Callan, N"	"Ryan, K A"	"7f "	"3"	"198"
"17:00:00"	"2003-09-03"	"Lingfield"	"Hefin"	"9.00"	"0"	"Handicap"	"3"	"14"	"Kelly, Shane"	"Wood, I A"	"2m "	"6"	"26"
"17:15:00"	"2003-09-02"	"Southwell"	"Tap"	"5.00"	"0"	"Handicap"	"15"	"16"	"Nicholls, Adrian T"	"Nicholls, D"	"1m "	"6"	"42"
"15:05:00"	"2003-02-25"	"Lingfield"	"Voice Mail"	"4.50"	"0"	"Handicap"	"3"	"11"	"Chalmers, Neil"	"Balding, A M"	"1m "	"4"	"31"
"15:40:00"	"2003-02-24"	"Wolverhampton"	"Marlo"	"5.00"	"0"	"Handicap"	"2"	"9"	"Hills, Michael"	"Hills, B W"	"1m.5f "	"4"	"101"
"16:35:00"	"2003-02-21"	"Wolverhampton"	"Mandys Collection"	"16.00"	"0"	"Handicap"	"11"	"12"	"Corby, Dean"	"Newcombe, A G"	"7f "	"4"	"49"
"16:40:00"	"2003-02-13"	"Southwell"	"Littleton Amethyst (IRE)"	"7.00"	"0"	"Handicap"	"2"	"11"	"McDonald, Frankie"	"Naughton, T J"	"2m "	"4"	"27"
"16:25:00"	"2003-02-07"	"Wolverhampton"	"Mush (IRE)"	"1.75"	"0"	"Handicap"	"3"	"13"	"Mongan, Ian"	"Littmoden, N P"	"1m.5f "	"6"	"31"
"14:10:00"	"2003-01-31"	"Wolverhampton"	"Red Storm"	"10.00"	"0"	"Handicap"	"7"	"8"	"Sweeney, Fergus"	"Boyle, J R"	"1m1.5f "	"4"	"44"
"14:20:00"	"2003-01-30"	"Lingfield"	"Joely Green"	"2.25"	"0"	"Handicap"	"5"	"8"	"Gibbons, Graham"	"Littmoden, N P"	"1m4f "	"6"	"26"
"16:00:00"	"2003-01-29"	"Lingfield"	"King Nicholas (USA)"	"6.00"	"0"	"Handicap Maiden"	"1"	"14"	"Henry, Matthew"	"Jarvis, M A"	"7f "	"4"	"236"
"12:35:00"	"2003-01-27"	"Wolverhampton"	"Sea Ya Maite"	"16.00"	"0"	"Handicap"	"9"	"10"	"Harrison, Kelly"	"Bowring, S R"	"1m.5f "	"9"	"221"
"16:25:00"	"2003-01-25"	"Lingfield"	"Glitter And Glory"	"9.00"	"0"	"Handicap"	"3"	"13"	"Williams, T"	"Cyzer, C A"	"2m "	"4"	"54"
"13:40:00"	"2003-01-24"	"Wolverhampton"	"Miss Champers (IRE)"	"7.00"	"0"	"Handicap"	"6"	"6"	"Smith, Richard"	"Hannon, R"	"1m.5f "	"3"	"35"
"15:50:00"	"2003-01-21"	"Southwell"	"Shank"	"5.50"	"0"	"Handicap"	"10"	"14"	"Woods, W"	"Prescott, Sir Mark"	"1m3f "	"4"	"62"
"12:05:00"	"2003-01-14"	"Southwell"	"Parachute (OLD)"	"1.00"	"0"	"Handicap Maiden"	"4"	"13"	"Worrell, Mark"	"Prescott, Sir Mark"	"1m4f "	"4"	"206"
"15:00:00"	"2003-01-11"	"Southwell"	"Westgate Run"	"12.00"	"0"	"Handicap"	"8"	"10"	"Hanagan, Paul"	"Fahey, R A"	"1m4f "	"6"	"30"
"15:25:00"	"2003-01-09"	"Southwell"	"Bhutan (IRE) (OLD)"	"7.00"	"0"	"Handicap"	"2"	"16"	"Moore, Jamie"	"Moore, Gary and Josh"	"1m3f "	"8"	"30"
"12:15:00"	"2003-01-08"	"Lingfield"	"Jadeeron"	"33.00"	"0"	"Handicap"	"12"	"14"	"Williams, Darren"	"McHale, Miss D A"	"1m2f "	"4"	"113"
"12:00:00"	"2003-01-04"	"Southwell"	"Inch Perfect"	"2.25"	"0"	"Handicap"	"1"	"9"	"Hanagan, Paul"	"Fahey, R A"	"1m3f "	"8"	"33"
"15:45:00"	"2003-01-01"	"Southwell"	"Francport"	"16.00"	"0"	"Handicap"	"4"	"16"	"Fessey, Paul"	"Ryan, K A"	"6f "	"7"	"37"
"15:45:00"	"2003-01-01"	"Southwell"	"Speedy Gee (IRE)"	"20.00"	"0"	"Handicap"	"16"	"16"	"Fanning, Joe"	"Nicholls, D"	"6f "	"5"	"120"
 