RTime	Date	track	Qualifier	Odds_Numeric	Odds_Exchange	Race_Type	Position	Runners	Jockey	Trainer	
"18:00:00"	"2026-07-31"	"Galway"	"Shanbally Kid (IRE)"	"28.00"	"83.34"	"Handicap Chase"	"F"	"20"	"Kennedy, J W"	"Elliott, Gordon"
"18:40:00"	"2026-07-29"	"Galway"	"Maxxum (IRE)"	"50.00"	"80"	"Handicap Chase"	"16"	"22"	"Gilligan, D J"	"Elliott, Gordon"
"15:45:00"	"2026-05-02"	"Punchestown"	"The Doyen Chief (IRE)"	"14.00"	"23"	"Handicap Chase"	"PU"	"21"	"Bellamy, Tom"	"King, A"
"15:45:00"	"2026-05-02"	"Punchestown"	"Perceval Legallois (FR)"	"40.00"	"82.4"	"Handicap Chase"	"PU"	"21"	"Donoghue, K M"	"Cromwell, Gavin Patrick"
"15:05:00"	"2026-05-02"	"Punchestown"	"Brucejack (IRE)"	"5.50"	"7.31"	"Handicap Chase"	"7"	"19"	"Kenneally, Michael"	"Fahy, P A"
"15:05:00"	"2026-05-02"	"Punchestown"	"Evies Vladimir (IRE)"	"33.00"	"55.27"	"Handicap Chase"	"PU"	"19"	"Balfe, A"	"Cromwell, Gavin Patrick"
"16:05:00"	"2026-04-10"	"Aintree"	"Indiana Jones (FR)"	"100.00"	"312.8"	"Handicap Chase"	"5"	"27"	"OCallaghan, Shane"	"Morris, M F"
"16:05:00"	"2026-04-10"	"Aintree"	"Omoore Park (IRE)"	"25.00"	"31.15"	"Handicap Chase"	"7"	"27"	"OKeeffe, Sean F"	"Mullins, W P"
"16:05:00"	"2026-04-10"	"Aintree"	"Lisnamult Lad (IRE)"	"22.00"	"31.57"	"Handicap Chase"	"9"	"27"	"Gainford, Mr J C"	"Donoghue, Ian"
"16:05:00"	"2026-04-10"	"Aintree"	"Soul Icon"	"20.00"	"29.1"	"Handicap Chase"	"BD"	"27"	"Bellamy, Tom"	"Burke, Kieran"
"15:30:00"	"2026-04-09"	"Aintree"	"Barton Snow (IRE)"	"1.75"	"2.98"	"Hunters Chase"	"1"	"24"	"Crow, Mr H"	"OShea, J J"
"15:30:00"	"2026-04-09"	"Aintree"	"Thunder Rock (IRE)"	"16.00"	"20.47"	"Hunters Chase"	"16"	"24"	"King, Mr James"	"Murphy, Olly"
"15:30:00"	"2026-04-09"	"Aintree"	"Willewonga"	"25.00"	"77.3"	"Hunters Chase"	"UR"	"24"	"OSullivan, Alan"	"OShea, J J"
"17:00:00"	"2026-04-06"	"Fairyhouse"	"Yeah Man (IRE)"	"66.00"	"90"	"Handicap Chase"	"PU"	"30"	"Donoghue, K M"	"Cromwell, Gavin Patrick"
"17:00:00"	"2026-04-06"	"Fairyhouse"	"Hartur Darc (FR)"	"125.00"	"280"	"Handicap Chase"	"PU"	"30"	"Flanagan, S W"	"McConnell, John C"
"17:00:00"	"2026-04-06"	"Fairyhouse"	"Duffle Coat (IRE)"	"80.00"	"164.42"	"Handicap Chase"	"PU"	"30"	"Williamson, Mr J H"	"Elliott, Gordon"
"17:00:00"	"2026-04-06"	"Fairyhouse"	"Weveallbeencaught (IRE)"	"40.00"	"59.31"	"Handicap Chase"	"PU"	"30"	"OBrien, P M"	"McNamara, E"
"17:00:00"	"2026-04-06"	"Fairyhouse"	"Rushmount (IRE)"	"50.00"	"55.98"	"Handicap Chase"	"UR"	"30"	"OSullivan, Alan"	"Sweeney, Jonathan"
"16:40:00"	"2026-03-13"	"Cheltenham"	"Its On The Line (IRE)"	"3.50"	"6"	"Hunters Chase"	"2"	"23"	"OConnor, Derek"	"Mullins, Emmet"
"16:40:00"	"2026-03-13"	"Cheltenham"	"Panda Boy (IRE)"	"4.00"	"6.06"	"Hunters Chase"	"5"	"23"	"Gleeson, Mr J L"	"Brassil, Martin"
"16:40:00"	"2026-03-13"	"Cheltenham"	"Carnfunnock (IRE)"	"50.00"	"53.64"	"Hunters Chase"	"10"	"23"	"Connor, Mr S"	"Crawford, S R B"
"16:40:00"	"2026-03-13"	"Cheltenham"	"Willewonga"	"100.00"	"257.18"	"Hunters Chase"	"PU"	"23"	"Easterby, Mr Thomas"	"OShea, J J"
"16:40:00"	"2026-03-13"	"Cheltenham"	"Paul Marvel (FR)"	"80.00"	"132.81"	"Hunters Chase"	"PU"	"23"	"Jackson-Fennell, Miss A"	"OShea, J J"
"16:40:00"	"2026-03-13"	"Cheltenham"	"Lift Me Up (IRE)"	"150.00"	"320.94"	"Hunters Chase"	"PU"	"23"	"Palin, Miss H"	"Filby, Miss M"
"16:40:00"	"2026-03-13"	"Cheltenham"	"Gracchus De Balme (FR)"	"50.00"	"72.2"	"Hunters Chase"	"PU"	"23"	"King, Mr P A"	"OShea, J J"
"17:20:00"	"2026-03-12"	"Cheltenham"	"Sandor Clegane (IRE)"	"12.00"	"14.75"	"Handicap Chase"	"10"	"23"	"Hendrick, Mr J W"	"Nolan, Paul"
"17:20:00"	"2026-03-12"	"Cheltenham"	"Cave Court (IRE)"	"100.00"	"176.45"	"Handicap Chase"	"14"	"23"	"McGill, Mr O"	"Kelly, Noel C"
"17:20:00"	"2026-03-12"	"Cheltenham"	"Kings Threshold (IRE)"	"25.00"	"34.47"	"Handicap Chase"	"16"	"23"	"Swan, H C"	"Lavelle, Miss E C"
"17:20:00"	"2026-03-12"	"Cheltenham"	"Insurrection (IRE)"	"66.00"	"152.57"	"Handicap Chase"	"18"	"23"	"Andrews, Gina"	"Nicholls, P F"
"15:20:00"	"2026-03-10"	"Cheltenham"	"Johnnywho (IRE)"	"18.00"	"25.86"	"Handicap Chase"	"1"	"22"	"McLernon, R P"	"ONeill, Jonjo and AJ"
"15:20:00"	"2026-03-10"	"Cheltenham"	"Margarets Legacy (FR)"	"50.00"	"100.18"	"Handicap Chase"	"12"	"22"	"Bannister, Harry A A"	"Greatrex, W J"
"15:20:00"	"2026-03-10"	"Cheltenham"	"Filanderer"	"50.00"	"88.05"	"Handicap Chase"	"PU"	"22"	"Burke, Jonathan"	"Morrison, H"
"15:20:00"	"2026-03-10"	"Cheltenham"	"Eyed"	"66.00"	"212.68"	"Handicap Chase"	"PU"	"22"	"Twiston-Davies, Sam"	"Morrison, H"
"18:40:00"	"2025-07-30"	"Galway"	"Chemical Energy (IRE)"	"66.00"	"97.23"	"Handicap Chase"	"13"	"22"	"Staples, Mr E"	"Elliott, Gordon"
"15:05:00"	"2025-05-03"	"Punchestown"	"Answer To Kayf"	"8.50"	"12.5"	"Handicap Chase"	"6"	"23"	"Shinnick, J P"	"OBrien, Terence"
"16:10:00"	"2025-04-26"	"Sandown"	"Monbeg Genius (IRE)"	"28.00"	"74.09"	"Handicap Chase"	"6"	"19"	"McLernon, R P"	"ONeill, Jonjo and AJ"
"16:10:00"	"2025-04-26"	"Sandown"	"Threeunderthrufive (IRE)"	"33.00"	"110"	"Handicap Chase"	"PU"	"19"	"Cobden, Harry"	"Nicholls, P F"
"17:00:00"	"2025-04-21"	"Fairyhouse"	"Dunboyne (IRE)"	"22.00"	"36"	"Handicap Chase"	"4"	"30"	"Meyler, D"	"Donoghue, Ian"
"15:35:00"	"2025-04-12"	"Ayr"	"Klarc Kent (FR)"	"14.00"	"21"	"Handicap Chase"	"2"	"23"	"Burke, Jonathan"	"Mullins, W P"
"15:35:00"	"2025-04-12"	"Ayr"	"Flash De Touzaine (FR)"	"33.00"	"60.47"	"Handicap Chase"	"6"	"23"	"Flanagan, S W"	"Doyle, Miss Elizabeth"
"15:35:00"	"2025-04-12"	"Ayr"	"Dom Of Mary (FR)"	"40.00"	"116.49"	"Handicap Chase"	"PU"	"23"	"Quinn, Caoilin"	"Bridgwater, D G"
"15:35:00"	"2025-04-12"	"Ayr"	"Wiseguy (IRE)"	"20.00"	"35.68"	"Handicap Chase"	"PU"	"23"	"Boinville, Nico"	"Henderson, N J"
"15:35:00"	"2025-04-12"	"Ayr"	"Mr Incredible (IRE)"	"66.00"	"200"	"Handicap Chase"	"PU"	"23"	"Stevens, Miss A"	"Thomson, A M"
"16:05:00"	"2025-04-04"	"Aintree"	"James Du Berlais (FR)"	"10.00"	"15.68"	"Handicap Chase"	"5"	"30"	"Slevin, J J"	"Mullins, W P"
"16:05:00"	"2025-04-04"	"Aintree"	"Ginnys Destiny (IRE)"	"8.00"	"10.54"	"Handicap Chase"	"7"	"30"	"Cobden, Harry"	"Nicholls, P F"
"16:05:00"	"2025-04-04"	"Aintree"	"Gemirande (FR)"	"50.00"	"145.08"	"Handicap Chase"	"18"	"30"	"Deutsch, Charlie"	"Williams, Miss Venetia"
"16:05:00"	"2025-04-04"	"Aintree"	"Glengouly (FR)"	"33.00"	"88.37"	"Handicap Chase"	"23"	"30"	"Mullins, D E"	"Mullins, W P"
"16:05:00"	"2025-04-04"	"Aintree"	"Ga Law (FR)"	"25.00"	"55.25"	"Handicap Chase"	"PU"	"30"	"Sheehan, Gavin"	"Snowden, Jamie"
"16:05:00"	"2025-04-04"	"Aintree"	"Grandeur Dame (FR)"	"25.00"	"54.52"	"Handicap Chase"	"PU"	"30"	"Cannon, Tom J"	"King, A"
"16:05:00"	"2025-04-03"	"Aintree"	"Gracchus De Balme (FR)"	"22.00"	"55.17"	"Hunters Chase"	"1"	"29"	"Edwards, Huw"	"OShea, J J"
"16:05:00"	"2025-04-03"	"Aintree"	"Ramillies (IRE)"	"66.00"	"327.68"	"Hunters Chase"	"22"	"29"	"ONeill, Mr B"	"Christie, D M"
"16:05:00"	"2025-04-03"	"Aintree"	"Yccs Portocervo (FR)"	"50.00"	"171.53"	"Hunters Chase"	"PU"	"29"	"Dawson, Mr John"	"Newland, Dr R D P"
"16:05:00"	"2025-04-03"	"Aintree"	"Pyleigh Court"	"80.00"	"454.59"	"Hunters Chase"	"PU"	"29"	"Herbison, Miss E"	"Pudd, R C"
"16:40:00"	"2025-03-14"	"Cheltenham"	"Lift Me Up (IRE)"	"33.00"	"40.3"	"Hunters Chase"	"13"	"24"	"Andrews, Jack"	"Filby, Miss M"
"17:20:00"	"2025-03-13"	"Cheltenham"	"Wiseguy (IRE)"	"28.00"	"40.85"	"Handicap Chase"	"7"	"23"	"Newman, Mr Joshua"	"Henderson, N J"
"17:20:00"	"2025-03-13"	"Cheltenham"	"Now Where Or When (IRE)"	"80.00"	"178.13"	"Handicap Chase"	"PU"	"23"	"Connor, Mr S"	"Crawford, S R B"
"17:20:00"	"2025-03-13"	"Cheltenham"	"Gelino Bello (FR)"	"50.00"	"58.64"	"Handicap Chase"	"PU"	"23"	"Nicholls, Miss Olive"	"Nicholls, P F"
"17:20:00"	"2025-03-13"	"Cheltenham"	"Pats Fancy (IRE)"	"125.00"	"147.2"	"Handicap Chase"	"PU"	"23"	"Andrews, Jack"	"Curtis, Miss Rebecca"
"14:40:00"	"2025-03-11"	"Cheltenham"	"Famous Bridge (IRE)"	"18.00"	"21.88"	"Handicap Chase"	"6"	"24"	"Quinlan, Sean"	"Richards, N G"
"14:40:00"	"2025-03-11"	"Cheltenham"	"Frero Banbou (FR)"	"50.00"	"66.35"	"Handicap Chase"	"PU"	"24"	"Fox, Ned"	"Williams, Miss Venetia"
"14:40:00"	"2025-03-11"	"Cheltenham"	"Farouk Dalene (FR)"	"125.00"	"375.41"	"Handicap Chase"	"PU"	"24"	"McLernon, R P"	"Brown, G"
"19:10:00"	"2024-07-31"	"Galway"	"Lets Go Champ (IRE)"	"10.00"	"15.37"	"Handicap Chase"	"6"	"22"	"Blackmore, Rachael"	"Bromhead, Henry De"
"19:10:00"	"2024-07-31"	"Galway"	"Idas Boy (IRE)"	"40.00"	"69.56"	"Handicap Chase"	"10"	"22"	"Stone-Walsh, C"	"Meade, Noel"
"19:10:00"	"2024-07-31"	"Galway"	"Janidil (FR)"	"40.00"	"99.32"	"Handicap Chase"	"F"	"22"	"McGarvey, J S"	"Mullins, W P"
"15:35:00"	"2024-04-27"	"Sandown"	"Annual Invictus (IRE)"	"20.00"	"29.79"	"Handicap Chase"	"2"	"20"	"Gordon, Mr Fred"	"Gordon, C"
"15:35:00"	"2024-04-27"	"Sandown"	"Threeunderthrufive (IRE)"	"22.00"	"34.67"	"Handicap Chase"	"13"	"20"	"Cobden, Harry"	"Nicholls, P F"
"15:35:00"	"2024-04-27"	"Sandown"	"Slipway (IRE)"	"22.00"	"29.61"	"Handicap Chase"	"14"	"20"	"Jones, Ben R"	"Pauling, Ben"
"15:35:00"	"2024-04-27"	"Sandown"	"Does He Know"	"33.00"	"55"	"Handicap Chase"	"PU"	"20"	"Bass, David"	"Bailey, K C"
"15:35:00"	"2024-04-20"	"Ayr"	"Ontheropes (IRE)"	"66.00"	"110"	"Handicap Chase"	"5"	"26"	"Hayes, Brian"	"Mullins, W P"
"15:35:00"	"2024-04-20"	"Ayr"	"Whistleinthedark (IRE)"	"40.00"	"65.77"	"Handicap Chase"	"9"	"26"	"McMenamin, Daniel"	"Morgan, Miss Laura"
"15:35:00"	"2024-04-20"	"Ayr"	"Broken Halo"	"40.00"	"75.95"	"Handicap Chase"	"PU"	"26"	"Frost, Bryony"	"Nicholls, P F"
"15:35:00"	"2024-04-20"	"Ayr"	"Anglers Crag"	"14.00"	"23"	"Handicap Chase"	"PU"	"26"	"Brooke, Henry"	"Ellison, B"
"15:35:00"	"2024-04-20"	"Ayr"	"Secret Reprieve (IRE)"	"66.00"	"131.91"	"Handicap Chase"	"PU"	"26"	"Turner, James"	"Williams, Evan"
"16:05:00"	"2024-04-12"	"Aintree"	"Aime Desjy (FR)"	"16.00"	"18"	"Handicap Chase"	"5"	"24"	"Mullins, D E"	"Mullins, W P"
"16:05:00"	"2024-04-12"	"Aintree"	"Empire Steel (IRE)"	"28.00"	"55"	"Handicap Chase"	"9"	"24"	"Mania, Ryan"	"Thomson, A M"
"16:05:00"	"2024-04-12"	"Aintree"	"Embittered (IRE)"	"66.00"	"120.81"	"Handicap Chase"	"11"	"24"	"Ewing, Sam"	"Elliott, Gordon"
"16:05:00"	"2024-04-12"	"Aintree"	"Ciel De Neige (FR)"	"33.00"	"60.7"	"Handicap Chase"	"15"	"24"	"McLernon, R P"	"Haslam, B M R"
"16:05:00"	"2024-04-12"	"Aintree"	"Shakem Uparry (IRE)"	"5.00"	"10.39"	"Handicap Chase"	"17"	"24"	"Jones, Ben R"	"Pauling, Ben"
"16:05:00"	"2024-04-12"	"Aintree"	"Frero Banbou (FR)"	"14.00"	"21"	"Handicap Chase"	"PU"	"24"	"Deutsch, Charlie"	"Williams, Miss Venetia"
"16:05:00"	"2024-04-12"	"Aintree"	"Your Darling (IRE)"	"12.00"	"15.17"	"Handicap Chase"	"PU"	"24"	"Woods, K K"	"Pauling, Ben"
"16:05:00"	"2024-04-11"	"Aintree"	"Cap Du Mathan (FR)"	"22.00"	"30"	"Hunters Chase"	"8"	"22"	"Nicholls, Miss Olive"	"Nicholls, P F"
"16:05:00"	"2024-04-11"	"Aintree"	"Rebel Dawn Rising (IRE)"	"14.00"	"20"	"Hunters Chase"	"10"	"22"	"Peters, Mr D"	"Kemp, D J"
"16:05:00"	"2024-04-11"	"Aintree"	"Drop Flight (FR)"	"66.00"	"207.56"	"Hunters Chase"	"F"	"22"	"Sutton, Mr B"	"Loxton, S"
"17:00:00"	"2024-04-01"	"Fairyhouse"	"History Of Fashion (IRE)"	"50.00"	"67.71"	"Handicap Chase"	"5"	"20"	"Condon, R J"	"Fahy, P A"
"17:00:00"	"2024-04-01"	"Fairyhouse"	"Dunboyne (IRE)"	"40.00"	"72.41"	"Handicap Chase"	"PU"	"20"	"Ewing, Sam"	"Elliott, Gordon"
"17:00:00"	"2024-04-01"	"Fairyhouse"	"Churchstonewarrior (IRE)"	"50.00"	"100"	"Handicap Chase"	"UR"	"20"	"OSullivan, Mr M J M"	"Sweeney, Jonathan"
"17:30:00"	"2024-03-14"	"Cheltenham"	"Whistleinthedark (IRE)"	"100.00"	"180.68"	"Handicap Chase"	"10"	"22"	"Wright, Mr Joe"	"Morgan, Miss Laura"
"16:10:00"	"2024-03-14"	"Cheltenham"	"Frero Banbou (FR)"	"28.00"	"46.85"	"Handicap Chase"	"6"	"21"	"Deutsch, Charlie"	"Williams, Miss Venetia"
"16:10:00"	"2024-03-14"	"Cheltenham"	"Ciel De Neige (FR)"	"100.00"	"296.05"	"Handicap Chase"	"14"	"21"	"McLernon, R P"	"Haslam, B M R"
"16:10:00"	"2024-03-14"	"Cheltenham"	"Hereditary Rule (IRE)"	"125.00"	"406.41"	"Handicap Chase"	"17"	"21"	"Harvey, Mr B W"	"McConnell, John C"
"16:10:00"	"2024-03-14"	"Cheltenham"	"Fighter Allen (FR)"	"100.00"	"285.89"	"Handicap Chase"	"PU"	"21"	"Tudor, Jack"	"Pipe, D E"
"14:50:00"	"2024-03-12"	"Cheltenham"	"Twig"	"28.00"	"29.07"	"Handicap Chase"	"2"	"21"	"Morgan, Mr Beau"	"Pauling, Ben"
"18:40:00"	"2023-08-02"	"Galway"	"Foxy Jacks (IRE)"	"16.00"	"21.89"	"Handicap Chase"	"PU"	"22"	"Brouder, Gavin"	"Morris, M F"
"14:40:00"	"2023-04-19"	"Cheltenham"	"Copperhead"	"11.00"	"17.5"	"Handicap Chase"	"6"	"20"	"Powell, Brendan"	"Tizzard, Joe"
"16:05:00"	"2023-04-14"	"Aintree"	"Demachine (IRE)"	"16.00"	"23"	"Handicap Chase"	"7"	"29"	"Burke, Jonathan"	"Lee, Miss Kerry"
"16:05:00"	"2023-04-14"	"Aintree"	"Kiltealy Briggs (IRE)"	"40.00"	"62.27"	"Handicap Chase"	"14"	"29"	"Heskin, A P"	"Snowden, Jamie"
"16:05:00"	"2023-04-14"	"Aintree"	"Equus Dancer (IRE)"	"12.00"	"16"	"Handicap Chase"	"15"	"29"	"Bowen, Sean P"	"Bowen, Peter / Michael"
"16:05:00"	"2023-04-14"	"Aintree"	"Phoenix Way (IRE)"	"20.00"	"24.32"	"Handicap Chase"	"UR"	"29"	"Brogan, Kevin"	"Fry, Harry"
"16:05:00"	"2023-04-13"	"Aintree"	"Time Leader (IRE)"	"80.00"	"248.6"	"Hunters Chase"	"5"	"27"	"McCain-Mitchell, Toby"	"OShea, J J"
"16:05:00"	"2023-04-13"	"Aintree"	"Dento Des Obeaux (FR)"	"20.00"	"25.68"	"Hunters Chase"	"6"	"27"	"Lavery, Mr D G"	"Turley, Patrick"
"16:05:00"	"2023-04-13"	"Aintree"	"Dorking Cock (IRE)"	"33.00"	"67.72"	"Hunters Chase"	"12"	"27"	"Connor, Mr S"	"Crawford, S R B"
"16:05:00"	"2023-04-13"	"Aintree"	"Magic Saint (FR)"	"10.00"	"14"	"Hunters Chase"	"13"	"27"	"Nicholls, Miss Olive"	"Nicholls, P F"
"16:05:00"	"2023-04-13"	"Aintree"	"I K Brunel"	"28.00"	"41.91"	"Hunters Chase"	"BD"	"27"	"Marshall, Miss I"	"Hill, Alan"
"16:05:00"	"2023-04-13"	"Aintree"	"Rewritetherules (IRE)"	"200.00"	"1000"	"Hunters Chase"	"UR"	"27"	"OBrien, David"	"OBrien, David"
"17:00:00"	"2023-04-10"	"Fairyhouse"	"Royale Pagaille (FR)"	"10.00"	"14.53"	"Handicap Chase"	"F"	"27"	"Deutsch, Charlie"	"Williams, Miss Venetia"
"17:00:00"	"2023-04-10"	"Fairyhouse"	"Espanito Bello (FR)"	"22.00"	"40"	"Handicap Chase"	"PU"	"27"	"OSullivan, Mr M J M"	"Connell, B"
"17:00:00"	"2023-04-10"	"Fairyhouse"	"Birchdale (IRE)"	"80.00"	"130"	"Handicap Chase"	"PU"	"27"	"Kelly, Aidan"	"Bolger, E"
"17:00:00"	"2023-04-10"	"Fairyhouse"	"Donkey Years (IRE)"	"40.00"	"47.67"	"Handicap Chase"	"PU"	"27"	"McDonagh, Mark M"	"McNamara, E"
"16:10:00"	"2023-03-17"	"Cheltenham"	"Premier Magic (IRE)"	"66.00"	"110.14"	"Hunters Chase"	"1"	"23"	"Gibbs, Mr B"	"Gibbs, B"
"16:10:00"	"2023-03-17"	"Cheltenham"	"Cat Tiger (FR)"	"28.00"	"53.14"	"Hunters Chase"	"PU"	"23"	"Sprake, Charlie"	"Nicholls, P F"
"16:10:00"	"2023-03-17"	"Cheltenham"	"Myth Buster (IRE)"	"150.00"	"409.11"	"Hunters Chase"	"UR"	"23"	"Bradstock, Miss L"	"Bradstock, Mrs Sara V"
"16:10:00"	"2023-03-17"	"Cheltenham"	"I K Brunel"	"80.00"	"110"	"Hunters Chase"	"UR"	"23"	"Marshall, Miss I"	"Hill, Alan"
"17:30:00"	"2023-03-16"	"Cheltenham"	"Royal Thief (IRE)"	"11.00"	"15.31"	"Handicap Chase"	"6"	"23"	"Hendrick, Mr J W"	"Bromhead, Henry De"
"17:30:00"	"2023-03-16"	"Cheltenham"	"Dr Kananga"	"22.00"	"43.93"	"Handicap Chase"	"11"	"23"	"Andrews, Mr D I J"	"Clarke, Ben"
"17:30:00"	"2023-03-16"	"Cheltenham"	"Musical Slave (IRE)"	"25.00"	"41.08"	"Handicap Chase"	"PU"	"23"	"OConnor, Derek"	"Hobbs, P J / White, J"
"16:10:00"	"2023-03-16"	"Cheltenham"	"Shakem Uparry (IRE)"	"16.00"	"22.25"	"Handicap Chase"	"3"	"23"	"Morgan, Luca"	"Pauling, Ben"
"16:10:00"	"2023-03-16"	"Cheltenham"	"Embittered (IRE)"	"66.00"	"115.05"	"Handicap Chase"	"PU"	"23"	"Fitzgerald, S"	"OBrien, Joseph Patrick"
"14:50:00"	"2023-03-14"	"Cheltenham"	"Good Boy Bobby (IRE)"	"33.00"	"58.16"	"Handicap Chase"	"13"	"23"	"Jacob, Daryl"	"Twiston-Davies, N A"
"14:50:00"	"2023-03-14"	"Cheltenham"	"Remastered"	"33.00"	"75.74"	"Handicap Chase"	"PU"	"23"	"Noonan, David G"	"Pipe, D E"
"14:50:00"	"2023-03-14"	"Cheltenham"	"Glamorgan Duke (IRE)"	"66.00"	"148.63"	"Handicap Chase"	"PU"	"23"	"Gilligan, D J"	"Gilligan, Paul John"
"18:00:00"	"2022-07-29"	"Galway"	"Freewheelin Dylan (IRE)"	"33.00"	"94.25"	"Handicap Chase"	"9"	"20"	"OHanlon, P J"	"McLoughlin, D A"
"18:00:00"	"2022-07-29"	"Galway"	"Spades Are Trumps (IRE)"	"16.00"	"25.72"	"Handicap Chase"	"13"	"20"	"Walsh, M P"	"Cromwell, Gavin Patrick"
"18:00:00"	"2022-07-29"	"Galway"	"Bold Emperor (IRE)"	"22.00"	"38"	"Handicap Chase"	"16"	"20"	"OKeeffe, Darragh"	"Gibney, Thomas"
"18:40:00"	"2022-07-27"	"Galway"	"Daly Tiger (FR)"	"100.00"	"390.68"	"Handicap Chase"	"15"	"21"	"Walsh, E"	"Meade, Noel"
"17:00:00"	"2022-04-18"	"Fairyhouse"	"Early Doors (FR)"	"33.00"	"75.29"	"Handicap Chase"	"5"	"27"	"Slevin, J J"	"OBrien, Joseph Patrick"
"17:00:00"	"2022-04-18"	"Fairyhouse"	"Off You Go (IRE)"	"33.00"	"48.41"	"Handicap Chase"	"PU"	"27"	"Coleman, A"	"Byrnes, C"
"16:05:00"	"2022-04-08"	"Aintree"	"Palmers Hill (IRE)"	"18.00"	"24.89"	"Handicap Chase"	"9"	"29"	"ONeill, Jonjo (Jr)"	"ONeill, Jonjo and AJ"
"16:05:00"	"2022-04-08"	"Aintree"	"Battleoverdoyen (IRE)"	"33.00"	"46"	"Handicap Chase"	"10"	"29"	"Kennedy, J W"	"Elliott, Gordon"
"16:05:00"	"2022-04-08"	"Aintree"	"Morning Vicar (IRE)"	"50.00"	"71.68"	"Handicap Chase"	"F"	"29"	"Twiston-Davies, Sam"	"Henderson, N J"
"16:05:00"	"2022-04-08"	"Aintree"	"Cobolobo (FR)"	"80.00"	"176.39"	"Handicap Chase"	"UR"	"29"	"Kennedy, W T"	"ONeill, Jonjo and AJ"
"16:05:00"	"2022-04-07"	"Aintree"	"Stand Up And Fight (IRE)"	"25.00"	"35.93"	"Hunters Chase"	"6"	"23"	"OConnor, Miss A B"	"Bolger, E"
"16:05:00"	"2022-04-07"	"Aintree"	"Reikers Island (IRE)"	"33.00"	"50"	"Hunters Chase"	"7"	"23"	"Edwards, Huw"	"Hill, Alan"
"16:05:00"	"2022-04-07"	"Aintree"	"Myth Buster (IRE)"	"14.00"	"18.5"	"Hunters Chase"	"12"	"23"	"Mullins, Mr P W"	"Bradstock, Mrs Sara V"
"16:05:00"	"2022-04-07"	"Aintree"	"Pont Aven (IRE)"	"14.00"	"18"	"Hunters Chase"	"15"	"23"	"Chadwick, Alex"	"Owen, J P"
"15:35:00"	"2022-04-02"	"Ayr"	"Fidux (FR)"	"66.00"	"161.65"	"Handicap Chase"	"4"	"23"	"Jacob, Daryl"	"King, A"
"16:10:00"	"2022-03-18"	"Cheltenham"	"Billaway (IRE)"	"1.63"	"2.76"	"Hunters Chase"	"1"	"19"	"Mullins, Mr P W"	"Mullins, W P"
"16:10:00"	"2022-03-18"	"Cheltenham"	"Dubai Quest (IRE)"	"6.50"	"9.04"	"Hunters Chase"	"4"	"19"	"Andrews, Gina"	"Ellis, T"
"16:10:00"	"2022-03-18"	"Cheltenham"	"Pont Aven (IRE)"	"14.00"	"31.47"	"Hunters Chase"	"6"	"19"	"Chadwick, Alex"	"Owen, J P"
"16:10:00"	"2022-03-18"	"Cheltenham"	"Don Bersy (FR)"	"150.00"	"210"	"Hunters Chase"	"PU"	"19"	"OBrien, Mr T M"	"Potter, R D"
"16:10:00"	"2022-03-18"	"Cheltenham"	"Cousin Pascal (FR)"	"12.00"	"19.9"	"Hunters Chase"	"PU"	"19"	"King, Mr James"	"OShea, J J"
"16:10:00"	"2022-03-18"	"Cheltenham"	"Back Bar (IRE)"	"100.00"	"350.73"	"Hunters Chase"	"PU"	"19"	"Marshall, Miss I"	"Hill, Alan"
"17:30:00"	"2022-03-17"	"Cheltenham"	"Powerstown Park (IRE)"	"50.00"	"100.26"	"Handicap Chase"	"9"	"20"	"OBrien, Mr T M"	"Thomas, Sam"
"17:30:00"	"2022-03-17"	"Cheltenham"	"School Boy Hours (IRE)"	"5.00"	"7.11"	"Handicap Chase"	"PU"	"20"	"OConnor, Derek"	"Meade, Noel"
"17:30:00"	"2022-03-17"	"Cheltenham"	"Larry"	"50.00"	"101.58"	"Handicap Chase"	"PU"	"20"	"Mitchell, Mr F"	"Moore, Gary and Josh"
"14:50:00"	"2022-03-15"	"Cheltenham"	"Run To Milan (IRE)"	"80.00"	"96.38"	"Handicap Chase"	"16"	"24"	"Johns, Alan"	"Dartnall, V R A"
"14:50:00"	"2022-03-15"	"Cheltenham"	"Doctor Duffy (IRE)"	"33.00"	"57.1"	"Handicap Chase"	"PU"	"24"	"Quinlan, Liam"	"Byrnes, C"
"19:10:00"	"2021-07-30"	"Galway"	"Mortal (IRE)"	"50.00"	"85"	"Handicap Chase"	"15"	"19"	"McOwan, Mr H"	"Foster, Mrs Denise"
"19:10:00"	"2021-07-30"	"Galway"	"Harrie (FR)"	"33.00"	"46.37"	"Handicap Chase"	"16"	"19"	"Hayes, Brian"	"Mullins, W P"
"18:15:00"	"2021-07-28"	"Galway"	"Ben Dundee (IRE)"	"66.00"	"94.26"	"Handicap Chase"	"8"	"22"	"ORegan, Denis"	"OLoughlin, G"
"18:15:00"	"2021-07-28"	"Galway"	"Brahma Bull (IRE)"	"22.00"	"31.59"	"Handicap Chase"	"15"	"22"	"Foley, J B"	"Mullins, W P"
"18:15:00"	"2021-07-28"	"Galway"	"Samcro (IRE)"	"22.00"	"28.91"	"Handicap Chase"	"16"	"22"	"Gainford, Mr J C"	"Foster, Mrs Denise"
"16:30:00"	"2021-05-01"	"Punchestown"	"Brahma Bull (IRE)"	"14.00"	"23"	"Handicap Chase"	"1"	"20"	"Hayes, Brian"	"Mullins, W P"
"15:35:00"	"2021-04-18"	"Ayr"	"Dingo Dollar (IRE)"	"7.00"	"10.16"	"Handicap Chase"	"2"	"22"	"Mania, Ryan"	"Thomson, A M"
"15:35:00"	"2021-04-18"	"Ayr"	"Chef Doeuvre (FR)"	"14.00"	"18.52"	"Handicap Chase"	"12"	"22"	"England, Jonathan"	"England, Sam"
"16:05:00"	"2021-04-09"	"Aintree"	"Pink Eyed Pedro"	"33.00"	"58.31"	"Handicap Chase"	"2"	"26"	"Tudor, Jack"	"Brace, D"
"16:05:00"	"2021-04-09"	"Aintree"	"Ravenhill Road (IRE)"	"28.00"	"55"	"Handicap Chase"	"9"	"26"	"Mania, Ryan"	"Smith, Mrs S J"
"16:05:00"	"2021-04-08"	"Aintree"	"Cousin Pascal (FR)"	"66.00"	"110"	"Hunters Chase"	"1"	"21"	"King, Mr James"	"OShea, J J"
"16:05:00"	"2021-04-08"	"Aintree"	"Clondaw Westie (IRE)"	"200.00"	"433.4"	"Hunters Chase"	"4"	"21"	"Marshall, Miss I"	"Hill,Mrs Lawney "
"17:00:00"	"2021-04-05"	"Fairyhouse"	"Freewheelin Dylan (IRE)"	"150.00"	"312.41"	"Handicap Chase"	"1"	"28"	"Doyle, R A"	"McLoughlin, D A"
"17:00:00"	"2021-04-05"	"Fairyhouse"	"Brahma Bull (IRE)"	"66.00"	"158.24"	"Handicap Chase"	"13"	"28"	"Hayes, Brian"	"Mullins, W P"
"15:35:00"	"2021-03-20"	"Uttoxeter"	"Prime Venture (IRE)"	"18.00"	"24.1"	"Handicap Chase"	"15"	"20"	"Williams, Isabel"	"Williams, Evan"
"15:35:00"	"2021-03-20"	"Uttoxeter"	"Calett Mad (FR)"	"66.00"	"70"	"Handicap Chase"	"PU"	"20"	"Bellamy, Tom"	"Twiston-Davies, N A"
"16:50:00"	"2021-03-18"	"Cheltenham"	"Kilfilum Cross (IRE)"	"20.00"	"23.26"	"Handicap Chase"	"10"	"21"	"Edwards, Alex"	"Oliver, Henry"
"16:50:00"	"2021-03-18"	"Cheltenham"	"Sizing At Midnight (IRE)"	"33.00"	"60"	"Handicap Chase"	"PU"	"21"	"Power, R M"	"Tizzard, C L"
"16:50:00"	"2021-03-18"	"Cheltenham"	"Cobolobo (FR)"	"33.00"	"29.21"	"Handicap Chase"	"PU"	"21"	"ONeill, Jonjo (Jr)"	"ONeill, Jonjo and AJ"
"16:50:00"	"2021-03-18"	"Cheltenham"	"Townshend (GER)"	"100.00"	"240"	"Handicap Chase"	"UR"	"21"	"Neild, Jamie"	"Twiston-Davies, N A"
"15:40:00"	"2021-03-18"	"Cheltenham"	"Top Notch (FR)"	"50.00"	"84.65"	"Handicap Chase"	"3"	"21"	"Morgan, Luca"	"Henderson, N J"
"15:40:00"	"2021-03-18"	"Cheltenham"	"Dead Right"	"28.00"	"46"	"Handicap Chase"	"14"	"21"	"Scudamore, Tom"	"Mulholland, N P"
"18:45:00"	"2020-07-29"	"Galway"	"Livelovelaugh (IRE)"	"16.00"	"20.68"	"Handicap Chase"	"6"	"21"	"Mullins, David"	"Mullins, W P"
"15:15:00"	"2020-03-14"	"Kempton"	"Whatswrongwithyou (IRE)"	"25.00"	"34"	"Handicap Chase"	"7"	"20"	"McGrath, Jeremiah"	"Henderson, N J"
"16:10:00"	"2020-03-13"	"Cheltenham"	"It Came To Pass (IRE)"	"66.00"	"224.95"	"Hunters Chase"	"1"	"21"	"OSullivan, Miss Maxine"	"OSullivan, Eugene M"
"16:10:00"	"2020-03-13"	"Cheltenham"	"Dylrow (IRE)"	"50.00"	"82.37"	"Hunters Chase"	"10"	"21"	"ONeill, Mr B"	"Christie, D M"
"17:30:00"	"2020-03-12"	"Cheltenham"	"Militarian"	"25.00"	"54.05"	"Handicap Chase"	"12"	"23"	"Martin, James"	"Martin, Andrew J"
"17:30:00"	"2020-03-12"	"Cheltenham"	"One Style (FR)"	"33.00"	"88.18"	"Handicap Chase"	"F"	"23"	"Turner, Miss L M"	"Williams, Miss Venetia"
"17:30:00"	"2020-03-12"	"Cheltenham"	"Like The Sound (FR)"	"66.00"	"280"	"Handicap Chase"	"PU"	"23"	"King, Mr James"	"Mann, C J"
"16:10:00"	"2020-03-12"	"Cheltenham"	"Livelovelaugh (IRE)"	"33.00"	"81.79"	"Handicap Chase"	"8"	"23"	"Hayes, Brian"	"Mullins, W P"
"16:10:00"	"2020-03-12"	"Cheltenham"	"Robin Des Foret (IRE)"	"12.00"	"16.5"	"Handicap Chase"	"12"	"23"	"Townend, P"	"Mullins, W P"
"16:10:00"	"2020-03-12"	"Cheltenham"	"Imperial Presence (IRE)"	"66.00"	"219.27"	"Handicap Chase"	"F"	"23"	"Best, J A"	"Hobbs, P J / White, J"
"14:50:00"	"2020-03-10"	"Cheltenham"	"Big River (IRE)"	"20.00"	"35.17"	"Handicap Chase"	"5"	"23"	"Fox, Derek R"	"Russell, Miss Lucinda V"
"14:50:00"	"2020-03-10"	"Cheltenham"	"Vintage Clouds (IRE)"	"28.00"	"48"	"Handicap Chase"	"8"	"23"	"Mania, Ryan"	"Smith, Mrs S J"
"14:50:00"	"2020-03-10"	"Cheltenham"	"Townshend (GER)"	"40.00"	"130.39"	"Handicap Chase"	"PU"	"23"	"Neild, Jamie"	"Twiston-Davies, N A"
"14:50:00"	"2020-03-10"	"Cheltenham"	"Ice Cool Champs (IRE)"	"100.00"	"177.87"	"Handicap Chase"	"PU"	"23"	"Wedge, Adam"	"Lee, Miss Kerry"
"19:20:00"	"2019-07-31"	"Galway"	"Ravenhill (IRE)"	"20.00"	"23.29"	"Handicap Chase"	"5"	"22"	"Burke, Jonathan"	"Elliott, Gordon"
"19:20:00"	"2019-07-31"	"Galway"	"Modus"	"20.00"	"35.71"	"Handicap Chase"	"6"	"22"	"Cobden, Harry"	"Nicholls, P F"
"19:20:00"	"2019-07-31"	"Galway"	"Heron Heights (IRE)"	"25.00"	"41.4"	"Handicap Chase"	"PU"	"22"	"Power, R M"	"Bromhead, Henry De"
"17:00:00"	"2019-04-22"	"Fairyhouse"	"Minella Rocco (IRE)"	"28.00"	"60.31"	"Handicap Chase"	"PU"	"30"	"OConnor, Derek"	"ONeill, Jonjo and AJ"
"15:35:00"	"2019-04-13"	"Ayr"	"Crosspark"	"10.00"	"12.77"	"Handicap Chase"	"2"	"23"	"Skelton, Harry"	"Bailey, Mrs Caroline"
"15:35:00"	"2019-04-13"	"Ayr"	"Red Infantry (IRE)"	"40.00"	"60"	"Handicap Chase"	"7"	"23"	"OBrien, T J"	"Williams, Ian"
"15:35:00"	"2019-04-13"	"Ayr"	"Impulsive Star (IRE)"	"12.00"	"15"	"Handicap Chase"	"PU"	"23"	"Waley-Cohen, Mr S"	"Mulholland, N P"
"15:35:00"	"2019-04-13"	"Ayr"	"Sizing Codelco (IRE)"	"33.00"	"46"	"Handicap Chase"	"PU"	"23"	"Cobden, Harry"	"Tizzard, C L"
"15:35:00"	"2019-04-13"	"Ayr"	"Cogry"	"16.00"	"30"	"Handicap Chase"	"UR"	"23"	"Twiston-Davies, Sam"	"Twiston-Davies, N A"
"16:05:00"	"2019-04-05"	"Aintree"	"Sub Lieutenant (IRE)"	"25.00"	"34"	"Handicap Chase"	"2"	"27"	"Blackmore, Rachael"	"Bromhead, Henry De"
"16:05:00"	"2019-04-05"	"Aintree"	"Doitforthevillage (IRE)"	"25.00"	"48"	"Handicap Chase"	"3"	"27"	"OBrien, T J"	"Henderson, P"
"16:05:00"	"2019-04-05"	"Aintree"	"Double Shuffle (IRE)"	"33.00"	"75.94"	"Handicap Chase"	"12"	"27"	"Burke, Jonathan"	"George, T R"
"16:05:00"	"2019-04-05"	"Aintree"	"Activial (FR)"	"16.00"	"21.93"	"Handicap Chase"	"20"	"27"	"Scudamore, Tom"	"George, T R"
"16:05:00"	"2019-04-04"	"Aintree"	"Just Cause (IRE)"	"100.00"	"336.09"	"Hunters Chase"	"10"	"27"	"Andrews, Jack"	"Owen, J P"
"15:35:00"	"2019-03-16"	"Uttoxeter"	"Potters Corner (IRE)"	"20.00"	"50"	"Handicap Chase"	"1"	"19"	"Bowen, James C"	"Williams, Christian"
"15:35:00"	"2019-03-16"	"Uttoxeter"	"Get On The Yager"	"12.00"	"16"	"Handicap Chase"	"3"	"19"	"Skelton, Harry"	"Skelton, Daniel"
"15:35:00"	"2019-03-16"	"Uttoxeter"	"Dawson City"	"12.00"	"16.5"	"Handicap Chase"	"5"	"19"	"Bellamy, Tom"	"Gundry, Miss Polly"
"15:35:00"	"2019-03-16"	"Uttoxeter"	"Jetstream Jack (IRE)"	"66.00"	"125.83"	"Handicap Chase"	"PU"	"19"	"Brace, Connor"	"Leech, Mrs S"
"15:35:00"	"2019-03-16"	"Uttoxeter"	"Smooth Stepper"	"50.00"	"112.83"	"Handicap Chase"	"PU"	"19"	"Gethings, Ciaran"	"Hales, A M"
"16:10:00"	"2019-03-15"	"Cheltenham"	"Road To Rome (IRE)"	"7.00"	"9.2"	"Hunters Chase"	"4"	"24"	"Waley-Cohen, Mr S"	"OShea, J J"
"17:30:00"	"2019-03-14"	"Cheltenham"	"Ah Littleluck (IRE)"	"50.00"	"116.24"	"Handicap Chase"	"11"	"23"	"McParlan, Mr N"	"Gibney, Thomas"
"16:10:00"	"2019-03-14"	"Cheltenham"	"Some Buckle (IRE)"	"66.00"	"182.4"	"Handicap Chase"	"9"	"22"	"Bannister, Harry A A"	"Bandey, R J"
"16:10:00"	"2019-03-14"	"Cheltenham"	"Polidam (FR)"	"33.00"	"94.04"	"Handicap Chase"	"13"	"22"	"Townend, P"	"Mullins, W P"
"16:10:00"	"2019-03-14"	"Cheltenham"	"Gardefort (FR)"	"28.00"	"80"	"Handicap Chase"	"PU"	"22"	"Nugent, Hugh F"	"Williams, Miss Venetia"
"14:50:00"	"2019-03-12"	"Cheltenham"	"Vintage Clouds (IRE)"	"16.00"	"21"	"Handicap Chase"	"2"	"24"	"Cook, Danny"	"Smith, Mrs S J"
"14:50:00"	"2019-03-12"	"Cheltenham"	"Lake View Lad (IRE)"	"25.00"	"32"	"Handicap Chase"	"3"	"24"	"Brooke, Henry"	"Alexander, N W"
"14:50:00"	"2019-03-12"	"Cheltenham"	"Big River (IRE)"	"28.00"	"45.84"	"Handicap Chase"	"4"	"24"	"Fox, Derek R"	"Russell, Miss Lucinda V"
"14:50:00"	"2019-03-12"	"Cheltenham"	"Activial (FR)"	"40.00"	"85"	"Handicap Chase"	"6"	"24"	"Scudamore, Tom"	"George, T R"
"14:50:00"	"2019-03-12"	"Cheltenham"	"Noble Endeavor (IRE)"	"14.00"	"16"	"Handicap Chase"	"10"	"24"	"Russell, D N"	"Elliott, Gordon"
"14:50:00"	"2019-03-12"	"Cheltenham"	"Sizing Codelco (IRE)"	"66.00"	"189.32"	"Handicap Chase"	"PU"	"24"	"OBrien, T J"	"Tizzard, C L"
"14:50:00"	"2019-03-12"	"Cheltenham"	"Calipto (FR)"	"14.00"	"21.02"	"Handicap Chase"	"PU"	"24"	"Deutsch, Charlie"	"Williams, Miss Venetia"
"20:25:00"	"2018-05-04"	"Cheltenham"	"Lined With Silver (IRE)"	"100.00"	"540"	"Hunters Chase"	"10"	"19"	"Jeavons, James"	"Taylor, Miss Hannah"
"20:25:00"	"2018-05-04"	"Cheltenham"	"Ni Sin E Mo Ainm (IRE)"	"50.00"	"65"	"Hunters Chase"	"15"	"19"	"Bell, Miss A"	"Bell, Miss Alexandra"
"20:25:00"	"2018-05-04"	"Cheltenham"	"Red Inca"	"100.00"	"561.26"	"Hunters Chase"	"17"	"19"	"Burton, Sam"	"Rutledge, Con"
"17:00:00"	"2018-04-28"	"Punchestown"	"Wounded Warrior (IRE)"	"20.00"	"32.24"	"Handicap Chase"	"1"	"19"	"Flanagan, S W"	"Meade, Noel"
"15:35:00"	"2018-04-28"	"Sandown"	"Relentless Dreamer (IRE)"	"33.00"	"45.44"	"Handicap Chase"	"4"	"20"	"Wedge, Adam"	"Curtis, Miss Rebecca"
"15:35:00"	"2018-04-28"	"Sandown"	"Regal Encore (IRE)"	"16.00"	"24"	"Handicap Chase"	"PU"	"20"	"McLernon, R P"	"Honeyball, A J"
"16:05:00"	"2018-04-21"	"Ayr"	"Joe Farrell (IRE)"	"33.00"	"50"	"Handicap Chase"	"1"	"29"	"Wedge, Adam"	"Curtis, Miss Rebecca"
"16:05:00"	"2018-04-21"	"Ayr"	"Looking Well (IRE)"	"16.00"	"26.48"	"Handicap Chase"	"PU"	"29"	"Day, Ryan D"	"Richards, N G"
"16:05:00"	"2018-04-21"	"Ayr"	"Cogry"	"25.00"	"60"	"Handicap Chase"	"PU"	"29"	"Bargary, J P"	"Twiston-Davies, N A"
"16:05:00"	"2018-04-21"	"Ayr"	"Straidnahanna (IRE)"	"66.00"	"180"	"Handicap Chase"	"PU"	"29"	"Brooke, Henry"	"Smith, Mrs S J"
"16:05:00"	"2018-04-13"	"Aintree"	"Shanahans Turn (IRE)"	"14.00"	"18.33"	"Handicap Chase"	"2"	"27"	"Power, R M"	"Tizzard, C L"
"16:05:00"	"2018-04-13"	"Aintree"	"Greybougg"	"66.00"	"120"	"Handicap Chase"	"PU"	"27"	"OFarrell, C"	"Hawke, N J"
"16:05:00"	"2018-04-13"	"Aintree"	"Bigbadjohn (IRE)"	"14.00"	"19"	"Handicap Chase"	"UR"	"27"	"Bargary, J P"	"Twiston-Davies, N A"
"16:05:00"	"2018-04-12"	"Aintree"	"Lilbitluso (IRE)"	"100.00"	"218.44"	"Hunters Chase"	"F"	"21"	"Crow, Mr G"	"OShea, J J"
"16:05:00"	"2018-04-12"	"Aintree"	"Curraigflemens (IRE)"	"66.00"	"212.11"	"Hunters Chase"	"PU"	"21"	"Collinson, Mr Richard"	"Kemp, D J"
"16:05:00"	"2018-04-12"	"Aintree"	"Eddies Miracle (IRE)"	"16.00"	"28.22"	"Hunters Chase"	"UR"	"21"	"ONeill, Mr B"	"Christie, D M"
"16:05:00"	"2018-04-12"	"Aintree"	"Warden Hill (IRE)"	"50.00"	"63.65"	"Hunters Chase"	"UR"	"21"	"Chatfeild-Roberts, Mr T"	"Connors, Mrs H"
"16:05:00"	"2018-04-12"	"Aintree"	"Winged Crusader (IRE)"	"66.00"	"233.98"	"Hunters Chase"	"UR"	"21"	"Waugh, Amie"	"Waugh, Miss A"
"17:00:00"	"2018-04-02"	"Fairyhouse"	"General Principle (IRE)"	"20.00"	"28.23"	"Handicap Chase"	"1"	"30"	"Slevin, J J"	"Elliott, Gordon"
"16:10:00"	"2018-03-16"	"Cheltenham"	"Virak (FR)"	"14.00"	"20.13"	"Hunters Chase"	"13"	"24"	"Williams, Lorcan"	"Nicholls, P F"
"16:10:00"	"2018-03-16"	"Cheltenham"	"Warden Hill (IRE)"	"100.00"	"437.61"	"Hunters Chase"	"15"	"24"	"Chatfeild-Roberts, Mr T"	"Connors, Mrs H"
"16:10:00"	"2018-03-16"	"Cheltenham"	"Wonderful Charm (FR)"	"5.50"	"7.4"	"Hunters Chase"	"PU"	"24"	"Waley-Cohen, Mr S"	"Nicholls, P F"
"17:30:00"	"2018-03-15"	"Cheltenham"	"Final Nudge (IRE)"	"12.00"	"15.67"	"Handicap Chase"	"9"	"20"	"ONeill, Mr B"	"Dennis, David"
"17:30:00"	"2018-03-15"	"Cheltenham"	"Wild West Wind (IRE)"	"25.00"	"42.53"	"Handicap Chase"	"UR"	"20"	"George, Mr N"	"George, T R"
"16:10:00"	"2018-03-15"	"Cheltenham"	"Shanahans Turn (IRE)"	"50.00"	"84.64"	"Handicap Chase"	"9"	"22"	"Obrien, P V"	"Tizzard, C L"
"16:10:00"	"2018-03-15"	"Cheltenham"	"Ultragold (FR)"	"66.00"	"140"	"Handicap Chase"	"13"	"22"	"Cobden, Harry"	"Tizzard, C L"
"16:10:00"	"2018-03-15"	"Cheltenham"	"Ballybolley (IRE)"	"40.00"	"65.37"	"Handicap Chase"	"14"	"22"	"Jacob, Daryl"	"Twiston-Davies, N A"
"18:15:00"	"2017-08-04"	"Galway"	"Top Of The Town (IRE)"	"20.00"	"49.08"	"Handicap Chase"	"15"	"19"	"Enright, M A"	"Byrnes, C"
"17:35:00"	"2017-08-02"	"Galway"	"Ballycasey (IRE)"	"20.00"	"40.36"	"Handicap Chase"	"11"	"22"	"Mullins, Mr P W"	"Mullins, W P"
"17:35:00"	"2017-08-02"	"Galway"	"Sadlers Risk (IRE)"	"33.00"	"158.7"	"Handicap Chase"	"12"	"22"	"Lynch, A E"	"Bromhead, Henry De"
"15:30:00"	"2017-07-02"	"Uttoxeter"	"Tempestatefloresco"	"12.00"	"16.43"	"Handicap Chase"	"1"	"20"	"Cobden, Harry"	"Tizzard, C L"
"15:10:00"	"2017-04-29"	"Punchestown"	"Dare To Endeavour"	"50.00"	"109.79"	"Handicap Chase"	"PU"	"19"	"Mullins, David"	"McNamara, E"
"15:55:00"	"2017-04-22"	"Ayr"	"Lessons In Milan (IRE)"	"40.00"	"50"	"Handicap Chase"	"5"	"30"	"McGrath, Jeremiah"	"Henderson, N J"
"15:55:00"	"2017-04-22"	"Ayr"	"Blakemount (IRE)"	"25.00"	"52.27"	"Handicap Chase"	"6"	"30"	"Brooke, Henry"	"Smith, Mrs S J"
"16:05:00"	"2017-04-07"	"Aintree"	"Ultragold (FR)"	"50.00"	"94.51"	"Handicap Chase"	"1"	"29"	"Cobden, Harry"	"Tizzard, C L"
"16:05:00"	"2017-04-06"	"Aintree"	"Balnaslow (IRE)"	"7.00"	"8.46"	"Hunters Chase"	"2"	"28"	"OConnor, Derek"	"McKeever, Graham John"
"16:05:00"	"2017-04-06"	"Aintree"	"Pacha Du Polder (FR)"	"5.50"	"7.08"	"Hunters Chase"	"4"	"28"	"Frost, Bryony"	"Nicholls, P F"
"16:05:00"	"2017-04-06"	"Aintree"	"Mr Mercurial (IRE)"	"16.00"	"22.88"	"Hunters Chase"	"8"	"28"	"Biddick, Mr W"	"Crow, Mrs Sheila"
"16:05:00"	"2017-04-06"	"Aintree"	"Damiens Dilemma (IRE)"	"150.00"	"568.35"	"Hunters Chase"	"13"	"28"	"Orpwood, Nick"	"Coltherd, Mrs L A"
"16:05:00"	"2017-04-06"	"Aintree"	"Black Thunder (FR)"	"20.00"	"30"	"Hunters Chase"	"F"	"28"	"Waley-Cohen, Mr S"	"Greatrex, W J"
"16:05:00"	"2017-04-06"	"Aintree"	"Decade Player (IRE)"	"100.00"	"540.88"	"Hunters Chase"	"PU"	"28"	"Peters, Mr D"	"Morgan, Miss Kelly"
"15:35:00"	"2017-03-18"	"Uttoxeter"	"Chase The Spud"	"11.00"	"15.73"	"Handicap Chase"	"1"	"20"	"Brennan, P J"	"OBrien, Fergal"
"15:35:00"	"2017-03-18"	"Uttoxeter"	"Mysteree (IRE)"	"8.00"	"11.18"	"Handicap Chase"	"2"	"20"	"Dunne, R T"	"Scudamore, M J"
"15:35:00"	"2017-03-18"	"Uttoxeter"	"Houblon Des Obeaux (FR)"	"20.00"	"25"	"Handicap Chase"	"4"	"20"	"Bellamy, Tom"	"Williams, Miss Venetia"
"16:10:00"	"2017-03-17"	"Cheltenham"	"Pacha Du Polder (FR)"	"16.00"	"21.18"	"Hunters Chase"	"1"	"23"	"Frost, Bryony"	"Nicholls, P F"
"16:10:00"	"2017-03-17"	"Cheltenham"	"Wonderful Charm (FR)"	"3.50"	"5.23"	"Hunters Chase"	"2"	"23"	"Walsh, Ms K"	"Nicholls, P F"
"16:10:00"	"2017-03-17"	"Cheltenham"	"Grand Jesture (IRE)"	"40.00"	"50"	"Hunters Chase"	"15"	"23"	"Harding, Mr R O"	"Dreaper, J T R"
"16:10:00"	"2017-03-17"	"Cheltenham"	"Dolatulo (FR)"	"66.00"	"310"	"Hunters Chase"	"17"	"23"	"Gittins, Mr D"	"Pauling, Ben"
"16:10:00"	"2017-03-17"	"Cheltenham"	"Premier Portrait (IRE)"	"100.00"	"682.68"	"Hunters Chase"	"18"	"23"	"Levinson, Mr G"	"Levinson, Dr Charles"
"17:30:00"	"2017-03-16"	"Cheltenham"	"Doctor Harper (IRE)"	"14.00"	"22"	"Handicap Chase"	"7"	"24"	"ONeill, Ms Lisa"	"Pipe, D E"
"17:30:00"	"2017-03-16"	"Cheltenham"	"Local Show (IRE)"	"50.00"	"141.4"	"Handicap Chase"	"PU"	"24"	"Greatrex, Thomas"	"Humphrey, Mrs S J"
"17:30:00"	"2017-03-16"	"Cheltenham"	"Potters Cross"	"50.00"	"84.21"	"Handicap Chase"	"PU"	"24"	"ONeill, Mr B"	"Curtis, Miss Rebecca"
"16:10:00"	"2017-03-16"	"Cheltenham"	"Un Ace (FR)"	"25.00"	"36"	"Handicap Chase"	"13"	"24"	"Bass, David"	"Bailey, K C"
"16:10:00"	"2017-03-16"	"Cheltenham"	"Cocktails At Dawn"	"33.00"	"53.57"	"Handicap Chase"	"PU"	"24"	"Boinville, Nico"	"Henderson, N J"
"14:50:00"	"2017-03-14"	"Cheltenham"	"Measureofmydreams (IRE)"	"25.00"	"42"	"Handicap Chase"	"13"	"23"	"Flanagan, S W"	"Meade, Noel"
"17:30:00"	"2016-07-27"	"Galway"	"Its A Gimme (IRE)"	"33.00"	"90.18"	"Handicap Chase"	"15"	"22"	"Madden, N P"	"ONeill, Jonjo and AJ"
"17:30:00"	"2016-07-27"	"Galway"	"The King Of Brega (IRE)"	"20.00"	"43.01"	"Handicap Chase"	"18"	"22"	"Lynch, A E"	"Bromhead, Henry De"
"17:30:00"	"2016-07-27"	"Galway"	"Home Farm (IRE)"	"20.00"	"52"	"Handicap Chase"	"19"	"22"	"Dempsey, Luke"	"Bromhead, Henry De"
"19:35:00"	"2016-04-27"	"Cheltenham"	"Turtle Boys (IRE)"	"100.00"	"706.92"	"Hunters Chase"	"9"	"19"	"Legg, Michael"	"Hiscock , G"
"19:35:00"	"2016-04-27"	"Cheltenham"	"Barlow (IRE)"	"16.00"	"18.23"	"Hunters Chase"	"12"	"19"	"Newman, Mr Joshua"	"Roddick, Miss C"
"19:35:00"	"2016-04-27"	"Cheltenham"	"Karinga Dandy (IRE)"	"100.00"	"257.03"	"Hunters Chase"	"PU"	"19"	"Burton, Sam"	"Keeble, Miss R D"
"16:10:00"	"2016-04-23"	"Sandown"	"Theatre Guide (IRE)"	"11.00"	"16.06"	"Handicap Chase"	"8"	"20"	"Brennan, P J"	"Tizzard, C L"
"16:10:00"	"2016-04-23"	"Sandown"	"Spring Heeled (IRE)"	"20.00"	"29.75"	"Handicap Chase"	"14"	"20"	"OConnell, Mr B T"	"Culloty, J H"
"16:10:00"	"2016-04-16"	"Ayr"	"Royale Knight"	"20.00"	"26.1"	"Handicap Chase"	"4"	"28"	"Powell, Brendan"	"Newland, Dr R D P"
"16:10:00"	"2016-04-16"	"Ayr"	"Shotgun Paddy (IRE)"	"20.00"	"29.14"	"Handicap Chase"	"10"	"28"	"Fehily, Noel"	"Lavelle, Miss E C"
"16:10:00"	"2016-04-16"	"Ayr"	"Highland Lodge (IRE)"	"16.00"	"25.1"	"Handicap Chase"	"PU"	"28"	"Brooke, Henry"	"Moffatt, James"
"16:10:00"	"2016-04-16"	"Ayr"	"Emperors Choice (IRE)"	"40.00"	"98.91"	"Handicap Chase"	"PU"	"28"	"Coleman, A"	"Williams, Miss Venetia"
"16:05:00"	"2016-04-08"	"Aintree"	"Fairy Rath (IRE)"	"25.00"	"36.58"	"Handicap Chase"	"2"	"29"	"Cannon, Tom J"	"Gifford, N J"
"16:05:00"	"2016-04-08"	"Aintree"	"Al Alfa"	"100.00"	"417.5"	"Handicap Chase"	"10"	"29"	"Best, J A"	"Hobbs, P J / White, J"
"16:05:00"	"2016-04-08"	"Aintree"	"Village Vic (IRE)"	"10.00"	"15"	"Handicap Chase"	"13"	"29"	"Johnson, Richard"	"Hobbs, P J / White, J"
"16:05:00"	"2016-04-08"	"Aintree"	"Ruben Cotter (IRE)"	"20.00"	"28"	"Handicap Chase"	"14"	"29"	"Scholfield, Nick"	"Nicholls, P F"
"16:05:00"	"2016-04-08"	"Aintree"	"Dare To Endeavour"	"25.00"	"38.39"	"Handicap Chase"	"15"	"29"	"Moloney, Paul"	"McNamara, E"
"16:05:00"	"2016-04-08"	"Aintree"	"Corrin Wood (IRE)"	"40.00"	"66.75"	"Handicap Chase"	"PU"	"29"	"Kennedy, W T"	"McCain Jnr, D"
"16:05:00"	"2016-04-08"	"Aintree"	"Witness In Court (IRE)"	"50.00"	"208.58"	"Handicap Chase"	"UR"	"29"	"Hutchinson, Wayne"	"McCain Jnr, D"
"16:05:00"	"2016-04-07"	"Aintree"	"Mendip Express (IRE)"	"11.00"	"13.98"	"Hunters Chase"	"3"	"22"	"Maxwell, David"	"Hobbs, P J / White, J"
"16:05:00"	"2016-04-07"	"Aintree"	"Pacha Du Polder (FR)"	"3.00"	"4.3"	"Hunters Chase"	"6"	"22"	"Biddick, Mr W"	"Nicholls, P F"
"16:05:00"	"2016-04-07"	"Aintree"	"Marasonnien (FR)"	"7.00"	"9.43"	"Hunters Chase"	"PU"	"22"	"Mullins, Mr P W"	"Mullins, W P"
"16:05:00"	"2016-04-07"	"Aintree"	"Daymar Bay (IRE)"	"40.00"	"83.45"	"Hunters Chase"	"PU"	"22"	"Wright, Mr A"	"Thomas, Gareth"
"16:05:00"	"2016-04-07"	"Aintree"	"Bound For Glory (IRE)"	"66.00"	"236.67"	"Hunters Chase"	"UR"	"22"	"Lewis, Miss H"	"Fitch-Peyton, David M G"
"17:00:00"	"2016-03-28"	"Fairyhouse"	"Bearly Legal (IRE)"	"40.00"	"77.13"	"Handicap Chase"	"5"	"27"	"Meyler, D"	"Thornton, Karl"
"17:00:00"	"2016-03-28"	"Fairyhouse"	"Russe Blanc (FR)"	"25.00"	"43.92"	"Handicap Chase"	"PU"	"27"	"Poste, Charlie"	"Lee, Miss Kerry"
"17:00:00"	"2016-03-28"	"Fairyhouse"	"Living Next Door (IRE)"	"20.00"	"31.61"	"Handicap Chase"	"PU"	"27"	"ORegan, Denis"	"Martin, A J"
"17:00:00"	"2016-03-28"	"Fairyhouse"	"Jarob"	"33.00"	"38.96"	"Handicap Chase"	"PU"	"27"	"Dempsey, Luke"	"Lynch, Andrew"
"17:30:00"	"2016-03-17"	"Cheltenham"	"Ericht (IRE)"	"33.00"	"67.53"	"Handicap Chase"	"PU"	"22"	"Lavery, Mr D G"	"Henderson, N J"
"16:10:00"	"2016-03-17"	"Cheltenham"	"Empire Of Dirt (IRE)"	"16.00"	"24"	"Handicap Chase"	"1"	"22"	"Cooper, Bryan J"	"Murphy, C A"
"16:10:00"	"2016-03-17"	"Cheltenham"	"Baily Green (IRE)"	"33.00"	"64.42"	"Handicap Chase"	"10"	"22"	"Enright, M A"	"Morris, M F"
"16:10:00"	"2016-03-17"	"Cheltenham"	"Bears Affair (IRE)"	"40.00"	"102.11"	"Handicap Chase"	"BD"	"22"	"Carberry, Peter"	"Henderson, N J"
"14:50:00"	"2016-03-15"	"Cheltenham"	"Kruzhlinin (GER)"	"9.00"	"11.93"	"Handicap Chase"	"5"	"23"	"Johnson, Richard"	"Hobbs, P J / White, J"
"14:50:00"	"2016-03-15"	"Cheltenham"	"Theatre Guide (IRE)"	"14.00"	"17.05"	"Handicap Chase"	"F"	"23"	"Brennan, P J"	"Tizzard, C L"
"18:15:00"	"2015-07-31"	"Galway"	"Run With The Wind (IRE)"	"20.00"	"31"	"Handicap Chase"	"15"	"20"	"Buchanan, Peter"	"Crawford, S R B"
"18:15:00"	"2015-07-31"	"Galway"	"Kashline (IRE)"	"33.00"	"162.46"	"Handicap Chase"	"17"	"20"	"Power, R M"	"Bowe, Colin"
"17:30:00"	"2015-07-29"	"Galway"	"Perfect Gentleman (IRE) (OLD)"	"25.00"	"34.66"	"Handicap Chase"	"7"	"22"	"Casey, D J"	"Mullins, W P"
"17:30:00"	"2015-07-29"	"Galway"	"Savello (IRE)"	"20.00"	"42"	"Handicap Chase"	"8"	"22"	"Mullins, David"	"Martin, A J"
"17:30:00"	"2015-07-29"	"Galway"	"Boston Bob (IRE)"	"16.00"	"22.5"	"Handicap Chase"	"13"	"22"	"Mullins, Mr P W"	"Mullins, W P"
"17:30:00"	"2015-07-29"	"Galway"	"Colour Squadron (IRE)"	"12.00"	"18.53"	"Handicap Chase"	"F"	"22"	"McNamara, Andrew J"	"Bolger, E"
"17:30:00"	"2015-07-29"	"Galway"	"Make A Track (IRE)"	"16.00"	"23.58"	"Handicap Chase"	"UR"	"22"	"Fogarty, M P"	"Elliott, Gordon"
"15:50:00"	"2015-04-25"	"Sandown"	"Guess Again (IRE)"	"12.00"	"13.51"	"Handicap Chase"	"5"	"20"	"Townend, P"	"Martin, A J"
"15:50:00"	"2015-04-25"	"Sandown"	"Bobs Worth (IRE)"	"10.00"	"10.85"	"Handicap Chase"	"11"	"20"	"Boinville, Nico"	"Henderson, N J"
"15:45:00"	"2015-04-18"	"Ayr"	"Benbens (IRE)"	"33.00"	"45.79"	"Handicap Chase"	"3"	"29"	"Bargary, J P"	"Twiston-Davies, N A"
"15:45:00"	"2015-04-18"	"Ayr"	"Carli King (IRE)"	"25.00"	"43.3"	"Handicap Chase"	"PU"	"29"	"Pogson, Adam"	"Bailey, Mrs Caroline"
"15:45:00"	"2015-04-18"	"Ayr"	"Global Power (IRE)"	"33.00"	"52.03"	"Handicap Chase"	"PU"	"29"	"Aspell, Leighton"	"Sherwood, O"
"15:45:00"	"2015-04-18"	"Ayr"	"Wiesentraum (GER)"	"66.00"	"223.81"	"Handicap Chase"	"PU"	"29"	"Boinville, Nico"	"Wadham, Mrs L"
"15:45:00"	"2015-04-18"	"Ayr"	"Trustan Times (IRE)"	"11.00"	"14.66"	"Handicap Chase"	"PU"	"29"	"Reveley, James"	"Easterby, T D"
"15:45:00"	"2015-04-18"	"Ayr"	"Vintage Star (IRE)"	"33.00"	"50"	"Handicap Chase"	"PU"	"29"	"Skelton, Harry"	"Smith, Mrs S J"
"15:45:00"	"2015-04-18"	"Ayr"	"Milborough (IRE)"	"25.00"	"37.27"	"Handicap Chase"	"UR"	"29"	"Watters, Mr G B"	"Duncan, I A"
"16:05:00"	"2015-04-10"	"Aintree"	"Fairy Rath (IRE)"	"25.00"	"32.12"	"Handicap Chase"	"2"	"30"	"Cannon, Tom J"	"Gifford, N J"
"16:05:00"	"2015-04-10"	"Aintree"	"Hunt Ball (IRE)"	"25.00"	"42.42"	"Handicap Chase"	"4"	"30"	"Tinkler, Andrew"	"Henderson, N J"
"16:05:00"	"2015-04-10"	"Aintree"	"Ruben Cotter (IRE)"	"8.00"	"11.5"	"Handicap Chase"	"5"	"30"	"Twiston-Davies, Sam"	"Nicholls, P F"
"16:05:00"	"2015-04-10"	"Aintree"	"Bobcatbilly (IRE)"	"50.00"	"106.36"	"Handicap Chase"	"7"	"30"	"Kennedy, W T"	"Williams, Ian"
"16:05:00"	"2015-04-10"	"Aintree"	"Sew On Target (IRE)"	"50.00"	"115.9"	"Handicap Chase"	"8"	"30"	"Powell, Brendan"	"Tizzard, C L"
"16:05:00"	"2015-04-10"	"Aintree"	"Darna"	"20.00"	"32.18"	"Handicap Chase"	"BD"	"30"	"Bass, David"	"Bailey, K C"
"16:05:00"	"2015-04-10"	"Aintree"	"Ballygarvey (FR)"	"50.00"	"83.61"	"Handicap Chase"	"UR"	"30"	"OBrien, T J"	"Hobbs, P J / White, J"
"16:05:00"	"2015-04-10"	"Aintree"	"Deciding Moment (IRE)"	"66.00"	"189.4"	"Handicap Chase"	"UR"	"30"	"Doyle, Jack"	"Haan, B De"
"16:05:00"	"2015-04-09"	"Aintree"	"On The Fringe (IRE)"	"2.50"	"4.44"	"Hunters Chase"	"1"	"29"	"Carberry, Miss N"	"Bolger, E"
"16:05:00"	"2015-04-09"	"Aintree"	"Bound For Glory (IRE)"	"40.00"	"45.76"	"Hunters Chase"	"5"	"29"	"Lewis, Miss H"	"Fitch-Peyton, David M G"
"16:05:00"	"2015-04-09"	"Aintree"	"Twirling Magnet (IRE)"	"14.00"	"18.3"	"Hunters Chase"	"6"	"29"	"OBrien, Mr T M"	"ONeill, Jonjo and AJ"
"16:05:00"	"2015-04-09"	"Aintree"	"Brunswick Gold (IRE)"	"100.00"	"523.7"	"Hunters Chase"	"11"	"29"	"Robinson, Mr Stuart"	"Grissell, Miss Rose"
"16:05:00"	"2015-04-09"	"Aintree"	"Rouge Et Blanc (FR)"	"40.00"	"83.03"	"Hunters Chase"	"12"	"29"	"Bannister, Harry A A"	"Sherwood, O"
"16:05:00"	"2015-04-09"	"Aintree"	"Soleil Davril (FR)"	"100.00"	"380.47"	"Hunters Chase"	"15"	"29"	"Easterby, William"	"Easterby, Mrs Sarah"
"17:00:00"	"2015-04-06"	"Fairyhouse"	"Cantlow (IRE)"	"12.00"	"19.09"	"Handicap Chase"	"6"	"28"	"McCoy, A P"	"Webber, P R"
"17:00:00"	"2015-04-06"	"Fairyhouse"	"Rivage DOr (FR)"	"25.00"	"40.11"	"Handicap Chase"	"9"	"28"	"Shortall, Shane"	"Martin, A J"
"17:00:00"	"2015-04-06"	"Fairyhouse"	"Alpha Victor (IRE)"	"40.00"	"80"	"Handicap Chase"	"REF"	"28"	"Buchanan, Peter"	"Kinsey, W R"
"16:40:00"	"2015-03-12"	"Cheltenham"	"Buddy Bolero (IRE)"	"20.00"	"26"	"Handicap Chase"	"3"	"24"	"Power, Mr K E"	"Martin, A J"
"16:40:00"	"2015-03-12"	"Cheltenham"	"Masters Hill (IRE)"	"14.00"	"17.01"	"Handicap Chase"	"UR"	"24"	"Bannister, Harry A A"	"Tizzard, C L"
"16:40:00"	"2015-03-12"	"Cheltenham"	"Benbens (IRE)"	"16.00"	"20.93"	"Handicap Chase"	"UR"	"24"	"Clements, Mr S"	"Twiston-Davies, N A"
"16:00:00"	"2015-03-12"	"Cheltenham"	"Darna"	"33.00"	"50"	"Handicap Chase"	"1"	"23"	"Bass, David"	"Bailey, K C"
"16:00:00"	"2015-03-12"	"Cheltenham"	"Monetaire (FR)"	"5.50"	"9.5"	"Handicap Chase"	"2"	"23"	"Scudamore, Tom"	"Pipe, D E"
"16:00:00"	"2015-03-12"	"Cheltenham"	"Make A Track (IRE)"	"16.00"	"18.12"	"Handicap Chase"	"9"	"23"	"Cooper, Bryan J"	"Elliott, Gordon"
"16:00:00"	"2015-03-12"	"Cheltenham"	"Klepht (IRE)"	"50.00"	"113.89"	"Handicap Chase"	"12"	"23"	"Mullins, David"	"Mullins, Thomas"
"16:00:00"	"2015-03-12"	"Cheltenham"	"Filbert (IRE)"	"33.00"	"45.17"	"Handicap Chase"	"19"	"23"	"Johnson, Richard"	"Hobbs, P J / White, J"
"17:30:00"	"2014-07-30"	"Galway"	"Lord Ben (IRE)"	"33.00"	"46.07"	"Handicap Chase"	"5"	"22"	"Hayes, Brian"	"Bromhead, Henry De"
"17:30:00"	"2014-07-30"	"Galway"	"Wise Old Owl (IRE)"	"12.00"	"19.51"	"Handicap Chase"	"10"	"22"	"Walsh, M P"	"Kiely, J E and Thomas"
"18:50:00"	"2014-06-04"	"Punchestown"	"Aces And Kings (IRE)"	"5.00"	"6.89"	"Handicap Chase"	"5"	"22"	"Lynch, A E"	"Newman, W"
"18:50:00"	"2014-06-04"	"Punchestown"	"Forty Foot Tom"	"16.00"	"38"	"Handicap Chase"	"6"	"22"	"McNamara, Andrew J"	"Miley, Daniel"
"18:50:00"	"2014-06-04"	"Punchestown"	"Fiery Oscar (IRE)"	"16.00"	"28"	"Handicap Chase"	"8"	"22"	"Kennedy, PAddy D"	"Sweeney, Rodger"
"18:50:00"	"2014-06-04"	"Punchestown"	"Fourth Class (IRE)"	"33.00"	"77.56"	"Handicap Chase"	"15"	"22"	"Enright, P T"	"Bromhead, Henry De"
"15:50:00"	"2014-04-26"	"Sandown"	"Burton Port (IRE)"	"8.00"	"10.3"	"Handicap Chase"	"2"	"19"	"McCoy, A P"	"ONeill, Jonjo and AJ"
"15:50:00"	"2014-04-26"	"Sandown"	"Rose Of The Moon (IRE)"	"20.00"	"38.65"	"Handicap Chase"	"PU"	"19"	"Greenall, Mr Jake"	"OMeara, D"
"18:05:00"	"2014-04-21"	"Fairyhouse"	"Rivage DOr (FR)"	"33.00"	"71.72"	"Handicap Chase"	"14"	"22"	"Enright, M A"	"Hughes, D T"
"18:05:00"	"2014-04-21"	"Fairyhouse"	"Allee Garde (FR)"	"33.00"	"120"	"Handicap Chase"	"PU"	"22"	"OConnell, Mr E J"	"Hogan, T"
"18:05:00"	"2014-04-21"	"Fairyhouse"	"Baresi (IRE)"	"16.00"	"28"	"Handicap Chase"	"PU"	"22"	"Colgan, R C"	"Byrnes, C"
"18:05:00"	"2014-04-21"	"Fairyhouse"	"Fernhurst Lad (IRE)"	"33.00"	"52.12"	"Handicap Chase"	"PU"	"22"	"Lynch, A E"	"Martin, A J"
"17:00:00"	"2014-04-21"	"Fairyhouse"	"Cantlow (IRE)"	"40.00"	"63.89"	"Handicap Chase"	"8"	"26"	"McNamara, Andrew J"	"Webber, P R"
"17:00:00"	"2014-04-21"	"Fairyhouse"	"Oscars Well (IRE)"	"50.00"	"70.08"	"Handicap Chase"	"PU"	"26"	"Ferris, M J"	"Martin, A J"
"15:15:00"	"2014-04-19"	"Haydock"	"Sunny Ledgend"	"20.00"	"27.2"	"Handicap Chase"	"14"	"19"	"Martin, James"	"Martin, Andrew J"
"15:15:00"	"2014-04-19"	"Haydock"	"Tiptoeaway (IRE)"	"20.00"	"29.35"	"Handicap Chase"	"F"	"19"	"Cook, Danny"	"Easterby, T D"
"15:50:00"	"2014-04-12"	"Ayr"	"Al Co (FR)"	"40.00"	"61.13"	"Handicap Chase"	"1"	"29"	"Moore, Jamie"	"Bowen, Peter / Michael"
"15:50:00"	"2014-04-12"	"Ayr"	"Roalco De Farges (FR)"	"9.00"	"12"	"Handicap Chase"	"PU"	"29"	"Johnson, Richard"	"Hobbs, P J / White, J"
"15:50:00"	"2014-04-12"	"Ayr"	"Rigadin de Beauchene (FR)"	"28.00"	"46.62"	"Handicap Chase"	"PU"	"29"	"Dunne, R T"	"Williams, Miss Venetia"
"16:55:00"	"2014-04-06"	"Fairyhouse"	"Coole Avenue (IRE)"	"25.00"	"46"	"Handicap Chase"	"BD"	"19"	"Fox, Mr G N"	"Cooper, Thomas"
"15:40:00"	"2014-04-04"	"Aintree"	"Soll"	"25.00"	"29.8"	"Handicap Chase"	"11"	"30"	"Grant, Mark"	"Hughes, Jo"
"15:40:00"	"2014-04-04"	"Aintree"	"Doeslessthanme (IRE)"	"33.00"	"80"	"Handicap Chase"	"F"	"30"	"Challoner, Mr Harry"	"Ford, R"
"15:40:00"	"2014-04-04"	"Aintree"	"Giorgio Quercus (FR)"	"20.00"	"42"	"Handicap Chase"	"F"	"30"	"Bass, David"	"Henderson, N J"
"15:40:00"	"2014-04-04"	"Aintree"	"Bishopsfurze (IRE)"	"40.00"	"47.04"	"Handicap Chase"	"F"	"30"	"Fogarty, M P"	"Mullins, W P"
"15:40:00"	"2014-04-04"	"Aintree"	"Tahiti Pearl (IRE)"	"25.00"	"48.3"	"Handicap Chase"	"UR"	"30"	"Mania, Ryan"	"Smith, Mrs S J"
"15:40:00"	"2014-04-04"	"Aintree"	"Viva Colonia (IRE)"	"33.00"	"82.4"	"Handicap Chase"	"UR"	"30"	"Cook, Danny"	"Ellison, B"
"15:40:00"	"2014-04-03"	"Aintree"	"Warne (IRE)"	"3.50"	"5.41"	"Hunters Chase"	"1"	"21"	"Waley-Cohen, Mr S"	"Hamilton, B R"
"15:40:00"	"2014-04-03"	"Aintree"	"Himalayan Express"	"100.00"	"192.94"	"Hunters Chase"	"8"	"21"	"Martin, James"	"Plunkett, Mrs David"
"16:40:00"	"2014-03-13"	"Cheltenham"	"Quinz (FR)"	"28.00"	"40.78"	"Handicap Chase"	"12"	"23"	"Smith, Mr C"	"Hobbs, P J / White, J"
"16:40:00"	"2014-03-13"	"Cheltenham"	"Lost Glory (NZ)"	"50.00"	"133.28"	"Handicap Chase"	"PU"	"23"	"Walton, Mr M"	"ONeill, Jonjo and AJ"
"16:40:00"	"2014-03-13"	"Cheltenham"	"Theres No Panic (IRE)"	"20.00"	"27.14"	"Handicap Chase"	"PU"	"23"	"Biddick, Mr W"	"Nicholls, P F"
"17:30:00"	"2013-07-31"	"Galway"	"Majestic Concorde (IRE)"	"12.00"	"31.3"	"Handicap Chase"	"15"	"22"	"Maguire, Jason"	"Weld, D K"
"17:30:00"	"2013-07-31"	"Galway"	"The Disengager (IRE)"	"20.00"	"37.71"	"Handicap Chase"	"20"	"22"	"Johnson, Richard"	"Hobbs, P J / White, J"
"19:50:00"	"2013-05-01"	"Cheltenham"	"Charles Bruce (IRE)"	"100.00"	"305.99"	"Hunters Chase"	"1"	"19"	"Deutsch, Charlie"	"Campbell, A"
"19:50:00"	"2013-05-01"	"Cheltenham"	"The Rubber Man (IRE)"	"80.00"	"166.38"	"Hunters Chase"	"16"	"19"	"Jarrett, Mr R"	"Hanly, Patrick J"
"15:50:00"	"2013-04-27"	"Sandown"	"Quentin Collonges (FR)"	"14.00"	"17"	"Handicap Chase"	"1"	"19"	"Tinkler, Andrew"	"Daly, H D"
"15:50:00"	"2013-04-27"	"Sandown"	"Muirhead (IRE)"	"16.00"	"28.07"	"Handicap Chase"	"4"	"19"	"Condon, D J"	"Meade, Noel"
"15:50:00"	"2013-04-27"	"Sandown"	"Becauseicouldntsee (IRE)"	"16.00"	"30.31"	"Handicap Chase"	"14"	"19"	"Ferris, M J"	"Glynn, N F"
"15:50:00"	"2013-04-27"	"Sandown"	"Tatenen (FR)"	"33.00"	"67.6"	"Handicap Chase"	"15"	"19"	"Coleman, A"	"Rowe, R"
"15:50:00"	"2013-04-27"	"Sandown"	"The Rainbow Hunter"	"25.00"	"45.62"	"Handicap Chase"	"PU"	"19"	"Maguire, Jason"	"Bailey, K C"
"15:50:00"	"2013-04-27"	"Sandown"	"Balthazar King (IRE)"	"14.00"	"29.29"	"Handicap Chase"	"PU"	"19"	"Johnson, Richard"	"Hobbs, P J / White, J"
"15:50:00"	"2013-04-27"	"Sandown"	"Well Refreshed"	"11.00"	"15.47"	"Handicap Chase"	"PU"	"19"	"Moore, Jamie"	"Moore, Gary and Josh"
"15:50:00"	"2013-04-20"	"Ayr"	"Cool Operator"	"33.00"	"41.72"	"Handicap Chase"	"6"	"24"	"Nicol, Mr Adam"	"Kirby, P A"
"15:50:00"	"2013-04-20"	"Ayr"	"Bradley"	"11.00"	"13.48"	"Handicap Chase"	"BD"	"24"	"Shoemark, Conor P"	"OBrien, Fergal"
"15:50:00"	"2013-04-20"	"Ayr"	"Knockara Beau (IRE)"	"33.00"	"56.76"	"Handicap Chase"	"PU"	"24"	"Faltejsek, Jan"	"Charlton, G A"
"15:50:00"	"2013-04-20"	"Ayr"	"Neptune Equester"	"14.00"	"24"	"Handicap Chase"	"PU"	"24"	"Cook, Danny"	"Ellison, B"
"19:25:00"	"2013-04-16"	"Fairyhouse"	"Lord Alfie (IRE)"	"28.00"	"71.84"	"Handicap Chase"	"1"	"20"	"OConnell, Mr B T"	"Doyle, Miss Elizabeth"
"15:40:00"	"2013-04-05"	"Aintree"	"Gullible Gordon (IRE)"	"11.00"	"14.89"	"Handicap Chase"	"5"	"29"	"Moore, Jamie"	"Bowen, Peter / Michael"
"15:40:00"	"2013-04-05"	"Aintree"	"Arctic Ben (IRE)"	"22.00"	"34"	"Handicap Chase"	"14"	"29"	"Greenall, Mr Jake"	"Daly, H D"
"15:40:00"	"2013-04-04"	"Aintree"	"Warne (IRE)"	"6.00"	"8.23"	"Hunters Chase"	"4"	"24"	"Fogarty, M P"	"Hamilton, B R"
"15:40:00"	"2013-04-04"	"Aintree"	"Defying Gravity (IRE)"	"150.00"	"1000"	"Hunters Chase"	"13"	"24"	"Andrews, Bridget"	"Pomfret, Mrs L"
"15:40:00"	"2013-04-04"	"Aintree"	"Emergency Cover (IRE)"	"125.00"	"759.39"	"Hunters Chase"	"14"	"24"	"Andrews, Gina"	"Padfield, N W"
"16:50:00"	"2013-04-01"	"Fairyhouse"	"Hellberemembered (IRE)"	"33.00"	"59.69"	"Handicap Chase"	"8"	"28"	"Butler, S E"	"Fahey, P G"
"16:50:00"	"2013-04-01"	"Fairyhouse"	"Quietly Fancied (IRE)"	"20.00"	"30.24"	"Handicap Chase"	"13"	"28"	"Colgan, R C"	"McKiernan, Oliver"
"16:50:00"	"2013-04-01"	"Fairyhouse"	"Start Me Up (IRE)"	"33.00"	"73.69"	"Handicap Chase"	"PU"	"28"	"Heskin, A P"	"Swan, C F"
"16:50:00"	"2013-04-01"	"Fairyhouse"	"Paddy Pub (IRE)"	"33.00"	"51.06"	"Handicap Chase"	"PU"	"28"	"Mangan, Mr P F"	"Purcell, Kieran"
"16:40:00"	"2013-03-14"	"Cheltenham"	"Frisco Depot"	"14.00"	"20.26"	"Handicap Chase"	"F"	"24"	"Waley-Cohen, Mr S"	"Longsdon, C E"
"16:40:00"	"2013-03-14"	"Cheltenham"	"No Secrets (IRE)"	"12.00"	"13.67"	"Handicap Chase"	"PU"	"24"	"Walsh, Ms K"	"Pipe, D E"
"16:00:00"	"2013-03-14"	"Cheltenham"	"Carrickboy (IRE)"	"50.00"	"66.23"	"Handicap Chase"	"1"	"22"	"Treadwell, Liam"	"Williams, Miss Venetia"
"14:40:00"	"2013-03-12"	"Cheltenham"	"Monkerty Tunkerty"	"12.00"	"13.05"	"Handicap Chase"	"7"	"24"	"Kennedy, W T"	"Westwood, Miss Jesicca"
"14:40:00"	"2013-03-12"	"Cheltenham"	"Pete The Feat (IRE)"	"20.00"	"26"	"Handicap Chase"	"12"	"24"	"Fehily, Noel"	"Longsdon, C E"
"14:40:00"	"2013-03-12"	"Cheltenham"	"Summery Justice (IRE)"	"40.00"	"67.66"	"Handicap Chase"	"F"	"24"	"Treadwell, Liam"	"Williams, Miss Venetia"
"16:40:00"	"2013-03-03"	"Leopardstown"	"Easy Vic (IRE)"	"3.50"	"4.18"	"Handicap Chase"	"4"	"19"	"Carberry, P"	"Martin, A J"
"16:40:00"	"2013-03-03"	"Leopardstown"	"Itsuptoyou (IRE)"	"16.00"	"37.12"	"Handicap Chase"	"5"	"19"	"Power, R M"	"Foster, Mrs Denise"
"16:40:00"	"2013-03-03"	"Leopardstown"	"Hold Em Cowboy (IRE)"	"16.00"	"38.94"	"Handicap Chase"	"16"	"19"	"Bates, Mr D J"	"Codd, W F"
"16:40:00"	"2013-03-03"	"Leopardstown"	"Ard Agus Fada (IRE)"	"16.00"	"41.61"	"Handicap Chase"	"PU"	"19"	"OConnell, Mr B T"	"Rothwell, P J"
"16:10:00"	"2013-03-03"	"Leopardstown"	"Pineau De Re (FR)"	"16.00"	"25.03"	"Handicap Chase"	"2"	"20"	"Mullins, D E"	"Fenton, Philip"
"16:10:00"	"2013-03-03"	"Leopardstown"	"Orpheus Valley (IRE)"	"16.00"	"23.34"	"Handicap Chase"	"6"	"20"	"Heskin, A P"	"Gibney, Thomas"
"16:10:00"	"2013-03-03"	"Leopardstown"	"De Dodger (IRE)"	"20.00"	"34"	"Handicap Chase"	"8"	"20"	"Madden, N P"	"Braddish, S"
"16:10:00"	"2013-03-03"	"Leopardstown"	"Tullintain (IRE)"	"20.00"	"42"	"Handicap Chase"	"11"	"20"	"Enright, P T"	"Tyner, Robert"
"16:10:00"	"2013-03-03"	"Leopardstown"	"Armaramak (IRE)"	"33.00"	"150"	"Handicap Chase"	"13"	"20"	"Mangan, Mr P F"	"OGrady, E J"
"16:10:00"	"2013-03-03"	"Leopardstown"	"Sarteano (FR)"	"25.00"	"75"	"Handicap Chase"	"18"	"20"	"Enright, M A"	"Hughes, D T"
"17:25:00"	"2012-08-01"	"Galway"	"Casey Top (IRE)"	"14.00"	"21"	"Handicap Chase"	"2"	"20"	"Townend, P"	"Whitmore, Leonard"
"17:25:00"	"2012-08-01"	"Galway"	"Muirhead (IRE)"	"16.00"	"46.17"	"Handicap Chase"	"6"	"20"	"Condon, D J"	"Meade, Noel"
"15:25:00"	"2012-04-21"	"Ayr"	"King Fontaine (IRE)"	"40.00"	"55"	"Handicap Chase"	"3"	"24"	"Haynes, Harry"	"Jefferson, J M"
"15:25:00"	"2012-04-21"	"Ayr"	"Pettifour (IRE)"	"33.00"	"40.94"	"Handicap Chase"	"7"	"24"	"Twiston-Davies, Sam"	"Twiston-Davies, N A"
"15:25:00"	"2012-04-21"	"Ayr"	"Any Currency (IRE)"	"25.00"	"35.54"	"Handicap Chase"	"8"	"24"	"Cawley, A P"	"Keighley, M"
"15:25:00"	"2012-04-21"	"Ayr"	"Ikorodu Road"	"12.00"	"15.5"	"Handicap Chase"	"PU"	"24"	"Poste, Charlie"	"Sheppard, M"
"15:25:00"	"2012-04-21"	"Ayr"	"Knockara Beau (IRE)"	"11.00"	"14.5"	"Handicap Chase"	"PU"	"24"	"Faltejsek, Jan"	"Charlton, G A"
"15:25:00"	"2012-04-21"	"Ayr"	"Mostly Bob (IRE)"	"25.00"	"32.39"	"Handicap Chase"	"PU"	"24"	"Johnson, Richard"	"Hobbs, P J / White, J"
"15:40:00"	"2012-04-13"	"Aintree"	"Minella Theatre (IRE)"	"40.00"	"41.46"	"Handicap Chase"	"6"	"26"	"Bass, David"	"Hill,Mrs Lawney "
"15:40:00"	"2012-04-13"	"Aintree"	"Little Josh (IRE)"	"6.00"	"10.5"	"Handicap Chase"	"7"	"26"	"Twiston-Davies, Sam"	"Twiston-Davies, N A"
"15:40:00"	"2012-04-13"	"Aintree"	"Douglas Julian"	"20.00"	"24.1"	"Handicap Chase"	"17"	"26"	"Mania, Ryan"	"Smith, Mrs S J"
"15:40:00"	"2012-04-13"	"Aintree"	"Arklow Ger (IRE)"	"25.00"	"67.44"	"Handicap Chase"	"PU"	"26"	"Carberry, P"	"Nolan, Paul"
"15:40:00"	"2012-04-13"	"Aintree"	"Matuhi"	"25.00"	"33.57"	"Handicap Chase"	"UR"	"26"	"Scudamore, Tom"	"Pipe, D E"
"15:40:00"	"2012-04-12"	"Aintree"	"Herons Well"	"33.00"	"48"	"Hunters Chase"	"3"	"26"	"Halley, Mr Josh"	"Curtis, Miss Rebecca"
"15:40:00"	"2012-04-12"	"Aintree"	"Fresh Air And Fun (IRE)"	"25.00"	"39.02"	"Hunters Chase"	"5"	"26"	"Payter, Mr L R"	"Ralph, Alastair"
"15:40:00"	"2012-04-12"	"Aintree"	"Boxer Georg (IRE)"	"8.50"	"12.9"	"Hunters Chase"	"8"	"26"	"Mullins, Mr P W"	"Mullins, W P"
"15:40:00"	"2012-04-12"	"Aintree"	"Emergency Cover (IRE)"	"100.00"	"286.83"	"Hunters Chase"	"10"	"26"	"Andrews, Gina"	"Padfield, N W"
"15:40:00"	"2012-04-12"	"Aintree"	"Island Life (IRE)"	"12.00"	"15"	"Hunters Chase"	"UR"	"26"	"Jarrett, Mr R"	"Flook, S"
"16:50:00"	"2012-04-09"	"Fairyhouse"	"Lion Na Bearnai (IRE)"	"33.00"	"71.24"	"Handicap Chase"	"1"	"29"	"Thornton, A P"	"Gibney, Thomas"
"16:50:00"	"2012-04-09"	"Fairyhouse"	"Alfie Sherrin"	"10.00"	"14.76"	"Handicap Chase"	"3"	"29"	"McLernon, R P"	"ONeill, Jonjo and AJ"
"16:50:00"	"2012-04-09"	"Fairyhouse"	"Whatuthink (IRE)"	"66.00"	"230.2"	"Handicap Chase"	"PU"	"29"	"Colgan, R C"	"McKiernan, Oliver"
"16:50:00"	"2012-04-09"	"Fairyhouse"	"Western Charmer (IRE)"	"25.00"	"43.86"	"Handicap Chase"	"PU"	"29"	"Condon, D J"	"Hughes, D T"
"16:50:00"	"2012-04-09"	"Fairyhouse"	"Osana (FR)"	"50.00"	"109.37"	"Handicap Chase"	"UR"	"29"	"Crowe, A P"	"OGrady, E J"
"16:40:00"	"2012-03-15"	"Cheltenham"	"Exmoor Ranger (IRE)"	"33.00"	"83.8"	"Handicap Chase"	"3"	"23"	"Guerriero, Mr Joshua"	"Dartnall, V R A"
"16:00:00"	"2012-03-15"	"Cheltenham"	"Charingworth (IRE)"	"25.00"	"41.55"	"Handicap Chase"	"10"	"22"	"Alexander, Lucy"	"Murphy, Ferdy"
"16:00:00"	"2012-03-15"	"Cheltenham"	"Schindlers Gold (IRE)"	"100.00"	"327.27"	"Handicap Chase"	"16"	"22"	"Jones, S P"	"Newland, Dr R D P"
"14:40:00"	"2012-03-13"	"Cheltenham"	"Alfie Sherrin"	"14.00"	"19.35"	"Handicap Chase"	"1"	"19"	"McLernon, R P"	"ONeill, Jonjo and AJ"
"14:40:00"	"2012-03-13"	"Cheltenham"	"Hold On Julio (IRE)"	"5.50"	"7.25"	"Handicap Chase"	"10"	"19"	"Thornton, Robert"	"King, A"
"18:15:00"	"2011-07-29"	"Galway"	"Benalma (IRE)"	"20.00"	"51.42"	"Handicap Chase"	"6"	"20"	"Crowe, A P"	"Gavin, Mrs Pauline"
"18:15:00"	"2011-07-29"	"Galway"	"Indifference Curve (FR)"	"25.00"	"48"	"Handicap Chase"	"11"	"20"	"McNamara, Andrew J"	"Dunphy, Miss Sharon"
"17:25:00"	"2011-07-27"	"Galway"	"Scotsirish (IRE)"	"25.00"	"51.62"	"Handicap Chase"	"5"	"22"	"Russell, D N"	"Mullins, W P"
"17:25:00"	"2011-07-27"	"Galway"	"Dancing Tornado (IRE)"	"11.00"	"12.01"	"Handicap Chase"	"8"	"22"	"McCoy, A P"	"Hourigan, Michael"
"17:25:00"	"2011-07-27"	"Galway"	"Psycho (IRE)"	"25.00"	"99.38"	"Handicap Chase"	"13"	"22"	"McNamara, Andrew J"	"Martin, A J"
"17:25:00"	"2011-07-27"	"Galway"	"Archie Boy (IRE)"	"33.00"	"75.31"	"Handicap Chase"	"PU"	"22"	"Doyle, T J"	"Flynn, Paul W"
"17:40:00"	"2011-05-25"	"Punchestown"	"Lion Na Bearnai (IRE)"	"10.00"	"11.5"	"Handicap Chase"	"1"	"20"	"OConnor, M M"	"Gibney, Thomas"
"17:40:00"	"2011-05-25"	"Punchestown"	"Sang Bleu (IRE)"	"9.00"	"10.18"	"Handicap Chase"	"2"	"20"	"OConnor, Derek"	"Gavin, Mrs Pauline"
"17:40:00"	"2011-05-25"	"Punchestown"	"Classic Frontier (IRE)"	"25.00"	"86.48"	"Handicap Chase"	"12"	"20"	"Quinlan, Mr R P"	"Coffey,P G "
"17:40:00"	"2011-05-25"	"Punchestown"	"Judge Deed (IRE)"	"20.00"	"36.86"	"Handicap Chase"	"PU"	"20"	"McKeown, Mr J P"	"Christie, D M"
"17:00:00"	"2011-05-07"	"Punchestown"	"Kyles Turn (IRE)"	"33.00"	"150.68"	"Handicap Chase"	"7"	"24"	"OConnell, Mr E J"	"Ross, Mrs John B"
"16:15:00"	"2011-05-06"	"Punchestown"	"Uncle Junior (IRE)"	"6.00"	"7.4"	"Handicap Chase"	"1"	"25"	"Walsh, R"	"Mullins, W P"
"16:15:00"	"2011-05-06"	"Punchestown"	"Treacle (IRE)"	"33.00"	"95.52"	"Handicap Chase"	"5"	"25"	"OConnell, Mr E J"	"Taaffe, T J"
"16:15:00"	"2011-05-06"	"Punchestown"	"Ten Fires (GER)"	"10.00"	"12.67"	"Handicap Chase"	"PU"	"25"	"Loughran, R"	"Hughes, D T"
"16:55:00"	"2011-04-25"	"Fairyhouse"	"Or Noir De Somoza (FR)"	"28.00"	"66.41"	"Handicap Chase"	"11"	"25"	"OFarrell, C"	"Pipe, D E"
"16:55:00"	"2011-04-25"	"Fairyhouse"	"Backstage (FR)"	"16.00"	"43.77"	"Handicap Chase"	"PU"	"25"	"Carberry, P"	"Elliott, Gordon"
"15:25:00"	"2011-04-16"	"Ayr"	"Always Right (IRE)"	"7.50"	"11"	"Handicap Chase"	"3"	"28"	"Reveley, James"	"Wade, J"
"15:25:00"	"2011-04-16"	"Ayr"	"Neptune Collonges (FR)"	"16.00"	"25"	"Handicap Chase"	"6"	"28"	"McCoy, A P"	"Nicholls, P F"
"15:25:00"	"2011-04-16"	"Ayr"	"Ouzbeck (FR)"	"16.00"	"23.37"	"Handicap Chase"	"13"	"28"	"Doyle, Jack"	"Lavelle, Miss E C"
"15:25:00"	"2011-04-16"	"Ayr"	"Blazing Bailey"	"20.00"	"36.19"	"Handicap Chase"	"PU"	"28"	"Thornton, Robert"	"King, A"
"15:40:00"	"2011-04-08"	"Aintree"	"Chasing Cars (IRE)"	"25.00"	"39.45"	"Handicap Chase"	"9"	"30"	"Power, R M"	"Harrington, Mrs John"
"15:40:00"	"2011-04-08"	"Aintree"	"Edgbriar (FR)"	"40.00"	"60.28"	"Handicap Chase"	"13"	"30"	"Elsworth, Dominic"	"Webber, P R"
"15:40:00"	"2011-04-08"	"Aintree"	"Gansey (IRE)"	"33.00"	"83.96"	"Handicap Chase"	"F"	"30"	"Buchanan, Peter"	"Smith, Mrs S J"
"15:40:00"	"2011-04-08"	"Aintree"	"Siegemaster (IRE)"	"33.00"	"100"	"Handicap Chase"	"F"	"30"	"Russell, D N"	"Hughes, D T"
"15:40:00"	"2011-04-08"	"Aintree"	"Bible Lord (IRE)"	"50.00"	"91.56"	"Handicap Chase"	"F"	"30"	"Haynes, Harry"	"Turnell, Andrew"
"15:40:00"	"2011-04-07"	"Aintree"	"Boxer Georg (IRE)"	"25.00"	"43.43"	"Hunters Chase"	"2"	"22"	"Mullins, Mr P W"	"Mullins, W P"
"15:40:00"	"2011-04-07"	"Aintree"	"Massini Man (IRE)"	"25.00"	"42.19"	"Hunters Chase"	"PU"	"22"	"Wills, Miss C L"	"Powell, B G"
"16:40:00"	"2011-03-17"	"Cheltenham"	"Saddlers Storm (IRE)"	"12.00"	"17.5"	"Handicap Chase"	"11"	"24"	"OConnor, Derek"	"Martin, A J"
"16:40:00"	"2011-03-17"	"Cheltenham"	"Den Of Iniquity (OLD)"	"66.00"	"92.69"	"Handicap Chase"	"13"	"24"	"OConnor, Mr M J"	"Greatrex, W J"
"16:40:00"	"2011-03-17"	"Cheltenham"	"Massini Man (IRE)"	"33.00"	"45.35"	"Handicap Chase"	"15"	"24"	"Wills, Miss C L"	"Powell, B G"
"16:40:00"	"2011-03-17"	"Cheltenham"	"Richards Sundance (IRE)"	"20.00"	"26.99"	"Handicap Chase"	"UR"	"24"	"Guerriero, Mr Joshua"	"Dartnall, V R A"
"16:00:00"	"2011-03-17"	"Cheltenham"	"Holmwood Legend"	"25.00"	"39.81"	"Handicap Chase"	"1"	"20"	"Burke, Keiran"	"Rodford, P R"
"16:00:00"	"2011-03-17"	"Cheltenham"	"Beautiful Sound (IRE)"	"4.50"	"6"	"Handicap Chase"	"3"	"20"	"Maguire, Jason"	"Elliott, Gordon"
"16:00:00"	"2011-03-17"	"Cheltenham"	"Storymaker (OLD)"	"100.00"	"231.65"	"Handicap Chase"	"10"	"20"	"Aspell, P"	"Forster, Miss S E"
"16:00:00"	"2011-03-17"	"Cheltenham"	"Gansey (IRE)"	"25.00"	"44.41"	"Handicap Chase"	"12"	"20"	"Buchanan, Peter"	"Smith, Mrs S J"
"18:15:00"	"2010-07-30"	"Galway"	"Wins Now"	"20.00"	"47.36"	"Handicap Chase"	"1"	"19"	"Madden, N P"	"Madden, Niall"
"17:25:00"	"2010-07-28"	"Galway"	"Finger Onthe Pulse (IRE)"	"22.00"	"50.34"	"Handicap Chase"	"1"	"22"	"McCoy, A P"	"Taaffe, T J"
"17:25:00"	"2010-07-28"	"Galway"	"The Fonze (IRE)"	"33.00"	"68.33"	"Handicap Chase"	"4"	"22"	"Barry, J R"	"Doyle, Eoin"
"17:25:00"	"2010-07-28"	"Galway"	"Dont Be Bitin (IRE)"	"33.00"	"120"	"Handicap Chase"	"F"	"22"	"Fogarty, M P"	"Murphy, C A"
"18:10:00"	"2010-05-26"	"Punchestown"	"An Peinteir (IRE)"	"20.00"	"34.39"	"Handicap Chase"	"5"	"22"	"ONeill, Mr B"	"Lambert, Miss A M"
"18:10:00"	"2010-05-26"	"Punchestown"	"Dromin Hill Echo (IRE)"	"33.00"	"130"	"Handicap Chase"	"10"	"22"	"Tierney, Mr S M"	"OConnor, Thomas P"
"18:10:00"	"2010-05-26"	"Punchestown"	"Neds Grey (IRE)"	"25.00"	"92.56"	"Handicap Chase"	"15"	"22"	"Cogley, Mr K"	"Larkin, Seamus"
"17:00:00"	"2010-04-24"	"Punchestown"	"Treacle (IRE)"	"14.00"	"21.92"	"Handicap Chase"	"PU"	"23"	"Condon, D J"	"Taaffe, T J"
"15:05:00"	"2010-04-24"	"Sandown"	"Nostringsattached (IRE) (OLD)"	"16.00"	"26.09"	"Handicap Chase"	"PU"	"19"	"McLernon, R P"	"ONeill, Jonjo and AJ"
"15:20:00"	"2010-04-17"	"Ayr"	"Gone To Lunch (IRE)"	"7.50"	"11.71"	"Handicap Chase"	"2"	"30"	"Geraghty, B J"	"Scott, J"
"15:20:00"	"2010-04-17"	"Ayr"	"Thats Rhythm (FR)"	"22.00"	"42"	"Handicap Chase"	"F"	"30"	"ORegan, Denis"	"Todhunter, M"
"15:20:00"	"2010-04-17"	"Ayr"	"Halcon Genelardais (FR)"	"33.00"	"50"	"Handicap Chase"	"PU"	"30"	"Thornton, Robert"	"King, A"
"15:45:00"	"2010-04-09"	"Aintree"	"Scotsirish (IRE)"	"14.00"	"20.08"	"Handicap Chase"	"2"	"27"	"Townend, P"	"Mullins, W P"
"15:45:00"	"2010-04-09"	"Aintree"	"In Compliance (IRE)"	"18.00"	"26.86"	"Handicap Chase"	"6"	"27"	"Russell, D N"	"Hughes, D T"
"15:45:00"	"2010-04-09"	"Aintree"	"Pak Jack (FR)"	"20.00"	"26.16"	"Handicap Chase"	"8"	"27"	"Lee, G"	"Phillips, R T"
"15:45:00"	"2010-04-09"	"Aintree"	"Gaora Lane (IRE)"	"50.00"	"85.46"	"Handicap Chase"	"9"	"27"	"Harding, Brian"	"Mann, C J"
"15:45:00"	"2010-04-09"	"Aintree"	"Boomshakalaka (IRE)"	"50.00"	"77.52"	"Handicap Chase"	"UR"	"27"	"Tinkler, Andrew"	"Henderson, N J"
"15:45:00"	"2010-04-09"	"Aintree"	"Battlecry"	"16.00"	"21.09"	"Handicap Chase"	"UR"	"27"	"Brennan, P J"	"Twiston-Davies, N A"
"15:45:00"	"2010-04-08"	"Aintree"	"Moncadou (FR)"	"16.00"	"19.91"	"Hunters Chase"	"2"	"21"	"Berry, Mr A J"	"ONeill, Jonjo and AJ"
"15:45:00"	"2010-04-08"	"Aintree"	"Blu Teen (FR)"	"12.00"	"15"	"Hunters Chase"	"3"	"21"	"Mahon, Mr R"	"Staddon, D J"
"15:45:00"	"2010-04-08"	"Aintree"	"Penny Doc (IRE)"	"40.00"	"65.91"	"Hunters Chase"	"6"	"21"	"York, Mr P"	"York, P"
"15:45:00"	"2010-04-08"	"Aintree"	"Belem Ranger (IRE)"	"66.00"	"169.76"	"Hunters Chase"	"UR"	"21"	"Dawson, Mr C"	"Warwick, Mrs J"
"15:45:00"	"2010-04-08"	"Aintree"	"Carrick Oscar (IRE)"	"33.00"	"55"	"Hunters Chase"	"UR"	"21"	"Hughes, Mr Rhys"	"Vaughan, Tim"
"16:05:00"	"2010-04-05"	"Fairyhouse"	"Ballytrim (IRE)"	"16.00"	"29.05"	"Handicap Chase"	"10"	"26"	"Townend, P"	"Mullins, W P"
"16:05:00"	"2010-04-05"	"Fairyhouse"	"Equus Maximus (IRE)"	"14.00"	"17.09"	"Handicap Chase"	"PU"	"26"	"Walsh, R"	"Mullins, W P"
"16:05:00"	"2010-04-05"	"Fairyhouse"	"Dancing Tornado (IRE)"	"20.00"	"36.38"	"Handicap Chase"	"REF"	"26"	"McCoy, A P"	"Hourigan, Michael"
"16:05:00"	"2010-04-05"	"Fairyhouse"	"Ambobo (USA)"	"20.00"	"57.73"	"Handicap Chase"	"UR"	"26"	"Flood, P W"	"Brassil, Martin"
"15:10:00"	"2010-04-05"	"Cork"	"Euro Farmer (IRE)"	"28.00"	"94.71"	"Hunters Chase"	"7"	"20"	"Feeney, Mr T"	"OCallaghan, John"
"15:10:00"	"2010-04-05"	"Cork"	"Ballyverane Oscar (IRE)"	"1.10"	"2.44"	"Hunters Chase"	"PU"	"20"	"OConnor, Mr M J"	"Winters, Michael"
"15:10:00"	"2010-04-05"	"Cork"	"Desertmore Star (IRE)"	"20.00"	"112.04"	"Hunters Chase"	"PU"	"20"	"Ryan, Mr J A"	"Leahy, Denis"
"15:10:00"	"2010-04-05"	"Cork"	"Supreme Deal (IRE)"	"16.00"	"51.6"	"Hunters Chase"	"UR"	"20"	"Murphy, Mr D"	"OKeeffe, Gerard J"
"16:40:00"	"2010-03-18"	"Cheltenham"	"Ballabriggs (IRE)"	"9.00"	"10.82"	"Handicap Chase"	"1"	"24"	"Harding, Mr R O"	"McCain Jnr, D"
"16:40:00"	"2010-03-18"	"Cheltenham"	"Freds Benefit (IRE)"	"50.00"	"84.2"	"Handicap Chase"	"PU"	"24"	"Roche, Mr P"	"Pipe, D E"
"16:00:00"	"2010-03-18"	"Cheltenham"	"In Compliance (IRE)"	"25.00"	"35.03"	"Handicap Chase"	"6"	"24"	"Casey, D J"	"Hughes, D T"
"16:00:00"	"2010-03-18"	"Cheltenham"	"Watch My Back"	"9.00"	"12.5"	"Handicap Chase"	"10"	"24"	"Lee, G"	"Murphy, Ferdy"
"14:40:00"	"2010-03-16"	"Cheltenham"	"Chief Dan George (IRE)"	"33.00"	"49.39"	"Handicap Chase"	"1"	"24"	"Aspell, P"	"Moffatt, James"
"14:40:00"	"2010-03-16"	"Cheltenham"	"Offshore Account (IRE)"	"33.00"	"69.31"	"Handicap Chase"	"4"	"24"	"Casey, D J"	"Swan, C F"
"14:40:00"	"2010-03-16"	"Cheltenham"	"Bible Lord (IRE)"	"80.00"	"213.46"	"Handicap Chase"	"11"	"24"	"Grant, Mark"	"Turnell, Andrew"
"14:40:00"	"2010-03-16"	"Cheltenham"	"New Alco (FR)"	"20.00"	"29.51"	"Handicap Chase"	"17"	"24"	"Lee, G"	"Murphy, Ferdy"
"16:25:00"	"2009-07-29"	"Galway"	"Oscar India (IRE)"	"20.00"	"36.54"	"Handicap Chase"	"15"	"20"	"Geraghty, B J"	"Bromhead, Henry De"
"16:25:00"	"2009-07-29"	"Galway"	"Royal County Star (IRE)"	"10.00"	"13.64"	"Handicap Chase"	"UR"	"20"	"Russell, D N"	"Martin, A J"
"17:10:00"	"2009-05-27"	"Punchestown"	"Ah Ref (IRE)"	"25.00"	"60.37"	"Handicap Chase"	"11"	"22"	"Doran, Mr M J"	"Whitmore, Leonard"
"16:20:00"	"2009-05-01"	"Punchestown"	"Bothar Na (IRE)"	"66.00"	"99.66"	"Handicap Chase"	"3"	"24"	"Cullen, J L"	"Mullins, W P"
"16:20:00"	"2009-05-01"	"Punchestown"	"Dont Be Daft (IRE)"	"66.00"	"212.82"	"Handicap Chase"	"PU"	"24"	"McDermott, S G"	"Murphy, John Joseph"
"15:45:00"	"2009-04-28"	"Punchestown"	"Royal Ranger (IRE)"	"12.00"	"27.67"	"Hunters Chase"	"6"	"19"	"Duff, Mr A T"	"Christie, D M"
"15:45:00"	"2009-04-28"	"Punchestown"	"Court In Progress (IRE)"	"33.00"	"100"	"Hunters Chase"	"7"	"19"	"Fennessy, Mr C W"	"OSullivan, Eugene M"
"15:45:00"	"2009-04-28"	"Punchestown"	"Waki Baki (IRE)"	"50.00"	"86.36"	"Hunters Chase"	"9"	"19"	"Mangan, Mr G M"	"ORiordan, M N"
"17:10:00"	"2009-04-15"	"Fairyhouse"	"Wonderkid"	"4.00"	"5.3"	"Handicap Chase"	"PU"	"25"	"Carberry, P"	"Martin, A J"
"17:10:00"	"2009-04-15"	"Fairyhouse"	"Anshire Tower (IRE)"	"50.00"	"138.05"	"Handicap Chase"	"PU"	"25"	"Codd, Mr J J"	"Neville, Seamus"
"18:10:00"	"2009-04-13"	"Fairyhouse"	"Loup Charter (FR)"	"25.00"	"109.52"	"Hunters Chase"	"4"	"21"	"OConnor, Mr T"	"OSullivan, Eugene M"
"18:10:00"	"2009-04-13"	"Fairyhouse"	"Deskelly Interiors (IRE)"	"50.00"	"134.32"	"Hunters Chase"	"7"	"21"	"Mooney, Ms H"	"Manning, M V"
"18:10:00"	"2009-04-13"	"Fairyhouse"	"Anothercoppercoast (IRE)"	"5.50"	"6.85"	"Hunters Chase"	"F"	"21"	"Roche, Mr D"	"Roche, Paul A"
"18:10:00"	"2009-04-13"	"Fairyhouse"	"Aghawonan (IRE)"	"50.00"	"135.87"	"Hunters Chase"	"PU"	"21"	"Brogan, Mr D J"	"OReilly, Mrs Bernadette"
"18:10:00"	"2009-04-13"	"Fairyhouse"	"Turn The Corner (IRE)"	"66.00"	"132.89"	"Hunters Chase"	"UR"	"21"	"Clements, Mr S"	"Clements, J"
"16:10:00"	"2009-04-13"	"Cork"	"Supreme Deal (IRE)"	"10.00"	"15.5"	"Hunters Chase"	"4"	"20"	"Queally, Mr D L"	"OKeeffe, Gerard J"
"16:10:00"	"2009-04-13"	"Cork"	"Lord Time (IRE)"	"16.00"	"50"	"Hunters Chase"	"F"	"20"	"Ryan, Mr J A"	"Codd, John A"
"16:10:00"	"2009-04-13"	"Cork"	"Alwaysandforever (IRE) (OLD)"	"33.00"	"66.6"	"Hunters Chase"	"PU"	"20"	"Reilly, Mr T"	"Reilly, Miss Tracy M"
"16:10:00"	"2009-04-13"	"Cork"	"Jack Monday (IRE)"	"16.00"	"40"	"Hunters Chase"	"UR"	"20"	"Kelly, Mr N M"	"Cleary, Thomas"
"15:55:00"	"2009-04-13"	"Fairyhouse"	"Forest Leaves (IRE)"	"40.00"	"90.7"	"Handicap Chase"	"17"	"28"	"Ryan, T G M"	"OGrady, E J"
"15:55:00"	"2009-04-13"	"Fairyhouse"	"Garde Champetre (FR)"	"10.00"	"12.5"	"Handicap Chase"	"PU"	"28"	"Carberry, Miss N"	"Bolger, E"
"15:45:00"	"2009-04-03"	"Aintree"	"Irish Raptor (IRE)"	"8.00"	"9.8"	"Handicap Chase"	"1"	"29"	"Brennan, P J"	"Twiston-Davies, N A"
"15:45:00"	"2009-04-03"	"Aintree"	"Oodachee"	"20.00"	"33.36"	"Handicap Chase"	"2"	"29"	"Casey, D J"	"Swan, C F"
"15:45:00"	"2009-04-03"	"Aintree"	"Bob Bob Bobbin"	"25.00"	"32"	"Handicap Chase"	"6"	"29"	"Tizzard, Joe"	"Tizzard, C L"
"15:45:00"	"2009-04-03"	"Aintree"	"Le Toscan (FR)"	"100.00"	"346.75"	"Handicap Chase"	"14"	"29"	"Jones, S P"	"Pipe, D E"
"15:45:00"	"2009-04-03"	"Aintree"	"Ellerslie George (IRE)"	"33.00"	"75.13"	"Handicap Chase"	"16"	"29"	"Hughes, Brian"	"Johnson, J Howard"
"15:45:00"	"2009-04-03"	"Aintree"	"Moncadou (FR)"	"50.00"	"96.91"	"Handicap Chase"	"UR"	"29"	"McLernon, R P"	"ONeill, Jonjo and AJ"
"15:45:00"	"2009-04-02"	"Aintree"	"Mcevoy (IRE)"	"10.00"	"13.01"	"Hunters Chase"	"4"	"29"	"Williams, Mr Nick"	"Williams, Evan"
"15:45:00"	"2009-04-02"	"Aintree"	"Blu Teen (FR)"	"28.00"	"50"	"Hunters Chase"	"14"	"29"	"Waley-Cohen, Mr S"	"Staddon, D J"
"15:45:00"	"2009-04-02"	"Aintree"	"Royal Hector (GER)"	"80.00"	"276.4"	"Hunters Chase"	"PU"	"29"	"Wintle, Mr A"	"Hobbs, Mrs Rachel M"
"15:45:00"	"2009-04-02"	"Aintree"	"Maurice (FR)"	"100.00"	"220"	"Hunters Chase"	"UR"	"29"	"Toomey, Brian"	"McCain, Mrs S K"
"17:00:00"	"2009-03-18"	"Chepstow"	"Zesta Fiesta"	"50.00"	"130"	"Hunters Chase"	"PU"	"20"	"Biddick, Mr W"	"Sanderson, B"
"17:00:00"	"2009-03-18"	"Chepstow"	"Rebel Army (IRE) (OLD)"	"100.00"	"503.84"	"Hunters Chase"	"PU"	"20"	"Robinson, Immy"	"Robinson, Mrs C J"
"17:00:00"	"2009-03-18"	"Chepstow"	"Another Chat (IRE)"	"50.00"	"95"	"Hunters Chase"	"UR"	"20"	"Oliver, Mr N H"	"Hobbs, A G"
"17:00:00"	"2009-03-18"	"Chepstow"	"Whatever You Think (IRE)"	"33.00"	"55"	"Hunters Chase"	"UR"	"20"	"McCormack, Mr C"	"Haw, Lesley"
"16:00:00"	"2009-03-13"	"Cheltenham"	"Baby Run (FR)"	"14.00"	"16.99"	"Hunters Chase"	"3"	"24"	"Twiston-Davies, Sam"	"Twiston-Davies, N A"
"16:00:00"	"2009-03-13"	"Cheltenham"	"Robbers Glen (IRE)"	"18.00"	"33.94"	"Hunters Chase"	"5"	"24"	"Jackson, Mrs V"	"Jackson, Mrs V S"
"16:00:00"	"2009-03-13"	"Cheltenham"	"You Do The Math (IRE)"	"25.00"	"35.89"	"Hunters Chase"	"13"	"24"	"Horton, Mr J S"	"Longsdon, C E"
"16:00:00"	"2009-03-13"	"Cheltenham"	"Proud Andees (IRE)"	"100.00"	"607.17"	"Hunters Chase"	"F"	"24"	"Wintle, Mr A"	"Hanmer, G D"
"16:40:00"	"2009-03-12"	"Cheltenham"	"Character Building (IRE)"	"16.00"	"21"	"Handicap Chase"	"1"	"24"	"Codd, Mr J J"	"Quinn, J J"
"16:40:00"	"2009-03-12"	"Cheltenham"	"Arteea (IRE)"	"100.00"	"317.91"	"Handicap Chase"	"14"	"24"	"Monk, Mr J L"	"Pipe, D E"
"16:40:00"	"2009-03-12"	"Cheltenham"	"Alright Now MLad (IRE)"	"40.00"	"75"	"Handicap Chase"	"15"	"24"	"McNamara, Mr J T"	"ONeill, Jonjo and AJ"
"16:40:00"	"2009-03-12"	"Cheltenham"	"Le Toscan (FR)"	"33.00"	"65.27"	"Handicap Chase"	"16"	"24"	"Cannon, Tom J"	"Pipe, D E"
"16:40:00"	"2009-03-12"	"Cheltenham"	"Without A Doubt (OLD)"	"40.00"	"89.75"	"Handicap Chase"	"PU"	"24"	"OSullivan, Mr R"	"Llewellyn, Carl"
"16:00:00"	"2009-03-12"	"Cheltenham"	"Three Mirrors"	"9.00"	"13.5"	"Handicap Chase"	"4"	"23"	"Lee, G"	"Murphy, Ferdy"
"16:00:00"	"2009-03-12"	"Cheltenham"	"Fier Normand (FR)"	"25.00"	"32.18"	"Handicap Chase"	"PU"	"23"	"Fehily, Noel"	"ONeill, Jonjo and AJ"
"14:40:00"	"2009-03-10"	"Cheltenham"	"Golden Flight (FR)"	"25.00"	"46"	"Handicap Chase"	"12"	"21"	"Geraghty, B J"	"Henderson, N J"
"14:40:00"	"2009-03-10"	"Cheltenham"	"Millenium Royal (FR)"	"10.00"	"14.68"	"Handicap Chase"	"17"	"21"	"Keniry, Barry"	"Doumen, F"
"14:40:00"	"2009-03-10"	"Cheltenham"	"Simon"	"20.00"	"31.74"	"Handicap Chase"	"PU"	"21"	"Thornton, Andrew"	"Spearing, J L"
"15:00:00"	"2008-08-02"	"Galway"	"Ballito (IRE)"	"25.00"	"56.34"	"Handicap Chase"	"1"	"22"	"Bolger, M J"	"Stanley, George"
"15:00:00"	"2008-08-02"	"Galway"	"Ah Come On Tom (IRE)"	"16.00"	"34.77"	"Handicap Chase"	"9"	"22"	"Jackson, S W"	"OGrady, E J"
"15:40:00"	"2008-07-30"	"Galway"	"The Joker (IRE)"	"50.00"	"85"	"Handicap Chase"	"14"	"22"	"Cawley, A P"	"Donohoe, S"
"15:40:00"	"2008-07-30"	"Galway"	"For A Song (IRE)"	"50.00"	"290.79"	"Handicap Chase"	"17"	"22"	"Gray, S J"	"Young, L"
"17:30:00"	"2008-04-26"	"Punchestown"	"Treybor (IRE)"	"33.00"	"330"	"Hunters Chase"	"13"	"25"	"Cully, Mr C"	"Cassidy, Norman"
"17:30:00"	"2008-04-26"	"Punchestown"	"Southwestern (IRE)"	"12.00"	"13.43"	"Hunters Chase"	"F"	"25"	"Harris, Mr N"	"Scott, Mrs C C"
"17:30:00"	"2008-04-26"	"Punchestown"	"An Dun Ri (IRE)"	"33.00"	"440.41"	"Hunters Chase"	"PU"	"25"	"Doran, Mr M J"	"Morgan, Ms Joanna"
"15:45:00"	"2008-04-26"	"Punchestown"	"Wickford (IRE)"	"14.00"	"25.42"	"Handicap Chase"	"9"	"20"	"Doyle, T J"	"Murphy, C A"
"15:45:00"	"2008-04-26"	"Punchestown"	"Naples"	"25.00"	"41.84"	"Handicap Chase"	"PU"	"20"	"Madden, N P"	"Meade, Noel"
"15:20:00"	"2008-04-26"	"Sandown"	"Knowhere (IRE)"	"12.00"	"16.45"	"Handicap Chase"	"PU"	"19"	"Brennan, P J"	"Twiston-Davies, N A"
"15:20:00"	"2008-04-26"	"Sandown"	"Bewleys Berry (IRE)"	"10.00"	"15.46"	"Handicap Chase"	"PU"	"19"	"ORegan, Denis"	"Johnson, J Howard"
"15:05:00"	"2008-04-25"	"Punchestown"	"Mr Aussie (AUS)"	"33.00"	"76.51"	"Handicap Chase"	"PU"	"24"	"Hassett, S J"	"Flood, Francis J"
"15:05:00"	"2008-04-25"	"Punchestown"	"Beantown (IRE)"	"14.00"	"28"	"Handicap Chase"	"PU"	"24"	"Ferris, M J"	"Aherne, Sean"
"14:30:00"	"2008-04-22"	"Punchestown"	"Twasalladream (IRE)"	"50.00"	"242.54"	"Hunters Chase"	"16"	"25"	"McNamara, Mr R P"	"ORiordan, M N"
"14:30:00"	"2008-04-22"	"Punchestown"	"Ballyhafry (IRE)"	"33.00"	"172.21"	"Hunters Chase"	"PU"	"25"	"McParlan, Mr N"	"McParlan, S"
"15:40:00"	"2008-04-19"	"Ayr"	"In The Loop (IRE)"	"40.00"	"55"	"Handicap Chase"	"PU"	"24"	"Loughran, R"	"Wilson, R T J"
"15:40:00"	"2008-04-19"	"Ayr"	"Kilbeggan Blade"	"25.00"	"27.39"	"Handicap Chase"	"PU"	"24"	"Brennan, P J"	"George, T R"
"19:20:00"	"2008-04-18"	"Cheltenham"	"Fine By Me (IRE) (OLD)"	"8.00"	"10.66"	"Handicap Chase"	"4"	"19"	"Moloney, Paul"	"Smith, J S"
"19:20:00"	"2008-04-18"	"Cheltenham"	"Florida Dream (IRE)"	"18.00"	"23"	"Handicap Chase"	"5"	"19"	"England, David"	"Twiston-Davies, N A"
"19:20:00"	"2008-04-18"	"Cheltenham"	"Squires Lane (IRE)"	"25.00"	"32.72"	"Handicap Chase"	"UR"	"19"	"Grant, Mark"	"Turnell, Andrew"
"15:45:00"	"2008-04-04"	"Aintree"	"Irish Raptor (IRE)"	"12.00"	"15.5"	"Handicap Chase"	"2"	"29"	"Brennan, P J"	"Twiston-Davies, N A"
"15:45:00"	"2008-04-04"	"Aintree"	"Theatre Knight (IRE)"	"11.00"	"15.04"	"Handicap Chase"	"7"	"29"	"ORegan, Denis"	"Johnson, J Howard"
"15:45:00"	"2008-04-04"	"Aintree"	"Black Hills"	"40.00"	"55.78"	"Handicap Chase"	"8"	"29"	"McNamara, Andrew J"	"Geake, J A"
"15:45:00"	"2008-04-04"	"Aintree"	"Erics Charm (FR)"	"33.00"	"41.64"	"Handicap Chase"	"F"	"29"	"Elsworth, Dominic"	"Sherwood, O"
"15:45:00"	"2008-04-04"	"Aintree"	"Mighty Matters (IRE)"	"20.00"	"28.32"	"Handicap Chase"	"UR"	"29"	"Snowden, Jamie"	"Longsdon, C E"
"15:45:00"	"2008-04-04"	"Aintree"	"Kenzo III (FR)"	"10.00"	"13.5"	"Handicap Chase"	"UR"	"29"	"Studd, C M"	"Henderson, N J"
"15:45:00"	"2008-04-03"	"Aintree"	"Sonevafushi (FR)"	"11.00"	"13.5"	"Hunters Chase"	"4"	"19"	"Greenall, Mr O"	"Coward, Mrs C A"
"15:45:00"	"2008-04-03"	"Aintree"	"Mooramana"	"80.00"	"154.44"	"Hunters Chase"	"F"	"19"	"Brewer, Freya"	"Ratcliffe, Mrs Karen"
"16:55:00"	"2008-03-25"	"Fairyhouse"	"Aghawonan (IRE)"	"25.00"	"44.87"	"Handicap Chase"	"5"	"19"	"Geraghty, R"	"OReilly, Mrs Bernadette"
"16:55:00"	"2008-03-25"	"Fairyhouse"	"Toran Road (IRE)"	"16.00"	"74.54"	"Handicap Chase"	"PU"	"19"	"Elliott, J P"	"Elliott, Gordon"
"15:55:00"	"2008-03-24"	"Fairyhouse"	"Ballistraw (IRE)"	"20.00"	"38"	"Handicap Chase"	"10"	"23"	"McNamara, Andrew J"	"Hickey, Denis"
"15:30:00"	"2008-03-24"	"Cork"	"Jack Monday (IRE)"	"12.00"	"23.14"	"Hunters Chase"	"9"	"20"	"Kinirons, Mr A E"	"Cleary, Thomas"
"15:30:00"	"2008-03-24"	"Cork"	"Never Present (IRE) (OLD)"	"14.00"	"17.5"	"Hunters Chase"	"UR"	"20"	"Cashman, Mr P"	"Cashman, P F"
"16:05:00"	"2008-03-14"	"Cheltenham"	"Amicelli (GER)"	"33.00"	"50"	"Hunters Chase"	"1"	"23"	"Greenall, Mr O"	"Coward, Mrs C A"
"16:05:00"	"2008-03-14"	"Cheltenham"	"Southwestern (IRE)"	"16.00"	"18.5"	"Hunters Chase"	"5"	"23"	"Harris, Mr N"	"Scott, Mrs C C"
"16:05:00"	"2008-03-14"	"Cheltenham"	"French Thyne (IRE)"	"25.00"	"50"	"Hunters Chase"	"6"	"23"	"OConnor, Derek"	"Ferguson, I R"
"17:15:00"	"2008-03-13"	"Cheltenham"	"High Chimes (IRE)"	"14.00"	"16.95"	"Handicap Chase"	"1"	"24"	"Tudor, Mr J E"	"Williams, Evan"
"17:15:00"	"2008-03-13"	"Cheltenham"	"Idle Talk (IRE)"	"16.00"	"18.12"	"Handicap Chase"	"5"	"24"	"Burton, Mr R"	"McCain Jnr, D"
"17:15:00"	"2008-03-13"	"Cheltenham"	"Oscar India (IRE)"	"33.00"	"44"	"Handicap Chase"	"F"	"24"	"Burns, Mr J E"	"Bromhead, Henry De"
"17:15:00"	"2008-03-13"	"Cheltenham"	"Bob Bob Bobbin"	"11.00"	"14.7"	"Handicap Chase"	"PU"	"24"	"Snowden, Jamie"	"Tizzard, C L"
"16:05:00"	"2008-03-13"	"Cheltenham"	"Black Hills"	"40.00"	"49.97"	"Handicap Chase"	"9"	"22"	"Elliott, Simon"	"Geake, J A"
"16:05:00"	"2008-03-13"	"Cheltenham"	"Limited Edition (IRE)"	"18.00"	"26.84"	"Handicap Chase"	"14"	"22"	"Fehily, Noel"	"Llewellyn, Carl"
"14:55:00"	"2007-08-04"	"Galway"	"Abbeytown (IRE)"	"20.00"	"0"	"Handicap Chase"	"PU"	"20"	"Cullen, J L"	"Riordan, Mrs Jeanette"
"15:40:00"	"2007-08-01"	"Galway"	"Island Faith (IRE)"	"66.00"	"0"	"Handicap Chase"	"PU"	"22"	"Whelan, K"	"Rath, R P"
"16:55:00"	"2007-05-20"	"Navan"	"Gone Walk About (IRE)"	"25.00"	"0"	"Handicap Chase"	"3"	"25"	"Power, R M"	"Foster, Mrs Denise"
"16:55:00"	"2007-05-20"	"Navan"	"Mac Robin (IRE)"	"12.00"	"0"	"Handicap Chase"	"5"	"25"	"Treacy, T P"	"Keane, Gerard"
"16:55:00"	"2007-05-20"	"Navan"	"Bridge Flight (IRE)"	"20.00"	"0"	"Handicap Chase"	"16"	"25"	"Barry, J R"	"Burke, W J"
"16:55:00"	"2007-05-20"	"Navan"	"All Rise (IRE)"	"9.00"	"0"	"Handicap Chase"	"PU"	"25"	"Hogan, D G"	"Kerr, Ms Tracey"
"16:55:00"	"2007-05-20"	"Navan"	"Bracken Boy (IRE)"	"20.00"	"0"	"Handicap Chase"	"UR"	"25"	"Flanagan, S W"	"Donohue, T"
"16:05:00"	"2007-04-28"	"Punchestown"	"All Rise (IRE)"	"33.00"	"0"	"Handicap Chase"	"1"	"19"	"Hassett, S J"	"Kerr, Ms Tracey"
"16:05:00"	"2007-04-28"	"Punchestown"	"Carndale (IRE)"	"8.00"	"0"	"Handicap Chase"	"UR"	"19"	"Russell, D N"	"Meade, Noel"
"15:35:00"	"2007-04-21"	"Ayr"	"Cornish Rebel (IRE)"	"33.00"	"0"	"Handicap Chase"	"PU"	"23"	"Fitzgerald, Mick"	"Nicholls, P F"
"15:35:00"	"2007-04-21"	"Ayr"	"Rambling Minster"	"8.00"	"0"	"Handicap Chase"	"PU"	"23"	"McGrath, Richard"	"Reveley, K G"
"15:45:00"	"2007-04-13"	"Aintree"	"Lord Of Illusion (IRE)"	"14.00"	"0"	"Handicap Chase"	"15"	"29"	"Elsworth, Dominic"	"George, T R"
"15:45:00"	"2007-04-13"	"Aintree"	"Almost Broke"	"100.00"	"0"	"Handicap Chase"	"F"	"29"	"Horner, Miss L"	"Brown, G"
"15:45:00"	"2007-04-12"	"Aintree"	"Drombeag (IRE)"	"6.00"	"0"	"Hunters Chase"	"6"	"27"	"McNamara, Mr J T"	"ONeill, Jonjo and AJ"
"15:45:00"	"2007-04-12"	"Aintree"	"Holy Joe (FR)"	"14.00"	"0"	"Hunters Chase"	"7"	"27"	"Greenall, Mr O"	"Williams, Miss Venetia"
"15:45:00"	"2007-04-12"	"Aintree"	"Encore Cadoudal (FR)"	"100.00"	"0"	"Hunters Chase"	"11"	"27"	"Jackson, Miss T"	"Jackson, Miss T"
"15:45:00"	"2007-04-12"	"Aintree"	"Benrajah (IRE)"	"66.00"	"0"	"Hunters Chase"	"F"	"27"	"Tierney, Richard"	"Kirby, P A"
"16:55:00"	"2007-04-10"	"Fairyhouse"	"Carndale (IRE)"	"14.00"	"0"	"Handicap Chase"	"1"	"22"	"Madden, N P"	"Meade, Noel"
"16:55:00"	"2007-04-10"	"Fairyhouse"	"No Complications (IRE)"	"20.00"	"0"	"Handicap Chase"	"BD"	"22"	"Cawley, A P"	"Nolan, Paul"
"16:55:00"	"2007-04-10"	"Fairyhouse"	"Not Today Sir (IRE)"	"8.00"	"0"	"Handicap Chase"	"PU"	"22"	"Russell, D N"	"Flynn, Michael"
"16:10:00"	"2007-04-09"	"Cork"	"LordTipple (IRE)"	"14.00"	"0"	"Hunters Chase"	"14"	"20"	"OConnell, Mr B T"	"Perry, W J"
"16:10:00"	"2007-04-09"	"Cork"	"Phar The Best (IRE)"	"20.00"	"0"	"Hunters Chase"	"PU"	"20"	"Ryan, Mr J A"	"Stanners, Edward"
"16:10:00"	"2007-04-09"	"Cork"	"Encore Du Vin (IRE)"	"8.00"	"0"	"Hunters Chase"	"UR"	"20"	"Hickey, Mr M D"	"Murphy, John Joseph"
"15:55:00"	"2007-04-09"	"Fairyhouse"	"One Four Shannon (IRE)"	"66.00"	"0"	"Handicap Chase"	"PU"	"29"	"Ryan, T G M"	"Ryan, D J"
"15:55:00"	"2007-04-09"	"Fairyhouse"	"All In The Stars (IRE)"	"33.00"	"0"	"Handicap Chase"	"PU"	"29"	"Mulholland, Neil"	"Keane, D P"
"16:00:00"	"2007-03-16"	"Cheltenham"	"Drombeag (IRE)"	"20.00"	"0"	"Hunters Chase"	"1"	"24"	"McNamara, Mr J T"	"ONeill, Jonjo and AJ"
"16:00:00"	"2007-03-16"	"Cheltenham"	"Cobreces"	"25.00"	"0"	"Hunters Chase"	"8"	"24"	"Snowden, Jamie"	"Borradaile, Mrs L"
"16:00:00"	"2007-03-16"	"Cheltenham"	"Christy Beamish (IRE)"	"20.00"	"0"	"Hunters Chase"	"PU"	"24"	"Hill, Mr W"	"Jones, P"
"16:40:00"	"2007-03-14"	"Cheltenham"	"Almost Broke"	"100.00"	"0"	"Handicap Chase"	"11"	"24"	"Horner, Miss L"	"Brown, G"
"16:00:00"	"2007-03-13"	"Cheltenham"	"Joes Edge (IRE)"	"50.00"	"0"	"Handicap Chase"	"1"	"23"	"Russell, D N"	"Murphy, Ferdy"
"16:00:00"	"2007-03-13"	"Cheltenham"	"Rambling Minster"	"8.00"	"0"	"Handicap Chase"	"9"	"23"	"McGrath, Richard"	"Reveley, K G"
"16:00:00"	"2007-03-13"	"Cheltenham"	"St Matthew (USA)"	"80.00"	"0"	"Handicap Chase"	"13"	"23"	"Collier, Tjade"	"Smith, Mrs S J"
"14:45:00"	"2006-08-05"	"Galway"	"Marco The Builder (IRE)"	"14.00"	"0"	"Handicap Chase"	"10"	"22"	"Allen, J M"	"McElhone, Michael"
"14:45:00"	"2006-08-05"	"Galway"	"No Big Rush (IRE)"	"14.00"	"0"	"Handicap Chase"	"F"	"22"	"Ferris, M J"	"Brassil, John"
"15:40:00"	"2006-08-02"	"Galway"	"Light On The Broom (IRE)"	"33.00"	"0"	"Handicap Chase"	"8"	"22"	"Cotter, G"	"Stack, Gerard"
"15:40:00"	"2006-08-02"	"Galway"	"Ball O Malt (IRE)"	"16.00"	"0"	"Handicap Chase"	"F"	"22"	"Ross, Anthony"	"Fahey, R A"
"17:10:00"	"2006-06-10"	"Cork"	"Clearly In Motion (IRE)"	"14.00"	"0"	"Handicap Chase"	"9"	"20"	"ORegan, Denis"	"Kelleher, Gerard"
"17:10:00"	"2006-06-10"	"Cork"	"Ghlaisebhui"	"14.00"	"0"	"Handicap Chase"	"PU"	"20"	"Russell, D N"	"OCallaghan, Timothy"
"18:10:00"	"2006-04-26"	"Punchestown"	"Whyso Mayo (IRE)"	"5.00"	"0"	"Hunters Chase"	"1"	"19"	"Murphy, Mr D"	"Hurley, Raymond"
"18:10:00"	"2006-04-26"	"Punchestown"	"Hersov (IRE)"	"33.00"	"0"	"Hunters Chase"	"14"	"19"	"Macmahon, Miss C J"	"Christie, D M"
"18:10:00"	"2006-04-26"	"Punchestown"	"Abbeytown (IRE)"	"14.00"	"0"	"Hunters Chase"	"16"	"19"	"Codd, Mr J J"	"Riordan, Mrs Jeanette"
"18:10:00"	"2006-04-26"	"Punchestown"	"De Chirico (IRE)"	"50.00"	"0"	"Hunters Chase"	"PU"	"19"	"Carroll, Mr J T"	"Treacy, Martin M"
"14:05:00"	"2006-04-25"	"Punchestown"	"Red Setter (IRE)"	"14.00"	"0"	"Hunters Chase"	"3"	"24"	"Kinirons, Mr A E"	"Kinirons, Mrs Dorothy"
"14:05:00"	"2006-04-25"	"Punchestown"	"Arctic Times (IRE)"	"5.00"	"0"	"Hunters Chase"	"5"	"24"	"Harding, Mr R O"	"OSullivan, Eugene M"
"15:30:00"	"2006-04-22"	"Ayr"	"Royal Emperor (IRE)"	"50.00"	"0"	"Handicap Chase"	"3"	"30"	"Elsworth, Dominic"	"Smith, Mrs S J"
"15:30:00"	"2006-04-22"	"Ayr"	"Philson Run (IRE)"	"33.00"	"0"	"Handicap Chase"	"6"	"30"	"Mercer, Keith"	"Williams, Nick"
"15:30:00"	"2006-04-22"	"Ayr"	"Calling Brave (IRE)"	"66.00"	"0"	"Handicap Chase"	"14"	"30"	"Foley, Marcus"	"Henderson, N J"
"16:55:00"	"2006-04-18"	"Fairyhouse"	"Count Rossini (IRE)"	"25.00"	"0"	"Handicap Chase"	"4"	"26"	"Condon, D J"	"Aherne, Sean"
"16:55:00"	"2006-04-18"	"Fairyhouse"	"Eurotrack (IRE)"	"50.00"	"0"	"Handicap Chase"	"LFT"	"26"	"Hutchinson, G T"	"OConnor, P C"
"16:55:00"	"2006-04-18"	"Fairyhouse"	"Just Cruising (IRE)"	"33.00"	"0"	"Handicap Chase"	"PU"	"26"	"Howard, D J"	"Moore, A L T"
"16:55:00"	"2006-04-18"	"Fairyhouse"	"Saynothing (IRE)"	"50.00"	"0"	"Handicap Chase"	"PU"	"26"	"Carberry, P A"	"Brennan, James Francis"
"15:50:00"	"2006-04-17"	"Fairyhouse"	"Doodle Addle (IRE)"	"66.00"	"0"	"Handicap Chase"	"9"	"26"	"Crowe, A P"	"Dreaper, J T R"
"15:50:00"	"2006-04-17"	"Fairyhouse"	"Colonel Monroe (IRE)"	"66.00"	"0"	"Handicap Chase"	"PU"	"26"	"Flood, P W"	"OGrady, E J"
"15:50:00"	"2006-04-17"	"Fairyhouse"	"Kymandjen (IRE)"	"25.00"	"0"	"Handicap Chase"	"PU"	"26"	"Cullen, J L"	"Nolan, Paul"
"15:45:00"	"2006-04-07"	"Aintree"	"Polar Red"	"33.00"	"0"	"Handicap Chase"	"7"	"29"	"Malone, Tom"	"Pipe, M C"
"15:45:00"	"2006-04-07"	"Aintree"	"Mixsterthetrixster (USA)"	"14.00"	"0"	"Handicap Chase"	"10"	"29"	"Thornton, Andrew"	"Barfoot-Saunt, Mrs Tracey"
"15:45:00"	"2006-04-07"	"Aintree"	"Almost Broke"	"11.00"	"0"	"Handicap Chase"	"F"	"29"	"Walsh, R"	"Nicholls, P F"
"15:45:00"	"2006-04-07"	"Aintree"	"Kings Glen (IRE)"	"16.00"	"0"	"Handicap Chase"	"UR"	"29"	"Carberry, P A"	"Carberry, Thomas"
"15:45:00"	"2006-04-07"	"Aintree"	"Dangerousdanmagru (IRE)"	"100.00"	"0"	"Handicap Chase"	"UR"	"29"	"Foley, Marcus"	"Jones, A E"
"15:45:00"	"2006-04-06"	"Aintree"	"Junior Fontaine (FR)"	"66.00"	"0"	"Hunters Chase"	"5"	"30"	"Coward, Miss J"	"Easterby, David M"
"15:45:00"	"2006-04-06"	"Aintree"	"Bill Haze"	"20.00"	"0"	"Hunters Chase"	"6"	"30"	"Sheldrake, Mr P"	"Dando, P C"
"15:45:00"	"2006-04-06"	"Aintree"	"Munster (IRE)"	"14.00"	"0"	"Hunters Chase"	"8"	"30"	"Moore, Mr J D"	"Moore, A L T"
"15:45:00"	"2006-04-06"	"Aintree"	"Abbeytown (IRE)"	"12.00"	"0"	"Hunters Chase"	"F"	"30"	"Codd, Mr J J"	"Riordan, Mrs Jeanette"
"15:45:00"	"2006-04-06"	"Aintree"	"Gatsby (IRE)"	"12.00"	"0"	"Hunters Chase"	"PU"	"30"	"Pritchard, Mr J M"	"Groucott, J B"
"15:45:00"	"2006-04-06"	"Aintree"	"Hersov (IRE)"	"33.00"	"0"	"Hunters Chase"	"UR"	"30"	"OConnor, Derek"	"Christie, D M"
"16:00:00"	"2006-03-17"	"Cheltenham"	"Whyso Mayo (IRE)"	"20.00"	"0"	"Hunters Chase"	"1"	"24"	"Murphy, Mr D"	"Hurley, Raymond"
"16:00:00"	"2006-03-17"	"Cheltenham"	"Gatsby (IRE)"	"50.00"	"0"	"Hunters Chase"	"8"	"24"	"Pritchard, Mr J M"	"Groucott, J B"
"16:00:00"	"2006-03-17"	"Cheltenham"	"Bedtime Boys"	"33.00"	"0"	"Hunters Chase"	"11"	"24"	"Docker, Mr J"	"Campbell, Miss H"
"16:00:00"	"2006-03-17"	"Cheltenham"	"Boneyarrow (IRE)"	"25.00"	"0"	"Hunters Chase"	"F"	"24"	"Codd, Mr J J"	"Griffin, Eoin"
"16:00:00"	"2006-03-16"	"Cheltenham"	"Too Forward (IRE)"	"16.00"	"0"	"Handicap Chase"	"UR"	"24"	"Dobbin, Tony"	"Pitman, M"
"16:00:00"	"2006-03-14"	"Cheltenham"	"Irish Hussar (IRE)"	"66.00"	"0"	"Handicap Chase"	"3"	"21"	"Foley, Marcus"	"Henderson, N J"
"16:00:00"	"2006-03-14"	"Cheltenham"	"Mixsterthetrixster (USA)"	"100.00"	"0"	"Handicap Chase"	"10"	"21"	"Tizzard, Joe"	"Barfoot-Saunt, Mrs Tracey"
"14:45:00"	"2005-07-30"	"Galway"	"Ballynattin Buck (IRE)"	"20.00"	"0"	"Handicap Chase"	"8"	"20"	"Cash, B M"	"Moore, A L T"
"15:40:00"	"2005-07-27"	"Galway"	"Light On The Broom (IRE)"	"25.00"	"0"	"Handicap Chase"	"3"	"22"	"Walsh, M P"	"Stack, Gerard"
"15:40:00"	"2005-07-27"	"Galway"	"Wests Awake (IRE)"	"33.00"	"0"	"Handicap Chase"	"11"	"22"	"Flynn, Paul W"	"Madden, I"
"15:40:00"	"2005-07-27"	"Galway"	"Kickham (IRE) (OLD)"	"7.50"	"0"	"Handicap Chase"	"F"	"22"	"McCoy, A P"	"OGrady, E J"
"15:40:00"	"2005-07-27"	"Galway"	"KidZPlay (IRE)"	"25.00"	"0"	"Handicap Chase"	"PU"	"22"	"Dempsey, Alan"	"Goldie, J S"
"20:15:00"	"2005-07-09"	"Fairyhouse"	"Bowling Green (IRE)"	"14.00"	"0"	"Handicap Chase"	"3"	"20"	"Power, I J"	"Lenihan, P R"
"20:15:00"	"2005-07-09"	"Fairyhouse"	"Akasian (IRE)"	"12.00"	"0"	"Handicap Chase"	"10"	"20"	"Elliott, J P"	"Hughes, P"
"20:15:00"	"2005-07-09"	"Fairyhouse"	"Firaalla (IRE)"	"25.00"	"0"	"Handicap Chase"	"11"	"20"	"Duff, Mr A T"	"Cromwell, J G"
"20:15:00"	"2005-07-09"	"Fairyhouse"	"Harry Husyan (IRE)"	"7.00"	"0"	"Handicap Chase"	"REF"	"20"	"Flynn, Paul W"	"Keane, Gerard"
"14:00:00"	"2005-04-29"	"Punchestown"	"Andiamo (IRE)"	"33.00"	"0"	"Handicap Chase"	"PU"	"25"	"Callaghan, W O"	"Murphy, John Joseph"
"16:55:00"	"2005-04-28"	"Punchestown"	"The Culdee (IRE)"	"12.00"	"0"	"Handicap Chase"	"F"	"21"	"Cullen, J L"	"Flood, Francis J"
"16:55:00"	"2005-04-28"	"Punchestown"	"Darkn Sharp (GER)"	"33.00"	"0"	"Handicap Chase"	"PU"	"21"	"Fitzgerald, Mick"	"Phillips, R T"
"16:55:00"	"2005-04-28"	"Punchestown"	"Hume Castle (IRE)"	"16.00"	"0"	"Handicap Chase"	"PU"	"21"	"Power, R M"	"Harrington, Mrs John"
"16:55:00"	"2005-04-28"	"Punchestown"	"Ross River"	"25.00"	"0"	"Handicap Chase"	"PU"	"21"	"Widger, Mr R"	"Donohoe, S"
"18:05:00"	"2005-04-27"	"Punchestown"	"Never Compromise (IRE)"	"6.00"	"0"	"Hunters Chase"	"7"	"19"	"Walsh, Ms K"	"Walsh, T M"
"18:05:00"	"2005-04-27"	"Punchestown"	"Royal Scandal (OLD)"	"33.00"	"0"	"Hunters Chase"	"9"	"19"	"OFarrell, J P"	"Ferguson, I R"
"18:05:00"	"2005-04-27"	"Punchestown"	"Arctic Times (IRE)"	"10.00"	"0"	"Hunters Chase"	"PU"	"19"	"McNamara, Mr J T"	"OSullivan, Eugene M"
"18:05:00"	"2005-04-27"	"Punchestown"	"De Chirico (IRE)"	"33.00"	"0"	"Hunters Chase"	"PU"	"19"	"Feeney, Mr T"	"Treacy, S J"
"15:25:00"	"2005-04-16"	"Ayr"	"Philson Run (IRE)"	"12.00"	"0"	"Handicap Chase"	"7"	"20"	"Durack, S E"	"Williams, Nick"
"15:25:00"	"2005-04-16"	"Ayr"	"Iris Bleu (FR)"	"16.00"	"0"	"Handicap Chase"	"8"	"20"	"Scudamore, Tom"	"Pipe, M C"
"15:45:00"	"2005-04-08"	"Aintree"	"Impek (FR)"	"16.00"	"0"	"Handicap Chase"	"5"	"30"	"Culloty, J"	"Knight, Miss H C"
"15:45:00"	"2005-04-08"	"Aintree"	"Wain Mountain"	"25.00"	"0"	"Handicap Chase"	"8"	"30"	"Hutchinson, Wayne"	"Old, J A B"
"15:45:00"	"2005-04-08"	"Aintree"	"Turgeonev (FR)"	"33.00"	"0"	"Handicap Chase"	"18"	"30"	"OMeara, David"	"Easterby, T D"
"15:45:00"	"2005-04-08"	"Aintree"	"Be My Better Half (IRE)"	"25.00"	"0"	"Handicap Chase"	"20"	"30"	"ODwyer, C"	"Moore, A L T"
"15:45:00"	"2005-04-08"	"Aintree"	"Hersov (IRE)"	"40.00"	"0"	"Handicap Chase"	"21"	"30"	"Harding, Brian"	"Roche, Paul A"
"15:45:00"	"2005-04-08"	"Aintree"	"Present Bleu (FR)"	"100.00"	"0"	"Handicap Chase"	"F"	"30"	"Davies, James"	"Scudamore, M J"
"15:45:00"	"2005-04-08"	"Aintree"	"Historic (IRE) (OLD)"	"66.00"	"0"	"Handicap Chase"	"F"	"30"	"Maguire, Jason"	"George, T R"
"15:45:00"	"2005-04-08"	"Aintree"	"Wild Tempo (FR)"	"125.00"	"0"	"Handicap Chase"	"PU"	"30"	"Scudamore, Tom"	"Scudamore, M J"
"15:45:00"	"2005-04-07"	"Aintree"	"Katarino (FR)"	"3.33"	"0"	"Hunters Chase"	"1"	"30"	"Waley-Cohen, Mr S"	"Waley-Cohen, R"
"15:45:00"	"2005-04-07"	"Aintree"	"Venn Ottery"	"25.00"	"0"	"Hunters Chase"	"7"	"30"	"Glassonbury, Andrew"	"Pipe, M C"
"15:45:00"	"2005-04-07"	"Aintree"	"Star Jack (FR)"	"16.00"	"0"	"Hunters Chase"	"8"	"30"	"Robson, Miss P"	"Parker, Dave"
"15:45:00"	"2005-04-07"	"Aintree"	"Never Compromise (IRE)"	"8.00"	"0"	"Hunters Chase"	"F"	"30"	"OConnor, Derek"	"Walsh, T M"
"15:45:00"	"2005-04-07"	"Aintree"	"Hot Plunge"	"100.00"	"0"	"Hunters Chase"	"F"	"30"	"Owen, Mr J"	"Lomax, Mrs J P"
"15:45:00"	"2005-04-07"	"Aintree"	"Beachcomber Bay (IRE) (OLD)"	"40.00"	"0"	"Hunters Chase"	"UR"	"30"	"Keeling, Mr J T"	"Keeling, I J"
"15:45:00"	"2005-04-07"	"Aintree"	"Gatsby (IRE)"	"25.00"	"0"	"Hunters Chase"	"UR"	"30"	"Fowler, Mr R H"	"Groucott, J B"
"16:00:00"	"2005-03-18"	"Cheltenham"	"Sleeping Night (FR)"	"3.50"	"0"	"Hunters Chase"	"1"	"24"	"Sweeney, Mr C J"	"Nicholls, P F"
"16:00:00"	"2005-03-18"	"Cheltenham"	"Gatsby (IRE)"	"40.00"	"0"	"Hunters Chase"	"5"	"24"	"Pritchard, Mr J M"	"Groucott, J B"
"16:00:00"	"2005-03-18"	"Cheltenham"	"Ourman (IRE)"	"100.00"	"0"	"Hunters Chase"	"PU"	"24"	"Bell, Mr N M"	"Bell, Nick"
"16:00:00"	"2005-03-18"	"Cheltenham"	"Kingston Venture"	"66.00"	"0"	"Hunters Chase"	"PU"	"24"	"Barnes, Mr J"	"Parfitt, Miss C"
"16:00:00"	"2005-03-17"	"Cheltenham"	"Multeen River (IRE) (OLD)"	"33.00"	"0"	"Handicap Chase"	"10"	"22"	"Casey, D J"	"ONeill, Jonjo and AJ"
"16:00:00"	"2005-03-17"	"Cheltenham"	"The Villager (IRE)"	"50.00"	"0"	"Handicap Chase"	"11"	"22"	"Scudamore, Tom"	"Scudamore, M J"
"16:00:00"	"2005-03-17"	"Cheltenham"	"Europa"	"20.00"	"0"	"Handicap Chase"	"BD"	"22"	"Maguire, Jason"	"Murphy, Ferdy"
"16:40:00"	"2005-03-16"	"Cheltenham"	"Indalo (IRE) (OLD)"	"10.00"	"0"	"Handicap Chase"	"16"	"24"	"Williams, Mr Nick"	"Williams, Miss Venetia"
"16:00:00"	"2005-03-15"	"Cheltenham"	"Irish Hussar (IRE)"	"33.00"	"0"	"Handicap Chase"	"3"	"20"	"Fitzgerald, Mick"	"Henderson, N J"
"16:00:00"	"2005-03-15"	"Cheltenham"	"Chives (IRE)"	"50.00"	"0"	"Handicap Chase"	"4"	"20"	"Elsworth, Dominic"	"Smith, Mrs S J"
"16:00:00"	"2005-03-15"	"Cheltenham"	"Swansea Bay"	"33.00"	"0"	"Handicap Chase"	"10"	"20"	"Aspell, Leighton"	"Bowen, Peter / Michael"
"16:00:00"	"2005-03-15"	"Cheltenham"	"Colourful Life (IRE)"	"7.00"	"0"	"Handicap Chase"	"F"	"20"	"Walsh, R"	"Nicholls, P F"
"16:00:00"	"2005-03-15"	"Cheltenham"	"Heros Collonges (FR)"	"10.00"	"0"	"Handicap Chase"	"PU"	"20"	"Williams, Christian"	"Nicholls, P F"
"14:45:00"	"2004-07-31"	"Galway"	"Bob What (IRE)"	"10.00"	"0"	"Handicap Chase"	"7"	"20"	"ODwyer, C"	"Mullins, Thomas"
"15:40:00"	"2004-07-28"	"Galway"	"Ballyamber (IRE)"	"20.00"	"0"	"Handicap Chase"	"17"	"22"	"McNamara, Andrew J"	"Mullins, W P"
"17:20:00"	"2004-04-28"	"Cheltenham"	"Boyne Banks (IRE)"	"66.00"	"0"	"Hunters Chase"	"10"	"19"	"Disney, Lt G"	"Stafford, Mrs Sarah"
"17:20:00"	"2004-04-28"	"Cheltenham"	"Supreme Storm (IRE)"	"66.00"	"0"	"Hunters Chase"	"11"	"19"	"Bandey, Mr R"	"Buckett, Mrs D"
"14:40:00"	"2004-04-17"	"Ayr"	"Maximize (IRE)"	"28.00"	"0"	"Handicap Chase"	"3"	"28"	"Moore, Jamie"	"Pipe, M C"
"14:40:00"	"2004-04-17"	"Ayr"	"Granit DEstruval (FR)"	"25.00"	"0"	"Handicap Chase"	"F"	"28"	"Harding, Brian"	"Murphy, Ferdy"
"15:50:00"	"2004-04-12"	"Fairyhouse"	"Native Jack (IRE)"	"12.00"	"0"	"Handicap Chase"	"4"	"28"	"ODwyer, C"	"Moore, A L T"
"15:50:00"	"2004-04-12"	"Fairyhouse"	"Back On Top (IRE) (OLD)"	"20.00"	"0"	"Handicap Chase"	"PU"	"28"	"McNamara, Mr J T"	"Hassett, J L"
"15:50:00"	"2004-04-12"	"Fairyhouse"	"Good Vintage (IRE)"	"50.00"	"0"	"Handicap Chase"	"REF"	"28"	"ORegan, Denis"	"Meade, Noel"
"15:45:00"	"2004-04-02"	"Aintree"	"Flinders Chase"	"66.00"	"0"	"Handicap Chase"	"4"	"29"	"Fehily, Noel"	"Mann, C J"
"15:45:00"	"2004-04-02"	"Aintree"	"Young Whack (IRE)"	"33.00"	"0"	"Handicap Chase"	"5"	"29"	"McGrath, Richard"	"Johnson, J Howard"
"15:45:00"	"2004-04-02"	"Aintree"	"Tenshookmen (IRE)"	"100.00"	"0"	"Handicap Chase"	"12"	"29"	"Barry, J R"	"Codd, W F"
"15:45:00"	"2004-04-02"	"Aintree"	"Scots Grey"	"8.00"	"0"	"Handicap Chase"	"F"	"29"	"Fitzgerald, Mick"	"Henderson, N J"
"15:45:00"	"2004-04-02"	"Aintree"	"Native Beat (IRE)"	"50.00"	"0"	"Handicap Chase"	"UR"	"29"	"Duggan, Miss D"	"Fowler, J R H"
"15:45:00"	"2004-04-01"	"Aintree"	"Cape Stormer (IRE)"	"7.00"	"0"	"Hunters Chase"	"8"	"25"	"Gorman, Mr M"	"Gorman, Mrs C M"
"15:45:00"	"2004-04-01"	"Aintree"	"Itsmyturnnow (IRE)"	"100.00"	"0"	"Hunters Chase"	"12"	"25"	"Gordon, Mr C"	"Roberts, M J"
"15:45:00"	"2004-04-01"	"Aintree"	"Imperial Line (IRE)"	"100.00"	"0"	"Hunters Chase"	"15"	"25"	"Jackson, Miss T"	"Thompson, H L"
"15:45:00"	"2004-04-01"	"Aintree"	"Farnando (IRE)"	"100.00"	"0"	"Hunters Chase"	"F"	"25"	"Barfoot-Saunt, Mr G"	"Parkyn, S G"
"16:00:00"	"2004-03-18"	"Cheltenham"	"Never Compromise (IRE)"	"4.50"	"0"	"Hunters Chase"	"2"	"24"	"Crowe, A P"	"Walsh, T M"
"16:00:00"	"2004-03-18"	"Cheltenham"	"Always On The Line (IRE)"	"50.00"	"0"	"Hunters Chase"	"F"	"24"	"Merriam, Alex"	"Barber, R"
"16:00:00"	"2004-03-18"	"Cheltenham"	"Sheriffs Friend (IRE)"	"20.00"	"0"	"Hunters Chase"	"PU"	"24"	"Gordon, Mr C"	"Gordon, Mrs Jenny"
"16:40:00"	"2004-03-16"	"Cheltenham"	"Maximize (IRE)"	"40.00"	"0"	"Handicap Chase"	"1"	"22"	"Edwards, Mr D"	"Pipe, M C"
"15:40:00"	"2003-07-30"	"Galway"	"Glynn Dingle (IRE)"	"16.00"	"0"	"Handicap Chase"	"3"	"22"	"Lee, G"	"Martin, A J"
"15:40:00"	"2003-07-30"	"Galway"	"Back On Top (IRE) (OLD)"	"3.33"	"0"	"Handicap Chase"	"4"	"22"	"Barry, J R"	"Hassett, J L"
"17:35:00"	"2003-04-30"	"Punchestown"	"Slaney Lord (IRE)"	"33.00"	"0"	"Hunters Chase"	"PU"	"21"	"Quinlan, Mr R P"	"Slevin, S"
"17:35:00"	"2003-04-30"	"Punchestown"	"Be My Judge (IRE)"	"25.00"	"0"	"Hunters Chase"	"UR"	"21"	"Cashman, Mr P"	"Kennedy, A J"
"17:30:00"	"2003-04-29"	"Punchestown"	"Jeremy Spider"	"16.00"	"0"	"Handicap Chase"	"5"	"28"	"Williamson, N"	"Tizzard, C L"
"17:30:00"	"2003-04-29"	"Punchestown"	"Big Frank (IRE)"	"50.00"	"0"	"Handicap Chase"	"PU"	"28"	"Madden, M P"	"Fahy, P A"
"17:30:00"	"2003-04-29"	"Punchestown"	"Itsonlyme (IRE)"	"20.00"	"0"	"Handicap Chase"	"PU"	"28"	"Crowley, B J"	"Williams, Miss Venetia"
"15:50:00"	"2003-04-21"	"Fairyhouse"	"Spot Thedifference (IRE)"	"28.00"	"0"	"Handicap Chase"	"10"	"21"	"Casey, D J"	"Bolger, E"
"15:50:00"	"2003-04-21"	"Fairyhouse"	"Falcon Du Coteau (FR)"	"20.00"	"0"	"Handicap Chase"	"17"	"21"	"Barry, J R"	"Martin, A J"
"15:50:00"	"2003-04-21"	"Fairyhouse"	"Native Jack (IRE)"	"14.00"	"0"	"Handicap Chase"	"F"	"21"	"Howard, D J"	"Moore, A L T"
"15:30:00"	"2003-04-12"	"Ayr"	"Sir Frosty"	"20.00"	"0"	"Handicap Chase"	"UR"	"19"	"Bradburne, Mark"	"Ryall, B J M"
"15:45:00"	"2003-04-04"	"Aintree"	"Mr Bossman (IRE)"	"12.00"	"0"	"Handicap Chase"	"4"	"29"	"Oliver, Henry"	"Guest, R C"
"15:45:00"	"2003-04-04"	"Aintree"	"Jeremy Spider"	"25.00"	"0"	"Handicap Chase"	"8"	"29"	"Tizzard, Joe"	"Tizzard, C L"
"15:45:00"	"2003-04-04"	"Aintree"	"Tonoco"	"12.00"	"0"	"Handicap Chase"	"12"	"29"	"Elsworth, Dominic"	"Smith, Mrs S J"
"15:45:00"	"2003-04-04"	"Aintree"	"Ceanannas Mor (IRE)"	"25.00"	"0"	"Handicap Chase"	"PU"	"29"	"Fitzgerald, Mick"	"Henderson, N J"
"15:45:00"	"2003-04-03"	"Aintree"	"Gallant Glen (IRE)"	"16.00"	"0"	"Hunters Chase"	"6"	"21"	"Morris, Mr S"	"Harding-Jones, Perry"
"15:45:00"	"2003-04-03"	"Aintree"	"The Dangler (IRE)"	"100.00"	"0"	"Hunters Chase"	"11"	"21"	"Michael, Capt A"	"Young, Mrs L J"
"15:45:00"	"2003-04-03"	"Aintree"	"Dam The Breeze"	"50.00"	"0"	"Hunters Chase"	"F"	"21"	"Williams, Mr E"	"Williams, Evan"
"15:45:00"	"2003-04-03"	"Aintree"	"Laganside (IRE)"	"66.00"	"0"	"Hunters Chase"	"PU"	"21"	"Muir, Mr J"	"Muir, J F W"
"15:45:00"	"2003-04-03"	"Aintree"	"Son Of Anshan"	"8.00"	"0"	"Hunters Chase"	"UR"	"21"	"Tuer, Mr G"	"Tuer, G"
"15:45:00"	"2003-04-03"	"Aintree"	"Spot Thedifference (IRE)"	"5.00"	"0"	"Hunters Chase"	"UR"	"21"	"McNamara, Mr J T"	"Bolger, E"
"16:00:00"	"2003-03-13"	"Cheltenham"	"Spot Thedifference (IRE)"	"14.00"	"0"	"Hunters Chase"	"6"	"24"	"McNamara, Mr J T"	"Bolger, E"
"16:00:00"	"2003-03-13"	"Cheltenham"	"Galway (IRE)"	"50.00"	"0"	"Hunters Chase"	"PU"	"24"	"Burton, Mr R"	"Scudamore, Mrs Marilyn"
"17:10:00"	"2003-03-12"	"Cheltenham"	"Arctic Fancy (USA)"	"50.00"	"0"	"Handicap Chase"	"13"	"19"	"Murphy, Timmy"	"Knight, Miss H C"
"16:40:00"	"2003-03-11"	"Cheltenham"	"Royal Predica (FR)"	"33.00"	"0"	"Handicap Chase"	"1"	"23"	"McHugh, Mr S"	"Pipe, M C"
"16:40:00"	"2003-03-11"	"Cheltenham"	"Skippers Cleuch (IRE)"	"20.00"	"0"	"Handicap Chase"	"18"	"23"	"Hamilton, Mr B R"	"Lungo, L"
 