RTime	Date	track	Qualifier	Odds_Numeric	Odds_Exchange	Race_Type	Position	Runners	Jockey	Trainer	
"17:40:00"	"2026-07-24"	"Kilbeggan"	"Finnicky Filly (IRE)"	"8.50"	"12.47"	"Handicap Hurdle"	"5"	"16"	"Kenneally, Michael"	"Ryan, John Patrick"
"18:20:00"	"2026-07-23"	"Wexford"	"Phildante (IRE)"	"3.33"	"5.5"	"Handicap Hurdle"	"1"	"14"	"Halford, Mr J M"	"Doyle, Eoin"
"17:10:00"	"2026-07-23"	"Wexford"	"Ladiam (IRE)"	"20.00"	"28"	"Handicap Hurdle"	"3"	"14"	"Costello, Ms E C"	"Lee, Norman"
"17:10:00"	"2026-07-23"	"Wexford"	"An Peann Dearg (IRE)"	"18.00"	"29.79"	"Handicap Hurdle"	"11"	"14"	"Benson, Miss G"	"Nolan, Paul"
"14:42:00"	"2026-07-20"	"Cartmel"	"Zuul"	"8.00"	"10.5"	"Handicap Hurdle"	"4"	"9"	"Collier, Ellis"	"Menzies, Rebecca"
"16:21:00"	"2026-07-18"	"Cartmel"	"Star Turn"	"4.50"	"6"	"Handicap Chase"	"5"	"10"	"Murray, Mr J P"	"Bowen, Mickey"
"15:10:00"	"2026-07-18"	"Cartmel"	"Heart Above"	"33.00"	"44"	"Handicap Hurdle"	"9"	"11"	"Obrien, Miss Fern"	"Sayer, Mrs Dianne"
"14:45:00"	"2026-07-18"	"Market Rasen"	"King Roly"	"9.00"	"11"	"Handicap Chase"	"9"	"13"	"Fenelon, S"	"Bowen, Mickey"
"15:07:00"	"2026-07-14"	"Downpatrick"	"Gortmore Lady (IRE)"	"11.00"	"16"	"Handicap Hurdle"	"3"	"15"	"Costello, Mr J"	"Murphy, Ciaran"
"15:07:00"	"2026-07-14"	"Downpatrick"	"Centaq (IRE)"	"5.00"	"8"	"Handicap Hurdle"	"8"	"15"	"Balfe, A"	"McLoughlin, D A"
"21:00:00"	"2026-07-10"	"Worcester"	"Hold Your Fort (IRE)"	"4.50"	"6.6"	"Handicap Hurdle"	"5"	"9"	"Murray, Mr J P"	"Hamer, Mrs D A"
"19:07:00"	"2026-07-10"	"Kilbeggan"	"Orkneys Jack (IRE)"	"8.00"	"11.36"	"Beginners Chase"	"5"	"6"	"Sampson, Mr J P"	"Young, L"
"18:15:00"	"2026-07-10"	"Cork"	"Gino Bella (IRE)"	"3.33"	"5.06"	"Handicap Hurdle"	"1"	"23"	"OSullivan, Alan"	"Foley, Patrick T"
"18:23:00"	"2026-07-02"	"Limerick"	"Cocovic (IRE)"	"2.50"	"4.1"	"Handicap Hurdle"	"5"	"14"	"OBrien, P M"	"McNamara, E"
"19:12:00"	"2026-06-15"	"Kilbeggan"	"Charlies Gift (IRE)"	"4.00"	"5.19"	"Handicap Hurdle"	"PU"	"14"	"Millar, Mr C P"	"Burke, John M"
"14:50:00"	"2026-06-14"	"Downpatrick"	"Hillhead Runner (IRE)"	"11.00"	"12.97"	"Handicap Hurdle"	"7"	"12"	"OSullivan, Alan"	"Byrnes, C"
"16:55:00"	"2026-06-13"	"Downpatrick"	"Miss Lia (IRE)"	"4.50"	"7.2"	"Handicap Chase"	"6"	"12"	"Healy, Mr Kevin"	"Rothwell, P J"
"14:00:00"	"2026-06-13"	"Downpatrick"	"Warm In Gorey (IRE)"	"5.50"	"7.43"	"Handicap Hurdle"	"3"	"11"	"OCallaghan, Shane"	"Rothwell, P J"
"16:52:00"	"2026-06-07"	"Punchestown"	"Good World (IRE)"	"22.00"	"36"	"Handicap Hurdle"	"10"	"13"	"OCallaghan, Shane"	"Griffin, Eoin"
"15:42:00"	"2026-06-07"	"Punchestown"	"Prophetess Miriam (IRE)"	"11.00"	"17.52"	"Maiden Hurdle"	"9"	"18"	"Brickley, Mr F D"	"Collins, C M"
"14:32:00"	"2026-06-07"	"Punchestown"	"Dutch Schultz"	"20.00"	"27"	"Handicap Chase"	"6"	"12"	"Balfe, A"	"Cromwell, Gavin Patrick"
"15:00:00"	"2026-06-06"	"Punchestown"	"Bodhisattva (IRE)"	"25.00"	"44"	"Handicap Chase"	"F"	"16"	"Kidd, D A"	"McConnell, John C"
"18:45:00"	"2026-06-05"	"Clonmel"	"In The Trenches"	"2.50"	"3.75"	"Maiden Hurdle"	"2"	"15"	"Finegan, Mr E"	"Cromwell, Gavin Patrick"
"16:00:00"	"2026-06-04"	"Uttoxeter"	"Hillsin (IRE)"	"18.00"	"22"	"Handicap Hurdle"	"7"	"7"	"Turner, James"	"Jones, A E"
"14:41:00"	"2026-05-30"	"Listowel"	"Penny Express (IRE)"	"28.00"	"90"	"Maiden Hurdle"	"4"	"17"	"Williamson, Mr J H"	"Elliott, Gordon"
"19:35:00"	"2026-05-29"	"Tramore"	"The Monkey Pole (IRE)"	"12.00"	"13.69"	"Handicap Hurdle"	"4"	"6"	"Condon, R J"	"Dooly, N"
"19:00:00"	"2026-05-29"	"Tramore"	"Brianna Lily (IRE)"	"8.00"	"14.51"	"Handicap Hurdle"	"6"	"16"	"Williamson, Mr J H"	"Barcoe, James M"
"16:50:00"	"2026-05-29"	"Tramore"	"Mount Shenshan (IRE)"	"7.50"	"11.33"	"Beginners Chase"	"5"	"10"	"Cullinan, Mr C"	"Mullins, Thomas"
"20:42:00"	"2026-05-28"	"Market Rasen"	"Bunker Bay (IRE)"	"4.00"	"5.57"	"Handicap Hurdle"	"1"	"7"	"Thompson, Joshua"	"Hammond, Micky"
"19:49:00"	"2026-05-27"	"Wexford"	"Hitthehayson (IRE)"	"6.00"	"9.05"	"Handicap Hurdle"	"10"	"14"	"Williamson, Mr J H"	"Donoghue, Ian"
"16:42:00"	"2026-05-27"	"Wexford"	"Hasten Slowly (IRE)"	"12.00"	"16"	"Claimer Hurdle"	"7"	"9"	"Kidd, D A"	"McConnell, John C"
"18:35:00"	"2026-05-25"	"Ballinrobe"	"Conyers Hill (IRE)"	"8.00"	"10.98"	"Handicap Chase"	"2"	"16"	"OSullivan, Alan"	"Nolan, Paul"
"15:23:00"	"2026-05-25"	"Cartmel"	"Al Sayah"	"4.00"	"5.4"	"Handicap Hurdle"	"4"	"9"	"Atkins, Mr Harry"	"Mulholland, N P"
"15:37:00"	"2026-05-24"	"Kelso"	"Theirshegoes (IRE)"	"9.00"	"11.5"	"Handicap Hurdle"	"7"	"12"	"Thompson, Joshua"	"Thomson, A M"
"13:35:00"	"2026-05-23"	"Cartmel"	"Raincloud"	"200.00"	"607.95"	"Maiden Hurdle"	"8"	"10"	"Callwood, Miss Ellie"	"Chapman, M C"
"18:29:00"	"2026-05-22"	"Downpatrick"	"Toor Moon (IRE)"	"14.00"	"16.5"	"Handicap Hurdle"	"10"	"15"	"Moore, Niall"	"Flynn, Ms M"
"17:52:00"	"2026-05-22"	"Downpatrick"	"Centaq (IRE)"	"5.50"	"7.62"	"Handicap Hurdle"	"4"	"10"	"Balfe, A"	"McLoughlin, D A"
"19:48:00"	"2026-05-21"	"Limerick"	"Snow Punt (IRE)"	"4.00"	"5.61"	"Handicap Chase"	"6"	"12"	"Williamson, Mr J H"	"Walsh, Brendan M"
"19:48:00"	"2026-05-21"	"Limerick"	"Uptaurintop (IRE)"	"5.00"	"7.8"	"Handicap Chase"	"11"	"12"	"OSullivan, Alan"	"OSullivan, Eugene M"
"19:40:00"	"2026-05-15"	"Kilbeggan"	"Torquay Road (IRE)"	"10.00"	"16"	"Handicap Chase"	"7"	"14"	"Millar, Mr C P"	"Collins, C M"
"15:08:00"	"2026-05-13"	"Perth"	"Shoeshine Boy (IRE)"	"25.00"	"49.52"	"Handicap Hurdle"	"PU"	"11"	"Dodd, Murray"	"Whillans, D W"
"19:58:00"	"2026-05-12"	"Sligo"	"Mr Dibbs (IRE)"	"8.00"	"11.5"	"Handicap Hurdle"	"1"	"12"	"Kenneally, Michael"	"Curling, S"
"19:07:00"	"2026-05-11"	"Killarney"	"Thegraveyardbookie (IRE)"	"28.00"	"44"	"Handicap Chase"	"11"	"14"	"Hogan, C M"	"McNamara, E"
"17:00:00"	"2026-05-10"	"Cork"	"Moonshine Girl (IRE)"	"14.00"	"23.62"	"Handicap Hurdle"	"7"	"21"	"OCallaghan, Shane"	"Gilligan, Paul John"
"16:45:00"	"2026-05-09"	"Killarney"	"Pride Of Place (IRE)"	"5.50"	"6.8"	"Handicap Chase"	"1"	"11"	"ODwyer, Charlie"	"Bolger, E"
"17:35:00"	"2026-05-08"	"Downpatrick"	"Fool Me Once (IRE)"	"6.50"	"8.6"	"Handicap Hurdle"	"14"	"15"	"Finegan, Mr E"	"Cromwell, Gavin Patrick"
"16:38:00"	"2026-05-04"	"Fakenham"	"Planned Paradise (IRE)"	"16.00"	"20.39"	"Handicap Chase"	"5"	"10"	"Murphy-knight, Mr J J"	"Williams, Christian"
"15:55:00"	"2026-05-04"	"Down Royal"	"Hardy Diamond (IRE)"	"3.00"	"4.71"	"Handicap Chase"	"3"	"7"	"Healy, Mr Kevin"	"Elliott, Gordon"
"15:55:00"	"2026-05-04"	"Down Royal"	"Tullyveery Lad (IRE)"	"7.50"	"9.13"	"Handicap Chase"	"5"	"7"	"Cody, Mr P J"	"Cody, Patrick"
"15:55:00"	"2026-05-04"	"Down Royal"	"Digby (IRE)"	"4.50"	"7.2"	"Handicap Chase"	"6"	"7"	"Balfe, A"	"McLoughlin, D A"
"15:20:00"	"2026-05-04"	"Down Royal"	"Scalpnagoon (IRE)"	"3.00"	"4.6"	"Beginners Chase"	"2"	"6"	"Healy, Mr Kevin"	"Elliott, Gordon"
"14:10:00"	"2026-05-04"	"Down Royal"	"Bella Union (IRE)"	"8.00"	"14.67"	"Handicap Hurdle"	"1"	"20"	"Kidd, D A"	"McConnell, John C"
"14:10:00"	"2026-05-04"	"Down Royal"	"Justicialism (IRE)"	"4.50"	"8.14"	"Handicap Hurdle"	"2"	"20"	"Millar, Mr C P"	"Kelly, Noel C"
"17:30:00"	"2026-05-02"	"Punchestown"	"Tripoli Flyer (IRE)"	"14.00"	"21"	"Handicap Hurdle"	"3"	"17"	"Obrien, Miss Fern"	"OBrien, Fergal"
"17:30:00"	"2026-05-02"	"Punchestown"	"Dani Donadoni (IRE)"	"20.00"	"26"	"Handicap Hurdle"	"UR"	"17"	"McGuinness, Miss A"	"Mullins, W P"
"15:05:00"	"2026-05-02"	"Punchestown"	"Brucejack (IRE)"	"5.50"	"7.31"	"Handicap Chase"	"7"	"19"	"Kenneally, Michael"	"Fahy, P A"
"16:50:00"	"2026-04-30"	"Punchestown"	"Release The Beast (IRE)"	"5.00"	"7.26"	"Handicap Chase"	"UR"	"20"	"Staples, Mr E"	"Nolan, Paul"
"16:15:00"	"2026-04-30"	"Punchestown"	"Hewick (IRE)"	"25.00"	"39.28"	"Handicap Hurdle"	"9"	"24"	"Hanlon, Mr P"	"Hanlon, John Joseph"
"14:30:00"	"2026-04-29"	"Punchestown"	"Mi Lucky Cailin (IRE)"	"50.00"	"80"	"Handicap Hurdle"	"10"	"24"	"Monaghan, Caragh"	"McLernon, William J"
"15:05:00"	"2026-04-28"	"Punchestown"	"Accustomed (IRE)"	"25.00"	"30.43"	"Handicap Hurdle"	"21"	"24"	"Sexton, Mr H E"	"Delany, E D"
"18:50:00"	"2026-04-24"	"Fontwell"	"Shesupincourt"	"4.50"	"6.6"	"Handicap Hurdle"	"4"	"8"	"Hanlon, Mr P"	"Potter, R D"
"17:00:00"	"2026-04-19"	"Tramore"	"Splashing Out (IRE)"	"10.00"	"15.5"	"Handicap Novices Chase"	"7"	"8"	"Smithers, P T"	"Griffin, Eoin"
"15:53:00"	"2026-04-19"	"Tramore"	"Elusive Prince (IRE)"	"25.00"	"48"	"Handicap Hurdle"	"12"	"16"	"Whelan, D G"	"Hannon, James"
"18:10:00"	"2026-04-17"	"Exeter"	"Teorie (IRE)"	"2.50"	"3.7"	"Handicap Hurdle"	"7"	"8"	"David, Mr Robbie"	"Hitchins, Daisy"
"17:10:00"	"2026-04-17"	"Exeter"	"Getone (IRE)"	"14.00"	"15.5"	"Maiden Hurdle"	"4"	"5"	"David, Mr Robbie"	"Hitchins, Daisy"
"15:55:00"	"2026-04-16"	"Limerick"	"Cooltubrid Eva (IRE)"	"33.00"	"42"	"Handicap Hurdle"	"1"	"13"	"Kenneally, Michael"	"Ryan, D P"
"15:55:00"	"2026-04-16"	"Limerick"	"Mount Shenshan (IRE)"	"11.00"	"18.5"	"Handicap Hurdle"	"5"	"13"	"Mullins, Mr C"	"Mullins, Thomas"
"19:42:00"	"2026-04-14"	"Clonmel"	"Isdistheone (IRE)"	"12.00"	"23.84"	"NH Flat"	"6"	"8"	"Doyle, Mr D"	"Murphy, Robert"
"12:55:00"	"2026-04-11"	"Newcastle"	"Royal Maggs"	"4.50"	"8.27"	"Handicap Hurdle"	"4"	"4"	"Leech, Roisin"	"Walford, Mark"
"16:55:00"	"2026-04-10"	"Wexford"	"Takarengo (IRE)"	"66.00"	"192.55"	"Handicap Hurdle"	"4"	"14"	"Barcoe, Ms M"	"Barcoe, James M"
"16:10:00"	"2026-04-07"	"Exeter"	"Poets Reflection (IRE)"	"50.00"	"80"	"Handicap Novices Chase"	"7"	"10"	"Stenhouse, Mr Jack"	"Blackford, Miss L A"
"17:40:00"	"2026-04-06"	"Fairyhouse"	"Will Do (IRE)"	"25.00"	"46"	"Handicap Chase"	"PU"	"17"	"Williamson, Mr J H"	"Elliott, Gordon"
"17:00:00"	"2026-04-06"	"Fairyhouse"	"Born Braver (IRE)"	"28.00"	"34.88"	"Handicap Chase"	"10"	"30"	"Finegan, Mr E"	"Cromwell, Gavin Patrick"
"15:15:00"	"2026-04-04"	"Fairyhouse"	"Choccabloc"	"11.00"	"13"	"Handicap Chase"	"PU"	"17"	"McGuinness, Miss A"	"McNamara, Andrew"
"19:00:00"	"2026-04-02"	"Clonmel"	"Old Kenmare (IRE)"	"9.00"	"16"	"Handicap Hurdle"	"8"	"13"	"Hogan, C M"	"Courtney, Eamon"
"14:35:00"	"2026-03-28"	"Uttoxeter"	"Crazierthandaisy"	"3.00"	"4.9"	"Handicap Hurdle"	"2"	"7"	"Williams, Mr Daniel"	"Henderson, N J"
"15:50:00"	"2026-03-26"	"Chepstow"	"Gingerbred"	"8.50"	"10.5"	"Handicap Chase"	"6"	"9"	"Stenhouse, Mr Jack"	"Gray, C J"
"15:50:00"	"2026-03-26"	"Chepstow"	"To Be Sure"	"6.50"	"9.4"	"Handicap Chase"	"7"	"9"	"Collier, Ellis"	"Williams, Mrs C"
"17:00:00"	"2026-03-24"	"Southwell"	"We Got Your Back"	"25.00"	"48"	"Handicap Novices Hurdle"	"8"	"12"	"Callwood, Miss Ellie"	"Morgan, Miss Laura"
"15:15:00"	"2026-03-24"	"Taunton"	"Thistle Be The One (IRE)"	"4.00"	"7.15"	"Handicap Hurdle"	"PU"	"13"	"McCain-Mitchell, Toby"	"Clarke, Ben"
"14:15:00"	"2026-03-23"	"Wincanton"	"Bigz Belief (IRE)"	"4.50"	"6.2"	"Handicap Hurdle"	"3"	"5"	"Feakes, Miss E"	"OBrien, Fergal"
"15:00:00"	"2026-03-21"	"Newbury"	"Pismo Beach (IRE)"	"16.00"	"17.5"	"Handicap Novices Hurdle"	"2"	"15"	"Dodd, Murray"	"Edmunds, Stuart"
"15:45:00"	"2026-03-14"	"Fontwell"	"Innisfree Lass (IRE)"	"2.75"	"3.85"	"Handicap Hurdle"	"5"	"6"	"Dodd, Murray"	"Edmunds, Stuart"
"14:25:00"	"2026-03-14"	"Uttoxeter"	"Just Golden (IRE)"	"7.00"	"8.8"	"Handicap Hurdle"	"12"	"17"	"Atkins, Mr Harry"	"Skelton, Daniel"
"14:00:00"	"2026-03-13"	"Cheltenham"	"Ndaawi"	"40.00"	"52.32"	"Handicap Hurdle"	"14"	"23"	"Williamson, Mr J H"	"Elliott, Gordon"
"17:20:00"	"2026-03-12"	"Cheltenham"	"Monbeg Genius (IRE)"	"18.00"	"21.24"	"Handicap Chase"	"3"	"23"	"Scallan, Mr J L"	"ONeill, Jonjo and AJ"
"15:20:00"	"2026-03-11"	"Cheltenham"	"The Goffer (IRE)"	"16.00"	"20.79"	"Handicap Chase"	"10"	"14"	"Williamson, Mr J H"	"Elliott, Gordon"
"14:40:00"	"2026-03-11"	"Cheltenham"	"Ballyadam (IRE)"	"40.00"	"74.48"	"Handicap Hurdle"	"4"	"24"	"OBrien, P M"	"Bromhead, Henry De"
"14:40:00"	"2026-03-11"	"Cheltenham"	"The Yellow Clay (IRE)"	"6.00"	"7.27"	"Handicap Hurdle"	"F"	"24"	"Kenneally, Michael"	"Elliott, Gordon"
"17:20:00"	"2026-03-10"	"Cheltenham"	"Holokea (IRE)"	"33.00"	"48"	"Handicap Novices Chase"	"8"	"17"	"Fenelon, S"	"Bowen, Mickey"
"15:50:00"	"2026-03-06"	"Ayr"	"Bray Dale"	"50.00"	"95"	"Handicap Hurdle"	"PU"	"7"	"Hislop, Mr Dominic"	"Bissett, Catch"
"16:55:00"	"2026-03-03"	"Leopardstown"	"Baldurs Gate (IRE)"	"10.00"	"13.36"	"Handicap Chase"	"7"	"10"	"Mellerick, Mr E T"	"OShea, Miss Denise Marie"
"15:55:00"	"2026-03-02"	"Leopardstown"	"Chiefs Kingdom (IRE)"	"5.50"	"8"	"Handicap Novices Hurdle"	"6"	"18"	"Staples, Mr E"	"Nolan, Paul"
"15:20:00"	"2026-02-24"	"Leicester"	"Nedzor (IRE)"	"2.50"	"3.95"	"Handicap Novices Chase"	"PU"	"5"	"Keighley, Mr Freddie"	"Oliver, Henry"
"16:05:00"	"2026-02-21"	"Kempton"	"Shakeyatailfeather (IRE)"	"50.00"	"127.95"	"Handicap Chase"	"7"	"9"	"Atkins, Mr Harry"	"Skelton, Daniel"
"16:45:00"	"2026-02-20"	"Exeter"	"Watchoutitscookie (IRE)"	"4.00"	"5.1"	"Handicap Hurdle"	"3"	"7"	"Dodd, Murray"	"Hawke, N J"
"16:23:00"	"2026-02-19"	"Thurles"	"Happy Me (IRE)"	"3.50"	"5.85"	"Handicap Hurdle"	"14"	"17"	"Hennessy, Miss N C"	"Burke, W J"
"13:32:00"	"2026-02-19"	"Thurles"	"Freddie Robdal (IRE)"	"18.00"	"27.96"	"Handicap Chase"	"PU"	"13"	"Whelan, D G"	"Bromhead, Henry De"
"16:50:00"	"2026-02-14"	"Gowran Park"	"Slanagaibhgoleir (IRE)"	"5.50"	"10.5"	"Handicap Chase"	"3"	"9"	"Millar, Mr C P"	"Elliott, Gordon"
"15:55:00"	"2026-02-10"	"Limerick"	"Le Fanu (IRE)"	"5.50"	"8.4"	"Handicap Hurdle"	"5"	"12"	"Williamson, Mr J H"	"Walsh, Brendan M"
"15:20:00"	"2026-02-08"	"Navan"	"The Miracle Man (IRE)"	"5.00"	"6.7"	"Handicap Hurdle"	"3"	"11"	"McKenna, Liam"	"Moore, A L T"
"13:42:00"	"2026-02-05"	"Thurles"	"Mount Frisco (IRE)"	"5.50"	"7.36"	"Handicap Chase"	"4"	"16"	"Kenneally, Michael"	"Ryan, John Patrick"
"16:45:00"	"2026-02-03"	"Taunton"	"Our Dylan (IRE)"	"3.50"	"5.55"	"Handicap Hurdle"	"1"	"10"	"Corcoran, Mr Rian"	"Woollacott, Mrs Kayley"
"15:30:00"	"2026-02-03"	"Fairyhouse"	"Themanintheanorak (IRE)"	"3.50"	"4.53"	"Handicap Hurdle"	"1"	"10"	"Kenneally, Michael"	"OSullivan, Eugene M"
"14:30:00"	"2026-02-01"	"Musselburgh"	"Speiriuil (IRE)"	"3.50"	"5.35"	"Handicap Hurdle"	"1"	"12"	"Thompson, Joshua"	"Nicol, Adam"
"15:37:00"	"2026-01-31"	"Musselburgh"	"Ravenscraig Castle"	"8.50"	"10.1"	"Handicap Hurdle"	"5"	"9"	"Thompson, Joshua"	"Jardine, I"
"15:40:00"	"2026-01-22"	"Wetherby"	"Fancy Nancy Pants"	"4.50"	"5.91"	"Handicap Hurdle"	"PU"	"9"	"Maggs, Mr William"	"Kirby, P A"
"15:30:00"	"2026-01-22"	"Gowran Park"	"Will Do (IRE)"	"20.00"	"32.47"	"Handicap Chase"	"PU"	"18"	"Williamson, Mr J H"	"Elliott, Gordon"
"15:20:00"	"2026-01-20"	"Down Royal"	"Harley Street (IRE)"	"18.00"	"33.64"	"Handicap Chase"	"F"	"11"	"Monaghan, Caragh"	"Donoghue, Ian"
"14:40:00"	"2026-01-18"	"Fakenham"	"Gata Ban (IRE)"	"8.50"	"11.5"	"Handicap Chase"	"6"	"8"	"Tucker, Miss H C"	"Mulholland, N P"
"13:50:00"	"2026-01-17"	"Navan"	"Teescomponentsyess (IRE)"	"100.00"	"120"	"Handicap Hurdle"	"8"	"10"	"OConnor, D J"	"Hanlon, John Joseph"
"12:15:00"	"2026-01-17"	"Haydock"	"Cerendipity (IRE)"	"6.50"	"7.74"	"Handicap Chase"	"6"	"8"	"Power, Jack"	"Smith, Mrs S J"
"15:35:00"	"2026-01-16"	"Windsor"	"Knickerbockerglory (IRE)"	"6.00"	"6.59"	"Handicap Hurdle"	"13"	"14"	"Atkins, Mr Harry"	"Skelton, Daniel"
"15:18:00"	"2026-01-15"	"Fairyhouse"	"Rideau Canal (IRE)"	"28.00"	"32"	"Handicap Hurdle"	"5"	"16"	"Cleary, Mr Paddy"	"Foster, Mrs Denise"
"14:17:00"	"2026-01-15"	"Ludlow"	"Stopherandgo (IRE)"	"22.00"	"31.16"	"Handicap Chase"	"PU"	"12"	"Bament, Mr Chad"	"Pickard, Kevin"
"14:05:00"	"2026-01-14"	"Newbury"	"Sheldon (IRE)"	"22.00"	"27.7"	"Handicap Chase"	"2"	"11"	"Macey, Benjamin"	"Mullins, J W"
"15:00:00"	"2026-01-11"	"Fontwell"	"Hilltown (IRE)"	"28.00"	"50"	"Handicap Hurdle"	"5"	"11"	"Collier, Ellis"	"Mullins, J W"
"13:50:00"	"2026-01-11"	"Punchestown"	"Krabat (IRE)"	"12.00"	"16.84"	"Handicap Chase"	"7"	"13"	"Ryan, Mr A P"	"McDonagh, Michael J"
"15:17:00"	"2026-01-10"	"Kempton"	"Goodwin (IRE)"	"11.00"	"15.21"	"Handicap Hurdle"	"13"	"15"	"Corcoran, Mr Rian"	"Gordon, C"
"14:02:00"	"2026-01-09"	"Exeter"	"El Granjero (IRE)"	"3.00"	"4.16"	"Handicap Novices Chase"	"2"	"6"	"Fox, Ned"	"Boultbee-brooks, Clive"
"15:10:00"	"2026-01-08"	"Ffos Las"	"Nedzor (IRE)"	"3.33"	"5.54"	"Handicap Novices Hurdle"	"6"	"10"	"Fox, Ned"	"Oliver, Henry"
"14:50:00"	"2026-01-08"	"Clonmel"	"Gino Bella (IRE)"	"3.00"	"4.7"	"Handicap Hurdle"	"6"	"14"	"Staples, Mr E"	"Foley, Patrick T"
"12:20:00"	"2026-01-08"	"Clonmel"	"Love Like This (IRE)"	"4.00"	"6.4"	"Handicap Chase"	"4"	"9"	"Kenneally, Michael"	"Ryan, John Patrick"
"14:30:00"	"2026-01-02"	"Ayr"	"Visual Impact (IRE)"	"5.50"	"8.4"	"Handicap Chase"	"8"	"14"	"Power, Jack"	"Russell, Miss Lucinda V"
"15:00:00"	"2026-01-01"	"Tramore"	"Eye Of A Tiger (IRE)"	"18.00"	"26.27"	"Novices Chase"	"F"	"9"	"Kenneally, Michael"	"Ryan, John Patrick"
"13:50:00"	"2026-01-01"	"Tramore"	"Ilbdare (IRE)"	"28.00"	"40.81"	"Handicap Hurdle"	"9"	"15"	"Kennedy, B P"	"McNiff, Mark Michael"
"12:25:00"	"2026-01-01"	"Fairyhouse"	"Moody Girl (IRE)"	"20.00"	"46.32"	"Hurdle"	"4"	"4"	"Smith, Mr James"	"Donoghue, Ian"
"12:35:00"	"2025-12-30"	"Haydock"	"Inis Oirr (IRE)"	"40.00"	"59.27"	"Handicap Hurdle"	"5"	"7"	"McCann, Conner"	"Russell, Miss Lucinda V"
"15:05:00"	"2025-12-29"	"Leopardstown"	"Ashdale Bob (IRE)"	"28.00"	"35.14"	"Handicap Hurdle"	"6"	"16"	"Kenneally, Michael"	"Harrington, Mrs John"
"13:57:00"	"2025-12-29"	"Leopardstown"	"Union Station (IRE)"	"8.00"	"11.5"	"Handicap Chase"	"2"	"13"	"Staples, Mr E"	"Cromwell, Gavin Patrick"
"13:57:00"	"2025-12-29"	"Leopardstown"	"Aurea Fortuna (IRE)"	"3.50"	"5.77"	"Handicap Chase"	"5"	"13"	"Clarke, Conor"	"Martin, A J"
"15:25:00"	"2025-12-28"	"Limerick"	"Likable Chancer (IRE)"	"40.00"	"66.86"	"Handicap Hurdle"	"3"	"18"	"OCallaghan, Shane"	"Howard, Daniel John"
"15:41:00"	"2025-12-27"	"Limerick"	"River Vale (IRE)"	"3.50"	"5.78"	"Handicap Novices Hurdle"	"8"	"15"	"Burke-Ott, Mr L"	"Winters, Michael"
"15:11:00"	"2025-12-27"	"Limerick"	"Wardens Whisper (IRE)"	"4.50"	"7.53"	"Handicap Hurdle"	"12"	"13"	"OBrien, P M"	"Rothwell, P J"
"15:00:00"	"2025-12-27"	"Leopardstown"	"Sandor Clegane (IRE)"	"16.00"	"27.49"	"Handicap Chase"	"15"	"28"	"McKenna, Liam"	"Nolan, Paul"
"15:15:00"	"2025-12-26"	"Limerick"	"Carlas Big Jim (IRE)"	"14.00"	"17.51"	"Handicap Chase"	"5"	"14"	"Kennedy, B P"	"Archdeacon, L J"
"14:15:00"	"2025-12-26"	"Aintree"	"Duke Of Deception (IRE)"	"12.00"	"17.76"	"Handicap Chase"	"3"	"8"	"Smith, Ben"	"Greenall, O / Guerriero, J"
"13:25:00"	"2025-12-26"	"Sedgefield"	"Blended Stealth"	"22.00"	"34.89"	"Handicap Chase"	"4"	"7"	"Thompson, Joshua"	"Quinlan, Elizabeth"
"13:23:00"	"2025-12-26"	"Down Royal"	"Kinbara Firstdraft (IRE)"	"12.00"	"15.42"	"Beginners Chase"	"8"	"12"	"Connor, Mr S"	"Crawford, S R B"
"11:37:00"	"2025-12-20"	"Thurles"	"Mount Frisco (IRE)"	"12.00"	"14.1"	"Handicap Chase"	"2"	"14"	"Kenneally, Michael"	"Ryan, John Patrick"
"13:28:00"	"2025-12-19"	"Uttoxeter"	"Streamsforth Lad (IRE)"	"6.00"	"8.16"	"Handicap Novices Chase"	"UR"	"10"	"Macey, Benjamin"	"Hanmer, G D"
"15:30:00"	"2025-12-16"	"Wincanton"	"Its A Breeze (IRE)"	"20.00"	"29"	"Handicap Hurdle"	"8"	"13"	"Bromley, Ben"	"Nicholls, P F"
"15:30:00"	"2025-12-16"	"Wincanton"	"Cornish Storm"	"5.00"	"7.6"	"Handicap Hurdle"	"9"	"13"	"Tidball, Jay"	"Kittow, W S"
"12:15:00"	"2025-12-16"	"Catterick"	"Sputnik (IRE)"	"28.00"	"46.16"	"Handicap Hurdle"	"PU"	"12"	"Rennie, Miss Jesika"	"Quinlan, Elizabeth"
"14:50:00"	"2025-12-11"	"Punchestown"	"Cosmo Renfro (IRE)"	"3.50"	"5.6"	"Handicap Hurdle"	"PU"	"15"	"Staples, Mr E"	"Cromwell, Gavin Patrick"
"12:20:00"	"2025-12-11"	"Punchestown"	"Western Walk (IRE)"	"18.00"	"22"	"Beginners Chase"	"4"	"10"	"Ryan, Mr A P"	"Sweeney, Jonathan"
"12:20:00"	"2025-12-07"	"Kelso"	"Nights In Venice"	"25.00"	"47.4"	"Handicap Hurdle"	"7"	"10"	"Maggs, Mr Charlie"	"Whillans, D W"
"13:05:00"	"2025-11-30"	"Fairyhouse"	"Clonmeen (IRE)"	"33.00"	"43.66"	"Handicap Chase"	"PU"	"15"	"Moore, Niall"	"Murphy, William P"
"14:15:00"	"2025-11-25"	"Tramore"	"Aclass (IRE)"	"3.50"	"5.4"	"Beginners Chase"	"1"	"8"	"Canavan, Jordan J"	"Flavin, J P"
"13:05:00"	"2025-11-25"	"Tramore"	"Pebble Bleu (IRE)"	"6.50"	"7.6"	"Handicap Hurdle"	"1"	"13"	"Kenneally, Michael"	"Motherway, C"
"13:05:00"	"2025-11-25"	"Tramore"	"Lucky Viv (IRE)"	"28.00"	"35.04"	"Handicap Hurdle"	"11"	"13"	"Hogan, C M"	"Barry, Michael"
"14:45:00"	"2025-11-23"	"Cork"	"Battle Of Mirbat (IRE)"	"6.00"	"8.98"	"Handicap Chase"	"4"	"15"	"Ryan, Mr A P"	"McDonagh, Michael J"
"14:36:00"	"2025-11-23"	"Exeter"	"Valirann Gold (IRE)"	"10.00"	"13.5"	"Handicap Chase"	"6"	"10"	"Fox, Ned"	"Brown, Miss Harriet"
"12:31:00"	"2025-11-21"	"Fairyhouse"	"Elusive Prince (IRE)"	"12.00"	"16.45"	"Handicap Hurdle"	"UR"	"10"	"Whelan, D G"	"Barcoe, James M"
"12:27:00"	"2025-11-20"	"Wincanton"	"Danzini (IRE)"	"12.00"	"17.5"	"Handicap Hurdle"	"F"	"14"	"Burke, Louis"	"Burke, Kieran"
"12:20:00"	"2025-11-20"	"Thurles"	"The Border Boy (IRE)"	"12.00"	"15.08"	"Handicap Chase"	"8"	"15"	"Power, D J"	"Aherne, Sean"
"14:05:00"	"2025-11-18"	"Limerick"	"Onefortheditch (IRE)"	"4.50"	"7"	"Handicap Hurdle"	"2"	"14"	"Staples, Mr E"	"Gallagher, E F"
"14:32:00"	"2025-11-16"	"Navan"	"Yeah Man (IRE)"	"20.00"	"23.47"	"Handicap Chase"	"2"	"19"	"Staples, Mr E"	"Cromwell, Gavin Patrick"
"15:20:00"	"2025-11-11"	"Hereford"	"Of Course You Can"	"6.50"	"9.08"	"Handicap Hurdle"	"6"	"7"	"Tucker, Miss H C"	"Mulholland, N P"
"14:27:00"	"2025-11-09"	"Naas"	"The Nagger Reidy"	"5.50"	"8.27"	"Handicap Hurdle"	"2"	"14"	"Kenneally, Michael"	"Carey, Gerard"
"12:28:00"	"2025-11-08"	"Gowran Park"	"Rolly Bowley Boy (IRE)"	"14.00"	"27.03"	"Beginners Chase"	"PU"	"17"	"Roche, T P"	"Rothwell, P J"
"11:42:00"	"2025-11-08"	"Kelso"	"Trailblazer"	"11.00"	"17.05"	"Handicap Hurdle"	"3"	"9"	"Maggs, Mr Charlie"	"Nicol, Adam"
"15:00:00"	"2025-11-07"	"Exeter"	"Cornish Storm"	"16.00"	"32"	"Handicap Hurdle"	"12"	"17"	"Corcoran, Mr Rian"	"Kittow, W S"
"13:25:00"	"2025-11-07"	"Fontwell"	"Sanitiser"	"6.50"	"9.13"	"Handicap Chase"	"4"	"10"	"Mitchell, Mr F"	"Moore, Gary and Josh"
"13:47:00"	"2025-11-06"	"Clonmel"	"Grange Walk (IRE)"	"22.00"	"34"	"Handicap Hurdle"	"PU"	"9"	"Kenneally, Michael"	"Ryan, John Patrick"
"15:10:00"	"2025-11-01"	"Ascot"	"Moveit Like Minnie (IRE)"	"11.00"	"15.81"	"Handicap Hurdle"	"3"	"11"	"Turner, James"	"Twiston-Davies, N A"
"15:10:00"	"2025-11-01"	"Ascot"	"Fasol"	"9.00"	"12.67"	"Handicap Hurdle"	"5"	"11"	"Keighley, Mr Freddie"	"Nicholls, P F"
"14:35:00"	"2025-10-26"	"Galway"	"The Dasher Conway (IRE)"	"14.00"	"16.49"	"Handicap Chase"	"5"	"9"	"OBrien, P M"	"Callaghan, Mrs G"
"14:00:00"	"2025-10-26"	"Galway"	"Hees Dynamite (IRE)"	"4.50"	"8"	"Handicap Chase"	"1"	"15"	"OBrien, P M"	"McNamara, E"
"13:05:00"	"2025-10-26"	"Wexford"	"The Folkes Tiara (IRE)"	"10.00"	"15"	"Handicap Chase"	"6"	"11"	"Whelan, D G"	"Bromhead, Henry De"
"14:52:00"	"2025-10-23"	"Clonmel"	"Flashthelights (IRE)"	"16.00"	"29"	"Handicap Hurdle"	"7"	"12"	"McGill, Mr O"	"Kelly, Noel C"
"14:25:00"	"2025-10-21"	"Perth"	"Gemini Man (IRE)"	"4.00"	"7.03"	"Handicap Hurdle"	"6"	"12"	"Maggs, Mr William"	"Jardine, I"
"16:15:00"	"2025-10-19"	"Limerick"	"Talk In The Park (IRE)"	"7.50"	"12"	"Handicap Chase"	"4"	"15"	"Kenneally, Michael"	"OSullivan, Ross"
"14:30:00"	"2025-10-18"	"Stratford"	"Mix Of Clover"	"8.00"	"10.28"	"Handicap Chase"	"1"	"5"	"Broughton, Mr T P"	"Ralph, Alastair"
"13:15:00"	"2025-10-18"	"Stratford"	"Lusso Milan (IRE)"	"16.00"	"25.25"	"Handicap Hurdle"	"3"	"11"	"Legg, Miss Molly"	"Bridgwater, D G"
"14:47:00"	"2025-10-16"	"Thurles"	"Destivelle (IRE)"	"4.50"	"7.2"	"Handicap Hurdle"	"3"	"18"	"Kenneally, Michael"	"Murphy, Ciaran"
"16:35:00"	"2025-10-15"	"Punchestown"	"He Fitz In (IRE)"	"7.50"	"12.15"	"Handicap Chase"	"6"	"10"	"OSullivan, Alan"	"Fitzgerald, D E"
"14:22:00"	"2025-10-15"	"Worcester"	"Bebside Banter (IRE)"	"5.00"	"7"	"Handicap Chase"	"1"	"9"	"Mitchell, Mr F"	"Comley, Max"
"17:20:00"	"2025-10-13"	"Hereford"	"My Virtue"	"7.50"	"13.03"	"Handicap Hurdle"	"1"	"10"	"Dodd, Murray"	"Rowley, Melanie"
"16:37:00"	"2025-10-12"	"Cork"	"The Dara Man (IRE)"	"14.00"	"14.37"	"Handicap Chase"	"UR"	"8"	"Kenneally, Michael"	"Ryan, John Patrick"
"13:32:00"	"2025-10-12"	"Chepstow"	"Safe Destination"	"3.50"	"5.06"	"Handicap Chase"	"1"	"8"	"McCain-Mitchell, Toby"	"Twiston-Davies, N A"
"17:10:00"	"2025-10-05"	"Uttoxeter"	"Gaelic Park (IRE)"	"3.33"	"4.71"	"Handicap Chase"	"PU"	"10"	"Stevens, Miss A"	"Greenall, O / Guerriero, J"
"16:53:00"	"2025-10-05"	"Kelso"	"Dalileo (IRE)"	"6.50"	"9.34"	"Handicap Hurdle"	"5"	"11"	"Corcoran, Mr Rian"	"Harrison, Miss L"
"14:45:00"	"2025-10-03"	"Hexham"	"Longstone Cowboy (IRE)"	"6.50"	"8.71"	"Handicap Novices Hurdle"	"2"	"11"	"Maggs, Mr Charlie"	"Burns, Hugh"
"15:28:00"	"2025-09-21"	"Listowel"	"Pampar Lady (IRE)"	"7.50"	"13.14"	"Handicap Hurdle"	"1"	"18"	"Staples, Mr E"	"Cromwell, Gavin Patrick"
"17:01:00"	"2025-09-19"	"Downpatrick"	"Tango Theatre (IRE)"	"5.00"	"8.07"	"Handicap Chase"	"7"	"11"	"Kidd, D A"	"McConnell, John C"
"16:00:00"	"2025-09-15"	"Worcester"	"Sea Thrift (IRE)"	"5.00"	"6"	"Handicap Novices Hurdle"	"3"	"8"	"David, Mr Robbie"	"Hitchins, Daisy"
"16:50:00"	"2025-09-08"	"Galway"	"Hms Seahorse (IRE)"	"7.50"	"10"	"Hurdle"	"UR"	"6"	"Smithers, P T"	"Nolan, Paul"
"16:10:00"	"2025-09-08"	"Perth"	"Willy Nilly (IRE)"	"22.00"	"33.13"	"Handicap Hurdle"	"12"	"13"	"Maggs, Mr William"	"Harrison, Miss L"
"16:10:00"	"2025-09-08"	"Perth"	"Ivynator (IRE)"	"40.00"	"100"	"Handicap Hurdle"	"PU"	"13"	"Doyle, Alan"	"McGregor, Mrs J C"
"18:07:00"	"2025-09-05"	"Kilbeggan"	"Huntsgrove (IRE)"	"22.00"	"36"	"Beginners Chase"	"6"	"8"	"Sexton, Mr H E"	"Ryan, John Patrick"
"19:18:00"	"2025-08-29"	"Fontwell"	"Big Jimbo"	"6.50"	"8.68"	"Handicap Chase"	"1"	"4"	"Mitchell, Mr F"	"Moore, Gary and Josh"
"17:48:00"	"2025-08-29"	"Fontwell"	"Stiletto"	"6.50"	"9"	"Handicap Novices Hurdle"	"4"	"12"	"Leech, Roisin"	"Leech, Mrs S"
"17:45:00"	"2025-08-27"	"Hexham"	"Nathan Wells"	"8.50"	"11.5"	"Handicap Hurdle"	"4"	"7"	"Doyle, Alan"	"Hamilton, A B"
"17:07:00"	"2025-08-21"	"Killarney"	"Spy"	"4.50"	"6.2"	"Handicap Hurdle"	"1"	"8"	"Harvey, A"	"Byrnes, C"
"18:53:00"	"2025-08-16"	"Market Rasen"	"Hardy Buck (IRE)"	"7.00"	"9.08"	"Handicap Chase"	"7"	"8"	"Turner, James"	"Gibbons, A M"
"18:53:00"	"2025-08-16"	"Market Rasen"	"Fast Deal"	"33.00"	"46"	"Handicap Chase"	"8"	"8"	"Mathias, Imogen"	"Chapman, M C"
"17:35:00"	"2025-08-16"	"Perth"	"Tees Comps Clive"	"5.00"	"6.84"	"Handicap Hurdle"	"4"	"11"	"Thompson, Joshua"	"Boanas, Miss G"
"19:13:00"	"2025-08-08"	"Wexford"	"Cullagh Pride (IRE)"	"3.33"	"4.73"	"Handicap Hurdle"	"11"	"13"	"Harvey, A"	"Fahey, Seamus"
"19:05:00"	"2025-08-07"	"Sligo"	"Red Or White (IRE)"	"4.00"	"6.8"	"Maiden Hurdle"	"4"	"7"	"Sexton, Mr H E"	"Ryan, John Patrick"
"18:42:00"	"2025-08-06"	"Wexford"	"I A Connect (IRE)"	"20.00"	"24.57"	"Handicap Chase"	"7"	"11"	"McKenna, Liam"	"McCutcheon, Miss Evanna"
"19:30:00"	"2025-08-05"	"Roscommon"	"Tullyhogue Fort (IRE)"	"14.00"	"20"	"Handicap Chase"	"UR"	"16"	"ONeill, Mr P J"	"ONeill, John F"
"16:30:00"	"2025-08-04"	"Cork"	"Cathryns Ruby (IRE)"	"11.00"	"16"	"Handicap Hurdle"	"UR"	"13"	"Harvey, A"	"Foley, Patrick T"
"15:30:00"	"2025-08-04"	"Cork"	"William Tell (IRE)"	"0.80"	"1.89"	"Maiden Hurdle"	"1"	"14"	"Smithers, P T"	"Kelly, David Harry"
"17:35:00"	"2025-07-30"	"Galway"	"Another Choice (IRE)"	"20.00"	"29.84"	"Handicap Hurdle"	"5"	"20"	"Smith, Mr James"	"Smith, Matthew J"
"17:07:00"	"2025-07-27"	"Uttoxeter"	"Malangen (IRE)"	"10.00"	"16.26"	"Handicap Hurdle"	"4"	"10"	"Doyle, Alan"	"Harrison, Miss L"
"15:07:00"	"2025-07-27"	"Uttoxeter"	"Manothepeople (IRE)"	"7.00"	"8.99"	"Handicap Chase"	"5"	"10"	"Obrien, Miss Fern"	"OBrien, Fergal"
"15:47:00"	"2025-07-25"	"Uttoxeter"	"Manowest (IRE)"	"8.00"	"12"	"Handicap Hurdle"	"6"	"12"	"Saunders, Lewis"	"Murphy, Olly"
"17:17:00"	"2025-07-24"	"Worcester"	"Fine By Me (IRE)"	"3.50"	"4.99"	"Handicap Hurdle"	"7"	"10"	"Jackson-Fennell, Miss A"	"Twiston-Davies, N A"
"17:20:00"	"2025-07-23"	"Wexford"	"Thehairyfella (IRE)"	"7.00"	"11"	"Handicap Chase"	"5"	"15"	"Cleary, Mr Paddy"	"Elliott, Gordon"
"16:45:00"	"2025-07-23"	"Wexford"	"Sea Aster (IRE)"	"9.00"	"12.5"	"Handicap Chase"	"UR"	"11"	"Brickley, Mr F D"	"Elliott, Gordon"
"16:42:00"	"2025-07-20"	"Newton Abbot"	"Spitalfield (IRE)"	"2.25"	"3.6"	"Handicap Hurdle"	"3"	"7"	"Macey, Benjamin"	"ONeill, Jonjo and AJ"
"17:00:00"	"2025-07-19"	"Market Rasen"	"Nickelforce (IRE)"	"6.00"	"8.53"	"Handicap Chase"	"4"	"10"	"Case, Charlie"	"Case, B I"
"15:12:00"	"2025-07-19"	"Market Rasen"	"Doyouknowwhatimean"	"28.00"	"36"	"Handicap Chase"	"PU"	"15"	"Atkins, Mr Harry"	"Skelton, Daniel"
"14:05:00"	"2025-07-19"	"Market Rasen"	"Mostly Sunny (IRE)"	"4.00"	"5.55"	"Handicap Hurdle"	"4"	"8"	"Atkins, Mr Harry"	"Skelton, Daniel"
"16:15:00"	"2025-07-18"	"Killarney"	"Zolpharine (IRE)"	"7.00"	"8.87"	"Handicap Chase"	"2"	"15"	"Sexton, Mr H E"	"Ryan, John Patrick"
"17:10:00"	"2025-07-16"	"Uttoxeter"	"Lady Mendoza (IRE)"	"9.00"	"13.09"	"Handicap Hurdle"	"10"	"16"	"Maggs, Mr William"	"Menzies, Rebecca"
"16:50:00"	"2025-07-15"	"Downpatrick"	"Bayonetta (IRE)"	"12.00"	"18.27"	"Handicap Hurdle"	"3"	"10"	"Smith, Mr James"	"Quinn, Gerald"
"16:28:00"	"2025-07-14"	"Downpatrick"	"Starzov (IRE)"	"5.00"	"6.37"	"Handicap Chase"	"7"	"7"	"Roche, T P"	"Rothwell, P J"
"20:00:00"	"2025-07-11"	"Kilbeggan"	"Dartan"	"1.88"	"2.85"	"Beginners Chase"	"3"	"4"	"Smith, Mr James"	"Smith, Matthew J"
"15:48:00"	"2025-07-01"	"Tipperary"	"Big Island (IRE)"	"11.00"	"16"	"Handicap Chase"	"PU"	"13"	"McGuinness, Miss A"	"Lanigan, W J"
"17:40:00"	"2025-06-29"	"Cartmel"	"Greenways (IRE)"	"2.75"	"3.9"	"Handicap Chase"	"3"	"9"	"Macey, Benjamin"	"Potter, R D"
"17:48:00"	"2025-06-16"	"Kilbeggan"	"Jollie Cosmos (IRE)"	"18.00"	"27.98"	"Handicap Hurdle"	"4"	"16"	"OBrien, P M"	"Rothwell, P J"
"19:20:00"	"2025-06-13"	"Newton Abbot"	"Bredon Hill Dart"	"5.50"	"7.55"	"Handicap Hurdle"	"1"	"7"	"OShea, Mr C P"	"Gardner, Mrs S"
"20:28:00"	"2025-06-10"	"Sligo"	"Wild Mandate (IRE)"	"11.00"	"22"	"NH Flat"	"7"	"15"	"Hayden, Mr C"	"McNiff, Mark Michael"
"18:58:00"	"2025-06-10"	"Sligo"	"Tea It Is (IRE)"	"6.50"	"12.76"	"Handicap Hurdle"	"3"	"16"	"Noonan, G B"	"Hogan, Denis Gerard"
"18:28:00"	"2025-06-10"	"Sligo"	"Saint Peregrine (IRE)"	"8.00"	"11.71"	"Maiden Hurdle"	"2"	"16"	"McKenna, Liam"	"Ryan, John Patrick"
"20:08:00"	"2025-06-09"	"Roscommon"	"Ardfert Mary (IRE)"	"5.00"	"7.2"	"Handicap Chase"	"1"	"14"	"Halford, Mr J M"	"Ryan, John Patrick"
"17:07:00"	"2025-06-08"	"Perth"	"Donso Star"	"4.50"	"5.67"	"Handicap Hurdle"	"4"	"10"	"Maggs, Mr William"	"Smith, R Michael"
"16:20:00"	"2025-06-08"	"Punchestown"	"Stay Gold (IRE)"	"2.75"	"4.2"	"Handicap Hurdle"	"2"	"17"	"McKenna, Liam"	"Murphy, C A"
"16:20:00"	"2025-06-08"	"Punchestown"	"Coral River (IRE)"	"7.00"	"8.83"	"Handicap Hurdle"	"7"	"17"	"McGuinness, Miss A"	"Mullins, Thomas"
"16:20:00"	"2025-06-08"	"Punchestown"	"Howdoyalikeherhome (IRE)"	"14.00"	"23.86"	"Handicap Hurdle"	"8"	"17"	"Cleary, Mr Paddy"	"Elliott, Gordon"
"16:20:00"	"2025-06-08"	"Punchestown"	"One And Only (IRE)"	"8.00"	"14.69"	"Handicap Hurdle"	"16"	"17"	"Noonan, G B"	"McKiernan, Oliver"
"17:15:00"	"2025-06-07"	"Hexham"	"Community Rebel (IRE)"	"4.00"	"5.5"	"Handicap Chase"	"PU"	"6"	"Stevens, Miss A"	"Hammond, Micky"
"16:45:00"	"2025-06-07"	"Punchestown"	"County Champs (IRE)"	"3.00"	"5.09"	"Handicap Hurdle"	"2"	"19"	"Smith, Mr James"	"McMahon, Brian M"
"13:45:00"	"2025-06-07"	"Punchestown"	"No Flies On Him (IRE)"	"4.50"	"6.2"	"Handicap Chase"	"7"	"8"	"Smithers, P T"	"OGrady, E J"
"18:10:00"	"2025-06-06"	"Clonmel"	"Prairie Dancer (IRE)"	"3.00"	"5.1"	"Hurdle"	"2"	"8"	"Brown, O R"	"OBrien, Joseph Patrick"
"20:30:00"	"2025-06-05"	"Ffos Las"	"Pittsburg (IRE)"	"3.33"	"5.37"	"Handicap Chase"	"2"	"4"	"Mitchell, Mr F"	"Potter, R D"
"13:55:00"	"2025-05-31"	"Listowel"	"Royal Eagle (IRE)"	"1.38"	"2.56"	"Hurdle"	"1"	"4"	"Williamson, Mr J H"	"Elliott, Gordon"
"19:42:00"	"2025-05-29"	"Limerick"	"Jekiki (IRE)"	"6.00"	"9.02"	"Handicap Hurdle"	"6"	"11"	"Noonan, G B"	"McCarthy, Eoin Christopher"
"19:42:00"	"2025-05-29"	"Limerick"	"Likable Chancer (IRE)"	"16.00"	"22"	"Handicap Hurdle"	"7"	"11"	"OCallaghan, Shane"	"Howard, Daniel John"
"18:00:00"	"2025-05-28"	"Wexford"	"Depeche Mo (IRE)"	"5.50"	"8.8"	"Handicap Hurdle"	"6"	"13"	"Hanlon, Mr P"	"Larkin, Eric"
"19:00:00"	"2025-05-27"	"Ballinrobe"	"Miss Gherkin (IRE)"	"2.50"	"3.34"	"Handicap Hurdle"	"1"	"6"	"Roche, T P"	"Griffin, Eoin"
"18:38:00"	"2025-05-24"	"Cartmel"	"Fathers Advice (IRE)"	"8.00"	"12"	"Handicap Chase"	"1"	"12"	"Smith, Ben"	"Smith, R Michael"
"18:18:00"	"2025-05-15"	"Clonmel"	"Love Like This (IRE)"	"8.00"	"11.45"	"Handicap Hurdle"	"8"	"15"	"Aherne, Mr J"	"Ryan, John Patrick"
"18:08:00"	"2025-05-12"	"Killarney"	"Black Bamboo (IRE)"	"5.50"	"7.8"	"Handicap Hurdle"	"4"	"10"	"Harney, T P"	"Murphy, John Joseph"
"14:25:00"	"2025-05-11"	"Plumpton"	"Flemens Tipple (IRE)"	"16.00"	"22.99"	"Handicap Hurdle"	"2"	"9"	"Collier, Ellis"	"Irvine, Andy"
"17:35:00"	"2025-05-07"	"Fontwell"	"Ferret Jeeter"	"6.50"	"9.2"	"Handicap Hurdle"	"1"	"10"	"Bament, Mr Chad"	"Honeyball, A J"
"14:25:00"	"2025-05-07"	"Kelso"	"Edgewell (IRE)"	"3.50"	"5.63"	"Handicap Hurdle"	"5"	"6"	"Anderson, Mr A"	"Menzies, Rebecca"
"16:50:00"	"2025-05-06"	"Fakenham"	"Planned Paradise (IRE)"	"4.50"	"6.06"	"Handicap Chase"	"4"	"8"	"Maggs, Mr Charlie"	"Williams, Christian"
"15:55:00"	"2025-05-05"	"Down Royal"	"Fairyhill Run (IRE)"	"8.00"	"12"	"Handicap Chase"	"4"	"7"	"McKenna, Liam"	"Ryan, John Patrick"
"15:20:00"	"2025-05-05"	"Down Royal"	"Step Out (IRE)"	"4.50"	"6.4"	"Beginners Chase"	"3"	"5"	"Bromley, Ben"	"Crawford, S R B"
"17:25:00"	"2025-05-03"	"Punchestown"	"Western Walk (IRE)"	"14.00"	"24"	"Handicap Hurdle"	"6"	"16"	"Ryan, Mr A P"	"Sweeney, Jonathan"
"19:30:00"	"2025-05-02"	"Cheltenham"	"Go Go Geronimo"	"6.00"	"9.49"	"Hunters Chase"	"PU"	"18"	"Chatfeild-Roberts, Mr T"	"Morgan, Miss Kelly"
"16:35:00"	"2025-05-02"	"Cheltenham"	"Missed Tee (IRE)"	"40.00"	"61.15"	"Hunters Chase"	"6"	"7"	"Lee, Mr S"	"Collins, Miss V"
"16:15:00"	"2025-05-02"	"Punchestown"	"Carnfunnock (IRE)"	"12.00"	"18.5"	"Hunters Chase"	"PU"	"14"	"Connor, Mr S"	"Crawford, S R B"
"15:05:00"	"2025-05-01"	"Punchestown"	"The Folkes Tiara (IRE)"	"40.00"	"100"	"Handicap Chase"	"PU"	"23"	"OSullivan, Mr E M"	"Bromhead, Henry De"
"15:40:00"	"2025-04-29"	"Punchestown"	"Samui"	"16.00"	"22"	"Handicap Hurdle"	"7"	"17"	"Williamson, Mr J H"	"Elliott, Gordon"
"18:47:00"	"2025-04-25"	"Fontwell"	"Gata Ban (IRE)"	"3.33"	"0"	"Handicap Hurdle"	"VOI"	"12"	"Tucker, Miss H C"	"Mulholland, N P"
"17:05:00"	"2025-04-22"	"Fairyhouse"	"Stuntman Steve (IRE)"	"18.00"	"29.55"	"Handicap Hurdle"	"5"	"16"	"OBrien, P M"	"Cromwell, Gavin Patrick"
"15:25:00"	"2025-04-22"	"Fairyhouse"	"Read To Return (IRE)"	"7.50"	"10.5"	"Handicap Chase"	"1"	"12"	"OSullivan, Miss Maxine"	"Martin, A J"
"15:25:00"	"2025-04-22"	"Fairyhouse"	"Routine Excellence (IRE)"	"16.00"	"27.34"	"Handicap Chase"	"8"	"12"	"OBrien, Miss C O"	"Cromwell, Gavin Patrick"
"17:00:00"	"2025-04-21"	"Fairyhouse"	"Will Do (IRE)"	"14.00"	"22.21"	"Handicap Chase"	"10"	"30"	"Sexton, Mr H E"	"Elliott, Gordon"
"14:05:00"	"2025-04-21"	"Fairyhouse"	"Whimsy"	"5.50"	"7.8"	"Handicap Novices Hurdle"	"5"	"14"	"Brown, O R"	"McCann, Anthony"
"16:45:00"	"2025-04-20"	"Fairyhouse"	"Drop The Anchor (IRE)"	"12.00"	"18"	"Handicap Hurdle"	"1"	"20"	"Sexton, Mr H E"	"Fahy, P A"
"15:22:00"	"2025-04-20"	"Cork"	"Plain Or Battered (IRE)"	"11.00"	"15.5"	"Handicap Hurdle"	"14"	"20"	"OCallaghan, Shane"	"Rothwell, P J"
"19:45:00"	"2025-04-16"	"Ffos Las"	"Triple Nickle (IRE)"	"28.00"	"37.54"	"Handicap Hurdle"	"9"	"12"	"Gale, Miss Elizabeth"	"Llewellyn, B J"
"17:00:00"	"2025-04-16"	"Cheltenham"	"Norman Fletcher"	"7.50"	"10.24"	"Handicap Hurdle"	"6"	"16"	"Turner, James"	"Twiston-Davies, N A"
"16:18:00"	"2025-04-14"	"Hexham"	"Reagrove Lord (IRE)"	"12.00"	"16.12"	"Handicap Hurdle"	"9"	"12"	"Austin, Edward"	"Bewley, G T"
"15:50:00"	"2025-04-13"	"Tramore"	"Close Enough (IRE)"	"10.00"	"16.7"	"Handicap Hurdle"	"5"	"13"	"Shinnick, J P"	"Hallahan, B J"
"18:47:00"	"2025-04-11"	"Ballinrobe"	"Western Comandor (IRE)"	"22.00"	"32.96"	"Handicap Hurdle"	"9"	"15"	"Hanlon, Mr P"	"Hanlon, John Joseph"
"16:58:00"	"2025-04-11"	"Ayr"	"Summergrounds"	"11.00"	"16.21"	"Handicap Hurdle"	"1"	"13"	"McGarry, Miss Ella"	"Richards, N G"
"16:25:00"	"2025-04-11"	"Ayr"	"Phantomofthepoints (IRE)"	"8.00"	"11"	"Handicap Hurdle"	"4"	"10"	"Pritchard, Mr Callum"	"Pipe, D E"
"16:12:00"	"2025-04-06"	"Fairyhouse"	"Crossing The Bar (IRE)"	"10.00"	"14.97"	"Handicap Hurdle"	"5"	"13"	"Roche, T P"	"Collins, C M"
"14:15:00"	"2025-04-05"	"Chepstow"	"The Boola Boss (IRE)"	"1.75"	"2.88"	"Handicap Chase"	"1"	"5"	"Brace, Mr J"	"Curtis, Miss Rebecca"
"15:45:00"	"2025-04-03"	"Naas"	"Maries March (IRE)"	"3.50"	"5.9"	"Handicap Hurdle"	"10"	"18"	"Kelly, Aidan"	"Connell, Sarah"
"16:40:00"	"2025-04-01"	"Limerick"	"Nytol (IRE)"	"2.50"	"3.89"	"Maiden Hurdle"	"4"	"14"	"Shinnick, J P"	"OBrien, Terence"
"15:05:00"	"2025-03-25"	"Taunton"	"Sevenofus (IRE)"	"7.00"	"8.4"	"Handicap Hurdle"	"5"	"9"	"Gale, Miss Elizabeth"	"Gray, C J"
"16:00:00"	"2025-03-24"	"Wincanton"	"Space Voyage"	"1.50"	"2.52"	"Handicap Chase"	"2"	"4"	"Morgan, Mr Beau"	"Murphy, Olly"
"14:18:00"	"2025-03-23"	"Limerick"	"Ellaat"	"5.50"	"7.6"	"Handicap Hurdle"	"3"	"13"	"Murphy, Mr K A"	"OConnor, Ian"
"17:05:00"	"2025-03-22"	"Navan"	"A Wave Of The Sea (IRE)"	"7.00"	"10.5"	"Handicap Chase"	"3"	"11"	"ODwyer, Charlie"	"Broderick, J P"
"17:00:00"	"2025-03-21"	"Musselburgh"	"Jet Patrol (IRE)"	"6.50"	"9.31"	"Handicap Hurdle"	"9"	"12"	"Dobb, Lewis"	"Thomson, A M"
"16:37:00"	"2025-03-21"	"Newbury"	"Pachacuti (IRE)"	"4.00"	"5.25"	"Handicap Hurdle"	"10"	"14"	"Bromley, Ben"	"Pipe, D E"
"16:25:00"	"2025-03-21"	"Musselburgh"	"Star Vantage (IRE)"	"11.00"	"15.17"	"Handicap Hurdle"	"4"	"15"	"Smith, Ben"	"Menzies, Rebecca"
"16:02:00"	"2025-03-21"	"Newbury"	"Stormy Flight (IRE)"	"5.50"	"7.8"	"Handicap Chase"	"6"	"6"	"Bament, Mr Chad"	"Scott, J"
"14:50:00"	"2025-03-21"	"Musselburgh"	"Leading Force (IRE)"	"22.00"	"31.72"	"Handicap Hurdle"	"8"	"9"	"Dobb, Lewis"	"Thomson, A M"
"17:15:00"	"2025-03-20"	"Chepstow"	"Keppel Queen"	"6.00"	"9.6"	"Handicap Hurdle"	"3"	"10"	"Macey, Benjamin"	"ONeill, Jonjo and AJ"
"16:12:00"	"2025-03-20"	"Cork"	"Betty Dutton (IRE)"	"4.50"	"5.88"	"Handicap Hurdle"	"3"	"9"	"Sexton, Mr H E"	"OGrady, E J"
"16:30:00"	"2025-03-17"	"Wexford"	"Malton Groove (IRE)"	"10.00"	"14.8"	"Handicap Chase"	"3"	"11"	"ODwyer, Charlie"	"McLoughlin, D A"
"15:55:00"	"2025-03-17"	"Wexford"	"Bob The Builder (IRE)"	"80.00"	"250"	"Beginners Chase"	"8"	"9"	"Dunne, H D"	"Rath, R P"
"15:57:00"	"2025-03-16"	"Market Rasen"	"Geordie Night"	"1.00"	"2.02"	"Handicap Hurdle"	"5"	"6"	"Broughton, Mr T P"	"Kent, Nick"
"16:50:00"	"2025-03-15"	"Thurles"	"Pebble Bleu (IRE)"	"7.00"	"8.6"	"Handicap Hurdle"	"4"	"15"	"Kenneally, Michael"	"Motherway, C"
"15:05:00"	"2025-03-15"	"Thurles"	"Clonbury Bridge (IRE)"	"14.00"	"20.09"	"Handicap Chase"	"4"	"13"	"ODwyer, Charlie"	"Dempsey, J P"
"15:05:00"	"2025-03-15"	"Thurles"	"Ricky Langford (IRE)"	"11.00"	"14.34"	"Handicap Chase"	"6"	"13"	"Roche, T P"	"Rothwell, P J"
"16:40:00"	"2025-03-13"	"Cheltenham"	"Conflated (IRE)"	"40.00"	"59.98"	"Handicap Chase"	"8"	"20"	"James, Mr R"	"Elliott, Gordon"
"14:22:00"	"2025-03-13"	"Hexham"	"Divas Doyen (IRE)"	"9.00"	"15.19"	"Handicap Chase"	"1"	"11"	"Palin, Miss H"	"Forster, Miss S E"
"14:14:00"	"2025-03-13"	"Limerick"	"Rachels Secret (IRE)"	"5.50"	"8.79"	"Maiden Hurdle"	"3"	"8"	"Donovan, Philip"	"Queally, Declan"
"15:20:00"	"2025-03-10"	"Stratford"	"Schmilsson"	"10.00"	"14.7"	"Handicap Hurdle"	"4"	"7"	"Morgan, Mr Beau"	"Murphy, Olly"
"14:10:00"	"2025-03-01"	"Navan"	"Dunboyne (IRE)"	"66.00"	"163.4"	"Handicap Hurdle"	"1"	"15"	"Smith, Mr James"	"Donoghue, Ian"
"16:55:00"	"2025-02-28"	"Ffos Las"	"Coup De Gold (IRE)"	"7.50"	"9.46"	"Handicap Hurdle"	"5"	"8"	"Williams, Eleanor"	"Williams, Evan"
"13:30:00"	"2025-02-24"	"Punchestown"	"Whimsy"	"1.25"	"2.28"	"Maiden Hurdle"	"2"	"12"	"Brown, O R"	"McCann, Anthony"
"16:30:00"	"2025-02-21"	"Exeter"	"Chauffeur Driven (IRE)"	"8.50"	"11.5"	"Handicap Hurdle"	"2"	"14"	"Bromley, Ben"	"Pipe, D E"
"13:40:00"	"2025-02-21"	"Warwick"	"Kazontherazz"	"12.00"	"16.63"	"Handicap Hurdle"	"12"	"12"	"Chance, Miss Louise"	"Keighley, M"
"16:25:00"	"2025-02-20"	"Punchestown"	"Folly Beach"	"16.00"	"25.85"	"Handicap Novices Hurdle"	"PU"	"9"	"McKenna, Liam"	"Molloy, M A"
"14:25:00"	"2025-02-20"	"Punchestown"	"Ask Anything (IRE)"	"7.50"	"9.44"	"Handicap Chase"	"9"	"17"	"Stone-Walsh, C"	"Cromwell, Gavin Patrick"
"14:25:00"	"2025-02-20"	"Punchestown"	"Beau Walking (IRE)"	"20.00"	"30.72"	"Handicap Chase"	"PU"	"17"	"OBrien, P M"	"Harrington, Mrs John"
"17:13:00"	"2025-02-19"	"Ludlow"	"Saunton Surf (IRE)"	"5.50"	"8.97"	"Handicap Hurdle"	"5"	"8"	"Davis, D P"	"Greatrex, W J"
"14:30:00"	"2025-02-15"	"Gowran Park"	"Krabat (IRE)"	"6.50"	"9.2"	"Handicap Hurdle"	"5"	"20"	"Quirke, Mr C M"	"McDonagh, Michael J"
"13:15:00"	"2025-02-15"	"Ascot"	"Golden Cosmos (IRE)"	"16.00"	"23.46"	"Handicap Hurdle"	"PU"	"17"	"Scott, Luke"	"Newland, Dr R D P"
"13:03:00"	"2025-02-15"	"Wincanton"	"King Of The Lake"	"7.00"	"8.16"	"Handicap Hurdle"	"1"	"10"	"Bament, Mr Chad"	"Scott, J"
"16:35:00"	"2025-02-13"	"Clonmel"	"On Lovers Walk (IRE)"	"20.00"	"33.56"	"Beginners Chase"	"4"	"13"	"Harney, T P"	"OSullivan, Ross"
"16:00:00"	"2025-02-13"	"Newcastle"	"Brickadank (IRE)"	"40.00"	"62.13"	"Handicap Chase"	"8"	"9"	"Thompson, Joshua"	"Hammond, Micky"
"13:40:00"	"2025-02-11"	"Ayr"	"Lewa House"	"6.00"	"8.42"	"Handicap Hurdle"	"2"	"10"	"Hislop, Mr Dominic"	"Bissett, Catch"
"13:38:00"	"2025-02-08"	"Uttoxeter"	"Feet On The Ground (IRE)"	"7.00"	"11.49"	"Novices Hurdle"	"3"	"9"	"Broughton, Mr T P"	"OBrien, Fergal"
"16:25:00"	"2025-02-05"	"Fairyhouse"	"Joya Del Mar (IRE)"	"8.00"	"13.04"	"Handicap Hurdle"	"5"	"11"	"Sutton, Mr J P"	"McLoughlin, D A"
"15:05:00"	"2025-02-05"	"Sedgefield"	"Roccos Inspiration (IRE)"	"5.50"	"7.13"	"Handicap Hurdle"	"6"	"10"	"Saunders, Lewis"	"Murphy, Olly"
"15:50:00"	"2025-02-02"	"Leopardstown"	"Irish Panther"	"11.00"	"13.5"	"Handicap Hurdle"	"3"	"18"	"Cullinan, Mr C"	"Harty, Edward and Patrick"
"15:15:00"	"2025-02-01"	"Wetherby"	"Jet Plane (IRE)"	"1.00"	"2.09"	"Hunters Chase"	"1"	"7"	"Palin, Miss H"	"Skelton, Daniel"
"15:15:00"	"2025-02-01"	"Wetherby"	"Socks Off (IRE)"	"11.00"	"14.59"	"Hunters Chase"	"PU"	"7"	"Barlow, Patrick"	"Easterby, M W"
"15:58:00"	"2025-01-23"	"Gowran Park"	"Drop The Anchor (IRE)"	"66.00"	"237.76"	"Handicap Hurdle"	"7"	"18"	"Sexton, Mr H E"	"Fahy, P A"
"15:58:00"	"2025-01-23"	"Gowran Park"	"Cosmo Renfro (IRE)"	"18.00"	"28.95"	"Handicap Hurdle"	"PU"	"18"	"Harney, T P"	"Nolan, Shane"
"14:42:00"	"2025-01-21"	"Down Royal"	"Listentillitellyea (IRE)"	"16.00"	"24"	"Novices Chase"	"6"	"9"	"McGuinness, Miss A"	"Gibney, Thomas"
"14:10:00"	"2025-01-21"	"Down Royal"	"Bishbashbosh (IRE)"	"3.50"	"5.15"	"Handicap Hurdle"	"4"	"16"	"Harney, T P"	"OSullivan, Ross"
"13:00:00"	"2025-01-21"	"Ayr"	"Tommys Law (IRE)"	"6.00"	"8.98"	"Maiden Hurdle"	"PU"	"9"	"Power, Jack"	"Russell, Miss Lucinda V"
"14:15:00"	"2025-01-17"	"Cork"	"Cast A Spell (IRE)"	"3.33"	"4.6"	"Handicap Hurdle"	"1"	"9"	"Quirke, Mr C M"	"Hogan, T"
"14:15:00"	"2025-01-17"	"Cork"	"Lucky Viv (IRE)"	"12.00"	"18.42"	"Handicap Hurdle"	"5"	"9"	"Stone-Walsh, C"	"Barry, Michael"
"12:30:00"	"2025-01-16"	"Fairyhouse"	"Clonbury Bridge (IRE)"	"5.50"	"7.74"	"Handicap Chase"	"1"	"9"	"ODwyer, Charlie"	"Dempsey, J P"
"14:25:00"	"2025-01-15"	"Newbury"	"Sound And Fury (IRE)"	"4.00"	"5.81"	"Handicap Chase"	"5"	"8"	"Pritchard, Mr Callum"	"Pauling, Ben"
"12:25:00"	"2025-01-15"	"Clonmel"	"Cheerful Chap (IRE)"	"2.13"	"3.75"	"Handicap Chase"	"2"	"9"	"Roche, T P"	"Rothwell, P J"
"12:25:00"	"2025-01-15"	"Clonmel"	"Chainofconsequence (IRE)"	"9.00"	"11.34"	"Handicap Chase"	"4"	"9"	"Ryan, Mr A P"	"McDonagh, Michael J"
"15:18:00"	"2025-01-13"	"Punchestown"	"Comeonarchie (IRE)"	"3.00"	"4.68"	"Handicap Hurdle"	"2"	"13"	"OBrien, P M"	"Hand, F G"
"13:45:00"	"2025-01-11"	"Fairyhouse"	"The King Of Prs (IRE)"	"5.50"	"7.85"	"Handicap Chase"	"1"	"12"	"Stone-Walsh, C"	"Cromwell, Gavin Patrick"
"12:15:00"	"2025-01-05"	"Chepstow"	"Shot Boii (IRE)"	"3.50"	"4.76"	"Handicap Chase"	"6"	"7"	"Harney, Gearoid"	"Pipe, D E"
"15:05:00"	"2025-01-01"	"Catterick"	"Rumble B (IRE)"	"10.00"	"16"	"Handicap Hurdle"	"3"	"7"	"Dobb, Lewis"	"Landy, Justin"
"15:00:00"	"2025-01-01"	"Fairyhouse"	"Castle Field Boy (IRE)"	"125.00"	"290"	"Beginners Chase"	"6"	"9"	"Smithers, C D"	"Foley, Patrick T"
"14:00:00"	"2025-01-01"	"Fakenham"	"One Last Glance"	"2.25"	"3.38"	"Handicap Novices Chase"	"1"	"6"	"Mitchell, Mr F"	"Gretton, T R "
"13:50:00"	"2025-01-01"	"Fairyhouse"	"Read To Return (IRE)"	"3.50"	"5.79"	"Handicap Hurdle"	"3"	"21"	"Stone-Walsh, C"	"Martin, A J"
"13:45:00"	"2025-01-01"	"Musselburgh"	"Bold Light (IRE)"	"3.50"	"5.25"	"Handicap Hurdle"	"1"	"6"	"Doyle, Alan"	"Russell, Miss Lucinda V"
"13:20:00"	"2025-01-01"	"Catterick"	"Bebside Banter (IRE)"	"1.38"	"2.62"	"Handicap Chase"	"4"	"4"	"Maggs, Mr Charlie"	"Grant, C"
"11:45:00"	"2025-01-01"	"Fakenham"	"Tara Iti"	"4.00"	"6.03"	"Handicap Hurdle"	"3"	"8"	"Fernandes, Mr Jude"	"Moore, Gary and Josh"
"14:30:00"	"2024-12-31"	"Uttoxeter"	"Jessie Lightfoot (IRE)"	"9.00"	"14.25"	"Handicap Chase"	"4"	"11"	"Mathias, Imogen"	"Oliver, Henry"
"15:27:00"	"2024-12-29"	"Limerick"	"New Barn Lane (IRE)"	"8.50"	"14.2"	"Handicap Hurdle"	"10"	"18"	"ODwyer, Charlie"	"ODwyer, Conor"
"15:25:00"	"2024-12-28"	"Limerick"	"Tilloughna (IRE)"	"16.00"	"20.28"	"Handicap Hurdle"	"6"	"18"	"Hanlon, Mr P"	"Budds, David Kenneth"
"14:50:00"	"2024-12-28"	"Limerick"	"Street Value (IRE)"	"28.00"	"50.98"	"Handicap Hurdle"	"12"	"17"	"Quirke, Mr C M"	"Flavin, J P"
"14:15:00"	"2024-12-28"	"Limerick"	"Stormy Judge (IRE)"	"16.00"	"21"	"Handicap Chase"	"UR"	"14"	"Sexton, Mr H E"	"Fahy, P A"
"15:38:00"	"2024-12-27"	"Kempton"	"Glory And Fortune (IRE)"	"14.00"	"21"	"Handicap Hurdle"	"3"	"8"	"Iles, Cameron"	"Lacey, T"
"15:00:00"	"2024-12-27"	"Leopardstown"	"Adamantly Chosen (IRE)"	"50.00"	"84.89"	"Handicap Chase"	"17"	"27"	"ODwyer, Charlie"	"Mullins, W P"
"14:36:00"	"2024-12-27"	"Limerick"	"Sarah Beara (IRE)"	"6.00"	"9.2"	"Handicap Hurdle"	"F"	"11"	"Quail, Toni"	"Curling, S"
"15:45:00"	"2024-12-26"	"Wincanton"	"John Betjeman"	"8.00"	"11.08"	"Handicap Hurdle"	"5"	"15"	"Scott, Luke"	"Gillard, Mark"
"15:15:00"	"2024-12-26"	"Limerick"	"Dream In The Park (IRE)"	"3.50"	"5"	"Handicap Chase"	"1"	"10"	"Hogan, C M"	"McNamara, E"
"14:33:00"	"2024-12-26"	"Down Royal"	"Ask DMan (IRE)"	"20.00"	"32"	"Hunters Chase"	"3"	"12"	"Finn, Mr B"	"Christie, D M"
"14:15:00"	"2024-12-26"	"Aintree"	"Duke Of Deception (IRE)"	"6.50"	"8.2"	"Handicap Chase"	"3"	"7"	"Smith, Ben"	"Greenall, O / Guerriero, J"
"15:40:00"	"2024-12-19"	"Exeter"	"Wearapinkribbon (IRE)"	"28.00"	"52.37"	"Handicap Hurdle"	"9"	"18"	"Fox, Megan"	"Nelmes, Mrs H R J"
"15:45:00"	"2024-12-18"	"Ludlow"	"Mactavish"	"5.50"	"7.2"	"Handicap Hurdle"	"4"	"8"	"Marshall, Miss I"	"Sheppard, M"
"12:30:00"	"2024-12-17"	"Catterick"	"Be The Difference (IRE)"	"6.50"	"8.72"	"Handicap Hurdle"	"1"	"10"	"Halton, Mr Shay"	"Kirby, P A"
"14:40:00"	"2024-12-16"	"Plumpton"	"Red Windsor (IRE)"	"10.00"	"15.46"	"Handicap Hurdle"	"10"	"11"	"Gordon, Mr Fred"	"Gordon, C"
"13:10:00"	"2024-12-15"	"Navan"	"The Story So Far (IRE)"	"2.50"	"3.99"	"Handicap Hurdle"	"7"	"18"	"Harvey, A"	"Byrnes, C"
"14:50:00"	"2024-12-11"	"Hexham"	"High Moon"	"4.50"	"6"	"Handicap Chase"	"3"	"14"	"Maggs, Mr Charlie"	"Menzies, Rebecca"
"14:20:00"	"2024-12-11"	"Hexham"	"Bollin Neil"	"8.00"	"11.29"	"Handicap Hurdle"	"11"	"16"	"Maggs, Mr Charlie"	"Easterby, T D"
"14:50:00"	"2024-12-08"	"Cork"	"Crowsatedappletart (IRE)"	"14.00"	"23.4"	"Handicap Hurdle"	"11"	"18"	"Brouder, Gavin"	"Winters, Michael"
"14:52:00"	"2024-12-07"	"Navan"	"Park The Giant (IRE)"	"50.00"	"104.12"	"Beginners Chase"	"5"	"18"	"Moore, Niall"	"Fenton, Philip"
"13:42:00"	"2024-12-07"	"Navan"	"Space Tourist (IRE)"	"33.00"	"50.9"	"Handicap Hurdle"	"14"	"20"	"Farrell, Sean C"	"Mullins, W P"
"15:20:00"	"2024-12-06"	"Exeter"	"Bells Of Peterboro (IRE)"	"12.00"	"19"	"Handicap Chase"	"PU"	"11"	"Vaughan, Mr Edward"	"Vaughan, Tim"
"14:20:00"	"2024-12-06"	"Sedgefield"	"Ambassador (IRE)"	"66.00"	"110"	"Handicap Hurdle"	"8"	"9"	"Thompson, Joshua"	"Hammond, Micky"
"15:10:00"	"2024-12-05"	"Wincanton"	"Marettimo (IRE)"	"40.00"	"99.15"	"Handicap Chase"	"4"	"10"	"Ffrench Davis, Mr Ben"	"Turner, W G M"
"12:35:00"	"2024-12-05"	"Wincanton"	"Planned Paradise (IRE)"	"5.50"	"7.14"	"Handicap Chase"	"3"	"6"	"Murphy-knight, Mr J J"	"Williams, Christian"
"14:35:00"	"2024-12-03"	"Clonmel"	"Duffys Hodey (IRE)"	"2.75"	"4.2"	"Handicap Hurdle"	"1"	"15"	"Roche, T P"	"Rothwell, P J"
"12:45:00"	"2024-12-03"	"Southwell"	"Ben Buie (IRE)"	"14.00"	"27.53"	"Handicap Chase"	"PU"	"7"	"McConville, Mr D J"	"Keighley, M"
"15:05:00"	"2024-11-30"	"Fairyhouse"	"Krabat (IRE)"	"28.00"	"34"	"Handicap Hurdle"	"5"	"24"	"Quirke, Mr C M"	"McDonagh, Michael J"
"12:45:00"	"2024-11-30"	"Fairyhouse"	"Whiskeywealth (IRE)"	"7.00"	"8.8"	"Handicap Chase"	"PU"	"10"	"Shinnick, J P"	"OBrien, Terence"
"12:28:00"	"2024-11-30"	"Newcastle"	"Five Dollar Fine (IRE)"	"16.00"	"24"	"Handicap Chase"	"6"	"9"	"Rabbitt, Mr C"	"Hamilton, Mrs A"
"14:45:00"	"2024-11-29"	"Thurles"	"Game And Glory (IRE)"	"6.50"	"8.73"	"Handicap Hurdle"	"7"	"7"	"Roche, T P"	"Rothwell, P J"
"12:38:00"	"2024-11-29"	"Musselburgh"	"Jet Patrol (IRE)"	"7.50"	"14.4"	"Maiden Hurdle"	"F"	"8"	"Dobb, Lewis"	"Thomson, A M"
"13:50:00"	"2024-11-26"	"Tramore"	"Lucky Viv (IRE)"	"18.00"	"24.77"	"Handicap Hurdle"	"10"	"15"	"Shinnick, J P"	"Barry, Michael"
"14:32:00"	"2024-11-22"	"Tipperary"	"Robyndeglory (IRE)"	"22.00"	"32.24"	"Handicap Hurdle"	"3"	"18"	"Millar, Mr C P"	"Collins, C M"
"15:30:00"	"2024-11-19"	"Limerick"	"Imbolc (IRE)"	"8.50"	"11"	"Handicap Hurdle"	"9"	"11"	"Sexton, Mr H E"	"Sheehy, E"
"14:55:00"	"2024-11-19"	"Limerick"	"Malinas Glory (IRE)"	"14.00"	"22.12"	"Handicap Hurdle"	"4"	"11"	"Aherne, Mr J"	"OGrady, A M"
"13:45:00"	"2024-11-19"	"Limerick"	"Good Bye Milan (IRE)"	"4.50"	"5.95"	"Handicap Hurdle"	"9"	"11"	"Quirke, Mr C M"	"Flynn, Leonard"
"14:55:00"	"2024-11-15"	"Cheltenham"	"Conflated (IRE)"	"4.50"	"6.77"	"Handicap Chase"	"8"	"9"	"James, Mr R"	"Elliott, Gordon"
"14:35:00"	"2024-11-15"	"Punchestown"	"Ricky Langford (IRE)"	"25.00"	"41.59"	"Handicap Hurdle"	"5"	"12"	"Roche, T P"	"Rothwell, P J"
"15:00:00"	"2024-11-14"	"Sedgefield"	"Swift Reply"	"28.00"	"56.17"	"Handicap Novices Hurdle"	"6"	"12"	"Maggs, Mr Charlie"	"Waugh, S G"
"14:17:00"	"2024-11-12"	"Fairyhouse"	"General Hubble (IRE)"	"2.50"	"3.85"	"Handicap Chase"	"1"	"6"	"Quail, Toni"	"Elliott, Gordon"
"15:15:00"	"2024-11-03"	"Cork"	"King Ferdinand (IRE)"	"14.00"	"18.74"	"Handicap Chase"	"5"	"10"	"OSullivan, Alan"	"OSullivan, Eugene M"
"13:10:00"	"2024-11-03"	"Cork"	"Walk Away Harry (IRE)"	"20.00"	"43.65"	"Handicap Hurdle"	"8"	"17"	"Noonan, G B"	"OConnor, Ian"
"16:08:00"	"2024-11-02"	"Wetherby"	"Topofthecotswolds (IRE)"	"4.50"	"6.05"	"Handicap Chase"	"7"	"9"	"McCain-Mitchell, Toby"	"Twiston-Davies, N A"
"14:35:00"	"2024-10-27"	"Galway"	"Likable Chancer (IRE)"	"8.00"	"10.91"	"Handicap Chase"	"6"	"16"	"OCallaghan, Shane"	"Howard, Daniel John"
"13:42:00"	"2024-10-27"	"Wexford"	"Mr Saxobeat (IRE)"	"9.00"	"14"	"Handicap Chase"	"2"	"8"	"McGuinness, Miss A"	"Gibney, Thomas"
"13:07:00"	"2024-10-27"	"Wexford"	"An Peann Dearg (IRE)"	"3.33"	"4.38"	"Beginners Chase"	"2"	"6"	"Stone-Walsh, C"	"Nolan, Paul"
"15:20:00"	"2024-10-26"	"Kelso"	"Heart Above"	"2.50"	"3.56"	"Handicap Hurdle"	"2"	"15"	"Maggs, Mr William"	"Sayer, Mrs Dianne"
"16:48:00"	"2024-10-24"	"Clonmel"	"Routine Excellence (IRE)"	"4.50"	"6.6"	"Handicap Chase"	"PU"	"8"	"Kearney, J"	"Cromwell, Gavin Patrick"
"17:10:00"	"2024-10-20"	"Kempton"	"Stanley Pincombe (IRE)"	"10.00"	"12.35"	"Handicap Hurdle"	"6"	"7"	"Gordon, Mr Fred"	"Gordon, C"
"13:30:00"	"2024-10-20"	"Limerick"	"Ma Bess (IRE)"	"1.10"	"2.3"	"Maiden Hurdle"	"2"	"14"	"Shinnick, J P"	"OBrien, Terence"
"13:40:00"	"2024-10-19"	"Stratford"	"Good Impression"	"9.00"	"12.56"	"Handicap Hurdle"	"4"	"9"	"Obrien, Miss Fern"	"Llewellyn, B J"
"17:05:00"	"2024-10-18"	"Uttoxeter"	"Bridge Road (IRE)"	"7.50"	"11"	"Handicap Hurdle"	"2"	"14"	"Shanahan, William T"	"Candlish, Jennie"
"13:22:00"	"2024-10-17"	"Carlisle"	"Dalileo (IRE)"	"8.50"	"11.38"	"Handicap Hurdle"	"5"	"11"	"Thompson, Joshua"	"Harrison, Miss L"
"14:50:00"	"2024-10-16"	"Punchestown"	"Missus Beeton (IRE)"	"5.00"	"6.62"	"Handicap Hurdle"	"2"	"11"	"Quirke, Mr C M"	"Nolan, Shane"
"14:50:00"	"2024-10-15"	"Punchestown"	"Ricky Langford (IRE)"	"33.00"	"58.48"	"Handicap Hurdle"	"9"	"10"	"Owens, C"	"Rothwell, P J"
"17:05:00"	"2024-10-14"	"Hereford"	"Hedera Park (IRE)"	"7.00"	"11.5"	"Handicap Hurdle"	"7"	"9"	"Pritchard, Mr Callum"	"Hamer, Mrs D A"
"16:55:00"	"2024-10-12"	"Hexham"	"Edmond Dantes (IRE)"	"50.00"	"80"	"Handicap Chase"	"7"	"10"	"Maggs, Mr William"	"Murtagh, Barry"
"17:05:00"	"2024-10-11"	"Downpatrick"	"Red Ball Of Fire (IRE)"	"6.50"	"7.97"	"Beginners Chase"	"5"	"10"	"Quirke, Mr C M"	"McNiff, Mark Michael"
"15:20:00"	"2024-10-11"	"Downpatrick"	"Chancer Dancer (IRE)"	"5.00"	"6.7"	"Handicap Hurdle"	"6"	"7"	"McCrory, Mr M E"	"Kelly, Noel C"
"17:00:00"	"2024-10-10"	"Tramore"	"Mazzas Mahler (IRE)"	"25.00"	"38"	"Beginners Chase"	"9"	"10"	"Millar, Mr C P"	"Hughes, Thomas R"
"16:25:00"	"2024-10-10"	"Tramore"	"Coole Arcade (IRE)"	"5.50"	"7.87"	"Handicap Chase"	"2"	"8"	"Stone-Walsh, C"	"Coakley, Charles"
"16:00:00"	"2024-10-08"	"Huntingdon"	"Edison Kent (IRE)"	"18.00"	"29.33"	"Handicap Hurdle"	"6"	"9"	"Chadwick, Alex"	"Owen, J P"
"15:45:00"	"2024-10-08"	"Galway"	"Another Choice (IRE)"	"6.50"	"9.4"	"Chase"	"2"	"3"	"Smith, Mr James"	"Smith, Matthew J"
"15:45:00"	"2024-10-08"	"Galway"	"Flanking Maneuver (IRE)"	"5.50"	"7.71"	"Chase"	"3"	"3"	"James, Mr R"	"Elliott, Gordon"
"16:10:00"	"2024-10-04"	"Gowran Park"	"The Big Chap (IRE)"	"12.00"	"15.95"	"Handicap Hurdle"	"12"	"15"	"Stone-Walsh, C"	"Flynn, Paul W"
"16:40:00"	"2024-10-03"	"Southwell"	"Forget The Way"	"6.00"	"6.69"	"Handicap Hurdle"	"5"	"8"	"Chadwick, Alex"	"Owen, J P"
"16:25:00"	"2024-10-03"	"Clonmel"	"Roman Parish (IRE)"	"10.00"	"14.17"	"Handicap Hurdle"	"5"	"16"	"Quirke, Mr C M"	"OBrien, David M"
"16:10:00"	"2024-10-02"	"Sligo"	"Sea Road Fill (IRE)"	"28.00"	"42.05"	"Chase"	"4"	"5"	"Donovan, Philip"	"Collins, Darren"
"17:45:00"	"2024-09-28"	"Market Rasen"	"Seaborough (IRE)"	"66.00"	"100"	"Handicap Hurdle"	"8"	"9"	"Anderson, Mr A"	"Shaw, D"
"16:25:00"	"2024-09-27"	"Listowel"	"Likable Chancer (IRE)"	"9.00"	"10.88"	"Handicap Chase"	"3"	"16"	"OCallaghan, Shane"	"Howard, Daniel John"
"16:37:00"	"2024-09-26"	"Listowel"	"Grange Walk (IRE)"	"40.00"	"80.68"	"Handicap Hurdle"	"8"	"14"	"Quirke, Mr C M"	"Ryan, John Patrick"
"15:35:00"	"2024-09-18"	"Tramore"	"Must Be Dreaming (IRE)"	"6.50"	"9"	"Handicap Chase"	"1"	"9"	"Shinnick, J P"	"Ahern, G"
"16:30:00"	"2024-09-16"	"Worcester"	"Bolintlea (IRE)"	"14.00"	"15.95"	"Handicap Novices Hurdle"	"8"	"11"	"Scott, Luke"	"Newland, Dr R D P"
"16:35:00"	"2024-09-13"	"Ballinrobe"	"Wild Shot"	"22.00"	"38"	"Handicap Hurdle"	"6"	"16"	"Harvey, A"	"McConnell, John C"
"19:10:00"	"2024-09-11"	"Worcester"	"Electric Eddy"	"5.00"	"6.8"	"Handicap Hurdle"	"1"	"12"	"Turner, James"	"Twiston-Davies, N A"
"16:03:00"	"2024-09-11"	"Worcester"	"Herecomeshogan (IRE)"	"7.50"	"9.81"	"Handicap Chase"	"6"	"13"	"McConville, Mr D J"	"Keighley, M"
"16:15:00"	"2024-09-09"	"Perth"	"Shantou Lucky (IRE)"	"11.00"	"12.85"	"Handicap Hurdle"	"1"	"11"	"Anderson, Mr A"	"Bedi, Miss J"
"16:12:00"	"2024-09-07"	"Stratford"	"Baby Sham"	"12.00"	"15.5"	"Handicap Seller Hurdle"	"10"	"15"	"Palmer, Oscar"	"Mullins, J W"
"17:40:00"	"2024-09-06"	"Kilbeggan"	"Cafe Del Mar (IRE)"	"3.50"	"5.53"	"Handicap Hurdle"	"8"	"15"	"Hanlon, Mr P"	"Phelan, David J"
"17:30:00"	"2024-09-04"	"Kilbeggan"	"Camino Rock"	"8.00"	"11.89"	"Handicap Hurdle"	"1"	"7"	"Brouder, Gavin"	"Morris, M F"
"17:30:00"	"2024-09-04"	"Kilbeggan"	"Donacheady Gale (IRE)"	"9.00"	"11.68"	"Handicap Hurdle"	"5"	"7"	"Stone-Walsh, C"	"Ryan, John Patrick"
"19:20:00"	"2024-08-30"	"Fontwell"	"Joyful Kit (IRE)"	"18.00"	"26"	"Handicap Novices Hurdle"	"5"	"12"	"Johnston, Dylan"	"Brown, Miss Harriet"
"18:10:00"	"2024-08-30"	"Fontwell"	"My Gift To You (IRE)"	"4.00"	"5.7"	"Handicap Chase"	"3"	"6"	"Chadwick, Alex"	"Owen, J P"
"18:40:00"	"2024-08-26"	"Ballinrobe"	"Tuff Days (IRE)"	"10.00"	"13"	"Handicap Hurdle"	"6"	"15"	"Shinnick, J P"	"Barry, Michael"
"16:50:00"	"2024-08-26"	"Downpatrick"	"Wee Jerry (IRE)"	"6.00"	"7.66"	"Handicap Chase"	"8"	"11"	"Stone-Walsh, C"	"Donoghue, Ian"
"16:15:00"	"2024-08-26"	"Downpatrick"	"Air Drop (IRE)"	"7.00"	"10.11"	"Beginners Chase"	"3"	"6"	"Millar, Mr C P"	"Elliott, Gordon"
"15:40:00"	"2024-08-24"	"Killarney"	"Champella (IRE)"	"7.00"	"10.14"	"Handicap Hurdle"	"4"	"13"	"Harney, T P"	"OSullivan, Ross"
"15:05:00"	"2024-08-24"	"Killarney"	"A Nod To Getaway (IRE)"	"4.50"	"6.88"	"Handicap Hurdle"	"8"	"14"	"Roche, T P"	"OFlynn, Paul"
"14:30:00"	"2024-08-24"	"Killarney"	"Swelltime (IRE)"	"12.00"	"17.93"	"Handicap Hurdle"	"1"	"15"	"Millar, Mr C P"	"Odoherty, William Joseph"
"19:06:00"	"2024-08-22"	"Killarney"	"King Ferdinand (IRE)"	"7.50"	"11"	"Handicap Chase"	"1"	"9"	"OSullivan, Alan"	"OSullivan, Eugene M"
"18:36:00"	"2024-08-22"	"Killarney"	"Likable Chancer (IRE)"	"16.00"	"22.83"	"Handicap Chase"	"6"	"12"	"Quirke, Mr C M"	"Howard, Daniel John"
"17:06:00"	"2024-08-22"	"Killarney"	"Je Tai Porte (IRE)"	"11.00"	"15.04"	"Handicap Hurdle"	"7"	"10"	"Stone-Walsh, C"	"Cromwell, Gavin Patrick"
"19:40:00"	"2024-08-21"	"Sligo"	"Lets Do This (IRE)"	"2.00"	"3.15"	"Handicap Hurdle"	"3"	"9"	"Millar, Mr C P"	"Collins, C M"
"19:05:00"	"2024-08-17"	"Perth"	"Bayonetta (IRE)"	"6.00"	"7.5"	"Handicap Hurdle"	"2"	"15"	"Harvey, A"	"Quinn, Gerald"
"19:50:00"	"2024-08-15"	"Tramore"	"Roman Parish (IRE)"	"10.00"	"13.86"	"Handicap Hurdle"	"4"	"16"	"Quirke, Mr C M"	"OBrien, David M"
"18:53:00"	"2024-08-12"	"Ballinrobe"	"Sydney Cruiser (IRE)"	"11.00"	"16"	"Handicap Hurdle"	"3"	"14"	"Harvey, A"	"Murphy, Ciaran"
"17:30:00"	"2024-08-10"	"Kilbeggan"	"Spick And Span (IRE)"	"7.50"	"10.27"	"Handicap Hurdle"	"4"	"12"	"Kelly, Aidan"	"Howard, Aidan Anthony"
"19:50:00"	"2024-08-09"	"Wexford"	"Glendars Mahler (IRE)"	"6.50"	"9"	"Handicap Hurdle"	"5"	"14"	"Harvey, A"	"Fahey, James"
"16:55:00"	"2024-08-09"	"Wexford"	"Sunchart"	"1.10"	"2.28"	"Maiden Hurdle"	"1"	"14"	"Quirke, Mr C M"	"Slattery, Andrew"
"19:45:00"	"2024-08-07"	"Wexford"	"Mc Alpine (IRE)"	"28.00"	"35.95"	"Handicap Chase"	"7"	"9"	"Roche, T P"	"Rothwell, P J"
"19:15:00"	"2024-08-07"	"Wexford"	"Everglow"	"12.00"	"14.51"	"Handicap Chase"	"BD"	"15"	"Smith, Mr James"	"Donoghue, Ian"
"18:45:00"	"2024-08-07"	"Wexford"	"Malton Groove (IRE)"	"5.00"	"7.15"	"Handicap Chase"	"5"	"11"	"OBrien, P M"	"McLoughlin, D A"
"18:45:00"	"2024-08-07"	"Wexford"	"Room To Roam (IRE)"	"9.00"	"11.07"	"Handicap Chase"	"7"	"11"	"Harvey, A"	"McConnell, John C"
"18:45:00"	"2024-08-07"	"Wexford"	"Hard Target (IRE)"	"9.00"	"12.19"	"Handicap Chase"	"PU"	"11"	"Shinnick, J P"	"Kelly, David Harry"
"17:15:00"	"2024-08-07"	"Wexford"	"Depeche Mo (IRE)"	"7.00"	"9.58"	"Handicap Hurdle"	"PU"	"13"	"Kelly, Aidan"	"Larkin, Eric"
"14:20:00"	"2024-08-04"	"Galway"	"Another Choice (IRE)"	"9.00"	"11"	"Handicap Hurdle"	"7"	"16"	"Smith, Mr James"	"Smith, Matthew J"
"13:50:00"	"2024-08-04"	"Galway"	"Bythesametoken (IRE)"	"4.50"	"6.8"	"Handicap Hurdle"	"4"	"14"	"Harney, T P"	"OSullivan, Ross"
"18:00:00"	"2024-08-02"	"Galway"	"Moonovercloon (IRE)"	"6.50"	"10.5"	"Handicap Chase"	"2"	"20"	"Smith, Mr James"	"Smith, Matthew J"
"18:00:00"	"2024-07-31"	"Galway"	"Minx Tiara (IRE)"	"16.00"	"23.24"	"Handicap Hurdle"	"11"	"19"	"James, Mr R"	"OBrien, David M"
"17:25:00"	"2024-07-28"	"Uttoxeter"	"Donnie Azoff (IRE)"	"10.00"	"15.8"	"Handicap Hurdle"	"2"	"10"	"Featherstone, Mr William"	"Snowden, Jamie"
"16:25:00"	"2024-07-28"	"Uttoxeter"	"Gone In Sixty"	"5.50"	"9.6"	"Maiden Hurdle"	"2"	"11"	"Tucker, Miss H C"	"Hales, A M"
"20:00:00"	"2024-07-26"	"Kilbeggan"	"Broken Ice (IRE)"	"5.50"	"7"	"Handicap Chase"	"6"	"8"	"Kidd, D A"	"McConnell, John C"
"18:55:00"	"2024-07-26"	"Kilbeggan"	"Jumping Susie (IRE)"	"4.00"	"6.52"	"Handicap Hurdle"	"1"	"12"	"Harvey, A"	"McConnell, John C"
"18:35:00"	"2024-07-25"	"Wexford"	"Steps Match (IRE)"	"5.50"	"7.92"	"Handicap Hurdle"	"8"	"13"	"Shinnick, J P"	"Butler, Michael"
"17:45:00"	"2024-07-25"	"Worcester"	"Ben Buie (IRE)"	"40.00"	"57.41"	"Handicap Hurdle"	"8"	"13"	"Keighley, Mr Freddie"	"Keighley, M"
"14:35:00"	"2024-07-21"	"Newton Abbot"	"Miss Marette"	"22.00"	"32"	"Handicap Hurdle"	"10"	"12"	"Pritchard, Mr Callum"	"Down, C J"
"16:35:00"	"2024-07-20"	"Cartmel"	"Wonderwall (IRE)"	"3.00"	"4.34"	"Handicap Hurdle"	"2"	"12"	"Johnston, Dylan"	"Bowen, Peter / Michael"
"16:00:00"	"2024-07-20"	"Cartmel"	"Well Educated (IRE)"	"12.00"	"15"	"Handicap Hurdle"	"2"	"11"	"Gale, Miss Elizabeth"	"Bewley, G T"
"16:00:00"	"2024-07-20"	"Cartmel"	"King Otis (IRE)"	"7.50"	"9.75"	"Handicap Hurdle"	"8"	"11"	"Marshall, Miss I"	"Owen, J P"
"14:05:00"	"2024-07-13"	"Wexford"	"Fox Leicester (IRE)"	"20.00"	"27.09"	"Handicap Hurdle"	"9"	"14"	"Moore, Niall"	"Burke, John M"
"19:20:00"	"2024-07-12"	"Kilbeggan"	"Cerberus"	"8.50"	"12"	"Handicap Hurdle"	"12"	"14"	"Barron, Mr R W"	"Hayes, John G"
"19:10:00"	"2024-07-08"	"Roscommon"	"Pidoyne (IRE)"	"14.00"	"19.5"	"Handicap Hurdle"	"1"	"13"	"OSullivan, Mr E M"	"Bromhead, Henry De"
"16:50:00"	"2024-07-08"	"Worcester"	"Ascension Day (IRE)"	"7.50"	"9"	"Handicap Hurdle"	"4"	"14"	"Maggs, Mr William"	"Lycett, Shaun"
"20:00:00"	"2024-07-05"	"Cork"	"Whatcouldhavebeen (IRE)"	"1.10"	"2.16"	"Hurdle"	"4"	"6"	"Kelly, Aidan"	"Fahey, Jarlath P"
"16:35:00"	"2024-07-02"	"Tipperary"	"Emily In Paris (IRE)"	"5.50"	"8.4"	"Beginners Chase"	"5"	"16"	"OCallaghan, Shane"	"Fitzgerald, D E"
"16:35:00"	"2024-07-02"	"Tipperary"	"On The Tide (IRE)"	"40.00"	"66.03"	"Beginners Chase"	"UR"	"16"	"ODwyer, Charlie"	"Neville, Seamus"
"16:47:00"	"2024-06-28"	"Cartmel"	"Pittsburg (IRE)"	"16.00"	"26"	"Handicap Hurdle"	"5"	"14"	"Keighley, Mr Freddie"	"Potter, R D"
"14:53:00"	"2024-06-26"	"Worcester"	"Dirk Gently (IRE)"	"8.00"	"11.5"	"Handicap Chase"	"5"	"14"	"Slatter, Mr N"	"McPherson, Graeme P"
"14:48:00"	"2024-06-23"	"Hexham"	"Dapper Gent"	"6.00"	"8.52"	"Handicap Novices Hurdle"	"4"	"14"	"Rabbitt, Mr C"	"Barnes, M A"
"14:18:00"	"2024-06-23"	"Hexham"	"Foxwood (IRE)"	"9.00"	"13"	"Handicap Hurdle"	"5"	"15"	"Thompson, Joshua"	"Bewley, G T"
"18:45:00"	"2024-06-17"	"Kilbeggan"	"Henning (IRE)"	"10.00"	"16.63"	"Handicap Hurdle"	"3"	"14"	"Donovan, Philip"	"Hogan, Denis Gerard"
"17:45:00"	"2024-06-17"	"Kilbeggan"	"Navy Waves (IRE)"	"6.50"	"8.4"	"Handicap Hurdle"	"3"	"15"	"Dwan, Mr E"	"Cashin, Mrs Julie"
"14:00:00"	"2024-06-16"	"Downpatrick"	"Talk In The Park (IRE)"	"1.38"	"2.63"	"Maiden Hurdle"	"1"	"13"	"Harney, T P"	"OSullivan, Ross"
"14:50:00"	"2024-06-15"	"Downpatrick"	"Sula Warrior (IRE)"	"8.00"	"10.09"	"Handicap Hurdle"	"11"	"15"	"McGill, Mr D"	"Cosgrave, J G"
"14:15:00"	"2024-06-15"	"Downpatrick"	"Cullenwaine (IRE)"	"3.33"	"4.75"	"Handicap Hurdle"	"1"	"14"	"Elvin, Miss P"	"Rothwell, P J"
"14:15:00"	"2024-06-15"	"Downpatrick"	"Mister Vic (IRE)"	"33.00"	"77.2"	"Handicap Hurdle"	"8"	"14"	"McCrory, Mr M E"	"Kelly, Noel C"
"13:40:00"	"2024-06-15"	"Downpatrick"	"Mater Matuta (IRE)"	"6.00"	"8.62"	"Handicap Hurdle"	"3"	"10"	"Harvey, A"	"Delany, E D"
"16:40:00"	"2024-06-09"	"Punchestown"	"It Could Be You (IRE)"	"66.00"	"125.93"	"Handicap Hurdle"	"PU"	"13"	"Kavanagh, Sarah"	"Mullins, Thomas"
"14:55:00"	"2024-06-09"	"Punchestown"	"Sargent Lightfoot (IRE)"	"7.00"	"8.35"	"Handicap Hurdle"	"1"	"15"	"Doyle, Miss S M"	"Murray, Adrian"
"14:55:00"	"2024-06-09"	"Punchestown"	"Costanuci (IRE)"	"10.00"	"16.5"	"Handicap Hurdle"	"5"	"15"	"Queally, Miss O M"	"Queally, John"
"13:57:00"	"2024-06-08"	"Punchestown"	"Final Orders"	"18.00"	"21.31"	"Handicap Chase"	"4"	"7"	"OBrien, P M"	"Cromwell, Gavin Patrick"
"13:57:00"	"2024-06-08"	"Punchestown"	"Uncle Phil (IRE)"	"6.00"	"9"	"Handicap Chase"	"PU"	"7"	"Callaghan, Mr K"	"Mullins, W P"
"20:30:00"	"2024-06-07"	"Clonmel"	"Golden Glen (IRE)"	"11.00"	"15.42"	"Handicap Chase"	"9"	"13"	"Noonan, G B"	"Walsh, Brendan M"
"19:20:00"	"2024-06-07"	"Clonmel"	"Lilian Bland (IRE)"	"8.00"	"12.43"	"Handicap Chase"	"4"	"13"	"Sweeney, Mr M J"	"Hennessy, Niall Patrick"
"19:20:00"	"2024-06-07"	"Clonmel"	"Presenting Point (IRE)"	"125.00"	"217.62"	"Handicap Chase"	"11"	"13"	"Aherne, Mr J"	"OGrady, A M"
"15:10:00"	"2024-06-05"	"Newton Abbot"	"Sevenofus (IRE)"	"40.00"	"60"	"Handicap Hurdle"	"5"	"10"	"Gale, Miss Elizabeth"	"Gray, C J"
"14:45:00"	"2024-06-04"	"Southwell"	"Tom Creen (IRE)"	"2.75"	"3.85"	"Handicap Chase"	"4"	"6"	"Broughton, Mr T P"	"England, Sam"
"15:20:00"	"2024-06-03"	"Listowel"	"Our Girl Sal (IRE)"	"12.00"	"22.71"	"Handicap Hurdle"	"5"	"14"	"Coen, J"	"Fahey, Peter"
"17:20:00"	"2024-05-31"	"Tramore"	"Gold Haven (IRE)"	"6.00"	"8.02"	"Beginners Chase"	"2"	"15"	"Millar, Mr C P"	"Flynn, Paul W"
"19:00:00"	"2024-05-28"	"Ballinrobe"	"Dreamz (IRE)"	"3.50"	"6.06"	"Handicap Hurdle"	"7"	"16"	"Shinnick, J P"	"OBrien, Terence"
"17:30:00"	"2024-05-27"	"Ballinrobe"	"Watch The Weather"	"16.00"	"22.25"	"Handicap Hurdle"	"7"	"15"	"Millar, Mr C P"	"Cody, Patrick"
"14:28:00"	"2024-05-21"	"Punchestown"	"Scott Lang (IRE)"	"5.00"	"9.6"	"Handicap Hurdle"	"11"	"17"	"Kennedy, B P"	"Flynn, Paul W"
"16:00:00"	"2024-05-18"	"Wexford"	"Plain Or Battered (IRE)"	"5.00"	"7.2"	"Handicap Hurdle"	"1"	"12"	"Owens, C"	"Rothwell, P J"
"16:20:00"	"2024-05-16"	"Perth"	"Shantou Lucky (IRE)"	"100.00"	"200"	"Handicap Hurdle"	"4"	"10"	"Anderson, Mr A"	"Bedi, Miss J"
"19:45:00"	"2024-05-13"	"Killarney"	"Nice To Meet (IRE)"	"11.00"	"16"	"Hunters Chase"	"9"	"11"	"Roche, T P"	"OConnor, Michael J"
"19:10:00"	"2024-05-13"	"Killarney"	"A Mere Bagatelle (IRE)"	"7.00"	"9.42"	"Handicap Chase"	"1"	"11"	"Fenelon, S"	"Hanlon, John Joseph"
"16:00:00"	"2024-05-11"	"Hexham"	"Dee Star (IRE)"	"18.00"	"19.99"	"Handicap Chase"	"F"	"10"	"Dodd, Murray"	"Hanmer, G D"
"16:00:00"	"2024-05-09"	"Huntingdon"	"Dunworley (IRE)"	"4.50"	"6.28"	"Handicap Novices Chase"	"3"	"7"	"Broughton, Mr T P"	"Kent, Nick"
"20:10:00"	"2024-05-08"	"Fontwell"	"Lady Caro (IRE)"	"6.00"	"8.8"	"Handicap Novices Hurdle"	"6"	"10"	"Anderson, Joe"	"Lavelle, Miss E C"
"18:42:00"	"2024-05-07"	"Southwell"	"Ascension Day (IRE)"	"7.50"	"11.08"	"Handicap Novices Hurdle"	"2"	"10"	"Maggs, Mr William"	"Lycett, Shaun"
"18:20:00"	"2024-05-07"	"Ballinrobe"	"Carrig Carol (IRE)"	"5.50"	"7.62"	"Handicap Hurdle"	"9"	"11"	"Fenelon, S"	"Croke, Peter"
"16:20:00"	"2024-05-07"	"Fakenham"	"Trincomalee"	"3.00"	"4.42"	"Handicap Chase"	"1"	"7"	"Whelan, D G"	"Wadham, Mrs L"
"16:30:00"	"2024-05-06"	"Down Royal"	"Focus Point (IRE)"	"1.50"	"2.66"	"Maiden Hunters Chase"	"6"	"12"	"Hyde, Mr D T"	"Hyde, T E"
"15:20:00"	"2024-05-06"	"Down Royal"	"Skippin Court (IRE)"	"7.50"	"9"	"Beginners Chase"	"9"	"12"	"Millar, Mr C P"	"Fahey, Peter"
"19:05:00"	"2024-05-03"	"Punchestown"	"Ballycashin (IRE)"	"100.00"	"214.81"	"Novices Hurdle"	"6"	"14"	"Clarke, Conor"	"Mullins, Anthony"
"16:15:00"	"2024-05-03"	"Punchestown"	"Mars Harper"	"33.00"	"42.27"	"Handicap Novices Chase"	"5"	"17"	"Gilligan, D J"	"Elliott, Gordon"
"18:35:00"	"2024-05-02"	"Punchestown"	"Stuzzikini (IRE)"	"100.00"	"228.71"	"Handicap Hurdle"	"11"	"25"	"Coen, J"	"Elliott, Gordon"
"18:35:00"	"2024-05-02"	"Punchestown"	"Finest Evermore (IRE)"	"125.00"	"320"	"Handicap Hurdle"	"PU"	"25"	"Prendergast, Niall"	"Hennessy, Paul"
"16:50:00"	"2024-05-02"	"Punchestown"	"Streets Of Doyen (IRE)"	"28.00"	"42"	"Chase"	"UR"	"14"	"Harvey, A"	"McConnell, John C"
"15:05:00"	"2024-05-01"	"Punchestown"	"Black Bamboo (IRE)"	"5.50"	"7.81"	"Hurdle"	"3"	"17"	"Gilligan, D J"	"Murphy, John Joseph"
"16:45:00"	"2024-04-27"	"Sandown"	"Outlaw Peter (IRE)"	"2.50"	"3.73"	"Handicap Novices Chase"	"2"	"9"	"Gingell, Mr Frederick"	"Nicholls, P F"
"15:00:00"	"2024-04-25"	"Perth"	"Skyhill (IRE)"	"4.00"	"5.83"	"Handicap Chase"	"4"	"5"	"Smith, Ben"	"Hamilton, Mrs A C"
"19:35:00"	"2024-04-24"	"Taunton"	"American Gerry (IRE)"	"4.50"	"6.07"	"Handicap Chase"	"1"	"12"	"Gingell, Mr Frederick"	"Morrison, H"
"16:55:00"	"2024-04-24"	"Perth"	"Dequall"	"6.50"	"8.09"	"Handicap Hurdle"	"8"	"11"	"Palin, Miss H"	"Coltherd, W S"
"19:00:00"	"2024-04-22"	"Kempton"	"Junkanoo"	"16.00"	"19.11"	"Handicap Hurdle"	"8"	"15"	"Hargreaves, Mr Rob"	"Moore, Gary and Josh"
"18:00:00"	"2024-04-19"	"Exeter"	"Cant Say"	"14.00"	"22.12"	"Handicap Novices Hurdle"	"7"	"10"	"Anderson, Joe"	"Down, C J"
"16:00:00"	"2024-04-18"	"Clonmel"	"Intersky Sunset (IRE)"	"4.50"	"7.17"	"Claimer Hurdle"	"5"	"10"	"Fennell, Mr J M"	"Queally, Declan"
"17:00:00"	"2024-04-17"	"Cheltenham"	"Castel Gandolfo (IRE)"	"28.00"	"44.83"	"Handicap Hurdle"	"6"	"18"	"Obrien, Miss Fern"	"OBrien, Fergal"
"15:50:00"	"2024-04-16"	"Naas"	"Dragons Pass (IRE)"	"16.00"	"30.94"	"Handicap Hurdle"	"9"	"16"	"Gilligan, D J"	"Foster, Mrs Denise"
"14:30:00"	"2024-04-15"	"Kelso"	"Wild Polly (IRE)"	"33.00"	"70.83"	"Handicap Hurdle"	"PU"	"10"	"Johnston, Dylan"	"Dobbin, Mrs R"
"14:43:00"	"2024-04-11"	"Taunton"	"Freddie Fleetfoot"	"6.50"	"8.4"	"Handicap Hurdle"	"2"	"12"	"Gale, Miss Elizabeth"	"Gray, C J"
"14:08:00"	"2024-04-11"	"Taunton"	"Pentire Head (IRE)"	"1.20"	"2.32"	"Handicap Novices Hurdle"	"2"	"6"	"Gingell, Mr Frederick"	"Nicholls, P F"
"17:00:00"	"2024-04-01"	"Fairyhouse"	"Frontal Assault (IRE)"	"25.00"	"25.88"	"Handicap Chase"	"4"	"20"	"Millar, Mr C P"	"Elliott, Gordon"
"17:00:00"	"2024-04-01"	"Fairyhouse"	"History Of Fashion (IRE)"	"50.00"	"67.71"	"Handicap Chase"	"5"	"20"	"Condon, R J"	"Fahy, P A"
"17:00:00"	"2024-04-01"	"Fairyhouse"	"Wellhavewan (IRE)"	"6.50"	"7.19"	"Handicap Chase"	"6"	"20"	"Callaghan, Mr K"	"Mullins, W P"
"16:55:00"	"2024-04-01"	"Chepstow"	"Florencethemachine (IRE)"	"4.50"	"5.48"	"Handicap Hurdle"	"3"	"11"	"Gingell, Mr Frederick"	"Nicholls, P F"
"16:40:00"	"2024-03-31"	"Cork"	"Hes Home Again (IRE)"	"6.00"	"9.25"	"Handicap Hurdle"	"1"	"7"	"Byrnes, Mr P"	"Cawley, Edward"
"16:29:00"	"2024-03-31"	"Market Rasen"	"Will Sting (IRE)"	"3.00"	"3.99"	"Handicap Chase"	"2"	"6"	"Whelan, D G"	"Wadham, Mrs L"
"15:40:00"	"2024-03-31"	"Plumpton"	"Rose Of Arcadia (IRE)"	"3.33"	"4.68"	"Handicap Chase"	"4"	"6"	"Gingell, Mr Frederick"	"Tizzard, Joe"
"14:00:00"	"2024-03-31"	"Fairyhouse"	"Lucky Lyreen (IRE)"	"8.50"	"14.8"	"Handicap Novices Hurdle"	"1"	"16"	"Gilligan, D J"	"Elliott, Gordon"
"15:55:00"	"2024-03-30"	"Fairyhouse"	"Routine Excellence (IRE)"	"20.00"	"30"	"Handicap Chase"	"3"	"8"	"Monaghan, Caragh"	"Cromwell, Gavin Patrick"
"15:05:00"	"2024-03-25"	"Huntingdon"	"For Gina"	"3.50"	"5.09"	"Handicap Hurdle"	"2"	"5"	"Whelan, D G"	"Wadham, Mrs L"
"14:25:00"	"2024-03-17"	"Chepstow"	"Bertie Wooster (IRE)"	"2.50"	"3.99"	"Maiden Hurdle"	"2"	"6"	"Gingell, Mr Frederick"	"Tizzard, Joe"
"16:22:00"	"2024-03-16"	"Newcastle"	"Less Legacy"	"11.00"	"13.64"	"Handicap Hurdle"	"2"	"9"	"Austin, Edward"	"Corbett, Mrs Susan"
"15:55:00"	"2024-03-16"	"Kempton"	"Strictlyadancer (IRE)"	"12.00"	"14.76"	"Handicap Chase"	"7"	"8"	"Collier, Ellis"	"Williams, Christian"
"14:30:00"	"2024-03-14"	"Hexham"	"Don Brocco"	"3.50"	"5.39"	"Handicap Chase"	"2"	"5"	"Maggs, Mr William"	"Graham, Harriet/Rutherford, Gary"
"15:45:00"	"2024-03-10"	"Limerick"	"Glorious Singer (IRE)"	"50.00"	"147.57"	"Maiden Hurdle"	"4"	"6"	"OSullivan, Mr E M"	"Flynn, Ms M"
"16:40:00"	"2024-03-07"	"Wincanton"	"Paseo"	"18.00"	"27"	"Handicap Chase"	"6"	"6"	"Fox, Ned"	"Williams, Miss Venetia"
"15:40:00"	"2024-02-29"	"Ludlow"	"Midnightreflection"	"12.00"	"16.5"	"Handicap Hurdle"	"5"	"8"	"Case, Charlie"	"Case, B I"
"14:20:00"	"2024-02-27"	"Catterick"	"Misty Mani"	"14.00"	"21.42"	"Handicap Hurdle"	"4"	"11"	"Brown, Pippa"	"Niven, P D"
"15:20:00"	"2024-02-26"	"Plumpton"	"Everythingsontick (IRE)"	"3.33"	"4.68"	"Handicap Chase"	"1"	"7"	"Marshall, Miss I"	"Hill,Mrs Lawney "
"15:15:00"	"2024-02-24"	"Fairyhouse"	"Cest Rien (IRE)"	"8.50"	"13.63"	"Handicap Hurdle"	"8"	"10"	"Kavanagh, Sarah"	"Mullins, Thomas"
"15:08:00"	"2024-02-24"	"Chepstow"	"Supremely West (IRE)"	"3.00"	"4.4"	"Handicap Hurdle"	"2"	"12"	"Scott, Luke"	"Newland, Dr R D P"
"14:08:00"	"2024-02-24"	"Newcastle"	"The Galloping Bear"	"8.50"	"10.01"	"Handicap Chase"	"PU"	"12"	"Anderson, Joe"	"Clarke, Ben"
"16:23:00"	"2024-02-22"	"Thurles"	"Likable Chancer (IRE)"	"8.00"	"15.05"	"Handicap Hurdle"	"3"	"14"	"Costello, Miss L"	"Howard, Daniel John"
"16:23:00"	"2024-02-22"	"Thurles"	"Future Proof (IRE)"	"11.00"	"18.14"	"Handicap Hurdle"	"10"	"14"	"McGuinness, Miss A"	"Rothwell, P J"
"15:10:00"	"2024-02-20"	"Taunton"	"Mumbo Jumbo (IRE)"	"3.50"	"5.5"	"Handicap Chase"	"4"	"4"	"Anderson, Joe"	"Lavelle, Miss E C"
"15:00:00"	"2024-02-19"	"Carlisle"	"Ritson (IRE)"	"12.00"	"14.5"	"Handicap Chase"	"7"	"7"	"Anderson, Mr A"	"Menzies, Rebecca"
"15:15:00"	"2024-02-17"	"Haydock"	"Highland Hunter (IRE)"	"18.00"	"23.23"	"Handicap Chase"	"4"	"10"	"Broughton, Mr T P"	"OBrien, Fergal"
"16:00:00"	"2024-02-15"	"Newcastle"	"Classic Maestro (IRE)"	"1.63"	"2.69"	"Handicap Hurdle"	"1"	"9"	"Scott, Luke"	"Candlish, Jennie"
"16:15:00"	"2024-02-12"	"Plumpton"	"Kaleb (IRE)"	"2.75"	"3.98"	"Handicap Hurdle"	"UR"	"7"	"Gingell, Mr Frederick"	"Murphy, Amy"
"16:50:00"	"2024-02-06"	"Taunton"	"Mammies Boy (IRE)"	"12.00"	"21.5"	"Handicap Hurdle"	"1"	"16"	"Smith, Mr James"	"ONeill, Jonjo and AJ"
"15:00:00"	"2024-02-03"	"Leopardstown"	"Park Of Kings (IRE)"	"8.00"	"10.5"	"Handicap Hurdle"	"5"	"22"	"Stone-Walsh, C"	"Nolan, Paul"
"13:32:00"	"2024-02-03"	"Wetherby"	"William Cody"	"5.50"	"6.8"	"Handicap Chase"	"2"	"9"	"Stevens, Miss A"	"Sly, Mrs P"
"14:55:00"	"2024-02-02"	"Southwell"	"Tequila Blaze"	"5.50"	"7.59"	"Handicap Hurdle"	"1"	"9"	"Broughton, Mr T P"	"OBrien, Fergal"
"14:55:00"	"2024-02-02"	"Southwell"	"Harkangel"	"8.00"	"11.5"	"Handicap Hurdle"	"PU"	"9"	"Scott, Luke"	"Gretton, T R "
"13:35:00"	"2024-02-02"	"Catterick"	"Onenightintown (IRE)"	"8.00"	"7.47"	"Handicap Chase"	"1"	"6"	"Stevens, Miss A"	"Hammond, Micky"
"16:15:00"	"2024-01-31"	"Exeter"	"Belgarum (IRE)"	"8.00"	"11"	"Handicap Chase"	"PU"	"14"	"Gingell, Mr Frederick"	"Tizzard, Joe"
"13:50:00"	"2024-01-26"	"Sandown"	"Galahad Threepwood"	"7.50"	"10.4"	"Handicap Hurdle"	"7"	"8"	"Kellard, Lt Will"	"Pauling, Ben"
"13:05:00"	"2024-01-25"	"Gowran Park"	"Bite That (IRE)"	"40.00"	"106.14"	"Handicap Hurdle"	"15"	"18"	"Noonan, G B"	"Flynn, Patrick J"
"13:05:00"	"2024-01-25"	"Gowran Park"	"Derridae (IRE)"	"25.00"	"62.62"	"Handicap Hurdle"	"PU"	"18"	"Brouder, Gavin"	"McCabe, Moses"
"14:35:00"	"2024-01-14"	"Punchestown"	"Courting Vickie (IRE)"	"25.00"	"30.6"	"Handicap Hurdle"	"9"	"11"	"Callaghan, Mr K"	"Barcoe, James M"
"12:50:00"	"2024-01-14"	"Kelso"	"Blow The Budget"	"4.00"	"5.92"	"Handicap Hurdle"	"8"	"10"	"Power, Jack"	"Russell, Miss Lucinda V"
"14:42:00"	"2024-01-12"	"Naas"	"Simply Shabra (IRE)"	"11.00"	"16.78"	"Handicap Hurdle"	"1"	"21"	"Brassil, C"	"McCann, Anthony"
"15:50:00"	"2024-01-06"	"Wincanton"	"Seymour Promise (IRE)"	"7.00"	"8.23"	"Handicap Novices Chase"	"2"	"6"	"Gingell, Mr Frederick"	"Tizzard, Joe"
"12:58:00"	"2024-01-04"	"Hereford"	"La Gomera"	"9.00"	"10"	"Handicap Novices Hurdle"	"9"	"12"	"Tucker, Miss H C"	"Hales, A M"
"13:45:00"	"2024-01-02"	"Ayr"	"Haute Estime (IRE)"	"5.00"	"7.24"	"Handicap Chase"	"6"	"6"	"Doyle, Alan"	"Russell, Miss Lucinda V"
"14:45:00"	"2024-01-01"	"Exeter"	"Sadlers Bay"	"3.50"	"5.47"	"Handicap Chase"	"2"	"10"	"Morgan, Mr Beau"	"Gretton, T R "
"15:42:00"	"2023-12-29"	"Limerick"	"Young Fitzy (IRE)"	"14.00"	"20"	"Handicap Hurdle"	"3"	"14"	"Geoghegan, Mr R P"	"Lee, Norman"
"15:42:00"	"2023-12-29"	"Limerick"	"Kate Ill Know (IRE)"	"22.00"	"31"	"Handicap Hurdle"	"14"	"14"	"Fenelon, S"	"Budds, David Kenneth"
"12:00:00"	"2023-12-29"	"Leopardstown"	"Archies Charm"	"5.50"	"6.54"	"Handicap Chase"	"F"	"12"	"Harney, T P"	"Hamilton, B R"
"14:40:00"	"2023-12-28"	"Limerick"	"Captains Nephew (IRE)"	"2.25"	"3.5"	"Handicap Chase"	"3"	"12"	"Roche, T P"	"Rothwell, P J"
"14:40:00"	"2023-12-28"	"Limerick"	"Take All (IRE)"	"28.00"	"38.37"	"Handicap Chase"	"7"	"12"	"Fenelon, S"	"Hanlon, John Joseph"
"13:30:00"	"2023-12-28"	"Limerick"	"Great Island (IRE)"	"5.00"	"7.29"	"Handicap Hurdle"	"14"	"18"	"OSullivan, Mr E M"	"Griffin, Eoin"
"12:20:00"	"2023-12-28"	"Limerick"	"King Kali (IRE)"	"50.00"	"85.98"	"Maiden Hurdle"	"8"	"15"	"ODwyer, Charlie"	"Byrne, Sean"
"15:12:00"	"2023-12-27"	"Limerick"	"The Truant (IRE)"	"6.00"	"7.81"	"Handicap Hurdle"	"2"	"16"	"Fitzgerald, E A"	"Fahey, Peter"
"14:37:00"	"2023-12-27"	"Limerick"	"Friends N Commerce (IRE)"	"22.00"	"34"	"Handicap Hurdle"	"4"	"13"	"Costello, Miss L"	"Kelly, Patrick G"
"14:38:00"	"2023-12-26"	"Wincanton"	"Ticking Tom Bomb (IRE)"	"4.50"	"5.96"	"Handicap Hurdle"	"PU"	"10"	"Gingell, Mr Frederick"	"Tizzard, Joe"
"13:58:00"	"2023-12-26"	"Down Royal"	"Finnians Row (IRE)"	"14.00"	"23.01"	"Handicap Chase"	"9"	"13"	"Molloy, Michael Jack"	"McLoughlin, D A"
"13:28:00"	"2023-12-26"	"Wincanton"	"Stellar Magic (IRE)"	"12.00"	"13.76"	"Handicap Chase"	"1"	"7"	"Stevens, Miss A"	"Aprahamian, Billy"
"12:50:00"	"2023-12-26"	"Sedgefield"	"Beat The Edge (IRE)"	"3.00"	"4.2"	"Handicap Chase"	"2"	"6"	"Easterby, Mr Thomas"	"Easterby, T D"
"12:18:00"	"2023-12-26"	"Wincanton"	"So Said I"	"1.63"	"2.9"	"Handicap Novices Chase"	"2"	"4"	"Gingell, Mr Frederick"	"Tizzard, Joe"
"14:55:00"	"2023-12-21"	"Exeter"	"Mumbo Jumbo (IRE)"	"4.50"	"6.53"	"Handicap Chase"	"PU"	"8"	"Anderson, Joe"	"Lavelle, Miss E C"
"12:05:00"	"2023-12-20"	"Ludlow"	"Whatsupwithyou (IRE)"	"10.00"	"14.21"	"Handicap Hurdle"	"1"	"10"	"Fox, Megan"	"Pauling, Ben"
"12:25:00"	"2023-12-18"	"Musselburgh"	"Just Call Me Al (IRE)"	"7.00"	"11"	"Handicap Hurdle"	"2"	"9"	"Maggs, Mr William"	"Boanas, Miss G"
"13:00:00"	"2023-12-17"	"Carlisle"	"Bushmill Boy"	"3.33"	"4.6"	"Handicap Novices Hurdle"	"4"	"8"	"Rabbitt, Mr C"	"Thompson, D W"
"12:15:00"	"2023-12-17"	"Thurles"	"Toofareastiswest (IRE)"	"7.00"	"11.8"	"Handicap Chase"	"1"	"14"	"Gilligan, D J"	"OGrady, A M"
"13:50:00"	"2023-12-16"	"Cheltenham"	"Railway Hurricane (IRE)"	"33.00"	"40"	"Handicap Chase"	"F"	"12"	"Stone-Walsh, C"	"Cromwell, Gavin Patrick"
"15:35:00"	"2023-12-15"	"Cheltenham"	"Bold Endeavour"	"3.00"	"4.23"	"Handicap Hurdle"	"2"	"10"	"Gordon, Mr Fred"	"Henderson, N J"
"15:15:00"	"2023-12-09"	"Aintree"	"Benson"	"7.50"	"10.14"	"Handicap Hurdle"	"4"	"10"	"Maggs, Mr William"	"Thomson, A M"
"13:02:00"	"2023-12-09"	"Chepstow"	"Ballybeen (IRE)"	"4.00"	"6.25"	"Handicap Chase"	"2"	"10"	"Johnston, Dylan"	"Thomas, Sam"
"13:12:00"	"2023-12-07"	"Clonmel"	"On Lovers Walk (IRE)"	"20.00"	"52.25"	"Maiden Hurdle"	"PU"	"17"	"OSullivan, Alan"	"Kelleher, Gerard"
"12:37:00"	"2023-12-07"	"Clonmel"	"Coole Arcade (IRE)"	"100.00"	"668.41"	"Handicap Hurdle"	"PU"	"15"	"OCallaghan, Shane"	"Coakley, Charles"
"12:55:00"	"2023-12-03"	"Fairyhouse"	"The Dabbler (IRE)"	"25.00"	"60"	"Handicap Chase"	"PU"	"18"	"ODwyer, Charlie"	"Cusack, Liam P"
"12:15:00"	"2023-12-02"	"Fairyhouse"	"Mount Brown (IRE)"	"10.00"	"14"	"Handicap Chase"	"F"	"9"	"Doyle, Miss S M"	"Meade, Noel"
"15:20:00"	"2023-11-30"	"Musselburgh"	"Misscarlett (IRE)"	"28.00"	"30"	"Handicap Hurdle"	"6"	"11"	"Williamson, Joseph"	"Kirby, P A"
"14:35:00"	"2023-11-30"	"Taunton"	"Foillmore (IRE)"	"18.00"	"25.26"	"Handicap Chase"	"9"	"11"	"Collier, Ellis"	"Frost, J D"
"14:50:00"	"2023-11-28"	"Sedgefield"	"Beat The Edge (IRE)"	"3.50"	"5.61"	"Handicap Chase"	"3"	"8"	"Easterby, Mr Thomas"	"Easterby, T D"
"14:50:00"	"2023-11-26"	"Cork"	"Battle Of Mirbat (IRE)"	"4.50"	"7"	"Handicap Chase"	"2"	"11"	"Ryan, Mr A P"	"McDonagh, Michael J"
"13:45:00"	"2023-11-26"	"Cork"	"Positive Thinker (IRE)"	"2.00"	"3.54"	"Handicap Hurdle"	"3"	"12"	"Ryan, Mr A P"	"McDonagh, Michael J"
"12:45:00"	"2023-11-26"	"Punchestown"	"Takarengo (IRE)"	"18.00"	"35"	"Handicap Hurdle"	"5"	"17"	"Mullins, Mr C"	"Mullins, Thomas"
"13:30:00"	"2023-11-24"	"Fairyhouse"	"Croi Corcra (IRE)"	"5.00"	"6.27"	"Handicap Chase"	"PU"	"9"	"Benson, Miss G"	"Bowe, Colin"
"12:45:00"	"2023-11-23"	"Thurles"	"Lake Chad (IRE)"	"10.00"	"14.59"	"Handicap Chase"	"2"	"14"	"Moore, Niall"	"Fenton, Philip"
"13:55:00"	"2023-11-19"	"Navan"	"Arctic Ambition (IRE)"	"6.50"	"9.76"	"Handicap Hurdle"	"10"	"11"	"Gilligan, D J"	"Elliott, Gordon"
"13:10:00"	"2023-11-18"	"Cheltenham"	"Undersupervision (IRE)"	"18.00"	"24.5"	"Handicap Chase"	"3"	"16"	"McCain-Mitchell, Toby"	"Twiston-Davies, N A"
"15:10:00"	"2023-11-13"	"Fakenham"	"Jony Max (IRE)"	"16.00"	"19.27"	"Handicap Chase"	"1"	"6"	"Collier, Ellis"	"Williams, Christian"
"13:45:00"	"2023-11-11"	"Down Royal"	"Sit Down Lucy (IRE)"	"50.00"	"110"	"Handicap Hurdle"	"7"	"11"	"Callaghan, Mr K"	"Fahey, Peter"
"14:37:00"	"2023-11-10"	"Down Royal"	"Irish Blaze (IRE)"	"7.00"	"8.53"	"Handicap Chase"	"3"	"9"	"Millar, Mr C P"	"Elliott, Gordon"
"15:00:00"	"2023-11-09"	"Newbury"	"Killer Clown (IRE)"	"8.00"	"9.8"	"Handicap Chase"	"7"	"10"	"Anderson, Joe"	"Lavelle, Miss E C"
"15:40:00"	"2023-11-07"	"Warwick"	"Karakoram"	"22.00"	"33.96"	"Handicap Hurdle"	"7"	"14"	"Anderson, Joe"	"Harris, Miss G"
"13:30:00"	"2023-11-02"	"Thurles"	"A Mere Bagatelle (IRE)"	"16.00"	"36.88"	"Handicap Chase"	"8"	"14"	"Fenelon, S"	"Hanlon, John Joseph"
"16:17:00"	"2023-10-28"	"Galway"	"Coventry (IRE)"	"12.00"	"18.73"	"Handicap Hurdle"	"9"	"15"	"Shinnick, J P"	"Fahey, Peter"
"16:30:00"	"2023-10-27"	"Cheltenham"	"One True King (IRE)"	"9.00"	"11.65"	"Handicap Chase"	"6"	"19"	"McCain-Mitchell, Toby"	"Twiston-Davies, N A"
"15:35:00"	"2023-10-27"	"Sligo"	"Frazel Express (IRE)"	"22.00"	"36"	"Handicap Hurdle"	"7"	"14"	"Brassil, C"	"Barcoe, James M"
"16:55:00"	"2023-10-26"	"Clonmel"	"Bonnie Kellie (IRE)"	"3.33"	"4.3"	"Handicap Chase"	"1"	"9"	"King, Mr P A"	"Curling, S"
"16:50:00"	"2023-10-22"	"Limerick"	"Pats Choice (IRE)"	"4.50"	"6.69"	"Handicap Chase"	"2"	"7"	"Gilligan, D J"	"Elliott, Gordon"
"16:55:00"	"2023-10-12"	"Tramore"	"Mizuma (IRE)"	"50.00"	"176.49"	"Beginners Chase"	"8"	"14"	"Allen, Mr D"	"Halley, Vincent Laurence"
"13:55:00"	"2023-10-12"	"Worcester"	"Cotton End (IRE)"	"28.00"	"37.91"	"Novices Chase"	"5"	"7"	"Anderson, Joe"	"Lewis, Mrs S W"
"16:45:00"	"2023-10-11"	"Punchestown"	"Ocean Legacy (IRE)"	"10.00"	"13.37"	"Handicap Chase"	"6"	"10"	"Connor, Mr S"	"McLoughlin, D A"
"14:25:00"	"2023-10-11"	"Punchestown"	"Banntown Girl (IRE)"	"3.00"	"4.2"	"Handicap Hurdle"	"1"	"10"	"James, Mr R"	"Carey, Gerard"
"16:10:00"	"2023-10-10"	"Punchestown"	"Rebel Waltz (IRE)"	"18.00"	"26.05"	"Handicap Hurdle"	"10"	"22"	"Brouder, Gavin"	"Jr, T J Nagle"
"16:50:00"	"2023-10-07"	"Fairyhouse"	"Banada Bridge (IRE)"	"3.33"	"5.18"	"Handicap Hurdle"	"5"	"15"	"Smithers, C D"	"Foster, Mrs Denise"
"16:50:00"	"2023-10-02"	"Fairyhouse"	"Mastermind (IRE)"	"14.00"	"18.71"	"Handicap Hurdle"	"5"	"11"	"Cleary, Harry"	"OBrien, Charles"
"16:10:00"	"2023-10-01"	"Killarney"	"Jack Holiday (IRE)"	"5.50"	"6.71"	"Handicap Chase"	"6"	"6"	"Byrnes, Mr P"	"Gleeson, John F"
"17:40:00"	"2023-09-27"	"Sligo"	"Highland Sting (IRE)"	"3.50"	"5"	"Handicap Chase"	"4"	"9"	"King, D"	"Ryan, John Patrick"
"15:55:00"	"2023-09-23"	"Listowel"	"Diamondinthemud (IRE)"	"12.00"	"17"	"Handicap Hurdle"	"UR"	"14"	"Millar, Mr C P"	"Slevin, Nigel"
"14:35:00"	"2023-09-22"	"Newton Abbot"	"Ben Lilly (IRE)"	"2.50"	"3.95"	"Handicap Hurdle"	"1"	"6"	"Harney, Gearoid"	"Pipe, D E"
"16:55:00"	"2023-09-19"	"Uttoxeter"	"Sacchoandvanzetti (IRE)"	"1.88"	"2.99"	"Handicap Hurdle"	"2"	"8"	"Davis, D P"	"OBrien, Fergal"
"14:45:00"	"2023-09-16"	"Navan"	"Ricky Langford (IRE)"	"10.00"	"16.34"	"Handicap Hurdle"	"3"	"11"	"Elvin, Miss P"	"Rothwell, P J"
"18:30:00"	"2023-09-15"	"Ballinrobe"	"Itsalonglongroad"	"7.50"	"10.29"	"Handicap Chase"	"2"	"10"	"OCallaghan, Shane"	"Coakley, Charles"
"17:20:00"	"2023-09-13"	"Uttoxeter"	"Lighthouse Mill (IRE)"	"11.00"	"16"	"Handicap Novices Hurdle"	"8"	"13"	"Gingell, Mr Frederick"	"Dennis, David"
"15:40:00"	"2023-09-11"	"Perth"	"Solway Molly"	"4.50"	"5.8"	"Handicap Novices Hurdle"	"5"	"10"	"Rabbitt, Mr C"	"Harrison, Miss L"
"18:55:00"	"2023-09-01"	"Wexford"	"Early Arrival (IRE)"	"3.00"	"5"	"Handicap Chase"	"6"	"12"	"OHanlon, P J"	"Barcoe, James M"
"18:35:00"	"2023-08-28"	"Ballinrobe"	"Rewrite The Script (IRE)"	"8.00"	"13.36"	"Handicap Hurdle"	"9"	"14"	"OSullivan, Alan"	"OSullivan, Eugene M"
"18:40:00"	"2023-08-23"	"Sligo"	"Florey Spud (IRE)"	"10.00"	"12.75"	"Handicap Hurdle"	"7"	"10"	"Gleeson, Mr P W"	"ODonnell, P F"
"16:30:00"	"2023-08-22"	"Newton Abbot"	"Enthused (IRE)"	"2.25"	"3.56"	"Handicap Hurdle"	"2"	"6"	"Quinn, Caoilin"	"Owen, J P"
"14:15:00"	"2023-08-20"	"Tramore"	"Broken Ice (IRE)"	"14.00"	"18.95"	"Handicap Chase"	"7"	"10"	"OBrien, P M"	"Cromwell, Gavin Patrick"
"20:00:00"	"2023-08-19"	"Market Rasen"	"Embolden (IRE)"	"9.00"	"13.15"	"Handicap Hurdle"	"10"	"14"	"Roberts, Mr B"	"Hobson, Miss Clare"
"17:06:00"	"2023-08-19"	"Perth"	"Darkest Day (IRE)"	"25.00"	"46"	"Handicap Hurdle"	"9"	"9"	"Leech, Roisin"	"Young Jnr, William"
"15:10:00"	"2023-08-13"	"Downpatrick"	"Copia Verborum (IRE)"	"28.00"	"39.55"	"Handicap Hurdle"	"11"	"13"	"McGuinness, Miss A"	"Lambe, J J"
"14:33:00"	"2023-08-07"	"Cork"	"Sequoiaspirit (IRE)"	"4.00"	"5.8"	"Handicap Hurdle"	"2"	"11"	"Callaghan, Mr K"	"Hackett, Ray"
"17:05:00"	"2023-08-03"	"Galway"	"Glan (IRE)"	"4.00"	"6.09"	"Handicap Hurdle"	"PU"	"19"	"Gilligan, D J"	"Elliott, Gordon"
"20:45:00"	"2023-08-01"	"Worcester"	"Cluain Aodha (IRE)"	"7.50"	"10.45"	"Handicap Hurdle"	"F"	"12"	"Ward, Ms L"	"King, N B"
"19:35:00"	"2023-07-27"	"Limerick"	"Fill The Tank (IRE)"	"18.00"	"24"	"Handicap Hurdle"	"1"	"9"	"Quirke, Mr C M"	"King, Aengus"
"17:07:00"	"2023-07-27"	"Worcester"	"Blackjacktennessee"	"8.00"	"11.78"	"Handicap Hurdle"	"PU"	"11"	"Brewitt, Miss Clara"	"Rowley, Melanie"
"17:38:00"	"2023-07-25"	"Ballinrobe"	"Hearts Are Trumps (IRE)"	"8.00"	"11"	"Handicap Hurdle"	"1"	"15"	"Kelly, Aidan"	"McDonogh, Desmond"
"20:10:00"	"2023-07-18"	"Southwell"	"Shes All In Gold (IRE)"	"3.00"	"4.83"	"Handicap Hurdle"	"5"	"8"	"Wynne, Toby"	"Greenall, O / Guerriero, J"
"16:50:00"	"2023-07-16"	"Perth"	"Starlyte (IRE)"	"5.00"	"6.85"	"Handicap Hurdle"	"4"	"7"	"Leech, Roisin"	"Russell, Miss Lucinda V"
"14:15:00"	"2023-07-16"	"Stratford"	"Born To Please"	"4.50"	"6.91"	"Handicap Hurdle"	"3"	"8"	"Tucker, Miss H C"	"Usher, M D I"
"19:00:00"	"2023-07-14"	"Cork"	"Getaway Charlie (IRE)"	"1.25"	"2.44"	"Maiden Hurdle"	"2"	"15"	"Doyle, Mr D"	"Doyle, Timothy"
"18:45:00"	"2023-07-14"	"Kilbeggan"	"Tuff Days (IRE)"	"2.75"	"3.91"	"Handicap Hurdle"	"2"	"14"	"McDonagh, Mark M"	"Barry, Michael"
"19:08:00"	"2023-07-10"	"Roscommon"	"Paidis Passion (IRE)"	"7.50"	"10.05"	"Handicap Hurdle"	"2"	"15"	"Harvey, Mr B W"	"Christie, D M"
"15:50:00"	"2023-07-07"	"Newton Abbot"	"Thahab Ifraj (IRE)"	"33.00"	"44"	"Handicap Hurdle"	"6"	"8"	"Wynne, Toby"	"Dunn, Mrs Alex"
"17:55:00"	"2023-07-03"	"Southwell"	"The Longest Day (IRE)"	"5.50"	"8.63"	"Handicap Hurdle"	"5"	"8"	"Leech, Roisin"	"Leech, Mrs S"
"16:01:00"	"2023-07-02"	"Cartmel"	"Our Sam"	"6.50"	"9.6"	"Handicap Hurdle"	"1"	"12"	"Shanahan, William T"	"Moffatt, James"
"14:10:00"	"2023-06-21"	"Worcester"	"Getthepot (IRE)"	"5.50"	"8.76"	"Handicap Chase"	"PU"	"10"	"Woods, K K"	"OBrien, Fergal"
"18:13:00"	"2023-06-19"	"Kilbeggan"	"Streets Of Doyen (IRE)"	"7.50"	"9.57"	"Handicap Hurdle"	"1"	"7"	"Callaghan, Mr K"	"Gibney, Thomas"
"14:55:00"	"2023-06-18"	"Downpatrick"	"Frazel Express (IRE)"	"80.00"	"236.91"	"Handicap Hurdle"	"14"	"14"	"Callaghan, Mr K"	"Barcoe, James M"
"17:30:00"	"2023-06-17"	"Hexham"	"Bushmill Boy"	"7.00"	"9.2"	"Handicap Hurdle"	"4"	"12"	"Rabbitt, Mr C"	"Thompson, D W"
"16:40:00"	"2023-06-17"	"Downpatrick"	"Agirlcalledchloe (IRE)"	"7.00"	"8.83"	"Handicap Chase"	"3"	"7"	"McDonagh, Mark M"	"Rothwell, P J"
"14:55:00"	"2023-06-17"	"Downpatrick"	"Hockworthy Flyer (IRE)"	"6.00"	"7"	"Handicap Hurdle"	"3"	"15"	"Harney, T P"	"McNamara, Andrew"
"14:20:00"	"2023-06-17"	"Downpatrick"	"Joshua Chamberlain (IRE)"	"6.50"	"10.17"	"Handicap Hurdle"	"3"	"11"	"Reilly, Thomas"	"Keane, Gerard"
"19:50:00"	"2023-06-15"	"Worcester"	"Well Done Dani"	"2.25"	"3.45"	"Handicap Novices Hurdle"	"1"	"6"	"Wynne, Toby"	"Greenall, O / Guerriero, J"
"19:43:00"	"2023-06-13"	"Sligo"	"Tullyhogue Fort (IRE)"	"7.00"	"10"	"Handicap Hurdle"	"9"	"13"	"ONeill, Mr P J"	"ONeill, John F"
"17:13:00"	"2023-06-12"	"Roscommon"	"Stealthy Tom (IRE)"	"3.33"	"4.4"	"Handicap Chase"	"1"	"11"	"McDonagh, Mark M"	"Bolger, E"
"17:00:00"	"2023-06-11"	"Punchestown"	"Slige Dala (IRE)"	"22.00"	"27.17"	"Handicap Hurdle"	"6"	"10"	"McDonagh, Mark M"	"Foley, Patrick T"
"16:30:00"	"2023-06-11"	"Punchestown"	"Easy Fella (IRE)"	"1.88"	"3.08"	"Maiden Hurdle"	"1"	"14"	"Moore, Niall"	"Cody, Patrick"
"16:00:00"	"2023-06-11"	"Punchestown"	"Fancy A Cosmo (IRE)"	"2.25"	"3.45"	"Handicap Hurdle"	"3"	"10"	"Cody, Miss E"	"Cody, Patrick"
"16:00:00"	"2023-06-11"	"Punchestown"	"Custers Mistake (IRE)"	"12.00"	"18"	"Handicap Hurdle"	"6"	"10"	"Costello, Miss L"	"ONeill, John F"
"16:00:00"	"2023-06-11"	"Punchestown"	"Halsafari (IRE)"	"11.00"	"13.5"	"Handicap Hurdle"	"10"	"10"	"Kavanagh, Sarah"	"Bowe, Michael J"
"15:25:00"	"2023-06-11"	"Punchestown"	"Nasee"	"16.00"	"30"	"Handicap Hurdle"	"3"	"25"	"Fenelon, S"	"Hanlon, John Joseph"
"14:15:00"	"2023-06-11"	"Punchestown"	"Caesar Rock (IRE)"	"4.50"	"7.37"	"Beginners Chase"	"3"	"6"	"Brouder, Gavin"	"Morris, M F"
"19:25:00"	"2023-06-09"	"Clonmel"	"Whatsyourstatus (IRE)"	"6.50"	"7.68"	"Handicap Chase"	"1"	"11"	"Swan, H C"	"OLoughlin, G"
"18:15:00"	"2023-06-09"	"Clonmel"	"Berliet Express (IRE)"	"3.50"	"6.05"	"Handicap Chase"	"3"	"7"	"Quirke, Mr C M"	"Rothwell, P J"
"16:35:00"	"2023-06-08"	"Ffos Las"	"Thundersockssundae (IRE)"	"3.50"	"5.61"	"Handicap Chase"	"F"	"7"	"Hogan, Mr J"	"OBrien, Fergal"
"20:00:00"	"2023-06-02"	"Down Royal"	"So Ladylike (IRE)"	"25.00"	"34"	"Handicap Hurdle"	"6"	"11"	"McDonagh, Mark M"	"McBratney, C A"
"19:10:00"	"2023-06-01"	"Market Rasen"	"Mulberry Hill (IRE)"	"8.00"	"12.69"	"Handicap Hurdle"	"4"	"9"	"Hogan, Mr J"	"OBrien, Fergal"
"19:00:00"	"2023-05-30"	"Ballinrobe"	"Ballinlough Gale (IRE)"	"3.50"	"5.8"	"Handicap Hurdle"	"5"	"15"	"Gilligan, D J"	"Elliott, Gordon"
"17:45:00"	"2023-05-29"	"Cartmel"	"Coup De Gold (IRE)"	"7.00"	"9.4"	"Handicap Hurdle"	"7"	"14"	"Thompson, Joshua"	"Thompson, D W"
"16:05:00"	"2023-05-28"	"Kelso"	"Rae Des Champs (IRE)"	"1.25"	"2.42"	"Handicap Hurdle"	"1"	"7"	"Johnston, Dylan"	"Dobbin, Mrs R"
"18:55:00"	"2023-05-27"	"Ffos Las"	"Feel The Pinch"	"1.38"	"2.5"	"Handicap Chase"	"1"	"4"	"Wynne, Toby"	"Llewellyn, Robert"
"19:45:00"	"2023-05-26"	"Limerick"	"Dylan Lombardy (IRE)"	"11.00"	"15.41"	"Handicap Hurdle"	"3"	"18"	"Noonan, G B"	"McCarthy, Eoin Christopher"
"18:15:00"	"2023-05-26"	"Limerick"	"Lilian Bland (IRE)"	"4.00"	"7.4"	"Handicap Hurdle"	"4"	"16"	"Sweeney, Mr M J"	"Hennessy, Niall Patrick"
"20:00:00"	"2023-05-25"	"Limerick"	"Golden Glen (IRE)"	"25.00"	"50"	"Handicap Chase"	"7"	"16"	"OCallaghan, Shane"	"Walsh, Brendan M"
"19:30:00"	"2023-05-25"	"Limerick"	"Friends N Commerce (IRE)"	"6.00"	"10"	"Beginners Chase"	"8"	"14"	"Donovan, Philip"	"Kelly, Patrick G"
"19:00:00"	"2023-05-25"	"Limerick"	"Meehall (IRE)"	"10.00"	"15"	"Handicap Chase"	"3"	"15"	"McDonagh, Mark M"	"McNamara, E"
"19:00:00"	"2023-05-25"	"Limerick"	"O Mio Babbino (IRE)"	"12.00"	"18.89"	"Handicap Chase"	"5"	"15"	"Shinnick, J P"	"Cronin, Patrick"
"19:00:00"	"2023-05-25"	"Limerick"	"Elusive Star (IRE)"	"33.00"	"40.43"	"Handicap Chase"	"7"	"15"	"Smithers, C D"	"Hourigan, Michael"
"16:15:00"	"2023-05-23"	"Punchestown"	"Future Proof (IRE)"	"12.00"	"17.92"	"Handicap Hurdle"	"10"	"15"	"OHanlon, P J"	"Rothwell, P J"
"15:45:00"	"2023-05-23"	"Punchestown"	"Our Bobby (IRE)"	"4.50"	"8.46"	"Handicap Hurdle"	"3"	"15"	"Moore, Niall"	"Burke, John M"
"20:35:00"	"2023-05-20"	"Uttoxeter"	"Mount South (IRE)"	"3.33"	"4.9"	"Handicap Hurdle"	"PU"	"11"	"Hogan, Mr J"	"Williams, Ian"
"18:35:00"	"2023-05-20"	"Uttoxeter"	"Daranova (IRE)"	"5.00"	"7.2"	"Handicap Chase"	"PU"	"11"	"Hogan, Mr J"	"Hanmer, G D"
"20:15:00"	"2023-05-19"	"Aintree"	"Lutinebella"	"2.00"	"3.07"	"Handicap Hurdle"	"UR"	"6"	"Hogan, Mr J"	"OBrien, Fergal"
"19:15:00"	"2023-05-19"	"Downpatrick"	"Ahaknowyerself (IRE)"	"5.00"	"6.2"	"Maiden Hunters Chase"	"4"	"13"	"Ryan, Mr A P"	"Slattery, Andrew"
"20:15:00"	"2023-05-18"	"Fontwell"	"Pontresina (IRE)"	"33.00"	"51.48"	"Handicap Hurdle"	"4"	"6"	"Collier, Ellis"	"Lund, B V"
"14:15:00"	"2023-05-16"	"Newcastle"	"Fearless Action (IRE)"	"6.50"	"8.11"	"Handicap Chase"	"12"	"12"	"Rabbitt, Mr C"	"Grant, C"
"18:25:00"	"2023-05-15"	"Killarney"	"Optional Mix (IRE)"	"12.00"	"17.11"	"Handicap Hurdle"	"2"	"16"	"OCallaghan, Shane"	"Doyle, Eoin"
"17:45:00"	"2023-05-15"	"Southwell"	"Higgs (IRE)"	"12.00"	"21.22"	"Handicap Novices Chase"	"PU"	"11"	"Leonard, Cillin"	"Davies, Miss Sarah-Jayne"
"15:25:00"	"2023-05-13"	"Hexham"	"Matts Commission (IRE)"	"1.20"	"2.64"	"Maiden Hunters Chase"	"1"	"9"	"Teal, Miss Lois"	"Teal, J"
"18:48:00"	"2023-05-11"	"Clonmel"	"Latest Model (IRE)"	"20.00"	"21.81"	"Handicap Hurdle"	"4"	"15"	"Fenelon, S"	"Hanlon, John Joseph"
"19:45:00"	"2023-05-10"	"Fontwell"	"Ballybeen (IRE)"	"2.50"	"3.7"	"Handicap Chase"	"3"	"9"	"Anderson, Joe"	"Thomas, Sam"
"14:15:00"	"2023-05-10"	"Kelso"	"Rowdy Rustler (IRE)"	"10.00"	"13.08"	"Handicap Hurdle"	"8"	"10"	"Wadge, P"	"Russell, Miss Lucinda V"
"17:40:00"	"2023-05-05"	"Downpatrick"	"Whos Houdini (IRE)"	"18.00"	"23.8"	"Handicap Hurdle"	"6"	"12"	"Fenelon, S"	"Hanlon, John Joseph"
"17:55:00"	"2023-05-04"	"Tipperary"	"Junior Rattler (IRE)"	"11.00"	"15.32"	"Handicap Hurdle"	"9"	"19"	"Duggan, Mr J I"	"McKiernan, Oliver"
"19:48:00"	"2023-05-02"	"Ballinrobe"	"Pakens Rock (IRE)"	"14.00"	"18.9"	"Handicap Chase"	"3"	"9"	"OCallaghan, Shane"	"Murphy, B T"
"18:48:00"	"2023-05-02"	"Ballinrobe"	"Glenmalure Lodge (IRE)"	"8.50"	"11.99"	"Handicap Hurdle"	"2"	"15"	"OSullivan, James"	"Rothwell, P J"
"17:32:00"	"2023-05-01"	"Warwick"	"Alchemystique (IRE)"	"16.00"	"21.31"	"Handicap Hurdle"	"7"	"14"	"Wynne, Toby"	"Hollinshead, Steph"
"15:20:00"	"2023-05-01"	"Down Royal"	"The Flier Begley (IRE)"	"5.00"	"8.17"	"Beginners Chase"	"1"	"8"	"Bromley, Ben"	"Crawford, S R B"
"14:10:00"	"2023-05-01"	"Down Royal"	"Perfect Arch (IRE)"	"5.50"	"7.72"	"Handicap Hurdle"	"9"	"18"	"Fenelon, S"	"Lambe, J J"
"14:35:00"	"2023-04-29"	"Punchestown"	"An Droichead Eile (IRE)"	"100.00"	"292.27"	"Chase"	"F"	"14"	"Harvey, A"	"Maher, Peter"
"19:45:00"	"2023-04-28"	"Punchestown"	"Quantum Storm (IRE)"	"4.50"	"8.08"	"NH Flat"	"4"	"18"	"Swan, H C"	"Elliott, Gordon"
"19:25:00"	"2023-04-28"	"Southwell"	"Just Call Me Al (IRE)"	"28.00"	"68.41"	"Handicap Hurdle"	"6"	"13"	"Midgley, Tom"	"Boanas, Miss G"
"18:00:00"	"2023-04-27"	"Punchestown"	"Walking On Glass (IRE)"	"80.00"	"300"	"Handicap Hurdle"	"PU"	"25"	"Smithers, P T"	"Roche, Padraig"
"17:13:00"	"2023-04-27"	"Perth"	"Derracrin"	"6.00"	"8.66"	"Handicap Hurdle"	"5"	"11"	"Wynne, Toby"	"Murtagh, Barry"
"15:50:00"	"2023-04-27"	"Warwick"	"Atlantic Storm (IRE)"	"6.00"	"8.74"	"Handicap Chase"	"3"	"9"	"Leonard, Cillin"	"Summers, B R"
"15:40:00"	"2023-04-27"	"Punchestown"	"Aslukwoodhavit"	"20.00"	"43.84"	"Handicap Hurdle"	"8"	"25"	"OConnor, M P"	"Bromhead, Henry De"
"15:40:00"	"2023-04-26"	"Punchestown"	"Sams Choice (IRE)"	"40.00"	"95"	"Handicap Hurdle"	"11"	"25"	"McGivern, Mr C"	"Elliott, Gordon"
"15:25:00"	"2023-04-24"	"Hexham"	"To The Limit (IRE)"	"10.00"	"12.87"	"Handicap Chase"	"PU"	"15"	"Wadge, P"	"Coltherd, W S"
"14:15:00"	"2023-04-24"	"Hexham"	"Ashjan"	"11.00"	"14"	"Handicap Chase"	"PU"	"11"	"Wadge, P"	"Forster, Miss S E"
"16:30:00"	"2023-04-23"	"Plumpton"	"San Pedro (IRE)"	"4.50"	"6.05"	"Handicap Hurdle"	"4"	"7"	"Scott, Luke"	"Henderson, P"
"13:05:00"	"2023-04-22"	"Bangor"	"Sporting Mike (IRE)"	"3.00"	"5.2"	"Novices Hurdle"	"2"	"8"	"Morgan, Mr Beau"	"Pauling, Ben"
"18:35:00"	"2023-04-21"	"Exeter"	"Firefly Lane (IRE)"	"50.00"	"78.82"	"Handicap Hurdle"	"11"	"18"	"Cheleda, Angus"	"Frost, J D"
"14:15:00"	"2023-04-21"	"Fontwell"	"Mickyh (IRE)"	"1.20"	"2.44"	"Handicap Hurdle"	"F"	"11"	"Quinn, Caoilin"	"Mulholland, N P"
"14:50:00"	"2023-04-16"	"Tramore"	"Hard Target (IRE)"	"7.00"	"10.39"	"Handicap Hurdle"	"7"	"13"	"OSullivan, Mr M J M"	"Kelly, David Harry"
"13:50:00"	"2023-04-16"	"Wincanton"	"Stanley Pincombe (IRE)"	"3.00"	"4.64"	"Handicap Hurdle"	"2"	"5"	"Kellard, Lt Will"	"Gordon, C"
"13:40:00"	"2023-04-16"	"Tramore"	"I Sea The Moon (IRE)"	"1.50"	"2.72"	"Maiden Hurdle"	"5"	"14"	"OSullivan, Mr M J M"	"Fitzgerald, B J"
"16:40:00"	"2023-04-15"	"Newcastle"	"Farne Island"	"7.00"	"7.99"	"Handicap Hurdle"	"5"	"10"	"Johnston, Dylan"	"Nicol, Adam"
"16:40:00"	"2023-04-15"	"Newcastle"	"Red Ochre"	"8.50"	"11"	"Handicap Hurdle"	"PU"	"10"	"Doyle, Alan"	"Grant, C"
"14:25:00"	"2023-04-15"	"Aintree"	"Glimpse Of Gala"	"40.00"	"81.13"	"Handicap Hurdle"	"6"	"22"	"Roberts, Mr B"	"Longsdon, C E"
"14:15:00"	"2023-04-15"	"Newcastle"	"Glittering Love (IRE)"	"7.00"	"11.88"	"Handicap Chase"	"PU"	"7"	"Rabbitt, Mr C"	"Richards, N G"
"17:00:00"	"2023-04-10"	"Fairyhouse"	"Donkey Years (IRE)"	"40.00"	"47.67"	"Handicap Chase"	"PU"	"27"	"McDonagh, Mark M"	"McNamara, E"
"17:00:00"	"2023-04-10"	"Fairyhouse"	"Milan Native (IRE)"	"80.00"	"254.62"	"Handicap Chase"	"PU"	"27"	"ODwyer, Charlie"	"Elliott, Gordon"
"15:42:00"	"2023-04-10"	"Fakenham"	"Small Bad Bob (IRE)"	"3.00"	"4.78"	"Handicap Hurdle"	"2"	"4"	"Anderson, Mr A"	"Henderson, P"
"15:15:00"	"2023-04-10"	"Fairyhouse"	"Drop The Anchor (IRE)"	"33.00"	"76.86"	"Handicap Hurdle"	"10"	"19"	"ODwyer, Charlie"	"Fahy, P A"
"14:32:00"	"2023-04-10"	"Fakenham"	"Enduring Love (IRE)"	"3.50"	"5.02"	"Handicap Seller Chase"	"F"	"4"	"Davis, D P"	"Murphy, Olly"
"14:25:00"	"2023-04-10"	"Cork"	"Skinnider (IRE)"	"28.00"	"29.09"	"Handicap Hurdle"	"1"	"20"	"Callaghan, Mr K"	"Hassett, Martin"
"14:10:00"	"2023-04-10"	"Huntingdon"	"Dans Chosen (IRE)"	"2.00"	"2.98"	"Handicap Chase"	"PU"	"5"	"Martin, Jack"	"Hobbs, P J / White, J"
"17:04:00"	"2023-04-09"	"Market Rasen"	"Orrisdale (IRE)"	"9.00"	"17"	"Handicap Chase"	"PU"	"7"	"Wilmot, Mr Jack"	"ONeill, Jonjo and AJ"
"16:40:00"	"2023-04-09"	"Cork"	"Wild Hunt"	"22.00"	"28"	"Handicap Hurdle"	"8"	"16"	"King, D"	"Hogan, Denis Gerard"
"16:20:00"	"2023-04-09"	"Fairyhouse"	"Whiskeywealth (IRE)"	"5.50"	"7.99"	"Handicap Novices Chase"	"F"	"9"	"Shinnick, J P"	"OBrien, Terence"
"18:15:00"	"2023-04-06"	"Clonmel"	"Apples In Winter (IRE)"	"9.00"	"11.5"	"Maiden Hurdle"	"5"	"11"	"Prendergast, Niall"	"Casey, Liam"
"17:10:00"	"2023-04-06"	"Clonmel"	"Seangoell (IRE)"	"1.63"	"2.68"	"Handicap Chase"	"4"	"7"	"Kelly, T Joseph"	"Lee, Norman"
"17:10:00"	"2023-04-06"	"Clonmel"	"Bay Ambition (IRE)"	"2.50"	"3.79"	"Handicap Chase"	"F"	"7"	"OBrien, P M"	"Cromwell, Gavin Patrick"
"16:00:00"	"2023-04-04"	"Fontwell"	"Star Flyer (IRE)"	"5.00"	"6.5"	"Handicap Hurdle"	"4"	"10"	"Kitts, Dylan"	"Greatrex, W J"
"15:27:00"	"2023-04-01"	"Stratford"	"Kingston King (IRE)"	"50.00"	"127.75"	"Seller Hurdle"	"5"	"6"	"Leech, Roisin"	"Coulson, Jake Thomas"
"15:25:00"	"2023-03-30"	"Limerick"	"Kate Ill Know (IRE)"	"4.00"	"5.9"	"Handicap Hurdle"	"7"	"13"	"OSullivan, Miss Maxine"	"OShea, Miss Denise Marie"
"14:10:00"	"2023-03-30"	"Hexham"	"Ashjan"	"6.50"	"10.43"	"Handicap Chase"	"PU"	"7"	"Wadge, P"	"Forster, Miss S E"
"15:50:00"	"2023-03-24"	"Hereford"	"Supasunrise (IRE)"	"5.50"	"7.51"	"Handicap Chase"	"5"	"8"	"Lambert, Finn"	"Twiston-Davies, N A"
"15:30:00"	"2023-03-24"	"Musselburgh"	"Bebside Banter (IRE)"	"50.00"	"95.08"	"Handicap Hurdle"	"PU"	"14"	"Ryan, Mr A P"	"Grant, C"
"17:10:00"	"2023-03-23"	"Sedgefield"	"Edgar Allan Poe (IRE)"	"3.33"	"4.2"	"Handicap Novices Hurdle"	"3"	"6"	"Midgley, Tom"	"Smith, Mrs S J"
"15:50:00"	"2023-03-23"	"Cork"	"Martha Divine"	"3.33"	"4.79"	"Handicap Hurdle"	"7"	"12"	"Kelly, Aidan"	"Nolan, Paul"
"14:50:00"	"2023-03-23"	"Sedgefield"	"Coup De Gold (IRE)"	"3.50"	"5.4"	"Handicap Hurdle"	"3"	"4"	"Williamson, Joseph"	"Thompson, D W"
"13:25:00"	"2023-03-23"	"Chepstow"	"Big Blue Moon"	"0.73"	"1.89"	"Handicap Hurdle"	"2"	"7"	"Iles, Cameron"	"Lacey, T"
"14:55:00"	"2023-03-20"	"Navan"	"Landrake"	"2.25"	"3.36"	"Novices Hurdle"	"2"	"5"	"OSullivan, Mr M J M"	"Elliott, Gordon"
"16:50:00"	"2023-03-18"	"Thurles"	"Lizlucky (IRE)"	"5.50"	"7.02"	"Handicap Hurdle"	"8"	"14"	"McDonagh, Mark M"	"Foley, Patrick T"
"15:35:00"	"2023-03-18"	"Uttoxeter"	"Hows The Cricket (IRE)"	"7.50"	"11"	"Handicap Novices Chase"	"5"	"10"	"Bromley, Ben"	"Fry, Harry"
"15:00:00"	"2023-03-17"	"Fakenham"	"Le Tueur (IRE)"	"1.00"	"2.16"	"Handicap Chase"	"1"	"4"	"Tidball, Jay"	"Humphrey, Mrs S J"
"16:50:00"	"2023-03-15"	"Cheltenham"	"Coeur Sublime (IRE)"	"12.00"	"19.5"	"Handicap Chase"	"12"	"19"	"Harvey, Mr B W"	"Bromhead, Henry De"
"16:35:00"	"2023-03-13"	"Taunton"	"Gaelic Thunder"	"18.00"	"26.5"	"Handicap Chase"	"PU"	"10"	"Lambert, Finn"	"Honour, Chris"
"14:25:00"	"2023-03-13"	"Plumpton"	"Who Is That (IRE)"	"2.25"	"3.37"	"Handicap Novices Chase"	"2"	"4"	"Gordon, Mr Fred"	"Gordon, C"
"13:50:00"	"2023-03-13"	"Plumpton"	"Goodwin Racing (IRE)"	"2.00"	"3.5"	"Novices Hurdle"	"1"	"6"	"Gordon, Mr Fred"	"Gordon, C"
"16:35:00"	"2023-03-12"	"Limerick"	"Four Horsemen (IRE)"	"25.00"	"35.27"	"Handicap Chase"	"F"	"12"	"McGivern, Mr C"	"Thornton, Karl"
"15:25:00"	"2023-03-12"	"Limerick"	"Friends N Commerce (IRE)"	"2.75"	"4.37"	"Maiden Hurdle"	"4"	"10"	"Donovan, Philip"	"Kelly, Patrick G"
"15:10:00"	"2023-03-11"	"Gowran Park"	"Quite Incredible (IRE)"	"6.50"	"9.86"	"Handicap Hurdle"	"11"	"20"	"OHanlon, P J"	"McLoughlin, D A"
"15:10:00"	"2023-03-10"	"Ayr"	"Without Conviction (IRE)"	"5.00"	"6.6"	"Handicap Chase"	"1"	"9"	"Wadge, P"	"Russell, Miss Lucinda V"
"14:00:00"	"2023-03-10"	"Ayr"	"Topkapi Star"	"8.00"	"9.6"	"Handicap Hurdle"	"6"	"8"	"Kavanagh, Peter J"	"Whillans, Ewan"
"13:50:00"	"2023-03-07"	"Sandown"	"Mayhem Mya"	"1.25"	"2.3"	"Handicap Hurdle"	"1"	"7"	"Webster, V"	"Honour, Chris"
"15:50:00"	"2023-03-06"	"Wetherby"	"Bridge Road (IRE)"	"10.00"	"14.47"	"Handicap Hurdle"	"4"	"12"	"Shanahan, William T"	"Candlish, Jennie"
"14:00:00"	"2023-03-05"	"Leopardstown"	"Halsafari (IRE)"	"33.00"	"60"	"Hurdle"	"4"	"5"	"OSullivan, Mr M J M"	"Bowe, Michael J"
"16:50:00"	"2023-03-04"	"Navan"	"Diegos Way (IRE)"	"8.50"	"12.35"	"Handicap Chase"	"5"	"12"	"McGivern, Mr C"	"Collins, C M"
"16:55:00"	"2023-03-02"	"Clonmel"	"Kadys Dirha (IRE)"	"33.00"	"77.2"	"Handicap Hurdle"	"6"	"12"	"OShea, Mr C P"	"OConnor, Thomas P"
"16:00:00"	"2023-03-02"	"Taunton"	"Imperial Joe (IRE)"	"3.50"	"5.25"	"Handicap Chase"	"1"	"8"	"Prichard, Mr D G"	"Dennis, T W"
"16:45:00"	"2023-03-01"	"Wincanton"	"Sawpit Sienna"	"3.00"	"4.57"	"Handicap Hurdle"	"2"	"8"	"Stevens, Miss A"	"Drinkwater, S W"
"15:30:00"	"2023-02-28"	"Leicester"	"Cloudy Wednesday (IRE)"	"3.33"	"4.8"	"Handicap Chase"	"2"	"7"	"Stones, Lewis"	"Fryer, Miss C"
"16:25:00"	"2023-02-27"	"Ayr"	"Joanna Im Fine (IRE)"	"3.33"	"4.7"	"Handicap Hurdle"	"1"	"12"	"Thorne, Alexander"	"Stephen, Mrs Jackie"
"16:10:00"	"2023-02-27"	"Plumpton"	"Forest Jump (IRE)"	"4.00"	"5.3"	"Handicap Hurdle"	"3"	"10"	"Gordon, Mr Fred"	"Gordon, C"
"14:30:00"	"2023-02-27"	"Plumpton"	"One For The Wall (IRE)"	"10.00"	"14"	"Handicap Hurdle"	"2"	"13"	"Gordon, Mr Fred"	"Gordon, C"
"16:50:00"	"2023-02-23"	"Thurles"	"Call Me Rocky (IRE)"	"22.00"	"43.3"	"Handicap Hurdle"	"5"	"18"	"Doyle, Miss S M"	"Hogan, Denis Gerard"
"14:30:00"	"2023-02-23"	"Thurles"	"Goodnightngodbless (IRE)"	"6.50"	"8.8"	"Handicap Chase"	"4"	"17"	"Swan, H C"	"Motherway, J"
"15:45:00"	"2023-02-19"	"Punchestown"	"Coventry (IRE)"	"7.00"	"10.5"	"Handicap Hurdle"	"8"	"17"	"Gilligan, D J"	"Elliott, Gordon"
"15:00:00"	"2023-02-18"	"Ascot"	"Thibault"	"16.00"	"18.36"	"Handicap Hurdle"	"9"	"12"	"Ffrench Davis, Mr Ben"	"West, Adam"
"16:30:00"	"2023-02-16"	"Clonmel"	"Bonnie Kellie (IRE)"	"2.50"	"3.94"	"Handicap Novices Chase"	"3"	"8"	"OSullivan, Mr M J M"	"Curling, S"
"13:50:00"	"2023-02-11"	"Newbury"	"Annual Invictus (IRE)"	"6.00"	"8"	"Handicap Hurdle"	"1"	"8"	"Gordon, Mr Fred"	"Gordon, C"
"14:25:00"	"2023-02-09"	"Huntingdon"	"Pawpaw"	"4.00"	"5.4"	"Handicap Chase"	"3"	"8"	"Quinn, Caoilin"	"Bridgwater, D G"
"16:30:00"	"2023-02-06"	"Fontwell"	"Tamaris (IRE)"	"3.50"	"4.72"	"Handicap Hurdle"	"3"	"12"	"Gingell, Mr Frederick"	"Tizzard, Joe"
"14:30:00"	"2023-02-03"	"Chepstow"	"Well Dick (IRE)"	"3.00"	"4.4"	"Novices Hurdle"	"4"	"7"	"Roberts, Mr B"	"Longsdon, C E"
"13:30:00"	"2023-02-02"	"Wincanton"	"Baliyad (IRE)"	"22.00"	"35.76"	"Handicap Hurdle"	"F"	"17"	"Herbert, Mr I"	"Sheppard, M"
"13:00:00"	"2023-02-01"	"Exeter"	"Global Agreement"	"16.00"	"25"	"Handicap Hurdle"	"12"	"13"	"Harris, Bradley"	"Harris, M F"
"13:25:00"	"2023-01-31"	"Newcastle"	"Atomic Angel"	"5.50"	"8.74"	"Handicap Hurdle"	"4"	"15"	"Hurst, Dillan B"	"Corbett, Mrs Susan"
"16:00:00"	"2023-01-29"	"Fontwell"	"Twasnt The Plan (IRE)"	"8.00"	"11.51"	"Handicap Chase"	"PU"	"10"	"Wynne, Toby"	"Llewellyn, Robert"
"14:15:00"	"2023-01-29"	"Fontwell"	"Concrete King (IRE)"	"6.00"	"9"	"Handicap Hurdle"	"4"	"13"	"Eyston, Miss T"	"Mulholland, N P"
"15:56:00"	"2023-01-28"	"Fairyhouse"	"Hardwired (IRE)"	"9.00"	"13.78"	"Handicap Hurdle"	"3"	"9"	"OCallaghan, Shane"	"Walsh, T M"
"15:15:00"	"2023-01-28"	"Doncaster"	"Demachine (IRE)"	"6.50"	"8.17"	"Handicap Chase"	"5"	"11"	"Quinn, Caoilin"	"Lee, Miss Kerry"
"13:50:00"	"2023-01-28"	"Cheltenham"	"One True King (IRE)"	"66.00"	"120"	"Handicap Chase"	"5"	"16"	"Turner, James"	"Twiston-Davies, N A"
"13:27:00"	"2023-01-28"	"Uttoxeter"	"Astromachia"	"1.38"	"2.4"	"Maiden Hurdle"	"1"	"14"	"Scott, Luke"	"Newland, Dr R D P"
"15:53:00"	"2023-01-25"	"Fairyhouse"	"Robindevidastar (IRE)"	"7.00"	"11"	"Handicap Hurdle"	"13"	"16"	"OSullivan, James"	"Rothwell, P J"
"15:23:00"	"2023-01-25"	"Fairyhouse"	"Maggie Walsh (IRE)"	"10.00"	"17.2"	"Maiden Hurdle"	"1"	"11"	"Quirke, Mr C M"	"Bowe, Michael J"
"15:35:00"	"2023-01-24"	"Down Royal"	"Archies Charm"	"2.25"	"3.46"	"Handicap Chase"	"4"	"7"	"Harvey, Mr B W"	"Hamilton, B R"
"15:30:00"	"2023-01-23"	"Ffos Las"	"Whitehotchillifili (IRE)"	"5.50"	"7.8"	"Handicap Hurdle"	"2"	"11"	"Bromley, Ben"	"Fry, Harry"
"14:50:00"	"2023-01-17"	"Clonmel"	"Carrigeen Konini (IRE)"	"6.50"	"8.03"	"Handicap Hurdle"	"3"	"15"	"Quirke, Mr C M"	"Lalor, Miss E"
"15:40:00"	"2023-01-15"	"Punchestown"	"Courting Vickie (IRE)"	"25.00"	"41.1"	"Handicap Chase"	"UR"	"13"	"Kavanagh, Sarah"	"Barcoe, James M"
"15:30:00"	"2023-01-15"	"Kelso"	"Without Conviction (IRE)"	"7.00"	"10"	"Handicap Chase"	"3"	"4"	"Wadge, P"	"Russell, Miss Lucinda V"
"15:00:00"	"2023-01-10"	"Doncaster"	"Kannapolis (IRE)"	"50.00"	"55"	"Handicap Hurdle"	"9"	"13"	"Quinn, Caoilin"	"Lawes, T"
"13:40:00"	"2023-01-09"	"Ayr"	"Your Place (IRE)"	"6.00"	"9.51"	"Handicap Novices Hurdle"	"8"	"9"	"Wadge, P"	"Russell, Miss Lucinda V"
"13:50:00"	"2023-01-08"	"Naas"	"Jack Hackett (IRE)"	"16.00"	"24.76"	"Handicap Chase"	"F"	"7"	"OSullivan, Mr M J M"	"Murphy, Ciaran"
"14:30:00"	"2023-01-02"	"Plumpton"	"Clondaw Robin (IRE)"	"16.00"	"19.69"	"Handicap Chase"	"3"	"8"	"Quinn, Caoilin"	"Irvine, Andy"
"14:55:00"	"2023-01-01"	"Fakenham"	"Small Bad Bob (IRE)"	"25.00"	"56.66"	"Handicap Hurdle"	"3"	"15"	"Wildman, J R"	"Henderson, P"
"13:43:00"	"2022-12-31"	"Uttoxeter"	"Kings Keeper (IRE)"	"4.00"	"5.86"	"Handicap Hurdle"	"3"	"11"	"Cheleda, Angus"	"Lee, Miss Kerry"
"12:47:00"	"2022-12-31"	"Punchestown"	"History Of Fashion (IRE)"	"33.00"	"44.69"	"Handicap Chase"	"UR"	"12"	"ODwyer, Charlie"	"Fahy, P A"
"12:00:00"	"2022-12-29"	"Leopardstown"	"Charlie Stout (IRE)"	"33.00"	"65"	"Handicap Chase"	"4"	"16"	"Callaghan, Mr K"	"Nolan, Shane"
"15:15:00"	"2022-12-28"	"Limerick"	"Gotthenod (IRE)"	"50.00"	"69.25"	"Handicap Hurdle"	"7"	"18"	"Harney, T P"	"OSullivan, Ross"
"15:15:00"	"2022-12-28"	"Limerick"	"Winter Carnival (IRE)"	"16.00"	"19.84"	"Handicap Hurdle"	"PU"	"18"	"Moloney, D"	"Neilan, John"
"15:00:00"	"2022-12-27"	"Leopardstown"	"Gallant John Joe (IRE)"	"11.00"	"19.73"	"Handicap Chase"	"19"	"28"	"Condon, R J"	"McKiernan, Oliver"
"14:39:00"	"2022-12-27"	"Limerick"	"Optional Mix (IRE)"	"3.00"	"4.7"	"Handicap Hurdle"	"1"	"10"	"Cody, Miss E"	"Doyle, Eoin"
"14:20:00"	"2022-12-27"	"Leopardstown"	"Nibiru (IRE)"	"14.00"	"27"	"Handicap Hurdle"	"6"	"14"	"OSullivan, Mr M J M"	"Martin, A J"
"15:40:00"	"2022-12-26"	"Kempton"	"Jay Bee Why (IRE)"	"14.00"	"19.74"	"Handicap Hurdle"	"9"	"15"	"Thorne, Alexander"	"King, A"
"15:27:00"	"2022-12-26"	"Fontwell"	"Mr Jack (IRE)"	"4.50"	"6.67"	"Handicap Hurdle"	"7"	"10"	"Roberts, Mr B"	"Irvine, Andy"
"14:50:00"	"2022-12-26"	"Market Rasen"	"Cash To Ash (IRE)"	"9.00"	"10.56"	"Handicap Chase"	"8"	"15"	"Barlow, Patrick"	"Walford, Mark"
"14:00:00"	"2022-12-26"	"Newcastle"	"Sheriff Garrett (IRE)"	"14.00"	"18.79"	"Handicap Hurdle"	"1"	"8"	"Midgley, Tom"	"Easterby, T D"
"14:00:00"	"2022-12-26"	"Newcastle"	"Tomorrows Angel"	"25.00"	"66.21"	"Handicap Hurdle"	"8"	"8"	"Shanahan, William T"	"Davidson, Tristan"
"13:35:00"	"2022-12-26"	"Wetherby"	"Aye Right (IRE)"	"33.00"	"55.2"	"Handicap Chase"	"4"	"11"	"Austin, Edward"	"Graham, Harriet/Rutherford, Gary"
"12:50:00"	"2022-12-26"	"Newcastle"	"Ritson (IRE)"	"5.00"	"7.8"	"Handicap Chase"	"1"	"10"	"Anderson, Mr A"	"Menzies, Rebecca"
"12:15:00"	"2022-12-26"	"Newcastle"	"On We Go (IRE)"	"16.00"	"25"	"Handicap Hurdle"	"F"	"18"	"Midgley, Tom"	"Boanas, Miss G"
"11:55:00"	"2022-12-26"	"Market Rasen"	"Emma Lamb"	"14.00"	"19.94"	"Handicap Seller Hurdle"	"2"	"9"	"Dobb, Lewis"	"Morgan, Miss Laura"
"15:53:00"	"2022-12-21"	"Taunton"	"Pottlerath (IRE)"	"4.00"	"5.56"	"Handicap Hurdle"	"2"	"11"	"Case, Charlie"	"Sheppard, M"
"13:37:00"	"2022-12-21"	"Fairyhouse"	"Future Proof (IRE)"	"33.00"	"50.35"	"Handicap Hurdle"	"11"	"16"	"OSullivan, James"	"Rothwell, P J"
"12:35:00"	"2022-12-20"	"Naas"	"Johanna Yeats (IRE)"	"11.00"	"18.82"	"Handicap Chase"	"F"	"17"	"Quirke, Mr C M"	"Walsh, Brendan M"
"15:10:00"	"2022-12-19"	"Punchestown"	"Temptationinmilan (IRE)"	"3.00"	"4.3"	"Handicap Chase"	"2"	"11"	"Byrnes, Mr P"	"Byrnes, C"
"11:55:00"	"2022-12-04"	"Fairyhouse"	"Razzle Dazzle Love (IRE)"	"8.00"	"10.5"	"Handicap Chase"	"3"	"9"	"Walsh, E"	"Gibney, Thomas"
"14:12:00"	"2022-12-03"	"Chepstow"	"Coeur Serein (IRE)"	"18.00"	"25"	"Handicap Novices Chase"	"2"	"9"	"Brace, Mr J"	"ONeill, Jonjo and AJ"
"12:48:00"	"2022-12-03"	"Wetherby"	"Imperial Storm (IRE)"	"1.88"	"2.98"	"Handicap Hurdle"	"1"	"7"	"Hogan, Mr J"	"OBrien, Fergal"
"14:20:00"	"2022-11-27"	"Navan"	"Lifetime Ambition (IRE)"	"8.00"	"12"	"Handicap Chase"	"2"	"18"	"Smithers, C D"	"Harrington, Mrs John"
"13:50:00"	"2022-11-27"	"Navan"	"Yenillik (IRE)"	"12.00"	"38"	"Handicap Hurdle"	"18"	"23"	"Byrnes, Mr P"	"Rogers, H"
"12:40:00"	"2022-11-26"	"Doncaster"	"Lunar Jet"	"22.00"	"29.35"	"Novices Hurdle"	"4"	"5"	"Kavanagh, Peter J"	"Mullineaux, M"
"14:40:00"	"2022-11-24"	"Thurles"	"Benruben (IRE)"	"40.00"	"60"	"Handicap Hurdle"	"7"	"15"	"Buckley, Kieran"	"Flynn, Leonard"
"13:20:00"	"2022-11-24"	"Kelso"	"Bestiarius (IRE)"	"3.50"	"5.33"	"Handicap Hurdle"	"PU"	"12"	"Midgley, Tom"	"Boanas, Miss G"
"14:15:00"	"2022-11-22"	"Limerick"	"Brandy Harbour"	"3.00"	"4.21"	"Handicap Hurdle"	"1"	"14"	"Moloney, D"	"OConnor,Mrs Grainne M "
"14:13:00"	"2022-11-17"	"Newcastle"	"Billy Bathgate"	"16.00"	"23.99"	"Handicap Hurdle"	"11"	"12"	"Johnston, Dylan"	"Whillans, Ewan"
"14:07:00"	"2022-11-15"	"Fairyhouse"	"Hoke Colburn (IRE)"	"12.00"	"17"	"Handicap Chase"	"1"	"9"	"OSullivan, Miss Maxine"	"McMahon, Brian M"
"15:40:00"	"2022-11-14"	"Plumpton"	"Beaufort West (IRE)"	"2.25"	"4.15"	"Handicap Hurdle"	"2"	"7"	"Quinn, Caoilin"	"Irvine, Andy"
"15:15:00"	"2022-11-12"	"Naas"	"Quantatmental (IRE)"	"40.00"	"89.27"	"Handicap Novices Chase"	"11"	"15"	"Buckley, Kieran"	"Cromwell, Gavin Patrick"
"15:43:00"	"2022-11-06"	"Cork"	"Go Gill Go (IRE)"	"7.00"	"9.3"	"Handicap Hurdle"	"4"	"12"	"Donovan, Philip"	"Grace, James"
"12:33:00"	"2022-11-05"	"Kelso"	"Salvino (IRE)"	"1.38"	"2.72"	"Novices Hurdle"	"1"	"7"	"Lynn, Bruce"	"Thomson, A M"
"12:42:00"	"2022-11-03"	"Sedgefield"	"Lady Babs"	"7.50"	"12.14"	"Handicap Hurdle"	"2"	"11"	"Rabbitt, Mr C"	"Crook, A"
"15:28:00"	"2022-10-29"	"Galway"	"Ballyadam Destiny"	"20.00"	"27.47"	"Handicap Hurdle"	"1"	"16"	"King, D"	"Hogan, Denis Gerard"
"15:30:00"	"2022-10-27"	"Clonmel"	"Our Dylan (IRE)"	"22.00"	"36"	"Handicap Hurdle"	"8"	"16"	"Cavanagh, Mr S"	"Fahy, P A"
"15:35:00"	"2022-10-13"	"Tramore"	"Anyonecanhaveitall"	"6.50"	"9.8"	"Handicap Hurdle"	"4"	"11"	"OSullivan, Mr M J M"	"Doyle, Eoin"
"15:35:00"	"2022-10-13"	"Tramore"	"Father Jed (IRE)"	"40.00"	"68.48"	"Handicap Hurdle"	"10"	"11"	"Kirwan, J P"	"Ryan, John Patrick"
"14:10:00"	"2022-10-13"	"Carlisle"	"Bushmill Boy"	"40.00"	"118.83"	"Novices Hurdle"	"6"	"9"	"Kavanagh, Peter J"	"Thompson, D W"
"16:40:00"	"2022-10-11"	"Punchestown"	"Robyndeglory (IRE)"	"40.00"	"68.71"	"Handicap Hurdle"	"11"	"13"	"OConnor, M P"	"Queally, Declan"
"16:10:00"	"2022-10-04"	"Galway"	"Bold Enough (IRE)"	"4.00"	"5.51"	"Handicap Chase"	"6"	"7"	"OConnor, M P"	"Bromhead, Henry De"
"14:25:00"	"2022-10-04"	"Galway"	"Musical Ava (IRE)"	"12.00"	"19"	"Handicap Hurdle"	"6"	"16"	"Kelly, Aidan"	"Commins, Donal"
"15:20:00"	"2022-10-02"	"Killarney"	"Jack Holiday (IRE)"	"14.00"	"15.08"	"Handicap Chase"	"F"	"10"	"King, D"	"Gleeson, John F"
"13:00:00"	"2022-09-27"	"Sedgefield"	"Hats Off To Larry"	"40.00"	"68.24"	"Handicap Hurdle"	"9"	"14"	"Johnston, Dylan"	"Brooke, Daniel"
"15:00:00"	"2022-09-26"	"Roscommon"	"Dinero Falso"	"16.00"	"19.5"	"Maiden Hurdle"	"PU"	"16"	"Condon, R J"	"Croke, Peter"
"16:53:00"	"2022-09-24"	"Listowel"	"Hoke Colburn (IRE)"	"7.00"	"11.5"	"Handicap Chase"	"2"	"17"	"Mahon, Mr E"	"McMahon, Brian M"
"16:53:00"	"2022-09-24"	"Listowel"	"Goodnightngodbless (IRE)"	"6.50"	"8.05"	"Handicap Chase"	"UR"	"17"	"OConnor, Miss A B"	"Motherway, J"
"15:43:00"	"2022-09-24"	"Listowel"	"Well Joey (IRE)"	"14.00"	"19.22"	"Handicap Hurdle"	"11"	"18"	"OHanlon, P J"	"Stafford, Paul"
"15:05:00"	"2022-09-24"	"Listowel"	"Toms Courage (IRE)"	"4.00"	"5.46"	"Handicap Hurdle"	"6"	"16"	"Moore, Niall"	"Burke, John M"
"15:10:00"	"2022-09-21"	"Listowel"	"Macgiloney (IRE)"	"25.00"	"38.84"	"Handicap Hurdle"	"1"	"12"	"King, D"	"Hogan, Denis Gerard"
"15:00:00"	"2022-09-20"	"Warwick"	"Maria Magdalena (IRE)"	"2.25"	"3.58"	"Handicap Hurdle"	"3"	"7"	"Tucker, Miss H C"	"Hales, A M"
"17:05:00"	"2022-09-19"	"Listowel"	"Masterstonemason (IRE)"	"100.00"	"200"	"Beginners Chase"	"3"	"5"	"ODwyer, Charlie"	"Costello, F"
"15:00:00"	"2022-09-16"	"Downpatrick"	"Clody Valley (IRE)"	"4.50"	"6.99"	"Handicap Hurdle"	"10"	"15"	"OSullivan, Mr M J M"	"Doyle, Miss Elizabeth"
"18:15:00"	"2022-09-14"	"Kelso"	"Deerfoot"	"16.00"	"18.71"	"Handicap Novices Chase"	"3"	"4"	"Anderson, Mr A"	"Barnes, M A"
"13:00:00"	"2022-09-12"	"Worcester"	"Dynali"	"5.50"	"6.51"	"Handicap Chase"	"PU"	"8"	"Tucker, Miss H C"	"Murphy, Amy"
"17:00:00"	"2022-09-09"	"Ballinrobe"	"Bentham (IRE)"	"12.00"	"17.5"	"Handicap Hurdle"	"5"	"10"	"OBrien, P M"	"Cromwell, Gavin Patrick"
"16:25:00"	"2022-09-09"	"Ballinrobe"	"She Is Electric (IRE)"	"1.25"	"2.54"	"Maiden Hurdle"	"1"	"12"	"Geoghegan, Mr R P"	"Lee, Norman"
"19:15:00"	"2022-09-05"	"Galway"	"Ballyadam Destiny"	"6.00"	"8.54"	"Handicap Chase"	"11"	"15"	"King, D"	"Hogan, Denis Gerard"
"14:05:00"	"2022-09-04"	"Fontwell"	"Glimpse Of Gold"	"18.00"	"22"	"Handicap Hurdle"	"2"	"6"	"Tidball, Jay"	"Humphrey, Mrs S J"
"13:30:00"	"2022-09-04"	"Fontwell"	"Tara Niece"	"6.00"	"9.07"	"Handicap Hurdle"	"5"	"7"	"Anderson, Joe"	"Lavelle, Miss E C"
"19:30:00"	"2022-09-02"	"Kilbeggan"	"Memories Never Die (IRE)"	"8.50"	"11"	"NH Flat"	"8"	"15"	"Byrnes, Mr P"	"Slevin, Nigel"
"18:30:00"	"2022-09-02"	"Kilbeggan"	"Mighty Meggsie (IRE)"	"1.75"	"2.81"	"Beginners Chase"	"2"	"11"	"Smithers, C D"	"Harrington, Mrs John"
"17:40:00"	"2022-08-31"	"Worcester"	"Ironhill (IRE)"	"3.33"	"4.9"	"NH Flat"	"1"	"7"	"Tidball, Jay"	"Ralph, Alastair"
"17:20:00"	"2022-08-29"	"Downpatrick"	"The Greek (IRE)"	"11.00"	"13.27"	"Handicap Chase"	"6"	"8"	"Moore, Niall"	"Elliott, Gordon"
"15:25:00"	"2022-08-27"	"Cartmel"	"Sinndarella (IRE)"	"7.00"	"8.6"	"Handicap Hurdle"	"4"	"6"	"Ward, Christopher"	"Hollinshead, Sarah"
"18:00:00"	"2022-08-22"	"Ballinrobe"	"Banjo (IRE)"	"25.00"	"42"	"Handicap Hurdle"	"13"	"16"	"Smithers, C D"	"Cullen, D W"
"14:45:00"	"2022-08-20"	"Killarney"	"Shannon Gray (IRE)"	"4.00"	"6.4"	"Handicap Hurdle"	"1"	"16"	"Noonan, G B"	"McCarthy, Eoin Christopher"
"17:35:00"	"2022-08-19"	"Kilbeggan"	"Via Rosa (IRE)"	"10.00"	"15.11"	"Handicap Hurdle"	"11"	"15"	"Kelly, Aidan"	"Roche, Padraig"
"19:25:00"	"2022-08-18"	"Fontwell"	"Jubilympics"	"4.50"	"6.41"	"Handicap Chase"	"PU"	"5"	"Anderson, Joe"	"Lavelle, Miss E C"
"20:00:00"	"2022-08-17"	"Sligo"	"Frazel Express (IRE)"	"6.00"	"8.38"	"Handicap Hurdle"	"2"	"12"	"Quirke, Mr C M"	"Barcoe, James M"
"19:40:00"	"2022-08-17"	"Worcester"	"Robeam (IRE)"	"6.00"	"8.56"	"Handicap Hurdle"	"2"	"9"	"Stones, Lewis"	"Mullineaux, M"
"19:30:00"	"2022-08-17"	"Sligo"	"Fassbender (IRE)"	"7.00"	"8.8"	"Handicap Hurdle"	"PU"	"8"	"OSullivan, James"	"McNiff, Mark Michael"
"17:55:00"	"2022-08-17"	"Sligo"	"Presenting Lad (IRE)"	"2.25"	"3.6"	"Handicap Hurdle"	"10"	"14"	"OSullivan, James"	"McNiff, Mark Michael"
"19:30:00"	"2022-08-12"	"Tramore"	"Father Jed (IRE)"	"18.00"	"27"	"Handicap Hurdle"	"8"	"14"	"Buckley, Kieran"	"Ryan, John Patrick"
"20:00:00"	"2022-08-11"	"Tramore"	"Echoes Of Family (IRE)"	"4.50"	"5.9"	"Handicap Hurdle"	"4"	"15"	"Buckley, Kieran"	"Harty, Edward and Patrick"
"17:30:00"	"2022-08-11"	"Tramore"	"Cottie (IRE)"	"7.50"	"10.64"	"Novices Chase"	"3"	"8"	"Brassil, C"	"Bromhead, Henry De"
"20:30:00"	"2022-08-08"	"Ballinrobe"	"Not So Simple (IRE)"	"7.50"	"11.45"	"Handicap Hurdle"	"2"	"9"	"Geoghegan, Mr R P"	"Lee, Norman"
"16:35:00"	"2022-08-01"	"Cork"	"Temptationinmilan (IRE)"	"3.50"	"5.1"	"Handicap Hurdle"	"6"	"19"	"Byrnes, Mr P"	"Byrnes, C"
"14:30:00"	"2022-07-30"	"Galway"	"Blackstair Rocco (IRE)"	"25.00"	"55"	"Handicap Hurdle"	"PU"	"20"	"Clarke, Conor"	"Mullins, Emmet"
"13:35:00"	"2022-07-22"	"Uttoxeter"	"Seaborough (IRE)"	"14.00"	"18.29"	"Handicap Hurdle"	"6"	"9"	"Anderson, Mr A"	"Shaw, D"
"18:15:00"	"2022-07-21"	"Limerick"	"Rock On Seamie (IRE)"	"7.50"	"11"	"Handicap Hurdle"	"3"	"13"	"Brett, Tommy N"	"Hackett, Ray"
"16:30:00"	"2022-07-21"	"Worcester"	"Rebel Royal (IRE)"	"7.00"	"10.55"	"Handicap Hurdle"	"5"	"12"	"Stevenson, J W"	"Case, B I"
"19:30:00"	"2022-07-19"	"Ballinrobe"	"Rare Conor (IRE)"	"9.00"	"12.5"	"Handicap Hurdle"	"3"	"15"	"Halpin, C"	"Gibney, Thomas"
"19:00:00"	"2022-07-19"	"Ballinrobe"	"Myladyrose (IRE)"	"20.00"	"29.88"	"Handicap Hurdle"	"9"	"14"	"Walsh, E"	"Mooney, Mrs Ann"
"20:30:00"	"2022-07-15"	"Kilbeggan"	"Bitview Colin (IRE)"	"7.50"	"11"	"Handicap Chase"	"7"	"14"	"Kirwan, J P"	"Ryan, John Patrick"
"18:30:00"	"2022-07-15"	"Kilbeggan"	"Swelltime (IRE)"	"3.33"	"5.33"	"Handicap Hurdle"	"1"	"9"	"OHanlon, P J"	"Odoherty, William Joseph"
"18:00:00"	"2022-07-14"	"Killarney"	"Pat Coyne (IRE)"	"3.00"	"4.62"	"Handicap Hurdle"	"3"	"9"	"Moore, Niall"	"Queally, John"
"18:00:00"	"2022-07-14"	"Killarney"	"Gold Creek (IRE)"	"16.00"	"19.03"	"Handicap Hurdle"	"6"	"9"	"Callaghan, Mr K"	"King, Aengus"
"17:31:00"	"2022-07-10"	"Stratford"	"Trumps Benefit (IRE)"	"4.50"	"6.28"	"Handicap Chase"	"1"	"9"	"Quinn, Caoilin"	"Potter, R D"
"15:20:00"	"2022-07-10"	"Sligo"	"Beat Of The Sea (IRE)"	"12.00"	"13"	"Handicap Hurdle"	"6"	"11"	"Kennedy, B P"	"Fahey, Seamus"
"15:00:00"	"2022-06-29"	"Worcester"	"Starsky (IRE)"	"9.00"	"12"	"Handicap Hurdle"	"6"	"8"	"Durrell, Mr T"	"Skelton, Daniel"
"13:35:00"	"2022-06-22"	"Worcester"	"Across The Line (IRE)"	"10.00"	"11.5"	"Handicap Chase"	"5"	"7"	"Doggrell, T"	"Hosie, Syd"
"20:00:00"	"2022-06-15"	"Wexford"	"Walking The Walk (IRE)"	"7.50"	"11.5"	"Handicap Chase"	"3"	"11"	"Noonan, G B"	"Rothwell, P J"
"17:50:00"	"2022-06-15"	"Wexford"	"Charlie Siringo (IRE)"	"12.00"	"18.26"	"Handicap Hurdle"	"PU"	"14"	"Derwin, Ms K L"	"Ahern, G"
"19:00:00"	"2022-06-14"	"Roscommon"	"Presenting Lad (IRE)"	"4.00"	"5.97"	"Handicap Hurdle"	"1"	"15"	"Noonan, G B"	"McNiff, Mark Michael"
"16:30:00"	"2022-06-14"	"Stratford"	"Kiera Royale (IRE)"	"14.00"	"19.95"	"Handicap Chase"	"4"	"7"	"Fox, Ned"	"Coulson, Jake Thomas"
"18:30:00"	"2022-06-13"	"Kilbeggan"	"Two Shoe Tom (IRE)"	"6.00"	"7.4"	"Handicap Hurdle"	"2"	"8"	"OHanlon, P J"	"McLoughlin, D A"
"14:55:00"	"2022-06-12"	"Downpatrick"	"Frazel Express (IRE)"	"5.50"	"7.4"	"Handicap Hurdle"	"3"	"6"	"Callaghan, Mr K"	"Barcoe, James M"
"17:00:00"	"2022-06-10"	"Clonmel"	"Barbaha Queen (IRE)"	"8.50"	"12.15"	"Maiden Hurdle"	"1"	"18"	"Shinnick, J P"	"Ryan, John Patrick"
"17:30:00"	"2022-06-08"	"Wexford"	"Esthers Marvel (IRE)"	"10.00"	"15.5"	"Handicap Chase"	"PU"	"13"	"Condon, R J"	"Budds, David Kenneth"
"16:55:00"	"2022-06-08"	"Wexford"	"Wheres Bunny (IRE)"	"6.50"	"9.4"	"Handicap Chase"	"1"	"13"	"Condon, R J"	"Dooly, N"
"18:35:00"	"2022-06-03"	"Down Royal"	"The Grey Lad (IRE)"	"2.25"	"3.8"	"Handicap Hurdle"	"1"	"17"	"Noonan, G B"	"Flynn, Paul W"
"18:00:00"	"2022-06-03"	"Down Royal"	"Sholsang (IRE)"	"3.00"	"4.4"	"Maiden Hurdle"	"9"	"11"	"Kelly, Aidan"	"Christie, D M"
"17:00:00"	"2022-06-03"	"Tramore"	"Inaghs Gift (IRE)"	"8.00"	"10.26"	"Handicap Chase"	"2"	"9"	"Mulcahy, Shane"	"Hennessy, Sean P"
"17:00:00"	"2022-06-03"	"Tramore"	"She Tops The Lot (IRE)"	"16.00"	"20.62"	"Handicap Chase"	"3"	"9"	"Brassil, C"	"Bromhead, Henry De"
"13:42:00"	"2022-06-02"	"Uttoxeter"	"Oceans Red"	"3.00"	"4.61"	"Handicap Novices Chase"	"1"	"6"	"Wynne, Toby"	"Greenall, O / Guerriero, J"
"18:35:00"	"2022-05-31"	"Ballinrobe"	"Jacksons Gold (IRE)"	"4.50"	"5.9"	"Handicap Chase"	"5"	"15"	"Foley, J B"	"Curran, Ms Alice"
"18:50:00"	"2022-05-30"	"Ballinrobe"	"Peace Party (IRE)"	"6.50"	"8.36"	"Handicap Hurdle"	"2"	"16"	"Walsh, E"	"McDonogh, Desmond"
"17:07:00"	"2022-05-29"	"Kelso"	"Behindthelines (IRE)"	"7.00"	"10"	"Hunters Chase"	"5"	"7"	"Greenwood, Mr T"	"Greenwood, T O M"
"13:55:00"	"2022-05-28"	"Punchestown"	"Tesseract (IRE)"	"12.00"	"17.43"	"Handicap Chase"	"F"	"11"	"McDonagh, Mark M"	"Howard, Aidan Anthony"
"19:40:00"	"2022-05-27"	"Limerick"	"My Oakclahome (IRE)"	"16.00"	"25.9"	"Handicap Chase"	"PU"	"15"	"Fitzgerald, S"	"Cawley, Brian Francis"
"14:25:00"	"2022-05-24"	"Punchestown"	"Mise Raftaire (IRE)"	"5.00"	"7.2"	"Handicap Hurdle"	"6"	"19"	"Condon, R J"	"McCann, Anthony"
"20:03:00"	"2022-05-20"	"Worcester"	"Theatre Mix"	"9.00"	"11.61"	"Handicap Hurdle"	"7"	"12"	"Kimber, Harry"	"Plessis, Miss J Du"
"19:20:00"	"2022-05-20"	"Downpatrick"	"School Lane (IRE)"	"3.50"	"5.51"	"Handicap Chase"	"1"	"10"	"Reilly, Thomas"	"Lennon, Liam"
"18:45:00"	"2022-05-20"	"Downpatrick"	"Sam Lorenzo (IRE)"	"50.00"	"55"	"Beginners Chase"	"4"	"14"	"Gault, Mr N"	"Bryson, W J"
"18:10:00"	"2022-05-20"	"Downpatrick"	"No Logic (IRE)"	"6.50"	"9"	"Handicap Hurdle"	"6"	"13"	"McDonagh, Mark M"	"McConnell, John C"
"17:45:00"	"2022-05-18"	"Warwick"	"Canyon City"	"12.00"	"14"	"Handicap Hurdle"	"5"	"7"	"Stones, Lewis"	"Fryer, Miss C"
"16:40:00"	"2022-05-16"	"Ffos Las"	"Minella Voucher"	"3.33"	"5"	"Handicap Chase"	"2"	"6"	"Armson, Philip"	"Dunn, Mrs Alex"
"16:50:00"	"2022-05-14"	"Wexford"	"Shanavoun Lady (IRE)"	"6.00"	"7.69"	"Handicap Chase"	"5"	"12"	"OHanlon, P J"	"Farrell, C W J"
"18:45:00"	"2022-05-12"	"Clonmel"	"Arrycan (IRE)"	"1.75"	"2.9"	"Handicap Hurdle"	"3"	"16"	"Walsh, E"	"Cusack, Liam P"
"18:45:00"	"2022-05-12"	"Clonmel"	"Crimson Chief (IRE)"	"18.00"	"25"	"Handicap Hurdle"	"8"	"16"	"OHanlon, P J"	"Morrison, J"
"15:20:00"	"2022-05-12"	"Perth"	"If Not For Dylan (IRE)"	"2.25"	"3.35"	"Handicap Chase"	"1"	"8"	"Shanahan, William T"	"Hamilton, A B"
"20:20:00"	"2022-05-09"	"Southwell"	"Calvinist"	"16.00"	"30.75"	"Handicap Hurdle"	"7"	"12"	"Pinchin, Miss L M"	"Frost, Kevin"
"16:55:00"	"2022-05-07"	"Cork"	"Four Horsemen (IRE)"	"6.50"	"10.22"	"Handicap Hurdle"	"9"	"18"	"Barry, Mr J C"	"Thornton, Karl"
"15:45:00"	"2022-05-07"	"Cork"	"Rock On Seamie (IRE)"	"9.00"	"13.04"	"Handicap Hurdle"	"2"	"17"	"Brett, Tommy N"	"Hackett, Ray"
"19:50:00"	"2022-05-06"	"Downpatrick"	"Lilys Gem (IRE)"	"50.00"	"80"	"Handicap Chase"	"5"	"12"	"Connor, Mr S"	"Crawford, S R B"
"19:20:00"	"2022-05-06"	"Downpatrick"	"Zagnzig (IRE)"	"25.00"	"30"	"Handicap Chase"	"4"	"13"	"Fitzgerald, S"	"Smyth, H"
"18:20:00"	"2022-05-06"	"Downpatrick"	"Wild Shot"	"2.75"	"4.46"	"Maiden Hurdle"	"1"	"12"	"Fitzgerald, S"	"McConnell, John C"
"17:45:00"	"2022-05-05"	"Tipperary"	"Definiteadare (IRE)"	"25.00"	"37.49"	"Handicap Hurdle"	"PU"	"20"	"Lyons, T B"	"Cooper, Thomas"
"19:40:00"	"2022-05-04"	"Fontwell"	"Jubilympics"	"8.50"	"10.83"	"Handicap Chase"	"5"	"9"	"Wildman, J R"	"Lavelle, Miss E C"
"15:15:00"	"2022-05-03"	"Ayr"	"Paddy The Panda (IRE)"	"7.50"	"11"	"Handicap Hurdle"	"4"	"9"	"Doyle, Alan"	"Bourke, D F"
"14:40:00"	"2022-05-03"	"Ayr"	"The Electrician (IRE)"	"5.50"	"8.6"	"Handicap Hurdle"	"8"	"10"	"Shanahan, William T"	"Smith, R Michael"
"16:10:00"	"2022-05-02"	"Warwick"	"Nickelsonthedime (IRE)"	"5.50"	"6.93"	"Handicap Hurdle"	"1"	"11"	"Newman, Mr Joshua"	"Woollacott, Mrs Kayley"
"15:45:00"	"2022-05-02"	"Down Royal"	"Pats Pick (IRE)"	"7.50"	"10.35"	"Beginners Chase"	"5"	"9"	"Brassil, C"	"Crawford, S R B"
"15:20:00"	"2022-05-02"	"Kempton"	"Fugitives Drift (IRE)"	"2.25"	"3.54"	"Handicap Hurdle"	"2"	"7"	"Brennan, Nathan"	"Henderson, N J"
"14:35:00"	"2022-05-02"	"Down Royal"	"I Dont Get It (IRE)"	"3.00"	"4.08"	"Handicap Hurdle"	"9"	"19"	"Mulcahy, Shane"	"McCluskey, Neill"
"20:10:00"	"2022-04-29"	"Cheltenham"	"Clondaw Westie (IRE)"	"12.00"	"15.46"	"Hunters Chase"	"5"	"11"	"Marshall, Miss I"	"Hill, Alan"
"18:25:00"	"2022-04-29"	"Cheltenham"	"Mighty Stowaway (IRE)"	"4.50"	"5.99"	"Hunters Chase"	"PU"	"11"	"Sutton, Mr B"	"Hill,Mrs Lawney "
"16:15:00"	"2022-04-29"	"Punchestown"	"Bold Emperor (IRE)"	"50.00"	"110"	"Handicap Novices Chase"	"6"	"15"	"Donovan, Philip"	"Gibney, Thomas"
"16:15:00"	"2022-04-27"	"Punchestown"	"Rebel Ivy (IRE)"	"14.00"	"20.25"	"Hurdle"	"2"	"12"	"OCallaghan, Shane"	"Motherway, J"
"16:15:00"	"2022-04-27"	"Punchestown"	"John Cannon"	"18.00"	"24.93"	"Hurdle"	"F"	"12"	"OConnor, M P"	"Murphy, Joseph G"
"15:40:00"	"2022-04-27"	"Punchestown"	"Krabat (IRE)"	"18.00"	"25.67"	"Handicap Hurdle"	"11"	"24"	"Noonan, G B"	"McDonagh, Michael J"
"15:40:00"	"2022-04-27"	"Punchestown"	"Lucky Tenner (IRE)"	"33.00"	"35.37"	"Handicap Hurdle"	"REF"	"24"	"OCallaghan, Shane"	"Fahey, Peter"
"19:10:00"	"2022-04-26"	"Punchestown"	"Michaels Pick (IRE)"	"14.00"	"18.49"	"Hunters Chase"	"10"	"14"	"Love, Mr T J"	"Murphy, Ciaran"
"16:50:00"	"2022-04-26"	"Punchestown"	"Sit Down Lucy (IRE)"	"8.00"	"10.87"	"Handicap Hurdle"	"4"	"17"	"ODwyer, Charlie"	"Fahey, Peter"
"17:40:00"	"2022-04-18"	"Fairyhouse"	"Opposites Attract (IRE)"	"22.00"	"21.78"	"Handicap Chase"	"4"	"14"	"Hand, D J"	"McLoughlin, D A"
"15:15:00"	"2022-04-18"	"Fairyhouse"	"Decimation (IRE)"	"6.50"	"8.6"	"Handicap Hurdle"	"16"	"17"	"OConnor, M P"	"Bromhead, Henry De"
"14:05:00"	"2022-04-17"	"Ffos Las"	"Trumps Benefit (IRE)"	"5.00"	"6.85"	"Handicap Chase"	"4"	"6"	"Quinn, Caoilin"	"Potter, R D"
"13:45:00"	"2022-04-17"	"Cork"	"Emily Roebling (IRE)"	"4.00"	"6.87"	"Maiden Hurdle"	"2"	"17"	"OCallaghan, Shane"	"Kelleher, Gerard"
"16:04:00"	"2022-04-16"	"Carlisle"	"Maypole Class (IRE)"	"16.00"	"17.9"	"Handicap Chase"	"1"	"7"	"Brace, Mr J"	"ONeill, Jonjo and AJ"
"15:40:00"	"2022-04-16"	"Fairyhouse"	"Fox Watch (IRE)"	"3.50"	"4.9"	"Handicap Chase"	"1"	"10"	"Townend, Miss J"	"Mullins, Anthony"
"16:30:00"	"2022-04-10"	"Tramore"	"Thats Lifebuoy (IRE)"	"8.50"	"10.62"	"Handicap Chase"	"3"	"11"	"Quinlan, Liam"	"Ryan, John Patrick"
"15:50:00"	"2022-04-10"	"Wincanton"	"Famoso (IRE)"	"10.00"	"12.81"	"Novices Hunters Chase"	"F"	"5"	"Stevens, Heidi"	"Gillard, Mark"
"15:22:00"	"2022-04-10"	"Tramore"	"Robyndeglory (IRE)"	"12.00"	"16.2"	"Handicap Hurdle"	"7"	"11"	"Quinlan, Liam"	"Queally, Declan"
"12:30:00"	"2022-04-09"	"Newcastle"	"Our Cilla"	"22.00"	"27"	"Handicap Novices Hurdle"	"PU"	"11"	"Rabbitt, Mr C"	"Crook, A"
"15:38:00"	"2022-04-07"	"Limerick"	"Ballyadam Destiny"	"12.00"	"15.8"	"Handicap Hurdle"	"3"	"15"	"King, D"	"Hogan, Denis Gerard"
"16:40:00"	"2022-04-03"	"Fairyhouse"	"Courting Vickie (IRE)"	"10.00"	"12.34"	"Handicap Hurdle"	"10"	"12"	"Callaghan, Mr K"	"Barcoe, James M"
"16:43:00"	"2022-03-27"	"Carlisle"	"To The Limit (IRE)"	"50.00"	"55"	"Handicap Chase"	"PU"	"11"	"Wadge, P"	"Coltherd, W S"
"16:17:00"	"2022-03-24"	"Sedgefield"	"Tanora (IRE)"	"2.75"	"4"	"Handicap Hurdle"	"2"	"6"	"Midgley, Tom"	"England, Sam"
"13:55:00"	"2022-03-24"	"Chepstow"	"Light Of Athena (IRE)"	"33.00"	"69.58"	"Handicap Hurdle"	"8"	"11"	"Harney, Gearoid"	"Harris, R A"
"13:35:00"	"2022-03-21"	"Southwell"	"Old Harry Rocks (IRE)"	"40.00"	"55"	"Handicap Chase"	"5"	"5"	"Leech, Roisin"	"Leech, Mrs S"
"16:20:00"	"2022-03-20"	"Downpatrick"	"Lilys Gem (IRE)"	"33.00"	"48"	"Handicap Chase"	"8"	"15"	"Connor, Mr S"	"Crawford, S R B"
"16:20:00"	"2022-03-20"	"Downpatrick"	"Dasmyhoss (IRE)"	"40.00"	"94"	"Handicap Chase"	"PU"	"15"	"Foley, J B"	"Rothwell, P J"
"17:30:00"	"2022-03-17"	"Cheltenham"	"Elegant Escape (IRE)"	"50.00"	"67.23"	"Handicap Chase"	"UR"	"20"	"Eyston, Miss T"	"Tizzard, C L"
"14:50:00"	"2022-03-16"	"Cheltenham"	"Commander Of Fleet (IRE)"	"50.00"	"52.54"	"Handicap Hurdle"	"1"	"23"	"Fitzgerald, S"	"Elliott, Gordon"
"14:50:00"	"2022-03-16"	"Cheltenham"	"The Bosses Oscar (IRE)"	"40.00"	"43.6"	"Handicap Hurdle"	"PU"	"23"	"James, Mr R"	"Elliott, Gordon"
"15:10:00"	"2022-03-15"	"Sedgefield"	"Red Ochre"	"16.00"	"19.81"	"Handicap Novices Chase"	"PU"	"8"	"Doyle, Alan"	"Grant, C"
"15:40:00"	"2022-03-13"	"Limerick"	"Royal Rhythm (IRE)"	"7.00"	"9.22"	"Handicap Hurdle"	"5"	"16"	"OSullivan, James"	"Rothwell, P J"
"15:05:00"	"2022-03-13"	"Limerick"	"Ardera Ru (IRE)"	"4.00"	"5.34"	"Handicap Hurdle"	"6"	"18"	"Condon, R J"	"Doyle, Eoin"
"14:55:00"	"2022-03-13"	"Naas"	"Take All (IRE)"	"3.33"	"4.56"	"Handicap Hurdle"	"4"	"11"	"Kennedy, B P"	"Fahey, Seamus"
"14:30:00"	"2022-03-13"	"Limerick"	"Glorious Singer (IRE)"	"33.00"	"86.26"	"Maiden Hurdle"	"2"	"8"	"Feeney, Mr A T"	"Curran, Ms Alice"
"16:40:00"	"2022-03-11"	"Exeter"	"Give Us A Swig"	"2.25"	"3.43"	"Handicap Chase"	"5"	"8"	"Wildman, J R"	"Curran, S"
"16:15:00"	"2022-03-11"	"Newcastle"	"Nietzsche"	"5.50"	"7.28"	"Handicap Hurdle"	"4"	"6"	"Andrews, Jack"	"Ellison, B"
"15:35:00"	"2022-03-10"	"Thurles"	"Lesssaidthebetter"	"6.00"	"10.5"	"Handicap Hurdle"	"6"	"14"	"OSullivan, James"	"Rothwell, P J"
"13:00:00"	"2022-03-10"	"Carlisle"	"Coup De Gold (IRE)"	"8.00"	"9.2"	"Handicap Hurdle"	"7"	"12"	"Thompson, Joshua"	"Thompson, D W"
"15:10:00"	"2022-03-07"	"Leopardstown"	"Golden Spear"	"10.00"	"14.5"	"Handicap Hurdle"	"1"	"18"	"McKenna, Liam"	"Martin, A J"
"15:10:00"	"2022-03-07"	"Leopardstown"	"Two Shoe Tom (IRE)"	"6.00"	"7.4"	"Handicap Hurdle"	"4"	"18"	"Hand, D J"	"McLoughlin, D A"
"16:50:00"	"2022-03-06"	"Leopardstown"	"Winter Escape (IRE)"	"9.00"	"13.09"	"Handicap Chase"	"11"	"14"	"McDonagh, Mark M"	"Howard, Aidan Anthony"
"15:51:00"	"2022-03-03"	"Clonmel"	"Seangoell (IRE)"	"7.00"	"9.8"	"Handicap Hurdle"	"3"	"16"	"Brouder, Gavin"	"Lee, Norman"
"14:18:00"	"2022-02-26"	"Chepstow"	"Prime Venture (IRE)"	"10.00"	"14"	"Handicap Hurdle"	"7"	"8"	"Williams, Isabel"	"Williams, Evan"
"15:50:00"	"2022-02-25"	"Exeter"	"Snuff Box (IRE)"	"10.00"	"17.5"	"Handicap Chase"	"PU"	"13"	"Turner, Miss L M"	"Williams, Miss Venetia"
"15:20:00"	"2022-02-25"	"Exeter"	"Carlow Farmer (IRE)"	"7.00"	"9.73"	"Handicap Hurdle"	"PU"	"10"	"Pinchin, Miss L M"	"Longsdon, C E"
"15:05:00"	"2022-02-24"	"Thurles"	"Presenting Point (IRE)"	"16.00"	"27"	"Handicap Chase"	"7"	"17"	"Aherne, Mr J"	"OGrady, Eoghan"
"15:05:00"	"2022-02-24"	"Thurles"	"Exciting Oscar (IRE)"	"4.00"	"5.31"	"Handicap Chase"	"12"	"17"	"OBrien, Mr E P"	"Ahern, Denis"
"15:05:00"	"2022-02-24"	"Thurles"	"A Girl Like Me (IRE)"	"14.00"	"21"	"Handicap Chase"	"13"	"17"	"Murphy, J G M"	"Lee, Andrew"
"14:40:00"	"2022-02-23"	"Punchestown"	"Robyndeglory (IRE)"	"9.00"	"15.28"	"Handicap Hurdle"	"8"	"9"	"Whelan, D G"	"Queally, Declan"
"16:40:00"	"2022-02-22"	"Navan"	"Ragnar Lodbrok (IRE)"	"5.00"	"6.95"	"Handicap Chase"	"8"	"11"	"Foley, J B"	"Elliott, Gordon"
"17:05:00"	"2022-02-19"	"Wincanton"	"Flowing Cadenza"	"22.00"	"28.79"	"Handicap Hurdle"	"1"	"18"	"Martin, Jack"	"Buckler, R H"
"15:40:00"	"2022-02-17"	"Clonmel"	"Coconut Tudor (IRE)"	"16.00"	"20"	"Handicap Hurdle"	"6"	"15"	"Barry, Mr J C"	"Kelleher, Gerard"
"15:40:00"	"2022-02-17"	"Clonmel"	"Porky Rush (IRE)"	"14.00"	"18"	"Handicap Hurdle"	"7"	"15"	"Kirwan, J P"	"Flynn, Ms M"
"14:55:00"	"2022-02-17"	"Sandown"	"Rolling Dylan (IRE)"	"2.00"	"3.4"	"Chase"	"1"	"4"	"OShea, Capt Charlie"	"Hobbs, P J / White, J"
"13:20:00"	"2022-02-17"	"Clonmel"	"Little Token (IRE)"	"40.00"	"149.37"	"Maiden Hurdle"	"2"	"17"	"OConnor, M P"	"OKeeffe, J P"
"13:10:00"	"2022-02-17"	"Sandown"	"Thibault"	"6.50"	"7.8"	"Handicap Hurdle"	"5"	"9"	"Ffrench Davis, Mr Ben"	"West, Adam"
"15:15:00"	"2022-02-16"	"Wetherby"	"Into Overdrive"	"6.50"	"8.6"	"Handicap Chase"	"4"	"12"	"Midgley, Tom"	"Walford, Mark"
"14:20:00"	"2022-02-14"	"Plumpton"	"Jungle Prose (IRE)"	"28.00"	"38.75"	"Handicap Hurdle"	"4"	"11"	"Case, Charlie"	"Gifford, N J"
"16:53:00"	"2022-02-12"	"Uttoxeter"	"Oceans Red"	"12.00"	"22"	"Handicap Novices Hurdle"	"4"	"12"	"Wynne, Toby"	"Greenall, O / Guerriero, J"
"13:58:00"	"2022-02-12"	"Uttoxeter"	"Emmas Joy (IRE)"	"8.00"	"10"	"Handicap Hurdle"	"9"	"10"	"Andrews, Jack"	"Skelton, Daniel"
"16:07:00"	"2022-02-10"	"Ffos Las"	"Minnie Escape"	"5.00"	"6.45"	"Handicap Hurdle"	"3"	"10"	"Stevens, Heidi"	"Dartnall, V R A"
"16:15:00"	"2022-02-09"	"Fairyhouse"	"Call Me Freddie"	"33.00"	"30.68"	"Handicap Hurdle"	"8"	"16"	"Williams, Adam"	"Nolan, Paul"
"14:15:00"	"2022-02-09"	"Fairyhouse"	"Hammersmith (IRE)"	"11.00"	"15.86"	"Novices Hurdle"	"4"	"7"	"Brouder, Gavin"	"Nash, J A"
"13:35:00"	"2022-02-07"	"Carlisle"	"Magic Of Milan (IRE)"	"14.00"	"15.05"	"Handicap Chase"	"2"	"9"	"Stones, Lewis"	"England, Sam"
"16:05:00"	"2022-02-05"	"Sandown"	"Mister Watson"	"18.00"	"21.59"	"Handicap Novices Hurdle"	"6"	"7"	"Morgan, Luca"	"Pauling, Ben"
"15:50:00"	"2022-02-05"	"Leopardstown"	"Revelyn Pleasure (IRE)"	"9.00"	"12.9"	"Handicap Chase"	"5"	"9"	"McDonagh, Mark M"	"OBrien, Sean O"
"15:50:00"	"2022-01-30"	"Fontwell"	"Lickpenny Larry"	"6.50"	"8.4"	"Handicap Chase"	"PU"	"9"	"Buckley, Kieran"	"Gretton, T R "
"16:08:00"	"2022-01-29"	"Uttoxeter"	"Cronk Y Knox (IRE)"	"10.00"	"16.87"	"Handicap Hurdle"	"14"	"15"	"OFarrell, Miss K"	"Hales, A M"
"15:33:00"	"2022-01-29"	"Uttoxeter"	"Young Offender (IRE)"	"2.25"	"3.46"	"Handicap Novices Chase"	"3"	"5"	"Gillard, Mr T"	"Edmunds, Stuart"
"13:55:00"	"2022-01-29"	"Cheltenham"	"Spiritofthegames (IRE)"	"7.00"	"8.65"	"Handicap Chase"	"3"	"10"	"Andrews, Jack"	"Skelton, Daniel"
"12:25:00"	"2022-01-29"	"Doncaster"	"Quest For Life"	"40.00"	"55"	"Handicap Hurdle"	"11"	"15"	"Midgley, Tom"	"Walford, Mark"
"14:15:00"	"2022-01-27"	"Wetherby"	"The Paddy Pie (IRE)"	"4.00"	"5.8"	"Handicap Chase"	"2"	"6"	"Willmott, Thomas"	"Smith, Mrs S J"
"16:10:00"	"2022-01-26"	"Catterick"	"Kitty Hall (IRE)"	"50.00"	"85.29"	"Handicap Hurdle"	"7"	"13"	"Kavanagh, Peter J"	"Butterworth, Mrs B"
"15:10:00"	"2022-01-25"	"Down Royal"	"Hollybank King (IRE)"	"11.00"	"28"	"Handicap Chase"	"6"	"16"	"McConville, Mr M"	"McConville, Stephen"
"16:15:00"	"2022-01-23"	"Thurles"	"Stand Up And Fight (IRE)"	"8.00"	"11"	"Hunters Chase"	"4"	"7"	"Elvin, Miss P"	"Bolger, E"
"14:05:00"	"2022-01-23"	"Thurles"	"Light Brigade (IRE)"	"4.50"	"7.67"	"Handicap Hurdle"	"1"	"15"	"Foley, J B"	"Byrnes, C"
"15:25:00"	"2022-01-22"	"Navan"	"Clonguile Way (IRE)"	"33.00"	"75.6"	"Handicap Chase"	"12"	"22"	"Kane, J B"	"Cromwell, Gavin Patrick"
"15:10:00"	"2022-01-19"	"Plumpton"	"Reallyradical (IRE)"	"33.00"	"44.46"	"Handicap Hurdle"	"8"	"8"	"Quinn, Caoilin"	"Murphy, P G"
"14:40:00"	"2022-01-18"	"Exeter"	"Trump Lady (IRE)"	"40.00"	"30.97"	"Handicap Hurdle"	"1"	"16"	"Doggrell, T"	"Brown, Miss Harriet"
"14:25:00"	"2022-01-17"	"Punchestown"	"Stormy Master (IRE)"	"40.00"	"101.32"	"Handicap Novices Hurdle"	"PU"	"20"	"Clarke, Conor"	"Hackett, Ray"
"15:50:00"	"2022-01-16"	"Punchestown"	"Exit To The West (IRE)"	"3.50"	"6.21"	"Handicap Chase"	"2"	"11"	"OBrien, Mr E P"	"Tyner, Robert"
"13:39:00"	"2022-01-15"	"Wetherby"	"Flexi Furlough (IRE)"	"3.50"	"4.9"	"Handicap Novices Hurdle"	"3"	"7"	"Midgley, Tom"	"Boanas, Miss G"
"12:15:00"	"2022-01-15"	"Fairyhouse"	"Moyode Lady (IRE)"	"80.00"	"149.71"	"Handicap Chase"	"11"	"15"	"OCallaghan, Shane"	"Nash, J A"
"13:40:00"	"2022-01-13"	"Catterick"	"Hidden Cargo (IRE)"	"9.00"	"13.57"	"Handicap Novices Chase"	"3"	"9"	"Willmott, Thomas"	"Haynes, J C"
"13:30:00"	"2022-01-09"	"Ayr"	"Green Vault (IRE)"	"0.91"	"2.03"	"Handicap Novices Hurdle"	"1"	"6"	"Doyle, Alan"	"Russell, Miss Lucinda V"
"14:35:00"	"2022-01-07"	"Wetherby"	"Burnage Boy (IRE)"	"8.00"	"12.5"	"Handicap Hurdle"	"8"	"9"	"Hogan, Mr J"	"Hammond, Micky"
"13:45:00"	"2022-01-04"	"Hereford"	"Mr Washington (IRE)"	"7.00"	"9.2"	"Handicap Hurdle"	"4"	"14"	"Pinchin, Miss L M"	"Symonds, Tom"
"15:20:00"	"2022-01-03"	"Southwell"	"Kazontherazz"	"4.00"	"6"	"Handicap Hurdle"	"2"	"14"	"Lambert, Finn"	"Keighley, M"
"13:00:00"	"2022-01-03"	"Musselburgh"	"Smart Lass (IRE)"	"2.50"	"3.75"	"Handicap Hurdle"	"3"	"7"	"Doyle, Alan"	"Jardine, I"
"15:20:00"	"2022-01-02"	"Naas"	"Hardwired (IRE)"	"8.50"	"13.22"	"Handicap Hurdle"	"7"	"14"	"OCallaghan, Shane"	"Walsh, T M"
"13:35:00"	"2022-01-02"	"Naas"	"Jack Hackett (IRE)"	"9.00"	"14.5"	"Handicap Chase"	"8"	"9"	"Fitzgerald, S"	"Murphy, Ciaran"
"15:30:00"	"2022-01-01"	"Tramore"	"Satin Sun (IRE)"	"4.50"	"6.44"	"Handicap Chase"	"PU"	"15"	"Foley, J B"	"Dullea, J D"
"13:55:00"	"2021-12-31"	"Punchestown"	"Bread And Butter (IRE)"	"4.50"	"8.62"	"Handicap Hurdle"	"2"	"15"	"Kelly, Aidan"	"Markham, Ms Helen P"
"15:00:00"	"2021-12-30"	"Taunton"	"Queen Of The Court (IRE)"	"4.50"	"6.8"	"Handicap Chase"	"4"	"11"	"Bellamy, Mr A"	"Cann, J G"
"14:05:00"	"2021-12-30"	"Haydock"	"The Two Amigos"	"3.00"	"5.02"	"Handicap Chase"	"2"	"7"	"Prichard, Mr D G"	"Martin, Miss Nicky"
"15:40:00"	"2021-12-29"	"Limerick"	"Carnet De Stage (IRE)"	"4.00"	"5.43"	"Handicap Hurdle"	"4"	"12"	"Canavan, Jordan J"	"OSullivan, Eugene M"
"15:30:00"	"2021-12-29"	"Kelso"	"Prince Dundee (IRE)"	"2.75"	"4.1"	"Handicap Chase"	"2"	"6"	"Wynne, Toby"	"Russell, Miss Lucinda V"
"14:27:00"	"2021-12-29"	"Kelso"	"Dolly Dancer (IRE)"	"25.00"	"36.49"	"Handicap Hurdle"	"PU"	"11"	"Willmott, Thomas"	"Barnes, M A"
"12:42:00"	"2021-12-29"	"Kelso"	"Duty Calls (IRE)"	"8.50"	"12.17"	"Handicap Hurdle"	"4"	"10"	"Stones, Lewis"	"Forster, Miss S E"
"12:35:00"	"2021-12-28"	"Leopardstown"	"Buttons And Bows (IRE)"	"33.00"	"55"	"Handicap Hurdle"	"18"	"28"	"ODwyer, Charlie"	"Flynn, Patrick J"
"14:55:00"	"2021-12-27"	"Leopardstown"	"Ben Dundee (IRE)"	"33.00"	"60"	"Handicap Chase"	"2"	"28"	"Harvey, Mr B W"	"Lynch, Andrew"
"14:20:00"	"2021-12-27"	"Leopardstown"	"Tudor City (IRE)"	"14.00"	"22.58"	"Handicap Hurdle"	"14"	"18"	"Fitzgerald, S"	"Martin, A J"
"14:33:00"	"2021-12-26"	"Down Royal"	"Itsalonglongroad"	"10.00"	"15"	"Handicap Chase"	"3"	"7"	"Harvey, Mr B W"	"McConnell, John C"
"14:00:00"	"2021-12-26"	"Sedgefield"	"Sheriff Garrett (IRE)"	"5.50"	"6.8"	"Handicap Hurdle"	"2"	"5"	"Doyle, Alan"	"Easterby, T D"
"13:58:00"	"2021-12-26"	"Down Royal"	"Lilys Gem (IRE)"	"28.00"	"42"	"Beginners Chase"	"7"	"15"	"Connor, Mr S"	"Crawford, S R B"
"13:58:00"	"2021-12-26"	"Down Royal"	"Oscer Romero (IRE)"	"28.00"	"55"	"Beginners Chase"	"PU"	"15"	"OSullivan, James"	"Rothwell, P J"
"13:45:00"	"2021-12-26"	"Leopardstown"	"Hamundarson (IRE)"	"9.00"	"13.17"	"Handicap Novices Hurdle"	"10"	"26"	"Moore, Niall"	"Elliott, Gordon"
"13:28:00"	"2021-12-26"	"Wincanton"	"Minnie Escape"	"22.00"	"36"	"Handicap Hurdle"	"9"	"14"	"Stevens, Heidi"	"Dartnall, V R A"
"14:40:00"	"2021-12-19"	"Thurles"	"Nells Well (IRE)"	"1.50"	"2.7"	"Novices Hurdle"	"2"	"5"	"McDonagh, Mark M"	"OBrien, Sean O"
"12:40:00"	"2021-12-19"	"Thurles"	"Ran Rite (IRE)"	"5.50"	"7.47"	"Handicap Chase"	"13"	"18"	"Foley, J B"	"OBrien, David M"
"12:10:00"	"2021-12-19"	"Thurles"	"Mormon (IRE)"	"4.50"	"6.66"	"Beginners Chase"	"4"	"8"	"OConnor, M P"	"Bromhead, Henry De"
"12:35:00"	"2021-12-17"	"Ascot"	"Dorking Boy"	"8.00"	"11.56"	"Handicap Hurdle"	"4"	"12"	"Doggrell, T"	"Lacey, T"
"12:15:00"	"2021-12-17"	"Uttoxeter"	"That Ole Chestnut (IRE)"	"3.33"	"4.97"	"Handicap Hurdle"	"7"	"20"	"Prichard, Mr D G"	"Scott, J"
"15:15:00"	"2021-12-16"	"Exeter"	"Sienna Royale (IRE)"	"4.00"	"6.2"	"Handicap Hurdle"	"2"	"13"	"Scott, Luke"	"Scott, J"
"15:15:00"	"2021-12-16"	"Exeter"	"Bellamys Grey"	"11.00"	"16"	"Handicap Hurdle"	"3"	"13"	"Herbison, Miss E"	"Gray, C J"
"14:47:00"	"2021-12-11"	"Fairyhouse"	"Glenabo Bridge (IRE)"	"7.50"	"9.17"	"Handicap Hurdle"	"4"	"16"	"Foley, J B"	"McKiernan, Oliver"
"13:22:00"	"2021-12-11"	"Hereford"	"No No Juliet (IRE)"	"12.00"	"17"	"Handicap Chase"	"6"	"8"	"Kavanagh, Peter J"	"OBrien, Fergal"
"13:15:00"	"2021-12-10"	"Cheltenham"	"Mengli Khan (IRE)"	"22.00"	"23.21"	"Handicap Hurdle"	"9"	"12"	"Brennan, Nathan"	"Henderson, N J"
"13:10:00"	"2021-12-09"	"Newcastle"	"African Glory (IRE)"	"8.00"	"11.94"	"Handicap Hurdle"	"UR"	"16"	"Doyle, Alan"	"Todhunter, M"
"15:13:00"	"2021-12-05"	"Kelso"	"Malpas (IRE)"	"2.25"	"3.7"	"Handicap Hurdle"	"4"	"6"	"Kavanagh, Peter J"	"McCain Jnr, D"
"15:05:00"	"2021-12-05"	"Punchestown"	"Classic Concorde (IRE)"	"28.00"	"40"	"Handicap Chase"	"PU"	"18"	"Kelly, Aidan"	"McNamara, Andrew"
"12:55:00"	"2021-12-05"	"Punchestown"	"Bread And Butter (IRE)"	"50.00"	"77.07"	"Handicap Hurdle"	"2"	"16"	"Kelly, Aidan"	"Markham, Ms Helen P"
"13:45:00"	"2021-12-02"	"Wincanton"	"Call Simon (IRE)"	"12.00"	"17"	"Handicap Novices Hurdle"	"4"	"6"	"Prichard, Mr D G"	"Martin, Miss Nicky"
"13:00:00"	"2021-11-22"	"Ayr"	"Sarvi"	"4.00"	"5.88"	"Handicap Hurdle"	"2"	"12"	"Midgley, Tom"	"Goldie, J S"
"15:30:00"	"2021-11-21"	"Exeter"	"Puzzle Cache"	"40.00"	"56.19"	"Handicap Hurdle"	"3"	"19"	"Anderson, Joe"	"Down, C J"
"14:25:00"	"2021-11-20"	"Haydock"	"Ask Dillon (IRE)"	"25.00"	"26.22"	"Handicap Hurdle"	"11"	"12"	"Kavanagh, Peter J"	"OBrien, Fergal"
"12:10:00"	"2021-11-19"	"Catterick"	"Catchmeifyoucan (IRE)"	"9.00"	"11.86"	"Handicap Hurdle"	"3"	"8"	"Kavanagh, Peter J"	"Candlish, Jennie"
"15:35:00"	"2021-11-17"	"Hexham"	"Low Profile"	"4.00"	"6.88"	"Handicap Hurdle"	"6"	"9"	"Midgley, Tom"	"Walford, Mark"
"15:00:00"	"2021-11-17"	"Hexham"	"Red Ochre"	"6.50"	"9.24"	"Handicap Hurdle"	"6"	"8"	"Brown, Oakley"	"Grant, C"
"12:50:00"	"2021-11-17"	"Ffos Las"	"Kingston King (IRE)"	"7.00"	"9.94"	"Handicap Novices Chase"	"3"	"13"	"Armson, Philip"	"Rees, D A"
"15:15:00"	"2021-11-14"	"Punchestown"	"Whatsnotoknow (IRE)"	"6.00"	"8.8"	"Handicap Hurdle"	"3"	"20"	"OCallaghan, Shane"	"Morris, M F"
"15:15:00"	"2021-11-14"	"Punchestown"	"First Touch (IRE)"	"5.00"	"6.4"	"Handicap Hurdle"	"13"	"20"	"OSullivan, Mr M J M"	"Commins, Donal"
"14:55:00"	"2021-11-14"	"Cheltenham"	"Tudor City (IRE)"	"40.00"	"72.27"	"Handicap Hurdle"	"19"	"19"	"OSullivan, Miss Maxine"	"Martin, A J"
"14:30:00"	"2021-11-14"	"Cork"	"Halsafari (IRE)"	"4.00"	"6.45"	"Handicap Chase"	"3"	"8"	"Deegan, R"	"Cusack, Liam P"
"13:45:00"	"2021-11-14"	"Cheltenham"	"Go Another One (IRE)"	"3.50"	"4.9"	"Handicap Chase"	"4"	"5"	"Buckley, Kieran"	"McConnell, John C"
"12:00:00"	"2021-11-14"	"Punchestown"	"Super Citizen"	"12.00"	"15.53"	"Chase"	"6"	"15"	"OSullivan, Alan"	"OSullivan, Eugene M"
"12:00:00"	"2021-11-14"	"Punchestown"	"Robin Des Foret (IRE)"	"7.00"	"10.5"	"Chase"	"PU"	"15"	"Harvey, Mr B W"	"McConnell, John C"
"15:30:00"	"2021-10-31"	"Cork"	"Rock On Seamie (IRE)"	"4.50"	"6.58"	"Handicap Hurdle"	"7"	"17"	"OConnor, Miss A B"	"Hackett, Ray"
"15:30:00"	"2021-10-31"	"Cork"	"Toms Courage (IRE)"	"18.00"	"20.97"	"Handicap Hurdle"	"8"	"17"	"Burke, Martin P"	"Burke, John M"
"15:40:00"	"2021-10-30"	"Wetherby"	"Sheriff Garrett (IRE)"	"12.00"	"19.5"	"Handicap Hurdle"	"6"	"14"	"Midgley, Tom"	"Easterby, T D"
"14:20:00"	"2021-10-25"	"Wexford"	"Aunty Audrey (IRE)"	"18.00"	"27"	"Handicap Hurdle"	"10"	"12"	"Brouder, Gavin"	"Flynn, Patrick J"
"13:45:00"	"2021-10-25"	"Wexford"	"Mc Alpine (IRE)"	"6.50"	"9.6"	"Novices Hurdle"	"2"	"10"	"OHanlon, P J"	"Rothwell, P J"
"14:55:00"	"2021-10-22"	"Sligo"	"Eversosaucy (IRE)"	"25.00"	"27.42"	"Handicap Hurdle"	"9"	"9"	"Fitzgerald, S"	"ODwyer, Conor"
"13:45:00"	"2021-10-21"	"Thurles"	"Caridadi (IRE)"	"14.00"	"17.5"	"Handicap Chase"	"11"	"16"	"Foley, J B"	"Morrison, J"
"13:20:00"	"2021-10-17"	"Cork"	"Mahlers Dollar (IRE)"	"4.00"	"5.99"	"Maiden Hurdle"	"2"	"14"	"Gainford, Mr J C"	"OBrien, Terence"
"15:40:00"	"2021-10-12"	"Huntingdon"	"Glimpse Of Gold"	"4.50"	"6.02"	"Handicap Hurdle"	"UR"	"9"	"Thorne, Alexander"	"Humphrey, Mrs S J"
"15:23:00"	"2021-10-12"	"Hereford"	"Some Detail (IRE)"	"4.00"	"6.13"	"Handicap Hurdle"	"3"	"5"	"Buckley, Tom"	"Hawke, N J"
"14:55:00"	"2021-10-12"	"Punchestown"	"Dysart Diamond (IRE)"	"1.25"	"2.34"	"Hurdle"	"2"	"3"	"Foley, J B"	"Mullins, W P"
"14:13:00"	"2021-10-12"	"Hereford"	"Kendelu (IRE)"	"5.00"	"7.2"	"Handicap Hurdle"	"2"	"13"	"Buckley, Tom"	"Hawke, N J"
"16:30:00"	"2021-10-10"	"Limerick"	"Broder (IRE)"	"25.00"	"42.38"	"Handicap Chase"	"F"	"12"	"Fitzgerald, S"	"Walsh, John J"
"14:45:00"	"2021-10-10"	"Limerick"	"Icee M B A (IRE)"	"7.50"	"10.16"	"Handicap Hurdle"	"10"	"16"	"McDonagh, Mark M"	"Hourigan, Michael"
"14:52:00"	"2021-10-08"	"Downpatrick"	"The Abbey (IRE)"	"2.75"	"4.5"	"Handicap Hurdle"	"5"	"8"	"Gainford, Mr J C"	"Elliott, Gordon"
"14:20:00"	"2021-10-05"	"Galway"	"Johanna Yeats (IRE)"	"3.33"	"5.39"	"Handicap Hurdle"	"4"	"9"	"Fitzgerald, S"	"Walsh, John J"
"13:45:00"	"2021-10-04"	"Stratford"	"Somethinboutangela (IRE)"	"11.00"	"13.89"	"Handicap Hurdle"	"PU"	"7"	"Leonard, Cillin"	"Newland, Dr R D P"
"16:35:00"	"2021-10-03"	"Uttoxeter"	"Pym (IRE)"	"7.00"	"9.27"	"Handicap Hurdle"	"5"	"7"	"Wynne, Toby"	"Greenall, O / Guerriero, J"
"14:40:00"	"2021-10-03"	"Tipperary"	"Brogine (IRE)"	"25.00"	"27"	"Handicap Hurdle"	"9"	"15"	"OCallaghan, Shane"	"Braddish, S"
"15:10:00"	"2021-09-29"	"Bangor"	"Jessica Rabbit"	"4.50"	"6"	"Handicap Hurdle"	"5"	"7"	"Pinchin, Miss L M"	"McPherson, Graeme P"
"16:35:00"	"2021-09-25"	"Listowel"	"Father Jed (IRE)"	"9.00"	"12.73"	"Handicap Chase"	"1"	"14"	"Barry, Mr B"	"Ryan, John Patrick"
"14:30:00"	"2021-09-19"	"Listowel"	"Courting Vickie (IRE)"	"14.00"	"15.24"	"Handicap Hurdle"	"9"	"16"	"Kavanagh, Sarah"	"Barcoe, James M"
"16:20:00"	"2021-09-17"	"Downpatrick"	"Dakota Beat (IRE)"	"8.00"	"11.09"	"Handicap Chase"	"PU"	"11"	"Gilligan, Jack G"	"Cromwell, Gavin Patrick"
"15:25:00"	"2021-09-15"	"Kelso"	"Strong Team (IRE)"	"6.00"	"8.84"	"Handicap Hurdle"	"1"	"11"	"Brown, Oakley"	"Grant, C"
"19:00:00"	"2021-09-10"	"Ballinrobe"	"Rippon Lodge (IRE)"	"3.50"	"4.98"	"Handicap Chase"	"5"	"9"	"Fitzgerald, S"	"Ryan, John Patrick"
"17:30:00"	"2021-09-10"	"Ballinrobe"	"The Caddy Rose (IRE)"	"20.00"	"27"	"Handicap Hurdle"	"10"	"12"	"Walsh, E"	"Meade, Noel"
"17:00:00"	"2021-09-10"	"Ballinrobe"	"Dedanann (IRE)"	"7.00"	"10"	"Handicap Hurdle"	"2"	"16"	"Fitzgerald, S"	"Ryan, John Patrick"
"16:15:00"	"2021-09-06"	"Newton Abbot"	"OFaolains Lad (IRE)"	"12.00"	"14.5"	"Handicap Chase"	"1"	"7"	"Doggrell, T"	"Ford, Richenda"
"16:30:00"	"2021-09-04"	"Wexford"	"Storm Flight (IRE)"	"14.00"	"22.81"	"Handicap Chase"	"PU"	"12"	"Fitzgerald, S"	"ODwyer, Conor"
"15:55:00"	"2021-09-04"	"Wexford"	"Allardyce"	"4.50"	"8.2"	"Handicap Chase"	"2"	"12"	"Gainford, Mr J C"	"OGrady, E J"
"13:35:00"	"2021-09-04"	"Wexford"	"Lady Rocco (IRE)"	"11.00"	"12.84"	"Handicap Hurdle"	"6"	"13"	"Gainford, Mr J C"	"OSullivan, Ross"
"17:07:00"	"2021-09-03"	"Kilbeggan"	"Trixie Mc (IRE)"	"7.00"	"9.88"	"Handicap Hurdle"	"1"	"12"	"Brouder, Gavin"	"Gibney, Thomas"
"14:20:00"	"2021-09-01"	"Uttoxeter"	"Seaborough (IRE)"	"8.00"	"10.34"	"Handicap Hurdle"	"2"	"11"	"Anderson, Mr A"	"Shaw, D"
"15:55:00"	"2021-08-30"	"Downpatrick"	"Just A Normal Day (IRE)"	"6.00"	"8.32"	"Handicap Chase"	"4"	"10"	"Gainford, Mr J C"	"Murphy, Ciaran"
"13:40:00"	"2021-08-30"	"Downpatrick"	"Taggs Island (IRE)"	"5.00"	"7.6"	"Handicap Hurdle"	"6"	"15"	"Murphy, Miss R"	"Fitzgerald, B J"
"18:30:00"	"2021-08-27"	"Down Royal"	"Class Bishop Lady (IRE)"	"22.00"	"24.58"	"Handicap Hurdle"	"13"	"16"	"Gainford, Mr J C"	"Foster, Mrs Denise"
"19:00:00"	"2021-08-20"	"Killarney"	"Gold Creek (IRE)"	"14.00"	"21"	"Handicap Chase"	"PU"	"14"	"McDonagh, Mark M"	"King, Aengus"
"18:30:00"	"2021-08-20"	"Killarney"	"Railway Muice (IRE)"	"8.00"	"11.94"	"Handicap Chase"	"7"	"13"	"Gainford, Mr J C"	"Flynn, Paul W"
"17:00:00"	"2021-08-20"	"Killarney"	"Tudor City (IRE)"	"12.00"	"17.35"	"Handicap Hurdle"	"7"	"12"	"OConnor, M P"	"Martin, A J"
"16:25:00"	"2021-08-18"	"Worcester"	"Dreamsundermyfeet (IRE)"	"1.00"	"2.11"	"Handicap Chase"	"3"	"12"	"Godfrey, Ben"	"Keighley, M"
"16:35:00"	"2021-08-15"	"Tramore"	"Tune The Chello (IRE)"	"3.33"	"5"	"Handicap Chase"	"2"	"9"	"Gainford, Mr J C"	"Bromhead, Henry De"
"15:25:00"	"2021-08-15"	"Tramore"	"Caridadi (IRE)"	"8.50"	"10.5"	"Handicap Chase"	"1"	"11"	"OConnor, M P"	"Morrison, J"
"18:35:00"	"2021-08-14"	"Market Rasen"	"Supreme Steel (IRE)"	"66.00"	"108.16"	"Handicap Chase"	"5"	"15"	"Anderson, Mr A"	"Sowersby, M E"
"18:45:00"	"2021-08-13"	"Tramore"	"Aunty Audrey (IRE)"	"5.50"	"7.03"	"Handicap Hurdle"	"1"	"13"	"Foley, J B"	"Flynn, Patrick J"
"18:15:00"	"2021-08-13"	"Tramore"	"Reverse Polarity (IRE)"	"5.00"	"7.45"	"Maiden Hurdle"	"1"	"14"	"Deegan, R"	"Fahey, Mark"
"17:45:00"	"2021-08-13"	"Tramore"	"Carnet De Stage (IRE)"	"8.50"	"13.97"	"Handicap Chase"	"2"	"11"	"Kelly, T Joseph"	"OSullivan, Eugene M"
"17:45:00"	"2021-08-12"	"Tramore"	"Pat Coyne (IRE)"	"1.63"	"2.94"	"Beginners Chase"	"1"	"14"	"Morgan, Hugh"	"Queally, John"
"17:45:00"	"2021-08-09"	"Ballinrobe"	"Banjo (IRE)"	"7.00"	"9.13"	"Handicap Hurdle"	"8"	"14"	"Foley, J B"	"Cullen, D W"
"18:45:00"	"2021-08-06"	"Wexford"	"My Oakclahome (IRE)"	"4.50"	"7.25"	"Handicap Chase"	"3"	"11"	"Fitzgerald, S"	"OBrien, David M"
"19:10:00"	"2021-08-05"	"Sligo"	"Guido Reni (IRE)"	"4.50"	"7"	"Handicap Hurdle"	"3"	"9"	"OConnor, M P"	"Thornton, Karl"
"16:25:00"	"2021-08-02"	"Cork"	"Ellipsism (IRE)"	"14.00"	"18"	"Handicap Hurdle"	"PU"	"15"	"Fitzgerald, S"	"Winters, Michael"
"18:45:00"	"2021-07-28"	"Galway"	"Dorans River (IRE)"	"33.00"	"44"	"Handicap Hurdle"	"7"	"20"	"Donovan, Philip"	"Kelly, Patrick G"
"19:05:00"	"2021-07-27"	"Worcester"	"The Vollan (IRE)"	"10.00"	"12.8"	"Handicap Hurdle"	"1"	"12"	"Buckley, Tom"	"Longsdon, C E"
"19:40:00"	"2021-07-22"	"Limerick"	"Cassells Rock (IRE)"	"40.00"	"70"	"Handicap Hurdle"	"9"	"16"	"Foley, J B"	"Finn, J R"
"13:15:00"	"2021-07-22"	"Worcester"	"Write It Down (IRE)"	"2.75"	"4.47"	"Handicap Chase"	"4"	"14"	"Brogan, Kevin"	"ONeill, Jonjo and AJ"
"13:50:00"	"2021-07-19"	"Cartmel"	"Catchmeifyoucan (IRE)"	"2.00"	"2.99"	"Handicap Hurdle"	"1"	"5"	"Gillard, Mr T"	"Candlish, Jennie"
"16:40:00"	"2021-07-18"	"Tipperary"	"Popong (IRE)"	"3.50"	"5.4"	"Handicap Chase"	"3"	"12"	"Morgan, Hugh"	"Bromhead, Henry De"
"16:15:00"	"2021-07-18"	"Stratford"	"Trailboss (IRE)"	"3.50"	"5.66"	"Novices Hurdle"	"4"	"6"	"Harrison, Liam"	"OBrien, Fergal"
"14:20:00"	"2021-07-18"	"Tipperary"	"Fenlons Hill (IRE)"	"20.00"	"28"	"Handicap Chase"	"PU"	"13"	"OHanlon, P J"	"Stafford, Paul"
"19:40:00"	"2021-07-16"	"Kilbeggan"	"Humps And Bumps (IRE)"	"9.00"	"8.6"	"Handicap Chase"	"1"	"14"	"Foley, J B"	"Croke, Peter"
"18:20:00"	"2021-07-15"	"Worcester"	"Beach Break"	"20.00"	"21.45"	"Handicap Hurdle"	"4"	"8"	"Gillard, Mr T"	"McCain Jnr, D"
"15:05:00"	"2021-07-10"	"Limerick"	"Broder (IRE)"	"5.50"	"8.25"	"Handicap Chase"	"3"	"15"	"McCurtin, Ambrose"	"Walsh, John J"
"18:35:00"	"2021-07-09"	"Kilbeggan"	"Wheres Bunny (IRE)"	"4.50"	"7.74"	"Handicap Hurdle"	"1"	"11"	"Gainford, Mr J C"	"Dooly, N"
"18:20:00"	"2021-07-09"	"Cork"	"Wild Atlantic Lady"	"10.00"	"12.5"	"Handicap Hurdle"	"10"	"15"	"McCurtin, Ambrose"	"Walsh, John J"
"16:45:00"	"2021-07-04"	"Market Rasen"	"Cubswin (IRE)"	"16.00"	"19"	"Handicap Hurdle"	"4"	"5"	"Thorne, Alexander"	"King, N B"
"15:00:00"	"2021-06-27"	"Uttoxeter"	"Sebastopol (IRE)"	"5.50"	"8.6"	"Handicap Hurdle"	"2"	"13"	"Brogan, Kevin"	"Lacey, T"
"15:35:00"	"2021-06-16"	"Wexford"	"Great Khan (IRE)"	"9.00"	"10.94"	"Handicap Chase"	"5"	"12"	"Fitzgerald, S"	"OGrady, E J"
"15:25:00"	"2021-06-16"	"Uttoxeter"	"Diamond Fort (IRE)"	"4.50"	"6.14"	"Handicap Novices Chase"	"4"	"5"	"Harrison, Liam"	"OBrien, Fergal"
"13:20:00"	"2021-06-16"	"Wexford"	"Esthers Marvel (IRE)"	"4.00"	"6.06"	"Maiden Hurdle"	"3"	"12"	"Fitzgerald, S"	"Budds, David Kenneth"
"19:10:00"	"2021-06-14"	"Kilbeggan"	"Blackhillsofdakota (IRE)"	"3.33"	"5.1"	"Beginners Chase"	"2"	"10"	"Gainford, Mr J C"	"Halley, John"
"15:50:00"	"2021-06-12"	"Downpatrick"	"Hell On Earth (IRE)"	"6.50"	"8.31"	"Beginners Chase"	"2"	"12"	"Gainford, Mr J C"	"Foster, Mrs Denise"
"19:45:00"	"2021-06-11"	"Newton Abbot"	"Third Estate (IRE)"	"40.00"	"50"	"Handicap Chase"	"UR"	"10"	"Andrews, Mr D I J"	"Tickle, J"
"15:00:00"	"2021-06-11"	"Clonmel"	"Ask David (IRE)"	"8.00"	"10.5"	"Handicap Hurdle"	"2"	"15"	"Barry, Mr J C"	"Doyle, Timothy"
"14:05:00"	"2021-06-07"	"Listowel"	"The Little Yank (IRE)"	"0.62"	"1.7"	"Maiden Hurdle"	"2"	"15"	"Fitzgerald, S"	"Ryan, John Patrick"
"16:55:00"	"2021-06-06"	"Perth"	"Scullys Forge (IRE)"	"3.00"	"4.99"	"Handicap Hurdle"	"4"	"13"	"Harrison, Liam"	"Stephen, Mrs Jackie"
"17:55:00"	"2021-06-05"	"Hexham"	"Muroor"	"50.00"	"155.88"	"Handicap Hurdle"	"7"	"14"	"Tucker, Miss H C"	"Thompson, V"
"15:50:00"	"2021-06-05"	"Hexham"	"Oscar Ceremony (IRE)"	"6.50"	"7.94"	"Handicap Chase"	"3"	"9"	"Brown, Oakley"	"Ellison, B"
"19:00:00"	"2021-05-31"	"Punchestown"	"Demi Plie (IRE)"	"4.50"	"7.35"	"Handicap Hurdle"	"3"	"16"	"OConnor, Miss A B"	"Roche, Padraig"
"12:30:00"	"2021-05-31"	"Huntingdon"	"Mamoo"	"11.00"	"23"	"Handicap Hurdle"	"7"	"13"	"Midgley, Tom"	"England, Sam"
"13:50:00"	"2021-05-30"	"Fontwell"	"Drakes Well (IRE)"	"1.00"	"2.26"	"Maiden Hurdle"	"1"	"7"	"Bellamy, Mr A"	"Bridgwater, D G"
"19:15:00"	"2021-05-25"	"Ballinrobe"	"Deburrafield (IRE)"	"22.00"	"36.15"	"Beginners Chase"	"4"	"14"	"Walsh, E"	"Finegan, Hugh Paul"
"18:45:00"	"2021-05-25"	"Ballinrobe"	"Johnnys Girl (IRE)"	"33.00"	"48.24"	"Handicap Hurdle"	"10"	"15"	"Condon, R J"	"Lee, Norman"
"17:15:00"	"2021-05-25"	"Ballinrobe"	"Simply Shabra (IRE)"	"3.00"	"6"	"Maiden Hurdle"	"2"	"15"	"OConnor, M P"	"McCann, Anthony"
"19:15:00"	"2021-05-18"	"Limerick"	"Rocconrockall (IRE)"	"12.00"	"16.5"	"Handicap Chase"	"11"	"16"	"Ryan, Trevor"	"OGrady, E J"
"17:40:00"	"2021-05-18"	"Limerick"	"Cluan Dara (IRE)"	"5.00"	"6.78"	"Handicap Chase"	"3"	"8"	"Fitzgerald, S"	"Ryan, John Patrick"
"18:20:00"	"2021-05-13"	"Clonmel"	"Talsara (IRE)"	"66.00"	"63.54"	"Handicap Hurdle"	"9"	"14"	"OConnor, M P"	"Foley, Patrick T"
"13:30:00"	"2021-05-12"	"Worcester"	"His Dream (IRE)"	"7.50"	"9.46"	"Handicap Chase"	"8"	"9"	"Armson, Philip"	"ONeill, Jonjo and AJ"
"14:37:00"	"2021-05-11"	"Sedgefield"	"Strong Team (IRE)"	"12.00"	"20.84"	"Handicap Hurdle"	"6"	"9"	"Brown, Oakley"	"Grant, C"
"19:50:00"	"2021-05-08"	"Warwick"	"Lickpenny Larry"	"22.00"	"34"	"Handicap Chase"	"PU"	"13"	"Dixon, Jason"	"Gretton, T R "
"16:40:00"	"2021-05-05"	"Newton Abbot"	"Minnie Escape"	"12.00"	"17.53"	"Handicap Hurdle"	"10"	"13"	"Prichard, Mr D G"	"Dartnall, V R A"
"19:10:00"	"2021-05-04"	"Ballinrobe"	"Dedanann (IRE)"	"9.00"	"14"	"Beginners Chase"	"3"	"14"	"Ryan, Trevor"	"Ryan, John Patrick"
"19:10:00"	"2021-05-04"	"Ballinrobe"	"Masterstonemason (IRE)"	"40.00"	"52.97"	"Beginners Chase"	"4"	"14"	"Landers, Cathal A"	"Costello, F"
"18:50:00"	"2021-05-04"	"Southwell"	"Anightinlambourn (IRE)"	"9.00"	"13.6"	"Handicap Hurdle"	"3"	"12"	"Morgan, Luca"	"Pauling, Ben"
"16:30:00"	"2021-05-04"	"Ballinrobe"	"Karla Martina (IRE)"	"5.00"	"8.56"	"Maiden Hurdle"	"3"	"12"	"Condon, R J"	"Lee, Norman"
"15:50:00"	"2021-05-03"	"Warwick"	"Late Shipment"	"16.00"	"21.25"	"Handicap Hurdle"	"8"	"12"	"Kimber, Harry"	"Evans, Mrs N S"
"17:40:00"	"2021-05-01"	"Punchestown"	"Tucanae (IRE)"	"3.50"	"5.68"	"Handicap Hurdle"	"5"	"15"	"Gainford, Mr J C"	"Nolan, Paul"
"16:50:00"	"2021-04-29"	"Punchestown"	"Major Destination (IRE)"	"100.00"	"266.08"	"Chase"	"4"	"13"	"Connor, Mr S"	"McCaldin, Mrs Caroline"
"16:15:00"	"2021-04-29"	"Punchestown"	"Paloma Blue (IRE)"	"50.00"	"82.42"	"Handicap Chase"	"13"	"19"	"Morgan, Hugh"	"Bromhead, Henry De"
"19:00:00"	"2021-04-28"	"Punchestown"	"Lord Schnitzel (IRE)"	"20.00"	"25.27"	"Handicap Chase"	"PU"	"24"	"Maxwell, Dillon"	"Smith, Matthew J"
"19:00:00"	"2021-04-28"	"Punchestown"	"Minella Till Dawn (IRE)"	"16.00"	"18.4"	"Handicap Chase"	"PU"	"24"	"Gainford, Mr J C"	"Foster, Mrs Denise"
"15:40:00"	"2021-04-28"	"Punchestown"	"Someday"	"40.00"	"66.51"	"Handicap Hurdle"	"10"	"25"	"OConnor, M P"	"Latta, Yvonne"
"15:40:00"	"2021-04-28"	"Punchestown"	"Fou Diligence (IRE)"	"40.00"	"71.38"	"Handicap Hurdle"	"15"	"25"	"Brett, Tommy N"	"Dempsey, J P"
"18:20:00"	"2021-04-19"	"Kempton"	"Mortens Leam"	"2.25"	"3.47"	"Handicap Chase"	"1"	"6"	"Morgan, Luca"	"Hawker, Michael"
"16:15:00"	"2021-04-15"	"Limerick"	"Revelyn Pleasure (IRE)"	"5.00"	"6.8"	"Handicap Hurdle"	"9"	"13"	"McDonagh, Mark M"	"OBrien, Sean O"
"17:15:00"	"2021-04-13"	"Fairyhouse"	"Strange Notions (IRE)"	"7.00"	"9.31"	"Handicap Hurdle"	"4"	"16"	"Morgan, Hugh"	"OBrien, Charles"
"16:25:00"	"2021-04-11"	"Plumpton"	"Just A Sip"	"3.33"	"5.15"	"Handicap Hurdle"	"1"	"9"	"Quinn, Caoilin"	"Greatrex, W J"
"17:30:00"	"2021-04-09"	"Sedgefield"	"Red Ochre"	"6.50"	"8.57"	"Handicap Hurdle"	"2"	"11"	"Brown, Oakley"	"Grant, C"
"17:00:00"	"2021-04-05"	"Fairyhouse"	"Moyhenna (IRE)"	"25.00"	"36.9"	"Handicap Chase"	"PU"	"28"	"Morgan, Hugh"	"Hogan, Denis Gerard"
"15:20:00"	"2021-04-05"	"Plumpton"	"Hit The Rocks (IRE)"	"7.50"	"11"	"Handicap Novices Hurdle"	"2"	"11"	"Houlihan, Niall F"	"Moore, Gary and Josh"
"16:35:00"	"2021-04-04"	"Cork"	"Arctic Light"	"20.00"	"23.05"	"Handicap Hurdle"	"9"	"16"	"Torrens, Simon"	"Mullins, Thomas"
"15:30:00"	"2021-04-03"	"Fairyhouse"	"On Eagles Wings (IRE)"	"8.50"	"9.84"	"Handicap Novices Hurdle"	"5"	"20"	"Swan, H C"	"Hyde, T E"
"15:30:00"	"2021-04-03"	"Fairyhouse"	"Ragnar Lodbrok (IRE)"	"12.00"	"17.5"	"Handicap Novices Hurdle"	"6"	"20"	"Gainford, Mr J C"	"Foster, Mrs Denise"
"14:55:00"	"2021-04-03"	"Fairyhouse"	"Call It Magic (IRE)"	"12.00"	"18.03"	"Handicap Chase"	"5"	"13"	"Murphy, Miss R"	"OSullivan, Ross"
"15:50:00"	"2021-03-31"	"Southwell"	"Tequila Blaze"	"2.75"	"4.35"	"Novices Hurdle"	"2"	"7"	"Harrison, Liam"	"OBrien, Fergal"
"15:20:00"	"2021-03-31"	"Southwell"	"Imperial Knight (IRE)"	"6.50"	"11.5"	"Handicap Hurdle"	"2"	"11"	"Morgan, Luca"	"Pauling, Ben"
"15:10:00"	"2021-03-29"	"Fontwell"	"Peace Prevails"	"5.50"	"8.24"	"Handicap Hurdle"	"4"	"7"	"Houlihan, Niall F"	"Boyle, J R"
"17:05:00"	"2021-03-25"	"Cork"	"Union Gap (IRE)"	"150.00"	"185.69"	"Handicap Hurdle"	"15"	"15"	"Geoghegan, Mr T D"	"Flynn, Paul W"
"15:30:00"	"2021-03-24"	"Market Rasen"	"Quest For Life"	"5.00"	"7"	"Handicap Hurdle"	"3"	"8"	"Williamson, Joseph"	"Walford, Mark"
"13:45:00"	"2021-03-24"	"Market Rasen"	"Quinta Do Mar (IRE)"	"0.80"	"1.88"	"Novices Hurdle"	"2"	"6"	"Morgan, Luca"	"Pauling, Ben"
"15:35:00"	"2021-03-20"	"Uttoxeter"	"Prime Venture (IRE)"	"18.00"	"24.1"	"Handicap Chase"	"15"	"20"	"Williams, Isabel"	"Williams, Evan"
"15:30:00"	"2021-03-18"	"Hexham"	"Farran Dancer (IRE)"	"12.00"	"15.57"	"Handicap Chase"	"PU"	"10"	"Shanahan, William T"	"Smith, R Michael"
"13:55:00"	"2021-03-18"	"Cheltenham"	"Storm Goddess (IRE)"	"18.00"	"35.06"	"Handicap Hurdle"	"UR"	"22"	"Buckley, Tom"	"Longsdon, C E"
"14:45:00"	"2021-03-17"	"Down Royal"	"Samurai Cracker (IRE)"	"7.00"	"10.89"	"Novices Chase"	"1"	"6"	"Deegan, R"	"McCaldin, Mrs Caroline"
"13:45:00"	"2021-03-17"	"Huntingdon"	"Candy Lou"	"16.00"	"21.99"	"Handicap Hurdle"	"1"	"14"	"Thorne, Alexander"	"Thomason-Murphy, Joanne"
"13:45:00"	"2021-03-17"	"Huntingdon"	"Maliboo (IRE)"	"0.73"	"1.85"	"Handicap Hurdle"	"2"	"14"	"Wonnacott, Millie"	"Mulholland, N P"
"15:47:00"	"2021-03-15"	"Plumpton"	"Midnight Callisto"	"2.50"	"3.85"	"Handicap Hurdle"	"8"	"8"	"Godfrey, Ben"	"Honeyball, A J"
"14:40:00"	"2021-03-15"	"Taunton"	"Candyman Can (IRE)"	"28.00"	"33.92"	"Handicap Hurdle"	"5"	"17"	"Ffrench Davis, Mr Ben"	"Hurley, Laura"
"17:15:00"	"2021-03-14"	"Naas"	"Feddans (IRE)"	"3.50"	"4.41"	"NH Flat"	"4"	"8"	"Feeney, Mr T"	"OCallaghan, John P"
"15:35:00"	"2021-03-14"	"Naas"	"Halsafari (IRE)"	"25.00"	"32.14"	"Handicap Hurdle"	"F"	"14"	"Quirke, Mr C M"	"Bowe, Michael J"
"15:20:00"	"2021-03-14"	"Limerick"	"Killisk Ben Rose (IRE)"	"12.00"	"14.31"	"Handicap Chase"	"PU"	"12"	"Kelly, T Joseph"	"Rath, R P"
"17:12:00"	"2021-03-13"	"Hereford"	"Glentrool"	"5.50"	"7.1"	"Maiden Hurdle"	"2"	"8"	"Wonnacott, Millie"	"Thomas, Sam"
"15:55:00"	"2021-03-12"	"Gowran Park"	"The Chapel Field (IRE)"	"12.00"	"16.17"	"Handicap Chase"	"8"	"14"	"Ryan, Trevor"	"Austin, W J"
"15:25:00"	"2021-03-11"	"Wincanton"	"Golden Poet (IRE)"	"7.00"	"8.6"	"Handicap Novices Chase"	"7"	"8"	"Godfrey, Ben"	"Burke, Kieran"
"14:50:00"	"2021-03-11"	"Wincanton"	"Jennys Day (IRE)"	"14.00"	"16.56"	"Handicap Hurdle"	"PU"	"14"	"Quinlan, S M"	"Price, Katy"
"14:55:00"	"2021-03-10"	"Wexford"	"Mc Alpine (IRE)"	"4.00"	"5.6"	"Handicap Novices Hurdle"	"2"	"11"	"Torrens, Simon"	"Rothwell, P J"
"14:15:00"	"2021-03-09"	"Newcastle"	"Well Smitten (IRE)"	"12.00"	"13.98"	"Handicap Chase"	"2"	"12"	"Midgley, Tom"	"England, Sam"
"15:40:00"	"2021-03-08"	"Southwell"	"Brideys Lettuce (IRE)"	"22.00"	"29.16"	"Handicap Hurdle"	"10"	"16"	"Leonard, Cillin"	"Pogson, Charles and Adam"
"16:50:00"	"2021-03-07"	"Leopardstown"	"Prospectus"	"50.00"	"75"	"Handicap Chase"	"PU"	"14"	"Gainford, Mr J C"	"Coyle, Thomas"
"16:35:00"	"2021-03-04"	"Clonmel"	"Lacken Bridge (IRE)"	"18.00"	"22.1"	"Handicap Chase"	"PU"	"13"	"Roche, T P"	"Doyle, Gordon Michael"
"15:30:00"	"2021-03-04"	"Clonmel"	"Carrigready (IRE)"	"50.00"	"81.57"	"Handicap Chase"	"PU"	"14"	"Barry, Mr J C"	"Halley, Vincent Laurence"
"15:15:00"	"2021-03-04"	"Ludlow"	"Vinnies Getaway (IRE)"	"9.00"	"12.5"	"Handicap Hurdle"	"11"	"17"	"McKinnes, Callum"	"Murphy, Olly"
"16:00:00"	"2021-03-01"	"Punchestown"	"Alohamora (IRE)"	"16.00"	"29.67"	"Handicap Hurdle"	"11"	"16"	"Torrens, Simon"	"Nash, J A"
"16:35:00"	"2021-02-27"	"Fairyhouse"	"Lady Mccabe (IRE)"	"16.00"	"28.38"	"Handicap Hurdle"	"8"	"14"	"Torrens, Simon"	"Fitzgerald, Martin Paul"
"16:35:00"	"2021-02-25"	"Chepstow"	"Prime Pretender"	"5.00"	"8.2"	"Maiden NH Flat"	"5"	"9"	"Williams, Isabel"	"Williams, Evan"
"15:30:00"	"2021-02-22"	"Fairyhouse"	"Get Home (IRE)"	"18.00"	"21.74"	"Handicap Hurdle"	"2"	"13"	"Deegan, R"	"Hegarty, Olivia"
"13:57:00"	"2021-02-21"	"Uttoxeter"	"The Macon Lugnatic"	"6.50"	"8.28"	"Handicap Hurdle"	"4"	"5"	"Morgan, Luca"	"Pauling, Ben"
"14:12:00"	"2021-02-19"	"Fakenham"	"Kingston Mimosa"	"4.00"	"5.53"	"Handicap Seller Hurdle"	"1"	"5"	"Todd, C J"	"Gillard, Mark"
"15:58:00"	"2021-02-18"	"Fontwell"	"Just Henny"	"20.00"	"28.83"	"Handicap Hurdle"	"F"	"16"	"Nugent, Hugh F"	"Mulholland, N P"
"16:35:00"	"2021-02-17"	"Hereford"	"Supervisor (IRE)"	"8.50"	"10.82"	"Handicap Novices Hurdle"	"PU"	"12"	"Nugent, Hugh F"	"Williams, Miss Venetia"
"15:35:00"	"2021-02-17"	"Hereford"	"Arqalina (IRE)"	"4.00"	"6"	"Handicap Chase"	"1"	"12"	"Nugent, Hugh F"	"Williams, Miss Venetia"
"16:30:00"	"2021-02-15"	"Warwick"	"Some Detail (IRE)"	"7.00"	"8.89"	"Handicap Hurdle"	"PU"	"14"	"Buckley, Kieran"	"Hawke, N J"
"15:15:00"	"2021-02-15"	"Lingfield"	"Now Children (IRE)"	"33.00"	"48.3"	"NH Flat"	"6"	"14"	"Leonard, Cillin"	"Dunn, Mrs Alex"
"16:30:00"	"2021-02-14"	"Punchestown"	"Fennos Storm (IRE)"	"50.00"	"95.53"	"Handicap Chase"	"PU"	"18"	"Torrens, Simon"	"Queally, Declan"
"16:00:00"	"2021-02-14"	"Punchestown"	"Scheu Time (IRE)"	"28.00"	"44.5"	"Novices Chase"	"6"	"8"	"Torrens, Simon"	"Nash, J A"
"13:30:00"	"2021-02-14"	"Punchestown"	"Space Cadet (IRE)"	"8.00"	"12"	"Chase"	"3"	"17"	"Harvey, Mr B W"	"OLoughlin, G"
"14:15:00"	"2021-02-13"	"Naas"	"Ask Nile (IRE)"	"8.50"	"10.1"	"Handicap Chase"	"12"	"14"	"Foley, Barry"	"Neville, Seamus"
"13:30:00"	"2021-02-08"	"Newcastle"	"Welsh Rarebit"	"25.00"	"46.44"	"NH Flat"	"6"	"9"	"Jones, Charlotte"	"Egerton, Lucinda"
"16:10:00"	"2021-02-07"	"Leopardstown"	"Scoir Mear (IRE)"	"33.00"	"54.7"	"Handicap Chase"	"5"	"22"	"Torrens, Simon"	"Mullins, Thomas"
"13:10:00"	"2021-02-07"	"Leopardstown"	"Heaven Help Us (IRE)"	"16.00"	"19.32"	"Handicap Hurdle"	"1"	"20"	"Condon, R J"	"Hennessy, Paul"
"13:50:00"	"2021-02-04"	"Down Royal"	"Lilys Gem (IRE)"	"40.00"	"54.74"	"Handicap Hurdle"	"4"	"12"	"Rabbitt, Mr C"	"Crawford, S R B"
"15:50:00"	"2021-01-21"	"Wincanton"	"Cyclop (IRE)"	"1.63"	"2.7"	"Handicap Chase"	"3"	"10"	"Pinchin, Miss L M"	"Sheppard, M"
"13:15:00"	"2021-01-20"	"Newcastle"	"Siannes Star (IRE)"	"28.00"	"47.11"	"NH Flat"	"8"	"14"	"Todd, C J"	"Pogson, Charles and Adam"
"15:05:00"	"2021-01-19"	"Clonmel"	"Ask Mary (IRE)"	"5.50"	"7.84"	"Handicap Hurdle"	"7"	"14"	"Lalor, Miss E A"	"Lalor, R H"
"14:05:00"	"2021-01-19"	"Clonmel"	"Megara"	"100.00"	"110"	"Handicap Hurdle"	"8"	"14"	"OSullivan, James"	"Rothwell, P J"
"15:50:00"	"2021-01-17"	"Punchestown"	"Atlantic Shore (IRE)"	"2.50"	"4.1"	"Handicap Chase"	"1"	"12"	"OBrien, Mr E P"	"Fenton, Philip"
"15:50:00"	"2021-01-17"	"Punchestown"	"Mormon (IRE)"	"4.00"	"6.16"	"Handicap Chase"	"F"	"12"	"ONeill, John James"	"Bromhead, Henry De"
"14:50:00"	"2021-01-17"	"Punchestown"	"Owl Creek Bridge (IRE)"	"7.00"	"8.67"	"Beginners Chase"	"1"	"14"	"McNamara, Conor"	"McNamara, E"
"14:15:00"	"2021-01-16"	"Fairyhouse"	"Chatham Street Lad (IRE)"	"1.75"	"3.39"	"Handicap Chase"	"3"	"14"	"Torrens, Simon"	"Winters, Michael"
"15:30:00"	"2021-01-14"	"Fontwell"	"Big Time Frank (IRE)"	"7.00"	"9.97"	"Handicap Chase"	"3"	"12"	"Worsley, Tabitha"	"Gundry, Miss Polly"
"14:20:00"	"2021-01-14"	"Bangor"	"Royal Claret"	"4.50"	"6.8"	"Handicap Hurdle"	"3"	"11"	"Pinchin, Miss L M"	"Symonds, Tom"
"16:00:00"	"2021-01-13"	"Plumpton"	"Gregarious (IRE)"	"66.00"	"83.11"	"Handicap Hurdle"	"6"	"11"	"Marshall, William"	"Dyson, Miss C"
"16:00:00"	"2021-01-13"	"Plumpton"	"Witch From Rome"	"100.00"	"224.9"	"Handicap Hurdle"	"9"	"11"	"Tucker, Miss H C"	"Earle, Simon"
"15:00:00"	"2021-01-13"	"Plumpton"	"Alka Step (IRE)"	"25.00"	"40.32"	"Handicap Hurdle"	"11"	"14"	"Worsley, Tabitha"	"Bridger, J / Cook, R"
"14:40:00"	"2021-01-11"	"Doncaster"	"Grand Turina"	"10.00"	"12.5"	"Handicap Novices Chase"	"5"	"11"	"Nugent, Hugh F"	"Williams, Miss Venetia"
"12:50:00"	"2021-01-09"	"Chepstow"	"Ask Dillon (IRE)"	"4.00"	"6"	"Handicap Hurdle"	"2"	"12"	"Harrison, Liam"	"OBrien, Fergal"
"14:15:00"	"2021-01-03"	"Fairyhouse"	"Legal Lord"	"50.00"	"130"	"Handicap Hurdle"	"PU"	"18"	"Foley, Barry"	"Neville, Seamus"
"13:45:00"	"2021-01-03"	"Fairyhouse"	"Optum (IRE)"	"3.00"	"4.3"	"Handicap Hurdle"	"5"	"10"	"OSullivan, Miss Maxine"	"OSullivan, Eugene M"
"12:47:00"	"2020-12-29"	"Kelso"	"Whiteoak Fleur"	"2.50"	"3.74"	"Handicap Hurdle"	"2"	"7"	"Gillard, Mr T"	"McCain Jnr, D"
"12:05:00"	"2020-12-29"	"Leopardstown"	"Thegoaheadman (IRE)"	"25.00"	"32.34"	"Handicap Chase"	"7"	"20"	"Cullinan, Mr C"	"Harrington, Mrs John"
"13:35:00"	"2020-12-28"	"Limerick"	"Antimatter (IRE)"	"100.00"	"260"	"Handicap Hurdle"	"PU"	"17"	"Holden, Daniel P"	"Dobbs, Mrs Prunella"
"14:20:00"	"2020-12-27"	"Leopardstown"	"Princely Conn (IRE)"	"80.00"	"200"	"Handicap Hurdle"	"13"	"20"	"Foley, J B"	"Mullins, Thomas"
"14:20:00"	"2020-12-27"	"Leopardstown"	"Spruced Up (IRE)"	"18.00"	"13.69"	"Handicap Hurdle"	"PU"	"20"	"Brouder, Gavin"	"Harty, Edward and Patrick"
"14:20:00"	"2020-12-20"	"Fakenham"	"Gorhams Cave"	"4.50"	"7"	"Handicap Hurdle"	"1"	"10"	"Houlihan, Niall F"	"Moore, Gary and Josh"
"13:30:00"	"2020-12-20"	"Thurles"	"Jack Dillinger (IRE)"	"6.00"	"8.51"	"Handicap Chase"	"1"	"13"	"Brown, O R"	"OBrien, Joseph Patrick"
"15:15:00"	"2020-12-17"	"Exeter"	"Get Wishing (IRE)"	"5.50"	"7.21"	"Handicap Chase"	"F"	"14"	"Nailor, Jordan"	"Dartnall, V R A"
"14:40:00"	"2020-12-17"	"Exeter"	"Telson Barley (IRE)"	"16.00"	"23"	"Handicap Chase"	"7"	"13"	"Pinchin, Miss L M"	"McPherson, Graeme P"
"13:22:00"	"2020-12-12"	"Hereford"	"No No Juliet (IRE)"	"8.00"	"11.74"	"Handicap Chase"	"3"	"10"	"Harrison, Liam"	"OBrien, Fergal"
"13:02:00"	"2020-12-12"	"Fairyhouse"	"Glenabo Bridge (IRE)"	"12.00"	"15.45"	"Handicap Hurdle"	"4"	"14"	"Brouder, Gavin"	"McKiernan, Oliver"
"15:47:00"	"2020-12-10"	"Taunton"	"Solstalla"	"33.00"	"56.97"	"Handicap Hurdle"	"8"	"11"	"Brennan, Nathan"	"Weston, D J"
"14:05:00"	"2020-12-10"	"Tramore"	"Shes Flat Tothemat (IRE)"	"14.00"	"20.72"	"Handicap Hurdle"	"4"	"12"	"Foley, Barry"	"Winters, Michael"
"15:00:00"	"2020-12-06"	"Cork"	"Pike County (IRE)"	"1.10"	"2.44"	"Handicap Hurdle"	"4"	"12"	"Torrens, Simon"	"Foster, Mrs Denise"
"14:02:00"	"2020-12-06"	"Kelso"	"Artic Mann"	"4.50"	"5.44"	"Handicap Novices Hurdle"	"1"	"13"	"Lynn, Bruce"	"Alexander, N W"
"13:37:00"	"2020-12-03"	"Leicester"	"Leskinfere (IRE)"	"9.00"	"15.1"	"Handicap Novices Chase"	"PU"	"13"	"Brennan, Nathan"	"Cornwall, J R"
"15:50:00"	"2020-11-29"	"Ffos Las"	"Flight To Milan (IRE)"	"9.00"	"11.28"	"Handicap Hurdle"	"11"	"14"	"Williams, Isabel"	"Williams, Evan"
"12:56:00"	"2020-11-29"	"Leicester"	"Take The Crown"	"125.00"	"300"	"Handicap Chase"	"PU"	"14"	"Williamson, Joseph"	"Winks, P"
"12:30:00"	"2020-11-28"	"Fairyhouse"	"Kildorrery (IRE)"	"5.00"	"6.24"	"Handicap Chase"	"3"	"11"	"McNamara, Conor"	"Walsh, T M"
"12:00:00"	"2020-11-28"	"Fairyhouse"	"Ask And Answer (IRE)"	"25.00"	"28.98"	"Handicap Chase"	"8"	"13"	"Ahern, Miss S"	"Aherne, Sean"
"13:50:00"	"2020-11-23"	"Musselburgh"	"Je Suis Charlie"	"12.00"	"16.5"	"Handicap Hurdle"	"9"	"14"	"Anderson, Mr A"	"Quinn, J J"
"15:53:00"	"2020-11-22"	"Exeter"	"Arctic Footprint"	"28.00"	"24.11"	"Handicap Hurdle"	"7"	"12"	"Anderson, Joe"	"Down, C J"
"15:18:00"	"2020-11-22"	"Exeter"	"Nativegetaway (IRE)"	"66.00"	"98.09"	"Handicap Hurdle"	"PU"	"14"	"Williams, Isabel"	"Nelmes, Mrs H R J"
"14:55:00"	"2020-11-22"	"Navan"	"Ohherewego (IRE)"	"18.00"	"27.87"	"Handicap Hurdle"	"12"	"15"	"Brouder, Gearoid"	"OBrien, V T"
"13:10:00"	"2020-11-22"	"Navan"	"Kings War (IRE)"	"16.00"	"27.05"	"Handicap Hurdle"	"5"	"17"	"Mooney, Ms H"	"Mooney, Mrs Ann"
"14:55:00"	"2020-11-19"	"Thurles"	"Erins Benefit (IRE)"	"4.50"	"7.75"	"Handicap Hurdle"	"2"	"13"	"Foley, J B"	"Kiely, J E and Thomas"
"14:40:00"	"2020-11-18"	"Warwick"	"Minella Mojo (IRE)"	"5.50"	"7.9"	"Handicap Hurdle"	"10"	"12"	"Anderson, Joe"	"Down, C J"
"14:55:00"	"2020-11-17"	"Limerick"	"Northern Emperor (IRE)"	"14.00"	"20.09"	"Handicap Hurdle"	"8"	"14"	"Morgan, Hugh"	"OBrien, V T"
"14:25:00"	"2020-11-17"	"Limerick"	"Golden Glen (IRE)"	"4.00"	"5.03"	"Handicap Hurdle"	"11"	"14"	"Ryan, Trevor"	"Walsh, John J"
"13:50:00"	"2020-11-16"	"Plumpton"	"Shadows Girl"	"3.50"	"4.96"	"Handicap Seller Hurdle"	"2"	"10"	"Price, Charlie"	"Llewellyn, B J"
"15:00:00"	"2020-11-15"	"Cheltenham"	"Tudor City (IRE)"	"50.00"	"85"	"Handicap Hurdle"	"10"	"14"	"McKenna, Liam"	"Martin, A J"
"14:05:00"	"2020-11-15"	"Fontwell"	"Big Time Frank (IRE)"	"20.00"	"25"	"Handicap Chase"	"2"	"7"	"Worsley, Tabitha"	"Gundry, Miss Polly"
"14:07:00"	"2020-11-14"	"Uttoxeter"	"Ballymalin (IRE)"	"11.00"	"14.67"	"Handicap Chase"	"RO"	"10"	"Nailor, Jordan"	"Twiston-Davies, N A"
"14:50:00"	"2020-11-13"	"Southwell"	"Tarrona"	"14.00"	"19.64"	"Handicap Hurdle"	"10"	"11"	"Todd, C J"	"Phillips, A"
"13:07:00"	"2020-11-12"	"Ludlow"	"Bardd (IRE)"	"5.50"	"7.34"	"Handicap Novices Chase"	"5"	"12"	"Pinchin, Miss L M"	"ONeill, Mrs D"
"13:00:00"	"2020-11-12"	"Taunton"	"Mr Caffrey"	"1.38"	"2.62"	"Seller Hurdle"	"1"	"12"	"Leonard, Cillin"	"Newland, Dr R D P"
"14:53:00"	"2020-11-10"	"Lingfield"	"Colonel Keating (IRE)"	"4.00"	"5.43"	"Handicap Chase"	"2"	"10"	"Houlihan, Niall F"	"Rowe, R"
"15:40:00"	"2020-11-08"	"Stratford"	"Coby Nine (IRE)"	"6.00"	"8"	"Handicap Chase"	"1"	"11"	"Bastyan, Mitchell S"	"Bridgwater, D G"
"12:50:00"	"2020-11-08"	"Stratford"	"Wahwonaisa"	"16.00"	"22.19"	"Handicap Novices Chase"	"6"	"10"	"Bastyan, Mitchell S"	"Bridgwater, D G"
"15:45:00"	"2020-11-03"	"Fairyhouse"	"Fourina (IRE)"	"10.00"	"13.45"	"Handicap Hurdle"	"8"	"14"	"ONeill, John James"	"Fahey, Mark"
"14:45:00"	"2020-11-02"	"Hereford"	"Oscar Asche (IRE)"	"14.00"	"15"	"Handicap Novices Chase"	"UR"	"9"	"Bryan, Mr P"	"Curtis, Miss Rebecca"
"15:58:00"	"2020-11-01"	"Huntingdon"	"Mr Palmtree (IRE)"	"12.00"	"14.66"	"Handicap Chase"	"1"	"9"	"Worsley, Tabitha"	"Dickin, R"
"15:20:00"	"2020-10-29"	"Clonmel"	"Gliondar Mo Chroi (IRE)"	"33.00"	"55"	"Handicap Hurdle"	"10"	"14"	"Barron, Mr R W"	"Fogarty, Aidan F"
"13:25:00"	"2020-10-28"	"Punchestown"	"Whatucallher (IRE)"	"33.00"	"42"	"Hurdle"	"7"	"16"	"Torrens, Simon"	"Harty, Edward and Patrick"
"15:55:00"	"2020-10-25"	"Wexford"	"Scoir Mear (IRE)"	"4.50"	"6.5"	"Handicap Chase"	"1"	"10"	"Torrens, Simon"	"Mullins, Thomas"
"15:07:00"	"2020-10-25"	"Aintree"	"Dell Arca (IRE)"	"6.00"	"8.66"	"Handicap Hurdle"	"1"	"9"	"Gillard, Fergus"	"Pipe, D E"
"12:55:00"	"2020-10-25"	"Hexham"	"Grand Enterprise"	"4.50"	"6.4"	"Handicap Hurdle"	"2"	"14"	"Garritty, Billy"	"Hogarth, H P"
"16:32:00"	"2020-10-24"	"Galway"	"Padraic O Conaire (IRE)"	"28.00"	"38"	"Handicap Hurdle"	"PU"	"17"	"McNamara, Conor"	"Dunleavy, Mrs Y"
"16:20:00"	"2020-10-22"	"Ludlow"	"Throckley"	"4.00"	"5.8"	"Handicap Hurdle"	"6"	"9"	"Quinlan, S M"	"Price, Katy"
"17:10:00"	"2020-10-18"	"Sedgefield"	"Beach Break"	"6.50"	"8.59"	"Handicap Hurdle"	"1"	"13"	"Gillard, Mr T"	"McCain Jnr, D"
"15:15:00"	"2020-10-17"	"Ballinrobe"	"Summer Hill (IRE)"	"10.00"	"12.5"	"Novices Chase"	"4"	"6"	"Donovan, Philip"	"Ryan, John Patrick"
"14:40:00"	"2020-10-10"	"Fairyhouse"	"Hesamanofhisword (IRE)"	"8.00"	"11.15"	"Handicap Chase"	"5"	"13"	"Brouder, Gavin"	"Fitzgerald, D E"
"14:52:00"	"2020-10-09"	"Downpatrick"	"Deo Bellator (IRE)"	"125.00"	"300"	"Maiden Hurdle"	"8"	"12"	"Gault, Mr N"	"Millar, S M"
"17:15:00"	"2020-10-07"	"Galway"	"Mick The Jiver"	"100.00"	"200"	"Handicap Chase"	"6"	"13"	"Torrens, Simon"	"OGrady, Eoghan"
"14:45:00"	"2020-10-07"	"Ludlow"	"Storm Goddess (IRE)"	"3.50"	"5.24"	"Handicap Hurdle"	"3"	"8"	"Buckley, Tom"	"Longsdon, C E"
"17:30:00"	"2020-10-03"	"Gowran Park"	"Macgiloney (IRE)"	"5.00"	"7.14"	"Handicap Chase"	"3"	"11"	"Mulcahy, Shane"	"Hogan, Denis Gerard"
"17:00:00"	"2020-10-01"	"Ffos Las"	"Another Tuco (IRE)"	"7.50"	"11"	"Handicap Chase"	"PU"	"12"	"Tudor, Jack"	"Greatrex, W J"
"14:35:00"	"2020-10-01"	"Clonmel"	"Clancypantz (IRE)"	"33.00"	"40"	"Handicap Hurdle"	"5"	"12"	"McDonagh, Mark M"	"Hourigan, Michael"
"14:00:00"	"2020-10-01"	"Clonmel"	"Courtin Bb (IRE)"	"12.00"	"18.02"	"Handicap Hurdle"	"7"	"14"	"Walsh, E"	"Duffy, Patrick J"
"14:00:00"	"2020-10-01"	"Clonmel"	"Megara"	"33.00"	"43.62"	"Handicap Hurdle"	"UR"	"14"	"OSullivan, James"	"Rothwell, P J"
"13:30:00"	"2020-09-30"	"Huntingdon"	"Midnight Chill"	"16.00"	"21.21"	"Handicap Chase"	"PU"	"9"	"Hicks, Ben"	"Snowden, Jamie"
"14:45:00"	"2020-09-28"	"Roscommon"	"Pump Road (IRE)"	"11.00"	"12.61"	"Handicap Hurdle"	"8"	"13"	"Barry, Mr J C"	"McNiff, Mark Michael"
"16:00:00"	"2020-09-26"	"Listowel"	"Knockraha Boss (IRE)"	"5.50"	"7.31"	"Handicap Hurdle"	"F"	"12"	"McKenna, Liam"	"Foley, Richard Anthony"
"14:10:00"	"2020-09-26"	"Market Rasen"	"Fortunes Hiding (IRE)"	"50.00"	"150"	"Handicap Chase"	"10"	"15"	"Willmott, Thomas"	"Russell, Miss Lucinda V"
"16:20:00"	"2020-09-25"	"Uttoxeter"	"Magical Thomas"	"14.00"	"19.42"	"Handicap Hurdle"	"10"	"15"	"Harrison, Liam"	"Mulholland, N P"
"16:45:00"	"2020-09-21"	"Listowel"	"Something Sweet (IRE)"	"3.00"	"4.84"	"Beginners Chase"	"3"	"10"	"Quinlan, Liam"	"McGrath, Roger Joseph"
"13:10:00"	"2020-09-14"	"Sligo"	"Bonarc (IRE)"	"16.00"	"18.21"	"Beginners Chase"	"3"	"7"	"OSullivan, James"	"Ryan, John Patrick"
"17:50:00"	"2020-09-11"	"Kilbeggan"	"Mossy White (IRE)"	"33.00"	"42"	"Handicap Hurdle"	"10"	"12"	"Mulcahy, Shane"	"Hogan, Denis Gerard"
"15:50:00"	"2020-09-09"	"Punchestown"	"Blast Of Koeman (IRE)"	"20.00"	"22.39"	"Handicap Hurdle"	"8"	"12"	"Orr, Conor"	"Tyner, Robert"
"14:45:00"	"2020-09-09"	"Punchestown"	"Dawsons Cottage (IRE)"	"2.50"	"4.2"	"Handicap Hurdle"	"9"	"18"	"Torrens, Simon"	"Madden, Niall"
"14:00:00"	"2020-09-09"	"Uttoxeter"	"Iconic Hero (IRE)"	"7.50"	"10.14"	"Handicap Hurdle"	"10"	"16"	"Marshall, William"	"Skelton, Daniel"
"14:35:00"	"2020-09-06"	"Ballinrobe"	"Knockraha Boss (IRE)"	"12.00"	"17"	"Handicap Hurdle"	"6"	"14"	"Brouder, Gavin"	"Foley, Richard Anthony"
"17:35:00"	"2020-09-05"	"Wexford"	"My First Symphony (IRE)"	"6.50"	"9"	"Handicap Chase"	"3"	"11"	"Gallagher, P A"	"Cronin, Patrick"
"15:50:00"	"2020-09-05"	"Wexford"	"Rebel Waltz (IRE)"	"4.00"	"5.9"	"Handicap Hurdle"	"1"	"11"	"McCurtin, Ambrose"	"Jr, T J Nagle"
"15:50:00"	"2020-09-05"	"Wexford"	"Ourauldman (IRE)"	"22.00"	"30.64"	"Handicap Hurdle"	"PU"	"11"	"Twomey, Miss E"	"Bromhead, Henry De"
"19:10:00"	"2020-09-04"	"Kilbeggan"	"Woodbrook Boy (IRE)"	"6.00"	"7.6"	"Handicap Chase"	"5"	"10"	"Brouder, Gearoid"	"Hanlon, John Joseph"
"18:40:00"	"2020-09-04"	"Kilbeggan"	"Jack Hackett (IRE)"	"3.50"	"5.51"	"Beginners Chase"	"1"	"13"	"Landers, Cathal A"	"Love, Mrs D A"
"17:40:00"	"2020-09-04"	"Kilbeggan"	"Dedanann (IRE)"	"10.00"	"14.5"	"Maiden Hurdle"	"6"	"14"	"Brett, Tommy N"	"Ryan, John Patrick"
"17:10:00"	"2020-09-04"	"Kilbeggan"	"Alabaster"	"5.00"	"7.16"	"Handicap Hurdle"	"6"	"8"	"Mulcahy, Shane"	"Hogan, Denis Gerard"
"18:40:00"	"2020-09-03"	"Clonmel"	"Ocean Glandore (IRE)"	"6.50"	"8.6"	"Handicap Hurdle"	"4"	"11"	"Mulcahy, Shane"	"Hogan, Denis Gerard"
"18:40:00"	"2020-09-03"	"Clonmel"	"Kilkishen (IRE)"	"12.00"	"13"	"Handicap Hurdle"	"6"	"11"	"Brouder, Gearoid"	"Hanlon, John Joseph"
"18:10:00"	"2020-09-03"	"Clonmel"	"Western Boy (IRE)"	"8.00"	"10"	"Handicap Hurdle"	"2"	"13"	"Condon, R J"	"Fahy, P A"
"18:00:00"	"2020-09-02"	"Hexham"	"Dee Star (IRE)"	"5.50"	"8.03"	"Handicap Chase"	"11"	"14"	"Bryan, Mr P"	"Hanmer, G D"
"15:40:00"	"2020-08-31"	"Downpatrick"	"Dasmyhoss (IRE)"	"25.00"	"34"	"Handicap Chase"	"7"	"12"	"Morgan, Hugh"	"Rothwell, P J"
"13:30:00"	"2020-08-24"	"Ballinrobe"	"Powersbomb (IRE)"	"4.50"	"6.98"	"Handicap Hurdle"	"5"	"9"	"Mahon, Mr E"	"McMahon, Brian M"
"15:20:00"	"2020-08-19"	"Sligo"	"Castlehume (IRE)"	"11.00"	"13.59"	"Handicap Hurdle"	"6"	"12"	"OKeeffe, Sean F"	"Mahon, S J"
"14:20:00"	"2020-08-19"	"Sligo"	"Jazz Ranger (IRE)"	"9.00"	"12.16"	"Handicap Hurdle"	"8"	"12"	"Browne, Barry"	"Fahey, James"
"15:10:00"	"2020-08-17"	"Uttoxeter"	"Shantou Village (IRE)"	"5.00"	"6.58"	"Handicap Hurdle"	"5"	"13"	"Wonnacott, Millie"	"Mulholland, N P"
"17:15:00"	"2020-08-16"	"Tramore"	"Crimson Chief (IRE)"	"4.00"	"6.6"	"Handicap Chase"	"8"	"12"	"OConnor, M P"	"Morrison, J"
"16:15:00"	"2020-08-16"	"Tramore"	"Alice Johnston (IRE)"	"4.00"	"5.8"	"Handicap Chase"	"1"	"7"	"Kelly, Aidan"	"Roche, Padraig"
"17:15:00"	"2020-08-14"	"Tramore"	"Yeats Mardy"	"4.50"	"5.9"	"Handicap Chase"	"PU"	"13"	"McNamara, Conor"	"Cromwell, Gavin Patrick"
"15:45:00"	"2020-08-07"	"Cartmel"	"Glan Y Gors (IRE)"	"8.00"	"11.36"	"Handicap Hurdle"	"1"	"11"	"Anderson, Mr A"	"Thompson, D W"
"17:20:00"	"2020-08-06"	"Stratford"	"Green Or Black (IRE)"	"6.00"	"8.16"	"Handicap Hurdle"	"3"	"7"	"Wonnacott, Millie"	"Mulholland, N P"
"17:20:00"	"2020-08-05"	"Sligo"	"Beat Of The Sea (IRE)"	"16.00"	"22"	"Handicap Hurdle"	"4"	"11"	"Morgan, Hugh"	"Fahey, Seamus"
"15:00:00"	"2020-08-02"	"Cork"	"Caileans Angel (IRE)"	"5.00"	"7.55"	"Handicap Hurdle"	"1"	"15"	"Walsh, E"	"Gallagher, E F"
"17:15:00"	"2020-07-30"	"Galway"	"Doctor Duffy (IRE)"	"1.10"	"2.32"	"Beginners Chase"	"2"	"12"	"Landers, Cathal A"	"Byrnes, C"
"13:25:00"	"2020-07-27"	"Market Rasen"	"Thomas Blossom (IRE)"	"14.00"	"23"	"Handicap Chase"	"4"	"11"	"Harrison, Liam"	"Harper, R C"
"16:55:00"	"2020-07-26"	"Cartmel"	"Native Fighter (IRE)"	"6.50"	"8.8"	"Handicap Hurdle"	"3"	"10"	"Jones, Charlotte"	"Moffatt, James"
"13:25:00"	"2020-07-26"	"Cartmel"	"Shaiyzar (IRE)"	"12.00"	"15"	"Handicap Hurdle"	"3"	"9"	"Anderson, Mr A"	"Thompson, D W"
"19:15:00"	"2020-07-25"	"Tramore"	"Basils Boy (IRE)"	"14.00"	"21.76"	"Handicap Hurdle"	"1"	"13"	"Walsh, E"	"Cusack, Liam P"
"17:35:00"	"2020-07-24"	"Newton Abbot"	"Vanderbilt (IRE)"	"6.50"	"9.44"	"Handicap Hurdle"	"2"	"9"	"Gillard, Mr T"	"Gillard, Mark"
"17:15:00"	"2020-07-24"	"Cork"	"Lucky Phil (IRE)"	"5.50"	"8.06"	"Handicap Hurdle"	"8"	"12"	"OKeeffe, Sean F"	"Cooper, Thomas"
"16:00:00"	"2020-07-08"	"Bellewstown"	"Gone Galavanting (IRE)"	"28.00"	"86.89"	"Handicap Hurdle"	"7"	"14"	"Kelly, Aidan"	"Roche, Padraig"
"16:35:00"	"2020-03-17"	"Taunton"	"Never Learn (IRE)"	"8.00"	"11.5"	"Handicap Chase"	"1"	"6"	"Kimber, Harry"	"Tizzard, C L"
"14:25:00"	"2020-03-17"	"Down Royal"	"Bracka Lily (IRE)"	"10.00"	"14.18"	"Handicap Hurdle"	"6"	"17"	"Browne, Dylan"	"Kelly, Noel C"
"13:50:00"	"2020-03-14"	"Uttoxeter"	"Solstice Star"	"10.00"	"14"	"Handicap Hurdle"	"1"	"8"	"Pinchin, Miss L M"	"Keighley, M"
"15:45:00"	"2020-03-11"	"Huntingdon"	"Max Dynamo"	"8.00"	"12.19"	"Handicap Chase"	"1"	"12"	"Nailor, Jordan"	"Bishop, Miss E J"
"14:35:00"	"2020-03-10"	"Sedgefield"	"Adelphi Prince"	"4.50"	"5.63"	"Handicap Hurdle"	"2"	"9"	"Williamson, Joseph"	"Kirby, P A"
"16:05:00"	"2020-03-09"	"Taunton"	"Broke Away (IRE)"	"4.00"	"6.4"	"Handicap Hurdle"	"3"	"9"	"Carver, Bryan"	"Dunn, Mrs Alex"
"15:15:00"	"2020-03-08"	"Naas"	"General Principle (IRE)"	"11.00"	"14.83"	"Handicap Chase"	"4"	"14"	"Brouder, Gavin"	"Elliott, Gordon"
"15:15:00"	"2020-03-08"	"Naas"	"Space Cadet (IRE)"	"20.00"	"70"	"Handicap Chase"	"5"	"14"	"OKeeffe, Sean F"	"OLoughlin, G"
"16:45:00"	"2020-03-05"	"Wincanton"	"Broadclyst (IRE)"	"2.50"	"3.71"	"Handicap Chase"	"F"	"7"	"Carver, Bryan"	"Down, C J"
"16:05:00"	"2020-03-04"	"Clonmel"	"Fly Round The Bend (IRE)"	"16.00"	"27.94"	"Handicap Hurdle"	"9"	"13"	"Cronin, W T"	"Walsh, John J"
"16:00:00"	"2020-03-02"	"Leopardstown"	"School Lane (IRE)"	"9.00"	"12.37"	"Handicap Chase"	"PU"	"13"	"Hand, D J"	"Lennon, Liam"
"16:40:00"	"2020-03-01"	"Leopardstown"	"Mortal (IRE)"	"5.50"	"7.4"	"Handicap Chase"	"4"	"8"	"Brown, O R"	"OBrien, Joseph Patrick"
"14:10:00"	"2020-02-28"	"Newbury"	"Iconic Muddle"	"2.75"	"4"	"Handicap Hurdle"	"2"	"14"	"Houlihan, Niall F"	"Moore, Gary and Josh"
"16:40:00"	"2020-02-23"	"Naas"	"Bythesametoken (IRE)"	"4.00"	"5.5"	"Handicap Hurdle"	"4"	"22"	"Brouder, Gavin"	"OSullivan, Ross"
"14:52:00"	"2020-02-22"	"Fairyhouse"	"Allez Kal (IRE)"	"16.00"	"30"	"Handicap Hurdle"	"10"	"12"	"McNamara, Conor"	"Barcoe, James M"
"12:30:00"	"2020-02-21"	"Newcastle"	"Show Promise"	"1.50"	"2.7"	"NH Flat"	"7"	"9"	"Shanahan, William T"	"Kirby, P A"
"16:25:00"	"2020-02-20"	"Thurles"	"Knockraha Boss (IRE)"	"8.00"	"12.5"	"Handicap Hurdle"	"2"	"12"	"Lalor, Miss E A"	"Foley, Richard Anthony"
"15:15:00"	"2020-02-19"	"Punchestown"	"Mary Frances (IRE)"	"9.00"	"12.24"	"Handicap Hurdle"	"1"	"16"	"Landers, Cathal A"	"Hassett, Martin"
"15:00:00"	"2020-02-18"	"Musselburgh"	"Titus Bolt (IRE)"	"8.00"	"10.5"	"Handicap Hurdle"	"4"	"14"	"Lynn, Bruce"	"Jardine, I"
"16:45:00"	"2020-02-10"	"Plumpton"	"Shadows Girl"	"2.75"	"4.1"	"Handicap Hurdle"	"2"	"7"	"Price, Charlie"	"Llewellyn, B J"
"13:50:00"	"2020-02-08"	"Newbury"	"One For The Team"	"4.00"	"5.4"	"Handicap Hurdle"	"1"	"9"	"Williams, Chester"	"Williams, Nick"
"13:30:00"	"2020-02-08"	"Warwick"	"Sir Egbert"	"9.00"	"12.5"	"Handicap Hurdle"	"6"	"12"	"OBrien, Mr T M"	"Lacey, T"
"14:15:00"	"2020-02-06"	"Thurles"	"Yarraman (IRE)"	"33.00"	"179.55"	"Maiden Hurdle"	"10"	"18"	"Brouder, Gavin"	"Flynn, Patrick J"
"13:45:00"	"2020-02-06"	"Thurles"	"Brog Ahaon (IRE)"	"3.50"	"5.26"	"Handicap Chase"	"3"	"10"	"OKeeffe, Sean F"	"McCabe, Moses"
"16:35:00"	"2020-02-04"	"Sedgefield"	"Pc Dixon"	"9.00"	"11.56"	"Handicap Chase"	"6"	"9"	"Wadge, Cameron"	"Thompson, V"
"15:10:00"	"2020-02-02"	"Taunton"	"Sweet Adare (IRE)"	"2.25"	"3.45"	"Novices Hurdle"	"2"	"9"	"Austin, Edward"	"Dartnall, V R A"
"12:55:00"	"2020-02-02"	"Leopardstown"	"Tara Dylan (IRE)"	"66.00"	"260"	"Handicap Hurdle"	"14"	"27"	"Brouder, Gearoid"	"Mullins, Thomas"
"16:10:00"	"2020-01-30"	"Limerick"	"Lotus Hill (IRE)"	"6.50"	"8.62"	"Handicap Hurdle"	"6"	"14"	"OKeeffe, Sean F"	"Nolan, Paul"
"14:35:00"	"2020-01-30"	"Limerick"	"Isabels Gold (IRE)"	"5.00"	"6.4"	"Handicap Hurdle"	"10"	"13"	"Torrens, Simon"	"Queally, John"
"14:20:00"	"2020-01-30"	"Wincanton"	"Cyclop (IRE)"	"16.00"	"24"	"Handicap Chase"	"PU"	"12"	"Tudor, Jack"	"Dennis, David"
"12:55:00"	"2020-01-30"	"Limerick"	"Oscar Lantern (IRE)"	"6.00"	"7.02"	"Claimer Hurdle"	"3"	"6"	"McNamara, Conor"	"McNamara, E"
"15:40:00"	"2020-01-28"	"Newcastle"	"Top Billing"	"33.00"	"67.82"	"Handicap Hurdle"	"4"	"9"	"Elliot, Josie"	"Richards, N G"
"14:20:00"	"2020-01-28"	"Down Royal"	"Reine Fee (IRE)"	"4.50"	"6.6"	"Handicap Hurdle"	"2"	"17"	"Hand, D J"	"Crawley, Shane"
"14:50:00"	"2020-01-26"	"Fontwell"	"The Mighty Ash (IRE)"	"11.00"	"14.86"	"Handicap Chase"	"PU"	"10"	"Legg, Michael"	"Shaw, Mrs F M"
"15:55:00"	"2020-01-25"	"Fairyhouse"	"Deal With It"	"8.00"	"12"	"Handicap Hurdle"	"7"	"9"	"Morgan, Hugh"	"Bromhead, Henry De"
"15:00:00"	"2020-01-23"	"Gowran Park"	"Out Sam"	"16.00"	"30"	"Handicap Chase"	"11"	"18"	"OKeeffe, Sean F"	"Elliott, Gordon"
"14:25:00"	"2020-01-23"	"Gowran Park"	"Revelyn Pleasure (IRE)"	"4.00"	"5.64"	"Handicap Hurdle"	"7"	"10"	"Brouder, Gavin"	"OBrien, Sean O"
"14:40:00"	"2020-01-18"	"Haydock"	"Prime Venture (IRE)"	"7.50"	"9.6"	"Handicap Chase"	"F"	"10"	"Williams, Isabel"	"Williams, Evan"
"13:10:00"	"2020-01-17"	"Chepstow"	"Alminar (IRE)"	"4.00"	"5.38"	"Handicap Chase"	"1"	"10"	"Buckley, Kieran"	"Hawke, N J"
"15:05:00"	"2020-01-15"	"Punchestown"	"Tokyo Getaway (IRE)"	"3.50"	"5.7"	"Handicap Hurdle"	"1"	"12"	"McNamara, Conor"	"Cromwell, Gavin Patrick"
"14:50:00"	"2020-01-15"	"Newbury"	"Eddiemaurice (IRE)"	"3.00"	"4.13"	"Handicap Hurdle"	"1"	"10"	"Tudor, Jack"	"Flint, J L"
"14:35:00"	"2020-01-15"	"Punchestown"	"Empire Burleque (IRE)"	"12.00"	"16.5"	"Handicap Novices Hurdle"	"9"	"12"	"Brogan, Kevin"	"Elliott, Gordon"
"14:50:00"	"2020-01-14"	"Fairyhouse"	"Fr Gilligansvoyge"	"16.00"	"17.32"	"Handicap Hurdle"	"PU"	"15"	"Landers, Cathal A"	"Carr, John G"
"15:45:00"	"2020-01-13"	"Lingfield"	"Shimba Hills"	"11.00"	"18.19"	"Handicap Hurdle"	"1"	"12"	"Marshall, Miss I"	"Hill,Mrs Lawney "
"15:35:00"	"2020-01-11"	"Warwick"	"Special Acceptance"	"25.00"	"30.8"	"Handicap Hurdle"	"9"	"14"	"Tudor, Jack"	"Webber, P R"
"14:50:00"	"2020-01-11"	"Wetherby"	"West To The Bridge (IRE)"	"11.00"	"18.53"	"Handicap Hurdle"	"1"	"12"	"Marshall, William"	"Skelton, Daniel"
"14:15:00"	"2020-01-11"	"Wetherby"	"Azzuri"	"25.00"	"34"	"Handicap Chase"	"5"	"5"	"Marshall, William"	"Skelton, Daniel"
"15:05:00"	"2020-01-09"	"Clonmel"	"Port Rashid (IRE)"	"7.00"	"8.77"	"Handicap Chase"	"5"	"7"	"OBrien, Mr E P"	"Townend, Timothy"
"12:20:00"	"2020-01-04"	"Cork"	"Randalls Ur Poet (IRE)"	"10.00"	"15.03"	"Novices Hurdle"	"4"	"6"	"Browne, Barry"	"Fahey, Seamus"
"14:55:00"	"2020-01-01"	"Tramore"	"Bridge Native (IRE)"	"8.00"	"12"	"Novices Chase"	"1"	"8"	"Orr, Conor"	"Love, Mrs D A"
"14:55:00"	"2020-01-01"	"Tramore"	"Bee A Beneficiary (IRE)"	"7.00"	"8.2"	"Novices Chase"	"3"	"8"	"Foley, Barry"	"Queally, Declan"
"12:10:00"	"2019-12-29"	"Leopardstown"	"Charlie Stout (IRE)"	"14.00"	"25"	"Handicap Chase"	"CO"	"15"	"OConnell, Mr E J"	"Nolan, Shane"
"15:05:00"	"2019-12-28"	"Catterick"	"Aptly Put (IRE)"	"12.00"	"16"	"Handicap Hurdle"	"9"	"11"	"Jones, Charlotte"	"Moffatt, James"
"14:50:00"	"2019-12-28"	"Limerick"	"Drumacoo (IRE)"	"16.00"	"19.25"	"Handicap Chase"	"7"	"16"	"Ryan, Trevor"	"Hourigan, Michael"
"14:15:00"	"2019-12-28"	"Limerick"	"Spancil Hill (IRE)"	"33.00"	"46"	"Handicap Hurdle"	"4"	"13"	"Landers, Cathal A"	"McDonagh, Michael J"
"14:55:00"	"2019-12-27"	"Leopardstown"	"Solomn Grundy (IRE)"	"16.00"	"18.5"	"Handicap Chase"	"7"	"27"	"Morgan, Hugh"	"Bromhead, Henry De"
"14:20:00"	"2019-12-27"	"Leopardstown"	"Tara Dylan (IRE)"	"50.00"	"231.03"	"Handicap Hurdle"	"12"	"25"	"Brouder, Gearoid"	"Mullins, Thomas"
"14:20:00"	"2019-12-27"	"Leopardstown"	"Golden Spear"	"33.00"	"134.79"	"Handicap Hurdle"	"23"	"25"	"OConnell, Mr E J"	"Martin, A J"
"12:50:00"	"2019-12-27"	"Limerick"	"Rightback Atya (IRE)"	"20.00"	"23.14"	"Handicap Chase"	"PU"	"15"	"OSullivan, James"	"Rothwell, P J"
"14:15:00"	"2019-12-26"	"Market Rasen"	"Zerachiel (IRE)"	"9.00"	"13.26"	"Handicap Chase"	"PU"	"9"	"Todd, C J"	"Williams, Ian"
"12:15:00"	"2019-12-26"	"Fontwell"	"Jubilympics"	"1.38"	"2.49"	"Handicap Hurdle"	"2"	"9"	"Jones, Ben R"	"Lavelle, Miss E C"
"12:15:00"	"2019-12-26"	"Fontwell"	"Fu Fu"	"4.50"	"6.6"	"Handicap Hurdle"	"7"	"9"	"Tudor, Jack"	"Walford, Robert"
"14:05:00"	"2019-12-21"	"Haydock"	"Dell Arca (IRE)"	"16.00"	"21.52"	"Handicap Hurdle"	"PU"	"8"	"Gillard, Fergus"	"Pipe, D E"
"13:55:00"	"2019-12-16"	"Naas"	"Crack On Corrie (IRE)"	"5.50"	"7"	"Handicap Hurdle"	"6"	"25"	"Ryan, Trevor"	"Austin, W J"
"12:30:00"	"2019-12-16"	"Ffos Las"	"Ring The Moon"	"4.50"	"6.46"	"Handicap Hurdle"	"2"	"11"	"Williams, Isabel"	"Williams, Evan"
"13:35:00"	"2019-12-14"	"Doncaster"	"Speed Company (IRE)"	"3.50"	"5"	"Handicap Hurdle"	"5"	"8"	"Todd, C J"	"Williams, Ian"
"13:40:00"	"2019-12-07"	"Wetherby"	"Nuts Well"	"2.25"	"3.66"	"Handicap Chase"	"1"	"5"	"McMenamin, Daniel"	"Hamilton, Mrs A"
"12:55:00"	"2019-12-07"	"Chepstow"	"Blackjack Kentucky (IRE)"	"0.83"	"1.86"	"Novices Hurdle"	"2"	"8"	"OFarrell, Miss K"	"Nicholls, P F"
"15:15:00"	"2019-12-05"	"Wincanton"	"Spring Steel (IRE)"	"66.00"	"121.34"	"Handicap Chase"	"9"	"10"	"Gillard, Fergus"	"Dunn, Mrs Alex"
"14:50:00"	"2019-12-05"	"Market Rasen"	"Our Uncle Pat (IRE)"	"4.50"	"6.2"	"Handicap Hurdle"	"6"	"10"	"Stones, Lewis"	"Murphy, Olly"
"12:20:00"	"2019-12-05"	"Wincanton"	"Cottonvale (IRE)"	"50.00"	"130"	"Handicap Novices Hurdle"	"10"	"14"	"Tudor, Jack"	"Williams, Christian"
"15:10:00"	"2019-12-01"	"Fairyhouse"	"Morga (IRE)"	"50.00"	"124.39"	"Handicap Hurdle"	"7"	"15"	"McNamara, Conor"	"McDonogh, Desmond"
"13:20:00"	"2019-11-30"	"Bangor"	"Cave Top (IRE)"	"14.00"	"18"	"Handicap Chase"	"PU"	"8"	"Glassonbury, Mr Edward"	"Greenall, O / Guerriero, J"
"14:45:00"	"2019-11-29"	"Limerick"	"Lagenod (IRE)"	"4.00"	"5.5"	"Handicap Hurdle"	"3"	"14"	"OBrien, Mr E P"	"Sweeney, Rodger"
"13:40:00"	"2019-11-29"	"Limerick"	"The Shunter (IRE)"	"4.50"	"5.58"	"Novices Hurdle"	"4"	"9"	"Torrens, Simon"	"Clifford, John O"
"14:50:00"	"2019-11-23"	"Huntingdon"	"Peters Portrait (IRE)"	"3.50"	"5.01"	"Handicap Hurdle"	"5"	"9"	"Buckley, Tom"	"Longsdon, C E"
"13:30:00"	"2019-11-23"	"Ascot"	"Rosy World"	"3.50"	"5.26"	"Handicap Hurdle"	"7"	"11"	"Godfrey, Ben"	"Smith, Miss Suzy"
"13:05:00"	"2019-11-23"	"Huntingdon"	"Thaqaffa (IRE)"	"18.00"	"24"	"Handicap Hurdle"	"7"	"9"	"Barry, Lucy K"	"Murphy, Amy"
"14:30:00"	"2019-11-21"	"Thurles"	"Spancil Hill (IRE)"	"33.00"	"84.06"	"Handicap Hurdle"	"12"	"17"	"McDonagh, Mark M"	"McDonagh, Michael J"
"13:45:00"	"2019-11-20"	"Chepstow"	"Accordingtogino (IRE)"	"5.00"	"5.94"	"Handicap Hurdle"	"2"	"12"	"Marshall, William"	"Skelton, Daniel"
"13:30:00"	"2019-11-18"	"Plumpton"	"Flanagans Field (IRE)"	"2.75"	"4.1"	"Handicap Seller Hurdle"	"1"	"10"	"Price, Charlie"	"Llewellyn, B J"
"12:45:00"	"2019-11-17"	"Cheltenham"	"Valhalla (IRE)"	"18.00"	"33.9"	"Handicap Hurdle"	"F"	"16"	"Kimber, Harry"	"Tizzard, C L"
"15:10:00"	"2019-11-16"	"Punchestown"	"Treacysenniscorthy (IRE)"	"4.00"	"5.08"	"Handicap Hurdle"	"1"	"21"	"Brouder, Mr K J"	"Widger, Robert"
"15:50:00"	"2019-11-14"	"Sedgefield"	"Cousin Oscar (IRE)"	"14.00"	"17.31"	"Handicap Hurdle"	"4"	"11"	"Gillard, Mr T"	"McCain Jnr, D"
"12:50:00"	"2019-11-07"	"Thurles"	"Flamingos Court (IRE)"	"20.00"	"32"	"Beginners Chase"	"UR"	"16"	"Maxwell, Dillon"	"McNamara, Andrew"
"15:40:00"	"2019-11-05"	"Exeter"	"Kahdian (IRE)"	"50.00"	"260.01"	"Handicap Hurdle"	"6"	"18"	"Cowley, Patrick"	"Barr, Brian"
"14:20:00"	"2019-11-01"	"Down Royal"	"Bracka Lily (IRE)"	"16.00"	"21"	"Handicap Hurdle"	"8"	"20"	"Brogan, Kevin"	"Kelly, Noel C"
"16:15:00"	"2019-10-31"	"Clonmel"	"Shes Made It (IRE)"	"3.50"	"4.78"	"Handicap Hurdle"	"2"	"14"	"OConnor, Miss A B"	"Roche, Padraig"
"16:15:00"	"2019-10-31"	"Clonmel"	"Thats Mypresenting (IRE)"	"50.00"	"160"	"Handicap Hurdle"	"6"	"14"	"Hannon, Mr J W"	"Barry, J R"
"16:15:00"	"2019-10-31"	"Clonmel"	"Glebe Girl (IRE)"	"16.00"	"27"	"Handicap Hurdle"	"10"	"14"	"Cronin, W T"	"Walsh, John J"
"14:40:00"	"2019-10-31"	"Clonmel"	"Holy Motivation (IRE)"	"8.00"	"10"	"Handicap Hurdle"	"5"	"8"	"Brogan, Kevin"	"Elliott, Gordon"
"14:05:00"	"2019-10-31"	"Clonmel"	"Alice Johnston (IRE)"	"7.00"	"10"	"Handicap Hurdle"	"3"	"18"	"Kelly, Aidan"	"Roche, Padraig"
"15:15:00"	"2019-10-26"	"Galway"	"Stormey (IRE)"	"14.00"	"27.69"	"Novices Chase"	"6"	"12"	"Morgan, Hugh"	"Mahon, S J"
"16:25:00"	"2019-10-24"	"Southwell"	"Agentleman (IRE)"	"20.00"	"24"	"Handicap Hurdle"	"5"	"7"	"Yeoman, Kane"	"Winks, P"
"15:15:00"	"2019-10-23"	"Fontwell"	"Reallyradical (IRE)"	"2.00"	"3.51"	"Handicap Chase"	"2"	"7"	"Morgan, Luca"	"Gordon, C"
"17:25:00"	"2019-10-20"	"Cork"	"Celine Soprano (IRE)"	"7.00"	"11"	"NH Flat"	"2"	"8"	"Cronin, W T"	"Cronin, Patrick"
"15:10:00"	"2019-10-20"	"Cork"	"Doldido (IRE)"	"5.50"	"7.2"	"Handicap Hurdle"	"5"	"14"	"Torrens, Simon"	"Winters, Michael"
"16:35:00"	"2019-10-13"	"Limerick"	"Black Scorpion (IRE)"	"7.00"	"8.76"	"Handicap Chase"	"PU"	"16"	"McNamara, Conor"	"McNamara, E"
"16:00:00"	"2019-10-10"	"Exeter"	"Hot Ryan"	"4.00"	"5.27"	"Handicap Novices Hurdle"	"2"	"10"	"Carver, Bryan"	"Pipe, D E"
"17:00:00"	"2019-10-05"	"Gowran Park"	"Freewheelin Dylan (IRE)"	"6.00"	"8.8"	"Handicap Chase"	"2"	"9"	"Doyle, R A"	"McLoughlin, D A"
"14:25:00"	"2019-10-04"	"Fontwell"	"Doing Fine (IRE)"	"3.50"	"5.2"	"Handicap Chase"	"1"	"6"	"Donovan, Philip"	"Mulholland, N P"
"18:10:00"	"2019-09-20"	"Ballinrobe"	"Ard Na Carraig"	"33.00"	"58.37"	"Chase"	"3"	"5"	"Browne, Barry"	"McKiernan, Oliver"
"16:45:00"	"2019-09-20"	"Newton Abbot"	"Guerrilla Tactics (IRE)"	"6.00"	"8.8"	"Handicap Hurdle"	"2"	"7"	"Carver, Bryan"	"Scott, J"
"18:15:00"	"2019-09-16"	"Galway"	"Stormey (IRE)"	"16.00"	"26"	"Beginners Chase"	"2"	"14"	"OKeeffe, Sean F"	"Mahon, S J"
"14:50:00"	"2019-09-16"	"Worcester"	"Poker School (IRE)"	"4.00"	"6.71"	"Handicap Chase"	"6"	"6"	"Todd, C J"	"Williams, Ian"
"17:10:00"	"2019-09-14"	"Listowel"	"Father Jed (IRE)"	"5.00"	"6.87"	"Handicap Chase"	"3"	"9"	"OBrien, Mr E P"	"Ryan, John Patrick"
"16:50:00"	"2019-09-13"	"Listowel"	"Gangsters Paradise (IRE)"	"25.00"	"72.7"	"Maiden Hurdle"	"6"	"14"	"Brouder, Mr K J"	"OConnor, Ian"
"16:10:00"	"2019-09-09"	"Perth"	"An Fear Ciuin (IRE)"	"20.00"	"27"	"Handicap Hurdle"	"9"	"12"	"Shanahan, William T"	"Smith, R Michael"
"17:50:00"	"2019-09-06"	"Kilbeggan"	"Humps And Bumps (IRE)"	"6.50"	"8.44"	"Handicap Hurdle"	"4"	"15"	"Cullinan, Mr C"	"Croke, Peter"
"17:30:00"	"2019-09-05"	"Clonmel"	"Bellgrove (IRE)"	"14.00"	"24"	"Handicap Hurdle"	"9"	"14"	"ONeill, Mr P J"	"Cloke, P M"
"14:30:00"	"2019-09-05"	"Sedgefield"	"Mac Cennetig (IRE)"	"4.00"	"5.37"	"Handicap Novices Chase"	"3"	"4"	"Garritty, Billy"	"Hammond, Micky"
"15:25:00"	"2019-08-26"	"Downpatrick"	"Hello Pilgrim (IRE)"	"7.00"	"10"	"Handicap Hurdle"	"3"	"10"	"Doyle, R A"	"Bowe, Colin"
"15:25:00"	"2019-08-26"	"Downpatrick"	"Maureens Star (IRE)"	"33.00"	"80"	"Handicap Hurdle"	"9"	"10"	"Torrens, Simon"	"Lennon, Liam"
"19:25:00"	"2019-08-23"	"Killarney"	"Nearly Namad (IRE)"	"20.00"	"62.21"	"Handicap Chase"	"F"	"11"	"Torrens, Simon"	"Leahy, Augustine"
"19:15:00"	"2019-08-20"	"Sligo"	"Dawn Raider (IRE)"	"5.50"	"7.75"	"Handicap Hurdle"	"2"	"9"	"Cawley, Paul J"	"Kelly, Patrick G"
"14:50:00"	"2019-08-18"	"Southwell"	"Bazooka (IRE)"	"18.00"	"21.37"	"Novices Chase"	"5"	"6"	"Bastyan, Mitchell S"	"Flood, D"
"18:00:00"	"2019-08-17"	"Market Rasen"	"Ballycrystal Court (IRE)"	"7.50"	"10"	"Handicap Novices Chase"	"1"	"7"	"Moscrop, Nathan"	"Menzies, Rebecca"
"17:00:00"	"2019-08-17"	"Market Rasen"	"Tempuran"	"6.00"	"8"	"Seller Hurdle"	"5"	"12"	"OShea, Adam"	"Ralph, Alastair"
"19:35:00"	"2019-08-16"	"Tramore"	"Jessamine (IRE)"	"6.00"	"8.82"	"Handicap Hurdle"	"5"	"8"	"Orr, Conor"	"Flynn, Patrick J"
"17:30:00"	"2019-08-16"	"Tramore"	"Theatre Run (IRE)"	"10.00"	"17.94"	"Handicap Chase"	"7"	"14"	"Holden, Daniel P"	"Cahill, Mark"
"18:45:00"	"2019-08-15"	"Tramore"	"Mr Picotee (IRE)"	"20.00"	"30"	"Handicap Hurdle"	"PU"	"10"	"OKeeffe, Sean F"	"Halley, Vincent Laurence"
"18:35:00"	"2019-08-10"	"Kilbeggan"	"Randalls Aoibhinn (IRE)"	"33.00"	"55"	"Handicap Hurdle"	"9"	"15"	"Treacy, R P"	"Fahey, Seamus"
"14:20:00"	"2019-08-05"	"Cork"	"Glebe Girl (IRE)"	"10.00"	"15.98"	"Maiden Hurdle"	"3"	"21"	"McCurtin, Ambrose"	"Walsh, John J"
"20:00:00"	"2019-07-30"	"Perth"	"Prince Charmin (IRE)"	"5.50"	"7"	"Handicap Hurdle"	"8"	"11"	"Price, Charlie"	"Vaughan, Tim"
"17:55:00"	"2019-07-30"	"Galway"	"Stormey (IRE)"	"25.00"	"36"	"Beginners Chase"	"2"	"17"	"Brouder, Mr K J"	"Mahon, S J"
"17:55:00"	"2019-07-29"	"Galway"	"The Irregular (IRE)"	"33.00"	"71.82"	"Handicap Hurdle"	"18"	"20"	"Cawley, Paul J"	"Hogan, Denis Gerard"
"15:10:00"	"2019-07-26"	"Uttoxeter"	"Minella Mojo (IRE)"	"4.00"	"5.2"	"Handicap Novices Hurdle"	"4"	"6"	"Carver, Bryan"	"Down, C J"
"19:10:00"	"2019-07-23"	"Southwell"	"Throckley"	"14.00"	"19.96"	"Novices Seller Hurdle"	"2"	"10"	"Price, Charlie"	"Price, Katy"
"18:40:00"	"2019-07-23"	"Southwell"	"Agentleman (IRE)"	"12.00"	"14"	"Handicap Chase"	"4"	"8"	"Yeoman, Kane"	"Winks, P"
"15:20:00"	"2019-07-22"	"Cartmel"	"Perseid (IRE)"	"16.00"	"30"	"Handicap Hurdle"	"6"	"9"	"McMenamin, Daniel"	"Butterworth, Mrs B"
"17:35:00"	"2019-07-21"	"Newton Abbot"	"Skinflint (IRE)"	"2.00"	"3.21"	"Handicap Hurdle"	"4"	"12"	"Carver, Bryan"	"Pipe, D E"
"17:20:00"	"2019-07-21"	"Stratford"	"Alexander The Grey"	"10.00"	"14"	"Handicap Novices Chase"	"2"	"8"	"Pinchin, Miss L M"	"McPherson, Graeme P"
"15:05:00"	"2019-07-20"	"Cartmel"	"Mister Fizz"	"12.00"	"17.5"	"Handicap Hurdle"	"8"	"10"	"Edwards, Alex"	"Pickard, Miss I H"
"20:15:00"	"2019-07-19"	"Kilbeggan"	"Tesseract (IRE)"	"4.50"	"5.25"	"Handicap Chase"	"2"	"12"	"OKeeffe, Darragh"	"OBrien, Joseph Patrick"
"19:45:00"	"2019-07-19"	"Kilbeggan"	"Stoneford (IRE)"	"9.00"	"12.5"	"Beginners Chase"	"F"	"11"	"OKeeffe, Sean F"	"Meade, Noel"
"14:55:00"	"2019-07-18"	"Killarney"	"Archers Up"	"3.50"	"4.8"	"Handicap Hurdle"	"8"	"8"	"McNamara, Conor"	"Cromwell, Gavin Patrick"
"19:50:00"	"2019-07-15"	"Killarney"	"Invincible Don (IRE)"	"6.00"	"7.8"	"Handicap Chase"	"2"	"12"	"OKeeffe, Sean F"	"Morrison, J"
"19:50:00"	"2019-07-15"	"Killarney"	"Cantkidakidder (IRE)"	"12.00"	"17"	"Handicap Chase"	"8"	"12"	"OSullivan, James"	"Dooly, N"
"19:20:00"	"2019-07-15"	"Killarney"	"Presenting Mahler (IRE)"	"14.00"	"24"	"Handicap Chase"	"PU"	"8"	"Quinlan, Liam"	"Ryan, John Patrick"
"17:05:00"	"2019-07-13"	"Limerick"	"Eviscerating (IRE)"	"10.00"	"14.61"	"Beginners Chase"	"4"	"16"	"Morgan, Hugh"	"OBrien, Joseph Patrick"
"16:10:00"	"2019-07-13"	"Newton Abbot"	"Cottonvale (IRE)"	"3.00"	"4.3"	"Handicap Hurdle"	"3"	"8"	"Williams, Isabel"	"Williams, Christian"
"16:10:00"	"2019-07-13"	"Newton Abbot"	"Winter Spice (IRE)"	"16.00"	"27"	"Handicap Hurdle"	"F"	"8"	"Worsley, Tabitha"	"Farrelly, Johnny"
"15:55:00"	"2019-07-13"	"Limerick"	"Allduckornodinner (IRE)"	"20.00"	"42.53"	"Handicap Hurdle"	"4"	"17"	"Sweeney, Miss E J"	"Cromwell, Gavin Patrick"
"18:45:00"	"2019-07-12"	"Cork"	"Cappacon (IRE)"	"5.50"	"7.4"	"Handicap Hurdle"	"4"	"12"	"OKeeffe, Darragh"	"McKiernan, Oliver"
"17:50:00"	"2019-07-09"	"Uttoxeter"	"Brideys Lettuce (IRE)"	"3.50"	"5.2"	"Handicap Hurdle"	"1"	"14"	"Todd, C J"	"Pogson, C T"
"17:50:00"	"2019-07-09"	"Uttoxeter"	"Infiniti (IRE)"	"5.00"	"6.61"	"Handicap Hurdle"	"2"	"14"	"Stones, Lewis"	"Leavy, B D"
"14:45:00"	"2019-07-08"	"Worcester"	"Cut The Corner (IRE)"	"4.50"	"6.33"	"Handicap Chase"	"4"	"7"	"Edwards, Alex"	"Ralph, Alastair"
"17:50:00"	"2019-07-06"	"Bellewstown"	"Mats Hall (IRE)"	"25.00"	"52.05"	"Maiden Hurdle"	"9"	"16"	"Harvey, Mr B W"	"McConnell, John C"
"20:15:00"	"2019-07-05"	"Wexford"	"Little Haarth (IRE)"	"7.00"	"10.5"	"Handicap Chase"	"3"	"11"	"Treacy, R P"	"McDonogh, Desmond"
"20:15:00"	"2019-07-05"	"Wexford"	"Tiantu (IRE)"	"6.00"	"7.4"	"Handicap Chase"	"8"	"11"	"Power, Mr P"	"Power, Paul"
"14:50:00"	"2019-07-03"	"Worcester"	"Old Pride (IRE)"	"4.00"	"5.25"	"Handicap Chase"	"2"	"11"	"Edwards, Alex"	"Ralph, Alastair"
"17:10:00"	"2019-06-28"	"Cartmel"	"Sleepy Haven (IRE)"	"6.00"	"8.39"	"Handicap Hurdle"	"4"	"9"	"Carver, Bryan"	"Candlish, Jennie"
"20:30:00"	"2019-06-25"	"Newton Abbot"	"Excellent Team"	"50.00"	"84.47"	"Handicap Hurdle"	"4"	"11"	"Tucker, Miss H C"	"Blake, Michael"
"16:55:00"	"2019-06-23"	"Hexham"	"Shimla Dawn (IRE)"	"4.00"	"5.45"	"Handicap Chase"	"6"	"8"	"Todd, Emma"	"Walford, Mark"
"20:00:00"	"2019-06-19"	"Wexford"	"The Irregular (IRE)"	"14.00"	"25"	"Handicap Chase"	"4"	"10"	"Ryan, Trevor"	"Hogan, Denis Gerard"
"18:00:00"	"2019-06-19"	"Wexford"	"Cash Me Outside (IRE)"	"0.57"	"1.62"	"Maiden Hurdle"	"1"	"14"	"OKeeffe, Sean F"	"Nolan, Paul"
"17:25:00"	"2019-06-15"	"Downpatrick"	"Maureens Star (IRE)"	"10.00"	"13"	"Handicap Chase"	"9"	"12"	"Short, Adam W"	"Lennon, Liam"
"15:55:00"	"2019-06-15"	"Hexham"	"Only Orsenfoolsies"	"1.75"	"2.92"	"Handicap Hurdle"	"1"	"5"	"Garritty, Billy"	"Hammond, Micky"
"15:55:00"	"2019-06-15"	"Hexham"	"Cairnshill (IRE)"	"2.00"	"4.1"	"Handicap Hurdle"	"2"	"5"	"McMenamin, Daniel"	"Johnson, Kenny"
"15:40:00"	"2019-06-15"	"Downpatrick"	"Greenandwhitearmy (IRE)"	"11.00"	"12.94"	"Handicap Hurdle"	"UR"	"13"	"Doyle, R A"	"McKnight, Neil"
"17:55:00"	"2019-06-14"	"Aintree"	"River Icon"	"3.00"	"5.03"	"Handicap Hurdle"	"2"	"6"	"Lynn, Bruce"	"Jardine, I"
"17:55:00"	"2019-06-14"	"Aintree"	"Sky Khan"	"5.00"	"7.65"	"Handicap Hurdle"	"6"	"6"	"Willmott, Thomas"	"Russell, Miss Lucinda V"
"16:40:00"	"2019-06-12"	"Fontwell"	"Legal Ok (IRE)"	"3.00"	"4.79"	"Handicap Chase"	"4"	"9"	"York, Mr P"	"York, P"
"14:10:00"	"2019-06-12"	"Fontwell"	"Black Lightning (IRE)"	"3.00"	"4.57"	"Handicap Hurdle"	"1"	"10"	"Worsley, Tabitha"	"Gifford, N J"
"19:10:00"	"2019-06-11"	"Roscommon"	"Goodnightngodbless (IRE)"	"5.00"	"7"	"Handicap Hurdle"	"1"	"16"	"OKeeffe, Darragh"	"Motherway, J"
"18:15:00"	"2019-06-07"	"Clonmel"	"Caileans Angel (IRE)"	"4.00"	"5"	"Handicap Hurdle"	"6"	"11"	"Brouder, Mr K J"	"Gallagher, E F"
"18:10:00"	"2019-06-06"	"Ffos Las"	"Jaunty Flyer"	"2.50"	"4.27"	"Handicap Novices Chase"	"PU"	"6"	"Brace, Connor"	"Vaughan, Tim"
"15:20:00"	"2019-06-03"	"Listowel"	"Madaboy Cross (IRE)"	"8.00"	"11.11"	"Handicap Hurdle"	"6"	"17"	"Brouder, Mr K J"	"OConnor, Thomas P"
"14:25:00"	"2019-06-01"	"Tramore"	"Star Of Oscar (IRE)"	"2.00"	"3.21"	"Maiden Hurdle"	"3"	"10"	"Healy, Mr C M"	"Doyle, Eoin"
"20:05:00"	"2019-05-31"	"Tramore"	"Littlestickarubarb (IRE)"	"4.00"	"5.1"	"Handicap Hurdle"	"4"	"11"	"Walsh, E"	"Winters, Michael"
"19:40:00"	"2019-05-30"	"Limerick"	"Miss Sassie (IRE)"	"14.00"	"22.53"	"Chase"	"3"	"5"	"OKeeffe, Sean F"	"Nolan, Paul"
"18:35:00"	"2019-05-30"	"Limerick"	"The Big Lense (IRE)"	"6.00"	"8.12"	"Handicap Hurdle"	"5"	"11"	"Brogan, Kevin"	"Elliott, Gordon"
"20:45:00"	"2019-05-29"	"Warwick"	"Three Colours Red (IRE)"	"10.00"	"12.43"	"Handicap Hurdle"	"1"	"7"	"Winstone, Mr Morgan"	"Vaughan, Tim"
"18:35:00"	"2019-05-29"	"Warwick"	"Definately Vinnie"	"3.00"	"4.4"	"Handicap Novices Chase"	"2"	"7"	"Williams, Lorcan"	"Mathias, Miss Jane"
"19:30:00"	"2019-05-28"	"Ballinrobe"	"Cliff House (IRE)"	"5.50"	"6.79"	"Beginners Chase"	"2"	"15"	"Landers, Cathal A"	"Love, Mrs D A"
"18:30:00"	"2019-05-28"	"Ballinrobe"	"Lizzies Champ (IRE)"	"40.00"	"168.97"	"Handicap Hurdle"	"F"	"16"	"Short, Adam W"	"Kelly, Patrick G"
"20:15:00"	"2019-05-27"	"Ballinrobe"	"Draycott Place (IRE)"	"8.00"	"9.48"	"Handicap Chase"	"1"	"9"	"Quinlan, Liam"	"Ryan, John Patrick"
"19:45:00"	"2019-05-27"	"Ballinrobe"	"Banjo (IRE)"	"14.00"	"19.5"	"Handicap Hurdle"	"5"	"16"	"Doyle, R A"	"Cullen, D W"
"15:05:00"	"2019-05-26"	"Kelso"	"Beeno (IRE)"	"5.00"	"6"	"Handicap Hurdle"	"5"	"6"	"McMenamin, Daniel"	"Sayer, Mrs Dianne"
"20:05:00"	"2019-05-25"	"Ffos Las"	"Nabhan"	"6.00"	"7.6"	"Handicap Hurdle"	"2"	"7"	"Williams, Jordan"	"Llewellyn, B J"
"18:35:00"	"2019-05-25"	"Ffos Las"	"Jonagold"	"3.50"	"5.94"	"Handicap Chase"	"3"	"5"	"Bastyan, Mitchell S"	"Williams, Evan"
"20:40:00"	"2019-05-24"	"Worcester"	"Western Sunrise (IRE)"	"12.00"	"17.5"	"Handicap Hurdle"	"8"	"8"	"Morgan, Luca"	"Farrelly, Johnny"
"18:10:00"	"2019-05-24"	"Worcester"	"Nikki Steel (IRE)"	"2.25"	"3.4"	"Handicap Chase"	"UR"	"8"	"Thorne, Alexander"	"Newland, Dr R D P"
"20:15:00"	"2019-05-22"	"Southwell"	"Love The Leader (IRE)"	"22.00"	"50"	"Handicap Hurdle"	"5"	"8"	"Morgan, Luca"	"Farrelly, Johnny"
"20:15:00"	"2019-05-16"	"Clonmel"	"Whatsinthecorner (IRE)"	"2.75"	"3.62"	"Handicap Hurdle"	"2"	"12"	"Hamilton, Mr T"	"Hanlon, John Joseph"
"14:40:00"	"2019-05-14"	"Sedgefield"	"Ringaringarosie (IRE)"	"8.50"	"12.5"	"Handicap Chase"	"1"	"7"	"Willmott, Thomas"	"Todhunter, M"
"16:45:00"	"2019-05-11"	"Cork"	"Naturally Blond (IRE)"	"16.00"	"27.78"	"Handicap Hurdle"	"15"	"17"	"Cronin, W T"	"Cronin, Patrick"
"14:00:00"	"2019-05-11"	"Haydock"	"No Hassle Hoff (IRE)"	"3.33"	"4.71"	"Handicap Hurdle"	"5"	"9"	"Marshall, William"	"Skelton, Daniel"
"18:10:00"	"2019-05-09"	"Tipperary"	"Courtin Bb (IRE)"	"7.00"	"8.7"	"Handicap Hurdle"	"8"	"18"	"OKeeffe, Sean F"	"Duffy, Patrick J"
"16:45:00"	"2019-05-09"	"Worcester"	"Little Millie (IRE)"	"3.00"	"4.4"	"Handicap Hurdle"	"8"	"13"	"Dingle, Rex"	"King, N B"
"19:10:00"	"2019-05-07"	"Ballinrobe"	"Miss Mcilroy (IRE)"	"25.00"	"65"	"Handicap Hurdle"	"PU"	"16"	"Flaherty, Mr A J"	"Lynch, G T"
"18:50:00"	"2019-05-07"	"Exeter"	"Get Wishing (IRE)"	"5.00"	"6.53"	"Handicap Hurdle"	"4"	"14"	"Stock, Mr H"	"Dartnall, V R A"
"15:35:00"	"2019-05-07"	"Ayr"	"Court Dreaming (IRE)"	"2.13"	"3.5"	"Handicap Hurdle"	"3"	"7"	"McMenamin, Daniel"	"Richards, N G"
"14:45:00"	"2019-05-06"	"Down Royal"	"Oromo (IRE)"	"2.50"	"4.11"	"Handicap Hurdle"	"2"	"17"	"McGuinness, Luke"	"Thornton, Karl"
"14:10:00"	"2019-05-06"	"Down Royal"	"Calicojack (IRE)"	"1.25"	"2.32"	"Maiden Hurdle"	"1"	"20"	"Walsh, E"	"Meade, Noel"
"14:10:00"	"2019-05-06"	"Down Royal"	"Batts Rock (IRE)"	"2.25"	"3.65"	"Maiden Hurdle"	"3"	"20"	"Brogan, Kevin"	"Elliott, Gordon"
"17:35:00"	"2019-05-04"	"Punchestown"	"Swamp Fox (IRE)"	"50.00"	"255.43"	"Handicap Hurdle"	"12"	"25"	"Browne, Barry"	"Murphy, Joseph G"
"18:05:00"	"2019-05-02"	"Punchestown"	"Agent Boru (IRE)"	"50.00"	"207.43"	"Handicap Hurdle"	"14"	"23"	"OKeeffe, Sean F"	"Gibney, Thomas"
"16:55:00"	"2019-04-30"	"Punchestown"	"Man Of Plenty"	"16.00"	"29"	"Handicap Hurdle"	"11"	"12"	"Brace, Connor"	"Leech, Mrs S"
"19:20:00"	"2019-04-26"	"Bangor"	"Angels Antics"	"2.75"	"4.1"	"Handicap Chase"	"4"	"7"	"Baker, Mr Z"	"Twiston-Davies, N A"
"19:10:00"	"2019-04-26"	"Kilbeggan"	"Gracemount (IRE)"	"2.50"	"4.16"	"Beginners Chase"	"1"	"10"	"Dunne, H D"	"Doyle, Sean Thomas"
"19:00:00"	"2019-04-26"	"Chepstow"	"Flints Legacy"	"12.00"	"13.27"	"Handicap Hurdle"	"5"	"18"	"Buckley, Tom"	"Hawke, N J"
"16:40:00"	"2019-04-26"	"Bangor"	"Lickpenny Larry"	"10.00"	"14.21"	"Handicap Chase"	"5"	"7"	"Leonard, Cillin"	"Gretton, T R "
"16:05:00"	"2019-04-25"	"Perth"	"Carrolls Milan (IRE)"	"3.00"	"4.2"	"Handicap Hurdle"	"1"	"9"	"Brace, Connor"	"OBrien, Fergal"
"19:00:00"	"2019-04-24"	"Taunton"	"Maccas Stowaway (IRE)"	"20.00"	"36.79"	"Handicap Hurdle"	"PU"	"16"	"Tucker, Miss H C"	"Bishop, K"
"17:00:00"	"2019-04-22"	"Fairyhouse"	"Monbeg Notorious (IRE)"	"66.00"	"137.89"	"Handicap Chase"	"PU"	"30"	"Brassil, C"	"Elliott, Gordon"
"16:45:00"	"2019-04-22"	"Cork"	"Billaway (IRE)"	"1.00"	"2.24"	"Hunters Chase"	"2"	"10"	"Gleeson, Mr W J"	"Mullins, W P"
"14:40:00"	"2019-04-21"	"Cork"	"Carrig Cathal"	"18.00"	"28.39"	"Beginners Chase"	"5"	"12"	"Brouder, Mr K J"	"Mahon, S J"
"13:40:00"	"2019-04-20"	"Carlisle"	"Green Zone (IRE)"	"3.50"	"5.6"	"Handicap Hurdle"	"5"	"12"	"Williamson, Joseph"	"Harrison, Miss L"
"17:30:00"	"2019-04-17"	"Cheltenham"	"Mister Fizz"	"40.00"	"86.14"	"Handicap Hurdle"	"8"	"14"	"Williams, Lorcan"	"Pickard, Miss I H"
"15:50:00"	"2019-04-16"	"Exeter"	"Plantagenet"	"14.00"	"17"	"Handicap Chase"	"F"	"11"	"Sansom, Daniel"	"Mullins, J W"
"14:40:00"	"2019-04-14"	"Stratford"	"Lerichi Belle (IRE)"	"5.50"	"6.8"	"Handicap Novices Chase"	"4"	"10"	"Austin, Edward"	"Williams, Ian"
"16:45:00"	"2019-04-13"	"Ayr"	"Quest For Life"	"12.00"	"16"	"Handicap Hurdle"	"5"	"11"	"Haigh, Mr M"	"Walford, Mark"
"14:45:00"	"2019-04-13"	"Bangor"	"Truckers Highway (IRE)"	"20.00"	"24.44"	"Handicap Chase"	"2"	"8"	"Humphries, Tom"	"Groucott, J B"
"15:40:00"	"2019-04-11"	"Limerick"	"Northern Emperor (IRE)"	"10.00"	"22.14"	"Handicap Hurdle"	"3"	"17"	"Orr, Conor"	"OBrien, V T"
"17:15:00"	"2019-04-09"	"Exeter"	"Big Time Frank (IRE)"	"7.00"	"10.5"	"Handicap Chase"	"3"	"13"	"Worsley, Tabitha"	"Gundry, Miss Polly"
"17:15:00"	"2019-04-09"	"Exeter"	"Sartorial Elegance"	"16.00"	"19.5"	"Handicap Chase"	"8"	"13"	"Godfrey, Ben"	"Tizzard, C L"
"14:10:00"	"2019-04-09"	"Exeter"	"Black Anthem (IRE)"	"6.00"	"8.11"	"Novices Seller Hurdle"	"3"	"11"	"Cowley, Patrick"	"Barr, Brian"
"14:15:00"	"2019-04-07"	"Plumpton"	"Mrs Burbidge"	"6.00"	"8.8"	"Handicap Chase"	"2"	"6"	"Donovan, Philip"	"Mulholland, N P"
"16:05:00"	"2019-04-06"	"Chepstow"	"Snuff Box (IRE)"	"5.00"	"6.83"	"Handicap Novices Chase"	"6"	"9"	"Nixon, J"	"Williams, Miss Venetia"
"17:20:00"	"2019-04-05"	"Wexford"	"Kilbarry Way (IRE)"	"7.50"	"11.6"	"Handicap Hurdle"	"5"	"13"	"OKeeffe, Darragh"	"OKeeffe, Cornelius"
"16:25:00"	"2019-04-01"	"Ludlow"	"Field Exhibition (IRE)"	"16.00"	"27.46"	"Handicap Hurdle"	"5"	"8"	"McMenamin, Daniel"	"Harris, Miss G"
"16:30:00"	"2019-03-26"	"Hereford"	"Tarrona"	"11.00"	"18.13"	"Novices Hurdle"	"2"	"6"	"Todd, C J"	"Phillips, A"
"16:25:00"	"2019-03-24"	"Downpatrick"	"Taboo (IRE)"	"16.00"	"23.18"	"Handicap Chase"	"7"	"9"	"Landers, Cathal A"	"Rothwell, P J"
"14:20:00"	"2019-03-23"	"Thurles"	"Generalisation (IRE)"	"6.00"	"7.2"	"Maiden Hurdle"	"7"	"18"	"Morgan, Hugh"	"Bromhead, Henry De"
"15:10:00"	"2019-03-21"	"Sedgefield"	"Ringaringarosie (IRE)"	"4.00"	"5.06"	"Handicap Novices Chase"	"2"	"7"	"Willmott, Thomas"	"Todhunter, M"
"17:05:00"	"2019-03-20"	"Chepstow"	"Yorgonnahearmeroar (IRE)"	"14.00"	"22.51"	"Handicap Hurdle"	"5"	"14"	"Dixon, Jason"	"Oliver, Henry"
"14:55:00"	"2019-03-18"	"Navan"	"Edelpour (IRE)"	"5.00"	"7.6"	"Handicap Hurdle"	"3"	"12"	"McNamara, Conor"	"Fleming, A"
"14:05:00"	"2019-03-17"	"Limerick"	"The Shunter (IRE)"	"6.00"	"8.24"	"Novices Hurdle"	"5"	"6"	"Gilligan, L P"	"Clifford, John O"
"15:30:00"	"2019-03-16"	"Limerick"	"Littlestickarubarb (IRE)"	"4.50"	"5.68"	"Handicap Hurdle"	"3"	"10"	"OKeeffe, Darragh"	"Winters, Michael"
"13:50:00"	"2019-03-16"	"Uttoxeter"	"Solstice Star"	"8.00"	"12"	"Handicap Hurdle"	"6"	"9"	"Hampson, Brodie"	"Keighley, M"
"15:05:00"	"2019-03-13"	"Huntingdon"	"Petronella Manners"	"8.50"	"10.52"	"Handicap Hurdle"	"8"	"10"	"Nugent, Hugh F"	"Daly, H D"
"15:50:00"	"2019-03-11"	"Plumpton"	"Jubilympics"	"8.00"	"11"	"Handicap Hurdle"	"9"	"10"	"Sansom, Daniel"	"Mullins, J W"
"15:30:00"	"2019-03-11"	"Taunton"	"Shadows Girl"	"16.00"	"22.16"	"Handicap Hurdle"	"4"	"11"	"Price, Charlie"	"Llewellyn, B J"
"17:05:00"	"2019-03-09"	"Ayr"	"Well Above Par (IRE)"	"6.00"	"8.4"	"Handicap Chase"	"4"	"7"	"Willmott, Thomas"	"Russell, Miss Lucinda V"
"16:30:00"	"2019-03-09"	"Ayr"	"Traditional Dancer (IRE)"	"33.00"	"47.9"	"Handicap Hurdle"	"7"	"12"	"Lynn, Bruce"	"Jardine, I"
"14:40:00"	"2019-03-07"	"Wincanton"	"Wizards Bridge"	"25.00"	"37.72"	"Handicap Chase"	"3"	"8"	"Godfrey, Ben"	"Tizzard, C L"
"14:20:00"	"2019-03-06"	"Catterick"	"Aza Run (IRE)"	"7.00"	"9"	"Handicap Seller Hurdle"	"4"	"8"	"Blakemore, Aiden"	"Harris, S A"
"16:40:00"	"2019-03-03"	"Huntingdon"	"Stonemadforspeed (IRE)"	"8.00"	"10.77"	"Handicap Hurdle"	"PU"	"12"	"Teal, Harry"	"Teal, R A"
"17:15:00"	"2019-02-28"	"Ludlow"	"Grand Inquisitor"	"3.50"	"5.1"	"Handicap Hurdle"	"5"	"7"	"Austin, Edward"	"Williams, Ian"
"16:10:00"	"2019-02-28"	"Ludlow"	"Carrolls Milan (IRE)"	"5.00"	"6.2"	"Handicap Hurdle"	"1"	"8"	"Brace, Connor"	"OBrien, Fergal"
"14:40:00"	"2019-02-26"	"Ffos Las"	"Sutters Mill (IRE)"	"10.00"	"14.5"	"Handicap Novices Chase"	"8"	"10"	"Bastyan, Mitchell S"	"Williams, Evan"
"16:40:00"	"2019-02-25"	"Plumpton"	"Ormskirk"	"10.00"	"15.5"	"Handicap Hurdle"	"10"	"13"	"Morgan, Luca"	"Farrelly, Johnny"
"16:05:00"	"2019-02-25"	"Plumpton"	"Plantagenet"	"2.50"	"4.56"	"Handicap Chase"	"1"	"7"	"Fielding, Matthew"	"Mullins, J W"
"14:00:00"	"2019-02-25"	"Plumpton"	"Wellcwhathappens (IRE)"	"14.00"	"20.24"	"Handicap Hurdle"	"9"	"14"	"Dingle, Rex"	"Rowe, R"
"15:55:00"	"2019-02-22"	"Warwick"	"Horatio Hornblower (IRE)"	"6.50"	"10.48"	"Handicap Chase"	"UR"	"7"	"Williams, Chester"	"Williams, Nick"
"14:05:00"	"2019-02-22"	"Exeter"	"Lord Of The Island (IRE)"	"16.00"	"25"	"Handicap Hurdle"	"4"	"13"	"ONeill, Jonjo (Jr)"	"OBrien, Fergal"
"16:50:00"	"2019-02-21"	"Thurles"	"Chosen Hour (IRE)"	"3.50"	"4.87"	"Handicap Hurdle"	"1"	"10"	"Ahern, Miss S"	"Aherne, Sean"
"16:50:00"	"2019-02-21"	"Thurles"	"Marino Marvel (IRE)"	"2.75"	"4"	"Handicap Hurdle"	"2"	"10"	"Mooney, Ms H"	"McLoughlin, D A"
"14:15:00"	"2019-02-21"	"Huntingdon"	"Indian Reel (IRE)"	"40.00"	"64.82"	"Handicap Hurdle"	"2"	"16"	"Brace, Connor"	"Dore, C R"
"16:25:00"	"2019-02-20"	"Punchestown"	"Star Of Oscar (IRE)"	"5.50"	"6.61"	"Handicap Hurdle"	"12"	"17"	"Condon, R J"	"Doyle, Eoin"
"17:20:00"	"2019-02-19"	"Taunton"	"Maccas Stowaway (IRE)"	"20.00"	"31.03"	"Handicap Hurdle"	"7"	"17"	"Jones, Ben R"	"Bishop, K"
"16:00:00"	"2019-02-07"	"Thurles"	"Hughies Bay (IRE)"	"10.00"	"16.15"	"Handicap Hurdle"	"3"	"17"	"Gilligan, L P"	"Howard, Daniel John"
"16:00:00"	"2019-02-05"	"Market Rasen"	"Follow The Swallow (IRE)"	"7.50"	"11.04"	"Handicap Chase"	"4"	"10"	"Humphries, Tom"	"McPherson, Graeme P"
"14:40:00"	"2019-01-28"	"Kempton"	"Miss Yeats (IRE)"	"7.00"	"9.38"	"Handicap Chase"	"5"	"9"	"Teal, Harry"	"Mongan, Mrs L J"
"14:20:00"	"2019-01-28"	"Ludlow"	"Field Exhibition (IRE)"	"2.75"	"4.02"	"Handicap Hurdle"	"2"	"8"	"McMenamin, Daniel"	"Harris, Miss G"
"15:55:00"	"2019-01-26"	"Fairyhouse"	"Goodnightngodbless (IRE)"	"5.50"	"8.24"	"Handicap Hurdle"	"9"	"18"	"OKeeffe, Darragh"	"Motherway, J"
"12:55:00"	"2019-01-22"	"Kelso"	"Green Zone (IRE)"	"8.00"	"10"	"Handicap Hurdle"	"4"	"7"	"Williamson, Joseph"	"Harrison, Miss L"
"14:40:00"	"2019-01-21"	"Warwick"	"Oh Land Abloom (IRE)"	"7.50"	"9.6"	"Handicap Hurdle"	"2"	"9"	"Andrews, Jack"	"King, N B"
"15:15:00"	"2019-01-19"	"Haydock"	"Otago Trail (IRE)"	"7.00"	"9.11"	"Handicap Chase"	"7"	"11"	"Nugent, Hugh F"	"Williams, Miss Venetia"
"13:05:00"	"2019-01-19"	"Taunton"	"Mr Lando"	"10.00"	"11.37"	"Handicap Hurdle"	"6"	"16"	"Bastyan, Mitchell S"	"Farrelly, Johnny"
"15:10:00"	"2019-01-15"	"Lingfield"	"Bact To Black"	"2.75"	"4.1"	"Handicap Hurdle"	"1"	"17"	"Dingle, Rex"	"Walford, Robert"
"15:40:00"	"2019-01-14"	"Ffos Las"	"Tara Mac"	"10.00"	"12.84"	"Handicap Chase"	"6"	"8"	"Brace, Connor"	"Vaughan, Tim"
"14:20:00"	"2019-01-06"	"Naas"	"Drumconnor Lad (IRE)"	"10.00"	"12.68"	"Handicap Chase"	"6"	"7"	"Gilligan, L P"	"Keatley, Adrian Paul"
"13:30:00"	"2019-01-05"	"Newcastle"	"Titian Boy (IRE)"	"2.50"	"3.95"	"Handicap Chase"	"5"	"7"	"Coltherd, Sam W"	"Alexander, N W"
"13:20:00"	"2019-01-05"	"Sandown"	"Lithic (IRE)"	"4.50"	"6.47"	"Handicap Chase"	"5"	"8"	"ONeill, Jonjo (Jr)"	"ONeill, Jonjo and AJ"
"12:20:00"	"2019-01-05"	"Cork"	"One First Cut (IRE)"	"5.00"	"6.8"	"Novices Hurdle"	"3"	"6"	"OKeeffe, Sean F"	"Doyle, Miss Elizabeth"
"14:55:00"	"2019-01-04"	"Wetherby"	"Nortonthorpelegend (IRE)"	"1.00"	"2.16"	"Handicap Chase"	"1"	"8"	"Anderson, Mr A"	"Menzies, Rebecca"
"13:45:00"	"2019-01-03"	"Ludlow"	"Call To Order"	"8.00"	"11.6"	"Handicap Hurdle"	"5"	"9"	"ONeill, Jonjo (Jr)"	"ONeill, Jonjo and AJ"
"15:30:00"	"2019-01-01"	"Tramore"	"Kilderry Prince (IRE)"	"20.00"	"38.4"	"Handicap Chase"	"1"	"11"	"Ahern, Miss S"	"McNamara, A J"
"15:15:00"	"2019-01-01"	"Fairyhouse"	"Cherokee Bill"	"8.00"	"11.5"	"Handicap Chase"	"8"	"11"	"Brennan, Nathan"	"Meade, Noel"
"14:55:00"	"2019-01-01"	"Tramore"	"Crimson Chief (IRE)"	"14.00"	"19.42"	"Novices Chase"	"F"	"8"	"Condon, R J"	"Morrison, J"
"12:55:00"	"2019-01-01"	"Fairyhouse"	"Tara Dylan (IRE)"	"3.33"	"5.06"	"Novices Hurdle"	"3"	"5"	"Doyle, R A"	"Mullins, Thomas"
"14:00:00"	"2018-12-31"	"Warwick"	"Merry Milan (IRE)"	"5.00"	"7.2"	"Handicap Chase"	"7"	"12"	"Brace, Connor"	"Martin, Miss Nicky"
"14:00:00"	"2018-12-31"	"Warwick"	"Capard King (IRE)"	"6.00"	"7.07"	"Handicap Chase"	"F"	"12"	"ONeill, Jonjo (Jr)"	"ONeill, Jonjo and AJ"
"15:10:00"	"2018-12-29"	"Kelso"	"Top Billing"	"10.00"	"14.5"	"Handicap Hurdle"	"7"	"8"	"Hodgins, Lyall"	"Richards, N G"
"13:05:00"	"2018-12-28"	"Limerick"	"Aurora Bell (IRE)"	"10.00"	"14.5"	"Handicap Chase"	"6"	"10"	"Browne, Barry"	"Cooper, Thomas"
"14:40:00"	"2018-12-27"	"Limerick"	"Kylecrue (IRE)"	"11.00"	"14.5"	"Handicap Chase"	"2"	"16"	"Quinlan, Liam"	"Ryan, John Patrick"
"14:25:00"	"2018-12-27"	"Leopardstown"	"Tudor City (IRE)"	"5.50"	"8.21"	"Handicap Hurdle"	"5"	"17"	"OConnell, Mr E J"	"Martin, A J"
"13:30:00"	"2018-12-27"	"Limerick"	"All The Chimneys (IRE)"	"4.50"	"6.09"	"Handicap Hurdle"	"3"	"16"	"Landers, Cathal A"	"Austin, W J"
"14:50:00"	"2018-12-26"	"Huntingdon"	"Pembroke House"	"7.00"	"10"	"Handicap Chase"	"6"	"8"	"ONeill, Jonjo (Jr)"	"Davies, Miss Sarah-Jayne"
"14:45:00"	"2018-12-26"	"Down Royal"	"Boris Boru (IRE)"	"9.00"	"10.22"	"Handicap Hurdle"	"10"	"17"	"Maxwell, Dillon"	"Dawson, Mrs Sarah"
"15:15:00"	"2018-12-22"	"Haydock"	"Theos Charm (IRE)"	"2.50"	"3.92"	"Handicap Hurdle"	"3"	"8"	"Dingle, Rex"	"Gifford, N J"
"15:05:00"	"2018-12-17"	"Plumpton"	"Shows Over (IRE)"	"7.50"	"9.33"	"Handicap Chase"	"7"	"9"	"Brace, Connor"	"OBrien, Fergal"
"12:50:00"	"2018-12-12"	"Hexham"	"Court Painter (IRE)"	"40.00"	"46.99"	"Handicap Chase"	"6"	"9"	"Todd, C J"	"Thompson, V"
"15:35:00"	"2018-12-08"	"Sandown"	"Morney Wing (IRE)"	"12.00"	"12.69"	"Handicap Chase"	"1"	"8"	"Dingle, Rex"	"Mann, C J"
"14:15:00"	"2018-12-08"	"Wetherby"	"Nuts Well"	"3.50"	"5.3"	"Handicap Hurdle"	"4"	"8"	"McMenamin, Daniel"	"Hamilton, Mrs A"
"13:15:00"	"2018-12-03"	"Musselburgh"	"Simone (IRE)"	"3.50"	"5.21"	"Handicap Novices Chase"	"4"	"9"	"Campbell, Blair"	"Russell, Miss Lucinda V"
"15:05:00"	"2018-12-01"	"Fairyhouse"	"Hareth (IRE)"	"5.00"	"5.67"	"Handicap Hurdle"	"8"	"14"	"Brouder, Mr K J"	"Byrnes, C"
"13:50:00"	"2018-12-01"	"Newbury"	"Boite (IRE)"	"16.00"	"21.81"	"Handicap Hurdle"	"7"	"15"	"Teal, Harry"	"Greatrex, W J"
"15:45:00"	"2018-11-29"	"Taunton"	"Norse Light"	"20.00"	"27.11"	"Handicap Hurdle"	"12"	"14"	"Nugent, Hugh F"	"Dennis, David"
"14:55:00"	"2018-11-24"	"Gowran Park"	"Minnies Secret (IRE)"	"33.00"	"40.56"	"Beginners Chase"	"7"	"13"	"Landers, Cathal A"	"Byrnes, C"
"14:20:00"	"2018-11-24"	"Gowran Park"	"Drumconnor Lad (IRE)"	"9.00"	"10.17"	"Chase"	"1"	"6"	"Gilligan, L P"	"Keatley, Adrian Paul"
"14:35:00"	"2018-11-22"	"Market Rasen"	"Ballycamp (IRE)"	"7.50"	"9.25"	"Handicap Chase"	"PU"	"7"	"Teal, Harry"	"Pogson, C T"
"15:55:00"	"2018-11-21"	"Chepstow"	"Lerichi Belle (IRE)"	"9.00"	"11.5"	"Handicap Hurdle"	"10"	"17"	"Stock, Mr H"	"Keighley, M"
"13:25:00"	"2018-11-15"	"Clonmel"	"Fleurys Fort (IRE)"	"14.00"	"25"	"Handicap Hurdle"	"6"	"10"	"Mulcahy, Shane"	"Young, L"
"13:20:00"	"2018-11-12"	"Thurles"	"Seskin Flyer (IRE)"	"7.00"	"8.79"	"Handicap Chase"	"2"	"10"	"Browne, Barry"	"Carey, Patrick"
"15:45:00"	"2018-11-05"	"Hereford"	"Welsh Designe"	"3.33"	"4.7"	"Handicap Chase"	"4"	"7"	"Hammond, Charlie"	"Davies, Miss Sarah-Jayne"
"15:15:00"	"2018-11-04"	"Cork"	"Hugo n Taz"	"25.00"	"54.5"	"Handicap Chase"	"6"	"20"	"Mulcahy, Shane"	"Hogan, Denis Gerard"
"15:30:00"	"2018-11-02"	"Down Royal"	"Eight Till Late (IRE)"	"8.00"	"10.5"	"Handicap Chase"	"1"	"6"	"Orr, Conor"	"Casey, Francis"
"12:55:00"	"2018-11-02"	"Uttoxeter"	"Tingo In The Tale (IRE)"	"25.00"	"33.29"	"Handicap Hurdle"	"6"	"11"	"Austin, Edward"	"Forbes, A L"
"15:10:00"	"2018-11-01"	"Clonmel"	"Presentingprincess (IRE)"	"4.00"	"5.19"	"Handicap Hurdle"	"7"	"8"	"Orr, Conor"	"Love, Mrs D A"
"14:10:00"	"2018-10-30"	"Bangor"	"Shininstar (IRE)"	"6.50"	"9.78"	"Handicap Novices Chase"	"3"	"9"	"Brooke, Miss L"	"Groucott, J B"
"16:35:00"	"2018-10-24"	"Fontwell"	"Chill In The Wood"	"5.00"	"7"	"Handicap Chase"	"3"	"6"	"Doyle, Alan"	"Davis, D J S Ffrench"
"15:25:00"	"2018-10-24"	"Fontwell"	"Jarlath"	"5.50"	"6.76"	"Handicap Chase"	"2"	"5"	"Jones, Kevin"	"Mullins, J W"
"17:45:00"	"2018-10-20"	"Stratford"	"Clock On Tom"	"4.50"	"6"	"Handicap Hurdle"	"6"	"7"	"Worsley, Tabitha"	"Leavy, B D"
"17:20:00"	"2018-10-14"	"Limerick"	"Lite Duties (IRE)"	"2.75"	"3.9"	"Beginners Chase"	"2"	"6"	"Brouder, Mr K J"	"Byrnes, C"
"16:45:00"	"2018-10-14"	"Limerick"	"Kylecrue (IRE)"	"33.00"	"53.04"	"Handicap Chase"	"8"	"16"	"Quinlan, Liam"	"Ryan, John Patrick"
"16:35:00"	"2018-10-13"	"Hexham"	"Cool Valley (IRE)"	"8.50"	"15"	"Handicap Chase"	"4"	"6"	"Fox, Steven"	"Young Jnr, William"
"15:10:00"	"2018-10-13"	"Fairyhouse"	"Bellgrove (IRE)"	"8.00"	"12.72"	"Handicap Chase"	"7"	"10"	"OKeeffe, Sean F"	"Cloke, P M"
"15:15:00"	"2018-10-08"	"Tipperary"	"Naturally Blond (IRE)"	"25.00"	"55"	"Handicap Hurdle"	"3"	"19"	"Gallagher, P A"	"Cronin, Patrick"
"13:40:00"	"2018-10-06"	"Fontwell"	"Keep To The Beat"	"7.00"	"9.8"	"Handicap Hurdle"	"5"	"12"	"Houlihan, Sean M"	"Phelan, P M"
"17:10:00"	"2018-10-05"	"Hexham"	"Golans Choice (IRE)"	"20.00"	"26.18"	"Handicap Hurdle"	"4"	"10"	"Broughton, Mr T P"	"Williams, Olly"
"14:55:00"	"2018-10-02"	"Southwell"	"Little Windmill (IRE)"	"2.50"	"3.64"	"Handicap Chase"	"2"	"6"	"Andrews, Jack"	"King, N B"
"16:35:00"	"2018-09-28"	"Worcester"	"Hoke Colburn (IRE)"	"9.00"	"12"	"Seller Hurdle"	"3"	"7"	"Houlihan, Sean M"	"Barr, Brian"
"16:15:00"	"2018-09-28"	"Downpatrick"	"Native Lass (IRE)"	"3.00"	"4.6"	"Beginners Chase"	"3"	"11"	"OKeeffe, Darragh"	"Winters, Michael"
"17:25:00"	"2018-09-27"	"Sligo"	"Shanklys Dawn (IRE)"	"5.00"	"6.6"	"Handicap Chase"	"1"	"7"	"Short, Adam W"	"Rothwell, P J"
"13:40:00"	"2018-09-23"	"Uttoxeter"	"Cairnshill (IRE)"	"8.00"	"12"	"Handicap Hurdle"	"2"	"14"	"Fox, Steven"	"McNiff, Mark Michael"
"18:40:00"	"2018-09-21"	"Ballinrobe"	"Rock On Barney (IRE)"	"5.00"	"6.2"	"Handicap Chase"	"3"	"8"	"Daly, E T"	"Lynch, G T"
"18:10:00"	"2018-09-21"	"Ballinrobe"	"Cable"	"25.00"	"95"	"Chase"	"4"	"5"	"McCurtin, Ambrose"	"Mahon, S J"
"18:30:00"	"2018-09-20"	"Clonmel"	"Rock On Bach (IRE)"	"50.00"	"354.83"	"Handicap Hurdle"	"9"	"12"	"Torrens, Simon"	"Cummins, Thomas P"
"17:45:00"	"2018-09-17"	"Galway"	"Riverrainshine (IRE)"	"16.00"	"26.72"	"Handicap Hurdle"	"12"	"16"	"McCurtin, Ambrose"	"Mahon, S J"
"16:40:00"	"2018-09-15"	"Listowel"	"Rock On Fruity (IRE)"	"8.00"	"14.5"	"Handicap Chase"	"5"	"8"	"Brouder, Mr K J"	"Byrnes, C"
"16:05:00"	"2018-09-15"	"Listowel"	"The Gatechecker (IRE)"	"8.00"	"11.5"	"Handicap Chase"	"1"	"11"	"Dunne, H D"	"Hourigan, Michael"
"15:30:00"	"2018-09-15"	"Listowel"	"Internal Transfer"	"1.75"	"3.04"	"Handicap Hurdle"	"2"	"14"	"McNamara, Conor"	"McNamara, E"
"17:20:00"	"2018-09-14"	"Listowel"	"It Has To Be (IRE)"	"28.00"	"50"	"Maiden Hurdle"	"10"	"15"	"Kane, J B"	"Cromwell, Gavin Patrick"
"16:30:00"	"2018-09-10"	"Newton Abbot"	"Bermeo (IRE)"	"3.00"	"5"	"Handicap Chase"	"1"	"13"	"Dingle, Rex"	"Farrelly, Johnny"
"14:00:00"	"2018-09-09"	"Fontwell"	"Lady Markby (IRE)"	"8.00"	"11"	"Handicap Hurdle"	"RR"	"5"	"Cowley, Patrick"	"Lavelle, Miss E C"
"15:25:00"	"2018-09-08"	"Wexford"	"Play At Midnight (IRE)"	"6.00"	"8.51"	"Maiden Hurdle"	"8"	"13"	"OSullivan, James"	"James, Thomas"
"17:35:00"	"2018-09-07"	"Kilbeggan"	"Enzani (IRE)"	"2.00"	"3.05"	"Handicap Hurdle"	"7"	"13"	"Orr, Conor"	"Elliott, Gordon"
"19:50:00"	"2018-08-30"	"Sedgefield"	"Crakehall Lad (IRE)"	"50.00"	"89.21"	"Handicap Hurdle"	"5"	"11"	"Todd, C J"	"Crook, A"
"19:10:00"	"2018-08-28"	"Stratford"	"Regulation (IRE)"	"7.00"	"9.54"	"Handicap Hurdle"	"4"	"8"	"Andrews, Jack"	"King, N B"
"19:00:00"	"2018-08-28"	"Ballinrobe"	"Draycott Place (IRE)"	"16.00"	"24.81"	"Chase"	"PU"	"7"	"Brassil, C"	"Ryan, John Patrick"
"16:55:00"	"2018-08-12"	"Downpatrick"	"Lady Of The Sea (IRE)"	"5.00"	"7.02"	"Handicap Hurdle"	"9"	"13"	"Daly, E T"	"Nolan, Paul"
"16:05:00"	"2018-08-06"	"Cork"	"Courtin Bb (IRE)"	"10.00"	"12.51"	"Handicap Hurdle"	"8"	"22"	"Brassil, C"	"Duffy, Patrick J"
"16:50:00"	"2018-08-05"	"Market Rasen"	"Anton Dolin (IRE)"	"4.00"	"5.85"	"Handicap Hurdle"	"2"	"8"	"Stones, Lewis"	"Mullineaux, M"
"16:15:00"	"2018-08-05"	"Market Rasen"	"Rock Nstones (IRE)"	"25.00"	"47.92"	"Handicap Hurdle"	"8"	"10"	"Williamson, Joseph"	"Boanas, Miss G"
"14:45:00"	"2018-08-05"	"Galway"	"Aspen Colorado (IRE)"	"25.00"	"41.87"	"Handicap Hurdle"	"9"	"19"	"Daly, E T"	"OBrien, Joseph Patrick"
"14:35:00"	"2018-08-05"	"Market Rasen"	"Monar Rose"	"6.00"	"8"	"Handicap Chase"	"5"	"5"	"Kendrick, Max J P"	"Case, B I"
"14:15:00"	"2018-08-05"	"Galway"	"Golden Poet (IRE)"	"10.00"	"13.5"	"Handicap Hurdle"	"8"	"20"	"OKeeffe, Darragh"	"Hogan, Denis Gerard"
"16:50:00"	"2018-08-03"	"Bangor"	"Outrageous Romana (IRE)"	"4.00"	"5.66"	"Handicap Hurdle"	"1"	"12"	"Austin, Edward"	"Oshea, J G M"
"15:45:00"	"2018-08-02"	"Stratford"	"Alexander The Grey"	"5.00"	"7.82"	"Handicap Chase"	"3"	"11"	"Kendrick, Max J P"	"McPherson, Graeme P"
"18:10:00"	"2018-08-01"	"Galway"	"Rosie Alice (IRE)"	"4.50"	"5.8"	"Handicap Hurdle"	"9"	"20"	"OKeeffe, Darragh"	"Byrnes, C"
"16:55:00"	"2018-08-01"	"Perth"	"Lady London (IRE)"	"7.00"	"9.2"	"Handicap Hurdle"	"5"	"9"	"Shanahan, William T"	"Dobbin, Mrs R"
"20:00:00"	"2018-07-31"	"Perth"	"Hey Listen (IRE)"	"10.00"	"13"	"Handicap Hurdle"	"6"	"7"	"McClung, Alisa"	"Russell, Miss Lucinda V"
"17:35:00"	"2018-07-31"	"Worcester"	"Deise Vu (IRE)"	"40.00"	"60"	"Handicap Chase"	"6"	"12"	"Patrick, Richard"	"Brotherton, R"
"14:10:00"	"2018-07-29"	"Uttoxeter"	"Vive Le Roi (IRE)"	"4.00"	"5.7"	"Handicap Hurdle"	"2"	"13"	"Nixon, J"	"Carroll, A W"
"14:10:00"	"2018-07-26"	"Worcester"	"Midnight Gem"	"5.50"	"7"	"Handicap Chase"	"5"	"12"	"Obrien, P V"	"Longsdon, C E"
"17:25:00"	"2018-07-23"	"Cartmel"	"Fiosrach (IRE)"	"14.00"	"21"	"Handicap Hurdle"	"UR"	"11"	"Murtagh, Lorcan"	"Moffatt, James"
"15:20:00"	"2018-07-23"	"Cartmel"	"Perseid (IRE)"	"4.50"	"6.4"	"Handicap Hurdle"	"6"	"13"	"Quinlan, Liam"	"Butterworth, Mrs B"
"14:40:00"	"2018-07-22"	"Tipperary"	"Sam King (IRE)"	"4.00"	"5.27"	"Beginners Chase"	"F"	"10"	"Stenson, M J"	"Walsh, T M"
"16:25:00"	"2018-07-19"	"Killarney"	"Jamesmicheal (IRE)"	"8.00"	"12"	"Handicap Chase"	"5"	"15"	"OKeeffe, Darragh"	"Brassil, John"
"14:25:00"	"2018-07-19"	"Killarney"	"Iusetaluvheronce (IRE)"	"16.00"	"22"	"Handicap Hurdle"	"7"	"9"	"Landers, Cathal A"	"Neville, Patrick"
"15:10:00"	"2018-07-15"	"Sligo"	"Mr Moondance (IRE)"	"2.50"	"3.73"	"Handicap Hurdle"	"2"	"6"	"Orr, Conor"	"McNiff, Mark Michael"
"15:15:00"	"2018-07-14"	"Limerick"	"Wee Tiger (IRE)"	"5.50"	"7.94"	"Handicap Hurdle"	"1"	"11"	"OBrien, Mr E P"	"Hackett, Ray"
"13:50:00"	"2018-07-09"	"Worcester"	"Master Sunrise (IRE)"	"1.50"	"2.74"	"Handicap Chase"	"6"	"13"	"King, Mr James"	"Ralph, Alastair"
"17:25:00"	"2018-07-08"	"Market Rasen"	"Go West Young Man (IRE)"	"14.00"	"16.5"	"Handicap Hurdle"	"6"	"8"	"Worsley, Tabitha"	"Morgan, Miss Laura"
"14:15:00"	"2018-07-08"	"Market Rasen"	"Lost In Newyork (IRE)"	"100.00"	"270"	"Handicap Hurdle"	"BD"	"13"	"Broughton, Mr T P"	"Kent, Nick"
"13:30:00"	"2018-07-01"	"Uttoxeter"	"Darloa (IRE)"	"20.00"	"29.66"	"Handicap Hurdle"	"7"	"10"	"Stock, Mr H"	"Dartnall, V R A"
"17:20:00"	"2018-06-29"	"Cartmel"	"Prince Khurram"	"20.00"	"29.19"	"Handicap Hurdle"	"6"	"10"	"McCain, Miss Ella"	"McCain Jnr, D"
"16:50:00"	"2018-06-29"	"Cartmel"	"Golden Town (IRE)"	"9.00"	"12.5"	"Handicap Novices Hurdle"	"1"	"11"	"Murtagh, Lorcan"	"Moffatt, James"
"14:20:00"	"2018-06-29"	"Cartmel"	"Strong Resemblance (IRE)"	"16.00"	"22"	"Maiden Hurdle"	"5"	"9"	"Jones, Charlotte"	"Moffatt, James"
"17:10:00"	"2018-06-23"	"Gowran Park"	"High Nellie (IRE)"	"9.00"	"11.72"	"Handicap Hurdle"	"2"	"14"	"Landers, Cathal A"	"Bowe, Michael J"
"17:50:00"	"2018-06-16"	"Fontwell"	"Micquus (IRE)"	"7.00"	"9.06"	"Handicap Hurdle"	"7"	"9"	"Cowley, Patrick"	"Lavelle, Miss E C"
"17:05:00"	"2018-06-16"	"Hexham"	"For Yes (IRE)"	"11.00"	"13.84"	"Handicap Chase"	"PU"	"16"	"Coltherd, Sam W"	"Coltherd, W S"
"18:50:00"	"2018-06-13"	"Punchestown"	"Draycott Place (IRE)"	"7.00"	"8.77"	"Handicap Chase"	"6"	"10"	"King, Mr P A"	"Ryan, John Patrick"
"19:30:00"	"2018-06-08"	"Clonmel"	"Kiera Royale (IRE)"	"50.00"	"123.73"	"Beginners Chase"	"9"	"14"	"Short, Ronan"	"Kelly, David Harry"
"18:50:00"	"2018-06-06"	"Wexford"	"Whitbers Choice (IRE)"	"8.00"	"9.83"	"Handicap Hurdle"	"5"	"14"	"OKeeffe, Sean F"	"Doyle, Miss Elizabeth"
"13:40:00"	"2018-06-06"	"Uttoxeter"	"One Cool Boy (IRE)"	"22.00"	"30"	"Handicap Hurdle"	"6"	"12"	"Parker, Natalie"	"Watkins, Miss Tracey"
"13:40:00"	"2018-06-06"	"Uttoxeter"	"Clock On Tom"	"16.00"	"17.89"	"Handicap Hurdle"	"7"	"12"	"Houlihan, Sean M"	"Leavy, B D"
"20:05:00"	"2018-06-05"	"Southwell"	"Awesome Rosie"	"1.63"	"2.71"	"Handicap Hurdle"	"4"	"5"	"Dowling, K J"	"King, A"
"18:35:00"	"2018-06-05"	"Southwell"	"The Jugopolist (IRE)"	"11.00"	"14"	"Handicap Chase"	"9"	"9"	"Hammond, Charlie"	"Cornwall, J R"
"16:15:00"	"2018-06-05"	"Fontwell"	"Mogestic (IRE)"	"3.50"	"5"	"Handicap Hurdle"	"1"	"12"	"Sansom, Daniel"	"Mullins, J W"
"15:45:00"	"2018-06-05"	"Fontwell"	"Highbury High (IRE)"	"33.00"	"41.18"	"Handicap Chase"	"5"	"7"	"Reed, Harry"	"Mulholland, N P"
"15:45:00"	"2018-06-05"	"Fontwell"	"No Buts"	"10.00"	"11.54"	"Handicap Chase"	"6"	"7"	"Stock, Mr H"	"Bridgwater, D G"
"14:15:00"	"2018-06-05"	"Fontwell"	"Ruby Russet"	"4.00"	"5.73"	"Handicap Hurdle"	"7"	"10"	"Cheleda, Angus"	"Tizzard, C L"
"19:20:00"	"2018-06-02"	"Tramore"	"Miracle Cure (IRE)"	"7.00"	"8.69"	"Handicap Hurdle"	"6"	"12"	"OFarrell, Miss K"	"Flavin, P T"
"17:20:00"	"2018-06-02"	"Hexham"	"Broadway Belle"	"18.00"	"21"	"Handicap Hurdle"	"1"	"17"	"Hurst, Dillan B"	"Grant, C"
"17:20:00"	"2018-06-02"	"Hexham"	"Towerburn (IRE)"	"50.00"	"100"	"Handicap Hurdle"	"11"	"17"	"Wood, Connor"	"Hamilton, Mrs A C"
"20:25:00"	"2018-06-01"	"Tramore"	"Swift (IRE)"	"5.00"	"7.4"	"Handicap Hurdle"	"5"	"16"	"Gilligan, L P"	"Nicholson, John W"
"16:40:00"	"2018-05-30"	"Cartmel"	"Snowed In (IRE)"	"20.00"	"0"	"Handicap Hurdle"	"VOI"	"16"	"Quinlan, Liam"	"Butterworth, Mrs B"
"20:00:00"	"2018-05-28"	"Ballinrobe"	"Draycott Place (IRE)"	"10.00"	"12.14"	"Handicap Chase"	"2"	"10"	"Brassil, C"	"Ryan, John Patrick"
"16:25:00"	"2018-05-27"	"Kelso"	"An Laoch (IRE)"	"5.00"	"6.88"	"Handicap Novices Chase"	"PU"	"7"	"Quinlan, Liam"	"Grant, C"
"16:15:00"	"2018-05-27"	"Uttoxeter"	"Crosspark"	"5.50"	"7.4"	"Handicap Chase"	"4"	"11"	"Mcclorey, Mr T A"	"Bailey, Mrs Caroline"
"20:05:00"	"2018-05-19"	"Uttoxeter"	"Goal (IRE)"	"25.00"	"48"	"Handicap Hurdle"	"6"	"13"	"Parker, Natalie"	"Watkins, Miss Tracey"
"18:40:00"	"2018-05-18"	"Aintree"	"Eaton Hill (IRE)"	"4.00"	"5.5"	"Handicap Hurdle"	"6"	"12"	"Patrick, Richard"	"Lee, Miss Kerry"
"17:55:00"	"2018-05-17"	"Clonmel"	"Imperial Way (IRE)"	"9.00"	"14.5"	"Novices Hurdle"	"3"	"8"	"Daly, E T"	"OBrien, Joseph Patrick"
"18:35:00"	"2018-05-16"	"Perth"	"Vertigo (IRE)"	"6.00"	"6.87"	"Handicap Novices Chase"	"PU"	"8"	"Campbell, Blair"	"Russell, Miss Lucinda V"
"14:50:00"	"2018-05-15"	"Wincanton"	"Petrify"	"33.00"	"45.32"	"Handicap Hurdle"	"6"	"11"	"Houlihan, Sean M"	"Llewellyn, B J"
"19:30:00"	"2018-05-14"	"Towcester"	"Edward Elgar"	"6.00"	"7.64"	"Handicap Hurdle"	"4"	"8"	"Mcclorey, Mr T A"	"Bailey, Mrs Caroline"
"19:30:00"	"2018-05-14"	"Towcester"	"Thefriendlygremlin"	"66.00"	"160"	"Handicap Hurdle"	"7"	"8"	"Lee, Mr S"	"Leeson, Tracey"
"18:40:00"	"2018-05-14"	"Killarney"	"Queen Khaleesi (IRE)"	"4.00"	"6.6"	"Maiden Hurdle"	"3"	"10"	"Landers, Cathal A"	"Neville, Patrick"
"18:10:00"	"2018-05-14"	"Killarney"	"Runyon Rattler (IRE)"	"20.00"	"29.8"	"Handicap Hurdle"	"7"	"15"	"OSullivan, James"	"Rothwell, P J"
"14:45:00"	"2018-05-13"	"Plumpton"	"Keep To The Beat"	"8.00"	"9.84"	"Handicap Hurdle"	"2"	"10"	"Houlihan, Sean M"	"Phelan, P M"
"16:05:00"	"2018-05-12"	"Hexham"	"Quest For Life"	"2.50"	"3.79"	"Handicap Hurdle"	"1"	"11"	"Teal, Harry"	"Walford, Mark"
"20:20:00"	"2018-05-10"	"Wincanton"	"Ruby Russet"	"5.50"	"7.6"	"Handicap Hurdle"	"2"	"11"	"Cheleda, Angus"	"Tizzard, C L"
"17:10:00"	"2018-05-09"	"Fontwell"	"Howlongisafoot (IRE)"	"6.00"	"8.57"	"Handicap Hurdle"	"2"	"14"	"Reed, Harry"	"Gordon, C"
"20:00:00"	"2018-05-08"	"Ludlow"	"Crafty Roberto"	"25.00"	"40"	"Handicap Hurdle"	"10"	"14"	"Brace, Mr J"	"Hales, A M"
"19:05:00"	"2018-05-05"	"Hexham"	"Captain Mowbray"	"10.00"	"11.43"	"Handicap Chase"	"2"	"10"	"Moscrop, Nathan"	"Menzies, Rebecca"
"18:35:00"	"2018-05-05"	"Hexham"	"Olivers Gold"	"8.00"	"11.86"	"Handicap Hurdle"	"3"	"14"	"Todd, Emma"	"Walford, Mark"
"16:40:00"	"2018-05-05"	"Wexford"	"Dylrow (IRE)"	"20.00"	"31.61"	"Beginners Chase"	"3"	"14"	"Hand, D J"	"Hennessy, Robert Alan"
"19:35:00"	"2018-05-01"	"Ballinrobe"	"Newsworthy (IRE)"	"12.00"	"14.71"	"Handicap Chase"	"1"	"11"	"Cavanagh, Mr S"	"Love, Mrs D A"
"19:00:00"	"2018-04-27"	"Chepstow"	"Tinkers Hill Tommy (IRE)"	"1.10"	"2.4"	"Novices Hunters Chase"	"1"	"11"	"Bryan, Mr P"	"Lewis, Miss B"
"18:05:00"	"2018-04-26"	"Punchestown"	"Last Goodbye (IRE)"	"16.00"	"25"	"Handicap Hurdle"	"12"	"25"	"Short, Adam W"	"Doyle, Miss Elizabeth"
"18:05:00"	"2018-04-26"	"Punchestown"	"Stoneford (IRE)"	"16.00"	"26"	"Handicap Hurdle"	"21"	"25"	"McInerney, Donal J"	"Meade, Noel"
"18:15:00"	"2018-04-25"	"Taunton"	"Tikkinthebox (IRE)"	"16.00"	"19.45"	"Handicap Novices Chase"	"1"	"10"	"Hawker, Robert"	"Scott, J"
"15:40:00"	"2018-04-25"	"Punchestown"	"O Ceallaigh (IRE)"	"25.00"	"34"	"Handicap Hurdle"	"18"	"24"	"Short, Ronan"	"Fahey, Peter"
"15:50:00"	"2018-04-24"	"Exeter"	"Dontminddboys (IRE)"	"2.75"	"4.3"	"Handicap Novices Chase"	"PU"	"6"	"Nixon, J"	"Dickin, R"
"19:05:00"	"2018-04-20"	"Limerick"	"Ballela Boy (IRE)"	"4.00"	"6.2"	"Handicap Chase"	"PU"	"9"	"Meehan, Chris"	"Elliott, Gordon"
"18:05:00"	"2018-04-20"	"Limerick"	"Erkindale Lady (IRE)"	"16.00"	"26"	"Handicap Hurdle"	"PU"	"14"	"Treacy, R P"	"Gannon, Miss M M"
"17:15:00"	"2018-04-19"	"Fairyhouse"	"Catwalk King (IRE)"	"1.20"	"2.26"	"Maiden Hurdle"	"1"	"11"	"Short, Adam W"	"Doyle, Miss Elizabeth"
"16:25:00"	"2018-04-18"	"Cheltenham"	"Rockys Treasure (IRE)"	"28.00"	"38.44"	"Handicap Hurdle"	"5"	"23"	"Hamill, Mikey"	"Bailey, K C"
"18:20:00"	"2018-04-17"	"Fairyhouse"	"Artic Pearl"	"5.50"	"7.29"	"Handicap Chase"	"5"	"13"	"Lalor, Miss E A"	"Brassil, Martin"
"17:00:00"	"2018-04-14"	"Newcastle"	"Sky Full Of Stars (IRE)"	"3.50"	"5"	"Handicap Chase"	"2"	"7"	"Fox, Steven"	"Ewart, J P L"
"16:40:00"	"2018-04-14"	"Chepstow"	"Grams And Ounces"	"8.00"	"11.5"	"Handicap Hurdle"	"6"	"13"	"Hamill, Mikey"	"Harris, Miss G"
"19:00:00"	"2018-04-13"	"Ballinrobe"	"Draycott Place (IRE)"	"20.00"	"30"	"Handicap Hurdle"	"6"	"8"	"Brassil, C"	"Ryan, John Patrick"
"15:45:00"	"2018-04-12"	"Limerick"	"Railway Tommy (IRE)"	"14.00"	"18.25"	"Handicap Hurdle"	"PU"	"13"	"Short, Ronan"	"Fahey, Peter"
"14:40:00"	"2018-04-09"	"Wincanton"	"Norse Light"	"1.63"	"3"	"Handicap Novices Chase"	"4"	"4"	"Houlihan, Sean M"	"Dennis, David"
"14:00:00"	"2018-04-09"	"Kempton"	"Highway One O One (IRE)"	"1.75"	"2.82"	"Novices Hurdle"	"1"	"13"	"Reed, Harry"	"Gordon, C"
"17:00:00"	"2018-04-02"	"Fairyhouse"	"Kilcarry Bridge (IRE)"	"50.00"	"190"	"Handicap Chase"	"F"	"30"	"Robinson, D"	"Ryan, John Patrick"
"14:55:00"	"2018-04-02"	"Cork"	"Dallas Cowboy (IRE)"	"7.00"	"8.52"	"Handicap Chase"	"6"	"7"	"OConnell, Mr E J"	"Martin, A J"
"16:05:00"	"2018-04-01"	"Cork"	"Cliff House (IRE)"	"40.00"	"72.98"	"Handicap Hurdle"	"PU"	"17"	"McCurtin, Ambrose"	"Walsh, John J"
"16:05:00"	"2018-04-01"	"Cork"	"La Bella Vida (IRE)"	"20.00"	"23.38"	"Handicap Hurdle"	"PU"	"17"	"Short, Adam W"	"Doyle, Miss Elizabeth"
"16:35:00"	"2018-03-31"	"Carlisle"	"Dick Darsie (IRE)"	"8.00"	"11.5"	"Handicap Chase"	"6"	"10"	"Coltherd, Sam W"	"Smith, Mrs S J"
"16:25:00"	"2018-03-31"	"Haydock"	"Fingerontheswitch (IRE)"	"9.00"	"12.66"	"Handicap Hurdle"	"11"	"15"	"Reed, Harry"	"Mulholland, N P"
"14:10:00"	"2018-03-29"	"Towcester"	"Phoeniciana"	"2.75"	"4.2"	"Maiden Hurdle"	"1"	"11"	"Tissier, Maxime"	"Wadham, Mrs L"
"14:10:00"	"2018-03-29"	"Towcester"	"Schap"	"8.00"	"11"	"Maiden Hurdle"	"PU"	"11"	"Gregory, Fergus"	"Fryer, Miss C"
"15:50:00"	"2018-03-28"	"Warwick"	"Young Lou"	"25.00"	"32"	"Handicap Hurdle"	"1"	"8"	"Worsley, Tabitha"	"Dickin, R"
"16:10:00"	"2018-03-26"	"Huntingdon"	"Miss Yeats (IRE)"	"5.00"	"6.45"	"Handicap Hurdle"	"4"	"12"	"Baker, Mr Z"	"Mongan, Mrs L J"
"16:40:00"	"2018-03-23"	"Navan"	"Black Zero (IRE)"	"10.00"	"19.29"	"Handicap Chase"	"4"	"10"	"Landers, Cathal A"	"McDonagh, Michael J"
"16:15:00"	"2018-03-22"	"Cork"	"Naturally Blond (IRE)"	"16.00"	"17.5"	"Handicap Hurdle"	"7"	"11"	"ODonovan, Mr M C"	"Cronin, Patrick"
"16:15:00"	"2018-03-22"	"Cork"	"Nicats Benefit (IRE)"	"16.00"	"26.58"	"Handicap Hurdle"	"8"	"11"	"Galligan, Mr M A"	"Lalor, Miss E"
"14:35:00"	"2018-03-22"	"Cork"	"Jaime Sommers (IRE)"	"10.00"	"13"	"Hurdle"	"4"	"4"	"Landers, Cathal A"	"Bowe, Michael J"
"13:50:00"	"2018-03-16"	"Musselburgh"	"Craig Star (IRE)"	"14.00"	"20.75"	"Handicap Hurdle"	"UR"	"9"	"McCain, Abbie"	"McCain Jnr, D"
"15:15:00"	"2018-03-15"	"Towcester"	"Try It Sometime (IRE)"	"5.50"	"7.51"	"Handicap Chase"	"2"	"5"	"Hamill, Mikey"	"Lewis, Mrs S W"
"16:40:00"	"2018-03-11"	"Market Rasen"	"Pennywell (IRE)"	"6.00"	"9.15"	"Handicap Hurdle"	"PU"	"8"	"Greatrex, Thomas"	"Greatrex, W J"
"15:55:00"	"2018-03-11"	"Warwick"	"Capard King (IRE)"	"6.00"	"8"	"Handicap Chase"	"3"	"10"	"ONeill, Jonjo (Jr)"	"ONeill, Jonjo and AJ"
"15:30:00"	"2018-03-09"	"Leopardstown"	"Kylecrue (IRE)"	"25.00"	"48.54"	"Handicap Chase"	"5"	"10"	"OBrien, Mr E P"	"Ryan, John Patrick"
"16:55:00"	"2018-03-03"	"Newcastle"	"Captain Mowbray"	"4.50"	"6.64"	"NH Flat"	"3"	"4"	"Moscrop, Nathan"	"Menzies, Rebecca"
"14:55:00"	"2018-02-24"	"Fairyhouse"	"Allez Kal (IRE)"	"12.00"	"21.32"	"Handicap Hurdle"	"5"	"12"	"Landers, Cathal A"	"Barcoe, James M"
"17:10:00"	"2018-02-21"	"Ludlow"	"Monbeg Theatre (IRE)"	"5.00"	"6.83"	"Handicap Hurdle"	"2"	"9"	"Fuller, Page"	"Snowden, Jamie"
"15:30:00"	"2018-02-21"	"Ludlow"	"Goohar (IRE)"	"3.00"	"4.76"	"Handicap Chase"	"1"	"6"	"Galligan, Mr M"	"Daly, H D"
"15:55:00"	"2018-02-20"	"Clonmel"	"Winter Breeze (IRE)"	"25.00"	"48"	"Beginners Chase"	"5"	"10"	"Foley, Barry"	"Winters, Michael"
"15:55:00"	"2018-02-20"	"Clonmel"	"Robbina (IRE)"	"50.00"	"183.81"	"Beginners Chase"	"10"	"10"	"Ryan, Trevor"	"Harney, W"
"15:00:00"	"2018-02-16"	"Sandown"	"Leo Luna"	"4.00"	"5.53"	"Chase"	"UR"	"9"	"Rawdon-Mogg, Capt J"	"Moore, Gary and Josh"
"15:30:00"	"2018-02-14"	"Musselburgh"	"Devils Water"	"18.00"	"17.5"	"Handicap Hurdle"	"8"	"13"	"Coltherd, Sam W"	"Walton, Mrs J M"
"14:40:00"	"2018-02-14"	"Towcester"	"Ceann Sibheal (IRE)"	"2.25"	"3.41"	"Handicap Novices Chase"	"3"	"6"	"Greatrex, Thomas"	"Greatrex, W J"
"13:20:00"	"2018-02-10"	"Uttoxeter"	"Lerichi Belle (IRE)"	"2.75"	"4.2"	"Handicap Novices Hurdle"	"2"	"10"	"Stock, Mr H"	"Keighley, M"
"15:20:00"	"2018-02-07"	"Fairyhouse"	"Swift (IRE)"	"5.00"	"7.24"	"Handicap Hurdle"	"6"	"11"	"OFarrell, Miss K"	"Nicholson, John W"
"15:25:00"	"2018-02-06"	"Market Rasen"	"Master Of Finance (IRE)"	"6.50"	"8.4"	"Handicap Hurdle"	"6"	"8"	"Tissier, Maxime"	"Wadham, Mrs L"
"16:00:00"	"2018-02-04"	"Taunton"	"Mr Lando"	"3.33"	"4.5"	"Handicap Hurdle"	"2"	"9"	"Lavery, G"	"Farrelly, Johnny"
"15:45:00"	"2018-02-04"	"Musselburgh"	"Carlton Ryan (IRE)"	"3.33"	"4.8"	"Handicap Chase"	"2"	"8"	"Easterby, William"	"Easterby, M W"
"16:05:00"	"2018-02-03"	"Leopardstown"	"Quick Jack (IRE)"	"33.00"	"231.8"	"Handicap Hurdle"	"PU"	"28"	"OConnell, Mr E J"	"Martin, A J"
"15:15:00"	"2018-02-03"	"Musselburgh"	"Mister Don (IRE)"	"20.00"	"24.59"	"Handicap Chase"	"4"	"12"	"Murtagh, Lorcan"	"Dobbin, Mrs R"
"15:10:00"	"2018-01-29"	"Hereford"	"Nansaroy"	"4.00"	"5.71"	"Handicap Novices Chase"	"3"	"5"	"Bastyan, Mitchell S"	"Williams, Evan"
"16:25:00"	"2018-01-27"	"Fairyhouse"	"Poormans Hill (IRE)"	"1.38"	"2.59"	"Handicap Hurdle"	"1"	"11"	"Meehan, Chris"	"Elliott, Gordon"
"16:25:00"	"2018-01-27"	"Fairyhouse"	"Itsallhappening (IRE)"	"8.00"	"12.24"	"Handicap Hurdle"	"4"	"11"	"Short, Adam W"	"Meade, Noel"
"15:00:00"	"2018-01-25"	"Gowran Park"	"Wounded Warrior (IRE)"	"25.00"	"27.5"	"Handicap Chase"	"2"	"15"	"Short, Adam W"	"Meade, Noel"
"14:20:00"	"2018-01-25"	"Kelso"	"Acdc (IRE)"	"1.88"	"3.09"	"Novices Chase"	"1"	"3"	"Quinlan, Liam"	"Grant, C"
"13:25:00"	"2018-01-22"	"Fakenham"	"Yourholidayisover (IRE)"	"4.50"	"5.72"	"Handicap Hurdle"	"3"	"10"	"Dowling, Mr T"	"Gretton, T R "
"13:40:00"	"2018-01-18"	"Wincanton"	"Fenlons Court (IRE)"	"14.00"	"26.65"	"Handicap Hurdle"	"6"	"14"	"Sansom, Daniel"	"Mullins, J W"
"13:30:00"	"2018-01-18"	"Ludlow"	"Happy Diva (IRE)"	"1.10"	"2.18"	"Novices Chase"	"1"	"4"	"Patrick, Richard"	"Lee, Miss Kerry"
"12:30:00"	"2018-01-17"	"Market Rasen"	"Ballinslea Bridge (IRE)"	"2.00"	"3.74"	"Novices Hurdle"	"1"	"12"	"Gregory, Fergus"	"Murphy, Olly"
"14:35:00"	"2018-01-14"	"Fairyhouse"	"Elusive Ivy (IRE)"	"16.00"	"26.79"	"Handicap Chase"	"8"	"10"	"Kane, J B"	"Cromwell, Gavin Patrick"
"15:20:00"	"2018-01-13"	"Punchestown"	"Mary Frances (IRE)"	"6.00"	"7.32"	"Handicap Hurdle"	"5"	"7"	"Short, Adam W"	"Hassett, Martin"
"12:25:00"	"2018-01-13"	"Punchestown"	"Simple Steps (IRE)"	"4.00"	"5.82"	"Handicap Chase"	"2"	"10"	"Foley, Barry"	"Tyner, Robert"
"13:30:00"	"2018-01-12"	"Huntingdon"	"Travertine (IRE)"	"3.50"	"5.11"	"Handicap Hurdle"	"2"	"10"	"ONeill, Jonjo (Jr)"	"ONeill, Jonjo and AJ"
"15:45:00"	"2018-01-11"	"Catterick"	"Copt Hill"	"150.00"	"483.88"	"Handicap Hurdle"	"7"	"10"	"Chapman, Ross"	"Brooke, Julia"
"13:45:00"	"2018-01-08"	"Fontwell"	"Flanagans Field (IRE)"	"5.00"	"6.71"	"Handicap Hurdle"	"4"	"8"	"Williams, Jordan"	"Llewellyn, B J"
"15:15:00"	"2018-01-06"	"Wincanton"	"Walt (IRE) (OLD)"	"3.33"	"4.6"	"Handicap Novices Chase"	"3"	"5"	"King, Mr James"	"Mulholland, N P"
"13:00:00"	"2018-01-02"	"Ayr"	"Chicoria (IRE)"	"20.00"	"27"	"Handicap Hurdle"	"5"	"11"	"Reed, Harry"	"Davidson, Tristan"
"13:00:00"	"2018-01-02"	"Ayr"	"Letemgo (IRE)"	"7.00"	"8.62"	"Handicap Hurdle"	"6"	"11"	"Chapman, Ross"	"Hamilton, A B"
"15:25:00"	"2018-01-01"	"Tramore"	"Shanklys Dawn (IRE)"	"4.50"	"6.85"	"Handicap Chase"	"3"	"9"	"OSullivan, James"	"Rothwell, P J"
"15:15:00"	"2018-01-01"	"Fairyhouse"	"Georges Conn (IRE)"	"33.00"	"78.78"	"Handicap Chase"	"11"	"12"	"OBrien, Mr E P"	"Ryan, John Patrick"
"14:25:00"	"2018-01-01"	"Exeter"	"Dawson City"	"4.00"	"5.31"	"Handicap Chase"	"PU"	"9"	"Houlihan, Sean M"	"Gundry, Miss Polly"
"14:15:00"	"2018-01-01"	"Musselburgh"	"Traditional Dancer (IRE)"	"6.00"	"8.32"	"Handicap Hurdle"	"4"	"7"	"Chapman, Ross"	"Jardine, I"
"13:30:00"	"2018-01-01"	"Fairyhouse"	"Draycott Place (IRE)"	"16.00"	"20.26"	"Handicap Hurdle"	"5"	"8"	"OBrien, Mr E P"	"Ryan, John Patrick"
"13:20:00"	"2018-01-01"	"Fakenham"	"Little Windmill (IRE)"	"8.00"	"9.6"	"Handicap Chase"	"1"	"6"	"Andrews, Jack"	"King, N B"
"13:05:00"	"2018-01-01"	"Tramore"	"Mag Brady (IRE)"	"10.00"	"16.5"	"Maiden Hurdle"	"7"	"7"	"OKeeffe, Sean F"	"Hickey, Denis"
"12:20:00"	"2017-12-29"	"Leopardstown"	"First To Boogie (IRE)"	"16.00"	"20.98"	"Handicap Chase"	"5"	"19"	"OFarrell, Miss K"	"Tylicki, Madeleine"
"13:50:00"	"2017-12-28"	"Leopardstown"	"Artful Artist (IRE)"	"10.00"	"16.06"	"Handicap Novices Hurdle"	"11"	"14"	"OConnell, Mr E J"	"Martin, A J"
"13:40:00"	"2017-12-28"	"Limerick"	"Lisclogher Lad (IRE)"	"4.00"	"5.63"	"Handicap Chase"	"PU"	"9"	"McCurtin, Ambrose"	"Walsh, S G"
"12:50:00"	"2017-12-28"	"Leopardstown"	"Shannak (IRE)"	"20.00"	"32"	"Handicap Hurdle"	"6"	"29"	"Meehan, Chris"	"Mullins, Anthony"
"14:55:00"	"2017-12-26"	"Leopardstown"	"Pairofbrowneyes (IRE)"	"25.00"	"59.67"	"Handicap Chase"	"10"	"18"	"Deegan, R"	"Murphy, Barry John"
"14:15:00"	"2017-12-26"	"Down Royal"	"Colwinston (IRE)"	"20.00"	"20.45"	"Maiden Hurdle"	"4"	"14"	"Short, Adam W"	"Barkley, Miss S"
"14:05:00"	"2017-12-26"	"Wincanton"	"Krackatoa King"	"3.50"	"4.85"	"Handicap Chase"	"2"	"11"	"Patrick, Richard"	"Lee, Miss Kerry"
"14:05:00"	"2017-12-26"	"Wincanton"	"Wizards Bridge"	"4.00"	"5.56"	"Handicap Chase"	"PU"	"11"	"Bastyan, Mitchell S"	"Tizzard, C L"
"13:10:00"	"2017-12-26"	"Market Rasen"	"Keel Haul (IRE)"	"2.75"	"4.2"	"Handicap Chase"	"F"	"6"	"Dowling, Mr T"	"Oliver, Henry"
"12:25:00"	"2017-12-26"	"Wincanton"	"Just Spot"	"5.50"	"7.82"	"Handicap Novices Hurdle"	"1"	"9"	"Smith, Mr C"	"Bishop, K"
"12:25:00"	"2017-12-26"	"Sedgefield"	"Sky Full Of Stars (IRE)"	"4.00"	"6.4"	"Handicap Chase"	"6"	"8"	"Fox, Steven"	"Ewart, J P L"
"12:25:00"	"2017-12-26"	"Wincanton"	"Kristal Hart"	"8.00"	"13.78"	"Handicap Novices Hurdle"	"8"	"9"	"King, Mr James"	"Mulholland, N P"
"14:30:00"	"2017-12-20"	"Ludlow"	"Relentless Dreamer (IRE)"	"5.00"	"6.75"	"Handicap Chase"	"1"	"9"	"Bowen, James C"	"Curtis, Miss Rebecca"
"13:35:00"	"2017-12-17"	"Thurles"	"Leaders Choice (IRE)"	"12.00"	"19"	"Handicap Chase"	"7"	"18"	"OBrien, Mr E P"	"Murphy, D G"
"13:20:00"	"2017-12-17"	"Navan"	"The Kings Baby (IRE)"	"10.00"	"14.5"	"Handicap Hurdle"	"10"	"15"	"OKeeffe, Sean F"	"McCabe, Moses"
"15:10:00"	"2017-12-14"	"Tramore"	"Model Cloud (IRE)"	"5.00"	"7"	"Handicap Chase"	"PU"	"13"	"McInerney, Donal J"	"Winters, Michael"
"15:05:00"	"2017-12-09"	"Navan"	"Kylecrue (IRE)"	"25.00"	"49.71"	"Handicap Chase"	"UR"	"9"	"McInerney, Donal J"	"Ryan, John Patrick"
"12:50:00"	"2017-12-08"	"Sandown"	"Theatrical Star"	"6.00"	"7.51"	"Handicap Chase"	"3"	"11"	"Thomas, Mr J L"	"Tizzard, C L"
"15:25:00"	"2017-12-01"	"Limerick"	"Seskinane (IRE)"	"14.00"	"15.74"	"Handicap Hurdle"	"3"	"13"	"Mahon, Mr E"	"McMahon, Brian M"
"14:50:00"	"2017-12-01"	"Limerick"	"Willow Grange (IRE)"	"14.00"	"17.97"	"Handicap Hurdle"	"PU"	"7"	"Fuller, Page"	"Ryan, John Patrick"
"15:20:00"	"2017-11-30"	"Taunton"	"Triple Chief (IRE)"	"9.00"	"11.41"	"Handicap Hurdle"	"1"	"16"	"Frost, Bryony"	"Frost, J D"
"12:55:00"	"2017-11-30"	"Thurles"	"All The Chimneys (IRE)"	"5.00"	"6.9"	"Handicap Chase"	"4"	"10"	"Doyle, R A"	"Austin, W J"
"15:15:00"	"2017-11-29"	"Hereford"	"Cougar Kid (IRE)"	"7.50"	"9.93"	"Handicap Hurdle"	"1"	"15"	"Hampson, Brodie"	"Oshea, J G M"
"14:55:00"	"2017-11-29"	"Punchestown"	"Highest Benefit (IRE)"	"25.00"	"76.2"	"Handicap Chase"	"6"	"17"	"Landers, Cathal A"	"Austin, W J"
"14:55:00"	"2017-11-29"	"Punchestown"	"Routes Choice (IRE)"	"9.00"	"9.92"	"Handicap Chase"	"F"	"17"	"Browne, Barry"	"Dempsey, J P"
"14:55:00"	"2017-11-29"	"Punchestown"	"Lisclogher Lad (IRE)"	"20.00"	"34"	"Handicap Chase"	"UR"	"17"	"McCurtin, Ambrose"	"Walsh, S G"
"14:35:00"	"2017-11-26"	"Navan"	"Potters Point (IRE)"	"20.00"	"34.43"	"Handicap Chase"	"10"	"21"	"ONeill, Ms Lisa"	"Elliott, Gordon"
"14:15:00"	"2017-11-25"	"Huntingdon"	"A Good Skin (IRE)"	"2.50"	"3.7"	"Handicap Chase"	"2"	"7"	"George, Mr N"	"George, T R"
"12:40:00"	"2017-11-25"	"Haydock"	"Buachaill Alainn (IRE)"	"20.00"	"27.65"	"Handicap Chase"	"PU"	"8"	"Bowen, James C"	"Bowen, Peter / Michael"
"15:00:00"	"2017-11-21"	"Southwell"	"Maid Of Tuscany (IRE)"	"8.50"	"9.6"	"Handicap Hurdle"	"3"	"10"	"Donovan, Philip"	"Mulholland, N P"
"14:35:00"	"2017-11-18"	"Uttoxeter"	"Outrageous Romana (IRE)"	"6.50"	"10.46"	"Handicap Hurdle"	"1"	"14"	"Bastyan, Mitchell S"	"Oshea, J G M"
"14:05:00"	"2017-11-16"	"Taunton"	"Royal Chief (IRE)"	"20.00"	"39.11"	"Handicap Hurdle"	"6"	"14"	"Gordon, Mr L"	"Dunn, Mrs Alex"
"14:05:00"	"2017-11-16"	"Taunton"	"Distant Sound (IRE)"	"20.00"	"41.16"	"Handicap Hurdle"	"PU"	"14"	"Hamill, Mikey"	"Wintle, A"
"15:25:00"	"2017-11-15"	"Fairyhouse"	"Carrow Queen (IRE)"	"40.00"	"140"	"Handicap Hurdle"	"11"	"15"	"Treacy, R P"	"OBrien, V T"
"13:35:00"	"2017-11-15"	"Ayr"	"Too Many Chiefs (IRE)"	"4.00"	"5.5"	"Handicap Hurdle"	"1"	"9"	"OToole, Mr F"	"Watt, Mrs S A"
"12:40:00"	"2017-11-15"	"Bangor"	"Truckers Highway (IRE)"	"5.50"	"7.62"	"Handicap Chase"	"4"	"11"	"Edwards, Alex"	"Groucott, J B"
"12:40:00"	"2017-11-15"	"Bangor"	"Jayo Time (IRE)"	"14.00"	"17.22"	"Handicap Chase"	"F"	"11"	"Patrick, Richard"	"Lee, Miss Kerry"
"14:30:00"	"2017-11-14"	"Worcester"	"Arthurs Gift (IRE)"	"1.00"	"2.14"	"Handicap Hurdle"	"1"	"10"	"Humphries, Tom"	"Twiston-Davies, N A"
"15:10:00"	"2017-11-13"	"Carlisle"	"Brother Scott"	"25.00"	"36.36"	"Handicap Chase"	"2"	"10"	"Dowson, Thomas"	"Butterworth, Mrs B"
"13:40:00"	"2017-11-11"	"Aintree"	"Beer Goggles (IRE)"	"9.00"	"12"	"Handicap Hurdle"	"3"	"10"	"Bastyan, Mitchell S"	"Woollacott, R M"
"15:30:00"	"2017-11-09"	"Ludlow"	"Oscars Song (IRE)"	"16.00"	"23.81"	"Handicap Hurdle"	"2"	"10"	"Marshall, William"	"Skelton, Daniel"
"14:55:00"	"2017-11-09"	"Ludlow"	"Super Scorpion (IRE)"	"4.00"	"6.59"	"Handicap Chase"	"5"	"7"	"Patrick, Richard"	"Hamer, Mrs D A"
"14:20:00"	"2017-11-09"	"Ludlow"	"Tempuran"	"4.50"	"5.63"	"Handicap Hurdle"	"1"	"12"	"Hammond, Charlie"	"Ralph, Alastair"
"16:10:00"	"2017-11-07"	"Exeter"	"Ladies Dancing"	"16.00"	"20.45"	"Handicap Hurdle"	"8"	"17"	"Fuller, Page"	"Down, C J"
"14:10:00"	"2017-11-05"	"Cork"	"Bridies Boy (IRE)"	"33.00"	"60.16"	"Handicap Hurdle"	"7"	"10"	"McCurtin, Ambrose"	"Walsh, John J"
"15:40:00"	"2017-11-04"	"Down Royal"	"Bearly Legal (IRE)"	"25.00"	"91.84"	"Handicap Chase"	"7"	"11"	"Barry, Mr J C"	"Thornton, Karl"
"15:20:00"	"2017-11-03"	"Uttoxeter"	"Stonemadforspeed (IRE)"	"6.00"	"7.86"	"Handicap Hurdle"	"3"	"8"	"Teal, Harry"	"Teal, R A"
"14:30:00"	"2017-11-02"	"Clonmel"	"Seskinane (IRE)"	"20.00"	"26.7"	"Handicap Hurdle"	"5"	"8"	"Mahon, Mr E"	"McMahon, Brian M"
"15:55:00"	"2017-10-31"	"Chepstow"	"Grams And Ounces"	"8.00"	"19.16"	"Handicap Hurdle"	"3"	"18"	"Hamill, Mikey"	"Harris, Miss G"
"14:35:00"	"2017-10-29"	"Wexford"	"Lockeen Girl (IRE)"	"6.00"	"9.6"	"Handicap Hurdle"	"4"	"14"	"Brennan, Rob"	"Mullins, Thomas"
"17:30:00"	"2017-10-27"	"Cheltenham"	"Bobble Emerald (IRE)"	"33.00"	"30"	"Handicap Hurdle"	"1"	"14"	"Stock, Mr H"	"Keighley, M"
"17:30:00"	"2017-10-27"	"Cheltenham"	"Man Of Plenty"	"5.50"	"7.16"	"Handicap Hurdle"	"2"	"14"	"Houlihan, Sean M"	"Leech, Mrs S"
"15:55:00"	"2017-10-25"	"Worcester"	"Amirr (IRE)"	"25.00"	"32"	"Handicap Novices Hurdle"	"8"	"10"	"Sansom, Daniel"	"Mullins, J W"
"17:45:00"	"2017-10-21"	"Stratford"	"Bring Back Charlie"	"7.00"	"9.82"	"Handicap Hurdle"	"2"	"12"	"Pinchin, Miss L M"	"Twiston-Davies, N A"
"15:25:00"	"2017-10-21"	"Market Rasen"	"Waltz Darling (IRE)"	"5.00"	"6.6"	"Handicap Hurdle"	"2"	"5"	"Todd, Emma"	"Boanas, Miss G"
"16:45:00"	"2017-10-19"	"Punchestown"	"Night Sir (IRE)"	"50.00"	"343.36"	"Handicap Chase"	"UR"	"14"	"Smith-Chaston, Emma"	"Markham, Ms Helen P"
"15:15:00"	"2017-10-19"	"Carlisle"	"Alderbrook Lad (IRE)"	"50.00"	"66.22"	"Handicap Chase"	"UR"	"9"	"Wright, Mr Joe"	"Hammond, Micky"
"14:50:00"	"2017-10-17"	"Huntingdon"	"Seymour Legend"	"50.00"	"110"	"Handicap Chase"	"PU"	"8"	"Hamill, Mikey"	"Wilson, A J"
"15:25:00"	"2017-10-13"	"Downpatrick"	"Cottonvale (IRE)"	"8.00"	"13.7"	"Handicap Hurdle"	"3"	"13"	"Foley, Barry"	"Doyle, Eoin"
"14:50:00"	"2017-10-07"	"Fairyhouse"	"Presenting Beara (IRE)"	"8.00"	"9.52"	"Handicap Chase"	"6"	"16"	"Short, Ronan"	"Fahey, Peter"
"16:50:00"	"2017-10-05"	"Tramore"	"Castlewhite (IRE)"	"4.50"	"6.4"	"Beginners Chase"	"2"	"5"	"McInerney, Donal J"	"Hurley, Raymond"
"15:05:00"	"2017-10-05"	"Huntingdon"	"Brave Helios"	"18.00"	"23.13"	"Handicap Hurdle"	"5"	"9"	"Hiskett, Daniel"	"Phillips, R T"
"16:20:00"	"2017-10-02"	"Newton Abbot"	"Maguires Glen (IRE)"	"3.33"	"5.16"	"Handicap Hurdle"	"1"	"7"	"Hamill, Mikey"	"Harris, Miss G"
"16:30:00"	"2017-09-30"	"Market Rasen"	"Play The Ace (IRE)"	"14.00"	"21"	"Handicap Chase"	"4"	"13"	"Bowen, James C"	"Bowen, Peter / Michael"
"15:35:00"	"2017-09-28"	"Clonmel"	"Vinnie Luck (IRE)"	"5.00"	"6.69"	"Handicap Hurdle"	"3"	"13"	"McInerney, Donal J"	"Winters, Michael"
"14:50:00"	"2017-09-16"	"Listowel"	"Whoyakodding"	"16.00"	"23.08"	"Handicap Hurdle"	"9"	"18"	"Townend, Miss J"	"Ahern, G"
"15:15:00"	"2017-09-11"	"Newton Abbot"	"Catcher On The Go (IRE)"	"2.50"	"3.78"	"Handicap Hurdle"	"5"	"8"	"Bastyan, Mitchell S"	"Williams, Evan"
"18:55:00"	"2017-09-08"	"Kilbeggan"	"Cnoc Na Sioga (IRE)"	"16.00"	"24.78"	"Handicap Chase"	"8"	"11"	"Landers, Cathal A"	"Ryan, John Patrick"
"17:25:00"	"2017-09-08"	"Kilbeggan"	"Sharps Choice"	"2.75"	"4.2"	"Maiden Hurdle"	"1"	"11"	"Kelly, Mr N M"	"Mullins, W P"
"18:55:00"	"2017-09-07"	"Clonmel"	"Stonehall Jack (IRE)"	"25.00"	"31.48"	"Handicap Hurdle"	"RO"	"13"	"Murphy, Rochelle"	"Fitzgerald, D E"
"18:45:00"	"2017-09-04"	"Roscommon"	"Roachdale House (IRE)"	"4.00"	"6.44"	"Hurdle"	"3"	"6"	"McInerney, Donal J"	"Flynn, Paul W"
"16:45:00"	"2017-09-03"	"Worcester"	"Gwili Spar"	"33.00"	"68.49"	"Handicap Hurdle"	"4"	"11"	"Hammond, Charlie"	"Hurley, Laura"
"17:40:00"	"2017-09-01"	"Down Royal"	"Ardview Boy (IRE)"	"5.50"	"8"	"Handicap Hurdle"	"7"	"20"	"Hamilton, Mr T"	"Mulholland, Anthony"
"15:45:00"	"2017-09-01"	"Bangor"	"Deadly Move (IRE)"	"1.88"	"3.04"	"Handicap Chase"	"1"	"6"	"Bowen, James C"	"Bowen, Peter / Michael"
"18:35:00"	"2017-08-29"	"Newton Abbot"	"In On The Act"	"12.00"	"17"	"Handicap Hurdle"	"6"	"6"	"Bastyan, Mitchell S"	"Williams, Evan"
"17:45:00"	"2017-08-28"	"Cartmel"	"Dotties Dilema (IRE)"	"6.00"	"7.6"	"Handicap Hurdle"	"1"	"10"	"Bowen, James C"	"Bowen, Peter / Michael"
"16:00:00"	"2017-08-26"	"Cartmel"	"Pekanheim (IRE)"	"5.50"	"8.55"	"Handicap Chase"	"UR"	"10"	"Chapman, Ross"	"Todhunter, M"
"20:00:00"	"2017-08-22"	"Newton Abbot"	"Lady Of Longstone (IRE)"	"25.00"	"46.17"	"Handicap Hurdle"	"4"	"11"	"Heard, Mr M"	"Pipe, D E"
"19:00:00"	"2017-08-21"	"Hexham"	"Flying Jack"	"6.50"	"10.5"	"Handicap Hurdle"	"1"	"8"	"Bourke, D F"	"Barnes, M A"
"16:55:00"	"2017-08-19"	"Market Rasen"	"Bollin Line"	"8.00"	"13.68"	"Seller Hurdle"	"1"	"7"	"Anderson, Mr A"	"Egerton, Lucinda"
"19:50:00"	"2017-08-17"	"Tramore"	"Day Day (IRE)"	"16.00"	"28"	"Handicap Hurdle"	"6"	"15"	"Berry, Mr J P"	"Berry, J A"
"18:50:00"	"2017-08-17"	"Tramore"	"Killiney Court (IRE)"	"6.00"	"8.98"	"Handicap Hurdle"	"6"	"10"	"Holden, Daniel P"	"Bromhead, Henry De"
"18:50:00"	"2017-08-16"	"Bangor"	"Court Dismissed (IRE)"	"5.00"	"7"	"Handicap Chase"	"5"	"10"	"Murtagh, Lorcan"	"McCain Jnr, D"
"20:00:00"	"2017-08-14"	"Ballinrobe"	"Buster Dan Dan (IRE)"	"9.00"	"11.53"	"Handicap Hurdle"	"4"	"7"	"Browne, Barry"	"OBrien, Terence"
"15:50:00"	"2017-08-13"	"Downpatrick"	"Pats Pearl (IRE)"	"5.00"	"6.84"	"Handicap Hurdle"	"4"	"8"	"Doyle, R A"	"McConnell, John C"
"17:00:00"	"2017-08-06"	"Galway"	"Neverushacon (IRE)"	"12.00"	"16.12"	"Handicap Chase"	"1"	"10"	"Treacy, R P"	"Harrington, Mrs John"
"16:20:00"	"2017-08-04"	"Bangor"	"Civil Unrest (IRE)"	"33.00"	"50"	"Handicap Hurdle"	"1"	"13"	"Fox, Steven"	"Ewart, J P L"
"19:15:00"	"2017-08-01"	"Worcester"	"Part And Parcel (IRE)"	"40.00"	"110"	"Handicap Novices Hurdle"	"10"	"10"	"Hammond, Charlie"	"James, Miss Hannah"
"18:40:00"	"2017-08-01"	"Worcester"	"Doitforjoe (IRE)"	"16.00"	"24.39"	"Handicap Hurdle"	"9"	"11"	"Dowling, Mr T"	"Dennis, David"
"17:55:00"	"2017-07-31"	"Galway"	"Bashful Beauty (IRE)"	"10.00"	"10.85"	"Handicap Hurdle"	"10"	"20"	"Barry, Mr J C"	"Feane, John James"
"19:40:00"	"2017-07-27"	"Limerick"	"Monbeg Rose (IRE)"	"12.00"	"25"	"Beginners Chase"	"5"	"8"	"Brassil, C"	"Elliott, Gordon"
"17:40:00"	"2017-07-27"	"Worcester"	"Its A Steal (IRE)"	"20.00"	"37.05"	"Handicap Hurdle"	"5"	"14"	"Williams, Lorcan"	"Stephens, Mrs K J"
"15:55:00"	"2017-07-24"	"Cartmel"	"Noble Call (IRE)"	"50.00"	"150"	"Beginners Chase"	"2"	"8"	"Dowson, Thomas"	"Foster, Miss J E"
"15:20:00"	"2017-07-24"	"Cartmel"	"Ronaldinho (IRE)"	"9.00"	"11.57"	"Handicap Hurdle"	"3"	"10"	"Murtagh, Lorcan"	"Sayer, Mrs Dianne"
"14:30:00"	"2017-07-22"	"Cartmel"	"Fiosrach (IRE)"	"6.00"	"7.8"	"Handicap Hurdle"	"4"	"5"	"McCain, Abbie"	"Moffatt, James"
"16:15:00"	"2017-07-20"	"Killarney"	"Crocodile Dundee (IRE)"	"12.00"	"12.5"	"Handicap Chase"	"2"	"15"	"Slevin, J J"	"Cooper, Thomas"
"14:35:00"	"2017-07-20"	"Killarney"	"Presenting Mahler (IRE)"	"20.00"	"32"	"Handicap Hurdle"	"10"	"14"	"Brett, Tommy N"	"Ryan, John Patrick"
"19:30:00"	"2017-07-18"	"Worcester"	"Taroum (IRE)"	"12.00"	"17.5"	"Handicap Seller Hurdle"	"7"	"16"	"Bastyan, Mitchell S"	"Flint, J L"
"17:30:00"	"2017-07-16"	"Stratford"	"Faith Jicaro (IRE)"	"66.00"	"139.23"	"Handicap Hurdle"	"7"	"9"	"Stock, Mr H"	"Brisbourne, W M"
"16:40:00"	"2017-07-16"	"Perth"	"Broughtons Star"	"3.33"	"4.9"	"Handicap Hurdle"	"4"	"8"	"Bowen, James C"	"Elliott, Gordon"
"15:30:00"	"2017-07-16"	"Sligo"	"Mr Moondance (IRE)"	"5.00"	"7.27"	"Handicap Hurdle"	"4"	"10"	"Kelly, Mr S P"	"McNiff, Mark Michael"
"16:40:00"	"2017-07-13"	"Downpatrick"	"Pats Pearl (IRE)"	"3.50"	"5.1"	"Handicap Hurdle"	"2"	"10"	"Doyle, R A"	"McConnell, John C"
"14:55:00"	"2017-07-09"	"Market Rasen"	"Vexillum (IRE)"	"20.00"	"25.11"	"Handicap Chase"	"10"	"12"	"King, Mr James"	"Mulholland, N P"
"17:20:00"	"2017-07-08"	"Bellewstown"	"Posh Frock (IRE)"	"14.00"	"34"	"Handicap Hurdle"	"10"	"16"	"Doyle, R A"	"Byrne, L"
"16:40:00"	"2017-07-06"	"Perth"	"Thorpe (IRE)"	"2.50"	"3.72"	"Handicap Hurdle"	"1"	"6"	"Campbell, Blair"	"Russell, Miss Lucinda V"
"17:20:00"	"2017-07-05"	"Worcester"	"Get Home Now"	"4.00"	"5.38"	"Handicap Hurdle"	"1"	"9"	"Bowen, James C"	"Bowen, Peter / Michael"
"15:50:00"	"2017-06-30"	"Cartmel"	"More Madness (IRE)"	"4.00"	"5.83"	"Handicap Chase"	"4"	"9"	"Moscrop, Nathan"	"Brooke, Julia"
"20:35:00"	"2017-06-27"	"Newton Abbot"	"Generous Chief (IRE)"	"7.00"	"9.68"	"Handicap Hurdle"	"7"	"8"	"Hiskett, Daniel"	"McPherson, Graeme P"
"20:00:00"	"2017-06-27"	"Newton Abbot"	"Karl Marx (IRE)"	"10.00"	"13.5"	"Handicap Hurdle"	"3"	"11"	"McCain, Abbie"	"Gillard, Mark"
"18:25:00"	"2017-06-26"	"Kilbeggan"	"Conduct Yourself (IRE)"	"6.00"	"7.41"	"Handicap Hurdle"	"4"	"10"	"Browne, Barry"	"Kiely, J E and Thomas"
"19:20:00"	"2017-06-23"	"Down Royal"	"Coldstonesober (IRE)"	"20.00"	"57.06"	"Handicap Hurdle"	"12"	"20"	"Fitzpatrick, John"	"Finn, J R"
"16:45:00"	"2017-06-20"	"Stratford"	"Jonagold"	"1.75"	"2.92"	"Handicap Novices Chase"	"2"	"5"	"Orr, Conor"	"Williams, Evan"
"17:05:00"	"2017-06-18"	"Downpatrick"	"Im An Izz Wizz (IRE)"	"4.50"	"6"	"Handicap Chase"	"1"	"12"	"Slevin, J J"	"Lennon, Liam"
"17:05:00"	"2017-06-18"	"Downpatrick"	"Solar Heat (IRE)"	"12.00"	"17.57"	"Handicap Chase"	"3"	"12"	"Browne, Barry"	"Love, Mrs D A"
"19:15:00"	"2017-06-09"	"Stratford"	"Beggars Velvet (IRE)"	"9.00"	"13"	"Hunters Chase"	"4"	"10"	"Cox, Mrs Amy"	"Cox, Mrs Amy"
"17:45:00"	"2017-06-09"	"Clonmel"	"Fly Round The Bend (IRE)"	"25.00"	"30"	"Handicap Hurdle"	"2"	"18"	"Hayes, F J"	"Walsh, John J"
"17:15:00"	"2017-06-05"	"Newton Abbot"	"Buz Barton (IRE)"	"25.00"	"49.02"	"Handicap Hurdle"	"10"	"12"	"Houlihan, Sean M"	"Frost, J D"
"16:25:00"	"2017-06-05"	"Listowel"	"Gentleman Duke (IRE)"	"16.00"	"23.09"	"Handicap Chase"	"6"	"14"	"Robinson, D"	"Moore, A L T"
"13:30:00"	"2017-06-03"	"Hexham"	"Raifteiri (IRE)"	"250.00"	"766.69"	"Seller Hurdle"	"7"	"9"	"Dowson, Thomas"	"Young Jnr, William"
"20:30:00"	"2017-06-01"	"Ffos Las"	"Taste The Wine (IRE)"	"14.00"	"27.13"	"Handicap Hurdle"	"2"	"7"	"Williams, Jordan"	"Llewellyn, B J"
"19:20:00"	"2017-05-30"	"Newton Abbot"	"Ladies Dancing"	"11.00"	"12.98"	"Handicap Hurdle"	"1"	"15"	"Fuller, Page"	"Down, C J"
"20:30:00"	"2017-05-29"	"Ballinrobe"	"Lucky Pat (IRE)"	"8.00"	"11.49"	"Handicap Chase"	"3"	"9"	"Murphy, Mr A"	"Love, Mrs D A"
"17:05:00"	"2017-05-28"	"Fontwell"	"Mount Vesuvius (IRE)"	"9.00"	"12.5"	"Handicap Hurdle"	"3"	"9"	"Paris-Crofts, Mr B"	"Henderson, P"
"18:45:00"	"2017-05-26"	"Down Royal"	"Authorative (IRE)"	"14.00"	"20"	"Handicap Hurdle"	"2"	"16"	"Brassil, C"	"McCann, Anthony"
"19:50:00"	"2017-05-24"	"Southwell"	"Spyder"	"50.00"	"98.39"	"Handicap Hurdle"	"5"	"8"	"Featherstone, W"	"Leeson, Tracey"
"19:00:00"	"2017-05-24"	"Wexford"	"Magnetic Force (IRE)"	"9.00"	"13"	"Handicap Hurdle"	"2"	"8"	"Kane, J B"	"Hennessy, Robert Alan"
"20:20:00"	"2017-05-23"	"Hexham"	"Cairnshill (IRE)"	"3.33"	"4.8"	"Handicap Hurdle"	"2"	"11"	"Fox, Steven"	"McNiff, Mark Michael"
"20:05:00"	"2017-05-20"	"Uttoxeter"	"Eddy"	"3.00"	"4.35"	"Handicap Hurdle"	"1"	"11"	"Houlihan, Sean M"	"Gardner, Mrs S"
"18:45:00"	"2017-05-17"	"Punchestown"	"Stonehall Jack (IRE)"	"5.00"	"6.84"	"Handicap Chase"	"10"	"16"	"Robinson, D"	"Fitzgerald, D E"
"17:30:00"	"2017-05-16"	"Southwell"	"The Geegeez Geegee (IRE)"	"8.00"	"11.5"	"Handicap Chase"	"PU"	"9"	"Houlihan, Sean M"	"Honeyball, A J"
"14:10:00"	"2017-05-16"	"Warwick"	"Frozen Over"	"6.00"	"8.13"	"Handicap Hurdle"	"4"	"16"	"Fuller, Page"	"Down, C J"
"19:40:00"	"2017-05-15"	"Killarney"	"Tulsa Jack (IRE)"	"12.00"	"18.17"	"Handicap Chase"	"6"	"12"	"James, Mr R"	"Meade, Noel"
"18:30:00"	"2017-05-13"	"Warwick"	"Bendomingo (IRE)"	"8.00"	"9.95"	"Handicap Hurdle"	"1"	"11"	"Baker, Mr Z"	"Twiston-Davies, N A"
"20:00:00"	"2017-05-08"	"Roscommon"	"Annamatopoeia (IRE)"	"6.00"	"9.4"	"Beginners Chase"	"1"	"10"	"Walsh, Mr B O"	"Jordan, Brian"
"19:10:00"	"2017-05-05"	"Cork"	"Marienstar (IRE)"	"16.00"	"39.58"	"Handicap Hurdle"	"14"	"19"	"McCurtin, Ambrose"	"OKeeffe, Gerard J"
"18:35:00"	"2017-05-05"	"Cork"	"Iconic Image (IRE)"	"8.00"	"10"	"Maiden Hurdle"	"PU"	"13"	"OConnell, Mr E J"	"OBrien, Terence"
"19:20:00"	"2017-05-02"	"Ballinrobe"	"Hello Sweetie"	"4.00"	"5.3"	"Handicap Chase"	"1"	"9"	"Slevin, J J"	"Collins, P E"
"14:35:00"	"2017-04-29"	"Punchestown"	"Need To Know (IRE)"	"8.00"	"12.2"	"Chase"	"1"	"6"	"Walsh, Mr B O"	"Brennan, John Paul"
"18:40:00"	"2017-04-28"	"Punchestown"	"Mendip Express (IRE)"	"10.00"	"12.53"	"Hunters Chase"	"2"	"10"	"Maxwell, David"	"Hobbs, P J / White, J"
"17:20:00"	"2017-04-27"	"Perth"	"Areema (IRE)"	"12.00"	"14.94"	"Handicap Novices Hurdle"	"5"	"10"	"Murtagh, Lorcan"	"Ferguson, I R"
"18:40:00"	"2017-04-26"	"Punchestown"	"Devils Bride (IRE)"	"25.00"	"58.72"	"Handicap Chase"	"F"	"14"	"Robinson, D"	"Bromhead, Henry De"
"15:40:00"	"2017-04-26"	"Punchestown"	"Blast Of Koeman (IRE)"	"6.50"	"8.2"	"Handicap Hurdle"	"2"	"25"	"Foley, Barry"	"Tyner, Robert"
"15:40:00"	"2017-04-26"	"Punchestown"	"A Rated (IRE)"	"16.00"	"20.54"	"Handicap Hurdle"	"3"	"25"	"Browne, Barry"	"Kenny, Liam"
"16:00:00"	"2017-04-25"	"Hexham"	"Castley Lane"	"20.00"	"28.09"	"Handicap Chase"	"PU"	"16"	"Moscrop, Nathan"	"Ender, Miss S J"
"16:00:00"	"2017-04-25"	"Hexham"	"Major Ridge (IRE)"	"14.00"	"21"	"Handicap Chase"	"UR"	"16"	"Smith, Becky"	"Hammond, Micky"
"16:30:00"	"2017-04-22"	"Ayr"	"Gilt Shadow (IRE)"	"8.00"	"11.88"	"Handicap Hurdle"	"1"	"10"	"Slevin, J J"	"Crawford, S R B"
"15:45:00"	"2017-04-22"	"Bangor"	"Prince Khurram"	"3.50"	"5.7"	"Handicap Hurdle"	"4"	"8"	"Cowley, James"	"McCain Jnr, D"
"18:45:00"	"2017-04-21"	"Southwell"	"Windy Writer (IRE)"	"12.00"	"14.54"	"Handicap Hurdle"	"6"	"11"	"Hunt, Mr H"	"Lycett, Shaun"
"17:00:00"	"2017-04-21"	"Kilbeggan"	"Ballybryan (IRE)"	"12.00"	"20"	"Maiden Hurdle"	"4"	"16"	"Landers, Cathal A"	"Nash, J A"
"19:30:00"	"2017-04-18"	"Ludlow"	"Orions Might (IRE)"	"7.00"	"9.4"	"Handicap Hurdle"	"6"	"7"	"Bailey, Mr E W A"	"Sheppard, M"
"17:15:00"	"2017-04-18"	"Fairyhouse"	"Rebel Cry (IRE) (OLD)"	"20.00"	"24"	"Handicap Chase"	"5"	"12"	"Walton, Miss J"	"Lee, Norman"
"17:00:00"	"2017-04-17"	"Fairyhouse"	"Measureofmydreams (IRE)"	"33.00"	"48"	"Handicap Chase"	"9"	"28"	"Robinson, D"	"Meade, Noel"
"14:15:00"	"2017-04-17"	"Fakenham"	"Alyasan (IRE)"	"12.00"	"14.5"	"Handicap Hurdle"	"PU"	"11"	"King, Mr James"	"Thompson, D W"
"14:10:00"	"2017-04-17"	"Market Rasen"	"Galactic Power (IRE)"	"1.63"	"2.94"	"Handicap Hurdle"	"4"	"6"	"Nixon, J"	"Dickin, R"
"14:20:00"	"2017-04-16"	"Fairyhouse"	"Slicker City (IRE)"	"9.00"	"12.5"	"Handicap Novices Hurdle"	"9"	"22"	"Browne, Dylan"	"Gibney, Thomas"
"16:00:00"	"2017-04-15"	"Carlisle"	"Rev Up Ruby"	"16.00"	"24.83"	"Handicap Hurdle"	"7"	"8"	"Bewley, Jonathon"	"Bewley, G T"
"15:50:00"	"2017-04-11"	"Exeter"	"Quinto"	"2.50"	"3.75"	"Handicap Chase"	"2"	"5"	"Frost, Bryony"	"Frost, J D"
"18:15:00"	"2017-04-08"	"Aintree"	"Curious Carlos"	"16.00"	"21.77"	"Handicap Hurdle"	"10"	"19"	"Bowen, James C"	"Bowen, Peter / Michael"
"16:40:00"	"2017-04-08"	"Chepstow"	"Deputy Commander (IRE)"	"2.75"	"3.74"	"Handicap Chase"	"6"	"8"	"Baker, Mr Z"	"Twiston-Davies, N A"
"14:10:00"	"2017-04-07"	"Sedgefield"	"Longueville Flier (IRE)"	"9.00"	"10.32"	"Handicap Chase"	"9"	"10"	"OToole, Mr F"	"Hammond, Micky"
"15:05:00"	"2017-04-06"	"Limerick"	"Freeway Space (IRE)"	"2.75"	"4.14"	"Handicap Hurdle"	"5"	"8"	"Foley, Barry"	"OBrien, David M"
"17:10:00"	"2017-04-02"	"Fairyhouse"	"Carrow Queen (IRE)"	"25.00"	"40.35"	"Handicap Hurdle"	"4"	"18"	"Treacy, R P"	"OBrien, V T"
"16:50:00"	"2017-04-01"	"Uttoxeter"	"Fresh By Nature (IRE)"	"18.00"	"26.68"	"Handicap Hurdle"	"1"	"8"	"Winks, Mr R"	"Bethell, Harriet"
"16:25:00"	"2017-03-30"	"Limerick"	"Double Island (IRE)"	"6.00"	"8.62"	"Handicap Chase"	"7"	"12"	"Robinson, D"	"Bromhead, Henry De"
"16:00:00"	"2017-03-30"	"Warwick"	"Tambura"	"16.00"	"20"	"Handicap Hurdle"	"PU"	"13"	"Baker, Mr Z"	"Maundrell, G C"
"15:15:00"	"2017-03-30"	"Limerick"	"Goulane Davina (IRE)"	"7.00"	"9.65"	"Hurdle"	"2"	"7"	"Foley, Barry"	"Spillane, Seamus"
"16:00:00"	"2017-03-28"	"Hexham"	"Spring Over (IRE)"	"12.00"	"15.15"	"Handicap Chase"	"F"	"8"	"McDonald, Rachael"	"Duncan, I A"
"16:00:00"	"2017-03-27"	"Plumpton"	"Dragoon Guard (IRE)"	"4.00"	"5.8"	"Handicap Hurdle"	"UR"	"5"	"Gordon, Mr W"	"Honeyball, A J"
"16:20:00"	"2017-03-26"	"Downpatrick"	"Im An Izz Wizz (IRE)"	"1.50"	"2.65"	"Handicap Chase"	"2"	"6"	"OFarrell, Miss K"	"Lennon, Liam"
"17:00:00"	"2017-03-25"	"Kelso"	"Misfits (IRE)"	"10.00"	"12.5"	"Handicap Hurdle"	"5"	"8"	"Mulqueen, S"	"Russell, Miss Lucinda V"
"16:25:00"	"2017-03-25"	"Kelso"	"Nine Altars (IRE)"	"3.50"	"4.5"	"Handicap Chase"	"2"	"5"	"Day, Ryan D"	"Hamilton, Mrs A"
"15:20:00"	"2017-03-25"	"Thurles"	"The Grey Guy (IRE)"	"10.00"	"11.17"	"Handicap Hurdle"	"3"	"18"	"OConnell, Mr E J"	"OKeeffe, Brian"
"16:50:00"	"2017-03-17"	"Cheltenham"	"Battleford"	"4.50"	"5.8"	"Handicap Hurdle"	"8"	"23"	"Short, Adam W"	"Mullins, W P"
"15:10:00"	"2017-03-17"	"Down Royal"	"Bearly Legal (IRE)"	"6.50"	"10.32"	"Handicap Hurdle"	"2"	"14"	"McCurtin, Ambrose"	"Thornton, Karl"
"17:30:00"	"2017-03-16"	"Cheltenham"	"Another Hero (IRE)"	"9.00"	"11.62"	"Handicap Chase"	"13"	"24"	"ONeill, Jonjo (Jr)"	"ONeill, Jonjo and AJ"
"15:05:00"	"2017-03-16"	"Hexham"	"Milan Dancer (IRE)"	"10.00"	"12"	"Handicap Novices Chase"	"4"	"9"	"Kelly, Mr S P"	"Kelly, Noel C"
"13:55:00"	"2017-03-16"	"Towcester"	"Try It Sometime (IRE)"	"5.50"	"7.76"	"Handicap Chase"	"5"	"9"	"Hamill, Mikey"	"Lewis, Mrs S W"
"14:20:00"	"2017-03-13"	"Chepstow"	"The Model County (IRE)"	"4.50"	"6.28"	"Handicap Hurdle"	"8"	"10"	"Williams, Jordan"	"Phillips, A"
"15:05:00"	"2017-03-11"	"Gowran Park"	"Tabhachtach (IRE)"	"16.00"	"33.54"	"Handicap Hurdle"	"11"	"15"	"Slevin, J J"	"Slevin, S"
"15:00:00"	"2017-03-11"	"Sandown"	"Spice Fair"	"20.00"	"23"	"Handicap Hurdle"	"4"	"13"	"Baker, Mr Z"	"Usher, M D I"
"15:00:00"	"2017-03-11"	"Sandown"	"Gassin Golf"	"8.00"	"12.49"	"Handicap Hurdle"	"10"	"13"	"Patrick, Richard"	"Lee, Miss Kerry"
"17:35:00"	"2017-03-10"	"Ayr"	"Bourne"	"3.00"	"4.59"	"Handicap Hurdle"	"2"	"5"	"Gillard, Mr T"	"McCain Jnr, D"
"15:05:00"	"2017-03-10"	"Sandown"	"A Tail Of Intrigue (IRE)"	"11.00"	"15"	"Chase"	"3"	"10"	"Chenery, Capt Max"	"Henderson, N J"
"16:40:00"	"2017-03-09"	"Wincanton"	"General Girling"	"50.00"	"67.62"	"Handicap Novices Chase"	"1"	"9"	"Bastyan, Mitchell S"	"Hodgson, Simon"
"16:40:00"	"2017-03-09"	"Wincanton"	"Somerset Lias (IRE)"	"9.00"	"10.68"	"Handicap Novices Chase"	"F"	"9"	"Houlihan, Sean M"	"Buckler, R H"
"16:40:00"	"2017-03-05"	"Leopardstown"	"Off The Charts (IRE)"	"12.00"	"18.54"	"Handicap Chase"	"PU"	"13"	"Brassil, C"	"Hughes, Sandra"
"17:10:00"	"2017-03-04"	"Kelso"	"Sammy B"	"1.88"	"3.13"	"Handicap Hurdle"	"1"	"7"	"Campbell, Blair"	"Russell, Miss Lucinda V"
"13:50:00"	"2017-03-04"	"Doncaster"	"Whataknight"	"6.50"	"7.6"	"Handicap Hurdle"	"2"	"8"	"Legg, Michael"	"Fry, Harry"
"17:30:00"	"2017-03-02"	"Clonmel"	"Nicats Benefit (IRE)"	"5.00"	"7.21"	"NH Flat"	"2"	"9"	"Lalor, Miss E A"	"Lalor, Miss E"
"16:25:00"	"2017-03-02"	"Clonmel"	"Goulane Chosen (IRE)"	"3.50"	"4.93"	"Novices Chase"	"1"	"8"	"Foley, Barry"	"McGrath, D J"
"15:50:00"	"2017-03-02"	"Clonmel"	"Fiddlers Way (IRE)"	"16.00"	"24"	"Handicap Hurdle"	"15"	"18"	"Doyle, R A"	"Tyner, Robert"
"15:05:00"	"2017-02-27"	"Plumpton"	"Dainty Diva (IRE)"	"33.00"	"51.04"	"Handicap Hurdle"	"PU"	"7"	"Greatrex, Thomas"	"Steele, Daniel"
"14:35:00"	"2017-02-27"	"Plumpton"	"Golan Dancer (IRE)"	"5.00"	"6.68"	"Handicap Novices Chase"	"3"	"5"	"Hiskett, Daniel"	"Bridgwater, D G"
"16:40:00"	"2017-02-26"	"Southwell"	"Optical High"	"25.00"	"43.45"	"Handicap Hurdle"	"PU"	"12"	"Cowley, James"	"Forbes, A L"
"16:00:00"	"2017-02-26"	"Fontwell"	"Only Timell Tell (IRE)"	"20.00"	"32"	"Hunters Chase"	"PU"	"5"	"Roche, Mr S T"	"Carden, D M"
"15:40:00"	"2017-02-26"	"Southwell"	"Spyder"	"33.00"	"87.91"	"Handicap Seller Hurdle"	"8"	"14"	"Lyttle, Mr J"	"Leeson, Tracey"
"15:40:00"	"2017-02-25"	"Chepstow"	"Join The Clan (IRE)"	"20.00"	"32"	"Handicap Hurdle"	"9"	"13"	"Savage, Jack A"	"ONeill, Jonjo and AJ"
"14:20:00"	"2017-02-25"	"Fairyhouse"	"Peace N Milan (IRE)"	"7.00"	"10.74"	"Handicap Hurdle"	"1"	"11"	"Doyle, R A"	"Flood, F"
"16:45:00"	"2017-02-23"	"Thurles"	"Conna Cross (IRE)"	"3.50"	"4.6"	"Handicap Hurdle"	"3"	"12"	"ONeill, Ms Lisa"	"Mangan, James Joseph"
"16:45:00"	"2017-02-20"	"Carlisle"	"Midnight Request"	"6.00"	"7.33"	"Handicap Hurdle"	"1"	"10"	"Hawker, Robert"	"Hawke, N J"
"16:15:00"	"2017-02-18"	"Gowran Park"	"Rue Hill (IRE)"	"10.00"	"17.25"	"Handicap Hurdle"	"2"	"17"	"Robinson, D"	"Hickey, Denis"
"16:15:00"	"2017-02-18"	"Gowran Park"	"Asitsohappens (IRE)"	"14.00"	"21.47"	"Handicap Hurdle"	"11"	"17"	"Walsh, Mr C M"	"McCabe, Moses"
"15:20:00"	"2017-02-18"	"Wincanton"	"Spice Fair"	"10.00"	"14.5"	"Handicap Hurdle"	"4"	"7"	"Baker, Mr Z"	"Usher, M D I"
"14:30:00"	"2017-02-18"	"Gowran Park"	"Just Cause (IRE)"	"8.00"	"9.98"	"Handicap Chase"	"6"	"11"	"Foley, Barry"	"Morris, M F"
"15:15:00"	"2017-02-17"	"Sandown"	"Ardkilly Witness (IRE)"	"4.50"	"6.2"	"Chase"	"2"	"7"	"Wallace, Capt H A R"	"Snowden, Jamie"
"16:35:00"	"2017-02-16"	"Clonmel"	"Fly Round The Bend (IRE)"	"20.00"	"24.58"	"Handicap Hurdle"	"11"	"18"	"Cronin, W T"	"Walsh, John J"
"14:10:00"	"2017-02-15"	"Towcester"	"Flobury"	"5.00"	"8.4"	"Handicap Hurdle"	"2"	"8"	"Gethings, Ciaran"	"Leavy, B D"
"14:20:00"	"2017-02-14"	"Ayr"	"Rivabodiva (IRE)"	"1.88"	"3"	"Handicap Hurdle"	"3"	"7"	"Thorne, Alexander"	"Russell, Miss Lucinda V"
"15:00:00"	"2017-02-13"	"Plumpton"	"Lightentertainment (IRE)"	"50.00"	"70.16"	"Handicap Hurdle"	"PU"	"10"	"Baker, Mr Z"	"Brennan, F J"
"16:00:00"	"2017-02-11"	"Uttoxeter"	"Rock On Rocky"	"6.50"	"9.8"	"Handicap Chase"	"1"	"8"	"Sheppard, Stan"	"Sheppard, M"
"15:35:00"	"2017-02-11"	"Newbury"	"Boite (IRE)"	"16.00"	"19.52"	"Handicap Hurdle"	"8"	"16"	"Greatrex, Thomas"	"Greatrex, W J"
"15:20:00"	"2017-02-04"	"Wetherby"	"Milborough (IRE)"	"6.50"	"9.48"	"Handicap Hurdle"	"6"	"8"	"Kelly, Lizzie"	"Duncan, I A"
"15:10:00"	"2017-02-01"	"Leicester"	"Chankillo"	"40.00"	"84.73"	"Handicap Hurdle"	"PU"	"12"	"Hammond, Charlie"	"Davies, Miss Sarah-Jayne"
"15:25:00"	"2017-01-31"	"Down Royal"	"Kalopsia (IRE)"	"8.00"	"12.11"	"Novices Hurdle"	"5"	"5"	"Slevin, J J"	"OBrien, Joseph Patrick"
"14:55:00"	"2017-01-30"	"Ayr"	"Here Comes Love (IRE)"	"7.00"	"9.2"	"Handicap Hurdle"	"6"	"9"	"Short, Adam W"	"Griffin, Patrick"
"16:25:00"	"2017-01-27"	"Doncaster"	"Gustave Mahler (IRE)"	"11.00"	"13.61"	"Maiden Hurdle"	"5"	"14"	"King, Mr James"	"Ralph, Alastair"
"16:10:00"	"2017-01-25"	"Catterick"	"Copt Hill"	"4.00"	"5.2"	"Handicap Hurdle"	"4"	"7"	"Murtagh, Lorcan"	"Waggott, Miss Tracy"
"15:05:00"	"2017-01-25"	"Catterick"	"Chasma"	"33.00"	"68.66"	"Novices Chase"	"UR"	"6"	"Lavery, G"	"Easterby, M W"
"13:50:00"	"2017-01-25"	"Fairyhouse"	"Wee Small Hours (IRE)"	"5.00"	"7.2"	"Handicap Hurdle"	"5"	"16"	"Hand, D J"	"McLoughlin, D A"
"15:10:00"	"2017-01-22"	"Leopardstown"	"Top Othe Ra (IRE)"	"25.00"	"50"	"Handicap Hurdle"	"13"	"20"	"Short, Adam W"	"Mullins, Thomas"
"15:35:00"	"2017-01-19"	"Ludlow"	"Gone Too Far"	"16.00"	"19.47"	"Handicap Chase"	"4"	"8"	"Dingle, Rex"	"Pipe, D E"
"15:30:00"	"2017-01-15"	"Fairyhouse"	"Bringerofthedawn (IRE)"	"7.00"	"8.2"	"Novices Chase"	"7"	"10"	"Browne, Barry"	"Broad, D"
"14:10:00"	"2017-01-15"	"Kelso"	"Nuts Well"	"4.00"	"5.6"	"Handicap Hurdle"	"3"	"6"	"Day, Ryan D"	"Hamilton, Mrs A"
"14:25:00"	"2017-01-14"	"Warwick"	"City Supreme (IRE)"	"16.00"	"27.13"	"Handicap Hurdle"	"4"	"14"	"Gordon, Mr W"	"Honeyball, A J"
"14:30:00"	"2017-01-10"	"Lingfield"	"Coeur Tantre (IRE)"	"6.00"	"7.8"	"Handicap Hurdle"	"6"	"8"	"Hawker, Robert"	"Froud, H C"
"14:50:00"	"2017-01-08"	"Naas"	"Like A Demon"	"2.75"	"4.07"	"Handicap Hurdle"	"2"	"16"	"Slevin, J J"	"Slevin, Nigel"
"12:55:00"	"2017-01-04"	"Hereford"	"Young Lou"	"12.00"	"14.76"	"Handicap Hurdle"	"10"	"14"	"Martin, James"	"Dickin, R"
"14:30:00"	"2017-01-03"	"Musselburgh"	"Andhaar"	"7.00"	"7.86"	"Handicap Hurdle"	"5"	"11"	"Campbell, Blair"	"Alexander, N W"
"13:40:00"	"2017-01-01"	"Tramore"	"Dawerann (IRE)"	"3.00"	"5.25"	"Handicap Hurdle"	"5"	"11"	"Collins, Cian"	"Elliott, Gordon"
"13:30:00"	"2017-01-01"	"Fairyhouse"	"Eight Till Late (IRE)"	"16.00"	"28"	"Handicap Hurdle"	"3"	"13"	"Ring, Mr A"	"Casey, Peter"
"13:30:00"	"2017-01-01"	"Fairyhouse"	"Asitsohappens (IRE)"	"9.00"	"14.5"	"Handicap Hurdle"	"11"	"13"	"Brassil, C"	"McCabe, Moses"
"12:20:00"	"2017-01-01"	"Fairyhouse"	"Aimin For Anna (IRE)"	"50.00"	"290"	"Maiden Hurdle"	"9"	"15"	"Kane, J B"	"OConnor, Thomas P"
"12:00:00"	"2017-01-01"	"Tramore"	"Day Day (IRE)"	"7.00"	"13.5"	"Maiden Hurdle"	"3"	"8"	"Berry, Mr J P"	"Berry, J A"
"14:45:00"	"2016-12-31"	"Warwick"	"Glendermot (IRE)"	"7.00"	"9.07"	"Handicap Chase"	"PU"	"10"	"Gethings, Ciaran"	"Cowley, P E"
"13:40:00"	"2016-12-31"	"Uttoxeter"	"Run Ructions Run (IRE)"	"5.50"	"7.28"	"Handicap Hurdle"	"F"	"10"	"Hammond, Charlie"	"Newland, Dr R D P"
"15:10:00"	"2016-12-29"	"Doncaster"	"Beeves (IRE)"	"5.00"	"6.88"	"Handicap Chase"	"5"	"8"	"Murtagh, Lorcan"	"Candlish, Jennie"
"15:05:00"	"2016-12-29"	"Leopardstown"	"Long Way Back (IRE)"	"16.00"	"26"	"Handicap Novices Hurdle"	"10"	"12"	"Brassil, C"	"Queally, John"
"14:50:00"	"2016-12-29"	"Limerick"	"The Fitz Lady (IRE)"	"16.00"	"31.89"	"Handicap Hurdle"	"PU"	"12"	"Treacy, R P"	"McNamara, E"
"14:20:00"	"2016-12-29"	"Limerick"	"Georgie"	"25.00"	"43.07"	"Handicap Hurdle"	"11"	"14"	"Treacy, R P"	"Cullinane, M O"
"12:50:00"	"2016-12-28"	"Leopardstown"	"Barnahash Rose (IRE)"	"28.00"	"46"	"Handicap Hurdle"	"3"	"25"	"Kane, J B"	"Sweeney, Jonathan"
"15:00:00"	"2016-12-27"	"Leopardstown"	"Shadow Catcher"	"66.00"	"295.47"	"Handicap Chase"	"UR"	"28"	"ONeill, Ms Lisa"	"Elliott, Gordon"
"13:35:00"	"2016-12-27"	"Limerick"	"Cappacurry Zak (IRE)"	"16.00"	"82.34"	"Handicap Hurdle"	"1"	"17"	"Treacy, R P"	"Young, L"
"15:35:00"	"2016-12-26"	"Down Royal"	"Colwinston (IRE)"	"10.00"	"17.25"	"NH Flat"	"5"	"11"	"Short, Adam W"	"Barkley, Miss S"
"15:00:00"	"2016-12-26"	"Down Royal"	"Flinders River (IRE)"	"14.00"	"27"	"Handicap Hurdle"	"18"	"20"	"Burke, Martin P"	"Kelly, Noel C"
"15:00:00"	"2016-12-26"	"Down Royal"	"Mill Forge"	"25.00"	"142.01"	"Handicap Hurdle"	"PU"	"20"	"OReilly, Mr P W"	"McCausland, Mark"
"13:05:00"	"2016-12-26"	"Wincanton"	"Dusky Lark"	"1.50"	"2.71"	"Handicap Chase"	"2"	"5"	"Obrien, P V"	"Tizzard, C L"
"12:20:00"	"2016-12-26"	"Down Royal"	"Baby Bach (IRE)"	"9.00"	"14.21"	"Beginners Chase"	"5"	"10"	"Crawford,Mr B G "	"Crawford, S R B"
"12:15:00"	"2016-12-26"	"Huntingdon"	"Monkhouse (IRE)"	"10.00"	"14.35"	"Handicap Hurdle"	"6"	"8"	"Hamill, Mikey"	"Bailey, K C"
"14:45:00"	"2016-12-17"	"Fairyhouse"	"Annamatopoeia (IRE)"	"16.00"	"48.46"	"Beginners Chase"	"5"	"8"	"Scallan, Mr M J"	"Jordan, Brian"
"14:20:00"	"2016-12-17"	"Newcastle"	"Berkshire Downs"	"8.00"	"9.87"	"Handicap Hurdle"	"2"	"10"	"McDonald, Rachael"	"Thomson, A M"
"12:55:00"	"2016-12-17"	"Haydock"	"Dartford Warbler (IRE)"	"5.00"	"6.6"	"Handicap Hurdle"	"4"	"11"	"Day, Ryan D"	"Smith, Mrs S J"
"15:45:00"	"2016-12-15"	"Exeter"	"Major Milborne"	"14.00"	"15.58"	"Handicap Hurdle"	"10"	"13"	"Hunt, Mr H"	"Snowden, Jamie"
"14:25:00"	"2016-12-15"	"Tramore"	"Bobbythegangster (IRE)"	"10.00"	"14"	"Beginners Chase"	"4"	"15"	"Walsh, Mr C M"	"Cashman, Donald"
"13:10:00"	"2016-12-14"	"Musselburgh"	"Thorpe (IRE)"	"12.00"	"13.31"	"Handicap Hurdle"	"6"	"10"	"Campbell, Blair"	"Russell, Miss Lucinda V"
"15:10:00"	"2016-12-13"	"Wincanton"	"Jack Snipe"	"8.00"	"11.5"	"Handicap Hurdle"	"8"	"18"	"Hawker, Robert"	"Scott, J"
"15:50:00"	"2016-12-11"	"Cork"	"Knockraha Boss (IRE)"	"10.00"	"16.5"	"Handicap Novices Hurdle"	"2"	"13"	"Kane, J B"	"Maguire, Adrian"
"15:20:00"	"2016-12-11"	"Cork"	"Ronava (IRE)"	"12.00"	"20.55"	"Handicap Hurdle"	"7"	"12"	"Ring, Mr A"	"Cotter, R A"
"14:35:00"	"2016-12-11"	"Punchestown"	"Follow The Sign (IRE)"	"100.00"	"1000"	"Beginners Chase"	"12"	"13"	"Browne, Barry"	"McKiernan, Oliver"
"15:05:00"	"2016-12-08"	"Clonmel"	"Princess Lir (IRE)"	"14.00"	"19"	"Handicap Chase"	"10"	"14"	"Short, Adam W"	"Murray, Adrian"
"13:15:00"	"2016-12-05"	"Ayr"	"Heilan Rebel (IRE)"	"3.50"	"5"	"Handicap Hurdle"	"PU"	"10"	"Alexander, Mr Kit"	"Alexander, N W"
"15:20:00"	"2016-12-03"	"Chepstow"	"Buckhorn Timothy"	"6.00"	"7.34"	"Handicap Chase"	"12"	"14"	"Obrien, P V"	"Tizzard, C L"
"14:30:00"	"2016-12-03"	"Fairyhouse"	"Pakman"	"20.00"	"25"	"Novices Hurdle"	"PU"	"9"	"Browne, Barry"	"Murray, Adrian"
"14:20:00"	"2016-12-03"	"Wetherby"	"Waterclock (IRE)"	"40.00"	"64.73"	"Handicap Hurdle"	"7"	"9"	"OToole, Mr F"	"Hammond, Micky"
"13:25:00"	"2016-12-03"	"Fairyhouse"	"Fergiethelegend (IRE)"	"25.00"	"44"	"Handicap Chase"	"10"	"13"	"Robinson, D"	"Carr, John G"
"12:25:00"	"2016-12-03"	"Fairyhouse"	"Hello Sweetie"	"6.50"	"9.28"	"Handicap Chase"	"3"	"8"	"Robinson, D"	"Collins, P E"
"12:25:00"	"2016-12-03"	"Fairyhouse"	"Cinder Rua (IRE)"	"20.00"	"34.57"	"Handicap Chase"	"7"	"8"	"Blackmore, Rachael"	"McKenna, Miss Nicole"
"15:05:00"	"2016-12-02"	"Limerick"	"A Decent Excuse (IRE)"	"8.00"	"13.71"	"Handicap Hurdle"	"2"	"12"	"Foley, Barry"	"OSullivan, Eugene M"
"12:40:00"	"2016-12-02"	"Sandown"	"Ardkilly Witness (IRE)"	"12.00"	"16.73"	"Handicap Chase"	"3"	"9"	"Hunt, Mr H"	"Snowden, Jamie"
"12:55:00"	"2016-11-29"	"Southwell"	"Flichity (IRE)"	"150.00"	"298.65"	"Handicap Chase"	"PU"	"9"	"Mills, Miss Alice"	"Cornwall, J R"
"12:55:00"	"2016-11-28"	"Plumpton"	"Golan Dancer (IRE)"	"14.00"	"31.28"	"Novices Hurdle"	"3"	"12"	"Hodson, Mr J"	"Bridgwater, D G"
"14:20:00"	"2016-11-27"	"Navan"	"Abolitionist (IRE)"	"16.00"	"24.46"	"Handicap Chase"	"2"	"25"	"Blackmore, Rachael"	"Holden, Miss Ellmarie"
"14:10:00"	"2016-11-26"	"Gowran Park"	"Catcheragain (IRE)"	"1.25"	"2.44"	"Handicap Hurdle"	"1"	"9"	"Short, Adam W"	"Mullins, Thomas"
"15:10:00"	"2016-11-24"	"Thurles"	"The Pine Martin (IRE)"	"16.00"	"22"	"Handicap Hurdle"	"F"	"18"	"Mulcahy, Shane"	"Hogan, Denis Gerard"
"15:00:00"	"2016-11-23"	"Wetherby"	"Politbureau"	"100.00"	"345.24"	"Handicap Hurdle"	"6"	"10"	"OToole, Mr F"	"Hammond, Micky"
"15:00:00"	"2016-11-22"	"Wexford"	"Cadawill (IRE)"	"12.00"	"16.29"	"Handicap Chase"	"PU"	"14"	"Brassil, C"	"Sweeney, Rodger"
"15:05:00"	"2016-11-20"	"Cork"	"Catalaunian Fields (IRE)"	"12.00"	"19.62"	"Beginners Chase"	"PU"	"18"	"Ring, Mr A"	"Morris, M F"
"13:00:00"	"2016-11-19"	"Punchestown"	"Ancient Highway (IRE)"	"100.00"	"637.1"	"Beginners Chase"	"9"	"14"	"Leonard, Cillin"	"Fahy, P A"
"15:15:00"	"2016-11-17"	"Clonmel"	"Bellgrove (IRE)"	"4.50"	"6.2"	"Handicap Chase"	"2"	"6"	"Blackmore, Rachael"	"Cloke, P M"
"13:15:00"	"2016-11-17"	"Wincanton"	"Lets Go Dutchess"	"3.50"	"4.7"	"Handicap Hurdle"	"2"	"12"	"Smith, Mr C"	"Bishop, K"
"13:15:00"	"2016-11-17"	"Wincanton"	"Mount Vesuvius (IRE)"	"25.00"	"54.35"	"Handicap Hurdle"	"PU"	"12"	"Paris-Crofts, Mr B"	"Henderson, P"
"15:35:00"	"2016-11-16"	"Chepstow"	"Wilton Milan (IRE)"	"5.50"	"6.81"	"Handicap Chase"	"PU"	"9"	"Andrews, Jack"	"Skelton, Daniel"
"14:20:00"	"2016-11-13"	"Navan"	"Urtheoneiwant (IRE)"	"20.00"	"41.49"	"Handicap Hurdle"	"7"	"16"	"Timmons, C D"	"Elliott, Gordon"
"12:25:00"	"2016-11-13"	"Fontwell"	"Burgess Dream (IRE)"	"5.00"	"6.66"	"Handicap Novices Hurdle"	"4"	"12"	"Deutsch, Charlie"	"Newton-Smith, Miss A M"
"12:50:00"	"2016-11-07"	"Fairyhouse"	"Circes Island (IRE)"	"33.00"	"68.73"	"Beginners Chase"	"UR"	"7"	"Blackmore, Rachael"	"Gibney, Thomas"
"16:15:00"	"2016-11-06"	"Ffos Las"	"Get Home Now"	"16.00"	"26.62"	"Handicap Hurdle"	"6"	"14"	"King, Mr James"	"Bowen, Peter / Michael"
"14:55:00"	"2016-11-05"	"Kelso"	"Kumbeshwar"	"14.00"	"17.5"	"Handicap Chase"	"6"	"8"	"Reed, Harry"	"Russell, Miss Lucinda V"
"15:00:00"	"2016-11-03"	"Thurles"	"Robbina (IRE)"	"14.00"	"22"	"Maiden Hurdle"	"2"	"10"	"Blackmore, Rachael"	"Harney, W"
"15:20:00"	"2016-11-01"	"Exeter"	"For n Against (IRE)"	"12.00"	"18"	"Handicap Chase"	"UR"	"10"	"Dingle, Rex"	"Pipe, D E"
"15:55:00"	"2016-10-31"	"Galway"	"Celtic Monarch (IRE)"	"16.00"	"36.75"	"Handicap Hurdle"	"18"	"19"	"Ring, Mr A"	"McNiff, Mark Michael"
"14:20:00"	"2016-10-30"	"Galway"	"Rocky Court (IRE)"	"4.50"	"5.9"	"Handicap Chase"	"6"	"11"	"McCurtin, Ambrose"	"Walsh, John J"
"17:05:00"	"2016-10-29"	"Wetherby"	"Chebsey Beau"	"25.00"	"36.32"	"Handicap Hurdle"	"5"	"12"	"Sherwood, Mr J"	"Quinn, J J"
"15:00:00"	"2016-10-29"	"Ascot"	"Fergall (IRE)"	"14.00"	"18.37"	"Handicap Hurdle"	"4"	"12"	"Jones, Kevin"	"Mullins, J W"
"15:05:00"	"2016-10-25"	"Chepstow"	"Tamarillo Grove (IRE)"	"9.00"	"13"	"Handicap Hurdle"	"3"	"8"	"Cowley, Patrick"	"Leech, Mrs S"
"15:05:00"	"2016-10-24"	"Ayr"	"More Madness (IRE)"	"5.00"	"6.51"	"Handicap Hurdle"	"6"	"13"	"Turner, Ross"	"Brooke, Julia"
"15:30:00"	"2016-10-20"	"Newton Abbot"	"Arty Campbell (IRE)"	"2.75"	"4.26"	"Handicap Novices Hurdle"	"3"	"4"	"Williams, Jordan"	"Llewellyn, B J"
"14:55:00"	"2016-10-20"	"Newton Abbot"	"Generous Chief (IRE)"	"2.00"	"2.98"	"Handicap Chase"	"3"	"6"	"Bellamy, Mr A"	"McPherson, Graeme P"
"14:35:00"	"2016-10-20"	"Thurles"	"Rockshandy (IRE)"	"7.00"	"12.14"	"Handicap Chase"	"2"	"12"	"Barron, Mr R W"	"Neville, Patrick"
"14:30:00"	"2016-10-20"	"Ludlow"	"Somerset Lias (IRE)"	"4.50"	"6"	"Handicap Chase"	"5"	"11"	"Houlihan, Sean M"	"Buckler, R H"
"16:05:00"	"2016-10-19"	"Worcester"	"Letbeso (IRE)"	"14.00"	"19"	"Handicap Hurdle"	"8"	"8"	"Gethings, Ciaran"	"Bowen, Peter / Michael"
"16:20:00"	"2016-10-15"	"Stratford"	"Daulys Anthem (IRE)"	"2.13"	"3.52"	"Handicap Chase"	"3"	"8"	"King, Mr James"	"Dennis, David"
"17:10:00"	"2016-10-14"	"Downpatrick"	"Admiral Bob (IRE)"	"8.00"	"9.57"	"Handicap Chase"	"6"	"13"	"Blackmore, Rachael"	"Markham, Ms Helen P"
"17:40:00"	"2016-10-13"	"Uttoxeter"	"Bring Back Charlie"	"3.00"	"4.23"	"Handicap Hurdle"	"1"	"7"	"Bargary, J P"	"Twiston-Davies, N A"
"16:00:00"	"2016-10-12"	"Wetherby"	"Off The Ground (IRE)"	"12.00"	"17.45"	"Handicap Chase"	"5"	"10"	"Nailor, Jordan"	"Longsdon, C E"
"14:55:00"	"2016-10-11"	"Galway"	"Mighty Concorde (IRE)"	"4.00"	"6.63"	"Novices Hurdle"	"3"	"10"	"Blackmore, Rachael"	"Culloty, J H"
"15:00:00"	"2016-10-09"	"Limerick"	"Diamond Dame (IRE)"	"12.00"	"13.44"	"Handicap Hurdle"	"5"	"10"	"Blackmore, Rachael"	"Hanlon, John Joseph"
"16:50:00"	"2016-10-06"	"Hereford"	"Edlomond (IRE)"	"40.00"	"60.57"	"Handicap Chase"	"RO"	"11"	"Quinlan, S M"	"Turner, W G M"
"14:20:00"	"2016-10-05"	"Towcester"	"Glenariff"	"7.00"	"16.05"	"Handicap Hurdle"	"UR"	"8"	"Jones, Kevin"	"Mullins, J W"
"15:30:00"	"2016-09-27"	"Southwell"	"Love The Leader (IRE)"	"4.00"	"5.74"	"Handicap Hurdle"	"5"	"5"	"Condon, R J"	"Farrelly, Johnny"
"14:35:00"	"2016-09-24"	"Market Rasen"	"Hassle (IRE)"	"7.00"	"9.6"	"Handicap Hurdle"	"1"	"8"	"Hammond, Charlie"	"Newland, Dr R D P"
"16:05:00"	"2016-09-23"	"Worcester"	"Trapper Peak (IRE)"	"5.50"	"7"	"Seller Hurdle"	"5"	"8"	"Hawker, Robert"	"Dunn, Mrs Alex"
"14:55:00"	"2016-09-21"	"Perth"	"Sword of The Lord"	"6.50"	"7.85"	"Handicap Novices Chase"	"1"	"5"	"Bargary, J P"	"Twiston-Davies, N A"
"14:10:00"	"2016-09-18"	"Uttoxeter"	"Arctic Dixie"	"33.00"	"33.99"	"Handicap Hurdle"	"10"	"17"	"Hammond, Charlie"	"Summers, B R"
"19:05:00"	"2016-09-16"	"Hexham"	"Gunner Lindley (IRE)"	"6.00"	"8.86"	"Handicap Hurdle"	"2"	"10"	"Coltherd, Sam W"	"Coltherd, W S"
"16:40:00"	"2016-09-16"	"Newton Abbot"	"Honourable Exit (IRE)"	"12.00"	"14"	"Handicap Hurdle"	"8"	"12"	"Hawker, Robert"	"Dunn, Mrs Alex"
"16:10:00"	"2016-09-14"	"Listowel"	"Rightville Boy (IRE)"	"16.00"	"20.74"	"Handicap Chase"	"2"	"18"	"Treacy, R P"	"Neville, Patrick"
"17:40:00"	"2016-09-12"	"Listowel"	"Hughies Bay (IRE)"	"9.00"	"14.62"	"Maiden Hurdle"	"2"	"14"	"Meyler, D"	"Howard, Daniel John"
"17:50:00"	"2016-09-08"	"Clonmel"	"Rock On Bach (IRE)"	"6.50"	"8.76"	"Handicap Hurdle"	"2"	"14"	"Walsh, Mr C M"	"Curran, Ms Alice"
"17:15:00"	"2016-09-08"	"Clonmel"	"Simiel (IRE)"	"3.00"	"4.7"	"Maiden Hurdle"	"1"	"9"	"Brassil, C"	"Bromhead, Henry De"
"15:40:00"	"2016-09-06"	"Worcester"	"Spillers Dream (IRE)"	"25.00"	"38"	"Novices Hurdle"	"PU"	"6"	"Heard, Mr M"	"Barr, Brian"
"16:10:00"	"2016-09-05"	"Perth"	"Donnas Pride"	"7.00"	"9.37"	"Handicap Hurdle"	"6"	"11"	"Dawson, Mr John"	"Reveley, K G"
"17:40:00"	"2016-09-02"	"Kilbeggan"	"Draycott Place (IRE)"	"7.00"	"11.5"	"Handicap Hurdle"	"2"	"9"	"Brassil, C"	"Ryan, John Patrick"
"17:40:00"	"2016-08-31"	"Newton Abbot"	"Moorlands George"	"8.00"	"10.77"	"Handicap Chase"	"3"	"7"	"Hawker, Robert"	"Scott, J"
"16:10:00"	"2016-08-29"	"Downpatrick"	"Urtheoneiwant (IRE)"	"8.00"	"10.98"	"Handicap Hurdle"	"6"	"8"	"OFarrell, Miss K"	"Elliott, Gordon"
"15:35:00"	"2016-08-29"	"Downpatrick"	"Personal Shopper"	"20.00"	"40.95"	"Handicap Hurdle"	"5"	"10"	"OSullivan, Miss A"	"Smyth, H"
"15:25:00"	"2016-08-27"	"Cartmel"	"Brother Scott"	"4.50"	"6.99"	"Handicap Chase"	"5"	"8"	"Ryan, Trevor"	"Smith, Mrs S J"
"17:50:00"	"2016-08-25"	"Bellewstown"	"Little Haarth (IRE)"	"5.50"	"7.4"	"Handicap Hurdle"	"10"	"13"	"Brassil, C"	"McDonogh, Desmond"
"19:50:00"	"2016-08-18"	"Killarney"	"Castle Falls (IRE)"	"7.50"	"10"	"Handicap Chase"	"2"	"14"	"Meyler, D"	"OLeary, Daniel Joseph"
"19:50:00"	"2016-08-16"	"Tipperary"	"Knockanarrigan (IRE)"	"5.00"	"7.8"	"Handicap Hurdle"	"1"	"11"	"Brassil, C"	"Hughes, Sandra"
"20:15:00"	"2016-08-13"	"Market Rasen"	"Astrum"	"6.00"	"7.87"	"Handicap Hurdle"	"5"	"9"	"Greatrex, Thomas"	"McCain Jnr, D"
"20:00:00"	"2016-08-12"	"Tramore"	"The Fitz Lady (IRE)"	"14.00"	"16"	"Handicap Hurdle"	"11"	"15"	"Treacy, R P"	"McNamara, E"
"16:45:00"	"2016-08-07"	"Downpatrick"	"Dunroe Boy (IRE)"	"25.00"	"32.34"	"Handicap Hurdle"	"6"	"15"	"Timmons, C D"	"Coyle, Thomas"
"15:15:00"	"2016-08-07"	"Downpatrick"	"Bell Of The Ball (IRE)"	"9.00"	"15.07"	"Handicap Hurdle"	"3"	"14"	"Kane, J B"	"Lennon, Liam"
"19:30:00"	"2016-08-06"	"Kilbeggan"	"Swantykay (IRE)"	"12.00"	"17.27"	"Beginners Chase"	"2"	"14"	"Meyler, D"	"Holden, Miss Ellmarie"
"19:00:00"	"2016-08-06"	"Kilbeggan"	"Abarta (IRE)"	"25.00"	"36.01"	"Handicap Chase"	"PU"	"14"	"Brassil, C"	"OBrien, V T"
"16:35:00"	"2016-08-01"	"Cork"	"Pleased As Punch (IRE)"	"12.00"	"18"	"Handicap Hurdle"	"2"	"18"	"OConnell, Mr E J"	"Leahy, Augustine"
"14:15:00"	"2016-07-31"	"Galway"	"Stuccodor (IRE)"	"14.00"	"32.68"	"Handicap Hurdle"	"13"	"20"	"Brassil, C"	"Weld, D K"
"15:15:00"	"2016-07-30"	"Galway"	"Cassells Rock (IRE)"	"25.00"	"54.67"	"Handicap Hurdle"	"PU"	"17"	"Meyler, D"	"Martin, A J"
"16:25:00"	"2016-07-28"	"Stratford"	"Hang Fire (IRE)"	"7.00"	"9.2"	"Handicap Novices Hurdle"	"7"	"11"	"Slatter, Mr N"	"Carroll, A W"
"17:30:00"	"2016-07-27"	"Galway"	"Ravished (IRE)"	"33.00"	"108.38"	"Handicap Chase"	"17"	"22"	"Ring, Mr A"	"Morris, M F"
"16:45:00"	"2016-07-24"	"Uttoxeter"	"One For The Boss (IRE)"	"22.00"	"34.27"	"Handicap Chase"	"2"	"12"	"Hughes, Miss Jodie"	"Burchell, D"
"19:55:00"	"2016-07-22"	"Wexford"	"Personal Shopper"	"10.00"	"15.5"	"Handicap Chase"	"8"	"14"	"Blackmore, Rachael"	"Smyth, H"
"18:25:00"	"2016-07-22"	"Wexford"	"Cadawill (IRE)"	"4.00"	"5.4"	"Handicap Hurdle"	"2"	"13"	"Brassil, C"	"Sweeney, Rodger"
"18:40:00"	"2016-07-21"	"Limerick"	"Stonehall Jack (IRE)"	"9.00"	"14"	"Handicap Hurdle"	"6"	"18"	"OBrien, Mr E P"	"Fitzgerald, D E"
"17:30:00"	"2016-07-21"	"Worcester"	"Who Am I"	"10.00"	"12"	"Handicap Hurdle"	"1"	"11"	"King, Mr James"	"Hamer, Mrs D A"
"16:00:00"	"2016-07-21"	"Worcester"	"Leighton Lass"	"25.00"	"39.38"	"Novices Hurdle"	"4"	"7"	"Andrews, Bridget"	"Skelton, Daniel"
"20:00:00"	"2016-07-19"	"Ballinrobe"	"Ballyfinboy (IRE)"	"5.00"	"6.25"	"Handicap Hurdle"	"9"	"10"	"Blackmore, Rachael"	"Finn, J R"
"14:45:00"	"2016-07-18"	"Cartmel"	"Burnt Sienna (IRE)"	"6.50"	"9.72"	"Handicap Hurdle"	"2"	"11"	"Kelly, Mr S P"	"Kelly, Noel C"
"17:40:00"	"2016-07-17"	"Stratford"	"Amber Spyglass"	"12.00"	"17"	"Handicap Novices Hurdle"	"4"	"9"	"Hodson, Mr J"	"Bridgwater, D G"
"17:10:00"	"2016-07-17"	"Tipperary"	"Samanntom (IRE)"	"6.00"	"6.88"	"Handicap Chase"	"3"	"15"	"Skehan, Mr D"	"Fogarty, Aidan F"
"18:55:00"	"2016-07-15"	"Kilbeggan"	"Wild Fern (IRE)"	"8.00"	"10.5"	"Handicap Hurdle"	"UR"	"12"	"Moore, J M"	"Fahey, Seamus"
"19:00:00"	"2016-07-12"	"Worcester"	"Henllan Harri (IRE)"	"4.50"	"5.8"	"Handicap Hurdle"	"5"	"8"	"King, Mr James"	"Bowen, Peter / Michael"
"19:00:00"	"2016-07-12"	"Worcester"	"Moss On The Mill"	"5.00"	"6.73"	"Handicap Hurdle"	"6"	"8"	"Gethings, Ciaran"	"George, T R"
"14:10:00"	"2016-07-10"	"Southwell"	"Finch Flyer (IRE)"	"50.00"	"235.04"	"Handicap Chase"	"PU"	"9"	"Edwards, Alex"	"Sadik, A"
"20:25:00"	"2016-07-08"	"Cork"	"Pleased As Punch (IRE)"	"10.00"	"12.53"	"Handicap Hurdle"	"5"	"19"	"Meyler, D"	"Leahy, Augustine"
"20:20:00"	"2016-07-05"	"Uttoxeter"	"Fountains Blossom"	"2.25"	"3.47"	"Handicap Hurdle"	"3"	"9"	"Cobden, Harry"	"Honeyball, A J"
"19:30:00"	"2016-07-05"	"Roscommon"	"Mine Now (IRE)"	"8.00"	"10.64"	"Handicap Hurdle"	"7"	"15"	"Kane, J B"	"Fahey, Peter"
"16:50:00"	"2016-07-03"	"Market Rasen"	"Exit To Freedom"	"25.00"	"42"	"Handicap Hurdle"	"3"	"8"	"Garritty, Billy"	"Wainwright, J S"
"19:50:00"	"2016-07-01"	"Wexford"	"Thanks For Tea (IRE)"	"8.00"	"12"	"Beginners Chase"	"2"	"14"	"McCurtin, Ambrose"	"Kent, Edmond"
"17:50:00"	"2016-07-01"	"Wexford"	"Silverpockets (IRE)"	"6.00"	"7.6"	"Handicap Hurdle"	"1"	"14"	"Hamill, Mikey"	"Murphy, Robert"
"19:40:00"	"2016-06-30"	"Bellewstown"	"Swantykay (IRE)"	"12.00"	"18.31"	"Handicap Hurdle"	"11"	"15"	"Meyler, D"	"Holden, Miss Ellmarie"
"16:20:00"	"2016-06-19"	"Worcester"	"Private Jones"	"22.00"	"30.79"	"Handicap Novices Hurdle"	"8"	"12"	"Quinlan, S M"	"Pickard, Miss I H"
"14:30:00"	"2016-06-19"	"Hexham"	"Dun Faw Good"	"33.00"	"85.99"	"Novices Chase"	"3"	"7"	"Walton, Miss C"	"Walton, J B"
"16:15:00"	"2016-06-18"	"Gowran Park"	"Jarob"	"12.00"	"18.31"	"Handicap Hurdle"	"8"	"13"	"Collins, Cian"	"Lynch, Andrew"
"16:15:00"	"2016-06-18"	"Gowran Park"	"Black Benny (IRE)"	"12.00"	"23.95"	"Handicap Hurdle"	"11"	"13"	"Blackmore, Rachael"	"Broderick, J P"
"19:20:00"	"2016-06-17"	"Down Royal"	"By The Banks (IRE)"	"9.00"	"13.5"	"Handicap Hurdle"	"3"	"19"	"Blackmore, Rachael"	"Cullen, D W"
"18:40:00"	"2016-06-16"	"Ffos Las"	"Forgivienne"	"8.00"	"14"	"Handicap Chase"	"PU"	"8"	"Ring, C V"	"Williams, Evan"
"18:50:00"	"2016-06-15"	"Wexford"	"Sizing Solution (IRE)"	"7.50"	"11.01"	"Handicap Hurdle"	"8"	"14"	"Moore, J M"	"Dreaper, J T R"
"20:05:00"	"2016-06-09"	"Uttoxeter"	"Lilywhite Gesture (IRE)"	"18.00"	"32.76"	"Handicap Hurdle"	"PU"	"12"	"Malone, G"	"OBrien, Fergal"
"17:00:00"	"2016-06-07"	"Fontwell"	"Treacy Hotels Boy (IRE)"	"10.00"	"13.73"	"Handicap Chase"	"3"	"9"	"Treacy, Mr G M"	"Henderson, P"
"14:00:00"	"2016-06-07"	"Fontwell"	"Mariet"	"14.00"	"21"	"Handicap Hurdle"	"6"	"10"	"Sherwood, Mr J"	"Smith, Miss Suzy"
"15:15:00"	"2016-06-04"	"Hexham"	"Apache Pilot"	"5.00"	"6.4"	"Handicap Chase"	"2"	"11"	"Dowson, Thomas"	"Barnes, M A"
"13:50:00"	"2016-06-04"	"Tramore"	"Noble Call (IRE)"	"14.00"	"16.97"	"Handicap Hurdle"	"6"	"12"	"Ring, Mr A"	"Rothwell, P J"
"19:00:00"	"2016-05-30"	"Ballinrobe"	"Storm Away (IRE)"	"6.50"	"8.44"	"Handicap Hurdle"	"6"	"12"	"Kelly, Mr N M"	"Flynn, Patrick J"
"17:30:00"	"2016-05-29"	"Fontwell"	"Watchmetail (IRE)"	"50.00"	"120"	"Handicap Hurdle"	"3"	"13"	"Cheesman, Tom"	"Panvert, J F"
"17:00:00"	"2016-05-24"	"Hexham"	"High Fair"	"9.00"	"9.76"	"Handicap Hurdle"	"8"	"9"	"Hamilton, Mr T"	"Forster, Miss S E"
"15:35:00"	"2016-05-16"	"Kempton"	"Gustav (IRE)"	"25.00"	"27"	"Handicap Novices Hurdle"	"6"	"7"	"Featherstone, W"	"Davison, Miss Z C"
"18:25:00"	"2016-05-12"	"Tipperary"	"Stoughan Cross (IRE)"	"66.00"	"131.13"	"Beginners Chase"	"1"	"16"	"Moore, J M"	"Gibney, Thomas"
"20:10:00"	"2016-05-09"	"Roscommon"	"Fever Pitch (IRE)"	"10.00"	"14"	"Handicap Chase"	"9"	"11"	"Moore, J M"	"Moore, A L T"
"15:30:00"	"2016-05-07"	"Hexham"	"Victor Hewgo"	"6.50"	"8.27"	"Handicap Hurdle"	"10"	"14"	"Dawson, Mr John"	"Reveley, K G"
"19:10:00"	"2016-05-06"	"Cork"	"Ah Littleluck (IRE)"	"1.63"	"2.61"	"Maiden Hurdle"	"1"	"15"	"Flanagan, M P"	"Gibney, Thomas"
"19:00:00"	"2016-05-06"	"Downpatrick"	"Steels Cotton"	"1.88"	"2.98"	"Maiden Hurdle"	"7"	"9"	"McParlan, Mr N"	"Ferguson, I R"
"20:20:00"	"2016-05-05"	"Wincanton"	"John Biscuit (IRE)"	"5.50"	"7.2"	"Handicap Hurdle"	"5"	"11"	"Teal, Harry"	"Davis, Miss J S"
"20:25:00"	"2016-04-30"	"Hexham"	"Seventeen Black (IRE)"	"8.00"	"10.87"	"Handicap Chase"	"1"	"15"	"Cockburn, Grant J"	"Coltherd, W S"
"18:55:00"	"2016-04-30"	"Hexham"	"Sean Airgead (IRE)"	"22.00"	"26.55"	"Handicap Chase"	"4"	"7"	"Fox, Steven"	"McNiff, Mark Michael"
"17:00:00"	"2016-04-30"	"Punchestown"	"Wrath Of Titans (IRE)"	"8.00"	"9.88"	"Handicap Chase"	"4"	"15"	"Meyler, D"	"Hughes, Sandra"
"18:40:00"	"2016-04-27"	"Punchestown"	"Irish Cavalier (IRE)"	"7.00"	"8.12"	"Handicap Chase"	"1"	"17"	"Moore, J M"	"Curtis, Miss Rebecca"
"18:50:00"	"2016-04-22"	"Plumpton"	"Fifi Lamour (IRE)"	"20.00"	"23.96"	"Handicap Hurdle"	"3"	"10"	"Dowling, Mr T"	"Jewell, Mrs L C"
"18:05:00"	"2016-04-22"	"Chepstow"	"Ruben Cotter (IRE)"	"3.50"	"4.92"	"Handicap Chase"	"1"	"14"	"Cobden, Harry"	"Nicholls, P F"
"14:30:00"	"2016-04-21"	"Perth"	"Anitopia"	"16.00"	"20.08"	"Handicap Hurdle"	"14"	"18"	"OToole, Mr F"	"Perratt, Miss L A"
"19:35:00"	"2016-04-20"	"Taunton"	"Buckhorn Tom"	"5.00"	"6.8"	"Handicap Chase"	"5"	"5"	"Obrien, P V"	"Tizzard, C L"
"17:55:00"	"2016-04-20"	"Fairyhouse"	"Crowded Room (IRE)"	"10.00"	"14.52"	"Handicap Hurdle"	"5"	"11"	"Flanagan, M P"	"Cunningham, Michael"
"16:30:00"	"2016-04-19"	"Kempton"	"Kings Lad (IRE)"	"33.00"	"50.36"	"Handicap Hurdle"	"6"	"14"	"Obrien, P V"	"Tizzard, C L"
"16:00:00"	"2016-04-19"	"Kempton"	"Wizards Bridge"	"4.50"	"5.68"	"Handicap Chase"	"F"	"13"	"Cobden, Harry"	"Tizzard, C L"
"15:40:00"	"2016-04-19"	"Ludlow"	"Colins Brother"	"10.00"	"13.18"	"Handicap Hurdle"	"9"	"12"	"Bargary, J P"	"Twiston-Davies, N A"
"15:30:00"	"2016-04-18"	"Hexham"	"Rinnagree Rosie"	"18.00"	"29.15"	"Handicap Hurdle"	"2"	"8"	"Cockburn, Grant J"	"Normile, Mrs L B"
"17:55:00"	"2016-04-15"	"Ballinrobe"	"Duty Dance (IRE)"	"10.00"	"15.12"	"Handicap Hurdle"	"2"	"13"	"Meyler, D"	"Howard, Daniel John"
"15:20:00"	"2016-04-15"	"Fontwell"	"Howlongisafoot (IRE)"	"6.00"	"8.24"	"Handicap Chase"	"2"	"6"	"Cobden, Harry"	"Nicholls, P F"
"16:10:00"	"2016-04-14"	"Cheltenham"	"Fingerontheswitch (IRE)"	"9.00"	"12.5"	"Handicap Hurdle"	"8"	"19"	"Noonan, David G"	"Mulholland, N P"
"17:20:00"	"2016-04-13"	"Cheltenham"	"Lough Kent"	"9.00"	"11.19"	"Handicap Hurdle"	"4"	"14"	"Cheesman, Tom"	"Henderson, N J"
"15:40:00"	"2016-04-11"	"Kelso"	"Harry The Viking"	"7.00"	"8.46"	"Handicap Chase"	"3"	"7"	"Fox, Steven"	"Thomson, A M"
"17:00:00"	"2016-04-10"	"Market Rasen"	"Lily Little Legs (IRE)"	"8.00"	"9.72"	"Handicap Chase"	"2"	"6"	"Day, Ryan D"	"Sowersby, M E"
"16:30:00"	"2016-04-10"	"Market Rasen"	"Mwaleshi"	"10.00"	"13.21"	"Handicap Hurdle"	"2"	"12"	"Ryan, Trevor"	"Smith, Mrs S J"
"18:10:00"	"2016-04-09"	"Aintree"	"Dell Arca (IRE)"	"4.50"	"5.8"	"Handicap Hurdle"	"7"	"17"	"Noonan, David G"	"Pipe, D E"
"18:10:00"	"2016-04-09"	"Aintree"	"Nabucco"	"20.00"	"36.14"	"Handicap Hurdle"	"9"	"17"	"Ferguson, Mr A R D"	"Ferguson, J P"
"17:45:00"	"2016-04-09"	"Sedgefield"	"Hi Bob"	"12.00"	"17.5"	"Handicap Chase"	"5"	"5"	"Pratt, Dean"	"Egerton, Lucinda"
"15:55:00"	"2016-04-07"	"Taunton"	"Sew On Target (IRE)"	"1.38"	"1.95"	"Handicap Chase"	"2"	"4"	"Cobden, Harry"	"Tizzard, C L"
"17:15:00"	"2016-04-02"	"Navan"	"Kylecrue (IRE)"	"10.00"	"15.05"	"Handicap Chase"	"5"	"7"	"Meyler, D"	"Ryan, John Patrick"
"15:55:00"	"2016-03-31"	"Ffos Las"	"Rendl Beach (IRE)"	"10.00"	"14.08"	"Handicap Hurdle"	"3"	"7"	"Gethings, Ciaran"	"Stephens, Robert"
"17:00:00"	"2016-03-28"	"Fairyhouse"	"Folsom Blue (IRE)"	"20.00"	"42.9"	"Handicap Chase"	"4"	"27"	"Ring, Mr A"	"Morris, M F"
"15:50:00"	"2016-03-28"	"Fairyhouse"	"Forever Gold (IRE)"	"16.00"	"34"	"Handicap Hurdle"	"2"	"19"	"Timmons, C D"	"Cawley, Edward"
"15:50:00"	"2016-03-28"	"Fairyhouse"	"Sonny B (IRE)"	"11.00"	"15"	"Handicap Hurdle"	"UR"	"19"	"McCurtin, Ambrose"	"Walsh, John J"
"15:30:00"	"2016-03-28"	"Chepstow"	"Quite By Chance"	"4.50"	"5.89"	"Handicap Chase"	"2"	"8"	"Obrien, P V"	"Tizzard, C L"
"15:55:00"	"2016-03-27"	"Cork"	"Nine Stiches (IRE)"	"5.50"	"8.1"	"Handicap Hurdle"	"3"	"11"	"McCurtin, Ambrose"	"Walsh, John J"
"16:20:00"	"2016-03-22"	"Wetherby"	"Arthurs Secret"	"4.00"	"5.8"	"Handicap Hurdle"	"4"	"9"	"Moscrop, Nathan"	"Quinn, J J"
"14:00:00"	"2016-03-22"	"Exeter"	"Mother Meldrum (IRE)"	"1.50"	"2.78"	"Novices Seller Hurdle"	"1"	"13"	"Prichard, Mr D G"	"Dartnall, V R A"
"16:55:00"	"2016-03-19"	"Fontwell"	"Red Devil Star (IRE)"	"12.00"	"16"	"Handicap Hurdle"	"6"	"12"	"Sherwood, Mr J"	"Smith, Miss Suzy"
"15:35:00"	"2016-03-19"	"Uttoxeter"	"Rock On Rocky"	"10.00"	"14.37"	"Handicap Hurdle"	"8"	"16"	"Sheppard, Stan"	"Sheppard, M"
"15:20:00"	"2016-03-19"	"Gowran Park"	"Rory OMoore (IRE)"	"18.00"	"33.92"	"Handicap Hurdle"	"7"	"11"	"ONeill, Mr J W"	"ONeill, Ronald"
"17:30:00"	"2016-03-17"	"Cheltenham"	"The Job Is Right"	"25.00"	"43.95"	"Handicap Chase"	"UR"	"22"	"James, Mr R"	"Hourigan, Michael"
"15:55:00"	"2016-03-17"	"Hexham"	"More Madness (IRE)"	"2.25"	"3.5"	"Handicap Hurdle"	"3"	"7"	"Alexander, Mr Kit"	"Alexander, N W"
"16:25:00"	"2016-03-16"	"Bangor"	"Old Magic (IRE)"	"25.00"	"28.17"	"Handicap Hurdle"	"1"	"9"	"Hardwick, Claire"	"Leech, Mrs S"
"16:55:00"	"2016-03-14"	"Taunton"	"Wicklewood"	"20.00"	"31.43"	"Handicap Chase"	"PU"	"11"	"Kelly, Lizzie"	"Gillard, Mark"
"16:40:00"	"2016-03-13"	"Kelso"	"Lord Usher (IRE)"	"14.00"	"18.5"	"Handicap Hurdle"	"5"	"9"	"Murtagh, Lorcan"	"Charlton, G A"
"14:10:00"	"2016-03-13"	"Market Rasen"	"Nobel Leader (IRE)"	"1.75"	"3.12"	"Novices Hurdle"	"4"	"4"	"Featherstone, W"	"Evans, H J"
"17:25:00"	"2016-03-11"	"Ayr"	"Sevenballs Of Fire (IRE)"	"2.50"	"4.18"	"Handicap Hurdle"	"1"	"4"	"Nichol, Mr R"	"Jardine, I"
"17:10:00"	"2016-03-11"	"Leicester"	"Swallows Delight (IRE)"	"10.00"	"14.5"	"Hunters Chase"	"UR"	"8"	"Lewis, Miss H"	"Mansell, Mrs Julie"
"15:40:00"	"2016-03-11"	"Ayr"	"Quick Decisson (IRE)"	"6.50"	"9.6"	"Handicap Hurdle"	"4"	"5"	"Cockburn, Grant J"	"Coltherd, W S"
"15:15:00"	"2016-03-11"	"Sandown"	"Ardkilly Witness (IRE)"	"5.00"	"7.17"	"Chase"	"2"	"8"	"Wallace, Capt H A R"	"Snowden, Jamie"
"14:30:00"	"2016-03-11"	"Ayr"	"Bescot Springs (IRE)"	"25.00"	"23.14"	"Handicap Hurdle"	"2"	"12"	"Cockburn, Grant J"	"Russell, Miss Lucinda V"
"15:10:00"	"2016-03-06"	"Naas"	"Tawseef (IRE)"	"8.00"	"11.63"	"Handicap Hurdle"	"9"	"11"	"Meyler, D"	"Bowe, Colin"
"17:15:00"	"2016-02-25"	"Sedgefield"	"Seventeen Black (IRE)"	"5.00"	"6.6"	"Handicap Chase"	"4"	"11"	"Coltherd, Sam W"	"Coltherd, W S"
"17:00:00"	"2016-02-25"	"Thurles"	"Hannahs Lane (IRE)"	"20.00"	"34"	"Handicap Hurdle"	"6"	"12"	"Johnson, Alison"	"Hallahan, Miss Mary Louise"
"14:55:00"	"2016-02-25"	"Sedgefield"	"Court Of Law (IRE)"	"6.00"	"7.2"	"Handicap Chase"	"5"	"10"	"Cowley, James"	"McCain Jnr, D"
"13:40:00"	"2016-02-20"	"Wincanton"	"Whos Micky Brown (IRE)"	"4.50"	"5.84"	"Handicap Hurdle"	"5"	"15"	"Quinlan, S M"	"Mulholland, N P"
"16:20:00"	"2016-02-18"	"Clonmel"	"Accordion Twilight (IRE)"	"1.50"	"2.58"	"Handicap Hurdle"	"7"	"9"	"Skehan, Mr D"	"Lanigan, W J"
"15:35:00"	"2016-02-17"	"Towcester"	"My Miss Lucy"	"25.00"	"37.09"	"Handicap Hurdle"	"UR"	"8"	"Hiskett, Daniel"	"Phillips, R T"
"13:35:00"	"2016-02-17"	"Punchestown"	"Melbourne Lady"	"25.00"	"72.56"	"Hurdle"	"3"	"3"	"Bowes, M W"	"Fegan, P"
"16:00:00"	"2016-02-15"	"Plumpton"	"Up Four It (IRE)"	"9.00"	"10.74"	"Handicap Hurdle"	"5"	"7"	"Penford, Mr F"	"Poulton, Jamie"
"15:30:00"	"2016-02-14"	"Navan"	"Railway Tommy (IRE)"	"10.00"	"13.5"	"Handicap Hurdle"	"5"	"12"	"Butler, S E"	"Fahey, Peter"
"13:25:00"	"2016-02-11"	"Huntingdon"	"Maypole Lass"	"25.00"	"26.8"	"Handicap Hurdle"	"PU"	"12"	"Ennis, Mikey"	"Hobson, Miss Clare"
"15:20:00"	"2016-02-08"	"Fakenham"	"Daliance (IRE)"	"2.50"	"3.75"	"Handicap Hurdle"	"1"	"7"	"Featherstone, W"	"Williams, Noel"
"15:20:00"	"2016-02-07"	"Naas"	"Treat Yourself (IRE)"	"4.50"	"6.34"	"Handicap Chase"	"5"	"11"	"Meyler, D"	"Moore, A L T"
"15:00:00"	"2016-02-07"	"Musselburgh"	"Pearl Castle (IRE)"	"12.00"	"15"	"Handicap Hurdle"	"9"	"11"	"OToole, Mr F"	"Burke, K R"
"13:25:00"	"2016-02-06"	"Leopardstown"	"Good As Gold"	"7.00"	"9.2"	"Handicap Hurdle"	"4"	"11"	"Moore, J M"	"Fahy, P A"
"13:50:00"	"2016-02-05"	"Catterick"	"Bollin Line"	"6.00"	"8.89"	"Handicap Novices Chase"	"1"	"10"	"Pratt, Dean"	"Egerton, Lucinda"
"16:05:00"	"2016-01-31"	"Punchestown"	"Down Under (IRE)"	"14.00"	"19.05"	"Handicap Chase"	"7"	"9"	"Meyler, D"	"Flood, Francis J"
"16:05:00"	"2016-01-31"	"Punchestown"	"Lyreen Legend (IRE)"	"16.00"	"25.5"	"Handicap Chase"	"8"	"9"	"Moore, J M"	"Hughes, Sandra"
"15:30:00"	"2016-01-31"	"Punchestown"	"Mtada Supreme (IRE)"	"25.00"	"46.22"	"Chase"	"5"	"12"	"Walsh, Mr B O"	"Maher, Peter"
"13:00:00"	"2016-01-29"	"Huntingdon"	"Glenariff"	"12.00"	"14.33"	"Handicap Novices Hurdle"	"6"	"8"	"Jones, Kevin"	"Mullins, J W"
"16:10:00"	"2016-01-28"	"Fakenham"	"Whatsupjack (IRE)"	"14.00"	"15.17"	"Handicap Hurdle"	"7"	"7"	"Carson, Mr Graham"	"Harris, S A"
"15:55:00"	"2016-01-28"	"Thurles"	"Gibbstown (IRE)"	"9.00"	"17.77"	"Handicap Chase"	"3"	"9"	"Moore, J M"	"Stafford, Paul"
"13:05:00"	"2016-01-28"	"Thurles"	"Manuka (IRE)"	"16.00"	"26.39"	"Novices Chase"	"F"	"9"	"Meyler, D"	"Thornton, Karl"
"16:00:00"	"2016-01-27"	"Thurles"	"Get In Pat (IRE)"	"66.00"	"183.46"	"Handicap Hurdle"	"PU"	"15"	"Ring, Mr A"	"Rothwell, P J"
"15:25:00"	"2016-01-27"	"Thurles"	"Sydney Thompson (IRE)"	"12.00"	"19"	"Handicap Hurdle"	"7"	"11"	"ONeill, Mr J W"	"ONeill, Ronald"
"13:45:00"	"2016-01-26"	"Wetherby"	"Blake Dean"	"5.00"	"6.42"	"Handicap Hurdle"	"5"	"13"	"Hogg, Mr R"	"Smith, Mrs S J"
"16:10:00"	"2016-01-20"	"Fairyhouse"	"Ashes Of Love (IRE)"	"14.00"	"18.01"	"NH Flat"	"5"	"16"	"Harrington, Miss K"	"Harrington, Mrs John"
"15:40:00"	"2016-01-16"	"Naas"	"The Conker Club (IRE)"	"9.00"	"11.53"	"Handicap Chase"	"3"	"13"	"Moore, J M"	"Harney, W"
"13:20:00"	"2016-01-15"	"Huntingdon"	"Daliance (IRE)"	"4.00"	"5.53"	"Handicap Hurdle"	"1"	"9"	"Featherstone, W"	"Williams, Noel"
"13:20:00"	"2016-01-14"	"Catterick"	"Sign Manual"	"7.50"	"9.4"	"Novices Hurdle"	"PU"	"5"	"Cowley, James"	"McCain Jnr, D"
"12:35:00"	"2016-01-09"	"Chepstow"	"Oskars Eva (IRE)"	"66.00"	"617.47"	"Novices Hurdle"	"7"	"13"	"Johns, Alan"	"Vaughan, Tim"
"15:35:00"	"2016-01-01"	"Fakenham"	"Weybridge Light"	"8.00"	"10.5"	"Handicap Hurdle"	"5"	"6"	"Bradley, Paddy"	"Thompson, D W"
"14:30:00"	"2016-01-01"	"Cheltenham"	"Foxcub (IRE)"	"14.00"	"23"	"Handicap Hurdle"	"11"	"16"	"Nixon, J"	"Symonds, Tom"
"13:00:00"	"2016-01-01"	"Musselburgh"	"Away For Slates (IRE)"	"3.00"	"4.31"	"Handicap Hurdle"	"1"	"12"	"Day, Ryan D"	"Dalgleish, Keith"
"15:10:00"	"2015-12-31"	"Warwick"	"I Am Colin"	"3.50"	"5.2"	"Handicap Chase"	"2"	"8"	"Bargary, J P"	"Twiston-Davies, N A"
"12:10:00"	"2015-12-29"	"Leopardstown"	"On The Shannon (IRE)"	"8.00"	"12.22"	"Handicap Chase"	"10"	"12"	"Crimin, S J"	"McKiernan, Oliver"
"14:10:00"	"2015-12-28"	"Catterick"	"Feast Of Fire (IRE)"	"33.00"	"46.57"	"Handicap Chase"	"PU"	"13"	"Day, Ryan D"	"Sowersby, M E"
"13:40:00"	"2015-12-28"	"Limerick"	"Bothair Clei (IRE)"	"8.00"	"12.5"	"Handicap Chase"	"1"	"11"	"OBrien, Mr E P"	"Murphy, D G"
"12:45:00"	"2015-12-28"	"Leopardstown"	"Forever Gold (IRE)"	"16.00"	"34"	"Handicap Hurdle"	"1"	"21"	"Timmons, C D"	"Cawley, Edward"
"14:55:00"	"2015-12-27"	"Leopardstown"	"Empire Of Dirt (IRE)"	"14.00"	"21.23"	"Handicap Chase"	"PU"	"28"	"Fitzpatrick, John"	"Murphy, C A"
"15:20:00"	"2015-12-26"	"Market Rasen"	"Touch Back (IRE)"	"4.50"	"5.96"	"Handicap Hurdle"	"5"	"13"	"OBrien, Mr T M"	"Bealby, C C"
"14:20:00"	"2015-12-26"	"Leopardstown"	"Pires"	"12.00"	"15.5"	"Handicap Chase"	"8"	"10"	"Meyler, D"	"Martin, A J"
"14:10:00"	"2015-12-26"	"Market Rasen"	"Up For An Oscar (IRE)"	"12.00"	"16.5"	"Handicap Chase"	"PU"	"12"	"Deutsch, Charlie"	"Bowen, Peter / Michael"
"13:35:00"	"2015-12-26"	"Market Rasen"	"Fergal Mael Duin"	"8.00"	"9.77"	"Handicap Novices Chase"	"F"	"8"	"Hodson, Mr J"	"Bridgwater, D G"
"12:25:00"	"2015-12-26"	"Down Royal"	"Noble Endeavor (IRE)"	"0.36"	"1.37"	"Beginners Chase"	"1"	"8"	"Kennedy, J W"	"Elliott, Gordon"
"12:45:00"	"2015-12-12"	"Tramore"	"Borussia (IRE)"	"14.00"	"23"	"Handicap Hurdle"	"4"	"16"	"Shortall, Shane"	"Leahy, Augustine"
"13:45:00"	"2015-12-11"	"Cheltenham"	"Aachen"	"12.00"	"13.98"	"Handicap Chase"	"1"	"8"	"Deutsch, Charlie"	"Williams, Miss Venetia"
"13:40:00"	"2015-12-10"	"Taunton"	"Goal (IRE)"	"16.00"	"25"	"Handicap Hurdle"	"4"	"17"	"Hampson, Brodie"	"Randell, Miss S"
"14:50:00"	"2015-12-08"	"Uttoxeter"	"Rose Red"	"16.00"	"22.77"	"Handicap Novices Hurdle"	"PU"	"8"	"Hammond, Charlie"	"Summers, B R"
"15:15:00"	"2015-12-06"	"Kelso"	"Kilquiggan (IRE)"	"5.50"	"7.08"	"Handicap Novices Hurdle"	"3"	"13"	"Fox, Steven"	"Thomson, A M"
"14:30:00"	"2015-12-05"	"Chepstow"	"Benvolio (IRE)"	"5.50"	"7.2"	"Handicap Chase"	"5"	"9"	"Sheppard, Stan"	"Nicholls, P F"
"13:30:00"	"2015-12-05"	"Wetherby"	"Yorkist (IRE)"	"5.00"	"6.16"	"Handicap Chase"	"4"	"6"	"OToole, Mr F"	"Hammond, Micky"
"15:10:00"	"2015-12-03"	"Wincanton"	"Head Spin (IRE)"	"14.00"	"15.69"	"Handicap Chase"	"5"	"5"	"Sansom, Daniel"	"Mullins, J W"
"12:50:00"	"2015-12-02"	"Catterick"	"Wakhan (IRE)"	"4.50"	"5.9"	"Handicap Chase"	"UR"	"11"	"Ryan, Trevor"	"Smith, Mrs S J"
"15:20:00"	"2015-11-29"	"Carlisle"	"Simarthur"	"7.00"	"9.4"	"Handicap Hurdle"	"7"	"8"	"Reed, Harry"	"Russell, Miss Lucinda V"
"14:10:00"	"2015-11-29"	"Fairyhouse"	"De Benno (IRE)"	"14.00"	"23.06"	"Handicap Hurdle"	"1"	"22"	"Shortall, Shane"	"Grace, James"
"12:50:00"	"2015-11-26"	"Thurles"	"Milan Breeze (IRE)"	"14.00"	"19.2"	"Handicap Chase"	"7"	"9"	"Kennedy, J W"	"Mooney, Miss Amanda"
"13:40:00"	"2015-11-22"	"Navan"	"Baroque Style (IRE)"	"2.00"	"2.98"	"Handicap Hurdle"	"1"	"11"	"Kennedy, J W"	"Elliott, Gordon"
"14:30:00"	"2015-11-18"	"Chepstow"	"Brownville"	"9.00"	"11.1"	"Handicap Chase"	"PU"	"11"	"Bargary, J P"	"Twiston-Davies, N A"
"12:40:00"	"2015-11-18"	"Warwick"	"Guards Chapel"	"100.00"	"236.97"	"Handicap Hurdle"	"3"	"15"	"Gorman, Mr G"	"Moore, Gary and Josh"
"12:35:00"	"2015-11-15"	"Punchestown"	"Colla Pier (IRE)"	"6.50"	"7.76"	"Handicap Hurdle"	"1"	"12"	"Kennedy, J W"	"Mooney, Patrick"
"15:25:00"	"2015-11-13"	"Cheltenham"	"Are They Your Own (IRE)"	"33.00"	"53.52"	"Handicap Novices Hurdle"	"9"	"20"	"Slatter, Mr N"	"OBrien, Fergal"
"13:40:00"	"2015-11-12"	"Taunton"	"Kayf Willow"	"3.33"	"5"	"Handicap Hurdle"	"8"	"11"	"Gethings, Ciaran"	"Hobbs, P J / White, J"
"13:10:00"	"2015-11-12"	"Taunton"	"Rainbow Haze"	"7.50"	"9.2"	"Handicap Hurdle"	"5"	"13"	"Moorcroft, Byron"	"Dando, P C"
"15:20:00"	"2015-11-11"	"Ayr"	"Madam Lilibet (IRE)"	"9.00"	"9.11"	"Handicap Hurdle"	"5"	"6"	"OToole, Mr F"	"Watt, Mrs S A"
"15:05:00"	"2015-11-08"	"Limerick"	"The Winkler (IRE)"	"4.50"	"5.68"	"Handicap Hurdle"	"2"	"9"	"ONeill, A F"	"Doyle, Eoin"
"14:15:00"	"2015-11-08"	"Navan"	"Baroque Style (IRE)"	"2.25"	"3.45"	"Handicap Hurdle"	"4"	"19"	"Kennedy, J W"	"Elliott, Gordon"
"12:40:00"	"2015-11-08"	"Navan"	"Russian Regent (IRE)"	"4.00"	"5.2"	"Handicap Hurdle"	"6"	"10"	"Kennedy, J W"	"Elliott, Gordon"
"15:15:00"	"2015-11-07"	"Wincanton"	"Byron Blue (IRE)"	"66.00"	"140.76"	"Handicap Hurdle"	"8"	"8"	"Heard, Mr M"	"Gillard, Mark"
"14:40:00"	"2015-11-07"	"Wincanton"	"Lily Waugh (IRE)"	"10.00"	"13"	"Handicap Hurdle"	"1"	"10"	"Noonan, David G"	"Honeyball, A J"
"15:20:00"	"2015-11-06"	"Hexham"	"The Ice Factor"	"8.50"	"10.96"	"Handicap Hurdle"	"3"	"10"	"Hamilton, Jamie"	"Hamilton, Mrs A C"
"15:45:00"	"2015-11-05"	"Thurles"	"The Conker Club (IRE)"	"16.00"	"25.43"	"Handicap Hurdle"	"7"	"18"	"Blackmore, Rachael"	"Harney, W"
"13:00:00"	"2015-11-05"	"Musselburgh"	"Academy (IRE)"	"18.00"	"22.52"	"Handicap Hurdle"	"PU"	"11"	"Alexander, Mr Kit"	"Alexander, N W"
"16:05:00"	"2015-11-04"	"Fairyhouse"	"All Or Now (IRE)"	"25.00"	"50"	"Handicap Hurdle"	"15"	"16"	"Moore, J M"	"OBrien, V T"
"12:45:00"	"2015-10-30"	"Uttoxeter"	"Suffice (IRE)"	"6.00"	"7.66"	"Handicap Hurdle"	"7"	"9"	"Cheesman, Tom"	"Young, Mrs L J"
"14:55:00"	"2015-10-29"	"Clonmel"	"Dawerann (IRE)"	"10.00"	"16"	"Handicap Hurdle"	"F"	"8"	"Kennedy, J W"	"Hourigan, Michael"
"14:30:00"	"2015-10-29"	"Sedgefield"	"Sealous Scout (IRE)"	"9.00"	"12"	"Handicap Hurdle"	"5"	"8"	"Cowley, James"	"McCain Jnr, D"
"15:35:00"	"2015-10-25"	"Galway"	"Rocky Court (IRE)"	"7.00"	"9"	"Handicap Hurdle"	"2"	"9"	"Meyler, D"	"Mahon, S J"
"15:20:00"	"2015-10-24"	"Cheltenham"	"Kie (IRE)"	"33.00"	"57.6"	"Handicap Chase"	"11"	"12"	"Heard, Mr M"	"Pipe, D E"
"17:05:00"	"2015-10-23"	"Cheltenham"	"Five Star Wilsham (IRE)"	"14.00"	"17"	"Handicap Chase"	"6"	"14"	"Slevin, J J"	"Twiston-Davies, N A"
"15:50:00"	"2015-10-22"	"Thurles"	"Akinspirit (IRE)"	"16.00"	"29.33"	"Handicap Hurdle"	"9"	"17"	"Meyler, D"	"Butler, Michael"
"17:15:00"	"2015-10-17"	"Stratford"	"Vexillum (IRE)"	"2.75"	"3.98"	"Handicap Hurdle"	"1"	"11"	"Hampson, Brodie"	"Mulholland, N P"
"14:35:00"	"2015-10-17"	"Ffos Las"	"Hassadin"	"2.50"	"3.7"	"Handicap Hurdle"	"4"	"8"	"McIntyre, Mr M J"	"Blake, Michael"
"17:00:00"	"2015-10-15"	"Carlisle"	"Maggie Blue (IRE)"	"11.00"	"12.2"	"Handicap Hurdle"	"1"	"9"	"Dowson, Thomas"	"Graham, Harriet/Rutherford, Gary"
"14:10:00"	"2015-10-15"	"Carlisle"	"Nafaath (IRE)"	"8.00"	"10"	"Handicap Hurdle"	"4"	"12"	"Cowley, James"	"McCain Jnr, D"
"16:25:00"	"2015-10-14"	"Wetherby"	"Fleet Dawn"	"100.00"	"238.1"	"Handicap Hurdle"	"12"	"13"	"Day, Ryan D"	"Wainwright, J S"
"14:05:00"	"2015-10-11"	"Limerick"	"Storm Away (IRE)"	"10.00"	"14.23"	"Handicap Hurdle"	"6"	"7"	"Kelly, Mr N M"	"Flynn, Patrick J"
"16:35:00"	"2015-10-09"	"Newton Abbot"	"Distracted (IRE)"	"1.88"	"2.96"	"Handicap Chase"	"1"	"6"	"Gethings, Ciaran"	"Stephens, Robert"
"17:40:00"	"2015-10-04"	"Uttoxeter"	"Supernoverre (IRE)"	"9.00"	"11"	"Handicap Hurdle"	"6"	"10"	"Noonan, David G"	"Jones, A E"
"16:45:00"	"2015-10-04"	"Tipperary"	"Do Na Paisti (IRE)"	"16.00"	"39.21"	"Handicap Hurdle"	"13"	"20"	"Kennedy, PAddy D"	"Fahey, P G"
"14:55:00"	"2015-10-03"	"Gowran Park"	"Swantykay (IRE)"	"8.00"	"10.11"	"Handicap Hurdle"	"9"	"14"	"Meyler, D"	"Doyle, Eoin"
"16:05:00"	"2015-09-29"	"Southwell"	"Optical High"	"16.00"	"16.47"	"Handicap Hurdle"	"5"	"8"	"McCarthy, Stephen"	"Smith, Mrs S J"
"14:20:00"	"2015-09-29"	"Southwell"	"Larkhall"	"5.00"	"6.86"	"Handicap Chase"	"2"	"5"	"Day, Ryan D"	"Sowersby, M E"
"15:05:00"	"2015-09-22"	"Ballinrobe"	"Supreme Benefit (IRE)"	"16.00"	"66.29"	"Handicap Hurdle"	"PU"	"16"	"Meyler, D"	"Doyle, Eoin"
"14:55:00"	"2015-09-19"	"Listowel"	"Bottle Rattler (IRE)"	"8.00"	"11.54"	"Handicap Chase"	"2"	"9"	"Meyler, D"	"Rothwell, P J"
"17:30:00"	"2015-09-09"	"Galway"	"Afatcat"	"5.50"	"6.8"	"Handicap Hurdle"	"1"	"12"	"Meyler, D"	"Mahon, S J"
"19:05:00"	"2015-09-04"	"Kilbeggan"	"Galboystown Lady (IRE)"	"6.00"	"8.63"	"Handicap Chase"	"3"	"7"	"Doran, T E"	"Howard, Aidan Anthony"
"19:00:00"	"2015-09-03"	"Clonmel"	"Dawerann (IRE)"	"8.00"	"11.89"	"Handicap Hurdle"	"5"	"10"	"Kennedy, J W"	"Hourigan, Michael"
"18:30:00"	"2015-09-03"	"Clonmel"	"Emmy Lou (IRE)"	"5.50"	"8.4"	"Handicap Hurdle"	"3"	"18"	"Cawley, Mr B F"	"Hogan, Denis Gerard"
"17:10:00"	"2015-08-30"	"Cork"	"Pierlow (IRE)"	"5.50"	"8.06"	"Handicap Hurdle"	"7"	"18"	"Robinson, D"	"Bromhead, Henry De"
"17:10:00"	"2015-08-30"	"Cork"	"Vicalus (IRE)"	"25.00"	"46.45"	"Handicap Hurdle"	"11"	"18"	"Ring, Mr A"	"Lee, Miss J M"
"17:10:00"	"2015-08-30"	"Cork"	"Lizzies Way (IRE)"	"10.00"	"19"	"Handicap Hurdle"	"17"	"18"	"Shortall, Shane"	"Ryan, Stephen"
"20:00:00"	"2015-08-27"	"Sedgefield"	"Supapowers (IRE)"	"2.50"	"3.7"	"Handicap Hurdle"	"4"	"7"	"Gethings, Ciaran"	"Stephens, Robert"
"14:30:00"	"2015-08-23"	"Worcester"	"My Brother Sylvest"	"6.50"	"8.4"	"Handicap Chase"	"3"	"7"	"Heard, Mr M"	"Pipe, D E"
"15:50:00"	"2015-08-22"	"Perth"	"Solway Prince"	"5.50"	"7.08"	"Handicap Novices Hurdle"	"7"	"10"	"Mulqueen, S"	"Harrison, Miss L"
"15:40:00"	"2015-08-22"	"Newton Abbot"	"Shout It Aloud"	"5.00"	"6.82"	"Handicap Novices Hurdle"	"3"	"10"	"Johns, Alan"	"Vaughan, Tim"
"17:00:00"	"2015-08-19"	"Worcester"	"Driving Well (IRE)"	"25.00"	"28.41"	"Handicap Chase"	"8"	"14"	"Cheesman, Tom"	"Whiting, A J"
"18:45:00"	"2015-08-15"	"Market Rasen"	"Towering (IRE)"	"2.00"	"3.34"	"Novices Hurdle"	"4"	"5"	"Mitchell, Mr F"	"Henderson, N J"
"19:25:00"	"2015-08-14"	"Tramore"	"Sweet Sylvia (IRE)"	"12.00"	"17.5"	"Handicap Hurdle"	"8"	"14"	"Kennedy, J W"	"Budds, David Kenneth"
"19:40:00"	"2015-08-10"	"Ballinrobe"	"Nimdani (IRE)"	"2.75"	"3.91"	"Maiden Hurdle"	"5"	"9"	"Kennedy, J W"	"Dunleavy, Mrs Y"
"18:40:00"	"2015-08-10"	"Ballinrobe"	"Georgie"	"12.00"	"20.66"	"Handicap Hurdle"	"6"	"16"	"Moore, J M"	"Cullinane, M O"
"18:30:00"	"2015-08-08"	"Kilbeggan"	"Emmy Lou (IRE)"	"2.50"	"3.85"	"Handicap Hurdle"	"3"	"16"	"Kennedy, J W"	"Hogan, Denis Gerard"
"19:40:00"	"2015-08-04"	"Roscommon"	"Old Supporter (IRE)"	"12.00"	"15.05"	"Handicap Chase"	"5"	"14"	"Shortall, Shane"	"Cullen, D W"
"14:15:00"	"2015-08-02"	"Galway"	"Lost Book (IRE)"	"8.00"	"11.59"	"Handicap Hurdle"	"3"	"15"	"Hayes, F J"	"Mahon, S J"
"17:10:00"	"2015-07-31"	"Galway"	"Tribes And Banner (IRE)"	"20.00"	"30"	"Handicap Hurdle"	"9"	"13"	"ONeill, A F"	"Lee, Norman"
"18:35:00"	"2015-07-28"	"Worcester"	"Another Flutter (IRE)"	"12.00"	"16.04"	"Handicap Chase"	"5"	"7"	"Sheppard, Stan"	"Sheppard, M"
"17:55:00"	"2015-07-23"	"Worcester"	"Owner Occupier"	"6.00"	"7.53"	"Handicap Hurdle"	"5"	"12"	"Kelk, Miss S"	"Gordon, C"
"17:25:00"	"2015-07-23"	"Worcester"	"Presence Felt (IRE)"	"4.50"	"6"	"Handicap Hurdle"	"1"	"11"	"Walton, Mr M"	"ONeill, Jonjo and AJ"
"17:25:00"	"2015-07-20"	"Cartmel"	"Stanley Bridge"	"7.00"	"8.8"	"Handicap Hurdle"	"4"	"10"	"ORegan, D W"	"Murtagh, Barry"
"16:55:00"	"2015-07-19"	"Stratford"	"Faustina Pius (IRE)"	"5.50"	"7.2"	"Handicap Novices Chase"	"2"	"6"	"Sheppard, Stan"	"Sheppard, M"
"20:05:00"	"2015-07-15"	"Worcester"	"Tenby Jewel (IRE)"	"20.00"	"21.42"	"Handicap Seller Hurdle"	"8"	"13"	"John, Mr P"	"Gillard, Mark"
"15:50:00"	"2015-07-15"	"Uttoxeter"	"Exemplary"	"8.50"	"9.6"	"Handicap Hurdle"	"9"	"9"	"Hawker, Robert"	"Farrelly, Johnny"
"20:20:00"	"2015-07-13"	"Killarney"	"The Fitz Lady (IRE)"	"9.00"	"13.63"	"Handicap Hurdle"	"6"	"18"	"Kennedy, J W"	"McNamara, E"
"17:15:00"	"2015-07-12"	"Sligo"	"Roman Numeral (IRE)"	"12.00"	"16.64"	"Handicap Hurdle"	"3"	"13"	"Meyler, D"	"Doyle, Eoin"
"17:05:00"	"2015-07-12"	"Stratford"	"Faith Jicaro (IRE)"	"7.00"	"9.2"	"Handicap Chase"	"2"	"8"	"Hodson, Mr J"	"Bridgwater, D G"
"17:20:00"	"2015-07-05"	"Limerick"	"Thinklike A Shrink (IRE)"	"2.75"	"4.13"	"NH Flat"	"5"	"15"	"Roche, Mr D"	"Halley, Vincent Laurence"
"14:35:00"	"2015-07-05"	"Limerick"	"Storm Away (IRE)"	"3.00"	"4.55"	"Hurdle"	"2"	"8"	"Kelly, Mr N M"	"Flynn, Patrick J"
"14:35:00"	"2015-07-05"	"Limerick"	"Pires"	"10.00"	"18.06"	"Hurdle"	"5"	"8"	"Shortall, Shane"	"Martin, A J"
"17:20:00"	"2015-07-01"	"Worcester"	"Tachbury"	"5.50"	"8.01"	"Handicap Novices Hurdle"	"3"	"10"	"Johns, Alan"	"Vaughan, Tim"
"16:10:00"	"2015-07-01"	"Perth"	"Grand Diamond (IRE)"	"16.00"	"19.5"	"Handicap Seller Hurdle"	"4"	"8"	"Irving, Dale"	"Goldie, J S"
"16:55:00"	"2015-06-28"	"Cartmel"	"Gurkha Brave (IRE)"	"4.50"	"6.2"	"Handicap Hurdle"	"6"	"11"	"Irving, Dale"	"McLintock, Karen"
"16:55:00"	"2015-06-28"	"Cartmel"	"Captain Brown"	"20.00"	"28"	"Handicap Hurdle"	"7"	"11"	"ORegan, D W"	"Moffatt, James"
"20:35:00"	"2015-06-23"	"Newton Abbot"	"Dance"	"12.00"	"29.39"	"Handicap Hurdle"	"UR"	"16"	"Glanville, Miss P"	"Millman, B R"
"20:30:00"	"2015-06-22"	"Kilbeggan"	"Libertys Gift (IRE)"	"10.00"	"13.5"	"Handicap Chase"	"9"	"12"	"Moore, J M"	"Flynn, Paul W"
"16:30:00"	"2015-06-21"	"Hexham"	"Harveys Hope"	"10.00"	"13.19"	"Handicap Hurdle"	"3"	"8"	"Dawson, Mr John"	"Reveley, K G"
"15:55:00"	"2015-06-17"	"Uttoxeter"	"Minella Bliss (IRE)"	"12.00"	"14.76"	"Handicap Hurdle"	"5"	"12"	"Hammond, Charlie"	"Evans, H J"
"17:30:00"	"2015-06-15"	"Southwell"	"Fire Tower"	"8.00"	"11.5"	"Handicap Hurdle"	"2"	"9"	"Hiskett, Daniel"	"Phillips, R T"
"16:55:00"	"2015-06-14"	"Downpatrick"	"Indian Fairy (IRE)"	"14.00"	"19.5"	"Handicap Chase"	"7"	"12"	"ONeill, A F"	"Doyle, Eoin"
"15:50:00"	"2015-06-14"	"Downpatrick"	"Broughtons Bandit"	"2.25"	"3.7"	"Handicap Hurdle"	"5"	"9"	"Kennedy, J W"	"Elliott, Gordon"
"18:35:00"	"2015-06-12"	"Clonmel"	"Boherna Lady (IRE)"	"18.00"	"33.42"	"Handicap Hurdle"	"15"	"17"	"Cawley, Mr B F"	"Hogan, Denis Gerard"
"17:45:00"	"2015-06-06"	"Limerick"	"My Manekineko"	"3.50"	"5.26"	"Maiden Hurdle"	"1"	"18"	"Mullins, David"	"Nash, J A"
"20:30:00"	"2015-06-03"	"Punchestown"	"Lucky Pat (IRE)"	"4.50"	"6.41"	"Handicap Hurdle"	"1"	"15"	"Mullins, David"	"Love, Mrs D A"
"18:00:00"	"2015-06-03"	"Punchestown"	"Savello (IRE)"	"12.00"	"17.5"	"Chase"	"1"	"10"	"Mullins, David"	"Martin, A J"
"19:35:00"	"2015-06-02"	"Southwell"	"King Of Strings (IRE)"	"5.00"	"6"	"Handicap Hurdle"	"4"	"6"	"Cornwall, Mr Joseph"	"Walford, Mark"
"17:00:00"	"2015-05-31"	"Fakenham"	"Occasionally Yours (IRE)"	"5.00"	"6.02"	"Handicap Hurdle"	"1"	"10"	"Worsley, Tabitha"	"Blackmore, A G"
"17:35:00"	"2015-05-24"	"Fontwell"	"Brass Monkey (IRE)"	"8.00"	"12"	"Handicap Hurdle"	"1"	"15"	"Kelly, Lizzie"	"King, N B"
"19:25:00"	"2015-05-21"	"Clonmel"	"Master Appeal (IRE)"	"7.00"	"10.09"	"Handicap Hurdle"	"9"	"17"	"McCurtin,Mr F A "	"Kiely, J E and Thomas"
"17:20:00"	"2015-05-21"	"Wetherby"	"Azure Glamour (IRE)"	"2.50"	"3.88"	"Handicap Hurdle"	"5"	"11"	"Richards, Miss J R"	"Richards, N G"
"19:30:00"	"2015-05-20"	"Sligo"	"Pennys Tune (IRE)"	"20.00"	"49.22"	"Handicap Hurdle"	"7"	"12"	"Fox, Steven"	"McNiff, Mark Michael"
"19:55:00"	"2015-05-18"	"Roscommon"	"Thats Nice (IRE) (OLD)"	"9.00"	"13"	"NH Flat"	"1"	"14"	"Maguire, Mr F"	"Hourigan, Michael"
"17:40:00"	"2015-05-17"	"Limerick"	"Nine Stiches (IRE)"	"4.50"	"7.08"	"NH Flat"	"5"	"8"	"McCurtin, Ambrose"	"Walsh, John J"
"17:05:00"	"2015-05-17"	"Limerick"	"Best Value (IRE)"	"14.00"	"21"	"Handicap Chase"	"1"	"10"	"Crimin, S J"	"Jr, T J Nagle"
"16:30:00"	"2015-05-17"	"Stratford"	"Lawsons Thorns (IRE)"	"9.00"	"13.08"	"Handicap Novices Hurdle"	"3"	"10"	"Andrews, Bridget"	"Skelton, Daniel"
"15:15:00"	"2015-05-16"	"Punchestown"	"Oscar Chimes (IRE)"	"8.00"	"10"	"Handicap Hurdle"	"2"	"24"	"Treacy, R P"	"ODonovan, M T"
"18:45:00"	"2015-05-15"	"Kilbeggan"	"Treacy Hotels Boy (IRE)"	"14.00"	"21"	"Handicap Hurdle"	"4"	"14"	"Robinson, D"	"Bromhead, Henry De"
"18:45:00"	"2015-05-14"	"Fontwell"	"Rey Nacarado (IRE)"	"16.00"	"27.63"	"Hunters Chase"	"PU"	"11"	"Andrews, Jack"	"Phelan, David"
"19:25:00"	"2015-05-08"	"Downpatrick"	"Fiery Oscar (IRE)"	"12.00"	"16.53"	"Handicap Chase"	"8"	"15"	"Fox, Mr A J"	"Sweeney, Rodger"
"20:00:00"	"2015-05-06"	"Uttoxeter"	"Brunswick Gold (IRE)"	"7.50"	"9.8"	"Hunters Chase"	"4"	"11"	"Robinson, Mr Stuart"	"Grissell, Miss Rose"
"14:20:00"	"2015-05-06"	"Kelso"	"Lord Usher (IRE)"	"9.00"	"11.73"	"Handicap Novices Hurdle"	"4"	"12"	"Bewley, Callum"	"Charlton, G A"
"16:50:00"	"2015-05-04"	"Kempton"	"Mr Lando"	"3.00"	"4.1"	"Handicap Hurdle"	"1"	"10"	"Hanson, Sam"	"Batchelor, Mrs A M"
"14:55:00"	"2015-05-04"	"Warwick"	"Greywell Boy"	"7.00"	"9.05"	"Handicap Chase"	"PU"	"11"	"Kelly, Lizzie"	"Williams, Nick"
"19:30:00"	"2015-05-02"	"Hexham"	"Filbert Fox (IRE)"	"125.00"	"270"	"Maiden Hunters Chase"	"7"	"15"	"McDonald, Rachael"	"Burns, Ms Samantha"
"18:30:00"	"2015-05-02"	"Hexham"	"Brother Scott"	"6.50"	"8.2"	"Handicap Chase"	"7"	"12"	"Bewley, Callum"	"Smith, Mrs S J"
"17:00:00"	"2015-05-02"	"Punchestown"	"The Crafty Butcher (IRE)"	"25.00"	"46.36"	"Handicap Chase"	"PU"	"19"	"Dempsey, Luke"	"Hourigan, Michael"
"19:45:00"	"2015-05-01"	"Punchestown"	"Warne (IRE)"	"6.00"	"11.5"	"Hunters Chase"	"4"	"9"	"Lavery, Mr D G"	"Hamilton, B R"
"19:15:00"	"2015-04-30"	"Punchestown"	"Storm Away (IRE)"	"9.00"	"11.31"	"Novices Hurdle"	"9"	"11"	"Kelly, Mr N M"	"Flynn, Patrick J"
"17:25:00"	"2015-04-23"	"Perth"	"Apachee Prince (IRE)"	"5.00"	"6.4"	"Handicap Novices Hurdle"	"7"	"8"	"Edgar, Kieron"	"Whillans, A C"
"17:55:00"	"2015-04-22"	"Fairyhouse"	"Never Said That (IRE)"	"2.00"	"3.33"	"Handicap Hurdle"	"1"	"11"	"Fox, Mr G N"	"Cawley, Edward"
"16:00:00"	"2015-04-21"	"Wexford"	"Kilcross Boy (IRE)"	"4.00"	"5.57"	"Handicap Hurdle"	"3"	"14"	"ONeill, A F"	"Doyle, Eoin"
"19:25:00"	"2015-04-17"	"Southwell"	"Dontupsettherhythm (IRE)"	"14.00"	"18.5"	"Handicap Novices Hurdle"	"6"	"12"	"Cornwall, Mr Joseph"	"Chapman, M C"
"18:50:00"	"2015-04-13"	"Tramore"	"Dog Barrel Hill (IRE)"	"8.00"	"11.33"	"Handicap Chase"	"5"	"14"	"Queally, Mr D L"	"Dullea, J D"
"18:20:00"	"2015-04-13"	"Tramore"	"Barbalicious (IRE)"	"16.00"	"26"	"Handicap Hurdle"	"RR"	"14"	"Shortall, Shane"	"Culloty, J H"
"16:25:00"	"2015-04-12"	"Market Rasen"	"Mr Syntax (IRE)"	"5.00"	"8.72"	"Handicap Chase"	"5"	"6"	"ORegan, D W"	"Grant, C"
"15:05:00"	"2015-04-12"	"Ffos Las"	"Champagne Rian (IRE)"	"7.00"	"9.6"	"Seller Hurdle"	"3"	"5"	"Brassil, C"	"Curtis, Miss Rebecca"
"14:55:00"	"2015-04-12"	"Tramore"	"Corporate Box (IRE)"	"4.50"	"5.54"	"Maiden Hurdle"	"1"	"10"	"Fox, Mr G N"	"Sweeney, Rodger"
"13:55:00"	"2015-04-11"	"Chepstow"	"Bincombe"	"2.50"	"3.8"	"Handicap Chase"	"1"	"4"	"Smith, Mr C"	"Hobbs, P J / White, J"
"18:05:00"	"2015-04-10"	"Wexford"	"Couleur De La Loi (IRE)"	"20.00"	"29.83"	"Handicap Hurdle"	"5"	"15"	"Moore, J M"	"Cleary, Michael G"
"16:50:00"	"2015-04-09"	"Taunton"	"Go Odee Go (IRE)"	"2.00"	"3.36"	"Handicap Hurdle"	"1"	"6"	"Andrews, Bridget"	"Skelton, Daniel"
"17:55:00"	"2015-04-07"	"Fairyhouse"	"Carsonstown Boy (IRE)"	"0.67"	"1.74"	"Hunters Chase"	"4"	"5"	"McParlan, Mr N"	"McBratney, C A"
"16:25:00"	"2015-04-07"	"Fairyhouse"	"Jimmy Two Times (IRE)"	"7.00"	"8.79"	"Handicap Novices Hurdle"	"1"	"16"	"Lavery, Mr D G"	"Hamilton, B R"
"16:25:00"	"2015-04-07"	"Fairyhouse"	"Fine Article (IRE)"	"8.00"	"11.76"	"Handicap Novices Hurdle"	"2"	"16"	"Dempsey, Luke"	"Nolan, Paul"
"14:40:00"	"2015-04-06"	"Chepstow"	"Just A Par (IRE)"	"3.50"	"4.67"	"Handicap Chase"	"3"	"12"	"Bowen, Sean P"	"Nicholls, P F"
"15:00:00"	"2015-04-05"	"Cork"	"Danequest (IRE)"	"20.00"	"38.84"	"Handicap Hurdle"	"4"	"15"	"Fox, Mr G N"	"Sweeney, Rodger"
"14:40:00"	"2015-04-01"	"Towcester"	"Khazium (IRE)"	"3.50"	"4.12"	"Handicap Chase"	"PU"	"5"	"Hamill, Mikey"	"Dyson, Miss C"
"16:00:00"	"2015-03-29"	"Limerick"	"Golan Road (IRE)"	"4.00"	"6.6"	"Hurdle"	"2"	"7"	"Mullins, David"	"Griffin, Michael C"
"14:55:00"	"2015-03-29"	"Limerick"	"Maguires Glen (IRE)"	"1.38"	"2.46"	"Handicap Hurdle"	"3"	"5"	"Mullins, David"	"Doyle, Miss Elizabeth"
"16:45:00"	"2015-03-28"	"Stratford"	"Westerly Breeze (IRE)"	"8.00"	"11.88"	"Handicap Hurdle"	"13"	"16"	"Ring, C V"	"Bevan, E G"
"15:15:00"	"2015-03-28"	"Navan"	"College Boy (IRE)"	"7.00"	"10"	"Handicap Hurdle"	"17"	"21"	"Dempsey, Luke"	"ODwyer, Conor"
"16:20:00"	"2015-03-23"	"Taunton"	"Barista (IRE)"	"8.00"	"9.63"	"Handicap Hurdle"	"4"	"9"	"Bowen, Sean P"	"Forsey, B"
"16:20:00"	"2015-03-22"	"Downpatrick"	"Personal Shopper"	"9.00"	"14"	"Handicap Chase"	"4"	"9"	"Crimin, S J"	"Smyth, H"
"15:25:00"	"2015-03-22"	"Wincanton"	"Steel Summit (IRE)"	"16.00"	"20.62"	"Handicap Hurdle"	"5"	"9"	"Quinlan, S M"	"Dennis, David"
"16:40:00"	"2015-03-21"	"Gowran Park"	"Ellaway Rose (IRE)"	"4.00"	"6.21"	"Beginners Chase"	"3"	"10"	"Fox, Mr G N"	"Kenny, S J"
"15:05:00"	"2015-03-21"	"Fontwell"	"Fourth Act (IRE)"	"7.00"	"8.53"	"Handicap Hurdle"	"7"	"10"	"Obrien, P V"	"Tizzard, C L"
"15:05:00"	"2015-03-19"	"Chepstow"	"Flanagans Field (IRE)"	"11.00"	"14.69"	"Handicap Hurdle"	"6"	"12"	"Williams, Robert"	"Llewellyn, B J"
"15:20:00"	"2015-03-17"	"Exeter"	"Just Spot"	"28.00"	"48"	"Handicap Novices Chase"	"2"	"10"	"Gethings, Ciaran"	"Bishop, K"
"14:50:00"	"2015-03-14"	"Newcastle"	"My Idea"	"5.00"	"8.22"	"Handicap Chase"	"5"	"6"	"Bourke, D F"	"Barnes, M A"
"16:40:00"	"2015-03-13"	"Cheltenham"	"Forthefunofit (IRE)"	"11.00"	"14.51"	"Handicap Hurdle"	"15"	"21"	"Cowley, Patrick"	"ONeill, Jonjo and AJ"
"16:40:00"	"2015-03-12"	"Cheltenham"	"Ericht (IRE)"	"28.00"	"35.93"	"Handicap Chase"	"9"	"24"	"Gethings, Ciaran"	"Henderson, N J"
"13:55:00"	"2015-03-12"	"Towcester"	"Chantara Rose"	"4.00"	"5.23"	"Novices Hurdle"	"3"	"9"	"Bowen, Sean P"	"Honeyball, A J"
"14:55:00"	"2015-03-11"	"Huntingdon"	"Bebinn (IRE)"	"2.25"	"3.55"	"Handicap Chase"	"4"	"7"	"Bargary, J P"	"Case, B I"
"14:40:00"	"2015-03-11"	"Cheltenham"	"Hisaabaat (IRE)"	"20.00"	"32"	"Handicap Hurdle"	"14"	"25"	"Dempsey, Luke"	"Weld, D K"
"16:30:00"	"2015-03-09"	"Plumpton"	"Red Anchor (IRE)"	"7.50"	"10.5"	"Handicap Chase"	"1"	"7"	"Garner, Thomas"	"Jewell, Mrs L C"
"16:30:00"	"2015-03-09"	"Plumpton"	"Charming Lad (IRE)"	"16.00"	"17.11"	"Handicap Chase"	"3"	"7"	"Burton, Danny"	"Day, Anthony"
"15:35:00"	"2015-03-07"	"Chepstow"	"Quite By Chance"	"2.25"	"3.4"	"Handicap Novices Chase"	"2"	"5"	"Legg, Michael"	"Tizzard, C L"
"15:10:00"	"2015-03-07"	"Sandown"	"Desert Cry (IRE)"	"50.00"	"196.55"	"Handicap Hurdle"	"8"	"23"	"Cowley, James"	"McCain Jnr, D"
"17:00:00"	"2015-03-06"	"Leicester"	"Swallows Delight (IRE)"	"25.00"	"36.59"	"Hunters Chase"	"5"	"12"	"Nixon, J"	"Mansell, Mrs Julie"
"16:00:00"	"2015-03-06"	"Sandown"	"Unowhatimeanharry"	"12.00"	"15.7"	"Handicap Hurdle"	"PU"	"11"	"Ring, C V"	"Nelmes, Mrs H R J"
"14:30:00"	"2015-03-06"	"Ayr"	"Mossies Well (IRE)"	"2.50"	"3.64"	"Maiden Hurdle"	"1"	"12"	"Fox, Steven"	"Thomson, A M"
"14:35:00"	"2015-03-05"	"Carlisle"	"Leney Cottage (IRE)"	"5.00"	"6.18"	"Handicap Novices Chase"	"4"	"13"	"Hamilton, Mr T"	"Hamilton, Mrs A C"
"14:00:00"	"2015-03-05"	"Carlisle"	"Suprise Vendor (IRE)"	"20.00"	"21.13"	"Handicap Hurdle"	"2"	"8"	"Coltherd, Sam W"	"Coltherd, W S"
"16:20:00"	"2015-03-04"	"Downpatrick"	"Personal Shopper"	"9.00"	"14.41"	"Handicap Chase"	"3"	"9"	"Crimin, S J"	"Smyth, H"
"16:20:00"	"2015-03-04"	"Downpatrick"	"Araglen Lad (IRE)"	"4.50"	"5.75"	"Handicap Chase"	"4"	"9"	"Moore, J M"	"Pakidis, Georgios"
"16:20:00"	"2015-02-26"	"Thurles"	"Triplets Joy (IRE)"	"8.00"	"14.06"	"Handicap Hurdle"	"7"	"10"	"Dempsey, Luke"	"Nolan, Paul"
"15:25:00"	"2015-02-25"	"Bangor"	"Bourne"	"8.50"	"11.5"	"Handicap Hurdle"	"4"	"6"	"Cowley, James"	"McCain Jnr, D"
"17:00:00"	"2015-02-24"	"Catterick"	"Blake Dean"	"6.00"	"7.27"	"Handicap Hurdle"	"4"	"7"	"Bewley, Callum"	"Smith, Mrs S J"
"15:50:00"	"2015-02-21"	"Fairyhouse"	"Rightdownthemiddle (IRE)"	"4.50"	"6.4"	"Handicap Hurdle"	"1"	"12"	"Dempsey, Luke"	"Mulvany, Michael"
"15:15:00"	"2015-02-21"	"Fairyhouse"	"Cinder Rua (IRE)"	"25.00"	"24"	"Handicap Hurdle"	"12"	"13"	"Kelly, Mr N M"	"Kelly, D T"
"14:20:00"	"2015-02-21"	"Newcastle"	"Fisher"	"12.00"	"16.95"	"Handicap Hurdle"	"8"	"9"	"Pratt, Dean"	"Quinn, J J"
"16:15:00"	"2015-02-18"	"Ludlow"	"Desert Recluse (IRE)"	"6.00"	"8.11"	"Handicap Hurdle"	"5"	"13"	"Sherwood, Mr J"	"Oliver, Henry"
"15:55:00"	"2015-02-18"	"Doncaster"	"Harry Hunt"	"50.00"	"76.57"	"Handicap Hurdle"	"5"	"12"	"Hatch, R"	"McPherson, Graeme P"
"14:50:00"	"2015-02-17"	"Wetherby"	"Masirann (IRE)"	"8.00"	"26.39"	"Novices Hurdle"	"3"	"9"	"Moscrop, Nathan"	"Ellison, B"
"15:30:00"	"2015-02-15"	"Ffos Las"	"Our Maimie (IRE)"	"16.00"	"18.71"	"Handicap Hurdle"	"4"	"6"	"Hatch, R"	"McPherson, Graeme P"
"16:30:00"	"2015-02-14"	"Haydock"	"Algernon Pazham (IRE)"	"2.25"	"3.47"	"Handicap Novices Chase"	"2"	"7"	"Hatch, R"	"Twiston-Davies, N A"
"14:55:00"	"2015-02-14"	"Haydock"	"Benbens (IRE)"	"8.00"	"11.07"	"Handicap Chase"	"7"	"12"	"Hatch, R"	"Twiston-Davies, N A"
"14:30:00"	"2015-02-14"	"Wincanton"	"Pride In Battle (IRE)"	"10.00"	"15.5"	"Handicap Hurdle"	"10"	"11"	"Bellamy, Tom"	"King, A"
"15:50:00"	"2015-02-12"	"Fontwell"	"Mariet"	"10.00"	"15.94"	"Handicap Hurdle"	"5"	"13"	"Sherwood, Mr J"	"Smith, Miss Suzy"
"14:50:00"	"2015-02-12"	"Fontwell"	"Bally Gunner"	"25.00"	"29.76"	"Handicap Chase"	"4"	"9"	"Tett, Frederick"	"Tett, Henry"
"15:15:00"	"2015-02-10"	"Ayr"	"Northern Acres"	"6.50"	"8.68"	"Handicap Hurdle"	"3"	"12"	"Campbell, Blair"	"Alexander, N W"
"16:20:00"	"2015-02-09"	"Plumpton"	"Pembroke House"	"4.00"	"5.54"	"Handicap Hurdle"	"4"	"9"	"Heard, Mr M"	"Davies, Miss Sarah-Jayne"
"13:55:00"	"2015-02-05"	"Huntingdon"	"Minella Bliss (IRE)"	"4.50"	"6.2"	"Handicap Hurdle"	"6"	"9"	"Poste, Ben J"	"Evans, H J"
"16:10:00"	"2015-02-01"	"Punchestown"	"More Madness (IRE)"	"4.00"	"5.5"	"Handicap Chase"	"5"	"9"	"Fox, Mr G N"	"OBrien, Terence"
"15:40:00"	"2015-01-31"	"Fairyhouse"	"Mine Now (IRE)"	"6.50"	"9.17"	"Handicap Novices Hurdle"	"2"	"17"	"Deegan, R"	"Fahey, Peter"
"15:20:00"	"2015-01-26"	"Ludlow"	"Sun Quest"	"66.00"	"299.57"	"Handicap Hurdle"	"11"	"17"	"King, Mr James"	"Dixon, S D"
"14:50:00"	"2015-01-24"	"Uttoxeter"	"Matrows Lady (IRE)"	"8.00"	"12"	"Handicap Novices Chase"	"PU"	"7"	"McIntyre, Mr M J"	"Mulholland, N P"
"15:50:00"	"2015-01-19"	"Exeter"	"Aroseforoscar"	"7.50"	"10.51"	"Handicap Hurdle"	"1"	"14"	"Gethings, Ciaran"	"Down, C J"
"15:20:00"	"2015-01-18"	"Leopardstown"	"Mireya (IRE)"	"8.00"	"13"	"Handicap Hurdle"	"PU"	"17"	"Burke, Martin P"	"Harrison, Miss Katherine Jane"
"16:05:00"	"2015-01-17"	"Ascot"	"Bally Beaufort (IRE)"	"6.00"	"7.06"	"Novices Hurdle"	"4"	"7"	"Bargary, J P"	"Twiston-Davies, N A"
"15:40:00"	"2015-01-17"	"Naas"	"Heavenly Brook (IRE)"	"4.00"	"5.09"	"Handicap Chase"	"2"	"7"	"Watson, M"	"Watson, R K"
"16:05:00"	"2015-01-12"	"Plumpton"	"Nouailhas"	"3.50"	"4.95"	"Handicap Hurdle"	"2"	"6"	"Poste, Ben J"	"OBrien, Daniel"
"12:40:00"	"2015-01-11"	"Kelso"	"Donnas Diamond (IRE)"	"1.38"	"2.56"	"Novices Hurdle"	"1"	"8"	"ORegan, D W"	"Grant, C"
"15:45:00"	"2015-01-10"	"Kempton"	"First Avenue"	"14.00"	"17.09"	"Handicap Hurdle"	"7"	"8"	"Sherwood, Mr J"	"Mongan, Mrs L J"
"13:35:00"	"2015-01-10"	"Kempton"	"Tuscan Gold"	"16.00"	"25"	"Novices Hurdle"	"3"	"6"	"Sherwood, Mr J"	"Mongan, Mrs L J"
"14:30:00"	"2015-01-06"	"Sedgefield"	"Lucky Landing (IRE)"	"7.50"	"9.56"	"Handicap Hurdle"	"4"	"5"	"Pratt, Dean"	"Coyle, Tony"
"15:05:00"	"2015-01-04"	"Naas"	"Good As Gold"	"10.00"	"15.1"	"Handicap Hurdle"	"2"	"11"	"Meyler, D"	"Fahy, P A"
"14:40:00"	"2015-01-03"	"Wincanton"	"Blue Buttons (IRE)"	"5.00"	"6.71"	"Handicap Hurdle"	"1"	"9"	"Derwin, Gary"	"Fry, Harry"
"14:40:00"	"2015-01-03"	"Wincanton"	"Oscar Prairie (IRE)"	"16.00"	"21.66"	"Handicap Hurdle"	"4"	"9"	"Walsh, Mr C M"	"Greatrex, W J"
"15:20:00"	"2015-01-01"	"Musselburgh"	"Capellanus (IRE)"	"3.33"	"4.5"	"Handicap Hurdle"	"5"	"6"	"Gallagher, Craig"	"Ellison, B"
"13:55:00"	"2015-01-01"	"Cheltenham"	"Rolling Aces (IRE)"	"7.00"	"8.8"	"Handicap Chase"	"4"	"13"	"Bowen, Sean P"	"Nicholls, P F"
"14:45:00"	"2014-12-31"	"Punchestown"	"Rory OMoore (IRE)"	"14.00"	"17"	"Handicap Hurdle"	"9"	"11"	"ONeill, Mr J W"	"ONeill, Ronald"
"15:15:00"	"2014-12-26"	"Limerick"	"Missie Ella (IRE)"	"12.00"	"24"	"Handicap Chase"	"10"	"11"	"Cawley, Mr B F"	"Hogan, Denis Gerard"
"15:00:00"	"2014-12-26"	"Down Royal"	"Forjoethepainter (IRE)"	"8.00"	"13.15"	"Handicap Hurdle"	"5"	"13"	"Treacy, R P"	"Mulholland, Anthony"
"14:00:00"	"2014-12-26"	"Down Royal"	"Killultagh Sarah (IRE)"	"12.00"	"17.73"	"Maiden Hurdle"	"1"	"11"	"McParlan, Mr N"	"McBratney, C A"
"12:20:00"	"2014-12-21"	"Thurles"	"Mark Me Up"	"25.00"	"38.58"	"Handicap Chase"	"4"	"10"	"Ring, Mr A"	"Rothwell, P J"
"13:50:00"	"2014-12-17"	"Ludlow"	"Grimley Girl"	"4.50"	"5.81"	"Handicap Hurdle"	"2"	"14"	"Supple, Jo"	"Oliver, Henry"
"13:55:00"	"2014-12-13"	"Tramore"	"Perrie Hill (IRE)"	"3.50"	"4.79"	"Handicap Hurdle"	"3"	"11"	"Benson, D J"	"Dooly, N"
"13:40:00"	"2014-12-12"	"Cheltenham"	"Bothy"	"8.00"	"9.35"	"Handicap Hurdle"	"6"	"8"	"Bowen, Sean P"	"Ellison, B"
"14:20:00"	"2014-12-08"	"Musselburgh"	"Ballyvoque (IRE)"	"8.00"	"10.43"	"Handicap Hurdle"	"2"	"13"	"Bewley, Callum"	"Charlton, G A"
"14:20:00"	"2014-12-08"	"Musselburgh"	"William Money (IRE)"	"40.00"	"44"	"Handicap Hurdle"	"11"	"13"	"ORegan, D W"	"Grant, C"
"13:30:00"	"2014-12-06"	"Aintree"	"Mr Moonshine (IRE) (OLD)"	"25.00"	"31.84"	"Handicap Chase"	"PU"	"25"	"Bourke, D F"	"Smith, Mrs S J"
"13:30:00"	"2014-12-06"	"Aintree"	"Benbens (IRE)"	"14.00"	"16.5"	"Handicap Chase"	"UR"	"25"	"Hatch, R"	"Twiston-Davies, N A"
"12:45:00"	"2014-12-04"	"Clonmel"	"Make A Track (IRE)"	"4.00"	"5.9"	"Hurdle"	"1"	"8"	"Cawley, Mr B F"	"Swan, C F"
"15:00:00"	"2014-12-02"	"Sedgefield"	"Beyondtemptation"	"5.00"	"6.5"	"Handicap Novices Hurdle"	"2"	"6"	"ORegan, D W"	"Haynes, J C"
"15:10:00"	"2014-11-30"	"Fairyhouse"	"Folsom Blue (IRE)"	"16.00"	"22.25"	"Handicap Chase"	"UR"	"13"	"Shortall, Shane"	"ODwyer, Conor"
"15:05:00"	"2014-11-29"	"Fairyhouse"	"Crowded Room (IRE)"	"12.00"	"15"	"Handicap Hurdle"	"3"	"24"	"Dempsey, Luke"	"Cunningham, Michael"
"15:05:00"	"2014-11-29"	"Fairyhouse"	"Norah Starr (IRE)"	"25.00"	"93.73"	"Handicap Hurdle"	"18"	"24"	"Darcy, K P"	"Hogan, Denis Gerard"
"14:55:00"	"2014-11-28"	"Musselburgh"	"Endeavor"	"5.50"	"7.05"	"Handicap Hurdle"	"1"	"10"	"Sayer, Miss E C"	"Sayer, Mrs Dianne"
"13:45:00"	"2014-11-28"	"Musselburgh"	"Merchant Of Dubai"	"2.25"	"3.6"	"Maiden Hurdle"	"4"	"12"	"Day, Ryan D"	"Goldie, J S"
"12:15:00"	"2014-11-26"	"Wetherby"	"Leath Acra Mor (IRE)"	"6.00"	"7.2"	"Claimer Hurdle"	"2"	"7"	"Bargary, J P"	"Williams, Ian"
"15:25:00"	"2014-11-24"	"Ludlow"	"Pennant Dancer"	"20.00"	"23.01"	"Handicap Hurdle"	"9"	"12"	"John, Mr P"	"Hamer, Mrs D A"
"14:50:00"	"2014-11-22"	"Huntingdon"	"Carmela Maria"	"8.00"	"9.74"	"Handicap Hurdle"	"4"	"8"	"Nicol, Mr Adam"	"Sowersby, M E"
"14:50:00"	"2014-11-20"	"Chepstow"	"Hectors House"	"10.00"	"15.79"	"Handicap Hurdle"	"4"	"9"	"Garner, Mr O"	"Evans, Mrs N S"
"15:05:00"	"2014-11-19"	"Fairyhouse"	"Happy New Year (IRE)"	"20.00"	"29"	"Handicap Hurdle"	"8"	"11"	"Crimin, S J"	"McKiernan, Oliver"
"15:30:00"	"2014-11-17"	"Plumpton"	"Ballyheigue Bay (IRE)"	"6.50"	"7.9"	"Handicap Hurdle"	"2"	"9"	"Teal, Harry"	"Gordon, C"
"13:30:00"	"2014-11-15"	"Wetherby"	"Bourne"	"8.00"	"10"	"Handicap Hurdle"	"6"	"10"	"Cowley, James"	"McCain Jnr, D"
"15:10:00"	"2014-11-11"	"Huntingdon"	"Goldie Horn"	"8.00"	"9.51"	"Handicap Hurdle"	"3"	"6"	"Hatch, R"	"Twiston-Davies, N A"
"15:50:00"	"2014-11-09"	"Limerick"	"Pleased As Punch (IRE)"	"3.50"	"4.8"	"Handicap Hurdle"	"2"	"9"	"Benson, D J"	"Leahy, Augustine"
"12:55:00"	"2014-11-08"	"Wincanton"	"Berties Desire"	"2.25"	"3.51"	"Handicap Chase"	"2"	"5"	"Garner, Thomas"	"Sherwood, O"
"12:45:00"	"2014-11-08"	"Sandown"	"Teochew (IRE)"	"6.50"	"8.8"	"Handicap Hurdle"	"7"	"11"	"Walsh, Mr C M"	"Greatrex, W J"
"14:50:00"	"2014-11-07"	"Hexham"	"Mrs Grass"	"16.00"	"19"	"Handicap Hurdle"	"1"	"8"	"ORegan, D W"	"Haynes, J C"
"14:40:00"	"2014-11-06"	"Towcester"	"Cove (IRE)"	"4.00"	"5.6"	"Handicap Hurdle"	"2"	"9"	"Deutsch, Charlie"	"Gifford, N J"
"13:55:00"	"2014-11-01"	"Down Royal"	"Res Ipsa Loquitur (IRE)"	"20.00"	"27.23"	"Handicap Hurdle"	"13"	"16"	"Ring, Mr A"	"Levins, J F"
"15:20:00"	"2014-10-29"	"Worcester"	"Annamult (IRE)"	"25.00"	"32"	"Handicap Hurdle"	"8"	"11"	"Stirling, Miss A E"	"Phillips, A"
"14:05:00"	"2014-10-29"	"Punchestown"	"De Glebe Star (IRE)"	"25.00"	"51.46"	"Handicap Hurdle"	"12"	"14"	"Slevin, Mr N T"	"Slevin, Miss Frances"
"15:40:00"	"2014-10-28"	"Ffos Las"	"No Through Road"	"1.75"	"3"	"Handicap Chase"	"1"	"4"	"Hawker, Robert"	"Scudamore, M J"
"16:05:00"	"2014-10-27"	"Galway"	"Raajih"	"7.00"	"8.8"	"Handicap Hurdle"	"8"	"12"	"Dempsey, Luke"	"Elliott, Gordon"
"15:35:00"	"2014-10-27"	"Galway"	"Roadtotheisland (IRE)"	"3.50"	"5.15"	"Handicap Hurdle"	"3"	"16"	"Shortall, Shane"	"Cullinane, M O"
"15:15:00"	"2014-10-26"	"Aintree"	"Uncle Jimmy (IRE)"	"5.00"	"6.8"	"Handicap Hurdle"	"2"	"8"	"Cheesman, Tom"	"Hobbs, P J / White, J"
"14:20:00"	"2014-10-25"	"Wexford"	"Dominetta Vitali (IRE)"	"6.00"	"7.6"	"Beginners Chase"	"UR"	"9"	"ONeill, A F"	"Doyle, Eoin"
"16:45:00"	"2014-10-22"	"Fontwell"	"Stentorian (IRE)"	"12.00"	"17.78"	"Handicap Novices Hurdle"	"4"	"10"	"Gorman, Mr G"	"Moore, Gary and Josh"
"16:30:00"	"2014-10-17"	"Downpatrick"	"Darwins Theory (IRE)"	"2.50"	"3.65"	"Beginners Chase"	"3"	"7"	"Fox, Mr G N"	"Queally, John"
"15:00:00"	"2014-10-16"	"Uttoxeter"	"Minella Bliss (IRE)"	"6.00"	"9"	"Handicap Chase"	"2"	"6"	"Poste, Ben J"	"Evans, H J"
"14:45:00"	"2014-10-12"	"Ffos Las"	"Cardigan Island (IRE)"	"8.00"	"10"	"Handicap Chase"	"3"	"6"	"Hughes, Miss Jodie"	"Burchell, D"
"17:10:00"	"2014-10-11"	"Hexham"	"Endeavor"	"2.75"	"4"	"Handicap Chase"	"4"	"8"	"Day, Ryan D"	"Sayer, Mrs Dianne"
"14:30:00"	"2014-10-09"	"Worcester"	"Tenby Jewel (IRE)"	"16.00"	"18.56"	"Handicap Chase"	"5"	"10"	"Barber, Matthew"	"Gillard, Mark"
"14:00:00"	"2014-10-09"	"Worcester"	"The Omen"	"14.00"	"17.75"	"Handicap Novices Chase"	"1"	"12"	"Johns, Alan"	"Vaughan, Tim"
"15:50:00"	"2014-10-02"	"Clonmel"	"A Decent Excuse (IRE)"	"3.50"	"5.25"	"Handicap Hurdle"	"3"	"11"	"OSullivan, Mr E M"	"OSullivan, Eugene M"
"16:25:00"	"2014-10-01"	"Sligo"	"Cavite Beta (IRE)"	"2.00"	"3.05"	"Handicap Chase"	"2"	"10"	"Burke, Jonathan"	"Dreaper, J T R"
"15:00:00"	"2014-09-29"	"Newton Abbot"	"Unforgettable (IRE)"	"6.50"	"8.67"	"Handicap Chase"	"3"	"7"	"Bowen, Sean P"	"Bowen, Peter / Michael"
"17:50:00"	"2014-09-19"	"Listowel"	"Luimneach Abu (IRE)"	"10.00"	"16"	"Handicap Hurdle"	"14"	"18"	"King, Mr J J"	"Broderick, J P"
"18:15:00"	"2014-09-11"	"Clonmel"	"Boherna Lady (IRE)"	"16.00"	"23"	"Maiden Hurdle"	"3"	"8"	"Darcy, K P"	"Hogan, Denis Gerard"
"14:40:00"	"2014-09-09"	"Worcester"	"Kayalar (IRE)"	"3.00"	"4.47"	"Handicap Chase"	"4"	"7"	"Orr, Conor"	"Williams, Evan"
"14:10:00"	"2014-09-08"	"Newton Abbot"	"Upsanddowns (IRE)"	"0.40"	"1.41"	"Maiden Hurdle"	"1"	"6"	"Ring, C V"	"Williams, Evan"
"19:00:00"	"2014-09-05"	"Kilbeggan"	"Dedoctorsdaughter (IRE)"	"7.00"	"8.4"	"Handicap Chase"	"1"	"8"	"Cawley, Mr B F"	"Hogan, Denis Gerard"
"17:00:00"	"2014-09-05"	"Kilbeggan"	"Zane Grey (IRE)"	"3.50"	"4.6"	"Handicap Hurdle"	"5"	"14"	"Burke, Jonathan"	"Bromhead, Henry De"
"16:25:00"	"2014-09-05"	"Kilbeggan"	"Fellow Indian (IRE)"	"16.00"	"26.06"	"Maiden Hurdle"	"6"	"11"	"Foley, Mr P T"	"Foley, Thomas"
"16:50:00"	"2014-08-31"	"Cork"	"Sports Line (IRE)"	"33.00"	"45.62"	"Handicap Hurdle"	"4"	"21"	"ONeill, Mr P J"	"ONeill, John F"
"18:45:00"	"2014-08-28"	"Bellewstown"	"Whatever It Takes (IRE)"	"8.00"	"12"	"Handicap Hurdle"	"9"	"14"	"McGarvey, J S"	"Madden, Niall"
"17:25:00"	"2014-08-25"	"Downpatrick"	"Lucky Pigeon (IRE)"	"1.75"	"2.81"	"Handicap Hurdle"	"2"	"14"	"Burke, Jonathan"	"Fogarty, Aidan F"
"17:55:00"	"2014-08-23"	"Cartmel"	"Claude Carter"	"7.00"	"10"	"Handicap Hurdle"	"5"	"10"	"Beaumont, Mr Gary"	"Whillans, A C"
"14:30:00"	"2014-08-23"	"Cartmel"	"Bonne Fee"	"1.88"	"3.15"	"Novices Hurdle"	"1"	"3"	"Cookson, Edward"	"Bailey, K C"
"20:15:00"	"2014-08-22"	"Killarney"	"Jamesmicheal (IRE)"	"2.75"	"3.95"	"Maiden Hurdle"	"5"	"8"	"Shortall, Shane"	"Brassil, John"
"19:45:00"	"2014-08-22"	"Killarney"	"Sir Harry Cash"	"16.00"	"27.09"	"Handicap Hurdle"	"14"	"15"	"Dempsey, Luke"	"McNamara, E"
"19:15:00"	"2014-08-22"	"Killarney"	"On My Own (IRE)"	"16.00"	"26.6"	"Handicap Hurdle"	"1"	"16"	"Dempsey, Luke"	"Fenton, Philip"
"20:20:00"	"2014-08-19"	"Sligo"	"Donatis Comet (IRE)"	"1.00"	"2.18"	"Maiden Hurdle"	"1"	"11"	"Shortall, Shane"	"Fahy, P A"
"18:10:00"	"2014-08-19"	"Worcester"	"Traditional Bob (IRE)"	"7.00"	"9.4"	"Handicap Chase"	"PU"	"5"	"Ring, C V"	"Williams, Evan"
"19:50:00"	"2014-08-15"	"Tramore"	"Like The Da (IRE)"	"12.00"	"17"	"Handicap Chase"	"6"	"11"	"Burke, Jonathan"	"Fogarty, Aidan F"
"18:50:00"	"2014-08-15"	"Tramore"	"Oscar Vespasian (IRE)"	"16.00"	"20.45"	"Handicap Hurdle"	"5"	"16"	"Burke, Jonathan"	"Queally, John"
"19:30:00"	"2014-08-14"	"Tramore"	"On The Way Out (IRE)"	"5.00"	"6.4"	"Handicap Chase"	"1"	"9"	"Burke, Jonathan"	"Kiely, J E and Thomas"
"17:40:00"	"2014-08-14"	"Fontwell"	"Mister Matt (IRE)"	"12.00"	"16.4"	"Handicap Chase"	"4"	"6"	"Poste, Ben J"	"Symonds, Tom"
"19:55:00"	"2014-08-11"	"Ballinrobe"	"Go Paddy Go (IRE)"	"6.50"	"8.8"	"Handicap Hurdle"	"7"	"14"	"Burke, Martin P"	"Grace, James"
"19:55:00"	"2014-08-11"	"Ballinrobe"	"Limpopo Tom (IRE)"	"14.00"	"17.75"	"Handicap Hurdle"	"8"	"14"	"McGarvey, J S"	"Flynn, Paul W"
"19:30:00"	"2014-08-09"	"Kilbeggan"	"Bonifacio (IRE)"	"28.00"	"55"	"Beginners Chase"	"3"	"9"	"OSullivan, Mr G"	"Harty, Sabrina J"
"18:10:00"	"2014-08-07"	"Sligo"	"Via Del Corso"	"12.00"	"21.24"	"Handicap Hurdle"	"3"	"11"	"Burke, Jonathan"	"Kelly, David Martin"
"14:15:00"	"2014-08-03"	"Galway"	"Mon Carlos (IRE)"	"50.00"	"97.87"	"Handicap Hurdle"	"8"	"15"	"Dempsey, Luke"	"Mahon, S J"
"14:15:00"	"2014-08-03"	"Galway"	"Lost Book (IRE)"	"10.00"	"12.58"	"Handicap Hurdle"	"UR"	"15"	"Meyler, D"	"Mahon, S J"
"17:10:00"	"2014-08-01"	"Galway"	"Holeinthewall Bar (IRE)"	"20.00"	"31.35"	"Handicap Hurdle"	"9"	"12"	"Dempsey, Luke"	"Hourigan, Michael"
"20:35:00"	"2014-07-29"	"Perth"	"City Line (IRE)"	"4.00"	"5.24"	"Handicap Hurdle"	"1"	"5"	"Barry, Mr J C"	"Thornton, Karl"
"20:20:00"	"2014-07-29"	"Worcester"	"Panache"	"100.00"	"163.68"	"Maiden Hurdle"	"1"	"11"	"Hughes, Miss Jodie"	"Clarke, Mrs A"
"20:20:00"	"2014-07-24"	"Limerick"	"Wontbelongnow (IRE)"	"16.00"	"29.1"	"Handicap Hurdle"	"8"	"11"	"McCurtin, Ambrose"	"Walsh, John J"
"17:00:00"	"2014-07-20"	"Stratford"	"Osorios Trial"	"12.00"	"13.63"	"Handicap Novices Chase"	"6"	"7"	"Banks, Mr J"	"Middleton, A"
"20:30:00"	"2014-07-18"	"Kilbeggan"	"Cherryantor (IRE)"	"10.00"	"15"	"Handicap Chase"	"10"	"12"	"Burke, Jonathan"	"Madden, I"
"19:25:00"	"2014-07-18"	"Kilbeggan"	"Taken Twice (IRE)"	"12.00"	"13.89"	"Handicap Hurdle"	"6"	"14"	"Sexton, K C"	"McDonagh, Michael J"
"14:10:00"	"2014-07-14"	"Newton Abbot"	"Calverleigh Court (IRE)"	"100.00"	"218.62"	"Novices Hurdle"	"5"	"7"	"Smith, Mr C"	"Sanderson, Mrs K M"
"16:30:00"	"2014-07-13"	"Sligo"	"Mojito Royale (IRE)"	"4.00"	"5.4"	"Handicap Hurdle"	"2"	"9"	"Burke, Jonathan"	"Doyle, Eoin"
"17:15:00"	"2014-07-06"	"Market Rasen"	"Kings Road"	"16.00"	"24.51"	"Handicap Hurdle"	"1"	"12"	"Mason, Joanna"	"Murphy, Anabel K"
"15:20:00"	"2014-07-06"	"Bellewstown"	"Good Decision (IRE)"	"9.00"	"15.06"	"Handicap Hurdle"	"4"	"9"	"Mulvihill, John"	"Roche, C"
"14:35:00"	"2014-07-06"	"Limerick"	"Shes Tensixtysix (IRE)"	"16.00"	"40"	"Maiden Hurdle"	"7"	"15"	"Sexton, K C"	"Kelly, David Harry"
"14:20:00"	"2014-07-02"	"Worcester"	"Hinton Indiana"	"4.50"	"6.5"	"Handicap Chase"	"5"	"11"	"Andrews, Bridget"	"Skelton, Daniel"
"18:30:00"	"2014-07-01"	"Stratford"	"Osorios Trial"	"18.00"	"22.75"	"Handicap Hurdle"	"4"	"10"	"Banks, Mr J"	"Middleton, A"
"19:05:00"	"2014-06-24"	"Newton Abbot"	"Canadian Diamond (IRE)"	"12.00"	"15.66"	"Handicap Hurdle"	"PU"	"7"	"Banks, Mr J"	"Powell, B G"
"18:45:00"	"2014-06-24"	"Ballinrobe"	"Aranhill Chief (IRE)"	"9.00"	"11.48"	"Handicap Hurdle"	"6"	"13"	"Shortall, Shane"	"Mahon, S J"
"17:00:00"	"2014-06-22"	"Hexham"	"Danny Cool"	"9.00"	"13.01"	"Handicap Chase"	"PU"	"10"	"Dennis, Phil"	"Reveley, K G"
"16:50:00"	"2014-06-22"	"Worcester"	"Detroit Red"	"20.00"	"28"	"Handicap Hurdle"	"UR"	"13"	"Mills, Miss Alice"	"Hill, M"
"16:20:00"	"2014-06-21"	"Gowran Park"	"Billybuster (IRE)"	"12.00"	"13.5"	"Handicap Hurdle"	"11"	"19"	"Butler, S E"	"Delahunty, William"
"19:10:00"	"2014-06-20"	"Down Royal"	"Forjoethepainter (IRE)"	"6.00"	"7"	"Handicap Hurdle"	"8"	"10"	"Sexton, K C"	"Mulholland, Anthony"
"21:10:00"	"2014-06-18"	"Southwell"	"Galley Slave (IRE)"	"50.00"	"53.94"	"Handicap Hurdle"	"4"	"10"	"Cornwall, Mr Joseph"	"Chapman, M C"
"20:30:00"	"2014-06-18"	"Wexford"	"On The Way Out (IRE)"	"7.00"	"9.87"	"Handicap Chase"	"5"	"9"	"Burke, Jonathan"	"Kiely, J E and Thomas"
"16:00:00"	"2014-06-15"	"Downpatrick"	"Native Court (IRE)"	"33.00"	"123.85"	"Beginners Chase"	"7"	"9"	"Fox, Derek R"	"McNiff, Mark Michael"
"17:55:00"	"2014-06-13"	"Clonmel"	"Dowds Angle (IRE)"	"25.00"	"42.6"	"Handicap Hurdle"	"PU"	"18"	"Bowes, M W"	"Ryder, Shane Kieran"
"17:50:00"	"2014-06-13"	"Aintree"	"Hopstrings"	"16.00"	"24"	"Handicap Hurdle"	"5"	"12"	"Johns, Alan"	"Brooks, C P E"
"17:25:00"	"2014-06-13"	"Clonmel"	"Sports Line (IRE)"	"33.00"	"50"	"Handicap Hurdle"	"14"	"18"	"ONeill, Mr P J"	"ONeill, John F"
"18:10:00"	"2014-06-06"	"Downpatrick"	"Over Church Road (IRE)"	"8.00"	"11.67"	"Handicap Hurdle"	"3"	"14"	"Lavery, Mr D G"	"Hamilton, B R"
"20:20:00"	"2014-06-04"	"Punchestown"	"Kalann (IRE)"	"33.00"	"120"	"Handicap Hurdle"	"14"	"18"	"OSullivan, Mr G"	"Harty, Sabrina J"
"15:10:00"	"2014-06-02"	"Listowel"	"Coolmill (IRE)"	"25.00"	"37.48"	"Handicap Hurdle"	"13"	"17"	"Treacy, R P"	"OShea, D F"
"17:20:00"	"2014-06-01"	"Kilbeggan"	"Coole Avenue (IRE)"	"25.00"	"55"	"Handicap Chase"	"F"	"11"	"McGarvey, J S"	"Cooper, Thomas"
"16:20:00"	"2014-06-01"	"Kilbeggan"	"Cousin Bill (IRE)"	"12.00"	"16.98"	"Handicap Hurdle"	"PU"	"16"	"Noonan, G B"	"Hughes, D T"
"16:40:00"	"2014-05-29"	"Worcester"	"Tenby Jewel (IRE)"	"10.00"	"12.27"	"Handicap Hurdle"	"6"	"10"	"Derwin, Gary"	"Gillard, Mark"
"21:00:00"	"2014-05-27"	"Ballinrobe"	"Limpopo Tom (IRE)"	"10.00"	"15.84"	"Beginners Chase"	"3"	"10"	"Cawley, Mr B F"	"Flynn, Paul W"
"20:30:00"	"2014-05-27"	"Ballinrobe"	"Georgie"	"8.00"	"14"	"Handicap Chase"	"6"	"12"	"Burke, Jonathan"	"Cullinane, M O"
"19:10:00"	"2014-05-24"	"Ffos Las"	"Taste The Wine (IRE)"	"8.00"	"10.39"	"Handicap Hurdle"	"5"	"5"	"Williams, Robert"	"Llewellyn, B J"
"15:40:00"	"2014-05-21"	"Newton Abbot"	"Shades Of Autumn (IRE)"	"4.00"	"5.72"	"Handicap Novices Chase"	"3"	"8"	"Smith, Mr C"	"Blackford, Miss L A"
"18:10:00"	"2014-05-17"	"Uttoxeter"	"Prince Freddie"	"4.00"	"5.83"	"Handicap Hurdle"	"9"	"12"	"Moore, Mr K"	"Brotherton, R"
"17:05:00"	"2014-05-17"	"Punchestown"	"Ardglen (IRE)"	"12.00"	"14.5"	"Handicap Chase"	"6"	"14"	"Hayes, Brian"	"Hughes, D T"
"21:05:00"	"2014-05-14"	"Perth"	"Some Lad (IRE)"	"3.00"	"4.6"	"Handicap Novices Hurdle"	"6"	"7"	"Hamilton, Mr T"	"Hamilton, Mrs A C"
"19:35:00"	"2014-05-14"	"Perth"	"Caerlaverock (IRE)"	"8.00"	"9.54"	"Handicap Hurdle"	"4"	"9"	"Watters, Mr G B"	"Dobbin, Mrs R"
"16:00:00"	"2014-05-14"	"Uttoxeter"	"Wood Yer (IRE)"	"9.00"	"10.91"	"Handicap Chase"	"PU"	"7"	"Hatch, R"	"Twiston-Davies, N A"
"15:05:00"	"2014-05-14"	"Worcester"	"Wait No More (IRE)"	"20.00"	"26.23"	"Handicap Chase"	"5"	"11"	"Shoemark, Conor P"	"Mulholland, N P"
"16:00:00"	"2014-05-11"	"Plumpton"	"Gores Island (IRE)"	"5.00"	"6.4"	"Handicap Hurdle"	"1"	"6"	"Akehurst, Mr J"	"Moore, Gary and Josh"
"13:55:00"	"2014-05-10"	"Hexham"	"Double Whammy"	"5.50"	"7.21"	"Handicap Novices Chase"	"UR"	"8"	"Nichol, Craig"	"Jardine, I"
"19:20:00"	"2014-05-09"	"Downpatrick"	"Schindlers Rock (IRE)"	"3.00"	"4.3"	"Handicap Chase"	"7"	"10"	"Hayes, Brian"	"Pugh, Richard"
"18:55:00"	"2014-05-09"	"Cork"	"Band Of Blood (IRE)"	"5.00"	"6.4"	"Handicap Hurdle"	"1"	"10"	"Sexton, K C"	"Fenton, Philip"
"18:10:00"	"2014-05-09"	"Downpatrick"	"Personal Shopper"	"16.00"	"34"	"Handicap Hurdle"	"4"	"15"	"Hayes, Brian"	"Smyth, H"
"16:00:00"	"2014-05-09"	"Market Rasen"	"Azure Fly (IRE)"	"2.75"	"3.76"	"Handicap Hurdle"	"5"	"7"	"Deutsch, Charlie"	"Longsdon, C E"
"19:40:00"	"2014-05-08"	"Carlisle"	"Foot The Bill"	"16.00"	"20"	"Handicap Hurdle"	"3"	"12"	"Colliver, J"	"Holmes, P F"
"20:30:00"	"2014-05-07"	"Worcester"	"Acapulco Bay"	"12.00"	"20.34"	"Handicap Hurdle"	"14"	"17"	"Williams, Robert"	"Burchell, D"
"16:35:00"	"2014-05-07"	"Kelso"	"Fiddlers Reel"	"2.50"	"3.84"	"Handicap Chase"	"2"	"7"	"Bourke, D F"	"Clark, Jane"
"15:25:00"	"2014-05-07"	"Kelso"	"Neptune Equester"	"7.50"	"8.73"	"Handicap Chase"	"2"	"7"	"Bourke, D F"	"Thomson, A M"
"18:40:00"	"2014-05-06"	"Fairyhouse"	"Back To Balloo (IRE)"	"5.00"	"7.6"	"Beginners Chase"	"1"	"7"	"McParlan, Mr N"	"McBratney, C A"
"16:30:00"	"2014-05-05"	"Ffos Las"	"Jaunty Journey"	"5.00"	"7.4"	"Handicap Hurdle"	"6"	"7"	"Hatch, R"	"Twiston-Davies, N A"
"14:55:00"	"2014-05-05"	"Down Royal"	"Luddsdenene (IRE)"	"9.00"	"12.15"	"Handicap Hurdle"	"3"	"14"	"Shortall, Shane"	"Rothwell, P J"
"19:15:00"	"2014-05-01"	"Punchestown"	"Ellaway Rose (IRE)"	"66.00"	"245.38"	"Novices Hurdle"	"6"	"13"	"Fox, Mr G N"	"Kenny, J P"
"18:05:00"	"2014-05-01"	"Punchestown"	"The Crafty Butcher (IRE)"	"16.00"	"30.54"	"Handicap Hurdle"	"3"	"25"	"Fox, Mr G N"	"Hourigan, Michael"
"15:40:00"	"2014-05-01"	"Punchestown"	"Six Stone Ned (IRE)"	"25.00"	"35.17"	"Handicap Hurdle"	"16"	"25"	"Fox, Mr G N"	"Meade, Noel"
"20:20:00"	"2014-04-30"	"Cheltenham"	"Cottage Oak (IRE)"	"8.00"	"11.34"	"Hunters Chase"	"BD"	"13"	"Dalton, Miss A"	"OShea, J J"
"16:50:00"	"2014-04-27"	"Limerick"	"Baresi (IRE)"	"5.50"	"7.21"	"Handicap Chase"	"1"	"12"	"Fox, Mr G N"	"Byrnes, C"
"19:25:00"	"2014-04-25"	"Newton Abbot"	"Whos Jeff (IRE)"	"5.50"	"6.97"	"Handicap Hurdle"	"5"	"7"	"Gethings, Ciaran"	"Hobbs, P J / White, J"
"16:10:00"	"2014-04-25"	"Perth"	"Hidden Horizons (IRE)"	"6.50"	"9"	"Handicap Chase"	"2"	"12"	"Fox, Mr A J"	"Crawford, S R B"
"17:30:00"	"2014-04-24"	"Perth"	"Owen Na View (IRE)"	"12.00"	"15.22"	"Handicap Novices Hurdle"	"PU"	"10"	"Shoemark, Conor P"	"OBrien, Fergal"
"14:50:00"	"2014-04-24"	"Perth"	"Northern Acres"	"6.50"	"8.11"	"Handicap Hurdle"	"1"	"12"	"Alexander, Mr Kit"	"Alexander, N W"
"17:25:00"	"2014-04-23"	"Taunton"	"Frontier Vic"	"5.00"	"7.4"	"Handicap Novices Hurdle"	"2"	"10"	"Hatch, R"	"Twiston-Davies, N A"
"16:45:00"	"2014-04-22"	"Wetherby"	"Yukon Delta (IRE)"	"1.50"	"2.82"	"Handicap Novices Chase"	"1"	"8"	"Pratt, Dean"	"Johnson, R"
"17:35:00"	"2014-04-21"	"Chepstow"	"Tin Pot Man (IRE)"	"16.00"	"23"	"Handicap Chase"	"6"	"14"	"Ring, C V"	"Williams, Evan"
"17:00:00"	"2014-04-21"	"Chepstow"	"Ifyouthinkso"	"8.00"	"11.57"	"Handicap Hurdle"	"3"	"12"	"Bellamy, Tom"	"Jones, Lucy"
"17:00:00"	"2014-04-21"	"Fairyhouse"	"Jamsie Hall (IRE)"	"40.00"	"68.3"	"Handicap Chase"	"4"	"26"	"Fox, Mr G N"	"Elliott, Gordon"
"17:00:00"	"2014-04-21"	"Fairyhouse"	"Rogue Angel (IRE)"	"16.00"	"21"	"Handicap Chase"	"16"	"26"	"Sexton, K C"	"Morris, M F"
"17:30:00"	"2014-04-20"	"Cork"	"Thekingofconnemara (IRE)"	"6.50"	"7.89"	"NH Flat"	"4"	"18"	"Burke, Jonathan"	"Doyle, Miss Elizabeth"
"16:00:00"	"2014-04-20"	"Cork"	"Andiamos (IRE)"	"5.00"	"7.6"	"Handicap Hurdle"	"7"	"17"	"Linehan, E D"	"Mullins, W P"
"16:00:00"	"2014-04-20"	"Cork"	"Love On Top (IRE)"	"16.00"	"50.7"	"Handicap Hurdle"	"12"	"17"	"McCurtin,Mr F A "	"Walsh, John J"
"16:00:00"	"2014-04-20"	"Cork"	"Dromnea (IRE)"	"20.00"	"55.12"	"Handicap Hurdle"	"14"	"17"	"Shortall, Shane"	"Morris, M F"
"15:10:00"	"2014-04-20"	"Fairyhouse"	"Black Spot On (IRE)"	"10.00"	"16.5"	"Handicap Novices Hurdle"	"8"	"20"	"Bowes, M W"	"Woods, J"
"15:40:00"	"2014-04-19"	"Carlisle"	"Maybe I Wont"	"18.00"	"23"	"Handicap Hurdle"	"7"	"10"	"Nichol, Craig"	"Moffatt, James"
"15:05:00"	"2014-04-19"	"Carlisle"	"Lucky Landing (IRE)"	"4.00"	"5.77"	"Handicap Chase"	"4"	"5"	"Hamilton, Jamie"	"Coyle, Tony"
"16:45:00"	"2014-04-16"	"Sedgefield"	"Maxed Out King (IRE)"	"2.50"	"3.81"	"Novices Hurdle"	"PU"	"12"	"Bourke, D F"	"Smith, Mrs S J"
"15:40:00"	"2014-04-12"	"Bangor"	"Blazing Desert"	"7.00"	"8.33"	"Handicap Hurdle"	"PU"	"10"	"Garner, Thomas"	"Kinsey, W R"
"18:50:00"	"2014-04-11"	"Wexford"	"Lisrose (IRE)"	"14.00"	"28"	"Handicap Chase"	"6"	"9"	"McGarvey, J S"	"Curran, Ms Alice"
"17:50:00"	"2014-04-11"	"Wexford"	"Jacks Island (IRE)"	"16.00"	"24.05"	"Handicap Hurdle"	"5"	"16"	"Fox, Mr G N"	"Kenny, J P"
"17:30:00"	"2014-04-10"	"Ludlow"	"Easydoesit (IRE)"	"9.00"	"10.53"	"Handicap Hurdle"	"PU"	"9"	"Deutsch, Charlie"	"Carroll, A W"
"16:40:00"	"2014-04-10"	"Towcester"	"Carli King (IRE)"	"2.25"	"3.52"	"Handicap Chase"	"6"	"12"	"Mann, Mr P"	"Bailey, Mrs Caroline"
"14:40:00"	"2014-04-10"	"Towcester"	"One For The Boss (IRE)"	"3.33"	"4.6"	"Handicap Chase"	"8"	"9"	"Wallis, C"	"Burchell, D"
"16:15:00"	"2014-04-09"	"Limerick"	"Shaunas Dream (IRE)"	"25.00"	"32.9"	"Beginners Chase"	"2"	"8"	"Cawley, Mr B F"	"Swan, C F"
"15:45:00"	"2014-04-09"	"Limerick"	"City Line (IRE)"	"100.00"	"285.46"	"Beginners Chase"	"8"	"13"	"Barry, Mr J C"	"Thornton, Karl"
"15:15:00"	"2014-04-09"	"Limerick"	"Corporate Box (IRE)"	"16.00"	"30.94"	"Handicap Hurdle"	"6"	"10"	"Kennedy, PAddy D"	"Sweeney, Rodger"
"14:45:00"	"2014-04-09"	"Limerick"	"Rightville Boy (IRE)"	"4.00"	"5.27"	"Handicap Hurdle"	"1"	"12"	"Sexton, K C"	"Neville, Patrick"
"13:45:00"	"2014-04-06"	"Market Rasen"	"Simplified"	"66.00"	"104.74"	"Handicap Seller Hurdle"	"UR"	"6"	"Swan, Miss G"	"Chapman, M C"
"16:10:00"	"2014-03-31"	"Hexham"	"Saddlers Mot"	"8.00"	"10.79"	"Handicap Hurdle"	"5"	"9"	"Dawson, Mr John"	"Tutty, Mrs K J"
"14:10:00"	"2014-03-29"	"Uttoxeter"	"Prince Freddie"	"14.00"	"18.86"	"Handicap Hurdle"	"6"	"15"	"Hatch, R"	"Brotherton, R"
"13:40:00"	"2014-03-29"	"Uttoxeter"	"Allow Dallow (IRE)"	"1.75"	"2.8"	"Maiden Hurdle"	"4"	"12"	"OBrien, Mr T M"	"ONeill, Jonjo and AJ"
"16:50:00"	"2014-03-28"	"Newcastle"	"Baltic Pathfinder (IRE)"	"7.00"	"9.2"	"Handicap Chase"	"2"	"7"	"ORegan, D W"	"Smith, Mrs S J"
"15:55:00"	"2014-03-28"	"Wetherby"	"Be My Deputy (IRE)"	"10.00"	"13.55"	"Handicap Chase"	"4"	"7"	"Fox, Derek R"	"Russell, Miss Lucinda V"
"16:10:00"	"2014-03-25"	"Chepstow"	"Look For Love"	"20.00"	"27.49"	"Handicap Hurdle"	"4"	"12"	"Gardner, Lucy"	"Gardner, Mrs S"
"16:10:00"	"2014-03-25"	"Chepstow"	"Littledean Jimmy (IRE)"	"50.00"	"100"	"Handicap Hurdle"	"12"	"12"	"Banks, Mr J"	"Oshea, J G M"
"14:55:00"	"2014-03-23"	"Downpatrick"	"Seskinane (IRE)"	"3.00"	"4.5"	"Hurdle"	"3"	"4"	"Fox, Derek R"	"McMahon, Brian M"
"13:30:00"	"2014-03-22"	"Kelso"	"Trust Thomas"	"3.33"	"4.8"	"Handicap Hurdle"	"7"	"10"	"Watters, Mr G B"	"Hamilton, Mrs A"
"14:40:00"	"2014-03-19"	"Haydock"	"Rumble of Thunder (IRE)"	"6.00"	"7.8"	"Handicap Hurdle"	"2"	"10"	"Nicol, Mr Adam"	"Kirby, P A"
"16:35:00"	"2014-03-17"	"Wexford"	"Rubert (IRE)"	"16.00"	"28"	"Handicap Chase"	"10"	"14"	"McGarvey, J S"	"Cullen, D W"
"16:10:00"	"2014-03-17"	"Southwell"	"Around A Pound (IRE)"	"16.00"	"26"	"Handicap Hurdle"	"PU"	"15"	"Deutsch, Charlie"	"Kent, Nick"
"15:50:00"	"2014-03-15"	"Uttoxeter"	"Red Rocco (IRE)"	"20.00"	"26.51"	"Handicap Chase"	"5"	"16"	"Bargary, J P"	"Twiston-Davies, N A"
"15:45:00"	"2014-03-15"	"Limerick"	"Sir Harry Cash"	"8.00"	"10.65"	"Handicap Hurdle"	"1"	"17"	"Shortall, Shane"	"McNamara, E"
"15:15:00"	"2014-03-15"	"Uttoxeter"	"Seymour Eric"	"11.00"	"12.08"	"Handicap Hurdle"	"9"	"12"	"Hatch, R"	"Keighley, M"
"16:40:00"	"2014-03-14"	"Cheltenham"	"Open Day (IRE)"	"33.00"	"58.41"	"Handicap Hurdle"	"PU"	"24"	"Huxham, Mr J"	"ONeill, Jonjo and AJ"
"15:35:00"	"2014-03-14"	"Fakenham"	"Occasionally Yours (IRE)"	"25.00"	"32"	"Handicap Hurdle"	"5"	"10"	"Akehurst, Mr J"	"Blackmore, A G"
"15:35:00"	"2014-03-13"	"Hexham"	"Fozy Moss"	"5.50"	"8.19"	"Handicap Chase"	"PU"	"7"	"Bourke, D F"	"Coltherd, W S"
"16:50:00"	"2014-03-10"	"Taunton"	"Beauchamp Viking"	"14.00"	"19.25"	"Handicap Chase"	"UR"	"8"	"Ennis, Mikey"	"Froud, H C"
"14:20:00"	"2014-03-10"	"Taunton"	"Russian Song (IRE)"	"25.00"	"28"	"Handicap Hurdle"	"9"	"11"	"Legg, Michael"	"Shaw, Mrs F M"
"17:10:00"	"2014-03-09"	"Market Rasen"	"In The Gate (IRE)"	"7.00"	"10.23"	"Handicap Hurdle"	"PU"	"10"	"Deutsch, Charlie"	"Longsdon, C E"
"14:30:00"	"2014-03-08"	"Ayr"	"See Double You (IRE)"	"1.38"	"2.5"	"Handicap Chase"	"1"	"3"	"McNally, Mr R M P"	"McNally, Ronan M P"
"16:15:00"	"2014-03-07"	"Sandown"	"Tafika"	"2.00"	"3.1"	"Handicap Chase"	"2"	"5"	"Chenery, Capt Max"	"Webber, P R"
"15:05:00"	"2014-03-07"	"Sandown"	"Le Reve (IRE)"	"3.00"	"4.5"	"Chase"	"2"	"9"	"Michael, Capt A"	"Wadham, Mrs L"
"17:10:00"	"2014-03-06"	"Clonmel"	"Lough Roe Lady (IRE)"	"8.00"	"9.22"	"Handicap Chase"	"5"	"12"	"Cawley, Mr B F"	"Byrne, Philip Michael"
"16:10:00"	"2014-03-02"	"Sedgefield"	"Beau Dandy (IRE)"	"3.00"	"4.71"	"Handicap Chase"	"3"	"6"	"ORegan, D W"	"Grant, C"
"14:50:00"	"2014-02-25"	"Catterick"	"Orlittlebylittle"	"16.00"	"21.75"	"Handicap Hurdle"	"6"	"9"	"Young, Miss K"	"McCain Jnr, D"
"14:20:00"	"2014-02-23"	"Naas"	"Rocky Wednesday (IRE)"	"16.00"	"35.89"	"Handicap Hurdle"	"7"	"10"	"ONeill, Ms Lisa"	"Elliott, Gordon"
"14:55:00"	"2014-02-22"	"Newcastle"	"War On (IRE)"	"25.00"	"42.22"	"Handicap Chase"	"PU"	"16"	"ORegan, D W"	"Grant, C"
"14:35:00"	"2014-02-22"	"Fairyhouse"	"Oscar Fiain (IRE)"	"4.50"	"6.71"	"Handicap Hurdle"	"8"	"12"	"Ring, Mr A"	"Levins, J F"
"16:15:00"	"2014-02-21"	"Thurles"	"Lisrose (IRE)"	"16.00"	"24"	"Novices Chase"	"1"	"7"	"McGarvey, J S"	"Curran, Ms Alice"
"15:40:00"	"2014-02-19"	"Punchestown"	"Jacks Island (IRE)"	"14.00"	"19.92"	"Handicap Hurdle"	"4"	"22"	"Fox, Mr G N"	"Kenny, J P"
"15:25:00"	"2014-02-19"	"Doncaster"	"Categorical"	"25.00"	"34.01"	"Handicap Chase"	"9"	"10"	"Challoner, Mr Harry"	"Reveley, K G"
"16:20:00"	"2014-02-16"	"Navan"	"Shanroe Society (IRE)"	"12.00"	"15"	"Handicap Hurdle"	"6"	"14"	"McKenna, Liam"	"Lambe, J J"
"15:15:00"	"2014-02-15"	"Ascot"	"Dan Breen (IRE)"	"25.00"	"32"	"Handicap Hurdle"	"PU"	"15"	"Bellamy, Tom"	"Pipe, D E"
"14:55:00"	"2014-02-13"	"Kelso"	"Mister Marker (IRE)"	"8.00"	"9.46"	"Handicap Chase"	"1"	"8"	"Richards, Miss J R"	"Richards, N G"
"15:30:00"	"2014-02-05"	"Carlisle"	"Suprise Vendor (IRE)"	"10.00"	"11.5"	"Handicap Novices Chase"	"UR"	"5"	"Bourke, D F"	"Coltherd, W S"
"16:30:00"	"2014-02-02"	"Musselburgh"	"Scots Gaelic (IRE)"	"2.00"	"3.35"	"Handicap Hurdle"	"3"	"6"	"Pratt, Dean"	"Quinn, J J"
"14:45:00"	"2014-02-01"	"Wetherby"	"Tweedledrum"	"7.50"	"9.81"	"Handicap Hurdle"	"F"	"7"	"Poste, Ben J"	"Symonds, Tom"
"13:30:00"	"2014-02-01"	"Ffos Las"	"Gate Please (IRE)"	"6.00"	"9.01"	"Novices Hurdle"	"4"	"9"	"Corbett, Patrick E"	"Curtis, Miss Rebecca"
"16:40:00"	"2014-01-30"	"Wincanton"	"Thats Yer Man (IRE)"	"28.00"	"42.19"	"NH Flat"	"8"	"13"	"Smith, Mr C"	"Blackford, Miss L A"
"15:40:00"	"2014-01-22"	"Fairyhouse"	"Prince Of Forwards"	"33.00"	"166.35"	"Handicap Hurdle"	"9"	"16"	"Timmons, C D"	"Hughes, P"
"13:40:00"	"2014-01-21"	"Leicester"	"Tinelyra (IRE)"	"2.50"	"3.9"	"Handicap Chase"	"PU"	"9"	"Hogg, Mr R"	"OBrien, Fergal"
"13:20:00"	"2014-01-21"	"Wetherby"	"Carmela Maria"	"25.00"	"37.84"	"Handicap Hurdle"	"PU"	"15"	"Colliver, J"	"Sowersby, M E"
"15:20:00"	"2014-01-19"	"Fairyhouse"	"Cross To Boston (IRE)"	"14.00"	"20.14"	"Handicap Chase"	"4"	"15"	"Ring, Mr A"	"Rothwell, P J"
"14:45:00"	"2014-01-17"	"Musselburgh"	"Endeavor"	"33.00"	"67.03"	"Handicap Hurdle"	"9"	"9"	"Sayer, Miss E C"	"Sayer, Mrs Dianne"
"14:35:00"	"2014-01-14"	"Exeter"	"Barton Gift"	"3.00"	"4.3"	"Handicap Chase"	"1"	"10"	"Boinville, Nico"	"Spearing, J L"
"14:40:00"	"2014-01-11"	"Kempton"	"Kaylif Aramis"	"7.00"	"9.2"	"Handicap Hurdle"	"5"	"13"	"Hatch, R"	"Twiston-Davies, N A"
"13:50:00"	"2014-01-11"	"Punchestown"	"Carry Each Other (IRE)"	"8.00"	"11.18"	"Handicap Chase"	"2"	"19"	"Clements, Mr S"	"Morris, M F"
"13:50:00"	"2014-01-11"	"Punchestown"	"Hidden Crack"	"16.00"	"27.17"	"Handicap Chase"	"9"	"19"	"King, Mr J J"	"Fahey, Seamus"
"13:50:00"	"2014-01-11"	"Punchestown"	"Lough Roe Lady (IRE)"	"16.00"	"43.17"	"Handicap Chase"	"PU"	"19"	"Lavery, Mr D G"	"Byrne, Philip Michael"
"13:15:00"	"2014-01-11"	"Punchestown"	"Hold Em Cowboy (IRE)"	"1.75"	"2.92"	"Handicap Chase"	"3"	"10"	"Winston, John"	"Elliott, Gordon"
"15:05:00"	"2014-01-09"	"Catterick"	"Summerlea (IRE)"	"2.50"	"3.73"	"Handicap Hurdle"	"2"	"8"	"Nichol, Craig"	"Hammond, Micky"
"13:40:00"	"2014-01-06"	"Thurles"	"Code Dancer (IRE)"	"7.00"	"9.04"	"Handicap Chase"	"5"	"18"	"Ring, Mr A"	"Carey, Patrick"
"12:35:00"	"2014-01-04"	"Newcastle"	"Cloverhill Lad (IRE)"	"5.00"	"7.2"	"Handicap Chase"	"1"	"4"	"Bourke, D F"	"Coltherd, W S"
"15:25:00"	"2014-01-01"	"Tramore"	"Sweet Sylvia (IRE)"	"14.00"	"18.5"	"Handicap Chase"	"PU"	"14"	"Malone, G"	"Budds, David Kenneth"
"14:10:00"	"2014-01-01"	"Musselburgh"	"Ultimate"	"10.00"	"15.79"	"Handicap Hurdle"	"7"	"14"	"Gallagher, Craig"	"Ellison, B"
"13:15:00"	"2014-01-01"	"Fairyhouse"	"Civena (IRE)"	"16.00"	"28.15"	"Beginners Chase"	"1"	"9"	"ONeill, A F"	"Berry, J A"
"13:05:00"	"2014-01-01"	"Catterick"	"Forestside (IRE)"	"2.00"	"3.35"	"Handicap Chase"	"3"	"4"	"Kelly, T"	"Murtagh, Barry"
"15:20:00"	"2013-12-29"	"Limerick"	"Coole Avenue (IRE)"	"14.00"	"22"	"Beginners Chase"	"2"	"8"	"Holly, J P"	"Cooper, Thomas"
"13:15:00"	"2013-12-29"	"Doncaster"	"Mister Dillon"	"8.00"	"10.73"	"Handicap Hurdle"	"1"	"11"	"Boinville, Nico"	"Henderson, N J"
"14:25:00"	"2013-12-28"	"Catterick"	"Croco Bay (IRE)"	"9.00"	"11.4"	"Handicap Novices Chase"	"1"	"6"	"Challoner, Mr Harry"	"Atkinson, P G"
"13:05:00"	"2013-12-28"	"Limerick"	"Golden Plan (IRE)"	"2.50"	"3.71"	"Maiden Hurdle"	"5"	"10"	"Butler, S E"	"Fahey, Mark"
"14:55:00"	"2013-12-27"	"Leopardstown"	"Heaney (IRE)"	"16.00"	"25.9"	"Handicap Chase"	"9"	"28"	"Hayes, Brian"	"Taaffe, T J"
"14:55:00"	"2013-12-26"	"Wetherby"	"Aneyeforaneye (IRE)"	"7.50"	"9.2"	"Handicap Chase"	"6"	"9"	"England, Jonathan"	"Jefferson, J M"
"14:20:00"	"2013-12-26"	"Leopardstown"	"On The Way Out (IRE)"	"16.00"	"26"	"Handicap Chase"	"5"	"14"	"Walsh, Mr C M"	"Kiely, J E and Thomas"
"13:55:00"	"2013-12-26"	"Sedgefield"	"Walser (IRE)"	"6.00"	"8"	"Handicap Hurdle"	"6"	"7"	"Dawson, Mr John"	"Wade, J"
"13:05:00"	"2013-12-26"	"Wincanton"	"Chance Encounter (IRE)"	"6.00"	"7.83"	"Handicap Novices Hurdle"	"F"	"8"	"Smith, Mr C"	"Blackford, Miss L A"
"13:00:00"	"2013-12-26"	"Market Rasen"	"Ivans Back (IRE)"	"8.00"	"10.38"	"Handicap Novices Hurdle"	"5"	"11"	"Deutsch, Charlie"	"Kent, Nick"
"13:00:00"	"2013-12-26"	"Down Royal"	"Lascalahall (IRE)"	"12.00"	"26.34"	"Handicap Chase"	"F"	"16"	"McGarvey, J S"	"Flood, Francis J"
"12:20:00"	"2013-12-22"	"Thurles"	"Reality Dose (IRE)"	"22.00"	"32.29"	"Handicap Chase"	"7"	"13"	"Ring, Mr A"	"Doyle, Miss Elizabeth"
"14:50:00"	"2013-12-21"	"Navan"	"Hidden Present (IRE)"	"16.00"	"41.65"	"Handicap Chase"	"7"	"11"	"Kennedy, PAddy D"	"Jones, Bernard"
"14:55:00"	"2013-12-16"	"Plumpton"	"According To Them (IRE)"	"14.00"	"19.61"	"Handicap Chase"	"5"	"13"	"Shoemark, Conor P"	"Steele, Daniel"
"15:15:00"	"2013-12-13"	"Cheltenham"	"Angles Hill (IRE)"	"11.00"	"14.66"	"Handicap Hurdle"	"6"	"11"	"Shoemark, Conor P"	"Woollacott, R M"
"14:15:00"	"2013-12-13"	"Downpatrick"	"Kylecrue (IRE)"	"4.00"	"4.74"	"Beginners Chase"	"1"	"11"	"Treacy, R P"	"Ryan, John Patrick"
"13:05:00"	"2013-12-13"	"Cheltenham"	"Have You Seen Me (IRE)"	"14.00"	"24"	"Handicap Chase"	"11"	"16"	"Hatch, R"	"Twiston-Davies, N A"
"13:20:00"	"2013-12-10"	"Uttoxeter"	"King Zeal (IRE)"	"3.50"	"4.98"	"Handicap Hurdle"	"PU"	"11"	"Challoner, Mr Harry"	"Leavy, B D"
"14:40:00"	"2013-12-08"	"Warwick"	"Fredo (IRE)"	"4.00"	"5.4"	"Handicap Chase"	"7"	"10"	"McCarth, R J"	"Williams, Ian"
"14:05:00"	"2013-12-08"	"Punchestown"	"A Fine Young Man (IRE)"	"25.00"	"57.8"	"Handicap Hurdle"	"4"	"15"	"Bowes, M W"	"Hourigan, Michael"
"13:45:00"	"2013-12-08"	"Cork"	"Glen Beg (IRE)"	"25.00"	"70"	"Handicap Hurdle"	"7"	"16"	"Shortall, Shane"	"Doyle, Miss Elizabeth"
"14:35:00"	"2013-12-07"	"Chepstow"	"Hes The Daddy"	"8.00"	"11.84"	"Handicap Hurdle"	"3"	"13"	"Hatch, R"	"Twiston-Davies, N A"
"12:25:00"	"2013-12-07"	"Chepstow"	"Be Bop Boru (IRE)"	"33.00"	"67.3"	"Novices Hurdle"	"11"	"15"	"Kiely, Mr J P"	"Vaughan, Tim"
"15:45:00"	"2013-12-05"	"Clonmel"	"Gort An Chnoic (IRE)"	"10.00"	"23.69"	"Maiden Hurdle"	"1"	"12"	"OBrien, Mr E P"	"OBrien, Sean O"
"14:30:00"	"2013-12-03"	"Sedgefield"	"Hobsons Bay (IRE) (OLD)"	"33.00"	"52.57"	"Handicap Novices Hurdle"	"PU"	"9"	"Walton, Miss C"	"Walton, Mrs Sheena"
"13:10:00"	"2013-11-29"	"Musselburgh"	"Kings Chorister"	"12.00"	"17"	"Handicap Novices Chase"	"UR"	"6"	"Kelly, T"	"Murtagh, Barry"
"12:55:00"	"2013-11-28"	"Newbury"	"Milarrow (IRE)"	"5.00"	"6.6"	"Handicap Chase"	"5"	"6"	"Legg, Michael"	"Tizzard, C L"
"12:15:00"	"2013-11-28"	"Uttoxeter"	"La Belle Sauvage"	"66.00"	"139.69"	"Novices Hurdle"	"5"	"14"	"Sherwood, Mr J"	"Bailey, K C"
"13:45:00"	"2013-11-24"	"Towcester"	"Riddleofthesands (IRE)"	"1.25"	"2.3"	"Handicap Chase"	"2"	"6"	"Hatch, R"	"Twiston-Davies, N A"
"13:35:00"	"2013-11-24"	"Exeter"	"Brockwell Park"	"40.00"	"57.92"	"Handicap Hurdle"	"11"	"15"	"Wade, Miss V"	"Scott, J"
"14:15:00"	"2013-11-23"	"Huntingdon"	"Finmerello"	"4.00"	"5.03"	"Handicap Hurdle"	"5"	"12"	"Sherwood, Mr J"	"Bailey, K C"
"14:10:00"	"2013-11-20"	"Hexham"	"Beau Dandy (IRE)"	"3.00"	"4.2"	"Handicap Chase"	"PU"	"8"	"Dawson, Mr John"	"Wade, J"
"15:20:00"	"2013-11-18"	"Plumpton"	"Invicta Lake (IRE)"	"2.75"	"3.9"	"Handicap Hurdle"	"1"	"6"	"Bannister, Harry A A"	"Smith, Miss Suzy"
"13:35:00"	"2013-11-16"	"Punchestown"	"Los Amigos (IRE)"	"3.50"	"5.26"	"Handicap Chase"	"2"	"13"	"Flynn, Mr J E"	"Dreaper, J T R"
"14:40:00"	"2013-11-10"	"Limerick"	"Vicalus (IRE)"	"7.00"	"10.89"	"Handicap Hurdle"	"7"	"10"	"Hayes, Brian"	"Finn, Miss Susan A"
"13:35:00"	"2013-11-10"	"Limerick"	"Milestone Miss (IRE)"	"4.00"	"5.4"	"Handicap Hurdle"	"4"	"13"	"Burke, Martin P"	"Doyle, Timothy"
"13:20:00"	"2013-11-08"	"Hexham"	"The Friary (IRE)"	"2.25"	"3.4"	"Handicap Novices Chase"	"1"	"7"	"Fox, Derek R"	"Russell, Miss Lucinda V"
"12:50:00"	"2013-11-08"	"Hexham"	"Oh Right (IRE)"	"8.50"	"10.5"	"Handicap Hurdle"	"PU"	"10"	"Sayer, Miss E C"	"Sayer, Mrs Dianne"
"14:55:00"	"2013-11-01"	"Uttoxeter"	"Carhue Princess (IRE)"	"6.00"	"7.55"	"Handicap Hurdle"	"5"	"7"	"Poste, Ben J"	"Symonds, Tom"
"16:25:00"	"2013-10-31"	"Clonmel"	"Code Dancer (IRE)"	"20.00"	"41.21"	"Handicap Chase"	"4"	"18"	"Ring, Mr A"	"Carey, Patrick"
"17:35:00"	"2013-10-26"	"Stratford"	"Lordship (IRE)"	"14.00"	"18.48"	"Handicap Hurdle"	"2"	"9"	"Andrews, Bridget"	"Gretton, T R "
"14:50:00"	"2013-10-26"	"Wexford"	"Niveks Dream (IRE)"	"20.00"	"120"	"Handicap Hurdle"	"16"	"16"	"Kane, J B"	"Martin, Patrick"
"15:35:00"	"2013-10-18"	"Downpatrick"	"Native Court (IRE)"	"7.00"	"8.38"	"Handicap Hurdle"	"5"	"15"	"Fox, Steven"	"McNiff, Mark Michael"
"17:00:00"	"2013-10-17"	"Uttoxeter"	"Blackstone Vegas"	"10.00"	"12.84"	"Handicap Hurdle"	"BD"	"14"	"Garner, Mr O"	"Shaw, D"
"17:00:00"	"2013-10-13"	"Ffos Las"	"Hassadin"	"12.00"	"12.79"	"Handicap Hurdle"	"6"	"10"	"Wall, Josh"	"Blake, Michael"
"16:20:00"	"2013-09-24"	"Newton Abbot"	"Argaum (IRE)"	"3.50"	"5.22"	"Handicap Seller Hurdle"	"1"	"14"	"Ring, C V"	"Williams, Evan"
"16:15:00"	"2013-09-24"	"Ballinrobe"	"Tip For The Top (IRE)"	"14.00"	"22.8"	"Handicap Hurdle"	"5"	"16"	"Burke, Jonathan"	"Burke, W J"
"15:15:00"	"2013-09-24"	"Ballinrobe"	"Pennys Tune (IRE)"	"9.00"	"16.61"	"Handicap Hurdle"	"3"	"16"	"Smith, K M"	"Smith, Matthew J"
"17:30:00"	"2013-09-22"	"Plumpton"	"Al Amaan"	"16.00"	"19.05"	"Handicap Hurdle"	"9"	"11"	"Burchell, Mr Daniel"	"Poulton, Jamie"
"16:45:00"	"2013-09-21"	"Listowel"	"Darenjan (IRE)"	"25.00"	"58.96"	"Handicap Hurdle"	"3"	"18"	"Hayes, Brian"	"Hanlon, John Joseph"
"17:05:00"	"2013-09-19"	"Listowel"	"Far Away So Close (IRE)"	"20.00"	"70"	"Handicap Hurdle"	"9"	"14"	"Doran, Mr M N"	"Nolan, Paul"
"18:15:00"	"2013-09-16"	"Listowel"	"Wither Hills (IRE)"	"7.00"	"8.4"	"Handicap Hurdle"	"14"	"18"	"Lavery, Mr D G"	"Hamilton, B R"
"17:40:00"	"2013-09-15"	"Listowel"	"Bonobo (IRE)"	"2.00"	"3.43"	"NH Flat"	"4"	"18"	"King, Mr J J"	"Prendergast, Kevin"
"13:50:00"	"2013-09-13"	"Bangor"	"Ravi River (IRE)"	"5.00"	"6"	"Handicap Novices Hurdle"	"6"	"9"	"Edgar, Kieron"	"Whillans, A C"
"18:25:00"	"2013-09-10"	"Galway"	"Ted Dolly (IRE)"	"25.00"	"50"	"Novices Chase"	"4"	"7"	"McGarvey, J S"	"Hales, Edward U"
"14:10:00"	"2013-09-10"	"Worcester"	"Daneva (IRE)"	"16.00"	"24.04"	"Handicap Chase"	"5"	"11"	"Ridley, Mr J M"	"Sheppard, M"
"17:05:00"	"2013-09-06"	"Kilbeggan"	"Rock County (IRE)"	"8.00"	"10"	"Handicap Hurdle"	"6"	"14"	"Sexton, K C"	"Ryan, John Patrick"
"14:35:00"	"2013-08-26"	"Downpatrick"	"I Am Great (IRE)"	"14.00"	"19.3"	"Maiden Hurdle"	"5"	"10"	"Cosgrave, Mr P J"	"Cosgrave, J G"
"19:05:00"	"2013-08-22"	"Newton Abbot"	"Himrayn"	"16.00"	"22.87"	"Handicap Hurdle"	"2"	"11"	"Hamer, Mr J"	"Murphy, Anabel K"
"17:55:00"	"2013-08-22"	"Bellewstown"	"Blue Ridge Lane (IRE)"	"20.00"	"44.47"	"Handicap Hurdle"	"7"	"16"	"McGarvey, J S"	"McConnell, John C"
"19:40:00"	"2013-08-19"	"Roscommon"	"Ourbeautifuldream (IRE)"	"6.00"	"9.21"	"Handicap Hurdle"	"2"	"18"	"Sexton, K C"	"Dobbs, Mrs Prunella"
"17:05:00"	"2013-08-18"	"Southwell"	"Riddlestown (IRE)"	"25.00"	"34"	"Handicap Hurdle"	"4"	"12"	"Andrews, Bridget"	"Fryer, Miss C"
"19:40:00"	"2013-08-17"	"Market Rasen"	"Combustible Kate (IRE)"	"12.00"	"14.09"	"Handicap Hurdle"	"4"	"10"	"OBrien, Mr P N"	"Kent, Nick"
"18:10:00"	"2013-08-17"	"Market Rasen"	"Oneofapear (IRE)"	"10.00"	"16.3"	"Novices Hurdle"	"3"	"8"	"Linehan, E D"	"Sowersby, M E"
"18:30:00"	"2013-08-15"	"Fontwell"	"Shes Humble (IRE)"	"20.00"	"40.99"	"Handicap Chase"	"4"	"10"	"Shoemark, Conor P"	"Jewell, Mrs L C"
"15:30:00"	"2013-08-13"	"Worcester"	"Thornton Alice"	"8.00"	"9.6"	"Handicap Hurdle"	"2"	"14"	"Hiskett, Daniel"	"Phillips, R T"
"17:00:00"	"2013-08-11"	"Downpatrick"	"Carheenlea (IRE)"	"14.00"	"19"	"Handicap Hurdle"	"4"	"14"	"Bohan, Mr S D"	"Dunleavy, Mrs Y"
"15:30:00"	"2013-08-11"	"Downpatrick"	"Ta Blazes (IRE)"	"11.00"	"17"	"Handicap Hurdle"	"9"	"13"	"Ring, Mr A"	"Rothwell, P J"
"18:25:00"	"2013-08-10"	"Kilbeggan"	"Vinniespride (IRE)"	"5.00"	"6.84"	"Handicap Hurdle"	"6"	"14"	"Fox, Derek R"	"McNiff, Mark Michael"
"15:25:00"	"2013-08-04"	"Market Rasen"	"Quayside Court (IRE)"	"50.00"	"80"	"Handicap Chase"	"3"	"10"	"Quinn, Gerald"	"Dyson, Miss C"
"16:30:00"	"2013-08-03"	"Newton Abbot"	"Well Mett (IRE)"	"16.00"	"22.06"	"Handicap Hurdle"	"PU"	"14"	"Shoemark, Conor P"	"OBrien, Fergal"
"20:35:00"	"2013-07-30"	"Perth"	"Diddley Dee"	"3.50"	"5"	"Handicap Novices Chase"	"4"	"7"	"Ennis, Mikey"	"Normile, Mrs L B"
"19:20:00"	"2013-07-29"	"Uttoxeter"	"Michigan Assassin (IRE)"	"33.00"	"46.78"	"Handicap Chase"	"PU"	"10"	"Conlon, Mr A"	"Hamer, Mrs D A"
"17:40:00"	"2013-07-29"	"Galway"	"Coolking"	"25.00"	"65"	"Handicap Hurdle"	"11"	"20"	"Dalton, B R"	"Hanlon, John Joseph"
"19:00:00"	"2013-07-25"	"Limerick"	"Street Runner"	"8.00"	"11.29"	"Handicap Hurdle"	"10"	"18"	"McParlan, Mr N"	"Thornton, Karl"
"15:20:00"	"2013-07-24"	"Worcester"	"Absolute Shambles"	"14.00"	"16"	"Handicap Hurdle"	"9"	"14"	"Hickman, Miss F"	"Gordon, C"
"18:45:00"	"2013-07-23"	"Bangor"	"Feast Of Fire (IRE)"	"20.00"	"21.49"	"Novices Chase"	"PU"	"7"	"Linehan, Mr M J"	"ONeill, Jonjo and AJ"
"16:20:00"	"2013-07-17"	"Uttoxeter"	"Points Of View"	"12.00"	"16.79"	"Handicap Hurdle"	"4"	"4"	"Cookson, Edward"	"Bailey, K C"
"15:25:00"	"2013-07-14"	"Sligo"	"Whisky Galore"	"9.00"	"12.7"	"Handicap Hurdle"	"4"	"10"	"Quigley, K J"	"Moran, Niall"
"15:55:00"	"2013-07-13"	"Downpatrick"	"Pumped Up Kicks (IRE)"	"3.50"	"4.9"	"Handicap Hurdle"	"3"	"15"	"Clements, Mr S"	"Elliott, Gordon"
"18:10:00"	"2013-07-10"	"Worcester"	"Chestnut Ben (IRE)"	"16.00"	"24.22"	"Handicap Chase"	"7"	"16"	"Jones, Kevin"	"Brown, G"
"20:45:00"	"2013-07-09"	"Uttoxeter"	"Carhue Princess (IRE)"	"22.00"	"34.78"	"Handicap Hurdle"	"6"	"15"	"Poste, Ben J"	"Symonds, Tom"
"15:45:00"	"2013-07-08"	"Newton Abbot"	"No Loose Change (IRE)"	"12.00"	"17.38"	"Handicap Chase"	"1"	"12"	"Derham, Mr H "	"Nicholls, P F"
"15:15:00"	"2013-07-08"	"Newton Abbot"	"Emerald Rose"	"3.00"	"4.8"	"Novices Hurdle"	"2"	"6"	"Sheehan, Gavin"	"Smith, J S"
"16:25:00"	"2013-07-07"	"Bellewstown"	"Native Palm (IRE)"	"16.00"	"21.88"	"Handicap Hurdle"	"9"	"16"	"Tobin, J C"	"Gibney, Thomas"
"20:10:00"	"2013-07-05"	"Wexford"	"Playtime Ben (IRE)"	"5.50"	"7.48"	"Beginners Chase"	"1"	"13"	"Kennedy, PAddy D"	"Fitzgerald, D E"
"15:40:00"	"2013-07-03"	"Perth"	"Dj Milan (IRE)"	"6.50"	"7.6"	"Handicap Hurdle"	"3"	"9"	"Cowley, James"	"McCain Jnr, D"
"17:15:00"	"2013-06-26"	"Worcester"	"Andhaar"	"33.00"	"42"	"Handicap Hurdle"	"4"	"15"	"Sherwood, Mr J"	"Phillips, R T"
"20:45:00"	"2013-06-25"	"Newton Abbot"	"Caught By Witness (IRE)"	"20.00"	"24.06"	"Handicap Hurdle"	"PU"	"15"	"Stirling, Miss A E"	"Middleton, A"
"18:30:00"	"2013-06-25"	"Newton Abbot"	"Green Lightning (IRE)"	"3.50"	"4.55"	"Handicap Seller Hurdle"	"1"	"17"	"Weston, Mr T"	"Weston, M H"
"19:30:00"	"2013-06-24"	"Kilbeggan"	"Kilbixy (IRE)"	"7.50"	"10.11"	"Handicap Hurdle"	"15"	"16"	"Shortall, Shane"	"Murray, Adrian"
"16:30:00"	"2013-06-23"	"Hexham"	"Bunratty (IRE)"	"7.00"	"8.4"	"Handicap Hurdle"	"5"	"11"	"Kelly, T"	"Sayer, Mrs Dianne"
"19:40:00"	"2013-06-21"	"Down Royal"	"Butney Boy (IRE)"	"33.00"	"167.45"	"Beginners Chase"	"11"	"14"	"Dalton, B R"	"McBratney, C A"
"21:20:00"	"2013-06-20"	"Ffos Las"	"No To Trident"	"7.00"	"12.07"	"Handicap Hurdle"	"3"	"9"	"Sheehan, Gavin"	"Flint, J L"
"20:35:00"	"2013-06-19"	"Wexford"	"Paddy O Dee"	"14.00"	"22.33"	"Handicap Chase"	"8"	"15"	"Ring, Mr A"	"Rothwell, P J"
"18:30:00"	"2013-06-19"	"Wexford"	"Slaney Conflict (IRE)"	"12.00"	"18.92"	"Maiden Hurdle"	"6"	"16"	"Splaine, D E"	"Slevin, S"
"16:25:00"	"2013-06-15"	"Hexham"	"Word Of Warning"	"14.00"	"17.14"	"Handicap Hurdle"	"PU"	"11"	"Watters, Mr G B"	"Todhunter, M"
"19:10:00"	"2013-06-13"	"Uttoxeter"	"Ghaabesh (IRE)"	"14.00"	"16.88"	"Seller Hurdle"	"4"	"6"	"Challoner, Mr Harry"	"Leavy, B D"
"15:50:00"	"2013-06-11"	"Fontwell"	"Al Amaan"	"16.00"	"21"	"Handicap Novices Hurdle"	"4"	"12"	"Burchell, Mr Daniel"	"Poulton, Jamie"
"20:20:00"	"2013-06-10"	"Roscommon"	"Our Victoria (IRE)"	"10.00"	"12.27"	"Handicap Chase"	"5"	"16"	"Splaine, D E"	"Bowe, Colin"
"20:10:00"	"2013-06-10"	"Southwell"	"The Tiddly Tadpole"	"18.00"	"24.53"	"Handicap Hurdle"	"F"	"8"	"Derham, Mr H "	"West, S G"
"18:25:00"	"2013-06-06"	"Worcester"	"Whispering Jack"	"7.00"	"9.01"	"Handicap Chase"	"5"	"8"	"Sheehan, Gavin"	"Burke, Kieran"
"17:20:00"	"2013-06-05"	"Newton Abbot"	"Black Phantom (IRE)"	"8.00"	"9.8"	"Handicap Hurdle"	"11"	"16"	"Hodson, Mr J"	"Gillard, Mark"
"20:40:00"	"2013-06-04"	"Hexham"	"Morning Time (IRE)"	"9.00"	"11.5"	"Handicap Novices Hurdle"	"1"	"10"	"McDonald, Rachael"	"Russell, Miss Lucinda V"
"16:50:00"	"2013-06-03"	"Listowel"	"Sean Airgead (IRE)"	"16.00"	"34"	"Handicap Chase"	"3"	"18"	"Fox, Derek R"	"McNiff, Mark Michael"
"15:00:00"	"2013-06-02"	"Fakenham"	"Festival Bound (IRE)"	"8.00"	"11.08"	"Handicap Novices Hurdle"	"3"	"7"	"Andrews, Bridget"	"Fryer, Miss C"
"18:45:00"	"2013-05-31"	"Down Royal"	"Miranour"	"10.00"	"12.89"	"Handicap Hurdle"	"5"	"18"	"McGarvey, J S"	"Lennon, Liam"
"18:15:00"	"2013-05-31"	"Down Royal"	"Hawk Flight (IRE)"	"25.00"	"125.07"	"Handicap Hurdle"	"17"	"19"	"Treacy, R P"	"McGuinness, Miss Maura"
"20:15:00"	"2013-05-29"	"Punchestown"	"Rawnaq (IRE)"	"7.00"	"11.03"	"Handicap Hurdle"	"1"	"19"	"Smith, K M"	"Smith, Matthew J"
"19:30:00"	"2013-05-28"	"Ballinrobe"	"Good Decision (IRE)"	"7.00"	"9.2"	"Handicap Chase"	"4"	"8"	"McGarvey, J S"	"Roche, C"
"17:40:00"	"2013-05-26"	"Fontwell"	"Owner Occupier"	"12.00"	"13"	"Handicap Hurdle"	"7"	"13"	"Derham, Mr H "	"Gordon, C"
"14:50:00"	"2013-05-20"	"Newton Abbot"	"Spirit of Lake (IRE)"	"11.00"	"12.39"	"Handicap Novices Chase"	"2"	"6"	"Jones, Kevin"	"George, Karen"
"15:50:00"	"2013-05-19"	"Stratford"	"Wilde Ruby (IRE)"	"4.50"	"5.9"	"Handicap Hurdle"	"10"	"11"	"Jones, Kevin"	"Mullins, J W"
"15:25:00"	"2013-05-19"	"Limerick"	"Givemeabuzz (IRE)"	"3.00"	"4.5"	"Handicap Hurdle"	"3"	"17"	"McGarvey, J S"	"ONeill, G M"
"21:00:00"	"2013-05-15"	"Perth"	"Some Lad (IRE)"	"4.00"	"5.47"	"Handicap Novices Hurdle"	"3"	"14"	"Watters, Mr G B"	"Hamilton, Mrs A C"
"15:00:00"	"2013-05-14"	"Sedgefield"	"Lord Luso (IRE)"	"2.00"	"3.2"	"Maiden Hurdle"	"3"	"7"	"James, Mr K"	"Kirby, P A"
"17:25:00"	"2013-05-13"	"Towcester"	"Prince Pippin (IRE)"	"8.50"	"11.18"	"Handicap Hurdle"	"1"	"18"	"Jones, Mrs Lucy"	"Jones, Lucy"
"17:40:00"	"2013-05-12"	"Worcester"	"Jewellery (IRE)"	"14.00"	"17.52"	"Handicap Hurdle"	"PU"	"11"	"Derham, Mr H "	"Bishop, K"
"15:30:00"	"2013-05-12"	"Plumpton"	"Hawk Gold (IRE)"	"7.50"	"11"	"Handicap Hurdle"	"1"	"11"	"Shoemark, Conor P"	"Bryant, Miss M P"
"15:30:00"	"2013-05-12"	"Plumpton"	"Al Amaan"	"33.00"	"87.87"	"Handicap Hurdle"	"3"	"11"	"Burchell, Mr Daniel"	"Moore, Gary and Josh"
"15:00:00"	"2013-05-12"	"Plumpton"	"Old Dreams (IRE)"	"4.50"	"7.03"	"Handicap Chase"	"6"	"9"	"Sheehan, Gavin"	"Gifford, N J"
"20:10:00"	"2013-05-10"	"Downpatrick"	"Harps Counsel (IRE)"	"12.00"	"24"	"Maiden Hunters Chase"	"PU"	"13"	"Magee, Mr S F"	"Magee, Stephen Francis"
"14:35:00"	"2013-05-08"	"Kelso"	"Farm Pixie (IRE)"	"20.00"	"23.87"	"Handicap Novices Hurdle"	"4"	"12"	"Watters, Mr G B"	"Hamilton, Mrs A"
"16:30:00"	"2013-05-06"	"Down Royal"	"Hidden Future (IRE)"	"16.00"	"26.86"	"Handicap Chase"	"8"	"17"	"McParlan, Mr N"	"McBratney, C A"
"15:10:00"	"2013-05-01"	"Southwell"	"King Mak"	"7.00"	"8.68"	"Handicap Hurdle"	"6"	"11"	"James, Mr K"	"Fife, Mrs Marjorie"
"13:40:00"	"2013-05-01"	"Southwell"	"Qualitee"	"10.00"	"14"	"Handicap Chase"	"7"	"8"	"Quinn, Gerald"	"Dyson, Miss C"
"20:15:00"	"2013-04-30"	"Worcester"	"Naledi"	"25.00"	"23"	"Handicap Hurdle"	"6"	"16"	"Garner, Thomas"	"Price, R J"
"19:45:00"	"2013-04-30"	"Worcester"	"Likearollingstone (IRE)"	"16.00"	"23.45"	"Handicap Hurdle"	"5"	"9"	"Hamill, Mikey"	"Curran, S"
"19:35:00"	"2013-04-30"	"Exeter"	"Emilys Flyer (IRE)"	"3.33"	"4.5"	"Novices Hurdle"	"1"	"7"	"Shoemark, Conor P"	"OBrien, Fergal"
"17:55:00"	"2013-04-30"	"Ballinrobe"	"Uncle Tom Cobley (IRE)"	"3.50"	"5.25"	"Handicap Chase"	"1"	"8"	"Lavery, Mr D G"	"ODwyer, Conor"
"15:10:00"	"2013-04-29"	"Kelso"	"Latin Connection (IRE)"	"8.00"	"10.5"	"Handicap Hurdle"	"6"	"13"	"Watters, Mr G B"	"Crawford, S R B"
"15:10:00"	"2013-04-29"	"Kelso"	"Gymdoli"	"33.00"	"77.15"	"Handicap Hurdle"	"PU"	"13"	"Rutherford, Gary"	"Nixon, R"
"17:35:00"	"2013-04-27"	"Punchestown"	"Gates Of Rome (IRE)"	"16.00"	"40"	"Handicap Hurdle"	"14"	"22"	"Doran, Mr M N"	"Murphy, C A"
"18:25:00"	"2013-04-26"	"Chepstow"	"Connectivity (IRE)"	"1.75"	"2.83"	"Handicap Hurdle"	"1"	"9"	"Ward, Christopher"	"Newland, Dr R D P"
"15:25:00"	"2013-04-26"	"Perth"	"Kings Chorister"	"10.00"	"13"	"Handicap Hurdle"	"1"	"12"	"Kelly, T"	"Murtagh, Barry"
"18:05:00"	"2013-04-25"	"Punchestown"	"Start Me Up (IRE)"	"20.00"	"38.16"	"Handicap Hurdle"	"8"	"22"	"Mangan, Miss J M"	"Swan, C F"
"18:40:00"	"2013-04-24"	"Punchestown"	"Orpheus Valley (IRE)"	"12.00"	"14.08"	"Handicap Chase"	"PU"	"15"	"Tobin, J C"	"Gibney, Thomas"
"18:20:00"	"2013-04-24"	"Sedgefield"	"Badgers Retreat"	"14.00"	"19.18"	"Handicap Novices Chase"	"1"	"6"	"Walton, Miss C"	"Murphy, Ferdy"
"17:35:00"	"2013-04-19"	"Fontwell"	"Achieved"	"40.00"	"91.23"	"Handicap Hurdle"	"UR"	"15"	"Pearce, Mr J"	"OBrien, Daniel"
"16:25:00"	"2013-04-19"	"Ayr"	"Lackamon"	"12.00"	"14.94"	"Handicap Hurdle"	"5"	"13"	"England, Jonathan"	"Smith, Mrs S J"
"17:25:00"	"2013-04-16"	"Fairyhouse"	"Coral Creek (IRE)"	"20.00"	"42.81"	"Handicap Hurdle"	"17"	"22"	"Splaine, D E"	"Slevin, S"
"15:35:00"	"2013-04-16"	"Exeter"	"Gizzit (IRE)"	"3.00"	"4.31"	"Handicap Hurdle"	"5"	"7"	"Cowley, James"	"George, Karen"
"17:00:00"	"2013-04-14"	"Ffos Las"	"Turbulance (IRE)"	"12.00"	"14.12"	"Handicap Chase"	"4"	"8"	"Williams, Robert"	"Llewellyn, B J"
"17:20:00"	"2013-04-13"	"Stratford"	"Haar"	"6.00"	"7.72"	"Handicap Chase"	"2"	"11"	"Banks, Mr J"	"Turnell, Andrew"
"14:40:00"	"2013-04-11"	"Ludlow"	"Floral Spinner"	"4.50"	"7.23"	"Novices Hurdle"	"3"	"14"	"Davies, Chris"	"Turner, W G M"
"15:30:00"	"2013-04-08"	"Kelso"	"Inoogoo (IRE)"	"2.75"	"3.75"	"Handicap Chase"	"7"	"8"	"Bewley, Jonathon"	"Bewley, G T"
"17:10:00"	"2013-04-07"	"Ascot"	"Arkose (IRE)"	"12.00"	"15.35"	"Handicap Hurdle"	"5"	"12"	"Sherwood, Mr J"	"Sherwood, O"
"16:25:00"	"2013-04-07"	"Hexham"	"Sam Patch"	"7.50"	"9.01"	"Handicap Chase"	"PU"	"14"	"Whillans, Callum"	"Whillans, D W"
"17:40:00"	"2013-04-06"	"Navan"	"Hidden Present (IRE)"	"2.00"	"3.2"	"Handicap Chase"	"5"	"10"	"McParlan, Mr N"	"Jones, Bernard"
"17:25:00"	"2013-04-06"	"Chepstow"	"Cruchain (IRE)"	"7.00"	"9.4"	"Handicap Chase"	"F"	"8"	"Clive, Mr F Windsor"	"Burchell, D"
"17:10:00"	"2013-04-06"	"Aintree"	"Special Catch (IRE)"	"12.00"	"14.66"	"Handicap Hurdle"	"5"	"22"	"Ennis, Mikey"	"Reveley, K G"
"16:50:00"	"2013-04-05"	"Aintree"	"Punjabi"	"28.00"	"42"	"Handicap Hurdle"	"PU"	"21"	"Boinville, Nico"	"Henderson, N J"
"14:10:00"	"2013-04-05"	"Sedgefield"	"Glasson Lad (IRE)"	"2.50"	"3.85"	"Novices Hurdle"	"2"	"9"	"Murphy, Mr R Morgan "	"Murphy, Ferdy"
"17:35:00"	"2013-04-01"	"Plumpton"	"Twin Bud"	"3.50"	"4.6"	"Handicap Hurdle"	"3"	"10"	"Boinville, Nico"	"Newton-Smith, Miss A M"
"15:55:00"	"2013-04-01"	"Newcastle"	"Mootabar (IRE)"	"3.50"	"5.43"	"Handicap Hurdle"	"1"	"18"	"England, Jonathan"	"Fairhurst, C W"
"14:00:00"	"2013-04-01"	"Cork"	"Wedding Present (IRE)"	"0.67"	"1.71"	"Maiden Hurdle"	"2"	"17"	"Fennessy, Mr C W"	"OBrien, Sean O"
"16:20:00"	"2013-03-30"	"Carlisle"	"Gulf Punch"	"28.00"	"56.27"	"Handicap Hurdle"	"5"	"13"	"Slatter, Mr N"	"McCain Jnr, D"
"15:45:00"	"2013-03-30"	"Carlisle"	"Rudemeister (IRE)"	"2.25"	"3.65"	"Handicap Chase"	"3"	"8"	"Watters, Mr G B"	"Parker, A"
"16:45:00"	"2013-03-28"	"Clonmel"	"Killcara Boy"	"5.00"	"6.4"	"Handicap Chase"	"F"	"9"	"McElligott, Miss M M"	"Neville, Patrick"
"15:55:00"	"2013-03-27"	"Wetherby"	"Green Wizard (IRE)"	"5.50"	"7.03"	"Handicap Hurdle"	"2"	"6"	"England, Jonathan"	"Smith, Mrs S J"
"17:30:00"	"2013-03-22"	"Newbury"	"Midnight Prayer"	"5.00"	"7.15"	"Handicap Novices Hurdle"	"4"	"13"	"Newman, Mr Joshua"	"King, A"
"14:40:00"	"2013-03-22"	"Newbury"	"Double Dash"	"1.63"	"2.82"	"Handicap Chase"	"2"	"5"	"Whelan, Trevor"	"Baker, George"
"17:05:00"	"2013-03-21"	"Cork"	"Clar Na Mionn (IRE)"	"3.00"	"4.3"	"Maiden Hurdle"	"1"	"11"	"Butler, S E"	"OBrien, V T"
"15:55:00"	"2013-03-21"	"Cork"	"Do The Bookies"	"7.00"	"8.45"	"Handicap Hurdle"	"3"	"12"	"Blackmore, Rachael"	"Hanlon, John Joseph"
"17:55:00"	"2013-03-17"	"Limerick"	"Aerlite Supreme (IRE)"	"1.50"	"2.62"	"NH Flat"	"2"	"8"	"King, Mr J J"	"Hourigan, Michael"
"15:55:00"	"2013-03-17"	"Limerick"	"Indelible Run (IRE)"	"20.00"	"97.06"	"Handicap Hurdle"	"PU"	"12"	"Hayes, Brian"	"Dullea, J D"
"17:35:00"	"2013-03-16"	"Limerick"	"Kilbarry Beauty (IRE)"	"1.20"	"2.44"	"NH Flat"	"2"	"11"	"Mangan, Miss J M"	"Kiely, J E and Thomas"
"16:35:00"	"2013-03-16"	"Limerick"	"Toomdeely (IRE)"	"6.50"	"10.22"	"Handicap Hurdle"	"9"	"15"	"McElligott, Miss M M"	"Neville, Patrick"
"16:25:00"	"2013-03-16"	"Down Royal"	"Johnnyofcourse (IRE)"	"2.50"	"3.53"	"Hunters Chase"	"PU"	"9"	"McParlan, Mr N"	"Hamilton, B R"
"15:50:00"	"2013-03-16"	"Uttoxeter"	"You Know Yourself (IRE)"	"40.00"	"61.97"	"Handicap Chase"	"UR"	"11"	"Bewley, Callum"	"Smith, Mrs S J"
"15:25:00"	"2013-03-16"	"Kempton"	"Neltara"	"2.75"	"4.11"	"Novices Hurdle"	"4"	"9"	"Quinn, Gerald"	"Dyson, Miss C"
"14:25:00"	"2013-03-16"	"Limerick"	"Noble Pageant (IRE)"	"4.50"	"6"	"Maiden Hurdle"	"3"	"12"	"Queally, Mr D L"	"Neilan, John"
"16:15:00"	"2013-03-13"	"Huntingdon"	"Call It On (IRE)"	"3.50"	"5.2"	"Handicap Hurdle"	"1"	"6"	"James, Mr K"	"Kirby, P A"
"15:25:00"	"2013-03-08"	"Sandown"	"Tafika"	"5.00"	"6.6"	"Chase"	"2"	"10"	"Chenery, Capt Max"	"Webber, P R"
"14:30:00"	"2013-03-05"	"Exeter"	"Wishes And Stars (IRE)"	"1.75"	"2.84"	"Novices Hurdle"	"BD"	"12"	"Nolan, Michael G"	"Dennis, T W"
"15:00:00"	"2013-03-03"	"Huntingdon"	"Five Rivers (IRE)"	"5.00"	"6.96"	"Handicap Chase"	"1"	"10"	"Garner, Thomas"	"Greatrex, W J"
"15:00:00"	"2013-03-02"	"Navan"	"Liszt (IRE)"	"25.00"	"45.98"	"Handicap Hurdle"	"18"	"19"	"Sexton, K C"	"Torrens, Mervyn"
"14:55:00"	"2013-03-02"	"Doncaster"	"Night In Milan (IRE)"	"7.00"	"9.4"	"Handicap Chase"	"F"	"12"	"Boinville, Nico"	"Reveley, K G"
"14:10:00"	"2013-02-28"	"Taunton"	"Bellflower Boy (IRE)"	"6.00"	"7.53"	"Seller Hurdle"	"1"	"10"	"Ward, Christopher"	"Newland, Dr R D P"
"14:55:00"	"2013-02-27"	"Fairyhouse"	"Shesonlyahorse (IRE)"	"20.00"	"37.46"	"Handicap Novices Hurdle"	"8"	"11"	"Enright, M A"	"McDonagh, M"
"14:20:00"	"2013-02-26"	"Catterick"	"Kingdom Of Munster (IRE)"	"4.50"	"6.34"	"Handicap Hurdle"	"10"	"15"	"Andrews, Bridget"	"Ford, R"
"15:40:00"	"2013-02-25"	"Plumpton"	"Global Warming (IRE)"	"5.50"	"7.54"	"Handicap Chase"	"UR"	"9"	"Bourke, D F"	"Lavelle, Miss E C"
"15:40:00"	"2013-02-25"	"Plumpton"	"Miss Fleur"	"10.00"	"14.5"	"Handicap Chase"	"UR"	"9"	"Muspratt, Mr L"	"Mitchell, Nick"
"15:05:00"	"2013-02-24"	"Naas"	"Rocky Wednesday (IRE)"	"6.50"	"9.54"	"Handicap Hurdle"	"9"	"10"	"Mangan, Miss J M"	"Elliott, Gordon"
"16:25:00"	"2013-02-23"	"Kempton"	"Phare Isle (IRE)"	"50.00"	"115.06"	"Handicap Hurdle"	"5"	"15"	"Moore, Mr K"	"Case, B I"
"16:55:00"	"2013-02-21"	"Clonmel"	"The Book Thief (IRE)"	"8.00"	"11.5"	"Beginners Chase"	"5"	"14"	"Cawley, Mr B F"	"OGrady, Eoghan"
"15:45:00"	"2013-02-20"	"Ludlow"	"Rowlestone Lad"	"3.50"	"4.53"	"Handicap Hurdle"	"4"	"10"	"Flint, T J"	"Flint, J L"
"15:10:00"	"2013-02-19"	"Navan"	"Cantrell (IRE)"	"33.00"	"100"	"Handicap Hurdle"	"13"	"17"	"ONeill, A F"	"Smyth, H"
"16:30:00"	"2013-02-18"	"Southwell"	"Frans Folly"	"5.00"	"6.99"	"Handicap Hurdle"	"PU"	"12"	"Meehan, Chris"	"Mulholland, N P"
"15:40:00"	"2013-02-16"	"Gowran Park"	"Swift Lady (IRE)"	"25.00"	"48.88"	"Handicap Hurdle"	"4"	"9"	"Ring, Mr A"	"Meany, P"
"14:50:00"	"2013-02-14"	"Thurles"	"Annacarton (IRE)"	"14.00"	"25"	"Handicap Chase"	"7"	"9"	"Mangan, Miss J M"	"Mangan, James Joseph"
"16:05:00"	"2013-02-13"	"Thurles"	"Willies Girl (IRE)"	"5.50"	"8.68"	"Handicap Hurdle"	"5"	"15"	"Enright, M A"	"Miley, Daniel"
"15:10:00"	"2013-02-13"	"Musselburgh"	"Golden Sparkle (IRE)"	"10.00"	"14"	"Handicap Hurdle"	"1"	"14"	"Watters, Mr G B"	"Duncan, I A"
"15:35:00"	"2013-02-09"	"Newbury"	"Punjabi"	"20.00"	"28.25"	"Handicap Hurdle"	"14"	"21"	"McGrath, Jeremiah"	"Henderson, N J"
"15:25:00"	"2013-02-07"	"Taunton"	"Gouranga"	"16.00"	"18.5"	"Handicap Hurdle"	"6"	"10"	"Carberry, Peter"	"Carroll, A W"
"16:10:00"	"2013-01-27"	"Leopardstown"	"Uncle Tom Cobley (IRE)"	"14.00"	"24"	"Handicap Chase"	"3"	"14"	"Dalton, B R"	"ODwyer, Conor"
"15:20:00"	"2013-01-26"	"Leopardstown"	"Leah Claire (IRE)"	"10.00"	"11.91"	"Handicap Hurdle"	"11"	"28"	"Dalton, B R"	"McCreery, W"
"14:15:00"	"2013-01-25"	"Kempton"	"Ascendant"	"9.00"	"10"	"NH Flat"	"3"	"14"	"Twiston-Davies, Mr W"	"McCabe, A J"
"16:25:00"	"2013-01-24"	"Gowran Park"	"Kandinski (IRE)"	"3.50"	"6.2"	"NH Flat"	"2"	"5"	"McSweeney, Mr C"	"Tyner, Robert"
"15:55:00"	"2013-01-24"	"Gowran Park"	"Kyles Turn (IRE)"	"14.00"	"25"	"Handicap Chase"	"4"	"13"	"Splaine, D E"	"Ross, Mrs John B"
"15:15:00"	"2013-01-15"	"Ffos Las"	"Cheat The Cheater (IRE)"	"2.75"	"4.28"	"Handicap Hurdle"	"3"	"9"	"Corbett, Patrick E"	"Curtis, Miss Rebecca"
"14:50:00"	"2013-01-13"	"Kelso"	"Nisaal (IRE)"	"66.00"	"121.72"	"Handicap Hurdle"	"PU"	"13"	"Bewley, Callum"	"Forster, Miss S E"
"14:40:00"	"2013-01-12"	"Kempton"	"Uncle Jimmy (IRE)"	"33.00"	"90"	"Handicap Hurdle"	"8"	"18"	"Cheesman, Tom"	"Hobbs, P J / White, J"
"14:25:00"	"2013-01-12"	"Warwick"	"Boomtown Kat"	"66.00"	"373.61"	"Handicap Hurdle"	"9"	"18"	"Cowley, James"	"George, Karen"
"13:35:00"	"2013-01-12"	"Punchestown"	"Miss Pepperpot (IRE)"	"6.50"	"9.17"	"Handicap Chase"	"3"	"11"	"Barry, Mr J C"	"Flood, Francis J"
"13:35:00"	"2013-01-12"	"Punchestown"	"Sang Bleu (IRE)"	"14.00"	"18.31"	"Handicap Chase"	"6"	"11"	"Gavin, Miss S"	"Gavin, Mrs Pauline"
"15:30:00"	"2013-01-06"	"Plumpton"	"Border Station (IRE)"	"50.00"	"95"	"Handicap Chase"	"UR"	"10"	"Hanson, Sam"	"Batchelor, Mrs A M"
"15:30:00"	"2013-01-05"	"Cork"	"Overbury Prince (IRE)"	"9.00"	"10.71"	"NH Flat"	"2"	"14"	"Collins, Mr P D"	"OBrien, Terence"
"13:55:00"	"2013-01-03"	"Thurles"	"Ample Appeal (IRE)"	"33.00"	"240"	"Beginners Chase"	"6"	"8"	"Ring, Mr A"	"Rothwell, P J"
"15:15:00"	"2013-01-01"	"Exeter"	"Musical Wedge"	"4.50"	"6.6"	"Handicap Chase"	"3"	"9"	"Quinn, Gerald"	"Dyson, Miss C"
"12:55:00"	"2013-01-01"	"Exeter"	"Swift Chap"	"18.00"	"21.65"	"Handicap Hurdle"	"11"	"12"	"Nolan, Michael G"	"Hobbs, P J / White, J"
"14:15:00"	"2012-12-29"	"Limerick"	"Ballinahow Lady (IRE)"	"4.50"	"8.6"	"Handicap Hurdle"	"3"	"7"	"Collins, Mr P D"	"OBrien, David M"
"12:25:00"	"2012-12-29"	"Leopardstown"	"Healys Bar (IRE)"	"10.00"	"13.5"	"Handicap Chase"	"PU"	"13"	"Crimin, S J"	"McKiernan, Oliver"
"14:05:00"	"2012-12-28"	"Limerick"	"Lion Valley (IRE)"	"16.00"	"28.14"	"Handicap Hurdle"	"5"	"12"	"OConnor, Miss A B"	"Braddish, S"
"15:55:00"	"2012-12-27"	"Limerick"	"Girl In Blue (IRE)"	"6.00"	"9.33"	"NH Flat"	"1"	"16"	"McSweeney, Mr C"	"Tyner, Robert"
"15:10:00"	"2012-12-27"	"Leopardstown"	"Gates Of Rome (IRE)"	"33.00"	"65"	"Handicap Chase"	"PU"	"28"	"Butler, M P"	"Murphy, C A"
"14:50:00"	"2012-12-27"	"Limerick"	"Start Me Up (IRE)"	"10.00"	"16.5"	"Handicap Chase"	"8"	"13"	"Cawley, Mr B F"	"Swan, C F"
"14:20:00"	"2012-12-26"	"Wetherby"	"Tricky Tree (IRE)"	"9.00"	"11.36"	"Handicap Hurdle"	"6"	"6"	"Andrews, Gina"	"Sly, Mrs P"
"13:30:00"	"2012-12-26"	"Fontwell"	"Dun See Dee (IRE)"	"6.00"	"8.37"	"Novices Hurdle"	"2"	"10"	"Best, J A"	"Hodgson, Simon"
"13:25:00"	"2012-12-26"	"Down Royal"	"Dunroe Boy (IRE)"	"12.00"	"17"	"Handicap Chase"	"3"	"11"	"Carroll, T C"	"Carr, John G"
"12:55:00"	"2012-12-26"	"Fontwell"	"Join The Navy"	"1.50"	"2.62"	"Handicap Chase"	"1"	"8"	"Boxall, Miss C"	"Buckett, Mrs K A"
"12:25:00"	"2012-12-26"	"Down Royal"	"Long Strand (IRE)"	"25.00"	"160"	"Hunters Chase"	"6"	"17"	"McCutcheon, Miss Evanna"	"Nagle, D P"
"12:30:00"	"2012-12-23"	"Thurles"	"Noras Fancy (IRE)"	"3.50"	"5.1"	"Handicap Chase"	"1"	"9"	"Splaine, D E"	"Mangan, James Joseph"
"12:30:00"	"2012-12-23"	"Thurles"	"Reality Dose (IRE)"	"3.50"	"4.67"	"Handicap Chase"	"4"	"9"	"Sexton, K C"	"Doyle, Miss Elizabeth"
"12:30:00"	"2012-12-23"	"Thurles"	"Hold Em Cowboy (IRE)"	"9.00"	"12"	"Handicap Chase"	"5"	"9"	"ONeill, A F"	"Codd, W F"
"14:10:00"	"2012-12-19"	"Ludlow"	"Numen (IRE) (OLD)"	"12.00"	"20.93"	"Handicap Hurdle"	"7"	"13"	"Wills, Miss C L"	"Brennan, F J"
"14:30:00"	"2012-12-16"	"Carlisle"	"Dizzy River (IRE)"	"7.50"	"9.83"	"Handicap Hurdle"	"5"	"9"	"James, Mr K"	"Ellison, B"
"13:20:00"	"2012-12-16"	"Musselburgh"	"Glenora Gale (IRE)"	"9.00"	"14.33"	"Novices Hurdle"	"5"	"7"	"Nichol, Craig"	"Russell, Miss Lucinda V"
"14:30:00"	"2012-12-15"	"Cheltenham"	"Micheal Flips (IRE)"	"33.00"	"44.01"	"Handicap Chase"	"5"	"14"	"Banks, Mr J"	"Turnell, Andrew"
"15:05:00"	"2012-12-14"	"Cheltenham"	"Cockney Trucker (IRE)"	"66.00"	"116.64"	"Handicap Hurdle"	"F"	"12"	"Best, J A"	"Hobbs, P J / White, J"
"14:30:00"	"2012-12-14"	"Cheltenham"	"Outlaw Pete (IRE)"	"3.50"	"5.03"	"Handicap Chase"	"1"	"11"	"Halley, Mr Josh"	"Halley, John"
"12:20:00"	"2012-12-11"	"Sedgefield"	"Hannah Jacques (IRE)"	"0.53"	"1.55"	"Novices Hurdle"	"1"	"3"	"Treanor, B T"	"Richards, N G"
"15:10:00"	"2012-12-09"	"Warwick"	"Goat Castle (IRE)"	"3.50"	"4.9"	"Handicap Hurdle"	"3"	"13"	"Hatch, R"	"Twiston-Davies, N A"
"14:25:00"	"2012-12-09"	"Kelso"	"Mortimers Cross"	"12.00"	"17"	"Handicap Chase"	"1"	"8"	"John, Mr P"	"Needham, J L"
"14:30:00"	"2012-12-08"	"Sandown"	"Rowan Tiger"	"10.00"	"12.91"	"Handicap Hurdle"	"PU"	"12"	"Ward, Christopher"	"Newland, Dr R D P"
"13:30:00"	"2012-12-07"	"Exeter"	"Shaking Hands (IRE)"	"5.50"	"7.5"	"Handicap Chase"	"PU"	"10"	"Bellamy, Tom"	"Pipe, D E"
"14:30:00"	"2012-12-04"	"Folkestone"	"Snow Patrol"	"5.00"	"7.4"	"Handicap Hurdle"	"PU"	"9"	"Shoemark, Conor P"	"Dunger, N A"
"15:40:00"	"2012-12-01"	"Newbury"	"Fiftyonefiftyone (IRE)"	"12.00"	"17"	"Handicap Chase"	"13"	"15"	"Garner, Thomas"	"Sherwood, O"
"15:25:00"	"2012-12-01"	"Newcastle"	"Rolecarr (IRE)"	"5.50"	"7.55"	"Handicap Chase"	"4"	"5"	"Whillans, Callum"	"Hamilton, Mrs A"
"12:25:00"	"2012-12-01"	"Towcester"	"Simply Wings (IRE)"	"4.00"	"5.09"	"Beginners Chase"	"1"	"7"	"Nolan, Michael G"	"Lee, R"
"12:15:00"	"2012-12-01"	"Newbury"	"Ceepeegee (IRE)"	"33.00"	"42"	"Handicap Chase"	"7"	"12"	"Legg, Michael"	"Tizzard, C L"
"14:40:00"	"2012-11-30"	"Newbury"	"Cucumber Run (IRE)"	"33.00"	"44.99"	"Handicap Hurdle"	"2"	"17"	"Boinville, Nico"	"Henderson, N J"
"13:00:00"	"2012-11-29"	"Thurles"	"Ample Appeal (IRE)"	"50.00"	"639.06"	"Beginners Chase"	"14"	"16"	"Ring, Mr A"	"Rothwell, P J"
"15:00:00"	"2012-11-27"	"Lingfield"	"Pete The Feat (IRE)"	"1.20"	"2.22"	"Handicap Chase"	"1"	"5"	"Sheehan, Gavin"	"Longsdon, C E"
"14:30:00"	"2012-11-27"	"Lingfield"	"Lindsays Dream"	"8.00"	"10.5"	"Handicap Hurdle"	"8"	"10"	"Gracey-Davison, Gemma"	"Davison, Miss Z C"
"14:15:00"	"2012-11-21"	"Fairyhouse"	"Shanroe Society (IRE)"	"14.00"	"21.92"	"Handicap Hurdle"	"6"	"14"	"McKenna, Liam"	"Lambe, J J"
"14:40:00"	"2012-11-19"	"Leicester"	"Grafite"	"12.00"	"14.5"	"Handicap Hurdle"	"2"	"10"	"Banks, Mr J"	"Middleton, A"
"14:50:00"	"2012-11-18"	"Cheltenham"	"Glam Gerry (IRE)"	"14.00"	"20"	"Handicap Hurdle"	"5"	"18"	"Hayes, Brian"	"Murphy, C A"
"12:55:00"	"2012-11-17"	"Uttoxeter"	"All For Cash"	"5.50"	"7.6"	"Beginners Chase"	"PU"	"13"	"Greene, C"	"Bailey, K C"
"15:40:00"	"2012-11-15"	"Taunton"	"Thirtytwo Red (IRE)"	"5.50"	"7.67"	"Handicap Chase"	"PU"	"8"	"Best, J A"	"Woollacott, R M"
"13:40:00"	"2012-11-15"	"Taunton"	"Illysantachristina"	"5.50"	"7.6"	"Handicap Hurdle"	"7"	"11"	"Williams, Robert"	"Llewellyn, B J"
"14:35:00"	"2012-11-14"	"Downpatrick"	"Rookery Rebel (IRE)"	"6.00"	"8.03"	"Handicap Chase"	"3"	"9"	"Butler, S E"	"Barkley, Miss S"
"14:00:00"	"2012-11-14"	"Bangor"	"Buffalo Bob (IRE)"	"16.00"	"18.33"	"Handicap Chase"	"7"	"10"	"Greene, C"	"Bailey, K C"
"14:50:00"	"2012-11-13"	"Sedgefield"	"Kings Chorister"	"33.00"	"59.08"	"Handicap Hurdle"	"7"	"13"	"Whillans, Callum"	"Murtagh, Barry"
"13:10:00"	"2012-11-13"	"Huntingdon"	"Romney Marsh"	"16.00"	"26.9"	"Handicap Hurdle"	"2"	"6"	"Tett, Frederick"	"Curtis, R"
"15:20:00"	"2012-11-11"	"Market Rasen"	"Ban Uisce (IRE)"	"2.00"	"3.05"	"Handicap Chase"	"2"	"6"	"Dawson, Mr John"	"Foster, Miss J E"
"12:45:00"	"2012-11-10"	"Sandown"	"Prince Pippin (IRE)"	"16.00"	"26.12"	"Handicap Hurdle"	"6"	"17"	"Garner, Thomas"	"Leech, Mrs S"
"14:30:00"	"2012-11-08"	"Musselburgh"	"Call It On (IRE)"	"11.00"	"19.17"	"Beginners Chase"	"4"	"11"	"Nicol, Mr Adam"	"Kirby, P A"
"13:55:00"	"2012-11-08"	"Thurles"	"Banna Beach (IRE)"	"6.50"	"7.73"	"Handicap Chase"	"8"	"13"	"Hayes, Brian"	"Neville, Seamus"
"13:45:00"	"2012-11-04"	"Huntingdon"	"Adorabella (IRE)"	"33.00"	"55"	"Claimer Hurdle"	"PU"	"12"	"Randell, Miss Sally"	"Rich, P M"
"14:10:00"	"2012-11-03"	"Ayr"	"Pyjama Game (IRE)"	"2.50"	"3.54"	"Handicap Hurdle"	"4"	"9"	"Whillans, Callum"	"Dobbin, Mrs R"
"13:45:00"	"2012-11-03"	"Down Royal"	"Beef To The Heels (IRE)"	"8.00"	"13.5"	"Handicap Hurdle"	"1"	"13"	"Mangan, Miss J M"	"Elliott, Gordon"
"15:10:00"	"2012-11-01"	"Stratford"	"Present To You (IRE)"	"8.00"	"9.21"	"Handicap Chase"	"1"	"5"	"Hodson, Mr J"	"Bridgwater, D G"
"14:55:00"	"2012-10-29"	"Naas"	"Stonemaster (IRE)"	"14.00"	"29.34"	"Handicap Hurdle"	"3"	"11"	"Enright, M A"	"Hughes, D T"
"14:25:00"	"2012-10-27"	"Wexford"	"Top Madam (IRE)"	"4.00"	"6.29"	"Hurdle"	"1"	"10"	"Dunne, H D"	"Coffey, Donal"
"17:25:00"	"2012-10-25"	"Thurles"	"Robbie Kaydee (IRE)"	"10.00"	"13.5"	"Handicap Hurdle"	"7"	"18"	"Carey, S G"	"Murphy, William P"
"16:50:00"	"2012-10-25"	"Ludlow"	"Kings Queen (IRE)"	"14.00"	"16.91"	"Handicap Chase"	"PU"	"11"	"Watson, Miss Hannah"	"Leech, Mrs S"
"16:20:00"	"2012-10-25"	"Thurles"	"Whodoyouthink (IRE)"	"14.00"	"29"	"Hurdle"	"8"	"9"	"Crimin, S J"	"McKiernan, Oliver"
"15:20:00"	"2012-10-25"	"Thurles"	"Fairwood Massini (IRE)"	"28.00"	"96.43"	"Handicap Chase"	"PU"	"18"	"Ring, Mr A"	"Rothwell, P J"
"16:50:00"	"2012-10-21"	"Cork"	"Soxs Girl (IRE)"	"14.00"	"20"	"Handicap Hurdle"	"3"	"12"	"Enright, M A"	"Goulding, arthur"
"16:30:00"	"2012-10-21"	"Naas"	"Imperial Shabra (IRE)"	"10.00"	"17.27"	"Handicap Hurdle"	"10"	"12"	"Dalton, B R"	"Brady, Patrick O"
"14:40:00"	"2012-10-14"	"Limerick"	"Khan Tengri (IRE)"	"14.00"	"19.5"	"Handicap Hurdle"	"4"	"16"	"Dalton, B R"	"Brady, Patrick O"
"14:10:00"	"2012-10-13"	"Hexham"	"Sean Airgead (IRE)"	"12.00"	"18.5"	"Novices Chase"	"3"	"10"	"Fox, Steven"	"McNiff, Mark Michael"
"14:45:00"	"2012-10-07"	"Uttoxeter"	"Tackswop (IRE)"	"33.00"	"84.43"	"Handicap Hurdle"	"RR"	"16"	"Banks, Mr J"	"Mullineaux, M"
"14:10:00"	"2012-10-07"	"Uttoxeter"	"Forresters Folly"	"4.00"	"5.8"	"Maiden Hurdle"	"4"	"10"	"Hatton, Peter"	"King, A"
"15:15:00"	"2012-10-06"	"Gowran Park"	"Leblon (IRE)"	"20.00"	"70"	"Handicap Hurdle"	"11"	"20"	"Bates, Mr D J"	"Rothwell, P J"
"15:25:00"	"2012-09-30"	"Clonmel"	"Cnoc Seoda (IRE)"	"12.00"	"44.9"	"Handicap Hurdle"	"13"	"18"	"Queally, Mr D L"	"Queally, Declan"
"15:25:00"	"2012-09-30"	"Clonmel"	"Bruach Na Mara (IRE)"	"20.00"	"47.91"	"Handicap Hurdle"	"15"	"18"	"Butler, M P"	"Harney, W"
"14:10:00"	"2012-09-29"	"Market Rasen"	"Changing The Guard"	"14.00"	"16.13"	"Handicap Hurdle"	"4"	"15"	"Ward, Christopher"	"Newland, Dr R D P"
"13:40:00"	"2012-09-29"	"Market Rasen"	"Goldan Jess (IRE)"	"6.50"	"8.25"	"Handicap Hurdle"	"1"	"12"	"James, Mr K"	"Kirby, P A"
"17:05:00"	"2012-09-27"	"Perth"	"More Equity"	"16.00"	"18.95"	"Handicap Chase"	"3"	"7"	"Sayer, Miss E C"	"Sayer, Mrs Dianne"
"16:00:00"	"2012-09-26"	"Downpatrick"	"Worrel Creek (IRE)"	"4.50"	"6.55"	"Handicap Hurdle"	"3"	"14"	"Dunne, H D"	"Doyle, Sean Thomas"
"16:00:00"	"2012-09-26"	"Downpatrick"	"Rookery Rebel (IRE)"	"16.00"	"35.78"	"Handicap Hurdle"	"4"	"14"	"Butler, S E"	"Barkley, Miss S"
"15:05:00"	"2012-09-22"	"Listowel"	"Bangonform (IRE)"	"9.00"	"14.09"	"Handicap Hurdle"	"2"	"7"	"Bates, Mr D J"	"Fitzgerald, D E"
"16:05:00"	"2012-09-19"	"Listowel"	"Fosters Cross (IRE)"	"16.00"	"19.5"	"Handicap Chase"	"F"	"18"	"Lavery, Mr D G"	"Mullins, Thomas"
"14:40:00"	"2012-09-11"	"Worcester"	"Bobby Bullock (IRE)"	"6.00"	"7.8"	"Handicap Chase"	"2"	"11"	"Shoemark, Conor P"	"OBrien, Fergal"
"16:45:00"	"2012-09-09"	"Fontwell"	"Ashmolian (IRE)"	"22.00"	"38.52"	"Handicap Hurdle"	"5"	"11"	"Gracey-Davison, Gemma"	"Davison, Miss Z C"
"15:50:00"	"2012-09-08"	"Stratford"	"The Tiddly Tadpole"	"12.00"	"13.27"	"Handicap Hurdle"	"5"	"14"	"Derham, Mr H "	"West, S G"
"17:40:00"	"2012-09-07"	"Kilbeggan"	"Thewesthowaya (IRE)"	"4.50"	"6.71"	"Handicap Hurdle"	"1"	"13"	"Butler, S E"	"Flynn, Paul W"
"17:30:00"	"2012-09-04"	"Downpatrick"	"Clarkey (IRE)"	"16.00"	"49.29"	"Handicap Hurdle"	"2"	"15"	"McGarvey, J S"	"Roche, C"
"16:55:00"	"2012-09-04"	"Downpatrick"	"Ta Blazes (IRE)"	"8.00"	"9.4"	"Handicap Hurdle"	"2"	"8"	"Ring, Mr A"	"Rothwell, P J"
"17:30:00"	"2012-09-01"	"Killarney"	"Captain Ocana (IRE)"	"7.00"	"6.96"	"Maiden Hurdle"	"7"	"16"	"Dunne, H D"	"Archdeacon, L J"
"19:15:00"	"2012-08-31"	"Down Royal"	"Inis Ceithleann (IRE)"	"20.00"	"67.5"	"Handicap Hurdle"	"14"	"19"	"Benson, D J"	"Casey, Peter"
"17:15:00"	"2012-08-31"	"Bangor"	"Ravi River (IRE)"	"4.50"	"7.04"	"Handicap Hurdle"	"4"	"9"	"Whillans, Callum"	"Whillans, A C"
"16:20:00"	"2012-08-29"	"Worcester"	"Mix N Match"	"25.00"	"48.99"	"Claimer Hurdle"	"7"	"8"	"Sweeney, Mr N P"	"Ikin, Mrs C J"
"19:30:00"	"2012-08-28"	"Ballinrobe"	"Muzak (IRE)"	"2.50"	"3.85"	"Handicap Chase"	"1"	"7"	"Butler, M P"	"Monroe, John"
"16:35:00"	"2012-08-27"	"Bangor"	"Trackmate"	"7.00"	"9"	"Handicap Hurdle"	"2"	"8"	"Kirk, Mr R J"	"Evans, H J"
"18:00:00"	"2012-08-22"	"Newton Abbot"	"Quiet Whisper (IRE)"	"20.00"	"38.58"	"Handicap Hurdle"	"11"	"14"	"Greene, C"	"Bailey, K C"
"16:25:00"	"2012-08-21"	"Perth"	"Laybach (IRE)"	"3.00"	"4.5"	"Handicap Novices Hurdle"	"2"	"7"	"Whillans, Callum"	"Goldie, J S"
"17:00:00"	"2012-08-19"	"Southwell"	"King Mak"	"10.00"	"16.01"	"Handicap Hurdle"	"3"	"12"	"James, Mr K"	"Fife, Mrs Marjorie"
"19:40:00"	"2012-08-18"	"Market Rasen"	"South Stack"	"3.50"	"6.25"	"Handicap Novices Hurdle"	"1"	"13"	"Greene, C"	"Bailey, K C"
"15:05:00"	"2012-08-06"	"Cork"	"Akinspirit (IRE)"	"5.00"	"7.7"	"Handicap Hurdle"	"1"	"9"	"Butler, M P"	"Butler, Michael"
"15:05:00"	"2012-08-06"	"Cork"	"Echo Bob (IRE)"	"3.50"	"4.73"	"Handicap Hurdle"	"3"	"9"	"Enright, M A"	"Bromhead, Henry De"
"14:15:00"	"2012-08-05"	"Galway"	"Tribes And Banner (IRE)"	"4.50"	"6.42"	"Handicap Hurdle"	"2"	"13"	"Cawley, Mr B F"	"Swan, C F"
"14:25:00"	"2012-08-04"	"Galway"	"Flemingstown (IRE)"	"50.00"	"193.36"	"Maiden Hurdle"	"7"	"18"	"Woods, Miss C M"	"Maher, Peter"
"16:50:00"	"2012-08-02"	"Galway"	"The Real Article (IRE)"	"25.00"	"49.66"	"Handicap Hurdle"	"7"	"20"	"Linehan, Mr M J"	"OGrady, E J"
"15:55:00"	"2012-08-02"	"Stratford"	"Domino Dancer (IRE)"	"14.00"	"21.1"	"Handicap Hurdle"	"9"	"10"	"Sweeney, Mr N P"	"Jones, Lucy"
"20:30:00"	"2012-08-01"	"Perth"	"Solway Dornal"	"4.50"	"5.96"	"Handicap Chase"	"6"	"7"	"Mulqueen, S"	"Harrison, Miss L"
"20:50:00"	"2012-07-31"	"Worcester"	"Spirit Is Needed (IRE)"	"25.00"	"36.32"	"Handicap Hurdle"	"PU"	"8"	"Byrne, Michael"	"Vaughan, Tim"
"15:30:00"	"2012-07-29"	"Stratford"	"Intac (IRE)"	"25.00"	"42.4"	"Handicap Chase"	"8"	"12"	"Legg, Michael"	"Tizzard, C L"
"17:25:00"	"2012-07-28"	"Wexford"	"Big Game Hunter (IRE)"	"12.00"	"21"	"Handicap Chase"	"CO"	"14"	"Lavery, Mr D G"	"Morris, M F"
"15:15:00"	"2012-07-28"	"Wexford"	"Flight Control (IRE) (OLD)"	"25.00"	"73.04"	"Handicap Hurdle"	"5"	"16"	"Doran, Mr M N"	"Cullen, Michael"
"14:40:00"	"2012-07-28"	"Wexford"	"Bulletproof (IRE)"	"5.00"	"6.1"	"Handicap Hurdle"	"1"	"15"	"Enright, M A"	"Kelly, David Harry"
"14:35:00"	"2012-07-27"	"Southwell"	"Shindig (OLD)"	"20.00"	"23.37"	"Handicap Chase"	"PU"	"10"	"Woods, K K"	"Kellett, C N"
"19:10:00"	"2012-07-26"	"Limerick"	"Dream Champion"	"16.00"	"39.37"	"Handicap Hurdle"	"9"	"18"	"Craig, Mr S J"	"Martin, A J"
"19:10:00"	"2012-07-26"	"Limerick"	"Killegney"	"8.00"	"11.65"	"Handicap Hurdle"	"11"	"18"	"ONeill, Mr B"	"Bowe, Colin"
"19:55:00"	"2012-07-24"	"Ballinrobe"	"Muzak (IRE)"	"5.50"	"6.68"	"Handicap Hurdle"	"3"	"10"	"Dalton, B R"	"Monroe, John"
"20:20:00"	"2012-07-23"	"Ballinrobe"	"On The Loose (IRE)"	"3.50"	"5.2"	"Handicap Hurdle"	"6"	"14"	"Carroll, T C"	"McCourt, T G"
"16:50:00"	"2012-07-22"	"Tipperary"	"Howya Buddy (IRE)"	"8.00"	"13.81"	"Handicap Hurdle"	"6"	"13"	"Dalton, B R"	"Kenirons, Martin"
"16:20:00"	"2012-07-22"	"Tipperary"	"Coole Avenue (IRE)"	"20.00"	"28.78"	"Hurdle"	"3"	"8"	"Mangan, Mr G M"	"Cooper, Thomas"
"16:50:00"	"2012-07-21"	"Cartmel"	"Fred Bojangals (IRE)"	"9.00"	"13.48"	"Handicap Hurdle"	"6"	"9"	"Butterworth, Miss E"	"Butterworth, Mrs B"
"15:35:00"	"2012-07-21"	"Cartmel"	"Fog Patches (IRE)"	"1.25"	"2.3"	"Handicap Chase"	"3"	"8"	"Fox, Steven"	"Russell, Miss Lucinda V"
"20:15:00"	"2012-07-18"	"Killarney"	"Shrapnel (IRE)"	"7.00"	"12.34"	"Handicap Hurdle"	"7"	"9"	"Dalton, B R"	"Byrnes, C"
"15:25:00"	"2012-07-15"	"Sligo"	"Missgiloney (IRE)"	"14.00"	"24"	"Handicap Hurdle"	"7"	"16"	"Benson, D J"	"Kelly, David Martin"
"16:45:00"	"2012-07-11"	"Wexford"	"Coolharbour Breeze (IRE)"	"5.00"	"7.14"	"Handicap Chase"	"1"	"15"	"Queally, Mr D L"	"Murphy, Miss Bernadette A K"
"20:25:00"	"2012-06-26"	"Ballinrobe"	"Markey Cee (IRE)"	"6.50"	"10.09"	"Handicap Hurdle"	"6"	"16"	"Kelly, T"	"Kelly, Patrick G"
"21:00:00"	"2012-06-25"	"Kilbeggan"	"Aces And Kings (IRE)"	"18.00"	"24.16"	"Beginners Chase"	"F"	"14"	"Brabazon, Mr B F"	"Newman, W"
"20:00:00"	"2012-06-22"	"Down Royal"	"Ferris Bueller"	"9.00"	"16.5"	"Beginners Chase"	"4"	"11"	"Dalton, B R"	"ODwyer, Conor"
"20:30:00"	"2012-06-20"	"Wexford"	"Paddy O Dee"	"14.00"	"24.85"	"Handicap Chase"	"4"	"11"	"Ring, Mr A"	"Rothwell, P J"
"18:45:00"	"2012-06-15"	"Clonmel"	"Littletown Lass (IRE)"	"14.00"	"17.5"	"Handicap Hurdle"	"5"	"15"	"Kennedy, PAddy D"	"Byrne, Sean"
"18:10:00"	"2012-06-15"	"Clonmel"	"Coosan Belle (IRE)"	"20.00"	"29"	"Handicap Hurdle"	"7"	"15"	"Hayes, Brian"	"Hanlon, John Joseph"
"20:40:00"	"2012-06-14"	"Hereford"	"Turbo Shandy"	"10.00"	"15.5"	"Handicap Chase"	"7"	"12"	"Flint, T J"	"Flint, J L"
"20:10:00"	"2012-06-12"	"Southwell"	"Irish Symphony (IRE)"	"2.50"	"3.87"	"Maiden Hurdle"	"2"	"8"	"Sheehan, Gavin"	"Brennan, O"
"14:30:00"	"2012-06-11"	"Newton Abbot"	"Henry The First (IRE)"	"4.00"	"5.39"	"Handicap Novices Hurdle"	"4"	"9"	"McGrath, Jeremiah"	"Hill, M"
"15:35:00"	"2012-06-09"	"Hexham"	"Dr Flynn (IRE)"	"3.00"	"4.11"	"Handicap Hurdle"	"1"	"5"	"Whillans, Callum"	"Hamilton, Mrs A"
"16:05:00"	"2012-06-08"	"Market Rasen"	"Spear Thistle"	"33.00"	"55.38"	"Handicap Hurdle"	"6"	"10"	"Best, J A"	"Best, Jim"
"17:45:00"	"2012-06-04"	"Towcester"	"Sendinpost"	"1.88"	"3.1"	"Handicap Hurdle"	"5"	"8"	"Bartlett, Mr G H M"	"Williams, Miss Venetia"
"15:30:00"	"2012-06-03"	"Fontwell"	"Milans Well (IRE)"	"3.00"	"4.58"	"Handicap Hurdle"	"2"	"9"	"Powell, Brendan"	"Powell, B G"
"19:15:00"	"2012-06-02"	"Cartmel"	"Golden Dream (IRE)"	"8.50"	"11.65"	"Handicap Chase"	"2"	"13"	"Challoner, Mr Harry"	"Ford, R"
"14:20:00"	"2012-05-31"	"Ffos Las"	"Hodgson (IRE)"	"3.00"	"4.21"	"Novices Hurdle"	"3"	"5"	"Conlon, Mr A"	"Curtis, Miss Rebecca"
"20:25:00"	"2012-05-30"	"Punchestown"	"Westmeath"	"25.00"	"72.17"	"Handicap Hurdle"	"20"	"21"	"Doran, Mr M N"	"Nolan, Paul"
"17:55:00"	"2012-05-30"	"Punchestown"	"Give Us A Hand (IRE)"	"8.00"	"13.5"	"Handicap Chase"	"2"	"18"	"Scallan, Mr M J"	"Berry, J A"
"20:05:00"	"2012-05-29"	"Ballinrobe"	"Blaze Trailer (IRE)"	"20.00"	"40"	"Handicap Chase"	"7"	"16"	"Carroll, T C"	"McCourt, T G"
"17:35:00"	"2012-05-29"	"Ballinrobe"	"Tynaghs Trooper (IRE)"	"7.00"	"10.34"	"Maiden Hurdle"	"6"	"15"	"Cawley, Mr B F"	"Flannery, M"
"17:00:00"	"2012-05-27"	"Kelso"	"Sierra Victor (IRE)"	"9.00"	"12.5"	"Hunters Chase"	"2"	"10"	"Walton, Miss C"	"Dobbin, Mrs R"
"14:10:00"	"2012-05-24"	"Wetherby"	"Oniz Tiptoes (IRE)"	"16.00"	"23.5"	"Handicap Hurdle"	"4"	"13"	"Gillam, Miss J"	"Wainwright, J S"
"19:45:00"	"2012-05-22"	"Towcester"	"There And Then"	"22.00"	"28.48"	"Handicap Hurdle"	"12"	"12"	"Brown, Miss C L"	"Mullins, J W"
"15:25:00"	"2012-05-20"	"Limerick"	"Raggletagglegypsy (IRE)"	"9.00"	"11.43"	"Handicap Hurdle"	"F"	"18"	"Butler, M P"	"Doyle, Eoin"
"15:20:00"	"2012-05-20"	"Stratford"	"Intac (IRE)"	"50.00"	"95.87"	"Handicap Chase"	"10"	"16"	"Powell, Brendan"	"Tizzard, C L"
"15:00:00"	"2012-05-20"	"Market Rasen"	"King Mak"	"12.00"	"15.34"	"Handicap Hurdle"	"6"	"11"	"James, Mr K"	"Fife, Mrs Marjorie"
"17:20:00"	"2012-05-18"	"Aintree"	"Glenora Gale (IRE)"	"14.00"	"17"	"Handicap Hurdle"	"3"	"14"	"Cockburn, Grant J"	"Russell, Miss Lucinda V"
"18:30:00"	"2012-05-14"	"Towcester"	"Musical Wedge"	"7.00"	"9.2"	"Handicap Chase"	"3"	"8"	"Quinn, Gerald"	"Dyson, Miss C"
"18:00:00"	"2012-05-14"	"Towcester"	"Vivarini"	"14.00"	"18.7"	"Seller Hurdle"	"UR"	"6"	"Wall, Josh"	"Oshea, J G M"
"16:55:00"	"2012-05-13"	"Killarney"	"Celtic Wish (IRE)"	"20.00"	"36.84"	"Handicap Chase"	"UR"	"12"	"Hayes, Brian"	"Mullins, Gerard"
"20:00:00"	"2012-05-11"	"Downpatrick"	"Harps Counsel (IRE)"	"4.00"	"5.5"	"Maiden Hunters Chase"	"10"	"15"	"Magee, Mr S F"	"Magee, J K"
"14:25:00"	"2012-05-11"	"Market Rasen"	"Worth A Kings"	"2.25"	"3.49"	"Handicap Hurdle"	"1"	"10"	"Sayer, Miss E C"	"Sayer, Mrs Dianne"
"20:40:00"	"2012-05-10"	"Clonmel"	"Crocus Bay (IRE)"	"1.25"	"2.36"	"NH Flat"	"2"	"7"	"Byrne, Mr S R"	"OGrady, E J"
"20:10:00"	"2012-05-10"	"Clonmel"	"Credit Box (IRE)"	"10.00"	"13"	"Handicap Hurdle"	"2"	"16"	"Keane, Mr A M"	"Keane, M"
"18:50:00"	"2012-05-08"	"Punchestown"	"Uncle Tom Cobley (IRE)"	"4.50"	"6.54"	"Handicap Chase"	"F"	"10"	"Dalton, B R"	"ODwyer, Conor"
"17:50:00"	"2012-05-08"	"Punchestown"	"Gates Of Rome (IRE)"	"14.00"	"20.02"	"Handicap Novices Chase"	"6"	"12"	"Dalton, B R"	"Murphy, C A"
"20:10:00"	"2012-05-05"	"Hexham"	"Teerie Express"	"8.00"	"14.13"	"Novices Hurdle"	"1"	"6"	"Bewley, Jonathon"	"Bewley, G T"
"15:15:00"	"2012-05-05"	"Limerick"	"Swift Lady (IRE)"	"6.50"	"10.34"	"Handicap Hurdle"	"11"	"17"	"Dalton, B R"	"Meany, P"
"14:45:00"	"2012-05-05"	"Limerick"	"Tellherimnothere (IRE)"	"5.00"	"5.95"	"Maiden Hurdle"	"6"	"17"	"McCurtin, Ambrose"	"Walsh, John J"
"20:20:00"	"2012-05-02"	"Cheltenham"	"I Have Dreamed (IRE)"	"1.63"	"2.86"	"Hunters Chase"	"F"	"8"	"Poste, Ben J"	"Flook, S"
"15:50:00"	"2012-04-28"	"Punchestown"	"Westmeath"	"16.00"	"22"	"Handicap Chase"	"F"	"10"	"Dalton, B R"	"Nolan, Paul"
"15:20:00"	"2012-04-28"	"Market Rasen"	"Emperor Concerto"	"6.00"	"8"	"Handicap Chase"	"PU"	"6"	"Crawley, Matt"	"Wadham, Mrs L"
"19:55:00"	"2012-04-27"	"Plumpton"	"Beau Fighter"	"16.00"	"22.26"	"Handicap Hurdle"	"5"	"7"	"Moore, Joshua"	"Moore, Gary and Josh"
"18:50:00"	"2012-04-27"	"Plumpton"	"Minella Mistake (IRE)"	"2.75"	"3.85"	"Handicap Hurdle"	"5"	"6"	"Powell, Brendan"	"Rowe, R"
"16:50:00"	"2012-04-27"	"Perth"	"Jaunty Journey"	"2.25"	"3.76"	"Handicap Hurdle"	"2"	"5"	"Twiston-Davies, Mr W"	"Twiston-Davies, N A"
"15:40:00"	"2012-04-25"	"Punchestown"	"Flying Light (IRE)"	"9.00"	"14"	"Handicap Hurdle"	"PU"	"25"	"Hayes, Brian"	"Queally, John"
"15:40:00"	"2012-04-25"	"Punchestown"	"Steel Park (IRE)"	"25.00"	"48.44"	"Handicap Hurdle"	"PU"	"25"	"Sexton, K C"	"Byrne, Sean"
"20:20:00"	"2012-04-23"	"Cork"	"Golden Alou (IRE)"	"12.00"	"16.5"	"Handicap Chase"	"9"	"13"	"Queally, Mr D L"	"Lynch, G T"
"18:20:00"	"2012-04-23"	"Cork"	"Concrete And Clay"	"5.00"	"7.13"	"Handicap Hurdle"	"4"	"14"	"Bowes, M W"	"OBrien, Charles"
"15:10:00"	"2012-04-22"	"Wincanton"	"Henry Hook (IRE)"	"7.00"	"8.63"	"Handicap Hurdle"	"1"	"17"	"Derham, Mr H "	"Dartnall, V R A"
"14:00:00"	"2012-04-22"	"Stratford"	"Loose Chips"	"8.00"	"11"	"Novices Hurdle"	"7"	"14"	"Woods, K K"	"Longsdon, C E"
"17:15:00"	"2012-04-20"	"Fontwell"	"Romney Marsh"	"11.00"	"14.21"	"Handicap Hurdle"	"3"	"12"	"Tett, Frederick"	"Curtis, R"
"16:15:00"	"2012-04-20"	"Fontwell"	"Marshal Zhukov (IRE)"	"6.00"	"7.23"	"Handicap Hurdle"	"1"	"8"	"Best, J A"	"Keevil, Mrs Caroline"
"15:45:00"	"2012-04-19"	"Cheltenham"	"Exmoor Ranger (IRE)"	"3.50"	"4.9"	"Handicap Chase"	"F"	"6"	"Guerriero, Mr Joshua"	"Dartnall, V R A"
"14:35:00"	"2012-04-18"	"Cheltenham"	"Bench Warrent (IRE)"	"18.00"	"25.42"	"Handicap Chase"	"3"	"14"	"Sheehan, Gavin"	"Mann, C J"
"15:40:00"	"2012-04-15"	"Tramore"	"Mazuri Cowboy (IRE)"	"1.50"	"2.54"	"Maiden Hurdle"	"1"	"13"	"Butler, M P"	"Doyle, Eoin"
"15:25:00"	"2012-04-14"	"Aintree"	"Cannington Brook (IRE)"	"25.00"	"26.28"	"Handicap Chase"	"5"	"14"	"Powell, Brendan"	"Tizzard, C L"
"14:45:00"	"2012-04-13"	"Sedgefield"	"Glaced Over"	"25.00"	"34"	"Handicap Hurdle"	"5"	"12"	"Bewley, Callum"	"Shiels, R"
"17:45:00"	"2012-04-12"	"Newton Abbot"	"Makin A Fuss"	"66.00"	"157.96"	"Handicap Hurdle"	"12"	"13"	"McGrath, Jeremiah"	"Hill, M"
"19:00:00"	"2012-04-10"	"Fairyhouse"	"Not Before Eight (IRE)"	"10.00"	"17.24"	"Hunters Chase"	"F"	"16"	"ONeill, Mr B"	"Christie, D M"
"18:30:00"	"2012-04-10"	"Fairyhouse"	"Our Victoria (IRE)"	"5.00"	"7.62"	"Handicap Chase"	"6"	"15"	"ONeill, Mr B"	"Bowe, Colin"
"18:00:00"	"2012-04-09"	"Plumpton"	"Mrs Peacock (IRE)"	"2.50"	"3.75"	"Handicap Hurdle"	"3"	"7"	"Byrne, Michael"	"Vaughan, Tim"
"18:00:00"	"2012-04-09"	"Plumpton"	"Rocky Ryan (IRE)"	"1.75"	"2.84"	"Handicap Hurdle"	"PU"	"7"	"Best, J A"	"Best, Jim"
"17:25:00"	"2012-04-09"	"Fairyhouse"	"Grey Soldier (IRE)"	"16.00"	"21.99"	"Handicap Novices Chase"	"10"	"17"	"Dalton, B R"	"Elliott, Gordon"
"16:50:00"	"2012-04-09"	"Fairyhouse"	"Leanne (IRE)"	"33.00"	"58.49"	"Handicap Chase"	"5"	"29"	"Butler, M P"	"Harney, W"
"16:50:00"	"2012-04-09"	"Fairyhouse"	"Start Me Up (IRE)"	"16.00"	"27.77"	"Handicap Chase"	"PU"	"29"	"Dalton, B R"	"Swan, C F"
"16:15:00"	"2012-04-09"	"Plumpton"	"Laughing Game"	"12.00"	"17.37"	"Handicap Chase"	"3"	"7"	"Carberry, Peter"	"Hurley, Laura"
"15:35:00"	"2012-04-08"	"Cork"	"Persian Gayle (IRE)"	"9.00"	"10.6"	"Handicap Hurdle"	"F"	"18"	"McCurtin, Ambrose"	"Walsh, John J"
"14:30:00"	"2012-04-02"	"Kelso"	"Civil Unrest (IRE)"	"2.75"	"4.37"	"Handicap Hurdle"	"9"	"9"	"Moscrop, Nathan"	"Ewart, J P L"
"16:15:00"	"2012-04-01"	"Limerick"	"Sligo Publican (IRE)"	"4.50"	"5.65"	"Hurdle"	"2"	"11"	"McCurtin,Mr F A "	"Walsh, John J"
"16:25:00"	"2012-03-31"	"Stratford"	"Like Ice"	"3.00"	"4.5"	"Handicap Hurdle"	"1"	"10"	"Woods, K K"	"Middleton,P W "
"15:00:00"	"2012-03-30"	"Newcastle"	"Ice Image (IRE)"	"2.75"	"4.2"	"Handicap Chase"	"2"	"4"	"Findlay, Mr A J"	"Charlton, G A"
"16:50:00"	"2012-03-29"	"Newcastle"	"Rolecarr (IRE)"	"2.75"	"3.93"	"Handicap Chase"	"5"	"5"	"Alexander, Lucy"	"Hamilton, Mrs A"
"15:40:00"	"2012-03-28"	"Taunton"	"Be Kind"	"28.00"	"50"	"Handicap Hurdle"	"5"	"5"	"Jones, Kevin"	"Williams, D L"
"17:20:00"	"2012-03-25"	"Downpatrick"	"Carsonstown Bridge (IRE)"	"2.50"	"3.91"	"NH Flat"	"3"	"10"	"Burke, Martin P"	"Stronge, Aaron"
"16:45:00"	"2012-03-24"	"Gowran Park"	"Borolee (IRE)"	"10.00"	"18.16"	"Handicap Chase"	"8"	"15"	"Bates, Mr D J"	"Doyle, Miss Elizabeth"
"17:45:00"	"2012-03-22"	"Cork"	"Fiery Oscar (IRE)"	"6.00"	"7.2"	"Handicap Hurdle"	"8"	"15"	"Ennis, Mikey"	"Sweeney, Rodger"
"16:20:00"	"2012-03-22"	"Chepstow"	"Simply Ben (IRE)"	"6.00"	"8.1"	"Handicap Hurdle"	"3"	"16"	"Henderson, Mr R G"	"Mitchell, Nick"
"16:15:00"	"2012-03-21"	"Hereford"	"Cruise In Style (IRE)"	"6.00"	"7.57"	"Handicap Hurdle"	"1"	"8"	"Best, J A"	"Bishop, K"
"17:00:00"	"2012-03-19"	"Southwell"	"Tinseltown"	"5.50"	"7.23"	"Handicap Hurdle"	"3"	"8"	"Alexander, Lucy"	"Rothwell, B S"
"15:30:00"	"2012-03-19"	"Southwell"	"The General Lee (IRE)"	"8.00"	"12"	"Hunters Chase"	"UR"	"6"	"Edwards, Alex"	"Rowley, Phillip"
"16:45:00"	"2012-03-18"	"Newton Abbot"	"Holden Caulfield (IRE)"	"12.00"	"21.24"	"Handicap Hurdle"	"2"	"10"	"Wallis, C"	"Ayliffe, N G"
"16:35:00"	"2012-03-18"	"Navan"	"Carloswayback (IRE)"	"12.00"	"23.7"	"Handicap Novices Chase"	"12"	"16"	"Doran, Mr M N"	"Nolan, Paul"
"17:20:00"	"2012-03-17"	"Newcastle"	"Top Brass (IRE)"	"25.00"	"36.71"	"Handicap Hurdle"	"14"	"17"	"McCarth, R J"	"Black, James H"
"14:25:00"	"2012-03-17"	"Ffos Las"	"Lamboro Lad (IRE)"	"3.33"	"4.7"	"Handicap Hurdle"	"5"	"9"	"Powell, Brendan"	"Bowen, Peter / Michael"
"14:05:00"	"2012-03-17"	"Down Royal"	"Storm Breaker (IRE)"	"16.00"	"29"	"Handicap Hurdle"	"7"	"19"	"McKenna, Liam"	"Lambe, J J"
"14:05:00"	"2012-03-17"	"Down Royal"	"Baynes Cross (IRE)"	"25.00"	"70"	"Handicap Hurdle"	"11"	"19"	"Dunne, H D"	"Hussey, Gerard Michael"
"16:55:00"	"2012-03-16"	"Fakenham"	"Amazing King (IRE)"	"14.00"	"18"	"Handicap Hurdle"	"7"	"11"	"James, Mr K"	"Kirby, P A"
"16:40:00"	"2012-03-15"	"Cheltenham"	"Be There In Five (IRE)"	"33.00"	"68.39"	"Handicap Chase"	"7"	"23"	"Boinville, Nico"	"Henderson, N J"
"16:40:00"	"2012-03-15"	"Cheltenham"	"Fredo (IRE)"	"40.00"	"70"	"Handicap Chase"	"16"	"23"	"Hodson, Mr J"	"Williams, Ian"
"16:40:00"	"2012-03-15"	"Cheltenham"	"Faasel (IRE)"	"16.00"	"30"	"Handicap Chase"	"PU"	"23"	"Edgar, Kieron"	"Pipe, D E"
"15:35:00"	"2012-03-14"	"Huntingdon"	"Himrayn"	"2.75"	"4.24"	"Handicap Hurdle"	"5"	"10"	"Alexander, Lucy"	"Murphy, Anabel K"
"16:20:00"	"2012-03-11"	"Naas"	"Beroni (IRE)"	"33.00"	"93.13"	"Handicap Chase"	"6"	"12"	"Bates, Mr D J"	"McEnery, P F"
"15:45:00"	"2012-03-11"	"Naas"	"Great Value (IRE)"	"25.00"	"80"	"Beginners Chase"	"1"	"13"	"Bates, Mr D J"	"Hughes, D T"
"15:20:00"	"2012-03-10"	"Gowran Park"	"Owennacurra Milan (IRE)"	"2.50"	"3.53"	"Handicap Hurdle"	"1"	"20"	"Jones, Mr R J"	"Hallahan, Miss Mary Louise"
"14:30:00"	"2012-03-10"	"Chepstow"	"Finnegan Paddy (IRE)"	"3.00"	"4.3"	"Maiden Hurdle"	"2"	"11"	"Kirk, Mr R J"	"Vaughan, Tim"
"14:05:00"	"2012-03-10"	"Sandown"	"Kings Lodge"	"16.00"	"18.75"	"Handicap Novices Hurdle"	"14"	"18"	"McGrath, Jeremiah"	"Henderson, N J"
"16:15:00"	"2012-03-09"	"Leicester"	"Bohemian Rock"	"3.00"	"4.8"	"Handicap Chase"	"3"	"9"	"Ennis, Mikey"	"Bailey, Mrs Caroline"
"14:20:00"	"2012-03-09"	"Sandown"	"Alaghiraar (IRE)"	"33.00"	"55.73"	"Handicap Hurdle"	"6"	"7"	"Allan, Mr M"	"Ford, R"
"14:00:00"	"2012-03-09"	"Wincanton"	"Queens Bay"	"1.50"	"2.69"	"Novices Hurdle"	"2"	"8"	"Powell, Brendan"	"Tizzard, C L"
"17:15:00"	"2012-03-08"	"Clonmel"	"An Dearthair Og (IRE)"	"2.00"	"3.35"	"NH Flat"	"2"	"5"	"Roche, Mr D"	"Bromhead, Henry De"
"16:45:00"	"2012-03-08"	"Clonmel"	"Whatdoyousay"	"5.50"	"7.81"	"Handicap Chase"	"F"	"14"	"Fox, Mr G N"	"McKiernan, Oliver"
"15:45:00"	"2012-03-07"	"Downpatrick"	"Saddlers Native (IRE)"	"20.00"	"44.64"	"Handicap Hurdle"	"5"	"15"	"Bowes, M W"	"Brady, Patrick O"
"16:05:00"	"2012-02-29"	"Southwell"	"Pheidias (IRE)"	"16.00"	"25"	"Handicap Hurdle"	"3"	"9"	"Andrews, Bridget"	"Sly, Mrs P"
"14:50:00"	"2012-02-28"	"Catterick"	"Floras Pride"	"2.75"	"3.91"	"Handicap Novices Hurdle"	"1"	"12"	"Linehan, E D"	"Reveley, K G"
"14:20:00"	"2012-02-28"	"Catterick"	"Karmadice"	"3.50"	"4.86"	"Handicap Hurdle"	"2"	"14"	"England, Sam"	"Smith, Mrs S J"
"16:45:00"	"2012-02-25"	"Kempton"	"Tasheba"	"16.00"	"19.94"	"Handicap Hurdle"	"PU"	"15"	"Best, J A"	"Keevil, Mrs Caroline"
"14:25:00"	"2012-02-25"	"Fairyhouse"	"Shadow Eile (IRE)"	"3.50"	"4.66"	"Novices Hurdle"	"3"	"10"	"Murphy, Mr C M"	"Love, Mrs D A"
"15:55:00"	"2012-02-23"	"Thurles"	"Twin Plan (IRE)"	"25.00"	"60"	"Maiden Hurdle"	"7"	"13"	"Dalton, B R"	"Burke, W J"
"16:05:00"	"2012-02-22"	"Doncaster"	"Go Amwell"	"66.00"	"111.65"	"Handicap Hurdle"	"9"	"16"	"Alexander, Lucy"	"Jenkins, J R"
"15:10:00"	"2012-02-22"	"Ludlow"	"Akarshan (IRE)"	"2.75"	"4.05"	"Handicap Chase"	"1"	"10"	"Wedge, Adam"	"Williams, Evan"
"14:10:00"	"2012-02-19"	"Market Rasen"	"Manshoor (IRE)"	"16.00"	"22.54"	"Handicap Hurdle"	"12"	"17"	"Crawley, Matt"	"Wadham, Mrs L"
"14:10:00"	"2012-02-19"	"Market Rasen"	"King Mak"	"14.00"	"19.48"	"Handicap Hurdle"	"13"	"17"	"James, Mr K"	"Fife, Mrs Marjorie"
"14:25:00"	"2012-02-18"	"Ascot"	"Pearlysteps"	"5.00"	"7.23"	"Handicap Chase"	"PU"	"12"	"Greenall, Mr Jake"	"Daly, H D"
"13:25:00"	"2012-02-18"	"Wincanton"	"Freddys Star (IRE)"	"16.00"	"25.38"	"Handicap Hurdle"	"4"	"11"	"Wedge, Adam"	"Gundry, Miss Polly"
"14:25:00"	"2012-02-17"	"Newbury"	"What An Oscar (IRE)"	"20.00"	"40"	"Handicap Hurdle"	"14"	"15"	"Twiston-Davies, Mr W"	"Twiston-Davies, N A"
"15:10:00"	"2012-02-15"	"Kelso"	"Riguez Dancer"	"9.00"	"14.36"	"Handicap Chase"	"F"	"10"	"Walton, Miss C"	"Murphy, Ferdy"
"14:35:00"	"2012-02-11"	"Musselburgh"	"More Equity"	"16.00"	"21.76"	"Handicap Hurdle"	"9"	"11"	"Sayer, Miss E C"	"Sayer, Mrs Dianne"
"13:40:00"	"2012-01-28"	"Uttoxeter"	"Unwanted Gift (IRE)"	"1.88"	"2.95"	"Seller Hurdle"	"3"	"7"	"Twiston-Davies, Mr W"	"Hobbs, Mrs Rachel M"
"13:30:00"	"2012-01-28"	"Cheltenham"	"Bottman (IRE)"	"50.00"	"84.68"	"Handicap Novices Chase"	"5"	"16"	"Byrne, Michael"	"Vaughan, Tim"
"14:25:00"	"2012-01-26"	"Warwick"	"Lion On The Prowl (IRE)"	"14.00"	"23.81"	"Handicap Hurdle"	"PU"	"10"	"Greene, C"	"Bailey, K C"
"13:15:00"	"2012-01-26"	"Newcastle"	"South Leinster (IRE)"	"1.20"	"2.22"	"Novices Hurdle"	"4"	"9"	"Bewley, Jonathon"	"Bewley, G T"
"15:40:00"	"2012-01-25"	"Musselburgh"	"Heavenly Chorus"	"10.00"	"12.77"	"Handicap Chase"	"5"	"8"	"McCormack, Colm"	"Reveley, K G"
"14:35:00"	"2012-01-25"	"Limerick"	"Dr Proctor (IRE)"	"3.33"	"4.39"	"Handicap Hurdle"	"2"	"18"	"Kelly, T"	"Kelly, Patrick G"
"14:05:00"	"2012-01-25"	"Limerick"	"Bonifacio (IRE)"	"6.50"	"9.51"	"Handicap Hurdle"	"7"	"11"	"Kelly, T"	"Kelly, Patrick G"
"16:05:00"	"2012-01-22"	"Market Rasen"	"Amtired"	"16.00"	"26.9"	"Handicap Hurdle"	"2"	"16"	"James, Mr K"	"Ellison, B"
"15:30:00"	"2012-01-22"	"Fairyhouse"	"Jacks Island (IRE)"	"14.00"	"19.29"	"Handicap Hurdle"	"6"	"16"	"Fox, Mr G N"	"Kenny, J P"
"14:30:00"	"2012-01-22"	"Market Rasen"	"Thanks For Coming"	"4.00"	"5.59"	"Handicap Hurdle"	"3"	"14"	"McGrath, Jeremiah"	"Henderson, N J"
"14:30:00"	"2012-01-22"	"Market Rasen"	"John Forbes"	"50.00"	"111.79"	"Handicap Hurdle"	"6"	"14"	"James, Mr K"	"Ellison, B"
"13:35:00"	"2012-01-21"	"Wincanton"	"Minella Special (IRE)"	"3.50"	"5.2"	"Handicap Hurdle"	"2"	"12"	"Best, J A"	"Henderson, P"
"15:35:00"	"2012-01-19"	"Thurles"	"Boxing Along (IRE)"	"40.00"	"127.82"	"Handicap Hurdle"	"4"	"15"	"Enright, M A"	"Halley, Vincent Laurence"
"13:40:00"	"2012-01-19"	"Ludlow"	"Civil Servant"	"8.00"	"11"	"Handicap Novices Chase"	"5"	"9"	"Twiston-Davies, Mr W"	"Twiston-Davies, N A"
"14:35:00"	"2012-01-18"	"Newbury"	"Ceepeegee (IRE)"	"7.00"	"8.86"	"Handicap Chase"	"6"	"16"	"Powell, Brendan"	"Tizzard, C L"
"14:45:00"	"2012-01-12"	"Catterick"	"Patavium (IRE)"	"4.50"	"5.5"	"Handicap Hurdle"	"1"	"11"	"Whillans, Callum"	"Tuer, E W"
"14:40:00"	"2012-01-07"	"Thurles"	"Ask Me Sister (IRE)"	"6.50"	"9.11"	"Maiden Hurdle"	"4"	"18"	"Heskin, A P"	"Osborne, Sean"
"14:10:00"	"2012-01-07"	"Thurles"	"Twin Plan (IRE)"	"16.00"	"26.07"	"Maiden Hurdle"	"8"	"16"	"Dalton, B R"	"Burke, W J"
"14:40:00"	"2012-01-05"	"Sedgefield"	"Macs Island (IRE)"	"33.00"	"46.83"	"Handicap Hurdle"	"6"	"8"	"McCarth, R J"	"Murphy, Ferdy"
"15:15:00"	"2012-01-02"	"Cork"	"Tinakellylad (IRE)"	"16.00"	"34.82"	"Handicap Chase"	"2"	"15"	"Dalton, B R"	"Morris, M F"
"13:25:00"	"2012-01-02"	"Ayr"	"Cassius (IRE)"	"7.00"	"9.22"	"Beginners Chase"	"5"	"5"	"Alexander, Lucy"	"Mactaggart, B"
"14:35:00"	"2012-01-01"	"Fairyhouse"	"Mosstown (IRE)"	"22.00"	"59.32"	"Handicap Hurdle"	"7"	"7"	"Sexton, K C"	"Harrington, Mrs John"
"14:10:00"	"2012-01-01"	"Cheltenham"	"Micheal Flips (IRE)"	"10.00"	"14.12"	"Handicap Chase"	"7"	"14"	"Banks, Mr J"	"Turnell, Andrew"
"13:05:00"	"2012-01-01"	"Tramore"	"Days Of Glory (IRE)"	"8.00"	"9.67"	"Maiden Hurdle"	"7"	"11"	"Harrison, Miss K J"	"Harrison, Mrs C"
"15:30:00"	"2011-12-30"	"Taunton"	"Solitary Palm (IRE)"	"10.00"	"13.57"	"Handicap Chase"	"7"	"14"	"Griffiths, Matt"	"Forsey, B"
"14:10:00"	"2011-12-29"	"Kelso"	"Charlie Bucket"	"40.00"	"65.86"	"Handicap Hurdle"	"2"	"12"	"Whillans, Callum"	"Whillans, D W"
"14:10:00"	"2011-12-29"	"Kelso"	"Dickie Henderhoop (IRE)"	"9.00"	"11.52"	"Handicap Hurdle"	"4"	"12"	"Wilson, Mr R"	"Normile, Mrs L B"
"15:35:00"	"2011-12-28"	"Leicester"	"Trip The Light"	"22.00"	"36"	"Handicap Hurdle"	"9"	"11"	"Woods, K K"	"Middleton,P W "
"15:10:00"	"2011-12-27"	"Kempton"	"Inside Dealer (IRE)"	"3.00"	"4.4"	"Handicap Chase"	"F"	"12"	"Clements, Mr S"	"Tizzard, C L"
"15:05:00"	"2011-12-27"	"Leopardstown"	"Leanne (IRE)"	"25.00"	"70.16"	"Handicap Chase"	"5"	"26"	"Butler, M P"	"Harney, W"
"15:05:00"	"2011-12-27"	"Leopardstown"	"Jadanli (IRE)"	"50.00"	"390"	"Handicap Chase"	"14"	"26"	"Splaine, D E"	"Gilligan, Paul John"
"14:50:00"	"2011-12-27"	"Limerick"	"Start Me Up (IRE)"	"12.00"	"20"	"Handicap Chase"	"3"	"16"	"Dalton, B R"	"Swan, C F"
"15:40:00"	"2011-12-26"	"Kempton"	"Tobago Bay"	"33.00"	"57.69"	"Handicap Hurdle"	"14"	"17"	"Akehurst, Mr J"	"Moore, Gary and Josh"
"14:50:00"	"2011-12-26"	"Wincanton"	"Lavenoak Lad"	"25.00"	"40.47"	"Handicap Chase"	"2"	"9"	"Sweeney, Mr N P"	"Burrough, S C"
"14:40:00"	"2011-12-26"	"Fontwell"	"Owner Occupier"	"2.75"	"4.12"	"Handicap Hurdle"	"2"	"7"	"Cannon, Tom J"	"Gordon, C"
"14:40:00"	"2011-12-26"	"Fontwell"	"Whats For Tea"	"20.00"	"35.53"	"Handicap Hurdle"	"3"	"7"	"Wall, Josh"	"Butler, P"
"13:00:00"	"2011-12-26"	"Down Royal"	"Inverglen (IRE)"	"6.00"	"9.24"	"Beginners Chase"	"6"	"11"	"Crawford,Mr B G "	"Crawford, S R B"
"12:30:00"	"2011-12-26"	"Wincanton"	"Chesil Beach Boy"	"7.00"	"10.08"	"Handicap Novices Hurdle"	"1"	"12"	"Roberts, Mrs M"	"Coombe, M J"
"15:05:00"	"2011-12-22"	"Thurles"	"Grey Area (IRE)"	"14.00"	"29"	"Handicap Novices Hurdle"	"PU"	"14"	"Bates, Mr D J"	"Rothwell, P J"
"13:05:00"	"2011-12-21"	"Downpatrick"	"Romantic Lead"	"20.00"	"27"	"Handicap Novices Hurdle"	"PU"	"10"	"Hayes, Brian"	"Gilligan, Paul John"
"14:20:00"	"2011-12-20"	"Musselburgh"	"Aggravation"	"33.00"	"58.13"	"Handicap Hurdle"	"5"	"13"	"Voy, A L"	"Grant, C"
"14:25:00"	"2011-12-19"	"Navan"	"Twelfth of Never (IRE)"	"7.00"	"10.74"	"Handicap Hurdle"	"PU"	"16"	"Dalton, B R"	"Doyle, Miss Elizabeth"
"14:05:00"	"2011-12-17"	"Newcastle"	"South Leinster (IRE)"	"1.88"	"2.97"	"Novices Hurdle"	"2"	"13"	"Bewley, Jonathon"	"Bewley, G T"
"12:40:00"	"2011-12-15"	"Towcester"	"Grand Article (IRE)"	"3.50"	"5.6"	"Handicap Novices Chase"	"6"	"12"	"Wedge, Adam"	"Cowley, P E"
"14:35:00"	"2011-12-11"	"Punchestown"	"Talab"	"33.00"	"185.6"	"Beginners Chase"	"F"	"14"	"Enright, M A"	"Hughes, D T"
"14:15:00"	"2011-12-11"	"Hereford"	"Strongbows Legend"	"2.75"	"3.9"	"Handicap Chase"	"1"	"12"	"Woods, K K"	"Longsdon, C E"
"13:35:00"	"2011-12-11"	"Punchestown"	"Ross Na Righ (IRE)"	"20.00"	"41.25"	"Handicap Hurdle"	"7"	"22"	"Enright, M A"	"Hughes, D T"
"15:05:00"	"2011-12-08"	"Clonmel"	"Island Peak (IRE)"	"4.50"	"5.81"	"Handicap Chase"	"8"	"18"	"Cawley, Mr B F"	"OConnor, Michael John"
"13:35:00"	"2011-12-08"	"Clonmel"	"Spring Wine (IRE)"	"16.00"	"26.77"	"Handicap Hurdle"	"F"	"18"	"Moore, J M"	"Rothwell, P J"
"13:50:00"	"2011-12-05"	"Musselburgh"	"Humourous (IRE)"	"12.00"	"18.55"	"Handicap Hurdle"	"9"	"12"	"Alexander, Lucy"	"Storey, B"
"15:30:00"	"2011-12-04"	"Kelso"	"Dawn Ride (IRE)"	"16.00"	"22.03"	"Handicap Novices Hurdle"	"4"	"10"	"Colliver, J"	"Hammond, Micky"
"14:30:00"	"2011-12-04"	"Kelso"	"Double Default (IRE)"	"25.00"	"31.53"	"Handicap Chase"	"5"	"12"	"Alexander, Lucy"	"Todhunter, M"
"15:40:00"	"2011-12-03"	"Sandown"	"Runshan (IRE)"	"10.00"	"15.61"	"Handicap Chase"	"4"	"8"	"Powell, Brendan"	"Bridgwater, D G"
"13:25:00"	"2011-12-03"	"Sandown"	"Warnes Way (IRE)"	"20.00"	"27.35"	"Handicap Hurdle"	"4"	"19"	"Powell, Brendan"	"Powell, B G"
"15:50:00"	"2011-12-01"	"Wincanton"	"Local Present (IRE)"	"9.00"	"11.7"	"Handicap Chase"	"8"	"11"	"Powell, Brendan"	"Hodges, R J"
"15:30:00"	"2011-11-27"	"Carlisle"	"Dickie Henderhoop (IRE)"	"3.00"	"4.1"	"Handicap Hurdle"	"3"	"16"	"Wilson, Mr R"	"Normile, Mrs L B"
"14:30:00"	"2011-11-27"	"Wexford"	"Lonesome Dove (IRE)"	"25.00"	"57.36"	"Beginners Chase"	"4"	"11"	"Cawley, Mr B F"	"Swan, C F"
"14:20:00"	"2011-11-27"	"Navan"	"Stonemaster (IRE)"	"12.00"	"17.97"	"Handicap Chase"	"10"	"25"	"McCarthy, I J"	"Hughes, D T"
"13:25:00"	"2011-11-27"	"Wexford"	"Coral Creek (IRE)"	"12.00"	"24.78"	"Novices Hurdle"	"3"	"6"	"Slevin, J J"	"Slevin, S"
"14:30:00"	"2011-11-26"	"Gowran Park"	"Carrigdhoun (IRE)"	"50.00"	"247.71"	"Beginners Chase"	"F"	"18"	"Splaine, D E"	"Stanners, Edward"
"13:20:00"	"2011-11-26"	"Bangor"	"Eighteen Carat (IRE)"	"18.00"	"23.79"	"Handicap Chase"	"4"	"7"	"Brooke, Henry"	"McCain Jnr, D"
"14:30:00"	"2011-11-22"	"Sedgefield"	"Lerida"	"33.00"	"38"	"Handicap Chase"	"9"	"10"	"Brooke, Henry"	"Watt, Mrs S A"
"15:50:00"	"2011-11-17"	"Market Rasen"	"Bob Will (IRE)"	"4.00"	"5.8"	"Handicap Chase"	"6"	"9"	"Voy, A L"	"Grant, C"
"14:15:00"	"2011-11-14"	"Limerick"	"For Dylan (IRE)"	"10.00"	"13.07"	"Handicap Hurdle"	"11"	"14"	"Cawley, Mr B F"	"OConnor, Michael John"
"14:15:00"	"2011-11-13"	"Navan"	"West Ship Master (IRE)"	"25.00"	"162.14"	"Handicap Hurdle"	"18"	"18"	"Dunne, H D"	"Donnelly, Lorcan Joseph"
"15:05:00"	"2011-11-12"	"Naas"	"Dul Ar An Ol (IRE)"	"5.00"	"6.86"	"Handicap Hurdle"	"1"	"14"	"Kennedy, PAddy D"	"McConnell, John C"
"14:25:00"	"2011-11-12"	"Wetherby"	"Oniz Tiptoes (IRE)"	"25.00"	"32"	"Handicap Hurdle"	"5"	"15"	"Alexander, Lucy"	"Wainwright, J S"
"13:10:00"	"2011-11-10"	"Taunton"	"No Woman No Cry"	"1.75"	"3.04"	"Handicap Hurdle"	"2"	"5"	"Clements, Mr S"	"Tizzard, C L"
"13:40:00"	"2011-11-04"	"Hexham"	"Nelliedonethat (IRE)"	"5.00"	"6.4"	"Handicap Chase"	"PU"	"7"	"Cockburn, Grant J"	"Russell, Miss Lucinda V"
"14:50:00"	"2011-11-03"	"Towcester"	"Sir Bumble (IRE)"	"6.50"	"8.56"	"Handicap Chase"	"5"	"7"	"Cannon, Tom J"	"Blake, Michael"
"14:30:00"	"2011-11-03"	"Musselburgh"	"Grand Diamond (IRE)"	"8.00"	"10.02"	"Handicap Hurdle"	"UR"	"8"	"Brooke, Henry"	"Goldie, J S"
"15:50:00"	"2011-11-01"	"Exeter"	"Lavenoak Lad"	"40.00"	"90"	"Handicap Chase"	"UR"	"15"	"Prince,Mr P "	"Burrough, S C"
"17:05:00"	"2011-10-28"	"Wetherby"	"Archies Wish"	"20.00"	"27.53"	"Handicap Novices Hurdle"	"9"	"16"	"Colliver, J"	"Hammond, Micky"
"16:00:00"	"2011-10-27"	"Fontwell"	"Baroque Star (IRE) (OLD)"	"2.75"	"4.2"	"Handicap Chase"	"PU"	"6"	"Griffiths, Matt"	"Young, Mrs L J"
"15:45:00"	"2011-10-23"	"Galway"	"Georgie"	"25.00"	"39.16"	"Handicap Hurdle"	"6"	"20"	"Maxwell, C D"	"Cullinane, M O"
"16:25:00"	"2011-10-22"	"Stratford"	"Kack Handed"	"5.50"	"7.4"	"Handicap Chase"	"3"	"6"	"Byrne, Michael"	"Vaughan, Tim"
"16:15:00"	"2011-10-20"	"Ludlow"	"Papradon"	"7.00"	"8.2"	"Handicap Chase"	"3"	"9"	"Hatch, R"	"Twiston-Davies, N A"
"15:20:00"	"2011-10-17"	"Plumpton"	"Apache Dawn"	"16.00"	"24"	"Handicap Novices Hurdle"	"6"	"8"	"Jenkinson, Mr Jamie"	"Sadik, A"
"17:00:00"	"2011-10-16"	"Cork"	"Binocular"	"6.00"	"7.89"	"Handicap Hurdle"	"5"	"13"	"Carroll, T C"	"Flynn, Patrick J"
"16:50:00"	"2011-10-16"	"Naas"	"Beau Michael"	"14.00"	"25.19"	"Handicap Hurdle"	"5"	"13"	"Donoghue, K M"	"McGuinness, Adrian"
"15:20:00"	"2011-10-14"	"Cheltenham"	"Alderley Rover (IRE)"	"16.00"	"24.55"	"Handicap Hurdle"	"6"	"9"	"Brooke, Henry"	"McCain Jnr, D"
"16:45:00"	"2011-10-13"	"Punchestown"	"Andreas Answer (IRE)"	"33.00"	"150.39"	"Handicap Chase"	"13"	"19"	"Mangan, Mr G M"	"Fogarty, J P"
"16:20:00"	"2011-10-11"	"Huntingdon"	"Carmela Maria"	"25.00"	"25.34"	"Handicap Hurdle"	"5"	"9"	"Linehan, E D"	"Sowersby, M E"
"16:40:00"	"2011-10-07"	"Newton Abbot"	"Simply Strong (IRE)"	"2.75"	"4"	"Handicap Chase"	"1"	"5"	"Sheehan, Gavin"	"Mann, C J"
"16:45:00"	"2011-10-06"	"Tramore"	"Dream Honours (IRE)"	"12.00"	"16.24"	"Handicap Chase"	"PU"	"10"	"Carroll, T C"	"OBrien, V T"
"15:30:00"	"2011-10-06"	"Worcester"	"Bon Spiel"	"2.00"	"3.1"	"Handicap Seller Hurdle"	"7"	"8"	"Cannon, Tom J"	"Gordon, C"
"15:20:00"	"2011-10-06"	"Exeter"	"Cullahill (IRE)"	"5.00"	"6.6"	"Handicap Chase"	"2"	"8"	"Best, J A"	"Buckler, R H"
"16:40:00"	"2011-10-02"	"Tipperary"	"Ordinary Man (IRE)"	"8.00"	"11.98"	"Handicap Hurdle"	"6"	"8"	"Mangan, Mr P F"	"Burke, W J"
"14:45:00"	"2011-09-23"	"Worcester"	"Naledi"	"6.00"	"7.4"	"Handicap Novices Hurdle"	"2"	"14"	"Wedge, Adam"	"Price, R J"
"17:05:00"	"2011-09-21"	"Downpatrick"	"Bennys Quest (IRE)"	"14.00"	"17.37"	"Beginners Chase"	"7"	"13"	"Bates, Mr D J"	"Bowe, Colin"
"16:10:00"	"2011-09-20"	"Newton Abbot"	"Watch Out"	"8.00"	"9.41"	"Handicap Seller Hurdle"	"F"	"12"	"Wallis, C"	"Burchell, D"
"15:40:00"	"2011-09-20"	"Newton Abbot"	"Templer (IRE)"	"8.00"	"9.08"	"Handicap Chase"	"3"	"9"	"Griffiths, Matt"	"Hobbs, P J / White, J"
"15:50:00"	"2011-09-18"	"Uttoxeter"	"Kirkhammerton (IRE)"	"28.00"	"48"	"Handicap Chase"	"8"	"10"	"Challoner, Mr Harry"	"Leavy, B D"
"16:25:00"	"2011-09-13"	"Listowel"	"Golden Alou (IRE)"	"12.00"	"17.59"	"Handicap Chase"	"1"	"18"	"Queally, Mr D L"	"Lynch, G T"
"16:15:00"	"2011-09-12"	"Listowel"	"Gala Dancer (IRE)"	"3.00"	"3.51"	"Novices Chase"	"F"	"6"	"Doran, Mr M N"	"Nolan, Paul"
"15:00:00"	"2011-09-05"	"Newton Abbot"	"Dancewiththedevil (IRE)"	"18.00"	"29.45"	"Handicap Hurdle"	"5"	"9"	"Williams, Robert"	"Llewellyn, B J"
"17:00:00"	"2011-09-03"	"Stratford"	"Exulto (IRE)"	"2.50"	"3.65"	"Handicap Chase"	"2"	"6"	"Best, J A"	"Hobbs, P J / White, J"
"16:30:00"	"2011-09-03"	"Stratford"	"Domino Dancer (IRE)"	"5.50"	"6.78"	"Handicap Hurdle"	"3"	"10"	"Conlon, Mr A"	"Jones, Lucy"
"14:20:00"	"2011-09-01"	"Newton Abbot"	"Court Gamble (IRE)"	"7.50"	"9"	"Handicap Hurdle"	"4"	"9"	"Linehan, E D"	"Mulholland, N P"
"14:20:00"	"2011-09-01"	"Newton Abbot"	"Feeling (IRE)"	"6.50"	"8.8"	"Handicap Hurdle"	"9"	"9"	"Prichard, Mr D G"	"Burchell, D"
"16:35:00"	"2011-08-28"	"Galway"	"Tajweed (IRE)"	"10.00"	"13.8"	"Handicap Chase"	"7"	"10"	"Carroll, T C"	"Comer, Luke"
"16:25:00"	"2011-08-27"	"Galway"	"Trilby Pursuit"	"20.00"	"26"	"Handicap Hurdle"	"14"	"14"	"Bohan, P D"	"Heffernan, K A"
"19:20:00"	"2011-08-26"	"Down Royal"	"Quai Du Roi (IRE)"	"33.00"	"80"	"Handicap Hurdle"	"12"	"20"	"Carroll, T C"	"McCourt, T G"
"19:10:00"	"2011-08-26"	"Killarney"	"Akinspirit (IRE)"	"5.00"	"6.54"	"Handicap Hurdle"	"3"	"10"	"Butler, M P"	"Butler, Michael"
"17:55:00"	"2011-08-26"	"Ffos Las"	"Kack Handed"	"4.50"	"6.4"	"Novices Hurdle"	"6"	"8"	"Byrne, Michael"	"Vaughan, Tim"
"14:50:00"	"2011-08-21"	"Ballinrobe"	"Second Glance (IRE) (OLD)"	"4.50"	"5.74"	"Handicap Hurdle"	"1"	"11"	"McCarthy, I J"	"Flannery, M"
"14:20:00"	"2011-08-21"	"Ballinrobe"	"Minella King (IRE)"	"5.50"	"7.4"	"Maiden Hurdle"	"7"	"15"	"Bates, Mr D J"	"Austin, W J"
"17:35:00"	"2011-08-19"	"Kilbeggan"	"Kalmez (IRE)"	"5.50"	"7.47"	"Handicap Hurdle"	"5"	"13"	"Bates, Mr D J"	"Rothwell, P J"
"19:15:00"	"2011-08-11"	"Stratford"	"Monkhair (IRE)"	"20.00"	"37.9"	"Handicap Hurdle"	"10"	"16"	"Kirk, Mr R J"	"Carroll, A W"
"18:05:00"	"2011-08-04"	"Sligo"	"Tico (IRE)"	"11.00"	"17.2"	"Novices Hurdle"	"4"	"4"	"Doran, Mr M N"	"Codd, W F"
"16:00:00"	"2011-08-01"	"Newton Abbot"	"Erdeli (IRE)"	"16.00"	"29"	"Handicap Novices Hurdle"	"2"	"7"	"Byrne, Michael"	"Vaughan, Tim"
"16:00:00"	"2011-08-01"	"Newton Abbot"	"Maadraa (IRE)"	"9.00"	"12"	"Handicap Novices Hurdle"	"3"	"7"	"Williams, Robert"	"Llewellyn, B J"
"16:25:00"	"2011-07-31"	"Galway"	"Armaramak (IRE)"	"7.00"	"8.76"	"Handicap Chase"	"4"	"13"	"Mangan, Mr P F"	"OGrady, E J"
"14:00:00"	"2011-07-31"	"Market Rasen"	"Lawgiver (IRE)"	"50.00"	"85"	"Handicap Hurdle"	"2"	"13"	"James, Mr K"	"Fife, Mrs Marjorie"
"15:55:00"	"2011-07-28"	"Stratford"	"The Tiddly Tadpole"	"12.00"	"19.99"	"Handicap Hurdle"	"5"	"9"	"Brooke, Henry"	"West, S G"
"16:10:00"	"2011-07-27"	"Galway"	"King Of Redfield (IRE)"	"14.00"	"17.19"	"Handicap Hurdle"	"5"	"20"	"Hayes, Brian"	"Hanlon, John Joseph"
"21:10:00"	"2011-07-26"	"Perth"	"Grand Diamond (IRE)"	"6.00"	"7.6"	"Handicap Hurdle"	"2"	"10"	"Brooke, Henry"	"Goldie, J S"
"17:25:00"	"2011-07-23"	"Wexford"	"Fastey (IRE)"	"16.00"	"28"	"Handicap Chase"	"10"	"15"	"Bates, Mr D J"	"OBrien, David M"
"17:10:00"	"2011-07-21"	"Uttoxeter"	"Deans Grange"	"2.50"	"4.58"	"Handicap Chase"	"2"	"5"	"Clements, Mr S"	"Tizzard, C L"
"14:50:00"	"2011-07-20"	"Worcester"	"Tiger Line"	"8.00"	"10.56"	"Handicap Hurdle"	"2"	"9"	"Sherwood, Mr J"	"Phillips, R T"
"19:20:00"	"2011-07-19"	"Ballinrobe"	"Bean Chroi Bhriste (IRE)"	"3.00"	"4.31"	"Handicap Hurdle"	"1"	"10"	"Kelly, T"	"Flannery, M"
"19:20:00"	"2011-07-19"	"Ballinrobe"	"Manger Hanagment (IRE)"	"2.75"	"3.73"	"Handicap Hurdle"	"5"	"10"	"Whillans, Callum"	"Elliott, Gordon"
"16:55:00"	"2011-07-17"	"Stratford"	"Pagan Sword"	"6.50"	"8.97"	"Handicap Novices Chase"	"5"	"7"	"Drinkwater, Mr S W"	"Bridgwater, D G"
"16:10:00"	"2011-07-17"	"Tipperary"	"Conclave (IRE) (OLD)"	"25.00"	"65"	"Hurdle"	"4"	"9"	"Bates, Mr D J"	"Buggy, S"
"16:40:00"	"2011-07-10"	"Perth"	"Laybach (IRE)"	"2.00"	"3.4"	"Handicap Hurdle"	"4"	"9"	"Whillans, Callum"	"Goldie, J S"
"16:40:00"	"2011-07-10"	"Perth"	"Solway Blue"	"12.00"	"17.42"	"Handicap Hurdle"	"PU"	"9"	"Mulqueen, S"	"Harrison, Miss L"
"15:15:00"	"2011-07-10"	"Sligo"	"Second Glance (IRE) (OLD)"	"10.00"	"14"	"Novices Hurdle"	"4"	"4"	"McCarthy, I J"	"Flannery, M"
"15:10:00"	"2011-07-10"	"Perth"	"Cape Secret (IRE)"	"10.00"	"14.08"	"Handicap Hurdle"	"6"	"9"	"Alexander, Lucy"	"Elliott, Gordon"
"21:20:00"	"2011-07-05"	"Uttoxeter"	"Cash Back"	"7.00"	"8.86"	"Handicap Hurdle"	"3"	"10"	"Green, Miss R A"	"Honeyball, A J"
"16:30:00"	"2011-07-03"	"Market Rasen"	"Toms Toybox"	"12.00"	"20"	"Handicap Chase"	"7"	"8"	"Horner, Miss L"	"Grant, C"
"15:50:00"	"2011-06-29"	"Perth"	"Bally Wall (IRE)"	"3.00"	"4.1"	"Handicap Chase"	"5"	"10"	"Donoghue, K M"	"Ferguson, I R"
"14:45:00"	"2011-06-26"	"Uttoxeter"	"Hes A Hawker (IRE)"	"50.00"	"122.96"	"Maiden Hurdle"	"1"	"12"	"Toomey, Brian"	"Mullineaux, M"
"19:55:00"	"2011-06-21"	"Ballinrobe"	"Second Glance (IRE) (OLD)"	"11.00"	"15.5"	"Handicap Hurdle"	"2"	"15"	"Barry, Mr J C"	"Flannery, M"
"15:05:00"	"2011-06-19"	"Gowran Park"	"Sylvan Approach (IRE)"	"8.00"	"10.51"	"Maiden Hurdle"	"1"	"20"	"Dalton, B R"	"ODwyer, Conor"
"20:15:00"	"2011-06-14"	"Newton Abbot"	"Glacial Call (IRE)"	"8.50"	"12"	"Handicap Chase"	"PU"	"8"	"Cannon, Tom J"	"Young, Mrs L J"
"16:45:00"	"2011-06-10"	"Market Rasen"	"Silver Adonis (IRE)"	"6.00"	"8.11"	"Handicap Hurdle"	"PU"	"9"	"Weston, Mr T"	"Newland, Dr R D P"
"18:40:00"	"2011-06-09"	"Uttoxeter"	"See You Jack"	"2.25"	"3.87"	"Handicap Chase"	"2"	"5"	"Wedge, Adam"	"Bailey, Mrs Caroline"
"15:50:00"	"2011-06-06"	"Listowel"	"Gala Dancer (IRE)"	"7.00"	"9.09"	"Handicap Hurdle"	"6"	"15"	"Doran, Mr M N"	"Nolan, Paul"
"17:30:00"	"2011-06-05"	"Kilbeggan"	"Mr Springer (IRE)"	"12.00"	"22.39"	"Handicap Chase"	"1"	"14"	"Dalton, B R"	"Smyth, H"
"14:45:00"	"2011-06-04"	"Hexham"	"The Green Hat (IRE)"	"40.00"	"80.48"	"Novices Chase"	"PU"	"6"	"Callaghan, Paul"	"Gibson, Mrs T M"
"16:30:00"	"2011-06-01"	"Cartmel"	"What Of It (IRE)"	"5.50"	"7.62"	"Hunters Chase"	"7"	"11"	"Edwards, Capt T W C"	"George, T R"
"15:00:00"	"2011-06-01"	"Fontwell"	"Twentyten (IRE)"	"40.00"	"86.6"	"Novices Hurdle"	"PU"	"8"	"Henderson, Mr R G"	"Henderson, P"
"19:40:00"	"2011-05-31"	"Ballinrobe"	"Splurge (IRE)"	"4.50"	"6.4"	"Handicap Chase"	"PU"	"9"	"Jones, Mr R J"	"Coleman, John J"
"18:35:00"	"2011-05-31"	"Ballinrobe"	"Muzak (IRE)"	"16.00"	"17.55"	"Handicap Hurdle"	"UR"	"15"	"Mangan, Mr P F"	"Monroe, John"
"16:35:00"	"2011-05-30"	"Towcester"	"Crack At Dawn (IRE)"	"4.00"	"5.34"	"Handicap Chase"	"1"	"7"	"Wedge, Adam"	"Gates, Michael "
"17:35:00"	"2011-05-22"	"Limerick"	"Ballygill Gale (IRE)"	"25.00"	"56.29"	"Handicap Chase"	"6"	"16"	"McCarthy, I J"	"OBrien, V T"
"15:50:00"	"2011-05-22"	"Limerick"	"Mr Clyde (IRE)"	"16.00"	"20.35"	"Handicap Hurdle"	"9"	"15"	"Mangan, Mr P F"	"Flynn, Patrick J"
"14:00:00"	"2011-05-19"	"Wetherby"	"Auberge (IRE)"	"5.00"	"6.6"	"Handicap Hurdle"	"8"	"14"	"Sayer, Miss E C"	"Sayer, Mrs Dianne"
"14:00:00"	"2011-05-19"	"Wetherby"	"Cottam Grange"	"100.00"	"350"	"Handicap Hurdle"	"F"	"14"	"Mason, Joanna"	"Wainwright, J S"
"17:20:00"	"2011-05-16"	"Newton Abbot"	"Ryeman"	"8.00"	"9.69"	"Handicap Hunters Chase"	"6"	"9"	"Drinkwater, Mr S W"	"Jackson, Andrew"
"20:20:00"	"2011-05-14"	"Kilbeggan"	"Guts For Garters (IRE)"	"3.33"	"4.2"	"Handicap Chase"	"1"	"14"	"Heskin, A P"	"Hourigan, Michael"
"20:20:00"	"2011-05-14"	"Kilbeggan"	"Bronte Bay (IRE)"	"20.00"	"32"	"Handicap Chase"	"6"	"14"	"Corbett, Patrick E"	"Flynn, Paul W"
"18:10:00"	"2011-05-11"	"Perth"	"Solway Blue"	"6.00"	"7.8"	"Handicap Novices Hurdle"	"2"	"15"	"Richards, Miss J R"	"Harrison, Miss L"
"18:15:00"	"2011-05-10"	"Sedgefield"	"Rain Stops Play (IRE)"	"0.73"	"1.85"	"Novices Hurdle"	"1"	"11"	"Richards, Miss J R"	"Richards, N G"
"16:10:00"	"2011-05-08"	"Plumpton"	"Sinbad The Sailor"	"1.88"	"3.1"	"Handicap Hurdle"	"2"	"8"	"Whelan, Trevor"	"Baker, George"
"17:35:00"	"2011-05-07"	"Punchestown"	"Westmeath"	"7.00"	"9.17"	"Handicap Hurdle"	"8"	"24"	"Doran, Mr M N"	"Nolan, Paul"
"15:05:00"	"2011-05-07"	"Haydock"	"Green Mile"	"33.00"	"68"	"Handicap Hurdle"	"14"	"17"	"Bennett, Mr T N"	"Martin, A J"
"19:45:00"	"2011-05-06"	"Punchestown"	"Gone To Lunch (IRE)"	"10.00"	"12"	"Hunters Chase"	"4"	"18"	"Harris, Mr N"	"Scott, J"
"16:15:00"	"2011-05-06"	"Punchestown"	"Treacle (IRE)"	"33.00"	"95.52"	"Handicap Chase"	"5"	"25"	"OConnell, Mr E J"	"Taaffe, T J"
"16:15:00"	"2011-05-06"	"Punchestown"	"Roccos Hall (IRE)"	"11.00"	"16.15"	"Handicap Chase"	"6"	"25"	"Mangan, Mr P F"	"OGrady, E J"
"18:05:00"	"2011-05-05"	"Punchestown"	"Start Me Up (IRE)"	"16.00"	"22"	"Handicap Hurdle"	"7"	"24"	"Doran, Mr M N"	"Swan, C F"
"20:30:00"	"2011-05-04"	"Sedgefield"	"The Tiddly Tadpole"	"3.50"	"4.86"	"Handicap Hurdle"	"7"	"10"	"Brooke, Henry"	"West, S G"
"18:40:00"	"2011-05-04"	"Punchestown"	"Sizing America (IRE)"	"14.00"	"18.01"	"Handicap Chase"	"7"	"14"	"Mangan, Mr P F"	"Bromhead, Henry De"
"15:40:00"	"2011-05-04"	"Punchestown"	"Red Tiger"	"12.00"	"14.54"	"Handicap Hurdle"	"5"	"25"	"Jones, Mr R J"	"Mullins, W P"
"16:00:00"	"2011-04-28"	"Hereford"	"Only Hope"	"4.00"	"5.47"	"Handicap Novices Hurdle"	"2"	"9"	"Carberry, Peter"	"Hobbs, Mrs Rachel M"
"16:55:00"	"2011-04-25"	"Fairyhouse"	"Whatuthink (IRE)"	"14.00"	"20.53"	"Handicap Chase"	"13"	"25"	"Mangan, Mr P F"	"McKiernan, Oliver"
"16:10:00"	"2011-04-25"	"Fakenham"	"Shinnecock Bay"	"4.50"	"7.65"	"Handicap Chase"	"PU"	"4"	"Mahon, Mr R"	"Sherwood, O"
"17:25:00"	"2011-04-23"	"Newton Abbot"	"Thomas Wild"	"3.33"	"5.33"	"Handicap Hurdle"	"4"	"10"	"Davies, Chris"	"Hobbs, P J / White, J"
"15:10:00"	"2011-04-23"	"Sandown"	"Faasel (IRE)"	"14.00"	"19"	"Handicap Chase"	"2"	"18"	"OFarrell, C"	"Pipe, D E"
"19:05:00"	"2011-04-21"	"Clonmel"	"Credit Box (IRE)"	"6.00"	"7.65"	"Handicap Hurdle"	"PU"	"15"	"Keane, Mr A M"	"Keane, M"
"14:10:00"	"2011-04-18"	"Towcester"	"Earl Of Thomond (IRE)"	"5.50"	"7.83"	"Handicap Hurdle"	"6"	"12"	"Bailey, Mr Jonathan"	"Bailey, Mrs Caroline"
"16:45:00"	"2011-04-17"	"Gowran Park"	"Swift Lady (IRE)"	"10.00"	"14.03"	"Handicap Chase"	"UR"	"11"	"Heskin, A P"	"Meany, P"
"16:10:00"	"2011-04-17"	"Wetherby"	"Checkerboard (IRE)"	"5.50"	"7.2"	"Handicap Chase"	"PU"	"6"	"Gallagher, P T"	"Johnson, J Howard"
"15:00:00"	"2011-04-17"	"Wetherby"	"Gingers Lad"	"5.00"	"6.28"	"Handicap Chase"	"2"	"6"	"Greenall, Mr Jake"	"Easterby, M W"
"13:50:00"	"2011-04-16"	"Ayr"	"Rain Stops Play (IRE)"	"16.00"	"20.79"	"Handicap Hurdle"	"2"	"14"	"Bewley, Callum"	"Richards, N G"
"14:20:00"	"2011-04-15"	"Ayr"	"Cassius (IRE)"	"50.00"	"90"	"Handicap Hurdle"	"9"	"17"	"Gallagher, P T"	"Mactaggart, B"
"14:20:00"	"2011-04-15"	"Ayr"	"Sunarri (IRE)"	"50.00"	"64.74"	"Handicap Hurdle"	"PU"	"17"	"Findlay, Mr A J"	"Walton, Mrs J M"
"17:15:00"	"2011-04-13"	"Southwell"	"Donald Will Do (IRE)"	"4.00"	"5.5"	"Handicap Chase"	"3"	"9"	"Greenall, Mr Jake"	"Bailey, Mrs Caroline"
"16:35:00"	"2011-04-10"	"Tramore"	"Ballyvoile (IRE)"	"16.00"	"24.59"	"Handicap Chase"	"RO"	"14"	"Carroll, T C"	"Flynn, Ms M"
"15:55:00"	"2011-04-10"	"Wincanton"	"Bathwick Quest (IRE)"	"2.75"	"4.1"	"Handicap Chase"	"F"	"5"	"OFarrell, C"	"Pipe, D E"
"17:20:00"	"2011-04-09"	"Chepstow"	"Marias Rock"	"2.75"	"3.88"	"Handicap Chase"	"PU"	"15"	"Griffiths, Matt"	"Scott, J"
"15:40:00"	"2011-04-09"	"Bangor"	"Ice Bucket (IRE)"	"14.00"	"19.4"	"Hunters Chase"	"7"	"9"	"Payter, Mr L R"	"Phillips, A"
"15:25:00"	"2011-04-09"	"Aintree"	"Rare Bob (IRE)"	"12.00"	"17.5"	"Handicap Chase"	"UR"	"15"	"Cooper, Bryan J"	"Hughes, D T"
"14:05:00"	"2011-04-09"	"Chepstow"	"Dont Hang About"	"33.00"	"73.99"	"Novices Hurdle"	"5"	"12"	"Clements, Mr S"	"Mitchell, N R"
"19:05:00"	"2011-04-07"	"Clonmel"	"Convincing"	"10.00"	"12.99"	"Handicap Chase"	"3"	"14"	"Splaine, D E"	"Murphy, John Joseph"
"17:35:00"	"2011-04-07"	"Clonmel"	"Boro Bee (IRE)"	"8.00"	"12"	"Maiden Hurdle"	"4"	"17"	"Donoghue, K M"	"Mullins, Thomas"
"17:45:00"	"2011-04-02"	"Uttoxeter"	"Our Jim"	"5.00"	"6.88"	"Handicap Chase"	"2"	"9"	"Brooke, Henry"	"McCain Jnr, D"
"15:45:00"	"2011-04-02"	"Gowran Park"	"Dapper Dan"	"20.00"	"53.3"	"Maiden Hurdle"	"7"	"19"	"Bowes, M W"	"OLeary, Gerard"
"16:00:00"	"2011-04-01"	"Newcastle"	"Ardesia (IRE)"	"10.00"	"13"	"Handicap Hurdle"	"4"	"15"	"Voy, A L"	"Jackson, Miss T"
"16:40:00"	"2011-03-27"	"Hexham"	"Camden George (IRE)"	"6.00"	"7.23"	"Handicap Chase"	"3"	"12"	"Byrne, S W"	"Smith, Mrs S J"
"15:40:00"	"2011-03-27"	"Hexham"	"River Dragon (IRE)"	"16.00"	"26"	"Handicap Hurdle"	"PU"	"13"	"Toomey, Brian"	"Bycroft, N"
"15:10:00"	"2011-03-27"	"Hexham"	"Qbuster (IRE)"	"12.00"	"15.2"	"Beginners Chase"	"5"	"6"	"Brooke, Henry"	"Watt, Mrs S A"
"17:30:00"	"2011-03-26"	"Navan"	"Twelfth of Never (IRE)"	"12.00"	"17"	"Handicap Chase"	"3"	"16"	"Bates, Mr D J"	"Doyle, Miss Elizabeth"
"15:55:00"	"2011-03-26"	"Navan"	"Duroob"	"25.00"	"66.59"	"Handicap Hurdle"	"16"	"30"	"Dalton, B R"	"Brady, Patrick O"
"14:45:00"	"2011-03-26"	"Navan"	"Uncle Tom Cobley (IRE)"	"7.50"	"10.92"	"Novices Chase"	"2"	"9"	"Heskin, A P"	"ODwyer, Conor"
"14:05:00"	"2011-03-26"	"Bangor"	"Chrysander"	"0.91"	"2.04"	"Claimer Hurdle"	"1"	"9"	"Conlon, Mr A"	"Williams, Evan"
"16:00:00"	"2011-03-25"	"Sedgefield"	"Catch Bob (IRE)"	"4.50"	"6"	"Beginners Chase"	"1"	"5"	"Kelly, T"	"Murphy, Ferdy"
"17:00:00"	"2011-03-24"	"Thurles"	"Sweet Spirit (IRE)"	"14.00"	"25"	"Handicap Hurdle"	"7"	"18"	"Bowes, M W"	"Osborne, Sean"
"16:30:00"	"2011-03-24"	"Thurles"	"Caffeine Craze (IRE)"	"4.50"	"7.4"	"Handicap Hurdle"	"11"	"17"	"Doran, Mr M N"	"Miley, Daniel"
"14:00:00"	"2011-03-24"	"Southwell"	"Backfromthecongo (IRE)"	"2.25"	"3.45"	"Handicap Chase"	"4"	"5"	"Greenall, Mr Jake"	"Lee, R"
"15:40:00"	"2011-03-23"	"Hereford"	"Diddley Dee"	"7.00"	"8.4"	"Handicap Hurdle"	"1"	"7"	"Poste, Ben J"	"Moore, C W"
"17:20:00"	"2011-03-22"	"Exeter"	"Mauricetheathlete (IRE)"	"6.00"	"7.71"	"Handicap Novices Hurdle"	"3"	"15"	"Slatter, Mr N"	"Keighley, M"
"15:50:00"	"2011-03-22"	"Kempton"	"Gee Dee Nen"	"12.00"	"15.46"	"Handicap Hurdle"	"10"	"12"	"Moore, Joshua"	"Moore, Gary and Josh"
"15:00:00"	"2011-03-19"	"Uttoxeter"	"Minella Four Star (IRE)"	"25.00"	"34"	"Handicap Chase"	"1"	"17"	"OFarrell, C"	"Pipe, D E"
"16:40:00"	"2011-03-18"	"Cheltenham"	"Rose Of The Moon (IRE)"	"12.00"	"14"	"Handicap Hurdle"	"8"	"23"	"Greenall, Mr Jake"	"Harris, M F"
"14:05:00"	"2011-03-18"	"Cheltenham"	"Gloucester"	"66.00"	"88.54"	"Handicap Hurdle"	"10"	"26"	"OFarrell, C"	"Scudamore, M J"
"14:40:00"	"2011-03-13"	"Navan"	"Dun Masc (IRE)"	"2.75"	"3.99"	"Maiden Hurdle"	"1"	"12"	"Kennedy, PAddy D"	"Hughes, D T"
"16:15:00"	"2011-03-12"	"Chepstow"	"Thievery"	"7.00"	"9.19"	"Handicap Novices Hurdle"	"5"	"9"	"Greenall, Mr Jake"	"Daly, H D"
"15:30:00"	"2011-03-11"	"Sandown"	"Cois Farraig"	"3.50"	"5"	"Chase"	"6"	"8"	"Edwards, Capt T W C"	"Webber, P R"
"16:50:00"	"2011-03-10"	"Carlisle"	"More Shennanigans"	"11.00"	"12.77"	"Handicap Chase"	"5"	"9"	"Gallagher, P T"	"McGregor, Mrs J C"
"16:45:00"	"2011-03-10"	"Clonmel"	"Waltzing Tornado (IRE)"	"16.00"	"26.67"	"Handicap Chase"	"6"	"13"	"Kennedy, PAddy D"	"Keane, M"
"15:05:00"	"2011-03-10"	"Clonmel"	"Rough Times (IRE)"	"2.75"	"4.1"	"Maiden Hurdle"	"7"	"14"	"Heskin, A P"	"Hourigan, Michael"
"15:45:00"	"2011-03-09"	"Naas"	"Cantrell (IRE)"	"7.00"	"8.18"	"Handicap Hurdle"	"1"	"25"	"Bowes, M W"	"Smyth, H"
"16:20:00"	"2011-03-06"	"Sedgefield"	"Lerida"	"2.00"	"3.2"	"Handicap Chase"	"2"	"11"	"Brooke, Henry"	"Watt, Mrs S A"
"16:00:00"	"2011-03-06"	"Naas"	"Beau Michael"	"33.00"	"97.53"	"Handicap Hurdle"	"16"	"20"	"Donoghue, K M"	"McGuinness, Adrian"
"15:35:00"	"2011-03-05"	"Newbury"	"Kings Revenge"	"16.00"	"21"	"Handicap Hurdle"	"8"	"15"	"Carberry, Peter"	"Lycett, Shaun"
"16:30:00"	"2011-03-03"	"Ludlow"	"Sawpit Solitaire"	"4.00"	"5.6"	"Handicap Hurdle"	"6"	"9"	"Challoner, Mr Harry"	"Williams, Miss Venetia"
"15:45:00"	"2011-03-02"	"Downpatrick"	"Posh Bird (IRE)"	"14.00"	"17"	"Handicap Chase"	"2"	"15"	"Donoghue, K M"	"Ferguson, I R"
"15:45:00"	"2011-03-02"	"Downpatrick"	"Merry Cowboy (IRE)"	"25.00"	"41.06"	"Handicap Chase"	"F"	"15"	"Cooper, Bryan J"	"Moran, Michael T"
"14:45:00"	"2011-03-02"	"Downpatrick"	"Three Monkeys (IRE)"	"10.00"	"18.65"	"Novices Hurdle"	"5"	"5"	"Bates, Mr D J"	"Rothwell, P J"
"15:35:00"	"2011-03-01"	"Leicester"	"Montys Moon (IRE)"	"4.00"	"5.6"	"Handicap Novices Chase"	"7"	"8"	"Carberry, Peter"	"Hobbs, Mrs Rachel M"
"16:40:00"	"2011-02-28"	"Catterick"	"Hazy Oaks"	"2.50"	"3.6"	"Handicap Novices Hurdle"	"6"	"9"	"Toomey, Brian"	"Prendergast, K M"
"14:10:00"	"2011-02-28"	"Catterick"	"Final Veto"	"8.00"	"9.8"	"Handicap Hurdle"	"UR"	"17"	"England, Sam"	"Smith, Mrs S J"
"16:15:00"	"2011-02-19"	"Wincanton"	"Double The Trouble"	"12.00"	"17.93"	"Handicap Chase"	"3"	"9"	"Poste, Ben J"	"Turnell, Andrew"
"16:30:00"	"2011-02-18"	"Sandown"	"Doctor Foxtrot (IRE)"	"9.00"	"11.5"	"Handicap Novices Hurdle"	"3"	"7"	"Hawkins, Mr G"	"Hobbs, P J / White, J"
"12:10:00"	"2011-02-18"	"Newbury"	"Miss Overdrive"	"14.00"	"24.09"	"Handicap Hurdle"	"6"	"12"	"Poste, Ben J"	"Turnell, Andrew"
"16:40:00"	"2011-02-17"	"Clonmel"	"Seamies Dream (IRE)"	"3.50"	"5.1"	"Handicap Hurdle"	"7"	"14"	"King, Mr J J"	"OConnell, Eamon"
"15:50:00"	"2011-02-12"	"Leopardstown"	"Peak Raider (IRE)"	"3.00"	"4.2"	"Handicap Hurdle"	"1"	"19"	"Carberry, Peter"	"Carberry, Thomas"
"14:50:00"	"2011-02-12"	"Ayr"	"Native Coll"	"8.00"	"11.61"	"Handicap Chase"	"PU"	"10"	"Alexander, Lucy"	"Alexander, N W"
"13:50:00"	"2011-02-12"	"Ayr"	"Yes Tom (IRE)"	"0.62"	"1.66"	"Novices Hurdle"	"1"	"9"	"McGrath, Jeremiah"	"Wilson, R T J"
"16:15:00"	"2011-02-10"	"Thurles"	"Buck Breeze (IRE)"	"9.00"	"14.49"	"Handicap Hurdle"	"6"	"16"	"Foley, Miss A"	"Foley, Thomas"
"15:10:00"	"2011-02-07"	"Lingfield"	"Topless (IRE)"	"3.50"	"5.14"	"Handicap Chase"	"4"	"7"	"Quinlan, Mr Mark"	"Mulholland, N P"
"15:00:00"	"2011-02-05"	"Sandown"	"Dantari (IRE)"	"20.00"	"27.15"	"Handicap Hurdle"	"3"	"20"	"England, Jonathan"	"Williams, Evan"
"15:45:00"	"2011-02-02"	"Down Royal"	"Rossbeigh (IRE)"	"14.00"	"17.66"	"Handicap Chase"	"6"	"19"	"Mangan, Mr P F"	"Hughes, P"
"14:50:00"	"2011-02-02"	"Newcastle"	"Baltic Pathfinder (IRE)"	"6.00"	"7.7"	"Handicap Novices Chase"	"F"	"5"	"Byrne, S W"	"Smith, Mrs S J"
"14:45:00"	"2011-02-02"	"Down Royal"	"Breeze With Ease (IRE)"	"11.00"	"13.5"	"Handicap Novices Hurdle"	"3"	"12"	"OConnell, Mr E J"	"Lambe, J J"
"14:20:00"	"2011-01-30"	"Punchestown"	"Roccos Hall (IRE)"	"3.50"	"5.5"	"Handicap Chase"	"9"	"16"	"Mangan, Mr P F"	"OGrady, E J"
"16:05:00"	"2011-01-28"	"Gowran Park"	"Colls Corner (IRE)"	"4.50"	"6.6"	"Handicap Chase"	"11"	"14"	"Jones, Mr R J"	"Barry, Michael"
"14:10:00"	"2011-01-27"	"Thurles"	"Grancore Girl (IRE)"	"10.00"	"14.67"	"Maiden Hurdle"	"3"	"18"	"Hayes, Brian"	"OLeary, Thomas Gerard"
"16:15:00"	"2011-01-26"	"Huntingdon"	"Massini Moon (IRE)"	"10.00"	"12.5"	"Handicap Novices Hurdle"	"PU"	"13"	"Moore, Joshua"	"Moore, Gary and Josh"
"14:40:00"	"2011-01-26"	"Limerick"	"Nipper John (IRE)"	"16.00"	"42"	"Handicap Hurdle"	"7"	"18"	"Bates, Mr D J"	"Doyle, Miss Elizabeth"
"13:10:00"	"2011-01-26"	"Limerick"	"Sheer Genius (IRE)"	"16.00"	"39.47"	"Novices Hurdle"	"2"	"7"	"Sheehan, Gavin"	"Murphy, John Joseph"
"15:50:00"	"2011-01-23"	"Leopardstown"	"Hoopy (IRE)"	"25.00"	"52.95"	"Handicap Hurdle"	"18"	"19"	"Donoghue, K M"	"Elliott, Gordon"
"15:30:00"	"2011-01-22"	"Ascot"	"Breedsbreeze (IRE)"	"3.00"	"5.01"	"Handicap Chase"	"3"	"11"	"Popham, Mr I"	"Nicholls, P F"
"14:10:00"	"2011-01-22"	"Wincanton"	"Skippers Lad (IRE)"	"50.00"	"61.6"	"Handicap Chase"	"7"	"12"	"Henderson, Mr R G"	"Tizzard, C L"
"15:30:00"	"2011-01-18"	"Southwell"	"Present Your Case (IRE)"	"5.50"	"7"	"Handicap Hurdle"	"UR"	"12"	"Bass, David"	"Case, B I"
"13:40:00"	"2011-01-16"	"Fairyhouse"	"Inistioge (IRE)"	"12.00"	"22.32"	"Handicap Hurdle"	"10"	"15"	"Donoghue, K M"	"Donnelly, Garvan"
"13:20:00"	"2011-01-15"	"Kempton"	"Aather (IRE)"	"8.00"	"10.99"	"Handicap Hurdle"	"5"	"16"	"OFarrell, C"	"Fleming, A"
"13:25:00"	"2011-01-13"	"Thurles"	"Bobs Display (IRE)"	"4.00"	"6.02"	"Beginners Chase"	"2"	"16"	"Motherway, Mr C"	"Murphy, C A"
"15:15:00"	"2011-01-03"	"Cork"	"Six Of Us (IRE) (OLD)"	"16.00"	"34.71"	"Beginners Chase"	"10"	"14"	"Tyner, Mr J C"	"Tyner, Robert"
"15:35:00"	"2011-01-01"	"Tramore"	"Quarryvale (IRE)"	"2.25"	"3.8"	"Handicap Chase"	"5"	"9"	"Mangan, Mr P F"	"Mangan, James Joseph"
"15:15:00"	"2011-01-01"	"Fairyhouse"	"Caduceus (IRE)"	"33.00"	"120"	"Beginners Chase"	"F"	"8"	"Carroll, T C"	"Hughes, P"
"15:10:00"	"2011-01-01"	"Cheltenham"	"Junior"	"5.50"	"7"	"Handicap Hurdle"	"2"	"17"	"OFarrell, C"	"Pipe, D E"
"15:10:00"	"2011-01-01"	"Cheltenham"	"According To Pete"	"33.00"	"38.26"	"Handicap Hurdle"	"7"	"17"	"Halliday, James"	"Jefferson, J M"
"15:10:00"	"2011-01-01"	"Cheltenham"	"Kings Legacy (IRE)"	"4.00"	"5.2"	"Handicap Hurdle"	"11"	"17"	"Mahon, Mr R"	"Nicholls, P F"
"14:45:00"	"2011-01-01"	"Fairyhouse"	"Havagoodsip (IRE)"	"14.00"	"21"	"Handicap Chase"	"10"	"15"	"Donoghue, K M"	"Moore, A L T"
"14:50:00"	"2010-12-29"	"Limerick"	"Just Moscow (IRE)"	"12.00"	"20"	"Handicap Hurdle"	"PU"	"17"	"Bolger, M J"	"Harrington, Mrs John"
"14:30:00"	"2010-12-29"	"Leopardstown"	"Oscar Looby (IRE)"	"25.00"	"55"	"Handicap Chase"	"PU"	"28"	"Carroll, T C"	"Meade, Noel"
"14:30:00"	"2010-12-29"	"Leopardstown"	"Bohemian Lass (IRE)"	"33.00"	"73.79"	"Handicap Chase"	"PU"	"28"	"McCarthy, I J"	"Hogan, T"
"14:55:00"	"2010-12-18"	"Navan"	"Cantrell (IRE)"	"4.50"	"6.03"	"Handicap Hurdle"	"7"	"12"	"Heskin, A P"	"Smyth, H"
"12:15:00"	"2010-12-14"	"Catterick"	"Toulouse Express (IRE)"	"40.00"	"71.24"	"Handicap Hurdle"	"11"	"16"	"Speke, T"	"Johnson, R"
"14:20:00"	"2010-12-12"	"Cork"	"Mission Possible (IRE)"	"25.00"	"111.06"	"Handicap Hurdle"	"13"	"17"	"Bates, Mr D J"	"Rothwell, P J"
"14:30:00"	"2010-12-11"	"Cheltenham"	"Northern Alliance (IRE)"	"20.00"	"38.67"	"Handicap Chase"	"8"	"16"	"Heskin, A P"	"Martin, A J"
"13:15:00"	"2010-12-10"	"Cheltenham"	"Regal Approach (IRE)"	"7.00"	"8.8"	"Handicap Chase"	"3"	"17"	"Cookson, Edward"	"Bailey, K C"
"13:15:00"	"2010-12-10"	"Cheltenham"	"Factotum"	"33.00"	"70"	"Handicap Chase"	"PU"	"17"	"Quinn, Gerald"	"ONeill, Jonjo and AJ"
"12:35:00"	"2010-11-25"	"Thurles"	"Lingual Cusp (IRE)"	"33.00"	"71.68"	"Chase"	"PU"	"7"	"Cooper, Bryan J"	"OBrien, David M"
"12:20:00"	"2010-11-24"	"Wetherby"	"Corlande (IRE)"	"6.50"	"7.8"	"Claimer Hurdle"	"2"	"4"	"Brooke, Henry"	"McCain Jnr, D"
"13:20:00"	"2010-11-21"	"Kelso"	"Mr Woods"	"16.00"	"20.21"	"Handicap Hurdle"	"6"	"12"	"Rutherford, Gary"	"Graham, Harriet/Rutherford, Gary"
"14:00:00"	"2010-11-19"	"Musselburgh"	"Grand Diamond (IRE)"	"10.00"	"13.5"	"Handicap Hurdle"	"3"	"15"	"Norton, Mr P"	"Goldie, J S"
"14:00:00"	"2010-11-19"	"Musselburgh"	"Five Jembs (IRE)"	"14.00"	"15.5"	"Handicap Hurdle"	"12"	"15"	"Donoghue, K M"	"McGuinness, Adrian"
"15:25:00"	"2010-11-13"	"Wetherby"	"General Hardi"	"8.00"	"10.72"	"Handicap Chase"	"4"	"8"	"Dawson, Mr John"	"Wade, J"
"15:10:00"	"2010-11-11"	"Taunton"	"Consulate (IRE)"	"14.00"	"16.5"	"Handicap Hurdle"	"3"	"9"	"Edwards, Mr D"	"Edwards, G F"
"15:10:00"	"2010-11-11"	"Taunton"	"Sweet World"	"11.00"	"14"	"Handicap Hurdle"	"4"	"9"	"Tompsett, Miss Isabel"	"Llewellyn, B J"
"14:30:00"	"2010-11-09"	"Sedgefield"	"Catch Bob (IRE)"	"14.00"	"18"	"Novices Chase"	"2"	"9"	"Gallagher, P T"	"Murphy, Ferdy"
"13:50:00"	"2010-11-09"	"Exeter"	"Five Star Wilsham (IRE)"	"1.75"	"2.84"	"Handicap Hurdle"	"2"	"6"	"Popham, Mr I"	"Scott, J"
"14:40:00"	"2010-11-07"	"Limerick"	"Arklow Ger (IRE)"	"10.00"	"14.54"	"Handicap Hurdle"	"5"	"13"	"Doran, Mr M N"	"Nolan, Paul"
"14:40:00"	"2010-11-07"	"Limerick"	"Mr Clyde (IRE)"	"5.50"	"6.88"	"Handicap Hurdle"	"PU"	"13"	"Jones, Mr R J"	"Flynn, Patrick J"
"15:45:00"	"2010-11-06"	"Kelso"	"Mountskip"	"8.00"	"10.5"	"Handicap Hurdle"	"7"	"15"	"Nicol, Mr Adam"	"Dobbin, Mrs R"
"13:55:00"	"2010-11-01"	"Plumpton"	"Ghaill Force"	"7.50"	"9"	"Handicap Hurdle"	"4"	"10"	"Sweeney, Mr N P"	"Butler, P"
"16:40:00"	"2010-10-30"	"Naas"	"Cantrell (IRE)"	"20.00"	"42.97"	"Handicap Hurdle"	"4"	"20"	"Heskin, A P"	"Smyth, H"
"15:30:00"	"2010-10-28"	"Fontwell"	"Princely Hero (IRE)"	"20.00"	"24.61"	"Handicap Hurdle"	"PU"	"11"	"Cannon, Tom J"	"Gordon, C"
"14:30:00"	"2010-10-24"	"Towcester"	"House Of Bourbon (IRE)"	"12.00"	"14.59"	"Handicap Chase"	"4"	"9"	"David, Mr T R"	"Vaughan, Tim"
"14:50:00"	"2010-10-23"	"Stratford"	"Feeling (IRE)"	"7.50"	"10.66"	"Seller Hurdle"	"6"	"8"	"Tompsett, Miss Isabel"	"Burchell, D"
"14:15:00"	"2010-10-23"	"Wexford"	"Allyonice (IRE)"	"33.00"	"190"	"Maiden Hurdle"	"4"	"15"	"Heskin, A P"	"Hand, F G"
"16:30:00"	"2010-10-20"	"Fontwell"	"Bon Spiel"	"5.00"	"6.52"	"Handicap Hurdle"	"4"	"7"	"Cannon, Tom J"	"Gordon, C"
"17:05:00"	"2010-10-17"	"Cork"	"Eyeffess (IRE)"	"33.00"	"95"	"Handicap Hurdle"	"8"	"11"	"Bates, Mr D J"	"Rothwell, P J"
"16:05:00"	"2010-10-16"	"Kelso"	"Grand Diamond (IRE)"	"4.50"	"7.07"	"Handicap Hurdle"	"1"	"14"	"Norton, Mr P"	"Goldie, J S"
"15:50:00"	"2010-10-16"	"Downpatrick"	"Hawksbury Heights"	"20.00"	"45.16"	"Beginners Chase"	"11"	"15"	"Watters, Mr G B"	"Lambe, J J"
"16:45:00"	"2010-10-07"	"Exeter"	"Bathwick Quest (IRE)"	"16.00"	"20.64"	"Handicap Hurdle"	"9"	"15"	"OConnor, M M"	"Powell, B G"
"16:15:00"	"2010-10-03"	"Kelso"	"Now This Is It (IRE)"	"2.75"	"3.95"	"Hurdle"	"1"	"6"	"Crawford,Mr B G "	"Crawford, S R B"
"15:05:00"	"2010-10-02"	"Gowran Park"	"Mutadarek"	"7.00"	"8.4"	"Handicap Hurdle"	"4"	"15"	"OFarrell, C"	"Morgan, Ms Joanna"
"16:10:00"	"2010-09-28"	"Sedgefield"	"Lady Wright (IRE)"	"6.00"	"7.4"	"Handicap Hurdle"	"9"	"12"	"Greenall, Mr Jake"	"Easterby, M W"
"15:00:00"	"2010-09-28"	"Sedgefield"	"First Fought (IRE)"	"100.00"	"167.72"	"Beginners Chase"	"5"	"8"	"Brooke, Henry"	"Foster, Miss J E"
"14:20:00"	"2010-09-25"	"Market Rasen"	"Dishdasha (IRE)"	"28.00"	"48"	"Handicap Hurdle"	"11"	"17"	"Bass, David"	"Thorpe, Mrs A M"
"17:00:00"	"2010-09-19"	"Plumpton"	"Treasury Counsel (IRE)"	"14.00"	"18"	"Handicap Hurdle"	"8"	"12"	"England, Jonathan"	"Williams, Evan"
"16:30:00"	"2010-09-19"	"Plumpton"	"Sarahs Gift (IRE)"	"7.00"	"8.6"	"Handicap Chase"	"1"	"7"	"Bass, David"	"Hill,Mrs Lawney "
"13:50:00"	"2010-09-05"	"Worcester"	"Pagan Sword"	"20.00"	"22"	"Handicap Novices Chase"	"5"	"11"	"Drinkwater, Mr S W"	"Bridgwater, D G"
"18:05:00"	"2010-09-03"	"Kilbeggan"	"Flamenco Prince"	"16.00"	"21.36"	"Maiden Hurdle"	"6"	"11"	"Bowes, M W"	"Brady, Patrick O"
"17:35:00"	"2010-09-03"	"Kilbeggan"	"Whats Up Gorden (IRE)"	"7.00"	"9.6"	"Handicap Hurdle"	"1"	"13"	"Jones, Mr R J"	"Maguire, Adrian"
"16:10:00"	"2010-08-30"	"Downpatrick"	"Hawksbury Heights"	"14.00"	"26"	"Handicap Hurdle"	"4"	"14"	"OConnell, Mr E J"	"Lambe, J J"
"16:30:00"	"2010-08-29"	"Galway"	"Saddlers Native (IRE)"	"14.00"	"17"	"Novices Chase"	"4"	"4"	"Bowes, M W"	"Brady, Patrick O"
"18:50:00"	"2010-08-27"	"Down Royal"	"Tarkani (IRE)"	"10.00"	"23.43"	"Beginners Chase"	"7"	"12"	"Donoghue, K M"	"Elliott, Gordon"
"15:15:00"	"2010-08-22"	"Ballinrobe"	"Aerlite Rooler (IRE)"	"25.00"	"49.32"	"Handicap Hurdle"	"F"	"14"	"Cooper, Bryan J"	"Fitzgerald, D E"
"14:45:00"	"2010-08-22"	"Ballinrobe"	"Definite All Star (IRE)"	"3.00"	"3.95"	"Maiden Hurdle"	"8"	"15"	"Donoghue, K M"	"Elliott, Gordon"
"19:50:00"	"2010-08-21"	"Market Rasen"	"Plenty Of Chat (IRE)"	"1.75"	"2.79"	"Handicap Hurdle"	"4"	"8"	"David, Mr T R"	"Vaughan, Tim"
"16:55:00"	"2010-08-21"	"Newton Abbot"	"New Rackheath (IRE)"	"25.00"	"65"	"Handicap Hurdle"	"PU"	"12"	"Hatton, Peter"	"Shears, M B"
"18:05:00"	"2010-08-20"	"Kilbeggan"	"Evolution (IRE)"	"12.00"	"18"	"Handicap Hurdle"	"6"	"15"	"Splaine, D E"	"Osborne, Sean"
"14:05:00"	"2010-08-19"	"Stratford"	"Nether Stream (IRE)"	"7.00"	"8.6"	"Handicap Hurdle"	"UR"	"10"	"Garner, Mr O"	"Lycett, Shaun"
"17:10:00"	"2010-08-17"	"Worcester"	"Frostys Gift"	"7.50"	"9.49"	"Handicap Hurdle"	"3"	"12"	"Sweeney, Mr N P"	"Fox, J C"
"17:10:00"	"2010-08-17"	"Worcester"	"Wisteria Lane (IRE)"	"5.00"	"6.29"	"Handicap Hurdle"	"5"	"12"	"Wedge, Adam"	"Murphy, Anabel K"
"16:35:00"	"2010-08-15"	"Tramore"	"Hello Kitty (IRE)"	"1.75"	"2.86"	"Chase"	"3"	"5"	"Cooper, Bryan J"	"Whitmore, Leonard"
"15:05:00"	"2010-08-15"	"Tramore"	"Diamond Key (IRE)"	"25.00"	"78.25"	"Handicap Hurdle"	"12"	"16"	"Butler, M P"	"Doyle, Eoin"
"15:45:00"	"2010-08-10"	"Newton Abbot"	"Dishdasha (IRE)"	"8.00"	"9.28"	"Handicap Chase"	"6"	"7"	"Dayman, O"	"Thorpe, Mrs A M"
"18:25:00"	"2010-08-06"	"Wexford"	"Matchbook (IRE)"	"5.50"	"8.04"	"Handicap Hurdle"	"4"	"16"	"Splaine, D E"	"Murphy, John Joseph"
"20:25:00"	"2010-08-03"	"Roscommon"	"Royal Blood (IRE)"	"8.00"	"13.19"	"Handicap Chase"	"1"	"16"	"OConnell, Mr E J"	"Dempsey, J P"
"16:00:00"	"2010-08-02"	"Newton Abbot"	"Captain Marlon (IRE)"	"1.75"	"2.78"	"Handicap Chase"	"2"	"6"	"Twiston-Davies, Sam"	"Tizzard, C L"
"17:10:00"	"2010-07-30"	"Galway"	"Quai Du Roi (IRE)"	"10.00"	"18.21"	"Handicap Hurdle"	"6"	"18"	"Fogarty, M P"	"McCourt, T G"
"17:25:00"	"2010-07-28"	"Galway"	"Lucky Wish"	"16.00"	"26"	"Handicap Chase"	"F"	"22"	"OConnell, Mr E J"	"Griffin, Eoin"
"21:10:00"	"2010-07-27"	"Perth"	"Front Rank (IRE)"	"12.00"	"16.5"	"Handicap Hurdle"	"2"	"9"	"Sayer, Miss E C"	"Sayer, Mrs Dianne"
"20:10:00"	"2010-07-27"	"Perth"	"Fly Tipper"	"8.00"	"10.57"	"Handicap Hurdle"	"5"	"7"	"Gallagher, P T"	"Storey, W"
"20:25:00"	"2010-07-26"	"Uttoxeter"	"Lord Brunello (IRE)"	"11.00"	"15.18"	"Handicap Hurdle"	"10"	"13"	"Bass, David"	"Hill,Mrs Lawney "
"19:55:00"	"2010-07-26"	"Uttoxeter"	"Allterrain (IRE)"	"10.00"	"13"	"Handicap Chase"	"PU"	"11"	"ODonovan, Stephen"	"Twomey, Norma"
"14:20:00"	"2010-07-21"	"Worcester"	"Bathwick Breeze"	"16.00"	"18.4"	"Handicap Hurdle"	"5"	"12"	"Supple, Jo"	"Pipe, D E"
"17:30:00"	"2010-07-18"	"Tipperary"	"Carrigeen King (IRE)"	"20.00"	"38.77"	"Handicap Chase"	"10"	"14"	"Lalor, Miss E A"	"Lalor, R H"
"16:55:00"	"2010-07-18"	"Stratford"	"Cool Bob (IRE)"	"5.00"	"7.38"	"Handicap Novices Hurdle"	"2"	"12"	"Payter, Mr L R"	"Sheppard, M"
"19:00:00"	"2010-07-16"	"Kilbeggan"	"Mister Lucky (IRE)"	"6.00"	"8.91"	"Handicap Hurdle"	"8"	"16"	"Heskin, A P"	"Hamilton, B R"
"16:25:00"	"2010-07-11"	"Sligo"	"Mission Possible (IRE)"	"14.00"	"29"	"Handicap Hurdle"	"9"	"13"	"Bates, Mr D J"	"Rothwell, P J"
"16:20:00"	"2010-07-11"	"Southwell"	"To Arms"	"2.75"	"4.1"	"Handicap Hurdle"	"1"	"9"	"Bass, David"	"Hill,Mrs Lawney "
"14:20:00"	"2010-07-11"	"Southwell"	"One Of The Boys (IRE) (OLD)"	"1.50"	"3.02"	"Handicap Chase"	"2"	"7"	"Coleman, Dean"	"Vaughan, Tim"
"20:20:00"	"2010-07-06"	"Uttoxeter"	"Folie A Deux (IRE)"	"3.00"	"4.22"	"Handicap Chase"	"1"	"9"	"Twiston-Davies, Sam"	"Tizzard, C L"
"20:00:00"	"2010-07-06"	"Roscommon"	"Martello Star (IRE)"	"14.00"	"24.1"	"Handicap Hurdle"	"7"	"17"	"Mangan, Mr P F"	"OBrien, V T"
"16:25:00"	"2010-07-04"	"Bellewstown"	"Yachvili (IRE)"	"16.00"	"33.28"	"Handicap Hurdle"	"6"	"15"	"OConnell, Mr E J"	"Lambe, J J"
"20:10:00"	"2010-06-29"	"Stratford"	"Raise Again (IRE)"	"14.00"	"20"	"Handicap Hurdle"	"4"	"11"	"Burke, Keiran"	"Dutfield, Mrs P N"
"16:05:00"	"2010-06-20"	"Gowran Park"	"Finns Cross (IRE)"	"16.00"	"26.47"	"Handicap Hurdle"	"12"	"12"	"Woods, K K"	"Lynch, Seamus"
"16:00:00"	"2010-06-20"	"Hexham"	"Word Of Warning"	"5.50"	"7.6"	"Handicap Hurdle"	"5"	"7"	"Halliday, James"	"Todhunter, M"
"20:25:00"	"2010-06-18"	"Down Royal"	"Roley (IRE)"	"20.00"	"170"	"Beginners Chase"	"UR"	"14"	"Moore, Mr K"	"Lynch, Andrew"
"16:25:00"	"2010-06-13"	"Stratford"	"Lansdowne Princess"	"11.00"	"15"	"Handicap Novices Hurdle"	"5"	"14"	"Bass, David"	"Ham, G A"
"19:05:00"	"2010-06-11"	"Aintree"	"Flying Doctor"	"2.50"	"4.1"	"Handicap Hurdle"	"5"	"16"	"Carr, Miss Jenny"	"Cooper, E J"
"19:45:00"	"2010-06-10"	"Clonmel"	"Warcraft"	"1.25"	"2.27"	"Novices Chase"	"1"	"6"	"Heskin, A P"	"Hourigan, Michael"
"16:50:00"	"2010-06-07"	"Listowel"	"Ballymac Beauty (IRE)"	"0.90"	"1.94"	"Beginners Chase"	"2"	"11"	"Mangan, Mr P F"	"Mangan, James Joseph"
"16:25:00"	"2010-06-06"	"Kilbeggan"	"Tarkani (IRE)"	"16.00"	"24.86"	"Handicap Hurdle"	"6"	"16"	"McNiff, L"	"Donoghue, V P"
"14:55:00"	"2010-06-06"	"Kilbeggan"	"Wheres Harry (IRE)"	"8.00"	"14.11"	"Maiden Hurdle"	"8"	"15"	"Mangan, Mr P F"	"Burke, W J"
"20:20:00"	"2010-06-04"	"Tramore"	"Whos Deal (IRE)"	"6.00"	"7.45"	"Handicap Chase"	"1"	"12"	"Mangan, Mr P F"	"OKeeffe, Gerard J"
"20:20:00"	"2010-06-04"	"Tramore"	"Alabama Banjo (IRE)"	"7.00"	"8.61"	"Handicap Chase"	"5"	"12"	"Jones, Mr R J"	"McNamara, E"
"20:20:00"	"2010-06-03"	"Tipperary"	"Harbour Hall (IRE)"	"8.00"	"10"	"Handicap Chase"	"2"	"18"	"Fogarty, M P"	"OGrady, Eoghan"
"20:20:00"	"2010-06-03"	"Tipperary"	"Ballygill Gale (IRE)"	"7.00"	"9"	"Handicap Chase"	"16"	"18"	"Kennedy, PAddy D"	"Sexton, Adrian"
"18:20:00"	"2010-06-03"	"Uttoxeter"	"Midnight Diamond (IRE)"	"16.00"	"23.71"	"Handicap Novices Chase"	"7"	"9"	"Challoner, Mr Harry"	"Williamson, Mrs L"
"14:30:00"	"2010-06-03"	"Newton Abbot"	"Tilly Shilling (IRE)"	"100.00"	"365.24"	"Maiden Hurdle"	"5"	"11"	"Hawkins, Mr G"	"Bishop, K"
"16:40:00"	"2010-06-02"	"Fontwell"	"Play A Cord (IRE)"	"4.00"	"5.5"	"Handicap Hurdle"	"1"	"13"	"Quinlan, Mr Mark"	"Mulholland, N P"
"18:35:00"	"2010-06-01"	"Ballinrobe"	"Catskill (OLD)"	"20.00"	"50.11"	"Handicap Hurdle"	"1"	"16"	"Donoghue, K M"	"McGuinness, Adrian"
"17:05:00"	"2010-05-30"	"Uttoxeter"	"Bernard"	"8.00"	"10.5"	"Handicap Chase"	"7"	"7"	"Devereux, Donal"	"Bishop, K"
"20:50:00"	"2010-05-28"	"Stratford"	"Irish Legend (IRE) (OLD)"	"16.00"	"22"	"Handicap Hurdle"	"F"	"12"	"Twiston-Davies, Sam"	"Llewellyn, B J"
"18:15:00"	"2010-05-27"	"Wetherby"	"Ragador"	"8.50"	"10.49"	"Handicap Chase"	"4"	"5"	"Byrne, S W"	"Smith, Mrs S J"
"18:40:00"	"2010-05-26"	"Punchestown"	"Oilily (IRE)"	"1.25"	"2.37"	"Maiden Hurdle"	"2"	"24"	"Byrne, Mr S P"	"Byrne, Sean"
"18:10:00"	"2010-05-26"	"Punchestown"	"An Peinteir (IRE)"	"20.00"	"34.39"	"Handicap Chase"	"5"	"22"	"ONeill, Mr B"	"Lambert, Miss A M"
"18:10:00"	"2010-05-26"	"Punchestown"	"Rossbeigh (IRE)"	"9.00"	"15.5"	"Handicap Chase"	"13"	"22"	"Fennessy, Mr C W"	"Hughes, P"
"18:10:00"	"2010-05-26"	"Punchestown"	"Kaitlins Fancy (IRE)"	"14.00"	"21.5"	"Handicap Chase"	"UR"	"22"	"Power, Mr P"	"Aherne, Sean"
"16:15:00"	"2010-05-20"	"Wetherby"	"I See A Star"	"25.00"	"40.66"	"Handicap Hurdle"	"PU"	"14"	"Stead, Miss E"	"Hammond, Micky"
"16:15:00"	"2010-05-20"	"Wetherby"	"Humourous (IRE)"	"18.00"	"19"	"Handicap Hurdle"	"UR"	"14"	"Richards, Miss J R"	"Storey, B"
"19:30:00"	"2010-05-19"	"Sedgefield"	"Tar (IRE)"	"11.00"	"14.33"	"Handicap Seller Hurdle"	"4"	"10"	"David, Mr T R"	"Vaughan, Tim"
"18:50:00"	"2010-05-19"	"Worcester"	"Orchard King (IRE)"	"8.50"	"11.18"	"Beginners Chase"	"3"	"7"	"Dayman, O"	"Thorpe, Mrs A M"
"18:50:00"	"2010-05-19"	"Worcester"	"Silver Story"	"7.00"	"9.6"	"Beginners Chase"	"UR"	"7"	"Coleman, Dean"	"Vaughan, Tim"
"16:25:00"	"2010-05-16"	"Limerick"	"Billie Beg (IRE)"	"20.00"	"69.84"	"Beginners Chase"	"6"	"15"	"Kennedy, PAddy D"	"Hughes, D T"
"16:05:00"	"2010-05-15"	"Bangor"	"Dancewiththedevil (IRE)"	"6.00"	"8.29"	"Handicap Hurdle"	"3"	"11"	"Devereux, Donal"	"Roberts, C"
"15:30:00"	"2010-05-15"	"Bangor"	"Tot Of The Knar"	"7.00"	"9"	"Handicap Chase"	"5"	"12"	"Devereux, Donal"	"Bowen, Peter / Michael"
"18:00:00"	"2010-05-14"	"Aintree"	"Battlecry"	"12.00"	"13.04"	"Handicap Chase"	"PU"	"12"	"Twiston-Davies, Sam"	"Twiston-Davies, N A"
"19:50:00"	"2010-05-13"	"Folkestone"	"Blaze Ahead (IRE)"	"6.00"	"8.6"	"Hunters Chase"	"2"	"8"	"Wills, Miss C L"	"Powell, B G"
"20:50:00"	"2010-05-12"	"Perth"	"Baileys Encore"	"33.00"	"60.24"	"Handicap Hurdle"	"10"	"12"	"Bolger, M J"	"Donoghue, V P"
"19:50:00"	"2010-05-12"	"Perth"	"Apache Country"	"2.50"	"3.85"	"Maiden Hurdle"	"10"	"14"	"Donoghue, K M"	"Elliott, Gordon"
"20:30:00"	"2010-05-11"	"Newton Abbot"	"Ryeman"	"2.00"	"3.1"	"Handicap Hunters Chase"	"3"	"6"	"Hawkins, R"	"Jackson, Andrew"
"20:00:00"	"2010-05-11"	"Newton Abbot"	"Legal Glory (IRE)"	"8.50"	"10.77"	"Handicap Hurdle"	"7"	"14"	"Hawkins, Mr G"	"Hodges, R J"
"17:40:00"	"2010-05-11"	"Killarney"	"Sian Thomas"	"25.00"	"154.75"	"Beginners Chase"	"10"	"14"	"Casey, Mr J M"	"Marnane, David"
"19:00:00"	"2010-05-07"	"Downpatrick"	"Ballintemple Star (IRE)"	"5.00"	"6.64"	"Maiden Hurdle"	"7"	"15"	"Walsh, Mr B O"	"Dobbs, Mrs Prunella"
"18:00:00"	"2010-05-07"	"Downpatrick"	"Quivvy Bridge (IRE)"	"1.75"	"2.94"	"Hurdle"	"4"	"10"	"OConnell, Mr E J"	"Lambe, J J"
"19:50:00"	"2010-05-06"	"Clonmel"	"Credit Box (IRE)"	"6.00"	"7.6"	"Handicap Hurdle"	"2"	"18"	"Keane, Mr A M"	"Keane, M"
"19:50:00"	"2010-05-06"	"Clonmel"	"Prairie Call (IRE)"	"9.00"	"11"	"Handicap Hurdle"	"6"	"18"	"Cooper, Bryan J"	"Harney, W"
"19:05:00"	"2010-05-05"	"Huntingdon"	"Zahras Place"	"12.00"	"17.33"	"Handicap Hurdle"	"8"	"16"	"Twiston-Davies, Sam"	"King, N B"
"15:40:00"	"2010-05-05"	"Kelso"	"Mini Beck"	"5.00"	"6.64"	"Handicap Novices Hurdle"	"2"	"11"	"Voy, A L"	"Thomson, A M"
"14:05:00"	"2010-05-05"	"Kelso"	"Political Pendant"	"7.00"	"8.4"	"Handicap Seller Chase"	"F"	"14"	"Halliday, James"	"Nixon, R"
"17:00:00"	"2010-05-03"	"Limerick"	"Herbie Deacon (IRE)"	"14.00"	"19.52"	"Handicap Hurdle"	"13"	"18"	"Latta, Mr R A"	"Cullen, Michael"
"16:30:00"	"2010-05-03"	"Limerick"	"Shake The Bottle (IRE)"	"20.00"	"27.87"	"Handicap Chase"	"1"	"16"	"MacAuley, D"	"Winters, Michael"
"15:50:00"	"2010-05-03"	"Down Royal"	"Ramsden Boy (IRE)"	"2.25"	"3.35"	"Handicap Chase"	"F"	"8"	"OFarrell, C"	"Wilson, R T J"
"15:00:00"	"2010-05-03"	"Limerick"	"Born High (IRE)"	"7.00"	"10.98"	"Handicap Hurdle"	"F"	"18"	"Heskin, A P"	"Hourigan, Michael"
"16:20:00"	"2010-04-27"	"Wincanton"	"Bazart"	"5.50"	"8.2"	"Handicap Hurdle"	"4"	"8"	"Tompsett, Miss Isabel"	"Llewellyn, B J"
"15:20:00"	"2010-04-26"	"Towcester"	"Genies Lamp (IRE)"	"12.00"	"16.29"	"Handicap Hurdle"	"10"	"10"	"Toole, Peter"	"Greatrex, W J"
"16:15:00"	"2010-04-25"	"Ludlow"	"SouWester (OLD)"	"2.00"	"2.96"	"Handicap Chase"	"6"	"8"	"Twiston-Davies, Sam"	"Tizzard, C L"
"15:30:00"	"2010-04-25"	"Wetherby"	"Mister Fizzbomb (IRE)"	"5.50"	"7.57"	"Handicap Hurdle"	"6"	"10"	"Deniel, Miss A"	"Wainwright, J S"
"17:35:00"	"2010-04-24"	"Punchestown"	"Roccos Hall (IRE)"	"33.00"	"110"	"Handicap Hurdle"	"9"	"21"	"Mangan, Mr P F"	"OGrady, E J"
"13:40:00"	"2010-04-24"	"Market Rasen"	"Kellystown Lad (IRE)"	"4.00"	"5.95"	"Novices Hurdle"	"2"	"9"	"Gallagher, P T"	"Murphy, Ferdy"
"18:15:00"	"2010-04-23"	"Chepstow"	"Dead Or Alive (IRE)"	"12.00"	"16.5"	"Handicap Chase"	"4"	"6"	"Mathias, Mr J F"	"Vaughan, Tim"
"15:40:00"	"2010-04-21"	"Punchestown"	"Siege Of Ennis (IRE)"	"16.00"	"26.54"	"Handicap Hurdle"	"8"	"24"	"Cooper, Bryan J"	"Harty, Edward and Patrick"
"16:55:00"	"2010-04-18"	"Ascot"	"Volador (IRE)"	"3.50"	"4.8"	"Handicap Hurdle"	"2"	"10"	"Davies, Chris"	"Hobbs, P J / White, J"
"16:05:00"	"2010-04-18"	"Stratford"	"Peaceful Means (IRE)"	"11.00"	"13.75"	"Handicap Hurdle"	"8"	"13"	"Murphy, Michael"	"Jay, J"
"16:05:00"	"2010-04-18"	"Stratford"	"Just Beware"	"14.00"	"23.52"	"Handicap Hurdle"	"PU"	"13"	"Gracey-Davison, Gemma"	"Davison, Miss Z C"
"14:55:00"	"2010-04-18"	"Stratford"	"Haar"	"2.75"	"4.2"	"Novices Chase"	"2"	"5"	"Poste, Ben J"	"Turnell, Andrew"
"16:20:00"	"2010-04-17"	"Bangor"	"Flake"	"5.50"	"7.5"	"Handicap Chase"	"4"	"5"	"Hawkins, Mr G"	"Smith, Mrs S J"
"18:35:00"	"2010-04-16"	"Uttoxeter"	"Lawgiver (IRE)"	"5.50"	"6.71"	"Handicap Hurdle"	"4"	"9"	"James, Mr K"	"Fife, Mrs Marjorie"
"14:40:00"	"2010-04-12"	"Sedgefield"	"General Hardi"	"9.00"	"11"	"Handicap Chase"	"2"	"13"	"Dawson, Mr John"	"Wade, J"
"14:40:00"	"2010-04-12"	"Sedgefield"	"Mutual Respect (IRE) (OLD)"	"12.00"	"15.5"	"Handicap Chase"	"7"	"13"	"England, Jonathan"	"Williams, Evan"
"16:30:00"	"2010-04-11"	"Market Rasen"	"Tighe Caster"	"6.00"	"7.99"	"Handicap Chase"	"1"	"8"	"David, Mr T R"	"McPherson, Graeme P"
"14:55:00"	"2010-04-11"	"Limerick"	"Conclave (IRE) (OLD)"	"10.00"	"13.14"	"Hurdle"	"4"	"7"	"Kennedy, PAddy D"	"Buggy, S"
"16:45:00"	"2010-04-09"	"Kempton"	"Noble Future"	"4.00"	"5.5"	"Handicap Chase"	"4"	"16"	"Challoner, Mr Harry"	"Williams, Miss Venetia"
"17:55:00"	"2010-04-08"	"Taunton"	"Kristoffersen"	"14.00"	"25.63"	"Handicap Hurdle"	"8"	"16"	"Popham, Mr I"	"Nelmes, Mrs H R J"
"17:25:00"	"2010-04-05"	"Plumpton"	"Mister Pink"	"7.00"	"9.31"	"Handicap Chase"	"2"	"6"	"Pemberton, Jay"	"Rowe, R"
"16:50:00"	"2010-04-05"	"Plumpton"	"Beau Lake (IRE)"	"2.00"	"3.17"	"Handicap Hurdle"	"7"	"8"	"Derham, Mr J"	"Smith, Miss Suzy"
"15:55:00"	"2010-04-05"	"Huntingdon"	"Alfadora"	"5.50"	"7.57"	"Handicap Chase"	"5"	"9"	"Halliday, James"	"Harris, M F"
"13:55:00"	"2010-04-04"	"Fairyhouse"	"Cantrell (IRE)"	"20.00"	"43.98"	"Handicap Novices Hurdle"	"16"	"17"	"Clarke, K H"	"Smyth, H"
"16:35:00"	"2010-04-03"	"Haydock"	"McMurrough (IRE)"	"9.00"	"12.5"	"Handicap Novices Hurdle"	"1"	"13"	"Halliday, James"	"Jefferson, J M"
"16:30:00"	"2010-04-03"	"Carlisle"	"Roseneath (IRE)"	"3.00"	"4.5"	"Handicap Novices Chase"	"3"	"9"	"Toole, Peter"	"Hales, A M"
"14:20:00"	"2010-04-03"	"Haydock"	"Calatagan (IRE)"	"16.00"	"20"	"Handicap Hurdle"	"6"	"8"	"Halliday, James"	"Jefferson, J M"
"15:00:00"	"2010-03-30"	"Fontwell"	"Head To Kerry (IRE)"	"6.50"	"8.78"	"Handicap Novices Hurdle"	"3"	"8"	"Toole, Peter"	"Davis, D J S Ffrench"
"15:20:00"	"2010-03-28"	"Downpatrick"	"Supreme All Star (IRE)"	"3.00"	"4.21"	"Handicap Hurdle"	"F"	"9"	"Donoghue, K M"	"Elliott, Gordon"
"14:45:00"	"2010-03-28"	"Downpatrick"	"Fane Oscar (IRE)"	"14.00"	"30.57"	"Handicap Novices Hurdle"	"10"	"15"	"Clements, Mr S"	"Larkin, J"
"17:10:00"	"2010-03-21"	"Cork"	"Glendine Lady (IRE)"	"12.00"	"25.15"	"Handicap Hurdle"	"12"	"23"	"OFarrell, C"	"Phelan, J R"
"16:20:00"	"2010-03-21"	"Fontwell"	"Near The Water (IRE)"	"4.00"	"5.75"	"Handicap Hurdle"	"4"	"10"	"Pemberton, Jay"	"Rowe, R"
"15:55:00"	"2010-03-20"	"Gowran Park"	"Misala (IRE)"	"8.00"	"11.48"	"Novices Hurdle"	"2"	"8"	"OFarrell, C"	"Hanlon, John Joseph"
"14:20:00"	"2010-03-18"	"Hexham"	"Devils Delight (IRE)"	"16.00"	"42"	"Handicap Hurdle"	"5"	"11"	"Smith,James "	"Moffatt, James"
"14:55:00"	"2010-03-16"	"Sedgefield"	"Catch Bob (IRE)"	"2.00"	"3.2"	"Handicap Hurdle"	"2"	"12"	"Gallagher, P T"	"Murphy, Ferdy"
"15:50:00"	"2010-03-14"	"Towcester"	"Stockton Flyer"	"14.00"	"15.39"	"Handicap Chase"	"PU"	"14"	"Murphy, Michael"	"Cowley, P E"
"16:05:00"	"2010-03-13"	"Chepstow"	"Mr Prickle (IRE)"	"8.00"	"11.75"	"Handicap Chase"	"3"	"7"	"Popham, Mr I"	"Newland, Dr R D P"
"14:20:00"	"2010-03-13"	"Chepstow"	"Dont Tell Baby (IRE)"	"50.00"	"123.93"	"Maiden Hurdle"	"10"	"15"	"Murphy, Michael"	"Roberts, C"
"16:45:00"	"2010-03-11"	"Clonmel"	"Whats In Front (IRE)"	"14.00"	"23"	"Handicap Chase"	"11"	"13"	"Clements, Mr S"	"McAteer, Liam"
"15:45:00"	"2010-03-11"	"Carlisle"	"Stagecoach Diamond"	"5.00"	"6.8"	"Handicap Chase"	"F"	"12"	"Byrne, S W"	"Smith, Mrs S J"
"15:40:00"	"2010-03-11"	"Clonmel"	"Swift Lady (IRE)"	"12.00"	"30.56"	"Handicap Hurdle"	"7"	"18"	"Cooper, Bryan J"	"Meany, P"
"17:20:00"	"2010-03-10"	"Catterick"	"Classical Mist"	"2.75"	"4.3"	"NH Flat"	"2"	"8"	"Whillans, Ewan"	"Hetherton, J"
"16:40:00"	"2010-03-10"	"Fontwell"	"Tanktastic"	"4.00"	"6.4"	"Handicap Hurdle"	"6"	"9"	"Wallis, C"	"Hedger, P R"
"15:20:00"	"2010-03-10"	"Catterick"	"Night Reveller (IRE)"	"200.00"	"590"	"Maiden Chase"	"6"	"7"	"Gagan, Steven"	"Chapman, M C"
"15:50:00"	"2010-03-09"	"Newcastle"	"Hi Dancer"	"2.00"	"3.29"	"Handicap Hurdle"	"1"	"11"	"Hawkins, Mr G"	"Haslam, B M R"
"14:50:00"	"2010-03-09"	"Newcastle"	"Ardesia (IRE)"	"6.50"	"8.2"	"Handicap Hurdle"	"2"	"11"	"Gallagher, P T"	"Jackson, Miss T"
"15:30:00"	"2010-03-07"	"Naas"	"Dancing Tornado (IRE)"	"12.00"	"15.74"	"Handicap Hurdle"	"1"	"21"	"Heskin, A P"	"Hourigan, Michael"
"15:30:00"	"2010-03-04"	"Ludlow"	"Hideaway (OLD)"	"5.00"	"7.29"	"Handicap Novices Hurdle"	"6"	"13"	"Twiston-Davies, Sam"	"Spearing, J L"
"14:30:00"	"2010-03-02"	"Catterick"	"Cute N You Know It"	"20.00"	"34.2"	"Handicap Hurdle"	"12"	"14"	"OConnell, Michael"	"Crook, A"
"14:00:00"	"2010-03-02"	"Catterick"	"Nightboat To Cairo (IRE) (OLD)"	"4.00"	"5.8"	"Handicap Seller Hurdle"	"5"	"9"	"Lodge, Miss Jessica"	"Kirby, P A"
"16:05:00"	"2010-02-28"	"Clonmel"	"Taradoun (IRE)"	"2.25"	"3.4"	"Beginners Chase"	"4"	"13"	"Mangan, Mr P F"	"OGrady, E J"
"15:15:00"	"2010-02-23"	"Fairyhouse"	"Hidden Crack"	"2.50"	"4.1"	"Handicap Novices Hurdle"	"4"	"13"	"Kennedy, PAddy D"	"Fahey, Seamus"
"15:20:00"	"2010-02-19"	"Sandown"	"Mr Big (IRE)"	"7.50"	"12.35"	"Chase"	"1"	"8"	"Wallace, Capt H A R"	"Mann, C J"
"14:55:00"	"2010-02-18"	"Clonmel"	"Whatsabillion (IRE)"	"6.00"	"8.2"	"Handicap Hurdle"	"2"	"14"	"Splaine, D E"	"Murphy, John Joseph"
"16:40:00"	"2010-02-16"	"Newcastle"	"Mini Minster"	"28.00"	"46.56"	"Handicap Hurdle"	"9"	"16"	"Moscrop, Nathan"	"Atkinson, P G"
"15:50:00"	"2010-02-14"	"Navan"	"Medical Card (IRE)"	"4.50"	"6.72"	"NH Flat"	"6"	"18"	"Carroll, T C"	"Meade, Noel"
"15:45:00"	"2010-02-13"	"Gowran Park"	"Prudent Honour (IRE)"	"8.00"	"12.62"	"Handicap Chase"	"3"	"12"	"Cooper, Bryan J"	"Cooper, Thomas"
"15:40:00"	"2010-02-11"	"Huntingdon"	"Isle De Maurice"	"3.00"	"4.95"	"Handicap Hurdle"	"8"	"12"	"Moore, Joshua"	"Moore, Gary and Josh"
"13:40:00"	"2010-02-11"	"Huntingdon"	"Ive Been Framed (IRE)"	"2.75"	"4.05"	"Handicap Hurdle"	"4"	"9"	"Merriam, Alex"	"King, N B"
"16:20:00"	"2010-02-10"	"Fairyhouse"	"Hotterthanjuly (IRE)"	"16.00"	"26"	"Handicap Hurdle"	"10"	"16"	"McNiff, L"	"Bonner, Miss Regina"
"16:10:00"	"2010-02-08"	"Southwell"	"King Mak"	"3.50"	"5.3"	"Handicap Hurdle"	"11"	"15"	"James, Mr K"	"Fife, Mrs Marjorie"
"14:40:00"	"2010-02-06"	"Naas"	"Not Before Eight (IRE)"	"12.00"	"29"	"Maiden Hurdle"	"6"	"24"	"Cooper, Bryan J"	"Cooper, Thomas"
"13:45:00"	"2010-02-06"	"Wetherby"	"Bentons Choice"	"20.00"	"24.15"	"Novices Hurdle"	"PU"	"12"	"OConnell, Michael"	"Moore, G M"
"13:15:00"	"2010-02-06"	"Wetherby"	"Railway Park (IRE)"	"40.00"	"57.22"	"Handicap Hurdle"	"9"	"18"	"OConnell, Michael"	"Wainwright, J S"
"15:50:00"	"2010-02-03"	"Down Royal"	"Some Legend (IRE)"	"5.00"	"7.97"	"Handicap Chase"	"UR"	"9"	"Carroll, T C"	"Moore, C"
"13:35:00"	"2010-02-03"	"Down Royal"	"Hughies Grey (IRE)"	"8.00"	"9.6"	"Handicap Hurdle"	"1"	"19"	"Maxwell, C D"	"Torrens, Mervyn"
"16:40:00"	"2010-01-31"	"Limerick"	"Cluain Cearban (IRE)"	"8.00"	"10.27"	"Handicap Chase"	"F"	"11"	"Bates, Mr D J"	"Griffin, Eoin"
"14:30:00"	"2010-01-31"	"Punchestown"	"Inoma James (IRE)"	"16.00"	"22.42"	"Handicap Chase"	"1"	"19"	"Maxwell, C D"	"Barry, D J"
"16:10:00"	"2010-01-30"	"Uttoxeter"	"Midnight Diamond (IRE)"	"16.00"	"23.71"	"Handicap Hurdle"	"5"	"9"	"Merriam, Alex"	"Williamson, Mrs L"
"14:20:00"	"2010-01-28"	"Warwick"	"Carrickmines (IRE)"	"1.63"	"2.76"	"Handicap Chase"	"2"	"5"	"Weston, Mr T"	"Newland, Dr R D P"
"15:40:00"	"2010-01-26"	"Leicester"	"Timetoring"	"1.75"	"2.78"	"Handicap Hurdle"	"1"	"6"	"Tompsett, Miss Isabel"	"Llewellyn, B J"
"14:00:00"	"2010-01-26"	"Sedgefield"	"Smart Mistress"	"25.00"	"50.61"	"Maiden Chase"	"4"	"11"	"Whillans, Ewan"	"Murphy, Ferdy"
"15:20:00"	"2010-01-25"	"Fontwell"	"Princely Hero (IRE)"	"25.00"	"33.08"	"Handicap Hurdle"	"9"	"11"	"Wallis, C"	"Gordon, C"
"16:30:00"	"2010-01-24"	"Limerick"	"Chasers Chance (IRE)"	"8.00"	"13.28"	"Handicap Novices Chase"	"3"	"10"	"Maxwell, C D"	"OGrady, Eoghan"
"14:55:00"	"2010-01-24"	"Limerick"	"Club Oscar (IRE)"	"4.50"	"7.2"	"Handicap Hurdle"	"6"	"8"	"Jones, Mr R J"	"Burke, W J"
"14:50:00"	"2010-01-24"	"Towcester"	"Alderbrook Girl (IRE)"	"20.00"	"28"	"Handicap Chase"	"7"	"12"	"Burton, Danny"	"Curtis, R"
"12:50:00"	"2010-01-22"	"Catterick"	"Royal Flynn"	"8.50"	"11.73"	"Handicap Seller Hurdle"	"2"	"13"	"Brooke, Mr J H"	"Walton, Mrs K"
"14:25:00"	"2010-01-18"	"Thurles"	"Caola Mann (IRE)"	"10.00"	"11.54"	"Handicap Chase"	"4"	"10"	"Jones, Mr R J"	"McNamara, E"
"14:20:00"	"2010-01-17"	"Thurles"	"Rose Of Fairyhill (IRE)"	"12.00"	"15.93"	"Handicap Hurdle"	"7"	"13"	"Ryan, Miss G"	"Ryan, John Patrick"
"15:35:00"	"2010-01-16"	"Huntingdon"	"Romney Marsh"	"6.50"	"8.4"	"Handicap Novices Hurdle"	"6"	"10"	"Burton, Danny"	"Curtis, R"
"13:20:00"	"2010-01-02"	"Cork"	"Dolly Hall (IRE)"	"1.75"	"3.15"	"Handicap Hurdle"	"1"	"11"	"Jones, Mr R J"	"Burke, W J"
"15:20:00"	"2009-12-29"	"Limerick"	"Margarets Girl (IRE)"	"14.00"	"39.9"	"Handicap Chase"	"F"	"14"	"Butler, M P"	"Murphy, Michael David"
"13:35:00"	"2009-12-28"	"Chepstow"	"Moleskin (IRE)"	"5.50"	"7.79"	"Handicap Hurdle"	"PU"	"14"	"Popham, Mr I"	"Dartnall, V R A"
"13:35:00"	"2009-12-28"	"Chepstow"	"Another Brother (IRE)"	"12.00"	"17.75"	"Handicap Hurdle"	"PU"	"14"	"Coleman, Dean"	"Vaughan, Tim"
"12:55:00"	"2009-12-27"	"Down Royal"	"Gloonan Hill (IRE)"	"8.00"	"15.98"	"Maiden Hurdle"	"SU"	"14"	"McNiff, L"	"Meade, Noel"
"13:55:00"	"2009-12-19"	"Navan"	"Guts For Garters (IRE)"	"9.00"	"11"	"Handicap Hurdle"	"2"	"12"	"Heskin, A P"	"Hourigan, Michael"
"13:55:00"	"2009-12-19"	"Navan"	"Got The Urge (IRE)"	"3.00"	"4.3"	"Handicap Hurdle"	"3"	"12"	"Bates, Mr D J"	"Rothwell, P J"
"12:05:00"	"2009-12-18"	"Uttoxeter"	"Genari"	"4.00"	"6.6"	"Seller Hurdle"	"2"	"6"	"Freeman, A"	"Wheelwright, Miss S"
"13:50:00"	"2009-12-17"	"Exeter"	"Cantabilly (IRE)"	"22.00"	"32"	"Handicap Hurdle"	"7"	"15"	"Griffiths, Matt"	"Hodges, R J"
"12:50:00"	"2009-12-17"	"Exeter"	"Posh Emily"	"16.00"	"24.98"	"Handicap Hurdle"	"3"	"18"	"Griffiths, Matt"	"Hodges, R J"
"14:50:00"	"2009-12-15"	"Catterick"	"Watch The Wind"	"16.00"	"20.06"	"Handicap Chase"	"8"	"15"	"Whillans, Ewan"	"Walton, J B"
"14:20:00"	"2009-12-13"	"Navan"	"Markey Cee (IRE)"	"10.00"	"14.62"	"Handicap Hurdle"	"2"	"18"	"Kelly, T"	"Kelly, Patrick G"
"12:20:00"	"2009-12-13"	"Navan"	"Model Athlete (IRE)"	"25.00"	"80"	"Beginners Chase"	"7"	"12"	"McNiff, L"	"Kavanagh, Peter L"
"14:25:00"	"2009-12-12"	"Cheltenham"	"Bible Lord (IRE)"	"40.00"	"87.9"	"Handicap Chase"	"UR"	"17"	"Cookson, Edward"	"Turnell, Andrew"
"15:10:00"	"2009-12-10"	"Ludlow"	"Dawn At Sea"	"6.00"	"7.8"	"Handicap Novices Hurdle"	"4"	"13"	"Flint, T J"	"Flint, J L"
"15:00:00"	"2009-12-10"	"Huntingdon"	"Thai Vango (IRE)"	"10.00"	"14.36"	"Handicap Novices Chase"	"5"	"14"	"Molloy, T"	"Twiston-Davies, N A"
"14:40:00"	"2009-12-10"	"Ludlow"	"Cresswell Ruby (IRE)"	"20.00"	"31.5"	"Handicap Novices Chase"	"4"	"12"	"Tolman, Mr P J"	"Goldsworthy, W K"
"14:35:00"	"2009-12-10"	"Fairyhouse"	"Florimund"	"6.50"	"9.79"	"Handicap Hurdle"	"1"	"16"	"Butler, M P"	"Butler, Michael"
"15:20:00"	"2009-12-09"	"Hexham"	"Shulmin"	"33.00"	"41.49"	"Handicap Chase"	"8"	"15"	"Haynes, Harry"	"Ferguson, Mrs C"
"13:05:00"	"2009-12-05"	"Chepstow"	"Synchronised (IRE)"	"3.50"	"5"	"Novices Chase"	"1"	"8"	"McLernon, R P"	"ONeill, Jonjo and AJ"
"14:40:00"	"2009-12-01"	"Hereford"	"Mayor Of Kilcock"	"7.00"	"9.61"	"Handicap Hurdle"	"3"	"14"	"Devereux, Donal"	"Bowen, Peter / Michael"
"12:20:00"	"2009-12-01"	"Southwell"	"Sarobar (IRE)"	"5.50"	"7.2"	"Handicap Chase"	"7"	"11"	"Toole, Peter"	"Spearing, J L"
"15:50:00"	"2009-11-27"	"Thurles"	"Heroes Square (IRE)"	"33.00"	"51.42"	"Handicap Hurdle"	"1"	"18"	"Woods, K K"	"Hutchinson, Ms Caroline"
"14:45:00"	"2009-11-27"	"Thurles"	"Merry Cowboy (IRE)"	"16.00"	"38.32"	"Handicap Hurdle"	"9"	"17"	"Clarke, K H"	"OConnell, Eamon"
"14:15:00"	"2009-11-23"	"Ludlow"	"Wizards Dust"	"3.00"	"4.26"	"Handicap Chase"	"1"	"5"	"Toomey, Brian"	"McCain Jnr, D"
"12:50:00"	"2009-11-22"	"Musselburgh"	"Border Tale"	"12.00"	"15"	"Handicap Hurdle"	"6"	"11"	"Mania, Ryan"	"Moffatt, James"
"12:45:00"	"2009-11-21"	"Haydock"	"Coach Lane"	"8.50"	"11"	"Handicap Chase"	"6"	"7"	"Challoner, Mr Harry"	"Williams, Miss Venetia"
"13:20:00"	"2009-11-19"	"Hereford"	"Star Galaxy (IRE) (OLD)"	"4.50"	"6.2"	"Handicap Novices Chase"	"1"	"13"	"Devereux, Donal"	"Flint, J L"
"15:40:00"	"2009-11-18"	"Market Rasen"	"Royaltea"	"20.00"	"32.03"	"Handicap Hurdle"	"4"	"8"	"Hermansson, Miss Pernilla"	"Ford, R"
"13:05:00"	"2009-11-18"	"Clonmel"	"Premier Hero (IRE)"	"9.00"	"12"	"Handicap Hurdle"	"5"	"14"	"Bowes, M W"	"Broderick, J P"
"15:05:00"	"2009-11-15"	"Cork"	"Ponmeoath (IRE)"	"10.00"	"14.8"	"Handicap Hurdle"	"4"	"16"	"Jones, Mr R J"	"McNamara, E"
"12:15:00"	"2009-11-15"	"Cork"	"Cara Mara (IRE)"	"11.00"	"20.69"	"Beginners Chase"	"7"	"15"	"Scallan, Mr M J"	"Berry, J A"
"15:10:00"	"2009-11-14"	"Cheltenham"	"Powerstation (IRE)"	"9.00"	"10"	"Handicap Hurdle"	"6"	"12"	"Hawkins, Mr G"	"OConnell, Eamon"
"15:20:00"	"2009-11-11"	"Warwick"	"Hever Road (IRE)"	"4.50"	"6.19"	"Handicap Chase"	"PU"	"10"	"Cornwall, Mr Joseph"	"Pearson, David"
"15:30:00"	"2009-11-09"	"Carlisle"	"Getinbybutonlyjust"	"4.50"	"5.8"	"Handicap Chase"	"PU"	"10"	"Mania, Ryan"	"Sayer, Mrs Dianne"
"15:25:00"	"2009-11-08"	"Market Rasen"	"Lorum Leader (IRE)"	"14.00"	"17.78"	"Handicap Chase"	"1"	"8"	"Weston, Mr T"	"Newland, Dr R D P"
"15:00:00"	"2009-11-08"	"Navan"	"Prince Roco (IRE)"	"20.00"	"75"	"Beginners Chase"	"3"	"14"	"Fogarty, M P"	"Murphy, C A"
"14:35:00"	"2009-11-08"	"Hereford"	"Auditor (OLD)"	"66.00"	"119.66"	"Handicap Chase"	"F"	"14"	"Cookson, Edward"	"Lewis, S T"
"13:55:00"	"2009-11-08"	"Navan"	"Ifyoucouldseemenow (IRE)"	"25.00"	"127.94"	"Handicap Hurdle"	"13"	"25"	"Carey, S G"	"Cunningham, Michael"
"14:15:00"	"2009-11-07"	"Wincanton"	"Katies Tuitor"	"5.00"	"6.32"	"Handicap Hurdle"	"5"	"7"	"Toole, Peter"	"Mann, C J"
"14:00:00"	"2009-11-07"	"Down Royal"	"Captain Cole (IRE)"	"5.50"	"6.29"	"Handicap Hurdle"	"2"	"17"	"Maxwell, C D"	"Casey, Peter"
"13:30:00"	"2009-11-07"	"Down Royal"	"Mister Lucky (IRE)"	"14.00"	"17"	"Handicap Hurdle"	"F"	"17"	"Mangan, Mr P F"	"Hamilton, B R"
"12:30:00"	"2009-11-07"	"Sandown"	"Scots Dragoon"	"4.00"	"5.5"	"Handicap Hurdle"	"1"	"11"	"Bass, David"	"Henderson, N J"
"12:50:00"	"2009-11-06"	"Hexham"	"Freedom Flying"	"4.00"	"5.26"	"Handicap Seller Hurdle"	"1"	"14"	"James, Mr K"	"Kirby, P A"
"15:05:00"	"2009-11-05"	"Haydock"	"Wizard Of Us"	"7.00"	"10.97"	"Handicap Hurdle"	"5"	"5"	"Toomey, Brian"	"Mullineaux, M"
"16:00:00"	"2009-11-02"	"Plumpton"	"Ghaill Force"	"10.00"	"12.5"	"Handicap Hurdle"	"3"	"10"	"Lilly, Miss Zoe"	"Butler, P"
"13:15:00"	"2009-10-29"	"Clonmel"	"Pay The Ferryman (IRE)"	"6.00"	"7.6"	"Maiden Hurdle"	"5"	"18"	"McCarth, R J"	"Mullins, Thomas"
"15:55:00"	"2009-10-27"	"Punchestown"	"Arkendale (IRE)"	"4.50"	"6.7"	"Handicap Chase"	"1"	"13"	"Quinlan, Mr R P"	"Fogarty, J P"
"15:15:00"	"2009-10-24"	"Stratford"	"Pepporoni Pete (IRE)"	"12.00"	"15"	"Handicap Hurdle"	"3"	"13"	"Toole, Peter"	"Harris, M F"
"16:20:00"	"2009-10-23"	"Fakenham"	"Laconicos (IRE)"	"11.00"	"13.09"	"Handicap Hurdle"	"3"	"7"	"Devereux, Donal"	"Stone, W B"
"17:25:00"	"2009-10-18"	"Cork"	"Head Waiter (IRE)"	"10.00"	"18.3"	"Novices Chase"	"4"	"10"	"McLernon, R P"	"OSullivan, Eugene M"
"15:30:00"	"2009-10-16"	"Cheltenham"	"Two Miles West (IRE)"	"16.00"	"22.11"	"Handicap Hurdle"	"10"	"14"	"McLernon, R P"	"ONeill, Jonjo and AJ"
"16:20:00"	"2009-10-14"	"Punchestown"	"Golden Moon (IRE)"	"14.00"	"29"	"Handicap Hurdle"	"7"	"25"	"Gray, S J"	"Doyle, Timothy"
"16:50:00"	"2009-10-11"	"Limerick"	"Operation Houdini (IRE)"	"25.00"	"40"	"Handicap Chase"	"4"	"16"	"Gray, S J"	"Fitzgerald, D E"
"16:30:00"	"2009-10-08"	"Tramore"	"Lord Tee (IRE)"	"20.00"	"36.02"	"Handicap Chase"	"7"	"16"	"Gray, S J"	"Kingston, G A"
"16:30:00"	"2009-10-07"	"Towcester"	"Midnight Spirit"	"25.00"	"36"	"Handicap Hurdle"	"3"	"16"	"Freeman, A"	"Sutherland, F E"
"17:00:00"	"2009-10-04"	"Huntingdon"	"Amazing Valour (IRE)"	"4.00"	"5.89"	"Handicap Hurdle"	"1"	"11"	"Devereux, Donal"	"Bowen, Peter / Michael"
"15:50:00"	"2009-10-04"	"Huntingdon"	"Free Gift (OLD)"	"5.00"	"6.46"	"Handicap Chase"	"2"	"7"	"Burke, Keiran"	"Alner, R H & Mrs S"
"14:45:00"	"2009-10-03"	"Gowran Park"	"Boleybawn Quikstar (IRE)"	"16.00"	"62.51"	"Handicap Hurdle"	"BD"	"19"	"MacAuley, D"	"Rothwell, P J"
"17:10:00"	"2009-10-02"	"Hexham"	"Fred Bojangals (IRE)"	"3.50"	"5.1"	"Handicap Chase"	"2"	"12"	"Mania, Ryan"	"Hamilton, Mrs A"
"16:35:00"	"2009-10-01"	"Sligo"	"Catskill (OLD)"	"33.00"	"114.07"	"Chase"	"10"	"11"	"Maxwell, C D"	"McGuinness, Adrian"
"17:15:00"	"2009-09-27"	"Clonmel"	"Arkendale (IRE)"	"8.00"	"10.5"	"Handicap Chase"	"2"	"17"	"Quinlan, Mr R P"	"Fogarty, J P"
"15:25:00"	"2009-09-27"	"Market Rasen"	"Finnegans Rainbow"	"33.00"	"75"	"Handicap Hurdle"	"9"	"10"	"Moorcroft, Byron"	"Chapman, M C"
"16:05:00"	"2009-09-25"	"Worcester"	"Won More Night"	"14.00"	"16.87"	"Handicap Novices Hurdle"	"10"	"12"	"Derham, Mr J"	"Keighley, M"
"16:25:00"	"2009-09-23"	"Downpatrick"	"Kiltorcan Boy (IRE) (OLD)"	"6.00"	"7.21"	"Handicap Chase"	"2"	"15"	"Butler, M P"	"Doyle, Eoin"
"15:55:00"	"2009-09-13"	"Listowel"	"Ballyann Lewis (IRE)"	"20.00"	"50"	"Handicap Hurdle"	"9"	"17"	"Mangan, Mr P F"	"Mangan, James Joseph"
"17:20:00"	"2009-09-08"	"Sedgefield"	"Lawgiver (IRE)"	"12.00"	"18.5"	"Handicap Hurdle"	"3"	"14"	"James, Mr K"	"Fife, Mrs Marjorie"
"16:40:00"	"2009-09-06"	"Worcester"	"Gunner Rose"	"25.00"	"40"	"Handicap Novices Chase"	"5"	"10"	"Kington, John"	"Scudamore, M J"
"16:40:00"	"2009-09-06"	"Worcester"	"Shanahan (IRE)"	"4.50"	"6.72"	"Handicap Novices Chase"	"6"	"10"	"Coleman, Dean"	"Vaughan, Tim"
"15:10:00"	"2009-09-02"	"Hereford"	"Stage Right"	"16.00"	"24.6"	"Handicap Hurdle"	"7"	"13"	"Bird, Mr Ashley"	"Lewis, S T"
"16:10:00"	"2009-09-01"	"Newton Abbot"	"Moon Bear"	"40.00"	"80.79"	"Handicap Chase"	"F"	"15"	"Biddick, Mr W"	"Blackford, Miss L A"
"17:15:00"	"2009-08-31"	"Cartmel"	"Rare Coincidence"	"7.00"	"10.86"	"Handicap Hurdle"	"2"	"7"	"Haynes, Harry"	"Fisher, R F"
"16:05:00"	"2009-08-31"	"Cartmel"	"Iloveturtle (IRE)"	"18.00"	"22.86"	"Handicap Chase"	"PU"	"10"	"Moorcroft, Byron"	"Chapman, M C"
"15:55:00"	"2009-08-23"	"Cork"	"Proud To Be Irish (IRE)"	"14.00"	"28"	"Handicap Hurdle"	"7"	"10"	"OFarrell, C"	"OFarrell, Seamus"
"14:30:00"	"2009-08-23"	"Newton Abbot"	"Cold Mountain (IRE)"	"40.00"	"94.31"	"Novices Chase"	"4"	"5"	"Derham, Mr J"	"Mullins, J W"
"19:30:00"	"2009-08-22"	"Market Rasen"	"Phone In"	"6.50"	"8"	"Handicap Hurdle"	"5"	"8"	"Biddick, Mr W"	"Brotherton, R"
"14:30:00"	"2009-08-22"	"Newton Abbot"	"Osprey View (IRE)"	"14.00"	"17.54"	"Seller Hurdle"	"8"	"12"	"Dayman, O"	"Bowen, Peter / Michael"
"19:35:00"	"2009-08-21"	"Kilbeggan"	"Janeylad (IRE)"	"12.00"	"18.48"	"Handicap Chase"	"13"	"14"	"McMahon, Mr W W"	"McMahon, W G"
"18:35:00"	"2009-08-21"	"Kilbeggan"	"Tawrific Laois (IRE)"	"6.00"	"6.96"	"Handicap Hurdle"	"6"	"15"	"OFarrell, C"	"Fahey, Seamus"
"18:35:00"	"2009-08-21"	"Kilbeggan"	"Tuscany Star (IRE)"	"7.00"	"9"	"Handicap Hurdle"	"UR"	"15"	"Carter, I M"	"Hughes, D T"
"15:40:00"	"2009-08-20"	"Stratford"	"Laoch Dubh (IRE)"	"6.00"	"8.2"	"Handicap Chase"	"4"	"4"	"Toole, Peter"	"Mann, C J"
"20:00:00"	"2009-08-17"	"Roscommon"	"Hu Ha Jo (IRE)"	"8.00"	"10.38"	"Handicap Hurdle"	"3"	"18"	"McNiff, L"	"Hutchinson, Ms Caroline"
"15:35:00"	"2009-08-16"	"Tramore"	"Chronomatic"	"8.00"	"13.39"	"Maiden Hurdle"	"PU"	"15"	"Roche, Mr D"	"Doyle, Eoin"
"14:35:00"	"2009-08-16"	"Tramore"	"Unico (IRE)"	"5.00"	"6.8"	"Maiden Hurdle"	"8"	"15"	"Clements, Mr S"	"Kelly, Muredach"
"16:55:00"	"2009-08-09"	"Downpatrick"	"Mcswynes Bay (IRE)"	"6.00"	"7.8"	"Handicap Hurdle"	"1"	"15"	"OConnell, Mr E J"	"McGlinchey, R"
"16:30:00"	"2009-08-03"	"Newton Abbot"	"Dovedale"	"9.00"	"11.39"	"Handicap Hurdle"	"6"	"10"	"Popham, Mr I"	"Scott, J"
"15:00:00"	"2009-08-03"	"Newton Abbot"	"Something Inside (IRE)"	"7.00"	"9.4"	"Claimer Hurdle"	"3"	"11"	"Coleman, Dean"	"Burchell, D"
"14:35:00"	"2009-08-03"	"Cork"	"Go Dana Le Pras (IRE)"	"20.00"	"60"	"Maiden Hurdle"	"5"	"18"	"Gray, S J"	"Larkin, J"
"16:15:00"	"2009-08-02"	"Market Rasen"	"Silver Adonis (IRE)"	"8.00"	"9.92"	"Handicap Chase"	"4"	"8"	"Devereux, Donal"	"Newland, Dr R D P"
"15:05:00"	"2009-08-02"	"Market Rasen"	"Iron Hague (IRE)"	"50.00"	"67.46"	"Novices Hurdle"	"4"	"13"	"Edwards, Lee"	"Brennan, O"
"17:25:00"	"2009-07-31"	"Bangor"	"Chinara (IRE)"	"12.00"	"17.06"	"Handicap Hurdle"	"3"	"14"	"Weston, Mr T"	"Weston, Miss Julie"
"17:10:00"	"2009-07-31"	"Galway"	"Turks Wood (IRE)"	"25.00"	"223.93"	"Handicap Hurdle"	"16"	"20"	"Hayes, Brian"	"Hanlon, John Joseph"
"17:00:00"	"2009-07-30"	"Galway"	"Bahrain Storm (IRE)"	"20.00"	"75"	"Handicap Hurdle"	"1"	"20"	"Gray, S J"	"Flynn, Patrick J"
"17:00:00"	"2009-07-30"	"Galway"	"Eagles Pass (IRE)"	"14.00"	"26.97"	"Handicap Hurdle"	"17"	"20"	"McCarthy, I J"	"OMara, T J"
"17:45:00"	"2009-07-28"	"Galway"	"The Rall (IRE)"	"11.00"	"13.64"	"Chase"	"PU"	"14"	"McCarthy, I J"	"Hughes, D T"
"19:35:00"	"2009-07-24"	"Wexford"	"Pay The Ferryman (IRE)"	"6.00"	"8.6"	"Handicap Hurdle"	"12"	"15"	"McCarth, R J"	"Mullins, Thomas"
"14:05:00"	"2009-07-18"	"Market Rasen"	"Mister Benedictine"	"14.00"	"19.5"	"Handicap Hurdle"	"10"	"13"	"Toole, Peter"	"Duke, B W"
"16:50:00"	"2009-07-16"	"Cartmel"	"Rare Coincidence"	"16.00"	"19.9"	"Handicap Hurdle"	"3"	"9"	"Haynes, Harry"	"Fisher, R F"
"15:40:00"	"2009-07-14"	"Downpatrick"	"The Hedge (IRE)"	"25.00"	"187.96"	"Hurdle"	"4"	"14"	"Kidd, Miss J A"	"Kidd, Mayne"
"16:50:00"	"2009-07-12"	"Perth"	"One Black Cat"	"8.00"	"12.5"	"Handicap Hurdle"	"10"	"15"	"Mania, Ryan"	"Forster, Miss S E"
"15:10:00"	"2009-07-12"	"Perth"	"Solway Blue"	"9.00"	"11.22"	"Novices Hurdle"	"5"	"8"	"Whillans, Ewan"	"Harrison, Miss L"
"15:20:00"	"2009-07-05"	"Market Rasen"	"Orion Express"	"11.00"	"14.5"	"Handicap Hurdle"	"5"	"7"	"Wallis, C"	"Gardner, Mrs S"
"16:20:00"	"2009-07-01"	"Perth"	"Kells Castle"	"5.50"	"7.18"	"Handicap Chase"	"4"	"13"	"Toomey, Brian"	"Elliott, Gordon"
"20:15:00"	"2009-06-30"	"Stratford"	"Golden Square"	"11.00"	"14.22"	"Handicap Hurdle"	"9"	"15"	"Edwards, Lee"	"Carroll, A W"
"14:45:00"	"2009-06-28"	"Uttoxeter"	"The Arsonist (IRE)"	"10.00"	"18.89"	"Maiden Hurdle"	"5"	"14"	"Cook, Danny"	"Young, Mrs L J"
"21:10:00"	"2009-06-23"	"Newton Abbot"	"Moon Bear"	"40.00"	"60"	"Handicap Novices Hurdle"	"10"	"11"	"Kington, John"	"Blackford, Miss L A"
"20:00:00"	"2009-06-22"	"Kilbeggan"	"South Upper Street (IRE)"	"25.00"	"70"	"Beginners Chase"	"6"	"14"	"Gray, S J"	"OShea, J F"
"16:25:00"	"2009-06-21"	"Gowran Park"	"Cloone Stream (IRE)"	"4.50"	"5.8"	"Handicap Hurdle"	"2"	"19"	"McCarthy, I J"	"Swan, C F"
"16:25:00"	"2009-06-21"	"Gowran Park"	"Mutadarek"	"6.50"	"7.4"	"Handicap Hurdle"	"5"	"19"	"Gray, S J"	"Morgan, Ms Joanna"
"16:20:00"	"2009-06-21"	"Hexham"	"Benny The Piler (IRE)"	"16.00"	"20.55"	"Handicap Chase"	"5"	"14"	"Halliday, James"	"Todhunter, M"
"16:00:00"	"2009-06-21"	"Hereford"	"Kempley Green (IRE)"	"9.00"	"13"	"Handicap Hurdle"	"4"	"17"	"Kington, John"	"Scudamore, M J"
"19:50:00"	"2009-06-15"	"Ballinrobe"	"Deedeetee (IRE)"	"20.00"	"75"	"Handicap Chase"	"UR"	"15"	"Carey, B S"	"OSullivan, Eugene M"
"15:00:00"	"2009-06-15"	"Sedgefield"	"Smart Street"	"7.00"	"8.4"	"Handicap Seller Hurdle"	"F"	"14"	"Halliday, James"	"Ellison, B"
"15:00:00"	"2009-06-13"	"Hexham"	"Wensleydale Web"	"9.00"	"13.23"	"Handicap Hurdle"	"F"	"12"	"Halliday, James"	"Todhunter, M"
"14:25:00"	"2009-06-13"	"Hexham"	"Almond Court (IRE)"	"9.00"	"13.62"	"Novices Hurdle"	"6"	"8"	"Callaghan, Paul"	"Johnson, R"
"19:40:00"	"2009-06-11"	"Uttoxeter"	"Two Miles West (IRE)"	"8.00"	"11.5"	"Handicap Chase"	"UR"	"12"	"McLernon, R P"	"ONeill, Jonjo and AJ"
"19:50:00"	"2009-06-04"	"Tipperary"	"Rossgavand (IRE)"	"20.00"	"50"	"Handicap Hurdle"	"12"	"20"	"Fahey, Mr M"	"Fahey, Jarlath P"
"19:05:00"	"2009-06-02"	"Sedgefield"	"Bramantino (IRE)"	"14.00"	"19.33"	"Seller Hurdle"	"6"	"12"	"Haynes, Harry"	"Cuthbert, T A K"
"16:20:00"	"2009-05-31"	"Perth"	"Solway Sunset"	"2.25"	"3.45"	"Handicap Hurdle"	"2"	"7"	"Halliday, James"	"Harrison, Miss L"
"15:50:00"	"2009-05-31"	"Perth"	"Megaton"	"11.00"	"13.98"	"Handicap Chase"	"6"	"13"	"Devereux, Donal"	"Bowen, Peter / Michael"
"20:00:00"	"2009-05-27"	"Southwell"	"Lucky Pearl"	"12.00"	"13.74"	"Seller Hurdle"	"3"	"14"	"Huxley, Charlie"	"Brennan, O"
"17:10:00"	"2009-05-27"	"Punchestown"	"Rossbeigh (IRE)"	"20.00"	"34.67"	"Handicap Chase"	"BD"	"22"	"Motherway, Mr C"	"Hughes, P"
"18:10:00"	"2009-05-23"	"Stratford"	"Space Star"	"18.00"	"25"	"Handicap Hurdle"	"10"	"14"	"Brackenbury, Mr B"	"Webber, P R"
"16:20:00"	"2009-05-21"	"Wetherby"	"Airedale Lad (IRE)"	"4.50"	"5.83"	"Handicap Hurdle"	"4"	"7"	"Andrews, Gina"	"Gordon, C"
"16:10:00"	"2009-05-20"	"Kelso"	"Miss Pross"	"3.50"	"5.06"	"Handicap Chase"	"3"	"7"	"Walford, Mr M"	"Walford, T D"
"17:50:00"	"2009-05-19"	"Punchestown"	"Salford City (IRE)"	"6.00"	"6.51"	"Chase"	"3"	"6"	"McGonagle, Mr S"	"Elliott, Gordon"
"14:30:00"	"2009-05-17"	"Market Rasen"	"Majorca"	"8.00"	"10"	"Handicap Hurdle"	"3"	"10"	"Andrews, Gina"	"Sly, Mrs P"
"20:00:00"	"2009-05-16"	"Uttoxeter"	"Yeoman Spirit (IRE)"	"5.00"	"7.63"	"Handicap Hurdle"	"5"	"12"	"Mania, Ryan"	"Mackie, J"
"16:10:00"	"2009-05-14"	"Perth"	"Solway Blue"	"11.00"	"14"	"Handicap Hurdle"	"PU"	"12"	"Whillans, Ewan"	"Harrison, Miss L"
"20:00:00"	"2009-05-13"	"Perth"	"Lily Tara"	"5.00"	"7"	"Handicap Hurdle"	"6"	"10"	"Murphy, Michael"	"Crow, A M"
"15:35:00"	"2009-05-09"	"Hexham"	"Tully Hill"	"28.00"	"35.79"	"Handicap Chase"	"3"	"16"	"Whillans, Ewan"	"Hunter, J K"
"15:35:00"	"2009-05-09"	"Hexham"	"Finbin (IRE)"	"4.50"	"6.2"	"Handicap Chase"	"UR"	"16"	"OConnell, Michael"	"Hogarth, H P"
"20:35:00"	"2009-05-08"	"Downpatrick"	"Schindlers Pearl (IRE)"	"2.25"	"3.58"	"NH Flat"	"1"	"12"	"OSullivan, Mr R"	"Cogan, Miss Tara Lee"
"18:35:00"	"2009-05-08"	"Downpatrick"	"Supply And Fix (IRE)"	"12.00"	"16"	"Handicap Hurdle"	"5"	"14"	"Kidd, Miss J A"	"Lambe, J J"
"19:20:00"	"2009-05-06"	"Cheltenham"	"Hambaphambili"	"2.50"	"4.24"	"Hunters Chase"	"5"	"7"	"Wall, Mr M"	"OBrien, Fergal"
"17:30:00"	"2009-05-03"	"Sligo"	"Max Speed (IRE)"	"7.00"	"9.8"	"Handicap Hurdle"	"8"	"16"	"Hession, Mr R"	"Madden, I"
"16:30:00"	"2009-05-03"	"Sligo"	"Tally Em Up (IRE)"	"0.73"	"1.73"	"Maiden Hurdle"	"3"	"12"	"Walsh, Mr B O"	"Rothwell, P J"
"15:30:00"	"2009-05-03"	"Sligo"	"Retrievethelegend (IRE)"	"4.00"	"6.19"	"Handicap Hurdle"	"BD"	"14"	"McNiff, L"	"Dreaper, J T R"
"16:30:00"	"2009-05-02"	"Uttoxeter"	"Mad Professor (IRE)"	"10.00"	"12.86"	"Handicap Chase"	"UR"	"7"	"Cornwall, Mr Joseph"	"Cornwall, J R"
"16:05:00"	"2009-05-02"	"Punchestown"	"Essex (IRE)"	"12.00"	"19.86"	"Handicap Hurdle"	"4"	"23"	"OFarrell, C"	"OBrien, M J P"
"19:25:00"	"2009-05-01"	"Bangor"	"Almaydan"	"16.00"	"24"	"Handicap Chase"	"5"	"10"	"Greenall, Mr O"	"Lee, R"
"16:10:00"	"2009-04-29"	"Southwell"	"Lilac"	"4.50"	"5.7"	"Handicap Seller Hurdle"	"4"	"15"	"Tudor, Mr J E"	"Williams, Evan"
"15:45:00"	"2009-04-29"	"Punchestown"	"Glenview Leader (IRE)"	"9.00"	"11.49"	"Handicap Hurdle"	"13"	"25"	"Kiely, R J"	"Queally, John"
"16:40:00"	"2009-04-27"	"Towcester"	"Crank Hill"	"2.75"	"3.83"	"Handicap Chase"	"1"	"8"	"Skelton, Harry"	"Buckler, R H"
"16:40:00"	"2009-04-27"	"Towcester"	"Green N Gold"	"3.50"	"4.8"	"Handicap Chase"	"2"	"8"	"Murphy, Michael"	"Leavy, B D"
"19:55:00"	"2009-04-24"	"Chepstow"	"Creagh Bay (IRE)"	"25.00"	"40.92"	"Maiden Hurdle"	"4"	"10"	"Huxley, Charlie"	"Williams, Evan"
"19:40:00"	"2009-04-24"	"Cork"	"Mrs Hardy (IRE)"	"20.00"	"34"	"Maiden Hurdle"	"8"	"21"	"Dunne, R T"	"Roper, W M"
"16:30:00"	"2009-04-24"	"Perth"	"Eight Fifty Six (IRE)"	"66.00"	"59.65"	"Handicap Chase"	"4"	"18"	"Merriam, Alex"	"King, N B"
"17:40:00"	"2009-04-22"	"Ballinrobe"	"Polly Massini (IRE)"	"8.00"	"13"	"Hurdle"	"3"	"12"	"Clarke, K H"	"Moran, Michael T"
"17:35:00"	"2009-04-22"	"Perth"	"Emotive"	"33.00"	"50"	"Handicap Hurdle"	"5"	"18"	"Millar, Mr D K"	"Murtagh, F P"
"17:35:00"	"2009-04-22"	"Perth"	"Kirkside Pleasure (IRE)"	"12.00"	"19.83"	"Handicap Hurdle"	"6"	"18"	"Crow, Mr G"	"Bradburne, Mrs S C"
"14:45:00"	"2009-04-22"	"Perth"	"Mr Woods"	"4.00"	"5.3"	"Handicap Novices Hurdle"	"1"	"13"	"Whillans, Garry"	"Graham, Harriet/Rutherford, Gary"
"17:50:00"	"2009-04-20"	"Tramore"	"Gleaming Light (IRE)"	"12.00"	"18.78"	"Handicap Hurdle"	"10"	"16"	"Heskin, A P"	"Hourigan, Michael"
"15:30:00"	"2009-04-20"	"Hexham"	"Stoneriggs Merc (IRE)"	"25.00"	"36.91"	"Handicap Chase"	"6"	"11"	"Haynes, Harry"	"Slack, Mrs E"
"14:30:00"	"2009-04-20"	"Hexham"	"Hollows Mist"	"33.00"	"44"	"Handicap Chase"	"UR"	"17"	"Halliday, James"	"Murtagh, F P"
"15:00:00"	"2009-04-15"	"Fairyhouse"	"Shesadoll (IRE)"	"25.00"	"34.12"	"Chase"	"5"	"9"	"Joyce, A B"	"Drumm, Mrs Laura"
"16:50:00"	"2009-04-13"	"Plumpton"	"Supa Tramp"	"6.50"	"9.09"	"Handicap Hurdle"	"5"	"12"	"Devereux, Donal"	"Bull, P A"
"15:55:00"	"2009-04-13"	"Fairyhouse"	"Church Island (IRE)"	"50.00"	"81.15"	"Handicap Chase"	"2"	"28"	"McNiff, L"	"Hourigan, Michael"
"15:55:00"	"2009-04-13"	"Fairyhouse"	"Oulart"	"50.00"	"85"	"Handicap Chase"	"6"	"28"	"McCarthy, I J"	"Hughes, D T"
"15:50:00"	"2009-04-13"	"Fakenham"	"Tampa Boy (IRE)"	"6.50"	"8.8"	"Handicap Hurdle"	"1"	"9"	"Greenall, Mr O"	"Harris, M F"
"15:30:00"	"2009-04-13"	"Cork"	"Garranagree (IRE)"	"25.00"	"39.55"	"Handicap Chase"	"4"	"20"	"Ryan, Mr J A"	"OConnor, P C"
"15:30:00"	"2009-04-13"	"Cork"	"Glenfolan (IRE)"	"14.00"	"20.29"	"Handicap Chase"	"10"	"20"	"Craig, Mr S J"	"Martin, A J"
"15:30:00"	"2009-04-13"	"Cork"	"Cratloe Castle (IRE)"	"25.00"	"34"	"Handicap Chase"	"PU"	"20"	"ODoherty, Mr M B"	"Quinn, Joseph"
"15:10:00"	"2009-04-13"	"Fairyhouse"	"Coolcashin (IRE)"	"25.00"	"40"	"Hurdle"	"1"	"10"	"Clarke, K H"	"Bowe, Michael J"
"16:40:00"	"2009-04-11"	"Cork"	"Tiamo"	"20.00"	"45.79"	"Handicap Hurdle"	"3"	"22"	"Holly, J P"	"McNamara, E"
"16:05:00"	"2009-04-11"	"Haydock"	"Coach Lane"	"4.00"	"5"	"Handicap Chase"	"4"	"5"	"Biddick, Mr W"	"Williams, Miss Venetia"
"14:50:00"	"2009-04-11"	"Carlisle"	"Shulmin"	"18.00"	"28.43"	"Handicap Chase"	"10"	"12"	"Haynes, Harry"	"Ferguson, Mrs C"
"15:30:00"	"2009-04-09"	"Ludlow"	"Shenanigan"	"3.50"	"5.1"	"Novices Hurdle"	"1"	"6"	"Flint, R P"	"Goldsworthy, W K"
"14:50:00"	"2009-04-09"	"Wincanton"	"Major Malarkey (IRE)"	"9.00"	"12.87"	"Handicap Hurdle"	"10"	"12"	"Molloy, T"	"Twiston-Davies, N A"
"16:20:00"	"2009-04-07"	"Sedgefield"	"Scotts Mill"	"4.50"	"5.84"	"Handicap Chase"	"7"	"14"	"Byrne, S W"	"Smith, Mrs S J"
"15:00:00"	"2009-04-07"	"Fontwell"	"Ballyman (IRE)"	"2.25"	"3.55"	"Handicap Chase"	"4"	"6"	"Elliott, Simon"	"Geake, J A"
"14:30:00"	"2009-04-07"	"Fontwell"	"Mini Saddler (IRE)"	"10.00"	"20"	"Novices Hurdle"	"8"	"8"	"Wallis, C"	"Moore, Gary and Josh"
"16:50:00"	"2009-04-04"	"Chepstow"	"Tarsus"	"4.00"	"5.69"	"Handicap Chase"	"1"	"17"	"Devereux, Donal"	"Curtis, Miss Rebecca"
"16:50:00"	"2009-04-04"	"Chepstow"	"Merry Storm (IRE)"	"4.00"	"5.2"	"Handicap Chase"	"6"	"17"	"Murphy, Michael"	"Evans, P D"
"14:25:00"	"2009-04-04"	"Chepstow"	"Bundle Up"	"7.00"	"9.2"	"Handicap Seller Hurdle"	"8"	"18"	"Murphy, Michael"	"Evans, P D"
"15:15:00"	"2009-03-29"	"Downpatrick"	"Askwith (IRE)"	"5.00"	"8.6"	"Handicap Hurdle"	"5"	"12"	"Thornton, A P"	"Keane, Gerard"
"14:45:00"	"2009-03-29"	"Downpatrick"	"The Hedge (IRE)"	"10.00"	"18.5"	"Handicap Novices Hurdle"	"7"	"15"	"Kidd, Miss J A"	"Kidd, Mayne"
"17:20:00"	"2009-03-28"	"Navan"	"Spare Change (IRE)"	"9.00"	"14"	"Handicap Chase"	"10"	"14"	"MacAuley, D"	"Rothwell, P J"
"16:20:00"	"2009-03-28"	"Uttoxeter"	"Tisfreetdream (IRE)"	"8.00"	"9.4"	"Handicap Hurdle"	"1"	"11"	"Skelton, Harry"	"Pritchard, P A"
"15:05:00"	"2009-03-28"	"Navan"	"All Diamonds (IRE)"	"7.00"	"10"	"Maiden Hurdle"	"3"	"30"	"Dunne, R T"	"Cunningham, Michael"
"17:30:00"	"2009-03-26"	"Thurles"	"The Penitent Man (IRE)"	"10.00"	"13.37"	"Handicap Chase"	"UR"	"14"	"McCarthy, E C"	"Flood, Francis J"
"17:20:00"	"2009-03-26"	"Carlisle"	"Oso Magic"	"5.00"	"7.81"	"Handicap Chase"	"1"	"11"	"Gagan, Steven"	"Smith, Mrs S J"
"17:00:00"	"2009-03-26"	"Thurles"	"Got The Urge (IRE)"	"14.00"	"24"	"Beginners Chase"	"2"	"14"	"McCarthy, E C"	"Rothwell, P J"
"14:45:00"	"2009-03-26"	"Towcester"	"Tooka"	"33.00"	"59.58"	"Seller Hurdle"	"1"	"13"	"Hughes, Miss Jodie"	"Middleton, A"
"15:10:00"	"2009-03-25"	"Towcester"	"Faversham"	"4.50"	"5.83"	"Handicap Hurdle"	"4"	"9"	"Freeman, A"	"Mackie, J"
"16:30:00"	"2009-03-24"	"Sedgefield"	"Ajay (IRE)"	"14.00"	"19.5"	"Handicap Hurdle"	"PU"	"9"	"Moscrop, Nathan"	"Murphy, Ferdy"
"17:20:00"	"2009-03-23"	"Plumpton"	"Ibberton"	"4.50"	"5.9"	"Handicap Chase"	"4"	"8"	"Allwood, Mr S"	"Alner, R H & Mrs S"
"15:00:00"	"2009-03-21"	"Gowran Park"	"View Mount Prince (IRE)"	"12.00"	"16.02"	"Handicap Hurdle"	"3"	"11"	"Mullins, E"	"Mullins, Ms Margaret"
"16:35:00"	"2009-03-20"	"Kelso"	"Has Scored (IRE)"	"66.00"	"120"	"Handicap Chase"	"5"	"7"	"OConnell, Michael"	"Murphy, Paul"
"14:20:00"	"2009-03-19"	"Ayr"	"Whispering Moor"	"22.00"	"29.14"	"Handicap Chase"	"PU"	"6"	"Halliday, James"	"Alexander, N W"
"15:15:00"	"2009-03-18"	"Chepstow"	"Laudamus"	"16.00"	"23.62"	"Handicap Chase"	"3"	"17"	"Allwood, Mr S"	"Alner, R H & Mrs S"
"15:40:00"	"2009-03-17"	"Kempton"	"Mendo"	"6.50"	"8.41"	"Handicap Hurdle"	"2"	"12"	"Flint, R P"	"Chance, Noel T"
"16:50:00"	"2009-03-16"	"Taunton"	"I Hear Thunder (IRE)"	"7.00"	"9"	"Handicap Chase"	"2"	"9"	"Skelton, Harry"	"Buckler, R H"
"14:30:00"	"2009-03-15"	"Carlisle"	"Bullies Acre (IRE)"	"10.00"	"11"	"Handicap Novices Chase"	"8"	"8"	"Gillies, C I"	"Murtagh, F P"
"17:30:00"	"2009-03-14"	"Newcastle"	"Pay On (IRE)"	"5.50"	"7"	"Handicap Novices Hurdle"	"3"	"16"	"Whillans, Ewan"	"Whillans, A C"
"15:45:00"	"2009-03-14"	"Naas"	"Vic Venturi (IRE)"	"8.00"	"16.5"	"Handicap Chase"	"5"	"13"	"McCarthy, I J"	"Hughes, D T"
"14:45:00"	"2009-03-14"	"Newcastle"	"Rare Coincidence"	"25.00"	"34"	"Handicap Hurdle"	"4"	"18"	"Haynes, Harry"	"Fisher, R F"
"13:40:00"	"2009-03-14"	"Naas"	"Halfback (IRE)"	"4.50"	"6"	"Handicap Hurdle"	"2"	"18"	"Thornton, A P"	"Hand, F G"
"14:05:00"	"2009-03-13"	"Cheltenham"	"Stradbrook (IRE)"	"66.00"	"103.04"	"Handicap Hurdle"	"2"	"27"	"McLernon, R P"	"ONeill, Jonjo and AJ"
"14:05:00"	"2009-03-13"	"Cheltenham"	"Gloucester"	"80.00"	"225.39"	"Handicap Hurdle"	"10"	"27"	"Kington, John"	"Scudamore, M J"
"14:05:00"	"2009-03-12"	"Cheltenham"	"Ballydub (IRE)"	"7.00"	"8.2"	"Handicap Hurdle"	"12"	"22"	"Flint, R P"	"Hobbs, P J / White, J"
"16:55:00"	"2009-03-11"	"Huntingdon"	"Gleann An Sagart"	"3.00"	"4.26"	"Novices Chase"	"5"	"5"	"Kington, John"	"Scudamore, M J"
"13:45:00"	"2009-03-11"	"Huntingdon"	"Petrovka (IRE)"	"14.00"	"17.62"	"Handicap Hurdle"	"5"	"16"	"King, Miss Rachel"	"Gollings, S"
"13:45:00"	"2009-03-10"	"Sedgefield"	"Elzahann (IRE)"	"2.00"	"3.28"	"Novices Hurdle"	"2"	"12"	"OConnell, Michael"	"Murphy, Ferdy"
"17:20:00"	"2009-03-09"	"Taunton"	"Bazart"	"1.88"	"2.98"	"Handicap Hurdle"	"3"	"8"	"Wharfe, Bernie"	"Llewellyn, B J"
"16:30:00"	"2009-03-09"	"Plumpton"	"Victree (IRE)"	"14.00"	"17.19"	"Handicap Chase"	"2"	"14"	"Goldstein, Marc"	"Wells, L"
"15:10:00"	"2009-03-09"	"Stratford"	"Celticello (IRE)"	"4.50"	"6.3"	"Seller Hurdle"	"2"	"9"	"Murphy, Michael"	"Evans, P D"
"14:15:00"	"2009-03-08"	"Market Rasen"	"Springvic (IRE)"	"11.00"	"15.89"	"Handicap Hurdle"	"7"	"10"	"Dayman, O"	"Moore, G M"
"15:20:00"	"2009-03-06"	"Sandown"	"Mr Big (IRE)"	"5.50"	"7.17"	"Chase"	"2"	"8"	"Wallace, Capt H A R"	"Mann, C J"
"14:45:00"	"2009-03-06"	"Sandown"	"Keepthedreamalive"	"4.50"	"6.25"	"Handicap Chase"	"4"	"7"	"Skelton, Harry"	"Buckler, R H"
"16:00:00"	"2009-03-03"	"Exeter"	"Dream Falcon"	"8.00"	"10.5"	"Novices Chase"	"3"	"8"	"Wallis, C"	"Hodges, R J"
"15:50:00"	"2009-03-03"	"Newcastle"	"Viscount Rossini"	"6.00"	"7.6"	"Handicap Hurdle"	"1"	"17"	"Flint, R P"	"Gollings, S"
"15:30:00"	"2009-03-03"	"Exeter"	"Crank Hill"	"8.00"	"10"	"Handicap Chase"	"PU"	"14"	"Skelton, Harry"	"Buckler, R H"
"17:00:00"	"2009-03-02"	"Stratford"	"Craven (IRE)"	"20.00"	"29"	"Handicap Chase"	"9"	"12"	"Greenall, Mr O"	"Harris, M F"
"16:30:00"	"2009-03-01"	"Musselburgh"	"Stravaigin"	"5.00"	"6.8"	"Handicap Chase"	"2"	"13"	"Gillies, C I"	"Goldie, J S"
"15:40:00"	"2009-03-01"	"Huntingdon"	"Coconut Beach"	"33.00"	"50.66"	"Handicap Hurdle"	"7"	"10"	"Benson, P J"	"Clark, S B"
"14:35:00"	"2009-03-01"	"Clonmel"	"Pay The Ferryman (IRE)"	"8.00"	"12"	"Maiden Hurdle"	"3"	"18"	"Mullins, E"	"Mullins, Thomas"
"14:15:00"	"2009-02-25"	"Downpatrick"	"Fairwood Bob (IRE)"	"4.00"	"6.2"	"Maiden Hurdle"	"1"	"14"	"MacAuley, D"	"Rothwell, P J"
"15:10:00"	"2009-02-24"	"Catterick"	"Miss Pross"	"8.00"	"10"	"Handicap Chase"	"5"	"12"	"Walford, Mr M"	"Walford, T D"
"16:20:00"	"2009-02-23"	"Plumpton"	"Teamgeist (IRE)"	"3.50"	"5"	"Handicap Chase"	"2"	"6"	"Toole, Peter"	"Mann, C J"
"14:20:00"	"2009-02-23"	"Plumpton"	"Space Cowboy (IRE) (OLD)"	"9.00"	"12.23"	"Handicap Chase"	"4"	"8"	"Dehdashti, Eamon"	"Moore, Gary and Josh"
"16:50:00"	"2009-02-22"	"Naas"	"Thats Moyne (IRE)"	"20.00"	"31.07"	"Handicap Hurdle"	"6"	"17"	"Bolger, M J"	"Doyle, Timothy"
"16:05:00"	"2009-02-22"	"Towcester"	"Ramvaswani (IRE)"	"25.00"	"27.89"	"Handicap Hurdle"	"4"	"17"	"Jewell, Miss Karen"	"King, N B"
"15:50:00"	"2009-02-21"	"Chepstow"	"Flow Gently Along (IRE)"	"6.00"	"7.6"	"Handicap Novices Hurdle"	"F"	"10"	"Kington, John"	"Scudamore, M J"
"16:05:00"	"2009-02-20"	"Warwick"	"Keenans Future (IRE)"	"4.50"	"6.69"	"Handicap Chase"	"2"	"8"	"Murphy, Michael"	"Williams, Ian"
"15:15:00"	"2009-02-15"	"Leopardstown"	"Splurge (IRE)"	"7.00"	"10.29"	"Handicap Hurdle"	"3"	"16"	"Mullins, E"	"Nash, J A"
"15:10:00"	"2009-02-14"	"Wincanton"	"Snake Charmer (OLD)"	"5.50"	"7.4"	"Handicap Hurdle"	"3"	"8"	"Merriam, Alex"	"Harris, M F"
"14:40:00"	"2009-02-13"	"Fairyhouse"	"Hollow Ranger (IRE)"	"12.00"	"18.99"	"Handicap Hurdle"	"UR"	"11"	"Sabol, I"	"Rothwell, P J"
"15:10:00"	"2009-02-07"	"Ayr"	"Flying Doctor"	"50.00"	"70"	"Handicap Hurdle"	"10"	"14"	"Haynes, Harry"	"Richards, N G"
"15:10:00"	"2009-02-07"	"Ayr"	"Twelve Paces"	"20.00"	"28"	"Handicap Hurdle"	"13"	"14"	"Greenall, Mr O"	"Monteith, P"
"16:15:00"	"2009-02-01"	"Limerick"	"Sigma Digital"	"20.00"	"51.37"	"Beginners Chase"	"4"	"15"	"McNiff, L"	"Meade, Noel"
"16:10:00"	"2009-02-01"	"Fontwell"	"Kilmeena Magic"	"20.00"	"27.84"	"Handicap Hurdle"	"4"	"14"	"Freeman, A"	"Fox, J C"
"15:10:00"	"2009-02-01"	"Fontwell"	"Wildbach (IRE)"	"10.00"	"12.5"	"Seller Hurdle"	"9"	"14"	"Goldstein, Marc"	"West, Miss Sheena"
"14:10:00"	"2009-02-01"	"Fontwell"	"Tullamore Dew (IRE)"	"4.50"	"6.2"	"Novices Hurdle"	"1"	"10"	"Pemberton, Jay"	"Gifford, N J"
"15:10:00"	"2009-01-31"	"Sandown"	"Hills Of Aran"	"40.00"	"93.07"	"Handicap Hurdle"	"6"	"14"	"Wharfe, Bernie"	"Goldsworthy, W K"
"16:20:00"	"2009-01-27"	"Folkestone"	"Rosoff (IRE)"	"6.00"	"7.8"	"Handicap Hurdle"	"3"	"11"	"Flint, R P"	"Mongan, Mrs L J"
"15:45:00"	"2009-01-23"	"Fairyhouse"	"Rock House (IRE) (OLD)"	"20.00"	"38.75"	"Handicap Chase"	"UR"	"15"	"McNiff, L"	"Meade, Noel"
"15:45:00"	"2009-01-17"	"Wincanton"	"Double Dizzy"	"6.00"	"7.8"	"Handicap Chase"	"1"	"9"	"Skelton, Harry"	"Buckler, R H"
"14:40:00"	"2009-01-17"	"Wincanton"	"Massini Sunset (IRE)"	"11.00"	"19.2"	"Handicap Chase"	"PU"	"10"	"Merriam, Alex"	"Mitchell, N R"
"13:05:00"	"2009-01-17"	"Ascot"	"Group Captain"	"9.00"	"14.4"	"Handicap Hurdle"	"2"	"18"	"Killoran, R J"	"Collingridge, H J"
"14:10:00"	"2009-01-16"	"Catterick"	"Top Cloud (IRE)"	"12.00"	"15.08"	"Handicap Chase"	"5"	"11"	"Horner, Miss L"	"Grant, C"
"15:15:00"	"2009-01-13"	"Thurles"	"Charming Hills (IRE)"	"8.00"	"9.95"	"Handicap Hurdle"	"1"	"18"	"Gray, S J"	"OShea, J F"
"13:10:00"	"2009-01-13"	"Thurles"	"Carrigeen King (IRE)"	"25.00"	"37.58"	"Chase"	"2"	"5"	"Lalor, Miss E A"	"Lalor, R H"
"14:55:00"	"2009-01-12"	"Punchestown"	"Mullica Lad (IRE)"	"14.00"	"19.06"	"Handicap Chase"	"7"	"11"	"Bolger, M J"	"Leigh, D M"
"14:55:00"	"2009-01-11"	"Leopardstown"	"A New Story (IRE)"	"20.00"	"100.15"	"Handicap Hurdle"	"4"	"25"	"Heskin, A P"	"Hourigan, Michael"
"14:20:00"	"2009-01-11"	"Leopardstown"	"Superior Ben (IRE)"	"50.00"	"70"	"Handicap Hurdle"	"26"	"29"	"McCarthy, I J"	"Hughes, D T"
"14:35:00"	"2009-01-03"	"Cork"	"Darbys Turn (IRE)"	"33.00"	"130"	"Maiden Hurdle"	"1"	"24"	"Mullins, E"	"Bromhead, Henry De"
"15:30:00"	"2009-01-01"	"Exeter"	"Low Delta (IRE)"	"7.00"	"9.8"	"Handicap Novices Hurdle"	"2"	"9"	"Scholfield, Nick"	"Haynes, A B"
"14:50:00"	"2009-01-01"	"Fakenham"	"Laconicos (IRE)"	"12.00"	"19.09"	"Handicap Chase"	"3"	"7"	"Merriam, Alex"	"Stone, W B"
"14:10:00"	"2009-01-01"	"Cheltenham"	"Hold Em (IRE)"	"4.50"	"5.64"	"Handicap Chase"	"3"	"14"	"Flint, R P"	"Goldsworthy, W K"
"14:10:00"	"2009-01-01"	"Cheltenham"	"The Hairy Lemon"	"25.00"	"38.69"	"Handicap Chase"	"10"	"14"	"Huxley, Charlie"	"King, A"
"12:35:00"	"2009-01-01"	"Fakenham"	"Storm Haven"	"12.00"	"16"	"Handicap Seller Hurdle"	"1"	"7"	"Crawley, Matt"	"Wadham, Mrs L"
"13:40:00"	"2008-12-30"	"Taunton"	"Miss Midnight"	"16.00"	"24.83"	"Handicap Novices Chase"	"5"	"12"	"Wharfe, Bernie"	"Hodges, R J"
"14:20:00"	"2008-12-29"	"Musselburgh"	"Castletown Boy (IRE)"	"11.00"	"12.43"	"Handicap Hurdle"	"8"	"9"	"Flint, R P"	"Charlton, G A"
"12:55:00"	"2008-12-29"	"Leopardstown"	"The Spoonplayer (IRE)"	"10.00"	"12.5"	"Hurdle"	"5"	"7"	"OConnor, M M"	"Bromhead, Henry De"
"13:10:00"	"2008-12-28"	"Limerick"	"Janeylad (IRE)"	"12.00"	"14.89"	"Maiden Hurdle"	"6"	"17"	"McMahon, Mr W W"	"McMahon, W G"
"15:30:00"	"2008-12-26"	"Market Rasen"	"Sea Venture (IRE) (OLD)"	"4.50"	"7.03"	"Handicap Hurdle"	"4"	"11"	"Flint, R P"	"Thornton, C W"
"15:20:00"	"2008-12-26"	"Limerick"	"Scavenger"	"12.00"	"21.37"	"Beginners Chase"	"5"	"16"	"Walsh, S P"	"Morris, M F"
"15:20:00"	"2008-12-26"	"Wetherby"	"Robbie Dye"	"33.00"	"38"	"Handicap Novices Hurdle"	"PU"	"14"	"Whillans, Callum"	"Whillans, D W"
"15:00:00"	"2008-12-26"	"Market Rasen"	"Hearty Dove"	"2.50"	"4.1"	"Handicap Novices Hurdle"	"4"	"12"	"Flint, R P"	"Price, A E"
"14:50:00"	"2008-12-26"	"Wetherby"	"Julius Caesar"	"8.00"	"12.9"	"Handicap Chase"	"4"	"9"	"Moscrop, Nathan"	"Murphy, Ferdy"
"14:30:00"	"2008-12-26"	"Towcester"	"The Langer (IRE)"	"16.00"	"25.23"	"Chase"	"4"	"9"	"Wall, Mr M"	"Lewis, S T"
"14:00:00"	"2008-12-26"	"Huntingdon"	"Carthys Cross (IRE)"	"14.00"	"24.62"	"Novices Chase"	"7"	"10"	"Dailly, Mr C"	"George, T R"
"13:55:00"	"2008-12-26"	"Market Rasen"	"Sycho Fred (IRE)"	"7.50"	"11.13"	"Handicap Novices Chase"	"1"	"11"	"Gillies, C I"	"Sowersby, M E"
"13:55:00"	"2008-12-26"	"Towcester"	"Major Miller"	"7.00"	"10.59"	"Handicap Novices Hurdle"	"2"	"15"	"Killoran, R J"	"Henderson, N J"
"13:25:00"	"2008-12-26"	"Huntingdon"	"Domenico (IRE)"	"14.00"	"23.72"	"Handicap Hurdle"	"13"	"18"	"Pemberton, Jay"	"Jenkins, J R"
"12:50:00"	"2008-12-26"	"Huntingdon"	"Lescers Lad"	"22.00"	"45.06"	"Handicap Chase"	"7"	"16"	"Merriam, Alex"	"Woodrow, Mrs A M"
"12:25:00"	"2008-12-26"	"Towcester"	"Woodview (IRE) (OLD)"	"7.00"	"11.47"	"Handicap Chase"	"8"	"13"	"Wharfe, Bernie"	"Ford, R"
"15:30:00"	"2008-12-21"	"Carlisle"	"Norminster"	"2.50"	"3.92"	"Handicap Chase"	"1"	"10"	"Mania, Ryan"	"Nixon, R"
"14:55:00"	"2008-12-20"	"Newcastle"	"Tartan Snow"	"4.00"	"4.66"	"Handicap Hurdle"	"F"	"11"	"Gillies, C I"	"Coltherd, W S"
"14:45:00"	"2008-12-20"	"Ascot"	"Group Captain"	"25.00"	"32"	"Handicap Hurdle"	"5"	"21"	"Killoran, R J"	"Collingridge, H J"
"13:55:00"	"2008-12-15"	"Ayr"	"August Rose (IRE)"	"50.00"	"60"	"Novices Hurdle"	"6"	"8"	"Gillies, C I"	"Russell, Miss Lucinda V"
"12:25:00"	"2008-12-14"	"Musselburgh"	"Divex (IRE)"	"1.38"	"2.5"	"Handicap Chase"	"1"	"9"	"Magee, Mr S F"	"Hammond, Micky"
"12:25:00"	"2008-12-14"	"Musselburgh"	"Yankee Holiday (IRE)"	"12.00"	"9.95"	"Handicap Chase"	"4"	"9"	"Crow, Mr G"	"Bradburne, Mrs S C"
"14:25:00"	"2008-12-13"	"Fairyhouse"	"An Peinteir (IRE)"	"14.00"	"34.35"	"Beginners Chase"	"1"	"17"	"OConnor, M M"	"Lambert, Miss A M"
"15:20:00"	"2008-12-11"	"Taunton"	"EdeIff"	"33.00"	"46"	"Handicap Chase"	"6"	"11"	"Cook, Mr D"	"Turner, W G M"
"12:50:00"	"2008-12-11"	"Taunton"	"Rojabaa"	"100.00"	"260"	"Seller Hurdle"	"10"	"13"	"Dehdashti, Eamon"	"Turner, W G M"
"14:45:00"	"2008-12-07"	"Clonmel"	"Lissbonney Project (IRE)"	"16.00"	"30"	"Handicap Chase"	"11"	"14"	"Kiely, R J"	"Fenton, Philip"
"14:20:00"	"2008-12-04"	"Wincanton"	"Young Tot (IRE)"	"16.00"	"24.07"	"Handicap Hurdle"	"10"	"13"	"Skelton, Harry"	"Gray, C J"
"13:15:00"	"2008-12-03"	"Catterick"	"Polar Gale (IRE)"	"7.00"	"9.18"	"Handicap Chase"	"8"	"10"	"Dawson, Mr John"	"Wade, J"
"14:30:00"	"2008-12-01"	"Folkestone"	"Migigi"	"20.00"	"42"	"Handicap Hurdle"	"3"	"8"	"Goldstein, Marc"	"Roberts, M J"
"15:10:00"	"2008-11-30"	"Fairyhouse"	"Killeaney (IRE)"	"25.00"	"86.94"	"Handicap Hurdle"	"8"	"17"	"McCarthy, I J"	"Carr, John G"
"14:20:00"	"2008-11-30"	"Leicester"	"Potts Of Magic"	"5.50"	"7.4"	"Handicap Chase"	"2"	"9"	"Greenall, Mr O"	"Lee, R"
"13:00:00"	"2008-11-29"	"Newbury"	"Double Intruder (IRE)"	"14.00"	"17.01"	"Handicap Novices Chase"	"6"	"11"	"Guerriero, Mr Joshua"	"Dartnall, V R A"
"15:15:00"	"2008-11-28"	"Newbury"	"Beauchamp Prince (IRE)"	"8.00"	"9.96"	"Handicap Chase"	"4"	"10"	"Coleman, Dean"	"Scudamore, M J"
"13:00:00"	"2008-11-27"	"Thurles"	"Sabina Park (IRE)"	"10.00"	"12.16"	"Hurdle"	"2"	"11"	"Mullins, E"	"Love, Mrs D A"
"13:50:00"	"2008-11-26"	"Wetherby"	"Cantgeton (IRE)"	"8.00"	"9.6"	"Handicap Chase"	"5"	"8"	"Mania, Ryan"	"Monteith, P"
"15:35:00"	"2008-11-21"	"Kelso"	"Political Paddy"	"1.75"	"3.04"	"Handicap Hurdle"	"1"	"9"	"Mania, Ryan"	"Nixon, R"
"15:40:00"	"2008-11-20"	"Market Rasen"	"Upright Ima"	"12.00"	"17.5"	"Handicap Hurdle"	"1"	"11"	"Andrews, Gina"	"Sly, Mrs P"
"12:50:00"	"2008-11-20"	"Hereford"	"Jimmy Bedney (IRE)"	"25.00"	"40"	"Handicap Novices Chase"	"4"	"13"	"Evans, Lee"	"Griffiths, S G"
"15:10:00"	"2008-11-16"	"Fontwell"	"Amazing Valour (IRE)"	"25.00"	"30.86"	"Handicap Chase"	"9"	"16"	"Wharfe, Bernie"	"Bowen, Peter / Michael"
"15:10:00"	"2008-11-16"	"Fontwell"	"Kiltimoney (IRE)"	"50.00"	"60"	"Handicap Chase"	"PU"	"16"	"Huxley, Charlie"	"Mitchell, N R"
"14:55:00"	"2008-11-16"	"Cheltenham"	"Vale Of Avocia (IRE)"	"20.00"	"40"	"Handicap Hurdle"	"7"	"19"	"Cawley, A P"	"Codd, W F"
"12:45:00"	"2008-11-16"	"Cork"	"Darbys Turn (IRE)"	"20.00"	"42.51"	"Maiden Hurdle"	"3"	"16"	"Mullins, E"	"Bromhead, Henry De"
"15:10:00"	"2008-11-15"	"Cheltenham"	"Powerstation (IRE)"	"11.00"	"12.27"	"Handicap Hurdle"	"2"	"15"	"Scholfield, Nick"	"OConnell, Eamon"
"13:50:00"	"2008-11-15"	"Punchestown"	"Narrackses (IRE)"	"66.00"	"1000"	"Novices Chase"	"8"	"8"	"Bowes, M W"	"Brady, Patrick O"
"13:35:00"	"2008-11-15"	"Uttoxeter"	"Chunky Lad"	"8.50"	"11.74"	"Seller Hurdle"	"1"	"8"	"OConnor, T"	"Turner, W G M"
"13:05:00"	"2008-11-15"	"Uttoxeter"	"Mistanoora"	"8.00"	"10.5"	"Beginners Chase"	"5"	"9"	"Molloy, T"	"Twiston-Davies, N A"
"13:15:00"	"2008-11-14"	"Cheltenham"	"Borora"	"25.00"	"49.71"	"Handicap Chase"	"5"	"17"	"Greenall, Mr O"	"Lee, R"
"13:55:00"	"2008-11-13"	"Clonmel"	"The Bay Lad (IRE)"	"8.00"	"11"	"Handicap Hurdle"	"3"	"8"	"McCarthy, I J"	"Fahey, P G"
"15:45:00"	"2008-11-09"	"Limerick"	"Ri Na Noileain (IRE)"	"16.00"	"40.34"	"Beginners Chase"	"8"	"15"	"Jenkins, Mr J A"	"Hurley, Raymond"
"14:45:00"	"2008-11-09"	"Limerick"	"Keel Castle Maine (IRE)"	"7.00"	"8.47"	"Maiden Hurdle"	"4"	"14"	"Enright, P T"	"Hayes, Patrick Joseph"
"12:00:00"	"2008-11-08"	"Kelso"	"Political Paddy"	"4.50"	"5.5"	"Novices Hurdle"	"4"	"11"	"Mania, Ryan"	"Nixon, R"
"14:50:00"	"2008-11-07"	"Hexham"	"Cottam Grange"	"12.00"	"18.2"	"Handicap Hurdle"	"6"	"14"	"Greenall, Mr O"	"Easterby, M W"
"15:45:00"	"2008-11-06"	"Thurles"	"Carpenter Jack (IRE)"	"8.00"	"12.19"	"Handicap Chase"	"F"	"9"	"Thornton, A P"	"Walsh, John J"
"16:15:00"	"2008-11-02"	"Carlisle"	"Shulmin"	"7.50"	"9.05"	"Handicap Chase"	"3"	"7"	"Mania, Ryan"	"Ferguson, Mrs C"
"16:15:00"	"2008-10-26"	"Towcester"	"Weet Yer Tern (IRE)"	"33.00"	"56.32"	"Handicap Hurdle"	"13"	"18"	"Brisbourne, Mr Ben"	"Brisbourne, W M"
"16:20:00"	"2008-10-25"	"Naas"	"Yarra Maguire (IRE)"	"33.00"	"40.7"	"Handicap Hurdle"	"13"	"17"	"McNiff, L"	"Meade, Noel"
"14:10:00"	"2008-10-23"	"Carlisle"	"Royal Glen (IRE)"	"5.00"	"6.81"	"Handicap Chase"	"2"	"10"	"Gillies, C I"	"Coltherd, W S"
"16:45:00"	"2008-10-11"	"Fairyhouse"	"Shiloh (IRE)"	"8.00"	"13.97"	"Handicap Chase"	"6"	"12"	"Townend, P"	"Meade, Noel"
"16:00:00"	"2008-10-10"	"Kilbeggan"	"Janeylad (IRE)"	"6.00"	"7.6"	"Maiden Hurdle"	"2"	"16"	"McMahon, Mr W W"	"McMahon, W G"
"15:05:00"	"2008-10-09"	"Southwell"	"Boysterous (IRE)"	"7.00"	"9.12"	"Handicap Seller Hurdle"	"4"	"15"	"Challoner, Mr Harry"	"Ford, R"
"15:00:00"	"2008-09-30"	"Sedgefield"	"Perly Spencer (IRE)"	"3.33"	"4.22"	"Handicap Novices Hurdle"	"5"	"12"	"Dickinson, Mathew"	"Moore, G M"
"17:05:00"	"2008-09-28"	"Clonmel"	"Mac Robin (IRE)"	"14.00"	"15.5"	"Handicap Chase"	"1"	"16"	"Gray, S J"	"Keane, Gerard"
"14:40:00"	"2008-09-25"	"Fontwell"	"Nods Star"	"4.50"	"6.6"	"Handicap Seller Hurdle"	"5"	"14"	"Goldstein, Marc"	"Best, Jim"
"16:55:00"	"2008-09-24"	"Downpatrick"	"Tully Cross (IRE)"	"8.00"	"10.94"	"Handicap Chase"	"2"	"15"	"OConnell, Mr E J"	"Lambe, J J"
"15:35:00"	"2008-09-24"	"Perth"	"Summer Soul (IRE)"	"7.00"	"7.61"	"Claimer Hurdle"	"3"	"8"	"Gillies, C I"	"Russell, Miss Lucinda V"
"17:35:00"	"2008-09-22"	"Ballinrobe"	"The Boxer Coffey"	"10.00"	"16.64"	"Maiden Hurdle"	"10"	"15"	"Townend, P"	"Mullins, W P"
"17:05:00"	"2008-09-22"	"Ballinrobe"	"King Ali (IRE)"	"8.00"	"12.31"	"Beginners Chase"	"2"	"15"	"Cawley, A P"	"Kelly, Patrick G"
"15:30:00"	"2008-09-21"	"Plumpton"	"Postmaster"	"7.50"	"9.4"	"Handicap Hurdle"	"3"	"10"	"Fahy, D P"	"Williams, Evan"
"16:05:00"	"2008-09-20"	"Listowel"	"Fantastic Star"	"8.00"	"11.72"	"Handicap Hurdle"	"11"	"18"	"McCarthy, E C"	"Hourigan, Michael P"
"16:10:00"	"2008-09-19"	"Listowel"	"Frontier Lady (IRE)"	"10.00"	"15"	"Handicap Chase"	"8"	"11"	"OConnor, M M"	"Murphy, C A"
"17:30:00"	"2008-09-12"	"Tramore"	"Conker Nails (IRE)"	"9.00"	"12.63"	"Handicap Hurdle"	"4"	"15"	"OConnor, M M"	"Codd, W F"
"16:00:00"	"2008-08-31"	"Newton Abbot"	"Beauchamp Prince (IRE)"	"14.00"	"16"	"Handicap Chase"	"1"	"11"	"Kington, John"	"Scudamore, M J"
"19:30:00"	"2008-08-30"	"Market Rasen"	"Fuel Cell (IRE)"	"5.50"	"8"	"Handicap Hurdle"	"6"	"10"	"Gillies, C I"	"McInnes, I W"
"19:15:00"	"2008-08-28"	"Bellewstown"	"Dulgodti Bob (IRE)"	"20.00"	"53.35"	"Handicap Hurdle"	"6"	"13"	"Townend, P"	"Carr, John G"
"15:40:00"	"2008-08-25"	"Downpatrick"	"Naujella Girl (IRE)"	"8.00"	"12"	"Handicap Hurdle"	"9"	"15"	"McParlan, Mr N"	"Cosgrave, J G"
"16:45:00"	"2008-08-24"	"Ballinrobe"	"Max Time"	"10.00"	"27.76"	"Handicap Hurdle"	"8"	"11"	"Thornton, A P"	"Madden, I"
"16:00:00"	"2008-08-23"	"Cartmel"	"Im Your Man"	"2.75"	"4.1"	"Handicap Novices Chase"	"3"	"8"	"Gillies, C I"	"Slack, Mrs E"
"19:45:00"	"2008-08-22"	"Kilbeggan"	"Sharp Risk"	"1.75"	"5"	"Handicap Hurdle"	"5"	"13"	"Ryder, S E"	"Flannery, M"
"18:10:00"	"2008-08-20"	"Newton Abbot"	"Ruling Reef"	"4.00"	"6.2"	"Handicap Hurdle"	"4"	"6"	"Lilly, Miss Zoe"	"Bosley, M R"
"19:20:00"	"2008-08-15"	"Tramore"	"House Hunter (IRE)"	"14.00"	"26.21"	"Handicap Chase"	"F"	"16"	"Power, E F"	"Young, L"
"14:15:00"	"2008-08-11"	"Southwell"	"Tipp Top (IRE)"	"14.00"	"17"	"Handicap Chase"	"10"	"16"	"Cullinane, David"	"Guest, R C"
"20:45:00"	"2008-08-06"	"Sligo"	"Chaussettes (IRE)"	"3.33"	"4.43"	"Handicap Hurdle"	"8"	"13"	"McCarthy, I J"	"OBrien, V T"
"15:00:00"	"2008-08-04"	"Newton Abbot"	"Thistle"	"16.00"	"32"	"Claimer Hurdle"	"5"	"11"	"Roe, Matty"	"Ham, G A"
"16:40:00"	"2008-08-03"	"Market Rasen"	"Pure Brief (IRE)"	"28.00"	"40"	"Handicap Chase"	"5"	"10"	"Huxley, Charlie"	"Hollinshead, R"
"14:45:00"	"2008-08-03"	"Galway"	"Trevi Fountain (IRE)"	"33.00"	"500"	"Handicap Hurdle"	"12"	"17"	"Bolger, M J"	"Madden, I"
"15:35:00"	"2008-08-02"	"Galway"	"Spes Ultima (IRE)"	"14.00"	"16"	"Handicap Hurdle"	"9"	"18"	"OConnor, M M"	"Murphy, C A"
"15:35:00"	"2008-08-02"	"Galway"	"Janeylad (IRE)"	"33.00"	"79.73"	"Handicap Hurdle"	"10"	"18"	"Cawley, A P"	"McMahon, W G"
"15:00:00"	"2008-08-02"	"Galway"	"Mirpour (IRE)"	"14.00"	"17.94"	"Handicap Chase"	"F"	"22"	"Townend, P"	"Griffin, Eoin"
"15:10:00"	"2008-07-30"	"Perth"	"Rossin Gold (IRE)"	"6.00"	"10.2"	"Claimer Hurdle"	"6"	"10"	"Mania, Ryan"	"Monteith, P"
"20:45:00"	"2008-07-29"	"Perth"	"Spivitus"	"16.00"	"20.51"	"Handicap Hurdle"	"PU"	"11"	"Mania, Ryan"	"Nixon, R"
"20:05:00"	"2008-07-25"	"Wexford"	"Persian Return (IRE)"	"5.00"	"7.4"	"Handicap Hurdle"	"2"	"15"	"Townend, P"	"Martin, Patrick"
"15:45:00"	"2008-07-24"	"Uttoxeter"	"Hello Its Me (OLD)"	"5.50"	"9.2"	"Handicap Hurdle"	"11"	"11"	"Toomey, Brian"	"McCain Jnr, D"
"16:10:00"	"2008-07-20"	"Stratford"	"Hes The Gaffer (IRE)"	"5.50"	"7.12"	"Handicap Chase"	"1"	"7"	"Coleman, A"	"Buckler, R H"
"15:30:00"	"2008-07-20"	"Newton Abbot"	"Aldiruos (IRE)"	"25.00"	"40"	"Handicap Hurdle"	"9"	"9"	"Studd, C M"	"Carroll, A W"
"15:10:00"	"2008-07-16"	"Uttoxeter"	"Macchiato"	"10.00"	"12"	"Seller Hurdle"	"10"	"16"	"Gillies, C I"	"Barr, R E"
"14:30:00"	"2008-07-13"	"Stratford"	"Thenameescapesme"	"8.50"	"9.45"	"Handicap Chase"	"10"	"15"	"Dailly, Mr C"	"George, T R"
"17:50:00"	"2008-07-10"	"Fairyhouse"	"Gallery Queen (IRE)"	"20.00"	"54.61"	"Handicap Hurdle"	"6"	"16"	"Burke, Martin P"	"Fogarty, J P"
"16:50:00"	"2008-07-03"	"Perth"	"Named At Dinner"	"5.50"	"7"	"Handicap Hurdle"	"2"	"15"	"Gillies, C I"	"Russell, Miss Lucinda V"
"16:50:00"	"2008-07-03"	"Perth"	"Spivitus"	"20.00"	"26"	"Handicap Hurdle"	"5"	"15"	"Mania, Ryan"	"Nixon, R"
"16:20:00"	"2008-07-02"	"Perth"	"Giuliani"	"8.00"	"9.5"	"Handicap Chase"	"5"	"13"	"Gillies, C I"	"Ferguson, I R"
"20:25:00"	"2008-06-24"	"Sligo"	"Coin Lass (IRE)"	"12.00"	"17.5"	"Handicap Hurdle"	"12"	"16"	"Motherway, Mr C"	"Doyle, Eoin"
"19:00:00"	"2008-06-23"	"Kilbeggan"	"Ladys Gesture (IRE)"	"4.00"	"5.3"	"Handicap Hurdle"	"3"	"16"	"Townend, P"	"Cashman, P F"
"16:35:00"	"2008-06-22"	"Gowran Park"	"Power Elite (IRE)"	"10.00"	"12.44"	"Handicap Hurdle"	"6"	"13"	"Enright, P T"	"Meade, Noel"
"14:45:00"	"2008-06-22"	"Down Royal"	"The Royal Dub (IRE)"	"10.00"	"32"	"Handicap Hurdle"	"9"	"10"	"McNally, Mr C P"	"Martin, A J"
"18:15:00"	"2008-06-20"	"Down Royal"	"Charming Hymn"	"16.00"	"48.59"	"Handicap Hurdle"	"3"	"18"	"Kiely, R J"	"Power, Gareth James"
"19:25:00"	"2008-06-19"	"Tipperary"	"Boots Or No Boots (IRE)"	"12.00"	"22"	"Handicap Hurdle"	"4"	"13"	"Gallagher, P A"	"Leahy, Denis"
"20:45:00"	"2008-06-17"	"Newton Abbot"	"Los Suenos (IRE)"	"2.75"	"4.2"	"Chase"	"1"	"13"	"Scholfield, Nick"	"Williams, Nick"
"15:00:00"	"2008-06-16"	"Sedgefield"	"Errol"	"11.00"	"14.19"	"Handicap Seller Hurdle"	"5"	"13"	"Dehdashti, Eamon"	"Coupland, J F"
"19:30:00"	"2008-06-14"	"Limerick"	"Milo De Courcey (IRE)"	"6.50"	"11"	"Handicap Hurdle"	"F"	"17"	"Power, E F"	"Tierney, Ruaidhri Joseph"
"15:20:00"	"2008-06-08"	"Worcester"	"Dont Ask Me (IRE)"	"8.00"	"12.5"	"Handicap Hurdle"	"11"	"12"	"Devereux, Donal"	"Bowen, Peter / Michael"
"14:15:00"	"2008-06-07"	"Hexham"	"Uncle Michael"	"100.00"	"330.96"	"Novices Hurdle"	"8"	"16"	"McGann, Declan"	"Johnson, R"
"19:30:00"	"2008-06-05"	"Uttoxeter"	"Artic Reason (IRE)"	"20.00"	"38.68"	"Handicap Chase"	"1"	"7"	"Horner, Miss L"	"Williams, D L"
"14:30:00"	"2008-06-05"	"Newton Abbot"	"Three Lions"	"3.50"	"4.9"	"Handicap Seller Hurdle"	"2"	"13"	"Coward, Miss J"	"Pipe, D E"
"16:50:00"	"2008-06-02"	"Listowel"	"Alchester (IRE)"	"33.00"	"153.7"	"Beginners Chase"	"F"	"15"	"Cawley, A P"	"ODonnell, Seamus G"
"15:50:00"	"2008-06-01"	"Perth"	"Lankawi"	"12.00"	"21"	"Handicap Chase"	"UR"	"18"	"Wharfe, Bernie"	"Bowen, Peter / Michael"
"19:20:00"	"2008-05-29"	"Punchestown"	"Oscar Dubh (IRE)"	"10.00"	"11.81"	"Handicap Hurdle"	"11"	"16"	"Power, E F"	"McCabe, Moses"
"17:20:00"	"2008-05-29"	"Punchestown"	"Galway Legend (IRE)"	"14.00"	"30"	"Handicap Chase"	"2"	"16"	"Roche, Mr P"	"Madden, I"
"19:20:00"	"2008-05-28"	"Southwell"	"Red Scally"	"16.00"	"23"	"Handicap Chase"	"PU"	"14"	"Cullinane, David"	"Guest, R C"
"15:25:00"	"2008-05-28"	"Cartmel"	"Star Galaxy (IRE) (OLD)"	"2.50"	"3.5"	"Handicap Chase"	"UR"	"7"	"Coleman, A"	"Burchell, D"
"19:30:00"	"2008-05-27"	"Ballinrobe"	"Coolnaharan (IRE)"	"1.75"	"2.84"	"Handicap Chase"	"2"	"11"	"Hassett, S J"	"McConnell, John C"
"18:40:00"	"2008-05-27"	"Hexham"	"Royal Game"	"8.00"	"11.27"	"Handicap Novices Hurdle"	"5"	"11"	"Popham, Mr I"	"Todhunter, M"
"15:40:00"	"2008-05-25"	"Fontwell"	"Marigolds Way"	"7.00"	"10.5"	"Handicap Hurdle"	"5"	"13"	"Coleman, A"	"Hodges, R J"
"14:45:00"	"2008-05-25"	"Uttoxeter"	"Aldiruos (IRE)"	"16.00"	"24.46"	"Handicap Hurdle"	"1"	"15"	"Studd, C M"	"Carroll, A W"
"17:40:00"	"2008-05-24"	"Stratford"	"Traprain (IRE)"	"16.00"	"24.22"	"Handicap Hurdle"	"9"	"14"	"Farrelly, J W"	"Carroll, D"
"15:35:00"	"2008-05-21"	"Kelso"	"Humourous (IRE)"	"4.00"	"5.61"	"Handicap Hurdle"	"2"	"10"	"Toomey, Brian"	"Storey, B"
"20:00:00"	"2008-05-19"	"Roscommon"	"Tubber Gael Holly (IRE)"	"10.00"	"25"	"Handicap Hurdle"	"1"	"13"	"Carey, B S"	"Hourigan, Michael"
"15:25:00"	"2008-05-18"	"Navan"	"Im A Witness (IRE)"	"10.00"	"14"	"Handicap Hurdle"	"4"	"9"	"McCarthy, I J"	"Kelly, David Martin"
"19:25:00"	"2008-05-17"	"Kilbeggan"	"Good Thyne Diva (IRE)"	"10.00"	"12.5"	"Handicap Hurdle"	"12"	"16"	"Power, E F"	"Seymour, A"
"19:25:00"	"2008-05-17"	"Kilbeggan"	"Newlands North (IRE)"	"33.00"	"85"	"Handicap Hurdle"	"15"	"16"	"Cawley, A P"	"Gilligan, Paul John"
"20:10:00"	"2008-05-14"	"Perth"	"Dalawan"	"28.00"	"36.97"	"Handicap Hurdle"	"6"	"9"	"Davis, Fearghal"	"McGregor, Mrs J C"
"15:35:00"	"2008-05-10"	"Hexham"	"True Temper (IRE)"	"16.00"	"17.93"	"Handicap Chase"	"4"	"18"	"Crow, Mr G"	"Crow, A M"
"15:35:00"	"2008-05-10"	"Hexham"	"Hollows Mist"	"28.00"	"38"	"Handicap Chase"	"PU"	"18"	"Benson, P J"	"Murtagh, F P"
"15:50:00"	"2008-05-05"	"Down Royal"	"Drumnavaddy Lough (IRE)"	"7.00"	"10.5"	"Handicap Chase"	"8"	"13"	"Kidd, Miss J A"	"Kidd, Mayne"
"15:20:00"	"2008-05-05"	"Down Royal"	"Andijan (IRE)"	"7.00"	"15.5"	"Hurdle"	"1"	"17"	"OConnell, Mr E J"	"Lambe, J J"
"14:30:00"	"2008-05-05"	"Limerick"	"Carpenter (IRE)"	"2.50"	"4.1"	"Maiden Hurdle"	"1"	"17"	"Bolger, M J"	"Harrington, Mrs John"
"16:00:00"	"2008-05-04"	"Sligo"	"Alphalou (IRE)"	"9.00"	"18.5"	"Handicap Hurdle"	"1"	"14"	"Byrne, Mr S P"	"Byrne, Sean"
"20:10:00"	"2008-05-01"	"Huntingdon"	"Lord Appellare (IRE)"	"25.00"	"31.38"	"Handicap Hurdle"	"13"	"16"	"ODwyer, Darren"	"Rowe, R"
"20:00:00"	"2008-05-01"	"Tipperary"	"Frenchfurze Lad"	"14.00"	"39.77"	"Beginners Chase"	"10"	"16"	"Hannon, Mr J W"	"Lee, Andrew"
"17:10:00"	"2008-05-01"	"Hereford"	"Viscount Bankes"	"6.50"	"8.2"	"Hunters Chase"	"4"	"14"	"Watson, Miss Hannah"	"Gasson, Mrs Rosemary"
"16:40:00"	"2008-04-27"	"Gowran Park"	"Caman Swinger (IRE)"	"3.00"	"4.5"	"Handicap Hurdle"	"5"	"18"	"Byrne, Mr S P"	"Harrington, Mrs John"
"16:40:00"	"2008-04-27"	"Gowran Park"	"Kermar (IRE)"	"14.00"	"30.49"	"Handicap Hurdle"	"18"	"18"	"OSullivan, Mr R"	"Deacon, D"
"15:40:00"	"2008-04-27"	"Ludlow"	"Fieldsofclover (IRE)"	"4.50"	"7"	"Handicap Chase"	"2"	"8"	"Doyle, Jack"	"Lavelle, Miss E C"
"15:20:00"	"2008-04-26"	"Sandown"	"Preacher Boy"	"25.00"	"30"	"Handicap Chase"	"13"	"19"	"Scholfield, Nick"	"Hodges, R J"
"18:35:00"	"2008-04-25"	"Newton Abbot"	"Dancewiththedevil (IRE)"	"7.00"	"14.84"	"Handicap Novices Hurdle"	"4"	"14"	"Giles, Felix De"	"Roberts, C"
"18:00:00"	"2008-04-24"	"Punchestown"	"Lord Over"	"9.00"	"12.5"	"NH Flat"	"2"	"25"	"OConnor, M M"	"Flynn, Patrick J"
"16:40:00"	"2008-04-24"	"Fontwell"	"Fairlight Shadow (IRE)"	"4.50"	"5.5"	"Handicap Hurdle"	"6"	"12"	"Giles, Felix De"	"Keane, D P"
"16:50:00"	"2008-04-21"	"Plumpton"	"Celebrity Call (IRE)"	"9.00"	"14"	"Handicap Chase"	"F"	"13"	"Quintin, Mr J"	"Sherwood, O"
"16:50:00"	"2008-04-21"	"Plumpton"	"Victree (IRE)"	"7.00"	"8.6"	"Handicap Chase"	"UR"	"13"	"Pemberton, Jay"	"Wells, L"
"15:30:00"	"2008-04-21"	"Hexham"	"Hardybuck (IRE)"	"50.00"	"78.06"	"Handicap Chase"	"5"	"13"	"Davis, Fearghal"	"Sowersby, M E"
"15:40:00"	"2008-04-20"	"Stratford"	"Some Timbering (IRE)"	"22.00"	"31.81"	"Handicap Chase"	"7"	"10"	"Kington, John"	"Scudamore, M J"
"16:40:00"	"2008-04-19"	"Bangor"	"One Sniff (IRE)"	"8.50"	"13.5"	"Handicap Chase"	"1"	"13"	"Davis, Fearghal"	"Richards, N G"
"16:40:00"	"2008-04-19"	"Bangor"	"Fourty Acers (IRE)"	"6.00"	"8.4"	"Handicap Chase"	"UR"	"13"	"Farrelly, J W"	"Pipe, D E"
"16:25:00"	"2008-04-19"	"Cork"	"Platium Starlight (IRE)"	"16.00"	"40"	"Handicap Hurdle"	"F"	"21"	"Gray, S J"	"Gault, J J"
"16:20:00"	"2008-04-19"	"Ayr"	"Double Vodka (IRE)"	"7.50"	"9.62"	"Handicap Hurdle"	"4"	"10"	"Gillies, C I"	"Grant, C"
"19:20:00"	"2008-04-18"	"Cheltenham"	"Countess Trifaldi (IRE)"	"20.00"	"25.4"	"Handicap Chase"	"10"	"19"	"Kington, John"	"Scudamore, M J"
"18:55:00"	"2008-04-15"	"Limerick"	"Victory Run (IRE)"	"20.00"	"26"	"Handicap Hurdle"	"6"	"18"	"ONeill, A F"	"Purcell, Kieran"
"15:00:00"	"2008-04-13"	"Kelso"	"Truckers Lady (IRE)"	"3.00"	"4.48"	"Novices Chase"	"3"	"4"	"Reveley, James"	"Reveley, K G"
"17:40:00"	"2008-04-08"	"Fairyhouse"	"Horner Woods (IRE)"	"0.90"	"1.98"	"Maiden Hurdle"	"1"	"15"	"Bolger, M J"	"Harrington, Mrs John"
"16:20:00"	"2008-04-06"	"Market Rasen"	"Moment Of Madness (IRE)"	"4.00"	"6.2"	"Handicap Chase"	"2"	"7"	"Reveley, James"	"Fitzgerald, T J"
"14:20:00"	"2008-04-06"	"Market Rasen"	"Storm Prince (IRE)"	"4.00"	"5.2"	"Handicap Seller Hurdle"	"2"	"12"	"Gracey-Davison, Gemma"	"Spearing, Miss T"
"15:35:00"	"2008-04-05"	"Chepstow"	"Highland Games (IRE)"	"40.00"	"102.35"	"Handicap Hurdle"	"PU"	"14"	"Williams, Mr Nick"	"Williams, Evan"
"14:25:00"	"2008-04-05"	"Chepstow"	"Caislean Na Deirge (IRE)"	"11.00"	"19"	"Handicap Seller Hurdle"	"9"	"17"	"Williams, Mr Nick"	"Williams, Evan"
"17:30:00"	"2008-04-03"	"Aintree"	"Shatabdi (IRE)"	"18.00"	"25"	"Handicap Hurdle"	"5"	"21"	"Waley-Cohen, Mr S"	"Henderson, N J"
"18:05:00"	"2008-04-02"	"Gowran Park"	"Kymandjen (IRE)"	"16.00"	"36"	"Handicap Hurdle"	"12"	"16"	"Doran, Mr M J"	"Doran, Miss Martina Anne"
"14:10:00"	"2008-04-01"	"Wetherby"	"Nifty Roy"	"20.00"	"26"	"Handicap Hurdle"	"6"	"24"	"McAvoy, Michael"	"Hogg, K W"
"15:45:00"	"2008-03-30"	"Downpatrick"	"For A Song (IRE)"	"7.00"	"13.81"	"Handicap Hurdle"	"2"	"15"	"Power, E F"	"Young, L"
"16:15:00"	"2008-03-29"	"Navan"	"Jennys Oscar (IRE)"	"16.00"	"36"	"Handicap Hurdle"	"11"	"21"	"Joyce, A B"	"Fitzgerald, Martin Paul"
"14:45:00"	"2008-03-29"	"Stratford"	"Mohawk Star (IRE)"	"10.00"	"12.7"	"Seller Hurdle"	"4"	"11"	"Molloy, T"	"Bowen, Peter / Michael"
"16:50:00"	"2008-03-27"	"Ayr"	"Native Coll"	"1.88"	"3"	"Handicap Chase"	"4"	"7"	"Davis, Fearghal"	"Alexander, N W"
"15:55:00"	"2008-03-27"	"Exeter"	"Keepthedreamalive"	"8.00"	"11.9"	"Novices Chase"	"1"	"7"	"Coleman, A"	"Buckler, R H"
"15:00:00"	"2008-03-25"	"Sedgefield"	"Roadworthy (IRE)"	"40.00"	"60.9"	"Beginners Chase"	"PU"	"8"	"Whillans, Ewan"	"Young, W G"
"15:55:00"	"2008-03-24"	"Fairyhouse"	"A New Story (IRE)"	"25.00"	"40.4"	"Handicap Chase"	"4"	"23"	"Hassett, S J"	"Hourigan, Michael"
"15:40:00"	"2008-03-22"	"Carlisle"	"Rebel Rhythm"	"16.00"	"23.09"	"Handicap Chase"	"13"	"16"	"Byrne, S W"	"Smith, Mrs S J"
"15:35:00"	"2008-03-22"	"Haydock"	"Peters Star (IRE)"	"6.00"	"7.87"	"Handicap Hurdle"	"1"	"16"	"Benson, P J"	"McCain Jnr, D"
"14:55:00"	"2008-03-22"	"Newton Abbot"	"Fairly High (IRE)"	"33.00"	"62.85"	"Seller Hurdle"	"5"	"6"	"Wallis, C"	"Ayliffe, N G"
"16:30:00"	"2008-03-16"	"Fontwell"	"Spider Boy"	"4.00"	"5.4"	"Handicap Hurdle"	"2"	"5"	"Gracey-Davison, Gemma"	"Davison, Miss Z C"
"15:00:00"	"2008-03-16"	"Navan"	"Oscar Time (IRE)"	"8.00"	"10.03"	"Novices Hurdle"	"2"	"11"	"Carey, S G"	"Lynch, M M"
"15:00:00"	"2008-03-16"	"Navan"	"Blackson Zulu (IRE)"	"20.00"	"50.37"	"Novices Hurdle"	"PU"	"11"	"Fagan, A P"	"Fowler, J R H"
"15:20:00"	"2008-03-15"	"Newcastle"	"Red Dawn (IRE) (OLD)"	"10.00"	"15.44"	"Handicap Chase"	"4"	"10"	"Benson, P J"	"Saville, Joss"
"14:45:00"	"2008-03-15"	"Newcastle"	"My Arch"	"3.50"	"5.4"	"Handicap Hurdle"	"1"	"10"	"Haynes, Harry"	"Todhunter, M"
"15:45:00"	"2008-03-14"	"Fakenham"	"Flinders Bay (IRE)"	"8.00"	"12.5"	"Handicap Chase"	"5"	"5"	"Coleman, A"	"Harris, M F"
"16:15:00"	"2008-03-12"	"Huntingdon"	"Domenico (IRE)"	"12.00"	"16.61"	"Handicap Hurdle"	"4"	"9"	"Coleman, A"	"Jenkins, J R"
"16:15:00"	"2008-03-11"	"Sedgefield"	"First Fought (IRE)"	"2.75"	"4.2"	"Handicap Chase"	"7"	"8"	"Benson, P J"	"McCain Jnr, D"
"13:40:00"	"2008-03-11"	"Sedgefield"	"Senora Snoopy (IRE)"	"1.38"	"2.5"	"Novices Hurdle"	"2"	"10"	"OConnell, Michael"	"Murphy, Ferdy"
"16:15:00"	"2008-03-09"	"Market Rasen"	"Willies Way"	"2.75"	"3.9"	"Handicap Hurdle"	"3"	"8"	"Collier, Tjade"	"Smith, Mrs S J"
"14:30:00"	"2008-03-08"	"Chepstow"	"West End Rocker (IRE)"	"0.91"	"2.06"	"Maiden Hurdle"	"1"	"15"	"Doyle, Jack"	"King, A"
"15:25:00"	"2008-03-06"	"Wincanton"	"Poppy Maroon"	"4.50"	"6.48"	"Handicap Hurdle"	"2"	"21"	"Giles, Felix De"	"Keane, D P"
"15:30:00"	"2008-03-04"	"Exeter"	"All In The Stars (IRE)"	"16.00"	"19.65"	"Handicap Chase"	"PU"	"11"	"Giles, Felix De"	"Keane, D P"
"16:00:00"	"2008-03-02"	"Bangor"	"Vicario (OLD)"	"16.00"	"16.83"	"Handicap Hurdle"	"7"	"9"	"Benson, P J"	"McCain Jnr, D"
"15:30:00"	"2008-03-02"	"Bangor"	"Sparkling Taff"	"2.75"	"4.4"	"Handicap Chase"	"3"	"10"	"Collier, Tjade"	"Smith, Mrs S J"
"15:30:00"	"2008-03-02"	"Bangor"	"Clemax (IRE)"	"10.00"	"13.5"	"Handicap Chase"	"6"	"10"	"OConnell, Michael"	"Murphy, Ferdy"
"15:15:00"	"2008-03-02"	"Clonmel"	"Chicago Vic (IRE)"	"5.00"	"8.2"	"Hurdle"	"UR"	"7"	"Holly, J P"	"McNamara, E"
"16:00:00"	"2008-03-01"	"Kempton"	"Templer (IRE)"	"8.00"	"12"	"Novices Chase"	"1"	"5"	"ODwyer, Darren"	"Hobbs, P J / White, J"
"15:00:00"	"2008-03-01"	"Doncaster"	"Ela Re"	"2.50"	"3.39"	"Handicap Chase"	"1"	"5"	"Collier, Tjade"	"Smith, Mrs S J"
"15:00:00"	"2008-02-28"	"Taunton"	"The Langer (IRE)"	"16.00"	"20.12"	"Beginners Chase"	"3"	"5"	"Goldstein, Marc"	"Lewis, S T"
"17:00:00"	"2008-02-21"	"Huntingdon"	"Trebello"	"3.00"	"5.34"	"Handicap Hurdle"	"2"	"19"	"Molloy, T"	"Boyle, J R"
"16:55:00"	"2008-02-21"	"Clonmel"	"Hegartys Rock (IRE)"	"14.00"	"24.89"	"Handicap Novices Chase"	"8"	"13"	"Gray, S J"	"McNamara, A J"
"14:10:00"	"2008-02-21"	"Ayr"	"Contendo"	"7.50"	"10"	"Handicap Hurdle"	"PU"	"19"	"Alexander, Lucy"	"Alexander, N W"
"16:50:00"	"2008-02-16"	"Wincanton"	"Benedict Bay"	"40.00"	"68.2"	"Handicap Hurdle"	"11"	"21"	"Elliott, Simon"	"Geake, J A"
"15:20:00"	"2008-02-14"	"Thurles"	"Jack The Hough (IRE)"	"12.00"	"22"	"Handicap Chase"	"10"	"18"	"King, Mr J J"	"Walsh, Philip"
"15:05:00"	"2008-02-14"	"Kelso"	"Undeniable"	"14.00"	"23"	"Handicap Chase"	"1"	"6"	"Byrne, S W"	"Smith, Mrs S J"
"15:05:00"	"2008-02-14"	"Kelso"	"Getinbybutonlyjust"	"10.00"	"11.5"	"Handicap Chase"	"4"	"6"	"Merriam, Alex"	"Sayer, Mrs Dianne"
"15:05:00"	"2008-02-14"	"Kelso"	"Jimmy Bond"	"4.00"	"5.6"	"Handicap Chase"	"6"	"6"	"McCarthy, Mr R"	"Walton, Mrs K"
"14:45:00"	"2008-02-13"	"Fairyhouse"	"Umrigar Lord (IRE)"	"12.00"	"20"	"Handicap Chase"	"F"	"16"	"Fahy, D P"	"Murphy, C A"
"14:00:00"	"2008-02-13"	"Leicester"	"Massini Sunset (IRE)"	"6.50"	"9"	"Handicap Chase"	"1"	"16"	"Huxley, Charlie"	"Mitchell, N R"
"15:15:00"	"2008-02-10"	"Leopardstown"	"Splurge (IRE)"	"12.00"	"14.74"	"Handicap Hurdle"	"2"	"24"	"Molloy, T"	"Coleman, John J"
"13:45:00"	"2008-02-10"	"Leopardstown"	"All Heart"	"16.00"	"20"	"Handicap Hurdle"	"3"	"13"	"Mullins, E"	"Mullins, Thomas"
"15:55:00"	"2008-02-08"	"Bangor"	"Finzi (IRE)"	"5.00"	"6.56"	"Handicap Chase"	"1"	"7"	"Kington, John"	"Scudamore, M J"
"13:05:00"	"2008-02-03"	"Punchestown"	"A New Story (IRE)"	"20.00"	"0"	"Handicap Hurdle"	"5"	"14"	"Gray, S J"	"Hourigan, Michael"
"15:35:00"	"2008-01-31"	"Thurles"	"No Rows (IRE)"	"20.00"	"0"	"Handicap Hurdle"	"6"	"16"	"Doyle, Miss E"	"Fahy, P A"
"14:00:00"	"2008-01-31"	"Towcester"	"Explosive Fox (IRE)"	"16.00"	"33.85"	"Handicap Chase"	"PU"	"14"	"Jenkinson, Mr Jamie"	"Curran, S"
"15:40:00"	"2008-01-30"	"Newcastle"	"Lethem Air"	"40.00"	"53.09"	"Handicap Chase"	"6"	"9"	"OConnell, Michael"	"Butt, T"
"14:50:00"	"2008-01-30"	"Exeter"	"Ackhurst (IRE)"	"11.00"	"13.28"	"Handicap Chase"	"PU"	"12"	"ODwyer, Darren"	"Edwards, G F"
"16:00:00"	"2008-01-27"	"Leopardstown"	"Sound Witness (IRE)"	"4.00"	"0"	"Handicap Hurdle"	"9"	"26"	"Enright, P T"	"Tyner, Robert"
"15:40:00"	"2008-01-26"	"Navan"	"Retrievethelegend (IRE)"	"7.00"	"0"	"Handicap Chase"	"3"	"22"	"Dunne, R T"	"Dreaper, J T R"
"14:25:00"	"2008-01-13"	"Leopardstown"	"Dont Be Bitin (IRE)"	"33.00"	"0"	"Handicap Hurdle"	"16"	"28"	"Molloy, T"	"Griffin, Eoin"
"15:20:00"	"2008-01-11"	"Huntingdon"	"Dalriath"	"14.00"	"19.65"	"Handicap Chase"	"4"	"10"	"Cullinane, David"	"Chapman, M C"
"14:40:00"	"2008-01-09"	"Musselburgh"	"Dundock"	"8.00"	"10.8"	"Handicap Novices Hurdle"	"1"	"13"	"Whillans, Ewan"	"Whillans, A C"
"12:40:00"	"2008-01-09"	"Musselburgh"	"Humourous (IRE)"	"14.00"	"18.5"	"Handicap Hurdle"	"3"	"6"	"Jackson, Miss T"	"Storey, B"
"12:40:00"	"2008-01-05"	"Wincanton"	"Kornati Kid"	"5.50"	"7.56"	"Novices Hurdle"	"1"	"11"	"Molloy, T"	"Hobbs, P J / White, J"
"15:35:00"	"2008-01-02"	"Folkestone"	"Its Rumoured"	"20.00"	"24"	"Handicap Hurdle"	"7"	"16"	"Tobin, Kevin"	"Auvray, Jean-Rene"
"12:40:00"	"2008-01-01"	"Exeter"	"Oscar Bay (IRE)"	"20.00"	"43.28"	"Novices Hurdle"	"4"	"17"	"Frost, Hadden"	"Frost, J D"
"14:05:00"	"2007-12-31"	"Punchestown"	"Selous Scout (IRE)"	"14.00"	"0"	"Handicap Hurdle"	"11"	"21"	"Fagan, A P"	"Fowler, J R H"
"13:05:00"	"2007-12-31"	"Punchestown"	"Vic Venturi (IRE)"	"12.00"	"0"	"Hurdle"	"2"	"10"	"Hassett, S J"	"Fenton, Philip"
"13:20:00"	"2007-12-30"	"Taunton"	"Reelinga"	"7.00"	"9.92"	"Handicap Seller Hurdle"	"1"	"14"	"Wharfe, Bernie"	"Ham, G A"
"13:20:00"	"2007-12-30"	"Taunton"	"Kadam (IRE)"	"10.00"	"15.76"	"Handicap Seller Hurdle"	"10"	"14"	"Guerriero, Mr Joshua"	"Lewis, R W"
"13:40:00"	"2007-12-29"	"Limerick"	"Moscow Summit (IRE)"	"12.00"	"0"	"Handicap Hurdle"	"6"	"16"	"Holly, J P"	"McNamara, E"
"12:25:00"	"2007-12-29"	"Leopardstown"	"Dead Sound (IRE)"	"10.00"	"0"	"Handicap Chase"	"2"	"12"	"Joyce, A B"	"Taaffe, T J"
"15:20:00"	"2007-12-28"	"Limerick"	"Ilringuback (IRE)"	"3.50"	"0"	"Handicap Chase"	"PU"	"10"	"Hogan, D G"	"Fitzgerald, D E"
"14:15:00"	"2007-12-28"	"Limerick"	"The Pilot Son (IRE)"	"25.00"	"0"	"Handicap Hurdle"	"11"	"17"	"Macmahon, Miss C J"	"Fitzgerald, Martin Paul"
"14:50:00"	"2007-12-27"	"Limerick"	"In The High Grass (IRE)"	"4.00"	"0"	"Handicap Chase"	"8"	"13"	"Joyce, A B"	"Taaffe, T J"
"14:20:00"	"2007-12-27"	"Limerick"	"Mondo (IRE)"	"14.00"	"0"	"Handicap Hurdle"	"7"	"18"	"Gray, S J"	"Loughnane, Daniel Mark"
"13:45:00"	"2007-12-27"	"Limerick"	"Here Comes Sally (IRE)"	"5.50"	"0"	"Handicap Hurdle"	"2"	"17"	"Cawley, A P"	"Pierce, Paul Martin"
"15:00:00"	"2007-12-26"	"Leopardstown"	"Petersham"	"33.00"	"0"	"Handicap Chase"	"5"	"11"	"McCarthy, I J"	"OBrien, M J P"
"14:50:00"	"2007-12-26"	"Limerick"	"Tubber Gael Holly (IRE)"	"33.00"	"0"	"Handicap Hurdle"	"16"	"18"	"Carey, B S"	"Hourigan, Michael"
"14:40:00"	"2007-12-26"	"Huntingdon"	"Adecco (IRE)"	"10.00"	"18"	"Handicap Chase"	"8"	"12"	"Dehdashti, Eamon"	"Moore, Gary and Josh"
"14:10:00"	"2007-12-26"	"Sedgefield"	"Tomillielou"	"10.00"	"16"	"Handicap Chase"	"1"	"14"	"McCarthy, Mr R"	"Candlish, Jennie"
"14:10:00"	"2007-12-26"	"Sedgefield"	"High Five"	"16.00"	"23.54"	"Handicap Chase"	"3"	"14"	"McGann, Declan"	"Waugh, S G"
"14:00:00"	"2007-12-26"	"Down Royal"	"Fakima (IRE)"	"16.00"	"0"	"Beginners Chase"	"8"	"14"	"McNally, Mr C P"	"Martin, A J"
"13:55:00"	"2007-12-26"	"Towcester"	"City Breeze (IRE)"	"12.00"	"18.5"	"Handicap Novices Hurdle"	"8"	"14"	"Moorcroft, Byron"	"Hamer, Mrs D A"
"13:30:00"	"2007-12-26"	"Down Royal"	"Tullyhappy Lad (IRE)"	"25.00"	"0"	"Handicap Hurdle"	"8"	"16"	"Maxwell, C D"	"Duncan, I A"
"13:25:00"	"2007-12-26"	"Towcester"	"Flying Falcon"	"3.00"	"4.7"	"Beginners Chase"	"2"	"13"	"Biddick, Mr W"	"Williams, Miss Venetia"
"13:00:00"	"2007-12-26"	"Down Royal"	"Inverlochy Lad (IRE)"	"14.00"	"0"	"Maiden Hurdle"	"5"	"20"	"Watts, M P"	"Duncan, I A"
"13:00:00"	"2007-12-26"	"Wetherby"	"Speed Venture"	"33.00"	"59.99"	"Handicap Hurdle"	"6"	"15"	"Murphy, Michael"	"Mackie, J"
"15:05:00"	"2007-12-21"	"Uttoxeter"	"Nevada Red"	"16.00"	"23.98"	"Handicap Chase"	"10"	"15"	"Benson, P J"	"McCain Jnr, D"
"13:50:00"	"2007-12-19"	"Bangor"	"Sharp Jack (IRE)"	"8.00"	"10.5"	"Handicap Chase"	"2"	"8"	"Quinlan, Sean"	"Phillips, R T"
"13:50:00"	"2007-12-18"	"Catterick"	"Sparkling Taff"	"1.63"	"2.74"	"Handicap Chase"	"1"	"4"	"Collier, Tjade"	"Smith, Mrs S J"
"12:40:00"	"2007-12-16"	"Cork"	"Wara Mountain (IRE)"	"16.00"	"0"	"Handicap Novices Hurdle"	"11"	"24"	"Quinlan, Mr R P"	"Slattery, Andrew"
"12:40:00"	"2007-12-16"	"Cork"	"Corlaan (IRE)"	"25.00"	"0"	"Handicap Novices Hurdle"	"18"	"24"	"Power, E F"	"OLeary, Thomas Gerard"
"12:50:00"	"2007-12-15"	"Fairyhouse"	"Honeybrook (IRE)"	"25.00"	"0"	"Maiden Hurdle"	"12"	"16"	"Fagan, A P"	"Fowler, J R H"
"15:50:00"	"2007-12-13"	"Taunton"	"Drumbeater (IRE)"	"12.00"	"21"	"Handicap Hurdle"	"10"	"15"	"ODwyer, Darren"	"Hobbs, P J / White, J"
"14:50:00"	"2007-12-13"	"Taunton"	"Templer (IRE)"	"7.00"	"8.6"	"Handicap Hurdle"	"5"	"11"	"ODwyer, Darren"	"Hobbs, P J / White, J"
"13:15:00"	"2007-12-08"	"Wetherby"	"Tous Chez (IRE)"	"8.00"	"0"	"Novices Chase"	"F"	"7"	"Collier, Tjade"	"Smith, Mrs S J"
"14:40:00"	"2007-12-06"	"Wincanton"	"Compton Star"	"5.00"	"0"	"Handicap Hurdle"	"1"	"11"	"Wharfe, Bernie"	"Hodges, R J"
"13:20:00"	"2007-12-05"	"Catterick"	"Notaproblem (IRE)"	"5.00"	"0"	"Handicap Chase"	"2"	"10"	"OConnell, Michael"	"Harker, G A"
"15:00:00"	"2007-12-02"	"Clonmel"	"Doc Charlie (IRE)"	"25.00"	"0"	"Handicap Chase"	"PU"	"17"	"Hogan, D G"	"Hughes, P"
"14:00:00"	"2007-12-02"	"Clonmel"	"Just (IRE)"	"10.00"	"0"	"Handicap Chase"	"13"	"18"	"Gray, S J"	"Hourigan, Michael"
"12:55:00"	"2007-12-02"	"Clonmel"	"El Jo (IRE)"	"8.00"	"0"	"Handicap Hurdle"	"5"	"18"	"Gray, S J"	"Hourigan, Michael"
"15:05:00"	"2007-12-01"	"Towcester"	"Ballyboley (IRE)"	"9.00"	"0"	"Handicap Hurdle"	"3"	"13"	"Merriam, Alex"	"King, N B"
"14:05:00"	"2007-12-01"	"Fairyhouse"	"Hows Trix (IRE) (OLD)"	"33.00"	"0"	"Beginners Chase"	"11"	"18"	"McCarthy, I J"	"Hughes, D T"
"12:55:00"	"2007-12-01"	"Fairyhouse"	"Holly Tree (IRE) (OLD)"	"8.00"	"0"	"Hurdle"	"3"	"12"	"Flanagan, S W"	"Sheehy, E"
"12:10:00"	"2007-12-01"	"Newcastle"	"The Ring (IRE)"	"11.00"	"0"	"Handicap Chase"	"2"	"10"	"Reveley, James"	"Reveley, K G"
"15:10:00"	"2007-11-30"	"Newbury"	"Harrycone Lewis"	"8.00"	"0"	"Handicap Chase"	"1"	"9"	"Guerriero, Mr Joshua"	"Llewellyn, Carl"
"15:30:00"	"2007-11-29"	"Carlisle"	"Toulouse Express (IRE)"	"40.00"	"0"	"Handicap Hurdle"	"10"	"17"	"Blythe, Miss A"	"Johnson, R"
"12:40:00"	"2007-11-29"	"Taunton"	"Rhetoric (IRE)"	"50.00"	"0"	"Maiden Hurdle"	"UR"	"12"	"Davies, Miss Sarah-Jayne"	"Jones, G H"
"14:55:00"	"2007-11-27"	"Kempton"	"Black Hills"	"8.00"	"0"	"Handicap Chase"	"1"	"10"	"Elliott, Simon"	"Geake, J A"
"12:40:00"	"2007-11-26"	"Ayr"	"Named At Dinner"	"9.00"	"0"	"Handicap Hurdle"	"6"	"15"	"Gillies, C I"	"Russell, Miss Lucinda V"
"13:35:00"	"2007-11-24"	"Haydock"	"Mister McGoldrick"	"28.00"	"0"	"Handicap Hurdle"	"5"	"18"	"Collier, Tjade"	"Smith, Mrs S J"
"14:50:00"	"2007-11-22"	"Hereford"	"Lescers Lad"	"14.00"	"0"	"Handicap Novices Hurdle"	"12"	"16"	"Giles, Felix De"	"Woodrow, Mrs A M"
"14:35:00"	"2007-11-22"	"Thurles"	"Sabina Park (IRE)"	"8.00"	"0"	"Hurdle"	"4"	"16"	"Joyce, A B"	"Love, Mrs D A"
"12:35:00"	"2007-11-18"	"Punchestown"	"Alberoni (IRE)"	"7.50"	"0"	"Handicap Chase"	"5"	"15"	"McCarthy, E C"	"McCreery, Peter"
"13:45:00"	"2007-11-17"	"Wetherby"	"Super Road Train"	"1.50"	"0"	"Handicap Chase"	"1"	"6"	"Collier, Tjade"	"Smith, Mrs S J"
"14:55:00"	"2007-11-14"	"Downpatrick"	"Artane Boys"	"16.00"	"0"	"Handicap Chase"	"PU"	"9"	"Bedggood, G"	"Mackin, Patrick J"
"14:40:00"	"2007-11-13"	"Sedgefield"	"Pass The Class (IRE)"	"6.00"	"0"	"Handicap Hurdle"	"7"	"9"	"Collier, Tjade"	"Smith, Mrs S J"
"13:40:00"	"2007-11-11"	"Hereford"	"Soviet Sceptre (IRE)"	"1.63"	"0"	"Seller Hurdle"	"F"	"8"	"Flavin, John"	"Williams, Evan"
"15:50:00"	"2007-11-10"	"Kelso"	"Big Bertha"	"7.00"	"0"	"Handicap Hurdle"	"2"	"10"	"McAvoy, Michael"	"Hammond, Micky"
"15:30:00"	"2007-11-10"	"Naas"	"Chevaux Loco (IRE)"	"12.00"	"0"	"Handicap Chase"	"19"	"20"	"Gray, S J"	"Hourigan, Michael"
"14:40:00"	"2007-11-10"	"Kelso"	"Possextown (IRE)"	"25.00"	"0"	"Handicap Hurdle"	"7"	"8"	"Davis, Fearghal"	"Richards, N G"
"16:20:00"	"2007-11-06"	"Exeter"	"Orion Express"	"11.00"	"0"	"Handicap Hurdle"	"2"	"7"	"Gardner, Lucy"	"Gardner, Mrs S"
"14:00:00"	"2007-10-28"	"Towcester"	"Lord On The Run (IRE)"	"6.00"	"0"	"Handicap Chase"	"3"	"12"	"Farrelly, J W"	"Haslam, P C"
"16:55:00"	"2007-10-27"	"Stratford"	"Dalriath"	"8.00"	"0"	"Handicap Chase"	"2"	"7"	"Cullinane, David"	"Chapman, M C"
"15:25:00"	"2007-10-25"	"Ludlow"	"Soviet Sceptre (IRE)"	"7.00"	"0"	"Seller Hurdle"	"PU"	"15"	"Flavin, John"	"Williams, Evan"
"14:50:00"	"2007-10-22"	"Plumpton"	"Come Bye (IRE)"	"20.00"	"0"	"Handicap Hurdle"	"6"	"7"	"Scholfield, Nick"	"Newton-Smith, Miss A M"
"17:15:00"	"2007-10-19"	"Cheltenham"	"Moonlit Harbour"	"18.00"	"0"	"Handicap Chase"	"F"	"14"	"Telfer, Mr W"	"Harris, M F"
"16:10:00"	"2007-10-14"	"Limerick"	"Barrow Drive"	"25.00"	"0"	"Handicap Chase"	"6"	"16"	"Mullins, E"	"Mullins, Anthony"
"15:15:00"	"2007-10-13"	"Hexham"	"Southbound (IRE)"	"100.00"	"0"	"Chase"	"UR"	"14"	"Magee, Mr S F"	"Waggott, Miss Tracy"
"16:35:00"	"2007-10-11"	"Wincanton"	"Westfield Dancer (IRE)"	"9.00"	"0"	"Handicap Chase"	"4"	"6"	"Hughes, Mr Rhys"	"Williams, Evan"
"16:20:00"	"2007-10-11"	"Tramore"	"Moody Lad (IRE)"	"16.00"	"0"	"Handicap Chase"	"2"	"16"	"Jackson, S W"	"Rothwell, P J"
"16:20:00"	"2007-10-10"	"Exeter"	"Fire Ranger"	"33.00"	"0"	"Handicap Hurdle"	"7"	"8"	"Moorcroft, Byron"	"Gardner, Mrs S"
"14:20:00"	"2007-10-10"	"Exeter"	"Pauntley Gofa"	"20.00"	"0"	"Handicap Seller Hurdle"	"8"	"13"	"Giles, Felix De"	"Gillard, Mark"
"18:25:00"	"2007-10-03"	"Sligo"	"Casa Que Canta"	"25.00"	"0"	"Handicap Hurdle"	"PU"	"16"	"Ryder, S E"	"Flannery, M"
"17:20:00"	"2007-09-30"	"Clonmel"	"Alickadoo (IRE)"	"25.00"	"0"	"Handicap Chase"	"7"	"18"	"Clarke, K H"	"Jr, T J Nagle"
"15:05:00"	"2007-09-26"	"Perth"	"Fly Kicker"	"33.00"	"0"	"Handicap Novices Chase"	"UR"	"13"	"Riding, Jenny"	"Storey, W"
"15:20:00"	"2007-09-23"	"Uttoxeter"	"Pop Gun"	"18.00"	"0"	"Handicap Seller Hurdle"	"12"	"15"	"White, James"	"Waldron, Mrs K"
"16:00:00"	"2007-09-12"	"Uttoxeter"	"Cream Cracker"	"8.00"	"0"	"Handicap Hurdle"	"3"	"11"	"Burke, Keiran"	"Alner, R H"
"18:20:00"	"2007-09-11"	"Galway"	"Cara Deas (IRE)"	"20.00"	"0"	"Handicap Hurdle"	"UR"	"20"	"Hogan, D G"	"OBrien, V T"
"17:20:00"	"2007-09-09"	"Fontwell"	"Tamreen (IRE)"	"20.00"	"0"	"Handicap Hurdle"	"5"	"12"	"Dehdashti, Eamon"	"Moore, Gary and Josh"
"16:40:00"	"2007-09-09"	"Stratford"	"Twist Bookie (IRE)"	"4.50"	"0"	"Handicap Hurdle"	"5"	"14"	"Killoran, R J"	"Lycett, Shaun"
"15:45:00"	"2007-09-08"	"Stratford"	"September Moon"	"10.00"	"0"	"Handicap Chase"	"4"	"9"	"Moorcroft, Byron"	"Appleby, M"
"16:30:00"	"2007-09-07"	"Kilbeggan"	"Iron Hague (IRE)"	"4.00"	"0"	"Maiden Hurdle"	"7"	"13"	"Maxwell, C D"	"Hughes, D T"
"18:35:00"	"2007-08-31"	"Wexford"	"Keelaghan (IRE)"	"11.00"	"0"	"Hurdle"	"2"	"6"	"Duff, Mr A T"	"Flynn, Michael"
"15:55:00"	"2007-08-31"	"Down Royal"	"Platium Starlight (IRE)"	"12.00"	"0"	"Handicap Hurdle"	"12"	"18"	"Gray, S J"	"ONeill, Thomas"
"15:55:00"	"2007-08-31"	"Down Royal"	"Charming Hymn"	"9.00"	"0"	"Handicap Hurdle"	"RO"	"18"	"Flanagan, S W"	"Power, Gareth James"
"14:40:00"	"2007-08-27"	"Huntingdon"	"Gipsy Cricketer"	"16.00"	"0"	"Handicap Chase"	"6"	"15"	"Kington, John"	"Scudamore, M J"
"14:40:00"	"2007-08-25"	"Cartmel"	"Little Task"	"10.00"	"0"	"Handicap Seller Hurdle"	"8"	"10"	"Tierney, Richard"	"Wainwright, J S"
"18:40:00"	"2007-08-24"	"Kilbeggan"	"Another Biffo (IRE)"	"10.00"	"0"	"Handicap Hurdle"	"3"	"16"	"Sullivan, M"	"Hutchinson, Ms Caroline"
"16:50:00"	"2007-08-19"	"Perth"	"Kristiansand"	"2.50"	"0"	"Handicap Hurdle"	"2"	"7"	"Whillans, Ewan"	"Monteith, P"
"15:35:00"	"2007-08-19"	"Tramore"	"Rugged Jem (IRE)"	"12.00"	"0"	"Maiden Hurdle"	"3"	"15"	"Harding, Mr R O"	"OBrien, K F"
"15:35:00"	"2007-08-19"	"Tramore"	"Victory Run (IRE)"	"14.00"	"0"	"Maiden Hurdle"	"6"	"15"	"Burns, Mr J E"	"Purcell, Kieran"
"20:10:00"	"2007-08-18"	"Market Rasen"	"Toni Alcala"	"10.00"	"0"	"Handicap Hurdle"	"4"	"10"	"Kavanagh, Wayne"	"King, N B"
"15:25:00"	"2007-08-18"	"Bangor"	"Jolejoker"	"6.00"	"0"	"Handicap Chase"	"6"	"11"	"Poste, Charlie"	"Lee, R"
"19:40:00"	"2007-08-17"	"Tramore"	"Coppervega (IRE)"	"16.00"	"0"	"Beginners Chase"	"1"	"15"	"Jenkins, Mr J A"	"OGrady, Eoghan"
"17:40:00"	"2007-08-17"	"Tramore"	"River Nurey (IRE)"	"14.00"	"0"	"Hurdle"	"6"	"8"	"Hassett, S J"	"Flynn, Patrick J"
"16:45:00"	"2007-08-14"	"Newton Abbot"	"Potts Of Magic"	"7.00"	"0"	"Handicap Hurdle"	"4"	"6"	"Poste, Charlie"	"Lee, R"
"14:15:00"	"2007-08-14"	"Newton Abbot"	"Haydon Lady"	"6.00"	"0"	"Maiden Hurdle"	"4"	"10"	"Burke, Keiran"	"Rodford, P R"
"20:05:00"	"2007-08-13"	"Ballinrobe"	"Clochmhaoil Castle (IRE)"	"10.00"	"0"	"Handicap Chase"	"2"	"10"	"Cawley, A P"	"Nolan, Paul"
"19:45:00"	"2007-08-09"	"Sligo"	"Needless To Say (IRE)"	"16.00"	"0"	"Handicap Hurdle"	"3"	"12"	"Hogan, D G"	"Cawley, Edward"
"17:00:00"	"2007-08-06"	"Newton Abbot"	"Bossy Missy"	"7.00"	"0"	"Handicap Chase"	"PU"	"11"	"ODwyer, Darren"	"Hobbs, P J / White, J"
"16:35:00"	"2007-08-05"	"Market Rasen"	"Shannons Pride (IRE)"	"18.00"	"0"	"Handicap Chase"	"4"	"11"	"Flavin, John"	"Guest, R C"
"15:30:00"	"2007-08-04"	"Galway"	"Sonnyanjoe (IRE)"	"20.00"	"0"	"Handicap Hurdle"	"4"	"16"	"Flanagan, S W"	"Hogan, T"
"16:50:00"	"2007-08-03"	"Bangor"	"Moorlaw (IRE)"	"28.00"	"0"	"Handicap Hurdle"	"3"	"11"	"Benson, P J"	"McCain Jnr, D"
"14:30:00"	"2007-08-01"	"Perth"	"Hawkwell (IRE)"	"0.30"	"0"	"Novices Hurdle"	"4"	"6"	"Haynes, Harry"	"Richards, N G"
"19:20:00"	"2007-07-30"	"Uttoxeter"	"New Wish (IRE)"	"18.00"	"0"	"Seller Hurdle"	"4"	"9"	"Laverty, Derek"	"Clark, S B"
"18:45:00"	"2007-07-27"	"Wexford"	"Ard Hudie (IRE)"	"20.00"	"0"	"Handicap Hurdle"	"12"	"16"	"Hassett, S J"	"Harney, W"
"19:20:00"	"2007-07-26"	"Limerick"	"Swift Post (IRE)"	"12.00"	"0"	"Hurdle"	"6"	"14"	"Clarke, K H"	"OBrien, M J P"
"17:15:00"	"2007-07-16"	"Newton Abbot"	"Outside Investor (IRE)"	"16.00"	"0"	"Beginners Chase"	"4"	"11"	"Harris, Jay"	"Rodford, P R"
"16:40:00"	"2007-07-15"	"Perth"	"Troodos Jet"	"6.00"	"0"	"Handicap Hurdle"	"6"	"8"	"Allan, Miss L"	"Hogg, K W"
"20:45:00"	"2007-07-09"	"Roscommon"	"Well Oiled (IRE)"	"3.00"	"0"	"NH Flat"	"1"	"15"	"Hennessy, Mr R M"	"Hughes, D T"
"18:05:00"	"2007-07-06"	"Wexford"	"Lake Tahoe (IRE)"	"8.00"	"0"	"Maiden Hurdle"	"5"	"16"	"ONeill, A F"	"Crowley, Joseph"
"15:40:00"	"2007-06-29"	"Market Rasen"	"Dalriath"	"14.00"	"0"	"Handicap Hurdle"	"4"	"8"	"Cullinane, David"	"Chapman, M C"
"17:15:00"	"2007-06-24"	"Down Royal"	"Insan Flyer (IRE)"	"12.00"	"0"	"NH Flat"	"9"	"20"	"OHare, Mr M J"	"Wilson, Victor"
"15:50:00"	"2007-06-24"	"Hexham"	"Macchiato"	"16.00"	"0"	"Handicap Hurdle"	"4"	"9"	"Hughes, Brian"	"Barr, R E"
"19:30:00"	"2007-06-16"	"Limerick"	"Corrieann (IRE)"	"4.00"	"0"	"Handicap Hurdle"	"4"	"13"	"Doyle, Jack"	"Doyle, P M J"
"20:05:00"	"2007-06-14"	"Fontwell"	"La Griffe (IRE)"	"14.00"	"0"	"Handicap Seller Hurdle"	"5"	"9"	"Messenger, Tom"	"Rees, D A"
"18:25:00"	"2007-06-14"	"Clonmel"	"Have A Shot (IRE)"	"6.00"	"0"	"Handicap Chase"	"5"	"14"	"Harding, Mr R O"	"Maguire, Adrian"
"18:25:00"	"2007-06-14"	"Clonmel"	"Ah Come On Tom (IRE)"	"16.00"	"0"	"Handicap Chase"	"9"	"14"	"Burke, Martin P"	"OGrady, E J"
"16:30:00"	"2007-06-11"	"Newton Abbot"	"Vivante (IRE)"	"12.00"	"0"	"Handicap Hurdle"	"4"	"10"	"Giles, Felix De"	"Wilson, A J"
"16:45:00"	"2007-06-10"	"Cork"	"Prince Massini (IRE)"	"3.33"	"0"	"Hurdle"	"7"	"21"	"Hassett, S J"	"Flood, Francis J"
"15:20:00"	"2007-06-10"	"Perth"	"Howards Dream (IRE)"	"66.00"	"0"	"Handicap Novices Hurdle"	"3"	"13"	"Hughes, Brian"	"Nolan, D A"
"18:30:00"	"2007-06-08"	"Wexford"	"Still Going On"	"25.00"	"0"	"Handicap Hurdle"	"9"	"15"	"Stamp, D A"	"Doran, Miss Martina Anne"
"16:30:00"	"2007-06-06"	"Sedgefield"	"Border Tale"	"20.00"	"0"	"Handicap Hurdle"	"4"	"9"	"Hughes, Brian"	"Moffatt, James"
"15:00:00"	"2007-06-06"	"Sedgefield"	"Armentieres"	"7.50"	"0"	"Handicap Seller Hurdle"	"6"	"15"	"Hughes, Brian"	"Moffatt, James"
"14:30:00"	"2007-06-06"	"Sedgefield"	"Lawaaheb (IRE)"	"12.00"	"0"	"Novices Chase"	"3"	"7"	"Pogson, Adam"	"Gingell, M J"
"16:15:00"	"2007-06-03"	"Listowel"	"Finns Cross (IRE)"	"7.00"	"0"	"Handicap Hurdle"	"1"	"17"	"McCarthy, E C"	"Lynch, Seamus"
"16:10:00"	"2007-06-03"	"Hereford"	"Full On"	"9.00"	"0"	"Handicap Chase"	"5"	"14"	"ODwyer, Darren"	"Hales, A M"
"15:00:00"	"2007-06-03"	"Southwell"	"Gipsy Cricketer"	"16.00"	"0"	"Handicap Chase"	"4"	"12"	"Kington, John"	"Scudamore, M J"
"18:50:00"	"2007-06-02"	"Kilbeggan"	"Norborne Bandit (IRE)"	"12.00"	"0"	"Handicap Hurdle"	"6"	"11"	"Dunne, R T"	"McGuinness, Adrian"
"15:10:00"	"2007-06-02"	"Hexham"	"Farington Lodge (IRE)"	"11.00"	"0"	"Handicap Chase"	"3"	"19"	"Messenger, Tom"	"Saville, Joss"
"18:20:00"	"2007-06-01"	"Down Royal"	"Liquid Lunch"	"1.00"	"0"	"Handicap Hurdle"	"3"	"12"	"Farrelly, J W"	"Hamilton, B R"
"20:30:00"	"2007-05-31"	"Punchestown"	"Meet The Family (IRE)"	"14.00"	"0"	"Handicap Hurdle"	"5"	"25"	"Butterly, E M"	"Lacy, F J"
"18:25:00"	"2007-05-31"	"Punchestown"	"Ballysheedy (IRE) (OLD)"	"14.00"	"0"	"Handicap Chase"	"7"	"19"	"Flanagan, S W"	"McNamara, A J"
"14:20:00"	"2007-05-30"	"Cartmel"	"Lady Lambrini"	"40.00"	"0"	"Maiden Hurdle"	"7"	"9"	"Laverty, Derek"	"Williamson, Mrs L"
"15:50:00"	"2007-05-27"	"Tralee"	"Oh Be The Hokey (IRE)"	"8.00"	"0"	"Hurdle"	"5"	"7"	"Hogan, D G"	"Swan, C F"
"20:30:00"	"2007-05-23"	"Sligo"	"Bawn Og (IRE)"	"9.00"	"0"	"Handicap Hurdle"	"3"	"16"	"Fahey, Mr M"	"Sexton, Adrian"
"16:30:00"	"2007-05-23"	"Kelso"	"Turbo (IRE) (OLD)"	"9.00"	"0"	"Handicap Hurdle"	"1"	"10"	"Coward, Miss J"	"Easterby, M W"
"16:00:00"	"2007-05-23"	"Kelso"	"Hollows Mill"	"6.00"	"0"	"Handicap Chase"	"3"	"5"	"Hughes, Brian"	"Murtagh, F P"
"15:50:00"	"2007-05-21"	"Newton Abbot"	"Goldbrook"	"20.00"	"0"	"Handicap Hurdle"	"6"	"8"	"White, James"	"Hodges, R J"
"16:55:00"	"2007-05-20"	"Navan"	"Mullica Lad (IRE)"	"10.00"	"0"	"Handicap Chase"	"4"	"25"	"Hassett, S J"	"Flood, Francis J"
"16:35:00"	"2007-05-13"	"Killarney"	"Super Gale (IRE)"	"7.00"	"0"	"Handicap Chase"	"BD"	"15"	"Duff, Mr A T"	"Foster, Mrs Denise"
"15:35:00"	"2007-05-13"	"Killarney"	"Holly Tree (IRE) (OLD)"	"9.00"	"0"	"Handicap Hurdle"	"9"	"18"	"Flanagan, S W"	"Sheehy, E"
"14:10:00"	"2007-05-13"	"Plumpton"	"Coeur DAlene"	"3.50"	"0"	"Handicap Novices Hurdle"	"5"	"11"	"Kavanagh, Wayne"	"Naylor, Dr J R J"
"15:50:00"	"2007-05-12"	"Hexham"	"Justwhateverulike (IRE)"	"6.50"	"0"	"Handicap Hurdle"	"PU"	"13"	"Cummings, Ryan"	"Forster, Miss S E"
"17:25:00"	"2007-05-07"	"Limerick"	"Eight Fifty Six (IRE)"	"10.00"	"0"	"Handicap Hurdle"	"2"	"18"	"Conlon, Mr A"	"Hourigan, Michael"
"16:25:00"	"2007-05-07"	"Limerick"	"The Sham"	"6.50"	"0"	"Handicap Hurdle"	"F"	"18"	"Skehan, Mr D"	"Carey, Patrick"
"15:20:00"	"2007-05-06"	"Sligo"	"Out The Gap (IRE)"	"9.00"	"0"	"Handicap Hurdle"	"11"	"13"	"Enright, P T"	"Hennessy, C"
"20:35:00"	"2007-05-05"	"Hexham"	"Benrajah (IRE)"	"6.00"	"0"	"Hunters Chase"	"3"	"15"	"Barrett, Mr R J"	"Kirby, P A"
"15:40:00"	"2007-05-03"	"Hereford"	"Good Man Again (IRE)"	"25.00"	"0"	"Handicap Chase"	"2"	"7"	"Studd, C M"	"Sadik, A"
"16:35:00"	"2007-04-29"	"Wetherby"	"Seafire Lad (IRE)"	"4.00"	"0"	"Handicap Seller Hurdle"	"8"	"14"	"Collier, Tjade"	"Johnson, R"
"14:50:00"	"2007-04-27"	"Punchestown"	"Hold The Pin (IRE)"	"8.00"	"0"	"Handicap Chase"	"9"	"21"	"Harding, Mr R O"	"Martin, A J"
"14:50:00"	"2007-04-27"	"Punchestown"	"Alickadoo (IRE)"	"25.00"	"0"	"Handicap Chase"	"F"	"21"	"MacAuley, D"	"Jr, T J Nagle"
"18:35:00"	"2007-04-25"	"Worcester"	"Lurid Affair (IRE)"	"11.00"	"0"	"Handicap Hurdle"	"7"	"14"	"Gardner, Lucy"	"Gardner, Mrs S"
"18:25:00"	"2007-04-25"	"Punchestown"	"First Down Jets (IRE)"	"9.00"	"0"	"Hunters Chase"	"7"	"18"	"Harding, Mr R O"	"Burke, W J"
"17:05:00"	"2007-04-25"	"Worcester"	"Fight The Feeling"	"25.00"	"0"	"Handicap Novices Hurdle"	"5"	"14"	"Edwards, Lee"	"Unett, J W"
"17:50:00"	"2007-04-24"	"Punchestown"	"Natural Storm (IRE)"	"20.00"	"0"	"Handicap Chase"	"6"	"16"	"Hassett, S J"	"Flood, Francis J"
"14:20:00"	"2007-04-15"	"Market Rasen"	"Shady Merlin (IRE)"	"14.00"	"0"	"Handicap Seller Hurdle"	"11"	"12"	"Davies, Miss Sarah-Jayne"	"Sowersby, M E"
"16:50:00"	"2007-04-14"	"Chepstow"	"Archway Copse"	"28.00"	"0"	"Handicap Chase"	"2"	"15"	"McCarthy, Willie"	"Williams, Ian"
"17:30:00"	"2007-04-12"	"Aintree"	"Our Jasper"	"100.00"	"0"	"Handicap Hurdle"	"15"	"22"	"Tumelty, Gerard"	"McCain Jnr, D"
"15:50:00"	"2007-04-10"	"Fairyhouse"	"Monoceros (IRE)"	"16.00"	"0"	"Handicap Hurdle"	"3"	"23"	"Jackson, S W"	"Rothwell, P J"
"16:10:00"	"2007-04-08"	"Towcester"	"Tisfreetdream (IRE)"	"12.00"	"0"	"Handicap Hurdle"	"5"	"13"	"Diment, James"	"Pritchard, P A"
"15:35:00"	"2007-04-07"	"Haydock"	"Mr Strachan (IRE)"	"16.00"	"0"	"Handicap Novices Hurdle"	"9"	"16"	"OConnell, Michael"	"Smith, Mrs S J"
"15:00:00"	"2007-04-07"	"Haydock"	"Dhehdaah"	"10.00"	"0"	"Handicap Hurdle"	"5"	"19"	"Tumelty, Gerard"	"Sly, Mrs P"
"18:05:00"	"2007-04-04"	"Gowran Park"	"Ben Ryan (IRE)"	"25.00"	"0"	"Handicap Hurdle"	"5"	"12"	"Clarke, K H"	"Mulhern, Jeffrey Ian"
"16:15:00"	"2007-04-03"	"Wetherby"	"Autograph"	"3.50"	"0"	"Handicap Hurdle"	"2"	"16"	"Green, Miss R A"	"Smith, Mrs S J"
"16:15:00"	"2007-04-03"	"Wetherby"	"Own Line"	"20.00"	"0"	"Handicap Hurdle"	"7"	"16"	"Gibson, Miss W"	"Hetherton, J"
"14:00:00"	"2007-04-03"	"Wetherby"	"Major Oak (IRE)"	"6.00"	"0"	"Novices Hurdle"	"4"	"20"	"Dickinson, Mathew"	"Moore, G M"
"15:05:00"	"2007-04-01"	"Limerick"	"Kahuna (IRE)"	"5.00"	"0"	"Hurdle"	"4"	"16"	"Flanagan, S W"	"Sheehy, E"
"16:25:00"	"2007-03-31"	"Uttoxeter"	"Pardon What"	"8.50"	"0"	"Handicap Hurdle"	"4"	"7"	"Tumelty, Gerard"	"Lycett, Shaun"
"17:55:00"	"2007-03-29"	"Thurles"	"Gaspar (IRE)"	"8.00"	"0"	"Handicap Chase"	"F"	"18"	"Flanagan, S W"	"Arnold, T J"
"14:30:00"	"2007-03-28"	"Towcester"	"Hardybuck (IRE)"	"4.50"	"0"	"Handicap Hurdle"	"13"	"16"	"Wharfe, Bernie"	"Twiston-Davies, N A"
"16:20:00"	"2007-03-21"	"Chepstow"	"Nicks Choice"	"16.00"	"0"	"Handicap Hurdle"	"4"	"13"	"Cummings, Ryan"	"Evans, P D"
"14:30:00"	"2007-03-18"	"Carlisle"	"Minster Abbi"	"11.00"	"0"	"Handicap Novices Hurdle"	"1"	"13"	"Riding, Jenny"	"Storey, W"
"16:30:00"	"2007-03-17"	"Wexford"	"Sonnyanjoe (IRE)"	"7.00"	"0"	"Handicap Hurdle"	"3"	"16"	"Flannery, D F"	"Hogan, T"
"16:15:00"	"2007-03-17"	"Down Royal"	"Theboyfrombulawayo (IRE)"	"5.50"	"0"	"Beginners Chase"	"1"	"18"	"OHare, Mr M J"	"McBratney, C A"
"15:00:00"	"2007-03-17"	"Newcastle"	"General Hardi"	"8.50"	"0"	"Handicap Novices Hurdle"	"7"	"16"	"Davis, Fearghal"	"Wade, J"
"14:15:00"	"2007-03-17"	"Down Royal"	"Subtle Prince"	"25.00"	"0"	"Maiden Hurdle"	"14"	"20"	"Hogan, D G"	"Cleary, Thomas"
"15:40:00"	"2007-03-14"	"Huntingdon"	"Kings Thought"	"4.00"	"0"	"Handicap Hurdle"	"F"	"12"	"Green, Miss R A"	"Gollings, S"
"14:50:00"	"2007-03-13"	"Sedgefield"	"Michaels Dream (IRE)"	"6.50"	"0"	"Handicap Hurdle"	"4"	"7"	"Benson, P J"	"Wilson, N"
"16:20:00"	"2007-03-11"	"Market Rasen"	"Fullards"	"22.00"	"0"	"Handicap Hurdle"	"F"	"11"	"Tumelty, Gerard"	"Sly, Mrs P"
"16:10:00"	"2007-03-11"	"Warwick"	"La Marette"	"11.00"	"0"	"Handicap Hurdle"	"4"	"12"	"Jones, S P"	"Sheppard, M"
"16:00:00"	"2007-03-11"	"Naas"	"Camden Tanner (IRE)"	"5.50"	"0"	"Handicap Hurdle"	"2"	"15"	"Enright, P T"	"Tyner, Robert"
"16:00:00"	"2007-03-11"	"Naas"	"The Budgee"	"12.00"	"0"	"Handicap Hurdle"	"10"	"15"	"Gray, S J"	"Hourigan, Michael P"
"15:50:00"	"2007-03-11"	"Market Rasen"	"Haggle Twins (IRE)"	"2.25"	"0"	"Handicap Chase"	"2"	"10"	"Quintin, Mr J"	"Mann, C J"
"14:55:00"	"2007-03-08"	"Thurles"	"Tawnies (IRE)"	"8.00"	"0"	"Maiden Hurdle"	"2"	"18"	"Enright, P T"	"OLeary, Thomas Gerard"
"15:35:00"	"2007-03-01"	"Limerick"	"Best All Stars (IRE)"	"10.00"	"0"	"Handicap Hurdle"	"2"	"18"	"Fahy, D P"	"Hassett, Donal"
"14:20:00"	"2007-03-01"	"Taunton"	"Boom Or Bust (IRE)"	"20.00"	"0"	"Handicap Seller Hurdle"	"6"	"12"	"Dehdashti, Eamon"	"George, Karen"
"17:10:00"	"2007-02-28"	"Downpatrick"	"Thetimesright (IRE)"	"8.00"	"0"	"NH Flat"	"4"	"15"	"McKeown, Mr J P"	"Sheehy, E"
"14:40:00"	"2007-02-27"	"Catterick"	"Sea Cove"	"5.00"	"0"	"Handicap Seller Hurdle"	"PU"	"13"	"Brotherton, Miss S"	"Swinbank, G A"
"16:40:00"	"2007-02-25"	"Naas"	"Lotomore Lad (IRE)"	"20.00"	"0"	"Handicap Hurdle"	"1"	"24"	"Fahy, D P"	"Hassett, Donal"
"16:40:00"	"2007-02-25"	"Naas"	"The Hoodoo Remains (IRE)"	"20.00"	"0"	"Handicap Hurdle"	"12"	"24"	"Flanagan, S W"	"Doyle, Miss Elizabeth"
"15:30:00"	"2007-02-24"	"Newcastle"	"Chabrimal Minster"	"16.00"	"0"	"Handicap Chase"	"3"	"16"	"Greenway, Tom"	"Ford, R"
"14:20:00"	"2007-02-24"	"Newcastle"	"Little Big Horse (IRE)"	"7.50"	"0"	"Handicap Chase"	"1"	"7"	"OConnell, Michael"	"Smith, Mrs S J"
"14:55:00"	"2007-02-21"	"Punchestown"	"Silver Birch (IRE)"	"14.00"	"0"	"Hurdle"	"4"	"12"	"Fahy, D P"	"Elliott, Gordon"
"14:25:00"	"2007-02-21"	"Punchestown"	"Holly Tree (IRE) (OLD)"	"2.50"	"0"	"Novices Hurdle"	"3"	"8"	"Flanagan, S W"	"Sheehy, E"
"15:10:00"	"2007-02-20"	"Taunton"	"Albarino (IRE)"	"16.00"	"0"	"Handicap Novices Chase"	"4"	"8"	"Kington, John"	"Scudamore, M J"
"16:40:00"	"2007-02-18"	"Navan"	"Not Today Sir (IRE)"	"12.00"	"0"	"Handicap Chase"	"8"	"14"	"Maxwell, C D"	"Flynn, Michael"
"16:30:00"	"2007-02-17"	"Uttoxeter"	"Finzi (IRE)"	"3.50"	"0"	"Handicap Chase"	"2"	"7"	"Kington, John"	"Scudamore, M J"
"15:20:00"	"2007-02-17"	"Uttoxeter"	"Thenameescapesme"	"3.50"	"0"	"Novices Seller Hurdle"	"4"	"11"	"Byrne, S W"	"George, T R"
"15:20:00"	"2007-02-17"	"Uttoxeter"	"Mayyas"	"4.50"	"0"	"Novices Seller Hurdle"	"6"	"11"	"Messenger, Tom"	"Bealby, C C"
"16:30:00"	"2007-02-15"	"Thurles"	"Satco Touch (IRE)"	"16.00"	"0"	"Beginners Chase"	"5"	"16"	"Joyce, A B"	"Whitmore, Leonard"
"16:10:00"	"2007-02-15"	"Kelso"	"Political Cruise"	"4.50"	"0"	"Handicap Chase"	"9"	"14"	"Ellwood, Mr M"	"Nixon, R"
"15:10:00"	"2007-02-15"	"Kelso"	"Shannons Pride (IRE)"	"20.00"	"0"	"Handicap Chase"	"7"	"12"	"Callaghan, Paul"	"Guest, R C"
"15:25:00"	"2007-02-11"	"Naas"	"Your Almost There (IRE)"	"12.00"	"0"	"Handicap Chase"	"5"	"11"	"Gray, S J"	"Phillips, Michael John"
"16:25:00"	"2007-02-04"	"Limerick"	"Knocknabohill (IRE)"	"10.00"	"0"	"Handicap Chase"	"6"	"9"	"Joyce, A B"	"Ryan, Malachy J"
"16:10:00"	"2007-02-04"	"Fontwell"	"Once Seen"	"9.00"	"0"	"Handicap Hurdle"	"PU"	"12"	"Tumelty, Gerard"	"Morlock, C P"
"15:05:00"	"2007-02-04"	"Punchestown"	"Public Reaction"	"20.00"	"0"	"Handicap Chase"	"PU"	"16"	"King, Mr J J"	"Hales, Edward U"
"14:55:00"	"2007-02-04"	"Limerick"	"Broughtons Flush"	"16.00"	"0"	"Maiden Hurdle"	"5"	"14"	"Flanagan, S W"	"Sheehy, E"
"13:05:00"	"2007-02-04"	"Punchestown"	"Oulart"	"25.00"	"0"	"Handicap Hurdle"	"2"	"17"	"Maxwell, C D"	"Hughes, D T"
"13:05:00"	"2007-02-04"	"Punchestown"	"A New Story (IRE)"	"6.50"	"0"	"Handicap Hurdle"	"4"	"17"	"Gray, S J"	"Hourigan, Michael"
"16:15:00"	"2007-02-01"	"Thurles"	"Gemini Future (IRE)"	"25.00"	"0"	"Handicap Hurdle"	"6"	"17"	"Somers, Ms H"	"Kent, Ms A M"
"14:15:00"	"2007-02-01"	"Thurles"	"Rockspring Hero"	"25.00"	"0"	"Handicap Chase"	"9"	"18"	"Ferris, M J"	"Walsh, John J"
"14:50:00"	"2007-01-30"	"Folkestone"	"Misbehaviour"	"14.00"	"0"	"Handicap Hurdle"	"8"	"10"	"Dehdashti, Eamon"	"Moore, Gary and Josh"
"15:55:00"	"2007-01-28"	"Leopardstown"	"Pay To Production (IRE)"	"6.50"	"0"	"Handicap Hurdle"	"10"	"18"	"Maxwell, C D"	"Roche, C"
"14:35:00"	"2007-01-28"	"Kelso"	"Crackleando"	"8.00"	"0"	"Handicap Hurdle"	"2"	"14"	"McDonald, P J"	"McGregor, Mrs J C"
"15:20:00"	"2007-01-26"	"Hereford"	"Win A Rose (IRE)"	"6.00"	"0"	"Handicap Hurdle"	"7"	"13"	"Jones, S P"	"Bowen, Peter / Michael"
"15:50:00"	"2007-01-25"	"Fontwell"	"Denarius Secundus"	"28.00"	"0"	"Handicap Chase"	"8"	"14"	"Kavanagh, Wayne"	"Mitchell, N R"
"15:50:00"	"2007-01-23"	"Thurles"	"Gaza Strip (IRE)"	"12.00"	"0"	"Hurdle"	"PU"	"17"	"Carey, B S"	"ONeill, G M"
"13:15:00"	"2007-01-20"	"Naas"	"Countrycousin (IRE)"	"25.00"	"0"	"Maiden Hurdle"	"7"	"24"	"Hogan, D G"	"Swan, C F"
"15:30:00"	"2007-01-14"	"Leopardstown"	"Eagles High (IRE)"	"50.00"	"0"	"Handicap Hurdle"	"23"	"27"	"Cawley, A P"	"Brady, Patrick O"
"14:20:00"	"2007-01-14"	"Leopardstown"	"Dolphin Bay (IRE)"	"14.00"	"0"	"Handicap Hurdle"	"14"	"30"	"Joyce, A B"	"Burns, J G"
"15:15:00"	"2007-01-13"	"Kempton"	"Turtle Soup (IRE)"	"40.00"	"0"	"Handicap Hurdle"	"5"	"17"	"Butler, Robert L"	"George, T R"
"12:40:00"	"2007-01-13"	"Wetherby"	"Network Oscar (IRE)"	"20.00"	"0"	"Handicap Hurdle"	"10"	"14"	"Greenall, Mr O"	"Easterby, M W"
"14:20:00"	"2007-01-12"	"Huntingdon"	"Pauntley Gofa"	"25.00"	"0"	"Handicap Chase"	"6"	"7"	"White, James"	"Harper, R C"
"13:25:00"	"2007-01-11"	"Limerick"	"Holly Tree (IRE) (OLD)"	"2.50"	"0"	"Novices Hurdle"	"1"	"10"	"Flanagan, S W"	"Sheehy, E"
"15:10:00"	"2007-01-04"	"Fontwell"	"Coustou (IRE)"	"50.00"	"0"	"Handicap Hurdle"	"PU"	"15"	"Killoran, R J"	"Stronge, R M"
"13:25:00"	"2007-01-03"	"Wetherby"	"Circassian (IRE)"	"8.00"	"0"	"Handicap Hurdle"	"5"	"7"	"Hughes, Brian"	"Johnson, J Howard"
"14:10:00"	"2006-12-31"	"Punchestown"	"Selous Scout (IRE)"	"12.00"	"0"	"Handicap Hurdle"	"5"	"21"	"Fagan, A P"	"Fowler, J R H"
"15:20:00"	"2006-12-29"	"Taunton"	"Red Moor (IRE)"	"8.00"	"0"	"Handicap Hurdle"	"3"	"10"	"Stephens, Lee"	"Hamer, Mrs D A"
"14:50:00"	"2006-12-28"	"Limerick"	"Haydens First (IRE)"	"3.50"	"0"	"Beginners Chase"	"1"	"16"	"OConnor, Mr M J"	"Cooper, Thomas"
"14:30:00"	"2006-12-28"	"Leicester"	"Major Euro (IRE)"	"33.00"	"0"	"Handicap Chase"	"PU"	"13"	"Messenger, Tom"	"Gilmore, S J"
"14:20:00"	"2006-12-28"	"Limerick"	"Ard Hudie (IRE)"	"16.00"	"0"	"Handicap Hurdle"	"8"	"15"	"OShea, N J"	"Harney, W"
"14:35:00"	"2006-12-27"	"Leopardstown"	"Cane Brake (IRE)"	"14.00"	"0"	"Handicap Chase"	"1"	"28"	"Joyce, A B"	"Taaffe, T J"
"14:15:00"	"2006-12-27"	"Limerick"	"Black Amerillo (IRE)"	"20.00"	"0"	"Handicap Hurdle"	"7"	"17"	"Cawley, A P"	"Lynch, G T"
"13:30:00"	"2006-12-27"	"Chepstow"	"Nicks Choice"	"50.00"	"0"	"Handicap Hurdle"	"PU"	"17"	"Messenger, Tom"	"Doyle, M A"
"15:15:00"	"2006-12-26"	"Sedgefield"	"College City (IRE)"	"12.00"	"0"	"Handicap Hurdle"	"UR"	"6"	"Moorman, Jonathan"	"Guest, R C"
"14:30:00"	"2006-12-26"	"Down Royal"	"Zaffran Lady (IRE)"	"7.00"	"0"	"Handicap Chase"	"PU"	"20"	"Lalor, Miss E A"	"Moore, A L T"
"14:25:00"	"2006-12-26"	"Towcester"	"Bonnets Pieces"	"8.00"	"0"	"Handicap Novices Hurdle"	"5"	"7"	"Butler, Robert L"	"Sly, Mrs P"
"14:15:00"	"2006-12-26"	"Market Rasen"	"Blackergreen"	"2.00"	"0"	"Handicap Novices Chase"	"UR"	"7"	"Collier, Tjade"	"Smith, Mrs S J"
"14:00:00"	"2006-12-26"	"Down Royal"	"Mister Month (IRE)"	"5.00"	"0"	"Beginners Chase"	"F"	"17"	"Hogan, D G"	"Swan, C F"
"13:55:00"	"2006-12-26"	"Wetherby"	"Allistathebarrista (IRE)"	"4.00"	"0"	"Handicap Hurdle"	"1"	"11"	"OConnell, Michael"	"Smith, Mrs S J"
"13:30:00"	"2006-12-26"	"Down Royal"	"The Duck (IRE)"	"10.00"	"0"	"Handicap Hurdle"	"11"	"16"	"Butler, M P"	"Torrens, Mervyn"
"13:05:00"	"2006-12-26"	"Market Rasen"	"Its Bertie"	"1.38"	"0"	"Novices Chase"	"4"	"8"	"Collier, Tjade"	"Smith, Mrs S J"
"13:05:00"	"2006-12-26"	"Market Rasen"	"Arjay"	"25.00"	"0"	"Novices Chase"	"UR"	"8"	"McDonald, P J"	"Clark, S B"
"13:00:00"	"2006-12-26"	"Sedgefield"	"Recent Edition (IRE)"	"7.00"	"0"	"Handicap Chase"	"6"	"10"	"Dawson, Mr C"	"Wade, J"
"12:40:00"	"2006-12-26"	"Towcester"	"Clockers Corner (IRE) (OLD)"	"6.00"	"0"	"Handicap Chase"	"6"	"8"	"Butler, Robert L"	"Cornwall, J R"
"12:30:00"	"2006-12-26"	"Market Rasen"	"Keen Warrior"	"16.00"	"0"	"Handicap Hurdle"	"4"	"15"	"Benson, P J"	"Lamyman, Mrs S"
"12:30:00"	"2006-12-26"	"Market Rasen"	"Rebel Raider (IRE)"	"22.00"	"0"	"Handicap Hurdle"	"5"	"15"	"Messenger, Tom"	"Pollock, B N"
"12:00:00"	"2006-12-26"	"Market Rasen"	"Worlaby Dale"	"14.00"	"0"	"Handicap Seller Hurdle"	"5"	"8"	"Benson, P J"	"Lamyman, Mrs S"
"12:40:00"	"2006-12-23"	"Hereford"	"Celtic Romance"	"18.00"	"0"	"Handicap Novices Hurdle"	"5"	"16"	"Poste, Charlie"	"Smith, Ms Sue"
"15:00:00"	"2006-12-22"	"Hereford"	"Columbus (IRE)"	"66.00"	"0"	"Handicap Hurdle"	"8"	"15"	"Stephens, Lee"	"Candlish, Jennie"
"14:50:00"	"2006-12-21"	"Exeter"	"Even More (IRE)"	"8.00"	"0"	"Handicap Chase"	"4"	"8"	"Green, Miss R A"	"Alner, R H"
"14:10:00"	"2006-12-21"	"Ludlow"	"Gold Guest"	"20.00"	"0"	"Handicap Hurdle"	"9"	"16"	"Jones, S P"	"Evans, P D"
"14:35:00"	"2006-12-17"	"Navan"	"Demesne"	"14.00"	"0"	"Handicap Hurdle"	"8"	"16"	"Ryder, S E"	"Hogan, P"
"12:45:00"	"2006-12-17"	"Thurles"	"Your Almost There (IRE)"	"25.00"	"0"	"Handicap Chase"	"8"	"18"	"Dunne, R T"	"Phillips, Michael John"
"14:05:00"	"2006-12-16"	"Haydock"	"Tees Components"	"9.00"	"0"	"Handicap Hurdle"	"8"	"10"	"Reveley, James"	"Reveley, K G"
"12:50:00"	"2006-12-14"	"Catterick"	"Macreater"	"50.00"	"0"	"Handicap Hurdle"	"3"	"11"	"Haynes, Harry"	"Morgan, K A"
"14:25:00"	"2006-12-13"	"Newbury"	"Kerstino Two"	"3.00"	"0"	"Handicap Chase"	"2"	"7"	"Snowden, Jamie"	"Longsdon, C E"
"13:35:00"	"2006-12-10"	"Punchestown"	"Dr Willie Martin (IRE)"	"14.00"	"0"	"Handicap Hurdle"	"PU"	"18"	"Hogan, D G"	"Austin, W J"
"12:40:00"	"2006-12-10"	"Cork"	"Golden Triangle (IRE)"	"16.00"	"0"	"Handicap Novices Hurdle"	"4"	"22"	"Power, E F"	"Carey, Patrick"
"14:30:00"	"2006-12-09"	"Navan"	"The Long Haul (IRE) (OLD)"	"6.50"	"0"	"Handicap Hurdle"	"1"	"16"	"Maxwell, C D"	"Broderick, J P"
"15:00:00"	"2006-12-07"	"Huntingdon"	"Gipsy Cricketer"	"5.50"	"0"	"Handicap Chase"	"5"	"7"	"Kington, John"	"Scudamore, M J"
"13:05:00"	"2006-12-07"	"Clonmel"	"Sea Diva (IRE)"	"4.50"	"0"	"Maiden Hurdle"	"4"	"17"	"OShea, N J"	"Hughes, D T"
"12:30:00"	"2006-12-07"	"Huntingdon"	"Stars Delight (IRE)"	"25.00"	"0"	"Handicap Hurdle"	"7"	"18"	"Butler, Robert L"	"Best, Jim"
"15:20:00"	"2006-12-06"	"Hexham"	"Moon Mist"	"8.00"	"0"	"Handicap Hurdle"	"4"	"10"	"Haynes, Harry"	"Alexander, N W"
"13:20:00"	"2006-12-06"	"Hexham"	"Roadworthy (IRE)"	"16.00"	"0"	"Maiden Hurdle"	"5"	"9"	"McDonald, P J"	"Young, W G"
"15:20:00"	"2006-12-05"	"Sedgefield"	"Star Time (IRE)"	"3.50"	"0"	"Handicap Hurdle"	"6"	"11"	"Kington, John"	"Scudamore, M J"
"14:20:00"	"2006-12-02"	"Fairyhouse"	"Brave Eagle (IRE) (OLD)"	"12.00"	"0"	"Handicap Chase"	"6"	"18"	"Leigh, A D"	"Kelly, Patrick G"
"14:45:00"	"2006-11-30"	"Thurles"	"Sweet Kiln (IRE)"	"4.50"	"0"	"Hurdle"	"3"	"18"	"Ferris, M J"	"Bowe, James"
"14:15:00"	"2006-11-25"	"Towcester"	"Great As Gold (IRE)"	"4.50"	"0"	"Handicap Hurdle"	"3"	"7"	"McDonald, P J"	"Ellison, B"
"13:15:00"	"2006-11-23"	"Thurles"	"Little Alou (IRE)"	"7.00"	"0"	"Handicap Chase"	"PU"	"18"	"Flannery, D F"	"Danagher, Mrs Maureen"
"12:25:00"	"2006-11-22"	"Wetherby"	"Own Line"	"28.00"	"0"	"Claimer Hurdle"	"6"	"10"	"Benson, P J"	"Hetherton, J"
"14:50:00"	"2006-11-21"	"Sedgefield"	"Michaels Dream (IRE)"	"16.00"	"0"	"Handicap Hurdle"	"4"	"8"	"Collier, Tjade"	"Wilson, N"
"14:15:00"	"2006-11-21"	"Sedgefield"	"College City (IRE)"	"6.00"	"0"	"Handicap Chase"	"7"	"10"	"Stephens, Lee"	"Guest, R C"
"12:50:00"	"2006-11-20"	"Ludlow"	"Uncle Max (IRE)"	"5.00"	"0"	"Seller Hurdle"	"6"	"12"	"Kington, John"	"Scudamore, M J"
"15:15:00"	"2006-11-19"	"Punchestown"	"Badgerlaw (IRE)"	"2.00"	"0"	"Maiden Hurdle"	"4"	"20"	"Leigh, A D"	"Harrington, Mrs John"
"12:45:00"	"2006-11-19"	"Punchestown"	"Harry Husyan (IRE)"	"14.00"	"0"	"Handicap Chase"	"8"	"14"	"Cawley, A P"	"Keane, Gerard"
"12:45:00"	"2006-11-19"	"Punchestown"	"Eurocelt (IRE)"	"14.00"	"0"	"Handicap Chase"	"PU"	"14"	"Leigh, A D"	"Hayes, G"
"15:50:00"	"2006-11-16"	"Hereford"	"Lord Ashfordly"	"22.00"	"0"	"Maiden NH Flat"	"9"	"15"	"Treadwell, Liam"	"Oshea, J G M"
"14:20:00"	"2006-11-15"	"Hexham"	"Naunton Brook"	"10.00"	"0"	"Handicap Chase"	"1"	"12"	"England, David"	"Twiston-Davies, N A"
"13:00:00"	"2006-11-14"	"Fakenham"	"Chain"	"33.00"	"0"	"Handicap Seller Hurdle"	"7"	"9"	"Glassonbury, Andrew"	"Brennan, O"
"14:45:00"	"2006-11-12"	"Limerick"	"Condara (IRE)"	"25.00"	"0"	"Maiden Hurdle"	"15"	"17"	"Porter, Mr D G"	"Rothwell, P J"
"13:10:00"	"2006-11-12"	"Limerick"	"Coast To Coast (IRE) (OLD)"	"8.00"	"0"	"Handicap Hurdle"	"F"	"11"	"Ferris, M J"	"OGrady, E J"
"15:25:00"	"2006-11-11"	"Wetherby"	"King Killone (IRE)"	"3.50"	"0"	"Handicap Chase"	"1"	"9"	"Kinsella, Phil"	"Hogarth, H P"
"14:20:00"	"2006-11-11"	"Wetherby"	"Finzi (IRE)"	"4.00"	"0"	"Handicap Chase"	"4"	"8"	"Kington, John"	"Scudamore, M J"
"15:40:00"	"2006-11-10"	"Cheltenham"	"Champagne Harry"	"33.00"	"0"	"Handicap Hurdle"	"8"	"20"	"Wharfe, Bernie"	"Twiston-Davies, N A"
"15:20:00"	"2006-11-10"	"Newcastle"	"Sands Rising"	"20.00"	"0"	"Handicap Chase"	"4"	"5"	"McGann, Declan"	"Johnson, R"
"14:45:00"	"2006-11-10"	"Newcastle"	"Roadworthy (IRE)"	"25.00"	"0"	"Handicap Hurdle"	"3"	"19"	"McDonald, P J"	"Young, W G"
"14:45:00"	"2006-11-09"	"Thurles"	"Hasanpour (IRE)"	"10.00"	"0"	"Handicap Chase"	"2"	"18"	"Enright, P T"	"Roche, Paul A"
"14:45:00"	"2006-11-09"	"Thurles"	"Mister Kilford (IRE)"	"20.00"	"0"	"Handicap Chase"	"11"	"18"	"McCarthy, E C"	"Phelan, J R"
"13:10:00"	"2006-11-09"	"Taunton"	"Boom Or Bust (IRE)"	"25.00"	"0"	"Handicap Seller Hurdle"	"9"	"13"	"Dehdashti, Eamon"	"George, Karen"
"14:50:00"	"2006-11-05"	"Cork"	"Rest My Case (IRE) (OLD)"	"50.00"	"0"	"Maiden Hurdle"	"9"	"24"	"Ferris, M J"	"Kelleher, William F"
"14:15:00"	"2006-11-05"	"Cork"	"Lonesome Day (IRE) (OLD)"	"12.00"	"0"	"Handicap Chase"	"5"	"12"	"Hogan, D G"	"Bolger, E"
"16:10:00"	"2006-11-03"	"Fontwell"	"One Cornetto (IRE)"	"16.00"	"0"	"Handicap Chase"	"7"	"8"	"Morgan, Justin"	"Wells, L"
"14:10:00"	"2006-11-02"	"Haydock"	"Rojabaa"	"25.00"	"0"	"Handicap Hurdle"	"8"	"12"	"Heard, Liam"	"Leavy, B D"
"13:00:00"	"2006-11-01"	"Chepstow"	"Mistress Nell"	"50.00"	"0"	"Maiden Hurdle"	"PU"	"16"	"Butler, Robert L"	"Lidderdale, A J"
"14:40:00"	"2006-10-30"	"Plumpton"	"Hill Forts Henry"	"2.50"	"0"	"Handicap Novices Chase"	"1"	"7"	"Kavanagh, Wayne"	"Mullins, J W"
"16:25:00"	"2006-10-28"	"Naas"	"Pacolet (IRE)"	"12.00"	"0"	"Handicap Hurdle"	"2"	"19"	"Maxwell, C D"	"Flynn, Patrick J"
"15:55:00"	"2006-10-25"	"Cheltenham"	"Lady Of Scarvagh (IRE)"	"9.00"	"0"	"Handicap Chase"	"F"	"12"	"Biddick, Mr W"	"Scudamore, M J"
"16:40:00"	"2006-10-21"	"Kelso"	"First Cry (IRE)"	"2.75"	"0"	"Novices Hurdle"	"2"	"13"	"Benson, P J"	"Richards, N G"
"15:55:00"	"2006-10-21"	"Fairyhouse"	"Boleyknowsbest (IRE)"	"20.00"	"0"	"Beginners Chase"	"6"	"16"	"Leigh, A D"	"Burns, R P"
"17:15:00"	"2006-10-19"	"Punchestown"	"Big King (IRE)"	"16.00"	"0"	"Handicap Chase"	"PU"	"21"	"Motherway, Mr C"	"OLeary, Gerard"
"15:40:00"	"2006-10-16"	"Plumpton"	"Ri Na Realta (IRE)"	"16.00"	"0"	"Handicap Novices Chase"	"UR"	"12"	"Kavanagh, Wayne"	"Mullins, J W"
"17:15:00"	"2006-10-08"	"Limerick"	"Hordago (IRE)"	"14.00"	"0"	"Beginners Chase"	"9"	"16"	"Byrnes, B C"	"McNamara, E"
"15:40:00"	"2006-10-07"	"Hexham"	"Top The Bill (IRE)"	"12.00"	"0"	"Handicap Hurdle"	"1"	"12"	"Byrne, S W"	"Watt, Mrs S A"
"16:25:00"	"2006-10-04"	"Tralee"	"Another Barrell (IRE)"	"12.00"	"0"	"Handicap Hurdle"	"2"	"20"	"McKeown, Mr J P"	"OBrien, V T"
"14:10:00"	"2006-10-04"	"Exeter"	"Tianyi (IRE)"	"7.00"	"0"	"Handicap Seller Hurdle"	"4"	"9"	"Kington, John"	"Scudamore, M J"
"16:00:00"	"2006-10-03"	"Huntingdon"	"Sun King"	"6.00"	"0"	"Handicap Hurdle"	"8"	"11"	"Reveley, James"	"Reveley, K G"
"16:00:00"	"2006-10-01"	"Kelso"	"Gone Too Far (OLD)"	"12.00"	"0"	"Handicap Hurdle"	"12"	"15"	"Silva, David Da"	"Monteith, P"
"16:55:00"	"2006-09-27"	"Downpatrick"	"Innisfree (IRE) (OLD)"	"12.00"	"0"	"Handicap Chase"	"F"	"14"	"Bolger, M J"	"Carr, John G"
"17:50:00"	"2006-09-26"	"Sedgefield"	"Just Good Friends (IRE)"	"22.00"	"0"	"Handicap Novices Hurdle"	"7"	"14"	"Cullinane, David"	"Crow, A M"
"15:30:00"	"2006-09-26"	"Sedgefield"	"Red Sun"	"6.50"	"0"	"Claimer Hurdle"	"1"	"13"	"Kinsella, Phil"	"Mackie, J"
"16:50:00"	"2006-09-24"	"Huntingdon"	"Sundawn Lady"	"7.00"	"0"	"Handicap Hurdle"	"1"	"20"	"Tumelty, Gerard"	"Morlock, C P"
"15:25:00"	"2006-09-17"	"Uttoxeter"	"Aliby (IRE)"	"9.00"	"0"	"Handicap Seller Hurdle"	"8"	"16"	"Messenger, Tom"	"Rees, D A"
"18:55:00"	"2006-09-12"	"Galway"	"Sonne Cinq (IRE)"	"7.00"	"0"	"Handicap Hurdle"	"5"	"20"	"Kiely, R J"	"Mullins, W P"
"18:55:00"	"2006-09-12"	"Galway"	"Cara Deas (IRE)"	"16.00"	"0"	"Handicap Hurdle"	"12"	"20"	"Fahy, M P"	"OBrien, V T"
"16:00:00"	"2006-09-08"	"Bangor"	"Spectrometer"	"20.00"	"0"	"Handicap Hurdle"	"11"	"12"	"McCarthy, Willie"	"Williams, Ian"
"16:30:00"	"2006-09-06"	"Uttoxeter"	"Friendly Request"	"9.00"	"0"	"Handicap Hurdle"	"10"	"15"	"Burke, Keiran"	"Hawke, N J"
"15:20:00"	"2006-09-03"	"Worcester"	"Lost In The Snow (IRE)"	"9.00"	"0"	"Handicap Novices Chase"	"UR"	"9"	"Payter, Mr L R"	"Sheppard, M"
"17:00:00"	"2006-08-29"	"Sedgefield"	"North Landing (IRE)"	"33.00"	"0"	"Handicap Hurdle"	"11"	"12"	"Merrigan, Paddy"	"Guest, R C"
"19:20:00"	"2006-08-24"	"Fontwell"	"Waynesworld (IRE)"	"2.00"	"0"	"Handicap Chase"	"1"	"6"	"Kington, John"	"Scudamore, M J"
"14:45:00"	"2006-08-21"	"Newton Abbot"	"Scarface"	"2.75"	"0"	"Seller Hurdle"	"2"	"6"	"Diment, James"	"Spearing, J L"
"15:40:00"	"2006-08-20"	"Newton Abbot"	"Sweet Diversion (IRE)"	"6.00"	"0"	"Handicap Chase"	"9"	"14"	"Heard, Liam"	"Nicholls, P F"
"17:55:00"	"2006-08-11"	"Wexford"	"Clochmhaoil Castle (IRE)"	"2.25"	"0"	"Handicap Hurdle"	"1"	"10"	"Cawley, A P"	"Nolan, Paul"
"14:50:00"	"2006-08-11"	"Worcester"	"Shamsan (IRE)"	"6.50"	"0"	"Claimer Hurdle"	"2"	"14"	"Walsh, S P"	"Joseph, J"
"14:45:00"	"2006-08-07"	"Cork"	"Kiranga (IRE)"	"8.00"	"0"	"Handicap Hurdle"	"4"	"16"	"McCarthy, Willie"	"Sheehan, James G"
"15:20:00"	"2006-08-06"	"Galway"	"Ryanally (IRE)"	"6.00"	"0"	"Handicap Hurdle"	"5"	"12"	"Hogan, D G"	"Swan, C F"
"14:55:00"	"2006-08-06"	"Cork"	"Proletariat"	"6.00"	"0"	"Handicap Hurdle"	"3"	"10"	"Molloy, T"	"Doyle, Miss Elizabeth"
"14:25:00"	"2006-08-06"	"Cork"	"Rory Sunset (IRE)"	"7.00"	"0"	"Hurdle"	"6"	"13"	"Flynn, L P"	"Swan, C F"
"15:20:00"	"2006-08-05"	"Galway"	"Supergood (IRE)"	"50.00"	"0"	"Handicap Hurdle"	"PU"	"13"	"Leigh, A D"	"Madden, I"
"18:15:00"	"2006-08-04"	"Galway"	"Commonchero (IRE)"	"4.00"	"0"	"Handicap Chase"	"4"	"7"	"Lynch, A E"	"OBrien, M J P"
"17:10:00"	"2006-08-04"	"Galway"	"West Route (IRE)"	"11.00"	"0"	"Handicap Hurdle"	"6"	"19"	"Flynn, L P"	"Madden, I"
"15:40:00"	"2006-08-03"	"Galway"	"Mirpour (IRE)"	"20.00"	"0"	"Handicap Hurdle"	"17"	"20"	"Molloy, T"	"Griffin, Eoin"
"20:00:00"	"2006-08-01"	"Perth"	"Sono"	"16.00"	"0"	"Handicap Hurdle"	"2"	"11"	"Hughes, Brian"	"Niven, P D"
"20:30:00"	"2006-07-21"	"Kilbeggan"	"Room To Room Suite (IRE)"	"5.00"	"0"	"Beginners Chase"	"2"	"11"	"Lynch, A E"	"Christie, D M"
"19:00:00"	"2006-07-21"	"Kilbeggan"	"Glenbane Lady (IRE)"	"10.00"	"0"	"Handicap Hurdle"	"4"	"16"	"Doyle, Jack"	"Crowley, Joseph"
"19:35:00"	"2006-07-19"	"Worcester"	"Eyes To The Right (IRE)"	"33.00"	"0"	"Handicap Novices Chase"	"4"	"8"	"Messenger, Tom"	"Burchell, D"
"16:50:00"	"2006-07-16"	"Perth"	"Mana-Mou Bay (IRE)"	"20.00"	"0"	"Handicap Hurdle"	"2"	"6"	"Stokell, Ann"	"Charlton, J I A"
"20:10:00"	"2006-07-11"	"Uttoxeter"	"Barton Park"	"10.00"	"0"	"Handicap Chase"	"1"	"10"	"Jacob, Daryl"	"Keane, D P"
"17:10:00"	"2006-07-09"	"Market Rasen"	"The Holy Bee (IRE)"	"7.50"	"0"	"Handicap Chase"	"1"	"13"	"Kavanagh, Wayne"	"Humphrey, Mrs S J"
"17:45:00"	"2006-07-07"	"Wexford"	"First Fix (IRE)"	"5.50"	"0"	"Handicap Hurdle"	"10"	"16"	"Quinlan, Mr R P"	"Kelly, Shane Joseph"
"18:00:00"	"2006-07-05"	"Bellewstown"	"Sangenesius (IRE)"	"25.00"	"0"	"Handicap Hurdle"	"SU"	"16"	"Messenger, Craig"	"Mooney, P M"
"15:50:00"	"2006-06-25"	"Hexham"	"Carriage Ride (IRE)"	"66.00"	"0"	"Handicap Novices Chase"	"PU"	"11"	"Messenger, Tom"	"Stone, W B"
"14:20:00"	"2006-06-25"	"Hexham"	"Bollin Thomas"	"1.00"	"0"	"Novices Hurdle"	"3"	"8"	"Kinsella, Phil"	"Allan, R"
"19:55:00"	"2006-06-19"	"Ballinrobe"	"Garsington (IRE)"	"8.00"	"0"	"Handicap Chase"	"3"	"16"	"Molloy, R J"	"Hourigan, Michael"
"20:25:00"	"2006-06-16"	"Navan"	"Jupiter Hollow (IRE)"	"8.00"	"0"	"Handicap Chase"	"8"	"11"	"Duff, Mr A T"	"Carberry, Thomas"
"14:20:00"	"2006-06-14"	"Market Rasen"	"Minivet"	"20.00"	"0"	"Handicap Seller Hurdle"	"6"	"17"	"Kinsella, Phil"	"Allan, R"
"18:45:00"	"2006-06-09"	"Wexford"	"Wishes Or Watches (IRE)"	"12.00"	"0"	"Handicap Hurdle"	"4"	"16"	"Molloy, T"	"Griffin, Eoin"
"16:10:00"	"2006-06-08"	"Newton Abbot"	"Blue Americo (IRE)"	"5.50"	"0"	"Beginners Chase"	"F"	"7"	"Heard, Liam"	"Nicholls, P F"
"15:40:00"	"2006-06-08"	"Newton Abbot"	"Bonny Boy (IRE)"	"25.00"	"0"	"Handicap Seller Hurdle"	"PU"	"12"	"Rowsell, Mrs Lucy"	"Rees, D A"
"15:00:00"	"2006-06-07"	"Sedgefield"	"Amjad (OLD)"	"18.00"	"0"	"Handicap Seller Hurdle"	"9"	"14"	"McAlister, Michael"	"Milligan, Miss Kate"
"20:40:00"	"2006-06-06"	"Fontwell"	"Great Compton"	"6.50"	"0"	"Handicap Novices Hurdle"	"UR"	"16"	"McCarthy, Willie"	"Llewellyn, B J"
"18:10:00"	"2006-06-06"	"Fontwell"	"Zeloso"	"16.00"	"0"	"Handicap Hurdle"	"1"	"14"	"Kington, John"	"Harris, M F"
"17:15:00"	"2006-06-05"	"Listowel"	"Dego Dante (IRE)"	"5.50"	"0"	"Beginners Chase"	"1"	"14"	"Hogan, D G"	"King, Aengus"
"16:00:00"	"2006-06-04"	"Southwell"	"Silver Gift"	"33.00"	"0"	"Handicap Hurdle"	"6"	"14"	"Hughes, Mr C"	"Fierro, G"
"20:00:00"	"2006-06-03"	"Kilbeggan"	"Max Time"	"12.00"	"0"	"Beginners Chase"	"10"	"10"	"Hogan, D G"	"Madden, I"
"14:40:00"	"2006-06-03"	"Hexham"	"College City (IRE)"	"11.00"	"0"	"Handicap Hurdle"	"9"	"14"	"Merrigan, Paddy"	"Guest, R C"
"19:20:00"	"2006-06-02"	"Tramore"	"Nomination Blues (IRE)"	"14.00"	"0"	"Handicap Hurdle"	"6"	"16"	"Molloy, T"	"Treacy, S J"
"18:20:00"	"2006-06-02"	"Tramore"	"Mattys Joy (IRE)"	"10.00"	"0"	"Handicap Chase"	"1"	"8"	"Gray, S J"	"Loughnane, Daniel Mark"
"19:35:00"	"2006-06-01"	"Wetherby"	"Bolshoi Ballet"	"5.00"	"0"	"Handicap Hurdle"	"5"	"9"	"Brotherton, Miss S"	"Fahey, R A"
"19:05:00"	"2006-05-24"	"Folkestone"	"Hot Plunge"	"1.50"	"0"	"Hunters Chase"	"1"	"6"	"Owen, Mr J"	"Smith, Miss Kelly"
"20:55:00"	"2006-05-19"	"Aintree"	"Bright Steel (IRE)"	"20.00"	"0"	"Handicap Novices Hurdle"	"8"	"12"	"Kinsella, Phil"	"Todhunter, M"
"21:00:00"	"2006-05-17"	"Perth"	"Kyle Of Lochalsh (OLD)"	"14.00"	"0"	"Handicap Hurdle"	"10"	"18"	"Goldie, Mr G"	"Goldie, J S"
"20:30:00"	"2006-05-17"	"Perth"	"Posh Stick"	"8.00"	"0"	"Handicap Chase"	"5"	"10"	"Orde-Powlett, Ben"	"Walton, J B"
"14:35:00"	"2006-05-17"	"Hereford"	"Jack Durrance (IRE)"	"12.00"	"0"	"Seller Hurdle"	"UR"	"11"	"Dehdashti, Eamon"	"Ham, G A"
"20:25:00"	"2006-05-16"	"Huntingdon"	"Sailor AHoy"	"33.00"	"0"	"Handicap Hurdle"	"7"	"7"	"Mullineaux, Miss M"	"Mullineaux, M"
"19:20:00"	"2006-05-15"	"Towcester"	"Merryvale Man"	"16.00"	"0"	"Handicap Hurdle"	"1"	"14"	"Treadwell, Liam"	"Key, Miss Kariana"
"16:30:00"	"2006-05-14"	"Uttoxeter"	"Finzi (IRE)"	"6.00"	"0"	"Handicap Chase"	"UR"	"15"	"Kington, John"	"Scudamore, M J"
"16:10:00"	"2006-05-14"	"Plumpton"	"Breezer"	"6.50"	"0"	"Handicap Hurdle"	"6"	"11"	"Hannig, Mr D"	"Geake, J A"
"15:50:00"	"2006-05-13"	"Downpatrick"	"Markason (IRE)"	"10.00"	"0"	"Handicap Chase"	"PU"	"14"	"Ferris, M J"	"Cully, Gerard"
"18:30:00"	"2006-05-12"	"Wincanton"	"Kadam (IRE)"	"3.50"	"0"	"Handicap Novices Chase"	"PU"	"9"	"Heard, Liam"	"Nicholls, P F"
"19:15:00"	"2006-05-09"	"Killarney"	"Teo Perugo (IRE)"	"25.00"	"0"	"Handicap Chase"	"1"	"12"	"McCarthy, Willie"	"OSullivan, Eugene M"
"19:55:00"	"2006-05-06"	"Kilbeggan"	"Jimmyonecoat (IRE)"	"20.00"	"0"	"Beginners Chase"	"5"	"14"	"Cleary, M G"	"Rogers, H"
"15:10:00"	"2006-05-04"	"Hereford"	"Gabor"	"14.00"	"0"	"Handicap Seller Hurdle"	"PU"	"17"	"Kinsella, Phil"	"Thompson, D W"
"17:10:00"	"2006-05-01"	"Limerick"	"Cailin Bawn (IRE)"	"14.00"	"0"	"Handicap Hurdle"	"10"	"17"	"Doab, Mr J H"	"Hayes, Patrick Joseph"
"14:50:00"	"2006-05-01"	"Down Royal"	"Mauras Legacy (IRE)"	"10.00"	"0"	"Maiden Hurdle"	"10"	"20"	"Roche, Mr P"	"Duncan, I A"
"17:45:00"	"2006-04-30"	"Wetherby"	"Shakwaa (OLD)"	"33.00"	"0"	"Handicap Hurdle"	"11"	"21"	"Dawson, Mr C"	"Elliott, E A"
"17:45:00"	"2006-04-30"	"Wetherby"	"Tioga Gold (IRE)"	"25.00"	"0"	"Handicap Hurdle"	"19"	"21"	"James, Mr K"	"James, L R"
"16:15:00"	"2006-04-29"	"Market Rasen"	"Elvis Returns"	"3.50"	"0"	"Handicap Novices Chase"	"2"	"10"	"Dreaper, T J"	"Jefferson, J M"
"17:40:00"	"2006-04-28"	"Chepstow"	"Gee Aker Malayo (IRE)"	"12.00"	"0"	"Handicap Seller Chase"	"PU"	"18"	"Quinlan, Sean"	"Phillips, R T"
"14:40:00"	"2006-04-28"	"Punchestown"	"Brigadier Brown (IRE)"	"12.00"	"0"	"Handicap Chase"	"6"	"17"	"Splaine, D E"	"Murphy, John Joseph"
"17:35:00"	"2006-04-27"	"Punchestown"	"Rory Sunset (IRE)"	"25.00"	"0"	"Handicap Hurdle"	"19"	"25"	"Hogan, D G"	"Swan, C F"
"17:00:00"	"2006-04-27"	"Punchestown"	"Garvivonnian (IRE)"	"16.00"	"0"	"Handicap Chase"	"11"	"14"	"Ferris, M J"	"Mitchell, Edward P"
"14:40:00"	"2006-04-27"	"Punchestown"	"Im On The Line (IRE)"	"40.00"	"0"	"Chase"	"2"	"15"	"Murphy, Mr C M"	"Love, Mrs D A"
"18:10:00"	"2006-04-26"	"Punchestown"	"Whyso Mayo (IRE)"	"5.00"	"0"	"Hunters Chase"	"1"	"19"	"Murphy, Mr D"	"Hurley, Raymond"
"17:35:00"	"2006-04-26"	"Punchestown"	"Brutto Facie (IRE)"	"14.00"	"0"	"Novices Chase"	"F"	"9"	"Leigh, A D"	"Harrington, Mrs John"
"17:25:00"	"2006-04-25"	"Towcester"	"Dramatic Quest"	"25.00"	"0"	"Beginners Chase"	"PU"	"16"	"Spate, Richard"	"Juckes, A G"
"19:15:00"	"2006-04-24"	"Taunton"	"Twentytwosilver (IRE)"	"9.00"	"0"	"Handicap Chase"	"1"	"12"	"Butler, Robert L"	"Feek, D B"
"18:30:00"	"2006-04-21"	"Thurles"	"Markason (IRE)"	"12.00"	"0"	"Handicap Chase"	"1"	"18"	"Ferris, M J"	"Cully, Gerard"
"17:45:00"	"2006-04-21"	"Sedgefield"	"Primitive Poppy"	"5.50"	"0"	"Novices Hurdle"	"6"	"13"	"McDonald, P J"	"Hamilton, Mrs A"
"17:15:00"	"2006-04-20"	"Cheltenham"	"Joe Blake (IRE)"	"1.25"	"0"	"Hunters Chase"	"3"	"10"	"OHare, Mr M J"	"Ferguson, I R"
"16:40:00"	"2006-04-20"	"Cheltenham"	"Lord Sam (IRE)"	"14.00"	"0"	"Handicap Hurdle"	"4"	"18"	"Heard, Liam"	"Dartnall, V R A"
"16:05:00"	"2006-04-20"	"Cheltenham"	"Auditor (OLD)"	"200.00"	"0"	"Handicap Chase"	"5"	"6"	"Nicolls, Mark"	"Lewis, S T"
"14:45:00"	"2006-04-19"	"Fairyhouse"	"Be With Me Now (IRE)"	"14.00"	"0"	"Handicap Hurdle"	"22"	"24"	"Byrnes, B C"	"Mullins, Ms Margaret"
"15:55:00"	"2006-04-18"	"Exeter"	"El Hombre Del Rio (IRE)"	"16.00"	"0"	"Handicap Chase"	"6"	"9"	"White, James"	"Greenway, V G"
"18:05:00"	"2006-04-17"	"Cork"	"Katowice (IRE)"	"5.00"	"0"	"NH Flat"	"16"	"24"	"Burns, Mr J E"	"Bromhead, Henry De"
"16:40:00"	"2006-04-15"	"Carlisle"	"Behavingbadly (IRE)"	"25.00"	"0"	"Handicap Chase"	"2"	"16"	"Byrne, S W"	"Parker, A"
"14:25:00"	"2006-04-15"	"Haydock"	"Rojabaa"	"8.00"	"0"	"Handicap Hurdle"	"4"	"18"	"Butler, Robert L"	"Leavy, B D"
"19:15:00"	"2006-04-10"	"Tramore"	"For A Song (IRE)"	"20.00"	"0"	"Handicap Hurdle"	"2"	"16"	"Flannery, D F"	"Young, L"
"16:40:00"	"2006-04-09"	"Worcester"	"Miss Shakira (IRE)"	"16.00"	"0"	"Handicap Chase"	"6"	"11"	"Goldstein, Marc"	"Twiston-Davies, N A"
"16:45:00"	"2006-04-08"	"Chepstow"	"Royal Scandal (OLD)"	"20.00"	"0"	"Handicap Chase"	"PU"	"15"	"Messenger, Tom"	"Down, C J"
"16:45:00"	"2006-04-08"	"Chepstow"	"Sweet Minuet"	"20.00"	"0"	"Handicap Chase"	"UR"	"15"	"Butler, Robert L"	"Madgwick, M"
"16:05:00"	"2006-04-06"	"Taunton"	"Priscilla"	"4.00"	"0"	"Handicap Chase"	"3"	"8"	"Heard, Liam"	"Bishop, K"
"16:40:00"	"2006-04-05"	"Hereford"	"Metal Detector (IRE)"	"9.00"	"0"	"Handicap Chase"	"3"	"10"	"Nicolls, Mark"	"Bailey, K C"
"15:10:00"	"2006-04-05"	"Hereford"	"Star Time (IRE)"	"22.00"	"0"	"Handicap Novices Hurdle"	"4"	"11"	"Kington, John"	"Scudamore, M J"
"14:40:00"	"2006-04-05"	"Hereford"	"Jack Durrance (IRE)"	"12.00"	"0"	"Novices Seller Hurdle"	"3"	"15"	"Dehdashti, Eamon"	"Ham, G A"
"14:30:00"	"2006-04-05"	"Exeter"	"Honan (IRE)"	"12.00"	"0"	"Handicap Novices Hurdle"	"7"	"13"	"Glassonbury, Andrew"	"Pipe, M C"
"15:50:00"	"2006-04-03"	"Kelso"	"Highland Brig"	"20.00"	"0"	"Maiden Chase"	"4"	"12"	"Ellwood, Mr M"	"Butt, T"
"15:50:00"	"2006-03-30"	"Wincanton"	"Mark Equal"	"7.50"	"0"	"Handicap Chase"	"PU"	"7"	"Glassonbury, Andrew"	"Pipe, M C"
"16:25:00"	"2006-03-23"	"Clonmel"	"Rockspring Hero"	"7.00"	"0"	"Handicap Chase"	"1"	"14"	"Ferris, M J"	"Walsh, John J"
"17:30:00"	"2006-03-22"	"Chepstow"	"Taksina"	"4.50"	"0"	"Handicap Chase"	"4"	"9"	"Davey, P"	"Buckler, R H"
"17:05:00"	"2006-03-19"	"Fontwell"	"Monsal Dale (IRE)"	"11.00"	"0"	"Handicap Hurdle"	"3"	"14"	"Messenger, Craig"	"Jewell, Mrs L C"
"16:30:00"	"2006-03-19"	"Fontwell"	"Our Jolly Swagman"	"10.00"	"0"	"Handicap Chase"	"7"	"11"	"Kavanagh, Wayne"	"Mullins, J W"
"16:20:00"	"2006-03-19"	"Downpatrick"	"Temperate Lady (IRE)"	"10.00"	"0"	"Handicap Novices Hurdle"	"4"	"10"	"Lynch, A E"	"Martin, Patrick"
"15:45:00"	"2006-03-19"	"Downpatrick"	"Atlantic Point (IRE)"	"16.00"	"0"	"Handicap Hurdle"	"5"	"9"	"Lynch, A E"	"Macauley, D W"
"14:00:00"	"2006-03-19"	"Carlisle"	"Ems Royalty"	"16.00"	"0"	"Handicap Novices Hurdle"	"3"	"6"	"Kinsella, Phil"	"Parker, A"
"15:25:00"	"2006-03-18"	"Gowran Park"	"I See Icy (IRE)"	"16.00"	"0"	"Handicap Hurdle"	"7"	"19"	"Molloy, T"	"Miley, Daniel"
"17:20:00"	"2006-03-17"	"Cheltenham"	"Chief Yeoman"	"33.00"	"0"	"Handicap Hurdle"	"12"	"29"	"Stephens, Lee"	"Williams, Miss Venetia"
"16:40:00"	"2006-03-15"	"Cheltenham"	"Bee An Bee (IRE)"	"25.00"	"0"	"Handicap Chase"	"4"	"21"	"McCarthy, Mr R"	"George, T R"
"14:25:00"	"2006-03-15"	"Huntingdon"	"Twist The Facts (IRE)"	"3.50"	"0"	"Maiden Hurdle"	"3"	"18"	"Goldstein, Marc"	"Littmoden, N P"
"17:20:00"	"2006-03-11"	"Navan"	"Castle Hope (IRE)"	"7.00"	"0"	"Handicap Hurdle"	"7"	"19"	"Byrnes, B C"	"Ryan, Stephen"
"17:20:00"	"2006-03-11"	"Navan"	"Emily Abby (IRE)"	"14.00"	"0"	"Handicap Hurdle"	"10"	"19"	"Butterly, E M"	"OBrien, Ciaran"
"15:20:00"	"2006-03-11"	"Sandown"	"Victram (IRE)"	"8.00"	"0"	"Handicap Hurdle"	"1"	"21"	"Lynch, A E"	"McGuinness, Adrian"
"15:30:00"	"2006-03-08"	"Catterick"	"Merryvale Man"	"10.00"	"0"	"Handicap Hurdle"	"1"	"18"	"Hughes, Brian"	"Key, Miss Kariana"
"14:10:00"	"2006-03-06"	"Hereford"	"Safe To Blush"	"50.00"	"0"	"Handicap Novices Hurdle"	"5"	"16"	"Greenway, Tom"	"Pritchard, P A"
"15:25:00"	"2006-03-01"	"Downpatrick"	"Poor Tactics (IRE)"	"10.00"	"0"	"Handicap Hurdle"	"8"	"15"	"OFarrell, J P"	"Lambe, J J"
"15:50:00"	"2006-02-28"	"Leicester"	"Polish Pilot (IRE)"	"20.00"	"0"	"Handicap Chase"	"3"	"6"	"Moore, Miss U"	"Cornwall, J R"
"14:50:00"	"2006-02-26"	"Naas"	"Beau Memories (IRE)"	"16.00"	"0"	"Handicap Hurdle"	"3"	"15"	"Coleman, K T"	"Ryan, Stephen"
"16:20:00"	"2006-02-25"	"Chepstow"	"Keepers Mead (IRE)"	"20.00"	"0"	"Handicap Hurdle"	"2"	"10"	"Jacob, Daryl"	"Alner, R H"
"16:55:00"	"2006-02-24"	"Sandown"	"Danse Macabre (IRE)"	"3.33"	"0"	"Handicap Hurdle"	"1"	"6"	"McCarthy, Willie"	"Carroll, A W"
"15:15:00"	"2006-02-23"	"Thurles"	"Hits And Memories (IRE)"	"25.00"	"0"	"Handicap Hurdle"	"10"	"18"	"Gallagher, P A"	"OConnor, P C"
"16:30:00"	"2006-02-21"	"Exeter"	"Roofing Spirit (IRE)"	"7.00"	"0"	"Handicap Chase"	"4"	"8"	"Jacob, Daryl"	"Keane, D P"
"14:45:00"	"2006-02-18"	"Wincanton"	"Prince Of Persia"	"50.00"	"0"	"Handicap Hurdle"	"PU"	"20"	"Butler, Robert L"	"Brookhouse, R S"
"13:50:00"	"2006-02-18"	"Uttoxeter"	"Clifford T Ward"	"20.00"	"0"	"Novices Seller Hurdle"	"8"	"17"	"Fitzsimmons, Mr D A"	"McCain, D"
"15:10:00"	"2006-02-12"	"Hereford"	"Charango Star"	"7.00"	"0"	"Handicap Chase"	"1"	"10"	"Stephens, Lee"	"Goldsworthy, W K"
"14:55:00"	"2006-02-09"	"Thurles"	"Black Amerillo (IRE)"	"6.00"	"0"	"Handicap Hurdle"	"11"	"18"	"Walsh, Ms K"	"Lynch, G T"
"16:55:00"	"2006-02-05"	"Limerick"	"Banna Man (IRE)"	"3.50"	"0"	"NH Flat"	"8"	"14"	"Quinlan, Mr R P"	"OMara, T J"
"16:25:00"	"2006-02-05"	"Limerick"	"How Is Things (IRE)"	"12.00"	"0"	"Handicap Chase"	"4"	"16"	"Flannery, D F"	"OGrady, E J"
"13:10:00"	"2006-02-05"	"Musselburgh"	"Brave Effect (IRE)"	"33.00"	"0"	"Handicap Hurdle"	"DSQ"	"17"	"Gagan, Steven"	"Sayer, Mrs Dianne"
"15:45:00"	"2006-02-04"	"Sandown"	"Cassia Heights"	"66.00"	"0"	"Handicap Chase"	"9"	"11"	"OBrien, T J"	"Brookshaw, S A"
"15:20:00"	"2006-02-04"	"Fairyhouse"	"Johnjoes Boy (IRE)"	"16.00"	"0"	"Handicap Novices Hurdle"	"2"	"19"	"Sullivan, Mr J P"	"Fahey, Seamus"
"14:10:00"	"2006-02-04"	"Uttoxeter"	"The Last Mohican"	"5.00"	"0"	"Seller Hurdle"	"3"	"12"	"Spate, Richard"	"Juckes, A G"
"14:45:00"	"2006-02-01"	"Leicester"	"Robbie Can Can"	"1.88"	"0"	"Handicap Hurdle"	"3"	"9"	"Tizzard, Miss C"	"Carroll, A W"
"16:30:00"	"2006-01-28"	"Navan"	"Mutineer (IRE)"	"14.00"	"0"	"Beginners Chase"	"9"	"17"	"OShea, N J"	"Hughes, D T"
"14:20:00"	"2006-01-28"	"Chepstow"	"Notanotherdonkey (IRE)"	"20.00"	"0"	"Handicap Novices Hurdle"	"6"	"9"	"Kington, John"	"Scudamore, M J"
"16:20:00"	"2006-01-27"	"Fakenham"	"Dance World"	"4.50"	"0"	"Novices Hurdle"	"1"	"10"	"Smith, Mr Matthew"	"Feilden, Miss J"
"13:00:00"	"2006-01-25"	"Catterick"	"Nutley Queen (IRE)"	"12.00"	"0"	"Handicap Seller Hurdle"	"13"	"18"	"Spate, Richard"	"Appleby, M"
"15:10:00"	"2006-01-24"	"Sedgefield"	"D J Flippance (IRE)"	"4.50"	"0"	"Handicap Hurdle"	"4"	"10"	"Dreaper, T J"	"Parker, A"
"14:20:00"	"2006-01-24"	"Leicester"	"Meehan (IRE)"	"6.50"	"0"	"Handicap Chase"	"3"	"6"	"Glassonbury, Andrew"	"Davis, Miss J S"
"15:00:00"	"2006-01-22"	"Cork"	"Keepakicker (IRE)"	"12.00"	"0"	"Handicap Hurdle"	"2"	"21"	"Byrnes, B C"	"McNamara, E"
"14:10:00"	"2006-01-21"	"Haydock"	"Ebony Light (IRE)"	"33.00"	"0"	"Handicap Chase"	"1"	"5"	"Craine, S J"	"McCain, D"
"14:20:00"	"2006-01-18"	"Newcastle"	"Nifty Roy"	"8.00"	"0"	"Handicap Hurdle"	"6"	"9"	"Merrigan, Paddy"	"McMath, I"
"14:10:00"	"2006-01-13"	"Kelso"	"Chief Dan George (IRE)"	"33.00"	"0"	"Novices Hurdle"	"4"	"14"	"McGann, Declan"	"MacLeod, D R"
"15:00:00"	"2006-01-11"	"Newbury"	"Toulouse (IRE)"	"25.00"	"0"	"Handicap Chase"	"9"	"16"	"Jacob, Daryl"	"Alner, R H"
"14:25:00"	"2006-01-07"	"Fontwell"	"Stormy Skye (IRE)"	"7.00"	"0"	"Handicap Chase"	"4"	"7"	"Dehdashti, Eamon"	"Moore, Gary and Josh"
"14:25:00"	"2006-01-07"	"Navan"	"Karaghan (IRE)"	"8.00"	"0"	"Maiden Hurdle"	"6"	"21"	"Bowens, K B"	"Mahon, S J"
"13:55:00"	"2006-01-07"	"Fontwell"	"Peppershot"	"25.00"	"0"	"Seller Hurdle"	"4"	"11"	"Pemberton, Jay"	"Gurney, R"
"13:45:00"	"2006-01-07"	"Haydock"	"Sharp Jack (IRE)"	"33.00"	"0"	"Handicap Hurdle"	"5"	"17"	"Quinlan, Sean"	"Phillips, R T"
"13:25:00"	"2006-01-07"	"Fontwell"	"I D Technology (IRE)"	"12.00"	"0"	"Novices Chase"	"4"	"5"	"Dehdashti, Eamon"	"Moore, Gary and Josh"
"13:15:00"	"2006-01-07"	"Haydock"	"Bannow Strand (IRE)"	"1.50"	"0"	"Novices Chase"	"1"	"4"	"Glassonbury, Andrew"	"Pipe, M C"
"13:55:00"	"2006-01-05"	"Wetherby"	"Adopted Hero (IRE)"	"12.00"	"0"	"Handicap Hurdle"	"7"	"12"	"Hughes, Brian"	"Johnson, J Howard"
"13:55:00"	"2006-01-02"	"Exeter"	"LOrphelin"	"33.00"	"0"	"Handicap Chase"	"PU"	"15"	"Heard, Liam"	"Tizzard, C L"
"14:15:00"	"2006-01-01"	"Fairyhouse"	"Star Performance (IRE)"	"25.00"	"0"	"Handicap Chase"	"9"	"10"	"Bolger, M J"	"McKiernan, Oliver"
"13:15:00"	"2006-01-01"	"Fairyhouse"	"La Fisarmonica (IRE)"	"20.00"	"0"	"Maiden Hurdle"	"1"	"17"	"Kiely, R J"	"Mullins, W P"
"14:20:00"	"2005-12-30"	"Taunton"	"The Gene Genie"	"66.00"	"0"	"Handicap Hurdle"	"4"	"14"	"Harris, Jay"	"Hodges, R J"
"13:40:00"	"2005-12-29"	"Limerick"	"Ballylough Lady (IRE)"	"10.00"	"0"	"Handicap Hurdle"	"1"	"17"	"Moran, R M"	"McCabe, Moses"
"15:20:00"	"2005-12-27"	"Limerick"	"Seomra Hocht (IRE)"	"12.00"	"0"	"Beginners Chase"	"F"	"15"	"Gallagher, P A"	"OBrien, William Coleman"
"14:35:00"	"2005-12-27"	"Wetherby"	"Diamond Sal"	"1.63"	"0"	"Handicap Hurdle"	"2"	"8"	"Hughes, Brian"	"Johnson, J Howard"
"14:35:00"	"2005-12-27"	"Leopardstown"	"Camden Tanner (IRE)"	"20.00"	"0"	"Handicap Chase"	"2"	"26"	"Moran, R M"	"Tyner, Robert"
"14:35:00"	"2005-12-27"	"Leopardstown"	"G V A Ireland (IRE)"	"16.00"	"0"	"Handicap Chase"	"5"	"26"	"Coleman, K T"	"Flood, Francis J"
"14:00:00"	"2005-12-27"	"Down Royal"	"In The Morning (IRE)"	"14.00"	"0"	"Maiden Hurdle"	"BD"	"18"	"Farrelly, J W"	"Martin, A J"
"14:55:00"	"2005-12-26"	"Sedgefield"	"Brave Effect (IRE)"	"14.00"	"0"	"Handicap Chase"	"8"	"8"	"Costello, Dougie"	"Sayer, Mrs Dianne"
"14:50:00"	"2005-12-26"	"Limerick"	"Pacolet (IRE)"	"20.00"	"0"	"Handicap Hurdle"	"13"	"18"	"Ferris, M J"	"Flynn, Patrick J"
"13:50:00"	"2005-12-26"	"Huntingdon"	"Upright Ima"	"5.00"	"0"	"Handicap Hurdle"	"5"	"16"	"Goldstein, Marc"	"Sly, Mrs P"
"13:20:00"	"2005-12-26"	"Huntingdon"	"Lucky Sinna (IRE)"	"8.00"	"0"	"Handicap Chase"	"5"	"15"	"Levins, J F"	"Powell, B G"
"13:00:00"	"2005-12-26"	"Wincanton"	"Lizzie Bathwick (IRE)"	"3.00"	"0"	"Handicap Chase"	"4"	"8"	"Jacob, Daryl"	"Keane, D P"
"12:30:00"	"2005-12-26"	"Towcester"	"Celtic Blaze (IRE)"	"7.00"	"0"	"Novices Chase"	"F"	"9"	"Nicolls, Mark"	"Rothwell, B S"
"13:15:00"	"2005-12-18"	"Thurles"	"How Is Things (IRE)"	"16.00"	"0"	"Handicap Chase"	"7"	"14"	"Ferris, M J"	"OGrady, E J"
"12:20:00"	"2005-12-18"	"Musselburgh"	"Helvetius"	"25.00"	"0"	"Handicap Chase"	"7"	"10"	"Richardson, Mr J A"	"Reed, W T"
"14:30:00"	"2005-12-17"	"Fairyhouse"	"The Royal Dub (IRE)"	"7.00"	"0"	"Handicap Novices Chase"	"3"	"12"	"Duff, Mr A T"	"Carberry, Thomas"
"15:00:00"	"2005-12-16"	"Uttoxeter"	"Sir Cumference"	"6.00"	"0"	"Handicap Chase"	"PU"	"17"	"ONeill, P C"	"Williams, Miss Venetia"
"14:50:00"	"2005-12-15"	"Catterick"	"Star Trooper (IRE)"	"40.00"	"0"	"Handicap Hurdle"	"10"	"18"	"Frater, Miss Carly"	"Forster, Miss S E"
"14:50:00"	"2005-12-15"	"Catterick"	"Macreater"	"16.00"	"0"	"Handicap Hurdle"	"13"	"18"	"Byrne, S W"	"Morgan, K A"
"13:20:00"	"2005-12-15"	"Catterick"	"Simlet"	"66.00"	"0"	"Handicap Hurdle"	"13"	"17"	"Kinsella, Phil"	"Tuer, E W"
"12:40:00"	"2005-12-15"	"Exeter"	"Denarius Secundus"	"25.00"	"0"	"Handicap Hurdle"	"7"	"19"	"Terry, Mr N J"	"Mitchell, N R"
"13:15:00"	"2005-12-11"	"Cork"	"Justpourit (IRE)"	"2.50"	"0"	"Novices Hurdle"	"3"	"7"	"OShea, N J"	"Hughes, D T"
"15:40:00"	"2005-12-09"	"Cheltenham"	"Va Vavoom (IRE)"	"8.00"	"0"	"Handicap Chase"	"1"	"10"	"Wharfe, Bernie"	"Twiston-Davies, N A"
"14:30:00"	"2005-12-09"	"Cheltenham"	"Borora"	"12.00"	"0"	"Handicap Hurdle"	"6"	"11"	"Kennedy, W T"	"Lee, R"
"14:20:00"	"2005-12-08"	"Taunton"	"Diletia"	"20.00"	"0"	"Handicap Hurdle"	"1"	"13"	"Jacob, Daryl"	"Alner, R H"
"13:40:00"	"2005-12-08"	"Clonmel"	"Kilfinny Cross (IRE)"	"10.00"	"0"	"Handicap Hurdle"	"8"	"20"	"Hassett, S J"	"Hourigan, Michael"
"13:40:00"	"2005-12-08"	"Ludlow"	"Murphys Nails (IRE)"	"5.50"	"0"	"Handicap Novices Hurdle"	"8"	"11"	"Quinn, Robert"	"Bailey, K C"
"13:20:00"	"2005-12-06"	"Sedgefield"	"Chris And Ryan (IRE)"	"14.00"	"0"	"Maiden Chase"	"PU"	"11"	"Flavin, Des"	"Normile, Mrs L B"
"14:50:00"	"2005-12-05"	"Newcastle"	"Kids Inheritance (IRE)"	"4.00"	"0"	"Handicap Chase"	"1"	"7"	"Dreaper, T J"	"Jefferson, J M"
"14:35:00"	"2005-12-04"	"Fairyhouse"	"Harbour View (IRE)"	"6.50"	"0"	"Handicap Hurdle"	"9"	"23"	"Byrnes, B C"	"McNamara, E"
"15:15:00"	"2005-12-03"	"Chepstow"	"Grumpy Stumpy"	"7.00"	"0"	"Handicap Chase"	"UR"	"13"	"Wharfe, Bernie"	"Twiston-Davies, N A"
"14:30:00"	"2005-12-03"	"Haydock"	"Top Style (IRE)"	"16.00"	"0"	"Handicap Hurdle"	"PU"	"13"	"Kennedy, W T"	"Harker, G A"
"14:15:00"	"2005-12-02"	"Exeter"	"Limerick Leader (IRE)"	"14.00"	"0"	"Handicap Chase"	"PU"	"10"	"OBrien, T J"	"Hobbs, P J / White, J"
"14:40:00"	"2005-12-01"	"Wincanton"	"Charlton Kings (IRE)"	"18.00"	"0"	"Handicap Hurdle"	"6"	"13"	"White, James"	"Hodges, R J"
"13:45:00"	"2005-12-01"	"Thurles"	"Adonia (IRE)"	"14.00"	"0"	"Handicap Chase"	"8"	"16"	"Clarke, K H"	"Love, Mrs D A"
"13:40:00"	"2005-11-30"	"Plumpton"	"Lucky Sinna (IRE)"	"8.00"	"0"	"Handicap Chase"	"4"	"9"	"Jones, S P"	"Powell, B G"
"13:40:00"	"2005-11-29"	"Hereford"	"Tianyi (IRE)"	"33.00"	"0"	"Handicap Novices Chase"	"6"	"15"	"Kington, John"	"Scudamore, M J"
"15:40:00"	"2005-11-27"	"Navan"	"Mullica Lad (IRE)"	"4.00"	"0"	"NH Flat"	"9"	"18"	"OShea, N J"	"Flood, Francis J"
"14:30:00"	"2005-11-26"	"Towcester"	"Potts Of Magic"	"2.75"	"0"	"Handicap Hurdle"	"2"	"8"	"Merrigan, Paddy"	"Lee, R"
"14:30:00"	"2005-11-26"	"Towcester"	"Bedford Leader"	"40.00"	"0"	"Handicap Hurdle"	"7"	"8"	"Laverty, Derek"	"Jones, A P"
"12:50:00"	"2005-11-26"	"Newcastle"	"Jimmys Duky (IRE)"	"14.00"	"0"	"Handicap Chase"	"5"	"14"	"Costello, Dougie"	"Forster, D M"
"15:15:00"	"2005-11-25"	"Newbury"	"Beau Supreme (IRE)"	"50.00"	"0"	"Handicap Chase"	"4"	"11"	"Quinn, Robert"	"Down, C J"
"15:30:00"	"2005-11-24"	"Carlisle"	"D J Flippance (IRE)"	"8.00"	"0"	"Handicap Hurdle"	"2"	"15"	"Byrne, S W"	"Parker, A"
"15:30:00"	"2005-11-19"	"Huntingdon"	"Turaath (IRE)"	"40.00"	"0"	"Handicap Hurdle"	"17"	"19"	"Craine, S J"	"Deakin, A J"
"14:00:00"	"2005-11-19"	"Cork"	"Lala Nova (IRE)"	"4.00"	"0"	"Handicap Hurdle"	"1"	"12"	"McNamara, Mr R P"	"Murphy, John Joseph"
"14:00:00"	"2005-11-19"	"Cork"	"Golden Domer (IRE)"	"16.00"	"0"	"Handicap Hurdle"	"12"	"12"	"Coleman, K T"	"Ryan, Stanley"
"13:15:00"	"2005-11-19"	"Punchestown"	"Blueberry Boy (IRE)"	"2.25"	"0"	"Hurdle"	"1"	"12"	"Lynch, A E"	"Stafford, Paul"
"12:55:00"	"2005-11-19"	"Huntingdon"	"Free Gift (OLD)"	"2.50"	"0"	"Handicap Chase"	"2"	"5"	"Jacob, Daryl"	"Alner, R H"
"15:30:00"	"2005-11-17"	"Wincanton"	"Roofing Spirit (IRE)"	"7.50"	"0"	"Handicap Chase"	"1"	"5"	"Jacob, Daryl"	"Keane, D P"
"14:15:00"	"2005-11-13"	"Limerick"	"Gold Flo (IRE)"	"8.00"	"0"	"Handicap Hurdle"	"5"	"18"	"Fahy, D P"	"McNamara, E"
"14:15:00"	"2005-11-13"	"Limerick"	"Masons Arch (IRE)"	"8.00"	"0"	"Handicap Hurdle"	"8"	"18"	"Flynn, L P"	"Ryan, Stanley"
"13:15:00"	"2005-11-12"	"Naas"	"Hurry Bob (IRE)"	"25.00"	"0"	"Beginners Chase"	"9"	"17"	"Ryan, J R"	"Mullins, Thomas"
"15:35:00"	"2005-11-10"	"Thurles"	"Leodotcom (IRE)"	"12.00"	"0"	"Handicap Chase"	"1"	"17"	"Watts, M P"	"Hayes, Miss Noreen"
"15:00:00"	"2005-11-06"	"Ayr"	"Old Nosey (IRE)"	"25.00"	"0"	"Handicap Hurdle"	"6"	"12"	"Whillans, Ewan"	"Mactaggart, B"
"13:35:00"	"2005-11-05"	"Wincanton"	"EdeIff"	"40.00"	"0"	"Handicap Chase"	"5"	"13"	"Butler, Robert L"	"Turner, W G M"
"12:55:00"	"2005-11-05"	"Sandown"	"Before The Mast (IRE)"	"22.00"	"0"	"Handicap Hurdle"	"8"	"10"	"Poste, Charlie"	"Harris, M F"
"13:10:00"	"2005-11-02"	"Huntingdon"	"Dis Dilemma"	"6.50"	"0"	"Handicap Hurdle"	"2"	"14"	"Messenger, Tom"	"Bealby, C C"
"13:10:00"	"2005-11-02"	"Huntingdon"	"Artane Boys"	"8.00"	"0"	"Handicap Hurdle"	"6"	"14"	"Jones, Wayne"	"ONeill, Jonjo and AJ"
"14:15:00"	"2005-10-26"	"Sedgefield"	"Greenfort Brave (IRE)"	"10.00"	"0"	"Handicap Hurdle"	"6"	"11"	"McKeown, Mr J P"	"Lambe, J J"
"16:45:00"	"2005-10-23"	"Clonmel"	"Battish"	"7.00"	"0"	"Handicap Hurdle"	"10"	"20"	"Flannery, D F"	"Burke, James"
"16:55:00"	"2005-10-21"	"Fakenham"	"Balla DAire (IRE)"	"25.00"	"0"	"Handicap Chase"	"PU"	"11"	"Walsh, S P"	"Clutterbuck, K F"
"15:15:00"	"2005-10-21"	"Fakenham"	"Dabus"	"66.00"	"0"	"Handicap Hurdle"	"PU"	"13"	"Stokell, Ann"	"Chapman, M C"
"16:15:00"	"2005-10-19"	"Punchestown"	"Shaunas Vision (IRE)"	"10.00"	"0"	"Handicap Hurdle"	"13"	"21"	"Flannery, D F"	"Halford, M"
"16:20:00"	"2005-10-16"	"Market Rasen"	"Fantastic Champion (IRE)"	"50.00"	"0"	"Handicap Hurdle"	"6"	"12"	"Pogson, Adam"	"Cornwall, J R"
"16:20:00"	"2005-10-16"	"Market Rasen"	"Hestherelad (IRE)"	"66.00"	"0"	"Handicap Hurdle"	"PU"	"12"	"Collier, Tjade"	"Johnson, R"
"15:35:00"	"2005-10-16"	"Naas"	"Snob Wells (IRE)"	"20.00"	"0"	"Handicap Hurdle"	"13"	"19"	"Molloy, R J"	"Meade, Noel"
"17:35:00"	"2005-10-15"	"Stratford"	"Secrets Out"	"14.00"	"0"	"Handicap Hurdle"	"4"	"9"	"Grissell, Miss H"	"Lloyd, F"
"17:00:00"	"2005-10-13"	"Tramore"	"Kiranga (IRE)"	"8.00"	"0"	"Handicap Hurdle"	"8"	"16"	"McCarthy, Willie"	"Sheehan, James G"
"16:20:00"	"2005-10-07"	"Carlisle"	"Lofty Leader (IRE)"	"10.00"	"0"	"Handicap Hurdle"	"1"	"10"	"Glassonbury, Andrew"	"Graham, Harriet/Rutherford, Gary"
"15:20:00"	"2005-10-06"	"Worcester"	"Pristeen Spy"	"5.50"	"0"	"Handicap Novices Chase"	"5"	"6"	"Craine, S J"	"Ford, R"
"15:45:00"	"2005-10-01"	"Fontwell"	"Gray Knight (IRE)"	"3.50"	"0"	"Handicap Seller Hurdle"	"5"	"8"	"Messenger, Tom"	"Hill,Mrs Lawney "
"14:25:00"	"2005-09-28"	"Downpatrick"	"Deramore Rythm (IRE)"	"6.00"	"0"	"Maiden Hurdle"	"2"	"15"	"OHare, Mr M J"	"Duncan, I A"
"16:40:00"	"2005-09-27"	"Sedgefield"	"Cool Carroll (IRE)"	"33.00"	"0"	"Handicap Chase"	"PU"	"11"	"Berridge, Liam"	"Johnson, J Howard"
"17:00:00"	"2005-09-18"	"Listowel"	"Knocknabrogue (IRE)"	"6.50"	"0"	"Handicap Chase"	"PU"	"10"	"Coleman, K T"	"Hourigan, Michael"
"15:45:00"	"2005-09-18"	"Plumpton"	"Domenico (IRE)"	"14.00"	"0"	"Handicap Hurdle"	"UR"	"11"	"Butler, Robert L"	"Jenkins, J R"
"14:50:00"	"2005-09-18"	"Uttoxeter"	"Audiostreetdotcom"	"20.00"	"0"	"Handicap Seller Hurdle"	"3"	"16"	"Harris, Mr Joshua"	"Harris, R A"
"15:00:00"	"2005-09-03"	"Stratford"	"Hattington"	"10.00"	"0"	"Beginners Chase"	"F"	"7"	"Poste, Charlie"	"Harris, M F"
"17:30:00"	"2005-08-27"	"Wexford"	"Delshanom (IRE)"	"9.00"	"0"	"NH Flat"	"10"	"16"	"Quinlan, Mr R P"	"Aherne, Michael"
"15:10:00"	"2005-08-25"	"Bangor"	"Arm And A Leg (IRE)"	"10.00"	"0"	"Handicap Hurdle"	"1"	"9"	"Heard, Liam"	"Hamer, Mrs D A"
"15:05:00"	"2005-08-21"	"Cork"	"Victory Run (IRE)"	"10.00"	"0"	"Handicap Hurdle"	"2"	"12"	"Moran, R M"	"Hallahan, B J"
"14:35:00"	"2005-08-21"	"Cork"	"Seemore Street (IRE)"	"14.00"	"0"	"Handicap Hurdle"	"10"	"12"	"Power, E F"	"Seymour, A"
"15:35:00"	"2005-08-20"	"Newton Abbot"	"Sunshan"	"150.00"	"0"	"Handicap Chase"	"PU"	"16"	"White, James"	"Hodges, R J"
"18:45:00"	"2005-08-19"	"Kilbeggan"	"Threequarter Moon (IRE)"	"10.00"	"0"	"Handicap Hurdle"	"7"	"13"	"Power, E F"	"Seymour, A"
"19:20:00"	"2005-08-17"	"Sligo"	"Rampart"	"7.00"	"0"	"Handicap Hurdle"	"10"	"15"	"OConnor, Mr D C"	"OConnor, Padraig"
"18:50:00"	"2005-08-17"	"Sligo"	"Nickels N Dimes (IRE)"	"10.00"	"0"	"Maiden Hurdle"	"7"	"9"	"Ferris, M J"	"Monroe, John"
"14:20:00"	"2005-08-14"	"Stratford"	"Mantilla"	"16.00"	"0"	"Claimer Hurdle"	"8"	"13"	"Boland, David"	"Williams, Ian"
"18:05:00"	"2005-08-13"	"Market Rasen"	"Alethea Gee"	"2.00"	"0"	"Handicap Novices Hurdle"	"PU"	"6"	"Kinsella, Phil"	"Reveley, K G"
"17:35:00"	"2005-08-13"	"Market Rasen"	"Little Tobias (IRE)"	"4.50"	"0"	"Seller Hurdle"	"F"	"8"	"Costello, Dougie"	"Wainwright, J S"
"15:00:00"	"2005-08-07"	"Downpatrick"	"Kopoosha (IRE)"	"6.00"	"0"	"Maiden Hurdle"	"2"	"12"	"Dunne, R T"	"Moore, A L T"
"19:30:00"	"2005-08-06"	"Kilbeggan"	"Karlo (IRE)"	"4.50"	"0"	"Handicap Chase"	"4"	"10"	"Lynch, A E"	"Kiely, David A"
"18:30:00"	"2005-08-06"	"Kilbeggan"	"Lycaena (IRE)"	"6.00"	"0"	"Handicap Hurdle"	"3"	"16"	"Sullivan, Mr J P"	"Fahey, Seamus"
"14:20:00"	"2005-08-05"	"Worcester"	"Sundawn Lady"	"33.00"	"0"	"Handicap Hurdle"	"3"	"20"	"Tumelty, Gerard"	"Morlock, C P"
"14:20:00"	"2005-08-05"	"Worcester"	"Good Heart (IRE)"	"9.00"	"0"	"Handicap Hurdle"	"5"	"20"	"Sharratt, Miss S"	"Ford, R"
"15:20:00"	"2005-07-31"	"Galway"	"Matt Wood (IRE)"	"8.00"	"0"	"Handicap Hurdle"	"2"	"13"	"Moran, R M"	"Nolan, Paul"
"16:55:00"	"2005-07-29"	"Bangor"	"Combat Drinker (IRE)"	"2.50"	"0"	"Handicap Hurdle"	"9"	"16"	"Craine, S J"	"McCain, D"
"16:10:00"	"2005-07-28"	"Stratford"	"Old Marsh (IRE)"	"3.00"	"0"	"Handicap Hurdle"	"3"	"9"	"Sweeney, Mr C J"	"Carroll, A W"
"16:10:00"	"2005-07-28"	"Stratford"	"Broke Road (IRE)"	"8.00"	"0"	"Handicap Hurdle"	"PU"	"9"	"Kennedy, W T"	"Dalton, Heather"
"15:45:00"	"2005-07-28"	"Galway"	"Emmpat (IRE)"	"20.00"	"0"	"Handicap Hurdle"	"BD"	"17"	"Watts, M P"	"Mullins, Anthony"
"14:25:00"	"2005-07-28"	"Stratford"	"Brother Ted"	"16.00"	"0"	"Maiden Hurdle"	"6"	"9"	"Messenger, Tom"	"Cresswell, J K"
"15:00:00"	"2005-07-17"	"Newton Abbot"	"Tosawi (IRE)"	"25.00"	"0"	"Beginners Chase"	"7"	"9"	"Harris, Jay"	"Hodges, R J"
"14:10:00"	"2005-07-16"	"Market Rasen"	"Borora"	"20.00"	"0"	"Handicap Hurdle"	"3"	"18"	"Kennedy, W T"	"Lee, R"
"15:15:00"	"2005-07-14"	"Killarney"	"Portant Fella"	"10.00"	"0"	"Handicap Hurdle"	"9"	"9"	"Ryan, J R"	"Morgan, Ms Joanna"
"15:00:00"	"2005-07-11"	"Newton Abbot"	"French Executive (IRE)"	"20.00"	"0"	"Handicap Chase"	"6"	"8"	"Tizzard, Miss C"	"Nicholls, P F"
"16:55:00"	"2005-07-10"	"Sligo"	"Dr Knock (IRE)"	"6.00"	"0"	"Handicap Hurdle"	"5"	"15"	"McNiff, M M"	"McElhone, Michael"
"16:20:00"	"2005-07-10"	"Perth"	"Supply And Fix (IRE)"	"10.00"	"0"	"Handicap Hurdle"	"7"	"9"	"ONeill, P C"	"Lambe, J J"
"19:15:00"	"2005-07-09"	"Fairyhouse"	"Lady Plaisir (IRE)"	"25.00"	"0"	"Handicap Hurdle"	"15"	"22"	"Leigh, A D"	"Rogers, H"
"20:15:00"	"2005-07-06"	"Worcester"	"Forzacurity"	"40.00"	"0"	"Handicap Hurdle"	"5"	"15"	"Stephens, Lee"	"Sheppard, M"
"16:40:00"	"2005-06-30"	"Perth"	"Right Direction (IRE) (OLD)"	"33.00"	"0"	"Novices Hurdle"	"5"	"8"	"ONeill, P C"	"Lambe, J J"
"15:55:00"	"2005-06-26"	"Uttoxeter"	"Kalambari (IRE)"	"25.00"	"0"	"Handicap Hurdle"	"RR"	"17"	"Walsh, S P"	"Joseph, J"
"20:10:00"	"2005-06-24"	"Limerick"	"Knocknabrogue (IRE)"	"7.00"	"0"	"Handicap Chase"	"7"	"12"	"Flannery, D F"	"Hourigan, Michael"
"17:30:00"	"2005-06-21"	"Ballinrobe"	"Breffni Flyer (IRE)"	"10.00"	"0"	"Handicap Chase"	"10"	"15"	"Watts, M P"	"Martin, Patrick"
"19:00:00"	"2005-06-14"	"Newton Abbot"	"Club Royal"	"5.50"	"0"	"Handicap Seller Hurdle"	"5"	"18"	"OBrien, T J"	"Berry, N E"
"16:05:00"	"2005-06-12"	"Cork"	"Euro Flyer (IRE)"	"9.00"	"0"	"Handicap Hurdle"	"3"	"20"	"Flannery, D F"	"Hourigan, Michael"
"17:00:00"	"2005-06-11"	"Cork"	"City Hall (IRE) (OLD)"	"8.00"	"0"	"Handicap Chase"	"3"	"14"	"Ferris, M J"	"Nolan, Paul"
"20:20:00"	"2005-06-10"	"Wexford"	"Balto Rambler (IRE)"	"14.00"	"0"	"Handicap Chase"	"8"	"15"	"Ryan, J R"	"Leigh, D M"
"14:30:00"	"2005-06-06"	"Newton Abbot"	"Knocktemple Lass (IRE)"	"8.00"	"0"	"Handicap Hurdle"	"8"	"17"	"Jacob, Daryl"	"Keane, D P"
"16:30:00"	"2005-06-05"	"Perth"	"Farne Isle"	"3.33"	"0"	"Handicap Hurdle"	"1"	"8"	"Kennedy, W T"	"Harker, G A"
"18:55:00"	"2005-06-03"	"Tramore"	"Kiranga (IRE)"	"4.50"	"0"	"Handicap Hurdle"	"3"	"16"	"McCarthy, Willie"	"Sheehan, James G"
"20:40:00"	"2005-06-02"	"Uttoxeter"	"Power Unit"	"5.50"	"0"	"Handicap Chase"	"PU"	"5"	"Stephens, R"	"Hamer, Mrs D A"
"19:55:00"	"2005-06-02"	"Punchestown"	"Shiminnie (IRE)"	"14.00"	"0"	"Handicap Hurdle"	"1"	"21"	"Fagan, A P"	"Fowler, J R H"
"19:55:00"	"2005-06-02"	"Punchestown"	"Moving Onwards (IRE)"	"25.00"	"0"	"Handicap Hurdle"	"7"	"21"	"Hughes, Mr C"	"McKiernan, Oliver"
"19:30:00"	"2005-05-30"	"Ballinrobe"	"The Dark Flasher (IRE)"	"6.00"	"0"	"Beginners Chase"	"3"	"15"	"Hogan, D G"	"Swan, C F"
"14:40:00"	"2005-05-25"	"Fontwell"	"Big Quick (IRE)"	"25.00"	"0"	"Seller Hurdle"	"9"	"11"	"Morgan, Justin"	"Wells, L"
"14:00:00"	"2005-05-19"	"Wetherby"	"Red Nose Lady"	"33.00"	"0"	"Claimer Hurdle"	"4"	"9"	"Treadwell, Liam"	"Smith, G J"
"16:50:00"	"2005-05-16"	"Newton Abbot"	"Wun Chai (IRE)"	"12.00"	"0"	"Handicap Hurdle"	"PU"	"18"	"Walsh, S P"	"Jones, A E"
"16:20:00"	"2005-05-16"	"Newton Abbot"	"Pennys From Heaven"	"10.00"	"0"	"Handicap Novices Chase"	"UR"	"10"	"Stevenson, J W"	"Barfoot-Saunt, Mrs Tracey"
"15:45:00"	"2005-05-15"	"Navan"	"Pay It Forward"	"2.25"	"0"	"Handicap Hurdle"	"5"	"11"	"Leigh, A D"	"Harrington, Mrs John"
"15:45:00"	"2005-05-15"	"Navan"	"Arthur Daly (IRE)"	"14.00"	"0"	"Handicap Hurdle"	"7"	"11"	"Quinlan, Sean"	"Murphy, Denis P"
"18:30:00"	"2005-05-14"	"Worcester"	"Sandywell George"	"25.00"	"0"	"Handicap Hurdle"	"5"	"16"	"Phelan, T J"	"Grassick, L P"
"15:50:00"	"2005-05-14"	"Bangor"	"Saragann (IRE)"	"25.00"	"0"	"Handicap Chase"	"PU"	"10"	"Craine, S J"	"Evans, M J M"
"18:05:00"	"2005-05-13"	"Wexford"	"Texas Holdem (IRE)"	"8.00"	"0"	"Hurdle"	"3"	"14"	"Levins, J F"	"Mullins, Ms Margaret"
"15:25:00"	"2005-05-12"	"Perth"	"Supply And Fix (IRE)"	"5.50"	"0"	"Handicap Hurdle"	"DSQ"	"10"	"Kidd, Miss J A"	"Lambe, J J"
"20:15:00"	"2005-05-10"	"Huntingdon"	"Upright Ima"	"4.50"	"0"	"Handicap Hurdle"	"2"	"14"	"Allan, Miss L"	"Sly, Mrs P"
"15:45:00"	"2005-05-08"	"Killarney"	"Court Leader (IRE)"	"14.00"	"0"	"Handicap Hurdle"	"9"	"17"	"Kiely, R J"	"Mullins, Thomas"
"14:10:00"	"2005-05-08"	"Plumpton"	"Brisbane Road (IRE)"	"12.00"	"0"	"Handicap Novices Hurdle"	"1"	"9"	"McCarthy, Mr R"	"Llewellyn, B J"
"19:10:00"	"2005-04-30"	"Worcester"	"Shamsan (IRE)"	"100.00"	"0"	"Handicap Hurdle"	"14"	"17"	"Walsh, S P"	"Joseph, J"
"18:55:00"	"2005-04-30"	"Hexham"	"Jamorin Dancer"	"80.00"	"0"	"Handicap Chase"	"9"	"13"	"Messenger, Tom"	"Chadwick, S G"
"15:40:00"	"2005-04-30"	"Punchestown"	"Dublin Hunter (IRE)"	"8.00"	"0"	"Handicap Chase"	"1"	"12"	"Loughran, R"	"Hughes, D T"
"14:40:00"	"2005-04-30"	"Punchestown"	"The Black Tiger (IRE)"	"16.00"	"0"	"Handicap Hurdle"	"4"	"25"	"Levins, J F"	"Winters, Lester"
"14:40:00"	"2005-04-30"	"Punchestown"	"Selous Scout (IRE)"	"16.00"	"0"	"Handicap Hurdle"	"17"	"25"	"Fagan, A P"	"Fowler, J R H"
"18:05:00"	"2005-04-28"	"Punchestown"	"Ashamdil (IRE)"	"16.00"	"0"	"NH Flat"	"5"	"25"	"Loughran, R"	"Hughes, P"
"20:10:00"	"2005-04-27"	"Cheltenham"	"Hot Plunge"	"2.75"	"0"	"Hunters Chase"	"5"	"10"	"Owen, Mr J"	"Lomax, Mrs J P"
"18:05:00"	"2005-04-27"	"Punchestown"	"Champagne Native (IRE)"	"33.00"	"0"	"Hunters Chase"	"8"	"19"	"Cash, Mr A G"	"Broad, D"
"16:20:00"	"2005-04-27"	"Punchestown"	"Balapour (IRE)"	"20.00"	"0"	"Handicap Chase"	"18"	"23"	"Molloy, R J"	"Brady, Patrick O"
"14:00:00"	"2005-04-26"	"Punchestown"	"Shady Lad (IRE)"	"14.00"	"0"	"Chase"	"2"	"14"	"Carberry, Miss N"	"Bolger, E"
"15:10:00"	"2005-04-25"	"Towcester"	"Cedar (OLD)"	"4.50"	"0"	"Novices Seller Hurdle"	"PU"	"9"	"Pritchard, John"	"Dickin, R"
"16:40:00"	"2005-04-24"	"Wetherby"	"Iron Express"	"33.00"	"0"	"Handicap Chase"	"PU"	"12"	"Costello, Dougie"	"Moore, G M"
"16:20:00"	"2005-04-24"	"Cork"	"No Small Plans (IRE)"	"25.00"	"0"	"Handicap Hurdle"	"13"	"24"	"Leigh, A D"	"Cully, Gerard"
"14:55:00"	"2005-04-24"	"Wetherby"	"Speed Venture"	"14.00"	"0"	"Handicap Hurdle"	"15"	"23"	"Tumelty, Gerard"	"Mackie, J"
"15:15:00"	"2005-04-23"	"Sandown"	"Lucky Bay (IRE)"	"50.00"	"0"	"Handicap Chase"	"PU"	"19"	"ONeill, P C"	"Nicholls, Ms Bridget"
"17:10:00"	"2005-04-22"	"Chepstow"	"Solve It Sober (IRE)"	"8.00"	"0"	"Handicap Seller Chase"	"1"	"14"	"Stephens, R"	"Griffiths, S G"
"17:10:00"	"2005-04-22"	"Chepstow"	"Alvaro (IRE)"	"5.50"	"0"	"Handicap Seller Chase"	"PU"	"14"	"Stephens, Lee"	"Llewellyn, B J"
"13:10:00"	"2005-04-22"	"Sandown"	"Carryonharry (IRE)"	"33.00"	"0"	"Handicap Chase"	"PU"	"14"	"Glassonbury, Andrew"	"Pipe, M C"
"17:05:00"	"2005-04-20"	"Perth"	"Arctic Lagoon (IRE)"	"20.00"	"0"	"Handicap Hurdle"	"4"	"16"	"Messenger, Tom"	"Bradburne, Mrs S C"
"17:00:00"	"2005-04-20"	"Worcester"	"Sundawn Lady"	"16.00"	"0"	"Handicap Novices Hurdle"	"3"	"16"	"Walsh, S P"	"Morlock, C P"
"15:55:00"	"2005-04-16"	"Bangor"	"Ebony Light (IRE)"	"5.00"	"0"	"Handicap Chase"	"3"	"10"	"Craine, S J"	"McCain, D"
"15:30:00"	"2005-04-13"	"Fairyhouse"	"Finians Ivy (IRE)"	"8.00"	"0"	"Handicap Hurdle"	"17"	"25"	"Colgan, R C"	"Martin, A J"
"17:15:00"	"2005-04-10"	"Limerick"	"Mr Dance A Lot (IRE)"	"25.00"	"0"	"Handicap Chase"	"5"	"15"	"Quinlan, Sean"	"Gleeson, John F"
"13:45:00"	"2005-04-09"	"Aintree"	"Copeland"	"100.00"	"0"	"Handicap Hurdle"	"4"	"18"	"Malone, Tom"	"Pipe, M C"
"16:45:00"	"2005-04-06"	"Gowran Park"	"The Wipper (IRE)"	"4.50"	"0"	"Hunters Chase"	"3"	"11"	"Hassett, Mr B"	"Aherne, Sean"
"15:30:00"	"2005-04-03"	"Tramore"	"Lord Of The Grove (IRE)"	"16.00"	"0"	"Handicap Hurdle"	"5"	"15"	"Ferris, M J"	"Molloy, M A"
"16:45:00"	"2005-03-28"	"Sedgefield"	"Valuable (IRE)"	"25.00"	"0"	"Handicap Hurdle"	"8"	"8"	"Eddery, Ciaran"	"Johnson, R"
"17:15:00"	"2005-03-26"	"Cork"	"Captain Moonlight (IRE)"	"20.00"	"0"	"Handicap Chase"	"2"	"12"	"Ferris, M J"	"OMara, T J"
"17:00:00"	"2005-03-26"	"Down Royal"	"Me Tows (IRE)"	"7.50"	"0"	"Handicap Chase"	"6"	"18"	"Colgan, R C"	"Carberry, Thomas"
"15:45:00"	"2005-03-26"	"Cork"	"Euro Flyer (IRE)"	"10.00"	"0"	"Handicap Hurdle"	"4"	"16"	"Flannery, D F"	"Hourigan, Michael"
"15:45:00"	"2005-03-26"	"Cork"	"Golden Domer (IRE)"	"10.00"	"0"	"Handicap Hurdle"	"10"	"16"	"Quinlan, Sean"	"Ryan, Stanley"
"16:15:00"	"2005-03-24"	"Thurles"	"Kiranga (IRE)"	"10.00"	"0"	"Handicap Hurdle"	"16"	"18"	"Ferris, M J"	"Sheehan, James G"
"17:30:00"	"2005-03-20"	"Limerick"	"Seethensee (IRE)"	"12.00"	"0"	"Beginners Chase"	"3"	"16"	"Flannery, D F"	"Flavin, Mrs Marian"
"15:30:00"	"2005-03-20"	"Limerick"	"Chicago Vic (IRE)"	"4.50"	"0"	"Novices Hurdle"	"4"	"11"	"Carberry, Miss N"	"Flavin, Mrs Marian"
"14:45:00"	"2005-03-17"	"Down Royal"	"Windfall Tax (IRE)"	"25.00"	"0"	"Handicap Hurdle"	"11"	"20"	"Boland, David"	"Smyth, H"
"13:40:00"	"2005-03-15"	"Sedgefield"	"Simlet"	"10.00"	"0"	"Handicap Hurdle"	"1"	"8"	"Berridge, Gary"	"Tuer, E W"
"15:50:00"	"2005-03-14"	"Taunton"	"Adalie"	"25.00"	"0"	"Chase"	"2"	"7"	"Walsh, S P"	"Frost, J D"
"14:00:00"	"2005-03-13"	"Warwick"	"Bill Brown"	"5.00"	"0"	"Handicap Hurdle"	"5"	"16"	"Pritchard, John"	"Dickin, R"
"16:15:00"	"2005-03-12"	"Ayr"	"Roobihoo (IRE)"	"4.50"	"0"	"Handicap Hurdle"	"5"	"11"	"Berridge, Gary"	"Grant, C"
"16:15:00"	"2005-03-12"	"Ayr"	"Beat The Heat (IRE)"	"12.00"	"0"	"Handicap Hurdle"	"6"	"11"	"Costello, Dougie"	"OKeeffe, Jedd"
"17:20:00"	"2005-03-10"	"Thurles"	"Jac Nash (IRE)"	"14.00"	"0"	"Handicap Hurdle"	"5"	"18"	"Carey, B S"	"McNamara, A J"
"16:50:00"	"2005-03-09"	"Fontwell"	"Whats The Count"	"7.50"	"0"	"Handicap Hurdle"	"11"	"13"	"Malone, Tom"	"Johnson, B R"
"16:20:00"	"2005-03-09"	"Fontwell"	"Wild Spice (IRE)"	"4.50"	"0"	"Handicap Chase"	"3"	"7"	"McCarthy, Mr R"	"Williams, Miss Venetia"
"16:00:00"	"2005-03-09"	"Catterick"	"Power And Demand"	"12.00"	"0"	"Handicap Hurdle"	"5"	"18"	"Costello, Dougie"	"Thornton, C W"
"17:00:00"	"2005-03-06"	"Market Rasen"	"A Few Bob Back (IRE)"	"11.00"	"0"	"Handicap Hurdle"	"1"	"7"	"Thomas, Gareth"	"McLintock, Karen"
"16:45:00"	"2005-03-06"	"Leopardstown"	"This Is Serious (IRE)"	"25.00"	"0"	"Handicap Chase"	"UR"	"10"	"Hogan, D G"	"Swan, C F"
"14:15:00"	"2005-03-06"	"Leopardstown"	"Court Leader (IRE)"	"2.00"	"0"	"Maiden Hurdle"	"1"	"11"	"Carberry, Miss N"	"Mullins, Thomas"
"16:20:00"	"2005-03-03"	"Ludlow"	"The Flyer (IRE)"	"20.00"	"0"	"Handicap Hurdle"	"4"	"13"	"Cook, Danny"	"Wilton, Miss S J"
"15:15:00"	"2005-03-03"	"Limerick"	"Move Over (IRE)"	"16.00"	"0"	"Beginners Chase"	"2"	"16"	"Flavin, John"	"Lenihan, P R"
"15:15:00"	"2005-03-03"	"Limerick"	"Koko Kabana (IRE)"	"20.00"	"0"	"Beginners Chase"	"10"	"16"	"Moran, R M"	"Berry, John Paul"
"14:50:00"	"2005-03-03"	"Ludlow"	"Angel Delight"	"7.00"	"0"	"Novices Chase"	"1"	"8"	"Kennedy, W T"	"Spearing, J L"
"14:00:00"	"2005-03-03"	"Taunton"	"Millkom Elegance"	"12.00"	"0"	"Handicap Seller Hurdle"	"3"	"16"	"Cosgrave, D"	"Ham, G A"
"16:40:00"	"2005-03-01"	"Catterick"	"Italiano"	"4.00"	"0"	"Novices Hurdle"	"1"	"16"	"Berridge, Gary"	"Beaumont, P"
"14:50:00"	"2005-03-01"	"Leicester"	"Ravenscar"	"2.00"	"0"	"Handicap Novices Chase"	"UR"	"16"	"Pogson, Adam"	"Pogson, C T"
"15:50:00"	"2005-02-27"	"Musselburgh"	"Brave Effect (IRE)"	"11.00"	"0"	"Handicap Hurdle"	"2"	"14"	"Thomas, Gareth"	"Sayer, Mrs Dianne"
"15:15:00"	"2005-02-27"	"Downpatrick"	"Donodala (IRE)"	"20.00"	"0"	"Handicap Hurdle"	"PU"	"15"	"Howard, Mr A A"	"Lally, P J"
"16:50:00"	"2005-02-26"	"Thurles"	"Old Kilminchy (IRE)"	"12.00"	"0"	"Handicap Hurdle"	"6"	"12"	"Ferris, M J"	"Hourigan, Michael"
"14:50:00"	"2005-02-26"	"Thurles"	"Davids Lad (IRE) (OLD)"	"25.00"	"0"	"Hurdle"	"4"	"8"	"Farrelly, J W"	"Martin, A J"
"15:40:00"	"2005-02-17"	"Clonmel"	"Splendid Memories (IRE)"	"25.00"	"0"	"Handicap Hurdle"	"15"	"18"	"OCallaghan, Miss G M"	"Hennessy, C"
"16:25:00"	"2005-02-16"	"Down Royal"	"Never Say No (IRE)"	"9.00"	"0"	"Handicap Chase"	"9"	"11"	"Maher, D P"	"Ross, Cecil"
"15:25:00"	"2005-02-16"	"Down Royal"	"Dr Knock (IRE)"	"14.00"	"0"	"Handicap Novices Hurdle"	"8"	"15"	"McNiff, M M"	"McElhone, Michael"
"15:35:00"	"2005-02-15"	"Punchestown"	"Brigadier Brown (IRE)"	"14.00"	"0"	"Handicap Hurdle"	"8"	"17"	"McNamara, Andrew J"	"Murphy, John Joseph"
"15:35:00"	"2005-02-15"	"Punchestown"	"Holly Lass (IRE)"	"14.00"	"0"	"Handicap Hurdle"	"F"	"17"	"Ryan, T G M"	"Griffin, Eoin"
"16:55:00"	"2005-02-14"	"Navan"	"Shivermetimber (IRE)"	"5.00"	"0"	"Beginners Chase"	"1"	"9"	"Coleman, K T"	"Flood, Francis J"
"16:55:00"	"2005-02-14"	"Navan"	"Go On Eileen (IRE)"	"10.00"	"0"	"Beginners Chase"	"F"	"9"	"Colgan, R C"	"Deacon, D"
"15:25:00"	"2005-02-14"	"Navan"	"Phareight Dei (IRE)"	"20.00"	"0"	"Handicap Hurdle"	"4"	"26"	"Coleman, K T"	"OBrien, David M"
"16:00:00"	"2005-02-13"	"Hereford"	"Tumbleweed Glen (IRE)"	"40.00"	"0"	"Handicap Chase"	"PU"	"12"	"Nelmes, Owyn"	"Kelsall, P"
"13:40:00"	"2005-02-13"	"Exeter"	"Riders Revenge (IRE)"	"16.00"	"0"	"Handicap Hurdle"	"PU"	"17"	"McCarthy, Mr R"	"Williams, Miss Venetia"
"15:00:00"	"2005-02-12"	"Newbury"	"Hawadeth"	"40.00"	"0"	"Handicap Hurdle"	"4"	"25"	"Carberry, Miss N"	"Dartnall, V R A"
"14:30:00"	"2005-02-10"	"Wincanton"	"Henrietta (IRE)"	"4.50"	"0"	"Handicap Chase"	"2"	"8"	"Malone, Tom"	"Pipe, M C"
"15:50:00"	"2005-02-08"	"Market Rasen"	"Lanmire Tower (IRE)"	"5.00"	"0"	"Handicap Chase"	"2"	"8"	"Kennedy, W T"	"Gollings, S"
"16:50:00"	"2005-02-06"	"Hereford"	"La Marette"	"10.00"	"0"	"Handicap Hurdle"	"3"	"11"	"Peltell, Mr S"	"Allen, John"
"16:50:00"	"2005-02-06"	"Hereford"	"Cansalrun (IRE)"	"12.00"	"0"	"Handicap Hurdle"	"PU"	"11"	"Glassonbury, Andrew"	"Alner, R H"
"14:30:00"	"2005-02-06"	"Musselburgh"	"I Got Rhythm"	"12.00"	"0"	"Handicap Hurdle"	"10"	"17"	"Stratton, Mr D T"	"Reveley, K G"
"15:10:00"	"2005-02-03"	"Towcester"	"Cedar (OLD)"	"16.00"	"0"	"Handicap Chase"	"3"	"10"	"Pritchard, John"	"Dickin, R"
"15:25:00"	"2005-01-31"	"Kempton"	"Tarxien"	"33.00"	"0"	"Handicap Hurdle"	"8"	"14"	"Malone, Tom"	"Pipe, M C"
"13:45:00"	"2005-01-30"	"Tramore"	"Shesnotthefirst (IRE)"	"20.00"	"0"	"Handicap Chase"	"UR"	"16"	"Leigh, A D"	"Fahey, P G"
"15:00:00"	"2005-01-29"	"Ayr"	"Ems Royalty"	"4.50"	"0"	"Handicap Novices Hurdle"	"4"	"6"	"Costello, Dougie"	"Parker, A"
"13:10:00"	"2005-01-29"	"Doncaster"	"October Mist (IRE)"	"40.00"	"0"	"Handicap Hurdle"	"7"	"13"	"Stratton, Mr D T"	"Reveley, K G"
"15:30:00"	"2005-01-27"	"Warwick"	"Fullards"	"8.00"	"0"	"Handicap Hurdle"	"5"	"9"	"Craine, S J"	"Sly, Mrs P"
"13:25:00"	"2005-01-26"	"Wetherby"	"Tom Fruit"	"1.50"	"0"	"Novices Hurdle"	"1"	"10"	"Tumelty, Gerard"	"Easterby, T D"
"15:50:00"	"2005-01-23"	"Leopardstown"	"No Small Plans (IRE)"	"20.00"	"0"	"Handicap Hurdle"	"12"	"16"	"Ferris, M J"	"Cully, Gerard"
"13:10:00"	"2005-01-23"	"Leopardstown"	"High Priestess (IRE)"	"4.00"	"0"	"Maiden Hurdle"	"5"	"23"	"Ryan, T G M"	"OBrien, M J P"
"14:45:00"	"2005-01-22"	"Naas"	"Maggies Mare (IRE)"	"50.00"	"0"	"Novices Hurdle"	"9"	"9"	"Ryan, T G M"	"McGlinchey, R"
"14:35:00"	"2005-01-22"	"Wincanton"	"Rift Valley (IRE) (OLD)"	"33.00"	"0"	"Handicap Hurdle"	"9"	"15"	"Stephens, R"	"Hobbs, P J / White, J"
"14:45:00"	"2005-01-20"	"Gowran Park"	"Over The First (IRE)"	"20.00"	"0"	"Handicap Chase"	"9"	"18"	"Levins, J F"	"Swan, C F"
"15:45:00"	"2005-01-19"	"Navan"	"Craughwell Aris (IRE)"	"20.00"	"0"	"Handicap Hurdle"	"PU"	"20"	"Greenway, Tom"	"Bowles, F J"
"13:45:00"	"2005-01-19"	"Navan"	"Giolla De (IRE)"	"4.00"	"0"	"Maiden Hurdle"	"1"	"29"	"Coleman, K T"	"Flood, Francis J"
"13:30:00"	"2005-01-18"	"Folkestone"	"Dont Tell Jr (IRE)"	"16.00"	"0"	"Handicap Chase"	"PU"	"15"	"Walsh, S P"	"Supple, J A"
"15:25:00"	"2005-01-15"	"Kempton"	"Castleshane (IRE)"	"50.00"	"0"	"Handicap Hurdle"	"17"	"21"	"Kennedy, W T"	"Gollings, S"
"15:10:00"	"2005-01-15"	"Warwick"	"Maximize (IRE)"	"40.00"	"0"	"Handicap Chase"	"8"	"16"	"Malone, Tom"	"Pipe, M C"
"15:00:00"	"2005-01-15"	"Punchestown"	"Ennistown Lady (IRE)"	"4.50"	"0"	"Handicap Hurdle"	"3"	"15"	"Molloy, R J"	"Burns, R P"
"14:30:00"	"2005-01-15"	"Punchestown"	"Heez A Wonder (IRE)"	"3.50"	"0"	"Hurdle"	"2"	"15"	"Coleman, K T"	"Flood, Francis J"
"13:00:00"	"2005-01-15"	"Punchestown"	"Black Church Lad (IRE)"	"25.00"	"0"	"Beginners Chase"	"7"	"17"	"McNamara, Andrew J"	"Cusack, Liam P"
"13:35:00"	"2005-01-13"	"Limerick"	"Langkawi Bay (IRE)"	"5.00"	"0"	"Handicap Hurdle"	"7"	"14"	"Ryan, T G M"	"OMara, T J"
"15:10:00"	"2005-01-11"	"Sedgefield"	"Kimoe Warrior"	"33.00"	"0"	"Handicap Chase"	"7"	"10"	"Coyle, Anthony"	"Mullineaux, M"
"15:20:00"	"2005-01-10"	"Taunton"	"Paddy The Optimist (IRE)"	"10.00"	"0"	"Handicap Chase"	"6"	"12"	"Kennedy, W T"	"Burchell, D"
"14:30:00"	"2005-01-03"	"Folkestone"	"Master Brew"	"11.00"	"0"	"Handicap Chase"	"PU"	"12"	"McCarthy, Mr R"	"Best, J R"
"14:15:00"	"2005-01-03"	"Cork"	"Euro Flyer (IRE)"	"2.50"	"0"	"Handicap Hurdle"	"3"	"9"	"Flannery, D F"	"Hourigan, Michael"
"14:15:00"	"2005-01-01"	"Fairyhouse"	"Nomadic"	"14.00"	"0"	"Handicap Chase"	"PU"	"12"	"ORegan, Denis"	"Meade, Noel"
"13:40:00"	"2004-12-31"	"Warwick"	"Granite Steps"	"4.50"	"0"	"Beginners Chase"	"4"	"9"	"Mercer, Keith"	"Murphy, Ferdy"
"13:30:00"	"2004-12-31"	"Tramore"	"Hot Fudge (IRE)"	"8.00"	"0"	"Handicap Hurdle"	"9"	"16"	"Power, E F"	"Young, L"
"14:10:00"	"2004-12-29"	"Limerick"	"Red Fern (IRE)"	"7.00"	"0"	"Maiden Hurdle"	"3"	"18"	"Ferris, M J"	"McCabe, Moses"
"15:20:00"	"2004-12-27"	"Limerick"	"Model Son (IRE)"	"2.75"	"0"	"Beginners Chase"	"2"	"13"	"Darcy, M"	"Hassett, Donal"
"13:45:00"	"2004-12-27"	"Limerick"	"Albertini (IRE)"	"25.00"	"0"	"Handicap Hurdle"	"1"	"18"	"Carroll, Mr J T"	"Ryan, Malachy J"
"13:45:00"	"2004-12-27"	"Limerick"	"Paddys Girl (IRE)"	"9.00"	"0"	"Handicap Hurdle"	"2"	"18"	"Darcy, M"	"Sheehy, E"
"12:40:00"	"2004-12-27"	"Limerick"	"Kilcash Native (IRE)"	"10.00"	"0"	"Maiden Hurdle"	"1"	"16"	"Quinlan, Sean"	"Crowley, Joseph"
"15:45:00"	"2004-12-26"	"Kempton"	"Its Wallace"	"25.00"	"0"	"Handicap Hurdle"	"9"	"12"	"Goldstein, Marc"	"West, Miss Sheena"
"15:05:00"	"2004-12-26"	"Leopardstown"	"Victor Boy (IRE)"	"14.00"	"0"	"Handicap Chase"	"UR"	"8"	"ORegan, Denis"	"Keane, Gerard"
"13:40:00"	"2004-12-26"	"Wincanton"	"On A Deal"	"50.00"	"0"	"Handicap Novices Hurdle"	"2"	"15"	"Harris, Jay"	"Hodges, R J"
"12:45:00"	"2004-12-19"	"Thurles"	"Get Smart (IRE)"	"14.00"	"0"	"Handicap Chase"	"7"	"18"	"McNamara, Andrew J"	"Murphy, John Joseph"
"13:45:00"	"2004-12-18"	"Newcastle"	"Supreme Developer (IRE)"	"1.88"	"0"	"Novices Chase"	"1"	"10"	"Mercer, Keith"	"Murphy, Ferdy"
"15:00:00"	"2004-12-13"	"Towcester"	"Grumpy Stumpy"	"3.00"	"0"	"Handicap Chase"	"1"	"6"	"England, David"	"Twiston-Davies, N A"
"14:50:00"	"2004-12-12"	"Cork"	"Jack The Hough (IRE)"	"10.00"	"0"	"Handicap Hurdle"	"7"	"23"	"King, Mr J J"	"Walsh, Philip"
"13:45:00"	"2004-12-12"	"Cork"	"Knock Knock (IRE) (OLD)"	"14.00"	"0"	"Novices Hurdle"	"8"	"8"	"Magnier, Mr J P"	"Wachman, David"
"15:00:00"	"2004-12-11"	"Fairyhouse"	"Keepakicker (IRE)"	"10.00"	"0"	"Handicap Hurdle"	"9"	"17"	"Byrnes, B C"	"McNamara, E"
"14:55:00"	"2004-12-10"	"Cheltenham"	"Happy Hussar (IRE)"	"300.00"	"0"	"Handicap Chase"	"9"	"12"	"Pritchard, Dr P"	"Pritchard, Dr P"
"14:45:00"	"2004-12-09"	"Clonmel"	"Camden Village (IRE) (OLD)"	"10.00"	"0"	"Beginners Chase"	"9"	"15"	"Allen, J M"	"Purcell, Kieran"
"14:15:00"	"2004-12-09"	"Clonmel"	"DYgrande (IRE)"	"20.00"	"0"	"Chase"	"6"	"8"	"Ferris, M J"	"Kelleher, Gerard"
"13:45:00"	"2004-12-08"	"Clonmel"	"Lord Graney (IRE)"	"3.00"	"0"	"Handicap Hurdle"	"3"	"20"	"Darcy, M"	"Kidd, T J"
"13:45:00"	"2004-12-08"	"Clonmel"	"Masons Arch (IRE)"	"5.00"	"0"	"Handicap Hurdle"	"7"	"20"	"Ryan, T G M"	"Ryan, Stanley"
"15:20:00"	"2004-12-05"	"Kelso"	"Just Sal"	"16.00"	"0"	"Handicap Hurdle"	"5"	"15"	"Callaghan, Paul"	"Nixon, R"
"15:05:00"	"2004-12-04"	"Sandown"	"Pardishar (IRE)"	"33.00"	"0"	"Handicap Hurdle"	"16"	"21"	"Butler, Robert L"	"Moore, Gary and Josh"
"15:05:00"	"2004-11-28"	"Fairyhouse"	"Finians Ivy (IRE)"	"8.00"	"0"	"Handicap Hurdle"	"4"	"23"	"Colgan, R C"	"Martin, A J"
"15:05:00"	"2004-11-28"	"Fairyhouse"	"Verchoyles Lad (IRE)"	"25.00"	"0"	"Handicap Hurdle"	"19"	"23"	"Walsh, M P"	"Carr, John G"
"13:50:00"	"2004-11-28"	"Doncaster"	"Archie Babe (IRE)"	"16.00"	"0"	"Handicap Hurdle"	"13"	"13"	"Costello, Dougie"	"Quinn, J J"
"12:35:00"	"2004-11-28"	"Fairyhouse"	"City Hall (IRE) (OLD)"	"10.00"	"0"	"Handicap Chase"	"8"	"13"	"Ryan, T G M"	"Nolan, Paul"
"13:30:00"	"2004-11-27"	"Fairyhouse"	"My Native Lad (IRE)"	"6.00"	"0"	"Maiden Hurdle"	"6"	"22"	"ORegan, Denis"	"Meade, Noel"
"14:05:00"	"2004-11-26"	"Wexford"	"Still Going On"	"10.00"	"0"	"Handicap Hurdle"	"5"	"16"	"Ryan, T G M"	"Doyle, Eoin"
"13:35:00"	"2004-11-26"	"Wexford"	"Dego Dante (IRE)"	"5.50"	"0"	"Handicap Novices Hurdle"	"6"	"16"	"Levins, J F"	"King, Aengus"
"14:15:00"	"2004-11-25"	"Thurles"	"Eurolink Rooster"	"20.00"	"0"	"Hurdle"	"LFT"	"17"	"ORegan, Denis"	"McCourt, T G"
"13:25:00"	"2004-11-25"	"Uttoxeter"	"Georgic Blaze"	"9.00"	"0"	"Handicap Seller Hurdle"	"8"	"9"	"Cosgrave, D"	"Ham, G A"
"13:15:00"	"2004-11-25"	"Thurles"	"Lincam (IRE)"	"12.00"	"0"	"Handicap Chase"	"5"	"18"	"Hogan, D G"	"Swan, C F"
"13:15:00"	"2004-11-25"	"Thurles"	"Risetotheoccasion (IRE)"	"20.00"	"0"	"Handicap Chase"	"PU"	"18"	"Allen, J M"	"McBratney, C A"
"14:00:00"	"2004-11-23"	"Sedgefield"	"Amber Go Go"	"5.50"	"0"	"Handicap Seller Hurdle"	"3"	"8"	"Mercer, Keith"	"Moffatt, James"
"14:40:00"	"2004-11-21"	"Navan"	"Aimees Mark (IRE)"	"6.00"	"0"	"Handicap Chase"	"UR"	"14"	"Ryan, T G M"	"Flood, Francis J"
"14:30:00"	"2004-11-21"	"Plumpton"	"Multi Talented (IRE)"	"4.00"	"0"	"Handicap Chase"	"6"	"9"	"Morgan, Justin"	"Wells, L"
"14:25:00"	"2004-11-20"	"Huntingdon"	"Candarli (IRE)"	"9.00"	"0"	"Handicap Hurdle"	"13"	"14"	"Stephens, Lee"	"Gandolfo, D R"
"14:15:00"	"2004-11-20"	"Naas"	"Right Job (IRE)"	"16.00"	"0"	"Handicap Hurdle"	"10"	"11"	"Ryan, T G M"	"Flynn, Patrick J"
"15:00:00"	"2004-11-18"	"Clonmel"	"Hits And Memories (IRE)"	"14.00"	"0"	"Handicap Hurdle"	"4"	"13"	"Molloy, R J"	"OConnor, P C"
"14:50:00"	"2004-11-18"	"Hereford"	"Taffrail"	"5.00"	"0"	"Handicap Novices Hurdle"	"6"	"11"	"Scholes, Adrian"	"Burchell, D"
"15:00:00"	"2004-11-14"	"Punchestown"	"Horner Rocks (IRE)"	"9.00"	"0"	"Handicap Hurdle"	"6"	"9"	"Flannery, D F"	"Hourigan, Michael"
"13:10:00"	"2004-11-14"	"Fontwell"	"Jay Bee Ell"	"4.00"	"0"	"Claimer Hurdle"	"7"	"11"	"Messenger, Tom"	"Pollock, B N"
"15:30:00"	"2004-11-13"	"Punchestown"	"Greywell (IRE)"	"12.00"	"0"	"Handicap Chase"	"6"	"14"	"Doyle, Miss E"	"Doyle, Miss Elizabeth"
"16:05:00"	"2004-11-12"	"Cheltenham"	"Henry Island (IRE)"	"66.00"	"0"	"Handicap Hurdle"	"PU"	"24"	"Walsh, S P"	"Bowlby, Mrs A J"
"14:25:00"	"2004-11-12"	"Wexford"	"Edirneli (IRE)"	"16.00"	"0"	"Handicap Hurdle"	"13"	"16"	"Gannon, Mr D"	"Roper, W M"
"13:10:00"	"2004-11-12"	"Cheltenham"	"Uncle Mick (IRE)"	"8.00"	"0"	"Handicap Chase"	"6"	"12"	"Jacob, Daryl"	"Tizzard, C L"
"15:10:00"	"2004-11-11"	"Taunton"	"The Gene Genie"	"16.00"	"0"	"Handicap Hurdle"	"3"	"10"	"Barber, Mr Marc"	"Hodges, R J"
"14:50:00"	"2004-11-07"	"Navan"	"General Cloney (IRE)"	"25.00"	"0"	"Beginners Chase"	"10"	"14"	"Darcy, M"	"Donohoe, S"
"14:40:00"	"2004-11-07"	"Cork"	"Anyportinastorm (IRE) (OLD)"	"5.00"	"0"	"Maiden Hurdle"	"5"	"23"	"Walsh, M P"	"Mullins, Thomas"
"14:10:00"	"2004-11-07"	"Cork"	"Ira Hayes (IRE) (OLD)"	"20.00"	"0"	"Handicap Chase"	"PU"	"19"	"Donoghue, A J"	"Codd, John A"
"14:15:00"	"2004-11-05"	"Down Royal"	"Inishmot Lady (IRE)"	"20.00"	"0"	"Novices Hurdle"	"11"	"16"	"ORegan, Denis"	"McCourt, T G"
"14:20:00"	"2004-11-01"	"Warwick"	"Dabus"	"16.00"	"0"	"Handicap Hurdle"	"5"	"13"	"Coyle, Anthony"	"Chapman, M C"
"16:10:00"	"2004-10-31"	"Carlisle"	"Bright Steel (IRE)"	"4.00"	"0"	"Handicap Novices Hurdle"	"3"	"9"	"Whillans, Ewan"	"Todhunter, M"
"15:25:00"	"2004-10-30"	"Naas"	"Almier (IRE)"	"9.00"	"0"	"Handicap Hurdle"	"F"	"22"	"Flannery, D F"	"Hourigan, Michael"
"13:10:00"	"2004-10-30"	"Lingfield"	"Tommy Carson"	"7.00"	"0"	"Handicap Chase"	"1"	"8"	"Bolger, Colin"	"Poulton, Jamie"
"15:40:00"	"2004-10-28"	"Taunton"	"Pink Harbour"	"5.00"	"0"	"Handicap Seller Chase"	"1"	"10"	"Craine, S J"	"McCain, D"
"15:15:00"	"2004-10-25"	"Galway"	"Oh So Lively (IRE)"	"4.00"	"0"	"Handicap Hurdle"	"11"	"20"	"Flood, P W"	"OGrady, E J"
"16:35:00"	"2004-10-24"	"Galway"	"Miss Lauren Dee (IRE)"	"16.00"	"0"	"Handicap Hurdle"	"1"	"11"	"Ryder, S E"	"Flannery, M"
"16:10:00"	"2004-10-21"	"Ludlow"	"Noble Colours"	"7.00"	"0"	"Handicap Chase"	"2"	"4"	"Bramley, Miss Faye"	"Blockley, P A"
"15:30:00"	"2004-10-14"	"Tramore"	"Tara Hall"	"14.00"	"0"	"Handicap Chase"	"14"	"16"	"Donoghue, A J"	"Rothwell, P J"
"14:15:00"	"2004-10-10"	"Limerick"	"Brendar (IRE)"	"16.00"	"0"	"Handicap Hurdle"	"5"	"18"	"Walsh, M P"	"Flynn, Patrick J"
"16:00:00"	"2004-10-08"	"Gowran Park"	"Experimental (IRE)"	"12.00"	"0"	"Handicap Hurdle"	"13"	"16"	"Levins, J F"	"Lynch, G T"
"15:00:00"	"2004-10-08"	"Gowran Park"	"Hurry Bob (IRE)"	"14.00"	"0"	"Handicap Hurdle"	"5"	"20"	"Watts, M P"	"Mullins, P"
"13:50:00"	"2004-10-08"	"Carlisle"	"Leopard Spot (IRE)"	"3.50"	"0"	"Novices Hurdle"	"4"	"12"	"Buchanan, Peter"	"Russell, Miss Lucinda V"
"14:10:00"	"2004-10-04"	"Plumpton"	"Mandoob (OLD)"	"3.00"	"0"	"Handicap Novices Hurdle"	"3"	"14"	"Bolger, Colin"	"Johnson, B R"
"17:00:00"	"2004-09-26"	"Punchestown"	"Ghlaisebhui"	"16.00"	"0"	"Beginners Chase"	"3"	"15"	"Ferris, M J"	"OCallaghan, Timothy"
"14:30:00"	"2004-09-21"	"Fontwell"	"Come Bye (IRE)"	"9.00"	"0"	"Handicap Seller Hurdle"	"6"	"7"	"Bolger, Colin"	"Newton-Smith, Miss A M"
"16:30:00"	"2004-09-19"	"Uttoxeter"	"King Of Barbury (IRE)"	"12.00"	"0"	"Handicap Hurdle"	"8"	"10"	"Stringer, Patrick C"	"King, A"
"16:25:00"	"2004-09-12"	"Hexham"	"Sweet Auburn (IRE) (OLD)"	"7.00"	"0"	"Handicap Chase"	"PU"	"13"	"Greenway, Mr D"	"Thomson, Mrs B K"
"18:10:00"	"2004-09-10"	"Kilbeggan"	"The Real Solara (IRE)"	"12.00"	"0"	"Handicap Chase"	"7"	"14"	"ORegan, Denis"	"Hourigan, Michael"
"15:20:00"	"2004-09-05"	"Worcester"	"Stafford King (IRE)"	"10.00"	"0"	"Novices Hurdle"	"3"	"11"	"Carter, N J"	"Oshea, J G M"
"18:45:00"	"2004-09-01"	"Clonmel"	"Nimby Run (IRE)"	"14.00"	"0"	"Maiden Hurdle"	"12"	"17"	"McNamara, Andrew J"	"OBrien, David M"
"18:15:00"	"2004-09-01"	"Clonmel"	"Terrappio (IRE)"	"5.50"	"0"	"Handicap Hurdle"	"1"	"16"	"McNamara, Andrew J"	"McNamara, A J"
"20:15:00"	"2004-08-24"	"Perth"	"Caislean Ui Cuain (IRE)"	"1.75"	"0"	"Handicap Novices Hurdle"	"3"	"5"	"Costello, Dougie"	"Lambe, J J"
"17:10:00"	"2004-08-21"	"Market Rasen"	"Mylo"	"3.00"	"0"	"Handicap Hurdle"	"1"	"7"	"Phelan, T J"	"ONeill, Jonjo and AJ"
"19:30:00"	"2004-08-20"	"Kilbeggan"	"Deramore (IRE)"	"7.00"	"0"	"Beginners Chase"	"4"	"9"	"Flood, P W"	"Hughes, D T"
"15:35:00"	"2004-08-14"	"Tramore"	"Threequarter Moon (IRE)"	"14.00"	"0"	"Handicap Hurdle"	"2"	"12"	"Ryan, T G M"	"Seymour, A"
"19:55:00"	"2004-08-13"	"Tramore"	"Give Me Style (IRE)"	"8.00"	"0"	"Handicap Chase"	"4"	"12"	"ORegan, Denis"	"Burke, W J"
"17:55:00"	"2004-08-12"	"Tramore"	"Ogan Hill (IRE)"	"10.00"	"0"	"Handicap Hurdle"	"1"	"16"	"Walsh, M P"	"Codd, John A"
"15:15:00"	"2004-08-09"	"Southwell"	"Our Man Dennis"	"4.00"	"0"	"Handicap Chase"	"4"	"9"	"Young, Richard"	"Ford, Mrs P"
"19:00:00"	"2004-08-06"	"Kilbeggan"	"Rocking Ship (IRE)"	"8.00"	"0"	"Handicap Hurdle"	"11"	"12"	"Ryan, T G M"	"Morgan, Ms Joanna"
"17:00:00"	"2004-08-06"	"Sedgefield"	"Basinet"	"2.75"	"0"	"Novices Hurdle"	"2"	"13"	"Costello, Dougie"	"Quinn, J J"
"16:00:00"	"2004-08-06"	"Sedgefield"	"Brave Effect (IRE)"	"14.00"	"0"	"Handicap Hurdle"	"PU"	"10"	"Berridge, Gary"	"Todhunter, M"
"15:20:00"	"2004-08-01"	"Galway"	"Wests Awake (IRE)"	"6.00"	"0"	"Handicap Hurdle"	"6"	"13"	"Ryan, T G M"	"Madden, I"
"16:00:00"	"2004-07-30"	"Bangor"	"Bentyheath Lane"	"40.00"	"0"	"Handicap Novices Chase"	"UR"	"9"	"Young, Richard"	"Mullineaux, M"
"17:35:00"	"2004-07-27"	"Galway"	"Blue (IRE)"	"25.00"	"0"	"Chase"	"7"	"11"	"ORegan, Denis"	"McCourt, T G"
"17:00:00"	"2004-07-26"	"Sedgefield"	"Loch Sound"	"16.00"	"0"	"Handicap Novices Hurdle"	"7"	"13"	"Nelmes, Owyn"	"Naughton, Mrs A M"
"19:25:00"	"2004-07-24"	"Wexford"	"Blumen Archie (IRE)"	"20.00"	"0"	"Handicap Chase"	"11"	"13"	"Allen, J M"	"Seymour, A"
"19:55:00"	"2004-07-22"	"Limerick"	"Rotoruasprings (IRE)"	"16.00"	"0"	"Handicap Hurdle"	"6"	"16"	"Harding, Mr R O"	"OConnor, Mrs Mary C"
"19:55:00"	"2004-07-22"	"Limerick"	"Anglosprinter (IRE)"	"12.00"	"0"	"Handicap Hurdle"	"7"	"16"	"Walsh, Mr M J"	"Walsh, John J"
"19:55:00"	"2004-07-22"	"Limerick"	"Faeroe Isle (IRE)"	"25.00"	"0"	"Handicap Hurdle"	"11"	"16"	"Horgan, Mr K A"	"Motherway, J"
"18:55:00"	"2004-07-21"	"Naas"	"Lisas Dream (IRE) (OLD)"	"8.00"	"0"	"Handicap Hurdle"	"5"	"12"	"Clarke, K H"	"Finnegan, Oliver"
"16:30:00"	"2004-07-18"	"Newton Abbot"	"Flahives First"	"8.00"	"0"	"Handicap Chase"	"4"	"6"	"Williams, Mr Nick"	"Burchell, D"
"16:30:00"	"2004-07-18"	"Ballinrobe"	"Nickels N Dimes (IRE)"	"16.00"	"0"	"Handicap Hurdle"	"10"	"11"	"McNamara, Andrew J"	"Monroe, John"
"19:30:00"	"2004-07-16"	"Kilbeggan"	"Jimmyonecoat (IRE)"	"9.00"	"0"	"Handicap Hurdle"	"4"	"15"	"Molloy, R J"	"Carmody, Thomas"
"17:25:00"	"2004-07-11"	"Tipperary"	"Red Square Lady (IRE)"	"4.00"	"0"	"Hurdle"	"2"	"6"	"McNamara, Andrew J"	"Phillips, Michael John"
"17:15:00"	"2004-07-11"	"Sligo"	"Mallon (IRE)"	"14.00"	"0"	"Handicap Hurdle"	"7"	"16"	"Molloy, R J"	"Newman, W"
"17:15:00"	"2004-07-11"	"Sligo"	"Bigjames (IRE)"	"14.00"	"0"	"Handicap Hurdle"	"10"	"16"	"Allen, J M"	"Bowens, V"
"16:30:00"	"2004-07-11"	"Stratford"	"Wings Of Hope (IRE)"	"100.00"	"0"	"Handicap Novices Chase"	"7"	"11"	"Kington, John"	"Hemsley, C J"
"19:15:00"	"2004-07-09"	"Fairyhouse"	"Captain Mike (IRE)"	"7.00"	"0"	"Handicap Hurdle"	"5"	"10"	"Colgan, R C"	"Rooney, Patrick"
"18:45:00"	"2004-07-09"	"Fairyhouse"	"Mr Wong (IRE)"	"4.50"	"0"	"Handicap Hurdle"	"6"	"11"	"Walsh, M P"	"Harrington, Mrs John"
"17:55:00"	"2004-07-09"	"Wexford"	"Carrolls Dove"	"20.00"	"0"	"Maiden Hurdle"	"4"	"16"	"Sweeney, Mr C J"	"Sweeney, Rodger"
"20:45:00"	"2004-07-07"	"Worcester"	"Team Captain"	"20.00"	"0"	"Handicap Chase"	"UR"	"14"	"Young, Richard"	"Down, C J"
"16:50:00"	"2004-06-30"	"Perth"	"Batoutoftheblue"	"20.00"	"0"	"Handicap Hurdle"	"5"	"12"	"McGann, Declan"	"Johnson, R"
"20:30:00"	"2004-06-29"	"Sligo"	"Knockatotaun"	"5.50"	"0"	"Handicap Hurdle"	"8"	"16"	"ORegan, Denis"	"Martin, Patrick"
"20:30:00"	"2004-06-21"	"Kilbeggan"	"See More Perks (IRE)"	"8.00"	"0"	"Handicap Chase"	"5"	"7"	"Allen, J M"	"Seymour, A"
"14:10:00"	"2004-06-20"	"Hexham"	"Flying High (IRE)"	"50.00"	"0"	"Novices Hurdle"	"11"	"19"	"Eddery, Ciaran"	"Johnson, R"
"19:30:00"	"2004-06-04"	"Kilbeggan"	"Santas Girl (IRE)"	"10.00"	"0"	"Handicap Hurdle"	"2"	"16"	"Molloy, R J"	"Finegan, Hugh Paul"
"18:30:00"	"2004-06-01"	"Hexham"	"Chivvy Charver (IRE)"	"4.00"	"0"	"Handicap Novices Hurdle"	"4"	"8"	"Whillans, Ewan"	"Whillans, A C"
"15:50:00"	"2004-05-31"	"Cartmel"	"Imperial Line (IRE)"	"66.00"	"0"	"Maiden Hunters Chase"	"5"	"12"	"Clark, Miss Rachel"	"Thompson, H L"
"14:40:00"	"2004-05-31"	"Cartmel"	"Jamorin Dancer"	"28.00"	"0"	"Handicap Seller Hurdle"	"PU"	"14"	"Gagan, Steven"	"Chadwick, S G"
"16:15:00"	"2004-05-29"	"Hexham"	"Red Perk (IRE)"	"3.33"	"0"	"Handicap Chase"	"PU"	"7"	"Griffiths, P"	"Guest, R C"
"14:30:00"	"2004-05-29"	"Hexham"	"Ambushed (IRE) (OLD)"	"8.00"	"0"	"Handicap Hurdle"	"7"	"10"	"Nelmes, Owyn"	"Monteith, P"
"20:20:00"	"2004-05-28"	"Cork"	"Anglosprinter (IRE)"	"12.00"	"0"	"Handicap Hurdle"	"4"	"23"	"Walsh, Mr M J"	"Walsh, John J"
"19:50:00"	"2004-05-28"	"Cork"	"Eurotrack (IRE)"	"8.00"	"0"	"Beginners Chase"	"4"	"9"	"Harding, Mr R O"	"Harding, Miss M"
"19:30:00"	"2004-05-28"	"Punchestown"	"Theseus (IRE)"	"5.00"	"0"	"Handicap Chase"	"3"	"11"	"Colgan, R C"	"Hughes, P"
"14:05:00"	"2004-05-26"	"Fontwell"	"Haikal (OLD)"	"10.00"	"0"	"Handicap Hurdle"	"5"	"9"	"Carter, N J"	"Buckler, R H"
"20:05:00"	"2004-05-25"	"Sedgefield"	"Bergamo"	"3.00"	"0"	"Handicap Hurdle"	"5"	"7"	"Berridge, Gary"	"Ellison, B"
"15:40:00"	"2004-05-23"	"Hereford"	"Oro Street (IRE)"	"5.00"	"0"	"Seller Hurdle"	"5"	"14"	"Scholes, Adrian"	"Bridgwater, G F"
"19:05:00"	"2004-05-20"	"Kelso"	"Winter Garden"	"7.00"	"0"	"Novices Chase"	"2"	"6"	"Buchanan, Peter"	"Russell, Miss Lucinda V"
"20:45:00"	"2004-05-19"	"Sedgefield"	"Son Of Ross"	"12.00"	"0"	"Handicap Hurdle"	"F"	"9"	"Costello, Dougie"	"Thomson, R W"
"20:10:00"	"2004-05-14"	"Downpatrick"	"Better Blue (IRE)"	"16.00"	"0"	"Maiden Hunters Chase"	"8"	"13"	"Magee, Mr S F"	"Jones, Bernard"
"16:55:00"	"2004-05-11"	"Huntingdon"	"Khaysar (IRE)"	"16.00"	"0"	"Handicap Hurdle"	"3"	"8"	"Smith, Mr Matthew"	"King, N B"
"13:50:00"	"2004-05-11"	"Hereford"	"Pewter Light (IRE)"	"6.00"	"0"	"Handicap Chase"	"8"	"12"	"Young, Richard"	"Ryall, B J M"
"14:30:00"	"2004-05-09"	"Uttoxeter"	"Gallik Dawn"	"100.00"	"0"	"Novices Chase"	"4"	"10"	"Hanmer, Mr G"	"Hollingsworth, A"
"20:15:00"	"2004-05-05"	"Fakenham"	"Brush The Ark"	"5.00"	"0"	"Handicap Hurdle"	"1"	"8"	"Butler, Robert L"	"Smith, J S"
"17:10:00"	"2004-05-03"	"Limerick"	"Majestic Moscow (IRE)"	"16.00"	"0"	"Handicap Hurdle"	"12"	"15"	"Flavin, Mr R"	"Gleeson, John F"
"16:40:00"	"2004-05-01"	"Punchestown"	"Jack Ross (IRE)"	"7.00"	"0"	"Handicap Novices Chase"	"7"	"9"	"Ryan, T G M"	"Ryan, D J"
"20:10:00"	"2004-04-30"	"Bangor"	"Sadlers Secret (IRE)"	"16.00"	"0"	"Handicap Hurdle"	"4"	"9"	"Morris, Mr S"	"Smith, G J"
"18:55:00"	"2004-04-30"	"Sedgefield"	"Bergamo"	"8.00"	"0"	"Handicap Seller Hurdle"	"2"	"14"	"Berridge, Gary"	"Ellison, B"
"15:10:00"	"2004-04-29"	"Hereford"	"Tyrrellspass (IRE)"	"4.50"	"0"	"Handicap Seller Hurdle"	"7"	"11"	"Glassonbury, Andrew"	"Frost, J D"
"17:35:00"	"2004-04-28"	"Punchestown"	"Viaduct (IRE)"	"20.00"	"0"	"Hunters Chase"	"4"	"18"	"McNamara, Andrew J"	"Kingston, Ivor"
"14:40:00"	"2004-04-28"	"Punchestown"	"Take Five (IRE) (OLD)"	"16.00"	"0"	"Handicap Hurdle"	"21"	"28"	"Walsh, M P"	"Kiely, J E and Thomas"
"14:00:00"	"2004-04-28"	"Exeter"	"Roman Court (IRE)"	"4.50"	"0"	"Novices Hurdle"	"F"	"12"	"Jacob, Daryl"	"Alner, R H"
"14:55:00"	"2004-04-25"	"Wetherby"	"My Ace"	"7.00"	"0"	"Handicap Hurdle"	"14"	"18"	"Whillans, Ewan"	"Moffatt, James"
"13:45:00"	"2004-04-24"	"Sandown"	"Hawadeth"	"11.00"	"0"	"Handicap Hurdle"	"7"	"15"	"Malone, Tom"	"Dartnall, V R A"
"15:05:00"	"2004-04-23"	"Perth"	"Solway Minstrel"	"20.00"	"0"	"Handicap Hurdle"	"1"	"15"	"Callaghan, Paul"	"Harrison, Miss L"
"16:40:00"	"2004-04-21"	"Perth"	"Lochiedubs"	"14.00"	"0"	"Handicap Chase"	"F"	"10"	"Nelmes, Owyn"	"Normile, Mrs L B"
"16:35:00"	"2004-04-18"	"Wincanton"	"Mister Pickwick (IRE)"	"20.00"	"0"	"Handicap Hurdle"	"PU"	"18"	"Best, Tom"	"Ewer, Mrs J A"
"16:25:00"	"2004-04-17"	"Bangor"	"Upham Lord (IRE)"	"9.00"	"0"	"Hunters Chase"	"5"	"14"	"Brewer, Mr G"	"Beaumont, P"
"15:50:00"	"2004-04-13"	"Fairyhouse"	"Crimson Flower (IRE)"	"16.00"	"0"	"Handicap Hurdle"	"25"	"27"	"Allen, J M"	"Morrison, J"
"17:40:00"	"2004-04-12"	"Fairyhouse"	"Baby Power (IRE) (OLD)"	"12.00"	"0"	"Handicap Novices Chase"	"9"	"24"	"Mercer, Keith"	"Hughes, P"
"16:00:00"	"2004-04-12"	"Fakenham"	"Trusting Tom"	"3.50"	"0"	"Handicap Chase"	"PU"	"8"	"Flavin, Des"	"Bealby, C C"
"15:50:00"	"2004-04-12"	"Fairyhouse"	"Golden Storm (IRE)"	"25.00"	"0"	"Handicap Chase"	"3"	"28"	"Allen, J M"	"Crowley, Joseph"
"15:50:00"	"2004-04-12"	"Fairyhouse"	"Good Vintage (IRE)"	"50.00"	"0"	"Handicap Chase"	"REF"	"28"	"ORegan, Denis"	"Meade, Noel"
"14:00:00"	"2004-04-12"	"Fakenham"	"Countrywide Star (IRE)"	"12.00"	"0"	"Handicap Seller Hurdle"	"7"	"13"	"Nelmes, Owyn"	"Kellett, C N"
"17:00:00"	"2004-04-11"	"Fairyhouse"	"Panchovillas Gleam (IRE)"	"25.00"	"0"	"Handicap Chase"	"7"	"17"	"Flood, P W"	"Day, Dermot"
"16:20:00"	"2004-04-11"	"Plumpton"	"Prince Slayer"	"20.00"	"0"	"Hurdle"	"4"	"15"	"Murray, Christopher"	"McGovern, Thomas Patrick"
"16:20:00"	"2004-04-11"	"Plumpton"	"Tianyi (IRE)"	"7.00"	"0"	"Hurdle"	"6"	"15"	"Clive, Mr F Windsor"	"Scudamore, M J"
"14:30:00"	"2004-04-11"	"Towcester"	"Raygale"	"7.00"	"0"	"Maiden Hurdle"	"PU"	"14"	"Flavin, Des"	"Bailey, K C"
"16:00:00"	"2004-04-04"	"Hexham"	"Arthurs Kingdom (IRE) (OLD)"	"14.00"	"0"	"Handicap Seller Chase"	"5"	"8"	"Seston, Mr M"	"Milligan, Miss Kate"
"16:00:00"	"2004-03-30"	"Sedgefield"	"Santa Lucia"	"8.00"	"0"	"Handicap Chase"	"F"	"13"	"Buchanan, Peter"	"Russell, Miss Lucinda V"
"14:20:00"	"2004-03-28"	"Market Rasen"	"Escort"	"40.00"	"0"	"Handicap Seller Hurdle"	"11"	"19"	"Hobson, Richard"	"Clay, W"
"16:35:00"	"2004-03-24"	"Towcester"	"Ah Yeah (IRE)"	"2.75"	"0"	"Handicap Chase"	"5"	"8"	"Flavin, Des"	"Bailey, K C"
"16:35:00"	"2004-03-24"	"Towcester"	"Tallow Bay (IRE)"	"4.00"	"0"	"Handicap Chase"	"6"	"8"	"Honeyball, A"	"Wall, Mrs S"
"16:00:00"	"2004-03-24"	"Towcester"	"Would You Believe"	"2.00"	"0"	"Beginners Chase"	"3"	"9"	"Flavin, Des"	"Bailey, K C"
"15:50:00"	"2004-03-23"	"Exeter"	"Dun An Doras (IRE)"	"14.00"	"0"	"Novices Chase"	"PU"	"8"	"Honour, Chris"	"Frost, J D"
"15:00:00"	"2004-03-22"	"Wetherby"	"Pompeii (IRE)"	"50.00"	"0"	"Handicap Hurdle"	"8"	"11"	"Sharkey, Mr C D"	"Lockwood, A J"
"16:45:00"	"2004-03-20"	"Tramore"	"Give Me Style (IRE)"	"10.00"	"0"	"Handicap Chase"	"5"	"16"	"ORegan, Denis"	"Burke, W J"
"16:10:00"	"2004-03-18"	"Hexham"	"Trooper"	"5.00"	"0"	"Handicap Chase"	"PU"	"12"	"King, Fergus"	"Crook, A"
"14:15:00"	"2004-03-18"	"Hexham"	"Peggy Sioux (IRE)"	"14.00"	"0"	"Handicap Hurdle"	"8"	"10"	"Berridge, Liam"	"Charlton, J I A"
"17:15:00"	"2004-03-17"	"Down Royal"	"Lady Brookvale (IRE)"	"6.00"	"0"	"Beginners Chase"	"3"	"12"	"Sweeney, Mr C J"	"Bradbury, Miss Jane"
"16:50:00"	"2004-03-17"	"Limerick"	"Austocon (IRE)"	"7.00"	"0"	"Handicap Hurdle"	"3"	"15"	"Levins, J F"	"Austin, W J"
"14:50:00"	"2004-03-17"	"Down Royal"	"Just Riva (IRE)"	"10.00"	"0"	"Handicap Hurdle"	"13"	"18"	"Walsh, M P"	"McBratney, C A"
"16:40:00"	"2004-03-16"	"Cheltenham"	"Maximize (IRE)"	"40.00"	"0"	"Handicap Chase"	"1"	"22"	"Edwards, Mr D"	"Pipe, M C"
"16:10:00"	"2004-03-16"	"Sedgefield"	"Simlet"	"12.00"	"0"	"Handicap Chase"	"3"	"6"	"King, Fergus"	"Tuer, E W"
"17:00:00"	"2004-03-15"	"Plumpton"	"Mini Dare"	"3.50"	"0"	"Handicap Hurdle"	"4"	"11"	"Kozak, O"	"Sherwood, O"
"17:00:00"	"2004-03-15"	"Plumpton"	"Aiden (IRE)"	"66.00"	"0"	"Handicap Hurdle"	"PU"	"11"	"Studd, C M"	"Richards, Mrs L"
"16:50:00"	"2004-03-15"	"Taunton"	"Knocktopher Abbey"	"33.00"	"0"	"Handicap Hurdle"	"PU"	"13"	"OConnor, T"	"Millman, B R"
"16:00:00"	"2004-03-14"	"Warwick"	"Audiostreetdotcom"	"14.00"	"0"	"Handicap Hurdle"	"10"	"22"	"Best, Tom"	"Balding, G B"
"17:00:00"	"2004-03-13"	"Ayr"	"Midlem Melody"	"8.00"	"0"	"Handicap Chase"	"5"	"12"	"Thomas, Gareth"	"Coltherd, W S"
"14:50:00"	"2004-03-13"	"Ayr"	"Blackout (IRE)"	"20.00"	"0"	"Novices Chase"	"4"	"6"	"Buchanan, Peter"	"Barclay, J"
"15:00:00"	"2004-03-09"	"Hereford"	"Adalpour (IRE)"	"3.00"	"0"	"Novices Seller Hurdle"	"3"	"12"	"Thomas, Sam"	"Lloyd, D M"
"16:40:00"	"2004-03-08"	"Fontwell"	"Stopwatch (IRE)"	"8.00"	"0"	"Handicap Hurdle"	"7"	"8"	"Tizzard, Miss C"	"Jewell, Mrs L C"
"15:15:00"	"2004-03-07"	"Naas"	"Backdoor Champion (IRE)"	"6.00"	"0"	"Handicap Chase"	"6"	"10"	"Gibney, T"	"Heffernan, Andrew"
"16:00:00"	"2004-03-03"	"Downpatrick"	"Baby Power (IRE) (OLD)"	"14.00"	"0"	"Handicap Chase"	"4"	"10"	"Colgan, R C"	"Hughes, P"
"14:40:00"	"2004-03-01"	"Plumpton"	"Atalanta Surprise (IRE)"	"33.00"	"0"	"Novices Hurdle"	"8"	"14"	"Honeyball, A"	"Buckler, R H"
"16:45:00"	"2004-02-29"	"Musselburgh"	"Guilsborough Gorse"	"1.63"	"0"	"Hunters Chase"	"1"	"11"	"Walford, Mr M"	"Walford, T D"
"15:45:00"	"2004-02-29"	"Leopardstown"	"General Cloney (IRE)"	"12.00"	"0"	"Handicap Hurdle"	"8"	"14"	"Colgan, R C"	"Donohoe, S"
"16:30:00"	"2004-02-28"	"Fairyhouse"	"Nijinsky Dancer (IRE)"	"14.00"	"0"	"Handicap Hurdle"	"F"	"25"	"Levins, J F"	"OBrien, K F"
"15:50:00"	"2004-02-26"	"Limerick"	"See The Lady (IRE)"	"12.00"	"0"	"Handicap Hurdle"	"8"	"16"	"Flannery, D F"	"Coughlan, Myles"
"15:20:00"	"2004-02-25"	"Limerick"	"Shady Lad (IRE)"	"8.00"	"0"	"Handicap Chase"	"7"	"12"	"Curling, Sam"	"Bolger, E"
"14:40:00"	"2004-02-25"	"Ludlow"	"Pillar Of Fire (IRE)"	"3.50"	"0"	"Handicap Chase"	"UR"	"8"	"Worthington, W A"	"Williams, Ian"
"16:15:00"	"2004-02-21"	"Fairyhouse"	"Kildare (IRE)"	"4.50"	"0"	"Handicap Novices Hurdle"	"5"	"18"	"Flood, P W"	"Hughes, D T"
"16:30:00"	"2004-02-18"	"Down Royal"	"You Little Daisy (IRE)"	"4.50"	"0"	"Handicap Hurdle"	"4"	"10"	"Clarke, J P"	"Roche, C"
"16:00:00"	"2004-02-16"	"Plumpton"	"Solo Dancer"	"66.00"	"0"	"Novices Hurdle"	"3"	"16"	"Bridges, Miss Lucy"	"Bridges, Mrs H M"
"15:35:00"	"2004-02-14"	"Ayr"	"Double You Cubed"	"12.00"	"0"	"Handicap Hurdle"	"2"	"13"	"Whillans, Ewan"	"Goldie, J S"
"13:25:00"	"2004-02-14"	"Ayr"	"Alexandra Parade (IRE)"	"9.00"	"0"	"Novices Hurdle"	"PU"	"10"	"Costello, Dougie"	"McGregor, Mrs J C"
"16:00:00"	"2004-02-12"	"Wincanton"	"Inchinnan"	"20.00"	"0"	"Handicap Hurdle"	"5"	"8"	"Laverty, Derek"	"Weedon, C"
"15:25:00"	"2004-02-12"	"Punchestown"	"Red Paddy (IRE)"	"16.00"	"0"	"Handicap Hurdle"	"11"	"12"	"Bean, D M"	"Oakes, Miss I T"
"13:30:00"	"2004-02-11"	"Ludlow"	"Aliabad (IRE)"	"66.00"	"0"	"Seller Hurdle"	"8"	"16"	"Richards, G"	"Oshea, J G M"
"16:00:00"	"2004-02-02"	"Exeter"	"Alfy Rich"	"8.00"	"0"	"Handicap Hurdle"	"BD"	"17"	"Cook, Mr J"	"Rich, P M"
"16:00:00"	"2004-02-01"	"Punchestown"	"Shivermetimber (IRE)"	"3.50"	"0"	"Handicap Hurdle"	"1"	"12"	"Joyce, A B"	"Flood, Francis J"
"15:15:00"	"2004-02-01"	"Thurles"	"Little Ora (IRE)"	"9.00"	"0"	"Handicap Hurdle"	"2"	"17"	"Donoghue, A J"	"Rothwell, P J"
"16:05:00"	"2004-01-31"	"Ayr"	"Monsieur Poirot (IRE)"	"14.00"	"0"	"Beginners Chase"	"2"	"6"	"King, Fergus"	"Bradburne, Mrs S C"
"14:15:00"	"2004-01-27"	"Tramore"	"Native Storm (IRE)"	"12.00"	"0"	"Handicap Hurdle"	"6"	"13"	"Foley, Miss A"	"Foley, John J"
"13:20:00"	"2004-01-24"	"Naas"	"Boss White (IRE)"	"8.00"	"0"	"Maiden Hurdle"	"18"	"24"	"Whelan, Mr D"	"Doran, Miss Martina Anne"
"13:20:00"	"2004-01-22"	"Ludlow"	"Springbok Attitude"	"50.00"	"0"	"Handicap Seller Hurdle"	"PU"	"18"	"Phelan, T J"	"Llewellyn, B"
"15:00:00"	"2004-01-21"	"Fakenham"	"Senor Hurst"	"16.00"	"0"	"Handicap Hurdle"	"6"	"8"	"Allan, Miss L"	"Sly, Mrs P"
"15:00:00"	"2004-01-18"	"Fairyhouse"	"Bodakker (IRE)"	"14.00"	"0"	"Handicap Hurdle"	"2"	"18"	"Sullivan, Mr J P"	"Fahey, Jarlath P"
"14:30:00"	"2004-01-18"	"Fairyhouse"	"Eye Of The Tiger (IRE) (OLD)"	"20.00"	"0"	"Beginners Chase"	"3"	"18"	"Leigh, A D"	"Kirk, S A"
"14:30:00"	"2004-01-18"	"Fairyhouse"	"Supreme Venture (IRE)"	"20.00"	"0"	"Beginners Chase"	"PU"	"18"	"Power, Mr K E"	"Crowley, Joseph"
"14:15:00"	"2004-01-18"	"Cork"	"Hes My Man (IRE)"	"6.50"	"0"	"Handicap Hurdle"	"6"	"19"	"Hogan, D G"	"Swan, C F"
"13:45:00"	"2004-01-17"	"Wincanton"	"Phar Jeffen (IRE)"	"20.00"	"0"	"Handicap Chase"	"F"	"7"	"Honeyball, A"	"Hodges, R J"
"13:25:00"	"2004-01-10"	"Navan"	"Pedina (IRE)"	"6.00"	"0"	"Novices Hurdle"	"1"	"8"	"Colgan, R C"	"Lyons, G M"
"15:20:00"	"2004-01-09"	"Towcester"	"Dalus Park (IRE)"	"5.00"	"0"	"Handicap Chase"	"1"	"10"	"Morris, Mr S"	"Bealby, C C"
"13:45:00"	"2004-01-06"	"Thurles"	"Roxelly (IRE)"	"4.00"	"0"	"Novices Hurdle"	"5"	"6"	"Allen, J M"	"OBrien, Sean O"
"13:45:00"	"2004-01-01"	"Fairyhouse"	"Chukchi Country (IRE)"	"8.00"	"0"	"Handicap Hurdle"	"3"	"8"	"Watts, M P"	"Fahy, P A"
"13:00:00"	"2003-12-31"	"Tramore"	"Celestial Light (IRE)"	"0.90"	"0"	"Maiden Hurdle"	"1"	"15"	"Flood, P W"	"Hughes, D T"
"13:20:00"	"2003-12-28"	"Limerick"	"See The Lady (IRE)"	"12.00"	"0"	"Handicap Hurdle"	"8"	"15"	"Allen, J M"	"Coughlan, Myles"
"14:35:00"	"2003-12-27"	"Leopardstown"	"Super Fellow (IRE)"	"33.00"	"0"	"Handicap Chase"	"14"	"28"	"Motherway, Mr C"	"Murphy, Denis P"
"13:55:00"	"2003-12-27"	"Limerick"	"Lough Ennel (IRE)"	"5.00"	"0"	"Handicap Chase"	"PU"	"5"	"Dunne, R T"	"Moore, A L T"
"12:50:00"	"2003-12-27"	"Limerick"	"Look Between Us (IRE)"	"5.00"	"0"	"Handicap Hurdle"	"2"	"9"	"ORegan, Denis"	"Archdeacon, L J"
"15:35:00"	"2003-12-26"	"Ayr"	"Reflective Way"	"33.00"	"0"	"Chase"	"3"	"11"	"Berridge, Gary"	"Whillans, A C"
"15:10:00"	"2003-12-26"	"Towcester"	"Auburn Spirit"	"2.75"	"0"	"Chase"	"2"	"7"	"Honeyball, A"	"Usher, M D I"
"14:40:00"	"2003-12-26"	"Wincanton"	"Derrintogher Yank (IRE)"	"7.00"	"0"	"Handicap Chase"	"F"	"9"	"Biddlecombe, R"	"Sherwood, S E H"
"13:30:00"	"2003-12-26"	"Sedgefield"	"Lazy But Lively (IRE)"	"7.00"	"0"	"Beginners Chase"	"1"	"12"	"Mercer, Keith"	"Fisher, R F"
"13:30:00"	"2003-12-26"	"Sedgefield"	"Farlington"	"4.50"	"0"	"Beginners Chase"	"2"	"12"	"Buchanan, Peter"	"Johnson, J Howard"
"13:00:00"	"2003-12-26"	"Market Rasen"	"Shaffishayes"	"3.00"	"0"	"Handicap Seller Hurdle"	"2"	"10"	"Nelmes, Owyn"	"Reveley, Mrs M"
"14:30:00"	"2003-12-21"	"Thurles"	"Cosi Island (IRE)"	"20.00"	"0"	"Handicap Novices Hurdle"	"15"	"18"	"Ryder, S E"	"OToole, Martin"
"12:30:00"	"2003-12-21"	"Thurles"	"Graineuaile (IRE)"	"12.00"	"0"	"Handicap Chase"	"5"	"13"	"Allen, J M"	"Townend, Timothy"
"14:00:00"	"2003-12-14"	"Navan"	"Native Dara (IRE)"	"16.00"	"0"	"Handicap Hurdle"	"9"	"11"	"ORegan, Denis"	"Meade, Noel"
"13:30:00"	"2003-12-14"	"Navan"	"Florida Coast (IRE)"	"8.00"	"0"	"Hurdle"	"3"	"9"	"ORegan, Denis"	"Bowe, James"
"14:30:00"	"2003-12-13"	"Cheltenham"	"Eskleybrook"	"200.00"	"0"	"Handicap Chase"	"PU"	"17"	"Biddlecombe, R"	"Twiston-Davies, N A"
"14:55:00"	"2003-12-12"	"Cheltenham"	"Happy Hussar (IRE)"	"100.00"	"0"	"Handicap Hurdle"	"10"	"14"	"Pritchard, Dr P"	"Pritchard, Dr P"
"15:10:00"	"2003-12-11"	"Ludlow"	"Killalongford (IRE)"	"4.00"	"0"	"Handicap Novices Hurdle"	"2"	"7"	"Stephens, R"	"Johnson, Mrs S M"
"15:10:00"	"2003-12-11"	"Ludlow"	"Barcham Again (IRE)"	"12.00"	"0"	"Handicap Novices Hurdle"	"5"	"7"	"Newbold, Mr J"	"Bailey, K C"
"13:30:00"	"2003-12-11"	"Huntingdon"	"Celtic Vision (IRE)"	"33.00"	"0"	"Handicap Hurdle"	"9"	"10"	"Cooper, E"	"ONeill, Jonjo and AJ"
"15:40:00"	"2003-12-09"	"Fontwell"	"Bell Tor (IRE)"	"5.00"	"0"	"Handicap Hurdle"	"7"	"8"	"Craine, S J"	"Gandolfo, D R"
"13:35:00"	"2003-12-07"	"Punchestown"	"On The Jetty (IRE)"	"10.00"	"0"	"Handicap Hurdle"	"6"	"15"	"Walsh, M P"	"OBrien, V T"
"13:05:00"	"2003-12-07"	"Punchestown"	"Mr Flowers (IRE)"	"14.00"	"0"	"Handicap Chase"	"5"	"7"	"Buchanan, Peter"	"Barkley, Miss S"
"12:35:00"	"2003-12-07"	"Punchestown"	"The Boys In Green (IRE)"	"5.50"	"0"	"Novices Hurdle"	"5"	"8"	"Walsh, M P"	"Roche, C"
"15:05:00"	"2003-12-06"	"Punchestown"	"Bobabout (IRE) (OLD)"	"9.00"	"0"	"Handicap Chase"	"6"	"16"	"Power, Mr G J"	"Holden, Michael G"
"15:05:00"	"2003-12-06"	"Punchestown"	"Mackinus (IRE)"	"16.00"	"0"	"Handicap Chase"	"11"	"16"	"Carroll, Mr J T"	"Fahy, P A"
"15:05:00"	"2003-12-06"	"Punchestown"	"Much Birch (IRE)"	"16.00"	"0"	"Handicap Chase"	"15"	"16"	"Harding, Mr R O"	"Hourigan, Michael"
"14:10:00"	"2003-12-06"	"Chepstow"	"Blazing Batman"	"250.00"	"0"	"Handicap Chase"	"5"	"6"	"Pritchard, Dr P"	"Pritchard, Dr P"
"13:00:00"	"2003-12-06"	"Punchestown"	"Masons Arch (IRE)"	"12.00"	"0"	"Handicap Hurdle"	"16"	"18"	"Curling, Sam"	"Ryan, Stanley"
"14:35:00"	"2003-12-05"	"Sandown"	"Dunston Bill"	"16.00"	"0"	"Handicap Chase"	"6"	"8"	"Craine, S J"	"Mann, C J"
"13:55:00"	"2003-12-05"	"Southwell"	"Reach The Clouds (IRE)"	"3.33"	"0"	"Handicap Chase"	"2"	"4"	"Mello, M"	"Upson, John R"
"14:40:00"	"2003-12-04"	"Wincanton"	"Brooksie"	"100.00"	"0"	"Handicap Hurdle"	"PU"	"16"	"Griffiths, P"	"George, Karen"
"15:35:00"	"2003-11-29"	"Towcester"	"Clonroche Vinyls (IRE)"	"5.50"	"0"	"Handicap Hurdle"	"3"	"13"	"Sharkey, Mr C D"	"Murphy, Ferdy"
"14:00:00"	"2003-11-29"	"Fairyhouse"	"Central House"	"0.67"	"0"	"Beginners Chase"	"1"	"18"	"Loughran, R"	"Hughes, D T"
"15:20:00"	"2003-11-27"	"Taunton"	"Knocktopher Abbey"	"4.00"	"0"	"Handicap Hurdle"	"4"	"5"	"Thomas, Sam"	"Williams, Miss Venetia"
"15:00:00"	"2003-11-23"	"Gowran Park"	"Alphazar (IRE)"	"3.00"	"0"	"Novices Chase"	"UR"	"9"	"Murphy, Mr P G"	"Mullins, Anthony"
"12:30:00"	"2003-11-20"	"Market Rasen"	"Senor Hurst"	"40.00"	"0"	"Novices Hurdle"	"5"	"11"	"Allan, Miss L"	"Sly, Mrs P"
"13:55:00"	"2003-11-19"	"Hexham"	"Rascella"	"5.50"	"0"	"Handicap Hurdle"	"2"	"5"	"Ryan, J R"	"Smith, Mrs S J"
"14:15:00"	"2003-11-15"	"Punchestown"	"Red Venus (IRE)"	"14.00"	"0"	"Hurdle"	"5"	"24"	"Sullivan, Mr J P"	"Fahey, Seamus"
"13:45:00"	"2003-11-15"	"Punchestown"	"Doire-Chrinn (IRE)"	"7.00"	"0"	"Handicap Hurdle"	"3"	"10"	"Flood, P W"	"Kelly, D P"
"13:40:00"	"2003-11-13"	"Fakenham"	"Fare Dealing (IRE)"	"7.00"	"0"	"Handicap Novices Chase"	"2"	"4"	"Murphy, Brian"	"Gingell, M J"
"14:30:00"	"2003-11-12"	"Fairyhouse"	"Wotsitooya (IRE)"	"8.00"	"0"	"Hurdle"	"3"	"10"	"Cullen, Mr D W"	"OBrien, M J P"
"15:30:00"	"2003-11-09"	"Navan"	"Tipp Top (IRE)"	"6.50"	"0"	"Handicap Hurdle"	"7"	"12"	"Flood, P W"	"Hughes, D T"
"15:40:00"	"2003-11-05"	"Kempton"	"Stormy Skye (IRE)"	"1.25"	"0"	"Handicap Novices Chase"	"UR"	"3"	"Moore, Jamie"	"Moore, Gary and Josh"
"15:40:00"	"2003-11-04"	"Exeter"	"Mr Woodland"	"5.50"	"0"	"Handicap Chase"	"UR"	"5"	"Honour, Chris"	"Frost, J D"
"14:30:00"	"2003-11-01"	"Kelso"	"Eyze (IRE)"	"8.00"	"0"	"Handicap Hurdle"	"3"	"10"	"Costello, Dougie"	"Mactaggart, B"
"13:45:00"	"2003-11-01"	"Ascot"	"Tikram"	"12.00"	"0"	"Handicap Hurdle"	"3"	"15"	"Moore, Jamie"	"Moore, Gary and Josh"
"12:50:00"	"2003-10-29"	"Sedgefield"	"Johnstons Art (IRE)"	"12.00"	"0"	"Handicap Hurdle"	"7"	"8"	"Lund, Mr B"	"McGregor, Mrs J C"
"14:50:00"	"2003-10-26"	"Wexford"	"San Diego (IRE)"	"8.00"	"0"	"Handicap Hurdle"	"6"	"12"	"Madden, N P"	"Madden, Niall"
"15:45:00"	"2003-10-25"	"Wexford"	"Little Ora (IRE)"	"10.00"	"0"	"Handicap Hurdle"	"3"	"14"	"Donoghue, A J"	"Rothwell, P J"
"17:05:00"	"2003-10-18"	"Kelso"	"Eyze (IRE)"	"0.91"	"0"	"Novices Hurdle"	"2"	"5"	"Costello, Dougie"	"Mactaggart, B"
"16:30:00"	"2003-10-11"	"Gowran Park"	"Botticino (IRE)"	"10.00"	"0"	"Handicap Hurdle"	"10"	"13"	"Roche, Mr P"	"Roche, C"
"16:30:00"	"2003-10-11"	"Gowran Park"	"Half Barrell (IRE)"	"16.00"	"0"	"Handicap Hurdle"	"13"	"13"	"Hurley, L A"	"OBrien, V T"
"15:05:00"	"2003-10-11"	"Southwell"	"Laazim Afooz"	"7.00"	"0"	"Handicap Chase"	"3"	"4"	"Evans, Tony"	"Phillips, R T"
"14:30:00"	"2003-10-11"	"Southwell"	"Sounds Cool"	"20.00"	"0"	"Beginners Chase"	"6"	"7"	"Ryan, J R"	"Smith, Mrs S J"
"16:00:00"	"2003-10-10"	"Huntingdon"	"Sun King"	"6.50"	"0"	"Handicap Hurdle"	"3"	"6"	"Nelmes, Owyn"	"Reveley, Mrs M"
"14:10:00"	"2003-10-08"	"Exeter"	"Mantilla"	"1.00"	"0"	"Handicap Seller Hurdle"	"1"	"5"	"Worthington, W A"	"Williams, Ian"
"17:30:00"	"2003-10-05"	"Tipperary"	"Golden Beacon (IRE)"	"12.00"	"0"	"Handicap Hurdle"	"11"	"16"	"Donoghue, A J"	"Griffin, Eoin"
"16:30:00"	"2003-10-04"	"Punchestown"	"Royal County Buck (IRE)"	"2.00"	"0"	"Handicap Chase"	"3"	"7"	"Codd, Mr J J"	"Martin, A J"
"16:30:00"	"2003-10-04"	"Punchestown"	"Good Vintage (IRE)"	"4.50"	"0"	"Handicap Chase"	"PU"	"7"	"Cullen, Mr D W"	"Meade, Noel"
"16:25:00"	"2003-10-03"	"Hexham"	"Pharbeitfrome (IRE)"	"2.50"	"0"	"Handicap Chase"	"3"	"6"	"Carenza, Gino"	"Wilson, N"
"16:25:00"	"2003-10-02"	"Hereford"	"Secrets Out"	"12.00"	"0"	"Handicap Novices Hurdle"	"2"	"12"	"Hobson, Richard"	"Clay, W"
"15:35:00"	"2003-09-27"	"Market Rasen"	"Richies Delight (IRE)"	"5.00"	"0"	"Handicap Hurdle"	"3"	"7"	"Murphy, Brian"	"Supple, J A"
"16:00:00"	"2003-09-24"	"Perth"	"Xaipete (IRE)"	"1.38"	"0"	"Claimer Hurdle"	"1"	"5"	"McGrath, Larry"	"Guest, R C"
"15:35:00"	"2003-09-21"	"Listowel"	"Gatso (IRE)"	"12.00"	"0"	"Handicap Hurdle"	"9"	"17"	"ORegan, Denis"	"OBrien, V T"
"17:05:00"	"2003-09-20"	"Listowel"	"Princess Alannah (IRE)"	"10.00"	"0"	"Handicap Hurdle"	"4"	"20"	"OShea, N J"	"Sheehy, E"
"16:10:00"	"2003-09-17"	"Listowel"	"Killultagh Storm (IRE)"	"20.00"	"0"	"Handicap Chase"	"5"	"17"	"Codd, Mr J J"	"Mullins, W P"
"16:30:00"	"2003-09-14"	"Hexham"	"Mr Laggan"	"6.00"	"0"	"Handicap Chase"	"1"	"8"	"McAlister, Michael"	"Milligan, Miss Kate"
"16:30:00"	"2003-09-14"	"Hexham"	"Just Strong (IRE)"	"7.00"	"0"	"Handicap Chase"	"5"	"8"	"Nelmes, Owyn"	"Naughton, Mrs A M"
"15:50:00"	"2003-09-13"	"Worcester"	"Shamsan (IRE)"	"20.00"	"0"	"Handicap Hurdle"	"8"	"9"	"Stephens, R"	"Hobbs, P J / White, J"
"16:15:00"	"2003-09-12"	"Downpatrick"	"Miss Egypt (IRE)"	"8.00"	"0"	"Handicap Hurdle"	"8"	"15"	"McNiff, M M"	"Woods, Lindsay"
"18:00:00"	"2003-09-11"	"Tipperary"	"Runfar (IRE)"	"33.00"	"0"	"Handicap Hurdle"	"14"	"15"	"Donoghue, A J"	"Monroe, John"
"18:40:00"	"2003-09-08"	"Galway"	"Larkhill Jo (IRE)"	"0.80"	"0"	"Handicap Hurdle"	"1"	"9"	"Donoghue, A J"	"Nolan, Brian"
"16:00:00"	"2003-09-07"	"Punchestown"	"Native Performance (IRE)"	"4.00"	"0"	"Handicap Hurdle"	"1"	"10"	"Harding, Mr R O"	"Hourigan, Michael"
"16:45:00"	"2003-08-25"	"Southwell"	"Another Joker"	"9.00"	"0"	"Handicap Hurdle"	"6"	"8"	"Phelan, T J"	"Needham, J L"
"15:45:00"	"2003-08-25"	"Southwell"	"Happy Hussar (IRE)"	"5.00"	"0"	"Claimer Hurdle"	"2"	"5"	"Pritchard, Dr P"	"Pritchard, Dr P"
"14:00:00"	"2003-08-25"	"Newton Abbot"	"Winnie The Pooh"	"14.00"	"0"	"Novices Hurdle"	"4"	"6"	"Honour, Chris"	"Frost, J D"
"19:20:00"	"2003-08-18"	"Fontwell"	"Baron Allfours"	"8.00"	"0"	"Maiden Chase"	"1"	"7"	"Bolger, Colin"	"Davison, Miss Z C"
"15:15:00"	"2003-08-10"	"Cork"	"Valerun (IRE)"	"10.00"	"0"	"Handicap Hurdle"	"6"	"10"	"Curling, Sam"	"Doyle, Timothy"
"18:00:00"	"2003-08-08"	"Worcester"	"Henbridge"	"3.00"	"0"	"Handicap Novices Hurdle"	"3"	"7"	"Stephens, R"	"Johnson, Mrs S M"
"17:10:00"	"2003-08-01"	"Galway"	"Curhubber Girl (IRE)"	"20.00"	"0"	"Handicap Hurdle"	"14"	"22"	"OBrien, Mr S O"	"Flynn, Ms M"
"15:45:00"	"2003-07-31"	"Galway"	"Columba (IRE)"	"16.00"	"0"	"Handicap Hurdle"	"4"	"24"	"Flood, P W"	"Hughes, D T"
"15:45:00"	"2003-07-31"	"Galway"	"Gemini Guest (IRE)"	"14.00"	"0"	"Handicap Hurdle"	"8"	"24"	"Curling, Sam"	"Hughes, P"
"14:15:00"	"2003-07-30"	"Newton Abbot"	"Sparkling Cascade (IRE)"	"14.00"	"0"	"Chase"	"5"	"9"	"Moore, Jamie"	"Newcombe, A G"
"14:15:00"	"2003-07-30"	"Newton Abbot"	"Salford"	"9.00"	"0"	"Chase"	"6"	"9"	"Honeyball, A"	"Hawke, N J"
"16:35:00"	"2003-07-27"	"Newton Abbot"	"Fear Siuil (IRE)"	"8.00"	"0"	"Handicap Chase"	"PU"	"5"	"Davies, James"	"Williams, Nick"
"16:45:00"	"2003-07-26"	"Stratford"	"Xaipete (IRE)"	"3.33"	"0"	"Handicap Hurdle"	"3"	"11"	"Moore, Jamie"	"Guest, R C"
"19:10:00"	"2003-07-16"	"Worcester"	"Pythagoras"	"14.00"	"0"	"Handicap Novices Chase"	"PU"	"9"	"Davies, James"	"Sheppard, M"
"20:00:00"	"2003-07-15"	"Killarney"	"Experimental (IRE)"	"7.00"	"0"	"Handicap Chase"	"4"	"12"	"Donoghue, A J"	"Rothwell, P J"
"17:10:00"	"2003-07-13"	"Stratford"	"Knightsbridge King"	"14.00"	"0"	"Handicap Hurdle"	"PU"	"15"	"Hobson, Richard"	"Allen, John"
"18:15:00"	"2003-07-11"	"Wexford"	"Family Affair (IRE)"	"3.33"	"0"	"Maiden Hurdle"	"1"	"11"	"Power, Mr K E"	"Phillips, Michael John"
"14:40:00"	"2003-07-06"	"Market Rasen"	"The Hearty Joker (IRE)"	"9.00"	"0"	"Handicap Chase"	"1"	"12"	"Davies, James"	"Powell, B G"
"15:00:00"	"2003-07-04"	"Southwell"	"Hisar (IRE) (OLD)"	"25.00"	"0"	"Handicap Chase"	"PU"	"6"	"Davies, James"	"Ritchens, P C"
"15:25:00"	"2003-07-03"	"Perth"	"Bengal Boy"	"6.00"	"0"	"Handicap Chase"	"4"	"6"	"Tinkler, Andrew"	"Beaumont, P"
"19:00:00"	"2003-06-23"	"Kilbeggan"	"Money Park (IRE)"	"12.00"	"0"	"Handicap Hurdle"	"3"	"16"	"Sullivan, Mr J P"	"Fahey, Seamus"
"16:00:00"	"2003-06-22"	"Navan"	"River Quoile"	"10.00"	"0"	"Handicap Hurdle"	"11"	"13"	"Curling, Sam"	"Cunningham, Michael"
"15:00:00"	"2003-06-22"	"Perth"	"Trading Trouble"	"5.00"	"0"	"Handicap Novices Chase"	"UR"	"7"	"Tinkler, Andrew"	"Jefferson, J M"
"16:30:00"	"2003-06-14"	"Cork"	"Osiris (IRE)"	"8.00"	"0"	"Handicap Hurdle"	"8"	"21"	"Power, R M"	"Heffernan, Patrick"
"20:00:00"	"2003-06-13"	"Wexford"	"Torose (IRE)"	"3.50"	"0"	"Beginners Chase"	"3"	"15"	"Power, R M"	"Mullins, P"
"16:50:00"	"2003-06-11"	"Hereford"	"Rose Tina"	"3.50"	"0"	"Handicap Chase"	"RO"	"6"	"Davies, James"	"Powell, B G"
"20:30:00"	"2003-06-09"	"Ballinrobe"	"Theres No Doubt (IRE)"	"12.00"	"0"	"Handicap Hurdle"	"9"	"15"	"Ryder, S E"	"Flannery, M"
"19:30:00"	"2003-06-06"	"Kilbeggan"	"Aungier Gale (IRE)"	"33.00"	"0"	"Handicap Hurdle"	"UR"	"15"	"Walsh, M P"	"Foley, Thomas"
"19:30:00"	"2003-06-05"	"Clonmel"	"Just In Debt (IRE)"	"3.50"	"0"	"Novices Hurdle"	"3"	"10"	"Power, R M"	"Doyle, P M J"
"18:30:00"	"2003-06-03"	"Sligo"	"Roma Commanche (IRE)"	"33.00"	"0"	"Hurdle"	"8"	"11"	"OConnor, M"	"McLoughlin, John T"
"16:00:00"	"2003-06-03"	"Newton Abbot"	"The Sawdust Kid"	"4.00"	"0"	"Handicap Hurdle"	"8"	"10"	"Honeyball, A"	"Buckler, R H"
"15:00:00"	"2003-05-31"	"Stratford"	"Quintrell Downs"	"20.00"	"0"	"Handicap Hurdle"	"PU"	"15"	"Callaghan, Paul"	"George, T R"
"20:30:00"	"2003-05-30"	"Wexford"	"Gardrum Park (IRE)"	"4.50"	"0"	"Handicap Chase"	"5"	"12"	"ORegan, Denis"	"Flood, Francis J"
"18:40:00"	"2003-05-29"	"Huntingdon"	"Delphi"	"25.00"	"0"	"Handicap Novices Hurdle"	"8"	"9"	"Phelan, T J"	"Powell, B G"
"16:00:00"	"2003-05-29"	"Newton Abbot"	"Harik"	"5.50"	"0"	"Handicap Chase"	"4"	"7"	"Moore, Jamie"	"Moore, Gary and Josh"
"16:00:00"	"2003-05-26"	"Fontwell"	"Coastguard (IRE)"	"20.00"	"0"	"Handicap Hurdle"	"3"	"8"	"Walsh, S P"	"Mann, C J"
"16:35:00"	"2003-05-24"	"Hexham"	"Hailstorm (IRE)"	"14.00"	"0"	"Handicap Chase"	"3"	"16"	"Tinkler, Andrew"	"Russell, Miss Lucinda V"
"16:00:00"	"2003-05-24"	"Hexham"	"Laundmower"	"3.00"	"0"	"Novices Hurdle"	"2"	"10"	"Houston, F"	"Smith, Mrs S J"
"20:40:00"	"2003-05-22"	"Kelso"	"San Francisco"	"12.00"	"0"	"Handicap Chase"	"7"	"14"	"Berridge, Gary"	"Whillans, A C"
"16:35:00"	"2003-05-21"	"Worcester"	"Thunderpoint (IRE)"	"25.00"	"0"	"Handicap Chase"	"UR"	"13"	"Davies, James"	"Price, R J"
"14:20:00"	"2003-05-18"	"Fakenham"	"Sovereign State (IRE)"	"16.00"	"0"	"Handicap Seller Hurdle"	"1"	"14"	"McGann, Declan"	"Moore, J A"
"14:00:00"	"2003-05-18"	"Southwell"	"Bella Mary"	"150.00"	"0"	"Novices Chase"	"3"	"11"	"Pogson, Adam"	"Pogson, C T"
"16:15:00"	"2003-05-17"	"Bangor"	"Step Quick (IRE)"	"5.50"	"0"	"Hunters Chase"	"6"	"8"	"Hill, Mr W"	"Bryan, W"
"15:15:00"	"2003-05-11"	"Killarney"	"Cailins Perk (IRE)"	"10.00"	"0"	"Handicap Hurdle"	"9"	"16"	"Curling, Sam"	"Morrissey, James"
"15:55:00"	"2003-05-10"	"Hexham"	"Jamorin Dancer"	"25.00"	"0"	"Handicap Chase"	"4"	"13"	"Metcalfe, Miss C"	"Guest, R C"
"16:15:00"	"2003-05-07"	"Chepstow"	"Julies Leader (IRE)"	"1.50"	"0"	"Handicap Hurdle"	"1"	"6"	"Tizzard, Miss C"	"Nicholls, P F"
"16:45:00"	"2003-05-05"	"Ludlow"	"Dragut Torghoud (IRE)"	"3.50"	"0"	"Handicap Novices Hurdle"	"PU"	"14"	"OKeeffe, Alan"	"Babbage, N M"
"16:30:00"	"2003-05-05"	"Huntingdon"	"The BigUn"	"6.00"	"0"	"Handicap Chase"	"7"	"16"	"Day, A"	"Moore, Gary and Josh"
"15:15:00"	"2003-05-01"	"Punchestown"	"Eoins Pride (IRE)"	"14.00"	"0"	"Chase"	"UR"	"20"	"Carroll, Mr J T"	"Bolger, E"
"14:00:00"	"2003-04-30"	"Exeter"	"Commanche Summer"	"16.00"	"0"	"Novices Hurdle"	"4"	"13"	"Glassonbury, Andrew"	"Frost, J D"
"16:15:00"	"2003-04-29"	"Newton Abbot"	"Mr Dow Jones (IRE)"	"8.00"	"0"	"Handicap Hunters Chase"	"5"	"13"	"Williams, Mr Nick"	"Goldsworthy, W K"
"17:25:00"	"2003-04-22"	"Fairyhouse"	"Our Boy (IRE) (OLD)"	"7.00"	"0"	"Chase"	"2"	"11"	"Cashman, Mr P"	"Cromwell, J G"
"14:15:00"	"2003-04-22"	"Fairyhouse"	"Tipp Top (IRE)"	"8.00"	"0"	"Maiden Hurdle"	"5"	"17"	"Jacob, Daryl"	"Hughes, D T"
"16:35:00"	"2003-04-21"	"Uttoxeter"	"Red Square Dawn"	"4.50"	"0"	"Novices Hurdle"	"3"	"6"	"Tinkler, Andrew"	"Williamson, Mrs L"
"16:25:00"	"2003-04-21"	"Market Rasen"	"Peacemaker (IRE) (OLD)"	"14.00"	"0"	"Chase"	"3"	"6"	"Hobson, Richard"	"Cornwall, J R"
"16:25:00"	"2003-04-21"	"Market Rasen"	"Rigadoon (IRE)"	"10.00"	"0"	"Chase"	"PU"	"6"	"Carenza, Gino"	"Easterby, M W"
"16:00:00"	"2003-04-21"	"Plumpton"	"Phar City (IRE)"	"2.25"	"0"	"Maiden Chase"	"1"	"3"	"Honeyball, A"	"Buckler, R H"
"15:55:00"	"2003-04-21"	"Market Rasen"	"Polish Pilot (IRE)"	"14.00"	"0"	"Novices Chase"	"4"	"4"	"Hobson, Richard"	"Cornwall, J R"
"15:50:00"	"2003-04-21"	"Fairyhouse"	"Princess Symphony (IRE)"	"25.00"	"0"	"Handicap Chase"	"12"	"21"	"Donoghue, A J"	"Sheehy, E"
"15:25:00"	"2003-04-21"	"Uttoxeter"	"Welburn Boy"	"12.00"	"0"	"Handicap Seller Hurdle"	"PU"	"15"	"Biddlecombe, R"	"Sheppard, M"
"15:05:00"	"2003-04-21"	"Fakenham"	"Distant Storm (OLD)"	"3.50"	"0"	"Handicap Hurdle"	"5"	"5"	"Jones, Miss E J"	"Llewellyn, B J"
"15:00:00"	"2003-04-21"	"Plumpton"	"Mill Lord (IRE)"	"12.00"	"0"	"Handicap Seller Chase"	"3"	"7"	"Kozak, O"	"Drewe, C J"
"14:45:00"	"2003-04-21"	"Newton Abbot"	"Knockrigg (IRE)"	"9.00"	"0"	"Handicap Seller Hurdle"	"2"	"16"	"Kennedy, W T"	"Pritchard, Dr P"
"14:20:00"	"2003-04-21"	"Uttoxeter"	"Blythe Lady"	"25.00"	"0"	"Handicap Hurdle"	"PU"	"8"	"Pritchard, John"	"Wall, T"
"16:55:00"	"2003-04-19"	"Carlisle"	"Brave Effect (IRE)"	"3.50"	"0"	"Handicap Novices Hurdle"	"1"	"7"	"Berridge, Gary"	"Todhunter, M"
"16:50:00"	"2003-04-17"	"Cheltenham"	"Jabiru (IRE)"	"14.00"	"0"	"Hunters Chase"	"4"	"11"	"Edwards, Mr D"	"Sanderson, Mrs K M"
"15:55:00"	"2003-04-14"	"Hexham"	"Sound Of Cheers"	"16.00"	"0"	"Handicap Hurdle"	"10"	"14"	"McGrath, Larry"	"Kirby, F"
"15:30:00"	"2003-04-12"	"Ayr"	"Carryonharry (IRE)"	"16.00"	"0"	"Handicap Chase"	"PU"	"19"	"Moore, Jamie"	"Pipe, M C"
"15:30:00"	"2003-04-12"	"Ayr"	"Last Option"	"25.00"	"0"	"Handicap Chase"	"PU"	"19"	"Needham, Mrs F"	"Tate, R"
"14:45:00"	"2003-04-10"	"Ludlow"	"Tino (IRE)"	"5.50"	"0"	"Handicap Novices Chase"	"2"	"7"	"Davies, James"	"King, J S"
"17:25:00"	"2003-04-05"	"Hereford"	"Blazing Batman"	"2.75"	"0"	"Handicap Novices Hurdle"	"6"	"10"	"Nicolls, Mark"	"Pritchard, Dr P"
"16:20:00"	"2003-04-05"	"Hereford"	"Final Lap"	"33.00"	"0"	"Novices Seller Hurdle"	"12"	"14"	"Honour, Chris"	"Lewis, S T"
"16:00:00"	"2003-03-30"	"Cork"	"I Can Imagine (IRE) (OLD)"	"8.00"	"0"	"Handicap Chase"	"5"	"14"	"Curling, Sam"	"Tyner, Robert"
"16:00:00"	"2003-03-30"	"Cork"	"Grange Leader (IRE)"	"14.00"	"0"	"Handicap Chase"	"11"	"14"	"Donoghue, A J"	"Treacy, S J"
"15:30:00"	"2003-03-30"	"Cork"	"Rapid Deployment"	"10.00"	"0"	"Handicap Hurdle"	"8"	"23"	"Curtis, S A"	"Hughes, P"
"15:55:00"	"2003-03-28"	"Carlisle"	"Devils Run (IRE)"	"1.00"	"0"	"Novices Chase"	"2"	"4"	"Aspell, P"	"Wade, J"
"16:00:00"	"2003-03-23"	"Wetherby"	"Tiger Talk"	"50.00"	"0"	"Handicap Hurdle"	"6"	"10"	"Sharkey, Mr C D"	"Sowersby, M E"
"15:05:00"	"2003-03-23"	"Huntingdon"	"Bronhallow"	"66.00"	"0"	"Beginners Chase"	"3"	"8"	"Hobson, Richard"	"Waring, Mrs Barbara"
"14:05:00"	"2003-03-20"	"Wincanton"	"Dame Fonteyn"	"11.00"	"0"	"Novices Hurdle"	"5"	"13"	"Burke, Keiran"	"Tizzard, C L"
"14:55:00"	"2003-03-18"	"Exeter"	"Nickit (IRE)"	"10.00"	"0"	"Handicap Novices Hurdle"	"3"	"17"	"OKeeffe, Alan"	"Williams, Miss Venetia"
"16:10:00"	"2003-03-17"	"Down Royal"	"Aura About Him (IRE)"	"8.00"	"0"	"Handicap Chase"	"5"	"13"	"Mooney, M F"	"OBrien, V T"
"17:30:00"	"2003-03-16"	"Punchestown"	"Healys Pub (IRE)"	"2.00"	"0"	"Handicap Hurdle"	"1"	"12"	"Colgan, R C"	"McKiernan, Oliver"
"16:30:00"	"2003-03-16"	"Punchestown"	"Shannon Gale (IRE)"	"20.00"	"0"	"Hurdle"	"7"	"14"	"Walsh, M P"	"Roche, C"
"15:50:00"	"2003-03-16"	"Ludlow"	"Regal Vision (IRE)"	"22.00"	"0"	"Handicap Hurdle"	"4"	"18"	"Tinkler, Andrew"	"Cox, C G"
"14:50:00"	"2003-03-16"	"Ludlow"	"Flahives First"	"16.00"	"0"	"Handicap Chase"	"4"	"9"	"Richards, G"	"Burchell, D"
"15:15:00"	"2003-03-15"	"Market Rasen"	"Polish Pilot (IRE)"	"20.00"	"0"	"Novices Chase"	"4"	"5"	"Hobson, Richard"	"Cornwall, J R"
"14:40:00"	"2003-03-15"	"Market Rasen"	"Highbank"	"10.00"	"0"	"Handicap Seller Hurdle"	"1"	"15"	"Aspell, P"	"Reveley, Mrs M"
"16:10:00"	"2003-03-13"	"Hexham"	"Scotmail Boy (IRE)"	"2.25"	"0"	"Handicap Chase"	"3"	"10"	"Aspell, P"	"Johnson, J Howard"
"17:10:00"	"2003-03-12"	"Cheltenham"	"Scots Grey"	"16.00"	"0"	"Handicap Chase"	"3"	"19"	"Tinkler, Andrew"	"Henderson, N J"
"16:00:00"	"2003-03-12"	"Cheltenham"	"Mr Cool"	"33.00"	"0"	"Handicap Hurdle"	"19"	"27"	"Moore, Jamie"	"Pipe, M C"
"15:40:00"	"2003-03-12"	"Huntingdon"	"Studio Thirty"	"33.00"	"0"	"Handicap Hurdle"	"9"	"14"	"Price, Miss V"	"Price, R J"
"16:40:00"	"2003-03-11"	"Cheltenham"	"Spinofski"	"9.00"	"0"	"Handicap Chase"	"10"	"23"	"Baldock, Mr M"	"Webber, P R"
"14:30:00"	"2003-03-10"	"Plumpton"	"Raleagh Native (IRE)"	"4.00"	"0"	"Handicap Chase"	"F"	"6"	"Bolger, Colin"	"Newton-Smith, Miss A M"
"17:00:00"	"2003-03-06"	"Thurles"	"The Dipstick"	"25.00"	"0"	"Handicap Chase"	"10"	"18"	"Bates, M F"	"Kelly, Patrick G"
"15:40:00"	"2003-03-04"	"Leicester"	"Our Tommy"	"3.00"	"0"	"Handicap Chase"	"3"	"6"	"Trott, Mr M"	"Price, A E"
"14:20:00"	"2003-03-04"	"Exeter"	"Commanche Summer"	"25.00"	"0"	"Handicap Hurdle"	"3"	"10"	"Glassonbury, Andrew"	"Frost, J D"
"15:10:00"	"2003-03-03"	"Fontwell"	"Kuwait Millennium"	"5.00"	"0"	"Handicap Seller Hurdle"	"1"	"11"	"Hutchinson, Wayne"	"Thorpe, Mrs A M"
"14:30:00"	"2003-03-03"	"Market Rasen"	"Provence Dreamer"	"4.00"	"0"	"Novices Hurdle"	"5"	"16"	"Cooper, E"	"ONeill, Jonjo and AJ"
"16:45:00"	"2003-03-02"	"Carlisle"	"Trooper"	"14.00"	"0"	"Handicap Chase"	"3"	"11"	"King, Fergus"	"Crook, A"
"16:50:00"	"2003-03-01"	"Doncaster"	"Tom Fruit"	"1.10"	"0"	"NH Flat"	"1"	"11"	"Brennan, P J"	"Easterby, T D"
"14:55:00"	"2003-03-01"	"Kelso"	"Salvage"	"100.00"	"0"	"Novices Chase"	"5"	"7"	"King, Fergus"	"McGregor, Mrs J C"
"14:00:00"	"2003-02-28"	"Doncaster"	"Hoh Invader (IRE)"	"12.00"	"0"	"Claimer Hurdle"	"7"	"18"	"Flavin, Des"	"Duffield, Mrs A"
"16:25:00"	"2003-02-27"	"Taunton"	"Flahives First"	"25.00"	"0"	"Handicap Novices Chase"	"3"	"11"	"Richards, G"	"Burchell, D"
"15:30:00"	"2003-02-26"	"Limerick"	"Cheeky Lady (IRE)"	"4.00"	"0"	"Novices Hurdle"	"7"	"18"	"Cahill, Mr M A"	"Cahill, T"
"13:55:00"	"2003-02-26"	"Chepstow"	"Kittenkat"	"16.00"	"0"	"Novices Chase"	"4"	"8"	"Snowden, Jamie"	"Mitchell, N R"
"15:50:00"	"2003-02-24"	"Plumpton"	"River Bug (IRE)"	"6.50"	"0"	"Handicap Chase"	"1"	"8"	"Quinn, Robert"	"Poulton, Jamie"
"14:25:00"	"2003-02-24"	"Newcastle"	"Rosalyons (IRE)"	"14.00"	"0"	"Handicap Chase"	"6"	"9"	"Hislop, Miss L"	"Graham, Harriet/Rutherford, Gary"
"13:55:00"	"2003-02-24"	"Newcastle"	"Gospel Song"	"8.00"	"0"	"Handicap Seller Hurdle"	"5"	"12"	"Berridge, Gary"	"Whillans, A C"
"17:20:00"	"2003-02-23"	"Naas"	"Tipp Top (IRE)"	"14.00"	"0"	"NH Flat"	"5"	"8"	"Loughran, R"	"Hughes, D T"
"15:35:00"	"2003-02-23"	"Ayr"	"Muckle Mavis"	"66.00"	"0"	"Handicap Novices Chase"	"F"	"11"	"Eddery, Ciaran"	"Russell, Miss Lucinda V"
"16:45:00"	"2003-02-22"	"Huntingdon"	"Cool Border"	"33.00"	"0"	"Handicap Chase"	"RR"	"15"	"Deady, Mr M"	"Bradstock, M"
"16:30:00"	"2003-02-20"	"Clonmel"	"Mackinus (IRE)"	"8.00"	"0"	"Handicap Chase"	"1"	"13"	"Carroll, Mr J T"	"Fahy, P A"
"16:30:00"	"2003-02-20"	"Clonmel"	"Toto Caelo"	"14.00"	"0"	"Handicap Chase"	"8"	"13"	"Greeves, Mr P C"	"Roche, C"
"15:30:00"	"2003-02-20"	"Clonmel"	"My Native Donegal (IRE)"	"8.00"	"0"	"Maiden Hurdle"	"6"	"20"	"Lane, A P"	"Fahy, P A"
"14:30:00"	"2003-02-20"	"Clonmel"	"Star Accord (IRE)"	"8.00"	"0"	"Handicap Hurdle"	"4"	"19"	"OLeary, D"	"Crowley, P"
"16:30:00"	"2003-02-19"	"Limerick"	"Gothic Lord (IRE)"	"7.00"	"0"	"Handicap Chase"	"8"	"8"	"OConnor, Derek"	"Byrnes, C"
"15:30:00"	"2003-02-19"	"Limerick"	"Periwinkle Lad (IRE)"	"10.00"	"0"	"Handicap Hurdle"	"14"	"18"	"Lane, A P"	"McNamara, E"
"15:05:00"	"2003-02-17"	"Fontwell"	"Cedar Green"	"10.00"	"0"	"Handicap Chase"	"1"	"7"	"Flavin, Des"	"Bailey, K C"
"13:55:00"	"2003-02-17"	"Fontwell"	"Stormy Skye (IRE)"	"11.00"	"0"	"Novices Chase"	"3"	"7"	"Moore, Jamie"	"Moore, Gary and Josh"
"12:45:00"	"2003-02-17"	"Fontwell"	"Big Quick (IRE)"	"16.00"	"0"	"Handicap Hurdle"	"2"	"16"	"Morgan, Justin"	"Wells, L"
"13:40:00"	"2003-02-15"	"Wincanton"	"See You Sometime"	"7.00"	"0"	"Handicap Hurdle"	"1"	"13"	"Young, Richard"	"Mullins, J W"
"15:30:00"	"2003-02-13"	"Thurles"	"Fashions Monty (IRE)"	"5.00"	"0"	"Beginners Chase"	"6"	"16"	"Donoghue, A J"	"Sheehy, E"
"16:25:00"	"2003-02-12"	"Leicester"	"Dare"	"10.00"	"0"	"Handicap Hurdle"	"9"	"14"	"OKeeffe, Alan"	"Lee, R"
"15:00:00"	"2003-02-11"	"Folkestone"	"Trumper"	"14.00"	"0"	"Handicap Chase"	"5"	"16"	"Smith, Mr Matthew"	"Gifford, J T"
"12:45:00"	"2003-02-11"	"Folkestone"	"Blasket Sound (IRE)"	"8.00"	"0"	"Handicap Hurdle"	"5"	"15"	"Griffiths, P"	"Wintle, D J"
"15:20:00"	"2003-02-10"	"Plumpton"	"Audiostreetdotcom"	"20.00"	"0"	"Handicap Hurdle"	"6"	"13"	"Best, Tom"	"Balding, G B"
"12:45:00"	"2003-02-10"	"Hereford"	"Miss Lacroix"	"25.00"	"0"	"Handicap Hurdle"	"9"	"15"	"Aspell, P"	"Hollinshead, R"
"15:45:00"	"2003-02-08"	"Ayr"	"Gangsters R Us (IRE)"	"6.00"	"0"	"Handicap Hurdle"	"1"	"7"	"Morgan, Mr Luke"	"Parker, A"
"15:45:00"	"2003-02-08"	"Ayr"	"Fountain Brig"	"4.50"	"0"	"Handicap Hurdle"	"3"	"7"	"Thomas, Gareth"	"Alexander, N W"
"15:45:00"	"2003-02-08"	"Naas"	"Executive Ben (IRE)"	"20.00"	"0"	"Handicap Hurdle"	"22"	"25"	"Cloke, Mr P M"	"Neville, Seamus"
"15:25:00"	"2003-02-08"	"Catterick"	"Super Nomad"	"12.00"	"0"	"Handicap Hurdle"	"4"	"10"	"Carenza, Gino"	"Easterby, M W"
"14:50:00"	"2003-02-03"	"Fontwell"	"Sharp Seal"	"14.00"	"0"	"Handicap Chase"	"PU"	"12"	"Davies, James"	"Madgwick, M"
"15:30:00"	"2003-02-02"	"Punchestown"	"Hedgehunter (IRE)"	"7.00"	"0"	"Handicap Chase"	"1"	"14"	"Curling, Sam"	"Mullins, W P"
"16:00:00"	"2003-02-01"	"Punchestown"	"Lord Edwards Army (IRE)"	"14.00"	"0"	"Beginners Chase"	"4"	"18"	"Power, R M"	"Mullins, P"
"13:50:00"	"2003-01-29"	"Newcastle"	"True North (IRE) (OLD)"	"0.73"	"0"	"Handicap Hurdle"	"1"	"11"	"Berridge, Gary"	"Lungo, L"
"16:00:00"	"2003-01-28"	"Tramore"	"Galbally Star (IRE)"	"8.00"	"0"	"Handicap Chase"	"6"	"16"	"Lee, Miss J M"	"Lee, Miss G"
"14:45:00"	"2003-01-23"	"Gowran Park"	"Cregg House (IRE)"	"10.00"	"0"	"Handicap Chase"	"7"	"13"	"Donoghue, A J"	"Mullins, P"
"16:20:00"	"2003-01-18"	"Wincanton"	"Coastguard (IRE)"	"16.00"	"0"	"Handicap Hurdle"	"8"	"14"	"Walsh, S P"	"Mann, C J"
"13:10:00"	"2003-01-18"	"Punchestown"	"Goldstreet (IRE)"	"3.00"	"0"	"Hurdle"	"5"	"24"	"McDermott, S G"	"Crowley, Ms F M"
"12:45:00"	"2003-01-17"	"Musselburgh"	"Broadgate Flyer (IRE)"	"25.00"	"0"	"Handicap Chase"	"4"	"10"	"Aspell, P"	"Lamb, D A"
"13:50:00"	"2003-01-16"	"Ludlow"	"Laurel Prince"	"50.00"	"0"	"Handicap Seller Hurdle"	"9"	"20"	"Hobson, Richard"	"Clay, W"
"15:20:00"	"2003-01-15"	"Newcastle"	"Solway Rose"	"14.00"	"0"	"Handicap Chase"	"UR"	"9"	"Jewett, Dale"	"Harrison, Miss L"
"13:25:00"	"2003-01-14"	"Ayr"	"Fountain Brig"	"100.00"	"0"	"Novices Hurdle"	"PU"	"10"	"Aspell, P"	"Alexander, N W"
"13:45:00"	"2003-01-13"	"Plumpton"	"Atalanta Surprise (IRE)"	"7.00"	"0"	"Novices Hurdle"	"4"	"6"	"Honeyball, A"	"Buckler, R H"
"14:20:00"	"2003-01-12"	"Leopardstown"	"Spirit Leader (IRE)"	"14.00"	"0"	"Handicap Hurdle"	"5"	"28"	"Power, R M"	"Harrington, Mrs John"
"12:50:00"	"2003-01-12"	"Leopardstown"	"Journey Unknown (IRE)"	"12.00"	"0"	"Hurdle"	"3"	"10"	"Lane, A P"	"Mulhern, J E"
"13:35:00"	"2003-01-03"	"Ludlow"	"Doberman (IRE)"	"33.00"	"0"	"Handicap Novices Hurdle"	"4"	"14"	"Collington, Mr P"	"Brisbourne, W M"
"14:10:00"	"2003-01-02"	"Ayr"	"Curly Spencer (IRE)"	"1.00"	"0"	"Handicap Chase"	"1"	"8"	"Robson, P"	"Parker, A"
"13:10:00"	"2003-01-02"	"Ayr"	"To The Future (IRE)"	"1.75"	"0"	"Handicap Novices Chase"	"1"	"6"	"Robson, P"	"Parker, A"
 