RTime	Date	track	Qualifier	Odds_Numeric	Odds_Exchange	Race_Type	Position	Runners	Jockey	Trainer	
"14:35:00"	"2024-12-31"	"Punchestown"	"I A Connect (IRE)"	"66.00"	"210"	"Handicap Hurdle"	"6"	"12"	"Quail, Toni"	"McCutcheon, Miss Evanna"
"14:20:00"	"2024-12-31"	"Warwick"	"Grillon De Monty (FR)"	"125.00"	"316.59"	"Handicap Hurdle"	"PU"	"10"	"Brace, Mr J"	"Allen, S G"
"14:14:00"	"2024-12-31"	"Lingfield"	"Port Road (USA)"	"40.00"	"71.74"	"Handicap"	"8"	"11"	"Bradley, Paddy"	"Dow, S"
"13:50:00"	"2024-12-31"	"Warwick"	"Noche Negra (SPA)"	"2.25"	"3.3"	"Handicap Chase"	"1"	"7"	"Brace, Mr J"	"Twiston-Davies, N A"
"13:44:00"	"2024-12-31"	"Lingfield"	"Royal Champion (IRE)"	"0.83"	"1.89"	"Non-Handicap"	"1"	"6"	"Lee, Clifford"	"Burke, K R"
"13:35:00"	"2024-12-31"	"Punchestown"	"Ephesus (IRE)"	"16.00"	"30"	"Maiden Hurdle"	"3"	"20"	"King, D"	"Hogan, Denis Gerard"
"13:35:00"	"2024-12-31"	"Punchestown"	"Bursinel (IRE)"	"50.00"	"169.35"	"Maiden Hurdle"	"11"	"20"	"Harvey, Mr B W"	"Collins, C M"
"13:35:00"	"2024-12-31"	"Punchestown"	"Stone Forest (IRE)"	"250.00"	"1000"	"Maiden Hurdle"	"16"	"20"	"Morgan, Hugh"	"Doyle, Eoin"
"13:35:00"	"2024-12-31"	"Punchestown"	"Sing A New Song (IRE)"	"200.00"	"671.08"	"Maiden Hurdle"	"18"	"20"	"Sexton, Mr H E"	"Sexton, Adrian"
"13:05:00"	"2024-12-31"	"Punchestown"	"Rolly Bowley Boy (IRE)"	"14.00"	"24"	"Handicap Chase"	"2"	"9"	"OSullivan, James"	"Rothwell, P J"
"13:00:00"	"2024-12-31"	"Uttoxeter"	"San Guido (IRE)"	"33.00"	"55"	"Handicap Hurdle"	"PU"	"8"	"Hughes, Brian"	"Keighley, M"
"12:50:00"	"2024-12-31"	"Warwick"	"Flyover (IRE)"	"300.00"	"1000"	"Novices Hurdle"	"PU"	"16"	"Brace, Mr J"	"Allen, S G"
"12:44:00"	"2024-12-31"	"Lingfield"	"Horus"	"3.33"	"4.7"	"Handicap Nursery"	"1"	"8"	"Levey, S M"	"Keady, Michael"
"11:14:00"	"2024-12-31"	"Lingfield"	"Twirler"	"33.00"	"50"	"Handicap"	"6"	"7"	"Bradley, Paddy"	"Attwater, M J"
"16:30:00"	"2024-12-30"	"Wolverhampton"	"Spartan Times"	"14.00"	"28.15"	"Novices"	"5"	"5"	"Redman, Alfie"	"Candlish, Jennie"
"13:30:00"	"2024-12-30"	"Haydock"	"If Not For Dylan (IRE)"	"22.00"	"37.91"	"Handicap Chase"	"6"	"7"	"Fox, Derek R"	"Russell, Miss Lucinda V"
"13:15:00"	"2024-12-30"	"Taunton"	"Zenato (IRE)"	"10.00"	"25.68"	"Hurdle"	"3"	"9"	"Burke, Jonathan"	"OBrien, Fergal"
"13:15:00"	"2024-12-30"	"Taunton"	"Thomas G"	"33.00"	"140"	"Hurdle"	"5"	"9"	"Dingle, Rex"	"Honeyball, A J"
"13:15:00"	"2024-12-30"	"Taunton"	"Bradman"	"125.00"	"602.98"	"Hurdle"	"6"	"9"	"Best, J A"	"Bishop, K"
"13:15:00"	"2024-12-30"	"Taunton"	"Infinity Blue (IRE)"	"28.00"	"67.68"	"Hurdle"	"PU"	"9"	"Tudor, Jack"	"Pipe, D E"
"15:35:00"	"2024-12-29"	"Southwell"	"Mehmo (IRE)"	"25.00"	"39.11"	"Handicap"	"6"	"9"	"Bradley, Paddy"	"Attwater, M J"
"15:27:00"	"2024-12-29"	"Limerick"	"Jack In The Box (IRE)"	"25.00"	"52.66"	"Handicap Hurdle"	"PU"	"18"	"Williamson, Mr J H"	"OConnell, Eamon"
"15:22:00"	"2024-12-29"	"Doncaster"	"Kourosh (GER)"	"4.50"	"6.4"	"Handicap Hurdle"	"PU"	"8"	"Bowen, Sean P"	"Oliver, Henry"
"14:25:00"	"2024-12-29"	"Southwell"	"Delta Legend (IRE)"	"3.33"	"4.9"	"Handicap"	"5"	"11"	"Levey, S M"	"Keady, Michael"
"13:42:00"	"2024-12-29"	"Limerick"	"Maroto (IRE)"	"40.00"	"89.36"	"Novices Hurdle"	"7"	"8"	"Slevin, J J"	"McNamara, Andrew"
"13:28:00"	"2024-12-29"	"Kelso"	"The Back Braes (IRE)"	"200.00"	"587.13"	"Maiden Hurdle"	"9"	"14"	"Chapman, Ross"	"Coltherd, W S"
"13:15:00"	"2024-12-29"	"Southwell"	"Muddy Mooy (IRE)"	"5.00"	"7.41"	"Novices"	"2"	"11"	"Greatrex, Edward"	"Attwater, P"
"12:05:00"	"2024-12-29"	"Southwell"	"First Kiss (IRE)"	"33.00"	"42"	"Handicap"	"8"	"10"	"Leavy, Mr Joe"	"Sangster, Ollie"
"12:00:00"	"2024-12-29"	"Limerick"	"West Of Carrig (IRE)"	"11.00"	"15.27"	"Maiden Hunters Chase"	"3"	"16"	"Browne, Mr A J"	"Browne, Don"
"12:00:00"	"2024-12-29"	"Limerick"	"Bigbraveboy (IRE)"	"28.00"	"51.9"	"Maiden Hunters Chase"	"7"	"16"	"Murphy, J G M"	"Hannon, James"
"12:00:00"	"2024-12-29"	"Limerick"	"Drumnasoo (IRE)"	"12.00"	"22"	"Maiden Hunters Chase"	"PU"	"16"	"McParlan, Mr N"	"Tumilty, Ross"
"12:00:00"	"2024-12-29"	"Limerick"	"Hitak (FR)"	"18.00"	"31.32"	"Maiden Hunters Chase"	"PU"	"16"	"ONeill, Mr B"	"Cogan, Miss Tara Lee"
"11:52:00"	"2024-12-29"	"Doncaster"	"Volakes"	"22.00"	"63.13"	"Maiden Hurdle"	"3"	"8"	"Gethings, Ciaran"	"Edmunds, Stuart"
"11:05:00"	"2024-12-29"	"Southwell"	"Miggy Magic (IRE)"	"10.00"	"13.82"	"Handicap"	"3"	"11"	"Levey, S M"	"Keady, Michael"
"18:00:00"	"2024-12-28"	"Newcastle"	"Caffu Zafeen (IRE)"	"4.00"	"5.51"	"Handicap"	"6"	"11"	"Muscutt, D"	"Simcock, D M"
"17:45:00"	"2024-12-28"	"Southwell"	"Another Lifetime"	"12.00"	"18.19"	"Novices"	"3"	"7"	"Hutchinson, Callum"	"Hawke, N J"
"16:45:00"	"2024-12-28"	"Southwell"	"Brosay"	"11.00"	"12.01"	"Handicap Nursery"	"1"	"6"	"Greatrex, Edward"	"Attwater, P"
"15:05:00"	"2024-12-28"	"Leopardstown"	"Salvador Ziggy (IRE)"	"25.00"	"59.6"	"Handicap Hurdle"	"17"	"20"	"Flanagan, S W"	"Connell, B"
"14:50:00"	"2024-12-28"	"Limerick"	"Dancingondaceiling (IRE)"	"5.00"	"6.73"	"Handicap Hurdle"	"3"	"17"	"Stone-Walsh, C"	"Cromwell, Gavin Patrick"
"14:10:00"	"2024-12-28"	"Catterick"	"Surrey Belle"	"4.00"	"5.7"	"Novices Hurdle"	"2"	"11"	"McMenamin, Daniel"	"Keatley, Adrian Paul"
"14:00:00"	"2024-12-28"	"Leopardstown"	"Hewick (IRE)"	"4.00"	"6.6"	"Hurdle"	"5"	"8"	"Gainford, Mr J C"	"Cogan, Miss Tara Lee"
"13:45:00"	"2024-12-28"	"Newbury"	"Lucky One (FR)"	"66.00"	"100.04"	"Handicap Hurdle"	"9"	"11"	"Leech, Roisin"	"Candlish, Jennie"
"18:00:00"	"2024-12-27"	"Wolverhampton"	"Haaland (IRE)"	"16.00"	"24.46"	"Handicap"	"5"	"9"	"Fallon, Cieren"	"Best, Jim/Suzi"
"17:00:00"	"2024-12-27"	"Wolverhampton"	"March To The Band"	"20.00"	"27"	"Novices"	"10"	"12"	"Morris, Luke"	"Watson, Archie"
"16:00:00"	"2024-12-27"	"Wolverhampton"	"Collusion (IRE)"	"22.00"	"30.03"	"Handicap"	"4"	"12"	"Cole, Morgan"	"Cunha, Dylan"
"15:30:00"	"2024-12-27"	"Leopardstown"	"Karate Kid (IRE)"	"18.00"	"29.16"	"NH Flat"	"1"	"9"	"Barron, Mr R W"	"Ryan, Colm"
"15:11:00"	"2024-12-27"	"Limerick"	"Apologise (IRE)"	"12.00"	"17.14"	"Handicap Hurdle"	"1"	"18"	"McGill, Mr D"	"McGill, Gary"
"14:36:00"	"2024-12-27"	"Limerick"	"Strutter (FR)"	"2.00"	"3.64"	"Handicap Hurdle"	"1"	"11"	"Townend, Miss J"	"Mullins, W P"
"14:20:00"	"2024-12-27"	"Leopardstown"	"Ballystone (IRE)"	"80.00"	"140"	"Handicap Hurdle"	"11"	"19"	"Harvey, Mr B W"	"McConnell, John C"
"14:15:00"	"2024-12-27"	"Wetherby"	"Cruden"	"3.50"	"5.8"	"Hurdle"	"2"	"11"	"Mania, Ryan"	"Ewart, J P L"
"14:15:00"	"2024-12-27"	"Wetherby"	"Catalan King"	"18.00"	"32.9"	"Hurdle"	"9"	"11"	"Bannister, Harry A A"	"Hales, A M"
"14:15:00"	"2024-12-27"	"Wetherby"	"Amancio"	"50.00"	"100"	"Hurdle"	"PU"	"11"	"Davies, James"	"Brown, G"
"14:02:00"	"2024-12-27"	"Limerick"	"Jalila Moriviere (FR)"	"2.75"	"4.06"	"Hurdle"	"4"	"5"	"Torrens, Simon"	"Mullins, W P"
"13:00:00"	"2024-12-27"	"Wetherby"	"Mr Mistoffelees (IRE)"	"50.00"	"131.85"	"Novices Hurdle"	"PU"	"9"	"England, Jonathan"	"England, Sam"
"12:25:00"	"2024-12-27"	"Wetherby"	"Solent Gateway (IRE)"	"5.50"	"7.48"	"Novices Hurdle"	"4"	"9"	"Hughes, Brian"	"McCain Jnr, D"
"12:25:00"	"2024-12-27"	"Wetherby"	"Lazy Bones (IRE)"	"80.00"	"180"	"Novices Hurdle"	"8"	"9"	"Rabbitt, Mr C"	"Norton, J R"
"12:05:00"	"2024-12-27"	"Leopardstown"	"Raydamann (FR)"	"11.00"	"16.93"	"Maiden Hurdle"	"12"	"16"	"Gilligan, D J"	"Elliott, Gordon"
"12:05:00"	"2024-12-27"	"Leopardstown"	"Bella Colombia (IRE)"	"125.00"	"990"	"Maiden Hurdle"	"13"	"16"	"OSullivan, Mr M J M"	"Ryder, Shane Kieran"
"16:05:00"	"2024-12-26"	"Wolverhampton"	"Intinso"	"14.00"	"15.67"	"Handicap"	"3"	"6"	"Kirrane, Sean"	"Lidster, Craig"
"15:50:00"	"2024-12-26"	"Limerick"	"Forceonmyown (IRE)"	"4.50"	"5.92"	"NH Flat"	"2"	"12"	"Halford, Mr J M"	"Elliott, Gordon"
"15:30:00"	"2024-12-26"	"Leopardstown"	"Green Splendour"	"2.75"	"3.89"	"NH Flat"	"1"	"11"	"Mullins, Mr P W"	"Mullins, W P"
"15:30:00"	"2024-12-26"	"Leopardstown"	"Attaho (FR)"	"12.00"	"16.59"	"NH Flat"	"9"	"11"	"Doyle, Mr D"	"Brassil, Martin"
"15:08:00"	"2024-12-26"	"Down Royal"	"Takenasred (IRE)"	"100.00"	"154.72"	"NH Flat"	"4"	"14"	"Smithers, C D"	"Crawford, S R B"
"15:08:00"	"2024-12-26"	"Down Royal"	"Mount Mason (IRE)"	"14.00"	"26.49"	"NH Flat"	"11"	"14"	"Barry, Mr J C"	"McKiernan, Oliver"
"15:05:00"	"2024-12-26"	"Kempton"	"Jack Hyde (IRE)"	"6.00"	"8.03"	"Maiden Hurdle"	"4"	"9"	"Brace, Connor"	"OBrien, Fergal"
"14:38:00"	"2024-12-26"	"Wincanton"	"Thomas Mor (IRE)"	"12.00"	"15.64"	"Handicap Hurdle"	"1"	"10"	"Houlihan, Sean M"	"Hobbs, P J / White, J"
"14:33:00"	"2024-12-26"	"Down Royal"	"Vina Ardanza (IRE)"	"14.00"	"19.35"	"Hunters Chase"	"5"	"12"	"Lavery, Mr D G"	"McBratney, C A"
"14:33:00"	"2024-12-26"	"Down Royal"	"Hudson Duster (IRE)"	"125.00"	"773.44"	"Hunters Chase"	"7"	"12"	"Powell, Mr E P"	"Lennon, Liam"
"14:00:00"	"2024-12-26"	"Sedgefield"	"Fete Champetre (IRE)"	"20.00"	"21.92"	"Handicap Chase"	"4"	"8"	"Austin, Edward"	"Robson, Paul"
"14:00:00"	"2024-12-26"	"Sedgefield"	"Kaproyale"	"22.00"	"32.99"	"Handicap Chase"	"6"	"8"	"King, Mr James"	"Comley, Max"
"13:45:00"	"2024-12-26"	"Leopardstown"	"Irish Panther"	"16.00"	"26.99"	"Handicap Novices Hurdle"	"3"	"19"	"Buckley, Kieran"	"Harty, Edward and Patrick"
"13:42:00"	"2024-12-26"	"Fontwell"	"Candle Wax"	"50.00"	"175.57"	"Maiden Hurdle"	"F"	"5"	"Davies, James"	"Brown, G"
"13:40:00"	"2024-12-26"	"Aintree"	"Call Me Lyreen (IRE)"	"100.00"	"190"	"Handicap Hurdle"	"PU"	"9"	"Hughes, Brian"	"Quayle, Eloise"
"13:35:00"	"2024-12-26"	"Wetherby"	"Mr Incredible (IRE)"	"25.00"	"29.34"	"Handicap Chase"	"RR"	"7"	"Mania, Ryan"	"Thomson, A M"
"13:12:00"	"2024-12-26"	"Wolverhampton"	"Rogue Endeavour (IRE)"	"50.00"	"81.67"	"Handicap Nursery"	"9"	"11"	"Fallon, Cieren"	"Mulholland, N P"
"12:58:00"	"2024-12-26"	"Limerick"	"Laafi (FR)"	"18.00"	"34"	"Maiden Hurdle"	"1"	"18"	"Byrnes, Mr P"	"Durkan, William"
"12:53:00"	"2024-12-26"	"Wincanton"	"Blazeon Five"	"8.50"	"9.45"	"Novices Hurdle"	"4"	"11"	"Powell, Brendan"	"King, A"
"12:00:00"	"2024-12-26"	"Leopardstown"	"Yeshil (IRE)"	"7.00"	"10.2"	"Maiden Hurdle"	"8"	"23"	"Jacob, Daryl"	"Bromhead, Henry De"
"12:00:00"	"2024-12-26"	"Leopardstown"	"Mooretown Lad (IRE)"	"125.00"	"1000"	"Maiden Hurdle"	"20"	"23"	"OSullivan, Mr M J M"	"McConnell, John C"
"15:00:00"	"2024-12-22"	"Lingfield"	"Ernies Valentine"	"9.00"	"10.74"	"Handicap"	"1"	"11"	"Hutchinson, Callum"	"Pearce, Simon"
"14:43:00"	"2024-12-22"	"Fakenham"	"Chandlers Bay (IRE)"	"14.00"	"18.79"	"Handicap Hurdle"	"PU"	"5"	"Best, J A"	"Humphrey, Mrs S J"
"14:00:00"	"2024-12-22"	"Lingfield"	"Ravensbourne"	"3.33"	"5.2"	"Handicap"	"3"	"12"	"Pinna, Mr Andrea"	"Keady, Michael"
"14:00:00"	"2024-12-22"	"Lingfield"	"Barnsnape Boy"	"28.00"	"38"	"Handicap"	"7"	"12"	"Catton, Luke"	"Boyle, J R"
"13:43:00"	"2024-12-22"	"Fakenham"	"Miss Cynthia"	"1.38"	"2.53"	"Maiden Hurdle"	"2"	"6"	"Cannon, Tom J"	"Wadham, Mrs L"
"12:30:00"	"2024-12-22"	"Lingfield"	"Five Winds"	"16.00"	"19.09"	"Handicap"	"6"	"7"	"Hutchinson, Callum"	"Cassidy, Stephanie"
"12:30:00"	"2024-12-22"	"Lingfield"	"Momaer (IRE)"	"8.00"	"11"	"Handicap"	"7"	"7"	"Cole, Morgan"	"Morland, Jack"
"12:13:00"	"2024-12-22"	"Fakenham"	"Hardy Buck (IRE)"	"14.00"	"18.04"	"Handicap Hurdle"	"2"	"9"	"Broughton, Mr T P"	"Brennan, F J"
"12:00:00"	"2024-12-22"	"Lingfield"	"Bree Anna Poppy"	"80.00"	"251.82"	"Novices"	"4"	"4"	"Hutchinson, Callum"	"Best, Jim/Suzi"
"11:30:00"	"2024-12-22"	"Lingfield"	"Bearaway (IRE)"	"6.50"	"8.35"	"Handicap"	"1"	"11"	"Carver, William"	"Pearce, Simon"
"11:30:00"	"2024-12-22"	"Lingfield"	"Gone Rogue (IRE)"	"16.00"	"20"	"Handicap"	"11"	"11"	"Queally, T P"	"Moore, Gary and Josh"
"20:15:00"	"2024-12-21"	"Wolverhampton"	"Harry The Haggler (IRE)"	"2.00"	"3.04"	"Handicap"	"2"	"10"	"Ryan, Rossa"	"Loughnane, David"
"18:45:00"	"2024-12-21"	"Wolverhampton"	"Minnesota Lad (IRE)"	"7.50"	"9.94"	"Handicap"	"2"	"7"	"Ghiani, Marco"	"Furtado, Ivan"
"18:15:00"	"2024-12-21"	"Wolverhampton"	"Edna E Mode (IRE)"	"66.00"	"139.53"	"Handicap"	"6"	"10"	"Probert, David"	"Stephens, Robert"
"18:00:00"	"2024-12-21"	"Newcastle"	"The Green Man (IRE)"	"50.00"	"82.42"	"Handicap"	"3"	"8"	"Rawlinson, Ali"	"Brooke, Daniel"
"17:15:00"	"2024-12-21"	"Wolverhampton"	"Coma Cluster (IRE)"	"6.50"	"7.87"	"Maiden"	"7"	"8"	"Crouch, Hector"	"Boughey, George"
"16:55:00"	"2024-12-21"	"Newcastle"	"Navarre Special (IRE)"	"33.00"	"72.52"	"Handicap Nursery"	"8"	"10"	"Bond, Alice"	"Holland, Darryll"
"15:47:00"	"2024-12-21"	"Newcastle"	"Electric Avenue"	"16.00"	"21.65"	"Handicap"	"1"	"6"	"James, S H"	"Furtado, Ivan"
"14:30:00"	"2024-12-21"	"Thurles"	"Implicit (FR)"	"50.00"	"160.46"	"Handicap Hurdle"	"11"	"18"	"Quirke, Mr C M"	"Curling, S"
"13:55:00"	"2024-12-21"	"Thurles"	"Love At Sea (IRE)"	"16.00"	"21"	"Novices Hurdle"	"5"	"11"	"Enright, P T"	"Power, Edward F"
"13:30:00"	"2024-12-21"	"Haydock"	"Sunnyvilla (IRE)"	"6.50"	"7.8"	"Handicap Chase"	"1"	"8"	"McMenamin, Daniel"	"Richards, N G"
"13:20:00"	"2024-12-21"	"Thurles"	"Moonis (IRE)"	"80.00"	"268.94"	"Maiden Hurdle"	"PU"	"18"	"Harney, T P"	"Morrison, J"
"12:40:00"	"2024-12-21"	"Ascot"	"Gotthereintheend (IRE)"	"3.33"	"4.9"	"Handicap Novices Hurdle"	"4"	"6"	"Price, Charlie"	"Llewellyn, Robert"
"19:00:00"	"2024-12-20"	"Wolverhampton"	"Alright Sunshine (IRE)"	"10.00"	"15.5"	"Handicap"	"5"	"7"	"Bradley, Paddy"	"Murphy, Mike"
"19:00:00"	"2024-12-20"	"Wolverhampton"	"Chase The Dollar"	"50.00"	"89.12"	"Handicap"	"7"	"7"	"ONeill, K T"	"Williamson, Mrs L"
"18:45:00"	"2024-12-20"	"Dundalk"	"A Daughtersdelight (IRE)"	"66.00"	"120"	"Handicap"	"13"	"14"	"Cleary, Jack"	"Duffy, S M"
"18:30:00"	"2024-12-20"	"Wolverhampton"	"Centurion Dream (IRE)"	"80.00"	"188.08"	"Handicap"	"11"	"11"	"Keniry, L P"	"Ponting, J"
"18:15:00"	"2024-12-20"	"Dundalk"	"Inchiquin Maid (IRE)"	"3.50"	"4.84"	"Handicap"	"1"	"14"	"Whearty, R"	"Timmons, C D"
"18:00:00"	"2024-12-20"	"Wolverhampton"	"Lightning Force"	"8.00"	"10.2"	"Novices"	"5"	"7"	"Pearson, Laura"	"Ryan, J"
"18:00:00"	"2024-12-20"	"Wolverhampton"	"Ornately"	"50.00"	"75.11"	"Novices"	"6"	"7"	"Fraser, Kaiya"	"Fanshawe, J R"
"17:45:00"	"2024-12-20"	"Dundalk"	"Daboya (IRE)"	"33.00"	"50"	"Non-Handicap"	"8"	"9"	"Coen, S"	"Donohoe, R"
"16:45:00"	"2024-12-20"	"Dundalk"	"Nikki Swango (IRE)"	"50.00"	"170"	"Handicap"	"8"	"14"	"OConnor, Donagh"	"McConnell, John C"
"15:40:00"	"2024-12-20"	"Ascot"	"Windbeneathmywings (IRE)"	"3.00"	"4.35"	"NH Flat"	"1"	"14"	"Tudor, Jack"	"Pipe, D E"
"15:27:00"	"2024-12-20"	"Southwell"	"Emaculate Soldier (GER)"	"5.50"	"8.59"	"Handicap"	"4"	"7"	"Morris, Luke"	"Watson, Archie"
"14:40:00"	"2024-12-20"	"Uttoxeter"	"Intersky Sunset (IRE)"	"22.00"	"38.69"	"Handicap Hurdle"	"PU"	"13"	"Quinlan, Sean"	"Candlish, Jennie"
"14:30:00"	"2024-12-20"	"Ascot"	"Diamond Egg (FR)"	"66.00"	"171.98"	"Handicap Hurdle"	"17"	"18"	"Obrien, P V"	"Knight, Miss H C"
"14:17:00"	"2024-12-20"	"Southwell"	"Zousca (IRE)"	"20.00"	"29"	"Handicap"	"9"	"10"	"Hardie, Cameron"	"Smith, Mrs S J"
"11:45:00"	"2024-12-20"	"Uttoxeter"	"Intertwine (FR)"	"150.00"	"410"	"Maiden Hurdle"	"10"	"14"	"Quinlan, Sean"	"Candlish, Jennie"
"11:30:00"	"2024-12-20"	"Southwell"	"Alyara"	"20.00"	"27"	"Handicap"	"1"	"12"	"Hogan, D E"	"Ponting, J"
"11:00:00"	"2024-12-20"	"Southwell"	"Aiyana Rose (IRE)"	"14.00"	"18.89"	"Handicap Nursery"	"12"	"12"	"Mullen, Andrew"	"Jardine, I"
"20:10:00"	"2024-12-19"	"Chelmsford City"	"Silky Robin (IRE)"	"7.50"	"8.8"	"Handicap"	"4"	"13"	"Hutchinson, Callum"	"Toomey, Brian"
"18:40:00"	"2024-12-19"	"Chelmsford City"	"Dash Power"	"66.00"	"82.09"	"Handicap"	"5"	"12"	"Hogan, D E"	"Mullaney, L A"
"18:10:00"	"2024-12-19"	"Chelmsford City"	"Miss Harmony"	"12.00"	"16.75"	"Handicap"	"12"	"12"	"Levey, S M"	"Evans, P D"
"17:40:00"	"2024-12-19"	"Chelmsford City"	"Backer Bilk"	"150.00"	"1000"	"Novices"	"8"	"13"	"Keeley, Aidan"	"Best, Jim/Suzi"
"16:10:00"	"2024-12-19"	"Chelmsford City"	"Mister Coco Fizz"	"5.50"	"8.2"	"Handicap Nursery"	"5"	"8"	"Larson, Frederick"	"Appleby, M"
"15:40:00"	"2024-12-19"	"Exeter"	"Limerick Leader (FR)"	"22.00"	"29.27"	"Handicap Hurdle"	"4"	"18"	"Mathias, Imogen"	"Thorpe, Mrs A M"
"15:40:00"	"2024-12-19"	"Exeter"	"Russian Invasion (IRE)"	"14.00"	"20"	"Handicap Hurdle"	"PU"	"18"	"Corcoran, Mr Rian"	"Summersby, D P"
"15:30:00"	"2024-12-19"	"Southwell"	"Belvoir Kitten"	"66.00"	"136.33"	"Handicap"	"12"	"12"	"Jary, Alex"	"Mullaney, L A"
"15:17:00"	"2024-12-19"	"Ffos Las"	"Karuma Grey (GER)"	"100.00"	"210"	"Handicap Novices Chase"	"1"	"9"	"Fenelon, S"	"Thorpe, Mrs A M"
"14:55:00"	"2024-12-19"	"Southwell"	"Lessay (IRE)"	"8.50"	"13.5"	"Handicap"	"5"	"11"	"Watson, Jason"	"Dunlop, E A L"
"14:42:00"	"2024-12-19"	"Ffos Las"	"Mohawk Chief (USA)"	"200.00"	"1000"	"Novices Hurdle"	"7"	"9"	"Fenelon, S"	"Bowen, Peter / Michael"
"13:45:00"	"2024-12-19"	"Southwell"	"Down To The Kid (IRE)"	"9.00"	"10.69"	"Handicap"	"11"	"11"	"Hart, Jason"	"Herrington,M "
"13:10:00"	"2024-12-19"	"Southwell"	"Currumbin (IRE)"	"2.25"	"3.5"	"Handicap"	"1"	"9"	"Shoemark, Kieran"	"Keady, Michael"
"13:10:00"	"2024-12-19"	"Southwell"	"Altanera"	"16.00"	"18.27"	"Handicap"	"7"	"9"	"Mulrennan, Paul"	"Williams, S C"
"12:35:00"	"2024-12-19"	"Southwell"	"Devilwala (IRE)"	"100.00"	"380"	"Handicap"	"10"	"10"	"Mason, Joanna"	"Shaw, D"
"12:22:00"	"2024-12-19"	"Ffos Las"	"Fame And Fun (IRE)"	"25.00"	"34.76"	"Handicap Hurdle"	"5"	"7"	"Fenelon, S"	"Bowen, Peter / Michael"
"11:30:00"	"2024-12-19"	"Southwell"	"Line Of Force (IRE)"	"8.00"	"8.39"	"Novices"	"1"	"9"	"Bond, Alice"	"Parr, Joseph"
"11:00:00"	"2024-12-19"	"Southwell"	"Early Release"	"5.50"	"7.8"	"Handicap Nursery"	"1"	"11"	"Williams, Jordan"	"Evans, P D"
"11:00:00"	"2024-12-19"	"Southwell"	"Ballsgrove Boy"	"25.00"	"42"	"Handicap Nursery"	"2"	"11"	"Lee, Clifford"	"Crawley, Matt"
"11:00:00"	"2024-12-19"	"Southwell"	"Ignition (IRE)"	"12.00"	"16.67"	"Handicap Nursery"	"8"	"11"	"Hornby, Rob"	"Smyth-Osbourne, Edward"
"20:10:00"	"2024-12-18"	"Kempton"	"Dogged"	"28.00"	"41.09"	"Handicap"	"12"	"13"	"Farragher, Adam J"	"Steele, Daniel"
"20:10:00"	"2024-12-18"	"Kempton"	"The Pug (IRE)"	"22.00"	"29.81"	"Handicap"	"13"	"13"	"Marsh, Finley"	"Wintle, A"
"20:00:00"	"2024-12-18"	"Dundalk"	"Beauty Bella (IRE)"	"20.00"	"30"	"Handicap"	"4"	"14"	"Cleary, R P"	"McGuinness, Adrian"
"20:00:00"	"2024-12-18"	"Dundalk"	"Nika Pika (IRE)"	"50.00"	"162.71"	"Handicap"	"8"	"14"	"Leonard, Killian"	"Kelly, Noel C"
"19:40:00"	"2024-12-18"	"Kempton"	"Sonmarg (IRE)"	"20.00"	"27.39"	"Handicap"	"11"	"11"	"Kingscote, Richard"	"Evans, P D"
"19:25:00"	"2024-12-18"	"Dundalk"	"Radar Ahead"	"10.00"	"16.35"	"Maiden"	"4"	"12"	"Ryan, J J G"	"McCourt, T G"
"18:55:00"	"2024-12-18"	"Dundalk"	"El Bosh"	"100.00"	"250"	"Non-Handicap"	"9"	"11"	"McAteer, L T"	"OBrien, Richard John"
"18:25:00"	"2024-12-18"	"Dundalk"	"Chica Power (IRE)"	"16.00"	"28"	"Handicap"	"11"	"13"	"Keane, C T"	"Martin, A J"
"18:25:00"	"2024-12-18"	"Dundalk"	"Jackandthefox (IRE)"	"100.00"	"267.94"	"Handicap"	"12"	"13"	"Roche, L F"	"Lynch, Miss Jennifer Anne"
"17:25:00"	"2024-12-18"	"Dundalk"	"Duplantis (IRE)"	"66.00"	"130"	"Handicap"	"9"	"9"	"Roche, L F"	"Collins, Tracey / Halford, Mick"
"17:10:00"	"2024-12-18"	"Kempton"	"Zaltalla (FR)"	"125.00"	"275.9"	"Handicap"	"6"	"13"	"Bradley, Paddy"	"Attwater, M J"
"15:22:00"	"2024-12-18"	"Lingfield"	"Santana Plessis (FR)"	"66.00"	"120"	"Handicap Hurdle"	"7"	"7"	"Scholfield, Nick"	"Hodgson, Simon"
"14:47:00"	"2024-12-18"	"Lingfield"	"Hot Rod Lincoln (IRE)"	"66.00"	"107.94"	"Handicap Hurdle"	"4"	"11"	"Scholfield, Nick"	"Hodgson, Simon"
"14:12:00"	"2024-12-18"	"Lingfield"	"Great Name That (IRE)"	"66.00"	"100"	"Handicap Chase"	"F"	"9"	"Scholfield, Nick"	"Hodgson, Simon"
"13:50:00"	"2024-12-18"	"Newbury"	"Diagon Alley (IRE)"	"66.00"	"180.69"	"Novices Hurdle"	"PU"	"8"	"Burke, Jonathan"	"Charlton, Anthony"
"13:37:00"	"2024-12-18"	"Lingfield"	"Ring O Roses"	"28.00"	"38"	"Handicap Hurdle"	"3"	"6"	"McLernon, R P"	"Knight, Miss H C"
"12:40:00"	"2024-12-18"	"Newbury"	"Kingly Fighter (GER)"	"125.00"	"410"	"Maiden Hurdle"	"PU"	"11"	"Twiston-Davies, Sam"	"Hales, A M"
"12:05:00"	"2024-12-18"	"Newbury"	"Believitanducan (IRE)"	"5.50"	"7.4"	"Hurdle"	"1"	"9"	"Burke, Jonathan"	"King, A"
"11:55:00"	"2024-12-18"	"Lingfield"	"Bollin Thou"	"150.00"	"474.78"	"Maiden Hurdle"	"8"	"12"	"Scholfield, Nick"	"Hodgson, Simon"
"16:30:00"	"2024-12-17"	"Newcastle"	"Dees Dream (IRE)"	"40.00"	"109.85"	"Handicap"	"6"	"10"	"McSweeney, O"	"Mcsharry, Fionn"
"15:23:00"	"2024-12-17"	"Newcastle"	"Orange N Blue (IRE)"	"16.00"	"20.69"	"Handicap"	"8"	"8"	"Sullivan, James P"	"Carr, Mrs R A"
"15:15:00"	"2024-12-17"	"Wincanton"	"Monsant (IRE)"	"33.00"	"50.77"	"Handicap Hurdle"	"7"	"8"	"McLernon, R P"	"Mulholland, N P"
"14:30:00"	"2024-12-17"	"Catterick"	"Ruler Of The River (IRE)"	"100.00"	"468.61"	"Handicap Hurdle"	"PU"	"13"	"Anderson, Mr A"	"Sowersby, M E"
"14:30:00"	"2024-12-17"	"Catterick"	"Horizon Dove (FR)"	"28.00"	"53.34"	"Handicap Hurdle"	"PU"	"13"	"Barlow, Patrick"	"Barlow, J R"
"14:15:00"	"2024-12-17"	"Wincanton"	"Renoir"	"22.00"	"48.37"	"Maiden Hurdle"	"2"	"10"	"Jones, Ben R"	"Clarke, Ben"
"14:15:00"	"2024-12-17"	"Wincanton"	"Captain Dillon (FR)"	"150.00"	"1000"	"Maiden Hurdle"	"PU"	"10"	"Ring, C V"	"Williams, Evan"
"13:00:00"	"2024-12-17"	"Catterick"	"Hosaamm"	"0.91"	"2.12"	"Hurdle"	"2"	"11"	"Hughes, Brian"	"Keatley, Adrian Paul"
"13:00:00"	"2024-12-17"	"Catterick"	"Miaswell (IRE)"	"40.00"	"113.8"	"Hurdle"	"5"	"11"	"Gillard, Mr T"	"McCain Jnr, D"
"13:00:00"	"2024-12-17"	"Catterick"	"Takes Time"	"150.00"	"1000"	"Hurdle"	"8"	"11"	"Anderson, Mr A"	"Sowersby, M E"
"13:00:00"	"2024-12-17"	"Catterick"	"Skinny Malinka (IRE)"	"33.00"	"88.79"	"Hurdle"	"PU"	"11"	"McMenamin, Daniel"	"Wilson, N"
"19:00:00"	"2024-12-16"	"Wolverhampton"	"Jack McNamara (IRE)"	"1.38"	"2.54"	"Maiden"	"2"	"12"	"Mitchell, Jack"	"Pearce, Simon"
"19:00:00"	"2024-12-16"	"Wolverhampton"	"Bye Bye Salam"	"40.00"	"87.4"	"Maiden"	"8"	"12"	"Watson, Jason"	"Scott, J"
"15:00:00"	"2024-12-16"	"Naas"	"Bishbashbosh (IRE)"	"7.00"	"9.87"	"Handicap Hurdle"	"4"	"19"	"Shanahan, Mr L P"	"OSullivan, Ross"
"15:00:00"	"2024-12-16"	"Naas"	"Carslake"	"16.00"	"21.13"	"Handicap Hurdle"	"16"	"19"	"Ryan, Mr A P"	"Byrnes, C"
"14:52:00"	"2024-12-16"	"Southwell"	"A Day To Dream (IRE)"	"125.00"	"286.13"	"Handicap Novices Hurdle"	"PU"	"11"	"Anderson, Mr A"	"Sowersby, M E"
"14:30:00"	"2024-12-16"	"Naas"	"Fix It For Me (IRE)"	"150.00"	"1000"	"Maiden Hurdle"	"10"	"20"	"Gainford, Mr J C"	"Roche, Seamus"
"14:30:00"	"2024-12-16"	"Naas"	"Bambeano (IRE)"	"150.00"	"953.94"	"Maiden Hurdle"	"UR"	"20"	"McCrory, Mr M E"	"Moore, C"
"14:10:00"	"2024-12-16"	"Plumpton"	"Foxboro (GER)"	"28.00"	"49"	"Handicap Chase"	"5"	"6"	"Hampson, Brodie"	"Watson, Archie"
"13:52:00"	"2024-12-16"	"Southwell"	"Zafaan (IRE)"	"150.00"	"871.32"	"Maiden Hurdle"	"3"	"13"	"Bannister, Harry A A"	"Clover, Charlie"
"13:52:00"	"2024-12-16"	"Southwell"	"Educator"	"28.00"	"75"	"Maiden Hurdle"	"5"	"13"	"Obrien, P V"	"Knight, Miss H C"
"13:30:00"	"2024-12-16"	"Naas"	"Chanceawetmorning (IRE)"	"50.00"	"182.39"	"Maiden Hurdle"	"13"	"18"	"McGarvey, J S"	"Kelly, Noel C"
"13:00:00"	"2024-12-16"	"Naas"	"Chosen Shant (IRE)"	"3.50"	"5.17"	"Handicap Chase"	"5"	"18"	"Meyler, D"	"Meade, Noel"
"12:40:00"	"2024-12-16"	"Plumpton"	"Low Expectations (IRE)"	"66.00"	"194.91"	"Novices Hurdle"	"6"	"12"	"Davies, James"	"Gifford, N J"
"12:22:00"	"2024-12-16"	"Southwell"	"Margarets Legacy (FR)"	"2.50"	"3.7"	"Handicap Chase"	"1"	"10"	"Bannister, Harry A A"	"Greatrex, W J"
"12:22:00"	"2024-12-16"	"Southwell"	"Salamanca Bay (IRE)"	"14.00"	"22.34"	"Handicap Chase"	"PU"	"10"	"Durrell, Mr T"	"Skelton, Daniel"
"12:22:00"	"2024-12-16"	"Southwell"	"Zaidi (FR)"	"66.00"	"153.95"	"Handicap Chase"	"PU"	"10"	"Woods, K K"	"Jeffreys, D J"
"14:42:00"	"2024-12-15"	"Carlisle"	"Whosmydaddy (IRE)"	"6.00"	"7.95"	"Handicap Chase"	"3"	"7"	"Coltherd, Sam W"	"Coltherd, W S"
"13:20:00"	"2024-12-15"	"Windsor"	"Starcrossed Lover (IRE)"	"4.00"	"6.95"	"Maiden Hurdle"	"1"	"11"	"Bowen, James C"	"Mulholland, N P"
"12:02:00"	"2024-12-15"	"Navan"	"Portnacoo (IRE)"	"4.00"	"6"	"Handicap Hurdle"	"3"	"13"	"Harney, T P"	"OSullivan, Ross"
"12:02:00"	"2024-12-15"	"Navan"	"Doctor Nightingale (IRE)"	"66.00"	"164.87"	"Handicap Hurdle"	"6"	"13"	"Cullinan, Mr C"	"Hayes, Patrick Joseph"
"20:00:00"	"2024-12-14"	"Wolverhampton"	"Bloodhound (IRE)"	"8.50"	"11.01"	"Handicap"	"6"	"9"	"Probert, David"	"Lycett, Shaun"
"20:00:00"	"2024-12-14"	"Wolverhampton"	"Good Karma"	"11.00"	"16.5"	"Handicap"	"9"	"9"	"Kirrane, Sean"	"Riches, John"
"19:00:00"	"2024-12-14"	"Wolverhampton"	"Son Of Red (IRE)"	"12.00"	"15.92"	"Handicap"	"1"	"11"	"Peate, Jonny"	"Jones, Jack"
"18:45:00"	"2024-12-14"	"Southwell"	"Zero Carbon (FR)"	"33.00"	"63"	"Handicap"	"12"	"14"	"Marsh, Finley"	"Wintle, A"
"18:45:00"	"2024-12-14"	"Southwell"	"Diamondonthehill"	"33.00"	"56.92"	"Handicap"	"14"	"14"	"Kingscote, Richard"	"Newland, Dr R D P"
"18:30:00"	"2024-12-14"	"Wolverhampton"	"Lady Ava (IRE)"	"80.00"	"111.76"	"Handicap"	"9"	"9"	"Clutterbuck, Rhys"	"Young, Maxwell"
"18:15:00"	"2024-12-14"	"Southwell"	"Imola (IRE)"	"20.00"	"28.61"	"Handicap"	"6"	"11"	"Jary, Alex"	"Mullaney, L A"
"18:00:00"	"2024-12-14"	"Wolverhampton"	"Cairn Gorm"	"10.00"	"11.26"	"Handicap"	"1"	"12"	"Morris, Luke"	"Appleby, M"
"18:00:00"	"2024-12-14"	"Wolverhampton"	"Evocative Spark (IRE)"	"11.00"	"14"	"Handicap"	"5"	"12"	"Kirrane, Sean"	"Riches, John"
"17:15:00"	"2024-12-14"	"Southwell"	"Sabrimento (IRE)"	"16.00"	"20.13"	"Handicap Nursery"	"11"	"12"	"Jakes, Tommie"	"Boughey, George"
"16:30:00"	"2024-12-14"	"Wolverhampton"	"Ever Hopefull"	"14.00"	"18.5"	"Handicap"	"1"	"8"	"Morris, Luke"	"Watson, Archie"
"16:30:00"	"2024-12-14"	"Wolverhampton"	"Silk Bird"	"200.00"	"423.38"	"Handicap"	"8"	"8"	"McEntee, Grace"	"Young, Maxwell"
"16:15:00"	"2024-12-14"	"Southwell"	"Pinhole"	"0.73"	"1.75"	"Novices"	"1"	"8"	"Ryan, Rossa"	"Beckett, R M"
"14:47:00"	"2024-12-14"	"Fairyhouse"	"Tom Kelly (IRE)"	"25.00"	"43.16"	"Handicap Hurdle"	"9"	"12"	"Cleary, Mr Paddy"	"Smith, Kevin"
"14:12:00"	"2024-12-14"	"Fairyhouse"	"Person Of Interest (IRE)"	"6.00"	"8.21"	"Handicap Hurdle"	"6"	"13"	"Hanlon, Mr P"	"Cogan, Miss Tara Lee"
"13:37:00"	"2024-12-14"	"Fairyhouse"	"Aint No Sunshine (IRE)"	"250.00"	"1000"	"Maiden Hurdle"	"9"	"14"	"Hanlon, Mr P"	"Cogan, Miss Tara Lee"
"12:55:00"	"2024-12-14"	"Doncaster"	"Tommy Cullen (IRE)"	"4.50"	"6.2"	"Handicap Chase"	"2"	"9"	"Quinlan, Jack"	"Crawley, Matt"
"12:30:00"	"2024-12-14"	"Fairyhouse"	"Chortal"	"10.00"	"17.87"	"Maiden Hurdle"	"4"	"14"	"Ewing, Sam"	"Elliott, Gordon"
"12:30:00"	"2024-12-14"	"Fairyhouse"	"Makaiah (IRE)"	"200.00"	"1000"	"Maiden Hurdle"	"10"	"14"	"Kelly, Aidan"	"Bunyan, Darren / OLeary, G"
"12:30:00"	"2024-12-14"	"Fairyhouse"	"Spencer Dock (IRE)"	"200.00"	"1000"	"Maiden Hurdle"	"13"	"14"	"Brouder, Gavin"	"Cleary, Michael G"
"12:10:00"	"2024-12-14"	"Cheltenham"	"Teriferma"	"18.00"	"26.92"	"Hurdle"	"1"	"7"	"Bowen, Sean P"	"Jones, Jack"
"12:10:00"	"2024-12-14"	"Cheltenham"	"Ocean Conquest"	"66.00"	"75"	"Hurdle"	"7"	"7"	"Nailor, Jordan"	"Twiston-Davies, N A"
"20:15:00"	"2024-12-13"	"Southwell"	"No Saint"	"28.00"	"47.13"	"Handicap"	"10"	"12"	"Barton, Miss Violet"	"Morgan, Miss Laura"
"19:45:00"	"2024-12-13"	"Southwell"	"So Chic (IRE)"	"50.00"	"108.3"	"Handicap"	"8"	"11"	"Dobie, Georgia"	"Cassidy, Stephanie"
"19:30:00"	"2024-12-13"	"Dundalk"	"Superior Force"	"50.00"	"126"	"Handicap"	"11"	"11"	"Kennedy, K G"	"Hogan, Denis Gerard"
"18:45:00"	"2024-12-13"	"Southwell"	"Crowd Quake"	"18.00"	"46.8"	"Maiden"	"6"	"12"	"Hart, Jason"	"Williams, S C"
"18:45:00"	"2024-12-13"	"Southwell"	"Wild Eyed Girl (IRE)"	"40.00"	"84.6"	"Maiden"	"10"	"12"	"Ghiani, Marco"	"Jenkins, J R"
"17:45:00"	"2024-12-13"	"Southwell"	"Barenboim"	"12.00"	"16.9"	"Handicap"	"2"	"5"	"Jamin, Pierre-Louis"	"Dascombe, Tom"
"17:15:00"	"2024-12-13"	"Southwell"	"Starshiba"	"5.50"	"7.85"	"Handicap"	"6"	"8"	"Wilkie, Brandon"	"Morland, Jack"
"16:45:00"	"2024-12-13"	"Southwell"	"Federal Envoy (IRE)"	"7.50"	"10.61"	"Handicap"	"1"	"9"	"Shoemark, Kieran"	"Jardine, I"
"16:45:00"	"2024-12-13"	"Southwell"	"South Kensington (IRE)"	"66.00"	"161.94"	"Handicap"	"9"	"9"	"Mulrennan, Paul"	"Dunne, M"
"15:07:00"	"2024-12-13"	"Doncaster"	"Ruby Island"	"8.00"	"12"	"Handicap Hurdle"	"3"	"8"	"Rabbitt, Mr C"	"Richards, N G"
"15:07:00"	"2024-12-13"	"Doncaster"	"Ebony Jade (IRE)"	"50.00"	"101.9"	"Handicap Hurdle"	"PU"	"8"	"England, Jonathan"	"England, Sam"
"15:00:00"	"2024-12-13"	"Cheltenham"	"Iceo Madrik (FR)"	"5.50"	"7.05"	"Handicap Chase"	"UR"	"15"	"Journiac, Tho "	"Cottin, D"
"14:25:00"	"2024-12-13"	"Cheltenham"	"Paint The Dream"	"50.00"	"76.3"	"Handicap Chase"	"8"	"10"	"Bowen, Sean P"	"Brace, D"
"14:05:00"	"2024-12-13"	"Bangor"	"Hms Milo (IRE)"	"80.00"	"224.55"	"Maiden Hurdle"	"6"	"10"	"Gillard, Fergus"	"Greenall, O / Guerriero, J"
"14:05:00"	"2024-12-13"	"Bangor"	"Pulse Of Camelot (IRE)"	"200.00"	"470"	"Maiden Hurdle"	"9"	"10"	"Bass, David"	"Comley, Max"
"13:40:00"	"2024-12-13"	"Cork"	"Shell Be Kept (IRE)"	"125.00"	"938.05"	"Maiden Hurdle"	"PU"	"18"	"Shinnick, J P"	"Allen, Sean"
"13:35:00"	"2024-12-13"	"Bangor"	"Streamsforth Lad (IRE)"	"6.00"	"8.19"	"Handicap Hurdle"	"6"	"8"	"Durrell, Mr T"	"Greenall, O / Guerriero, J"
"13:15:00"	"2024-12-13"	"Cheltenham"	"Bo Zenith (FR)"	"7.00"	"11.7"	"Handicap Hurdle"	"3"	"14"	"Bowen, James C"	"Henderson, N J"
"13:15:00"	"2024-12-13"	"Cheltenham"	"Joyeux Machin (FR)"	"40.00"	"71.15"	"Handicap Hurdle"	"11"	"14"	"Atkins, Mr Harry"	"Skelton, Daniel"
"13:05:00"	"2024-12-13"	"Cork"	"Kalnoo (IRE)"	"7.00"	"8.53"	"Handicap Hurdle"	"13"	"14"	"Donovan, Philip"	"Kiely, Paul Stephen"
"12:50:00"	"2024-12-13"	"Doncaster"	"Star Turn"	"80.00"	"174.85"	"Handicap Novices Hurdle"	"7"	"8"	"Sheehan, Gavin"	"Bowen, Peter / Michael"
"11:40:00"	"2024-12-13"	"Doncaster"	"Belfrina (IRE)"	"2.25"	"4.62"	"Maiden Hurdle"	"2"	"7"	"Scholfield, Nick"	"Pipe, D E"
"11:40:00"	"2024-12-13"	"Doncaster"	"Icecap"	"250.00"	"1000"	"Maiden Hurdle"	"6"	"7"	"Anderson, Mr A"	"Sowersby, M E"
"20:30:00"	"2024-12-12"	"Chelmsford City"	"Auguste Lumiere (IRE)"	"33.00"	"34.76"	"Handicap"	"2"	"9"	"Ghiani, Marco"	"Hobson, Miss Clare"
"20:00:00"	"2024-12-12"	"Chelmsford City"	"Batal Dubai (IRE)"	"7.00"	"9.48"	"Handicap"	"4"	"7"	"Muscutt, D"	"Morland, Jack"
"20:00:00"	"2024-12-12"	"Chelmsford City"	"Perennial"	"40.00"	"49.13"	"Handicap"	"5"	"7"	"Hornby, Rob"	"Williams, S C"
"19:30:00"	"2024-12-12"	"Chelmsford City"	"Carlton"	"3.33"	"4.3"	"Handicap"	"1"	"8"	"Keenan, Darragh"	"Owen, J P"
"16:30:00"	"2024-12-12"	"Chelmsford City"	"Mirabello Bay (IRE)"	"28.00"	"53.2"	"Handicap"	"5"	"13"	"Barlow, Patrick"	"Brennan, F J"
"16:30:00"	"2024-12-12"	"Chelmsford City"	"First Dynasty (USA)"	"28.00"	"40.13"	"Handicap"	"12"	"13"	"Marshall, Mr Billy"	"Young, Maxwell"
"15:35:00"	"2024-12-12"	"Warwick"	"Sutherland (IRE)"	"6.50"	"10.38"	"NH Flat"	"3"	"12"	"Boinville, Nico"	"Henderson, N J"
"13:47:00"	"2024-12-12"	"Newcastle"	"Russian Virtue"	"40.00"	"46.36"	"Handicap"	"7"	"9"	"Kirrane, Sean"	"Thompson, D W"
"13:47:00"	"2024-12-12"	"Newcastle"	"Budding (IRE)"	"40.00"	"87.32"	"Handicap"	"9"	"9"	"Pyle, William"	"Waggott, Miss Tracy"
"13:35:00"	"2024-12-12"	"Taunton"	"Dont Tell Rosie"	"150.00"	"1000"	"Novices Hurdle"	"5"	"13"	"Carver, Bryan"	"Scott, J"
"13:35:00"	"2024-12-12"	"Taunton"	"Clever Relation"	"250.00"	"1000"	"Novices Hurdle"	"8"	"13"	"Houlihan, Sean M"	"Lewis, Mrs S W"
"13:35:00"	"2024-12-12"	"Taunton"	"Youm Jameel (IRE)"	"250.00"	"980"	"Novices Hurdle"	"PU"	"13"	"Ring, C V"	"Williams, Evan"
"13:25:00"	"2024-12-12"	"Warwick"	"Seasett"	"33.00"	"44.48"	"Handicap Novices Chase"	"5"	"6"	"Hanlon, Mr P"	"Cogan, Miss Tara Lee"
"13:17:00"	"2024-12-12"	"Newcastle"	"Midnight Lion"	"16.00"	"22.77"	"Handicap"	"1"	"9"	"Mulrennan, Paul"	"Goldie, J S"
"13:17:00"	"2024-12-12"	"Newcastle"	"Blackstone Cliff (IRE)"	"28.00"	"36.12"	"Handicap"	"3"	"9"	"Croot, Elle-May"	"Davidson, Tristan"
"12:55:00"	"2024-12-12"	"Warwick"	"Bear Market (IRE)"	"0.80"	"1.89"	"Maiden Hurdle"	"PU"	"12"	"Boinville, Nico"	"Henderson, N J"
"12:17:00"	"2024-12-12"	"Newcastle"	"King Chaos (IRE)"	"6.50"	"12.64"	"Novices"	"3"	"12"	"Fraser, Kaiya"	"Menzies, Rebecca"
"11:55:00"	"2024-12-12"	"Warwick"	"Urban Hydrangea"	"25.00"	"52.36"	"Maiden Hurdle"	"6"	"8"	"Brace, Connor"	"OBrien, Fergal"
"19:10:00"	"2024-12-11"	"Kempton"	"Beeley"	"16.00"	"19.84"	"Non-Handicap"	"5"	"5"	"Shoemark, Kieran"	"Boughey, George"
"18:00:00"	"2024-12-11"	"Dundalk"	"Belles Feuilles (FR)"	"7.00"	"11.5"	"Handicap"	"1"	"12"	"Carroll, G F"	"Cromwell, Gavin Patrick"
"17:40:00"	"2024-12-11"	"Kempton"	"Yielding To None (IRE)"	"33.00"	"75"	"Novices"	"9"	"11"	"Bradley, Paddy"	"Dow, S"
"17:30:00"	"2024-12-11"	"Dundalk"	"Villemacho (IRE)"	"28.00"	"52.46"	"Handicap"	"11"	"14"	"McGettigan, P"	"Feane, John James"
"15:25:00"	"2024-12-11"	"Dundalk"	"God Of Thunder (IRE)"	"7.50"	"11.79"	"Claimer"	"5"	"13"	"Sheridan, J M"	"Hogan, Denis Gerard"
"15:25:00"	"2024-12-11"	"Dundalk"	"Away He Goes (IRE)"	"9.00"	"14.86"	"Claimer"	"13"	"13"	"Casey, A J"	"Hogan, Denis Gerard"
"14:20:00"	"2024-12-11"	"Hexham"	"Lunar Glow"	"9.00"	"11.41"	"Handicap Hurdle"	"9"	"16"	"Mania, Ryan"	"Robson, Paul"
"13:35:00"	"2024-12-11"	"Hereford"	"Head Over Hinds (IRE)"	"100.00"	"213.41"	"Novices Hurdle"	"3"	"10"	"Bass, David"	"Comley, Max"
"13:05:00"	"2024-12-11"	"Hereford"	"Pigeon House (IRE)"	"7.00"	"7.91"	"Novices Hurdle"	"2"	"9"	"Sheehan, Gavin"	"Candlish, Jennie"
"17:30:00"	"2024-12-10"	"Southwell"	"Yurinov"	"80.00"	"153.46"	"Handicap"	"4"	"10"	"Wilkie, Brandon"	"Kirby, P A"
"14:50:00"	"2024-12-10"	"Punchestown"	"Another Nightmare (IRE)"	"50.00"	"103.23"	"Handicap Hurdle"	"11"	"17"	"Hanlon, Mr P"	"Cogan, Miss Tara Lee"
"14:42:00"	"2024-12-10"	"Uttoxeter"	"Mister Wilson (IRE)"	"20.00"	"30"	"Handicap Hurdle"	"8"	"8"	"Harrison, Liam"	"Lee, Miss Kerry"
"14:12:00"	"2024-12-10"	"Uttoxeter"	"Not Long Left (IRE)"	"4.00"	"5.63"	"Handicap Chase"	"UR"	"9"	"Deutsch, Charlie"	"Williams, Miss Venetia"
"13:00:00"	"2024-12-10"	"Fontwell"	"Kimchi"	"28.00"	"65"	"Hurdle"	"5"	"5"	"Davies, James"	"Gillard, Mark"
"12:42:00"	"2024-12-10"	"Uttoxeter"	"Alshadhian (IRE)"	"200.00"	"416.02"	"Maiden Hurdle"	"9"	"11"	"Nichol, Craig"	"Greenall, O / Guerriero, J"
"12:42:00"	"2024-12-10"	"Uttoxeter"	"Dantes Inferno"	"125.00"	"230"	"Maiden Hurdle"	"10"	"11"	"Scott, Luke"	"Barclay, Stella"
"20:15:00"	"2024-12-09"	"Wolverhampton"	"Bluebottle Blue"	"40.00"	"52.74"	"Handicap"	"6"	"6"	"Shoemark, Kieran"	"Stephens, Robert"
"19:45:00"	"2024-12-09"	"Wolverhampton"	"Balgowan (IRE)"	"40.00"	"75"	"Handicap"	"6"	"10"	"Downing, George"	"Mullins, J W"
"18:45:00"	"2024-12-09"	"Wolverhampton"	"Bizarre Law"	"33.00"	"62.76"	"Handicap"	"8"	"12"	"Hogan, D E"	"Herrington,M "
"18:30:00"	"2024-12-09"	"Newcastle"	"Born To Charm"	"66.00"	"140"	"Handicap"	"12"	"12"	"Gray, S A"	"Harker, G A"
"18:00:00"	"2024-12-09"	"Newcastle"	"Royal Blaze"	"25.00"	"46"	"Handicap"	"10"	"12"	"Hart, Jason"	"Whillans, Ewan"
"17:45:00"	"2024-12-09"	"Wolverhampton"	"Alabama Belle"	"25.00"	"84.97"	"Novices"	"5"	"10"	"Greatrex, Edward"	"Loughnane, Daniel Mark"
"17:45:00"	"2024-12-09"	"Wolverhampton"	"Luna Rouge"	"300.00"	"1000"	"Novices"	"6"	"10"	"Haynes, Joey"	"Furtado, Ivan"
"17:45:00"	"2024-12-09"	"Wolverhampton"	"Come On Big Boy"	"80.00"	"305.46"	"Novices"	"8"	"10"	"Ghiani, Marco"	"Furtado, Ivan"
"17:45:00"	"2024-12-09"	"Wolverhampton"	"Tancredi"	"40.00"	"172.16"	"Novices"	"9"	"10"	"McEntee, Grace"	"McEntee, P S"
"17:45:00"	"2024-12-09"	"Wolverhampton"	"Kings Conquest (IRE)"	"250.00"	"918.49"	"Novices"	"10"	"10"	"Jakes, Tommie"	"Martin, Andrew J"
"17:30:00"	"2024-12-09"	"Newcastle"	"Kingdom Of Time"	"3.00"	"4.94"	"Novices"	"3"	"5"	"Morris, Luke"	"Watson, Archie"
"17:00:00"	"2024-12-09"	"Newcastle"	"Lakota Blue"	"28.00"	"32"	"Handicap"	"7"	"13"	"Hart, Jason"	"Fell, R / Murray, S"
"15:30:00"	"2024-12-09"	"Lingfield"	"Top Ville Ben (IRE)"	"5.00"	"6.2"	"Handicap Chase"	"5"	"6"	"Scott, Luke"	"Candlish, Jennie"
"15:22:00"	"2024-12-09"	"Newcastle"	"Unique Spirit (IRE)"	"33.00"	"75.91"	"Handicap"	"7"	"8"	"Kirrane, Sean"	"Smith, R Michael"
"15:15:00"	"2024-12-09"	"Musselburgh"	"Rufio"	"100.00"	"185.42"	"Handicap Chase"	"UR"	"10"	"Brown, Miss Lucy"	"Rutherford, Gary"
"15:00:00"	"2024-12-09"	"Lingfield"	"Polisud (FR)"	"25.00"	"42"	"Handicap Hurdle"	"4"	"10"	"Reed, Harry"	"Hitchins, Daisy"
"13:45:00"	"2024-12-09"	"Musselburgh"	"Belle Of Annandale (IRE)"	"18.00"	"19.68"	"Handicap Hurdle"	"4"	"5"	"Quinlan, Sean"	"Smith, R Michael"
"13:30:00"	"2024-12-09"	"Lingfield"	"Jasmine Dairy (FR)"	"10.00"	"16.8"	"Novices Hurdle"	"4"	"6"	"Sutton, Mr B"	"Derham, Harry"
"15:25:00"	"2024-12-08"	"Cork"	"Island Mccoo (IRE)"	"28.00"	"53.46"	"Handicap Novices Hurdle"	"14"	"22"	"Quirke, Mr C M"	"Collins, Darren"
"15:25:00"	"2024-12-08"	"Cork"	"Zoomtime (IRE)"	"18.00"	"31.06"	"Handicap Novices Hurdle"	"22"	"22"	"Fitzgibbon, Miss A L"	"Byrnes, C"
"15:00:00"	"2024-12-08"	"Huntingdon"	"Lyrical Genius (IRE)"	"12.00"	"16.32"	"Handicap Chase"	"3"	"6"	"Best, J A"	"Humphrey, Mrs S J"
"15:00:00"	"2024-12-08"	"Huntingdon"	"Guerlain De Vaux (FR)"	"8.00"	"9.6"	"Handicap Chase"	"6"	"6"	"Burke, Jonathan"	"Bailey, K C"
"14:50:00"	"2024-12-08"	"Cork"	"Johnny Blue (IRE)"	"4.00"	"5.23"	"Handicap Hurdle"	"4"	"18"	"Townend, P"	"Mullins, W P"
"14:25:00"	"2024-12-08"	"Huntingdon"	"Go To War (IRE)"	"0.73"	"1.77"	"Handicap Hurdle"	"2"	"6"	"Boinville, Nico"	"Henderson, N J"
"13:30:00"	"2024-12-08"	"Kelso"	"Siberian Star"	"22.00"	"27.65"	"Handicap Hurdle"	"4"	"10"	"Bowen, Sean P"	"Bowen, Peter / Michael"
"12:55:00"	"2024-12-08"	"Kelso"	"Royal Creek (IRE)"	"25.00"	"37.15"	"Novices Hurdle"	"6"	"8"	"Coltherd, Sam W"	"Coltherd, W S"
"13:23:00"	"2024-12-07"	"Wetherby"	"Agirlcalledchloe (IRE)"	"28.00"	"43.57"	"Handicap Chase"	"PU"	"10"	"Smith-Chaston, Emma"	"Foster, Miss J E"
"12:48:00"	"2024-12-07"	"Wetherby"	"Leading Lion (IRE)"	"125.00"	"215.43"	"Handicap Hurdle"	"PU"	"8"	"Maggs, Mr Charlie"	"Leeson, Tracey"
"12:32:00"	"2024-12-07"	"Navan"	"Attaboyarchie (IRE)"	"80.00"	"297.86"	"Maiden Hurdle"	"8"	"25"	"Sweeney, Miss E J"	"Thornton, Karl"
"12:32:00"	"2024-12-07"	"Navan"	"Next Stop Paris (IRE)"	"40.00"	"123.97"	"Maiden Hurdle"	"18"	"25"	"Donoghue, K M"	"Cromwell, Gavin Patrick"
"12:08:00"	"2024-12-07"	"Sandown"	"Mount Gay Run (IRE)"	"50.00"	"58.42"	"Novices Hurdle"	"3"	"5"	"Anderson, Joe"	"Burke, Kieran"
"11:37:00"	"2024-12-07"	"Wetherby"	"The Jad Factor (IRE)"	"10.00"	"12.66"	"Handicap Novices Chase"	"4"	"8"	"Mania, Ryan"	"Thomson, A M"
"11:30:00"	"2024-12-07"	"Navan"	"Queenie St Clair (IRE)"	"125.00"	"541.01"	"Maiden Hurdle"	"7"	"19"	"Sexton, K C"	"Sheehy, E"
"11:07:00"	"2024-12-07"	"Wetherby"	"King Casey (IRE)"	"25.00"	"35.75"	"Novices Hurdle"	"5"	"8"	"Smith-Chaston, Emma"	"Foster, Miss J E"
"20:00:00"	"2024-12-06"	"Dundalk"	"Churchill Rose (IRE)"	"33.00"	"75.82"	"Handicap"	"10"	"14"	"Coen, S"	"Goulding, arthur"
"19:30:00"	"2024-12-06"	"Dundalk"	"Ginnos Port (IRE)"	"150.00"	"761.24"	"Maiden"	"10"	"11"	"Colgan, R C"	"Martin, Patrick"
"19:00:00"	"2024-12-06"	"Dundalk"	"Pink Oxalis (IRE)"	"4.00"	"5.8"	"Handicap"	"4"	"14"	"Ryan, J J G"	"Thorne, Stephen"
"19:00:00"	"2024-12-06"	"Dundalk"	"Saxon Kingdom (IRE)"	"50.00"	"75"	"Handicap"	"5"	"14"	"Joyce, Wesley"	"Dowling, Thomas"
"18:50:00"	"2024-12-06"	"Newcastle"	"Bazball (IRE)"	"100.00"	"225.35"	"Handicap"	"12"	"12"	"Winn, Mark"	"Midgley, P T"
"18:30:00"	"2024-12-06"	"Dundalk"	"Pillar Of Hope"	"5.50"	"8.29"	"Handicap"	"13"	"14"	"Colgan, R C"	"Sweeney, P"
"18:00:00"	"2024-12-06"	"Dundalk"	"Catch The Paddy (IRE)"	"16.00"	"22.43"	"Handicap"	"1"	"7"	"Mulligan, R M"	"McKenna, P J"
"17:30:00"	"2024-12-06"	"Dundalk"	"Haqawi (IRE)"	"125.00"	"502.23"	"Maiden"	"8"	"11"	"Murphy, D J"	"Collins, Tracey / Halford, Mick"
"17:20:00"	"2024-12-06"	"Newcastle"	"Nikovo"	"14.00"	"17.98"	"Handicap"	"6"	"11"	"Mulrennan, Paul"	"Herrington,M "
"17:20:00"	"2024-12-06"	"Newcastle"	"Dolce Courage"	"10.00"	"12.84"	"Handicap"	"7"	"11"	"Farragher, Adam J"	"Horton, James"
"15:55:00"	"2024-12-06"	"Exeter"	"What U Wanna Do Is (IRE)"	"150.00"	"501.38"	"NH Flat"	"9"	"12"	"Pritchard, Mr Callum"	"Lund, B V"
"15:48:00"	"2024-12-06"	"Newcastle"	"Manton Road"	"2.25"	"3.7"	"Handicap Nursery"	"3"	"11"	"Morris, Luke"	"Kelleway, Miss Gay"
"15:35:00"	"2024-12-06"	"Sandown"	"Ellerton (FR)"	"11.00"	"14"	"Handicap Novices Hurdle"	"6"	"6"	"Bowen, Sean P"	"Charlton, Anthony"
"15:20:00"	"2024-12-06"	"Exeter"	"Well Dick (IRE)"	"7.00"	"8.28"	"Handicap Chase"	"PU"	"11"	"Tudor, Jack"	"Lavelle, Miss E C"
"14:45:00"	"2024-12-06"	"Exeter"	"Land Genie"	"3.50"	"5"	"Handicap Novices Hurdle"	"2"	"11"	"Gillard, Fergus"	"Skelton, Daniel"
"14:45:00"	"2024-12-06"	"Exeter"	"Balkeo (FR)"	"125.00"	"190"	"Handicap Novices Hurdle"	"PU"	"11"	"Carver, Bryan"	"Honour, Chris"
"13:35:00"	"2024-12-06"	"Exeter"	"Northern Symphonie"	"150.00"	"511.66"	"Novices Hurdle"	"8"	"13"	"Godfrey, Ben"	"Burke, Kieran"
"13:35:00"	"2024-12-06"	"Exeter"	"Arctic Blue"	"200.00"	"1000"	"Novices Hurdle"	"PU"	"13"	"Brooke, Henry"	"Kittow, W S"
"12:48:00"	"2024-12-06"	"Sandown"	"Galactic Charm"	"14.00"	"16"	"Hurdle"	"2"	"5"	"Quinn, Caoilin"	"Moore, Gary and Josh"
"19:10:00"	"2024-12-05"	"Chelmsford City"	"Lady In Havana"	"66.00"	"163.85"	"Handicap"	"11"	"11"	"Kelly, Shane"	"Dunne, M"
"17:40:00"	"2024-12-05"	"Chelmsford City"	"Jacques Cartier"	"28.00"	"42.29"	"Handicap"	"9"	"9"	"Marsh, Finley"	"Eddery, Robert"
"16:40:00"	"2024-12-05"	"Chelmsford City"	"Pocket Too"	"66.00"	"140.52"	"Novices"	"7"	"14"	"Rawlinson, Ali"	"Appleby, M"
"16:10:00"	"2024-12-05"	"Chelmsford City"	"Alvesta"	"50.00"	"101.19"	"Handicap"	"7"	"12"	"Peate, Jonny"	"Crawley, Matt"
"15:35:00"	"2024-12-05"	"Leicester"	"Comeonrita"	"66.00"	"130"	"Handicap Hurdle"	"4"	"6"	"Best, J A"	"Brennan, F J"
"15:35:00"	"2024-12-05"	"Leicester"	"Trudie Glen (FR)"	"50.00"	"90"	"Handicap Hurdle"	"PU"	"6"	"Bass, David"	"Comley, Max"
"15:23:00"	"2024-12-05"	"Market Rasen"	"Warfleet"	"22.00"	"32.56"	"Maiden NH Flat"	"7"	"8"	"Jones, Ben R"	"Blake, Michael"
"14:25:00"	"2024-12-05"	"Leicester"	"Mcgrath From Clune (IRE)"	"22.00"	"27.17"	"Handicap Chase"	"F"	"5"	"Gillard, Fergus"	"Gretton, T R "
"13:45:00"	"2024-12-05"	"Market Rasen"	"Debacle"	"50.00"	"71.61"	"Handicap Hurdle"	"PU"	"8"	"Broughton, Mr T P"	"Comley, Max"
"13:35:00"	"2024-12-05"	"Wincanton"	"Supreme Commander (IRE)"	"2.00"	"2.99"	"Handicap Novices Hurdle"	"7"	"10"	"Kimber, Harry"	"Charlton, Anthony"
"12:45:00"	"2024-12-05"	"Market Rasen"	"Viyanni (IRE)"	"0.83"	"1.88"	"Hurdle"	"1"	"5"	"Obrien, P V"	"Derham, Harry"
"12:45:00"	"2024-12-05"	"Market Rasen"	"Little Lady Lucy (IRE)"	"16.00"	"27.61"	"Hurdle"	"PU"	"5"	"Brogan, Kevin"	"Mulholland, N P"
"12:35:00"	"2024-12-05"	"Wincanton"	"No No Tango"	"1.00"	"2.13"	"Handicap Chase"	"1"	"6"	"Mullins, Mr P W"	"Derham, Harry"
"19:40:00"	"2024-12-04"	"Kempton"	"Last Empress"	"11.00"	"16.5"	"Handicap"	"4"	"11"	"Murphy, Oisin"	"Menuisier, David"
"19:10:00"	"2024-12-04"	"Kempton"	"Samuel Colt (IRE)"	"16.00"	"19.47"	"Non-Handicap"	"9"	"9"	"Levey, S M"	"Perrett, Mrs A J"
"18:40:00"	"2024-12-04"	"Kempton"	"Absolute Star"	"2.00"	"3.12"	"Handicap"	"6"	"9"	"Mitchell, Jack"	"Varian, Roger"
"18:40:00"	"2024-12-04"	"Kempton"	"Bernadine (IRE)"	"12.00"	"16.24"	"Handicap"	"7"	"9"	"Shoemark, Kieran"	"Newland, Dr R D P"
"18:40:00"	"2024-12-04"	"Kempton"	"Just Rita"	"11.00"	"15.33"	"Handicap"	"9"	"9"	"Pearson, Laura"	"Loughnane, David"
"18:00:00"	"2024-12-04"	"Dundalk"	"American In Paris (IRE)"	"16.00"	"29.21"	"Handicap"	"6"	"14"	"Whearty, R"	"Flynn, Paul W"
"17:10:00"	"2024-12-04"	"Kempton"	"Ardennes (IRE)"	"7.50"	"9.43"	"Handicap Nursery"	"2"	"9"	"Larson, Frederick"	"Appleby, M"
"17:00:00"	"2024-12-04"	"Dundalk"	"Bishopton (IRE)"	"12.00"	"15.5"	"Handicap Nursery"	"2"	"14"	"Colgan, R C"	"Lupini, Miss Natalia"
"16:30:00"	"2024-12-04"	"Dundalk"	"Tommy McJohn (IRE)"	"11.00"	"16.5"	"Non-Handicap"	"8"	"9"	"Carroll, G F"	"Cromwell, Gavin Patrick"
"16:00:00"	"2024-12-04"	"Dundalk"	"Sayifyouwill"	"5.50"	"8"	"Claimer"	"4"	"13"	"Davis, Sean"	"Davis, Sean"
"16:00:00"	"2024-12-04"	"Dundalk"	"Nezeeh (IRE)"	"14.00"	"24.62"	"Claimer"	"9"	"13"	"Sheridan, J M"	"Hogan, Denis Gerard"
"14:55:00"	"2024-12-04"	"Lingfield"	"Nancy P (IRE)"	"25.00"	"37.6"	"Handicap"	"10"	"11"	"Queally, T P"	"Moore, Gary and Josh"
"14:35:00"	"2024-12-04"	"Ludlow"	"Only The Bold (IRE)"	"5.50"	"8.34"	"Handicap Chase"	"PU"	"7"	"Sheehan, Gavin"	"Snowden, Jamie"
"14:03:00"	"2024-12-04"	"Ludlow"	"Panic Attack (IRE)"	"14.00"	"18"	"Handicap Hurdle"	"3"	"9"	"Gillard, Fergus"	"Skelton, Daniel"
"14:03:00"	"2024-12-04"	"Ludlow"	"Komedy Kicks (IRE)"	"25.00"	"30.48"	"Handicap Hurdle"	"4"	"9"	"Durrell, Mr T"	"Skelton, Daniel"
"14:03:00"	"2024-12-04"	"Ludlow"	"Demoiselle Kap (FR)"	"14.00"	"15.58"	"Handicap Hurdle"	"7"	"9"	"Leech, Roisin"	"Burke, Kieran"
"12:58:00"	"2024-12-04"	"Ludlow"	"Shabano (GER)"	"100.00"	"646.39"	"Novices Claimer Hurdle"	"4"	"7"	"Best, J A"	"Faulkner, T"
"11:50:00"	"2024-12-04"	"Lingfield"	"Rokuni (IRE)"	"50.00"	"49.63"	"Handicap Nursery"	"6"	"12"	"ONeill, K T"	"Dunnett, Mrs C A"
"11:50:00"	"2024-12-04"	"Lingfield"	"Berning Hot (IRE)"	"125.00"	"380.72"	"Handicap Nursery"	"10"	"12"	"Carson, William"	"Attwater, M J"
"11:50:00"	"2024-12-04"	"Lingfield"	"Beauty By My Side (IRE)"	"12.00"	"20"	"Handicap Nursery"	"11"	"12"	"Morris, Luke"	"Parr, Joseph"
"19:00:00"	"2024-12-03"	"Newcastle"	"Impeach (IRE)"	"14.00"	"24"	"Handicap"	"4"	"12"	"Young, Archie"	"Menzies, Rebecca"
"19:00:00"	"2024-12-03"	"Newcastle"	"Mr Jetman (IRE)"	"11.00"	"16.58"	"Handicap"	"6"	"12"	"Croot, Elle-May"	"Furtado, Ivan"
"15:24:00"	"2024-12-03"	"Newcastle"	"Scotland The Brave"	"66.00"	"110"	"Novices"	"6"	"12"	"Fraser, Kaiya"	"Davidson, Tristan"
"13:57:00"	"2024-12-03"	"Lingfield"	"Bravo Zulu (IRE)"	"11.00"	"13.5"	"Handicap"	"1"	"12"	"Ryan, Rossa"	"Loughnane, David"
"13:27:00"	"2024-12-03"	"Lingfield"	"Devore (IRE)"	"80.00"	"140.88"	"Handicap"	"12"	"12"	"Levey, S M"	"Evans, Mrs N S"
"13:15:00"	"2024-12-03"	"Southwell"	"One Knight (IRE)"	"25.00"	"32.74"	"NH Flat"	"1"	"9"	"Johnstone-baker, Mr Cameron"	"Lavelle, Miss E C"
"12:35:00"	"2024-12-03"	"Clonmel"	"Kps Ladyofknock (IRE)"	"28.00"	"37.36"	"Handicap Hurdle"	"1"	"15"	"OConnor, Mr T E"	"Fahey, Mark"
"12:35:00"	"2024-12-03"	"Clonmel"	"Brogue Man River (IRE)"	"33.00"	"61.38"	"Handicap Hurdle"	"15"	"15"	"OSullivan, Mr M J M"	"Lee, Norman"
"12:15:00"	"2024-12-03"	"Southwell"	"Russian Ruler (IRE)"	"40.00"	"88.04"	"Handicap Chase"	"PU"	"10"	"Hogan, Mr J"	"Morgan, Miss Laura"
"20:30:00"	"2024-12-02"	"Wolverhampton"	"Sisterandbrother"	"14.00"	"19"	"Handicap"	"7"	"11"	"Haynes, Joey"	"Harris, S A"
"19:30:00"	"2024-12-02"	"Wolverhampton"	"Harvanna"	"3.33"	"4.55"	"Handicap"	"2"	"10"	"Larson, Frederick"	"Appleby, M"
"19:30:00"	"2024-12-02"	"Wolverhampton"	"Byzantine Empress"	"5.00"	"6.25"	"Handicap"	"3"	"10"	"Young, Archie"	"OKeeffe, Jedd"
"18:30:00"	"2024-12-02"	"Wolverhampton"	"Mystical Elegance"	"66.00"	"128.65"	"Handicap Nursery"	"10"	"12"	"Carver, William"	"Hodgson, Simon"
"15:30:00"	"2024-12-02"	"Plumpton"	"Baron Noir (IRE)"	"2.25"	"3.52"	"NH Flat"	"1"	"8"	"Cannon, Tom J"	"King, A"
"15:30:00"	"2024-12-02"	"Plumpton"	"Whynotnowbart"	"150.00"	"332.8"	"NH Flat"	"8"	"8"	"Bowen, James C"	"Mulholland, N P"
"14:55:00"	"2024-12-02"	"Plumpton"	"Sawpit Samantha"	"22.00"	"34"	"Handicap Novices Hurdle"	"3"	"11"	"Sheehan, Gavin"	"Davis, Miss J S"
"13:50:00"	"2024-12-02"	"Plumpton"	"New Ross (IRE)"	"80.00"	"132.15"	"Handicap Hurdle"	"PU"	"11"	"Sheehan, Gavin"	"Smith, Miss Suzy"
"13:20:00"	"2024-12-02"	"Plumpton"	"Master Dunraven (IRE)"	"16.00"	"26.81"	"Novices Hurdle"	"9"	"11"	"OFarrell, C"	"Mulholland, N P"
"12:50:00"	"2024-12-02"	"Plumpton"	"Givehimthehonour (IRE)"	"18.00"	"23.44"	"Handicap Novices Chase"	"5"	"6"	"Tudor, Jack"	"Pipe, D E"
"15:30:00"	"2024-12-01"	"Carlisle"	"Bogleyburn (IRE)"	"22.00"	"33.27"	"NH Flat"	"6"	"8"	"Mania, Ryan"	"Rutherford, Gary"
"15:30:00"	"2024-12-01"	"Carlisle"	"Lord Fortescue"	"200.00"	"381.58"	"NH Flat"	"8"	"8"	"Lynn, Bruce"	"Rutherford, Gary"
"15:20:00"	"2024-12-01"	"Leicester"	"Near Dark (IRE)"	"16.00"	"24.11"	"Handicap Hurdle"	"2"	"5"	"Parker, Mr Joshua"	"Wigham, M"
"14:50:00"	"2024-12-01"	"Leicester"	"Gavroche Dallier (FR)"	"3.50"	"5.6"	"Handicap Novices Chase"	"3"	"9"	"Bowen, Sean P"	"Murphy, Olly"
"13:55:00"	"2024-12-01"	"Carlisle"	"Come On Teddy (IRE)"	"4.50"	"6.13"	"Handicap Chase"	"4"	"12"	"Cobden, Harry"	"Derham, Harry"
"13:45:00"	"2024-12-01"	"Leicester"	"Skeeter Park (IRE)"	"150.00"	"336.97"	"Handicap Hurdle"	"PU"	"9"	"Davies, James"	"Shaw, D"
"13:25:00"	"2024-12-01"	"Carlisle"	"Foreva Alfie (IRE)"	"300.00"	"1000"	"Novices Hurdle"	"PU"	"12"	"Nichol, Craig"	"Robson, Paul"
"12:55:00"	"2024-12-01"	"Carlisle"	"Caldwell Potter (FR)"	"0.18"	"1.22"	"Novices Chase"	"1"	"7"	"Cobden, Harry"	"Nicholls, P F"
"12:55:00"	"2024-12-01"	"Carlisle"	"Figaroc (FR)"	"50.00"	"189.68"	"Novices Chase"	"PU"	"7"	"Twiston-Davies, Sam"	"Dunn, Mrs Alex"
"12:40:00"	"2024-12-01"	"Leicester"	"Estate Planning (IRE)"	"50.00"	"79.81"	"Maiden Hurdle"	"5"	"6"	"Ring, C V"	"Llewellyn, B J"
"12:40:00"	"2024-12-01"	"Leicester"	"You And Whose Army (IRE)"	"300.00"	"1000"	"Maiden Hurdle"	"PU"	"6"	"Best, J A"	"Jenkins, J R"
"12:20:00"	"2024-12-01"	"Carlisle"	"Kingston Rock (IRE)"	"20.00"	"29.58"	"Handicap Hurdle"	"5"	"11"	"Austin, Edward"	"Rutherford, Gary"
"14:10:00"	"2024-11-30"	"Newcastle"	"Tellherthename (IRE)"	"18.00"	"26.4"	"Hurdle"	"4"	"7"	"Woods, K K"	"ONeill, Jonjo and AJ"
"13:54:00"	"2024-11-30"	"Newbury"	"Hubrisko (FR)"	"66.00"	"160"	"Handicap Hurdle"	"7"	"10"	"Burke, Jonathan"	"Derham, Harry"
"13:27:00"	"2024-11-30"	"Doncaster"	"Bowling Buddy (IRE)"	"8.50"	"11.54"	"Handicap Hurdle"	"3"	"8"	"Hughes, Brian"	"Nicol, Adam"
"13:20:00"	"2024-11-30"	"Fairyhouse"	"Theophilos (IRE)"	"150.00"	"928.59"	"Maiden Hurdle"	"22"	"25"	"Millar, Mr C P"	"Keane, Gerard"
"13:03:00"	"2024-11-30"	"Newcastle"	"How About No (FR)"	"40.00"	"74.29"	"Novices Hurdle"	"5"	"6"	"Kavanagh, Peter J"	"Quinlan, Elizabeth"
"12:40:00"	"2024-11-30"	"Newbury"	"Inch House (IRE)"	"5.50"	"8.45"	"Handicap Chase"	"PU"	"11"	"Gingell, Mr Frederick"	"Nicholls, P F"
"12:28:00"	"2024-11-30"	"Newcastle"	"Gandhi Maker (FR)"	"20.00"	"26"	"Handicap Chase"	"UR"	"9"	"Chapman, Ross"	"Menzies, Rebecca"
"11:53:00"	"2024-11-30"	"Newcastle"	"Inappropriate (IRE)"	"5.50"	"9.13"	"Hurdle"	"1"	"4"	"OFarrell, C"	"OKeeffe, Jedd"
"11:53:00"	"2024-11-30"	"Newcastle"	"Lavender Hill Mob"	"0.29"	"1.26"	"Hurdle"	"2"	"4"	"Boinville, Nico"	"Owen, J P"
"11:42:00"	"2024-11-30"	"Doncaster"	"Campaign Trail (IRE)"	"2.50"	"3.97"	"Novices Hurdle"	"1"	"9"	"Bellamy, Tom"	"Bailey, K C"
"20:00:00"	"2024-11-29"	"Dundalk"	"Buckhead Betty (IRE)"	"10.00"	"12.37"	"Handicap"	"9"	"13"	"Foley, Shane"	"OSullivan, Ross"
"20:00:00"	"2024-11-29"	"Dundalk"	"Cruiscin Lan (IRE)"	"100.00"	"300"	"Handicap"	"12"	"13"	"Carroll, G F"	"Kelly, Noel C"
"19:00:00"	"2024-11-29"	"Dundalk"	"Jerandme (IRE)"	"18.00"	"37.28"	"Handicap"	"4"	"7"	"Hayes, C D"	"Prendergast, Kevin"
"18:30:00"	"2024-11-29"	"Dundalk"	"Camachero (IRE)"	"50.00"	"113.46"	"Handicap"	"11"	"14"	"Hayes, C D"	"Kelly, Noel C"
"18:30:00"	"2024-11-29"	"Dundalk"	"Dandys Derriere"	"33.00"	"55"	"Handicap"	"14"	"14"	"Woods, Sorcha"	"OToole, John"
"18:00:00"	"2024-11-29"	"Dundalk"	"Happy For Evva (IRE)"	"12.00"	"23.45"	"Maiden"	"3"	"12"	"Crosse, Nathan"	"McIntyre, Alan"
"15:40:00"	"2024-11-29"	"Newbury"	"Lossiemouth"	"50.00"	"147.23"	"Handicap Hurdle"	"4"	"11"	"Sheppard, Stan"	"Gundry, Miss Polly"
"15:40:00"	"2024-11-29"	"Newbury"	"Vee Dancer (IRE)"	"80.00"	"282.41"	"Handicap Hurdle"	"PU"	"11"	"Ring, C V"	"Potter, R D"
"15:20:00"	"2024-11-29"	"Thurles"	"Iron Allen (FR)"	"16.00"	"28.56"	"Handicap Hurdle"	"11"	"15"	"Donoghue, K M"	"Ryan, Colm"
"15:15:00"	"2024-11-29"	"Doncaster"	"Jingle Du Gouet (FR)"	"40.00"	"53.64"	"Handicap Hurdle"	"4"	"13"	"Bannister, Harry A A"	"Ender, Miss S J"
"15:15:00"	"2024-11-29"	"Doncaster"	"Glengolly"	"4.50"	"7.77"	"Handicap Hurdle"	"5"	"13"	"Brogan, Kevin"	"Aprahamian, Billy"
"14:20:00"	"2024-11-29"	"Musselburgh"	"Simply Red"	"4.00"	"5.35"	"Handicap Hurdle"	"10"	"10"	"Maggs, Mr Charlie"	"Ellison, B"
"14:10:00"	"2024-11-29"	"Thurles"	"Dream On Baby (IRE)"	"22.00"	"38.65"	"Maiden Hurdle"	"1"	"8"	"Clarke, Conor"	"Mullins, Emmet"
"13:35:00"	"2024-11-29"	"Thurles"	"Walk Of The Roses (IRE)"	"7.00"	"10.5"	"Handicap Hurdle"	"10"	"13"	"OConnor, M P"	"Mangan, James Joseph"
"13:00:00"	"2024-11-29"	"Thurles"	"Gold Fever (IRE)"	"50.00"	"95.35"	"Maiden Hurdle"	"10"	"10"	"Meyler, D"	"OSullivan, Ross"
"12:38:00"	"2024-11-29"	"Musselburgh"	"Clan Chieftain"	"33.00"	"85"	"Maiden Hurdle"	"5"	"8"	"Mania, Ryan"	"Stephen, Mrs Jackie"
"12:30:00"	"2024-11-29"	"Thurles"	"Prince Of Air (FR)"	"4.50"	"6.2"	"Handicap Chase"	"1"	"13"	"Harvey, A"	"Coakley, Charles"
"11:55:00"	"2024-11-29"	"Doncaster"	"Rivers Corner"	"10.00"	"11.33"	"Handicap Hurdle"	"RO"	"9"	"Gale, Miss Elizabeth"	"Charlton, Anthony"
"15:35:00"	"2024-11-28"	"Thurles"	"Brave Troop (IRE)"	"2.75"	"4.32"	"Handicap Hurdle"	"1"	"18"	"Smith, Mr James"	"Byrnes, C"
"14:10:00"	"2024-11-28"	"Musselburgh"	"Benefit Ben (IRE)"	"25.00"	"42.44"	"Handicap Hurdle"	"9"	"10"	"McMenamin, Daniel"	"Nicol, Adam"
"13:25:00"	"2024-11-28"	"Taunton"	"Reforme (IRE)"	"100.00"	"402.55"	"Handicap Hurdle"	"7"	"11"	"Noonan, David G"	"Gretton, T R "
"13:25:00"	"2024-11-28"	"Taunton"	"I Am Spider Man (IRE)"	"100.00"	"382.93"	"Handicap Hurdle"	"10"	"11"	"Mathias, Imogen"	"Thorpe, Mrs A M"
"13:10:00"	"2024-11-28"	"Lingfield"	"Solid Silver"	"9.00"	"17.49"	"Maiden Hurdle"	"5"	"9"	"Twiston-Davies, Sam"	"Newland, Dr R D P"
"13:00:00"	"2024-11-28"	"Musselburgh"	"Mariner (IRE)"	"12.00"	"17.5"	"Maiden Hurdle"	"4"	"8"	"Quinlan, Sean"	"Candlish, Jennie"
"13:00:00"	"2024-11-28"	"Musselburgh"	"Saviour (IRE)"	"14.00"	"19.67"	"Maiden Hurdle"	"6"	"8"	"Brooke, Henry"	"Greenall, O / Guerriero, J"
"12:15:00"	"2024-11-28"	"Taunton"	"Native Moon (IRE)"	"5.50"	"7.4"	"Handicap Novices Hurdle"	"2"	"10"	"Williams, Lorcan"	"Scott, J"
"16:25:00"	"2024-11-27"	"Dundalk"	"Noble Expression"	"100.00"	"309.58"	"Handicap"	"2"	"11"	"Roche, L F"	"Kingston, G A"
"15:25:00"	"2024-11-27"	"Dundalk"	"Cousin Shay"	"3.50"	"5.8"	"Handicap"	"1"	"14"	"Lordan, W M"	"Lupini, Miss Natalia"
"15:25:00"	"2024-11-27"	"Dundalk"	"Roderick"	"33.00"	"61.05"	"Handicap"	"12"	"14"	"McGettigan, P"	"Sweeney, P"
"15:10:00"	"2024-11-27"	"Hereford"	"Doyen Magic (IRE)"	"11.00"	"17.55"	"Handicap Hurdle"	"7"	"8"	"McLernon, R P"	"ONeill, Jonjo and AJ"
"14:45:00"	"2024-11-27"	"Wetherby"	"Senor Lombardy (IRE)"	"20.00"	"23.81"	"Handicap Chase"	"2"	"9"	"Rabbitt, Mr C"	"Richards, N G"
"14:45:00"	"2024-11-27"	"Wetherby"	"Rostello (FR)"	"66.00"	"113.59"	"Handicap Chase"	"7"	"9"	"Scott, Luke"	"Barclay, Stella"
"14:18:00"	"2024-11-27"	"Dundalk"	"Star Mind"	"12.00"	"14.34"	"Handicap"	"13"	"14"	"McDonogh, D P"	"Bunyan, Darren / OLeary, G"
"13:35:00"	"2024-11-27"	"Wetherby"	"Magical Annie (IRE)"	"6.50"	"17.03"	"Novices Hurdle"	"4"	"8"	"Woods, K K"	"OBrien, Fergal"
"13:15:00"	"2024-11-27"	"Market Rasen"	"Knocknagappagh (IRE)"	"16.00"	"19.98"	"Handicap Novices Chase"	"PU"	"10"	"Hammond, Charlie"	"Edmunds, Stuart"
"12:25:00"	"2024-11-27"	"Wetherby"	"Rukaana"	"8.00"	"13.94"	"Maiden Hurdle"	"3"	"6"	"Dunne, R T"	"ONeill, Jonjo and AJ"
"12:05:00"	"2024-11-27"	"Market Rasen"	"Elite Etoile"	"125.00"	"679.24"	"Novices Hurdle"	"6"	"6"	"Maggs, Mr William"	"Sowersby, M E"
"15:00:00"	"2024-11-26"	"Sedgefield"	"Beat The Edge (IRE)"	"18.00"	"25"	"Handicap Chase"	"2"	"8"	"Hughes, Brian"	"Hammond, Micky"
"14:10:00"	"2024-11-26"	"Southwell"	"Born In The West (IRE)"	"12.00"	"16.24"	"Maiden Hurdle"	"5"	"8"	"England, Jonathan"	"England, Sam"
"14:10:00"	"2024-11-26"	"Southwell"	"King Ulanda (IRE)"	"2.25"	"3.7"	"Maiden Hurdle"	"6"	"8"	"Brooke, Henry"	"Greenall, O / Guerriero, J"
"13:25:00"	"2024-11-26"	"Sedgefield"	"Detective"	"33.00"	"41.39"	"Handicap Hurdle"	"PU"	"13"	"Kavanagh, Peter J"	"Slack, Miss Miss A M"
"13:15:00"	"2024-11-26"	"Tramore"	"Sweet Chestnut (IRE)"	"200.00"	"1000"	"Maiden Hurdle"	"11"	"13"	"Doyle, R A"	"Deacon, D"
"12:35:00"	"2024-11-26"	"Southwell"	"Nowinittowinit (IRE)"	"40.00"	"49.97"	"Handicap Chase"	"PU"	"6"	"Anderson, Mr A"	"Bedi, Miss J"
"13:45:00"	"2024-11-25"	"Ludlow"	"Broomfield Gale (IRE)"	"18.00"	"23.68"	"Handicap Novices Hurdle"	"3"	"10"	"David, Mr Robbie"	"Hitchins, Daisy"
"13:45:00"	"2024-11-25"	"Ludlow"	"Malago Rose (IRE)"	"1.88"	"3.28"	"Handicap Novices Hurdle"	"5"	"10"	"Best, J A"	"Mulholland, N P"
"13:30:00"	"2024-11-25"	"Kempton"	"Leave Of Absence (FR)"	"11.00"	"14.39"	"Beginners Chase"	"2"	"4"	"Twiston-Davies, Sam"	"Honeyball, A J"
"12:45:00"	"2024-11-25"	"Ludlow"	"Rascallion (FR)"	"11.00"	"13.8"	"Maiden Hurdle"	"2"	"8"	"Deutsch, Charlie"	"Burke, Kieran"
"12:45:00"	"2024-11-25"	"Ludlow"	"Arkendale"	"40.00"	"100"	"Maiden Hurdle"	"7"	"8"	"Best, J A"	"Davies, Miss Sarah-Jayne"
"15:40:00"	"2024-11-24"	"Uttoxeter"	"Pottersjetamay (IRE)"	"11.00"	"13.4"	"Handicap Novices Hurdle"	"5"	"5"	"Quinlan, Jack"	"Crawley, Matt"
"14:35:00"	"2024-11-24"	"Uttoxeter"	"What A Time (IRE)"	"125.00"	"180"	"Handicap Chase"	"PU"	"8"	"Best, J A"	"Davies, Miss Sarah-Jayne"
"12:50:00"	"2024-11-24"	"Uttoxeter"	"Alexandra Larose (IRE)"	"7.00"	"10.7"	"Novices Hurdle"	"7"	"10"	"Bowen, Sean P"	"Murphy, Olly"
"12:05:00"	"2024-11-24"	"Punchestown"	"Flemensface (IRE)"	"28.00"	"55"	"Maiden Hurdle"	"6"	"12"	"Doyle, R A"	"Griffin, Eoin"
"20:25:00"	"2024-11-23"	"Wolverhampton"	"Gallant Lion"	"14.00"	"16.66"	"Handicap"	"11"	"13"	"Kingscote, Richard"	"Williams, Ian"
"19:55:00"	"2024-11-23"	"Wolverhampton"	"Banderas (IRE)"	"33.00"	"53.15"	"Handicap"	"10"	"10"	"England, Jonathan"	"England, Sam"
"19:10:00"	"2024-11-23"	"Newcastle"	"Mattice"	"12.00"	"17.94"	"Handicap"	"2"	"12"	"Burns, Harry"	"McInnes, I W"
"19:10:00"	"2024-11-23"	"Newcastle"	"Brazilian Rose (IRE)"	"20.00"	"22.37"	"Handicap"	"10"	"12"	"Jakes, Tommie"	"Menzies, Rebecca"
"18:55:00"	"2024-11-23"	"Wolverhampton"	"Nazron (IRE)"	"16.00"	"23"	"Handicap"	"10"	"10"	"Ghiani, Marco"	"Furtado, Ivan"
"18:25:00"	"2024-11-23"	"Wolverhampton"	"Aim For The Bull (IRE)"	"6.50"	"8.2"	"Handicap Nursery"	"7"	"11"	"Shoemark, Kieran"	"Murphy, Mike"
"16:55:00"	"2024-11-23"	"Wolverhampton"	"Toophan (IRE)"	"6.00"	"9.5"	"Handicap"	"5"	"9"	"Probert, David"	"Freire, Raphael"
"16:10:00"	"2024-11-23"	"Newcastle"	"Royal Zabeel (IRE)"	"8.50"	"9.6"	"Handicap"	"2"	"12"	"Rawlinson, Ali"	"Appleby, M"
"15:25:00"	"2024-11-23"	"Punchestown"	"Shesakindofmagic (IRE)"	"66.00"	"161.67"	"NH Flat"	"2"	"8"	"OConnor, Miss A B"	"McCann, Anthony"
"15:20:00"	"2024-11-23"	"Ascot"	"Marvel De Cerisy (FR)"	"4.50"	"6.25"	"Handicap Chase"	"6"	"8"	"Reveley, James"	"Zetterholm, N & A"
"14:50:00"	"2024-11-23"	"Punchestown"	"Connors Cross (IRE)"	"33.00"	"67.34"	"Handicap Hurdle"	"12"	"19"	"Kelly, T Joseph"	"Cooper, Thomas"
"13:58:00"	"2024-11-23"	"Huntingdon"	"Tune The Chello (IRE)"	"28.00"	"32.14"	"Handicap Chase"	"4"	"6"	"Harrison, Liam"	"Lee, Miss Kerry"
"13:50:00"	"2024-11-23"	"Haydock"	"Lieutenant Command (FR)"	"150.00"	"283.57"	"Chase"	"PU"	"6"	"Reed, Harry"	"Reed, W T"
"13:23:00"	"2024-11-23"	"Huntingdon"	"Jackstell (FR)"	"4.00"	"6.79"	"Maiden Hurdle"	"2"	"7"	"Bass, David"	"Snowden, Jamie"
"13:23:00"	"2024-11-23"	"Huntingdon"	"Ramaah"	"125.00"	"802.71"	"Maiden Hurdle"	"4"	"7"	"Houlihan, Sean M"	"Davies, Miss Sarah-Jayne"
"12:15:00"	"2024-11-23"	"Huntingdon"	"Saladins Son (IRE)"	"0.80"	"1.87"	"Maiden Hurdle"	"1"	"3"	"Godfrey, Ben"	"Honeyball, A J"
"12:00:00"	"2024-11-23"	"Punchestown"	"Butch Cassidy (IRE)"	"3.00"	"4.76"	"Maiden Hurdle"	"1"	"14"	"OKeeffe, Darragh"	"Bromhead, Henry De"
"11:30:00"	"2024-11-23"	"Punchestown"	"Quite Content (IRE)"	"200.00"	"1000"	"Maiden Hurdle"	"PU"	"21"	"Burke-Ott, Mr L"	"Ott, Alexander"
"18:15:00"	"2024-11-22"	"Newcastle"	"Kit Gabriel (IRE)"	"12.00"	"15.43"	"Handicap"	"6"	"8"	"Jary, Alex"	"Spencer, Seb"
"18:00:00"	"2024-11-22"	"Dundalk"	"Ransom"	"40.00"	"75.48"	"Non-Handicap"	"10"	"10"	"McAteer, L T"	"Sweeney, P"
"17:45:00"	"2024-11-22"	"Newcastle"	"Ravenswing (IRE)"	"125.00"	"310"	"Handicap"	"10"	"11"	"Elliott, Andrew"	"Barclay, Stella"
"16:40:00"	"2024-11-22"	"Newcastle"	"Transfuse (IRE)"	"80.00"	"134.12"	"Novices"	"9"	"12"	"Eaves, Tom"	"Russell, Miss Lucinda V"
"15:59:00"	"2024-11-22"	"Chepstow"	"Peace Motivator"	"33.00"	"55"	"NH Flat"	"12"	"13"	"Pritchard, Mr Callum"	"Thorpe, Mrs A M"
"15:39:00"	"2024-11-22"	"Newcastle"	"Dundory (IRE)"	"40.00"	"76.57"	"Handicap"	"12"	"12"	"Brookes, Aiden"	"Hammond, Micky"
"15:25:00"	"2024-11-22"	"Chepstow"	"Imperial Storm (IRE)"	"100.00"	"478.54"	"Handicap Hurdle"	"13"	"17"	"Shaw, Mr James"	"Gardner, Mrs S"
"15:25:00"	"2024-11-22"	"Chepstow"	"It Could Be You (IRE)"	"125.00"	"720.5"	"Handicap Hurdle"	"15"	"17"	"Poste, Ben J"	"Ellam, Clare"
"14:32:00"	"2024-11-22"	"Tipperary"	"Lily Of Dromard (IRE)"	"33.00"	"67.14"	"Handicap Hurdle"	"14"	"18"	"Roche, T P"	"Rothwell, P J"
"13:57:00"	"2024-11-22"	"Tipperary"	"Mickie Angel (IRE)"	"3.00"	"4.6"	"Handicap Novices Hurdle"	"4"	"15"	"Donoghue, K M"	"Cromwell, Gavin Patrick"
"13:57:00"	"2024-11-22"	"Tipperary"	"Diamond Duke (IRE)"	"20.00"	"25"	"Handicap Novices Hurdle"	"9"	"15"	"Shinnick, J P"	"OBrien, Terence"
"13:30:00"	"2024-11-22"	"Ascot"	"Nothing To Sea (GER)"	"7.50"	"10.21"	"Hurdle"	"4"	"6"	"OSullivan, Mr M J M"	"Zetterholm, N & A"
"12:47:00"	"2024-11-22"	"Tipperary"	"My Good Pal (IRE)"	"40.00"	"66.68"	"Handicap Hurdle"	"6"	"19"	"Buckley, Kieran"	"Cromwell, Gavin Patrick"
"12:40:00"	"2024-11-22"	"Catterick"	"Game Management"	"16.00"	"21.92"	"Hurdle"	"1"	"7"	"Hughes, Brian"	"Quinlan, Elizabeth"
"12:30:00"	"2024-11-22"	"Chepstow"	"Devon Blue (IRE)"	"200.00"	"680"	"Maiden Hurdle"	"12"	"13"	"Dingle, Rex"	"Scott, J"
"12:12:00"	"2024-11-22"	"Tipperary"	"French Hill (IRE)"	"2.00"	"3.15"	"Maiden Hurdle"	"2"	"13"	"Donoghue, K M"	"Cromwell, Gavin Patrick"
"12:12:00"	"2024-11-22"	"Tipperary"	"Catchabird (IRE)"	"28.00"	"42.33"	"Maiden Hurdle"	"4"	"13"	"Kelly, Aidan"	"Connell, Sarah"
"20:30:00"	"2024-11-21"	"Southwell"	"Shalaa Asker"	"28.00"	"44.21"	"Handicap"	"11"	"11"	"Mason, Joanna"	"Wallis, Charlie"
"20:15:00"	"2024-11-21"	"Wolverhampton"	"Mamdoh"	"3.00"	"4.3"	"Handicap"	"4"	"10"	"Ghiani, Marco"	"Parr, Joseph"
"18:10:00"	"2024-11-21"	"Wolverhampton"	"Stella Hogan (IRE)"	"1.75"	"3"	"Handicap"	"5"	"11"	"Bowen, S D"	"Appleby, M"
"18:00:00"	"2024-11-21"	"Southwell"	"Hibernate (IRE)"	"11.00"	"17"	"Novices"	"7"	"9"	"Mason, Joanna"	"Dunlop, E A L"
"15:58:00"	"2024-11-21"	"Wincanton"	"Dirty Den"	"4.00"	"6.56"	"Handicap Hurdle"	"6"	"7"	"Cobden, Harry"	"Charlton, Anthony"
"14:50:00"	"2024-11-21"	"Wincanton"	"Pyffo (IRE)"	"2.50"	"3.5"	"Handicap Hurdle"	"3"	"5"	"Obrien, P V"	"Derham, Harry"
"13:00:00"	"2024-11-21"	"Lingfield"	"Alfa Moonstone"	"28.00"	"40"	"Handicap"	"9"	"10"	"Clutterbuck, Rhys"	"Cassidy, Stephanie"
"12:23:00"	"2024-11-21"	"Warwick"	"Tashan"	"2.25"	"3.88"	"Hurdle"	"1"	"7"	"Bellamy, Tom"	"Lavelle, Miss E C"
"20:00:00"	"2024-11-20"	"Kempton"	"Power Of Destiny"	"2.75"	"3.84"	"Handicap"	"1"	"8"	"Kingscote, Richard"	"Beckett, R M"
"17:00:00"	"2024-11-20"	"Kempton"	"Dantes Lad (IRE)"	"1.50"	"2.64"	"Handicap Nursery"	"1"	"5"	"Loughnane, Mr Billy"	"Boughey, George"
"17:00:00"	"2024-11-20"	"Kempton"	"Montpellier Green (IRE)"	"10.00"	"14.06"	"Handicap Nursery"	"4"	"5"	"Hogan, D E"	"Jones, Jack"
"16:30:00"	"2024-11-20"	"Kempton"	"Willy Campbell (IRE)"	"5.00"	"6.45"	"Handicap"	"6"	"12"	"Doughty, Jack"	"Davis, D J S Ffrench"
"16:10:00"	"2024-11-20"	"Dundalk"	"Miss Abby Jools (IRE)"	"16.00"	"21.56"	"Handicap"	"2"	"14"	"Whelan, R P"	"Doyle, Timothy"
"16:10:00"	"2024-11-20"	"Dundalk"	"Agia (IRE)"	"28.00"	"51.94"	"Handicap"	"11"	"14"	"Burns, Ms N"	"Flynn, Paul W"
"15:54:00"	"2024-11-20"	"Warwick"	"Ikarak (FR)"	"1.25"	"2.15"	"Handicap Hurdle"	"1"	"8"	"Bowen, Sean P"	"Murphy, Olly"
"15:35:00"	"2024-11-20"	"Dundalk"	"Fox Island"	"33.00"	"135.43"	"Maiden"	"7"	"10"	"Mulligan, R M"	"Kingston, G A"
"13:50:00"	"2024-11-20"	"Dundalk"	"Atbay (IRE)"	"16.00"	"21.95"	"Handicap"	"8"	"14"	"Mulligan, R M"	"Kingston, G A"
"13:50:00"	"2024-11-20"	"Dundalk"	"Butterfly Bush (IRE)"	"40.00"	"69.49"	"Handicap"	"10"	"14"	"Ryan, J J G"	"McConville, Stephen"
"13:50:00"	"2024-11-20"	"Dundalk"	"Gianh River (IRE)"	"50.00"	"90.88"	"Handicap"	"14"	"14"	"Cleary, R P"	"Melia, Aidan"
"13:15:00"	"2024-11-20"	"Dundalk"	"Argent Rapide (IRE)"	"150.00"	"877.94"	"Maiden"	"10"	"10"	"Sheridan, J M"	"McCann, Anthony"
"12:15:00"	"2024-11-20"	"Ffos Las"	"Edmond"	"14.00"	"25.2"	"Maiden Hurdle"	"5"	"14"	"Burke, Jonathan"	"Williams, Miss Venetia"
"15:25:00"	"2024-11-19"	"Lingfield"	"Ashford Hill"	"125.00"	"503.82"	"Handicap"	"1"	"11"	"Chalmers, Isobelle"	"Davis, D J S Ffrench"
"15:25:00"	"2024-11-19"	"Lingfield"	"Serenity Rose (IRE)"	"16.00"	"23"	"Handicap"	"6"	"11"	"Morris, Luke"	"Morland, Jack"
"15:25:00"	"2024-11-19"	"Lingfield"	"Shot Of Love"	"33.00"	"43.16"	"Handicap"	"9"	"11"	"Bradley, Paddy"	"Attwater, M J"
"15:15:00"	"2024-11-19"	"Carlisle"	"Ritson (IRE)"	"50.00"	"61.3"	"Handicap Chase"	"PU"	"11"	"Gillard, Mr T"	"Bailey, Liam"
"15:05:00"	"2024-11-19"	"Fakenham"	"Order Of Progress"	"50.00"	"95"	"Maiden Hurdle"	"3"	"6"	"Carver, Bryan"	"Allan, Miss Louise"
"15:05:00"	"2024-11-19"	"Fakenham"	"Milan Milos (IRE)"	"16.00"	"25.22"	"Maiden Hurdle"	"5"	"6"	"Noonan, David G"	"Gretton, T R "
"14:50:00"	"2024-11-19"	"Lingfield"	"Big Time Rascal"	"40.00"	"133.39"	"Novices"	"3"	"4"	"Bradley, Paddy"	"Attwater, M J"
"14:50:00"	"2024-11-19"	"Lingfield"	"Elegant Call (IRE)"	"2.50"	"3.62"	"Novices"	"4"	"4"	"Morris, Luke"	"Appleby, M"
"13:45:00"	"2024-11-19"	"Limerick"	"Glenmalure Flyer (IRE)"	"22.00"	"35.37"	"Handicap Hurdle"	"10"	"11"	"Moore, Niall"	"Nagle, D P"
"13:40:00"	"2024-11-19"	"Lingfield"	"Crystal Mariner (IRE)"	"14.00"	"17.3"	"Handicap"	"6"	"9"	"Carver, William"	"Osborne, J A"
"13:10:00"	"2024-11-19"	"Lingfield"	"Saturnalia (GER)"	"28.00"	"33.13"	"Handicap"	"6"	"9"	"Morris, Luke"	"Moore, J S"
"13:03:00"	"2024-11-19"	"Carlisle"	"Orkney Blue"	"14.00"	"29"	"Maiden Hurdle"	"4"	"11"	"Lynn, Bruce"	"Alexander, N W"
"13:03:00"	"2024-11-19"	"Carlisle"	"Monty Bodkin (IRE)"	"1.88"	"3.5"	"Maiden Hurdle"	"6"	"11"	"Woods, K K"	"ONeill, Jonjo and AJ"
"12:45:00"	"2024-11-19"	"Limerick"	"Somerset Hill (IRE)"	"200.00"	"1000"	"Maiden Hurdle"	"11"	"14"	"Shinnick, J P"	"Flynn, Leonard"
"12:40:00"	"2024-11-19"	"Lingfield"	"Devasboy"	"6.50"	"8.91"	"Handicap"	"4"	"12"	"Marsh, Finley"	"Appleby, M"
"12:00:00"	"2024-11-19"	"Carlisle"	"Don Brocco"	"7.50"	"9.78"	"Handicap Hurdle"	"6"	"9"	"Lynn, Bruce"	"Rutherford, Gary"
"20:30:00"	"2024-11-18"	"Wolverhampton"	"Ocean Ridge"	"3.50"	"5.59"	"Handicap"	"6"	"10"	"Loughnane, Mr Billy"	"Faulkner, T"
"20:15:00"	"2024-11-18"	"Southwell"	"Ormolulu (IRE)"	"5.00"	"7.6"	"Handicap"	"3"	"10"	"Muscutt, D"	"Tutty, Gemma"
"20:15:00"	"2024-11-18"	"Southwell"	"War Memorial"	"22.00"	"31"	"Handicap"	"7"	"10"	"Elliott, Andrew"	"Furtado, Ivan"
"19:00:00"	"2024-11-18"	"Wolverhampton"	"Ravensbourne"	"16.00"	"26.45"	"Handicap"	"10"	"11"	"Keenan, Darragh"	"Kobeissi, Hilal"
"18:00:00"	"2024-11-18"	"Wolverhampton"	"Qaaeadd (IRE)"	"125.00"	"276.69"	"Novices"	"8"	"10"	"Hart, Jason"	"Attwater, P"
"17:45:00"	"2024-11-18"	"Southwell"	"Northern Cracksman"	"33.00"	"43.28"	"Handicap"	"5"	"11"	"Jary, Alex"	"Mullaney, L A"
"17:45:00"	"2024-11-18"	"Southwell"	"Honrado"	"14.00"	"17.88"	"Handicap"	"10"	"11"	"Carson, William"	"Carroll, A W"
"13:50:00"	"2024-11-18"	"Plumpton"	"Sea Invasion (IRE)"	"1.00"	"2.02"	"Handicap Novices Chase"	"2"	"3"	"Dingle, Rex"	"Honeyball, A J"
"13:40:00"	"2024-11-18"	"Leicester"	"Scotch On Da Rocks (IRE)"	"33.00"	"65.61"	"Maiden Hurdle"	"6"	"12"	"Davis, D P"	"Greatrex, W J"
"13:10:00"	"2024-11-18"	"Leicester"	"Remarkable Flight (IRE)"	"1.75"	"2.68"	"Maiden Hurdle"	"2"	"4"	"Quinlan, Sean"	"Candlish, Jennie"
"13:10:00"	"2024-11-18"	"Leicester"	"I Love Paris (IRE)"	"2.50"	"4.24"	"Maiden Hurdle"	"REF"	"4"	"Carver, Bryan"	"Honour, Chris"
"12:40:00"	"2024-11-18"	"Leicester"	"Arctic Saint (IRE)"	"4.00"	"6.16"	"Handicap Hurdle"	"3"	"10"	"Ward, Christopher"	"Cole, Miss D"
"15:50:00"	"2024-11-17"	"Fontwell"	"Whynotnowroy (IRE)"	"1.50"	"2.92"	"Handicap Novices Hurdle"	"2"	"10"	"Bowen, James C"	"Mulholland, N P"
"15:50:00"	"2024-11-17"	"Fontwell"	"Katopop (IRE)"	"50.00"	"75"	"Handicap Novices Hurdle"	"PU"	"10"	"Best, J A"	"Charlton, Anthony"
"15:30:00"	"2024-11-17"	"Cheltenham"	"Teddy Blue (GER)"	"9.00"	"11.83"	"Handicap Hurdle"	"13"	"15"	"Obrien, P V"	"Derham, Harry"
"14:20:00"	"2024-11-17"	"Cheltenham"	"Third Time Lucki (IRE)"	"12.00"	"14.28"	"Handicap Chase"	"2"	"4"	"Burke, Jonathan"	"OBrien, Fergal"
"13:10:00"	"2024-11-17"	"Cheltenham"	"Maghlaak"	"14.00"	"16.83"	"Maiden Hurdle"	"4"	"4"	"Hughes, Brian"	"Keatley, Adrian Paul"
"12:45:00"	"2024-11-17"	"Navan"	"Giant Haystacks (IRE)"	"25.00"	"37.52"	"Handicap Hurdle"	"4"	"23"	"Harney, T P"	"OSullivan, Ross"
"12:45:00"	"2024-11-17"	"Navan"	"Important Message"	"100.00"	"390"	"Handicap Hurdle"	"17"	"23"	"Kearney, J"	"Kingston, G A"
"11:35:00"	"2024-11-17"	"Navan"	"Wendrock (FR)"	"4.50"	"6.4"	"Maiden Hurdle"	"3"	"11"	"Kennedy, J W"	"Elliott, Gordon"
"11:35:00"	"2024-11-17"	"Navan"	"Miss Gitana (IRE)"	"18.00"	"28.72"	"Maiden Hurdle"	"7"	"11"	"Ewing, Sam"	"Elliott, Gordon"
"20:30:00"	"2024-11-16"	"Wolverhampton"	"Currumbin (IRE)"	"10.00"	"13.67"	"Handicap"	"3"	"8"	"Bowen, S D"	"Kobeissi, Hilal"
"19:30:00"	"2024-11-16"	"Wolverhampton"	"Prefer The Sister (IRE)"	"28.00"	"45.88"	"Handicap"	"9"	"11"	"Peate, Jonny"	"Crawley, Matt"
"18:18:00"	"2024-11-16"	"Newcastle"	"Kraken Diamond (IRE)"	"28.00"	"32.23"	"Handicap"	"8"	"8"	"Waugh, Amie"	"Goldie, J S"
"17:30:00"	"2024-11-16"	"Wolverhampton"	"Jane Garfield (IRE)"	"28.00"	"42.97"	"Handicap Nursery"	"4"	"12"	"Keniry, L P"	"Moore, J S"
"16:18:00"	"2024-11-16"	"Newcastle"	"Mile By Mile"	"200.00"	"670"	"Novices"	"5"	"7"	"James, S H"	"Scott, Miss Katie"
"15:43:00"	"2024-11-16"	"Navan"	"Minella Post"	"4.00"	"6.16"	"NH Flat"	"3"	"11"	"Buckley, Mr Finn"	"Gibney, Thomas"
"15:43:00"	"2024-11-16"	"Navan"	"The Lookout Man (IRE)"	"4.00"	"6.22"	"NH Flat"	"4"	"11"	"Queally, Mr D L"	"Queally, Declan"
"15:38:00"	"2024-11-16"	"Uttoxeter"	"John Barbour"	"4.50"	"6.59"	"NH Flat"	"1"	"8"	"Hogan, Mr J"	"OBrien, Fergal"
"15:20:00"	"2024-11-16"	"Wetherby"	"Clonguile Way (IRE)"	"66.00"	"103.33"	"Handicap Chase"	"3"	"4"	"Rabbitt, Mr C"	"Crook, A"
"15:15:00"	"2024-11-16"	"Newcastle"	"Platoon (IRE)"	"66.00"	"126.85"	"Non-Handicap"	"10"	"10"	"Mulrennan, Paul"	"Barclay, Stella"
"14:45:00"	"2024-11-16"	"Wetherby"	"Rewired"	"14.00"	"16.31"	"Handicap Hurdle"	"4"	"6"	"Reed, Harry"	"Davidson, Tristan"
"14:20:00"	"2024-11-16"	"Cheltenham"	"Madara (FR)"	"16.00"	"16.27"	"Handicap Chase"	"4"	"15"	"Durrell, Mr T"	"Skelton, Daniel"
"14:20:00"	"2024-11-16"	"Cheltenham"	"Imagine (FR)"	"6.00"	"8.56"	"Handicap Chase"	"PU"	"15"	"Obrien, P V"	"Derham, Harry"
"13:53:00"	"2024-11-16"	"Uttoxeter"	"Omaha Wish (FR)"	"40.00"	"80.17"	"Handicap Chase"	"5"	"6"	"Todd, C J"	"Allwood, S"
"13:25:00"	"2024-11-16"	"Navan"	"Milo Lises (FR)"	"125.00"	"310"	"Novices Hurdle"	"6"	"7"	"Flanagan, S W"	"Kelly, David Harry"
"12:35:00"	"2024-11-16"	"Cheltenham"	"Moutarde (IRE)"	"28.00"	"48"	"Hurdle"	"4"	"10"	"Sheehan, Gavin"	"Charlton, Anthony"
"12:27:00"	"2024-11-16"	"Wetherby"	"Bold Reaction (FR)"	"9.00"	"10"	"Handicap Novices Chase"	"3"	"4"	"Dunne, R T"	"Pogson, Charles and Adam"
"20:30:00"	"2024-11-15"	"Wolverhampton"	"American Fashion"	"20.00"	"27.74"	"Handicap"	"8"	"10"	"Winn, Mark"	"OMeara, D"
"20:15:00"	"2024-11-15"	"Dundalk"	"Small Bucks (IRE)"	"50.00"	"65.63"	"Handicap"	"9"	"10"	"Roche, L F"	"Breen, Leanne"
"19:00:00"	"2024-11-15"	"Wolverhampton"	"Risen Again (FR)"	"7.00"	"8.2"	"Handicap"	"6"	"8"	"Levey, S M"	"Haynes, Alice"
"18:30:00"	"2024-11-15"	"Wolverhampton"	"Kingwood Queen (FR)"	"14.00"	"17.72"	"Handicap"	"6"	"10"	"Loughnane, Mr Billy"	"Teal, R A"
"17:15:00"	"2024-11-15"	"Dundalk"	"Army Of India (IRE)"	"20.00"	"30.35"	"Handicap"	"10"	"14"	"Carroll, G F"	"OSullivan, Ross"
"17:15:00"	"2024-11-15"	"Dundalk"	"May Night"	"25.00"	"39.04"	"Handicap"	"11"	"14"	"Kennedy, K G"	"Duffy, S M"
"17:00:00"	"2024-11-15"	"Wolverhampton"	"Alfheim (IRE)"	"22.00"	"35.48"	"Handicap"	"10"	"10"	"Daly, Mr Frederick"	"Boughey, George"
"15:52:00"	"2024-11-15"	"Southwell"	"Caughtinaspell (IRE)"	"100.00"	"338.07"	"Handicap Novices Hurdle"	"PU"	"8"	"Quinlan, Jack"	"Coulson, Jake Thomas"
"15:18:00"	"2024-11-15"	"Southwell"	"Barrons Land (IRE)"	"4.50"	"6.39"	"Handicap Hurdle"	"9"	"9"	"McCain-Mitchell, Toby"	"Horsfall, Miss L"
"14:00:00"	"2024-11-15"	"Punchestown"	"La Tulipe Noire (IRE)"	"200.00"	"1000"	"Maiden Hurdle"	"10"	"18"	"Brouder, Gavin"	"King, Aengus"
"13:10:00"	"2024-11-15"	"Cheltenham"	"Zacony Rebel (IRE)"	"150.00"	"912.05"	"Handicap Hurdle"	"14"	"16"	"Turner, James"	"Davies, Miss Sarah-Jayne"
"12:58:00"	"2024-11-15"	"Southwell"	"Easter Junction (IRE)"	"1.63"	"2.76"	"Handicap Novices Chase"	"2"	"4"	"Brace, Mr J"	"Twiston-Davies, N A"
"19:30:00"	"2024-11-14"	"Chelmsford City"	"Roach Power (IRE)"	"28.00"	"37.69"	"Handicap"	"8"	"9"	"Keenan, Darragh"	"Wigham, M"
"19:30:00"	"2024-11-14"	"Chelmsford City"	"Shes Centimental (USA)"	"8.50"	"10.79"	"Handicap"	"9"	"9"	"Ryan, Rossa"	"Appleby, M"
"18:30:00"	"2024-11-14"	"Chelmsford City"	"Cuban Lynx"	"3.33"	"4.91"	"Handicap Nursery"	"8"	"10"	"Loughnane, Mr Billy"	"Appleby, M"
"15:25:00"	"2024-11-14"	"Taunton"	"Chabadatika (FR)"	"22.00"	"37.22"	"Handicap Hurdle"	"1"	"6"	"Dingle, Rex"	"Charlton, Anthony"
"15:00:00"	"2024-11-14"	"Sedgefield"	"Supreme Authority (FR)"	"150.00"	"606.51"	"Handicap Novices Hurdle"	"4"	"12"	"McMenamin, Daniel"	"Grant, C"
"15:00:00"	"2024-11-14"	"Sedgefield"	"Mystic Man (IRE)"	"40.00"	"72.35"	"Handicap Novices Hurdle"	"PU"	"12"	"England, Jonathan"	"Potter, R D"
"15:00:00"	"2024-11-14"	"Sedgefield"	"Sefton Warrior"	"100.00"	"338.33"	"Handicap Novices Hurdle"	"RR"	"12"	"Austin, Edward"	"McMahon, H"
"14:40:00"	"2024-11-14"	"Market Rasen"	"Mr Sundancer"	"11.00"	"13.9"	"Handicap Hurdle"	"6"	"6"	"Hamilton, Jamie"	"Walford, Mark"
"13:40:00"	"2024-11-14"	"Taunton"	"Astro Babe"	"40.00"	"110"	"Novices Hurdle"	"PU"	"4"	"Best, J A"	"Blake, Michael"
"13:15:00"	"2024-11-14"	"Sedgefield"	"Natural Ability (IRE)"	"3.00"	"4.3"	"Handicap Novices Chase"	"1"	"7"	"McMenamin, Daniel"	"Grant, C"
"12:40:00"	"2024-11-14"	"Sedgefield"	"Jailbird (IRE)"	"28.00"	"46"	"Hurdle"	"PU"	"8"	"Chapman, Ross"	"Collier, Tjade"
"20:00:00"	"2024-11-13"	"Southwell"	"Socialise (IRE)"	"3.00"	"4.52"	"Handicap"	"3"	"10"	"Larson, Frederick"	"Appleby, M"
"16:30:00"	"2024-11-13"	"Southwell"	"I Can Imagine (IRE)"	"8.50"	"12.37"	"Novices"	"7"	"11"	"Hogan, D E"	"Jones, Jack"
"15:50:00"	"2024-11-13"	"Lingfield"	"Alshimali (IRE)"	"28.00"	"41.88"	"Handicap"	"6"	"12"	"Lee, Clifford"	"Carroll, A W"
"14:50:00"	"2024-11-13"	"Ayr"	"Highly Recommended"	"8.50"	"11.97"	"Handicap Hurdle"	"F"	"8"	"McMenamin, Daniel"	"Sayer, Mrs Dianne"
"14:50:00"	"2024-11-13"	"Ayr"	"Fugitives Drift (IRE)"	"80.00"	"146.73"	"Handicap Hurdle"	"PU"	"8"	"Brown, Miss Lucy"	"Rutherford, Gary"
"14:30:00"	"2024-11-13"	"Dundalk"	"Signor Ferrari (IRE)"	"40.00"	"102.79"	"Claimer"	"8"	"13"	"Crosse, Nathan"	"Murphy, P J F"
"14:30:00"	"2024-11-13"	"Dundalk"	"Super Over (IRE)"	"33.00"	"65"	"Claimer"	"13"	"13"	"OConnor, Donagh"	"Davis, Sean"
"13:55:00"	"2024-11-13"	"Bangor"	"Aotano (GER)"	"8.00"	"11.3"	"Hurdle"	"5"	"7"	"Hughes, Brian"	"McCain Jnr, D"
"13:45:00"	"2024-11-13"	"Ayr"	"Blazing Court (IRE)"	"16.00"	"16.98"	"Handicap Hurdle"	"6"	"10"	"Dixon, John"	"Dixon, J E"
"13:45:00"	"2024-11-13"	"Ayr"	"Cest Quelquun (FR)"	"80.00"	"198.83"	"Handicap Hurdle"	"9"	"10"	"Rabbitt, Mr C"	"Hamilton, A B"
"12:25:00"	"2024-11-13"	"Bangor"	"Heroique De Maulde (FR)"	"16.00"	"22.15"	"Handicap Chase"	"12"	"15"	"Brooke, Henry"	"Greenall, O / Guerriero, J"
"20:30:00"	"2024-11-12"	"Southwell"	"Nibiru (IRE)"	"18.00"	"21"	"Handicap"	"4"	"7"	"Hogan, D E"	"Jones, Jack"
"20:30:00"	"2024-11-12"	"Southwell"	"Pleasant Man"	"80.00"	"138.34"	"Handicap"	"5"	"7"	"Jary, Alex"	"Mullaney, L A"
"20:30:00"	"2024-11-12"	"Southwell"	"Greysful Storm (IRE)"	"25.00"	"34.05"	"Handicap"	"7"	"7"	"Rawlinson, Ali"	"Menzies, Rebecca"
"20:00:00"	"2024-11-12"	"Southwell"	"Dashing Harry"	"12.00"	"15.82"	"Handicap"	"4"	"9"	"Farragher, Adam J"	"Horton, James"
"19:30:00"	"2024-11-12"	"Southwell"	"Shahbaz (IRE)"	"80.00"	"170"	"Handicap"	"11"	"12"	"Eaves, Tom"	"Williams, Ian"
"19:30:00"	"2024-11-12"	"Southwell"	"Court Of Session"	"80.00"	"197.34"	"Handicap"	"12"	"12"	"Morris, Luke"	"McEntee, P S"
"18:30:00"	"2024-11-12"	"Southwell"	"Cressida Wildes"	"6.00"	"8.06"	"Novices"	"3"	"10"	"Hart, Jason"	"McEntee, P S"
"17:00:00"	"2024-11-12"	"Southwell"	"Shaad"	"3.33"	"4.94"	"Handicap"	"2"	"8"	"Bowen, S D"	"Owen, J P"
"17:00:00"	"2024-11-12"	"Southwell"	"Gentle Fire"	"33.00"	"55"	"Handicap"	"7"	"8"	"Gunn, Molly"	"Carroll, A W"
"16:05:00"	"2024-11-12"	"Hereford"	"Cheskys In Milan (IRE)"	"6.50"	"9.92"	"NH Flat"	"3"	"6"	"Harrison, Liam"	"OBrien, Fergal"
"15:27:00"	"2024-11-12"	"Fairyhouse"	"Phoenix Cowboy (USA)"	"7.00"	"9.5"	"Handicap Hurdle"	"3"	"14"	"Burke-Ott, A"	"Winters, Michael"
"15:10:00"	"2024-11-12"	"Huntingdon"	"Klitschko"	"5.00"	"8.33"	"Handicap Hurdle"	"5"	"5"	"Hughes, Brian"	"Hughes, Mrs Lucinda"
"15:00:00"	"2024-11-12"	"Hereford"	"Greenways (IRE)"	"3.00"	"4.23"	"Handicap Hurdle"	"1"	"10"	"Poste, Ben J"	"Symonds, Tom"
"14:35:00"	"2024-11-12"	"Huntingdon"	"Hazard Collonges (FR)"	"50.00"	"89.84"	"Handicap Novices Chase"	"4"	"6"	"Fenelon, S"	"Hanmer, G D"
"14:00:00"	"2024-11-12"	"Huntingdon"	"Spinnova"	"22.00"	"40"	"Novices Hurdle"	"5"	"6"	"Sheehan, Gavin"	"Aprahamian, Billy"
"13:35:00"	"2024-11-12"	"Lingfield"	"Walks Like The Man (IRE)"	"4.00"	"5.71"	"Handicap Chase"	"9"	"11"	"Houlihan, Niall F"	"Moore, Gary and Josh"
"12:50:00"	"2024-11-12"	"Huntingdon"	"Stormin Crossgales (IRE)"	"3.00"	"4.13"	"Handicap Seller Hurdle"	"4"	"5"	"Todd, C J"	"Pogson, Charles and Adam"
"20:15:00"	"2024-11-11"	"Wolverhampton"	"Cooperation (IRE)"	"2.00"	"3.14"	"Handicap"	"9"	"10"	"Watson, Jason"	"Appleby, M"
"19:15:00"	"2024-11-11"	"Wolverhampton"	"Greatness Awaits (IRE)"	"9.00"	"13"	"Handicap"	"9"	"9"	"Hornby, Rob"	"Ralph, Alastair"
"18:45:00"	"2024-11-11"	"Wolverhampton"	"Arazzo (IRE)"	"18.00"	"30"	"Handicap"	"1"	"9"	"Williams, Jordan"	"Llewellyn, B J"
"16:15:00"	"2024-11-11"	"Wolverhampton"	"Polling Day (IRE)"	"33.00"	"55.73"	"Handicap"	"3"	"11"	"Williams, Jordan"	"Llewellyn, B J"
"15:25:00"	"2024-11-11"	"Kempton"	"All Under Control (IRE)"	"3.00"	"4.38"	"Handicap Novices Hurdle"	"8"	"8"	"Kimber, Harry"	"Walford, Robert"
"15:05:00"	"2024-11-11"	"Carlisle"	"Baby Chou (IRE)"	"14.00"	"19.8"	"Handicap Chase"	"6"	"8"	"England, Jonathan"	"England, Sam"
"12:45:00"	"2024-11-11"	"Kempton"	"Call Your Bluff"	"50.00"	"120"	"Novices Hurdle"	"3"	"7"	"Gillard, Fergus"	"Ellis, T"
"12:45:00"	"2024-11-11"	"Kempton"	"Most Wanted (IRE)"	"18.00"	"21"	"Novices Hurdle"	"4"	"7"	"Powell, Brendan"	"Bridgwater, D G"
"12:30:00"	"2024-11-11"	"Carlisle"	"Beorma (IRE)"	"16.00"	"27.73"	"Maiden Hurdle"	"5"	"9"	"Skelton, Harry"	"Skelton, Daniel"
"12:30:00"	"2024-11-11"	"Carlisle"	"Barrister Blaster"	"200.00"	"1000"	"Maiden Hurdle"	"PU"	"9"	"Chapman, Ross"	"Storey, W"
"16:10:00"	"2024-11-10"	"Ffos Las"	"Reel Orange (IRE)"	"20.00"	"30"	"NH Flat"	"3"	"12"	"Carver, Bryan"	"Down, C J"
"15:45:00"	"2024-11-10"	"Naas"	"Sea Of Doubt (IRE)"	"10.00"	"11.59"	"NH Flat"	"4"	"11"	"Turner, Mr L T"	"Fitzgerald, B J"
"15:35:00"	"2024-11-10"	"Ffos Las"	"Hi Riko (FR)"	"33.00"	"61.88"	"Handicap Novices Hurdle"	"6"	"15"	"Nolan, Michael G"	"Gray, C J"
"15:10:00"	"2024-11-10"	"Naas"	"Ho My Lord (FR)"	"1.75"	"3.15"	"Beginners Chase"	"2"	"4"	"McGarvey, J S"	"Roche, Padraig"
"15:00:00"	"2024-11-10"	"Ffos Las"	"Time To Dazzle (IRE)"	"66.00"	"90"	"Handicap Chase"	"PU"	"9"	"Turner, James"	"Davies, Miss Sarah-Jayne"
"13:50:00"	"2024-11-10"	"Ffos Las"	"Churchstone Rover (IRE)"	"7.50"	"11.63"	"Maiden Hurdle"	"10"	"15"	"Bellamy, Tom"	"Curtis, Miss Rebecca"
"13:50:00"	"2024-11-10"	"Ffos Las"	"Nels Son (IRE)"	"28.00"	"40.46"	"Maiden Hurdle"	"13"	"15"	"McLernon, R P"	"Mulholland, N P"
"12:40:00"	"2024-11-10"	"Ffos Las"	"Chesh (IRE)"	"28.00"	"34"	"Novices Hurdle"	"4"	"10"	"Dingle, Rex"	"Honeyball, A J"
"12:10:00"	"2024-11-10"	"Ffos Las"	"Gold In The Rivers (IRE)"	"4.50"	"8.55"	"Novices Hurdle"	"4"	"12"	"Tudor, Jack"	"Pipe, D E"
"16:05:00"	"2024-11-09"	"Wincanton"	"Swingin Safari (IRE)"	"1.38"	"2.56"	"NH Flat"	"1"	"4"	"Cobden, Harry"	"Nicholls, P F"
"15:30:00"	"2024-11-09"	"Wincanton"	"Lord Baddesley (IRE)"	"14.00"	"16.13"	"Handicap Chase"	"6"	"10"	"Dingle, Rex"	"Honeyball, A J"
"15:30:00"	"2024-11-09"	"Wincanton"	"The Big Breakaway (IRE)"	"25.00"	"29.87"	"Handicap Chase"	"PU"	"10"	"Jones, Ben R"	"Charlton, Anthony"
"15:10:00"	"2024-11-09"	"Doncaster"	"Glor Tire (IRE)"	"50.00"	"90.2"	"Non-Handicap"	"6"	"11"	"Pearson, Laura"	"Chapple-Hyam, Jane"
"14:40:00"	"2024-11-09"	"Aintree"	"Harpers Brook (IRE)"	"10.00"	"11.46"	"Handicap Chase"	"PU"	"13"	"Woods, K K"	"Skelton, Daniel"
"14:35:00"	"2024-11-09"	"Doncaster"	"Solar Aclaim (IRE)"	"9.00"	"13.58"	"Handicap"	"4"	"15"	"James, S H"	"Camacho, Miss J A"
"14:00:00"	"2024-11-09"	"Doncaster"	"Art Design (IRE)"	"4.50"	"6.4"	"Handicap Nursery"	"2"	"8"	"Sexton, Ryan"	"Camacho, Miss J A"
"13:37:00"	"2024-11-09"	"Gowran Park"	"Casheldale Lad (IRE)"	"1.88"	"3.38"	"Maiden Hurdle"	"1"	"17"	"Kennedy, J W"	"Elliott, Gordon"
"13:30:00"	"2024-11-09"	"Aintree"	"Slip Of The Tongue (IRE)"	"100.00"	"290"	"Handicap Hurdle"	"PU"	"8"	"Best, J A"	"Davies, Miss Sarah-Jayne"
"12:55:00"	"2024-11-09"	"Aintree"	"Equinus (IRE)"	"14.00"	"17.13"	"Handicap Novices Chase"	"F"	"4"	"Best, J A"	"Davies, Miss Sarah-Jayne"
"12:50:00"	"2024-11-09"	"Doncaster"	"Axis"	"250.00"	"649.08"	"Maiden"	"6"	"9"	"Wood, George"	"Allen, C N"
"11:45:00"	"2024-11-09"	"Doncaster"	"Stanage"	"14.00"	"19.12"	"Handicap"	"9"	"9"	"Farmer, Shay"	"Easterby, M W"
"11:10:00"	"2024-11-09"	"Kelso"	"One Cool Citizen (IRE)"	"125.00"	"280"	"Novices Hurdle"	"4"	"5"	"Chapman, Ross"	"Burns, Hugh"
"20:30:00"	"2024-11-08"	"Dundalk"	"Accwest (IRE)"	"50.00"	"90"	"Handicap"	"8"	"14"	"Caffrey, Adam"	"McGuinness, Adrian"
"20:00:00"	"2024-11-08"	"Dundalk"	"Eastern Capital (IRE)"	"80.00"	"201.82"	"Handicap"	"8"	"14"	"Hayes, C D"	"Martin, Patrick"
"20:00:00"	"2024-11-08"	"Dundalk"	"Hieloray (IRE)"	"22.00"	"30"	"Handicap"	"9"	"14"	"Cleary, R P"	"Melia, Aidan"
"20:00:00"	"2024-11-08"	"Dundalk"	"Sneddy Eddie (IRE)"	"7.00"	"8.74"	"Handicap"	"14"	"14"	"McAteer, L T"	"Kelly, Noel C"
"19:15:00"	"2024-11-08"	"Newcastle"	"Angel Of Antrim (IRE)"	"8.00"	"11"	"Handicap"	"4"	"9"	"Wilkie, Brandon"	"Morland, Jack"
"19:15:00"	"2024-11-08"	"Newcastle"	"Eyeeye"	"9.00"	"13.16"	"Handicap"	"7"	"9"	"Mullen, Andrew"	"Jardine, I"
"18:45:00"	"2024-11-08"	"Newcastle"	"Haworth Star (IRE)"	"22.00"	"32.86"	"Handicap"	"6"	"9"	"ONeill, K T"	"Young, Maxwell"
"18:00:00"	"2024-11-08"	"Dundalk"	"Bella Boyne (IRE)"	"150.00"	"1000"	"Maiden"	"9"	"14"	"Kinkaid, R"	"McConnell, John C"
"18:00:00"	"2024-11-08"	"Dundalk"	"Stiorra (IRE)"	"16.00"	"24"	"Maiden"	"12"	"14"	"Sheridan, J M"	"Slattery, Andrew"
"17:30:00"	"2024-11-08"	"Dundalk"	"Tomahawk King (IRE)"	"25.00"	"28.31"	"Handicap"	"4"	"10"	"Pietropaolo, J"	"Coyle, Thomas"
"16:03:00"	"2024-11-08"	"Newcastle"	"Glad Eye"	"11.00"	"13.03"	"Handicap Nursery"	"3"	"5"	"Kirrane, Sean"	"Lidster, Craig"
"15:45:00"	"2024-11-08"	"Fontwell"	"The Cooleen (IRE)"	"80.00"	"190"	"Handicap Novices Hurdle"	"PU"	"14"	"Davies, James"	"Hoad, M R"
"15:35:00"	"2024-11-08"	"Exeter"	"Jeremy Pass (IRE)"	"28.00"	"45.56"	"Handicap Chase"	"PU"	"6"	"Marshall, Mr Charlie"	"Davies, Joseph G"
"15:10:00"	"2024-11-08"	"Fontwell"	"Proper Twelve (IRE)"	"2.75"	"3.96"	"Handicap Chase"	"4"	"7"	"Dingle, Rex"	"Honeyball, A J"
"14:10:00"	"2024-11-08"	"Hexham"	"Authorized Mission"	"16.00"	"23.67"	"Maiden Hurdle"	"6"	"10"	"McMenamin, Daniel"	"Grant, C"
"13:15:00"	"2024-11-08"	"Exeter"	"Kingston Joy (IRE)"	"66.00"	"123.27"	"Novices Hurdle"	"PU"	"3"	"Houlihan, Sean M"	"Bishop, K"
"18:15:00"	"2024-11-07"	"Newcastle"	"Evoluir (IRE)"	"16.00"	"21.49"	"Handicap"	"6"	"9"	"Brookes, Aiden"	"Hammond, Micky"
"17:40:00"	"2024-11-07"	"Newcastle"	"Unreal Connection"	"7.00"	"8.16"	"Handicap"	"10"	"10"	"Scott, Rowan"	"Tutty, Gemma"
"15:20:00"	"2024-11-07"	"Newcastle"	"White Crown Star"	"4.00"	"6"	"Novices"	"5"	"12"	"Probert, David"	"Balding, A M"
"15:15:00"	"2024-11-07"	"Clonmel"	"Western Comandor (IRE)"	"22.00"	"26.9"	"Handicap Chase"	"12"	"15"	"Kavanagh, Mr Paul"	"Bolger, E"
"14:45:00"	"2024-11-07"	"Newcastle"	"Commander Crouch (IRE)"	"3.00"	"4.65"	"Handicap"	"5"	"7"	"Mitchell, Jack"	"Tutty, Gemma"
"14:40:00"	"2024-11-07"	"Clonmel"	"Bronn (IRE)"	"33.00"	"74.98"	"Chase"	"5"	"6"	"OKeeffe, Darragh"	"Gibney, Thomas"
"14:25:00"	"2024-11-07"	"Ludlow"	"Squiggles (IRE)"	"4.50"	"6.39"	"Maiden Hurdle"	"2"	"7"	"Twiston-Davies, Sam"	"Owen, J P"
"14:10:00"	"2024-11-07"	"Newcastle"	"Rampant"	"5.00"	"6.22"	"Handicap"	"3"	"11"	"Fraser, Kaiya"	"Morris, Patrick"
"14:10:00"	"2024-11-07"	"Newcastle"	"Making A Move (IRE)"	"3.00"	"5.33"	"Handicap"	"6"	"11"	"Orr, Oisin"	"Bourke, D F"
"14:10:00"	"2024-11-07"	"Newcastle"	"Foursome"	"9.00"	"10.41"	"Handicap"	"10"	"11"	"Scott, Rowan"	"Bourke, D F"
"13:40:00"	"2024-11-07"	"Newbury"	"Rock My Way (IRE)"	"3.00"	"4.72"	"Handicap Novices Chase"	"3"	"5"	"Cannon, Tom J"	"Charlton, Anthony"
"13:15:00"	"2024-11-07"	"Ludlow"	"See The Green"	"4.00"	"6.8"	"Hurdle"	"1"	"5"	"Best, J A"	"Charlton, Anthony"
"13:15:00"	"2024-11-07"	"Ludlow"	"Offiahs Boy"	"50.00"	"96.41"	"Hurdle"	"5"	"5"	"Fisher, Taylor"	"Tickle, J"
"13:05:00"	"2024-11-07"	"Newbury"	"Lastronome"	"9.00"	"12"	"Novices Hurdle"	"3"	"6"	"Cobden, Harry"	"Owen, J P"
"13:05:00"	"2024-11-07"	"Newbury"	"Portcammon (IRE)"	"33.00"	"56.6"	"Novices Hurdle"	"5"	"6"	"Bowen, Sean P"	"Mulholland, N P"
"12:55:00"	"2024-11-07"	"Clonmel"	"Stuntman Steve (IRE)"	"4.00"	"6.64"	"Maiden Hurdle"	"1"	"10"	"Donoghue, K M"	"Cromwell, Gavin Patrick"
"12:30:00"	"2024-11-07"	"Newbury"	"Aurigny Mill (FR)"	"4.00"	"5.79"	"Handicap Hurdle"	"1"	"7"	"Anderson, Joe"	"Walford, Robert"
"12:15:00"	"2024-11-07"	"Southwell"	"Inlet"	"200.00"	"1000"	"Maiden"	"10"	"11"	"Pearson, Laura"	"Guest, Rae"
"12:15:00"	"2024-11-07"	"Southwell"	"Muhib"	"200.00"	"874.71"	"Maiden"	"11"	"11"	"Keenan, Darragh"	"Williams, Olly"
"18:00:00"	"2024-11-06"	"Kempton"	"Salaamaat"	"28.00"	"38"	"Handicap"	"11"	"11"	"Bradley, Paddy"	"Attwater, M J"
"17:00:00"	"2024-11-06"	"Kempton"	"Power Over Me (IRE)"	"150.00"	"474.54"	"Handicap"	"11"	"14"	"Fisher, Taylor"	"Tickle, J"
"15:50:00"	"2024-11-06"	"Nottingham"	"Ace Rothstein (USA)"	"66.00"	"93.18"	"Handicap"	"7"	"12"	"Jakes, Tommie"	"Crawley, Matt"
"15:30:00"	"2024-11-06"	"Chepstow"	"Ballydangan (IRE)"	"7.00"	"13"	"Handicap Hurdle"	"13"	"18"	"Palin, Miss H"	"Skelton, Daniel"
"15:30:00"	"2024-11-06"	"Chepstow"	"Carved In Stone"	"28.00"	"40.09"	"Handicap Hurdle"	"14"	"18"	"Harrison, Liam"	"Llewellyn, Robert"
"15:30:00"	"2024-11-06"	"Chepstow"	"Thats The Badger (IRE)"	"125.00"	"260"	"Handicap Hurdle"	"PU"	"18"	"Patrick, Richard"	"Sheppard, M"
"15:10:00"	"2024-11-06"	"Musselburgh"	"Spartan Warrior (IRE)"	"4.50"	"6.04"	"Handicap"	"7"	"8"	"Lee, Clifford"	"Menzies, Rebecca"
"14:43:00"	"2024-11-06"	"Nottingham"	"Brodies Boy (FR)"	"25.00"	"29.29"	"Handicap"	"6"	"11"	"Hart, Jason"	"Attwater, P"
"14:43:00"	"2024-11-06"	"Nottingham"	"Narragansett"	"9.00"	"10.98"	"Handicap"	"7"	"11"	"Levey, S M"	"Mulholland, N P"
"14:35:00"	"2024-11-06"	"Musselburgh"	"Roman Harry (IRE)"	"6.50"	"8.8"	"Handicap"	"5"	"12"	"Mullen, Andrew"	"Jardine, I"
"14:35:00"	"2024-11-06"	"Musselburgh"	"Vixey"	"50.00"	"87.89"	"Handicap"	"6"	"12"	"Brookes, Aiden"	"West, S G"
"14:25:00"	"2024-11-06"	"Dundalk"	"Kensington Hope (IRE)"	"18.00"	"27.32"	"Handicap Nursery"	"6"	"14"	"Ryan, Gavin"	"McCann, Anthony"
"13:55:00"	"2024-11-06"	"Dundalk"	"Munroh"	"25.00"	"45.34"	"Claimer"	"8"	"10"	"Carroll, G F"	"Martin, A J"
"13:13:00"	"2024-11-06"	"Nottingham"	"Woodhay Whisper (IRE)"	"25.00"	"31.58"	"Handicap Nursery"	"5"	"6"	"McEntee, Grace"	"Young, Maxwell"
"13:05:00"	"2024-11-06"	"Musselburgh"	"Dandy Magic (IRE)"	"6.00"	"6.39"	"Maiden"	"10"	"10"	"Mulrennan, Paul"	"Goldie, J S"
"15:25:00"	"2024-11-05"	"Fairyhouse"	"Sandyman"	"10.00"	"12.67"	"Handicap Hurdle"	"7"	"14"	"Harvey, A"	"Harvey, William"
"15:20:00"	"2024-11-05"	"Sedgefield"	"Selectivelistening (IRE)"	"12.00"	"17"	"Handicap Chase"	"7"	"11"	"Hughes, Brian"	"Smith, Paula"
"14:50:00"	"2024-11-05"	"Fairyhouse"	"Blue Reed (FR)"	"8.50"	"13.62"	"Handicap Hurdle"	"8"	"16"	"Millar, Mr C P"	"Collins, C M"
"14:50:00"	"2024-11-05"	"Fairyhouse"	"Mythical Times (IRE)"	"66.00"	"187.33"	"Handicap Hurdle"	"14"	"16"	"Torrens, Simon"	"Stafford, Paul"
"13:40:00"	"2024-11-05"	"Fairyhouse"	"Nancy Miles (IRE)"	"150.00"	"352.07"	"Maiden Hurdle"	"10"	"13"	"Sexton, Mr H E"	"Sexton, Adrian"
"13:40:00"	"2024-11-05"	"Fairyhouse"	"Scarlet Purse (IRE)"	"33.00"	"75"	"Maiden Hurdle"	"11"	"13"	"Kidd, D A"	"McConnell, John C"
"13:35:00"	"2024-11-05"	"Sedgefield"	"Broderick (IRE)"	"3.33"	"5.02"	"Maiden Hurdle"	"3"	"12"	"Quinlan, Sean"	"Candlish, Jennie"
"12:40:00"	"2024-11-05"	"Warwick"	"Flowering (IRE)"	"33.00"	"32"	"Maiden Hurdle"	"1"	"6"	"Durrell, Mr T"	"Skelton, Daniel"
"12:40:00"	"2024-11-05"	"Warwick"	"Our Lil"	"2.75"	"4.27"	"Maiden Hurdle"	"4"	"6"	"Skelton, Harry"	"Skelton, Daniel"
"19:15:00"	"2024-11-04"	"Southwell"	"Alex The Great (IRE)"	"8.50"	"11.58"	"Handicap"	"4"	"12"	"Ghiani, Marco"	"Carroll, A W"
"18:30:00"	"2024-11-04"	"Wolverhampton"	"The Toff (IRE)"	"25.00"	"32"	"Handicap"	"8"	"8"	"Mitchell, Jack"	"Williamson, Mrs L"
"17:45:00"	"2024-11-04"	"Southwell"	"Flaine (IRE)"	"9.00"	"10.66"	"Handicap Nursery"	"1"	"10"	"Planas, Connor"	"Loughnane, David"
"16:02:00"	"2024-11-04"	"Kempton"	"Vince Lombardi"	"28.00"	"67.39"	"Handicap"	"2"	"11"	"Callan, N"	"Boyle, J R"
"15:15:00"	"2024-11-04"	"Hereford"	"Nut Wood (IRE)"	"150.00"	"538.43"	"Novices Hurdle"	"5"	"6"	"Stones, Lewis"	"Mullineaux, M"
"14:57:00"	"2024-11-04"	"Kempton"	"God Of Fire (IRE)"	"10.00"	"16.54"	"Handicap"	"10"	"14"	"Doyle, James"	"ONeill, Jonjo and AJ"
"12:58:00"	"2024-11-04"	"Plumpton"	"Barrabool"	"0.33"	"1.37"	"Maiden Hurdle"	"1"	"3"	"Obrien, P V"	"Derham, Harry"
"16:10:00"	"2024-11-03"	"Curragh"	"Tribal Star (IRE)"	"10.00"	"14.68"	"Maiden"	"4"	"19"	"Caffrey, Adam"	"McGuinness, Adrian"
"15:58:00"	"2024-11-03"	"Carlisle"	"Slugger"	"1.75"	"2.94"	"Handicap Hurdle"	"1"	"10"	"Obrien, P V"	"Derham, Harry"
"15:43:00"	"2024-11-03"	"Huntingdon"	"Den The Diva"	"12.00"	"17"	"Handicap Hurdle"	"3"	"14"	"Todd, C J"	"Williams, Ian"
"14:25:00"	"2024-11-03"	"Curragh"	"Gleneagle Bay (IRE)"	"5.50"	"7.98"	"Handicap"	"2"	"17"	"Whelan, R P"	"Thorne, Stephen"
"13:40:00"	"2024-11-03"	"Cork"	"Huscari (IRE)"	"66.00"	"160"	"Maiden Hurdle"	"9"	"14"	"Hogan, C M"	"McNamara, E"
"13:40:00"	"2024-11-03"	"Cork"	"Kyle Valley (IRE)"	"40.00"	"89.47"	"Maiden Hurdle"	"11"	"14"	"Roche, T P"	"Rothwell, P J"
"13:33:00"	"2024-11-03"	"Huntingdon"	"El Rayo"	"33.00"	"47.76"	"Maiden Hurdle"	"3"	"11"	"Carver, Bryan"	"Aprahamian, Billy"
"13:25:00"	"2024-11-03"	"Curragh"	"Nikki Swango (IRE)"	"50.00"	"160"	"Handicap"	"22"	"26"	"McDonogh, D P"	"McGuinness, Adrian"
"13:10:00"	"2024-11-03"	"Cork"	"Walk Away Harry (IRE)"	"20.00"	"43.65"	"Handicap Hurdle"	"8"	"17"	"Noonan, G B"	"OConnor, Ian"
"12:38:00"	"2024-11-03"	"Cork"	"Brave Soldier (IRE)"	"28.00"	"54.66"	"Maiden Hurdle"	"4"	"15"	"Quirke, Mr C M"	"Quigley, Mark Oliver"
"20:30:00"	"2024-11-02"	"Southwell"	"Star Of Atlantis (IRE)"	"4.50"	"6.24"	"Handicap"	"6"	"11"	"Hogan, D E"	"Jones, Jack"
"20:30:00"	"2024-11-02"	"Southwell"	"Flying Panther"	"66.00"	"100.47"	"Handicap"	"11"	"11"	"Brookes, Aiden"	"Hammond, Micky"
"17:50:00"	"2024-11-02"	"Southwell"	"Arc Shadowfax"	"16.00"	"18.85"	"Handicap"	"6"	"8"	"Croot, Elle-May"	"Furtado, Ivan"
"16:00:00"	"2024-11-02"	"Newmarket (Rowley)"	"Liv My Life (IRE)"	"125.00"	"321.59"	"Handicap"	"9"	"9"	"Hornby, Rob"	"Williams, S C"
"15:50:00"	"2024-11-02"	"Down Royal"	"Faithful Follower (IRE)"	"8.00"	"13.53"	"NH Flat"	"2"	"7"	"Gleeson, Mr J L"	"Mullins, Emmet"
"15:39:00"	"2024-11-02"	"Ayr"	"Gua Du Large (FR)"	"25.00"	"35.16"	"Handicap Novices Chase"	"4"	"5"	"Smith, Ben"	"Smith, R Michael"
"15:15:00"	"2024-11-02"	"Ascot"	"Rightsotom (GER)"	"12.00"	"17.81"	"Handicap Hurdle"	"7"	"10"	"Powell, Brendan"	"Tizzard, Joe"
"15:05:00"	"2024-11-02"	"Ayr"	"Green Sky (IRE)"	"14.00"	"19.16"	"Handicap Hurdle"	"4"	"5"	"Jacob, Daryl"	"Crawford, S R B"
"15:05:00"	"2024-11-02"	"Ayr"	"Coastal Rock (FR)"	"1.38"	"2.48"	"Handicap Hurdle"	"5"	"5"	"Brogan, Kevin"	"Murphy, Olly"
"14:29:00"	"2024-11-02"	"Ayr"	"Special Rate (IRE)"	"7.00"	"9.4"	"Handicap Chase"	"UR"	"5"	"Quinlan, Sean"	"Quinlan, Elizabeth"
"14:17:00"	"2024-11-02"	"Newmarket (Rowley)"	"Mighty Nebula (IRE)"	"80.00"	"135.55"	"Handicap"	"9"	"9"	"Hornby, Rob"	"Williams, S C"
"14:05:00"	"2024-11-02"	"Ascot"	"Madara (FR)"	"5.50"	"6.47"	"Handicap Chase"	"8"	"10"	"Sheehan, Gavin"	"Burke, Kieran"
"13:35:00"	"2024-11-02"	"Down Royal"	"Harsh"	"28.00"	"50"	"Handicap Hurdle"	"12"	"18"	"Coen, J"	"Elliott, Gordon"
"13:35:00"	"2024-11-02"	"Down Royal"	"Drumbear"	"80.00"	"280"	"Handicap Hurdle"	"16"	"18"	"Buckley, Kieran"	"Watson, R K"
"13:30:00"	"2024-11-02"	"Ascot"	"What Path (FR)"	"8.00"	"12.46"	"Handicap Novices Chase"	"3"	"4"	"Sheehan, Gavin"	"Burke, Kieran"
"13:23:00"	"2024-11-02"	"Ayr"	"Pats Dream (IRE)"	"2.50"	"3.86"	"Handicap Chase"	"1"	"12"	"Brooke, Henry"	"Greenall, O / Guerriero, J"
"13:23:00"	"2024-11-02"	"Ayr"	"Ideal De Romay (FR)"	"50.00"	"85"	"Handicap Chase"	"6"	"12"	"Wadge, P"	"Kerr, L"
"13:23:00"	"2024-11-02"	"Ayr"	"Ironhill (IRE)"	"28.00"	"46.94"	"Handicap Chase"	"PU"	"12"	"Reed, Harry"	"Reed, W T"
"13:00:00"	"2024-11-02"	"Down Royal"	"Presenting Max (IRE)"	"14.00"	"29.16"	"Maiden Hurdle"	"3"	"16"	"King, D"	"Martin, A J"
"13:00:00"	"2024-11-02"	"Down Royal"	"Viceregent"	"33.00"	"134.13"	"Maiden Hurdle"	"11"	"16"	"Mullins, D E"	"McGuigan, H D"
"12:40:00"	"2024-11-02"	"Wetherby"	"Know The Game (IRE)"	"50.00"	"85.95"	"Novices Hurdle"	"6"	"6"	"Hughes, Brian"	"Hammond, Micky"
"12:25:00"	"2024-11-02"	"Down Royal"	"Capellina"	"200.00"	"770"	"Hurdle"	"6"	"7"	"Stone-Walsh, C"	"Watson, R K"
"12:25:00"	"2024-11-02"	"Down Royal"	"Albali (IRE)"	"150.00"	"485.42"	"Hurdle"	"PU"	"7"	"McGarvey, J S"	"Kelly, Noel C"
"20:30:00"	"2024-11-01"	"Dundalk"	"Autocrat (IRE)"	"25.00"	"31.19"	"Handicap"	"4"	"9"	"Burns, Ms N"	"Donohoe, R"
"19:00:00"	"2024-11-01"	"Dundalk"	"Perfect Judgement (IRE)"	"12.00"	"16.2"	"Handicap"	"5"	"14"	"Whelan, R P"	"Thorne, Stephen"
"19:00:00"	"2024-11-01"	"Dundalk"	"No Knee Never (IRE)"	"20.00"	"25.59"	"Handicap"	"13"	"14"	"Coen, Ben M"	"Davison, Jack W"
"18:00:00"	"2024-11-01"	"Dundalk"	"Harrys Bar"	"4.00"	"6"	"Handicap"	"2"	"9"	"Whelan, R P"	"Thorne, Stephen"
"18:00:00"	"2024-11-01"	"Dundalk"	"Dream Today (IRE)"	"14.00"	"18.18"	"Handicap"	"8"	"9"	"Cleary, R P"	"Thorne, Stephen"
"17:45:00"	"2024-11-01"	"Newcastle"	"Remarkable Force (IRE)"	"12.00"	"15.58"	"Handicap"	"9"	"9"	"Mullen, Andrew"	"Haslam, B M R"
"17:00:00"	"2024-11-01"	"Dundalk"	"Bansha Belle (IRE)"	"8.00"	"12.39"	"Maiden"	"9"	"10"	"Whelan, R P"	"Thorne, Stephen"
"16:22:00"	"2024-11-01"	"Uttoxeter"	"River Rider (IRE)"	"33.00"	"67.7"	"NH Flat"	"9"	"10"	"Nichol, Craig"	"Allwood, S"
"15:45:00"	"2024-11-01"	"Uttoxeter"	"Outside Adesa (IRE)"	"25.00"	"29.68"	"Handicap Chase"	"9"	"13"	"Vaughan, Mr Edward"	"Vaughan, Tim"
"14:52:00"	"2024-11-01"	"Newmarket (Rowley)"	"Optiva Star (IRE)"	"14.00"	"20"	"Handicap"	"3"	"14"	"Osborne, Saffie"	"Wallis, Charlie"
"14:52:00"	"2024-11-01"	"Newmarket (Rowley)"	"Bo Taifan (IRE)"	"33.00"	"50"	"Handicap"	"14"	"14"	"Keenan, Darragh"	"Dunne, M"
"14:35:00"	"2024-11-01"	"Uttoxeter"	"Kay Tara Tara"	"11.00"	"16.99"	"Handicap Hurdle"	"5"	"11"	"Brooke, Henry"	"Greenall, O / Guerriero, J"
"14:35:00"	"2024-11-01"	"Uttoxeter"	"Chankaya"	"33.00"	"50.12"	"Handicap Hurdle"	"10"	"11"	"Houlihan, Sean M"	"Vaughan, Tim"
"14:25:00"	"2024-11-01"	"Wetherby"	"Inspire Hope (IRE)"	"16.00"	"37.57"	"Hurdle"	"4"	"7"	"Hughes, Brian"	"Menzies, Rebecca"
"14:00:00"	"2024-11-01"	"Uttoxeter"	"Icare Colombe (FR)"	"25.00"	"44.17"	"Novices Hurdle"	"3"	"11"	"Burke, Jonathan"	"OBrien, Fergal"
"20:15:00"	"2024-10-31"	"Southwell"	"Nevernay (IRE)"	"40.00"	"60.48"	"Handicap"	"7"	"7"	"Pinna, Mr Andrea"	"Frost, Kevin"
"19:15:00"	"2024-10-31"	"Southwell"	"Bishops Glory (IRE)"	"4.00"	"5.53"	"Handicap"	"8"	"11"	"Keenan, Darragh"	"Wigham, M"
"16:45:00"	"2024-10-31"	"Southwell"	"Rosco Rogers (IRE)"	"200.00"	"530"	"Novices"	"7"	"10"	"Kirrane, Sean"	"Vaughan, Tim"
"15:35:00"	"2024-10-31"	"Stratford"	"Macfin (IRE)"	"16.00"	"23.62"	"Handicap Chase"	"8"	"16"	"Sheppard, Stan"	"Lacey, T"
"15:28:00"	"2024-10-31"	"Bath"	"First Greyed (IRE)"	"50.00"	"85"	"Handicap"	"8"	"11"	"Mangan, Gina"	"Faulkner, T"
"15:28:00"	"2024-10-31"	"Bath"	"Radiant Angel (IRE)"	"100.00"	"259.72"	"Handicap"	"11"	"11"	"Hutchinson, Callum"	"Ponting, J"
"15:15:00"	"2024-10-31"	"Newcastle"	"La Quarite (FR)"	"18.00"	"34.85"	"Handicap Hurdle"	"6"	"14"	"McMenamin, Daniel"	"Grant, C"
"14:35:00"	"2024-10-31"	"Stratford"	"Bahtiyar (FR)"	"20.00"	"36"	"Seller Hurdle"	"5"	"8"	"Hammond, Charlie"	"Young, Maxwell"
"14:05:00"	"2024-10-31"	"Stratford"	"Walking On Air (IRE)"	"18.00"	"24.23"	"Handicap Chase"	"PU"	"5"	"Bass, David"	"Brown, G"
"13:45:00"	"2024-10-31"	"Newcastle"	"Del La Mar Rocket (IRE)"	"150.00"	"524.56"	"Handicap Hurdle"	"PU"	"7"	"Austin, Edward"	"McMahon, H"
"13:35:00"	"2024-10-31"	"Stratford"	"Sixmilebridge (IRE)"	"1.10"	"2.22"	"Novices Hurdle"	"2"	"14"	"Woods, K K"	"OBrien, Fergal"
"13:35:00"	"2024-10-31"	"Stratford"	"No No Espresso"	"80.00"	"200"	"Novices Hurdle"	"7"	"14"	"Obrien, P V"	"Derham, Harry"
"13:05:00"	"2024-10-31"	"Stratford"	"El Fabienne (FR)"	"16.00"	"20.9"	"Maiden Hurdle"	"5"	"11"	"Gethings, Ciaran"	"Ralph, Alastair"
"13:05:00"	"2024-10-31"	"Stratford"	"Portobello Girl"	"10.00"	"13.56"	"Maiden Hurdle"	"11"	"11"	"Dodd, Murray"	"Ralph, Alastair"
"20:30:00"	"2024-10-30"	"Kempton"	"Home And Dry (IRE)"	"3.50"	"4.9"	"Handicap"	"7"	"8"	"Havlin, Robert"	"Faulkner, T"
"15:50:00"	"2024-10-30"	"Fakenham"	"Blitz Spirit (IRE)"	"6.00"	"8.04"	"Handicap Novices Hurdle"	"8"	"8"	"Anderson, Mr A"	"Wigham, M"
"15:30:00"	"2024-10-30"	"Newton Abbot"	"Shallow River (IRE)"	"3.50"	"5.1"	"Handicap Hurdle"	"8"	"9"	"Bowen, Sean P"	"Murphy, Olly"
"14:50:00"	"2024-10-30"	"Fakenham"	"Miami Magic (IRE)"	"2.25"	"3.53"	"Maiden Hurdle"	"1"	"5"	"Hammond, Charlie"	"Edmunds, Stuart"
"14:44:00"	"2024-10-30"	"Dundalk"	"Timana (IRE)"	"11.00"	"13.58"	"Handicap"	"9"	"11"	"Ryan, Gavin"	"Morgan, Ms Joanna"
"14:38:00"	"2024-10-30"	"Nottingham"	"Mr Hampstead (USA)"	"3.50"	"5.4"	"Novices"	"3"	"7"	"Ryan, Rossa"	"Freire, Raphael"
"13:50:00"	"2024-10-30"	"Fakenham"	"By Farhh The Best"	"50.00"	"137.21"	"Hurdle"	"4"	"4"	"Best, J A"	"Mullins, J W"
"18:30:00"	"2024-10-29"	"Newcastle"	"Beautiful Girl (FR)"	"150.00"	"643.92"	"Novices"	"5"	"5"	"Eaves, Tom"	"Scott, Miss Katie"
"14:57:00"	"2024-10-29"	"Bangor"	"Immortal Fame (IRE)"	"33.00"	"53.02"	"Handicap Novices Chase"	"2"	"10"	"Ward, Christopher"	"Cole, Miss D"
"14:57:00"	"2024-10-29"	"Bangor"	"Micro Millions (IRE)"	"66.00"	"136.35"	"Handicap Novices Chase"	"PU"	"10"	"Twiston-Davies, Sam"	"Lewis, Mrs S W"
"14:35:00"	"2024-10-29"	"Chepstow"	"Iberio (GER)"	"6.00"	"8.23"	"Handicap Chase"	"PU"	"14"	"Powell, Brendan"	"Tizzard, Joe"
"14:22:00"	"2024-10-29"	"Bangor"	"East Street (IRE)"	"5.00"	"7.44"	"Handicap Chase"	"PU"	"14"	"Chadwick, Alex"	"Owen, J P"
"14:00:00"	"2024-10-29"	"Chepstow"	"Kauto Kawai (FR)"	"80.00"	"210"	"Handicap Hurdle"	"12"	"14"	"Reed, Harry"	"Blake, Michael"
"13:00:00"	"2024-10-29"	"Chepstow"	"Prophesea (IRE)"	"6.50"	"12.4"	"Maiden Hurdle"	"8"	"14"	"Carver, Bryan"	"Down, C J"
"13:00:00"	"2024-10-29"	"Chepstow"	"Djo Dela Barriere (FR)"	"40.00"	"80"	"Maiden Hurdle"	"9"	"14"	"Wedge, Adam"	"Williams, Evan"
"13:00:00"	"2024-10-29"	"Chepstow"	"Orinoco Flow (IRE)"	"150.00"	"643.87"	"Maiden Hurdle"	"PU"	"14"	"Noonan, David G"	"Pipe, D E"
"12:50:00"	"2024-10-29"	"Bangor"	"Schalke"	"5.00"	"7"	"Handicap Hurdle"	"3"	"10"	"Smith, Ben"	"Greenall, O / Guerriero, J"
"12:50:00"	"2024-10-29"	"Bangor"	"Pipers Cross (IRE)"	"4.00"	"5.13"	"Handicap Hurdle"	"5"	"10"	"Anderson, Joe"	"Lavelle, Miss E C"
"12:50:00"	"2024-10-29"	"Bangor"	"Aazza (IRE)"	"14.00"	"18.35"	"Handicap Hurdle"	"9"	"10"	"Austin, Edward"	"Robson, Paul"
"20:00:00"	"2024-10-28"	"Southwell"	"Belcamo"	"8.50"	"14.48"	"Handicap"	"3"	"7"	"Crouch, Hector"	"Hales, A M"
"19:30:00"	"2024-10-28"	"Southwell"	"Delta Legend (IRE)"	"1.75"	"2.8"	"Handicap"	"3"	"9"	"Osborne, Saffie"	"Kobeissi, Hilal"
"18:45:00"	"2024-10-28"	"Newcastle"	"Thunderstorm Katie"	"28.00"	"37.43"	"Handicap"	"4"	"12"	"Waugh, Amie"	"Goldie, J S"
"18:30:00"	"2024-10-28"	"Southwell"	"Bantz (IRE)"	"40.00"	"58.17"	"Handicap Nursery"	"9"	"10"	"Osborne, Saffie"	"Tutty, Gemma"
"16:55:00"	"2024-10-28"	"Southwell"	"Timebar"	"50.00"	"85"	"Handicap"	"4"	"8"	"Edmunds, Lewis"	"Bowring, S R"
"16:30:00"	"2024-10-28"	"Wexford"	"Nohilltoosteep (IRE)"	"150.00"	"724.85"	"NH Flat"	"4"	"6"	"Cottrill, Mr S E"	"Barcoe, James M"
"16:25:00"	"2024-10-28"	"Leicester"	"Batal Zabeel (IRE)"	"3.33"	"4.69"	"Handicap"	"4"	"4"	"Callan, N"	"Tate, James"
"15:40:00"	"2024-10-28"	"Redcar"	"Deboras Dream (IRE)"	"14.00"	"16.69"	"Handicap"	"5"	"8"	"McDonald, P J"	"Candlish, Jennie"
"15:28:00"	"2024-10-28"	"Ayr"	"Captain Ivan (IRE)"	"40.00"	"68.28"	"Handicap Chase"	"7"	"7"	"Nichol, Craig"	"Whillans, Ewan"
"14:55:00"	"2024-10-28"	"Ayr"	"Star Vantage (IRE)"	"12.00"	"21.21"	"Handicap Hurdle"	"7"	"13"	"Chapman, Ross"	"Menzies, Rebecca"
"14:45:00"	"2024-10-28"	"Wexford"	"Callmedusty (IRE)"	"40.00"	"79.37"	"Maiden Hurdle"	"7"	"11"	"Gilligan, D J"	"Collins, C M"
"14:30:00"	"2024-10-28"	"Redcar"	"Gemini Man (IRE)"	"5.00"	"7"	"Handicap"	"4"	"14"	"Allan, David"	"Jardine, I"
"14:20:00"	"2024-10-28"	"Ayr"	"Billable Grant (IRE)"	"100.00"	"194.74"	"Handicap Hurdle"	"11"	"14"	"Hamilton, Jamie"	"Stephen, Mrs Jackie"
"13:47:00"	"2024-10-28"	"Ayr"	"Santa Clarita (FR)"	"40.00"	"54.24"	"Handicap Hurdle"	"5"	"10"	"Coltherd, Sam W"	"Young Jnr, William"
"13:10:00"	"2024-10-28"	"Wexford"	"Haughty"	"100.00"	"245.25"	"Maiden Hurdle"	"PU"	"14"	"McKenna, Liam"	"Fowler, Mrs Lorna"
"13:00:00"	"2024-10-28"	"Galway"	"Mythical Rock (IRE)"	"11.00"	"15.19"	"Handicap"	"4"	"18"	"McAteer, L T"	"Barrett, James M"
"13:00:00"	"2024-10-28"	"Galway"	"El Regalo (IRE)"	"33.00"	"50"	"Handicap"	"15"	"18"	"Sheridan, J M"	"Ryder, Shane Kieran"
"16:00:00"	"2024-10-27"	"Wexford"	"Buck Rogers (IRE)"	"25.00"	"40"	"Handicap Hurdle"	"4"	"13"	"Quirke, Mr C M"	"Kelly, David Harry"
"15:52:00"	"2024-10-27"	"Wincanton"	"Camino Rocio (IRE)"	"3.00"	"4.28"	"Handicap Novices Chase"	"1"	"12"	"Tudor, Jack"	"Best, Jim/Suzi"
"15:52:00"	"2024-10-27"	"Wincanton"	"Eyed"	"2.75"	"4.06"	"Handicap Novices Chase"	"2"	"12"	"Bass, David"	"Morrison, H"
"15:43:00"	"2024-10-27"	"Galway"	"Moylussa (IRE)"	"16.00"	"20.77"	"Maiden Hurdle"	"5"	"7"	"OKeeffe, Sean F"	"Magnussen, M"
"15:25:00"	"2024-10-27"	"Wexford"	"Ms Agartha Yeats (IRE)"	"8.00"	"16.5"	"Hurdle"	"1"	"5"	"OKeeffe, Darragh"	"Hand, F G"
"15:15:00"	"2024-10-27"	"Wincanton"	"Deise Aba (IRE)"	"25.00"	"29.46"	"Handicap Chase"	"2"	"8"	"Brogan, Kevin"	"Dunn, Mrs Alex"
"15:15:00"	"2024-10-27"	"Wincanton"	"Lieutenant Rocco (IRE)"	"14.00"	"17.37"	"Handicap Chase"	"5"	"8"	"Cannon, Tom J"	"Charlton, Anthony"
"15:00:00"	"2024-10-27"	"Aintree"	"Lennie Godber"	"100.00"	"253.2"	"Maiden Hurdle"	"7"	"7"	"Sheehan, Gavin"	"Cameron, S"
"14:50:00"	"2024-10-27"	"Wexford"	"Rue Taylor (FR)"	"7.00"	"9.91"	"Maiden Hurdle"	"1"	"10"	"Flanagan, S W"	"Nolan, Paul"
"14:17:00"	"2024-10-27"	"Wexford"	"Knock Flyer (IRE)"	"200.00"	"350.75"	"Maiden Hurdle"	"PU"	"12"	"Coen, J"	"Elliott, Gordon"
"13:37:00"	"2024-10-27"	"Wincanton"	"East India Dock"	"0.50"	"1.53"	"Hurdle"	"1"	"10"	"Twiston-Davies, Sam"	"Owen, J P"
"13:37:00"	"2024-10-27"	"Wincanton"	"Mach Ten (IRE)"	"80.00"	"343.57"	"Hurdle"	"5"	"10"	"Cannon, Tom J"	"Charlton, Anthony"
"13:37:00"	"2024-10-27"	"Wincanton"	"St Lukes Chelsea"	"100.00"	"457.66"	"Hurdle"	"7"	"10"	"Carver, Bryan"	"Walford, Robert"
"13:02:00"	"2024-10-27"	"Wincanton"	"Liverpool Knight"	"4.50"	"6.17"	"Handicap Hurdle"	"8"	"9"	"Obrien, Miss Fern"	"OBrien, Fergal"
"19:30:00"	"2024-10-26"	"Chelmsford City"	"Sullivan Bay (IRE)"	"1.75"	"2.86"	"Handicap"	"1"	"7"	"Brookes, Aiden"	"Best, Jim/Suzi"
"17:25:00"	"2024-10-26"	"Chelmsford City"	"Grand Style (FR)"	"66.00"	"100"	"Handicap"	"10"	"10"	"Keenan, Darragh"	"Wigham, M"
"17:00:00"	"2024-10-26"	"Doncaster"	"Drumstick"	"33.00"	"110"	"Handicap"	"9"	"12"	"McDonald, P J"	"Gallagher, J"
"16:45:00"	"2024-10-26"	"Galway"	"Kerrytown Rock (IRE)"	"80.00"	"339.29"	"Handicap Hurdle"	"PU"	"20"	"Meyler, D"	"Gallagher, Shane"
"16:40:00"	"2024-10-26"	"Cheltenham"	"Seatoit (IRE)"	"2.25"	"3.46"	"NH Flat"	"10"	"14"	"Bellamy, Tom"	"Bailey, K C"
"16:30:00"	"2024-10-26"	"Kelso"	"Gold Des Bois (FR)"	"10.00"	"13.52"	"Handicap Chase"	"2"	"6"	"Hamilton, Jamie"	"Thomson, A M"
"15:20:00"	"2024-10-26"	"Kelso"	"Evenwood Sonofagun (IRE)"	"18.00"	"24"	"Handicap Hurdle"	"10"	"15"	"Quinlan, Sean"	"Quinlan, Elizabeth"
"15:03:00"	"2024-10-26"	"Galway"	"Sporting Glory (IRE)"	"1.38"	"2.4"	"Maiden Hurdle"	"1"	"14"	"Ewing, Sam"	"Elliott, Gordon"
"15:03:00"	"2024-10-26"	"Galway"	"Bridies Beau (IRE)"	"5.00"	"8.8"	"Maiden Hurdle"	"8"	"14"	"Stone-Walsh, C"	"Cromwell, Gavin Patrick"
"14:45:00"	"2024-10-26"	"Kelso"	"Gieves (IRE)"	"100.00"	"180.9"	"Handicap Novices Chase"	"10"	"11"	"Austin, Edward"	"McMahon, H"
"14:28:00"	"2024-10-26"	"Galway"	"Downmexicoway (IRE)"	"3.00"	"5"	"Maiden Hurdle"	"2"	"12"	"OConnor, M P"	"Bromhead, Henry De"
"14:28:00"	"2024-10-26"	"Galway"	"Famous Sonnet (IRE)"	"150.00"	"327.59"	"Maiden Hurdle"	"11"	"12"	"OSullivan, Mr E M"	"Flynn, Ms M"
"13:53:00"	"2024-10-26"	"Galway"	"Bacchanalian"	"5.00"	"8"	"Maiden Hurdle"	"4"	"17"	"Fitzgerald, S"	"Queally, Declan"
"13:53:00"	"2024-10-26"	"Galway"	"Jaadil (IRE)"	"150.00"	"990"	"Maiden Hurdle"	"12"	"17"	"Brouder, Gavin"	"Fitzgerald, D E"
"13:53:00"	"2024-10-26"	"Galway"	"Drusilla"	"100.00"	"262.1"	"Maiden Hurdle"	"14"	"17"	"Doyle, R A"	"Collins, C M"
"13:35:00"	"2024-10-26"	"Kelso"	"Bridge Court (IRE)"	"20.00"	"21.59"	"Maiden Hurdle"	"4"	"10"	"Mania, Ryan"	"Thomson, A M"
"13:35:00"	"2024-10-26"	"Kelso"	"Nae Bother At A (IRE)"	"100.00"	"210"	"Maiden Hurdle"	"PU"	"10"	"Coltherd, Sam W"	"Rutherford, Gary"
"20:15:00"	"2024-10-25"	"Wolverhampton"	"Khangai"	"5.00"	"6.6"	"Handicap"	"6"	"11"	"Pearson, Laura"	"Owen, J P"
"18:00:00"	"2024-10-25"	"Dundalk"	"Volatile Analyst (USA)"	"10.00"	"12.21"	"Handicap"	"4"	"14"	"McCullagh, Scott"	"Thorne, Stephen"
"18:00:00"	"2024-10-25"	"Dundalk"	"Cross Border"	"11.00"	"16.28"	"Handicap"	"5"	"14"	"Whearty, R"	"Cromwell, Gavin Patrick"
"18:00:00"	"2024-10-25"	"Dundalk"	"Shoot To Kill (IRE)"	"4.50"	"6.59"	"Handicap"	"11"	"14"	"Ryan, J J G"	"Thorne, Stephen"
"18:00:00"	"2024-10-25"	"Dundalk"	"Serengeti Sunrise (IRE)"	"50.00"	"65.46"	"Handicap"	"14"	"14"	"Woods, Sorcha"	"Watson, R K"
"16:45:00"	"2024-10-25"	"Cheltenham"	"Jetronic (FR)"	"20.00"	"24.56"	"Handicap Hurdle"	"PU"	"10"	"Quinn, Caoilin"	"Moore, Gary and Josh"
"15:56:00"	"2024-10-25"	"Wolverhampton"	"Arizona Beauty (IRE)"	"10.00"	"14.09"	"Handicap Nursery"	"10"	"11"	"Winn, Mark"	"OMeara, D"
"15:45:00"	"2024-10-25"	"Sligo"	"Bossofthebus (IRE)"	"3.00"	"4.27"	"Handicap Hurdle"	"7"	"16"	"Shinnick, J P"	"OBrien, Terence"
"15:45:00"	"2024-10-25"	"Sligo"	"Kilmacurkin (IRE)"	"10.00"	"14.09"	"Handicap Hurdle"	"9"	"16"	"Foley, J B"	"Howard, Aidan Anthony"
"15:35:00"	"2024-10-25"	"Cheltenham"	"No But I Will"	"22.00"	"33.88"	"Handicap Chase"	"15"	"18"	"King, Mr James"	"Llewellyn, Robert"
"15:35:00"	"2024-10-25"	"Cheltenham"	"Individualiste (FR)"	"7.00"	"8.57"	"Handicap Chase"	"16"	"18"	"Lavery, Mr D G"	"Cromwell, Gavin Patrick"
"15:00:00"	"2024-10-25"	"Cheltenham"	"Imaginarium (IRE)"	"16.00"	"22.91"	"Novices Hurdle"	"5"	"6"	"Bowen, Sean P"	"Murphy, Olly"
"14:51:00"	"2024-10-25"	"Newbury"	"Cill Mocheallog (IRE)"	"33.00"	"80"	"Handicap"	"6"	"7"	"Egan, John"	"Ivory, D K"
"13:15:00"	"2024-10-25"	"Cheltenham"	"Deep Cave (IRE)"	"50.00"	"94.12"	"Handicap Hurdle"	"10"	"13"	"Scholfield, Nick"	"Williams, Christian"
"13:15:00"	"2024-10-25"	"Cheltenham"	"Bass Rock (FR)"	"33.00"	"47.4"	"Handicap Hurdle"	"11"	"13"	"Williams, Lorcan"	"Nicholls, Georgina"
"19:00:00"	"2024-10-24"	"Southwell"	"Papa Cocktail (IRE)"	"40.00"	"75"	"Handicap"	"11"	"12"	"Eaves, Tom"	"Herrington,M "
"18:30:00"	"2024-10-24"	"Southwell"	"Kaleidoscope Eyes (IRE)"	"2.00"	"3.51"	"Handicap Nursery"	"2"	"12"	"Watson, Jason"	"Appleby, M"
"17:15:00"	"2024-10-24"	"Carlisle"	"Whoshotthesheriff (IRE)"	"12.00"	"15.48"	"Handicap Chase"	"4"	"15"	"Quinlan, Sean"	"Quinlan, Elizabeth"
"17:15:00"	"2024-10-24"	"Carlisle"	"Rock Of Star (FR)"	"3.33"	"4.9"	"Handicap Chase"	"F"	"15"	"Anderson, Mr A"	"Menzies, Rebecca"
"17:00:00"	"2024-10-24"	"Nottingham"	"Gunsight (IRE)"	"22.00"	"27"	"Handicap"	"7"	"12"	"Hardie, Cameron"	"Dods, M"
"16:35:00"	"2024-10-24"	"Wolverhampton"	"Come On John (IRE)"	"4.00"	"5.2"	"Handicap"	"4"	"11"	"Gibson, Anna"	"Owen, J P"
"15:38:00"	"2024-10-24"	"Clonmel"	"Kaleosun (FR)"	"66.00"	"183.73"	"Handicap Hurdle"	"PU"	"11"	"Barry, Mr J C"	"OConnell, Eamon"
"15:13:00"	"2024-10-24"	"Nottingham"	"Mccauleys Tavern (IRE)"	"5.50"	"6.99"	"Handicap"	"4"	"8"	"McHugh, K S"	"Appleby, M"
"15:03:00"	"2024-10-24"	"Clonmel"	"Phildante (IRE)"	"33.00"	"70.68"	"Maiden Hurdle"	"10"	"15"	"Morgan, Hugh"	"Doyle, Eoin"
"15:03:00"	"2024-10-24"	"Clonmel"	"Shes My Getaway (IRE)"	"250.00"	"1000"	"Maiden Hurdle"	"12"	"15"	"Moore, Niall"	"Cahill, Mark"
"14:55:00"	"2024-10-24"	"Carlisle"	"Ballydisco (IRE)"	"3.00"	"4.69"	"Handicap Novices Chase"	"F"	"5"	"Fox, Derek R"	"Russell, Miss Lucinda V"
"14:28:00"	"2024-10-24"	"Clonmel"	"Late Vocation (IRE)"	"4.00"	"6.59"	"Handicap Hurdle"	"8"	"12"	"Ryan, Mr A P"	"Slattery, Andrew"
"14:28:00"	"2024-10-24"	"Clonmel"	"Tik Tok (FR)"	"16.00"	"28"	"Handicap Hurdle"	"12"	"12"	"Elvin, Miss P"	"Rothwell, P J"
"14:10:00"	"2024-10-24"	"Ludlow"	"Kalium (FR)"	"3.00"	"4.8"	"Novices Hurdle"	"2"	"12"	"Johns, Alan"	"Vaughan, Tim"
"14:10:00"	"2024-10-24"	"Ludlow"	"Stones Throw"	"11.00"	"19.09"	"Novices Hurdle"	"3"	"12"	"Brogan, Kevin"	"Aprahamian, Billy"
"14:10:00"	"2024-10-24"	"Ludlow"	"The Ormer Gatherer"	"200.00"	"1000"	"Novices Hurdle"	"PU"	"12"	"Powell, Brendan"	"Bridgwater, D G"
"17:25:00"	"2024-10-23"	"Navan"	"Lariat"	"80.00"	"160"	"Handicap"	"15"	"20"	"Rutledge, Siobhan"	"McConnell, John C"
"16:15:00"	"2024-10-23"	"Fontwell"	"No Drama (IRE)"	"16.00"	"26.76"	"Handicap Chase"	"6"	"8"	"Bannister, Harry A A"	"Bandey, R J"
"16:05:00"	"2024-10-23"	"Newmarket (Rowley)"	"Lunar Eclipse (IRE)"	"2.00"	"3.08"	"Handicap"	"3"	"10"	"Buick, William"	"Ryan, K A"
"15:45:00"	"2024-10-23"	"Navan"	"Laugh A Minute"	"7.50"	"8.4"	"Handicap"	"3"	"9"	"Whelan, R P"	"Thorne, Stephen"
"15:40:00"	"2024-10-23"	"Fontwell"	"Oscars Moonshine (IRE)"	"10.00"	"12.67"	"Handicap Hurdle"	"4"	"5"	"Nicholls, Miss Olive"	"Nicholls, Georgina"
"15:18:00"	"2024-10-23"	"Southwell"	"Little Watson (IRE)"	"9.00"	"11.5"	"NH Flat"	"2"	"7"	"Atkins, Mr Harry"	"Smith, Miss Suzy"
"15:18:00"	"2024-10-23"	"Southwell"	"Snitterfield (IRE)"	"100.00"	"160"	"NH Flat"	"6"	"7"	"Worsley, Tabitha"	"Coulson, Jake Thomas"
"15:05:00"	"2024-10-23"	"Fontwell"	"Hatos (FR)"	"2.13"	"3.2"	"Handicap Chase"	"3"	"7"	"Powell, Brendan"	"Tizzard, Joe"
"14:35:00"	"2024-10-23"	"Navan"	"Star Allure (IRE)"	"200.00"	"1000"	"Maiden"	"8"	"9"	"Rutledge, Siobhan"	"OConnell, Ms Claire"
"14:08:00"	"2024-10-23"	"Southwell"	"Mahler Moon (IRE)"	"4.50"	"6.16"	"Handicap Novices Chase"	"3"	"6"	"Burke, Jonathan"	"OBrien, Fergal"
"14:00:00"	"2024-10-23"	"Navan"	"Never Shout Never (IRE)"	"9.00"	"11.26"	"Handicap"	"7"	"19"	"Whelan, R P"	"Thorne, Stephen"
"13:55:00"	"2024-10-23"	"Fontwell"	"Walden (FR)"	"12.00"	"16"	"Maiden Hurdle"	"8"	"11"	"Sheppard, Stan"	"Lacey, T"
"13:30:00"	"2024-10-23"	"Navan"	"Marianne North (IRE)"	"18.00"	"44"	"Maiden"	"19"	"19"	"Hayes, C D"	"Rogers, H"
"17:55:00"	"2024-10-22"	"Newcastle"	"Piloto Pardo (IRE)"	"66.00"	"110.55"	"Handicap"	"12"	"14"	"Hardie, Cameron"	"Midgley, P T"
"16:45:00"	"2024-10-22"	"Yarmouth"	"Whats In The Bag (IRE)"	"18.00"	"24.04"	"Handicap"	"3"	"6"	"Marquand, Tom"	"Woods, S P C"
"16:20:00"	"2024-10-22"	"Curragh"	"Our Dagger (IRE)"	"33.00"	"58.82"	"Handicap"	"17"	"24"	"Sheehy, Danny"	"Dawson, Mrs Sarah"
"15:45:00"	"2024-10-22"	"Curragh"	"Wonderwalk (IRE)"	"66.00"	"244.14"	"Handicap"	"16"	"17"	"Sheehy, Danny"	"Ward, V C"
"15:10:00"	"2024-10-22"	"Curragh"	"Aljadel (IRE)"	"11.00"	"20.59"	"Handicap"	"14"	"20"	"Whelan, R P"	"Collins, Tracey / Halford, Mick"
"15:05:00"	"2024-10-22"	"Yarmouth"	"Sneaky Blinder (FR)"	"4.00"	"5.53"	"Handicap"	"7"	"8"	"Shoemark, Kieran"	"Stephens, Robert"
"14:35:00"	"2024-10-22"	"Curragh"	"Sonnyboyliston (IRE)"	"16.00"	"24.06"	"Non-Handicap"	"6"	"11"	"Barron, Mr R W"	"Byrnes, C"
"14:05:00"	"2024-10-22"	"Curragh"	"Lady Gwendeline (IRE)"	"200.00"	"1000"	"Maiden"	"9"	"13"	"Heffernan, J A"	"Rogers, H"
"13:00:00"	"2024-10-22"	"Curragh"	"Clonmacash"	"125.00"	"580"	"Handicap"	"9"	"15"	"Powell, J A"	"McGuinness, Adrian"
"18:00:00"	"2024-10-21"	"Wolverhampton"	"Reverberation"	"28.00"	"41.96"	"Handicap"	"9"	"11"	"Currie, Nicola"	"Murphy, P G"
"16:40:00"	"2024-10-21"	"Bath"	"Auld Toon Loon (IRE)"	"8.50"	"11.5"	"Handicap"	"1"	"7"	"Jamin, Pierre-Louis"	"Dascombe, Tom"
"16:25:00"	"2024-10-21"	"Plumpton"	"River Gold (FR)"	"22.00"	"27"	"Handicap Hurdle"	"5"	"6"	"Twiston-Davies, Sam"	"Owen, J P"
"16:05:00"	"2024-10-21"	"Southwell"	"Patrol (IRE)"	"6.50"	"7.93"	"Handicap Nursery"	"2"	"12"	"Clutterbuck, Rhys"	"Cunha, Dylan"
"16:00:00"	"2024-10-21"	"Gowran Park"	"Tiffany Mae (IRE)"	"33.00"	"64.95"	"Handicap"	"10"	"16"	"Power, D J"	"Power, Oliver J"
"14:25:00"	"2024-10-21"	"Plumpton"	"Birthday Angel (IRE)"	"50.00"	"80.12"	"Novices Hurdle"	"3"	"7"	"Goldstein, Marc"	"Richards, Mrs L"
"14:25:00"	"2024-10-21"	"Plumpton"	"Realistic Optimism (IRE)"	"2.75"	"3.75"	"Novices Hurdle"	"5"	"7"	"Sheehan, Gavin"	"Snowden, Jamie"
"14:25:00"	"2024-10-21"	"Plumpton"	"Lord Maher (IRE)"	"10.00"	"12.83"	"Novices Hurdle"	"6"	"7"	"Cannon, Tom J"	"Jewell, Karen"
"14:00:00"	"2024-10-21"	"Gowran Park"	"Udacha (IRE)"	"100.00"	"434.84"	"Handicap Nursery"	"15"	"16"	"Powell, J A"	"Flynn, Paul W"
"16:10:00"	"2024-10-20"	"Leopardstown"	"Prince Of Eyeries (IRE)"	"33.00"	"44.5"	"Handicap"	"18"	"20"	"Ryan, J J G"	"Barrett, James M"
"16:00:00"	"2024-10-20"	"Kempton"	"Authorized Art (FR)"	"28.00"	"45.31"	"Hurdle"	"3"	"8"	"Houlihan, Niall F"	"Moore, Gary and Josh"
"15:45:00"	"2024-10-20"	"Sedgefield"	"Ocean Legacy (IRE)"	"12.00"	"16.09"	"Handicap Chase"	"3"	"9"	"Anderson, Mr A"	"Menzies, Rebecca"
"15:10:00"	"2024-10-20"	"Sedgefield"	"The Geordie Ginge (IRE)"	"80.00"	"138.68"	"Maiden Hurdle"	"6"	"9"	"OFarrell, C"	"McMahon, H"
"15:10:00"	"2024-10-20"	"Sedgefield"	"Willie Shake Hands (IRE)"	"7.50"	"10.5"	"Maiden Hurdle"	"PU"	"9"	"England, Jonathan"	"England, Sam"
"14:40:00"	"2024-10-20"	"Limerick"	"Robyndeglory (IRE)"	"28.00"	"65"	"Handicap Hurdle"	"13"	"13"	"Gilligan, D J"	"Collins, C M"
"14:35:00"	"2024-10-20"	"Sedgefield"	"Delayed Charm"	"33.00"	"62.78"	"Maiden Hurdle"	"PU"	"5"	"Kavanagh, Peter J"	"Barnes, M A"
"14:00:00"	"2024-10-20"	"Sedgefield"	"Chantilly Rose"	"33.00"	"44"	"Handicap Chase"	"F"	"8"	"Maggs, Mr Charlie"	"Burns, Hugh"
"13:40:00"	"2024-10-20"	"Kempton"	"Cracker Star"	"1.00"	"2.16"	"Hurdle"	"4"	"6"	"Obrien, P V"	"Derham, Harry"
"17:30:00"	"2024-10-19"	"Wolverhampton"	"Doras Tamar (IRE)"	"125.00"	"310"	"Handicap"	"10"	"12"	"Marsh, Finley"	"Wintle, A"
"17:25:00"	"2024-10-19"	"Limerick"	"Switch From Diesel (IRE)"	"0.67"	"1.92"	"NH Flat"	"4"	"6"	"Barron, Mr R W"	"OSullivan, Ross"
"17:20:00"	"2024-10-19"	"Stratford"	"Faitque De Lisle (FR)"	"11.00"	"12.2"	"Handicap Chase"	"6"	"12"	"Quinlan, S M"	"Evans, H J"
"17:00:00"	"2024-10-19"	"Wolverhampton"	"Show Biz Kid (IRE)"	"1.00"	"2.16"	"Novices"	"6"	"7"	"Hogan, D E"	"Feilden, Miss J"
"16:50:00"	"2024-10-19"	"Stratford"	"Brownstone (IRE)"	"22.00"	"34"	"Handicap Hurdle"	"10"	"12"	"Anderson, Joe"	"Harris, Miss G"
"16:35:00"	"2024-10-19"	"Ascot"	"Mr Professor (IRE)"	"14.00"	"17.26"	"Handicap"	"17"	"20"	"Egan, David"	"Freire, Raphael"
"16:25:00"	"2024-10-19"	"Limerick"	"Portarlington (IRE)"	"12.00"	"17.45"	"Handicap Hurdle"	"8"	"18"	"Donoghue, K M"	"Donoghue, Ian"
"15:50:00"	"2024-10-19"	"Limerick"	"Falak (IRE)"	"20.00"	"26"	"Handicap Hurdle"	"8"	"18"	"Harvey, A"	"McCourt, T G"
"15:30:00"	"2024-10-19"	"Stratford"	"Glynn Brae (IRE)"	"1.10"	"2.2"	"Maiden Hurdle"	"1"	"12"	"Twiston-Davies, Sam"	"Twiston-Davies, N A"
"15:30:00"	"2024-10-19"	"Stratford"	"Whatsyourproblem (IRE)"	"2.00"	"3.78"	"Maiden Hurdle"	"4"	"12"	"Burke, Jonathan"	"OBrien, Fergal"
"14:55:00"	"2024-10-19"	"Stratford"	"Its Easy (FR)"	"8.00"	"10.5"	"Handicap Hurdle"	"2"	"6"	"Wedge, Adam"	"Williams, Evan"
"14:20:00"	"2024-10-19"	"Stratford"	"Westerninthepark (IRE)"	"0.62"	"1.66"	"Handicap Chase"	"1"	"6"	"Bowen, Sean P"	"Murphy, Olly"
"13:40:00"	"2024-10-19"	"Stratford"	"Dreaming Diamond (IRE)"	"28.00"	"33.76"	"Handicap Hurdle"	"PU"	"9"	"Jones, Charlotte"	"Young, Maxwell"
"20:15:00"	"2024-10-18"	"Dundalk"	"Ascendent (IRE)"	"125.00"	"995.35"	"Maiden"	"7"	"8"	"Grifferty, Emily"	"McConnell, John C"
"19:45:00"	"2024-10-18"	"Dundalk"	"Sayifyouwill"	"10.00"	"11.83"	"Handicap"	"3"	"8"	"Whelan, R P"	"Thorne, Stephen"
"19:45:00"	"2024-10-18"	"Dundalk"	"Midream (IRE)"	"28.00"	"46"	"Handicap"	"5"	"8"	"Joyce, Wesley"	"Thorne, Stephen"
"19:00:00"	"2024-10-18"	"Newcastle"	"The Ganges (IRE)"	"20.00"	"31.32"	"Maiden"	"4"	"8"	"Sanderson, Benjamin"	"Whitaker, Simon"
"18:15:00"	"2024-10-18"	"Dundalk"	"Wizard Of Odds (IRE)"	"7.50"	"9.48"	"Handicap Nursery"	"10"	"14"	"Foley, Shane"	"Thorne, Stephen"
"17:40:00"	"2024-10-18"	"Uttoxeter"	"Tillaway (IRE)"	"7.00"	"10.39"	"NH Flat"	"5"	"12"	"Gordon, Mr Fred"	"George, T R"
"17:30:00"	"2024-10-18"	"Newcastle"	"Almasi (IRE)"	"22.00"	"28.34"	"Handicap Nursery"	"10"	"10"	"Mason, Joanna"	"Easterby, M W"
"17:05:00"	"2024-10-18"	"Uttoxeter"	"State Of Fame (IRE)"	"14.00"	"24.69"	"Handicap Hurdle"	"7"	"14"	"Sheppard, Stan"	"Lacey, T"
"16:30:00"	"2024-10-18"	"Uttoxeter"	"Lebowski (IRE)"	"9.00"	"12.87"	"Handicap Chase"	"5"	"7"	"Pinchin, Miss L M"	"Longsdon, C E"
"16:05:00"	"2024-10-18"	"Haydock"	"Eden Storm (IRE)"	"150.00"	"563.68"	"Handicap"	"7"	"8"	"Bradley, Paddy"	"Morris, Patrick"
"15:55:00"	"2024-10-18"	"Uttoxeter"	"Pyramid Place (IRE)"	"6.50"	"9.2"	"Handicap Hurdle"	"4"	"8"	"Bowen, Sean P"	"Murphy, Olly"
"15:20:00"	"2024-10-18"	"Uttoxeter"	"Special Acceptance"	"4.50"	"5.81"	"Handicap Chase"	"2"	"8"	"Sheehan, Gavin"	"Aprahamian, Billy"
"15:20:00"	"2024-10-18"	"Uttoxeter"	"Tedwin Hills (IRE)"	"7.50"	"8.89"	"Handicap Chase"	"PU"	"8"	"Scott, Luke"	"Newland, Dr R D P"
"14:27:00"	"2024-10-18"	"Redcar"	"Doddies Impact"	"66.00"	"91.17"	"Handicap"	"10"	"12"	"Hardie, Cameron"	"Pears, Ollie"
"14:10:00"	"2024-10-18"	"Uttoxeter"	"Get The Beat (IRE)"	"2.25"	"3.25"	"Novices Hurdle"	"5"	"8"	"Skelton, Harry"	"Skelton, Daniel"
"14:10:00"	"2024-10-18"	"Uttoxeter"	"Jimmyjeroo"	"200.00"	"817.23"	"Novices Hurdle"	"7"	"8"	"Powell, Brendan"	"Knight, Miss H C"
"13:35:00"	"2024-10-18"	"Uttoxeter"	"Sonification"	"3.50"	"6.7"	"Novices Hurdle"	"5"	"10"	"Obrien, P V"	"Derham, Harry"
"19:30:00"	"2024-10-17"	"Southwell"	"Heretic (IRE)"	"50.00"	"83.77"	"Handicap"	"7"	"12"	"Hogan, D E"	"Herrington,M "
"19:15:00"	"2024-10-17"	"Chelmsford City"	"Apache Eagle"	"14.00"	"17"	"Handicap"	"5"	"7"	"Keenan, Darragh"	"Wigham, M"
"19:00:00"	"2024-10-17"	"Southwell"	"Hightimeyouwon"	"22.00"	"23.38"	"Handicap"	"5"	"12"	"McSweeney, O"	"Thorne, Stephen"
"18:00:00"	"2024-10-17"	"Southwell"	"Jake Loves Laura"	"40.00"	"150.87"	"Novices"	"5"	"8"	"Cox, William"	"Attwater, P"
"17:45:00"	"2024-10-17"	"Chelmsford City"	"High Court Judge (USA)"	"7.00"	"9.58"	"Handicap"	"4"	"9"	"Bowen, S D"	"Owen, J P"
"17:30:00"	"2024-10-17"	"Southwell"	"Shamrock Breeze (IRE)"	"4.00"	"6.82"	"Novices"	"4"	"10"	"Marquand, Tom"	"Thorne, Stephen"
"17:00:00"	"2024-10-17"	"Southwell"	"Al Najada (IRE)"	"80.00"	"160"	"Handicap"	"8"	"9"	"Chalkley, Lewis"	"Easterby, M W"
"16:45:00"	"2024-10-17"	"Curragh"	"Purring Along (IRE)"	"28.00"	"36.73"	"Handicap"	"1"	"27"	"Lordan, W M"	"Melia, Aidan"
"16:40:00"	"2024-10-17"	"Wincanton"	"Wreckless Eric"	"2.25"	"3.71"	"Handicap Hurdle"	"F"	"10"	"Woods, K K"	"ONeill, Jonjo and AJ"
"16:03:00"	"2024-10-17"	"Wincanton"	"Thirtyfour Thirty"	"7.50"	"10.48"	"Handicap Hurdle"	"9"	"9"	"Cannon, Tom J"	"Charlton, Anthony"
"15:15:00"	"2024-10-17"	"Brighton"	"The Smiling Wolf"	"33.00"	"43.71"	"Handicap"	"10"	"11"	"Greatrex, Edward"	"Butler, John"
"14:32:00"	"2024-10-17"	"Carlisle"	"Malicash (IRE)"	"2.25"	"3.64"	"Novices Hurdle"	"2"	"10"	"Hughes, Brian"	"McCain Jnr, D"
"14:32:00"	"2024-10-17"	"Carlisle"	"Star Contact (IRE)"	"200.00"	"640.12"	"Novices Hurdle"	"PU"	"10"	"Bewley, Callum"	"Todhunter, M"
"13:57:00"	"2024-10-17"	"Carlisle"	"Joshua Des Flos (FR)"	"16.00"	"20.56"	"Handicap Novices Chase"	"UR"	"5"	"Hamilton, Jamie"	"Menzies, Rebecca"
"13:43:00"	"2024-10-17"	"Wincanton"	"Vaguely Royal (IRE)"	"9.00"	"31.21"	"Maiden Hurdle"	"4"	"8"	"Cobden, Harry"	"Charlton, Anthony"
"13:43:00"	"2024-10-17"	"Wincanton"	"Reggino (FR)"	"125.00"	"1000"	"Maiden Hurdle"	"8"	"8"	"Nolan, Michael G"	"Gray, C J"
"13:22:00"	"2024-10-17"	"Carlisle"	"Dreams Of Home (IRE)"	"12.00"	"18.45"	"Handicap Hurdle"	"9"	"11"	"Lynn, Bruce"	"Todhunter, M"
"13:22:00"	"2024-10-17"	"Carlisle"	"Pacini"	"125.00"	"438.87"	"Handicap Hurdle"	"10"	"11"	"Doyle, Alan"	"Hamilton, A B"
"19:15:00"	"2024-10-16"	"Kempton"	"Bohemian Breeze (IRE)"	"80.00"	"166.38"	"Handicap"	"10"	"14"	"Clutterbuck, Rhys"	"Moore, Gary and Josh"
"17:03:00"	"2024-10-16"	"Wetherby"	"Quid Pro Quo (IRE)"	"33.00"	"59.41"	"Handicap Hurdle"	"11"	"11"	"McLernon, R P"	"Haslam, B M R"
"16:38:00"	"2024-10-16"	"Worcester"	"Fromheretoeternity (IRE)"	"10.00"	"16.92"	"Handicap Hurdle"	"1"	"7"	"Quinlan, Sean"	"Candlish, Jennie"
"16:38:00"	"2024-10-16"	"Worcester"	"Dorcas Road (IRE)"	"18.00"	"31.39"	"Handicap Hurdle"	"PU"	"7"	"Poste, Ben J"	"Dickin, Harriet"
"16:30:00"	"2024-10-16"	"Wetherby"	"Storminhome (IRE)"	"3.50"	"5.29"	"Handicap Novices Chase"	"3"	"9"	"Woods, K K"	"Skelton, Daniel"
"16:20:00"	"2024-10-16"	"Punchestown"	"Read To Return (IRE)"	"4.00"	"5.2"	"Handicap Chase"	"4"	"12"	"OConnor, Derek"	"OLeary, Mrs C"
"16:08:00"	"2024-10-16"	"Worcester"	"Kap De Triomphe (FR)"	"50.00"	"150.16"	"Novices Hurdle"	"9"	"11"	"Wedge, Adam"	"Williams, Christian"
"16:08:00"	"2024-10-16"	"Worcester"	"Fan Magnet (FR)"	"250.00"	"1000"	"Novices Hurdle"	"11"	"11"	"Houlihan, Sean M"	"Lewis, Mrs S W"
"15:15:00"	"2024-10-16"	"Nottingham"	"Bright Lily"	"12.00"	"14.91"	"Handicap Nursery"	"2"	"11"	"Larson, Frederick"	"Appleby, M"
"15:00:00"	"2024-10-16"	"Wetherby"	"Normandy Legend"	"66.00"	"85.32"	"Hurdle"	"PU"	"6"	"Wynne, Toby"	"Greenall, O / Guerriero, J"
"14:20:00"	"2024-10-16"	"Punchestown"	"Saddle Her Up (IRE)"	"12.00"	"17.68"	"Handicap Hurdle"	"7"	"9"	"Fitzgerald, S"	"Queally, Declan"
"14:08:00"	"2024-10-16"	"Worcester"	"Flash In The Park (IRE)"	"2.50"	"4.4"	"Handicap Chase"	"5"	"14"	"Skelton, Harry"	"Skelton, Daniel"
"13:50:00"	"2024-10-16"	"Punchestown"	"Another Glendaars (IRE)"	"80.00"	"300"	"Maiden Hurdle"	"5"	"10"	"Torrens, Simon"	"Howard, Aidan Anthony"
"13:50:00"	"2024-10-16"	"Punchestown"	"Royal Noble (IRE)"	"200.00"	"1000"	"Maiden Hurdle"	"7"	"10"	"Foley, J B"	"Cleary, Michael G"
"20:00:00"	"2024-10-15"	"Newcastle"	"Jujubella (IRE)"	"9.00"	"10.64"	"Handicap"	"4"	"10"	"Orr, Oisin"	"Russell, Miss Lucinda V"
"19:30:00"	"2024-10-15"	"Newcastle"	"Commander Of Life (IRE)"	"5.50"	"8.02"	"Handicap"	"2"	"9"	"Edmunds, Lewis"	"Macey, Jessica"
"17:35:00"	"2024-10-15"	"Leicester"	"Swatch (IRE)"	"22.00"	"34.23"	"Handicap"	"4"	"10"	"Queally, T P"	"Moore, Gary and Josh"
"16:35:00"	"2024-10-15"	"Market Rasen"	"Lunar Ocean (IRE)"	"4.00"	"5.67"	"Handicap Novices Chase"	"2"	"8"	"Brogan, Kevin"	"Aprahamian, Billy"
"16:35:00"	"2024-10-15"	"Market Rasen"	"Socks Off (IRE)"	"14.00"	"17.9"	"Handicap Novices Chase"	"6"	"8"	"Hamilton, Jamie"	"Easterby, M W"
"16:30:00"	"2024-10-15"	"Leicester"	"Rajwaan"	"66.00"	"258.15"	"Seller"	"9"	"9"	"Williams, Jordan"	"Llewellyn, B J"
"16:25:00"	"2024-10-15"	"Newcastle"	"Moonfleet Moment (IRE)"	"100.00"	"310.37"	"Handicap"	"9"	"12"	"Robinson, Ben"	"Nicol, Adam"
"16:20:00"	"2024-10-15"	"Punchestown"	"French Milan (IRE)"	"50.00"	"163.14"	"Handicap Hurdle"	"5"	"17"	"Foley, J B"	"Howard, Aidan Anthony"
"16:20:00"	"2024-10-15"	"Punchestown"	"Chapel Street (IRE)"	"22.00"	"42.5"	"Handicap Hurdle"	"13"	"17"	"OBrien, Mr E P"	"Hennessy, Richard"
"16:20:00"	"2024-10-15"	"Punchestown"	"Glendars Mahler (IRE)"	"12.00"	"15.5"	"Handicap Hurdle"	"UR"	"17"	"Torrens, Simon"	"Howard, Aidan Anthony"
"15:45:00"	"2024-10-15"	"Yarmouth"	"Indian Romance (IRE)"	"33.00"	"60"	"Handicap"	"7"	"7"	"Planas, Connor"	"Jenkins, J R"
"14:20:00"	"2024-10-15"	"Punchestown"	"Chartwells Lady"	"22.00"	"50"	"Hurdle"	"5"	"7"	"OBrien, P M"	"McLoughlin, D A"
"20:00:00"	"2024-10-14"	"Wolverhampton"	"Winter Life (IRE)"	"150.00"	"444.4"	"Handicap"	"8"	"9"	"Whittington, Elisha"	"Davies, Miss Sarah-Jayne"
"19:45:00"	"2024-10-14"	"Kempton"	"Au Lait (IRE)"	"50.00"	"59.21"	"Handicap"	"13"	"14"	"Crowley, Jim"	"Allen, C N"
"19:30:00"	"2024-10-14"	"Wolverhampton"	"Mr Slicker (FR)"	"16.00"	"24"	"Handicap"	"8"	"9"	"Edmunds, Lewis"	"Hollinshead, Sarah"
"19:00:00"	"2024-10-14"	"Wolverhampton"	"Fitz Perfectly (FR)"	"18.00"	"24.43"	"Handicap"	"4"	"12"	"Rawlinson, Ali"	"Brooke, Daniel"
"19:00:00"	"2024-10-14"	"Wolverhampton"	"Precious Lagatha"	"50.00"	"151.26"	"Handicap"	"11"	"12"	"Lee, Clifford"	"Rimell, M G"
"18:45:00"	"2024-10-14"	"Kempton"	"Tasdeed (FR)"	"40.00"	"98.85"	"Novices"	"4"	"12"	"Cox, William"	"Attwater, P"
"18:30:00"	"2024-10-14"	"Wolverhampton"	"Lumberjack"	"6.50"	"9.04"	"Handicap"	"8"	"8"	"Keenan, Darragh"	"Usher, M D I"
"17:20:00"	"2024-10-14"	"Roscommon"	"Pink Aurora (IRE)"	"80.00"	"325.65"	"Handicap"	"14"	"16"	"Hayes, C D"	"Cleary, Thomas"
"17:05:00"	"2024-10-14"	"Hereford"	"No No Fizz (IRE)"	"1.75"	"3.04"	"Handicap Hurdle"	"4"	"9"	"Burke, Jonathan"	"OBrien, Fergal"
"17:00:00"	"2024-10-14"	"Wolverhampton"	"Its Only Fun (IRE)"	"66.00"	"93.42"	"Novices"	"6"	"7"	"ONeill, K T"	"Candlish, Jennie"
"17:00:00"	"2024-10-14"	"Wolverhampton"	"Colocolo"	"28.00"	"38.28"	"Novices"	"7"	"7"	"Rawlinson, Ali"	"Appleby, M"
"15:00:00"	"2024-10-14"	"Hereford"	"Haas Boy (FR)"	"4.50"	"5.74"	"Handicap Hurdle"	"3"	"8"	"Bellamy, Tom"	"Lavelle, Miss E C"
"14:05:00"	"2024-10-14"	"Roscommon"	"Top Of The Pops"	"100.00"	"261.54"	"Handicap"	"9"	"12"	"Joyce, Wesley"	"Murray, J G"
"17:40:00"	"2024-10-13"	"Ffos Las"	"Tamarind Bay (IRE)"	"1.20"	"2.42"	"Maiden NH Flat"	"3"	"7"	"Bowen, James C"	"Bowen, Peter / Michael"
"17:05:00"	"2024-10-13"	"Ffos Las"	"Kadex (FR)"	"11.00"	"13.5"	"Handicap Chase"	"PU"	"8"	"Turner, James"	"Jones, A E"
"16:55:00"	"2024-10-13"	"Cork"	"Noble Birth"	"3.33"	"4.91"	"Handicap Chase"	"3"	"12"	"King, D"	"Cromwell, Gavin Patrick"
"16:30:00"	"2024-10-13"	"Ffos Las"	"Tip Top Tonto (IRE)"	"50.00"	"91.54"	"Handicap Hurdle"	"8"	"13"	"Williams, Lorcan"	"Thorpe, Mrs A M"
"15:55:00"	"2024-10-13"	"Ffos Las"	"Jipcot (FR)"	"8.50"	"12.84"	"Handicap Hurdle"	"7"	"10"	"Woods, K K"	"ONeill, Jonjo and AJ"
"15:55:00"	"2024-10-13"	"Ffos Las"	"Wewillgowithplanb (IRE)"	"40.00"	"58.65"	"Handicap Hurdle"	"10"	"10"	"Wedge, Adam"	"Williams, Evan"
"14:45:00"	"2024-10-13"	"Ffos Las"	"Neo King (FR)"	"6.00"	"12"	"Maiden Hurdle"	"3"	"10"	"Wedge, Adam"	"Williams, Evan"
"14:00:00"	"2024-10-13"	"Cork"	"Star Runner"	"9.00"	"12.74"	"Maiden Hurdle"	"2"	"7"	"Brown, O R"	"Durkan, William"
"17:25:00"	"2024-10-12"	"Hexham"	"Royal Romance"	"150.00"	"709.46"	"NH Flat"	"9"	"9"	"Austin, Edward"	"Robson, Paul"
"16:55:00"	"2024-10-12"	"Hexham"	"Okavango Delta (IRE)"	"9.00"	"13.44"	"Handicap Chase"	"4"	"10"	"Nichol, Craig"	"Robson, Paul"
"16:55:00"	"2024-10-12"	"Hexham"	"Uncle Mac (IRE)"	"8.00"	"11.46"	"Handicap Chase"	"PU"	"10"	"Austin, Edward"	"Robson, Paul"
"16:45:00"	"2024-10-12"	"Chelmsford City"	"Arlos Sunshine"	"80.00"	"153.6"	"Handicap"	"9"	"10"	"Wright, Liam"	"Cassidy, Stephanie"
"15:05:00"	"2024-10-12"	"Hexham"	"See A Stride (IRE)"	"9.00"	"13.35"	"Maiden Hurdle"	"4"	"10"	"Moscrop, Nathan"	"Corbett, Mrs Susan"
"15:05:00"	"2024-10-12"	"Hexham"	"Kall Me Emma (IRE)"	"200.00"	"617.03"	"Maiden Hurdle"	"PU"	"10"	"McMenamin, Daniel"	"Grant, C"
"14:45:00"	"2024-10-12"	"Chepstow"	"Mombasa (FR)"	"16.00"	"21.79"	"Novices Chase"	"4"	"5"	"Maxwell, David"	"Zetterholm, N & A"
"14:35:00"	"2024-10-12"	"Naas"	"Lady Pagasa (IRE)"	"7.00"	"10.45"	"Maiden"	"2"	"12"	"Foley, Shane"	"Murtagh, J P"
"14:30:00"	"2024-10-12"	"Hexham"	"Joecooker (FR)"	"3.00"	"4.8"	"Novices Hurdle"	"6"	"14"	"Chapman, Ross"	"Menzies, Rebecca"
"14:15:00"	"2024-10-12"	"Fairyhouse"	"Teagarden Jazz"	"18.00"	"24.68"	"Maiden Hurdle"	"6"	"9"	"Quirke, Mr C M"	"Keegan, Charles P"
"13:40:00"	"2024-10-12"	"Fairyhouse"	"Sarrealta (IRE)"	"12.00"	"17.39"	"Maiden Hurdle"	"5"	"10"	"McKenna, Liam"	"Murphy, C A"
"13:35:00"	"2024-10-12"	"Chepstow"	"My Noble Lord (USA)"	"0.91"	"2.01"	"Hurdle"	"1"	"5"	"ONeill, Jonjo (Jr)"	"Greenall, O / Guerriero, J"
"20:30:00"	"2024-10-11"	"Dundalk"	"Slowdownbarney (IRE)"	"125.00"	"454.21"	"Handicap"	"10"	"14"	"Rutledge, Siobhan"	"McConnell, John C"
"19:45:00"	"2024-10-11"	"Kempton"	"Royal Parade (IRE)"	"50.00"	"93.59"	"Handicap"	"11"	"14"	"McEntee, Grace"	"McEntee, P S"
"18:30:00"	"2024-10-11"	"Dundalk"	"Beauty Bella (IRE)"	"66.00"	"105.4"	"Handicap"	"14"	"14"	"Carroll, G F"	"McConnell, John C"
"17:45:00"	"2024-10-11"	"Kempton"	"Sold The Dream"	"28.00"	"34.06"	"Handicap"	"5"	"14"	"Carson, William"	"Madgwick, M"
"17:45:00"	"2024-10-11"	"Kempton"	"Serendipitous Lady (IRE)"	"80.00"	"160"	"Handicap"	"12"	"14"	"Fisher, Taylor"	"Johnson, B R"
"17:30:00"	"2024-10-11"	"Chepstow"	"Jaitroplaclasse (FR)"	"33.00"	"58.24"	"Handicap Chase"	"10"	"13"	"Clarke, Mr Sean"	"Llewellyn, Robert"
"17:00:00"	"2024-10-11"	"Chepstow"	"Washington"	"0.73"	"1.73"	"Handicap Hurdle"	"1"	"7"	"Obrien, P V"	"Derham, Harry"
"17:00:00"	"2024-10-11"	"Chepstow"	"Lupus Regem"	"22.00"	"45.14"	"Handicap Hurdle"	"PU"	"7"	"Poste, Ben J"	"Dickin, Harriet"
"15:50:00"	"2024-10-11"	"Chepstow"	"Diol Ker (FR)"	"20.00"	"33.14"	"Handicap Chase"	"PU"	"10"	"Wedge, Adam"	"Williams, Evan"
"15:45:00"	"2024-10-11"	"York"	"The Fixer (IRE)"	"80.00"	"197.12"	"Handicap"	"14"	"17"	"ONeill, K T"	"Dixon, Scott"
"14:50:00"	"2024-10-11"	"Downpatrick"	"Mercury Mission"	"14.00"	"19.05"	"Handicap Novices Hurdle"	"5"	"6"	"Owens, C"	"Rothwell, P J"
"14:45:00"	"2024-10-11"	"Chepstow"	"Regatta De Blanc"	"0.67"	"1.7"	"Novices Hurdle"	"3"	"16"	"Cobden, Harry"	"Nicholls, P F"
"14:45:00"	"2024-10-11"	"Chepstow"	"Sanda Rena (IRE)"	"28.00"	"66.7"	"Novices Hurdle"	"4"	"16"	"Woods, K K"	"ONeill, Jonjo and AJ"
"13:35:00"	"2024-10-11"	"Chepstow"	"Tuxedo Junction"	"28.00"	"53.85"	"Novices Hurdle"	"5"	"12"	"Tudor, Jack"	"Pipe, D E"
"13:35:00"	"2024-10-11"	"Chepstow"	"De Vegas Warrior (IRE)"	"200.00"	"459.3"	"Novices Hurdle"	"12"	"12"	"Powell, Brendan"	"Knight, Miss H C"
"13:30:00"	"2024-10-11"	"York"	"Alzahir (FR)"	"50.00"	"112.9"	"Handicap"	"7"	"16"	"ONeill, K T"	"Candlish, Jennie"
"20:30:00"	"2024-10-10"	"Southwell"	"Call Glory (IRE)"	"22.00"	"48"	"Handicap"	"6"	"12"	"Fallon, Cieren"	"Williams, Ian"
"19:00:00"	"2024-10-10"	"Southwell"	"Oscar Doodle"	"40.00"	"66.41"	"Handicap"	"12"	"12"	"Hardie, Cameron"	"Williams, Olly"
"17:00:00"	"2024-10-10"	"Tramore"	"Mazzas Mahler (IRE)"	"25.00"	"38"	"Beginners Chase"	"9"	"10"	"Millar, Mr C P"	"Hughes, Thomas R"
"16:43:00"	"2024-10-10"	"Exeter"	"Maska Du Morvan (FR)"	"80.00"	"110"	"Handicap Chase"	"PU"	"10"	"Hammond, Charlie"	"Ponting, J"
"16:08:00"	"2024-10-10"	"Exeter"	"Penna Rossa (IRE)"	"3.33"	"4.44"	"Handicap Hurdle"	"2"	"18"	"Bellamy, Tom"	"Burke, Kieran"
"16:08:00"	"2024-10-10"	"Exeter"	"Sindri"	"50.00"	"101.41"	"Handicap Hurdle"	"10"	"18"	"Johns, Alan"	"Vaughan, Tim"
"16:08:00"	"2024-10-10"	"Exeter"	"Escobedo"	"14.00"	"23"	"Handicap Hurdle"	"12"	"18"	"Jones, Lily"	"Signy, Oliver"
"16:00:00"	"2024-10-10"	"Ayr"	"Spun To Gold (USA)"	"33.00"	"60"	"Handicap"	"10"	"13"	"Waugh, Amie"	"Goldie, J S"
"15:50:00"	"2024-10-10"	"Tramore"	"Brianna Lily (IRE)"	"7.00"	"8.46"	"Handicap Hurdle"	"3"	"8"	"Callaghan, Mr K"	"Barcoe, James M"
"15:40:00"	"2024-10-10"	"Thurles"	"Londonofficecallin (IRE)"	"0.83"	"2.07"	"Handicap"	"1"	"13"	"Hassett, M W"	"Cromwell, Gavin Patrick"
"15:40:00"	"2024-10-10"	"Thurles"	"Pegasus Of Harry"	"25.00"	"40.34"	"Handicap"	"12"	"13"	"Crosse, Nathan"	"OConnell, Eamon"
"15:05:00"	"2024-10-10"	"Thurles"	"Chou Chou (IRE)"	"28.00"	"48"	"Handicap"	"12"	"14"	"Hayes, C D"	"OConnell, Eamon"
"14:58:00"	"2024-10-10"	"Exeter"	"As Fast As Wind (IRE)"	"80.00"	"123.39"	"Maiden Hurdle"	"7"	"9"	"Reed, Harry"	"Hitchins, Daisy"
"14:58:00"	"2024-10-10"	"Exeter"	"Flyover (IRE)"	"250.00"	"1000"	"Maiden Hurdle"	"8"	"9"	"Houlihan, Sean M"	"Vaughan, Tim"
"20:15:00"	"2024-10-09"	"Kempton"	"Night Arc"	"50.00"	"116.96"	"Handicap"	"12"	"12"	"Pearson, Laura"	"Johnson, B R"
"19:45:00"	"2024-10-09"	"Kempton"	"La Verite"	"14.00"	"19"	"Handicap"	"3"	"13"	"Mackay, Jay"	"Owens, Patrick"
"17:05:00"	"2024-10-09"	"Ludlow"	"Another Pearl"	"16.00"	"19.5"	"NH Flat"	"5"	"7"	"Bowen, Sean P"	"Nicholls, Georgina"
"16:57:00"	"2024-10-09"	"Navan"	"Tea Olive (FR)"	"40.00"	"71.67"	"Handicap"	"12"	"16"	"McCullagh, Scott"	"Breen, Leanne"
"16:28:00"	"2024-10-09"	"Sedgefield"	"Crazy About Her (IRE)"	"20.00"	"29.96"	"NH Flat"	"7"	"12"	"Worsley, Tabitha"	"Coulson, Jake Thomas"
"16:17:00"	"2024-10-09"	"Nottingham"	"Climate Action"	"11.00"	"11.92"	"Handicap"	"9"	"11"	"Doyle, James"	"Owen, J P"
"15:21:00"	"2024-10-09"	"Navan"	"Un Bacio Ancora (IRE)"	"50.00"	"120"	"Handicap"	"16"	"18"	"Francis, Miss Isabella"	"Barcoe, James M"
"14:35:00"	"2024-10-09"	"Ludlow"	"Russian Ballerina (GER)"	"250.00"	"911.84"	"Maiden Hurdle"	"10"	"12"	"Best, J A"	"Davies, Miss Sarah-Jayne"
"14:28:00"	"2024-10-09"	"Sedgefield"	"Coolmoyne"	"3.50"	"5.2"	"Handicap Chase"	"2"	"6"	"Bannister, Harry A A"	"Ender, Miss S J"
"14:21:00"	"2024-10-09"	"Navan"	"Lady Fox (IRE)"	"3.00"	"4.41"	"Maiden"	"8"	"14"	"Hassett, M W"	"Bromhead, Henry De"
"14:05:00"	"2024-10-09"	"Ludlow"	"Gentleman Jacques (IRE)"	"3.33"	"4.4"	"Handicap Hurdle"	"PU"	"9"	"Anderson, Joe"	"Lavelle, Miss E C"
"13:58:00"	"2024-10-09"	"Sedgefield"	"Felix Summus (IRE)"	"14.00"	"18.94"	"Maiden Hurdle"	"5"	"10"	"Hanlon, Mr P"	"Hanlon, John Joseph"
"13:58:00"	"2024-10-09"	"Sedgefield"	"Leader Wing (IRE)"	"16.00"	"20.35"	"Maiden Hurdle"	"6"	"10"	"Moscrop, Nathan"	"Boanas, Miss G"
"20:00:00"	"2024-10-08"	"Southwell"	"Anglesey Lad (IRE)"	"10.00"	"13.01"	"Handicap"	"8"	"8"	"Morris, Luke"	"Dixon, Scott"
"17:15:00"	"2024-10-08"	"Brighton"	"Bobby Dassler (IRE)"	"3.00"	"4.12"	"Handicap"	"3"	"9"	"Keenan, Darragh"	"Wigham, M"
"16:55:00"	"2024-10-08"	"Southwell"	"Vibrato (IRE)"	"3.33"	"4.42"	"Maiden"	"3"	"5"	"McDonald, P J"	"Candlish, Jennie"
"16:50:00"	"2024-10-08"	"Galway"	"Jacenry (FR)"	"4.50"	"6.4"	"Handicap Chase"	"F"	"7"	"Harvey, Mr B W"	"Harvey, William"
"16:10:00"	"2024-10-08"	"Brighton"	"Reel Power"	"100.00"	"237.88"	"Handicap"	"10"	"10"	"Clutterbuck, Rhys"	"Butler, P"
"15:00:00"	"2024-10-08"	"Huntingdon"	"Recoded (IRE)"	"1.00"	"1.94"	"Maiden Hurdle"	"2"	"6"	"Obrien, P V"	"Derham, Harry"
"15:00:00"	"2024-10-08"	"Huntingdon"	"The Gray Ghost (IRE)"	"4.00"	"6.72"	"Maiden Hurdle"	"4"	"6"	"Harrison, Liam"	"Llewellyn, Robert"
"14:45:00"	"2024-10-08"	"Galway"	"Hurricane Honey (IRE)"	"28.00"	"42"	"Handicap Hurdle"	"4"	"12"	"Kelly, Eoin G"	"Murray, Adrian"
"18:00:00"	"2024-10-07"	"Wolverhampton"	"Tequila (FR)"	"4.00"	"5.73"	"Novices"	"4"	"11"	"Probert, David"	"Freire, Raphael"
"17:37:00"	"2024-10-07"	"Stratford"	"Azaris (FR)"	"100.00"	"117.65"	"NH Flat"	"5"	"5"	"Ryder, Isabelle"	"Brennan, F J"
"17:02:00"	"2024-10-07"	"Stratford"	"Nadim (IRE)"	"8.50"	"10.54"	"Handicap Novices Chase"	"3"	"11"	"David, Mr Robbie"	"Hitchins, Daisy"
"16:50:00"	"2024-10-07"	"Fairyhouse"	"Movie King (IRE)"	"14.00"	"18.97"	"Handicap Hurdle"	"3"	"11"	"Costello, Mr J"	"OLeary, Mrs C"
"16:27:00"	"2024-10-07"	"Stratford"	"River Robe (IRE)"	"22.00"	"31.77"	"Handicap Novices Hurdle"	"4"	"11"	"Best, J A"	"Davies, Miss Sarah-Jayne"
"15:25:00"	"2024-10-07"	"Yarmouth"	"Manhattan Mirage (IRE)"	"1.75"	"3.14"	"Novices"	"2"	"4"	"Egan, David"	"Freire, Raphael"
"15:02:00"	"2024-10-07"	"Pontefract"	"Angel Of England"	"33.00"	"54.29"	"Handicap"	"8"	"9"	"Allan, David"	"Brown, A D"
"14:42:00"	"2024-10-07"	"Stratford"	"Copshill Lad (IRE)"	"2.00"	"3.3"	"Handicap Hurdle"	"1"	"10"	"Stevens, Miss A"	"Derham, Harry"
"14:42:00"	"2024-10-07"	"Stratford"	"Flashy Boy (IRE)"	"5.00"	"6.88"	"Handicap Hurdle"	"3"	"10"	"Gingell, Mr Frederick"	"Llewellyn, Robert"
"17:20:00"	"2024-10-06"	"Uttoxeter"	"Ned Cash"	"1.25"	"2.36"	"Handicap Hurdle"	"2"	"9"	"Twiston-Davies, Sam"	"Twiston-Davies, N A"
"17:20:00"	"2024-10-06"	"Uttoxeter"	"Mini Yeats (IRE)"	"11.00"	"15"	"Handicap Hurdle"	"7"	"9"	"Houlihan, Sean M"	"Vaughan, Tim"
"17:00:00"	"2024-10-06"	"Kelso"	"Captain Marco"	"3.50"	"6.2"	"Handicap Hurdle"	"PU"	"11"	"Iles, Cameron"	"Vaughan, Tim"
"17:00:00"	"2024-10-06"	"Kelso"	"Looking Splendid"	"14.00"	"15.62"	"Handicap Hurdle"	"PU"	"11"	"Lynn, Bruce"	"Rutherford, Gary"
"16:25:00"	"2024-10-06"	"Kelso"	"Luminaries (IRE)"	"80.00"	"151.99"	"Handicap Hurdle"	"7"	"11"	"Johnston, Dylan"	"Whillans, Ewan"
"16:25:00"	"2024-10-06"	"Kelso"	"Iwa (FR)"	"11.00"	"14.06"	"Handicap Hurdle"	"8"	"11"	"Atkins, Mr Harry"	"Jeffreys, D J"
"15:35:00"	"2024-10-06"	"Uttoxeter"	"Wellhavewan (IRE)"	"40.00"	"50"	"Handicap Hurdle"	"5"	"5"	"Hamilton, Jamie"	"Menzies, Rebecca"
"15:25:00"	"2024-10-06"	"Killarney"	"Iron Allen (FR)"	"9.00"	"14.86"	"Handicap Hurdle"	"7"	"11"	"Barron, Mr R W"	"Hayes, John G"
"15:15:00"	"2024-10-06"	"Kelso"	"Brandy Mcqueen (IRE)"	"1.88"	"3.06"	"Handicap Chase"	"2"	"10"	"Lynn, Bruce"	"Rutherford, Gary"
"15:15:00"	"2024-10-06"	"Kelso"	"Captain Quint (IRE)"	"14.00"	"21.59"	"Handicap Chase"	"6"	"10"	"Nichol, Craig"	"Robson, Paul"
"14:40:00"	"2024-10-06"	"Kelso"	"The Northernlights (IRE)"	"3.00"	"4.4"	"Novices Hurdle"	"6"	"9"	"McMenamin, Daniel"	"Thomson, A M"
"14:40:00"	"2024-10-06"	"Kelso"	"Reliance Kid (FR)"	"125.00"	"385.49"	"Novices Hurdle"	"7"	"9"	"Bewley, Callum"	"Wilson, A"
"14:40:00"	"2024-10-06"	"Kelso"	"Rogue Lion"	"33.00"	"60"	"Novices Hurdle"	"9"	"9"	"Midgley, Tom"	"Smith, Mrs S J"
"13:50:00"	"2024-10-06"	"Uttoxeter"	"The Grafter (IRE)"	"18.00"	"29.97"	"Maiden Hurdle"	"3"	"12"	"England, Jonathan"	"England, Sam"
"13:50:00"	"2024-10-06"	"Uttoxeter"	"Jim De Sarti (FR)"	"11.00"	"21.82"	"Maiden Hurdle"	"6"	"12"	"Sheppard, Stan"	"Lacey, T"
"13:50:00"	"2024-10-06"	"Uttoxeter"	"Pooroldmackley (IRE)"	"200.00"	"520"	"Maiden Hurdle"	"9"	"12"	"Ring, C V"	"Williams, Evan"
"13:50:00"	"2024-10-06"	"Uttoxeter"	"Mon Petit Ami"	"300.00"	"1000"	"Maiden Hurdle"	"10"	"12"	"Houlihan, Sean M"	"Vaughan, Tim"
"13:50:00"	"2024-10-06"	"Uttoxeter"	"First Cut"	"125.00"	"460"	"Maiden Hurdle"	"11"	"12"	"Hammond, Charlie"	"Edmunds, Stuart"
"13:15:00"	"2024-10-06"	"Uttoxeter"	"Norn Iron (IRE)"	"1.38"	"2.53"	"Maiden Hurdle"	"2"	"13"	"Powell, Brendan"	"Derham, Harry"
"13:15:00"	"2024-10-06"	"Uttoxeter"	"Amico Amore"	"200.00"	"686.26"	"Maiden Hurdle"	"UR"	"13"	"Lenihan, Kai"	"Hanmer, G D"
"20:30:00"	"2024-10-05"	"Wolverhampton"	"Speed Court"	"66.00"	"116.76"	"Handicap"	"9"	"12"	"Hogan, D E"	"Young, Maxwell"
"19:15:00"	"2024-10-05"	"Southwell"	"Tippy Top"	"40.00"	"80.26"	"Maiden"	"5"	"11"	"ONeill, K T"	"Tutty, Gemma"
"19:00:00"	"2024-10-05"	"Wolverhampton"	"Big Impact"	"3.50"	"5"	"Handicap"	"9"	"10"	"Fisher, Taylor"	"Faulkner, T"
"18:30:00"	"2024-10-05"	"Wolverhampton"	"Ashtanga"	"80.00"	"140"	"Handicap"	"6"	"8"	"Haynes, Joey"	"Dixon, Scott"
"17:45:00"	"2024-10-05"	"Southwell"	"Neapolitan (FR)"	"150.00"	"503.17"	"Handicap"	"11"	"11"	"Jary, Alex"	"Brittain, Antony"
"17:10:00"	"2024-10-05"	"Curragh"	"Tic Tac Toe (IRE)"	"80.00"	"272.85"	"Handicap"	"23"	"25"	"Joyce, Wesley"	"Byrne, Philip Michael"
"16:50:00"	"2024-10-05"	"Gowran Park"	"Metersandmasks (IRE)"	"25.00"	"42.75"	"Beginners Chase"	"4"	"5"	"Enright, P T"	"Butler, Padraig"
"16:20:00"	"2024-10-05"	"Wolverhampton"	"Opticality"	"33.00"	"44"	"Handicap"	"2"	"9"	"Bowen, S D"	"Vaughan, Tim"
"16:10:00"	"2024-10-05"	"Ascot"	"Ornellaia"	"5.00"	"6.82"	"Non-Handicap"	"8"	"13"	"Egan, David"	"Beckett, R M"
"15:25:00"	"2024-10-05"	"Curragh"	"Matt Connor (IRE)"	"33.00"	"55"	"Handicap"	"13"	"15"	"Worrell, Ms C J"	"Brassil, Martin"
"13:55:00"	"2024-10-05"	"Gowran Park"	"Synchronize (IRE)"	"125.00"	"716.9"	"Maiden Hurdle"	"UR"	"15"	"Fitzgerald, S"	"Morrison, J"
"17:30:00"	"2024-10-04"	"Fontwell"	"Kelce (IRE)"	"12.00"	"17.18"	"Handicap Hurdle"	"PU"	"10"	"Bowen, James C"	"Mulholland, N P"
"17:15:00"	"2024-10-04"	"Hexham"	"Sputnik (IRE)"	"8.50"	"11.86"	"Handicap Chase"	"7"	"10"	"Kavanagh, Peter J"	"Quinlan, Elizabeth"
"16:55:00"	"2024-10-04"	"Fontwell"	"Pennsylvanie (FR)"	"8.50"	"10.85"	"Handicap Hurdle"	"9"	"9"	"Quinn, Caoilin"	"Moore, Gary and Josh"
"16:50:00"	"2024-10-04"	"Newcastle"	"Chesneys Charm"	"3.50"	"4.8"	"Handicap Nursery"	"1"	"7"	"Stammers, Oliver"	"Tuer, Grant"
"16:45:00"	"2024-10-04"	"Gowran Park"	"Colleen Danu (IRE)"	"18.00"	"24"	"Handicap Hurdle"	"6"	"18"	"OSullivan, Mr M J M"	"Foley, Patrick T"
"16:45:00"	"2024-10-04"	"Gowran Park"	"Gordons Aura (IRE)"	"40.00"	"60"	"Handicap Hurdle"	"12"	"18"	"Sexton, Mr H E"	"Delahunty, William"
"16:45:00"	"2024-10-04"	"Gowran Park"	"Chasing Chances (IRE)"	"20.00"	"32.83"	"Handicap Hurdle"	"18"	"18"	"Mullins, D E"	"Sheehy, E"
"16:15:00"	"2024-10-04"	"Newcastle"	"Sectarius (IRE)"	"3.00"	"5.07"	"Handicap"	"1"	"8"	"Rodriguez, Callum"	"Bethell, Ed"
"16:05:00"	"2024-10-04"	"Hexham"	"Hey Brother (FR)"	"100.00"	"260"	"Handicap Novices Chase"	"PU"	"12"	"Murtagh, Lorcan"	"Murtagh, Barry"
"14:55:00"	"2024-10-04"	"Hexham"	"Shadow Chaser (IRE)"	"7.50"	"10.7"	"Novices Hurdle"	"3"	"7"	"Coltherd, Sam W"	"Coltherd, W S"
"14:55:00"	"2024-10-04"	"Hexham"	"Some Bro (IRE)"	"14.00"	"21.1"	"Novices Hurdle"	"4"	"7"	"Hamilton, Jamie"	"Walford, Mark"
"14:55:00"	"2024-10-04"	"Hexham"	"Ankud"	"4.00"	"5.96"	"Novices Hurdle"	"6"	"7"	"Hughes, Brian"	"Bailey, Liam"
"14:35:00"	"2024-10-04"	"Fontwell"	"Summer In Milan (IRE)"	"6.50"	"8.36"	"Novices Hurdle"	"7"	"11"	"Dingle, Rex"	"Gordon, C"
"14:35:00"	"2024-10-04"	"Fontwell"	"The Brickey Ranger (IRE)"	"40.00"	"65"	"Novices Hurdle"	"10"	"11"	"Best, J A"	"Mullins, J W"
"14:25:00"	"2024-10-04"	"Gowran Park"	"Sovereign Duke (GER)"	"12.00"	"14.07"	"Handicap Hurdle"	"12"	"14"	"Stone-Walsh, C"	"Gunn, M A"
"13:15:00"	"2024-10-04"	"Gowran Park"	"Come On The Lads (IRE)"	"22.00"	"44.96"	"Maiden Hurdle"	"UR"	"18"	"Buckley, Kieran"	"Cromwell, Gavin Patrick"
"19:30:00"	"2024-10-03"	"Chelmsford City"	"Laurentia (IRE)"	"22.00"	"38.6"	"Handicap Seller"	"9"	"15"	"Carson, William"	"Cassidy, Stephanie"
"16:55:00"	"2024-10-03"	"Clonmel"	"Crossing The Bar (IRE)"	"6.50"	"8.17"	"Handicap Hurdle"	"2"	"15"	"Kearney, J"	"Collins, C M"
"16:50:00"	"2024-10-03"	"Salisbury"	"Torre Del Oro (IRE)"	"150.00"	"416.35"	"Handicap"	"11"	"11"	"Turner, Hayley"	"Gordon, C"
"16:40:00"	"2024-10-03"	"Southwell"	"Diplomatie (FR)"	"11.00"	"16.43"	"Handicap Hurdle"	"3"	"8"	"Malzard, Victoria"	"Derham, Harry"
"16:10:00"	"2024-10-03"	"Southwell"	"In The Air (FR)"	"0.91"	"2.08"	"Handicap Hurdle"	"1"	"9"	"Boinville, Nico"	"Henderson, N J"
"16:10:00"	"2024-10-03"	"Southwell"	"Tideways Hero (IRE)"	"100.00"	"280"	"Handicap Hurdle"	"PU"	"9"	"Gillard, Mr T"	"Sowersby, M E"
"16:05:00"	"2024-10-03"	"Warwick"	"Another Million (IRE)"	"12.00"	"18.32"	"Handicap Chase"	"4"	"8"	"Goldstein, Marc"	"Richards, Mrs L"
"16:00:00"	"2024-10-03"	"Newcastle"	"Sun Petal (IRE)"	"28.00"	"40.35"	"Handicap Nursery"	"11"	"11"	"Elliott, Rhys"	"West, S G"
"15:40:00"	"2024-10-03"	"Southwell"	"Sunshine Diamond (IRE)"	"1.20"	"2.28"	"Novices Hurdle"	"1"	"4"	"Bowen, James C"	"Mulholland, N P"
"14:55:00"	"2024-10-03"	"Warwick"	"Genois (FR)"	"18.00"	"27"	"Handicap Novices Chase"	"3"	"6"	"ONeill, Jonjo (Jr)"	"ONeill, Jonjo and AJ"
"14:00:00"	"2024-10-03"	"Southwell"	"Pep Talking"	"2.75"	"3.99"	"Handicap Chase"	"6"	"11"	"Brogan, Kevin"	"Aprahamian, Billy"
"13:23:00"	"2024-10-03"	"Warwick"	"Marlacoo (IRE)"	"2.50"	"4.3"	"Novices Hurdle"	"3"	"10"	"Sheppard, Stan"	"Lacey, T"
"20:00:00"	"2024-10-02"	"Kempton"	"Imola (IRE)"	"6.00"	"8.53"	"Handicap"	"9"	"12"	"Egan, John"	"Davis, D J S Ffrench"
"17:00:00"	"2024-10-02"	"Bellewstown"	"Make Sunshine (IRE)"	"150.00"	"363.65"	"Maiden"	"9"	"11"	"Ryan, Gavin"	"Barrett, James M"
"15:35:00"	"2024-10-02"	"Sligo"	"The Holmeister (IRE)"	"11.00"	"15.26"	"Handicap Chase"	"7"	"11"	"Noonan, G B"	"McCarthy, Eoin Christopher"
"15:00:00"	"2024-10-02"	"Sligo"	"Great Ocean (FR)"	"7.00"	"10.5"	"Beginners Chase"	"1"	"8"	"Gilligan, D J"	"Collins, C M"
"14:40:00"	"2024-10-02"	"Bellewstown"	"Ivasecret (IRE)"	"6.00"	"8.4"	"Handicap"	"4"	"12"	"Keane, C T"	"Collins, C M"
"14:05:00"	"2024-10-02"	"Bellewstown"	"Feature This (IRE)"	"22.00"	"30"	"Handicap"	"3"	"10"	"McMonagle, Dylan B"	"Donoghue, Ian"
"14:05:00"	"2024-10-02"	"Bellewstown"	"Omakase (IRE)"	"33.00"	"72.64"	"Handicap"	"4"	"10"	"Ryan, Gavin"	"Fahey, P G"
"13:38:00"	"2024-10-02"	"Catterick"	"Tommytwohoots"	"50.00"	"90"	"Handicap"	"7"	"9"	"Germany, Stephanie"	"McInnes, I W"
"20:30:00"	"2024-10-01"	"Newcastle"	"Ideal Guest (FR)"	"11.00"	"22"	"Handicap"	"8"	"10"	"McSweeney, O"	"Bethell, Harriet"
"20:30:00"	"2024-10-01"	"Newcastle"	"B Associates (IRE)"	"66.00"	"91.64"	"Handicap"	"9"	"10"	"Brookes, Aiden"	"Hammond, Micky"
"18:00:00"	"2024-10-01"	"Newcastle"	"Caledonian Dream (IRE)"	"16.00"	"25.37"	"Handicap Nursery"	"12"	"12"	"Garritty, Billy"	"Brown, A D"
"17:25:00"	"2024-10-01"	"Bath"	"Baikal"	"33.00"	"59.55"	"Handicap"	"7"	"13"	"ONeill, K T"	"Harris, Miss G"
"17:25:00"	"2024-10-01"	"Bath"	"Twilight Kiss"	"100.00"	"271.46"	"Handicap"	"13"	"13"	"Dawson, R"	"West, Adam"
"17:00:00"	"2024-10-01"	"Newcastle"	"Dubai Venture (IRE)"	"80.00"	"230"	"Handicap"	"11"	"12"	"Eaves, Tom"	"Jackson, Miss T"
"16:50:00"	"2024-10-01"	"Cork"	"Letiza (IRE)"	"3.33"	"4.6"	"Handicap"	"3"	"12"	"Hassett, M W"	"Bromhead, Henry De"
"15:50:00"	"2024-10-01"	"Bath"	"Beautiful Things (IRE)"	"33.00"	"50"	"Handicap Nursery"	"2"	"10"	"Bradley, Paddy"	"Attwater, M J"
"15:50:00"	"2024-10-01"	"Bath"	"Lady Dorchester (IRE)"	"25.00"	"38"	"Handicap Nursery"	"9"	"10"	"ONeill, K T"	"Harris, Miss G"
"15:35:00"	"2024-10-01"	"Sedgefield"	"Woogrey (IRE)"	"125.00"	"280"	"Maiden Hurdle"	"7"	"11"	"Brown, Pippa"	"Brooke, Daniel"
"14:30:00"	"2024-10-01"	"Cork"	"Lunar Streets (IRE)"	"9.00"	"12"	"Handicap"	"5"	"5"	"Keane, C T"	"OConnell, Eamon"
"14:25:00"	"2024-10-01"	"Sedgefield"	"Maple"	"14.00"	"17.93"	"Maiden Hurdle"	"2"	"7"	"Hamilton, Jamie"	"Jefferson, Ruth"
"14:25:00"	"2024-10-01"	"Sedgefield"	"Fine Point (IRE)"	"9.00"	"18.5"	"Maiden Hurdle"	"4"	"7"	"Noonan, David G"	"Hawke, N J"
"13:55:00"	"2024-10-01"	"Cork"	"Withoutfurtherado (IRE)"	"14.00"	"17.25"	"Handicap Nursery"	"3"	"9"	"Hassett, M W"	"Moore, A L T"
"13:40:00"	"2024-10-01"	"Ayr"	"Gracious Leader"	"2.00"	"3.21"	"Handicap"	"1"	"9"	"Jakes, Tommie"	"Boughey, George"
"20:00:00"	"2024-09-30"	"Wolverhampton"	"Gifted Angel (IRE)"	"2.50"	"3.65"	"Handicap"	"1"	"7"	"Hogan, D E"	"Jones, Jack"
"20:00:00"	"2024-09-30"	"Wolverhampton"	"Paradoxical (IRE)"	"6.00"	"7"	"Handicap"	"6"	"7"	"ONeill, K T"	"Candlish, Jennie"
"19:30:00"	"2024-09-30"	"Wolverhampton"	"Darlo Pride"	"4.00"	"5.3"	"Handicap"	"7"	"10"	"Beasley, Connor"	"Dods, M"
"14:05:00"	"2024-09-30"	"Down Royal"	"Weegeebear (IRE)"	"5.00"	"7.47"	"Handicap Nursery"	"5"	"10"	"Horgan, C"	"Farrell, C W J"
"17:30:00"	"2024-09-29"	"Curragh"	"Arturo Bay (IRE)"	"150.00"	"955.37"	"Maiden"	"17"	"18"	"McCullagh, Scott"	"Ryder, Shane Kieran"
"14:30:00"	"2024-09-29"	"Southwell"	"Zenato (IRE)"	"22.00"	"39.21"	"Handicap"	"5"	"8"	"Tudhope, Daniel"	"Dunlop, E A L"
"19:00:00"	"2024-09-28"	"Chelmsford City"	"Enpassant (IRE)"	"16.00"	"21.81"	"Handicap"	"6"	"10"	"Ghiani, Marco"	"Williams, S C"
"17:50:00"	"2024-09-28"	"Ripon"	"Maxident"	"2.25"	"3.25"	"Handicap"	"2"	"7"	"Lewis, Owen"	"Freire, Raphael"
"16:35:00"	"2024-09-28"	"Market Rasen"	"Allmankind"	"25.00"	"34"	"Handicap Hurdle"	"3"	"8"	"Chadwick, Alex"	"Owen, J P"
"16:30:00"	"2024-09-28"	"Listowel"	"Flanking Maneuver (IRE)"	"5.50"	"9.61"	"Handicap Chase"	"6"	"12"	"Ewing, Sam"	"Elliott, Gordon"
"16:30:00"	"2024-09-28"	"Listowel"	"Embittered (IRE)"	"20.00"	"29.85"	"Handicap Chase"	"PU"	"12"	"Mullins, D E"	"McNamara, E"
"15:30:00"	"2024-09-28"	"Market Rasen"	"Model Approach (IRE)"	"6.00"	"8.53"	"Hurdle"	"3"	"5"	"Hughes, Brian"	"Keatley, Adrian Paul"
"15:30:00"	"2024-09-28"	"Market Rasen"	"Benvoy (IRE)"	"33.00"	"75"	"Hurdle"	"4"	"5"	"Sheehan, Gavin"	"Davis, Miss J S"
"15:25:00"	"2024-09-28"	"Listowel"	"Dream In The Park (IRE)"	"14.00"	"18.86"	"Handicap Hurdle"	"6"	"8"	"McDonagh, Mark M"	"McNamara, E"
"14:53:00"	"2024-09-28"	"Market Rasen"	"Talysh"	"50.00"	"449.95"	"Maiden Hurdle"	"4"	"8"	"Woods, K K"	"Hales, A M"
"14:40:00"	"2024-09-28"	"Haydock"	"Dapper Valley (IRE)"	"20.00"	"30.95"	"Handicap"	"9"	"12"	"Shepherd, Callum"	"Newland, Dr R D P"
"14:15:00"	"2024-09-28"	"Listowel"	"Edge Of Darkness (IRE)"	"5.00"	"10.23"	"Maiden Hurdle"	"10"	"17"	"King, D"	"Howard, Daniel John"
"13:30:00"	"2024-09-28"	"Haydock"	"Sceptic (IRE)"	"200.00"	"517.69"	"Handicap"	"8"	"8"	"Sullivan, James P"	"Morris, Patrick"
"20:15:00"	"2024-09-27"	"Dundalk"	"Areana (IRE)"	"9.00"	"14.29"	"Handicap"	"3"	"14"	"Ryan, J J G"	"Maxwell, Conor"
"18:15:00"	"2024-09-27"	"Dundalk"	"Thegooseiscooked (IRE)"	"125.00"	"300"	"Handicap"	"5"	"13"	"Heffernan, J A"	"Keane, Gerard"
"16:55:00"	"2024-09-27"	"Worcester"	"Razzo Italiano (IRE)"	"2.50"	"3.65"	"Handicap Hurdle"	"1"	"7"	"Fenelon, S"	"Bowen, Peter / Michael"
"16:50:00"	"2024-09-27"	"Wolverhampton"	"Spiritual Pursuit (IRE)"	"100.00"	"220"	"Handicap"	"7"	"7"	"Planas, Connor"	"Donovan, D"
"16:15:00"	"2024-09-27"	"Wolverhampton"	"Magical Florence (IRE)"	"200.00"	"990"	"Maiden"	"9"	"9"	"Farragher, Adam J"	"Murphy, P G"
"15:15:00"	"2024-09-27"	"Listowel"	"Mount Ferns (IRE)"	"3.00"	"5.1"	"Handicap Hurdle"	"1"	"11"	"Flanagan, S W"	"McNamara, E"
"15:10:00"	"2024-09-27"	"Worcester"	"Get Cracking"	"80.00"	"136.9"	"Maiden Hurdle"	"6"	"10"	"Bass, David"	"Llewellyn, Robert"
"14:35:00"	"2024-09-27"	"Worcester"	"Weveallbeencaught (IRE)"	"6.00"	"8.56"	"Novices Chase"	"3"	"5"	"Tudor, Jack"	"Williams, Christian"
"14:05:00"	"2024-09-27"	"Listowel"	"Shantou Princess (IRE)"	"25.00"	"36"	"Maiden Hurdle"	"6"	"16"	"Coonan, Mr B M"	"Cromwell, Gavin Patrick"
"14:05:00"	"2024-09-27"	"Listowel"	"Major Wells (IRE)"	"150.00"	"1000"	"Maiden Hurdle"	"PU"	"16"	"Hamill, Mikey"	"Murphy, Robert"
"20:30:00"	"2024-09-26"	"Southwell"	"Jaleas Quest"	"14.00"	"20.3"	"Handicap"	"7"	"10"	"Keenan, Darragh"	"Eddery, Robert"
"20:00:00"	"2024-09-26"	"Southwell"	"Zola Power"	"50.00"	"90"	"Handicap"	"13"	"13"	"Shepherd, Callum"	"Cowell, R M H"
"19:30:00"	"2024-09-26"	"Southwell"	"Unassuming (FR)"	"4.50"	"6.03"	"Handicap"	"1"	"10"	"Shepherd, Callum"	"Boughey, George"
"18:00:00"	"2024-09-26"	"Southwell"	"King Me"	"33.00"	"47.95"	"Handicap"	"6"	"7"	"Shepherd, Callum"	"Hales, A M"
"16:25:00"	"2024-09-26"	"Southwell"	"Horus"	"25.00"	"35.27"	"Handicap Nursery"	"8"	"14"	"Keenan, Darragh"	"Murphy, Mike"
"15:30:00"	"2024-09-26"	"Listowel"	"Malbay Madness (IRE)"	"33.00"	"65.46"	"Handicap Hurdle"	"9"	"12"	"OHanlon, P J"	"McLoughlin, D A"
"15:10:00"	"2024-09-26"	"Pontefract"	"Educate"	"50.00"	"113.59"	"Handicap"	"8"	"9"	"Burns, Harry"	"Morris, Patrick"
"15:02:00"	"2024-09-26"	"Perth"	"Coventry (IRE)"	"18.00"	"24.86"	"Handicap Hurdle"	"6"	"6"	"Kavanagh, Peter J"	"Harrison, Miss L"
"20:00:00"	"2024-09-25"	"Kempton"	"Kings Gem (IRE)"	"80.00"	"157.88"	"Handicap"	"9"	"10"	"Carson, William"	"Faulkner, T"
"19:30:00"	"2024-09-25"	"Kempton"	"Tsunami Spirit"	"22.00"	"32"	"Handicap"	"11"	"12"	"Osborne, Saffie"	"Walker, Ed"
"16:27:00"	"2024-09-25"	"Kempton"	"Takeover Target (IRE)"	"40.00"	"75"	"Handicap"	"12"	"12"	"Egan, John"	"Phelan, P M"
"16:13:00"	"2024-09-25"	"Perth"	"Superbolt (IRE)"	"2.75"	"4.23"	"Handicap Hurdle"	"2"	"11"	"Turner, James"	"Twiston-Davies, N A"
"16:05:00"	"2024-09-25"	"Goodwood"	"Botanical (IRE)"	"2.00"	"3.02"	"Non-Handicap"	"2"	"9"	"Loughnane, Mr Billy"	"Boughey, George"
"15:20:00"	"2024-09-25"	"Redcar"	"Walsingham (IRE)"	"5.00"	"10.46"	"Novices"	"4"	"9"	"Nolan, D"	"OMeara, D"
"15:20:00"	"2024-09-25"	"Redcar"	"Melodiam (IRE)"	"28.00"	"53.14"	"Novices"	"8"	"9"	"Lee, Clifford"	"Burke, K R"
"15:10:00"	"2024-09-25"	"Listowel"	"Impero (IRE)"	"11.00"	"14.31"	"Handicap Hurdle"	"2"	"15"	"Gainford, Mr J C"	"Collins, C M"
"14:00:00"	"2024-09-25"	"Listowel"	"Special Cadeau"	"2.50"	"3.68"	"Maiden Hurdle"	"4"	"11"	"OKeeffe, Darragh"	"Bromhead, Henry De"
"14:00:00"	"2024-09-25"	"Listowel"	"Glam De Vega (IRE)"	"20.00"	"37.28"	"Maiden Hurdle"	"PU"	"11"	"Fitzgerald, S"	"Keane, M"
"13:20:00"	"2024-09-25"	"Perth"	"Kow Boy Sivola (FR)"	"66.00"	"96.6"	"Novices Hurdle"	"3"	"6"	"Doyle, Alan"	"Russell, Miss Lucinda V"
"17:45:00"	"2024-09-24"	"Warwick"	"Georgias Charm (IRE)"	"0.36"	"1.4"	"NH Flat"	"2"	"6"	"OConnor, Miss A B"	"Fry, Harry"
"17:02:00"	"2024-09-24"	"Beverley"	"Overlooked (IRE)"	"8.00"	"9.06"	"Handicap"	"6"	"9"	"Mason, Joanna"	"Bethell, Harriet"
"16:40:00"	"2024-09-24"	"Warwick"	"Craven Bay (IRE)"	"4.00"	"5.44"	"Handicap Hurdle"	"1"	"8"	"Brogan, Kevin"	"Lawes, T"
"16:15:00"	"2024-09-24"	"Fontwell"	"Flamelco (FR)"	"8.00"	"9.83"	"Handicap Chase"	"6"	"8"	"Cannon, Tom J"	"Humphrey, Mrs S J"
"15:40:00"	"2024-09-24"	"Fontwell"	"Pour Une Raison (FR)"	"40.00"	"57.01"	"Handicap Hurdle"	"6"	"11"	"Godfrey, Ben"	"Brown, Miss Harriet"
"15:40:00"	"2024-09-24"	"Fontwell"	"Macs Xpress (IRE)"	"14.00"	"21.15"	"Handicap Hurdle"	"9"	"11"	"Cannon, Tom J"	"Ellam, Clare"
"15:05:00"	"2024-09-24"	"Fontwell"	"Nan Brady (IRE)"	"66.00"	"135.13"	"Handicap Hurdle"	"3"	"12"	"Bowen, Sean P"	"Brennan, F J"
"14:30:00"	"2024-09-24"	"Fontwell"	"Drop Flight (FR)"	"8.00"	"12.3"	"Handicap Hurdle"	"7"	"8"	"Sutton, Mr B"	"Skelton, Daniel"
"13:47:00"	"2024-09-24"	"Warwick"	"Crobally Boy (IRE)"	"50.00"	"95"	"Handicap Chase"	"PU"	"13"	"Dodd, Murray"	"Allan, Miss Louise"
"20:00:00"	"2024-09-23"	"Wolverhampton"	"Prince Ali"	"16.00"	"24"	"Handicap"	"1"	"11"	"Lewis, Miss Zoe"	"Faulkner, T"
"19:30:00"	"2024-09-23"	"Wolverhampton"	"Baileys Warrior"	"3.33"	"4.41"	"Handicap"	"1"	"10"	"Havlin, Robert"	"Faulkner, T"
"19:30:00"	"2024-09-23"	"Wolverhampton"	"Bigz Belief (IRE)"	"7.50"	"9.52"	"Handicap"	"4"	"10"	"Probert, David"	"Brennan, F J"
"18:00:00"	"2024-09-23"	"Wolverhampton"	"Buttercross Flyer (IRE)"	"33.00"	"46.07"	"Handicap"	"4"	"11"	"ONeill, K T"	"Dixon, Scott"
"17:45:00"	"2024-09-23"	"Fairyhouse"	"Actin Like A Diva (IRE)"	"125.00"	"346.15"	"Non-Handicap"	"6"	"7"	"Whearty, R"	"McConnell, John C"
"17:20:00"	"2024-09-23"	"Sedgefield"	"Cloudy View"	"2.50"	"3.64"	"NH Flat"	"2"	"7"	"Hughes, Brian"	"Keatley, Adrian Paul"
"16:55:00"	"2024-09-23"	"Listowel"	"Colourful Lil (IRE)"	"200.00"	"1000"	"Maiden"	"8"	"9"	"Sheridan, J M"	"Scott, Gillian"
"16:50:00"	"2024-09-23"	"Sedgefield"	"Debacle"	"3.33"	"4.2"	"Handicap Chase"	"5"	"6"	"Hogan, Mr J"	"OBrien, Fergal"
"15:40:00"	"2024-09-23"	"Sedgefield"	"I Am Spider Man (IRE)"	"5.50"	"7.46"	"Handicap Hurdle"	"7"	"8"	"Hanlon, Mr P"	"Hanlon, John Joseph"
"15:10:00"	"2024-09-23"	"Listowel"	"Harbour Gem (IRE)"	"8.00"	"9.93"	"Handicap"	"9"	"11"	"McAteer, L T"	"Barrett, James M"
"15:05:00"	"2024-09-23"	"Sedgefield"	"Natural Ability (IRE)"	"8.50"	"10.54"	"Handicap Chase"	"4"	"10"	"McMenamin, Daniel"	"Keatley, Adrian Paul"
"14:35:00"	"2024-09-23"	"Listowel"	"Saji (IRE)"	"100.00"	"416.94"	"Maiden"	"7"	"10"	"Brouder, Gearoid"	"OConnor, Ian"
"14:30:00"	"2024-09-23"	"Sedgefield"	"Beny Nahar Road (IRE)"	"7.50"	"9.42"	"Maiden Hurdle"	"2"	"12"	"Hamilton, Jamie"	"Hogarth, H P"
"14:00:00"	"2024-09-23"	"Listowel"	"Lilikoi (IRE)"	"80.00"	"248.06"	"Handicap"	"16"	"16"	"McAteer, L T"	"Flannery, Michael"
"16:50:00"	"2024-09-22"	"Plumpton"	"Quickbuck (IRE)"	"100.00"	"220.81"	"Handicap Hurdle"	"PU"	"9"	"Williams, Lorcan"	"Thorpe, Mrs A M"
"15:30:00"	"2024-09-22"	"Listowel"	"Tell Me Again (IRE)"	"33.00"	"95.47"	"Maiden Hurdle"	"PU"	"18"	"Gainford, Mr J C"	"Gilligan, Paul John"
"14:50:00"	"2024-09-22"	"Plumpton"	"Definite"	"50.00"	"76.53"	"Handicap Novices Chase"	"PU"	"9"	"Harris, Bradley"	"Dickin, Harriet"
"14:42:00"	"2024-09-22"	"Hamilton"	"Carmarthen"	"28.00"	"49.15"	"Handicap"	"7"	"11"	"Hart, Jason"	"Perratt, Miss L A"
"14:30:00"	"2024-09-22"	"Listowel"	"Wayside Lady (IRE)"	"250.00"	"1000"	"Hurdle"	"6"	"6"	"Cullinan, Mr C"	"Hayes, Patrick Joseph"
"14:00:00"	"2024-09-22"	"Listowel"	"My Mate Tony (IRE)"	"100.00"	"565.6"	"Hurdle"	"4"	"10"	"Brouder, Gearoid"	"McCreery, Peter"
"20:30:00"	"2024-09-21"	"Wolverhampton"	"Renoir"	"18.00"	"20.87"	"Handicap"	"5"	"9"	"Carson, William"	"Faulkner, T"
"20:00:00"	"2024-09-21"	"Wolverhampton"	"Galel (IRE)"	"12.00"	"14.19"	"Handicap"	"7"	"11"	"Greatrex, Edward"	"Butler, John"
"17:15:00"	"2024-09-21"	"Ayr"	"Mountain Road (FR)"	"11.00"	"15.95"	"Handicap"	"8"	"8"	"Waugh, Amie"	"Goldie, J S"
"17:10:00"	"2024-09-21"	"Gowran Park"	"Alma Libre (FR)"	"8.00"	"9.92"	"Handicap"	"7"	"9"	"Horgan, H J"	"Oliver, Andrew"
"17:10:00"	"2024-09-21"	"Gowran Park"	"Thefaithfulindian (IRE)"	"66.00"	"300"	"Handicap"	"9"	"9"	"Francis, Miss Isabella"	"Barcoe, James M"
"16:35:00"	"2024-09-21"	"Gowran Park"	"Brackloon Bay (IRE)"	"200.00"	"772.52"	"Maiden"	"10"	"11"	"Sheridan, J M"	"Ryder, Shane Kieran"
"16:30:00"	"2024-09-21"	"Newmarket (Rowley)"	"Dayzee (IRE)"	"40.00"	"56.52"	"Handicap"	"RR"	"7"	"Cox, William"	"Attwater, P"
"16:20:00"	"2024-09-21"	"Navan"	"Mayo For Sam (IRE)"	"8.00"	"12.32"	"Handicap"	"8"	"11"	"Whelan, R P"	"Flannery, M"
"15:20:00"	"2024-09-21"	"Newmarket (Rowley)"	"Ezra Cee (IRE)"	"18.00"	"25.31"	"Handicap"	"5"	"11"	"Fallon, Cieren"	"Nicholls, Adrian"
"15:00:00"	"2024-09-21"	"Ayr"	"Ellaria Sand"	"50.00"	"115.85"	"Non-Handicap"	"9"	"13"	"Stott, Kevin"	"Sangster, Ollie"
"14:30:00"	"2024-09-21"	"Chester"	"Karl Carlston (IRE)"	"5.00"	"8"	"Handicap Nursery"	"4"	"10"	"Norton, Francis"	"Holland, Darryll"
"14:25:00"	"2024-09-21"	"Ayr"	"Rhythm N Hooves"	"11.00"	"16.32"	"Handicap"	"19"	"22"	"Fanning, Joe"	"Cowell, R M H"
"20:15:00"	"2024-09-20"	"Kempton"	"Asclepius (IRE)"	"10.00"	"12.88"	"Handicap"	"11"	"11"	"Bowen, S D"	"Crawley, Matt"
"18:45:00"	"2024-09-20"	"Kempton"	"Completed"	"50.00"	"73.04"	"Handicap"	"3"	"8"	"ONeill, K T"	"Attwater, P"
"17:45:00"	"2024-09-20"	"Kempton"	"Serious Look (IRE)"	"22.00"	"25.18"	"Handicap"	"9"	"10"	"Mangan, Gina"	"Faulkner, T"
"17:20:00"	"2024-09-20"	"Ayr"	"Love Safari (IRE)"	"9.00"	"12.89"	"Handicap"	"7"	"13"	"Tudhope, Daniel"	"OMeara, D"
"16:00:00"	"2024-09-20"	"Kempton"	"Unknown Journey (IRE)"	"150.00"	"825.26"	"Novices"	"6"	"13"	"ONeill, K T"	"Attwater, P"
"15:20:00"	"2024-09-20"	"Downpatrick"	"Dark Voyager (IRE)"	"66.00"	"129.06"	"Handicap Hurdle"	"4"	"13"	"Sexton, K C"	"Melia, Aidan"
"15:05:00"	"2024-09-20"	"Ayr"	"Sahara Dancer"	"22.00"	"35.03"	"Non-Handicap"	"10"	"14"	"Fanning, Joe"	"Sangster, Ollie"
"20:00:00"	"2024-09-19"	"Chelmsford City"	"Video Games"	"80.00"	"170"	"Maiden"	"7"	"7"	"Heard, Tyler"	"Usher, M D I"
"16:48:00"	"2024-09-19"	"Ayr"	"Cisco Disco (IRE)"	"40.00"	"74.95"	"Handicap"	"12"	"13"	"Sexton, Ryan"	"Smith, R Michael"
"16:25:00"	"2024-09-19"	"Yarmouth"	"Buccabay (IRE)"	"16.00"	"19.1"	"Handicap"	"8"	"9"	"Ryan, Rossa"	"Williams, S C"
"16:25:00"	"2024-09-19"	"Yarmouth"	"Habrdi (IRE)"	"28.00"	"44"	"Handicap"	"9"	"9"	"Kingscote, Richard"	"Horton, James"
"15:55:00"	"2024-09-19"	"Naas"	"Dibayliss (IRE)"	"150.00"	"625.63"	"Maiden Claimer"	"12"	"12"	"Horgan, C"	"Doyle, Eoin"
"15:20:00"	"2024-09-19"	"Yarmouth"	"Charging Thunder"	"4.00"	"5.3"	"Handicap"	"1"	"6"	"Doyle, Hollie"	"Owen, J P"
"14:20:00"	"2024-09-19"	"Yarmouth"	"Astroqualis (USA)"	"50.00"	"67.94"	"Handicap Nursery"	"6"	"9"	"Dawson, R"	"Crawley, Matt"
"14:03:00"	"2024-09-19"	"Pontefract"	"Happy Place (IRE)"	"80.00"	"157.24"	"Handicap"	"9"	"9"	"Obrien, Miss Fern"	"Keighley, M"
"18:20:00"	"2024-09-18"	"Tramore"	"Yorkshire Escape (IRE)"	"20.00"	"34.8"	"Maiden Hurdle"	"5"	"14"	"Fitzgerald, S"	"Queally, Declan"
"18:20:00"	"2024-09-18"	"Tramore"	"Peg Of The Hills (IRE)"	"66.00"	"160"	"Maiden Hurdle"	"10"	"14"	"King, D"	"Hayes, Patrick Joseph"
"16:30:00"	"2024-09-18"	"Kelso"	"Go Go Chicago (IRE)"	"25.00"	"28.02"	"Novices Hurdle"	"3"	"7"	"Hamilton, Jamie"	"Jefferson, Ruth"
"16:30:00"	"2024-09-18"	"Kelso"	"Top Man Tom (IRE)"	"8.00"	"12"	"Novices Hurdle"	"5"	"7"	"McMenamin, Daniel"	"Thomson, A M"
"15:55:00"	"2024-09-18"	"Sandown"	"Expensive Queen (IRE)"	"9.00"	"10.5"	"Handicap"	"2"	"10"	"Callan, N"	"Tate, James"
"15:45:00"	"2024-09-18"	"Beverley"	"Psychodrama (IRE)"	"8.00"	"11.69"	"Novices"	"4"	"11"	"Garritty, Billy"	"Fahey, R A"
"15:45:00"	"2024-09-18"	"Beverley"	"Until Dawn (IRE)"	"100.00"	"220"	"Novices"	"10"	"11"	"Swift, Mr Dale"	"Brown, A D"
"15:15:00"	"2024-09-18"	"Beverley"	"Melissa Honey"	"40.00"	"84.07"	"Novices"	"8"	"11"	"Eaves, Tom"	"Herrington,M "
"20:30:00"	"2024-09-17"	"Newcastle"	"Cuban Fiesta"	"4.50"	"6.25"	"Handicap"	"2"	"8"	"Hogan, D E"	"Wigham, M"
"20:00:00"	"2024-09-17"	"Newcastle"	"The Cookstown Cafu"	"2.50"	"3.49"	"Handicap"	"1"	"12"	"Tudhope, Daniel"	"OMeara, D"
"17:00:00"	"2024-09-17"	"Punchestown"	"Roderick"	"28.00"	"44"	"Handicap"	"7"	"12"	"McGettigan, P"	"Moore, C"
"16:55:00"	"2024-09-17"	"Newcastle"	"Macho Sun (IRE)"	"12.00"	"17.65"	"Handicap"	"10"	"10"	"Brookes, Aiden"	"Sowersby, M E"
"16:13:00"	"2024-09-17"	"Redcar"	"Betweenthesticks"	"14.00"	"18.99"	"Handicap"	"9"	"10"	"Sullivan, James P"	"Carr, Mrs R A"
"15:25:00"	"2024-09-17"	"Punchestown"	"Our Town (FR)"	"25.00"	"29"	"Non-Handicap"	"4"	"4"	"Whelan, R P"	"Fahey, Mark"
"15:20:00"	"2024-09-17"	"Brighton"	"Agapanther"	"40.00"	"67.67"	"Handicap"	"5"	"11"	"Coughlan, Laura"	"Brennan, F J"
"14:55:00"	"2024-09-17"	"Punchestown"	"Pillar Of Hope"	"12.00"	"16"	"Handicap"	"5"	"14"	"Whearty, R"	"Moore, C"
"14:43:00"	"2024-09-17"	"Redcar"	"Saint Matthew"	"8.50"	"20.84"	"Novices"	"3"	"8"	"Garritty, Jack"	"Fahey, R A"
"14:20:00"	"2024-09-17"	"Brighton"	"Miss Rainstorm (IRE)"	"40.00"	"50.88"	"Handicap"	"7"	"9"	"Jones, Ethan"	"Dunn, Mrs Alex"
"20:00:00"	"2024-09-16"	"Kempton"	"Teorie (IRE)"	"4.50"	"6.46"	"Handicap"	"3"	"8"	"Ryan, Rossa"	"King, A"
"19:05:00"	"2024-09-16"	"Laytown"	"Acotango (IRE)"	"3.50"	"5.2"	"Non-Handicap"	"3"	"6"	"Maguire, Mr F"	"Bunyan, Darren / OLeary, G"
"19:00:00"	"2024-09-16"	"Kempton"	"Parkers Piece (IRE)"	"80.00"	"185.84"	"Handicap"	"13"	"13"	"Havlin, Robert"	"Attwater, M J"
"18:30:00"	"2024-09-16"	"Kempton"	"Kalik (IRE)"	"20.00"	"28"	"Novices"	"10"	"11"	"Ghiani, Marco"	"Murphy, Mike"
"18:05:00"	"2024-09-16"	"Laytown"	"Pinky (IRE)"	"50.00"	"122.65"	"Maiden"	"9"	"10"	"Stone-Walsh, C"	"Donoghue, Ian"
"18:00:00"	"2024-09-16"	"Kempton"	"Port Erin (IRE)"	"20.00"	"27.35"	"Handicap"	"11"	"13"	"Ghiani, Marco"	"Carroll, A W"
"18:00:00"	"2024-09-16"	"Kempton"	"Cresta Cat"	"66.00"	"110"	"Handicap"	"13"	"13"	"Strydom, Kyle"	"Moore, Gary and Josh"
"17:35:00"	"2024-09-16"	"Laytown"	"Beauty Bella (IRE)"	"6.50"	"8.78"	"Claimer"	"3"	"10"	"MacRedmond, Cian"	"Davison, Jack W"
"17:35:00"	"2024-09-16"	"Laytown"	"Carlton Gardens"	"125.00"	"234.93"	"Claimer"	"7"	"10"	"Slevin, J J"	"Mullins, Anthony"
"17:05:00"	"2024-09-16"	"Laytown"	"Rumbled Again (IRE)"	"2.75"	"3.95"	"Handicap"	"5"	"10"	"Carroll, G F"	"Cromwell, Gavin Patrick"
"16:35:00"	"2024-09-16"	"Laytown"	"Revenite"	"50.00"	"85"	"Handicap"	"3"	"10"	"Crosse, Nathan"	"McEnery, P F"
"16:30:00"	"2024-09-16"	"Worcester"	"Danas Gem (IRE)"	"9.00"	"11.5"	"Handicap Novices Hurdle"	"3"	"11"	"Hogan, Mr J"	"OBrien, Fergal"
"16:20:00"	"2024-09-16"	"Thirsk"	"Hey Crackers (IRE)"	"150.00"	"584.14"	"Handicap"	"10"	"10"	"McManoman, Faye"	"France, Suzzanne"
"16:00:00"	"2024-09-16"	"Worcester"	"Trust House (IRE)"	"3.33"	"5.04"	"Maiden Hurdle"	"5"	"10"	"Bowen, Sean P"	"Murphy, Olly"
"15:30:00"	"2024-09-16"	"Worcester"	"Handlethekettle (IRE)"	"0.50"	"1.46"	"Maiden Hurdle"	"1"	"12"	"Sheehan, Gavin"	"Snowden, Jamie"
"15:30:00"	"2024-09-16"	"Worcester"	"Ballytechno (IRE)"	"5.50"	"9.6"	"Maiden Hurdle"	"2"	"12"	"Bowen, Sean P"	"Owen, J P"
"15:30:00"	"2024-09-16"	"Worcester"	"Now Then Wendy"	"100.00"	"261.16"	"Maiden Hurdle"	"PU"	"12"	"Deutsch, Charlie"	"Cameron, S"
"15:30:00"	"2024-09-16"	"Worcester"	"Nelson Bay (IRE)"	"250.00"	"1000"	"Maiden Hurdle"	"PU"	"12"	"Edwards, Lee"	"Roberts, David"
"14:50:00"	"2024-09-16"	"Thirsk"	"Isla Bella"	"9.00"	"10.17"	"Handicap Nursery"	"9"	"9"	"Kirrane, Sean"	"Mullaney, L A"
"14:37:00"	"2024-09-16"	"Windsor"	"Thyer"	"7.00"	"11"	"Novices"	"1"	"14"	"Doyle, Hollie"	"Botti, M"
"14:37:00"	"2024-09-16"	"Windsor"	"Blue Sky Boy (IRE)"	"80.00"	"350.71"	"Novices"	"9"	"14"	"Cox, William"	"Attwater, P"
"13:45:00"	"2024-09-16"	"Thirsk"	"Susiesparkle (IRE)"	"3.50"	"6"	"Handicap"	"1"	"15"	"Tabti, M"	"Jardine, I"
"13:45:00"	"2024-09-16"	"Thirsk"	"Highland Lil (IRE)"	"6.50"	"7.73"	"Handicap"	"9"	"15"	"Winn, Mark"	"OMeara, D"
"17:30:00"	"2024-09-15"	"Bath"	"Saffredi"	"16.00"	"23.27"	"Handicap"	"5"	"10"	"Dawson, R"	"Harris, Miss G"
"14:45:00"	"2024-09-15"	"Musselburgh"	"Wessex (IRE)"	"0.80"	"1.99"	"Novices"	"5"	"6"	"Nolan, D"	"Barron, T D"
"17:55:00"	"2024-09-14"	"Chester"	"V Power"	"12.00"	"15.32"	"Handicap"	"3"	"8"	"Deutsch, Charlie"	"Faulkner, T"
"17:55:00"	"2024-09-14"	"Chester"	"Millions Memories"	"33.00"	"61.22"	"Handicap"	"7"	"8"	"Edwards, Lee"	"Roberts, David"
"17:50:00"	"2024-09-14"	"Musselburgh"	"Scarbados (FR)"	"33.00"	"49.01"	"Handicap"	"5"	"7"	"Scott, Rowan"	"Whillans, Ewan"
"17:15:00"	"2024-09-14"	"Chester"	"Sea Legend (FR)"	"14.00"	"26.73"	"Handicap"	"5"	"10"	"Hughes, Brian"	"McCain Jnr, D"
"17:10:00"	"2024-09-14"	"Leopardstown"	"Gleneagle Bay (IRE)"	"14.00"	"18"	"Handicap"	"2"	"17"	"Hayes, C D"	"Davison, Jack W"
"16:58:00"	"2024-09-14"	"Lingfield"	"Spook (IRE)"	"22.00"	"32.46"	"Handicap"	"9"	"11"	"Probert, David"	"Menuisier, David"
"16:40:00"	"2024-09-14"	"Chester"	"Serenity Dream (IRE)"	"14.00"	"19.6"	"Handicap"	"3"	"9"	"Orr, Oisin"	"Fahey, R A"
"16:40:00"	"2024-09-14"	"Chester"	"Legal Reform (IRE)"	"18.00"	"29"	"Handicap"	"7"	"9"	"Farragher, Adam J"	"Herrington,M "
"15:55:00"	"2024-09-14"	"Bath"	"Tigerten"	"7.50"	"10.5"	"Handicap"	"2"	"13"	"Doughty, Jack"	"Blake, Michael"
"15:20:00"	"2024-09-14"	"Chester"	"Kodibeat"	"100.00"	"136.98"	"Handicap Nursery"	"8"	"8"	"Kirrane, Sean"	"Mullaney, L A"
"15:15:00"	"2024-09-14"	"Bath"	"Harlington (FR)"	"10.00"	"13.44"	"Handicap"	"3"	"13"	"Ferguson, Leanne"	"Tickle, J"
"14:25:00"	"2024-09-14"	"Doncaster"	"Rizg"	"50.00"	"94.65"	"Handicap"	"18"	"22"	"Sousa, Silvestre De"	"Owen, J P"
"13:35:00"	"2024-09-14"	"Chester"	"Evas Eyes"	"100.00"	"165.85"	"Maiden"	"6"	"7"	"Kavanagh, Ryan"	"Williams, Ian"
"13:25:00"	"2024-09-14"	"Lingfield"	"Artificer (IRE)"	"80.00"	"130"	"Novices"	"3"	"5"	"Muscutt, D"	"Crawley, Matt"
"12:55:00"	"2024-09-14"	"Lingfield"	"Easy Equation (FR)"	"50.00"	"106.63"	"Handicap"	"7"	"10"	"Haynes, Joey"	"Banham, Chelsea"
"17:40:00"	"2024-09-13"	"Chester"	"Phone Tag"	"18.00"	"23"	"Handicap"	"2"	"6"	"Edmunds, Lewis"	"Frost, Kevin"
"17:33:00"	"2024-09-13"	"Salisbury"	"Sixfiveseven"	"150.00"	"784.12"	"Novices"	"5"	"6"	"Gordon, Josephine"	"Burke, Kieran"
"17:25:00"	"2024-09-13"	"Sandown"	"Forca Timao (IRE)"	"50.00"	"85.76"	"Handicap"	"7"	"9"	"Bradley, Paddy"	"Pattinson, Mark"
"16:35:00"	"2024-09-13"	"Ballinrobe"	"Bronson In Blue (IRE)"	"125.00"	"489.93"	"Handicap Hurdle"	"PU"	"16"	"Walsh, C L"	"Mulligan, Paul"
"16:25:00"	"2024-09-13"	"Salisbury"	"Camden Flyer (IRE)"	"28.00"	"41.23"	"Handicap Nursery"	"7"	"7"	"Carson, William"	"Attwater, M J"
"16:00:00"	"2024-09-13"	"Ballinrobe"	"Shuil Senna (IRE)"	"200.00"	"921.2"	"Maiden Hurdle"	"15"	"15"	"Hogan, C M"	"Nolan, Shane"
"20:30:00"	"2024-09-12"	"Newcastle"	"Howzak"	"4.50"	"6.4"	"Handicap"	"5"	"8"	"Garritty, Billy"	"Bailey, Liam"
"20:00:00"	"2024-09-12"	"Newcastle"	"Sacred Melody"	"28.00"	"45.69"	"Handicap"	"8"	"11"	"Sullivan, James P"	"Carr, Mrs R A"
"18:00:00"	"2024-09-12"	"Newcastle"	"Louella (IRE)"	"7.00"	"9"	"Handicap"	"9"	"10"	"Mulrennan, Paul"	"Brown, A D"
"16:58:00"	"2024-09-12"	"Newcastle"	"Reel Her In (IRE)"	"16.00"	"23.74"	"Handicap"	"5"	"9"	"Mulrennan, Paul"	"Haslam, B M R"
"17:55:00"	"2024-09-11"	"Cork"	"Phoenix Princess (IRE)"	"66.00"	"95"	"Handicap"	"16"	"16"	"Roche, L F"	"Fenton, M P"
"17:50:00"	"2024-09-11"	"Lingfield"	"Snapius (IRE)"	"5.00"	"6.6"	"Handicap"	"9"	"9"	"Bowen, S D"	"Owen, J P"
"17:40:00"	"2024-09-11"	"Worcester"	"Confidential Gosip (IRE)"	"20.00"	"35.25"	"Maiden Hurdle"	"6"	"12"	"Brogan, Kevin"	"Horsfall, Miss L"
"17:40:00"	"2024-09-11"	"Worcester"	"Summerleaze (IRE)"	"25.00"	"43.68"	"Maiden Hurdle"	"7"	"12"	"Scholfield, Nick"	"Gansera-Leveque, Mrs Ilka"
"17:25:00"	"2024-09-11"	"Cork"	"Weston Grey (IRE)"	"33.00"	"55"	"Handicap"	"17"	"17"	"Roche, L F"	"Fahey, Jarlath P"
"17:20:00"	"2024-09-11"	"Lingfield"	"Raqisa"	"14.00"	"18"	"Handicap"	"7"	"8"	"ONeill, K T"	"Humphrey, Mrs S J"
"17:10:00"	"2024-09-11"	"Worcester"	"Lough Owel (IRE)"	"33.00"	"55"	"Handicap Hurdle"	"11"	"13"	"Carver, Bryan"	"Summersby, D P"
"16:28:00"	"2024-09-11"	"Carlisle"	"Rainproof"	"80.00"	"248.87"	"Maiden"	"6"	"14"	"Elliott, Rhys"	"Morris, Patrick"
"15:40:00"	"2024-09-11"	"Lingfield"	"Mums Called"	"150.00"	"510"	"Maiden"	"10"	"10"	"Cox, William"	"Attwater, P"
"14:35:00"	"2024-09-11"	"Lingfield"	"Lightningboltzoom"	"12.00"	"18.88"	"Novices"	"3"	"4"	"Cox, William"	"Attwater, P"
"14:20:00"	"2024-09-11"	"Carlisle"	"Dollys Delight (IRE)"	"4.50"	"6.4"	"Novices"	"6"	"11"	"Mason, Joanna"	"Camacho, Miss J A"
"20:30:00"	"2024-09-10"	"Newcastle"	"Love Warrior (IRE)"	"3.00"	"4.4"	"Handicap"	"2"	"14"	"Tudhope, Daniel"	"OMeara, D"
"19:00:00"	"2024-09-10"	"Newcastle"	"Classic Encounter (IRE)"	"7.50"	"9.85"	"Novices"	"5"	"10"	"Jakes, Tommie"	"Boughey, George"
"18:00:00"	"2024-09-10"	"Newcastle"	"Parish Record (IRE)"	"40.00"	"67.16"	"Handicap"	"6"	"7"	"Hart, Jason"	"Whillans, D W"
"17:45:00"	"2024-09-10"	"Galway"	"Asisaid (IRE)"	"5.50"	"8"	"Handicap"	"6"	"16"	"Keane, C T"	"Hogan, Denis Gerard"
"17:45:00"	"2024-09-10"	"Galway"	"Royal Pippen (IRE)"	"7.00"	"10"	"Handicap"	"16"	"16"	"McMonagle, Dylan B"	"Flynn, Paul W"
"17:05:00"	"2024-09-10"	"Lingfield"	"Forever Proud"	"1.25"	"2.33"	"Handicap"	"3"	"11"	"Bowen, S D"	"Owen, J P"
"15:52:00"	"2024-09-10"	"Catterick"	"Lady Masar"	"50.00"	"66.51"	"Novices"	"7"	"7"	"Mullen, Andrew"	"Haslam, B M R"
"15:00:00"	"2024-09-10"	"Lingfield"	"Dusky Rain"	"100.00"	"839.03"	"Maiden"	"8"	"12"	"Cox, William"	"Attwater, P"
"14:40:00"	"2024-09-10"	"Leicester"	"Jimmy Henry (IRE)"	"33.00"	"53.59"	"Handicap Nursery"	"7"	"7"	"Eaves, Tom"	"Herrington,M "
"14:20:00"	"2024-09-10"	"Catterick"	"Fanaigi Linn (IRE)"	"33.00"	"42"	"Handicap"	"6"	"7"	"Brown, Pippa"	"Brooke, Daniel"
"19:30:00"	"2024-09-09"	"Wolverhampton"	"Help Me Rhonda (IRE)"	"1.75"	"3"	"Handicap"	"6"	"10"	"Muscutt, D"	"Fanshawe, J R"
"19:15:00"	"2024-09-09"	"Galway"	"Minimongous (IRE)"	"100.00"	"362.23"	"NH Flat"	"5"	"15"	"Gilligan, Mr O T"	"Gilligan, Paul John"
"17:55:00"	"2024-09-09"	"Perth"	"Shoughalls Boy (IRE)"	"50.00"	"70"	"Handicap Hurdle"	"6"	"10"	"Lynn, Bruce"	"Rutherford, Gary"
"17:40:00"	"2024-09-09"	"Galway"	"Mastermacblack (IRE)"	"80.00"	"232.84"	"Handicap Hurdle"	"10"	"20"	"Power, I J"	"Breen, Patrick"
"17:40:00"	"2024-09-09"	"Galway"	"Olord (IRE)"	"66.00"	"164.85"	"Handicap Hurdle"	"PU"	"20"	"OHanlon, P J"	"Collins, Darren"
"17:22:00"	"2024-09-09"	"Perth"	"Steps Match (IRE)"	"22.00"	"23.31"	"Handicap Hurdle"	"1"	"10"	"Bewley, Callum"	"Bourke, D F"
"17:05:00"	"2024-09-09"	"Galway"	"Mr Brogue (IRE)"	"12.00"	"15.56"	"Handicap Hurdle"	"9"	"19"	"King, D"	"McNamara, E"
"16:48:00"	"2024-09-09"	"Perth"	"Grain Of Hope"	"4.00"	"5.8"	"Handicap Hurdle"	"PU"	"10"	"Bowen, Sean P"	"Elliott, Gordon"
"16:15:00"	"2024-09-09"	"Perth"	"Winds Of Winter (IRE)"	"5.00"	"7.8"	"Handicap Hurdle"	"2"	"11"	"Hughes, Brian"	"Jardine, I"
"15:55:00"	"2024-09-09"	"Galway"	"Wee Charlie (IRE)"	"10.00"	"12.5"	"Handicap Hurdle"	"1"	"20"	"OSullivan, Mr M J M"	"Bunyan, Darren / OLeary, G"
"15:55:00"	"2024-09-09"	"Galway"	"Department Of War (IRE)"	"66.00"	"270"	"Handicap Hurdle"	"20"	"20"	"Molloy, Michael Jack"	"McLoughlin, D A"
"15:50:00"	"2024-09-09"	"Newton Abbot"	"Window Of Time (IRE)"	"3.33"	"5.35"	"Hurdle"	"7"	"9"	"Woods, K K"	"Hales, A M"
"13:55:00"	"2024-09-09"	"Perth"	"Sunninghill"	"40.00"	"65.7"	"Novices Hurdle"	"4"	"11"	"Nolan, Michael G"	"Hobbs, P J / White, J"
"16:35:00"	"2024-09-08"	"York"	"Evocative Spark (IRE)"	"9.00"	"11.67"	"Handicap"	"13"	"18"	"Bowen, S D"	"Owen, J P"
"16:15:00"	"2024-09-08"	"Fontwell"	"Fakir (FR)"	"2.50"	"3.8"	"Handicap Chase"	"4"	"5"	"Sheppard, Stan"	"Lacey, T"
"14:30:00"	"2024-09-08"	"Fontwell"	"Prince Imperial (USA)"	"2.00"	"3.04"	"Maiden Hurdle"	"1"	"9"	"Bowen, Sean P"	"Murphy, Olly"
"14:30:00"	"2024-09-08"	"Fontwell"	"Strictly Tango (IRE)"	"5.50"	"10.98"	"Maiden Hurdle"	"3"	"9"	"Twiston-Davies, Sam"	"Newland, Dr R D P"
"14:30:00"	"2024-09-08"	"Fontwell"	"Almuhit (IRE)"	"3.00"	"4.4"	"Maiden Hurdle"	"5"	"9"	"McLernon, R P"	"Brown, G"
"14:30:00"	"2024-09-08"	"Fontwell"	"Getoverthathill (IRE)"	"16.00"	"17.61"	"Maiden Hurdle"	"7"	"9"	"Dingle, Rex"	"Gordon, C"
"14:30:00"	"2024-09-08"	"Fontwell"	"Design Flaw"	"200.00"	"746.13"	"Maiden Hurdle"	"8"	"9"	"Worsley, Tabitha"	"Woods, Mrs Cynthia"
"13:55:00"	"2024-09-08"	"Fontwell"	"Happy Index"	"1.00"	"2.1"	"Handicap Hurdle"	"2"	"9"	"Stones, Lewis"	"Murphy, Olly"
"13:55:00"	"2024-09-08"	"Fontwell"	"Northern Reel (IRE)"	"10.00"	"11.23"	"Handicap Hurdle"	"6"	"9"	"Morgan, Mr Beau"	"Murphy, Olly"
"20:30:00"	"2024-09-07"	"Wolverhampton"	"Little Siskin"	"50.00"	"70"	"Handicap"	"12"	"12"	"Doughty, Jack"	"Butler, John"
"19:00:00"	"2024-09-07"	"Wolverhampton"	"Alex The Great (IRE)"	"10.00"	"15.96"	"Handicap"	"2"	"10"	"Keenan, Darragh"	"Freire, Raphael"
"18:50:00"	"2024-09-07"	"Stratford"	"Serious Chat (IRE)"	"0.62"	"1.68"	"NH Flat"	"1"	"5"	"Hughes, Brian"	"McCain Jnr, D"
"17:30:00"	"2024-09-07"	"Kempton"	"Golden Flame (IRE)"	"33.00"	"57.83"	"Handicap"	"9"	"13"	"Fisher, Taylor"	"Faulkner, T"
"17:10:00"	"2024-09-07"	"Navan"	"Forbidden Planet"	"16.00"	"22.59"	"Handicap"	"17"	"17"	"Heffernan, J A"	"Smith, Kevin"
"17:00:00"	"2024-09-07"	"Thirsk"	"Reel Rosie (IRE)"	"16.00"	"25.61"	"Handicap"	"2"	"5"	"ONeill, K T"	"Candlish, Jennie"
"16:55:00"	"2024-09-07"	"Kempton"	"Pivotal Trigger"	"33.00"	"48.27"	"Handicap"	"7"	"10"	"Callan, N"	"Butler, John"
"16:50:00"	"2024-09-07"	"Wolverhampton"	"Glen Esk"	"50.00"	"82.09"	"Handicap"	"13"	"13"	"Bennett, Charlie"	"Oshea, J G M"
"16:00:00"	"2024-09-07"	"Navan"	"Dontspoilasale (IRE)"	"28.00"	"55"	"Handicap"	"5"	"11"	"MacRedmond, Cian"	"McGuinness, Adrian"
"15:20:00"	"2024-09-07"	"Ascot"	"Rapid Mission"	"80.00"	"145.23"	"Handicap"	"7"	"9"	"Bishop, Charles"	"Charlton, Anthony"
"20:00:00"	"2024-09-06"	"Kempton"	"Screaming Eagle"	"6.00"	"7.8"	"Handicap"	"3"	"4"	"Stott, Kevin"	"Williams, Ian"
"19:30:00"	"2024-09-06"	"Kempton"	"With Style (IRE)"	"18.00"	"24.11"	"Maiden"	"2"	"9"	"Fallon, Cieren"	"Haggas, W J"
"19:20:00"	"2024-09-06"	"Kilbeggan"	"Matter Of Opinion (IRE)"	"100.00"	"290"	"NH Flat"	"3"	"15"	"Byrne, Ms L A"	"Harvey, William"
"19:10:00"	"2024-09-06"	"Down Royal"	"Honrado"	"12.00"	"22"	"Handicap"	"10"	"12"	"Keane, C T"	"Hughes, Cian"
"19:10:00"	"2024-09-06"	"Down Royal"	"Carrickfinn"	"33.00"	"47.99"	"Handicap"	"11"	"12"	"McGettigan, P"	"Gallagher, Shane"
"19:10:00"	"2024-09-06"	"Down Royal"	"Pretty Soldier (GER)"	"10.00"	"11.62"	"Handicap"	"12"	"12"	"Caffrey, Adam"	"Swindle, Wayne"
"18:30:00"	"2024-09-06"	"Kempton"	"Dolce Vitta (IRE)"	"25.00"	"34.52"	"Handicap Nursery"	"2"	"5"	"Dobie, Georgia"	"Houghton, Eve Johnson"
"17:10:00"	"2024-09-06"	"Kilbeggan"	"Tom Sarah Evelyn (IRE)"	"20.00"	"35.48"	"Maiden Hurdle"	"PU"	"16"	"Stone-Walsh, C"	"Ryan, John Patrick"
"16:45:00"	"2024-09-06"	"Ascot"	"Son Of Man (IRE)"	"28.00"	"37.49"	"Handicap"	"8"	"9"	"Cosgrave, Pat"	"Boyle, J R"
"15:35:00"	"2024-09-06"	"Ascot"	"Diego Ventura (IRE)"	"1.20"	"2.51"	"Novices"	"1"	"10"	"Doyle, James"	"Jehani, H Al"
"14:10:00"	"2024-09-06"	"Bangor"	"Youlneverwalkalone"	"22.00"	"30"	"Handicap Hurdle"	"7"	"10"	"Gillard, Mr T"	"McCain Jnr, D"
"13:35:00"	"2024-09-06"	"Bangor"	"Court Cian (IRE)"	"10.00"	"15"	"Novices Hurdle"	"5"	"11"	"Gethings, Ciaran"	"Edmunds, Stuart"
"13:25:00"	"2024-09-06"	"Haydock"	"Aztec Sun (IRE)"	"8.50"	"10.48"	"Handicap"	"7"	"10"	"Tudhope, Daniel"	"Hills, Charles"
"21:00:00"	"2024-09-05"	"Wolverhampton"	"Between Me And U"	"12.00"	"14"	"Handicap"	"1"	"10"	"Eaves, Tom"	"Herrington,M "
"21:00:00"	"2024-09-05"	"Wolverhampton"	"Ravishing Beauty"	"11.00"	"13.5"	"Handicap"	"6"	"10"	"Garritty, Jack"	"OKeeffe, Jedd"
"20:30:00"	"2024-09-05"	"Wolverhampton"	"Roman Princess"	"40.00"	"50"	"Handicap"	"12"	"12"	"Costello, Dougie"	"Hollinshead, Steph"
"18:15:00"	"2024-09-05"	"Clonmel"	"Deed Pole"	"40.00"	"94.78"	"Handicap"	"12"	"13"	"Colgan, R C"	"Hughes, Cian"
"17:45:00"	"2024-09-05"	"Clonmel"	"On The Cards (FR)"	"18.00"	"22.4"	"Handicap"	"6"	"6"	"Rutledge, Siobhan"	"McConnell, John C"
"17:40:00"	"2024-09-05"	"Newbury"	"Ancient Capital"	"28.00"	"40"	"Handicap"	"8"	"8"	"Rooke, George"	"Llewellyn, Robert"
"16:32:00"	"2024-09-05"	"Lingfield"	"Prince Maxi (IRE)"	"9.00"	"11"	"Handicap"	"4"	"9"	"Egan, David"	"Loughnane, David"
"14:00:00"	"2024-09-05"	"Lingfield"	"Valegro (IRE)"	"80.00"	"148.88"	"Handicap"	"8"	"13"	"Nicholls, Mia"	"Murphy, P G"
"17:17:00"	"2024-09-04"	"Bath"	"Capital Love"	"100.00"	"374.3"	"Handicap"	"12"	"12"	"Bowen, S D"	"Gillard, Mark"
"17:03:00"	"2024-09-04"	"Southwell"	"Abstract Art (IRE)"	"6.50"	"8.18"	"Handicap Nursery"	"7"	"9"	"Crowley, Jim"	"Williams, Ian"
"16:50:00"	"2024-09-04"	"Lingfield"	"Blue Collar Lad"	"2.25"	"3.4"	"Handicap"	"2"	"6"	"Egan, David"	"Steele, Daniel"
"16:42:00"	"2024-09-04"	"Bath"	"Baynoona (IRE)"	"200.00"	"467.65"	"Handicap"	"8"	"8"	"Coughlan, Laura"	"Gardner, Mrs S"
"16:20:00"	"2024-09-04"	"Kilbeggan"	"Appian Way (FR)"	"12.00"	"16"	"Handicap Hurdle"	"12"	"14"	"OSullivan, Mr E M"	"Flynn, Ms M"
"16:05:00"	"2024-09-04"	"Bath"	"Honour Your Dreams (FR)"	"2.50"	"3.49"	"Handicap"	"1"	"7"	"Rawlinson, Ali"	"Appleby, M"
"15:15:00"	"2024-09-04"	"Kilbeggan"	"Breath Of Wind (IRE)"	"80.00"	"135.41"	"Maiden Hurdle"	"12"	"16"	"OKeeffe, Sean F"	"Magnussen, M"
"15:15:00"	"2024-09-04"	"Kilbeggan"	"Pretty Company (IRE)"	"125.00"	"260"	"Maiden Hurdle"	"PU"	"16"	"Roche, T P"	"Doyle, Sean Thomas"
"15:15:00"	"2024-09-04"	"Kilbeggan"	"Intertwine (FR)"	"10.00"	"12.72"	"Maiden Hurdle"	"PU"	"16"	"Sexton, K C"	"Queally, Declan"
"14:53:00"	"2024-09-04"	"Southwell"	"Beautiful Dawn (IRE)"	"50.00"	"86.74"	"Handicap"	"7"	"7"	"Hardie, Cameron"	"Shaw, D"
"18:45:00"	"2024-09-03"	"Newcastle"	"Magnetic North (IRE)"	"20.00"	"23.85"	"Handicap"	"8"	"8"	"Orr, Oisin"	"Menzies, Rebecca"
"17:05:00"	"2024-09-03"	"Gowran Park"	"Academy Winner (USA)"	"14.00"	"19.79"	"Handicap"	"6"	"15"	"Sheridan, J M"	"Hogan, Denis Gerard"
"17:05:00"	"2024-09-03"	"Gowran Park"	"Moyassr (IRE)"	"16.00"	"22"	"Handicap"	"12"	"15"	"Lee, W J"	"Kiely, J E and Thomas"
"17:05:00"	"2024-09-03"	"Gowran Park"	"Cordouan (FR)"	"14.00"	"21.53"	"Handicap"	"14"	"15"	"MacRedmond, Cian"	"Donohoe, R"
"15:40:00"	"2024-09-03"	"Southwell"	"Lady Ursula (IRE)"	"100.00"	"276.74"	"Handicap"	"11"	"11"	"Marsh, Finley"	"Morris, Patrick"
"15:05:00"	"2024-09-03"	"Southwell"	"Layaali (IRE)"	"50.00"	"70.87"	"Handicap Nursery"	"10"	"11"	"Morris, Luke"	"Butler, John"
"19:00:00"	"2024-09-02"	"Windsor"	"Renesmee"	"8.50"	"9.6"	"Handicap"	"2"	"9"	"Howarth, Christian"	"Haynes, Alice"
"18:15:00"	"2024-09-02"	"Roscommon"	"Good Time Jonny (IRE)"	"66.00"	"245.31"	"Maiden"	"7"	"13"	"Blackmore, Rachael"	"OLeary, Mrs C"
"17:15:00"	"2024-09-02"	"Roscommon"	"Pralognan (FR)"	"25.00"	"42"	"Handicap"	"7"	"12"	"Lordan, W M"	"OLeary, Mrs C"
"17:00:00"	"2024-09-02"	"Windsor"	"Total Lockdown"	"8.50"	"10.96"	"Handicap"	"10"	"11"	"Howarth, Christian"	"Haynes, Alice"
"16:45:00"	"2024-09-02"	"Roscommon"	"Play It Again Zaam (IRE)"	"12.00"	"22.01"	"Handicap"	"13"	"15"	"Whearty, R"	"Dobbs, Mrs Prunella"
"16:05:00"	"2024-09-02"	"Chepstow"	"Glencalvie (IRE)"	"6.00"	"9"	"Handicap"	"5"	"5"	"Mangan, Gina"	"Wintle, A"
"17:30:00"	"2024-09-01"	"Tipperary"	"Limmortale (IRE)"	"66.00"	"132.55"	"Handicap"	"10"	"16"	"Joyce, Wesley"	"Dowling, Thomas"
"17:22:00"	"2024-09-01"	"Brighton"	"Hi Hoh Tonto"	"10.00"	"13.9"	"Handicap"	"3"	"6"	"Hogan, D E"	"Crawley, Matt"
"17:10:00"	"2024-09-01"	"Worcester"	"Santa Clarita (FR)"	"2.50"	"3.75"	"Handicap Hurdle"	"1"	"11"	"Skelton, Harry"	"Skelton, Daniel"
"17:00:00"	"2024-09-01"	"Tipperary"	"Hemight (IRE)"	"10.00"	"13.5"	"Handicap"	"12"	"15"	"King, D"	"King, Connor"
"16:10:00"	"2024-09-01"	"Worcester"	"Barenboim"	"8.00"	"9.5"	"Maiden Hurdle"	"6"	"11"	"Sheehan, Gavin"	"Snowden, Jamie"
"15:40:00"	"2024-09-01"	"Worcester"	"Hopjes (SAF)"	"25.00"	"30.65"	"NH Flat"	"4"	"5"	"Harris, Bradley"	"Burke, Kieran"
"15:40:00"	"2024-09-01"	"Worcester"	"Tres Bien"	"14.00"	"16.65"	"NH Flat"	"5"	"5"	"Kavanagh, Peter J"	"Kirby, P A"
"15:00:00"	"2024-09-01"	"Tipperary"	"Malex"	"4.00"	"5.61"	"Non-Handicap"	"1"	"4"	"Egan, David"	"Murray, Adrian"
"15:00:00"	"2024-09-01"	"Tipperary"	"Nightcliff (IRE)"	"10.00"	"12.5"	"Non-Handicap"	"4"	"4"	"Hassett, M W"	"OBrien, Joseph Patrick"
"18:55:00"	"2024-08-31"	"Lingfield"	"Irrelevant (IRE)"	"9.00"	"10.35"	"Non-Handicap"	"3"	"9"	"Watson, Jason"	"Pattinson, Mark"
"17:10:00"	"2024-08-31"	"Curragh"	"Never Cry Never (IRE)"	"14.00"	"20.35"	"Handicap"	"14"	"17"	"Cleary, Jack"	"Bunyan, Darren / OLeary, G"
"17:00:00"	"2024-08-31"	"Chester"	"Mcmanaman (IRE)"	"33.00"	"80"	"Handicap"	"10"	"10"	"Fallon, Cieren"	"Williams, Ian"
"16:25:00"	"2024-08-31"	"Chester"	"Flickas Girl"	"28.00"	"42.59"	"Non-Handicap"	"6"	"6"	"Probert, David"	"Evans, P D"
"15:55:00"	"2024-08-31"	"Newton Abbot"	"Hell Red (FR)"	"14.00"	"22"	"Handicap Hurdle"	"4"	"6"	"Carver, Bryan"	"Summersby, D P"
"15:55:00"	"2024-08-31"	"Newton Abbot"	"Way Out (IRE)"	"2.50"	"3.86"	"Handicap Hurdle"	"5"	"6"	"Cannon, Tom J"	"Charlton, Anthony"
"15:20:00"	"2024-08-31"	"Newton Abbot"	"Go On Ya Goodthing (IRE)"	"3.33"	"5.2"	"Handicap Chase"	"4"	"6"	"Brace, Connor"	"OBrien, Fergal"
"14:40:00"	"2024-08-31"	"Chester"	"Good Heavens (IRE)"	"50.00"	"85"	"Handicap"	"13"	"13"	"Hart, Jason"	"Quinn, J J"
"14:35:00"	"2024-08-31"	"Beverley"	"Lady Nunthorpe (IRE)"	"50.00"	"110"	"Handicap"	"8"	"11"	"Russell, Harry"	"Oldroyd, G R"
"14:15:00"	"2024-08-31"	"Newton Abbot"	"Ugo Bingo (FR)"	"22.00"	"73.4"	"Novices Hurdle"	"6"	"10"	"Cannon, Tom J"	"Charlton, Anthony"
"19:35:00"	"2024-08-30"	"Down Royal"	"Docteur Elysees (IRE)"	"150.00"	"1000"	"NH Flat"	"9"	"11"	"Peyroles, Sara"	"Hayes, Patrick Joseph"
"19:13:00"	"2024-08-30"	"Salisbury"	"Blue Collar (IRE)"	"10.00"	"13.5"	"Handicap"	"5"	"10"	"Kingscote, Richard"	"Evans, P D"
"18:45:00"	"2024-08-30"	"Fontwell"	"Damask (FR)"	"3.00"	"4.3"	"Handicap Novices Hurdle"	"PU"	"13"	"Skelton, Harry"	"Skelton, Daniel"
"18:40:00"	"2024-08-30"	"Salisbury"	"Monsieur Fudge"	"1.50"	"2.65"	"Novices"	"2"	"7"	"Egan, David"	"Scott, George"
"17:50:00"	"2024-08-30"	"Down Royal"	"Indication Rocket (IRE)"	"100.00"	"280"	"Maiden Hurdle"	"9"	"13"	"Donoghue, K M"	"McGill, Gary"
"17:35:00"	"2024-08-30"	"Fontwell"	"Lunar Contact (IRE)"	"11.00"	"12.48"	"Handicap Hurdle"	"6"	"6"	"Andrews, Jack"	"Ellis, T"
"17:23:00"	"2024-08-30"	"Southwell"	"My Brother Mike (IRE)"	"8.00"	"9.42"	"Handicap"	"8"	"12"	"Greatrex, Thomas"	"Loughnane, David"
"17:20:00"	"2024-08-30"	"Thirsk"	"Treasure Storm (IRE)"	"80.00"	"150"	"Handicap"	"7"	"9"	"Halton, Mr Shay"	"Kirby, P A"
"17:05:00"	"2024-08-30"	"Wexford"	"Technology (IRE)"	"14.00"	"15.22"	"Handicap Hurdle"	"2"	"13"	"Harvey, Mr B W"	"McConnell, John C"
"17:00:00"	"2024-08-30"	"Fontwell"	"Character Testing"	"18.00"	"23.42"	"Maiden Hurdle"	"3"	"6"	"Andrews, Jack"	"Ellis, T"
"16:45:00"	"2024-08-30"	"Southwell"	"Maris Angel"	"100.00"	"210"	"Maiden"	"4"	"12"	"Garritty, Jack"	"Walford, Mark"
"16:13:00"	"2024-08-30"	"Southwell"	"Overnight Oats"	"2.50"	"3.84"	"Handicap"	"11"	"13"	"Bowen, S D"	"Owen, J P"
"16:05:00"	"2024-08-30"	"Down Royal"	"Rhythm And Moves (IRE)"	"33.00"	"44"	"Hurdle"	"4"	"9"	"Brouder, Gavin"	"Kelly, Noel C"
"16:00:00"	"2024-08-30"	"Sandown"	"Dubai Immo (IRE)"	"100.00"	"210.5"	"Handicap"	"9"	"9"	"Clutterbuck, Rhys"	"Butler, P"
"15:20:00"	"2024-08-30"	"Wexford"	"Polly Poppins (IRE)"	"25.00"	"34"	"Maiden Hurdle"	"8"	"13"	"OCallaghan, Shane"	"Crowley, Bernard Martin"
"15:20:00"	"2024-08-30"	"Wexford"	"Vidisha (FR)"	"10.00"	"15.66"	"Maiden Hurdle"	"12"	"13"	"Smithers, P T"	"Roche, Padraig"
"15:15:00"	"2024-08-30"	"Thirsk"	"Rousing Encore (IRE)"	"12.00"	"16.96"	"Handicap"	"5"	"9"	"Sullivan, James P"	"Carr, Mrs R A"
"15:15:00"	"2024-08-30"	"Thirsk"	"Reveiller (IRE)"	"28.00"	"46"	"Handicap"	"8"	"9"	"McSweeney, O"	"Camacho, Miss J A"
"15:05:00"	"2024-08-30"	"Ffos Las"	"Aquifolia"	"40.00"	"54.15"	"Non-Handicap"	"6"	"6"	"Keeley, Aidan"	"Mulholland, N P"
"14:25:00"	"2024-08-30"	"Sandown"	"Kitty Bennet"	"80.00"	"145.05"	"Handicap"	"9"	"11"	"Clutterbuck, Rhys"	"Long, J E"
"13:25:00"	"2024-08-30"	"Ffos Las"	"Evasive Power (USA)"	"25.00"	"38"	"Handicap"	"9"	"9"	"Lewis, Miss Zoe"	"Faulkner, T"
"18:43:00"	"2024-08-29"	"Southwell"	"Antiphon (IRE)"	"28.00"	"36"	"Handicap"	"7"	"12"	"Fanning, Joe"	"Kelleway, Miss Gay"
"18:43:00"	"2024-08-29"	"Southwell"	"Jungle Land (IRE)"	"2.13"	"3.5"	"Handicap"	"8"	"12"	"Loughnane, Mr Billy"	"Boughey, George"
"18:43:00"	"2024-08-29"	"Southwell"	"Be Frank"	"11.00"	"15"	"Handicap"	"9"	"12"	"Whelan, Trevor"	"Williams, Ian"
"17:55:00"	"2024-08-29"	"Newbury"	"The Caribbean (IRE)"	"40.00"	"58.68"	"Handicap"	"13"	"16"	"Sousa, Silvestre De"	"Main, Mrs H S"
"17:55:00"	"2024-08-29"	"Newbury"	"Rating (IRE)"	"50.00"	"110.88"	"Handicap"	"15"	"16"	"Mangan, Gina"	"Brown, G"
"16:40:00"	"2024-08-29"	"Chelmsford City"	"Dont Fight It (IRE)"	"33.00"	"47.15"	"Non-Handicap"	"6"	"11"	"Carson, William"	"Best, Jim/Suzi"
"15:00:00"	"2024-08-29"	"Navan"	"Harrys Bar"	"50.00"	"114.37"	"Handicap"	"10"	"13"	"MacRedmond, Cian"	"Davison, Jack W"
"19:30:00"	"2024-08-28"	"Kempton"	"Clear Storm"	"16.00"	"23.53"	"Handicap"	"6"	"7"	"Fallon, Cieren"	"Hawke, N J"
"19:10:00"	"2024-08-28"	"Worcester"	"Call Me Rocky (IRE)"	"33.00"	"40.13"	"Handicap Hurdle"	"PU"	"10"	"Cannon, Tom J"	"Charlton, Anthony"
"18:40:00"	"2024-08-28"	"Worcester"	"Art Approval (FR)"	"16.00"	"20.85"	"Handicap Hurdle"	"8"	"11"	"Houlihan, Sean M"	"Tickle, J"
"18:00:00"	"2024-08-28"	"Catterick"	"Posh Maisie (IRE)"	"50.00"	"80.64"	"Handicap"	"8"	"8"	"Hart, Jason"	"Teague, C J"
"17:40:00"	"2024-08-28"	"Worcester"	"Versace Twentyone (IRE)"	"11.00"	"16.66"	"NH Flat"	"3"	"9"	"Pritchard, Mr Callum"	"Lewis, Mrs S W"
"17:40:00"	"2024-08-28"	"Worcester"	"Brionywells"	"6.50"	"9.05"	"NH Flat"	"8"	"9"	"Woods, K K"	"McPherson, Graeme P"
"16:45:00"	"2024-08-28"	"Bellewstown"	"On Lovers Walk (IRE)"	"3.50"	"5.1"	"Maiden Hurdle"	"5"	"8"	"Harney, T P"	"OSullivan, Ross"
"15:15:00"	"2024-08-28"	"Catterick"	"Too Much Too Young"	"40.00"	"54.09"	"Non-Handicap"	"1"	"7"	"McDonald, P J"	"Scott, Miss Katie"
"19:08:00"	"2024-08-27"	"Lingfield"	"Repartee (IRE)"	"20.00"	"28.62"	"Handicap"	"7"	"7"	"Osborne, Saffie"	"Wallis, Charlie"
"17:25:00"	"2024-08-27"	"Stratford"	"Got Grey (FR)"	"1.20"	"2.43"	"Handicap Hurdle"	"1"	"14"	"Skelton, Harry"	"Skelton, Daniel"
"17:10:00"	"2024-08-27"	"Musselburgh"	"Liberty Looming (IRE)"	"10.00"	"12.78"	"Handicap"	"8"	"10"	"Elliott, Rhys"	"Nicol, Adam"
"17:00:00"	"2024-08-27"	"Ripon"	"Ulfhada (IRE)"	"50.00"	"72.66"	"Handicap"	"7"	"7"	"Muir, Paula"	"Bedi, Miss J"
"16:45:00"	"2024-08-27"	"Bellewstown"	"Monzoon"	"11.00"	"13.27"	"Handicap"	"11"	"15"	"McAteer, L T"	"Donohoe, R"
"16:22:00"	"2024-08-27"	"Stratford"	"Pooch"	"14.00"	"18"	"Handicap Hurdle"	"9"	"16"	"Gillard, Mr T"	"McCain Jnr, D"
"16:00:00"	"2024-08-27"	"Ripon"	"South Shore"	"66.00"	"107.16"	"Handicap"	"10"	"11"	"Sullivan, James P"	"Carr, Mrs R A"
"17:20:00"	"2024-08-26"	"Chepstow"	"Flagman"	"10.00"	"11.98"	"Handicap"	"5"	"8"	"Mangan, Gina"	"Faulkner, T"
"17:00:00"	"2024-08-26"	"Epsom"	"Trueman"	"150.00"	"235.28"	"Handicap"	"14"	"14"	"Queally, T P"	"Mongan, Mrs L J"
"16:50:00"	"2024-08-26"	"Downpatrick"	"Desert Heather (IRE)"	"5.50"	"7.4"	"Handicap Chase"	"6"	"11"	"Fitzgerald, S"	"Sweeney, Rodger"
"16:40:00"	"2024-08-26"	"Cartmel"	"Polish"	"9.00"	"11"	"Handicap Chase"	"PU"	"6"	"Jones, Charlotte"	"Moffatt, James"
"16:10:00"	"2024-08-26"	"Chepstow"	"Judge Frank (IRE)"	"5.50"	"8.96"	"Handicap"	"4"	"14"	"Hornby, Rob"	"Flint, J L"
"16:02:00"	"2024-08-26"	"Cartmel"	"Tiger Jet (IRE)"	"14.00"	"19.99"	"Handicap Hurdle"	"1"	"8"	"Neild, Jamie"	"Candlish, Jennie"
"16:02:00"	"2024-08-26"	"Cartmel"	"The Bomber Liston (IRE)"	"18.00"	"27"	"Handicap Hurdle"	"5"	"8"	"Rabbitt, Mr C"	"Hamilton, A B"
"16:02:00"	"2024-08-26"	"Cartmel"	"Laxey (IRE)"	"28.00"	"43.6"	"Handicap Hurdle"	"PU"	"8"	"McMenamin, Daniel"	"Jardine, I"
"15:40:00"	"2024-08-26"	"Downpatrick"	"Hobs Angel (IRE)"	"40.00"	"48"	"Handicap Hurdle"	"7"	"9"	"Callaghan, Mr K"	"Barcoe, James M"
"15:12:00"	"2024-08-26"	"Ripon"	"Benevento (IRE)"	"12.00"	"16.46"	"Non-Handicap"	"2"	"7"	"Egan, David"	"Freire, Raphael"
"14:52:00"	"2024-08-26"	"Cartmel"	"Doyen For A Drink (IRE)"	"6.00"	"7.47"	"Handicap Hurdle"	"1"	"7"	"Hughes, Brian"	"Bunyan, Darren / OLeary, G"
"14:47:00"	"2024-08-26"	"Southwell"	"Alabama Anna"	"22.00"	"31.12"	"Handicap"	"11"	"13"	"Shoemark, Kieran"	"Newland, Dr R D P"
"14:17:00"	"2024-08-26"	"Cartmel"	"Malinka (FR)"	"12.00"	"16"	"Hurdle"	"1"	"7"	"Quinlan, Sean"	"Candlish, Jennie"
"14:17:00"	"2024-08-26"	"Cartmel"	"Judicial Reward (IRE)"	"3.33"	"4.74"	"Hurdle"	"4"	"7"	"Hughes, Brian"	"Bunyan, Darren / OLeary, G"
"14:17:00"	"2024-08-26"	"Cartmel"	"Path Of Stars (FR)"	"14.00"	"17.28"	"Hurdle"	"6"	"7"	"Nolan, Michael G"	"Mullins, J W"
"14:07:00"	"2024-08-26"	"Epsom"	"Many Men"	"4.50"	"6.4"	"Maiden"	"5"	"10"	"Cosgrave, Pat"	"Boyle, J R"
"13:55:00"	"2024-08-26"	"Downpatrick"	"Ravelli (IRE)"	"40.00"	"70.32"	"Maiden Hurdle"	"9"	"13"	"Harvey, Mr B W"	"McConnell, John C"
"13:50:00"	"2024-08-26"	"Chepstow"	"El Montejean"	"40.00"	"67.93"	"Handicap"	"8"	"8"	"Hutchinson, Callum"	"Lund, B V"
"17:20:00"	"2024-08-25"	"Goodwood"	"Temporize"	"2.75"	"3.8"	"Handicap"	"4"	"8"	"Stott, Kevin"	"Charlton, Anthony"
"16:35:00"	"2024-08-25"	"Yarmouth"	"B Associates (IRE)"	"7.00"	"10.48"	"Handicap"	"1"	"11"	"Bowen, S D"	"Owen, J P"
"16:10:00"	"2024-08-25"	"Goodwood"	"Spanish Poet (FR)"	"25.00"	"30"	"Seller"	"5"	"6"	"Stott, Kevin"	"Charlton, Anthony"
"15:35:00"	"2024-08-25"	"Goodwood"	"Embrace (IRE)"	"25.00"	"29.2"	"Handicap"	"7"	"14"	"Spencer, Jamie"	"Boughey, George"
"13:57:00"	"2024-08-25"	"Naas"	"Far At Sea (IRE)"	"200.00"	"492.53"	"Maiden"	"12"	"12"	"Hayes, C D"	"Murphy, P J F"
"19:45:00"	"2024-08-24"	"Windsor"	"Little Venice"	"3.00"	"4.35"	"Handicap"	"4"	"6"	"Fallon, Cieren"	"Mulholland, N P"
"18:15:00"	"2024-08-24"	"Windsor"	"Aimeric"	"2.25"	"3.43"	"Non-Handicap"	"3"	"4"	"Osborne, Saffie"	"Burke, K R"
"18:00:00"	"2024-08-24"	"Redcar"	"Harlem Nights (IRE)"	"33.00"	"49.18"	"Handicap"	"8"	"9"	"Sanderson, Benjamin"	"Macey, Jessica"
"18:00:00"	"2024-08-24"	"Redcar"	"Sound Pressure (IRE)"	"40.00"	"71.98"	"Handicap"	"9"	"9"	"Sexton, Ryan"	"England, Sam"
"17:35:00"	"2024-08-24"	"Cartmel"	"Sky Power (IRE)"	"5.00"	"7.63"	"Handicap Hurdle"	"6"	"9"	"Price, Charlie"	"Llewellyn, Robert"
"17:10:00"	"2024-08-24"	"Curragh"	"Sir Callisto (IRE)"	"33.00"	"53.76"	"Handicap"	"17"	"18"	"Colgan, R C"	"OLeary, Mrs C"
"14:50:00"	"2024-08-24"	"Cartmel"	"Mojo Ego (IRE)"	"14.00"	"19.83"	"Handicap Hurdle"	"5"	"12"	"Jones, Charlotte"	"Moffatt, James"
"14:20:00"	"2024-08-24"	"Curragh"	"Lady Fox (IRE)"	"33.00"	"52.5"	"Maiden"	"9"	"17"	"Joyce, Wesley"	"Howard, Aidan Anthony"
"14:20:00"	"2024-08-24"	"Curragh"	"Belle Pearl"	"40.00"	"66.48"	"Maiden"	"15"	"17"	"Foley, Shane"	"OSullivan, Ross"
"14:15:00"	"2024-08-24"	"Cartmel"	"Val Bassett (FR)"	"28.00"	"42.11"	"Novices Hurdle"	"3"	"6"	"Moscrop, Nathan"	"Menzies, Rebecca"
"20:14:00"	"2024-08-23"	"Killarney"	"Supreme Law (IRE)"	"100.00"	"806.79"	"Non-Handicap"	"5"	"5"	"Kelly, Ms M"	"Bunyan, Darren / OLeary, G"
"20:09:00"	"2024-08-23"	"Hamilton"	"Jackie Brown (IRE)"	"16.00"	"18.83"	"Handicap"	"5"	"7"	"Rutledge, Siobhan"	"OLeary, Mrs C"
"18:55:00"	"2024-08-23"	"Kilbeggan"	"Joes Turn (IRE)"	"3.33"	"4.7"	"Handicap Chase"	"1"	"14"	"Enright, P T"	"McNiff, Mark Michael"
"18:35:00"	"2024-08-23"	"Hamilton"	"Melinda (IRE)"	"28.00"	"70"	"Novices"	"5"	"8"	"James, S H"	"Russell, Miss Lucinda V"
"18:35:00"	"2024-08-23"	"Hamilton"	"Izzari (GER)"	"33.00"	"70"	"Novices"	"6"	"8"	"Mullen, Andrew"	"Jardine, I"
"16:45:00"	"2024-08-23"	"York"	"Angelo Buonarroti (USA)"	"2.00"	"3.36"	"Maiden"	"1"	"17"	"Egan, David"	"Beckett, R M"
"14:25:00"	"2024-08-23"	"York"	"Al Nayyir"	"33.00"	"34.55"	"Non-Handicap"	"2"	"9"	"Morris, Luke"	"Clover, Tom"
"21:00:00"	"2024-08-22"	"Chelmsford City"	"Marching Mac (IRE)"	"16.00"	"20.83"	"Handicap"	"5"	"7"	"Da Silva, Raul"	"McEntee, P S"
"19:30:00"	"2024-08-22"	"Chelmsford City"	"Alaskan Gold (IRE)"	"20.00"	"23.75"	"Handicap"	"5"	"5"	"Hornby, Rob"	"King, A"
"18:36:00"	"2024-08-22"	"Killarney"	"General Hubble (IRE)"	"3.00"	"4.1"	"Handicap Chase"	"3"	"12"	"Kennedy, J W"	"Elliott, Gordon"
"17:30:00"	"2024-08-22"	"Newton Abbot"	"League Clash (IRE)"	"11.00"	"12.96"	"Handicap Hurdle"	"3"	"13"	"Price, Charlie"	"Llewellyn, Robert"
"16:55:00"	"2024-08-22"	"Lingfield"	"Storm Venture"	"16.00"	"17.36"	"Handicap"	"4"	"5"	"Bowen, S D"	"Faulkner, T"
"16:25:00"	"2024-08-22"	"Newton Abbot"	"Nadim (IRE)"	"18.00"	"27"	"Handicap Hurdle"	"10"	"15"	"Cannon, Tom J"	"Charlton, Anthony"
"15:55:00"	"2024-08-22"	"Newton Abbot"	"Grey Diamond (FR)"	"18.00"	"30.3"	"Handicap Chase"	"2"	"4"	"Gillard, Mr T"	"McCain Jnr, D"
"15:20:00"	"2024-08-22"	"Newton Abbot"	"Sergeant (FR)"	"5.00"	"6.2"	"Handicap Hurdle"	"1"	"8"	"Bowen, Sean P"	"Charlton, Anthony"
"15:00:00"	"2024-08-22"	"York"	"Mr King (IRE)"	"50.00"	"80"	"Handicap"	"7"	"18"	"Crouch, Hector"	"Jardine, I"
"14:45:00"	"2024-08-22"	"Newton Abbot"	"Great Dange (FR)"	"80.00"	"168.99"	"Handicap Chase"	"1"	"14"	"McIntyre, Mr M J"	"Brennan, F J"
"14:45:00"	"2024-08-22"	"Newton Abbot"	"Ballinoulart (IRE)"	"5.00"	"7"	"Handicap Chase"	"7"	"14"	"Gethings, Ciaran"	"Dennis, David"
"14:25:00"	"2024-08-22"	"York"	"Bueno Nacho (IRE)"	"33.00"	"48"	"Non-Handicap"	"20"	"20"	"Bryan, Joshua"	"Attwater, P"
"14:10:00"	"2024-08-22"	"Newton Abbot"	"Sirekoff (IRE)"	"3.00"	"5.1"	"Maiden Hurdle"	"1"	"14"	"Tudor, Jack"	"Pipe, D E"
"14:10:00"	"2024-08-22"	"Newton Abbot"	"Junior Des Mottes (FR)"	"4.50"	"7.8"	"Maiden Hurdle"	"11"	"14"	"Brace, Connor"	"OBrien, Fergal"
"14:10:00"	"2024-08-22"	"Newton Abbot"	"Too Sharp (IRE)"	"100.00"	"200"	"Maiden Hurdle"	"PU"	"14"	"David, Mr Robbie"	"Hitchins, Daisy"
"20:30:00"	"2024-08-21"	"Kempton"	"Miggy Magic (IRE)"	"11.00"	"12.21"	"Handicap"	"6"	"9"	"Morris, Luke"	"Kelleway, Miss Gay"
"20:30:00"	"2024-08-21"	"Kempton"	"Perfect Spring"	"125.00"	"210"	"Handicap"	"9"	"9"	"Probert, David"	"Chamings, P R"
"20:05:00"	"2024-08-21"	"Worcester"	"African Lady (IRE)"	"33.00"	"69.51"	"Handicap Hurdle"	"8"	"12"	"Tudor, Jack"	"Pipe, D E"
"18:40:00"	"2024-08-21"	"Sligo"	"Portnacoo (IRE)"	"10.00"	"14.49"	"Handicap Hurdle"	"5"	"14"	"Meyler, D"	"Smyth, H"
"18:30:00"	"2024-08-21"	"Worcester"	"Leloopa (IRE)"	"1.10"	"2.14"	"Maiden Hurdle"	"4"	"9"	"Burke, Jonathan"	"OBrien, Fergal"
"17:55:00"	"2024-08-21"	"Worcester"	"Shaving (FR)"	"4.00"	"5.2"	"Maiden Hurdle"	"6"	"10"	"Sheehan, Gavin"	"Snowden, Jamie"
"17:25:00"	"2024-08-21"	"Worcester"	"Dorrells Pierji (FR)"	"33.00"	"90"	"Handicap Chase"	"5"	"10"	"Carver, Bryan"	"Summersby, D P"
"17:25:00"	"2024-08-21"	"Worcester"	"Vicki Vale (IRE)"	"20.00"	"27.25"	"Handicap Chase"	"PU"	"10"	"Ward, Christopher"	"Cole, Miss D"
"17:08:00"	"2024-08-21"	"Sligo"	"Bishbashbosh (IRE)"	"80.00"	"240"	"Maiden Hurdle"	"5"	"9"	"Torrens, Simon"	"Smyth, H"
"17:00:00"	"2024-08-21"	"Carlisle"	"Jalaybee"	"20.00"	"32.27"	"Handicap Maiden"	"7"	"9"	"Wheatley, Zak"	"Carroll, D"
"16:50:00"	"2024-08-21"	"Worcester"	"Moodofthemoment (IRE)"	"10.00"	"14.43"	"Handicap Chase"	"2"	"13"	"Sheppard, Stan"	"Sheppard, M"
"16:25:00"	"2024-08-21"	"Carlisle"	"Space Ninja (IRE)"	"6.00"	"7.99"	"Handicap Maiden"	"2"	"10"	"Rodriguez, Callum"	"Fell, R / Murray, S"
"14:40:00"	"2024-08-21"	"Carlisle"	"Hachiko (IRE)"	"40.00"	"77.3"	"Novices"	"5"	"8"	"Mullen, Andrew"	"Jardine, I"
"21:00:00"	"2024-08-20"	"Wolverhampton"	"Anificas Beauty (IRE)"	"33.00"	"52.29"	"Non-Handicap"	"4"	"9"	"Shaw, Harrison"	"Winks, P"
"20:20:00"	"2024-08-20"	"Roscommon"	"Bright Start (USA)"	"50.00"	"89.81"	"Handicap"	"10"	"15"	"Kennedy, K G"	"Duffy, S M"
"20:20:00"	"2024-08-20"	"Roscommon"	"Latinised"	"25.00"	"36"	"Handicap"	"12"	"15"	"Hassett, M W"	"Hassett, Martin"
"19:20:00"	"2024-08-20"	"Roscommon"	"Orandi (FR)"	"4.00"	"6"	"Handicap"	"3"	"14"	"Keane, C T"	"OLeary, Mrs C"
"19:10:00"	"2024-08-20"	"Nottingham"	"Edvard Grieg (IRE)"	"12.00"	"15"	"Handicap"	"2"	"8"	"Clutterbuck, Rhys"	"Cunha, Dylan"
"17:20:00"	"2024-08-20"	"Roscommon"	"Sall Good Man (IRE)"	"40.00"	"102.63"	"Claimer"	"8"	"8"	"Davis, Sean"	"Davis, Sean"
"16:30:00"	"2024-08-20"	"Brighton"	"Waleyfa"	"2.50"	"3.7"	"Handicap"	"1"	"7"	"Loughnane, Mr Billy"	"Kubler, Daniel"
"15:45:00"	"2024-08-20"	"Kempton"	"Bella Veneta"	"5.00"	"7.73"	"Handicap"	"4"	"8"	"Havlin, Robert"	"Faulkner, T"
"15:25:00"	"2024-08-20"	"Brighton"	"Robert Walpole"	"8.50"	"12.55"	"Handicap"	"7"	"9"	"Costello, Dougie"	"Faulkner, T"
"19:10:00"	"2024-08-19"	"Yarmouth"	"Inspired Knowhow"	"22.00"	"25.64"	"Handicap"	"5"	"7"	"Bughenaim, Faleh"	"Kobeissi, Hilal"
"18:55:00"	"2024-08-19"	"Windsor"	"Letmelivemylife"	"33.00"	"55.59"	"Handicap"	"9"	"12"	"Jones, Ethan"	"Attwater, P"
"18:25:00"	"2024-08-19"	"Windsor"	"Seeking Charles (FR)"	"150.00"	"412.74"	"Maiden"	"8"	"9"	"Fisher, Taylor"	"Tickle, J"
"15:30:00"	"2024-08-19"	"Worcester"	"Sweet Hortense"	"100.00"	"170"	"NH Flat"	"7"	"11"	"Quinlan, Jack"	"Dunne, M"
"18:45:00"	"2024-08-18"	"Pontefract"	"Mary The Priest (IRE)"	"80.00"	"168.06"	"Handicap"	"9"	"10"	"Morris, Luke"	"Butler, John"
"17:45:00"	"2024-08-18"	"Pontefract"	"Sol Cayo (IRE)"	"25.00"	"34"	"Handicap"	"6"	"7"	"Tudhope, Daniel"	"Mcsharry, Fionn"
"17:03:00"	"2024-08-18"	"Tramore"	"Koo Star (IRE)"	"50.00"	"81.92"	"NH Flat"	"11"	"13"	"Ryan, Mr A P"	"OBrien, Liam G"
"14:50:00"	"2024-08-18"	"Southwell"	"Clasina"	"33.00"	"88.79"	"Novices"	"6"	"14"	"Mason, Joanna"	"Scott, Miss Katie"
"14:33:00"	"2024-08-18"	"Tramore"	"Eikonix"	"10.00"	"11.2"	"Handicap Hurdle"	"8"	"16"	"Roche, T P"	"Crowley, Bernard Martin"
"19:42:00"	"2024-08-17"	"Bath"	"Little Miss Magic (IRE)"	"22.00"	"34.67"	"Handicap"	"1"	"7"	"Redman, Alfie"	"Chamings, P R"
"19:35:00"	"2024-08-17"	"Perth"	"Shadowfax Of Rohan (IRE)"	"8.00"	"9.8"	"NH Flat"	"4"	"11"	"Smith, Becky"	"Hammond, Micky"
"18:50:00"	"2024-08-17"	"Market Rasen"	"Ginger Pointe (FR)"	"9.00"	"11.34"	"Handicap Chase"	"1"	"11"	"Williamson, Joseph"	"Brooke, Daniel"
"18:05:00"	"2024-08-17"	"Perth"	"Jimlis Island"	"11.00"	"15.53"	"Handicap Chase"	"1"	"12"	"Moscrop, Nathan"	"Corbett, Mrs Susan"
"17:40:00"	"2024-08-17"	"Bath"	"Miss Raindrop"	"100.00"	"198.81"	"Handicap"	"7"	"11"	"Jones, Ethan"	"Dunn, Mrs Alex"
"17:30:00"	"2024-08-17"	"Tramore"	"Barzini (IRE)"	"50.00"	"70.61"	"Maiden"	"7"	"9"	"Carroll, G F"	"Donoghue, Ian"
"17:20:00"	"2024-08-17"	"Market Rasen"	"Beat Box (FR)"	"1.88"	"3.05"	"Handicap Chase"	"1"	"10"	"Skelton, Harry"	"Skelton, Daniel"
"17:10:00"	"2024-08-17"	"Curragh"	"Ocean Bliss (IRE)"	"40.00"	"100"	"Handicap"	"23"	"28"	"McCullagh, N G"	"Murphy, Daniel"
"17:10:00"	"2024-08-17"	"Curragh"	"Victory Lantern (IRE)"	"125.00"	"240"	"Handicap"	"26"	"28"	"Lordan, W M"	"Howard, Aidan Anthony"
"17:05:00"	"2024-08-17"	"Perth"	"Eyeofthescorpion (IRE)"	"50.00"	"77.19"	"Handicap Novices Chase"	"UR"	"6"	"Doyle, Alan"	"Hamilton, A B"
"16:50:00"	"2024-08-17"	"Doncaster"	"Born To Rock (IRE)"	"12.00"	"19.31"	"Handicap"	"2"	"8"	"Shepherd, Callum"	"Scott, George"
"16:45:00"	"2024-08-17"	"Market Rasen"	"Dodger Long"	"2.50"	"4.2"	"Novices Hurdle"	"2"	"9"	"Harris, Bradley"	"Dickin, Harriet"
"16:45:00"	"2024-08-17"	"Market Rasen"	"Rockchoeur (FR)"	"6.50"	"12"	"Novices Hurdle"	"3"	"9"	"Gillard, Mr T"	"McCain Jnr, D"
"16:30:00"	"2024-08-17"	"Perth"	"Sheriff Haskell (IRE)"	"150.00"	"1000"	"Maiden Hurdle"	"8"	"11"	"Noonan, David G"	"Smith, R Michael"
"16:10:00"	"2024-08-17"	"Market Rasen"	"Every Minute (IRE)"	"6.00"	"8.16"	"Maiden Hurdle"	"3"	"10"	"Andrews, Jack"	"Ellis, T"
"15:07:00"	"2024-08-17"	"Doncaster"	"Guy Fawkes (IRE)"	"12.00"	"20.23"	"Handicap"	"11"	"12"	"Shepherd, Callum"	"Scott, George"
"14:45:00"	"2024-08-17"	"Ripon"	"Sir Maxi"	"50.00"	"150"	"Handicap"	"6"	"16"	"Hardie, Cameron"	"England, Sam"
"14:25:00"	"2024-08-17"	"Newbury"	"Michaelas Boy (IRE)"	"14.00"	"18.44"	"Handicap"	"3"	"10"	"Marquand, Tom"	"Cowell, R M H"
"13:57:00"	"2024-08-17"	"Doncaster"	"Keady Town (IRE)"	"25.00"	"38"	"Handicap"	"7"	"7"	"Marshall, Tom Kiely"	"Murtagh, Barry"
"13:45:00"	"2024-08-17"	"Curragh"	"Rock N Roll Rocket (IRE)"	"50.00"	"111.52"	"Non-Handicap"	"6"	"6"	"Hayes, C D"	"Loughnane, David"
"20:20:00"	"2024-08-16"	"Tramore"	"Mega Speculator (FR)"	"80.00"	"211.66"	"NH Flat"	"15"	"15"	"Doyle, Mr D"	"Gunn, M A"
"19:32:00"	"2024-08-16"	"Cork"	"Keilah (IRE)"	"3.00"	"4.6"	"Handicap"	"6"	"18"	"Lee, W J"	"McCreery, W"
"19:25:00"	"2024-08-16"	"Newmarket (July)"	"Rogue Raider (USA)"	"33.00"	"70"	"Handicap"	"6"	"6"	"Ghiani, Marco"	"Hobson, Miss Clare"
"18:38:00"	"2024-08-16"	"Tramore"	"Straight Home (IRE)"	"0.83"	"1.95"	"Handicap Hurdle"	"3"	"11"	"Townend, P"	"Mullins, W P"
"18:38:00"	"2024-08-16"	"Tramore"	"Good Bye Milan (IRE)"	"40.00"	"82.96"	"Handicap Hurdle"	"7"	"11"	"Enright, P T"	"Flynn, Leonard"
"18:05:00"	"2024-08-16"	"Tramore"	"Mount Anglesby (IRE)"	"1.25"	"2.35"	"Maiden Hurdle"	"2"	"15"	"Mullins, D E"	"OBrien, Richard John"
"17:35:00"	"2024-08-16"	"Tramore"	"Definetly Darsi (IRE)"	"33.00"	"66.61"	"Handicap Chase"	"5"	"13"	"Meyler, D"	"Donoghue, Ian"
"17:00:00"	"2024-08-16"	"Tramore"	"Churchstonewarrior (IRE)"	"11.00"	"15.25"	"Chase"	"3"	"4"	"Gainford, Mr J C"	"Collins, C M"
"16:10:00"	"2024-08-16"	"Wolverhampton"	"Phoenix Beach (IRE)"	"11.00"	"16.68"	"Handicap"	"1"	"5"	"Haynes, Joey"	"Dixon, Scott"
"15:00:00"	"2024-08-16"	"Wolverhampton"	"Crypto Quest (IRE)"	"8.50"	"12"	"Handicap"	"10"	"13"	"Muscutt, D"	"Dixon, Scott"
"14:40:00"	"2024-08-16"	"Newbury"	"Jewel Of London"	"6.00"	"9.02"	"Novices"	"6"	"13"	"Moore, Ryan"	"Knight, W J"
"20:20:00"	"2024-08-15"	"Tramore"	"Make Sunshine (IRE)"	"50.00"	"93.86"	"Maiden"	"5"	"11"	"Townend, Miss J"	"McIntyre, Alan"
"17:40:00"	"2024-08-15"	"Dundalk"	"Stepdance (IRE)"	"5.50"	"8.22"	"Handicap"	"4"	"14"	"McMonagle, Dylan B"	"Bromhead, Henry De"
"17:15:00"	"2024-08-15"	"Salisbury"	"Tribal Rhythm"	"6.00"	"6.85"	"Handicap"	"4"	"6"	"Dawson, R"	"Coakley, D J"
"16:35:00"	"2024-08-15"	"Dundalk"	"Cherry Pink (IRE)"	"20.00"	"29.33"	"Handicap"	"6"	"12"	"MacRedmond, Cian"	"McGuinness, Adrian"
"16:30:00"	"2024-08-15"	"Chepstow"	"Porterinthejungle (IRE)"	"6.50"	"8.4"	"Handicap"	"6"	"10"	"Watson, Jason"	"Faulkner, T"
"16:10:00"	"2024-08-15"	"Salisbury"	"Claxton Bay"	"8.50"	"11.63"	"Handicap"	"3"	"11"	"Probert, David"	"Evans, P D"
"16:10:00"	"2024-08-15"	"Salisbury"	"Micks Dream"	"4.50"	"6.63"	"Handicap"	"8"	"11"	"Fisher, Taylor"	"Faulkner, T"
"15:00:00"	"2024-08-15"	"Salisbury"	"I Cant Believe"	"22.00"	"42.02"	"Novices"	"5"	"10"	"Dawson, R"	"Evans, P D"
"14:10:00"	"2024-08-15"	"Chepstow"	"Louis Treize (IRE)"	"6.00"	"10.64"	"Handicap"	"2"	"6"	"Young, Archie"	"Faulkner, T"
"14:00:00"	"2024-08-15"	"Beverley"	"Over Spiced"	"33.00"	"85"	"Novices"	"3"	"10"	"Elliott, Rhys"	"Attwater, P"
"14:00:00"	"2024-08-15"	"Beverley"	"Lady Lovebug (IRE)"	"50.00"	"89.84"	"Novices"	"7"	"10"	"Egan, David"	"Holland, Darryll"
"21:00:00"	"2024-08-14"	"Kempton"	"Lumberjack"	"100.00"	"189.29"	"Handicap"	"4"	"12"	"Keenan, Darragh"	"Brennan, F J"
"20:30:00"	"2024-08-14"	"Kempton"	"A Gift Of Love"	"10.00"	"12"	"Handicap"	"3"	"8"	"Stott, Kevin"	"Sangster, Ollie"
"20:20:00"	"2024-08-14"	"Gowran Park"	"Polemon"	"12.00"	"15.05"	"Handicap"	"1"	"14"	"Casey, A J"	"Hogan, Denis Gerard"
"20:20:00"	"2024-08-14"	"Gowran Park"	"Jarvis Brook (IRE)"	"33.00"	"53.54"	"Handicap"	"2"	"14"	"Whelan, R P"	"Nolan, Paul"
"20:20:00"	"2024-08-14"	"Gowran Park"	"Lucky Queen (IRE)"	"10.00"	"15"	"Handicap"	"9"	"14"	"Cleary, R P"	"Mullins, Anthony"
"20:20:00"	"2024-08-14"	"Gowran Park"	"Anaelle (IRE)"	"50.00"	"65"	"Handicap"	"13"	"14"	"Kennedy, K G"	"Fleming, A"
"19:40:00"	"2024-08-14"	"Ffos Las"	"Starshot (IRE)"	"14.00"	"16.2"	"Handicap"	"3"	"7"	"Wood, George"	"Charalambous, P"
"19:30:00"	"2024-08-14"	"Kempton"	"Al Mudhaffar (IRE)"	"18.00"	"23.56"	"Handicap"	"9"	"11"	"Hornby, Rob"	"Fellowes, Charlie"
"19:10:00"	"2024-08-14"	"Ffos Las"	"Scarlet"	"40.00"	"50"	"Handicap"	"10"	"10"	"Wonnacott, Millie"	"Bowen, Peter / Michael"
"18:30:00"	"2024-08-14"	"Kempton"	"Legend Of Leros (IRE)"	"33.00"	"44.86"	"Handicap"	"14"	"14"	"Queally, T P"	"Evans, P D"
"16:00:00"	"2024-08-14"	"Salisbury"	"Hey Big Spender"	"4.00"	"5.26"	"Handicap"	"3"	"6"	"Whelan, Trevor"	"Sangster, Ollie"
"15:00:00"	"2024-08-14"	"Salisbury"	"The Bear Of Saints (FR)"	"125.00"	"303.93"	"Novices"	"12"	"12"	"Farragher, Adam J"	"Tickle, J"
"20:00:00"	"2024-08-13"	"Hamilton"	"Star Of Markinch (IRE)"	"125.00"	"220"	"Handicap"	"9"	"13"	"Waugh, Amie"	"Rutherford, Gary"
"20:00:00"	"2024-08-13"	"Hamilton"	"Yellow Lemons (FR)"	"12.00"	"17.21"	"Handicap"	"10"	"13"	"Mulrennan, Paul"	"Goldie, J S"
"18:30:00"	"2024-08-13"	"Hamilton"	"Slaney Swagger (IRE)"	"2.25"	"3.5"	"Maiden"	"3"	"7"	"ONeill, K T"	"Haynes, Alice"
"14:45:00"	"2024-08-13"	"Lingfield"	"This Time Maybe"	"150.00"	"259.15"	"Handicap"	"9"	"9"	"Rooke, George"	"Usher, M D I"
"14:30:00"	"2024-08-13"	"Nottingham"	"Addosh"	"4.00"	"5.57"	"Handicap"	"3"	"14"	"Padgett, Miss Teagan"	"Owen, J P"
"19:23:00"	"2024-08-12"	"Ballinrobe"	"Dorans Law (IRE)"	"2.75"	"3.94"	"Handicap Hurdle"	"1"	"5"	"OKeeffe, Darragh"	"Rothwell, P J"
"18:53:00"	"2024-08-12"	"Ballinrobe"	"Littletwinklestar (IRE)"	"20.00"	"34.17"	"Handicap Hurdle"	"11"	"14"	"Slevin, J J"	"Odoherty, William Joseph"
"17:45:00"	"2024-08-12"	"Ayr"	"Inanna (IRE)"	"2.25"	"3.63"	"Handicap"	"3"	"7"	"Mulrennan, Paul"	"Goldie, J S"
"16:40:00"	"2024-08-12"	"Ayr"	"Stand Strong"	"33.00"	"80"	"Handicap"	"9"	"10"	"Scott, Rowan"	"Whillans, Ewan"
"15:00:00"	"2024-08-12"	"Ayr"	"Believe Me Now (IRE)"	"10.00"	"12.88"	"Non-Handicap"	"1"	"7"	"Mullen, Andrew"	"Jardine, I"
"15:00:00"	"2024-08-12"	"Ayr"	"Rebeccas Girl (IRE)"	"7.00"	"8.95"	"Non-Handicap"	"2"	"7"	"Orr, Oisin"	"Rutherford, Gary"
"17:18:00"	"2024-08-11"	"Downpatrick"	"Arctic Craft (IRE)"	"125.00"	"320"	"NH Flat"	"7"	"11"	"Kileff, T C"	"Millar, S M"
"16:48:00"	"2024-08-11"	"Downpatrick"	"Glaoinn An Airgead (IRE)"	"40.00"	"56.83"	"Handicap Hurdle"	"PU"	"15"	"Callaghan, Mr K"	"Barcoe, James M"
"16:40:00"	"2024-08-11"	"Ripon"	"Versatile (IRE)"	"11.00"	"14.5"	"Novices"	"5"	"6"	"Fraser, Kaiya"	"Attwater, M J"
"16:30:00"	"2024-08-11"	"Leicester"	"Break The Spell (IRE)"	"25.00"	"35.13"	"Handicap"	"8"	"8"	"Carson, William"	"Jeffreys, D J"
"16:18:00"	"2024-08-11"	"Downpatrick"	"Flaxfield (IRE)"	"100.00"	"546.74"	"Maiden Hurdle"	"9"	"11"	"Walsh, C L"	"Mulligan, Paul"
"16:10:00"	"2024-08-11"	"Ripon"	"Takana (IRE)"	"33.00"	"47.59"	"Handicap"	"9"	"9"	"Rutledge, Siobhan"	"Ocsko-Moore, Stephanie"
"15:18:00"	"2024-08-11"	"Downpatrick"	"Renard De Noir (IRE)"	"22.00"	"32.99"	"Handicap Hurdle"	"10"	"10"	"Deegan, R"	"Black, James H"
"14:10:00"	"2024-08-11"	"Ripon"	"Volenti (IRE)"	"50.00"	"85"	"Handicap"	"9"	"12"	"Breslin, Andrew"	"Haslam, B M R"
"14:10:00"	"2024-08-11"	"Ripon"	"Witchford"	"80.00"	"201.9"	"Handicap"	"12"	"12"	"Brookes, Aiden"	"Ender, Miss S J"
"14:00:00"	"2024-08-11"	"Leicester"	"Off The Bench"	"25.00"	"31.91"	"Handicap Nursery"	"5"	"9"	"Fisher, Taylor"	"Smyth-Osbourne, Edward"
"19:30:00"	"2024-08-10"	"Kilbeggan"	"A Wave Of The Sea (IRE)"	"2.75"	"4.2"	"Handicap Chase"	"6"	"7"	"Walsh, M P"	"Broderick, J P"
"19:12:00"	"2024-08-10"	"Ayr"	"Shes Got Bottle"	"20.00"	"32"	"Handicap"	"7"	"11"	"Eaves, Tom"	"Quinlan, Elizabeth"
"17:50:00"	"2024-08-10"	"Haydock"	"Bay Of Australia (IRE)"	"33.00"	"54.37"	"Handicap"	"9"	"10"	"Young, Archie"	"Greenall, O / Guerriero, J"
"17:45:00"	"2024-08-10"	"Lingfield"	"Huxley (IRE)"	"25.00"	"50"	"Maiden"	"7"	"9"	"Bradley, Paddy"	"Attwater, M J"
"17:20:00"	"2024-08-10"	"Haydock"	"Straight A"	"3.00"	"4.2"	"Handicap"	"10"	"11"	"Rawlinson, Ali"	"Appleby, M"
"16:30:00"	"2024-08-10"	"Ascot"	"Spirit Catcher (IRE)"	"28.00"	"41.95"	"Handicap"	"7"	"10"	"King, Miss Rachel"	"Kirby, P A"
"15:55:00"	"2024-08-10"	"Ascot"	"Sam Hawkens (IRE)"	"4.00"	"5.4"	"Handicap"	"4"	"9"	"Turner, Hayley"	"Haggas, W J"
"15:35:00"	"2024-08-10"	"Haydock"	"Yaajooz (IRE)"	"5.00"	"6.8"	"Handicap"	"6"	"7"	"Lee, Clifford"	"Easterby, M W"
"15:12:00"	"2024-08-10"	"Redcar"	"Sudden Ambush"	"7.50"	"9.08"	"Handicap"	"6"	"9"	"Nolan, D"	"OMeara, D"
"19:15:00"	"2024-08-09"	"Wexford"	"Repeat That (IRE)"	"10.00"	"14.5"	"Handicap Hurdle"	"8"	"14"	"Quirke, Mr C M"	"Kelly, David Harry"
"19:00:00"	"2024-08-09"	"Tipperary"	"Bucaneers Spirit (IRE)"	"10.00"	"17"	"Handicap"	"2"	"16"	"Whelan, R P"	"Davison, Jack W"
"16:45:00"	"2024-08-09"	"Tipperary"	"Tropical Shot (IRE)"	"14.00"	"20"	"Maiden"	"7"	"8"	"Ryan, Gavin"	"Dias, Diego"
"15:10:00"	"2024-08-09"	"Thirsk"	"Miss Idunn (IRE)"	"125.00"	"272.53"	"Handicap"	"11"	"13"	"Eaves, Tom"	"Niven, P D"
"14:20:00"	"2024-08-09"	"Musselburgh"	"Evening Saigon (IRE)"	"1.00"	"2.28"	"Novices"	"3"	"5"	"Doyle, James"	"Jehani, H Al"
"20:05:00"	"2024-08-08"	"Sligo"	"Love At Sea (IRE)"	"28.00"	"51"	"NH Flat"	"1"	"13"	"Reddington, Mr J"	"Hurley, P M"
"19:22:00"	"2024-08-08"	"Leopardstown"	"Knock Flyer (IRE)"	"50.00"	"100"	"Handicap"	"12"	"12"	"Roche, L F"	"ONeill, E J"
"19:15:00"	"2024-08-08"	"Sandown"	"Touch The Moon (IRE)"	"6.00"	"7.79"	"Handicap"	"4"	"6"	"Shepherd, Callum"	"Scott, George"
"18:35:00"	"2024-08-08"	"Sligo"	"Ganderstown (IRE)"	"16.00"	"30.09"	"Handicap Hurdle"	"7"	"9"	"Byrnes, Mr P"	"Byrnes, C"
"17:35:00"	"2024-08-08"	"Sligo"	"Bowgate Street (IRE)"	"40.00"	"59.39"	"Maiden Hurdle"	"4"	"13"	"OKeeffe, Darragh"	"Flannery, M"
"17:22:00"	"2024-08-08"	"Leopardstown"	"Ina Mina"	"9.00"	"12.92"	"Maiden"	"3"	"17"	"Lee, W J"	"Condon, K J"
"15:45:00"	"2024-08-08"	"Yarmouth"	"Kinetic (IRE)"	"1.00"	"2.12"	"Handicap"	"2"	"7"	"Sousa, Silvestre De"	"Owen, J P"
"15:45:00"	"2024-08-08"	"Yarmouth"	"Surfer Dude (IRE)"	"33.00"	"51.02"	"Handicap"	"6"	"7"	"Farragher, Adam J"	"Hodgson, Simon"
"20:02:00"	"2024-08-07"	"Sligo"	"Young Lucy (IRE)"	"9.00"	"11.04"	"Handicap"	"4"	"14"	"Foley, Shane"	"OLeary, Mrs C"
"18:55:00"	"2024-08-07"	"Kempton"	"Radiant Beauty"	"11.00"	"44.27"	"Novices"	"1"	"10"	"Shoemark, Kieran"	"Newland, Dr R D P"
"18:55:00"	"2024-08-07"	"Kempton"	"Emperor Dream"	"150.00"	"940.1"	"Novices"	"10"	"10"	"Rooke, George"	"Steele, Daniel"
"18:40:00"	"2024-08-07"	"Yarmouth"	"Padesha (FR)"	"4.50"	"6.2"	"Maiden"	"6"	"6"	"Egan, David"	"Freire, Raphael"
"17:15:00"	"2024-08-07"	"Wexford"	"A La Carte (IRE)"	"40.00"	"64.59"	"Handicap Hurdle"	"9"	"13"	"Sexton, Mr H E"	"Hanlon, John Joseph"
"17:15:00"	"2024-08-07"	"Wexford"	"Neevs Dream (IRE)"	"12.00"	"18.99"	"Handicap Hurdle"	"PU"	"13"	"Doyle, R A"	"Kelly, David Harry"
"17:15:00"	"2024-08-07"	"Wexford"	"Mason Lady (IRE)"	"50.00"	"116.5"	"Handicap Hurdle"	"UR"	"13"	"Costello, Miss L"	"Slevin, S"
"16:40:00"	"2024-08-07"	"Pontefract"	"Travis"	"12.00"	"14.02"	"Handicap"	"4"	"11"	"James, S H"	"Harker, G A"
"16:10:00"	"2024-08-07"	"Pontefract"	"Huddle Up (IRE)"	"11.00"	"14.15"	"Handicap"	"2"	"10"	"Peate, Jonny"	"Jones, Jack"
"14:55:00"	"2024-08-07"	"Brighton"	"Batal Dandy (IRE)"	"3.33"	"4.4"	"Handicap"	"6"	"6"	"Wilkie, Brandon"	"Williams, S C"
"14:10:00"	"2024-08-07"	"Pontefract"	"Brunos Gold (IRE)"	"11.00"	"12.5"	"Handicap"	"1"	"11"	"Nicholls, Mr Jack"	"Niven, P D"
"20:47:00"	"2024-08-06"	"Chelmsford City"	"Lynwood Lad"	"11.00"	"12.77"	"Non-Handicap"	"5"	"9"	"Queally, T P"	"Moore, Gary and Josh"
"20:00:00"	"2024-08-06"	"Roscommon"	"Le Grand Vert (FR)"	"7.00"	"10.23"	"Handicap Chase"	"1"	"16"	"Meyler, D"	"Dempsey, J P"
"19:47:00"	"2024-08-06"	"Chelmsford City"	"Sheila Tequila"	"25.00"	"36"	"Handicap"	"10"	"13"	"Murphy, Oisin"	"West, Adam"
"19:30:00"	"2024-08-06"	"Roscommon"	"Brandt (IRE)"	"8.00"	"10.88"	"Handicap Chase"	"1"	"15"	"Gainford, Mr J C"	"Collins, C M"
"19:00:00"	"2024-08-06"	"Roscommon"	"Aurea Fortuna (IRE)"	"50.00"	"124.2"	"Beginners Chase"	"6"	"11"	"King, D"	"OLeary, Mrs C"
"18:00:00"	"2024-08-06"	"Roscommon"	"Rapparee Champ (IRE)"	"16.00"	"36"	"Maiden Hurdle"	"6"	"16"	"Byrnes, Mr P"	"Byrnes, C"
"18:00:00"	"2024-08-06"	"Roscommon"	"Mazzas Mahler (IRE)"	"16.00"	"26"	"Maiden Hurdle"	"7"	"16"	"Gilligan, D J"	"McIntyre, Alan"
"17:20:00"	"2024-08-06"	"Ffos Las"	"Knight Templar"	"6.00"	"7.33"	"Handicap"	"1"	"8"	"Shoemark, Kieran"	"Stephens, Robert"
"19:25:00"	"2024-08-05"	"Carlisle"	"Tasever"	"4.50"	"6.2"	"Handicap"	"8"	"9"	"Osborne, Saffie"	"Morris, Patrick"
"19:25:00"	"2024-08-05"	"Carlisle"	"Chriss Mate"	"28.00"	"31.58"	"Handicap"	"9"	"9"	"Muir, Paula"	"Harrison, Gary"
"17:00:00"	"2024-08-05"	"Ripon"	"Rogue State (IRE)"	"2.50"	"3.94"	"Handicap"	"3"	"8"	"Tudhope, Daniel"	"OMeara, D"
"16:45:00"	"2024-08-05"	"Lingfield"	"Ocean Odyssey (IRE)"	"40.00"	"175.48"	"Novices"	"7"	"8"	"Queally, T P"	"Moore, Gary and Josh"
"15:50:00"	"2024-08-05"	"Naas"	"Dynamic Force (IRE)"	"10.00"	"12.98"	"Handicap"	"2"	"15"	"Ryan, J J G"	"McCourt, T G"
"15:05:00"	"2024-08-05"	"Cork"	"Ed Brady (IRE)"	"200.00"	"707.1"	"Maiden Hurdle"	"PU"	"15"	"Gilligan, Jack G"	"Magnussen, M"
"15:00:00"	"2024-08-05"	"Ripon"	"Turn And Burn (IRE)"	"100.00"	"208.85"	"Novices"	"6"	"7"	"Nolan, D"	"Frost, Kevin"
"14:05:00"	"2024-08-05"	"Cork"	"Happy Friend (IRE)"	"28.00"	"610.57"	"Maiden Hurdle"	"13"	"17"	"Enright, P T"	"OMara, T J"
"18:45:00"	"2024-08-04"	"Haydock"	"Rough Diamond (IRE)"	"16.00"	"20.47"	"Handicap"	"11"	"15"	"Scott, Rowan"	"Davidson, Tristan"
"20:40:00"	"2024-08-03"	"Hamilton"	"Bristol Hill (IRE)"	"4.50"	"6.03"	"Handicap"	"5"	"5"	"Mullen, Andrew"	"Perratt, Miss L A"
"20:25:00"	"2024-08-03"	"Windsor"	"Greycee Bell"	"12.00"	"14.43"	"Handicap"	"4"	"4"	"Jones, Ethan"	"Attwater, P"
"19:40:00"	"2024-08-03"	"Hamilton"	"Badri"	"3.50"	"4.6"	"Handicap"	"2"	"6"	"McDonald, P J"	"Herrington,M "
"17:55:00"	"2024-08-03"	"Galway"	"Miss Dishy (IRE)"	"40.00"	"70"	"NH Flat"	"7"	"19"	"Finegan, Mr E"	"Murphy, Ciaran"
"17:45:00"	"2024-08-03"	"Windsor"	"Cotai Vision (IRE)"	"10.00"	"18.97"	"Handicap"	"7"	"7"	"Kelly, Shane"	"Attwater, P"
"17:10:00"	"2024-08-03"	"Doncaster"	"Sassy Glory (IRE)"	"40.00"	"82.44"	"Handicap"	"10"	"12"	"Fraser, Kaiya"	"Walford, Mark"
"17:00:00"	"2024-08-03"	"Newmarket (July)"	"Captain Dandy (IRE)"	"2.75"	"4.4"	"Handicap"	"7"	"7"	"Sousa, Silvestre De"	"Williams, S C"
"16:25:00"	"2024-08-03"	"Newmarket (July)"	"Ensured (IRE)"	"6.00"	"8.08"	"Handicap"	"1"	"6"	"Osborne, Saffie"	"Newland, Dr R D P"
"16:00:00"	"2024-08-03"	"Doncaster"	"Straya (IRE)"	"40.00"	"70"	"Handicap"	"5"	"8"	"Kirrane, Sean"	"Scott, Miss Katie"
"15:40:00"	"2024-08-03"	"Galway"	"Tribal Moon (IRE)"	"100.00"	"270.87"	"Maiden"	"8"	"16"	"McCullagh, Scott"	"Murphy, Daniel"
"14:40:00"	"2024-08-03"	"Newmarket (July)"	"Persist"	"16.00"	"20.65"	"Non-Handicap"	"5"	"9"	"Spencer, Jamie"	"Boughey, George"
"14:40:00"	"2024-08-03"	"Newmarket (July)"	"Climate Friendly"	"20.00"	"29.76"	"Non-Handicap"	"9"	"9"	"Callan, N"	"Owen, J P"
"13:55:00"	"2024-08-03"	"Galway"	"Brilliant Light"	"33.00"	"85"	"Maiden Hurdle"	"6"	"20"	"Hanlon, Mr P"	"Hanlon, John Joseph"
"19:40:00"	"2024-08-02"	"Galway"	"Alto Sax (IRE)"	"10.00"	"13"	"Handicap"	"17"	"17"	"Hassett, M W"	"Fahey, Peter"
"19:28:00"	"2024-08-02"	"Newmarket (July)"	"Charmly"	"66.00"	"123.04"	"Novices"	"6"	"8"	"Greatrex, Edward"	"Attwater, P"
"19:10:00"	"2024-08-02"	"Galway"	"Santa Catarina"	"80.00"	"190"	"Maiden"	"10"	"13"	"Heffernan, J A"	"Gilligan, Paul John"
"18:53:00"	"2024-08-02"	"Newmarket (July)"	"Cosmic Force"	"28.00"	"57.06"	"Novices"	"9"	"10"	"Jakes, Tommie"	"Boughey, George"
"17:35:00"	"2024-08-02"	"Newcastle"	"Heavenly Fire"	"28.00"	"35.07"	"Handicap"	"9"	"14"	"Swift, Mr Dale"	"Dixon, Scott"
"17:35:00"	"2024-08-02"	"Newcastle"	"Nights Over Egypt (IRE)"	"33.00"	"50"	"Handicap"	"12"	"14"	"Orr, Oisin"	"Candlish, Jennie"
"17:20:00"	"2024-08-02"	"Goodwood"	"Rapid Mission"	"50.00"	"78.47"	"Handicap"	"6"	"7"	"Beasley, Connor"	"Hosie, Syd"
"16:30:00"	"2024-08-02"	"Newcastle"	"Gurkhali"	"40.00"	"50"	"Non-Handicap"	"7"	"10"	"Marshall, Tom Kiely"	"Camacho, Miss J A"
"15:55:00"	"2024-08-02"	"Newcastle"	"Clear White Light"	"25.00"	"31.73"	"Handicap"	"7"	"7"	"McDonald, P J"	"Whillans, Ewan"
"13:50:00"	"2024-08-02"	"Goodwood"	"Robert Johnson"	"14.00"	"16.28"	"Handicap"	"7"	"18"	"Fanning, Joe"	"Waggott, Miss Tracy"
"18:15:00"	"2024-08-01"	"Wolverhampton"	"City House (IRE)"	"2.75"	"4.6"	"Handicap"	"5"	"11"	"Muscutt, D"	"Scott, George"
"18:10:00"	"2024-08-01"	"Galway"	"Catch Yourself On (USA)"	"40.00"	"78.31"	"NH Flat"	"12"	"13"	"Williamson, Mr J H"	"Hanlon, John Joseph"
"17:40:00"	"2024-08-01"	"Galway"	"Diyaba (IRE)"	"28.00"	"60"	"Handicap"	"3"	"18"	"Ryan, J J G"	"Murphy, Ciaran"
"17:40:00"	"2024-08-01"	"Galway"	"Secret Rock (IRE)"	"14.00"	"23.43"	"Handicap"	"11"	"18"	"King, D"	"OLeary, Mrs C"
"16:45:00"	"2024-08-01"	"Goodwood"	"Chief Mankato"	"16.00"	"19.42"	"Handicap"	"6"	"16"	"Ryan, Rossa"	"Channon, Jack"
"16:20:00"	"2024-08-01"	"Nottingham"	"Eagle Eyed Tom"	"20.00"	"25"	"Handicap"	"3"	"9"	"Coakley, Ross"	"Loughnane, Daniel Mark"
"15:20:00"	"2024-08-01"	"Galway"	"Soaring Monarch (IRE)"	"9.00"	"14.1"	"Handicap"	"8"	"17"	"McAteer, L T"	"McIntyre, Alan"
"15:10:00"	"2024-08-01"	"Nottingham"	"Currumbin (IRE)"	"8.00"	"10.9"	"Novices"	"5"	"9"	"Fallon, Cieren"	"Murphy, Mike"
"15:00:00"	"2024-08-01"	"Goodwood"	"Sayedaty Sadaty (IRE)"	"11.00"	"14.49"	"Non-Handicap"	"3"	"4"	"Spencer, Jamie"	"Simcock, D M"
"14:35:00"	"2024-08-01"	"Nottingham"	"Soldiers Class (IRE)"	"25.00"	"34.91"	"Handicap"	"8"	"9"	"Carson, William"	"Carson, Anthony"
"14:25:00"	"2024-08-01"	"Goodwood"	"The Strikin Viking (IRE)"	"1.10"	"2.26"	"Non-Handicap"	"2"	"9"	"Doyle, James"	"Jehani, H Al"
"14:10:00"	"2024-08-01"	"Galway"	"What Path (FR)"	"16.00"	"21.48"	"Beginners Chase"	"3"	"11"	"Mullins, D E"	"Leech, Mrs S"
"13:50:00"	"2024-08-01"	"Goodwood"	"Midnight Gun"	"3.50"	"5.1"	"Handicap"	"3"	"10"	"Doyle, James"	"Jehani, H Al"
"20:15:00"	"2024-07-31"	"Galway"	"Jacovec Cavern"	"2.75"	"4.43"	"Handicap"	"2"	"17"	"OSullivan, Mr M J M"	"Mullins, Emmet"
"20:15:00"	"2024-07-31"	"Galway"	"Zoffanien (IRE)"	"14.00"	"22"	"Handicap"	"3"	"17"	"Lee, W J"	"OBrien, Terence"
"20:15:00"	"2024-07-31"	"Galway"	"Stormbreaker"	"6.50"	"10.64"	"Handicap"	"14"	"17"	"Keane, C T"	"Mullins, W P"
"18:40:00"	"2024-07-31"	"Galway"	"Infatuator (IRE)"	"50.00"	"95.91"	"Maiden"	"13"	"18"	"Walsh, Mr T"	"Donohoe, R"
"18:40:00"	"2024-07-31"	"Galway"	"Hibernia Oppositus (IRE)"	"20.00"	"32"	"Maiden"	"14"	"18"	"Swan, H C"	"McConnell, John C"
"17:25:00"	"2024-07-31"	"Galway"	"Sweet Will (IRE)"	"80.00"	"167.12"	"Handicap Hurdle"	"15"	"20"	"King, D"	"Hogan, Denis Gerard"
"17:20:00"	"2024-07-31"	"Goodwood"	"Change For Good (IRE)"	"22.00"	"31.29"	"Handicap"	"7"	"18"	"Doyle, James"	"Jehani, H Al"
"17:20:00"	"2024-07-31"	"Goodwood"	"Star Of Orion (IRE)"	"16.00"	"20.4"	"Handicap"	"9"	"18"	"Bishop, Charles"	"Houghton, Eve Johnson"
"15:15:00"	"2024-07-31"	"Redcar"	"See That Storm (IRE)"	"2.75"	"3.95"	"Handicap"	"1"	"11"	"Rodriguez, Callum"	"Bethell, Ed"
"15:15:00"	"2024-07-31"	"Redcar"	"Epidavros (IRE)"	"20.00"	"25.98"	"Handicap"	"7"	"11"	"McDonald, P J"	"Scott, Miss Katie"
"15:15:00"	"2024-07-31"	"Redcar"	"Brora Breeze"	"66.00"	"120"	"Handicap"	"10"	"11"	"Robinson, Ben"	"Nicol, Adam"
"20:40:00"	"2024-07-30"	"Ffos Las"	"Calculate"	"66.00"	"110"	"Handicap"	"7"	"7"	"Williams, Isabel"	"Williams, Evan"
"20:30:00"	"2024-07-30"	"Lingfield"	"Embarked (IRE)"	"16.00"	"21.7"	"Handicap"	"6"	"6"	"Cox, William"	"Dixon, Scott"
"20:15:00"	"2024-07-30"	"Galway"	"Palo Duro (IRE)"	"10.00"	"16"	"Handicap"	"8"	"17"	"Keane, C T"	"OLeary, Mrs C"
"20:10:00"	"2024-07-30"	"Ffos Las"	"Rockytherockstar (IRE)"	"40.00"	"70"	"Non-Handicap"	"4"	"6"	"Hornby, Rob"	"Brennan, F J"
"20:10:00"	"2024-07-30"	"Ffos Las"	"They"	"10.00"	"12.79"	"Non-Handicap"	"6"	"6"	"Edmunds, Lewis"	"Oshea, J G M"
"19:45:00"	"2024-07-30"	"Galway"	"El Bello"	"33.00"	"46.37"	"Handicap"	"11"	"16"	"McCullagh, Scott"	"Breen, Leanne"
"19:45:00"	"2024-07-30"	"Galway"	"Warrior Lion"	"40.00"	"300"	"Handicap"	"13"	"16"	"Heffernan, J A"	"McCann, Anthony"
"19:10:00"	"2024-07-30"	"Galway"	"Bill Silvers"	"25.00"	"36"	"Handicap"	"6"	"18"	"Roche, L F"	"Durkan, William"
"19:10:00"	"2024-07-30"	"Galway"	"Erzindjan (IRE)"	"18.00"	"23"	"Handicap"	"18"	"18"	"Lee, W J"	"Twomey, P"
"16:10:00"	"2024-07-30"	"Goodwood"	"Walbank (IRE)"	"11.00"	"10.37"	"Handicap"	"4"	"12"	"Egan, David"	"Boughey, George"
"15:45:00"	"2024-07-30"	"Yarmouth"	"Pinball Wizard (IRE)"	"3.33"	"4.2"	"Handicap"	"4"	"6"	"Keenan, Darragh"	"Owen, J P"
"14:10:00"	"2024-07-30"	"Beverley"	"Daniel Deronda"	"50.00"	"130"	"Handicap"	"11"	"13"	"Nicholls, Mr Jack"	"Sowersby, M E"
"20:10:00"	"2024-07-29"	"Windsor"	"Faustus"	"28.00"	"33.03"	"Handicap"	"3"	"7"	"ONeill, K T"	"Bridger, J / Cook, R"
"20:10:00"	"2024-07-29"	"Windsor"	"Leaves Of Grass"	"20.00"	"26.39"	"Handicap"	"7"	"7"	"Keeley, Aidan"	"Varian, Roger"
"19:10:00"	"2024-07-29"	"Galway"	"Spasiba (FR)"	"8.00"	"12.81"	"Handicap"	"3"	"20"	"Townend, Miss J"	"Mullins, W P"
"17:25:00"	"2024-07-29"	"Galway"	"Explosive Boy (FR)"	"40.00"	"79.33"	"Handicap Hurdle"	"17"	"20"	"King, D"	"OLeary, Mrs C"
"16:10:00"	"2024-07-29"	"Ayr"	"Chiefman"	"66.00"	"99.25"	"Handicap"	"6"	"6"	"Breslin, Andrew"	"Smith, R Michael"
"15:40:00"	"2024-07-29"	"Ayr"	"Yellow Pages (IRE)"	"66.00"	"78.89"	"Handicap"	"8"	"8"	"McDonald, P J"	"Smith, R Michael"
"14:15:00"	"2024-07-29"	"Southwell"	"Tayanna"	"200.00"	"696.94"	"Handicap"	"12"	"14"	"Haynes, Joey"	"Banham, Chelsea"
"17:12:00"	"2024-07-28"	"Pontefract"	"Tees Warrior (IRE)"	"125.00"	"230"	"Handicap"	"9"	"9"	"Eaves, Tom"	"Teague, C J"
"16:55:00"	"2024-07-28"	"Uttoxeter"	"Callin Baton Rouge (IRE)"	"3.33"	"4.46"	"Handicap Hurdle"	"1"	"10"	"Bowen, James C"	"Pogson, Charles and Adam"
"16:55:00"	"2024-07-28"	"Uttoxeter"	"Cotoneaster"	"50.00"	"70.22"	"Handicap Hurdle"	"2"	"10"	"Poste, Ben J"	"Potter, R D"
"16:55:00"	"2024-07-28"	"Uttoxeter"	"Bless The Moon (IRE)"	"80.00"	"132.5"	"Handicap Hurdle"	"8"	"10"	"Anderson, Mr A"	"Sowersby, M E"
"16:12:00"	"2024-07-28"	"Pontefract"	"Filey Beach (IRE)"	"28.00"	"49.9"	"Maiden"	"12"	"12"	"Egan, John"	"Ward, Jason"
"15:55:00"	"2024-07-28"	"Uttoxeter"	"Upthereforthinking (IRE)"	"9.00"	"15.16"	"Maiden Hurdle"	"7"	"13"	"Hughes, Brian"	"Coulson, Jake Thomas"
"14:42:00"	"2024-07-28"	"Pontefract"	"Wait And Hope"	"16.00"	"20.68"	"Handicap"	"8"	"8"	"Sullivan, James P"	"Carr, Mrs R A"
"14:25:00"	"2024-07-28"	"Uttoxeter"	"Envious Editor (IRE)"	"11.00"	"17.07"	"Handicap Chase"	"5"	"16"	"Dunne, R T"	"Hanmer, G D"
"14:25:00"	"2024-07-28"	"Uttoxeter"	"Somespring Special (IRE)"	"12.00"	"16.54"	"Handicap Chase"	"10"	"16"	"Gordon, Mr Fred"	"Gordon, C"
"14:25:00"	"2024-07-28"	"Uttoxeter"	"Swapped (FR)"	"33.00"	"56.92"	"Handicap Chase"	"PU"	"16"	"Armson, Philip"	"Kent, Nick"
"13:50:00"	"2024-07-28"	"Uttoxeter"	"Torrent"	"33.00"	"65"	"Hurdle"	"1"	"8"	"Noonan, David G"	"Hawke, N J"
"17:40:00"	"2024-07-27"	"York"	"Modern Times"	"22.00"	"36"	"Handicap"	"6"	"14"	"Mullen, Andrew"	"Jardine, I"
"17:35:00"	"2024-07-27"	"Gowran Park"	"Quar Shamar (GER)"	"12.00"	"13.02"	"Non-Handicap"	"4"	"5"	"Joyce, Wesley"	"Mullins, Emmet"
"17:25:00"	"2024-07-27"	"Ascot"	"Harry Brown"	"28.00"	"50"	"Handicap"	"12"	"13"	"Quinn, Jimmy"	"Crate, Peter"
"17:05:00"	"2024-07-27"	"Gowran Park"	"Portmagee (IRE)"	"40.00"	"81.07"	"Handicap"	"7"	"17"	"MacRedmond, Cian"	"McGuinness, Adrian"
"16:40:00"	"2024-07-27"	"Chester"	"Maharajas Express"	"33.00"	"39.62"	"Handicap"	"7"	"9"	"Wheatley, Zak"	"Morris, Patrick"
"16:25:00"	"2024-07-27"	"Newcastle"	"Chattel Village (IRE)"	"66.00"	"122.23"	"Handicap"	"13"	"13"	"Brookes, Aiden"	"McInnes, I W"
"15:50:00"	"2024-07-27"	"Newcastle"	"Starliner (IRE)"	"14.00"	"16.48"	"Handicap"	"11"	"13"	"Jakes, Tommie"	"Perratt, Miss L A"
"15:20:00"	"2024-07-27"	"Chester"	"Lahab"	"6.00"	"9.08"	"Handicap"	"7"	"12"	"Hart, Jason"	"Wigham, M"
"14:52:00"	"2024-07-27"	"Gowran Park"	"Inablink (IRE)"	"12.00"	"20"	"Handicap"	"5"	"16"	"McAteer, L T"	"McIntyre, Alan"
"14:52:00"	"2024-07-27"	"Gowran Park"	"Inflection Point (IRE)"	"50.00"	"72.98"	"Handicap"	"6"	"16"	"McDonogh, D P"	"Kingston, G A"
"14:35:00"	"2024-07-27"	"Newcastle"	"Galahad Threepwood"	"66.00"	"154.14"	"Handicap"	"7"	"7"	"Nolan, D"	"Whillans, Ewan"
"14:17:00"	"2024-07-27"	"Gowran Park"	"Pulse Of Shanghai (IRE)"	"40.00"	"87.23"	"Handicap"	"7"	"16"	"McDonogh, D P"	"Kingston, G A"
"13:42:00"	"2024-07-27"	"Gowran Park"	"Canto Della Terra (IRE)"	"0.80"	"1.81"	"Maiden"	"2"	"16"	"Ryan, Gavin"	"Obrien, Donnacha"
"20:55:00"	"2024-07-26"	"Chepstow"	"Goodwood Vision"	"80.00"	"129.16"	"Handicap"	"8"	"10"	"Jones, Ethan"	"Dunn, Mrs Alex"
"20:55:00"	"2024-07-26"	"Chepstow"	"Juan Cool Dude (IRE)"	"66.00"	"270"	"Handicap"	"9"	"10"	"Heard, Tyler"	"Hodgson, Simon"
"20:45:00"	"2024-07-26"	"Sandown"	"Diddy Man"	"20.00"	"30.03"	"Handicap"	"7"	"8"	"Bradley, Paddy"	"Attwater, M J"
"20:10:00"	"2024-07-26"	"Sandown"	"Good Karma"	"7.00"	"8.2"	"Handicap"	"8"	"8"	"Keenan, Darragh"	"Owen, J P"
"19:55:00"	"2024-07-26"	"Chepstow"	"City Waters"	"50.00"	"104.04"	"Non-Handicap"	"8"	"8"	"Rooke, George"	"Vaughan, Tim"
"19:35:00"	"2024-07-26"	"Sandown"	"Carnival Day (IRE)"	"14.00"	"17.64"	"Handicap"	"5"	"7"	"Cosgrave, Pat"	"Boyle, J R"
"19:25:00"	"2024-07-26"	"Kilbeggan"	"Slate Gray (IRE)"	"80.00"	"166.38"	"Maiden Hurdle"	"PU"	"15"	"Roche, T P"	"Deacon, D"
"19:25:00"	"2024-07-26"	"Kilbeggan"	"Relham Place (IRE)"	"150.00"	"920"	"Maiden Hurdle"	"PU"	"15"	"Fitzgerald, S"	"Flynn, Leonard"
"19:10:00"	"2024-07-26"	"Cork"	"Chestnutter (IRE)"	"9.00"	"12.94"	"Handicap"	"20"	"23"	"Keane, C T"	"McConnell, John C"
"18:55:00"	"2024-07-26"	"Kilbeggan"	"Lodilomoco (IRE)"	"4.50"	"5.66"	"Handicap Hurdle"	"4"	"12"	"Slevin, J J"	"Ryan, John Patrick"
"18:35:00"	"2024-07-26"	"Cork"	"Firebird"	"0.67"	"1.79"	"Maiden"	"1"	"15"	"Lee, W J"	"Twomey, P"
"18:35:00"	"2024-07-26"	"Cork"	"Magic Force (IRE)"	"25.00"	"55"	"Maiden"	"13"	"15"	"Martins, C"	"Browne, Michael J"
"18:30:00"	"2024-07-26"	"Sandown"	"Andantini (FR)"	"50.00"	"77.42"	"Maiden"	"10"	"11"	"Bradley, Paddy"	"Attwater, M J"
"18:20:00"	"2024-07-26"	"Kilbeggan"	"Johnny M (IRE)"	"8.00"	"10.5"	"Handicap Hurdle"	"10"	"13"	"Ewing, Sam"	"Fahey, Peter"
"17:40:00"	"2024-07-26"	"Chepstow"	"Not Just Yet (IRE)"	"22.00"	"28"	"Handicap"	"6"	"7"	"Bryan, Joshua"	"Evans, Mrs N S"
"17:35:00"	"2024-07-26"	"Uttoxeter"	"Get With It (IRE)"	"2.50"	"3.77"	"Handicap Chase"	"3"	"12"	"Skelton, Harry"	"Skelton, Daniel"
"17:35:00"	"2024-07-26"	"Uttoxeter"	"Badbad Leroy Brown"	"66.00"	"163.86"	"Handicap Chase"	"PU"	"12"	"Armson, Philip"	"Armson, R J"
"17:15:00"	"2024-07-26"	"Kilbeggan"	"Val Venus (IRE)"	"14.00"	"24.03"	"Maiden Hurdle"	"11"	"15"	"Enright, P T"	"Hurley, P M"
"17:05:00"	"2024-07-26"	"Uttoxeter"	"Mordred (IRE)"	"28.00"	"33.11"	"Handicap Chase"	"3"	"7"	"Best, J A"	"Dickin, Harriet"
"16:20:00"	"2024-07-26"	"Thirsk"	"Etoile Dalexandre (IRE)"	"4.00"	"6.18"	"Handicap"	"1"	"7"	"Loughnane, Mr Billy"	"Boughey, George"
"15:55:00"	"2024-07-26"	"Uttoxeter"	"Phoenix Aquilus (IRE)"	"8.00"	"11.67"	"Handicap Hurdle"	"9"	"11"	"Bowen, James C"	"Mullins, J W"
"15:45:00"	"2024-07-26"	"Thirsk"	"Bestie"	"4.50"	"5.64"	"Handicap Seller"	"5"	"5"	"Breslin, Andrew"	"Haslam, B M R"
"15:20:00"	"2024-07-26"	"Uttoxeter"	"The Flier Begley (IRE)"	"28.00"	"39.8"	"Handicap Hurdle"	"12"	"15"	"Dunne, R T"	"Hanmer, G D"
"15:00:00"	"2024-07-26"	"Ascot"	"Al Shabab (FR)"	"40.00"	"90"	"Handicap"	"10"	"10"	"Probert, David"	"Williams, Ian"
"14:45:00"	"2024-07-26"	"Uttoxeter"	"Minella Double (IRE)"	"80.00"	"200"	"Handicap Hurdle"	"9"	"14"	"Best, J A"	"Summers, B R"
"13:40:00"	"2024-07-26"	"Uttoxeter"	"Connolly (IRE)"	"200.00"	"1000"	"Novices Hurdle"	"10"	"13"	"Best, J A"	"Davies, Miss Sarah-Jayne"
"19:35:00"	"2024-07-25"	"Wexford"	"Ballerina Boxer (IRE)"	"6.50"	"9.99"	"Handicap Hurdle"	"4"	"13"	"Harvey, Mr B W"	"Harvey, William"
"19:05:00"	"2024-07-25"	"Wexford"	"Knockraha Katie (IRE)"	"25.00"	"42"	"Handicap Hurdle"	"9"	"13"	"Hayes, Brian"	"Donoghue, Ian"
"18:35:00"	"2024-07-25"	"Wexford"	"Kalnoo (IRE)"	"20.00"	"20.89"	"Handicap Hurdle"	"5"	"13"	"Quinlan, Liam"	"Hurley, P M"
"17:35:00"	"2024-07-25"	"Wexford"	"Duchamps Art (IRE)"	"6.50"	"8.76"	"Handicap Hurdle"	"F"	"14"	"Laubies, M"	"Mullins, W P"
"17:10:00"	"2024-07-25"	"Worcester"	"Rubies Or Gold (IRE)"	"33.00"	"69.03"	"Maiden Hurdle"	"7"	"11"	"Tudor, Jack"	"Williams, Christian"
"16:45:00"	"2024-07-25"	"Doncaster"	"Bowood"	"16.00"	"22.61"	"Handicap"	"1"	"14"	"Croot, Elle-May"	"Furtado, Ivan"
"16:35:00"	"2024-07-25"	"Worcester"	"Applicationofcash (IRE)"	"14.00"	"21.76"	"Maiden Hurdle"	"PU"	"11"	"Brace, Connor"	"Llewellyn, Robert"
"16:25:00"	"2024-07-25"	"Wexford"	"Newport"	"80.00"	"266.64"	"Maiden Hurdle"	"UR"	"14"	"Morgan, Hugh"	"Doyle, Eoin"
"16:00:00"	"2024-07-25"	"Worcester"	"Sergeant (FR)"	"16.00"	"20.51"	"Handicap Hurdle"	"2"	"12"	"Harris, Bradley"	"Dickin, Harriet"
"19:30:00"	"2024-07-24"	"Naas"	"Lady Montse (IRE)"	"25.00"	"44"	"Handicap"	"11"	"14"	"Mulligan, R M"	"Harney, John M"
"19:20:00"	"2024-07-24"	"Leicester"	"Dubawi Time"	"1.00"	"2.15"	"Handicap"	"2"	"4"	"Crowley, Jim"	"Knight, W J"
"19:05:00"	"2024-07-24"	"Salisbury"	"Kate Be Quick"	"125.00"	"824.26"	"Novices"	"7"	"8"	"Egan, John"	"Gillard, Mark"
"18:55:00"	"2024-07-24"	"Naas"	"Pimstrel (IRE)"	"16.00"	"18"	"Handicap"	"2"	"14"	"Mulligan, R M"	"Kingston, G A"
"18:45:00"	"2024-07-24"	"Leicester"	"Edna E Mode (IRE)"	"16.00"	"22.5"	"Handicap"	"7"	"7"	"Mulrennan, Paul"	"Edmunds, Stuart"
"18:10:00"	"2024-07-24"	"Leicester"	"State Of Madness"	"33.00"	"48"	"Novices"	"6"	"9"	"Da Silva, Raul"	"Shaw, D"
"18:10:00"	"2024-07-24"	"Leicester"	"Destiny Maker (IRE)"	"25.00"	"32"	"Novices"	"8"	"9"	"Ghiani, Marco"	"Wallis, Charlie"
"18:00:00"	"2024-07-24"	"Salisbury"	"Ajrad"	"6.50"	"8.2"	"Handicap"	"4"	"13"	"Millman, Mr P"	"Millman, B R"
"16:28:00"	"2024-07-24"	"Wexford"	"Skippin Court (IRE)"	"6.50"	"8.23"	"Beginners Chase"	"PU"	"12"	"Donoghue, K M"	"Cromwell, Gavin Patrick"
"15:58:00"	"2024-07-24"	"Wexford"	"Jack Holiday (IRE)"	"10.00"	"11.84"	"Handicap Chase"	"4"	"12"	"OKeeffe, Darragh"	"Christie, D M"
"20:40:00"	"2024-07-23"	"Wolverhampton"	"Exceptionality (IRE)"	"33.00"	"52.75"	"Handicap"	"10"	"12"	"Mortensen, Mikkel"	"Dixon, Scott"
"19:40:00"	"2024-07-23"	"Wolverhampton"	"Perfect Focus (IRE)"	"11.00"	"14.53"	"Non-Handicap"	"3"	"8"	"Sullivan, James P"	"Wallis, Charlie"
"19:40:00"	"2024-07-23"	"Wolverhampton"	"Damia"	"25.00"	"41.34"	"Non-Handicap"	"8"	"8"	"Ingram, Rhiain B"	"Ingram, R"
"19:10:00"	"2024-07-23"	"Wolverhampton"	"Lochaber"	"16.00"	"20.86"	"Handicap"	"5"	"6"	"Mortensen, Mikkel"	"Dixon, Scott"
"17:53:00"	"2024-07-23"	"Ballinrobe"	"Tina Meehan (IRE)"	"40.00"	"86.78"	"Handicap Hurdle"	"10"	"16"	"OKeeffe, Darragh"	"Walsh, Brendan M"
"17:53:00"	"2024-07-23"	"Ballinrobe"	"Grivei (FR)"	"66.00"	"220"	"Handicap Hurdle"	"14"	"16"	"Mullins, D E"	"Madden, I"
"17:53:00"	"2024-07-23"	"Ballinrobe"	"All In Peder (FR)"	"11.00"	"15.95"	"Handicap Hurdle"	"15"	"16"	"Gilligan, D J"	"Hourigan, Michael"
"17:20:00"	"2024-07-23"	"Ballinrobe"	"Sir Jimmy Mac (IRE)"	"22.00"	"42.36"	"Maiden Hurdle"	"5"	"14"	"Sexton, K C"	"Flynn, Paul W"
"17:20:00"	"2024-07-23"	"Ballinrobe"	"Chief Consul"	"25.00"	"40"	"Maiden Hurdle"	"9"	"14"	"Shinnick, J P"	"OBrien, Terence"
"17:20:00"	"2024-07-23"	"Ballinrobe"	"Qaasid (IRE)"	"6.50"	"9.35"	"Maiden Hurdle"	"UR"	"14"	"Hanlon, Mr P"	"Hanlon, John Joseph"
"15:15:00"	"2024-07-23"	"Musselburgh"	"Bamboo Bay (IRE)"	"7.50"	"9.4"	"Non-Handicap"	"6"	"8"	"Beasley, Connor"	"Waggott, Miss Tracy"
"14:30:00"	"2024-07-23"	"Lingfield"	"Valkyrja"	"22.00"	"36.18"	"Novices"	"9"	"9"	"Coakley, Ross"	"Crawley, Matt"
"20:50:00"	"2024-07-22"	"Windsor"	"Villeurbanne"	"50.00"	"69.66"	"Handicap"	"5"	"12"	"Keeley, Aidan"	"Irvine, Andy"
"19:40:00"	"2024-07-22"	"Ballinrobe"	"Lakewood (IRE)"	"100.00"	"173.1"	"Handicap"	"11"	"13"	"MacRedmond, Cian"	"Flynn, Paul W"
"19:10:00"	"2024-07-22"	"Ballinrobe"	"Isle Of Sark (USA)"	"18.00"	"27"	"Handicap"	"4"	"8"	"Ryan, Gavin"	"Hanlon, John Joseph"
"19:10:00"	"2024-07-22"	"Ballinrobe"	"Golden Twilight (IRE)"	"25.00"	"32.29"	"Handicap"	"6"	"8"	"MacRedmond, Cian"	"McGuinness, Adrian"
"18:40:00"	"2024-07-22"	"Ballinrobe"	"Come On The Lads (IRE)"	"4.00"	"6.2"	"Handicap"	"3"	"7"	"OSullivan, Darragh"	"Bunyan, Darren / OLeary, G"
"18:20:00"	"2024-07-22"	"Windsor"	"Lion Wait"	"66.00"	"200.63"	"Maiden"	"6"	"9"	"Fisher, Taylor"	"Lund, B V"
"18:20:00"	"2024-07-22"	"Windsor"	"The Hun (IRE)"	"16.00"	"18.59"	"Maiden"	"7"	"9"	"Bowen, S D"	"Eddery, Robert"
"18:00:00"	"2024-07-22"	"Beverley"	"Solar Biricz (IRE)"	"50.00"	"85.27"	"Maiden"	"8"	"12"	"Robinson, Ben"	"Ellison, B"
"17:40:00"	"2024-07-22"	"Ballinrobe"	"I Bid You Ajou (FR)"	"16.00"	"25"	"Maiden"	"7"	"13"	"Whelan, R P"	"Fahey, Mark"
"17:00:00"	"2024-07-22"	"Cartmel"	"Karapiro Doug"	"80.00"	"150.36"	"Handicap Chase"	"PU"	"9"	"Brown, Pippa"	"Brooke, Daniel"
"16:15:00"	"2024-07-22"	"Ayr"	"Pipers Fort (IRE)"	"33.00"	"40.29"	"Handicap"	"5"	"8"	"James, S H"	"Scott, Miss Katie"
"14:45:00"	"2024-07-22"	"Cartmel"	"Fairmac"	"7.50"	"11"	"Maiden Hurdle"	"4"	"8"	"Fox, Derek R"	"Russell, Miss Lucinda V"
"14:45:00"	"2024-07-22"	"Cartmel"	"Jolie Coeur Allen (FR)"	"1.25"	"2.98"	"Maiden Hurdle"	"6"	"8"	"McLernon, R P"	"Haslam, B M R"
"17:45:00"	"2024-07-21"	"Stratford"	"Cold Steel (FR)"	"40.00"	"89.78"	"NH Flat"	"7"	"9"	"Carver, Bryan"	"Tickle, J"
"17:20:00"	"2024-07-21"	"Newton Abbot"	"Limerick Leader (FR)"	"1.75"	"2.98"	"Handicap Chase"	"PU"	"14"	"Bowen, Sean P"	"Murphy, Olly"
"16:55:00"	"2024-07-21"	"Curragh"	"Loch Awe (IRE)"	"300.00"	"1000"	"Maiden"	"11"	"11"	"Whelan, R P"	"Duke, B W"
"16:00:00"	"2024-07-21"	"Stratford"	"Galileo Glass (IRE)"	"150.00"	"753.57"	"Novices Hurdle"	"10"	"12"	"Quinlan, Jack"	"Dunne, M"
"14:45:00"	"2024-07-21"	"Curragh"	"Gobi Star (IRE)"	"40.00"	"46.58"	"Handicap"	"12"	"12"	"Crosse, Nathan"	"Barcoe, James M"
"14:35:00"	"2024-07-21"	"Newton Abbot"	"Eurkash (FR)"	"1.50"	"2.62"	"Handicap Hurdle"	"11"	"12"	"Bowen, Sean P"	"Owen, J P"
"14:05:00"	"2024-07-21"	"Newton Abbot"	"Final Entry (IRE)"	"5.50"	"6.8"	"Hurdle"	"1"	"5"	"Tudor, Jack"	"Pipe, D E"
"13:50:00"	"2024-07-21"	"Stratford"	"Honneur Dajonc (FR)"	"7.50"	"9.6"	"Handicap Hurdle"	"2"	"8"	"Chadwick, Alex"	"Owen, J P"
"13:50:00"	"2024-07-21"	"Stratford"	"Blue Stello (FR)"	"5.50"	"7.52"	"Handicap Hurdle"	"PU"	"8"	"Bellamy, Tom"	"Lavelle, Miss E C"
"18:55:00"	"2024-07-20"	"Haydock"	"Soldiers Design (IRE)"	"25.00"	"43.53"	"Handicap"	"7"	"10"	"Costello, Dougie"	"Hollinshead, Steph"
"17:45:00"	"2024-07-20"	"Doncaster"	"Exceed Now (IRE)"	"40.00"	"75"	"Handicap"	"8"	"12"	"Keeley, Aidan"	"Walford, Mark"
"16:30:00"	"2024-07-20"	"Ripon"	"Cavallo Pazzo (IRE)"	"20.00"	"29.85"	"Handicap"	"11"	"11"	"Mulrennan, Paul"	"Bourke, D F"
"16:25:00"	"2024-07-20"	"Market Rasen"	"Hill Spirit"	"28.00"	"32.24"	"Handicap Hurdle"	"5"	"9"	"Hughes, Brian"	"Smith, Paula"
"16:15:00"	"2024-07-20"	"Curragh"	"Seattle Creek"	"200.00"	"630"	"Non-Handicap"	"8"	"10"	"Heffernan, J A"	"Comer, Luke W"
"16:15:00"	"2024-07-20"	"Curragh"	"Aircraft Carrier (IRE)"	"300.00"	"1000"	"Non-Handicap"	"10"	"10"	"Carroll, G F"	"Comer, Luke W"
"16:00:00"	"2024-07-20"	"Cartmel"	"Fourofakind (IRE)"	"28.00"	"42.39"	"Handicap Hurdle"	"9"	"11"	"Williams, Isabel"	"Quinlan, Elizabeth"
"14:05:00"	"2024-07-20"	"Market Rasen"	"Silvertown (IRE)"	"200.00"	"420"	"Handicap Hurdle"	"11"	"13"	"Bewley, Callum"	"Atkinson, P G"
"13:50:00"	"2024-07-20"	"Newbury"	"Phantom Flight"	"16.00"	"19.23"	"Non-Handicap"	"1"	"5"	"Shepherd, Callum"	"Scott, George"
"20:25:00"	"2024-07-19"	"Pontefract"	"St Pancras"	"3.33"	"4.8"	"Handicap"	"1"	"7"	"Beasley, Connor"	"Meade, Freddie and Martyn"
"19:45:00"	"2024-07-19"	"Hamilton"	"Parisiac (IRE)"	"11.00"	"12.81"	"Handicap"	"6"	"8"	"Mullen, Andrew"	"Jardine, I"
"19:35:00"	"2024-07-19"	"Newmarket (July)"	"Sankari (IRE)"	"14.00"	"16.74"	"Handicap"	"8"	"9"	"Peate, Jonny"	"Jones, Jack"
"19:20:00"	"2024-07-19"	"Pontefract"	"Style Of Life (IRE)"	"3.50"	"5.26"	"Handicap"	"7"	"7"	"Mason, Joanna"	"Bethell, Harriet"
"18:52:00"	"2024-07-19"	"Down Royal"	"Enough Already"	"12.00"	"21"	"Handicap"	"6"	"8"	"MacRedmond, Cian"	"McGuinness, Adrian"
"18:25:00"	"2024-07-19"	"Newmarket (July)"	"Kings Coronation"	"5.50"	"11.18"	"Novices"	"2"	"9"	"James, S H"	"Burke, K R"
"17:20:00"	"2024-07-19"	"Newbury"	"Dunstan (IRE)"	"33.00"	"63.6"	"Handicap"	"6"	"7"	"Cox, William"	"Attwater, P"
"16:40:00"	"2024-07-19"	"Nottingham"	"Star Start (IRE)"	"5.00"	"7.31"	"Handicap"	"8"	"12"	"Shaw, Harrison"	"Carr, Mrs R A"
"16:40:00"	"2024-07-19"	"Nottingham"	"Storm Asset"	"40.00"	"60.26"	"Handicap"	"10"	"12"	"Wonnacott, Millie"	"Shaw, D"
"15:50:00"	"2024-07-19"	"Haydock"	"Legendary Day"	"50.00"	"75.38"	"Handicap"	"7"	"8"	"Keeley, Aidan"	"Brennan, F J"
"15:25:00"	"2024-07-19"	"Nottingham"	"Happy Tears (IRE)"	"12.00"	"18.06"	"Handicap"	"5"	"9"	"Egan, David"	"Kubler, Daniel"
"15:25:00"	"2024-07-19"	"Nottingham"	"Bibendum"	"16.00"	"19.5"	"Handicap"	"6"	"9"	"Sanderson, Benjamin"	"Macey, Jessica"
"15:15:00"	"2024-07-19"	"Haydock"	"Hes An Angel"	"33.00"	"55"	"Handicap"	"7"	"9"	"Sayette, B D L"	"Collier, Tjade"
"14:50:00"	"2024-07-19"	"Nottingham"	"Beelzebub (IRE)"	"2.25"	"3.37"	"Handicap"	"5"	"10"	"Egan, David"	"Kubler, Daniel"
"14:25:00"	"2024-07-19"	"Newbury"	"Organ"	"9.00"	"14.5"	"Novices"	"5"	"16"	"Stott, Kevin"	"Meade, Freddie and Martyn"
"14:05:00"	"2024-07-19"	"Haydock"	"Monopolise"	"40.00"	"70"	"Handicap"	"5"	"7"	"Jones, Ethan"	"Loughnane, Daniel Mark"
"13:55:00"	"2024-07-19"	"Killarney"	"Saxon Kingdom (IRE)"	"25.00"	"28.3"	"Maiden Hurdle"	"8"	"11"	"Torrens, Simon"	"Rothwell, P J"
"20:40:00"	"2024-07-18"	"Epsom"	"Twilight Melody"	"18.00"	"21"	"Handicap"	"6"	"12"	"Bowen, S D"	"Owen, J P"
"20:40:00"	"2024-07-18"	"Epsom"	"Chiedozie"	"33.00"	"55"	"Handicap"	"10"	"12"	"Heard, Tyler"	"McEntee, P S"
"20:05:00"	"2024-07-18"	"Epsom"	"Miami Thunder"	"40.00"	"63.24"	"Handicap"	"RR"	"10"	"Ryan, Rossa"	"Toomey, Brian"
"19:35:00"	"2024-07-18"	"Epsom"	"Pride Of Nepal"	"28.00"	"38"	"Handicap"	"4"	"11"	"Bowen, Miss S L"	"Carroll, A W"
"19:20:00"	"2024-07-18"	"Worcester"	"Groundbreaker (GER)"	"5.00"	"6.76"	"Novices Hurdle"	"4"	"7"	"Tudor, Jack"	"Pipe, D E"
"19:10:00"	"2024-07-18"	"Killarney"	"En Or (FR)"	"20.00"	"32.77"	"Handicap Hurdle"	"9"	"15"	"King, D"	"OLeary, Mrs C"
"19:10:00"	"2024-07-18"	"Killarney"	"The Grey Falco (FR)"	"40.00"	"54.66"	"Handicap Hurdle"	"14"	"15"	"Slevin, J J"	"Flannery, Michael"
"18:45:00"	"2024-07-18"	"Worcester"	"Saint Vic (FR)"	"125.00"	"235"	"Novices Hurdle"	"4"	"9"	"Turner, James"	"Day, Anthony"
"18:02:00"	"2024-07-18"	"Killarney"	"Glentruan (IRE)"	"100.00"	"190"	"Handicap Hurdle"	"12"	"15"	"Quinlan, Liam"	"Flannery, Michael"
"17:55:00"	"2024-07-18"	"Epsom"	"Never Know (IRE)"	"40.00"	"85"	"Maiden"	"9"	"10"	"Shepherd, Callum"	"Williams, S C"
"17:45:00"	"2024-07-18"	"Leopardstown"	"Shoot To Kill (IRE)"	"10.00"	"14"	"Handicap"	"11"	"16"	"MacRedmond, Cian"	"Davison, Jack W"
"17:45:00"	"2024-07-18"	"Leopardstown"	"Dear Daphne (IRE)"	"100.00"	"220"	"Handicap"	"15"	"16"	"Hogan, C M"	"Watson, R K"
"17:02:00"	"2024-07-18"	"Killarney"	"Aultown Keppols (IRE)"	"33.00"	"70.25"	"Maiden Hurdle"	"9"	"14"	"Ewing, Sam"	"Fahey, Peter"
"17:02:00"	"2024-07-18"	"Killarney"	"Super Cub"	"33.00"	"58.07"	"Maiden Hurdle"	"11"	"14"	"Quinlan, Liam"	"Hackett, Ray"
"14:50:00"	"2024-07-18"	"Hamilton"	"Empress Of Bough (IRE)"	"8.50"	"11"	"Handicap"	"7"	"9"	"Orr, Oisin"	"Collins, C M"
"20:10:00"	"2024-07-17"	"Yarmouth"	"Majorelle Blue (IRE)"	"14.00"	"17.21"	"Handicap"	"7"	"11"	"Dawson, R"	"Pearce, Simon"
"19:40:00"	"2024-07-17"	"Yarmouth"	"Clever Currency (IRE)"	"0.83"	"2"	"Non-Handicap"	"2"	"9"	"Shepherd, Callum"	"Bell, M L W"
"19:20:00"	"2024-07-17"	"Killarney"	"Molly Hall (IRE)"	"6.50"	"9.13"	"Handicap"	"1"	"9"	"Whearty, R"	"McIntyre, Alan"
"18:40:00"	"2024-07-17"	"Yarmouth"	"Fine Interview (FR)"	"1.00"	"2.08"	"Maiden"	"3"	"11"	"Doyle, James"	"Jehani, H Al"
"17:45:00"	"2024-07-17"	"Uttoxeter"	"Bushmill Boy"	"0.83"	"1.93"	"Handicap Hurdle"	"2"	"9"	"Bowen, Sean P"	"Murphy, Olly"
"17:30:00"	"2024-07-17"	"Bath"	"Secret Sauce (IRE)"	"80.00"	"232.45"	"Handicap"	"9"	"12"	"Dobbs, Pat"	"Hosie, Syd"
"17:30:00"	"2024-07-17"	"Bath"	"Elwing (IRE)"	"66.00"	"170"	"Handicap"	"11"	"12"	"Costello, Dougie"	"Williams, Ian"
"17:30:00"	"2024-07-17"	"Bath"	"Eccentric (IRE)"	"40.00"	"83.21"	"Handicap"	"12"	"12"	"Hornby, Rob"	"Wintle, A"
"17:00:00"	"2024-07-17"	"Bath"	"Naadyaa"	"14.00"	"20.28"	"Handicap"	"7"	"8"	"Bennett, Charlie"	"Oshea, J G M"
"16:22:00"	"2024-07-17"	"Thirsk"	"Roberto Caro (IRE)"	"5.00"	"6.77"	"Handicap"	"1"	"12"	"Marquand, Tom"	"Keatley, Adrian Paul"
"15:30:00"	"2024-07-17"	"Bath"	"Bonny Power (IRE)"	"40.00"	"66.47"	"Handicap"	"11"	"12"	"Keniry, L P"	"Mulholland, N P"
"14:40:00"	"2024-07-17"	"Uttoxeter"	"Cornamona (IRE)"	"6.00"	"7.2"	"Maiden Hurdle"	"7"	"10"	"Wedge, Adam"	"Morgan, Miss Laura"
"14:10:00"	"2024-07-17"	"Uttoxeter"	"Astro Babe"	"50.00"	"138.4"	"Maiden Hurdle"	"6"	"7"	"Tudor, Jack"	"Pipe, D E"
"21:00:00"	"2024-07-16"	"Kempton"	"Jailbird (IRE)"	"16.00"	"21.71"	"Handicap"	"6"	"14"	"Clutterbuck, Rhys"	"Bandey, R J"
"19:45:00"	"2024-07-16"	"Killarney"	"Nikhi"	"7.50"	"10"	"Handicap"	"3"	"7"	"Lee, W J"	"OBrien, Terence"
"19:30:00"	"2024-07-16"	"Kempton"	"Eulace Peacock (IRE)"	"100.00"	"200"	"Handicap"	"9"	"9"	"Morris, Luke"	"Dunne, M"
"19:15:00"	"2024-07-16"	"Killarney"	"Lunar Bird (IRE)"	"22.00"	"32.46"	"Handicap"	"4"	"4"	"Ryan, J J G"	"McNamara, E"
"18:00:00"	"2024-07-16"	"Kempton"	"Spirit La Adelita"	"100.00"	"304.76"	"Handicap"	"12"	"12"	"Lee, Clifford"	"Wallis, Charlie"
"17:45:00"	"2024-07-16"	"Killarney"	"Nelda (IRE)"	"0.44"	"1.52"	"Maiden"	"1"	"6"	"Lee, W J"	"Twomey, P"
"17:45:00"	"2024-07-16"	"Killarney"	"Gotta Show Me (IRE)"	"11.00"	"14"	"Maiden"	"5"	"6"	"Foley, Shane"	"Harrington, Mrs John"
"15:30:00"	"2024-07-16"	"Beverley"	"Solar Bentley (IRE)"	"6.00"	"7.79"	"Handicap"	"2"	"11"	"Robinson, Ben"	"Ellison, B"
"15:30:00"	"2024-07-16"	"Beverley"	"Burlington House (FR)"	"3.50"	"4.49"	"Handicap"	"5"	"11"	"Sousa, Silvestre De"	"Cunha, Dylan"
"15:30:00"	"2024-07-16"	"Beverley"	"Selbys Joy"	"200.00"	"497.57"	"Handicap"	"11"	"11"	"McManoman, Faye"	"Rothwell, B S"
"20:25:00"	"2024-07-15"	"Killarney"	"Our Lil"	"1.63"	"2.66"	"Handicap"	"2"	"12"	"Coen, Ben M"	"Murtagh, J P"
"18:20:00"	"2024-07-15"	"Windsor"	"American Riddle (IRE)"	"80.00"	"654.19"	"Novices"	"9"	"9"	"Howarth, Christian"	"Hobson, Miss Clare"
"17:50:00"	"2024-07-15"	"Killarney"	"Beechwood (IRE)"	"2.25"	"3.49"	"Non-Handicap"	"2"	"4"	"Lee, W J"	"Twomey, P"
"16:35:00"	"2024-07-15"	"Ayr"	"Triple Force"	"12.00"	"17.43"	"Handicap"	"6"	"7"	"Shaw, Harrison"	"Lidster, Craig"
"15:15:00"	"2024-07-15"	"Downpatrick"	"Marcher Lord (IRE)"	"14.00"	"24.94"	"Maiden Hurdle"	"12"	"14"	"Gilligan, D J"	"OConnor, Michael J"
"15:15:00"	"2024-07-15"	"Downpatrick"	"Hey Driver (IRE)"	"66.00"	"120"	"Maiden Hurdle"	"PU"	"14"	"Robinson, D"	"Mullins, Anthony"
"14:40:00"	"2024-07-15"	"Downpatrick"	"Hanara Rovan (IRE)"	"125.00"	"250"	"Maiden Hurdle"	"6"	"14"	"OSullivan, James"	"Rothwell, P J"
"17:00:00"	"2024-07-14"	"Stratford"	"Arthalot (IRE)"	"3.50"	"5.3"	"Handicap Novices Hurdle"	"4"	"9"	"Harrison, Liam"	"Llewellyn, Robert"
"15:30:00"	"2024-07-14"	"Stratford"	"Greenways (IRE)"	"10.00"	"17.39"	"Maiden Hurdle"	"6"	"12"	"Ffrench Davis, Mr Ben"	"Davis, D J S Ffrench"
"15:30:00"	"2024-07-14"	"Stratford"	"Porridge (IRE)"	"150.00"	"1000"	"Maiden Hurdle"	"UR"	"12"	"Tucker, Miss H C"	"Leeson, Tracey"
"15:00:00"	"2024-07-14"	"Stratford"	"Battle Of Omdurman"	"7.50"	"10.17"	"Hurdle"	"1"	"6"	"Ward, Christopher"	"Cole, Miss D"
"14:30:00"	"2024-07-14"	"Stratford"	"Stunsail (FR)"	"100.00"	"215.77"	"Handicap Chase"	"PU"	"12"	"Harrison, Liam"	"Tickle, J"
"14:00:00"	"2024-07-14"	"Stratford"	"Fennas Loss (IRE)"	"33.00"	"52.18"	"Handicap Hurdle"	"8"	"10"	"Worsley, Tabitha"	"Allen, S G"
"20:30:00"	"2024-07-13"	"Hamilton"	"Cage Rattler (IRE)"	"4.50"	"6.86"	"Handicap"	"4"	"5"	"Young, Archie"	"Forster, Miss S E"
"19:10:00"	"2024-07-13"	"Chester"	"Kitaab"	"25.00"	"32.54"	"Handicap"	"3"	"8"	"Elliott, Andrew"	"Kirby, P A"
"18:45:00"	"2024-07-13"	"Salisbury"	"Faro Di Notte"	"20.00"	"26.75"	"Novices"	"3"	"10"	"Haynes, Joey"	"Tregoning, M P"
"18:35:00"	"2024-07-13"	"Chester"	"General Assembly (IRE)"	"7.00"	"9.62"	"Handicap"	"4"	"10"	"Morris, Luke"	"Eustace, Harry"
"18:15:00"	"2024-07-13"	"Salisbury"	"Canvas"	"5.00"	"6.61"	"Novices"	"6"	"13"	"Jakes, Tommie"	"Meade, Freddie and Martyn"
"17:20:00"	"2024-07-13"	"Navan"	"Boomerang Bill (IRE)"	"5.50"	"7.4"	"Handicap"	"5"	"20"	"Foley, Shane"	"OSullivan, Ross"
"17:00:00"	"2024-07-13"	"Wexford"	"Arctic Piper (IRE)"	"5.00"	"7.6"	"NH Flat"	"4"	"14"	"Maguire, Mr F"	"Foley, Patrick T"
"15:37:00"	"2024-07-13"	"Navan"	"Tai Sing Yeh (IRE)"	"12.00"	"16.42"	"Handicap"	"12"	"15"	"Keane, C T"	"Donoghue, Ian"
"15:37:00"	"2024-07-13"	"Navan"	"Devils Angel"	"25.00"	"30"	"Handicap"	"13"	"15"	"Davis, Sean"	"Coleman, Kevin"
"14:50:00"	"2024-07-13"	"Newmarket (July)"	"Aafoor (USA)"	"66.00"	"170"	"Handicap"	"13"	"13"	"Mazur, Szczepan"	"Al, Mohammed Khalifa"
"14:12:00"	"2024-07-13"	"Newmarket (July)"	"Asian Daze (IRE)"	"9.00"	"11"	"Handicap"	"1"	"9"	"Loughnane, Mr Billy"	"Chapple-Hyam, Jane"
"14:00:00"	"2024-07-13"	"York"	"Rhythm Master (IRE)"	"50.00"	"71.31"	"Handicap"	"10"	"14"	"Scott, Rowan"	"Harker, G A"
"13:30:00"	"2024-07-13"	"Wexford"	"Ben Vrackie"	"14.00"	"21.49"	"Handicap Hurdle"	"7"	"14"	"King, D"	"OLeary, Mrs C"
"13:00:00"	"2024-07-13"	"Wexford"	"Waramunga (IRE)"	"150.00"	"600"	"Maiden Hurdle"	"9"	"14"	"OKeeffe, Sean F"	"Crowley, Bernard Martin"
"20:45:00"	"2024-07-12"	"Chepstow"	"Lhebayeb (GER)"	"11.00"	"14.24"	"Handicap"	"6"	"6"	"Doughty, Jack"	"Price, R J"
"20:30:00"	"2024-07-12"	"Kilbeggan"	"No Time To Wait (IRE)"	"8.00"	"11.5"	"Beginners Chase"	"PU"	"11"	"Harvey, Mr B W"	"McConnell, John C"
"20:10:00"	"2024-07-12"	"Chepstow"	"Himawari"	"66.00"	"103.61"	"Handicap"	"10"	"12"	"Haynes, Joey"	"Harris, Miss G"
"19:20:00"	"2024-07-12"	"Kilbeggan"	"Balkito (FR)"	"40.00"	"75"	"Handicap Hurdle"	"11"	"14"	"ONeill, Mr P J"	"ONeill, John F"
"18:45:00"	"2024-07-12"	"Kilbeggan"	"Pride Of Hawridge (IRE)"	"14.00"	"16.59"	"Handicap Hurdle"	"7"	"12"	"McParlan, Mr N"	"McParlan, S"
"17:35:00"	"2024-07-12"	"Kilbeggan"	"Natural Look (IRE)"	"9.00"	"14"	"Handicap Hurdle"	"2"	"15"	"Coen, J"	"OSullivan, Ross"
"17:25:00"	"2024-07-12"	"Dundalk"	"Wajaaha (IRE)"	"33.00"	"55.43"	"Handicap"	"12"	"14"	"Sheridan, J M"	"McCann, Anthony"
"16:25:00"	"2024-07-12"	"Kilbeggan"	"Workinonadream (IRE)"	"14.00"	"29.41"	"Maiden Hurdle"	"3"	"15"	"Torrens, Simon"	"Rothwell, P J"
"16:25:00"	"2024-07-12"	"Kilbeggan"	"Vadsa Queen (IRE)"	"33.00"	"51.34"	"Maiden Hurdle"	"10"	"15"	"King, D"	"Stokes, N"
"16:15:00"	"2024-07-12"	"Dundalk"	"Shamrock Sprig (IRE)"	"5.00"	"7.39"	"Handicap"	"8"	"13"	"McMonagle, Dylan B"	"Murphy, Daniel"
"15:42:00"	"2024-07-12"	"Dundalk"	"Jalo (IRE)"	"25.00"	"36"	"Handicap"	"7"	"13"	"Whearty, R"	"McCourt, T G"
"15:25:00"	"2024-07-12"	"Ascot"	"Respectful (IRE)"	"33.00"	"55.41"	"Handicap"	"8"	"9"	"Doyle, Hollie"	"Newland, Dr R D P"
"14:40:00"	"2024-07-12"	"York"	"Prime Art (IRE)"	"25.00"	"44.36"	"Non-Handicap"	"5"	"12"	"Stott, Kevin"	"Chapple-Hyam, Jane"
"13:25:00"	"2024-07-12"	"Dundalk"	"Dream Today (IRE)"	"20.00"	"27.01"	"Handicap"	"3"	"11"	"MacRedmond, Cian"	"Davison, Jack W"
"20:45:00"	"2024-07-11"	"Newbury"	"Kitty Foyle (IRE)"	"28.00"	"40"	"Handicap"	"3"	"8"	"Whelan, Trevor"	"Hitchins, Daisy"
"20:30:00"	"2024-07-11"	"Leopardstown"	"Charli Sands (IRE)"	"200.00"	"766.2"	"Non-Handicap"	"11"	"11"	"Cottrill, Mr S E"	"Barcoe, James M"
"20:25:00"	"2024-07-11"	"Epsom"	"Speed Court"	"3.50"	"4.6"	"Handicap"	"4"	"6"	"Fraser, Kaiya"	"Eustace, Harry"
"20:00:00"	"2024-07-11"	"Leopardstown"	"My Kurkum"	"50.00"	"83.8"	"Handicap"	"8"	"21"	"Sheridan, J M"	"Watson, R K"
"19:50:00"	"2024-07-11"	"Epsom"	"Maxzeno"	"12.00"	"13.22"	"Handicap"	"3"	"9"	"ONeill, K T"	"West, Adam"
"19:35:00"	"2024-07-11"	"Newbury"	"Vanish (IRE)"	"1.63"	"2.79"	"Novices"	"1"	"8"	"Whelan, Trevor"	"Burrows, Owen"
"18:50:00"	"2024-07-11"	"Leopardstown"	"Belles Feuilles (FR)"	"40.00"	"94.71"	"Handicap"	"10"	"16"	"Heffernan, J A"	"OLeary, Mrs C"
"18:25:00"	"2024-07-11"	"Newbury"	"Inconspicuous (IRE)"	"6.00"	"8.2"	"Novices"	"3"	"11"	"Davies, Harry"	"Kelleway, Miss Gay"
"15:35:00"	"2024-07-11"	"Newmarket (July)"	"Maxi King (IRE)"	"33.00"	"43.13"	"Non-Handicap"	"5"	"6"	"Egan, David"	"Freire, Raphael"
"20:00:00"	"2024-07-10"	"Fairyhouse"	"Glencullen (IRE)"	"40.00"	"55"	"Handicap"	"3"	"17"	"McAteer, L T"	"Ross, W"
"20:00:00"	"2024-07-10"	"Fairyhouse"	"Answer Me Nay (IRE)"	"25.00"	"41.32"	"Handicap"	"16"	"17"	"Persse, A C"	"Cahill, Mark"
"19:30:00"	"2024-07-10"	"Fairyhouse"	"Emporio (IRE)"	"5.00"	"7.2"	"Handicap"	"7"	"9"	"Horgan, H J"	"OBrien, Joseph Patrick"
"16:20:00"	"2024-07-10"	"Catterick"	"Fond Farewell (IRE)"	"7.00"	"10.45"	"Handicap"	"8"	"12"	"Russell, Harry"	"Greenall, O / Guerriero, J"
"15:00:00"	"2024-07-10"	"Lingfield"	"Timely Escape"	"50.00"	"83.46"	"Handicap Seller"	"8"	"9"	"Leavy, Mr Joe"	"Dunn, Mrs Alex"
"14:50:00"	"2024-07-10"	"Catterick"	"Fortuitous Star (IRE)"	"25.00"	"30"	"Handicap"	"8"	"12"	"Winn, Mark"	"Walford, Mark"
"19:05:00"	"2024-07-09"	"Uttoxeter"	"Bingo Little (IRE)"	"50.00"	"90"	"Handicap Hurdle"	"6"	"8"	"Ring, C V"	"Potter, R D"
"18:55:00"	"2024-07-09"	"Brighton"	"Bletchley Storm"	"1.75"	"2.98"	"Handicap"	"1"	"6"	"Keeley, Aidan"	"Baker, George"
"18:55:00"	"2024-07-09"	"Brighton"	"Luna Effect (IRE)"	"6.50"	"8.42"	"Handicap"	"5"	"6"	"Hornby, Rob"	"Moore, Gary and Josh"
"17:17:00"	"2024-07-09"	"Pontefract"	"Imperiousity"	"50.00"	"81.95"	"Handicap"	"9"	"9"	"Winn, Mark"	"Harris, S A"
"17:05:00"	"2024-07-09"	"Uttoxeter"	"Light Fandango (IRE)"	"0.40"	"1.47"	"Novices Hurdle"	"1"	"11"	"Hughes, Brian"	"Mulholland, N P"
"17:05:00"	"2024-07-09"	"Uttoxeter"	"Buxted Reel (IRE)"	"6.00"	"11.5"	"Novices Hurdle"	"6"	"11"	"Sheppard, Stan"	"Lacey, T"
"17:05:00"	"2024-07-09"	"Uttoxeter"	"Inoue (IRE)"	"66.00"	"160.27"	"Novices Hurdle"	"UR"	"11"	"Nichol, Craig"	"Robson, Paul"
"15:55:00"	"2024-07-09"	"Lingfield"	"Treasure Storm (IRE)"	"16.00"	"21"	"Handicap"	"7"	"10"	"Lewis, Owen"	"Freire, Raphael"
"14:25:00"	"2024-07-09"	"Lingfield"	"Luna Dipinta"	"40.00"	"80"	"Maiden"	"3"	"13"	"Davies, Harry"	"Murphy, Mike"
"14:25:00"	"2024-07-09"	"Lingfield"	"Dubai Harbour"	"66.00"	"115.97"	"Maiden"	"7"	"13"	"Bradley, Paddy"	"Phelan, P M"
"14:25:00"	"2024-07-09"	"Lingfield"	"Indian Pearl"	"18.00"	"30.44"	"Maiden"	"9"	"13"	"Dawson, R"	"Crawley, Matt"
"14:10:00"	"2024-07-09"	"Pontefract"	"Lady Dorchester (IRE)"	"7.00"	"8.4"	"Handicap Nursery"	"7"	"8"	"Egan, David"	"Freire, Raphael"
"20:30:00"	"2024-07-08"	"Ripon"	"Rubio De Oro"	"50.00"	"88.83"	"Handicap"	"6"	"8"	"Sullivan, James P"	"Sowersby, M E"
"19:45:00"	"2024-07-08"	"Roscommon"	"Make The Switch (IRE)"	"28.00"	"32.07"	"Handicap Hurdle"	"PU"	"16"	"Donoghue, K M"	"McCourt, T G"
"19:35:00"	"2024-07-08"	"Wolverhampton"	"Big Impact"	"11.00"	"15.72"	"Non-Handicap"	"10"	"13"	"Hornby, Rob"	"Faulkner, Ms D C"
"19:35:00"	"2024-07-08"	"Wolverhampton"	"Ishani"	"50.00"	"95"	"Non-Handicap"	"12"	"13"	"Dobie, Georgia"	"Vaughan, Tim"
"18:38:00"	"2024-07-08"	"Roscommon"	"Stenatee (FR)"	"80.00"	"115.27"	"Novices Hurdle"	"PU"	"6"	"Hanlon, Mr P"	"Hanlon, John Joseph"
"18:30:00"	"2024-07-08"	"Wolverhampton"	"Bonnie Blandford"	"66.00"	"136.59"	"Handicap"	"6"	"11"	"Dobie, Georgia"	"Fox, J C"
"17:00:00"	"2024-07-08"	"Roscommon"	"Broken Ice (IRE)"	"6.00"	"8.41"	"Claimer Hurdle"	"5"	"15"	"Harvey, Mr B W"	"McConnell, John C"
"17:00:00"	"2024-07-08"	"Roscommon"	"Epson Du Houx (FR)"	"18.00"	"31.79"	"Claimer Hurdle"	"PU"	"15"	"Donoghue, K M"	"Dempsey, J P"
"16:50:00"	"2024-07-08"	"Worcester"	"Dannys Friend (IRE)"	"22.00"	"22.55"	"Handicap Hurdle"	"6"	"14"	"Scholfield, Nick"	"Dennis, David"
"16:50:00"	"2024-07-08"	"Worcester"	"Fabreze (IRE)"	"22.00"	"28.75"	"Handicap Hurdle"	"11"	"14"	"Kimber, Harry"	"Walford, Robert"
"16:50:00"	"2024-07-08"	"Worcester"	"Omega (GER)"	"33.00"	"46.28"	"Handicap Hurdle"	"PU"	"14"	"Cobden, Harry"	"Dickin, Harriet"
"16:45:00"	"2024-07-08"	"Wolverhampton"	"Captain Cisco (IRE)"	"18.00"	"24.1"	"Novices"	"4"	"10"	"Stott, Kevin"	"Haynes, Alice"
"16:20:00"	"2024-07-08"	"Worcester"	"Magical Arthur (IRE)"	"9.00"	"10.91"	"Handicap Hurdle"	"4"	"12"	"Quinlan, Sean"	"Candlish, Jennie"
"16:20:00"	"2024-07-08"	"Worcester"	"Moodofthemoment (IRE)"	"25.00"	"38"	"Handicap Hurdle"	"10"	"12"	"Bellamy, Tom"	"Dennis, David"
"15:10:00"	"2024-07-08"	"Worcester"	"Kirkuila (IRE)"	"50.00"	"200"	"Novices Hurdle"	"9"	"9"	"McLernon, R P"	"Brown, G"
"16:15:00"	"2024-07-07"	"Sligo"	"Maxios Show (IRE)"	"7.00"	"10.5"	"Handicap Hurdle"	"4"	"15"	"Shinnick, J P"	"OBrien, Terence"
"15:40:00"	"2024-07-07"	"Sligo"	"Falcon Park (IRE)"	"1.38"	"2.46"	"Handicap Hurdle"	"10"	"14"	"Meyler, D"	"Mullins, Emmet"
"14:00:00"	"2024-07-07"	"Sligo"	"Torquay Road (IRE)"	"4.50"	"8.2"	"Maiden Hurdle"	"1"	"10"	"Gilligan, D J"	"Collins, C M"
"13:50:00"	"2024-07-07"	"Limerick"	"Genesis (IRE)"	"14.00"	"18.87"	"Non-Handicap"	"7"	"9"	"McAteer, L T"	"McIntyre, Alan"
"20:50:00"	"2024-07-06"	"Carlisle"	"Rampant"	"33.00"	"48.64"	"Handicap"	"9"	"10"	"Elliott, Andrew"	"Ewart, J P L"
"20:30:00"	"2024-07-06"	"Bellewstown"	"Peg Of The Hills (IRE)"	"100.00"	"468.15"	"NH Flat"	"4"	"8"	"Maguire, Mr F"	"ODwyer, Conor"
"19:00:00"	"2024-07-06"	"Bellewstown"	"Duncarrig (IRE)"	"33.00"	"64.36"	"Handicap Hurdle"	"3"	"14"	"Greene, Mr S D"	"Barrett, James M"
"17:35:00"	"2024-07-06"	"Nottingham"	"More Diamonds (IRE)"	"18.00"	"26.6"	"Handicap"	"8"	"11"	"Shepard, Miss Sienna"	"Horton, James"
"16:53:00"	"2024-07-06"	"Bellewstown"	"Hutton Glen (IRE)"	"3.33"	"5.47"	"Novices Hurdle"	"4"	"7"	"OKeeffe, Darragh"	"Gibney, Thomas"
"16:00:00"	"2024-07-06"	"Beverley"	"Pearly Star"	"50.00"	"144.09"	"Handicap"	"8"	"9"	"Tindall, Ethan"	"Sowersby, M E"
"15:20:00"	"2024-07-06"	"Naas"	"Miqdaad (IRE)"	"28.00"	"50"	"Handicap"	"7"	"18"	"Markey, S R"	"McConnell, John C"
"20:20:00"	"2024-07-05"	"Beverley"	"Amerigo Vespucci (IRE)"	"33.00"	"57.98"	"Handicap"	"6"	"8"	"Hardie, Cameron"	"Wainwright, J S"
"19:18:00"	"2024-07-05"	"Haydock"	"Li Ban (IRE)"	"12.00"	"12.84"	"Novices"	"3"	"5"	"Egan, David"	"Freire, Raphael"
"18:35:00"	"2024-07-05"	"Beverley"	"Beltane (IRE)"	"3.00"	"4.72"	"Seller"	"5"	"9"	"Hart, Jason"	"Walford, Mark"
"18:35:00"	"2024-07-05"	"Beverley"	"Hieloray (IRE)"	"4.50"	"6.8"	"Seller"	"9"	"9"	"Mason, Joanna"	"Niven, P D"
"18:25:00"	"2024-07-05"	"Bellewstown"	"Hero Of The Hour"	"22.00"	"31.66"	"Handicap"	"3"	"13"	"Ryan, J J G"	"McCourt, T G"
"18:25:00"	"2024-07-05"	"Bellewstown"	"Rhasidat (IRE)"	"40.00"	"48.54"	"Handicap"	"8"	"13"	"Sheridan, J M"	"McKenna, P J"
"17:40:00"	"2024-07-05"	"Cork"	"Due Course (IRE)"	"5.00"	"7.75"	"Handicap Hurdle"	"8"	"14"	"Donoghue, K M"	"Cromwell, Gavin Patrick"
"17:40:00"	"2024-07-05"	"Cork"	"Poker Night (IRE)"	"33.00"	"45.98"	"Handicap Hurdle"	"11"	"14"	"Owens, C"	"Rothwell, P J"
"17:35:00"	"2024-07-05"	"Doncaster"	"Nammos"	"12.00"	"15.5"	"Handicap"	"7"	"11"	"Coughlan, Laura"	"Nicholls, Adrian"
"17:35:00"	"2024-07-05"	"Doncaster"	"Royal Expert"	"40.00"	"69.64"	"Handicap"	"11"	"11"	"Probert, David"	"Pearce, Simon"
"17:15:00"	"2024-07-05"	"Bellewstown"	"Simpsons Paradox (IRE)"	"33.00"	"50"	"Handicap"	"6"	"14"	"Maxwell, C D"	"Kinsella, J A"
"17:15:00"	"2024-07-05"	"Bellewstown"	"Bang Po (IRE)"	"33.00"	"51.08"	"Handicap"	"10"	"14"	"McAteer, S"	"McAteer, Liam"
"16:50:00"	"2024-07-05"	"Sandown"	"Roberto Escobarr (IRE)"	"33.00"	"68.14"	"Non-Handicap"	"6"	"6"	"Buick, William"	"Williams, Ian"
"16:30:00"	"2024-07-05"	"Cork"	"Navy Beach (IRE)"	"125.00"	"231.19"	"Maiden Hurdle"	"9"	"16"	"King, D"	"OLeary, Mrs C"
"14:50:00"	"2024-07-05"	"Newton Abbot"	"Komedy Kicks (IRE)"	"22.00"	"38.52"	"Handicap Hurdle"	"PU"	"7"	"Cobden, Harry"	"Dickin, Harriet"
"14:40:00"	"2024-07-05"	"Doncaster"	"Chocolate Hobbnob"	"100.00"	"318.18"	"Novices"	"10"	"10"	"Bishop, Charles"	"Williams, Ian"
"14:15:00"	"2024-07-05"	"Newton Abbot"	"Share A Moment (IRE)"	"200.00"	"363.87"	"Maiden Hurdle"	"9"	"10"	"Noonan, David G"	"Chapman, Ryan"
"20:20:00"	"2024-07-04"	"Bellewstown"	"Politicise (IRE)"	"100.00"	"440"	"Non-Handicap"	"6"	"9"	"Bowman, C A"	"Collins, C M"
"20:10:00"	"2024-07-04"	"Kempton"	"Rogue Rosie"	"66.00"	"122.04"	"Handicap"	"10"	"12"	"Loughnane, Mr Billy"	"Haynes, Alice"
"20:10:00"	"2024-07-04"	"Kempton"	"Morning Suit (IRE)"	"66.00"	"163.65"	"Handicap"	"11"	"12"	"McEntee, Grace"	"McEntee, P S"
"19:35:00"	"2024-07-04"	"Kempton"	"Simply Sondheim (IRE)"	"14.00"	"23"	"Handicap"	"4"	"10"	"Cosgrave, Pat"	"Baker, George"
"19:35:00"	"2024-07-04"	"Kempton"	"Naval Commander"	"100.00"	"209.83"	"Handicap"	"9"	"10"	"Keeley, Aidan"	"Brennan, F J"
"18:35:00"	"2024-07-04"	"Bellewstown"	"Never Shout Never (IRE)"	"3.50"	"5.3"	"Handicap"	"7"	"8"	"MacRedmond, Cian"	"Davison, Jack W"
"17:10:00"	"2024-07-04"	"Tipperary"	"Butter Fingers (IRE)"	"8.00"	"11"	"Maiden Hurdle"	"1"	"9"	"Shanahan, Mr L P"	"OSullivan, Ross"
"17:00:00"	"2024-07-04"	"Yarmouth"	"Queen Jean (IRE)"	"12.00"	"15"	"Handicap"	"8"	"12"	"Egan, David"	"Charlton, Roger/Harry"
"15:40:00"	"2024-07-04"	"Haydock"	"Toussarok"	"100.00"	"169.74"	"Handicap"	"10"	"11"	"Mullen, Andrew"	"Carroll, A W"
"14:48:00"	"2024-07-04"	"Perth"	"Sergeant Wilson (IRE)"	"9.00"	"13.03"	"Handicap Hurdle"	"6"	"8"	"Twiston-Davies, Sam"	"Smith, R Michael"
"19:45:00"	"2024-07-03"	"Tipperary"	"Sylkie"	"20.00"	"30"	"Handicap"	"4"	"13"	"Keane, C T"	"Howard, Daniel John"
"19:35:00"	"2024-07-03"	"Bath"	"Roseaid"	"100.00"	"314.5"	"Maiden"	"5"	"6"	"Catton, Luke"	"Lund, B V"
"18:20:00"	"2024-07-03"	"Epsom"	"Silver Nightfall"	"22.00"	"29"	"Handicap"	"4"	"7"	"Hutchinson, Callum"	"Best, Jim/Suzi"
"15:00:00"	"2024-07-03"	"Musselburgh"	"Our Noble Lord"	"9.00"	"12.5"	"Handicap"	"7"	"7"	"Fanning, Joe"	"Russell, Miss Lucinda V"
"20:20:00"	"2024-07-02"	"Roscommon"	"Taymura (IRE)"	"8.00"	"13"	"Maiden"	"10"	"14"	"Lee, W J"	"Condon, K J"
"19:10:00"	"2024-07-02"	"Stratford"	"Uncle Arthur"	"100.00"	"164.17"	"Handicap Novices Chase"	"5"	"5"	"Best, J A"	"Davies, Miss Sarah-Jayne"
"18:20:00"	"2024-07-02"	"Roscommon"	"Above It All (IRE)"	"22.00"	"31.67"	"Handicap"	"14"	"14"	"Foley, Shane"	"Dreaper, Tom"
"17:50:00"	"2024-07-02"	"Roscommon"	"Field Of Honour"	"33.00"	"54.8"	"Handicap"	"15"	"15"	"McMonagle, Dylan B"	"Melia, Aidan"
"17:05:00"	"2024-07-02"	"Stratford"	"Calshot Spit (IRE)"	"6.50"	"8.25"	"Maiden Hurdle"	"3"	"10"	"Goldstein, Marc"	"West, Miss Sheena"
"17:05:00"	"2024-07-02"	"Stratford"	"Green Machine (IRE)"	"10.00"	"13.4"	"Maiden Hurdle"	"PU"	"10"	"Burke, Jonathan"	"OBrien, Fergal"
"16:03:00"	"2024-07-02"	"Tipperary"	"Killinure Lass (IRE)"	"25.00"	"44"	"Beginners Chase"	"4"	"10"	"Donoghue, K M"	"Dempsey, J P"
"15:55:00"	"2024-07-02"	"Brighton"	"Lucky Question"	"4.00"	"5.72"	"Handicap"	"6"	"8"	"Sousa, Silvestre De"	"Carroll, A W"
"15:03:00"	"2024-07-02"	"Tipperary"	"Druim Samhraidh (IRE)"	"6.00"	"8.25"	"Handicap Chase"	"PU"	"14"	"Sexton, K C"	"Flynn, Paul W"
"14:33:00"	"2024-07-02"	"Tipperary"	"May Call You Back"	"3.50"	"5.42"	"Handicap Chase"	"1"	"13"	"Hayes, Brian"	"Mullins, W P"
"21:00:00"	"2024-07-01"	"Wolverhampton"	"Brunel Charm"	"33.00"	"53.73"	"Handicap"	"6"	"11"	"Hardie, Cameron"	"Wallis, Charlie"
"20:45:00"	"2024-07-01"	"Windsor"	"Whoop Whoop"	"12.00"	"19.5"	"Handicap"	"9"	"11"	"Marquand, Tom"	"Ward, Tom"
"20:00:00"	"2024-07-01"	"Wolverhampton"	"Coolagh Magic"	"25.00"	"33.77"	"Handicap"	"8"	"8"	"Keenan, Darragh"	"Carson, Anthony"
"19:30:00"	"2024-07-01"	"Wolverhampton"	"Revolucion"	"14.00"	"18.89"	"Handicap"	"6"	"9"	"Bowen, S D"	"Harris, Miss G"
"16:00:00"	"2024-07-01"	"Worcester"	"Moonscape Girl"	"8.00"	"17.16"	"Novices Hurdle"	"3"	"10"	"Brogan, Kevin"	"Murphy, Olly"
"16:00:00"	"2024-07-01"	"Worcester"	"Vertical"	"125.00"	"214.19"	"Novices Hurdle"	"8"	"10"	"Best, J A"	"Humphrey, Mrs S J"
"16:00:00"	"2024-07-01"	"Worcester"	"Sixfiveseven"	"50.00"	"69.64"	"Novices Hurdle"	"10"	"10"	"Reed, Harry"	"Hawker, Richard"
"14:55:00"	"2024-07-01"	"Worcester"	"Urban Grit (IRE)"	"9.00"	"11.9"	"Handicap Chase"	"UR"	"7"	"Cobden, Harry"	"Hill,Mrs Lawney "
"15:20:00"	"2024-06-30"	"Wolverhampton"	"Streetstorm"	"66.00"	"120"	"Handicap"	"12"	"13"	"Shaw, Harrison"	"Jenkins, J R"
"15:10:00"	"2024-06-30"	"Cartmel"	"Elogio (IRE)"	"66.00"	"92.55"	"Handicap Hurdle"	"5"	"12"	"Quinlan, Sean"	"Quinlan, Elizabeth"
"14:15:00"	"2024-06-30"	"Curragh"	"Sister Lola (IRE)"	"200.00"	"1000"	"Non-Handicap"	"7"	"7"	"Joyce, Wesley"	"Sexton, Adrian"
"14:00:00"	"2024-06-30"	"Cartmel"	"Wheres Bunny (IRE)"	"14.00"	"22"	"Handicap Hurdle"	"2"	"13"	"Jones, Charlotte"	"Moffatt, James"
"14:00:00"	"2024-06-30"	"Cartmel"	"Balally Park (IRE)"	"50.00"	"95"	"Handicap Hurdle"	"9"	"13"	"Chapman, Ross"	"Menzies, Rebecca"
"13:50:00"	"2024-06-30"	"Uttoxeter"	"Dripsey Moon (IRE)"	"5.00"	"5.85"	"Handicap Novices Chase"	"2"	"5"	"Gillard, Mr T"	"McCain Jnr, D"
"20:15:00"	"2024-06-29"	"Lingfield"	"Luna Queen"	"9.00"	"10.5"	"Handicap"	"5"	"7"	"Gilligan, Jack"	"West, Miss Sheena"
"20:00:00"	"2024-06-29"	"Doncaster"	"Eco Power Boy (IRE)"	"22.00"	"32"	"Handicap"	"13"	"14"	"Hart, Jason"	"Quinn, J J"
"17:25:00"	"2024-06-29"	"Newcastle"	"Sir Jock Bennett (IRE)"	"80.00"	"234.67"	"Handicap"	"14"	"14"	"Breslin, Andrew"	"Mechie, N"
"17:15:00"	"2024-06-29"	"Curragh"	"Arnaman (IRE)"	"1.10"	"2.18"	"Maiden"	"1"	"4"	"Lee, W J"	"Condon, K J"
"16:25:00"	"2024-06-29"	"Windsor"	"Clipsham La Habana"	"18.00"	"23"	"Handicap"	"7"	"8"	"Bowen, S D"	"Haynes, Alice"
"15:10:00"	"2024-06-29"	"Newcastle"	"Golden Flame (IRE)"	"100.00"	"400"	"Handicap"	"14"	"20"	"Fentiman, Duran"	"Faulkner, Ms D C"
"15:00:00"	"2024-06-29"	"Chester"	"Last Crusader (IRE)"	"80.00"	"123.24"	"Handicap"	"10"	"10"	"Tudhope, Daniel"	"Toomey, Brian"
"14:35:00"	"2024-06-29"	"Newcastle"	"Alphonse Le Grande (IRE)"	"3.00"	"5.21"	"Handicap"	"1"	"14"	"Doyle, Hollie"	"OLeary, Mrs C"
"13:45:00"	"2024-06-29"	"Curragh"	"Laugh A Minute"	"22.00"	"33.8"	"Handicap"	"8"	"16"	"Whelan, R P"	"Davison, Jack W"
"13:45:00"	"2024-06-29"	"Curragh"	"Big Baby Bull (IRE)"	"66.00"	"191.01"	"Handicap"	"10"	"16"	"Cleary, R P"	"Hayes, John"
"13:45:00"	"2024-06-29"	"Curragh"	"Dynamic Force (IRE)"	"20.00"	"27"	"Handicap"	"12"	"16"	"Slattery, A J"	"Stack, J A"
"13:45:00"	"2024-06-29"	"Curragh"	"Duplantis (IRE)"	"33.00"	"64.95"	"Handicap"	"15"	"16"	"Foley, Shane"	"OBrien, Richard John"
"13:35:00"	"2024-06-29"	"Newcastle"	"Wodao (FR)"	"40.00"	"61.12"	"Handicap"	"8"	"14"	"Shepherd, Callum"	"Osborne, J A"
"21:00:00"	"2024-06-28"	"Bangor"	"Grasss Jet (IRE)"	"2.50"	"3.98"	"Handicap Hurdle"	"8"	"13"	"Wynne, Toby"	"Greenall, O / Guerriero, J"
"20:30:00"	"2024-06-28"	"Bangor"	"Gaot (FR)"	"12.00"	"16"	"Maiden Hurdle"	"7"	"10"	"Maggs, Mr William"	"McCain Jnr, D"
"20:30:00"	"2024-06-28"	"Bangor"	"Leave Her To Me"	"22.00"	"30.21"	"Maiden Hurdle"	"8"	"10"	"Woods, K K"	"McPherson, Graeme P"
"20:30:00"	"2024-06-28"	"Bangor"	"Final Escape (IRE)"	"4.00"	"6.25"	"Maiden Hurdle"	"PU"	"10"	"Brooke, Henry"	"Greenall, O / Guerriero, J"
"20:25:00"	"2024-06-28"	"Curragh"	"Aird"	"12.00"	"16.08"	"Handicap"	"7"	"18"	"MacRedmond, Cian"	"Bromhead, Henry De"
"20:20:00"	"2024-06-28"	"Newcastle"	"Notion In Motion"	"22.00"	"28.24"	"Handicap"	"11"	"12"	"Hardie, Cameron"	"Brittain, Antony"
"19:50:00"	"2024-06-28"	"Curragh"	"King Of The Bronx (IRE)"	"12.00"	"16.82"	"Handicap"	"18"	"21"	"Carroll, G F"	"Cromwell, Gavin Patrick"
"19:50:00"	"2024-06-28"	"Curragh"	"Alpha Capture (IRE)"	"5.50"	"8.07"	"Handicap"	"19"	"21"	"Keane, C T"	"Mullins, W P"
"19:50:00"	"2024-06-28"	"Curragh"	"The Crafty Girl (IRE)"	"40.00"	"103.9"	"Handicap"	"21"	"21"	"McAteer, L T"	"McIntyre, Alan"
"19:45:00"	"2024-06-28"	"Newcastle"	"Classy Hopes (IRE)"	"80.00"	"128.57"	"Novices"	"8"	"8"	"Scott, Rowan"	"Makin, Phillip"
"19:00:00"	"2024-06-28"	"Newmarket (July)"	"Come On You Spurs"	"4.50"	"6.4"	"Handicap"	"2"	"5"	"ONeill, K T"	"Spencer, Richard"
"18:40:00"	"2024-06-28"	"Curragh"	"Rock Of Ireland (IRE)"	"10.00"	"14.12"	"Maiden"	"8"	"18"	"McAteer, L T"	"McIntyre, Alan"
"18:35:00"	"2024-06-28"	"Newcastle"	"Fletchers Dream"	"25.00"	"34.35"	"Handicap"	"9"	"12"	"Scott, Rowan"	"Brown, A D"
"18:25:00"	"2024-06-28"	"Newmarket (July)"	"Supreme Beauty (IRE)"	"5.00"	"8"	"Novices"	"6"	"8"	"Davies, Harry"	"Appleby, M"
"18:25:00"	"2024-06-28"	"Newmarket (July)"	"Absolutely Buzzing (IRE)"	"40.00"	"66.64"	"Novices"	"8"	"8"	"Levey, S M"	"Wigham, M"
"18:13:00"	"2024-06-28"	"Bangor"	"Peacocks Secret (IRE)"	"20.00"	"24.48"	"Handicap Chase"	"3"	"8"	"Woods, K K"	"Hales, A M"
"18:05:00"	"2024-06-28"	"Curragh"	"Hightimeyouwon"	"12.00"	"16.94"	"Handicap"	"8"	"13"	"MacRedmond, Cian"	"Davison, Jack W"
"18:05:00"	"2024-06-28"	"Curragh"	"What A Squeeze (IRE)"	"66.00"	"100.4"	"Handicap"	"11"	"13"	"Cleary, R P"	"OLoughlin, G"
"17:25:00"	"2024-06-28"	"Newcastle"	"Project Dante"	"12.00"	"15.53"	"Handicap"	"13"	"13"	"Sousa, Silvestre De"	"Oldroyd, G R"
"16:47:00"	"2024-06-28"	"Cartmel"	"Sweet Street (IRE)"	"40.00"	"63.48"	"Handicap Hurdle"	"8"	"14"	"Brewitt, Miss Clara"	"Rowley, Melanie"
"16:47:00"	"2024-06-28"	"Cartmel"	"Bathgate"	"33.00"	"62.14"	"Handicap Hurdle"	"9"	"14"	"Halton, Mr Shay"	"Kirby, P A"
"15:05:00"	"2024-06-28"	"Cartmel"	"Global Assembly"	"28.00"	"42.86"	"Handicap Chase"	"PU"	"11"	"Anderson, Mr A"	"Bedi, Miss J"
"13:45:00"	"2024-06-28"	"Yarmouth"	"Maruna"	"28.00"	"29.27"	"Handicap"	"5"	"6"	"Woods, Sorcha"	"Murphy, Mike"
"13:35:00"	"2024-06-28"	"Doncaster"	"Delagate This Lord"	"18.00"	"20.87"	"Handicap"	"6"	"9"	"Hart, Jason"	"Fell, R / Murray, S"
"13:20:00"	"2024-06-28"	"Cartmel"	"Prince Imperial (USA)"	"6.00"	"8.23"	"Maiden Hurdle"	"7"	"9"	"Harris, Bradley"	"Dickin, Harriet"
"20:30:00"	"2024-06-27"	"Leicester"	"Excel In Space (IRE)"	"66.00"	"87.38"	"Handicap"	"8"	"8"	"Carson, William"	"Carroll, A W"
"19:00:00"	"2024-06-27"	"Leicester"	"Iconique"	"8.50"	"9.53"	"Handicap"	"6"	"8"	"Gunn, Molly"	"Carroll, A W"
"17:50:00"	"2024-06-27"	"Newcastle"	"Mulciber"	"8.50"	"13.19"	"Handicap"	"3"	"13"	"Dawson, R"	"Cunha, Dylan"
"17:45:00"	"2024-06-27"	"Hamilton"	"Lindwall (IRE)"	"22.00"	"29"	"Handicap"	"3"	"9"	"Brotherton, Miss S"	"Easterby, M W"
"16:10:00"	"2024-06-27"	"Newcastle"	"Chichester"	"28.00"	"42"	"Handicap"	"9"	"12"	"Fanning, Joe"	"Russell, Miss Lucinda V"
"16:10:00"	"2024-06-27"	"Newcastle"	"Bear Force One"	"80.00"	"140"	"Handicap"	"10"	"12"	"Eaves, Tom"	"Dods, M"
"14:10:00"	"2024-06-27"	"Nottingham"	"Alpine Stroll"	"3.50"	"4.98"	"Handicap"	"8"	"8"	"Bradnam, Joe"	"Wigham, M"
"20:20:00"	"2024-06-26"	"Ffos Las"	"Gianh River (IRE)"	"28.00"	"40.91"	"Non-Handicap"	"5"	"5"	"Coakley, Ross"	"Dowling, Thomas"
"20:10:00"	"2024-06-26"	"Kempton"	"Good Too (FR)"	"5.00"	"6.35"	"Handicap"	"1"	"12"	"Murphy, Oisin"	"West, Adam"
"20:00:00"	"2024-06-26"	"Naas"	"Spanish Tenor (IRE)"	"6.50"	"8.6"	"Handicap"	"8"	"8"	"MacRedmond, Cian"	"Davison, Jack W"
"19:20:00"	"2024-06-26"	"Ffos Las"	"Redshore City (IRE)"	"16.00"	"21"	"Handicap"	"5"	"7"	"Hutchinson, Callum"	"Llewellyn, B J"
"19:00:00"	"2024-06-26"	"Naas"	"Perfect Judgement (IRE)"	"16.00"	"24"	"Handicap"	"6"	"7"	"MacRedmond, Cian"	"Davison, Jack W"
"18:30:00"	"2024-06-26"	"Naas"	"Little Mi Mi (IRE)"	"200.00"	"654.16"	"Maiden"	"6"	"14"	"OConnor, Donagh"	"Donoghue, C P"
"17:35:00"	"2024-06-26"	"Kempton"	"Liberty Mountain"	"33.00"	"44.26"	"Handicap"	"7"	"11"	"Keeley, Aidan"	"Brennan, F J"
"17:05:00"	"2024-06-26"	"Worcester"	"Brave Knight"	"0.83"	"1.87"	"Maiden Hurdle"	"1"	"10"	"Cobden, Harry"	"Nicholls, P F"
"17:05:00"	"2024-06-26"	"Worcester"	"Lady Wormsley (IRE)"	"28.00"	"94.93"	"Maiden Hurdle"	"3"	"10"	"Nicholls, Miss Olive"	"Nicholls, Georgina"
"17:00:00"	"2024-06-26"	"Kempton"	"Villas Bullet (IRE)"	"50.00"	"79.69"	"Handicap"	"9"	"10"	"Catton, Luke"	"Hodgson, Simon"
"16:28:00"	"2024-06-26"	"Worcester"	"Red Hugh (IRE)"	"40.00"	"61.4"	"Maiden Hurdle"	"3"	"10"	"Worsley, Tabitha"	"Coulson, Jake Thomas"
"16:28:00"	"2024-06-26"	"Worcester"	"Lion Wait"	"4.00"	"5.5"	"Maiden Hurdle"	"7"	"10"	"Sheehan, Gavin"	"Snowden, Jamie"
"16:28:00"	"2024-06-26"	"Worcester"	"Zain Farhh"	"33.00"	"65.01"	"Maiden Hurdle"	"9"	"10"	"England, Jonathan"	"England, Sam"
"15:45:00"	"2024-06-26"	"Salisbury"	"South Pole (IRE)"	"1.88"	"2.93"	"Maiden"	"4"	"7"	"Loughnane, Mr Billy"	"Boughey, George"
"15:45:00"	"2024-06-26"	"Salisbury"	"Saratoga Star"	"150.00"	"354.4"	"Maiden"	"6"	"7"	"Bishop, Charles"	"Chamings, P R"
"15:35:00"	"2024-06-26"	"Carlisle"	"Star Music"	"12.00"	"17.47"	"Non-Handicap"	"4"	"9"	"Tudhope, Daniel"	"Tate, James"
"17:45:00"	"2024-06-25"	"Brighton"	"Bona Fortuna (IRE)"	"3.00"	"4.3"	"Maiden"	"1"	"6"	"Marsh, Finley"	"Appleby, M"
"17:15:00"	"2024-06-25"	"Brighton"	"Small Fry (IRE)"	"2.25"	"3.55"	"Handicap"	"9"	"9"	"Queally, T P"	"Moore, Gary and Josh"
"17:00:00"	"2024-06-25"	"Newton Abbot"	"Emberscombe (IRE)"	"28.00"	"34"	"Handicap Novices Chase"	"2"	"11"	"Noonan, David G"	"Tickle, J"
"15:30:00"	"2024-06-25"	"Newton Abbot"	"Scrumpy Boy"	"80.00"	"180"	"Handicap Chase"	"PU"	"13"	"Kimber, Harry"	"Hunt, Mitchell"
"15:00:00"	"2024-06-25"	"Newton Abbot"	"Ghost Jury (IRE)"	"80.00"	"300"	"Novices Hurdle"	"5"	"11"	"Noonan, David G"	"Woollacott, Mrs Kayley"
"15:00:00"	"2024-06-25"	"Newton Abbot"	"Great Colewood"	"28.00"	"46.26"	"Novices Hurdle"	"PU"	"11"	"Deutsch, Charlie"	"Gundry, Miss Polly"
"14:30:00"	"2024-06-25"	"Newton Abbot"	"Golden Path (FR)"	"2.75"	"4.41"	"Maiden Hurdle"	"1"	"11"	"Wedge, Adam"	"Williams, Evan"
"14:30:00"	"2024-06-25"	"Newton Abbot"	"Spanish Poet (FR)"	"16.00"	"20.6"	"Maiden Hurdle"	"4"	"11"	"Cannon, Tom J"	"Hosie, Syd"
"14:30:00"	"2024-06-25"	"Newton Abbot"	"Ortigia (IRE)"	"33.00"	"46.17"	"Maiden Hurdle"	"8"	"11"	"Noonan, David G"	"Hawke, N J"
"14:30:00"	"2024-06-25"	"Newton Abbot"	"Happy Helen"	"5.00"	"9.68"	"Maiden Hurdle"	"PU"	"11"	"Tudor, Jack"	"Pipe, D E"
"14:17:00"	"2024-06-25"	"Beverley"	"Mystical Elegance"	"2.75"	"2.93"	"Maiden"	"3"	"4"	"Egan, David"	"Freire, Raphael"
"14:00:00"	"2024-06-25"	"Newton Abbot"	"Parikarma (IRE)"	"25.00"	"27"	"Handicap Hurdle"	"1"	"10"	"Mathias, Imogen"	"Flint, J L"
"18:45:00"	"2024-06-24"	"Ballinrobe"	"Brave Troop (IRE)"	"5.00"	"7"	"Handicap"	"1"	"10"	"McAteer, L T"	"McIntyre, Alan"
"18:45:00"	"2024-06-24"	"Ballinrobe"	"Roderick"	"28.00"	"41.66"	"Handicap"	"5"	"10"	"Sheridan, J M"	"McGuigan, H D"
"18:15:00"	"2024-06-24"	"Ballinrobe"	"Finsceal Annie (IRE)"	"14.00"	"19.67"	"Handicap"	"6"	"14"	"Powell, J A"	"Murphy, Ciaran"
"18:15:00"	"2024-06-24"	"Ballinrobe"	"Simple Endeavour"	"10.00"	"12.5"	"Handicap"	"7"	"14"	"McCullagh, Scott"	"Harrington, Mrs John"
"18:15:00"	"2024-06-24"	"Ballinrobe"	"Not Far To Fall (IRE)"	"28.00"	"43.11"	"Handicap"	"14"	"14"	"McDonogh, D P"	"Griffin, Eoin"
"17:45:00"	"2024-06-24"	"Ballinrobe"	"Mythical Rock (IRE)"	"25.00"	"29.11"	"Maiden"	"2"	"12"	"McAteer, L T"	"McIntyre, Alan"
"17:10:00"	"2024-06-24"	"Ballinrobe"	"Romantic Samurai (IRE)"	"7.50"	"12.28"	"Claimer"	"8"	"8"	"MacRedmond, Cian"	"ONeill, E J"
"15:00:00"	"2024-06-24"	"Thirsk"	"Delagate The Lady"	"33.00"	"49.14"	"Non-Handicap"	"7"	"18"	"Scott, Rowan"	"Fell, R / Murray, S"
"13:55:00"	"2024-06-24"	"Thirsk"	"Island Of Skye"	"5.00"	"6.71"	"Handicap"	"1"	"8"	"Winn, Mark"	"Walford, Mark"
"17:48:00"	"2024-06-23"	"Hexham"	"East Eagle (IRE)"	"50.00"	"118.39"	"NH Flat"	"4"	"9"	"Anderson, Mr A"	"Sowersby, M E"
"17:00:00"	"2024-06-23"	"Pontefract"	"Royal Zabeel (IRE)"	"5.00"	"6.44"	"Handicap"	"3"	"9"	"Lee, Clifford"	"Tate, James"
"16:48:00"	"2024-06-23"	"Hexham"	"Animore"	"66.00"	"92.43"	"Handicap Chase"	"4"	"6"	"Austin, Edward"	"Burns, Hugh"
"16:40:00"	"2024-06-23"	"Ffos Las"	"Indication Court (IRE)"	"8.00"	"9.75"	"Handicap"	"4"	"5"	"Probert, David"	"Faulkner, Ms D C"
"15:48:00"	"2024-06-23"	"Hexham"	"Youre Kidding Me (IRE)"	"100.00"	"193.78"	"Maiden Hurdle"	"9"	"9"	"Anderson, Mr A"	"Sowersby, M E"
"20:30:00"	"2024-06-22"	"Lingfield"	"Head Of State (IRE)"	"18.00"	"26"	"Non-Handicap"	"7"	"10"	"Bradley, Paddy"	"Ingram, R"
"18:15:00"	"2024-06-22"	"Ascot"	"Nachtgeist (IRE)"	"66.00"	"116.96"	"Non-Handicap"	"5"	"9"	"Crouch, Hector"	"Moore, Gary and Josh"
"17:45:00"	"2024-06-22"	"Down Royal"	"Whispering Hopes (IRE)"	"40.00"	"151.27"	"Maiden"	"6"	"8"	"Roche, L F"	"Elliott, Gordon"
"17:05:00"	"2024-06-22"	"Ascot"	"Dark Trooper (IRE)"	"4.00"	"5.19"	"Handicap"	"2"	"25"	"Doyle, James"	"De Mieulle, A"
"17:05:00"	"2024-06-22"	"Ascot"	"Coachello (FR)"	"40.00"	"178.52"	"Handicap"	"12"	"25"	"Loughnane, Mr Billy"	"Loughnane, Daniel Mark"
"16:00:00"	"2024-06-22"	"Newmarket (July)"	"Bulldog Drummond"	"50.00"	"150"	"Handicap"	"3"	"12"	"Sayette, B D L"	"Owens, Patrick"
"15:25:00"	"2024-06-22"	"Limerick"	"One Boss"	"6.00"	"7.9"	"Handicap"	"1"	"12"	"McDonogh, D P"	"McCreery, W"
"15:20:00"	"2024-06-22"	"Newmarket (July)"	"Midnight Ravens (IRE)"	"66.00"	"103.98"	"Novices"	"10"	"14"	"Coakley, Ross"	"Dascombe, Tom"
"15:20:00"	"2024-06-22"	"Newmarket (July)"	"Maryanne"	"300.00"	"1000"	"Novices"	"13"	"14"	"Fahy, J P"	"Jones, Jack"
"15:15:00"	"2024-06-22"	"Down Royal"	"Oriole"	"9.00"	"14.5"	"Handicap"	"4"	"8"	"Lee, W J"	"Lupini, Miss Natalia"
"15:05:00"	"2024-06-22"	"Ascot"	"Missed The Cut (USA)"	"11.00"	"15.99"	"Non-Handicap"	"9"	"9"	"Doyle, James"	"Sadler, John"
"14:45:00"	"2024-06-22"	"Newmarket (July)"	"Unico"	"33.00"	"66.36"	"Handicap"	"7"	"10"	"Havlin, Robert"	"Gordon, C"
"14:15:00"	"2024-06-22"	"Limerick"	"Im Spartacus (IRE)"	"25.00"	"32"	"Handicap"	"9"	"10"	"Caffrey, Adam"	"McGuinness, Adrian"
"20:20:00"	"2024-06-21"	"Newmarket (July)"	"Big Zou"	"7.00"	"10.51"	"Handicap"	"6"	"6"	"Bowen, S D"	"Chapple-Hyam, P W"
"19:45:00"	"2024-06-21"	"Newmarket (July)"	"Different Drum"	"150.00"	"788.17"	"Novices"	"7"	"7"	"Hogan, D E"	"Allan, Miss Louise"
"19:35:00"	"2024-06-21"	"Down Royal"	"Volatile Analyst (USA)"	"2.75"	"4.16"	"Handicap"	"5"	"8"	"Lee, W J"	"Davison, Jack W"
"19:35:00"	"2024-06-21"	"Down Royal"	"Not Just Yet (IRE)"	"20.00"	"28.35"	"Handicap"	"6"	"8"	"MacRedmond, Cian"	"Murphy, Daniel"
"18:15:00"	"2024-06-21"	"Ascot"	"Thunder Blue"	"66.00"	"104.09"	"Handicap"	"9"	"28"	"Osborne, Saffie"	"Osborne, J A"
"17:25:00"	"2024-06-21"	"Down Royal"	"Scots Grace (IRE)"	"66.00"	"100"	"Handicap"	"8"	"8"	"Sheridan, J M"	"Breen, Leanne"
"17:05:00"	"2024-06-21"	"Ascot"	"Kitty Rose"	"3.50"	"5.8"	"Handicap"	"5"	"30"	"Murphy, Oisin"	"Kent, M / Price, M"
"16:50:00"	"2024-06-21"	"Down Royal"	"Shamrock Breeze (IRE)"	"1.20"	"2.12"	"Maiden"	"1"	"8"	"Lee, W J"	"Davison, Jack W"
"16:35:00"	"2024-06-21"	"Market Rasen"	"Jassur Des Brosses (FR)"	"66.00"	"96.73"	"Handicap Hurdle"	"8"	"10"	"Twiston-Davies, Sam"	"Murphy, Mike"
"16:35:00"	"2024-06-21"	"Market Rasen"	"Getaway Cory (IRE)"	"12.00"	"21.44"	"Handicap Hurdle"	"9"	"10"	"Johns, Alan"	"Vaughan, Tim"
"15:15:00"	"2024-06-21"	"Market Rasen"	"River Robe (IRE)"	"1.10"	"2.09"	"Handicap Hurdle"	"1"	"10"	"Skelton, Harry"	"Skelton, Daniel"
"14:50:00"	"2024-06-21"	"Redcar"	"Light Speed (IRE)"	"25.00"	"34"	"Handicap"	"13"	"14"	"Dennis, Phil"	"Tutty, Gemma"
"14:15:00"	"2024-06-21"	"Redcar"	"Hyrcanian (IRE)"	"50.00"	"119.19"	"Handicap"	"10"	"12"	"Muir, Paula"	"Barr, R E"
"14:05:00"	"2024-06-21"	"Market Rasen"	"Cooler Than Me"	"22.00"	"155.13"	"Novices Hurdle"	"PU"	"8"	"Bass, David"	"Brennan, F J"
"14:05:00"	"2024-06-21"	"Market Rasen"	"Call Her Clever (IRE)"	"25.00"	"47.8"	"Novices Hurdle"	"PU"	"8"	"Morgan, Mr Beau"	"Jeffreys, D J"
"19:00:00"	"2024-06-20"	"Lingfield"	"Squeaker"	"100.00"	"165.63"	"Handicap"	"5"	"8"	"Catton, Luke"	"Hobson, Miss Clare"
"17:45:00"	"2024-06-20"	"Leopardstown"	"Tsunami Speed"	"8.00"	"10.45"	"Handicap"	"7"	"12"	"Heffernan, J A"	"Lupini, Miss Natalia"
"16:50:00"	"2024-06-20"	"Chelmsford City"	"River Alwen (IRE)"	"12.00"	"13.18"	"Handicap"	"10"	"10"	"Ingram, Rhiain B"	"Benton, Craig"
"16:45:00"	"2024-06-20"	"Leopardstown"	"Deo Vero (IRE)"	"3.33"	"5.38"	"Non-Handicap"	"2"	"13"	"Hayes, C D"	"Obrien, Donnacha"
"15:20:00"	"2024-06-20"	"Ripon"	"Fountain Cross"	"33.00"	"42.23"	"Handicap"	"7"	"7"	"Kirrane, Sean"	"Easterby, T D"
"13:35:00"	"2024-06-20"	"Ripon"	"Point Of Honour (IRE)"	"22.00"	"27.27"	"Handicap"	"9"	"10"	"Brown, Pippa"	"Brooke, Daniel"
"18:35:00"	"2024-06-19"	"Ripon"	"Bateman (IRE)"	"4.50"	"6.58"	"Maiden"	"5"	"12"	"Gray, S A"	"Tutty, Gemma"
"18:35:00"	"2024-06-19"	"Ripon"	"Oligopoly"	"7.50"	"10.62"	"Maiden"	"6"	"12"	"Allan, David"	"Easterby, T D"
"18:20:00"	"2024-06-19"	"Nottingham"	"Kapparis Kid"	"11.00"	"13"	"Handicap"	"7"	"7"	"Carson, William"	"Carroll, A W"
"18:15:00"	"2024-06-19"	"Ascot"	"Reposado"	"80.00"	"160"	"Non-Handicap"	"12"	"27"	"Egan, David"	"Freire, Raphael"
"18:15:00"	"2024-06-19"	"Ascot"	"Karl Carlston (IRE)"	"80.00"	"187.43"	"Non-Handicap"	"22"	"27"	"Ryan, Rossa"	"Freire, Raphael"
"17:15:00"	"2024-06-19"	"Worcester"	"Melton Mossy (IRE)"	"1.10"	"2.21"	"Handicap Hurdle"	"1"	"10"	"Wedge, Adam"	"Williams, Evan"
"16:50:00"	"2024-06-19"	"Hamilton"	"Rose Branch"	"6.50"	"8.25"	"Handicap"	"1"	"6"	"Mulrennan, Paul"	"Palmer, Hugo"
"16:25:00"	"2024-06-19"	"Ascot"	"Blue Rose Cen (IRE)"	"14.00"	"16.45"	"Non-Handicap"	"7"	"10"	"Soumillon, C"	"Guarnieri, Maurizio"
"15:55:00"	"2024-06-19"	"Worcester"	"Iolaos Du Mou (FR)"	"33.00"	"58.82"	"Handicap Hurdle"	"8"	"11"	"Noonan, David G"	"Barclay, Stella"
"15:55:00"	"2024-06-19"	"Worcester"	"Ballywood (FR)"	"150.00"	"407.93"	"Handicap Hurdle"	"10"	"11"	"Worsley, Tabitha"	"Howell, Ms G"
"15:45:00"	"2024-06-19"	"Ascot"	"Sea The Lady (FR)"	"8.50"	"13.13"	"Non-Handicap"	"13"	"14"	"Lemaitre, Aurelien"	"Head, C H"
"15:30:00"	"2024-06-19"	"Hamilton"	"Hondo (IRE)"	"8.00"	"9.6"	"Handicap"	"7"	"7"	"Orr, Oisin"	"Russell, Miss Lucinda V"
"14:30:00"	"2024-06-19"	"Ascot"	"Enchanting Empress"	"14.00"	"14.08"	"Non-Handicap"	"17"	"24"	"Egan, David"	"Freire, Raphael"
"14:05:00"	"2024-06-19"	"Worcester"	"Groom De Cotte (FR)"	"6.50"	"9.58"	"Handicap Chase"	"10"	"11"	"McLernon, R P"	"Brown, G"
"18:40:00"	"2024-06-18"	"Beverley"	"Rogue State (IRE)"	"6.50"	"10.87"	"Maiden"	"3"	"8"	"Breslin, Andrew"	"Smart, B"
"18:15:00"	"2024-06-18"	"Ascot"	"A Piece Of Heaven (FR)"	"3.50"	"5.1"	"Handicap"	"7"	"16"	"McMonagle, Dylan B"	"OBrien, Joseph Patrick"
"17:50:00"	"2024-06-18"	"Stratford"	"Climate Precedent"	"3.00"	"4.1"	"Handicap Novices Hurdle"	"1"	"10"	"Skelton, Harry"	"Skelton, Daniel"
"17:05:00"	"2024-06-18"	"Ascot"	"Zanndabad (IRE)"	"4.50"	"8.43"	"Handicap"	"6"	"20"	"Buick, William"	"OLeary, Mrs C"
"15:55:00"	"2024-06-18"	"Stratford"	"Forever William"	"12.00"	"15.19"	"Handicap Hurdle"	"7"	"9"	"Durrell, Mr T"	"Skelton, Daniel"
"15:55:00"	"2024-06-18"	"Stratford"	"As Tears Go By"	"80.00"	"119.38"	"Handicap Hurdle"	"PU"	"9"	"Woods, K K"	"Jeffreys, D J"
"15:45:00"	"2024-06-18"	"Ascot"	"Emaraaty Ana"	"33.00"	"41.84"	"Non-Handicap"	"8"	"17"	"Osborne, Saffie"	"Osborne, J A"
"15:45:00"	"2024-06-18"	"Ascot"	"Crimson Advocate (USA)"	"25.00"	"45.26"	"Non-Handicap"	"15"	"17"	"Buick, William"	"Gosden, J H M"
"15:05:00"	"2024-06-18"	"Ascot"	"Up The Clarets (IRE)"	"200.00"	"475.94"	"Non-Handicap"	"22"	"22"	"Mullen, Andrew"	"Jardine, I"
"14:50:00"	"2024-06-18"	"Catterick"	"Unthinkable (IRE)"	"10.00"	"13.13"	"Novices"	"5"	"8"	"Lee, Clifford"	"Kirby, P A"
"14:15:00"	"2024-06-18"	"Catterick"	"Made For You"	"8.50"	"10.5"	"Handicap"	"3"	"9"	"Vaughan, Mr Edward"	"Flint, J L"
"14:05:00"	"2024-06-18"	"Stratford"	"Runaway Bride (IRE)"	"40.00"	"81.58"	"Novices Hurdle"	"6"	"10"	"Twiston-Davies, Sam"	"Dennis, David"
"13:30:00"	"2024-06-18"	"Stratford"	"Lone Soldier"	"12.00"	"16.69"	"Handicap Hurdle"	"PU"	"8"	"Armson, Philip"	"Pogson, Charles and Adam"
"20:30:00"	"2024-06-17"	"Windsor"	"Glad Hope"	"250.00"	"500.8"	"Non-Handicap"	"14"	"15"	"Whittington, Elisha"	"Lycett, Shaun"
"20:15:00"	"2024-06-17"	"Kilbeggan"	"Mr Macallum (IRE)"	"40.00"	"67.58"	"NH Flat"	"12"	"15"	"Costello, Mr J"	"OLeary, Mrs C"
"19:00:00"	"2024-06-17"	"Windsor"	"Tanmawwy (IRE)"	"11.00"	"11.79"	"Handicap"	"12"	"14"	"Loughnane, Mr Billy"	"Main, Mrs H S"
"19:00:00"	"2024-06-17"	"Windsor"	"Al Farabi (FR)"	"33.00"	"43.49"	"Handicap"	"13"	"14"	"Ryan, Rossa"	"Williams, S C"
"18:15:00"	"2024-06-17"	"Kilbeggan"	"Roccorionach (IRE)"	"11.00"	"17"	"Handicap Hurdle"	"6"	"16"	"Prendergast, Niall"	"Prendergast, D E"
"17:45:00"	"2024-06-17"	"Kilbeggan"	"Dun Ar Aill (IRE)"	"22.00"	"30"	"Handicap Hurdle"	"5"	"15"	"Harvey, A"	"Ott, Alexander"
"17:45:00"	"2024-06-17"	"Kilbeggan"	"No Risk No Story (IRE)"	"80.00"	"134.73"	"Handicap Hurdle"	"PU"	"15"	"Coen, J"	"Lee, Miss J M"
"17:15:00"	"2024-06-17"	"Kilbeggan"	"Irinas Path (FR)"	"3.00"	"4.92"	"Maiden Hurdle"	"2"	"14"	"Swan, H C"	"Elliott, Gordon"
"17:00:00"	"2024-06-17"	"Carlisle"	"Greycee Bell"	"22.00"	"27"	"Handicap"	"8"	"10"	"Rawlinson, Ali"	"Dascombe, Tom"
"15:48:00"	"2024-06-17"	"Chepstow"	"Albert Cee (FR)"	"6.00"	"7.4"	"Handicap"	"1"	"8"	"Bowen, S D"	"Owen, J P"
"14:35:00"	"2024-06-17"	"Gowran Park"	"Serotonin"	"22.00"	"30.15"	"Handicap"	"12"	"14"	"Whearty, R"	"Flynn, Paul W"
"14:18:00"	"2024-06-17"	"Chepstow"	"Mr Boson"	"28.00"	"40.57"	"Handicap"	"4"	"10"	"Nicholls, Mr Jack"	"Harrison, Gary"
"14:18:00"	"2024-06-17"	"Chepstow"	"Sky Dancer"	"80.00"	"175.69"	"Handicap"	"9"	"10"	"Tucker, Miss Amy"	"Evans, Mrs N S"
"18:15:00"	"2024-06-16"	"Thirsk"	"Fleur De Mer (IRE)"	"18.00"	"21.2"	"Handicap"	"14"	"15"	"Winn, Mark"	"Todhunter, M"
"17:15:00"	"2024-06-16"	"Thirsk"	"Dunstan (IRE)"	"16.00"	"21.07"	"Handicap"	"5"	"11"	"Norton, Francis"	"Dascombe, Tom"
"17:10:00"	"2024-06-16"	"Doncaster"	"Vanity Pays"	"14.00"	"16.85"	"Handicap"	"4"	"10"	"Dennis, Phil"	"Carroll, D"
"17:00:00"	"2024-06-16"	"Salisbury"	"God Of Fire (IRE)"	"4.50"	"6.4"	"Handicap"	"2"	"9"	"Osborne, Saffie"	"Kubler, Daniel"
"16:51:00"	"2024-06-16"	"Gowran Park"	"Thalara (IRE)"	"5.00"	"7.8"	"Maiden"	"1"	"16"	"Lee, W J"	"Bromhead, Henry De"
"14:55:00"	"2024-06-16"	"Salisbury"	"Vinaka (IRE)"	"11.00"	"13.5"	"Handicap"	"8"	"9"	"Hutchinson, Callum"	"Davis, D J S Ffrench"
"14:45:00"	"2024-06-16"	"Gowran Park"	"Mm Dragonfly (IRE)"	"5.00"	"7.11"	"Handicap"	"12"	"16"	"Lee, W J"	"Twomey, P"
"14:32:00"	"2024-06-16"	"Downpatrick"	"Divilskin (IRE)"	"2.50"	"3.64"	"Maiden Hurdle"	"3"	"11"	"Buckley, Kieran"	"Bowe, Colin"
"14:10:00"	"2024-06-16"	"Doncaster"	"Falcon"	"66.00"	"126.83"	"Handicap"	"9"	"9"	"Hardie, Cameron"	"Williams, Olly"
"19:00:00"	"2024-06-15"	"Hexham"	"Dinons (FR)"	"16.00"	"21.9"	"Handicap Hurdle"	"1"	"10"	"Nichol, Craig"	"Ellison, B"
"18:40:00"	"2024-06-15"	"Uttoxeter"	"Maska Du Morvan (FR)"	"25.00"	"50.73"	"Handicap Novices Chase"	"PU"	"9"	"Johns, Alan"	"Vaughan, Tim"
"18:30:00"	"2024-06-15"	"Hexham"	"Egality Mans (FR)"	"80.00"	"180"	"Handicap Hurdle"	"PU"	"9"	"Williamson, Joseph"	"Kirby, P A"
"18:00:00"	"2024-06-15"	"Hexham"	"Auld Toon Loon (IRE)"	"10.00"	"13.81"	"Novices Hurdle"	"7"	"14"	"Fox, Derek R"	"Russell, Miss Lucinda V"
"18:00:00"	"2024-06-15"	"Hexham"	"What A Flirth (IRE)"	"25.00"	"56.79"	"Novices Hurdle"	"9"	"14"	"Durrell, Mr T"	"Skelton, Daniel"
"17:40:00"	"2024-06-15"	"Uttoxeter"	"Valsad (IRE)"	"0.36"	"1.37"	"Novices Hurdle"	"1"	"10"	"Obrien, P V"	"Derham, Harry"
"17:27:00"	"2024-06-15"	"Hexham"	"Muroor"	"80.00"	"150.18"	"Handicap Chase"	"3"	"13"	"Austin, Edward"	"Burns, Hugh"
"17:27:00"	"2024-06-15"	"Hexham"	"Macavity"	"10.00"	"13"	"Handicap Chase"	"6"	"13"	"Reed, Harry"	"Davidson, Tristan"
"17:15:00"	"2024-06-15"	"Bath"	"Havana Goldrush"	"8.50"	"10.75"	"Handicap"	"5"	"10"	"Cox, William"	"Flint, J L"
"17:07:00"	"2024-06-15"	"Uttoxeter"	"Near Dark (IRE)"	"10.00"	"12.21"	"Novices Hurdle"	"3"	"9"	"Twiston-Davies, Sam"	"Daly, H D"
"17:04:00"	"2024-06-15"	"Chester"	"Grey Fable (IRE)"	"6.50"	"8"	"Handicap"	"2"	"9"	"Dawson, R"	"Thornton, Karl"
"17:04:00"	"2024-06-15"	"Chester"	"Rocha Do Leao (IRE)"	"9.00"	"11.97"	"Handicap"	"9"	"9"	"Shepherd, Callum"	"Jones, Jack"
"16:45:00"	"2024-06-15"	"York"	"John Chard Vc"	"25.00"	"32"	"Handicap"	"10"	"14"	"Crouch, Hector"	"Fell, R / Murray, S"
"16:35:00"	"2024-06-15"	"Downpatrick"	"Wee Jerry (IRE)"	"5.50"	"6.09"	"Handicap Chase"	"6"	"13"	"Monaghan, Caragh"	"Donoghue, Ian"
"16:17:00"	"2024-06-15"	"Hexham"	"Scattercash (IRE)"	"50.00"	"98.21"	"Handicap Hurdle"	"9"	"10"	"Smith-Chaston, Emma"	"Cameron, S"
"16:05:00"	"2024-06-15"	"Bath"	"Surfer Dude (IRE)"	"12.00"	"17.82"	"Handicap"	"5"	"7"	"Farragher, Adam J"	"Sangster, Ollie"
"16:05:00"	"2024-06-15"	"Bath"	"Cochin"	"50.00"	"73.83"	"Handicap"	"6"	"7"	"Hutchinson, Callum"	"Hawker, Richard"
"15:35:00"	"2024-06-15"	"York"	"Cover Point"	"50.00"	"105.79"	"Handicap"	"12"	"17"	"James, S H"	"Camacho, Miss J A"
"15:25:00"	"2024-06-15"	"Downpatrick"	"Benny Silver (IRE)"	"3.00"	"4.15"	"Handicap Chase"	"3"	"11"	"Walsh, E"	"Donoghue, Ian"
"14:50:00"	"2024-06-15"	"Downpatrick"	"Mastermind (IRE)"	"33.00"	"61.72"	"Handicap Hurdle"	"6"	"15"	"Shanahan, Mr L P"	"Fleming, A"
"14:25:00"	"2024-06-15"	"York"	"Yermanthere (IRE)"	"33.00"	"55.25"	"Handicap"	"12"	"17"	"Dennis, Phil"	"Easterby, T D"
"14:25:00"	"2024-06-15"	"York"	"Austrian Theory (IRE)"	"80.00"	"204.05"	"Handicap"	"13"	"17"	"Murtagh, Connor"	"Easterby, T D"
"14:15:00"	"2024-06-15"	"Downpatrick"	"Moneynabane (IRE)"	"3.33"	"4.5"	"Handicap Hurdle"	"9"	"14"	"Dunne, Mr J"	"Donoghue, Ian"
"13:45:00"	"2024-06-15"	"Bath"	"Kiss My Face"	"4.00"	"6.06"	"Handicap"	"6"	"8"	"Doughty, Jack"	"Ralph, Alastair"
"13:40:00"	"2024-06-15"	"Downpatrick"	"Petrol Head (IRE)"	"3.50"	"5.26"	"Handicap Hurdle"	"1"	"10"	"OCallaghan, Shane"	"Brown, Miss Katy"
"13:05:00"	"2024-06-15"	"Downpatrick"	"Tell Me This (IRE)"	"20.00"	"21"	"Maiden Hurdle"	"5"	"13"	"Harney, T P"	"OSullivan, Ross"
"13:05:00"	"2024-06-15"	"Downpatrick"	"Thecornerbar (IRE)"	"200.00"	"1000"	"Maiden Hurdle"	"12"	"13"	"McConville, Mr D J"	"Watson, R K"
"20:30:00"	"2024-06-14"	"Fairyhouse"	"Thefullbackline"	"12.00"	"15.6"	"Handicap"	"3"	"15"	"McDonogh, D P"	"Fahey, Mark"
"20:00:00"	"2024-06-14"	"Fairyhouse"	"Ossies Lodge (IRE)"	"5.50"	"8.14"	"Maiden"	"4"	"13"	"King, D"	"OLeary, Mrs C"
"19:55:00"	"2024-06-14"	"Newton Abbot"	"Grove Road (IRE)"	"6.00"	"7.75"	"Handicap Hurdle"	"4"	"12"	"Chadwick, Alex"	"Owen, J P"
"19:25:00"	"2024-06-14"	"Fairyhouse"	"Joe Masseria (IRE)"	"11.00"	"24.13"	"Handicap"	"8"	"18"	"OConnor, Donagh"	"McGuigan, H D"
"19:25:00"	"2024-06-14"	"Fairyhouse"	"Nemean (USA)"	"66.00"	"120.21"	"Handicap"	"12"	"18"	"Ryan, J J G"	"OLeary, Mrs C"
"19:25:00"	"2024-06-14"	"Fairyhouse"	"Dubai Leader"	"40.00"	"90"	"Handicap"	"14"	"18"	"McCullagh, N G"	"Kinsella, Donal"
"19:25:00"	"2024-06-14"	"Fairyhouse"	"Nibiru (IRE)"	"14.00"	"17.5"	"Handicap"	"17"	"18"	"King, D"	"OLeary, Mrs C"
"19:25:00"	"2024-06-14"	"Fairyhouse"	"Golden Reel (IRE)"	"80.00"	"201.64"	"Handicap"	"18"	"18"	"MacRedmond, Cian"	"ODwyer, Conor"
"18:15:00"	"2024-06-14"	"Fairyhouse"	"Wayside Lady (IRE)"	"33.00"	"75"	"Handicap"	"13"	"17"	"Horgan, C"	"ODwyer, Conor"
"18:15:00"	"2024-06-14"	"Fairyhouse"	"Hernes Hill"	"20.00"	"23.98"	"Handicap"	"14"	"17"	"Maxwell, C D"	"Donoghue, Ian"
"18:10:00"	"2024-06-14"	"Newton Abbot"	"Limpertinent (FR)"	"18.00"	"29.76"	"Handicap Chase"	"PU"	"6"	"Armson, Philip"	"Dunn, Mrs Alex"
"18:05:00"	"2024-06-14"	"Goodwood"	"Fram Castle (IRE)"	"7.00"	"8.78"	"Handicap"	"10"	"13"	"Egan, John"	"Horton, James"
"17:58:00"	"2024-06-14"	"Cork"	"Ostraka (IRE)"	"8.00"	"11"	"Handicap"	"2"	"8"	"McMonagle, Dylan B"	"Murphy, Daniel"
"17:50:00"	"2024-06-14"	"Market Rasen"	"Kalkaroo (IRE)"	"18.00"	"22.99"	"Hurdle"	"3"	"12"	"Sheehan, Gavin"	"Aprahamian, Billy"
"17:50:00"	"2024-06-14"	"Market Rasen"	"Happy Place (IRE)"	"3.50"	"4.93"	"Hurdle"	"6"	"12"	"Skelton, Harry"	"Skelton, Daniel"
"17:50:00"	"2024-06-14"	"Market Rasen"	"Scotties Sister (GER)"	"33.00"	"52.68"	"Hurdle"	"7"	"12"	"Twiston-Davies, Sam"	"Twiston-Davies, N A"
"17:10:00"	"2024-06-14"	"Chester"	"Native King"	"8.50"	"11.57"	"Handicap"	"1"	"11"	"Mulrennan, Paul"	"Palmer, Hugo"
"16:10:00"	"2024-06-14"	"York"	"Masekela (IRE)"	"80.00"	"189.07"	"Handicap"	"17"	"17"	"Fentiman, Duran"	"Easterby, T D"
"16:00:00"	"2024-06-14"	"Chester"	"Wyvern"	"25.00"	"34"	"Handicap"	"10"	"10"	"Mulrennan, Paul"	"Morris, Patrick"
"15:15:00"	"2024-06-14"	"Sandown"	"Mapogo"	"150.00"	"320"	"Handicap"	"10"	"10"	"Keeley, Aidan"	"Pattinson, Mark"
"14:15:00"	"2024-06-14"	"Chester"	"Judge Frank (IRE)"	"100.00"	"298.26"	"Handicap"	"11"	"12"	"Hornby, Rob"	"Williams, Christian"
"13:40:00"	"2024-06-14"	"Chester"	"Maxi Boy"	"20.00"	"22.44"	"Handicap"	"5"	"8"	"Birkett, Mr R"	"Mcsharry, Fionn"
"19:55:00"	"2024-06-13"	"Worcester"	"Rockys Glory"	"80.00"	"301.16"	"Maiden Hurdle"	"9"	"10"	"Bellamy, Tom"	"Jeffreys, D J"
"19:25:00"	"2024-06-13"	"Worcester"	"Coltor (IRE)"	"22.00"	"23.52"	"Handicap Hurdle"	"7"	"10"	"Tudor, Jack"	"Pipe, D E"
"17:50:00"	"2024-06-13"	"Worcester"	"Bari Breeze (IRE)"	"18.00"	"20.35"	"Handicap Novices Chase"	"PU"	"9"	"Cobden, Harry"	"Dickin, Harriet"
"17:05:00"	"2024-06-13"	"Newbury"	"Crows Nest (IRE)"	"50.00"	"83.48"	"Handicap"	"12"	"12"	"Cosgrave, Pat"	"Baker, George"
"16:40:00"	"2024-06-13"	"Yarmouth"	"Mehigburn (IRE)"	"16.00"	"20"	"Non-Handicap"	"2"	"9"	"Loughnane, Mr Billy"	"Butler, John"
"16:20:00"	"2024-06-13"	"Nottingham"	"Lipsink (IRE)"	"16.00"	"17.49"	"Handicap"	"1"	"12"	"Rawlinson, Ali"	"Appleby, M"
"15:25:00"	"2024-06-13"	"Newbury"	"Jackson Street (IRE)"	"22.00"	"23.75"	"Handicap"	"6"	"10"	"Clutterbuck, Rhys"	"Cunha, Dylan"
"14:40:00"	"2024-06-13"	"Nottingham"	"Woof (IRE)"	"150.00"	"623.16"	"Maiden"	"8"	"10"	"Mitchell, Jack"	"Rimell, M G"
"14:30:00"	"2024-06-13"	"Yarmouth"	"Ravensbourne"	"12.00"	"12.87"	"Novices"	"5"	"6"	"Woods, Sorcha"	"Murphy, Mike"
"20:30:00"	"2024-06-12"	"Limerick"	"Cerberus"	"16.00"	"22.98"	"Handicap"	"7"	"16"	"Murphy, Mr K A"	"Hayes, John G"
"17:30:00"	"2024-06-12"	"Limerick"	"Magnetic North (IRE)"	"10.00"	"12.61"	"Claimer"	"3"	"11"	"Foley, Shane"	"Donoghue, Ian"
"17:18:00"	"2024-06-12"	"Fontwell"	"Tip Top Tonto (IRE)"	"9.00"	"10.23"	"Handicap Hurdle"	"PU"	"9"	"Tudor, Jack"	"Flint, J L"
"16:43:00"	"2024-06-12"	"Fontwell"	"Nadim (IRE)"	"7.50"	"10.5"	"Handicap Hurdle"	"3"	"10"	"Harris, Bradley"	"Hosie, Syd"
"14:43:00"	"2024-06-12"	"Fontwell"	"Presenting Yeats (IRE)"	"50.00"	"72.53"	"Handicap Hurdle"	"6"	"6"	"Best, J A"	"Hawker, Richard"
"14:13:00"	"2024-06-12"	"Fontwell"	"Planxty"	"250.00"	"990.71"	"Novices Hurdle"	"PU"	"6"	"Goldstein, Marc"	"Grissell, Mrs D M"
"14:13:00"	"2024-06-12"	"Fontwell"	"Highway Hero"	"150.00"	"623.93"	"Novices Hurdle"	"PU"	"6"	"Worsley, Tabitha"	"Steele, Daniel"
"19:45:00"	"2024-06-11"	"Sligo"	"Coastal World (FR)"	"100.00"	"204.99"	"Handicap Hurdle"	"PU"	"12"	"McCrory, Mr M E"	"Kelly, Noel C"
"19:15:00"	"2024-06-11"	"Sligo"	"Fairytale New York (IRE)"	"33.00"	"49.32"	"Handicap Hurdle"	"UR"	"13"	"Sexton, K C"	"OLeary, Mrs C"
"18:45:00"	"2024-06-11"	"Sligo"	"Belgoprince (FR)"	"5.50"	"7.2"	"Handicap Hurdle"	"2"	"12"	"Buckley, Kieran"	"OLeary, Mrs C"
"17:45:00"	"2024-06-11"	"Sligo"	"Zarvero (IRE)"	"125.00"	"300"	"Maiden Hurdle"	"9"	"12"	"OBrien, P M"	"Dreaper, Tom"
"16:45:00"	"2024-06-11"	"Sligo"	"Flaming Moon (IRE)"	"16.00"	"26.25"	"Claimer Hurdle"	"8"	"12"	"Smithers, P T"	"Flood, Peter"
"16:37:00"	"2024-06-11"	"Salisbury"	"Pagan Sun (FR)"	"12.00"	"18.99"	"Maiden"	"6"	"11"	"Muscutt, D"	"Woods, S P C"
"16:20:00"	"2024-06-11"	"Southwell"	"No Promises (IRE)"	"125.00"	"192.89"	"Maiden Hurdle"	"PU"	"14"	"Poste, Ben J"	"Cameron, S"
"16:07:00"	"2024-06-11"	"Salisbury"	"Happy Chandler"	"28.00"	"46.52"	"Novices"	"6"	"11"	"Hornby, Rob"	"Blake, Michael"
"15:50:00"	"2024-06-11"	"Southwell"	"City Of Ruins"	"33.00"	"39.86"	"Handicap Novices Hurdle"	"3"	"13"	"Edwards, Huw"	"Edwards, Simon"
"15:50:00"	"2024-06-11"	"Southwell"	"Montys Rock (IRE)"	"50.00"	"90"	"Handicap Novices Hurdle"	"PU"	"13"	"Hamilton, Jamie"	"Hogarth, H P"
"19:30:00"	"2024-06-10"	"Pontefract"	"Ginistrelli (IRE)"	"125.00"	"276.96"	"Handicap"	"2"	"6"	"Cole, Morgan"	"Dickin, Harriet"
"19:30:00"	"2024-06-10"	"Pontefract"	"Cabrakan (IRE)"	"50.00"	"83.33"	"Handicap"	"5"	"6"	"Gray, S A"	"Dickin, Harriet"
"18:48:00"	"2024-06-10"	"Roscommon"	"Dakota Chief (IRE)"	"16.00"	"30"	"Maiden Hurdle"	"11"	"16"	"Condon, R J"	"Lyons, Louise"
"17:48:00"	"2024-06-10"	"Roscommon"	"Paidis Passion (IRE)"	"9.00"	"12"	"Handicap Chase"	"1"	"16"	"Sexton, K C"	"Flynn, Paul W"
"16:20:00"	"2024-06-10"	"Carlisle"	"Drafted (IRE)"	"25.00"	"30.54"	"Handicap"	"6"	"10"	"Mulrennan, Paul"	"Brooke, Daniel"
"15:35:00"	"2024-06-10"	"Lingfield"	"Beautiful Crown"	"2.25"	"3.58"	"Handicap"	"1"	"9"	"Hogan, D E"	"Jones, Jack"
"15:35:00"	"2024-06-10"	"Lingfield"	"Roger Henry (IRE)"	"4.50"	"6.6"	"Handicap"	"6"	"9"	"Osborne, Saffie"	"Kelleway, Miss Gay"
"15:35:00"	"2024-06-10"	"Lingfield"	"Violets Star"	"50.00"	"85.79"	"Handicap"	"9"	"9"	"Loughnane, Mr Billy"	"Carter, Lee"
"15:05:00"	"2024-06-10"	"Lingfield"	"Delta Legend (IRE)"	"6.00"	"8"	"Handicap"	"1"	"10"	"Osborne, Saffie"	"Kelleway, Miss Gay"
"16:40:00"	"2024-06-09"	"Punchestown"	"Everglow"	"66.00"	"160"	"Handicap Hurdle"	"3"	"13"	"Buckley, Kieran"	"Donoghue, Ian"
"16:17:00"	"2024-06-09"	"Perth"	"General Probus"	"12.00"	"16.5"	"Handicap Chase"	"PU"	"11"	"Dunne, R T"	"Williams, Christian"
"14:32:00"	"2024-06-09"	"Perth"	"Burgundy Man (FR)"	"40.00"	"50"	"Handicap Hurdle"	"7"	"11"	"Smith, Ben"	"Smith, R Michael"
"14:10:00"	"2024-06-09"	"Goodwood"	"Sir Winston (IRE)"	"22.00"	"29.08"	"Handicap"	"7"	"8"	"Cosgrave, Pat"	"Baker, George"
"13:10:00"	"2024-06-09"	"Punchestown"	"Queen Nel (IRE)"	"40.00"	"100.03"	"Hurdle"	"4"	"7"	"Walsh, E"	"Delany, E D"
"20:15:00"	"2024-06-08"	"Lingfield"	"Revolutionary Man (IRE)"	"22.00"	"34"	"Handicap"	"PU"	"15"	"Peate, Jonny"	"Wintle, A"
"19:30:00"	"2024-06-08"	"Chepstow"	"Vaunted"	"14.00"	"17.39"	"Handicap"	"6"	"10"	"Loughnane, Mr Billy"	"Wintle, A"
"19:30:00"	"2024-06-08"	"Chepstow"	"Porterinthejungle (IRE)"	"18.00"	"23"	"Handicap"	"10"	"10"	"Lewis, Miss Zoe"	"Faulkner, Ms D C"
"17:27:00"	"2024-06-08"	"Punchestown"	"Ballysax Hank (IRE)"	"20.00"	"20.85"	"NH Flat"	"5"	"20"	"Millar, Mr C P"	"Duke, B W"
"17:27:00"	"2024-06-08"	"Punchestown"	"Solsbury Hill (IRE)"	"12.00"	"18.18"	"NH Flat"	"8"	"20"	"Swan, H C"	"ODwyer, Conor"
"17:15:00"	"2024-06-08"	"Navan"	"La Dame Blanche (IRE)"	"20.00"	"32.11"	"Handicap"	"2"	"22"	"Halpin, G P"	"Ross, W"
"17:15:00"	"2024-06-08"	"Navan"	"Susiesparkle (IRE)"	"28.00"	"50"	"Handicap"	"14"	"22"	"Lee, W J"	"Broad, D"
"16:35:00"	"2024-06-08"	"Bangor"	"Smurfette"	"14.00"	"16.16"	"Handicap Chase"	"5"	"10"	"Andrews, Jack"	"Ellis, T"
"16:17:00"	"2024-06-08"	"Punchestown"	"Gaelic Des Chastys (FR)"	"10.00"	"13.28"	"Handicap Hurdle"	"1"	"18"	"McNamara, Conor"	"McNamara, E"
"16:17:00"	"2024-06-08"	"Punchestown"	"Mademewhatiam"	"11.00"	"16.21"	"Handicap Hurdle"	"15"	"18"	"Stone-Walsh, C"	"Nolan, Paul"
"16:17:00"	"2024-06-08"	"Punchestown"	"Internet Biddy (IRE)"	"66.00"	"210"	"Handicap Hurdle"	"PU"	"18"	"OConnor, M P"	"Aherne, Sean"
"15:50:00"	"2024-06-08"	"Beverley"	"Tio Mio (IRE)"	"66.00"	"110"	"Handicap"	"7"	"7"	"Hardie, Cameron"	"Chapman, M C"
"15:42:00"	"2024-06-08"	"Punchestown"	"Qasbaz (IRE)"	"50.00"	"123.83"	"Maiden Hurdle"	"16"	"22"	"Walsh, E"	"Donoghue, Ian"
"15:25:00"	"2024-06-08"	"Bangor"	"Top Speed (IRE)"	"20.00"	"22.91"	"Handicap Novices Chase"	"7"	"7"	"Sheehan, Gavin"	"Snowden, Jamie"
"15:07:00"	"2024-06-08"	"Punchestown"	"Eagles Way"	"3.33"	"4.82"	"Maiden Hurdle"	"6"	"22"	"Brown, O R"	"Durkan, William"
"15:07:00"	"2024-06-08"	"Punchestown"	"Gilded Moon"	"200.00"	"855.53"	"Maiden Hurdle"	"13"	"22"	"Smithers, C D"	"Fleming, A"
"15:07:00"	"2024-06-08"	"Punchestown"	"Kincade (IRE)"	"66.00"	"176.3"	"Maiden Hurdle"	"19"	"22"	"Harvey, A"	"McConnell, John C"
"14:50:00"	"2024-06-08"	"Bangor"	"Superbolt (IRE)"	"12.00"	"13.91"	"Handicap Hurdle"	"6"	"9"	"King, D"	"OLeary, Mrs C"
"14:32:00"	"2024-06-08"	"Punchestown"	"Thehairyfella (IRE)"	"4.00"	"7.29"	"Handicap Chase"	"3"	"13"	"Coen, J"	"Elliott, Gordon"
"14:32:00"	"2024-06-08"	"Punchestown"	"Squire Ohara (IRE)"	"9.00"	"11.6"	"Handicap Chase"	"PU"	"13"	"Sexton, K C"	"OLeary, Mrs C"
"14:25:00"	"2024-06-08"	"Haydock"	"Max Mayhem"	"14.00"	"19.82"	"Handicap"	"6"	"8"	"Sayette, B D L"	"Kobeissi, Hilal"
"14:15:00"	"2024-06-08"	"Bangor"	"Rebellious Gale (IRE)"	"8.00"	"9.45"	"Handicap Chase"	"3"	"10"	"King, D"	"OLeary, Mrs C"
"13:40:00"	"2024-06-08"	"Bangor"	"Grandpas Folly"	"100.00"	"409.66"	"Novices Hurdle"	"6"	"14"	"Brogan, Kevin"	"Horsfall, Miss L"
"20:38:00"	"2024-06-07"	"Haydock"	"Kings School"	"22.00"	"36"	"Handicap"	"5"	"6"	"Marquand, Tom"	"Tutty, Gemma"
"20:25:00"	"2024-06-07"	"Bath"	"Oceana Orange"	"66.00"	"87.95"	"Handicap"	"7"	"10"	"Whelan, Trevor"	"West, Adam"
"20:17:00"	"2024-06-07"	"Fairyhouse"	"Chutzpal (IRE)"	"3.00"	"4.2"	"Handicap"	"4"	"16"	"Lee, W J"	"Bromhead, Henry De"
"19:42:00"	"2024-06-07"	"Fairyhouse"	"Party Moon (GER)"	"16.00"	"21.8"	"Handicap"	"5"	"13"	"Sheridan, J M"	"McLoughlin, D A"
"18:58:00"	"2024-06-07"	"Haydock"	"The Cruising Lord"	"12.00"	"16.82"	"Handicap"	"8"	"10"	"Dawson, R"	"Fell, R / Murray, S"
"18:35:00"	"2024-06-07"	"Goodwood"	"Iffraaj Queen"	"150.00"	"335.59"	"Novices"	"11"	"12"	"Doughty, Jack"	"Carroll, A W"
"17:50:00"	"2024-06-07"	"Clonmel"	"Marvel Fan (FR)"	"12.00"	"16.22"	"Handicap Chase"	"3"	"9"	"Millar, Mr C P"	"OLeary, Mrs C"
"17:28:00"	"2024-06-07"	"Haydock"	"Sisterandbrother"	"2.50"	"3.85"	"Handicap"	"1"	"12"	"Germany, Stephanie"	"Frost, Kevin"
"17:28:00"	"2024-06-07"	"Haydock"	"Rose Light"	"22.00"	"28.75"	"Handicap"	"7"	"12"	"Hillhouse, Cameron"	"Forbes, A L"
"17:28:00"	"2024-06-07"	"Haydock"	"Bloodhound (IRE)"	"16.00"	"24"	"Handicap"	"12"	"12"	"Jordan, Megan"	"Wintle, A"
"17:10:00"	"2024-06-07"	"Fairyhouse"	"Call Henry"	"80.00"	"190.93"	"Non-Handicap"	"6"	"7"	"Whearty, R"	"Ross, W"
"16:50:00"	"2024-06-07"	"Market Rasen"	"Right Now (IRE)"	"20.00"	"27.46"	"Handicap Hurdle"	"1"	"13"	"Moscrop, Nathan"	"Menzies, Rebecca"
"16:50:00"	"2024-06-07"	"Market Rasen"	"Ingleby Mackenzie"	"7.00"	"9.04"	"Handicap Hurdle"	"5"	"13"	"Hughes, Brian"	"Ewart, J P L"
"16:50:00"	"2024-06-07"	"Market Rasen"	"Sarceaux (FR)"	"20.00"	"38.03"	"Handicap Hurdle"	"RR"	"13"	"Anderson, Mr A"	"Wainwright, J S"
"16:20:00"	"2024-06-07"	"Market Rasen"	"Uncle Mac (IRE)"	"28.00"	"37.34"	"Handicap Novices Chase"	"5"	"8"	"Austin, Edward"	"Burns, Hugh"
"15:48:00"	"2024-06-07"	"Market Rasen"	"Everyonesgame (IRE)"	"16.00"	"21.1"	"Handicap Hurdle"	"8"	"11"	"Bellamy, Tom"	"Lavelle, Miss E C"
"15:30:00"	"2024-06-07"	"Brighton"	"Duke Of Vienna (USA)"	"7.50"	"10.24"	"Non-Handicap"	"5"	"9"	"Queally, T P"	"Moore, Gary and Josh"
"15:30:00"	"2024-06-07"	"Brighton"	"Hellavaheart"	"28.00"	"33.11"	"Non-Handicap"	"7"	"9"	"Sousa, Silvestre De"	"Ingram, R"
"14:00:00"	"2024-06-07"	"Brighton"	"Bishops Glory (IRE)"	"12.00"	"11.24"	"Handicap"	"4"	"4"	"Sanderson, Benjamin"	"Moore, Gary and Josh"
"13:48:00"	"2024-06-07"	"Market Rasen"	"Brave Jen"	"5.00"	"9.09"	"Maiden Hurdle"	"4"	"12"	"Andrews, Jack"	"Ellis, T"
"20:15:00"	"2024-06-06"	"Chelmsford City"	"Yasmina"	"66.00"	"83.13"	"Handicap"	"7"	"8"	"Keeley, Aidan"	"Irvine, Andy"
"20:00:00"	"2024-06-06"	"Leopardstown"	"Dark Blue Diamond (IRE)"	"40.00"	"76.83"	"Handicap"	"11"	"18"	"Rutledge, Siobhan"	"McConnell, John C"
"20:00:00"	"2024-06-06"	"Leopardstown"	"Pomeriggio (IRE)"	"10.00"	"13.24"	"Handicap"	"14"	"18"	"McMonagle, Dylan B"	"Fahey, Peter"
"19:45:00"	"2024-06-06"	"Chelmsford City"	"Diamond Ranger (IRE)"	"16.00"	"20.52"	"Handicap"	"5"	"7"	"Osborne, Saffie"	"Osborne, J A"
"19:15:00"	"2024-06-06"	"Chelmsford City"	"Chelsea Flower"	"200.00"	"468.04"	"Novices"	"9"	"12"	"Bowen, S D"	"Owen, J P"
"18:30:00"	"2024-06-06"	"Leopardstown"	"Cairo (IRE)"	"6.50"	"8.4"	"Non-Handicap"	"2"	"8"	"ONeill, K T"	"Haynes, Alice"
"18:15:00"	"2024-06-06"	"Chelmsford City"	"Onemore Twomore"	"50.00"	"85"	"Handicap"	"12"	"13"	"Ghiani, Marco"	"Furtado, Ivan"
"18:00:00"	"2024-06-06"	"Leopardstown"	"Firstman (FR)"	"20.00"	"25.84"	"Handicap"	"10"	"10"	"King, D"	"OLeary, Mrs C"
"17:05:00"	"2024-06-06"	"Hamilton"	"Executive Pool"	"4.50"	"5.75"	"Handicap"	"8"	"9"	"Orr, Oisin"	"Menzies, Rebecca"
"16:18:00"	"2024-06-06"	"Uttoxeter"	"Column Of Fire (IRE)"	"125.00"	"512.16"	"Handicap Hurdle"	"PU"	"8"	"Edwards, Huw"	"Edwards, Simon"
"16:18:00"	"2024-06-06"	"Uttoxeter"	"Calagogo (IRE)"	"125.00"	"285.5"	"Handicap Hurdle"	"PU"	"8"	"Martin, James"	"Allen, S G"
"14:55:00"	"2024-06-06"	"Hamilton"	"Back Tomorrow"	"40.00"	"89.83"	"Handicap"	"8"	"11"	"Hart, Jason"	"Whillans, Ewan"
"14:13:00"	"2024-06-06"	"Uttoxeter"	"The Brickey Ranger (IRE)"	"8.50"	"11.5"	"Novices Hurdle"	"6"	"9"	"Scholfield, Nick"	"Potter, R D"
"20:30:00"	"2024-06-05"	"Curragh"	"Blame Thechampagne (IRE)"	"40.00"	"106.47"	"Handicap"	"13"	"13"	"MacRedmond, Cian"	"McGuinness, Adrian"
"20:15:00"	"2024-06-05"	"Kempton"	"Gooloogong (IRE)"	"40.00"	"69.68"	"Handicap"	"8"	"8"	"Cosgrave, Pat"	"Baker, George"
"19:30:00"	"2024-06-05"	"Curragh"	"Blue Balle"	"66.00"	"98.25"	"Maiden"	"6"	"18"	"Whelan, R P"	"Ross, W"
"18:10:00"	"2024-06-05"	"Kempton"	"Castle Peak (USA)"	"66.00"	"116.5"	"Novices"	"7"	"12"	"Callan, N"	"Baker, George"
"16:57:00"	"2024-06-05"	"Nottingham"	"Far Horizon (IRE)"	"20.00"	"25"	"Handicap"	"8"	"9"	"Keeley, Aidan"	"Longsdon, C E"
"16:27:00"	"2024-06-05"	"Nottingham"	"Baynoona (IRE)"	"12.00"	"16"	"Handicap"	"9"	"9"	"Doyle, James"	"Charlton, Roger/Harry"
"16:10:00"	"2024-06-05"	"Newton Abbot"	"Cillians Charm (IRE)"	"8.50"	"12.69"	"Handicap Hurdle"	"10"	"11"	"OShea, Mr C P"	"Owen, J P"
"14:40:00"	"2024-06-05"	"Newton Abbot"	"Victoria Line (IRE)"	"40.00"	"58.32"	"Novices Hurdle"	"3"	"9"	"Davies, James"	"Down, C J"
"14:40:00"	"2024-06-05"	"Newton Abbot"	"Go Johnny Go (IRE)"	"9.00"	"19.65"	"Novices Hurdle"	"PU"	"9"	"Godfrey, Ben"	"Woollacott, Mrs Kayley"
"20:45:00"	"2024-06-04"	"Lingfield"	"Barneys Gift (FR)"	"5.00"	"7.6"	"Non-Handicap"	"8"	"11"	"Doyle, Hollie"	"Faulkner, Ms D C"
"20:15:00"	"2024-06-04"	"Lingfield"	"Blacklion (IRE)"	"2.00"	"3.57"	"Handicap"	"7"	"10"	"Osborne, Saffie"	"Baker, George"
"18:30:00"	"2024-06-04"	"Wolverhampton"	"Sams Hope"	"25.00"	"39.33"	"Handicap"	"7"	"8"	"Kelly, Shane"	"Carroll, A W"
"18:00:00"	"2024-06-04"	"Wolverhampton"	"Dillydingdillydong"	"11.00"	"15"	"Handicap"	"5"	"12"	"Keeley, Aidan"	"Owen, J P"
"16:38:00"	"2024-06-04"	"Leicester"	"Mother Mary (IRE)"	"5.50"	"6.45"	"Handicap"	"4"	"7"	"Jones, Ethan"	"Hughes, Richard"
"16:20:00"	"2024-06-04"	"Southwell"	"Timetotalk (IRE)"	"50.00"	"98.05"	"Maiden Hurdle"	"3"	"11"	"Moscrop, Nathan"	"Mcsharry, Fionn"
"16:20:00"	"2024-06-04"	"Southwell"	"Traditude Tara (IRE)"	"18.00"	"52.93"	"Maiden Hurdle"	"7"	"11"	"Bowen, James C"	"Bowen, Peter / Michael"
"21:00:00"	"2024-06-03"	"Wetherby"	"Ninety Nine (IRE)"	"12.00"	"15.25"	"Handicap"	"9"	"10"	"Brookes, Aiden"	"Wainwright, J S"
"20:30:00"	"2024-06-03"	"Wetherby"	"Tango Man"	"10.00"	"16.48"	"Handicap"	"3"	"16"	"Egan, David"	"Boughey, George"
"20:30:00"	"2024-06-03"	"Wetherby"	"Eeetee (IRE)"	"33.00"	"53.07"	"Handicap"	"6"	"16"	"Winn, Mark"	"Wainwright, J S"
"20:30:00"	"2024-06-03"	"Wetherby"	"Desert Emperor"	"40.00"	"75"	"Handicap"	"8"	"16"	"Eaves, Tom"	"Easterby, M W"
"17:20:00"	"2024-06-03"	"Listowel"	"Mazyad (IRE)"	"0.91"	"1.96"	"NH Flat"	"2"	"8"	"Gleeson, Mr J L"	"OBrien, Joseph Patrick"
"17:10:00"	"2024-06-03"	"Windsor"	"Noisy Music (IRE)"	"2.00"	"3.21"	"Handicap"	"1"	"8"	"Ryan, Rossa"	"Appleby, M"
"16:50:00"	"2024-06-03"	"Listowel"	"Jeremy Pass (IRE)"	"8.00"	"13.37"	"Hunters Chase"	"1"	"15"	"King, Mr P A"	"Curling, S"
"16:20:00"	"2024-06-03"	"Listowel"	"Visionarian (IRE)"	"7.00"	"9.7"	"Chase"	"PU"	"7"	"Donoghue, K M"	"Cromwell, Gavin Patrick"
"15:45:00"	"2024-06-03"	"Ayr"	"Savrola (IRE)"	"16.00"	"21.64"	"Handicap"	"4"	"10"	"Mulrennan, Paul"	"Sayer, Mrs Dianne"
"15:00:00"	"2024-06-03"	"Brighton"	"Big Time Rascal"	"22.00"	"26.3"	"Maiden"	"2"	"6"	"Sayette, B D L"	"Cole, P F I"
"14:50:00"	"2024-06-03"	"Listowel"	"Frankendael"	"28.00"	"48"	"Maiden Hurdle"	"6"	"16"	"McNamara, Conor"	"McNamara, E"
"14:50:00"	"2024-06-03"	"Listowel"	"Florida Strait (IRE)"	"80.00"	"310"	"Maiden Hurdle"	"15"	"16"	"Flanagan, S W"	"Kelly, David Harry"
"14:35:00"	"2024-06-03"	"Gowran Park"	"Law Lady (IRE)"	"40.00"	"110"	"Handicap"	"14"	"14"	"Ryan, A C"	"Griffin, Eoin"
"17:20:00"	"2024-06-02"	"Listowel"	"Pro Bono (IRE)"	"150.00"	"696.87"	"Non-Handicap"	"8"	"10"	"Peyroles, Sara"	"ODwyer, Conor"
"16:50:00"	"2024-06-02"	"Listowel"	"Dancing Cloud (IRE)"	"25.00"	"42"	"Handicap"	"6"	"13"	"Ryan, Gavin"	"McCarthy, Eoin Christopher"
"16:50:00"	"2024-06-02"	"Listowel"	"Corky (IRE)"	"28.00"	"43.02"	"Handicap"	"13"	"13"	"Joyce, Wesley"	"OMeara, Michael W"
"16:45:00"	"2024-06-02"	"Fakenham"	"Complete Fantasy (IRE)"	"33.00"	"45.84"	"Handicap Hurdle"	"8"	"9"	"Gale, Miss Elizabeth"	"Honour, Chris"
"16:40:00"	"2024-06-02"	"Hamilton"	"Wickywickywheels (IRE)"	"28.00"	"40"	"Handicap"	"9"	"12"	"Orr, Oisin"	"Russell, Miss Lucinda V"
"16:20:00"	"2024-06-02"	"Listowel"	"The Blue Panther (IRE)"	"14.00"	"17"	"Handicap"	"1"	"14"	"Roche, L F"	"Lynch, Miss Jennifer Anne"
"16:20:00"	"2024-06-02"	"Listowel"	"Lauroline"	"5.50"	"7.72"	"Handicap"	"3"	"14"	"Keane, C T"	"Flynn, Paul W"
"16:20:00"	"2024-06-02"	"Listowel"	"Wyckham B"	"66.00"	"144.39"	"Handicap"	"13"	"14"	"Persse, A C"	"McCreery, Peter"
"16:15:00"	"2024-06-02"	"Fakenham"	"Ingennio (FR)"	"10.00"	"14.04"	"Handicap Chase"	"5"	"8"	"Hughes, Brian"	"Hammond, Micky"
"15:50:00"	"2024-06-02"	"Listowel"	"Susie Wosie (IRE)"	"80.00"	"150"	"Handicap"	"11"	"13"	"Joyce, Wesley"	"Murray, J G"
"15:50:00"	"2024-06-02"	"Listowel"	"Zentopia (IRE)"	"66.00"	"99.8"	"Handicap"	"12"	"13"	"Crosse, Nathan"	"Duffy, S M"
"15:50:00"	"2024-06-02"	"Listowel"	"Cosmic Lady (IRE)"	"50.00"	"93.64"	"Handicap"	"13"	"13"	"Roche, L F"	"Fahey, Peter"
"14:55:00"	"2024-06-02"	"Kilbeggan"	"Reserve Judgement (IRE)"	"12.00"	"17"	"Handicap Hurdle"	"1"	"15"	"Millar, Mr C P"	"Breen, Leanne"
"14:55:00"	"2024-06-02"	"Kilbeggan"	"Ballydangan (IRE)"	"16.00"	"28"	"Handicap Hurdle"	"7"	"15"	"Harvey, Mr B W"	"Harvey, William"
"14:15:00"	"2024-06-02"	"Nottingham"	"Mercury Day (IRE)"	"3.33"	"4.6"	"Maiden"	"1"	"12"	"Gilligan, Jack"	"Allen, C N"
"14:00:00"	"2024-06-02"	"Fakenham"	"Simply Gorgeous"	"100.00"	"276.49"	"Maiden Hurdle"	"8"	"12"	"Quinlan, Jack"	"King, N B"
"21:00:00"	"2024-06-01"	"Stratford"	"Supreme Yeats (IRE)"	"1.38"	"2.46"	"Handicap Hurdle"	"1"	"10"	"Skelton, Harry"	"Skelton, Daniel"
"20:20:00"	"2024-06-01"	"Doncaster"	"Parr Fire (IRE)"	"40.00"	"49.35"	"Handicap"	"5"	"9"	"Breslin, Andrew"	"Haslam, B M R"
"20:15:00"	"2024-06-01"	"Lingfield"	"Bold Suitor"	"50.00"	"68.07"	"Handicap"	"PU"	"8"	"Ingram, Rhiain B"	"Benton, Craig"
"20:00:00"	"2024-06-01"	"Stratford"	"Luckie Money (IRE)"	"28.00"	"36.33"	"Handicap Novices Hurdle"	"PU"	"12"	"Gethings, Ciaran"	"Candlish, Jennie"
"19:07:00"	"2024-06-01"	"Hexham"	"No Rematch (IRE)"	"3.50"	"5.11"	"Handicap Hurdle"	"4"	"6"	"Mathias, Imogen"	"Flint, J L"
"18:28:00"	"2024-06-01"	"Stratford"	"Storm Of Light (IRE)"	"50.00"	"74.36"	"Handicap Chase"	"PU"	"9"	"Armson, Philip"	"Summers, B R"
"18:20:00"	"2024-06-01"	"Tramore"	"Ballycommon Chapel (IRE)"	"200.00"	"830"	"Maiden Hurdle"	"7"	"15"	"Deegan, R"	"Donohoe, R"
"18:20:00"	"2024-06-01"	"Tramore"	"Kiwi Kiss (FR)"	"200.00"	"854.91"	"Maiden Hurdle"	"8"	"15"	"Roche, T P"	"Flynn, Paul W"
"18:20:00"	"2024-06-01"	"Tramore"	"Tropical Speed (IRE)"	"150.00"	"711.32"	"Maiden Hurdle"	"12"	"15"	"Morgan, Hugh"	"Doyle, Eoin"
"18:20:00"	"2024-06-01"	"Tramore"	"Miss Cunning (IRE)"	"50.00"	"139.07"	"Maiden Hurdle"	"PU"	"15"	"Cullinan, Mr C"	"Fahey, P G"
"18:05:00"	"2024-06-01"	"Hexham"	"Bajan New Moon"	"11.00"	"14.4"	"Hurdle"	"3"	"5"	"Quinlan, Sean"	"Potter, R D"
"17:55:00"	"2024-06-01"	"Stratford"	"Charlotte Square"	"150.00"	"582.37"	"Novices Hurdle"	"PU"	"10"	"Lambert, Finn"	"Potter, R D"
"17:23:00"	"2024-06-01"	"Stratford"	"Moon Lady"	"28.00"	"40.25"	"Novices Hurdle"	"4"	"10"	"Godfrey, Ben"	"Woollacott, Mrs Kayley"
"17:23:00"	"2024-06-01"	"Stratford"	"Roseburg (IRE)"	"20.00"	"29"	"Novices Hurdle"	"6"	"10"	"Burke, Jonathan"	"OBrien, Fergal"
"17:23:00"	"2024-06-01"	"Stratford"	"Habibi (IRE)"	"200.00"	"520.66"	"Novices Hurdle"	"PU"	"10"	"Wynne, Toby"	"Coulson, Jake Thomas"
"16:55:00"	"2024-06-01"	"Hexham"	"Concrete King (IRE)"	"3.50"	"5.38"	"Handicap Chase"	"5"	"7"	"Kington, John"	"Morgan, Miss Laura"
"16:30:00"	"2024-06-01"	"Epsom"	"Mr Hampstead (USA)"	"80.00"	"356.36"	"Non-Handicap"	"15"	"16"	"Levey, S M"	"Davis, D J S Ffrench"
"16:15:00"	"2024-06-01"	"Hexham"	"Book of Secrets (IRE)"	"11.00"	"15.69"	"Handicap Hurdle"	"5"	"9"	"Noreci, Miss Leah"	"Moffatt, James"
"16:05:00"	"2024-06-01"	"Worcester"	"Borderline (IRE)"	"11.00"	"15"	"Handicap Hurdle"	"6"	"11"	"Williams, Lorcan"	"Scott, J"
"16:05:00"	"2024-06-01"	"Worcester"	"Helios Allen (FR)"	"50.00"	"100"	"Handicap Hurdle"	"9"	"11"	"Bannister, Harry A A"	"Taylor, Mrs P"
"15:30:00"	"2024-06-01"	"Worcester"	"Caughtinaspell (IRE)"	"4.00"	"5.17"	"Handicap Hurdle"	"4"	"8"	"Bowen, Sean P"	"Murphy, Olly"
"15:00:00"	"2024-06-01"	"Listowel"	"Ely Bandero (IRE)"	"150.00"	"1000"	"Maiden Hurdle"	"12"	"12"	"Shine, Mr C J"	"Hartnett, Debbie"
"14:20:00"	"2024-06-01"	"Worcester"	"Double Oban"	"4.50"	"7.74"	"Novices Hurdle"	"4"	"10"	"Bowen, Sean P"	"Murphy, Olly"
"14:15:00"	"2024-06-01"	"Musselburgh"	"Manu Et Corde (IRE)"	"150.00"	"315.01"	"Handicap"	"10"	"11"	"Scott, Rowan"	"Harrison, Gary"
"14:00:00"	"2024-06-01"	"Epsom"	"Julia Augusta"	"66.00"	"100"	"Non-Handicap"	"4"	"8"	"Watson, Jason"	"OMeara, D"
"14:00:00"	"2024-06-01"	"Epsom"	"Sea Of Thieves"	"12.00"	"16.65"	"Non-Handicap"	"7"	"8"	"Demuro, Cristian"	"Baratti, M"
"13:40:00"	"2024-06-01"	"Musselburgh"	"Therehegoes"	"40.00"	"52.04"	"Handicap"	"13"	"13"	"Scott, Rowan"	"Harrison, Gary"
"21:00:00"	"2024-05-31"	"Catterick"	"Dicko The Legend (IRE)"	"28.00"	"44.38"	"Handicap"	"6"	"9"	"Hart, Jason"	"Bailey, Liam"
"20:40:00"	"2024-05-31"	"Stratford"	"Mix Of Clover"	"22.00"	"29"	"Hunters Chase"	"3"	"10"	"Broughton, Mr T P"	"Lewis, Miss Hannah"
"20:40:00"	"2024-05-31"	"Stratford"	"Calidad (IRE)"	"33.00"	"41.98"	"Hunters Chase"	"8"	"10"	"Mason, Peter"	"Clarke, C M"
"20:25:00"	"2024-05-31"	"Catterick"	"Queensbury Lodge"	"50.00"	"84.67"	"Maiden"	"7"	"7"	"Hardie, Cameron"	"Jardine, I"
"20:15:00"	"2024-05-31"	"Doncaster"	"Turing"	"33.00"	"39.41"	"Handicap"	"9"	"10"	"Bedford, Levi"	"Jones, Jack"
"20:05:00"	"2024-05-31"	"Stratford"	"Envious Editor (IRE)"	"4.50"	"6.56"	"Handicap Hunters Chase"	"1"	"8"	"Crow, Mr H"	"Crow, Mrs Caroline"
"19:50:00"	"2024-05-31"	"Tramore"	"Appian Way (FR)"	"28.00"	"55"	"Handicap Hurdle"	"12"	"15"	"OSullivan, Mr E M"	"Widger, Robert"
"19:25:00"	"2024-05-31"	"Catterick"	"Perfect Arch (IRE)"	"9.00"	"11"	"Handicap"	"3"	"5"	"Pyle, William"	"West, S G"
"19:05:00"	"2024-05-31"	"Stratford"	"Dul Ar Aghaidh (IRE)"	"11.00"	"13.01"	"Novices Hunters Chase"	"PU"	"6"	"Mitchell, Mr F"	"Gibbs, B"
"18:50:00"	"2024-05-31"	"Tramore"	"One Cool Poet (IRE)"	"28.00"	"53.34"	"Handicap Hurdle"	"9"	"11"	"Harney, T P"	"Doyle, Miss Elizabeth"
"18:35:00"	"2024-05-31"	"Stratford"	"Captain Biggles (IRE)"	"3.50"	"5.38"	"Hunters Chase"	"4"	"5"	"Andrews, Gina"	"Ellis, Mrs G"
"18:30:00"	"2024-05-31"	"Down Royal"	"Goldsmith (IRE)"	"40.00"	"86.67"	"Handicap"	"13"	"14"	"Sheridan, J M"	"McGuigan, H D"
"18:20:00"	"2024-05-31"	"Tramore"	"Navy Beach (IRE)"	"50.00"	"190"	"Maiden Hurdle"	"7"	"14"	"King, D"	"Keane, Gerard"
"18:05:00"	"2024-05-31"	"Stratford"	"Learntalot (IRE)"	"9.00"	"12"	"Novices Hunters Chase"	"1"	"8"	"Marshall, Miss I"	"Hill, Alan"
"18:05:00"	"2024-05-31"	"Stratford"	"Well P (IRE)"	"8.00"	"10.5"	"Novices Hunters Chase"	"3"	"8"	"Callwood, Miss Ellie"	"Ball, Miss Dawn"
"18:05:00"	"2024-05-31"	"Stratford"	"Mount Pleasant"	"12.00"	"14.5"	"Novices Hunters Chase"	"4"	"8"	"Chadwick, Alex"	"Wright, N R W"
"17:50:00"	"2024-05-31"	"Tramore"	"Look Dont Touch (IRE)"	"14.00"	"20.37"	"Handicap Chase"	"5"	"9"	"Ryan, Mr I"	"Maxwell, Conor"
"17:30:00"	"2024-05-31"	"Down Royal"	"Comein Comein (IRE)"	"9.00"	"13.26"	"Handicap"	"4"	"12"	"Santos, M"	"Dias, Diego"
"17:30:00"	"2024-05-31"	"Down Royal"	"Veracidad (IRE)"	"16.00"	"23"	"Handicap"	"11"	"12"	"McAteer, L T"	"McCann, Anthony"
"16:15:00"	"2024-05-31"	"Chepstow"	"Al Wasl Dream (IRE)"	"150.00"	"979.08"	"Maiden"	"6"	"6"	"Bowen, S D"	"Llewellyn, B J"
"15:45:00"	"2024-05-31"	"Epsom"	"Haunted Dream (IRE)"	"8.00"	"10.93"	"Handicap"	"4"	"13"	"Doyle, James"	"Jehani, H Al"
"15:45:00"	"2024-05-31"	"Epsom"	"Lord Melbourne (IRE)"	"11.00"	"12.16"	"Handicap"	"5"	"13"	"Heard, Tyler"	"Beckett, R M"
"20:00:00"	"2024-05-30"	"Fairyhouse"	"Theres No Limit (IRE)"	"14.00"	"19.15"	"Handicap"	"5"	"11"	"Kearney, J"	"Collins, C M"
"20:00:00"	"2024-05-30"	"Fairyhouse"	"Quiet Affair"	"50.00"	"85"	"Handicap"	"8"	"11"	"McMonagle, Dylan B"	"Barcoe, James M"
"20:00:00"	"2024-05-30"	"Fairyhouse"	"Pointofblue"	"14.00"	"19.5"	"Handicap"	"10"	"11"	"Kennedy, K G"	"Harrington, Mrs John"
"19:55:00"	"2024-05-30"	"Carlisle"	"Bolton"	"25.00"	"102.04"	"Novices"	"9"	"9"	"Costello, Dougie"	"Davidson, Tristan"
"19:10:00"	"2024-05-30"	"Warwick"	"Etoile Brillante (IRE)"	"16.00"	"22.33"	"Handicap Novices Hurdle"	"1"	"6"	"Anderson, Mr A"	"Wigham, M"
"19:10:00"	"2024-05-30"	"Warwick"	"Let It Shine"	"1.50"	"2.59"	"Handicap Novices Hurdle"	"6"	"6"	"Pinchin, Miss L M"	"Longsdon, C E"
"17:55:00"	"2024-05-30"	"Carlisle"	"Woobay (IRE)"	"6.50"	"8.6"	"Handicap"	"7"	"11"	"Brown, Pippa"	"Brooke, Daniel"
"17:30:00"	"2024-05-30"	"Fairyhouse"	"Moonlit Mist (IRE)"	"22.00"	"24.16"	"Handicap"	"1"	"16"	"Hayes, Amy Jo"	"Kelly, David Harry"
"16:20:00"	"2024-05-30"	"Ripon"	"Rogue Sea"	"8.50"	"10.85"	"Handicap"	"8"	"8"	"Loughnane, Mr Billy"	"Smart, B"
"16:00:00"	"2024-05-30"	"Lingfield"	"Cherryblossom Time (IRE)"	"66.00"	"99.63"	"Handicap"	"10"	"12"	"Keniry, L P"	"Madgwick, M"
"15:00:00"	"2024-05-30"	"Ffos Las"	"Steppenwolf (FR)"	"6.50"	"8.5"	"Handicap Chase"	"1"	"9"	"Tudor, Jack"	"Pipe, D E"
"14:28:00"	"2024-05-30"	"Ffos Las"	"Katstar"	"200.00"	"420"	"Maiden Hurdle"	"6"	"13"	"Houlihan, Sean M"	"Lewis, Mrs S W"
"14:20:00"	"2024-05-30"	"Lingfield"	"African Star (IRE)"	"7.00"	"9.23"	"Handicap"	"7"	"8"	"Buick, William"	"Loughnane, Daniel Mark"
"20:50:00"	"2024-05-29"	"Cartmel"	"Cash Again (FR)"	"50.00"	"100"	"Hunters Chase"	"5"	"9"	"Shepherd, Miss Becca"	"Shepherd, Miss B"
"20:50:00"	"2024-05-29"	"Cartmel"	"You Name Him"	"50.00"	"57.75"	"Hunters Chase"	"PU"	"9"	"Orpwood, Nick"	"Wilkinson, Robert"
"20:50:00"	"2024-05-29"	"Cartmel"	"Canelo (IRE)"	"18.00"	"26.41"	"Hunters Chase"	"PU"	"9"	"Cookson, Miss Natasha"	"Fife, T W"
"19:12:00"	"2024-05-29"	"Kempton"	"Atalantas Boy"	"100.00"	"273.09"	"Handicap"	"5"	"11"	"Keeley, Aidan"	"Irvine, Andy"
"18:50:00"	"2024-05-29"	"Cartmel"	"Hurricane Ali (IRE)"	"5.00"	"6.37"	"Handicap Hurdle"	"2"	"7"	"Jones, Charlotte"	"Moffatt, James"
"18:30:00"	"2024-05-29"	"Wexford"	"The Cooleen (IRE)"	"4.00"	"5.3"	"Handicap Hurdle"	"6"	"14"	"Roche, T P"	"Morrissey, Richard"
"18:00:00"	"2024-05-29"	"Wexford"	"Blackstone Cliff (IRE)"	"25.00"	"46"	"Handicap Hurdle"	"8"	"12"	"Doyle, R A"	"Keane, Gerard"
"17:30:00"	"2024-05-29"	"Wexford"	"Lieutenant Highway (IRE)"	"50.00"	"110.83"	"Hurdle"	"7"	"9"	"Meyler, D"	"McCabe, Moses"
"17:08:00"	"2024-05-29"	"Tipperary"	"Pale Moonlight (IRE)"	"50.00"	"62.27"	"Handicap"	"13"	"17"	"Persse, A C"	"Cahill, Mark"
"16:40:00"	"2024-05-29"	"Beverley"	"Lincoln Rockstar (IRE)"	"2.75"	"3.95"	"Handicap"	"1"	"9"	"Ghiani, Marco"	"Furtado, Ivan"
"16:28:00"	"2024-05-29"	"Newton Abbot"	"Phoenix Way (IRE)"	"1.38"	"2.38"	"Hunters Chase"	"2"	"7"	"Bevan, Miss Megan"	"Fry, Mrs C"
"16:10:00"	"2024-05-29"	"Beverley"	"Ski Jump (IRE)"	"18.00"	"26.61"	"Handicap"	"6"	"9"	"Allan, David"	"Jackson, Miss T"
"15:40:00"	"2024-05-29"	"Beverley"	"Rayena (FR)"	"20.00"	"26"	"Handicap"	"5"	"12"	"Murtagh, Connor"	"Fahey, R A"
"15:28:00"	"2024-05-29"	"Newton Abbot"	"Coconut Twist (IRE)"	"2.75"	"4.1"	"Handicap Novices Chase"	"1"	"8"	"Reed, Harry"	"Hitchins, Daisy"
"14:10:00"	"2024-05-29"	"Beverley"	"Hougoumont"	"14.00"	"23"	"Handicap"	"4"	"9"	"Hardie, Cameron"	"Coyle, Tony"
"19:15:00"	"2024-05-28"	"Tipperary"	"Green Valentine (IRE)"	"28.00"	"69.1"	"Maiden"	"4"	"7"	"Keane, C T"	"Coleman, Kevin"
"18:00:00"	"2024-05-28"	"Ballinrobe"	"Gatito Rapido (USA)"	"100.00"	"230.17"	"Maiden Hurdle"	"7"	"15"	"McGarvey, J S"	"Kelly, Noel C"
"17:25:00"	"2024-05-28"	"Leicester"	"Eagle Landed"	"14.00"	"19"	"Handicap"	"2"	"13"	"Greatrex, Edward"	"Jenkins, J R"
"17:00:00"	"2024-05-28"	"Ballinrobe"	"Rhodesia (IRE)"	"100.00"	"150"	"Maiden Hurdle"	"14"	"15"	"Prendergast, Niall"	"Keegan, Charles P"
"16:35:00"	"2024-05-28"	"Redcar"	"Too Much"	"40.00"	"79.27"	"Handicap"	"6"	"6"	"Elliott, Rhys"	"Thompson, D W"
"16:15:00"	"2024-05-28"	"Brighton"	"King Of War"	"11.00"	"13.9"	"Handicap"	"2"	"9"	"Heard, Tyler"	"Wigham, M"
"16:15:00"	"2024-05-28"	"Brighton"	"Falcon Nine"	"16.00"	"20"	"Handicap"	"6"	"9"	"Farragher, Adam J"	"Fellowes, Charlie"
"16:05:00"	"2024-05-28"	"Redcar"	"Victoria Legend (IRE)"	"150.00"	"283.24"	"Maiden"	"10"	"10"	"Scott, Rowan"	"Wainwright, J S"
"15:55:00"	"2024-05-28"	"Leicester"	"Merrimack"	"50.00"	"65"	"Claimer"	"8"	"8"	"Catton, Luke"	"Williams, S C"
"15:35:00"	"2024-05-28"	"Redcar"	"Oh What Fun"	"3.50"	"4.88"	"Handicap Maiden"	"6"	"7"	"Beasley, Connor"	"Bethell, Ed"
"14:35:00"	"2024-05-28"	"Redcar"	"Bits And Bobs (IRE)"	"5.00"	"6.69"	"Handicap"	"8"	"10"	"James, S H"	"Walford, Mark"
"17:45:00"	"2024-05-27"	"Cartmel"	"Shantou Moon (IRE)"	"18.00"	"27.13"	"Handicap Hurdle"	"6"	"13"	"Fox, Derek R"	"Young Jnr, William"
"17:15:00"	"2024-05-27"	"Cartmel"	"Hollywood Harmon (IRE)"	"14.00"	"19"	"Maiden Hunters Chase"	"3"	"9"	"Brown, Pippa"	"Wilson, A C"
"17:15:00"	"2024-05-27"	"Cartmel"	"Rufio"	"33.00"	"55"	"Maiden Hunters Chase"	"PU"	"9"	"Brown, Miss Lucy"	"Brown, Miss Lucy"
"16:45:00"	"2024-05-27"	"Leicester"	"Mayo Neighs (IRE)"	"3.50"	"4.71"	"Handicap"	"3"	"6"	"Doyle, James"	"Jehani, H Al"
"16:15:00"	"2024-05-27"	"Leicester"	"Prophets Dream"	"28.00"	"48.3"	"Handicap"	"4"	"11"	"Bishop, Charles"	"Knight, Miss H C"
"15:45:00"	"2024-05-27"	"Yarmouth"	"Lewis Barnes"	"40.00"	"79.23"	"Handicap"	"8"	"8"	"Muscutt, D"	"Williams, S C"
"14:55:00"	"2024-05-27"	"Cartmel"	"Mr Yeats (IRE)"	"28.00"	"38"	"Handicap Hurdle"	"6"	"12"	"Harris, Bradley"	"Dickin, Harriet"
"14:55:00"	"2024-05-27"	"Cartmel"	"Scipion (IRE)"	"12.00"	"16.32"	"Handicap Hurdle"	"11"	"12"	"Hughes, Brian"	"McCain Jnr, D"
"14:30:00"	"2024-05-27"	"Leicester"	"Queens Music (IRE)"	"80.00"	"126.23"	"Handicap"	"9"	"9"	"Wood, George"	"Scargill, Dr J D"
"14:15:00"	"2024-05-27"	"Redcar"	"Tourist"	"5.00"	"7.45"	"Maiden"	"3"	"12"	"Lee, Clifford"	"Kobeissi, Hilal"
"14:05:00"	"2024-05-27"	"Huntingdon"	"Kingston Kid (IRE)"	"16.00"	"19.44"	"Handicap Hurdle"	"4"	"6"	"Worsley, Tabitha"	"Howell, Ms G"
"17:20:00"	"2024-05-26"	"Uttoxeter"	"Getaway With You"	"3.50"	"5.4"	"Handicap Hurdle"	"2"	"7"	"Brogan, Kevin"	"Aprahamian, Billy"
"17:20:00"	"2024-05-26"	"Uttoxeter"	"If Karls Berg Did"	"8.50"	"11.89"	"Handicap Hurdle"	"3"	"7"	"Harris, Bradley"	"Dickin, Harriet"
"17:10:00"	"2024-05-26"	"Kelso"	"Bothwell Bridge (IRE)"	"2.75"	"4.5"	"Hunters Chase"	"3"	"9"	"Callwood, Miss Ellie"	"Morgan, Miss Kelly"
"17:10:00"	"2024-05-26"	"Kelso"	"The Macon Lugnatic"	"80.00"	"170"	"Hunters Chase"	"PU"	"9"	"Mactaggart, Miss Isobel"	"Mactaggart, Mrs K B"
"16:45:00"	"2024-05-26"	"Uttoxeter"	"The Grey Falco (FR)"	"12.00"	"18.96"	"Handicap Hurdle"	"6"	"6"	"Twiston-Davies, Sam"	"Neville, Patrick"
"16:10:00"	"2024-05-26"	"Uttoxeter"	"Walking The Walk (IRE)"	"11.00"	"11.5"	"Handicap Chase"	"3"	"6"	"Bowen, Sean P"	"Lee, Miss Kerry"
"14:39:00"	"2024-05-26"	"Fontwell"	"Bless The Moon (IRE)"	"7.00"	"14.55"	"Maiden Hurdle"	"4"	"6"	"Pinchin, Miss L M"	"Owen, J P"
"14:39:00"	"2024-05-26"	"Fontwell"	"Diamond Monarch (IRE)"	"100.00"	"247.65"	"Maiden Hurdle"	"PU"	"6"	"Tudor, Jack"	"Williams, Christian"
"14:39:00"	"2024-05-26"	"Fontwell"	"Hes A Steel (IRE)"	"250.00"	"915.99"	"Maiden Hurdle"	"PU"	"6"	"Saunders, Lewis"	"Brennan, F J"
"14:35:00"	"2024-05-26"	"Curragh"	"Rogue Millennium (IRE)"	"1.00"	"2"	"Non-Handicap"	"3"	"8"	"McMonagle, Dylan B"	"OBrien, Joseph Patrick"
"20:45:00"	"2024-05-25"	"Windsor"	"Magna Vega (IRE)"	"50.00"	"69.1"	"Handicap"	"3"	"9"	"Mangan, Gina"	"Evans, Mrs N S"
"19:20:00"	"2024-05-25"	"Cartmel"	"Roll With It (IRE)"	"12.00"	"15.36"	"Handicap Chase"	"5"	"9"	"Bowen, Sean P"	"Bowen, Peter / Michael"
"19:20:00"	"2024-05-25"	"Cartmel"	"Agent Valdez"	"66.00"	"120"	"Handicap Chase"	"PU"	"9"	"Brown, Pippa"	"Brooke, Daniel"
"18:40:00"	"2024-05-25"	"Windsor"	"Ezra Cee (IRE)"	"0.67"	"1.79"	"Maiden"	"1"	"7"	"Coakley, Ross"	"Foy, Kevin"
"17:40:00"	"2024-05-25"	"Cartmel"	"Coqolino (FR)"	"5.00"	"7.63"	"Handicap Chase"	"5"	"5"	"McLernon, R P"	"Haslam, B M R"
"17:35:00"	"2024-05-25"	"Windsor"	"Vince Lombardi"	"4.00"	"6.69"	"Handicap"	"13"	"13"	"Mitchell, Jack"	"Kubler, Daniel"
"17:05:00"	"2024-05-25"	"York"	"Billyb (FR)"	"16.00"	"20.39"	"Handicap"	"5"	"18"	"Gray, S A"	"Lidster, Craig"
"16:55:00"	"2024-05-25"	"Goodwood"	"Rainyniteingeorgia (IRE)"	"9.00"	"12.21"	"Handicap"	"3"	"7"	"Havlin, Robert"	"Haynes, Alice"
"16:45:00"	"2024-05-25"	"Haydock"	"Alshadhian (IRE)"	"12.00"	"17.82"	"Handicap"	"9"	"9"	"Doyle, James"	"King, A"
"16:10:00"	"2024-05-25"	"Haydock"	"Biographer"	"80.00"	"133.15"	"Handicap"	"11"	"15"	"Eaves, Tom"	"Easterby, M W"
"15:55:00"	"2024-05-25"	"York"	"Count Palatine (IRE)"	"66.00"	"91.52"	"Handicap"	"12"	"19"	"Dennis, Phil"	"Dods, M"
"15:35:00"	"2024-05-25"	"Chester"	"Cavern Club (IRE)"	"1.50"	"2.64"	"Handicap"	"1"	"5"	"Norton, Francis"	"Owen, J P"
"15:05:00"	"2024-05-25"	"Curragh"	"La Isla Mujeres (FR)"	"4.00"	"6.8"	"Non-Handicap"	"5"	"9"	"Lee, W J"	"Twomey, P"
"13:45:00"	"2024-05-25"	"Chester"	"Hiya Honey (IRE)"	"5.50"	"6.8"	"Maiden"	"2"	"4"	"James, S H"	"Burke, K R"
"20:20:00"	"2024-05-24"	"Curragh"	"Royal Pippen (IRE)"	"14.00"	"19"	"Handicap"	"5"	"19"	"Foley, Shane"	"Magee, Patrick"
"20:20:00"	"2024-05-24"	"Curragh"	"Hasiyna (IRE)"	"50.00"	"75.21"	"Handicap"	"19"	"19"	"Rutledge, Siobhan"	"McConnell, John C"
"20:00:00"	"2024-05-24"	"Hereford"	"Lindwall (IRE)"	"9.00"	"11.5"	"Handicap Hurdle"	"10"	"10"	"Sheppard, Stan"	"Lacey, T"
"19:50:00"	"2024-05-24"	"Curragh"	"Red Letter Bray (IRE)"	"100.00"	"209.26"	"Handicap"	"1"	"17"	"Roche, L F"	"Cusack, Liam P"
"19:50:00"	"2024-05-24"	"Curragh"	"Lady Tilbury"	"5.50"	"7.64"	"Handicap"	"15"	"17"	"Lee, W J"	"Twomey, P"
"19:20:00"	"2024-05-24"	"Curragh"	"Karsavina"	"14.00"	"22"	"Handicap"	"7"	"14"	"McMonagle, Dylan B"	"OBrien, Joseph Patrick"
"19:05:00"	"2024-05-24"	"Downpatrick"	"Grageen (IRE)"	"11.00"	"14.13"	"Maiden Hunters Chase"	"2"	"9"	"King, Mr P A"	"Murphy, William P"
"19:05:00"	"2024-05-24"	"Downpatrick"	"Sheephaven Flyer (IRE)"	"1.25"	"2.52"	"Maiden Hunters Chase"	"UR"	"9"	"Gleeson, Mr J L"	"Mullins, Emmet"
"17:50:00"	"2024-05-24"	"Curragh"	"What A Squeeze (IRE)"	"25.00"	"42"	"Handicap"	"9"	"9"	"Powell, J A"	"Condon, K J"
"17:30:00"	"2024-05-24"	"Bath"	"Sisterandbrother"	"9.00"	"14"	"Handicap"	"2"	"13"	"Clutterbuck, Rhys"	"Dickin, Harriet"
"17:30:00"	"2024-05-24"	"Bath"	"Carey Street (IRE)"	"22.00"	"33.11"	"Handicap"	"5"	"13"	"Carson, William"	"Carroll, A W"
"17:20:00"	"2024-05-24"	"Hereford"	"Time Interval"	"7.50"	"11.73"	"Maiden Hurdle"	"1"	"14"	"Bellamy, Tom"	"Dennis, David"
"17:20:00"	"2024-05-24"	"Hereford"	"Jos Rainbow (IRE)"	"4.00"	"5.7"	"Maiden Hurdle"	"10"	"14"	"Skelton, Harry"	"Skelton, Daniel"
"17:20:00"	"2024-05-24"	"Hereford"	"Duc Du Rene (IRE)"	"14.00"	"18.37"	"Maiden Hurdle"	"12"	"14"	"Price, Charlie"	"Llewellyn, Robert"
"16:55:00"	"2024-05-24"	"Haydock"	"Golspie (IRE)"	"40.00"	"60.86"	"Handicap"	"3"	"5"	"Crowley, Jim"	"Morris, Patrick"
"14:05:00"	"2024-05-24"	"Haydock"	"Dandy Lichious (IRE)"	"25.00"	"42.27"	"Handicap"	"9"	"10"	"Mullen, Andrew"	"Davidson, Tristan"
"20:52:00"	"2024-05-23"	"Chelmsford City"	"Strike Alliance (IRE)"	"66.00"	"77"	"Handicap"	"5"	"9"	"Hutchinson, Callum"	"Dickin, Harriet"
"19:47:00"	"2024-05-23"	"Chelmsford City"	"Miltonia (USA)"	"33.00"	"45.39"	"Handicap"	"4"	"10"	"Mason, Joanna"	"Carr, Mrs R A"
"18:47:00"	"2024-05-23"	"Chelmsford City"	"Chief Of Navy"	"9.00"	"12.5"	"Handicap"	"7"	"9"	"Ghiani, Marco"	"Botti, M"
"18:25:00"	"2024-05-23"	"Limerick"	"The Friday Man"	"12.00"	"23.51"	"Beginners Chase"	"5"	"11"	"Meyler, D"	"McCabe, Moses"
"18:25:00"	"2024-05-23"	"Limerick"	"Aurea Fortuna (IRE)"	"150.00"	"501.27"	"Beginners Chase"	"8"	"11"	"King, D"	"Keane, Gerard"
"16:40:00"	"2024-05-23"	"Catterick"	"Petra Celera (IRE)"	"20.00"	"22.38"	"Handicap"	"4"	"6"	"James, S H"	"Fell, R / Murray, S"
"15:58:00"	"2024-05-23"	"Market Rasen"	"Weddell Sea (IRE)"	"80.00"	"143.6"	"Handicap Hurdle"	"5"	"9"	"Anderson, Mr A"	"Sowersby, M E"
"15:58:00"	"2024-05-23"	"Market Rasen"	"Logan Rocks (IRE)"	"66.00"	"76.11"	"Handicap Hurdle"	"PU"	"9"	"Cannon, Tom J"	"Williams, Olly"
"14:28:00"	"2024-05-23"	"Market Rasen"	"Nastasiya"	"5.00"	"7"	"Handicap Novices Hurdle"	"3"	"9"	"Fox, Derek R"	"Russell, Miss Lucinda V"
"21:00:00"	"2024-05-22"	"Kempton"	"Baile Locha Riach (FR)"	"6.50"	"9.78"	"Handicap"	"4"	"10"	"Clutterbuck, Rhys"	"Donovan, D"
"20:30:00"	"2024-05-22"	"Kempton"	"Imphal"	"200.00"	"345.3"	"Handicap"	"6"	"6"	"Doughty, Jack"	"Butler, P"
"17:30:00"	"2024-05-22"	"Ayr"	"Concert Boy (IRE)"	"12.00"	"13.75"	"Handicap"	"8"	"8"	"Young, Archie"	"Scott, Miss Katie"
"16:30:00"	"2024-05-22"	"Yarmouth"	"Rogue Soldier (IRE)"	"3.00"	"4.03"	"Handicap"	"3"	"7"	"Bowen, S D"	"Owen, J P"
"15:20:00"	"2024-05-22"	"Ayr"	"Red Danielle"	"3.50"	"5.33"	"Non-Handicap"	"2"	"8"	"Fallon, Cieren"	"Haggas, W J"
"15:00:00"	"2024-05-22"	"Yarmouth"	"Chilled Out (IRE)"	"25.00"	"29.8"	"Handicap"	"1"	"10"	"Sayette, B D L"	"Wigham, M"
"15:00:00"	"2024-05-22"	"Yarmouth"	"Unification (IRE)"	"33.00"	"48"	"Handicap"	"9"	"10"	"Sousa, Silvestre De"	"McEntee, P S"
"20:40:00"	"2024-05-21"	"Huntingdon"	"Amenon (FR)"	"2.75"	"4.24"	"Novices Hunters Chase"	"1"	"3"	"Bailey, Henry"	"Wynne, S"
"20:20:00"	"2024-05-21"	"Cork"	"Ranko Express (IRE)"	"7.00"	"9.77"	"Handicap"	"5"	"13"	"Heffernan, J A"	"Coleman, Kevin"
"20:20:00"	"2024-05-21"	"Cork"	"Young Lucy (IRE)"	"10.00"	"12.89"	"Handicap"	"8"	"13"	"Foley, Shane"	"Keane, Gerard"
"19:20:00"	"2024-05-21"	"Cork"	"Familiar Dreams"	"1.20"	"2.19"	"Maiden"	"4"	"7"	"McDonogh, D P"	"Elliott, Gordon"
"18:58:00"	"2024-05-21"	"Hexham"	"Hey Brother (FR)"	"8.00"	"10.68"	"Handicap Novices Chase"	"5"	"8"	"Nichol, Craig"	"OKeeffe, Jedd"
"18:40:00"	"2024-05-21"	"Huntingdon"	"United Front (USA)"	"5.00"	"9.85"	"Maiden Hurdle"	"5"	"11"	"Brace, Connor"	"OBrien, Fergal"
"18:20:00"	"2024-05-21"	"Cork"	"Mindthegap (IRE)"	"33.00"	"38.79"	"Handicap"	"11"	"13"	"Hassett, M W"	"Levins, J F"
"17:10:00"	"2024-05-21"	"Nottingham"	"The Glen Rovers"	"22.00"	"30.42"	"Novices"	"11"	"12"	"Muscutt, D"	"Wadham, Mrs L"
"16:10:00"	"2024-05-21"	"Nottingham"	"Super Superjack"	"5.50"	"8.06"	"Handicap"	"4"	"7"	"Buick, William"	"Murphy, Olly"
"15:58:00"	"2024-05-21"	"Punchestown"	"Noble Hilltop (IRE)"	"16.00"	"27"	"Handicap Hurdle"	"1"	"16"	"Buckley, Kieran"	"Buckley, Edward"
"15:58:00"	"2024-05-21"	"Punchestown"	"Seriously Ava (IRE)"	"14.00"	"19.09"	"Handicap Hurdle"	"12"	"16"	"Flanagan, S W"	"Kelly, David Harry"
"15:20:00"	"2024-05-21"	"Brighton"	"Marayel (IRE)"	"25.00"	"34"	"Handicap"	"5"	"9"	"Kelly, Shane"	"Moore, Gary and Josh"
"14:40:00"	"2024-05-21"	"Nottingham"	"Moab (IRE)"	"50.00"	"187.81"	"Maiden"	"4"	"9"	"Fallon, Cieren"	"Knight, Miss H C"
"14:20:00"	"2024-05-21"	"Brighton"	"Darcys Rock"	"18.00"	"24.4"	"Handicap"	"5"	"6"	"Currie, Nicola"	"Murphy, P G"
"13:55:00"	"2024-05-21"	"Punchestown"	"Belloccio (FR)"	"0.80"	"1.86"	"Maiden Hurdle"	"1"	"15"	"Townend, P"	"Mullins, W P"
"13:55:00"	"2024-05-21"	"Punchestown"	"Martinstown (IRE)"	"5.50"	"7.44"	"Maiden Hurdle"	"3"	"15"	"Walsh, M P"	"Roche, Padraig"
"13:55:00"	"2024-05-21"	"Punchestown"	"Starita (IRE)"	"250.00"	"1000"	"Maiden Hurdle"	"14"	"15"	"OKeeffe, Darragh"	"Burke, W J"
"20:40:00"	"2024-05-20"	"Windsor"	"Bakersboy"	"8.50"	"11.96"	"Handicap"	"4"	"10"	"ONeill, K T"	"Haynes, Alice"
"19:40:00"	"2024-05-20"	"Windsor"	"Carbis Bay"	"25.00"	"35.13"	"Handicap"	"10"	"13"	"Bishop, Charles"	"Gordon, C"
"19:20:00"	"2024-05-20"	"Roscommon"	"Belles Feuilles (FR)"	"40.00"	"56.44"	"Handicap"	"8"	"8"	"Heffernan, J A"	"Keane, Gerard"
"19:10:00"	"2024-05-20"	"Windsor"	"Rocking Ends"	"2.50"	"4.12"	"Handicap"	"1"	"11"	"Ryan, Rossa"	"Clover, Tom"
"19:10:00"	"2024-05-20"	"Windsor"	"Miss Attitude"	"6.00"	"8.26"	"Handicap"	"5"	"11"	"Bishop, Charles"	"Channon, Jack"
"18:50:00"	"2024-05-20"	"Roscommon"	"Stella Acclamata (IRE)"	"200.00"	"740.91"	"Maiden"	"8"	"11"	"Whearty, R"	"Clarke, Keith Henry"
"18:20:00"	"2024-05-20"	"Roscommon"	"Queen Mab (IRE)"	"40.00"	"53.8"	"Handicap"	"13"	"15"	"Sheehy, Danny"	"Grassick, M C"
"16:43:00"	"2024-05-20"	"Newton Abbot"	"Young Buck (IRE)"	"2.00"	"3.05"	"Hunters Chase"	"1"	"6"	"Edwards, Mr D"	"Summersby, D P"
"16:43:00"	"2024-05-20"	"Newton Abbot"	"Len Brennan (IRE)"	"6.00"	"8.2"	"Hunters Chase"	"2"	"6"	"Broomfield, Mr Billy"	"Procter, Miss A"
"16:43:00"	"2024-05-20"	"Newton Abbot"	"King Orry (IRE)"	"33.00"	"50.87"	"Hunters Chase"	"3"	"6"	"Shaw, Mr James"	"Gardner, Miss L"
"16:43:00"	"2024-05-20"	"Newton Abbot"	"Norman Abu (IRE)"	"40.00"	"64.59"	"Hunters Chase"	"4"	"6"	"Treneer, Mr Michael"	"Treneer, Deborah"
"16:43:00"	"2024-05-20"	"Newton Abbot"	"Kalooki (GER)"	"6.00"	"10"	"Hunters Chase"	"6"	"6"	"McIntyre, Mr M J"	"Williams, N"
"16:13:00"	"2024-05-20"	"Newton Abbot"	"Bears Hug (IRE)"	"40.00"	"70.02"	"Handicap Novices Hurdle"	"4"	"10"	"Iles, Cameron"	"Frost, J D"
"16:00:00"	"2024-05-20"	"Redcar"	"Leadenhall"	"22.00"	"34"	"Handicap"	"3"	"10"	"Allan, David"	"Easterby, T D"
"15:13:00"	"2024-05-20"	"Newton Abbot"	"Songo (IRE)"	"18.00"	"23.27"	"Handicap Hurdle"	"2"	"7"	"Cobden, Harry"	"Hawker, Richard"
"15:13:00"	"2024-05-20"	"Newton Abbot"	"Penna Rossa (IRE)"	"25.00"	"37.12"	"Handicap Hurdle"	"3"	"7"	"Price, Charlie"	"Nelmes, Mrs H R J"
"18:15:00"	"2024-05-19"	"Newmarket (Rowley)"	"Lir Speciale (IRE)"	"14.00"	"22.18"	"Handicap"	"4"	"7"	"Ghiani, Marco"	"Williams, S C"
"17:15:00"	"2024-05-19"	"Newmarket (Rowley)"	"Great Max (IRE)"	"4.50"	"6.47"	"Handicap"	"6"	"11"	"Tudhope, Daniel"	"OMeara, D"
"17:15:00"	"2024-05-19"	"Newmarket (Rowley)"	"Powerdress (IRE)"	"40.00"	"62.39"	"Handicap"	"8"	"11"	"Osborne, Saffie"	"Osborne, J A"
"17:00:00"	"2024-05-19"	"Naas"	"Flame Of Eire (IRE)"	"11.00"	"14.06"	"Handicap"	"9"	"12"	"McCullagh, Scott"	"Harney, John M"
"17:00:00"	"2024-05-19"	"Naas"	"Genuine Article"	"5.00"	"6.49"	"Handicap"	"10"	"12"	"Keane, C T"	"Keane, Gerard"
"16:45:00"	"2024-05-19"	"Newmarket (Rowley)"	"Gloucestershire (USA)"	"8.00"	"10.95"	"Handicap"	"3"	"7"	"Levey, S M"	"Hannon (Jnr), Richard"
"16:25:00"	"2024-05-19"	"Ripon"	"Duely Spiced"	"16.00"	"25.42"	"Handicap"	"9"	"14"	"Lee, Clifford"	"Pearce, Simon"
"15:35:00"	"2024-05-19"	"Stratford"	"Carnet De Stage (IRE)"	"28.00"	"41.47"	"Novices Hurdle"	"4"	"5"	"McLernon, R P"	"Jeffreys, D J"
"15:15:00"	"2024-05-19"	"Ripon"	"Game Breaker (IRE)"	"25.00"	"34"	"Handicap"	"6"	"7"	"Mason, Joanna"	"Menzies, Rebecca"
"20:20:00"	"2024-05-18"	"Doncaster"	"Solar Aclaim (IRE)"	"20.00"	"30"	"Handicap"	"8"	"11"	"Farragher, Adam J"	"Jehani, H Al"
"18:50:00"	"2024-05-18"	"Bangor"	"Marty Mcfly (IRE)"	"3.50"	"4.81"	"Handicap Novices Hurdle"	"4"	"10"	"Mania, Ryan"	"Thomson, A M"
"18:30:00"	"2024-05-18"	"Uttoxeter"	"Santonito (FR)"	"18.00"	"22.04"	"Handicap Chase"	"3"	"12"	"Andrews, Jack"	"Ellis, T"
"18:02:00"	"2024-05-18"	"Thirsk"	"Gidwa (IRE)"	"20.00"	"24.61"	"Handicap"	"18"	"18"	"Robinson, Ben"	"Ellison, B"
"17:45:00"	"2024-05-18"	"Wexford"	"Deise Bella (IRE)"	"25.00"	"36"	"NH Flat"	"7"	"11"	"Higgins, Mr D"	"Hearne, Jayne"
"17:40:00"	"2024-05-18"	"Bangor"	"Ganapathi (FR)"	"8.50"	"10.46"	"Handicap Chase"	"7"	"11"	"Mania, Ryan"	"Thomson, A M"
"17:05:00"	"2024-05-18"	"Bangor"	"Enki Flacke (FR)"	"22.00"	"35.66"	"Handicap Hurdle"	"8"	"13"	"Stones, Lewis"	"Murphy, Olly"
"17:00:00"	"2024-05-18"	"Newmarket (Rowley)"	"Kracking"	"16.00"	"21.8"	"Handicap"	"10"	"10"	"Shepherd, Callum"	"Williams, S C"
"16:50:00"	"2024-05-18"	"Navan"	"El C Wells (IRE)"	"28.00"	"46"	"Handicap"	"1"	"14"	"Colgan, R C"	"Mulligan, Paul"
"16:50:00"	"2024-05-18"	"Navan"	"Sceptred Isle"	"28.00"	"33.21"	"Handicap"	"3"	"14"	"Rutledge, Siobhan"	"Kingston, G A"
"16:45:00"	"2024-05-18"	"Newbury"	"Stephensons Rocket (IRE)"	"40.00"	"63.11"	"Handicap"	"8"	"12"	"Ingram, Rhiain B"	"Benton, Craig"
"16:15:00"	"2024-05-18"	"Navan"	"Mambo De La Luna (IRE)"	"50.00"	"140.45"	"Handicap"	"14"	"14"	"Sheridan, J M"	"Duffy, B"
"15:35:00"	"2024-05-18"	"Newbury"	"Big Rock (FR)"	"2.75"	"4.83"	"Non-Handicap"	"6"	"10"	"Lemaitre, Aurelien"	"Guarnieri, Maurizio"
"15:25:00"	"2024-05-18"	"Wexford"	"The Miracle Man (IRE)"	"20.00"	"25.35"	"Handicap Hurdle"	"10"	"13"	"Ewing, Sam"	"Fahey, Peter"
"15:25:00"	"2024-05-18"	"Wexford"	"Hi Sur Multi"	"50.00"	"110"	"Handicap Hurdle"	"PU"	"13"	"Shinnick, J P"	"Smyth, H"
"15:05:00"	"2024-05-18"	"Navan"	"Blanc De Noir (IRE)"	"10.00"	"16.5"	"Handicap"	"5"	"14"	"Mulligan, R M"	"Murtagh, J P"
"15:05:00"	"2024-05-18"	"Navan"	"Sunday Sovereign"	"33.00"	"45.21"	"Handicap"	"13"	"14"	"Hayes, C D"	"Kingston, G A"
"14:40:00"	"2024-05-18"	"Newmarket (Rowley)"	"Imperial Fighter (IRE)"	"50.00"	"72.17"	"Handicap"	"13"	"15"	"Osborne, Saffie"	"Osborne, J A"
"14:30:00"	"2024-05-18"	"Navan"	"Nelliestar (IRE)"	"100.00"	"484.93"	"Maiden"	"17"	"17"	"McAteer, L T"	"Donoghue, Ian"
"20:30:00"	"2024-05-17"	"Kilbeggan"	"Dairy Force (IRE)"	"16.00"	"30.15"	"NH Flat"	"4"	"13"	"Maguire, Mr F"	"OBrien, Liam G"
"20:15:00"	"2024-05-17"	"Leopardstown"	"Reina Del Mar (IRE)"	"6.00"	"7.44"	"Handicap"	"4"	"11"	"Rutledge, Siobhan"	"OBrien, Joseph Patrick"
"20:15:00"	"2024-05-17"	"Leopardstown"	"The Black Tiger (USA)"	"40.00"	"65.46"	"Handicap"	"8"	"11"	"Smullen, Miss H M"	"Crowley, Ms F M"
"20:05:00"	"2024-05-17"	"Aintree"	"Nora The Xplorer"	"11.00"	"14.38"	"Handicap Hurdle"	"10"	"14"	"Brooke, Henry"	"Greenall, O / Guerriero, J"
"19:50:00"	"2024-05-17"	"Hamilton"	"Zumaaty (IRE)"	"11.00"	"15"	"Handicap"	"10"	"10"	"Jary, Alex"	"Goldie, J S"
"18:55:00"	"2024-05-17"	"Aintree"	"Pyramid Place (IRE)"	"66.00"	"96.17"	"Handicap Hurdle"	"1"	"12"	"Harris, Bradley"	"Dickin, Harriet"
"18:45:00"	"2024-05-17"	"Kilbeggan"	"Lisnamult Lad (IRE)"	"7.00"	"9.4"	"Handicap Hurdle"	"2"	"11"	"Meyler, D"	"Donoghue, Ian"
"18:45:00"	"2024-05-17"	"Kilbeggan"	"Happy Jacky (IRE)"	"16.00"	"22"	"Handicap Hurdle"	"5"	"11"	"Flanagan, S W"	"Fahey, Mark"
"18:30:00"	"2024-05-17"	"Leopardstown"	"Letiza (IRE)"	"33.00"	"48.53"	"Handicap"	"10"	"10"	"McSweeney, O"	"Dowling, Thomas"
"17:55:00"	"2024-05-17"	"Leopardstown"	"Royal Tribute (IRE)"	"25.00"	"34"	"Handicap"	"9"	"16"	"Keane, C T"	"McConnell, John C"
"17:00:00"	"2024-05-17"	"Kilbeggan"	"Burren Song (IRE)"	"14.00"	"21"	"Handicap Hurdle"	"13"	"14"	"Walsh, E"	"Murphy, Ciaran"
"16:55:00"	"2024-05-17"	"Newmarket (Rowley)"	"Lieutenant Rascal (IRE)"	"20.00"	"27.26"	"Handicap"	"4"	"12"	"McEntee, Grace"	"McEntee, P S"
"16:55:00"	"2024-05-17"	"Newmarket (Rowley)"	"Magic Fluke (IRE)"	"33.00"	"33.19"	"Handicap"	"8"	"12"	"Ghiani, Marco"	"Jenkins, J R"
"16:45:00"	"2024-05-17"	"York"	"Al Marmar (IRE)"	"66.00"	"78.38"	"Handicap"	"8"	"20"	"Coughlan, Laura"	"Tutty, Gemma"
"16:45:00"	"2024-05-17"	"York"	"Desert Falcon (IRE)"	"33.00"	"80.9"	"Handicap"	"20"	"20"	"Sexton, Ryan"	"Camacho, Miss J A"
"16:15:00"	"2024-05-17"	"York"	"Dark Tornado (IRE)"	"10.00"	"14.73"	"Novices"	"3"	"6"	"Egan, John"	"Horton, James"
"14:45:00"	"2024-05-17"	"York"	"Epic Poet (IRE)"	"18.00"	"22.74"	"Handicap"	"6"	"16"	"Tudhope, Daniel"	"OMeara, D"
"14:30:00"	"2024-05-17"	"Newbury"	"Enthrallment (IRE)"	"100.00"	"160"	"Handicap"	"14"	"14"	"Queally, T P"	"Jewell, Karen"
"14:00:00"	"2024-05-17"	"Newbury"	"Bella Veneta"	"66.00"	"95"	"Handicap"	"12"	"13"	"Nicholls, Mia"	"Faulkner, Ms D C"
"20:10:00"	"2024-05-16"	"Fontwell"	"Groovy Blue"	"9.00"	"15"	"NH Flat"	"1"	"12"	"Jones, Ben R"	"Pauling, Ben"
"19:22:00"	"2024-05-16"	"Lingfield"	"Ten Oclock (IRE)"	"22.00"	"27.71"	"Handicap"	"4"	"10"	"ONeill, K T"	"Harris, Miss G"
"19:00:00"	"2024-05-16"	"Clonmel"	"Dalvey"	"100.00"	"382.42"	"Handicap Hurdle"	"14"	"16"	"McGarvey, J S"	"Kelly, Noel C"
"18:30:00"	"2024-05-16"	"Clonmel"	"Victory Star"	"10.00"	"15"	"Handicap Hurdle"	"6"	"13"	"Byrnes, Mr P"	"Byrnes, C"
"18:00:00"	"2024-05-16"	"Clonmel"	"Princess Sophia (IRE)"	"3.33"	"5.68"	"Handicap Hurdle"	"8"	"12"	"Shinnick, J P"	"OBrien, Terence"
"18:00:00"	"2024-05-16"	"Clonmel"	"Robin Elite (IRE)"	"22.00"	"32"	"Handicap Hurdle"	"12"	"12"	"OSullivan, Mr M J M"	"OSullivan, Eugene M"
"16:38:00"	"2024-05-16"	"Limerick"	"Forlio"	"7.00"	"11"	"Handicap"	"1"	"14"	"Keane, C T"	"Flynn, Paul W"
"16:38:00"	"2024-05-16"	"Limerick"	"Ciao Adios (IRE)"	"10.00"	"13"	"Handicap"	"10"	"14"	"Ryan, Gavin"	"Murray, Adrian"
"16:38:00"	"2024-05-16"	"Limerick"	"Inverbrena (IRE)"	"18.00"	"34"	"Handicap"	"13"	"14"	"MacRedmond, Cian"	"McGuinness, Adrian"
"16:15:00"	"2024-05-16"	"York"	"Kylian (IRE)"	"5.00"	"7"	"Non-Handicap"	"4"	"7"	"Doyle, Hollie"	"Watson, Archie"
"15:35:00"	"2024-05-16"	"Limerick"	"Del Posto"	"66.00"	"119.5"	"Maiden"	"7"	"7"	"McCullagh, Scott"	"Lanigan, W J"
"14:20:00"	"2024-05-16"	"Perth"	"Imaginarium (IRE)"	"1.50"	"2.72"	"Maiden Hurdle"	"1"	"7"	"Fox, Derek R"	"Russell, Miss Lucinda V"
"14:20:00"	"2024-05-16"	"Perth"	"Spanish Saint (IRE)"	"50.00"	"95"	"Maiden Hurdle"	"PU"	"7"	"McMenamin, Daniel"	"Richards, N G"
"13:50:00"	"2024-05-16"	"Perth"	"Vocito (IRE)"	"1.75"	"2.77"	"Maiden Hurdle"	"2"	"10"	"Bowen, Sean P"	"Murphy, Olly"
"13:50:00"	"2024-05-16"	"Perth"	"Runremyrun (IRE)"	"250.00"	"973.03"	"Maiden Hurdle"	"10"	"10"	"Coltherd, Sam W"	"Coltherd, W S"
"20:15:00"	"2024-05-15"	"Sligo"	"Bladon (IRE)"	"3.00"	"4.74"	"Maiden"	"5"	"8"	"McDonogh, D P"	"OBrien, Joseph Patrick"
"19:45:00"	"2024-05-15"	"Sligo"	"Marirah (IRE)"	"33.00"	"104.54"	"Maiden"	"5"	"8"	"Coen, Ben M"	"ONeill, E J"
"19:00:00"	"2024-05-15"	"Tipperary"	"Coolnacritta (IRE)"	"22.00"	"31.37"	"Handicap Hurdle"	"11"	"14"	"Maguire, Mr F"	"Ahern, G"
"18:30:00"	"2024-05-15"	"Tipperary"	"Deep Pockets (IRE)"	"22.00"	"30.15"	"Handicap Hurdle"	"8"	"15"	"Torrens, Simon"	"Rothwell, P J"
"18:30:00"	"2024-05-15"	"Tipperary"	"Donnrua Dream (IRE)"	"25.00"	"42"	"Handicap Hurdle"	"10"	"15"	"Harvey, Mr B W"	"McConnell, John C"
"18:00:00"	"2024-05-15"	"Tipperary"	"Down The Park (IRE)"	"50.00"	"130"	"Maiden Hurdle"	"7"	"16"	"OKeeffe, Sean F"	"McLoughlin, D A"
"17:10:00"	"2024-05-15"	"Sligo"	"Beaumadier (IRE)"	"14.00"	"23"	"Claimer"	"2"	"13"	"Sheehy, M P"	"Conlon, Joe"
"17:05:00"	"2024-05-15"	"Ffos Las"	"Debacle"	"14.00"	"17.21"	"Handicap Chase"	"4"	"10"	"Jones, Ben R"	"Hamer, Mrs D A"
"17:00:00"	"2024-05-15"	"Bath"	"Malinheadsearovers (IRE)"	"16.00"	"23"	"Handicap"	"11"	"15"	"Keniry, L P"	"Gretton, T R "
"15:00:00"	"2024-05-15"	"Ffos Las"	"Quian (GER)"	"10.00"	"12"	"Handicap Hurdle"	"11"	"15"	"Harrison, Liam"	"OBrien, Fergal"
"15:00:00"	"2024-05-15"	"Ffos Las"	"The Wire Flyer"	"125.00"	"329.73"	"Handicap Hurdle"	"PU"	"15"	"Dunne, R T"	"Williams, Christian"
"14:45:00"	"2024-05-15"	"York"	"Hispanic (IRE)"	"50.00"	"87.98"	"Handicap"	"UR"	"21"	"Ryan, Rossa"	"Appleby, M"
"14:00:00"	"2024-05-15"	"Ffos Las"	"Full Metal Jacket"	"5.00"	"8"	"Maiden Hurdle"	"7"	"14"	"Sheehan, Gavin"	"Price, Katy"
"21:00:00"	"2024-05-14"	"Ayr"	"Masterminding (IRE)"	"40.00"	"50"	"Handicap"	"6"	"7"	"Muir, Paula"	"Barnes, M A"
"17:05:00"	"2024-05-14"	"Southwell"	"Scalloway Castle (IRE)"	"20.00"	"35.5"	"Maiden Hurdle"	"10"	"13"	"Sheehan, Gavin"	"Snowden, Jamie"
"17:05:00"	"2024-05-14"	"Southwell"	"Ill Reef (FR)"	"125.00"	"275.99"	"Maiden Hurdle"	"13"	"13"	"Hammond, Charlie"	"Young, Maxwell"
"16:30:00"	"2024-05-14"	"Southwell"	"Grivetana (FR)"	"2.00"	"3.29"	"Handicap Hurdle"	"1"	"9"	"Obrien, P V"	"Derham, Harry"
"16:15:00"	"2024-05-14"	"Beverley"	"The Muffin Man (IRE)"	"125.00"	"170"	"Handicap"	"15"	"15"	"Brookes, Aiden"	"Harris, S A"
"15:45:00"	"2024-05-14"	"Beverley"	"Opal Storm"	"50.00"	"91.07"	"Handicap"	"4"	"10"	"Brookes, Aiden"	"Rothwell, B S"
"15:15:00"	"2024-05-14"	"Beverley"	"Masterclass"	"18.00"	"22"	"Handicap"	"9"	"9"	"Hardie, Cameron"	"Midgley, P T"
"14:45:00"	"2024-05-14"	"Beverley"	"Better (IRE)"	"5.50"	"8.74"	"Seller"	"5"	"9"	"Nolan, D"	"Midgley, P T"
"19:45:00"	"2024-05-13"	"Killarney"	"Au Fleuron (FR)"	"5.00"	"7"	"Hunters Chase"	"10"	"11"	"ONeill, Mr B"	"Christie, D M"
"19:40:00"	"2024-05-13"	"Windsor"	"Quietness"	"1.88"	"2.95"	"Handicap"	"1"	"7"	"Whelan, Trevor"	"Tregoning, M P"
"19:25:00"	"2024-05-13"	"Roscommon"	"Florida Taiga (IRE)"	"25.00"	"32"	"Maiden"	"7"	"7"	"Crosse, Nathan"	"Duffy, S M"
"19:05:00"	"2024-05-13"	"Windsor"	"Partisan Hero (IRE)"	"12.00"	"14.34"	"Handicap"	"2"	"7"	"Pearson, Laura"	"Loughnane, David"
"18:10:00"	"2024-05-13"	"Killarney"	"Jazzy Matty (FR)"	"28.00"	"38"	"Handicap Hurdle"	"12"	"15"	"Slevin, J J"	"Collins, C M"
"18:05:00"	"2024-05-13"	"Windsor"	"Green Tax"	"125.00"	"286.06"	"Novices"	"13"	"13"	"Hutchinson, Callum"	"OBrien, Daniel"
"17:55:00"	"2024-05-13"	"Roscommon"	"True Statesman (IRE)"	"20.00"	"27"	"Handicap"	"14"	"15"	"Whelan, R P"	"McGuinness, Adrian"
"17:55:00"	"2024-05-13"	"Roscommon"	"Excuzio Joe (IRE)"	"18.00"	"23.33"	"Handicap"	"15"	"15"	"Ryan, Gavin"	"Murphy, P J F"
"17:40:00"	"2024-05-13"	"Killarney"	"Oscars Brother (IRE)"	"2.75"	"4.41"	"Novices Hurdle"	"5"	"8"	"King, D"	"King, Connor"
"17:25:00"	"2024-05-13"	"Roscommon"	"Navorrosse (IRE)"	"33.00"	"44"	"Handicap"	"7"	"12"	"MacRedmond, Cian"	"Kingston, G A"
"16:55:00"	"2024-05-13"	"Roscommon"	"Purring Along (IRE)"	"14.00"	"17.38"	"Handicap"	"6"	"12"	"Crosse, Nathan"	"Dowling, Thomas"
"16:55:00"	"2024-05-13"	"Roscommon"	"Wild Mountain (IRE)"	"20.00"	"37.78"	"Handicap"	"12"	"12"	"Sheridan, J M"	"McKenna, P J"
"16:40:00"	"2024-05-13"	"Killarney"	"Rebel Treaty (IRE)"	"12.00"	"17"	"Maiden Hurdle"	"5"	"16"	"Enright, P T"	"McSweeney, Con"
"14:30:00"	"2024-05-13"	"Hereford"	"Leylak (IRE)"	"40.00"	"68.53"	"Handicap Hurdle"	"F"	"8"	"Ward, Christopher"	"Cole, Miss D"
"19:00:00"	"2024-05-12"	"Newcastle"	"First Folio"	"33.00"	"39.11"	"Handicap"	"5"	"14"	"Sexton, Ryan"	"Camacho, Miss J A"
"16:38:00"	"2024-05-12"	"Ludlow"	"Flashy Boy (IRE)"	"3.50"	"4.74"	"Handicap Hurdle"	"5"	"9"	"Burke, Jonathan"	"OBrien, Fergal"
"16:25:00"	"2024-05-12"	"Plumpton"	"Tronador (IRE)"	"16.00"	"18.09"	"Handicap Hurdle"	"1"	"5"	"Saunders, Lewis"	"Murphy, Olly"
"16:25:00"	"2024-05-12"	"Plumpton"	"Ilanz (FR)"	"2.25"	"3.45"	"Handicap Hurdle"	"2"	"5"	"Johnston, Dylan"	"Murphy, Olly"
"16:17:00"	"2024-05-12"	"Newcastle"	"Sea Legend (FR)"	"1.63"	"2.81"	"Handicap"	"1"	"10"	"Muscutt, D"	"Fanshawe, J R"
"16:17:00"	"2024-05-12"	"Newcastle"	"Abbey Gardens (IRE)"	"25.00"	"31.46"	"Handicap"	"10"	"10"	"Murphy, Oisin"	"Williams, S C"
"16:03:00"	"2024-05-12"	"Ludlow"	"Nadim (IRE)"	"33.00"	"50.94"	"Handicap Hurdle"	"RO"	"10"	"Reed, Harry"	"Hawker, Richard"
"15:50:00"	"2024-05-12"	"Plumpton"	"Colonel Lesley (IRE)"	"11.00"	"12.35"	"Handicap Hurdle"	"2"	"12"	"Morgan, Mr Beau"	"Jones, A E"
"15:50:00"	"2024-05-12"	"Plumpton"	"Andapa (FR)"	"16.00"	"19.5"	"Handicap Hurdle"	"4"	"12"	"Dunne, R T"	"Martin, Marie"
"15:42:00"	"2024-05-12"	"Newcastle"	"Novation"	"25.00"	"35.88"	"Maiden"	"7"	"9"	"Allan, David"	"Kelleway, Miss Gay"
"15:07:00"	"2024-05-12"	"Newcastle"	"Mr Wonderful"	"4.50"	"6.48"	"Handicap"	"3"	"9"	"Egan, David"	"Foy, Kevin"
"15:07:00"	"2024-05-12"	"Newcastle"	"Infinity Blue (IRE)"	"18.00"	"24.98"	"Handicap"	"7"	"9"	"Sexton, Ryan"	"Camacho, Miss J A"
"14:05:00"	"2024-05-12"	"Plumpton"	"Solution"	"9.00"	"13.78"	"Maiden Hurdle"	"4"	"8"	"Bowen, James C"	"Best, Jim/Suzi"
"13:35:00"	"2024-05-12"	"Killarney"	"Stumblin In (IRE)"	"150.00"	"672.44"	"Maiden Hurdle"	"4"	"15"	"Doyle, Jack"	"Doyle, P M J"
"13:35:00"	"2024-05-12"	"Killarney"	"Botanic Ridge (IRE)"	"200.00"	"1000"	"Maiden Hurdle"	"PU"	"15"	"OConnor, M P"	"Goulding, arthur"
"13:15:00"	"2024-05-12"	"Leopardstown"	"Sub Rosa"	"150.00"	"359.32"	"Maiden"	"10"	"12"	"Colgan, R C"	"Kinsella, Donal"
"20:25:00"	"2024-05-11"	"Leicester"	"High Court Judge (USA)"	"20.00"	"34"	"Handicap"	"7"	"13"	"Hornby, Rob"	"Dennis, David"
"20:25:00"	"2024-05-11"	"Leicester"	"Colonial Love"	"80.00"	"168.87"	"Handicap"	"13"	"13"	"Costello, Dougie"	"Frost, Kevin"
"19:55:00"	"2024-05-11"	"Leicester"	"Savanna King"	"11.00"	"14.34"	"Handicap"	"5"	"8"	"Hogan, D E"	"Parr, Joseph"
"19:05:00"	"2024-05-11"	"Warwick"	"Swordsman (IRE)"	"125.00"	"170.85"	"Handicap Hurdle"	"PU"	"13"	"McLernon, R P"	"ONeill, Jonjo and AJ"
"18:25:00"	"2024-05-11"	"Leicester"	"Rogue Tornado"	"3.00"	"4.1"	"Handicap"	"1"	"8"	"Havlin, Robert"	"Owen, J P"
"18:05:00"	"2024-05-11"	"Warwick"	"Northern Reel (IRE)"	"25.00"	"29.24"	"Maiden Hurdle"	"6"	"9"	"Harris, Bradley"	"Dickin, Harriet"
"17:45:00"	"2024-05-11"	"Hexham"	"Snookered (IRE)"	"100.00"	"201.46"	"Handicap Hurdle"	"PU"	"11"	"Dowson, Thomas"	"Burns, Hugh"
"17:15:00"	"2024-05-11"	"Nottingham"	"Oak Allye (IRE)"	"3.00"	"4.06"	"Handicap"	"5"	"10"	"Mitchell, Jack"	"Owens, Patrick"
"17:10:00"	"2024-05-11"	"Hexham"	"Sponthus (FR)"	"4.50"	"5.81"	"Maiden Hunters Chase"	"4"	"8"	"Easterby, Mr Thomas"	"Easterby, W H"
"17:10:00"	"2024-05-11"	"Hexham"	"Lucky Lucarno"	"12.00"	"15.84"	"Maiden Hunters Chase"	"5"	"8"	"Wright, Mr Joe"	"Sowerby, Tom"
"17:10:00"	"2024-05-11"	"Hexham"	"Turnthelightsoff (IRE)"	"66.00"	"114.66"	"Maiden Hunters Chase"	"PU"	"8"	"Teal, Miss Lois"	"Hayton, R"
"17:05:00"	"2024-05-11"	"Cork"	"Araglen Star (IRE)"	"40.00"	"60"	"Handicap Hurdle"	"12"	"18"	"Shinnick, J P"	"ODonoghue, S M"
"17:00:00"	"2024-05-11"	"Haydock"	"Rogue Raider (USA)"	"3.33"	"4.8"	"Handicap"	"3"	"6"	"Tudhope, Daniel"	"Chapple-Hyam, P W"
"16:30:00"	"2024-05-11"	"Cork"	"Island Mccoo (IRE)"	"80.00"	"166.38"	"Maiden Hurdle"	"13"	"13"	"Geoghegan, Mr R P"	"Murphy, B T"
"15:35:00"	"2024-05-11"	"Lingfield"	"Sirona (GER)"	"22.00"	"28.64"	"Non-Handicap"	"3"	"9"	"Ryan, Rossa"	"Menuisier, David"
"15:30:00"	"2024-05-11"	"Nottingham"	"Eeh Bah Gum (IRE)"	"12.00"	"17.12"	"Handicap"	"5"	"8"	"Larson, Frederick"	"Appleby, M"
"14:45:00"	"2024-05-11"	"Haydock"	"Rogue Thunder"	"100.00"	"209"	"Handicap"	"11"	"11"	"Murtagh, Connor"	"Morris, Patrick"
"14:40:00"	"2024-05-11"	"Ascot"	"The Wizard Of Eye (IRE)"	"7.00"	"8.6"	"Handicap"	"1"	"21"	"Marquand, Tom"	"Fellowes, Charlie"
"14:20:00"	"2024-05-11"	"Nottingham"	"Call To Action (IRE)"	"3.50"	"5.28"	"Novices"	"2"	"12"	"Gray, S A"	"Easterby, M W"
"14:00:00"	"2024-05-11"	"Naas"	"Bold Optimist (IRE)"	"11.00"	"13.18"	"Handicap"	"5"	"13"	"McSweeney, O"	"McLoughlin, Daniel"
"13:30:00"	"2024-05-11"	"Ascot"	"King Of The Plains (IRE)"	"6.00"	"7.24"	"Handicap"	"4"	"14"	"Murphy, Oisin"	"Horton, James"
"19:20:00"	"2024-05-10"	"Downpatrick"	"Always Giving (IRE)"	"18.00"	"27.3"	"Handicap Chase"	"4"	"9"	"Hendrick, Mr J W"	"Dreaper, Tom"
"19:15:00"	"2024-05-10"	"Ripon"	"Heroism (IRE)"	"14.00"	"19.5"	"Handicap"	"12"	"13"	"Mulrennan, Paul"	"Barron, T D"
"18:45:00"	"2024-05-10"	"Downpatrick"	"Yolande Court (IRE)"	"66.00"	"133.18"	"Handicap Hurdle"	"9"	"11"	"King, D"	"Kingston, G A"
"18:40:00"	"2024-05-10"	"Ripon"	"Schumann (IRE)"	"66.00"	"169.93"	"Handicap"	"6"	"9"	"Mason, Joanna"	"Coward, Miss J M"
"18:25:00"	"2024-05-10"	"Cork"	"Imperial Dream (IRE)"	"25.00"	"40"	"Handicap"	"6"	"12"	"Donaghue-Leahy, R"	"Flynn, Patrick J"
"18:20:00"	"2024-05-10"	"Sedgefield"	"Bright Sunbird (IRE)"	"28.00"	"44.2"	"Handicap Hurdle"	"6"	"14"	"Moscrop, Nathan"	"Menzies, Rebecca"
"18:10:00"	"2024-05-10"	"Downpatrick"	"Bringsty"	"150.00"	"493.77"	"Maiden Hurdle"	"10"	"13"	"McGarvey, J S"	"Kelly, Noel C"
"17:50:00"	"2024-05-10"	"Cork"	"Tawaazon (IRE)"	"150.00"	"306.42"	"Handicap"	"13"	"15"	"Maxwell, C D"	"Kinsella, J A"
"17:18:00"	"2024-05-10"	"Sedgefield"	"Byron Hill (IRE)"	"4.50"	"7.03"	"Novices Hurdle"	"2"	"11"	"Twiston-Davies, Sam"	"Neville, Patrick"
"17:05:00"	"2024-05-10"	"Downpatrick"	"Le Nouveau (IRE)"	"80.00"	"234.12"	"Maiden Hurdle"	"9"	"12"	"Kidd, D A"	"Maxwell, Conor"
"16:50:00"	"2024-05-10"	"Chester"	"Oman (IRE)"	"22.00"	"32.12"	"Handicap"	"1"	"7"	"Wheatley, Zak"	"Carroll, A W"
"16:40:00"	"2024-05-10"	"Cork"	"Majestic Beauty"	"7.50"	"10.33"	"Non-Handicap"	"4"	"13"	"Hayes, C D"	"Murray, Adrian"
"16:40:00"	"2024-05-10"	"Cork"	"Gunzburg (IRE)"	"20.00"	"31.19"	"Non-Handicap"	"5"	"13"	"Carroll, G F"	"Cromwell, Gavin Patrick"
"15:30:00"	"2024-05-10"	"Ascot"	"Eminency (IRE)"	"8.00"	"10.33"	"Handicap"	"9"	"9"	"Ryan, Rossa"	"Williams, S C"
"14:10:00"	"2024-05-10"	"Market Rasen"	"Mayaal (USA)"	"66.00"	"477.63"	"Maiden Hurdle"	"PU"	"8"	"Quinlan, Sean"	"Foster, Miss J E"
"20:20:00"	"2024-05-09"	"Stratford"	"Farewellchancer (IRE)"	"125.00"	"194.46"	"Handicap Novices Hurdle"	"PU"	"8"	"Hammond, Charlie"	"Summers, B R"
"19:50:00"	"2024-05-09"	"Stratford"	"Charming Getaway (IRE)"	"4.00"	"5.86"	"Handicap Novices Hurdle"	"4"	"11"	"Deutsch, Charlie"	"Rowley, Melanie"
"19:40:00"	"2024-05-09"	"Tipperary"	"Wyoming Baby (IRE)"	"2.00"	"3.26"	"NH Flat"	"3"	"9"	"James, Mr R"	"Tyner, Robert"
"19:30:00"	"2024-05-09"	"Chelmsford City"	"Shield Of Honour"	"9.00"	"11.57"	"Handicap"	"5"	"7"	"Morris, Luke"	"Murphy, Amy"
"19:10:00"	"2024-05-09"	"Tipperary"	"Dont Matter Now (IRE)"	"1.38"	"2.67"	"Novices Hunters Chase"	"2"	"10"	"Sheehan, Mr C B"	"Queally, Declan"
"18:30:00"	"2024-05-09"	"Chelmsford City"	"Sienna Breeze (IRE)"	"40.00"	"55.1"	"Handicap"	"8"	"10"	"Wingrove, Miss Jodie"	"Wingrove, D"
"18:30:00"	"2024-05-09"	"Chelmsford City"	"Red Alert"	"66.00"	"116.63"	"Handicap"	"9"	"10"	"Wingrove, Megan"	"Wingrove, D"
"17:10:00"	"2024-05-09"	"Tipperary"	"Cash The Cheque (IRE)"	"3.50"	"6.91"	"Maiden Hurdle"	"1"	"14"	"OKeeffe, Darragh"	"Walsh, Brendan M"
"16:40:00"	"2024-05-09"	"Stratford"	"Minella Miracle (IRE)"	"1.00"	"2.08"	"Maiden Hurdle"	"3"	"11"	"Burke, Jonathan"	"OBrien, Fergal"
"16:40:00"	"2024-05-09"	"Stratford"	"Scintillante"	"5.00"	"8.45"	"Maiden Hurdle"	"7"	"11"	"Noonan, David G"	"Ralph, Alastair"
"16:40:00"	"2024-05-09"	"Stratford"	"Newton (FR)"	"200.00"	"425.35"	"Maiden Hurdle"	"8"	"11"	"Shanahan, William T"	"Coulson, Jake Thomas"
"16:35:00"	"2024-05-09"	"Tipperary"	"True Light (IRE)"	"25.00"	"36.06"	"Maiden Hurdle"	"12"	"15"	"Gainford, Mr J C"	"OConnor,Mrs Grainne M "
"14:55:00"	"2024-05-09"	"Huntingdon"	"My Dream"	"150.00"	"219.53"	"Maiden Hurdle"	"PU"	"14"	"Best, J A"	"Humphrey, Mrs S J"
"14:48:00"	"2024-05-09"	"Brighton"	"Validated"	"2.75"	"4.2"	"Maiden"	"1"	"9"	"Clutterbuck, Rhys"	"Parr, Joseph"
"14:18:00"	"2024-05-09"	"Brighton"	"Beauld As Brass"	"20.00"	"23.33"	"Handicap"	"4"	"9"	"Kirrane, Sean"	"West, Adam"
"13:50:00"	"2024-05-09"	"Huntingdon"	"Forget The Way"	"3.33"	"4.45"	"Handicap Hurdle"	"3"	"13"	"Chadwick, Alex"	"Owen, J P"
"13:30:00"	"2024-05-09"	"Chester"	"Democracy Dilemma (IRE)"	"2.75"	"4.1"	"Handicap"	"1"	"11"	"Marquand, Tom"	"Cowell, R M H"
"21:00:00"	"2024-05-08"	"Kempton"	"Campese"	"80.00"	"109.95"	"Handicap"	"13"	"13"	"Loughnane, Mr Billy"	"Ford, Richenda"
"20:20:00"	"2024-05-08"	"Gowran Park"	"Monnow Valley"	"50.00"	"63.37"	"Handicap"	"16"	"16"	"Caffrey, Adam"	"Cluskey, P"
"20:00:00"	"2024-05-08"	"Kempton"	"Guns And Flowers (IRE)"	"100.00"	"162.82"	"Handicap"	"7"	"10"	"Morris, Luke"	"Mongan, Mrs L J"
"20:00:00"	"2024-05-08"	"Kempton"	"Pearly Star"	"10.00"	"11.92"	"Handicap"	"8"	"10"	"Wood, George"	"Horton, James"
"19:50:00"	"2024-05-08"	"Gowran Park"	"Romford (IRE)"	"40.00"	"47.82"	"Handicap"	"12"	"12"	"Costello, Mr T R"	"Kelly, Muredach"
"19:40:00"	"2024-05-08"	"Fontwell"	"Miss Mahmite (IRE)"	"11.00"	"16"	"Handicap Novices Hurdle"	"PU"	"9"	"Bass, David"	"Bandey, R J"
"19:00:00"	"2024-05-08"	"Kempton"	"Rochelle (FR)"	"1.10"	"2.16"	"Novices"	"1"	"10"	"Doyle, James"	"Foy, Kevin"
"18:30:00"	"2024-05-08"	"Kempton"	"Rinnovati (ITY)"	"7.50"	"9.68"	"Handicap"	"2"	"11"	"Morris, Luke"	"Watson, Archie"
"18:10:00"	"2024-05-08"	"Fontwell"	"Iron Mike"	"25.00"	"39.66"	"Handicap Chase"	"5"	"9"	"Sheehan, Gavin"	"Hosie, Syd"
"17:40:00"	"2024-05-08"	"Fontwell"	"Artiste Dainay (FR)"	"2.75"	"4.7"	"Maiden Hurdle"	"3"	"11"	"Andrews, Jack"	"Ellis, T"
"17:20:00"	"2024-05-08"	"Gowran Park"	"Royalcorrespondent (IRE)"	"14.00"	"25.8"	"Maiden"	"4"	"16"	"Keane, C T"	"Cody, Patrick"
"17:20:00"	"2024-05-08"	"Gowran Park"	"Jacks Inn (IRE)"	"25.00"	"50"	"Maiden"	"8"	"16"	"Caffrey, Adam"	"Harney, John M"
"17:20:00"	"2024-05-08"	"Gowran Park"	"Liamo (IRE)"	"66.00"	"160"	"Maiden"	"11"	"16"	"Harnett, P A"	"Walsh, Brendan M"
"17:20:00"	"2024-05-08"	"Gowran Park"	"Quite Content (IRE)"	"250.00"	"1000"	"Maiden"	"14"	"16"	"Ryan, Gavin"	"OSullivan, Daniel William"
"14:10:00"	"2024-05-08"	"Kelso"	"Sea God (IRE)"	"2.00"	"3.5"	"Novices Hurdle"	"4"	"13"	"Fox, Derek R"	"Russell, Miss Lucinda V"
"13:40:00"	"2024-05-08"	"Kelso"	"Pure Sirloin (IRE)"	"125.00"	"180"	"Handicap Hurdle"	"11"	"15"	"Brooke, Henry"	"Forster, Miss S E"
"13:40:00"	"2024-05-08"	"Kelso"	"Percys Word"	"150.00"	"292.23"	"Handicap Hurdle"	"14"	"15"	"Anderson, Mr A"	"Bedi, Miss J"
"20:20:00"	"2024-05-07"	"Ballinrobe"	"Fatal Flaw (IRE)"	"7.00"	"12.62"	"NH Flat"	"2"	"16"	"OConnor, Derek"	"Sweeney, Jonathan"
"20:12:00"	"2024-05-07"	"Southwell"	"Aquitaine Boy (FR)"	"40.00"	"134.84"	"Maiden Hurdle"	"1"	"11"	"Hamilton, Jamie"	"Jefferson, Ruth"
"20:12:00"	"2024-05-07"	"Southwell"	"Mostly Sunny (IRE)"	"0.73"	"1.92"	"Maiden Hurdle"	"2"	"11"	"Skelton, Harry"	"Skelton, Daniel"
"19:42:00"	"2024-05-07"	"Southwell"	"No Thanks"	"11.00"	"12.87"	"Handicap Hurdle"	"F"	"11"	"Hogan, Mr J"	"OBrien, Fergal"
"19:12:00"	"2024-05-07"	"Southwell"	"Jumping Jupiter (IRE)"	"3.33"	"4.7"	"Handicap Novices Hurdle"	"2"	"10"	"Hamilton, Jamie"	"Walford, Mark"
"19:00:00"	"2024-05-07"	"Hereford"	"Silver Shade (FR)"	"22.00"	"28.13"	"Handicap Hurdle"	"PU"	"11"	"Godfrey, Ben"	"Honeyball, A J"
"18:42:00"	"2024-05-07"	"Southwell"	"Chemical Warfare (IRE)"	"5.00"	"7"	"Handicap Novices Hurdle"	"4"	"10"	"OFarrell, C"	"Pipe, D E"
"18:42:00"	"2024-05-07"	"Southwell"	"No Mean Feat (IRE)"	"28.00"	"52.84"	"Handicap Novices Hurdle"	"PU"	"10"	"Anderson, Mr A"	"Hodgson, Simon"
"17:50:00"	"2024-05-07"	"Ballinrobe"	"Hurricane Joey (IRE)"	"66.00"	"1000"	"Maiden Hurdle"	"10"	"14"	"Prendergast, Niall"	"Keegan, Charles P"
"17:35:00"	"2024-05-07"	"Ffos Las"	"Coup De Gold (IRE)"	"5.50"	"7.37"	"Handicap Hurdle"	"F"	"13"	"Williams, Eleanor"	"Williams, Evan"
"17:20:00"	"2024-05-07"	"Ballinrobe"	"New Barn Lane (IRE)"	"12.00"	"19.24"	"Handicap Hurdle"	"10"	"16"	"Cullinan, Mr C"	"ODwyer, Conor"
"16:55:00"	"2024-05-07"	"Fakenham"	"Trevada"	"1.10"	"2.35"	"Maiden Hunters Chase"	"1"	"3"	"Baker, Mr Z"	"Poste, Francesca"
"16:55:00"	"2024-05-07"	"Fakenham"	"Court Cian (IRE)"	"2.50"	"3.93"	"Maiden Hunters Chase"	"F"	"3"	"Case, Charlie"	"Kehoe, M"
"16:45:00"	"2024-05-07"	"Ballinrobe"	"Daly Pursuit (IRE)"	"150.00"	"800"	"Maiden Hurdle"	"11"	"15"	"Noonan, G B"	"Hassett, P J F"
"16:30:00"	"2024-05-07"	"Ffos Las"	"Hold Your Fort (IRE)"	"6.50"	"7.2"	"Handicap Novices Hurdle"	"5"	"10"	"Brace, Connor"	"Hamer, Mrs D A"
"16:05:00"	"2024-05-07"	"Navan"	"Gardone (IRE)"	"10.00"	"12"	"Handicap"	"8"	"17"	"Crosse, Nathan"	"McNamara, E"
"15:05:00"	"2024-05-07"	"Navan"	"Weston (GER)"	"33.00"	"46.52"	"Handicap"	"4"	"8"	"Whelan, R P"	"Rogers, H"
"14:25:00"	"2024-05-07"	"Ffos Las"	"Politicianspromise (IRE)"	"150.00"	"210.62"	"Novices Hurdle"	"12"	"14"	"Brace, Connor"	"Llewellyn, Robert"
"14:15:00"	"2024-05-07"	"Fakenham"	"Caldwell"	"2.75"	"3.73"	"Handicap Seller Hurdle"	"5"	"9"	"Quinlan, Sean"	"Candlish, Jennie"
"13:35:00"	"2024-05-07"	"Navan"	"Air Force One (IRE)"	"1.63"	"2.64"	"Maiden"	"1"	"14"	"Lee, W J"	"Twomey, P"
"13:35:00"	"2024-05-07"	"Navan"	"Short Change (IRE)"	"100.00"	"234.97"	"Maiden"	"9"	"14"	"McMonagle, Dylan B"	"Dowling, Thomas"
"18:00:00"	"2024-05-06"	"Windsor"	"Robert Walpole"	"33.00"	"65"	"Handicap"	"9"	"14"	"Costello, Dougie"	"Faulkner, Ms D C"
"17:35:00"	"2024-05-06"	"Warwick"	"Skip Mahler (IRE)"	"28.00"	"38.8"	"Handicap Hurdle"	"8"	"11"	"Hamilton, Jamie"	"Walford, Mark"
"16:55:00"	"2024-05-06"	"Windsor"	"Masonbrook Meadow (IRE)"	"25.00"	"28.23"	"Handicap"	"6"	"10"	"Downing, George"	"Mullins, J W"
"16:40:00"	"2024-05-06"	"Kempton"	"Art Of Diplomacy"	"5.50"	"7.79"	"Handicap Hurdle"	"4"	"10"	"Hammond, Charlie"	"Bowen, Peter / Michael"
"16:35:00"	"2024-05-06"	"Bath"	"Mawada (IRE)"	"66.00"	"110"	"Handicap"	"6"	"8"	"Marsh, Finley"	"Wintle, A"
"16:30:00"	"2024-05-06"	"Down Royal"	"Cousin Zeleznik (IRE)"	"150.00"	"467.63"	"Maiden Hunters Chase"	"7"	"12"	"Sutton, Mr J P"	"McLoughlin, D A"
"16:30:00"	"2024-05-06"	"Down Royal"	"Ballymoney (IRE)"	"50.00"	"140"	"Maiden Hunters Chase"	"PU"	"12"	"Swan, H C"	"Grassick, M C"
"15:55:00"	"2024-05-06"	"Down Royal"	"Shantou Show (IRE)"	"3.00"	"4.2"	"Handicap Chase"	"5"	"8"	"Stone-Walsh, C"	"Cody, Patrick"
"15:35:00"	"2024-05-06"	"Curragh"	"Purple Love (FR)"	"100.00"	"153.13"	"Non-Handicap"	"10"	"10"	"Keane, C T"	"Murray, Adrian"
"15:20:00"	"2024-05-06"	"Down Royal"	"Jimmy Chou Pecos Aa (FR)"	"6.50"	"10.82"	"Beginners Chase"	"2"	"12"	"Stone-Walsh, C"	"Donoghue, Ian"
"15:15:00"	"2024-05-06"	"Warwick"	"Dame Sarra"	"16.00"	"22.41"	"Maiden Hurdle"	"2"	"9"	"Davies, James"	"Williams, Noel"
"15:10:00"	"2024-05-06"	"Windsor"	"Letmebetheboss (IRE)"	"50.00"	"176.87"	"Novices"	"5"	"11"	"Edmunds, Lewis"	"Muir, W R"
"15:05:00"	"2024-05-06"	"Beverley"	"Korroor (IRE)"	"18.00"	"28"	"Handicap"	"7"	"10"	"Marshall, Tom Kiely"	"Camacho, Miss J A"
"14:55:00"	"2024-05-06"	"Kempton"	"Pooch"	"100.00"	"246.62"	"Novices Hurdle"	"4"	"7"	"Harris, Bradley"	"Dickin, Harriet"
"14:55:00"	"2024-05-06"	"Kempton"	"Lucky San Jore"	"100.00"	"280"	"Novices Hurdle"	"PU"	"7"	"Houlihan, Niall F"	"Moore, Gary and Josh"
"14:40:00"	"2024-05-06"	"Warwick"	"Trump Lady (IRE)"	"33.00"	"54.65"	"Handicap Hurdle"	"8"	"13"	"Poste, Ben J"	"Hosie, Syd"
"14:30:00"	"2024-05-06"	"Beverley"	"Crooked Crown"	"12.00"	"14.73"	"Handicap"	"10"	"10"	"Mulrennan, Paul"	"Midgley, P T"
"14:25:00"	"2024-05-06"	"Curragh"	"Elegant Madame (IRE)"	"80.00"	"137.59"	"Non-Handicap"	"5"	"5"	"Egan, David"	"Murray, Adrian"
"14:10:00"	"2024-05-06"	"Down Royal"	"Benjis Benefit (IRE)"	"4.50"	"6.81"	"Handicap Hurdle"	"2"	"20"	"Kelly, Aidan"	"Hogan, Denis Gerard"
"17:30:00"	"2024-05-05"	"Hamilton"	"Mrs Happy (IRE)"	"40.00"	"75"	"Handicap"	"6"	"7"	"Hardie, Cameron"	"Russell, Miss Lucinda V"
"16:58:00"	"2024-05-05"	"Hamilton"	"Naturalia"	"25.00"	"33.48"	"Handicap"	"3"	"8"	"Mullen, Andrew"	"Whillans, D W"
"16:58:00"	"2024-05-05"	"Hamilton"	"Nanas Ancestors"	"80.00"	"145.72"	"Handicap"	"8"	"8"	"Hardie, Cameron"	"Russell, Miss Lucinda V"
"16:23:00"	"2024-05-05"	"Hamilton"	"B Associates (IRE)"	"5.50"	"8.12"	"Handicap"	"5"	"7"	"Mullen, Andrew"	"Jardine, I"
"16:00:00"	"2024-05-05"	"Sligo"	"Belhaven (IRE)"	"8.50"	"12.5"	"Handicap"	"1"	"11"	"McMonagle, Dylan B"	"OBrien, Joseph Patrick"
"15:25:00"	"2024-05-05"	"Sligo"	"War Thunder"	"5.00"	"6.34"	"Handicap"	"1"	"14"	"Whearty, R"	"Flynn, Paul W"
"15:25:00"	"2024-05-05"	"Sligo"	"Creative Dancer (IRE)"	"66.00"	"95"	"Handicap"	"8"	"14"	"Horgan, C"	"Donoghue, Ian"
"13:40:00"	"2024-05-05"	"Sligo"	"Always Love You"	"12.00"	"16.26"	"Maiden"	"4"	"10"	"Keane, C T"	"Murray, Adrian"
"19:25:00"	"2024-05-04"	"Uttoxeter"	"Mrs Grimley (IRE)"	"9.00"	"12"	"Handicap Hurdle"	"5"	"7"	"Dunne, R T"	"Allwood, S"
"18:45:00"	"2024-05-04"	"Hexham"	"Rock On Jet (IRE)"	"14.00"	"21.81"	"Novices Hurdle"	"3"	"12"	"Bewley, Jonathon"	"Bewley, G T"
"18:25:00"	"2024-05-04"	"Yarmouth"	"Mccann The Man"	"33.00"	"53.17"	"Handicap"	"6"	"7"	"Coakley, Ross"	"Brown, Andi"
"18:18:00"	"2024-05-04"	"Uttoxeter"	"Blagthebookies (IRE)"	"0.57"	"1.58"	"Handicap Novices Chase"	"4"	"10"	"Obrien, P V"	"Derham, Harry"
"18:10:00"	"2024-05-04"	"Hexham"	"Whatdeawant (IRE)"	"7.50"	"8.62"	"Handicap Novices Chase"	"3"	"6"	"Fox, Derek R"	"Russell, Miss Lucinda V"
"17:10:00"	"2024-05-04"	"Uttoxeter"	"Italian Spirit (IRE)"	"40.00"	"58.36"	"Handicap Hurdle"	"3"	"9"	"Poste, Ben J"	"Dickin, Harriet"
"16:55:00"	"2024-05-04"	"Thirsk"	"Oasis Prince"	"25.00"	"35.5"	"Handicap"	"8"	"8"	"Mason, Joanna"	"Coward, Miss J M"
"16:40:00"	"2024-05-04"	"Yarmouth"	"Resonance (IRE)"	"5.00"	"7.99"	"Handicap"	"5"	"7"	"Mitchell, Jack"	"Clover, Tom"
"16:35:00"	"2024-05-04"	"Uttoxeter"	"Sporty Jim (IRE)"	"20.00"	"24.23"	"Handicap Chase"	"PU"	"8"	"Hammond, Charlie"	"Summers, B R"
"16:20:00"	"2024-05-04"	"Thirsk"	"Vocal Studies (IRE)"	"14.00"	"24"	"Handicap"	"1"	"14"	"Peate, Jonny"	"Fell, R / Murray, S"
"16:20:00"	"2024-05-04"	"Thirsk"	"Time Tells All (IRE)"	"16.00"	"21"	"Handicap"	"9"	"14"	"Shaw, Harrison"	"Carroll, D"
"16:10:00"	"2024-05-04"	"Newmarket (Rowley)"	"Geremia (IRE)"	"4.50"	"6.03"	"Handicap"	"6"	"9"	"Osborne, Saffie"	"Jardine, I"
"14:45:00"	"2024-05-04"	"Goodwood"	"Havaila (IRE)"	"8.50"	"11.1"	"Handicap"	"2"	"7"	"Queally, T P"	"Moore, Gary and Josh"
"14:40:00"	"2024-05-04"	"Thirsk"	"Autumn Festival"	"50.00"	"70"	"Handicap"	"3"	"14"	"Jary, Alex"	"De Giles, Ed"
"14:30:00"	"2024-05-04"	"Punchestown"	"Cash Back (FR)"	"10.00"	"11.66"	"Chase"	"PU"	"11"	"Harvey, Mr B W"	"McConnell, John C"
"14:10:00"	"2024-05-04"	"Thirsk"	"Mythical Phoenix (IRE)"	"7.00"	"8.31"	"Handicap"	"2"	"15"	"Mulrennan, Paul"	"Camacho, Miss J A"
"14:10:00"	"2024-05-04"	"Thirsk"	"Royal Pleasure (IRE)"	"16.00"	"22"	"Handicap"	"4"	"15"	"Mason, Joanna"	"Easterby, M W"
"14:05:00"	"2024-05-04"	"Goodwood"	"Royal Dress (IRE)"	"33.00"	"48.46"	"Non-Handicap"	"1"	"8"	"Coen, Ben M"	"Tate, James"
"21:00:00"	"2024-05-03"	"Newcastle"	"Magic Gem"	"12.00"	"13.67"	"Handicap"	"2"	"12"	"Eaves, Tom"	"Herrington,M "
"20:30:00"	"2024-05-03"	"Newcastle"	"Grand Style (FR)"	"80.00"	"136.22"	"Handicap"	"9"	"9"	"Heard, Tyler"	"Kirby, P A"
"20:05:00"	"2024-05-03"	"Cheltenham"	"The Composeur (IRE)"	"9.00"	"12.01"	"Hunters Chase"	"PU"	"10"	"Wilmot, Mr Jack"	"ONeill, Mrs J"
"20:05:00"	"2024-05-03"	"Cheltenham"	"Game Of War (IRE)"	"40.00"	"90"	"Hunters Chase"	"PU"	"10"	"Andrews, Mr D I J"	"Vanstone, Mrs R"
"20:05:00"	"2024-05-03"	"Cheltenham"	"Espoir De Guye (FR)"	"4.00"	"6.51"	"Hunters Chase"	"PU"	"10"	"Parker, Natalie"	"Sheppard, Mrs N"
"19:40:00"	"2024-05-03"	"Punchestown"	"Fear The Deere (IRE)"	"200.00"	"887.05"	"NH Flat"	"16"	"19"	"Doyle, Mr D"	"Doyle, Timothy"
"19:30:00"	"2024-05-03"	"Cheltenham"	"Master Templar (IRE)"	"6.00"	"9.46"	"Hunters Chase"	"2"	"10"	"Andrews, Gina"	"Ellis, Mrs G"
"19:30:00"	"2024-05-03"	"Cheltenham"	"Perfect Pirate"	"22.00"	"33.14"	"Hunters Chase"	"4"	"10"	"OConnor, Mr S P"	"Morgan, L"
"19:30:00"	"2024-05-03"	"Cheltenham"	"Pym (IRE)"	"5.00"	"7.36"	"Hunters Chase"	"5"	"10"	"Loweth, Mr Archie"	"Sherriff, Miss C"
"19:30:00"	"2024-05-03"	"Cheltenham"	"Coup De Pinceau (FR)"	"16.00"	"20.93"	"Hunters Chase"	"PU"	"10"	"Hiscock, Mr G"	"Hiscock , G"
"19:30:00"	"2024-05-03"	"Cheltenham"	"Ange Des Malberaux (FR)"	"100.00"	"300"	"Hunters Chase"	"PU"	"10"	"Stevens, Heidi"	"Stevens, Miss Heidi"
"19:20:00"	"2024-05-03"	"Newcastle"	"Raft Up (IRE)"	"14.00"	"18.64"	"Handicap"	"1"	"14"	"Mason, Joanna"	"Bethell, Harriet"
"18:55:00"	"2024-05-03"	"Cheltenham"	"Chenery (IRE)"	"5.00"	"6.89"	"Hunters Chase"	"PU"	"4"	"Baker, Mr Z"	"Stock, H"
"18:20:00"	"2024-05-03"	"Cheltenham"	"Fairly Famous (IRE)"	"3.33"	"4.61"	"Hunters Chase"	"1"	"9"	"Andrews, Gina"	"Ellis, Mrs G"
"18:20:00"	"2024-05-03"	"Cheltenham"	"Definite Dilemma (IRE)"	"33.00"	"43.3"	"Hunters Chase"	"4"	"9"	"York, Mr P"	"Gillings, Miss E L"
"18:20:00"	"2024-05-03"	"Cheltenham"	"Ripper Roo (FR)"	"40.00"	"58.51"	"Hunters Chase"	"PU"	"9"	"Kyne, Daniel"	"Varnham, Robert"
"18:10:00"	"2024-05-03"	"Newcastle"	"Make It Easy (IRE)"	"33.00"	"47.97"	"Handicap"	"2"	"6"	"Scott, Rowan"	"Tinkler, N"
"18:10:00"	"2024-05-03"	"Newcastle"	"Cool Run (IRE)"	"18.00"	"23.55"	"Handicap"	"5"	"6"	"Sexton, Ryan"	"Camacho, Miss J A"
"17:45:00"	"2024-05-03"	"Cheltenham"	"Jetaway Joey (IRE)"	"4.00"	"6.37"	"Hunters Chase"	"4"	"9"	"Andrews, Jack"	"Ellis, Mrs G"
"17:25:00"	"2024-05-03"	"Punchestown"	"Lonesome Boatman (FR)"	"50.00"	"93.37"	"Hunters Chase"	"3"	"14"	"Allen, Mr D"	"Murphy, D G"
"17:25:00"	"2024-05-03"	"Punchestown"	"Royal Rendezvous (IRE)"	"66.00"	"158.31"	"Hunters Chase"	"PU"	"14"	"Dunleavy, Mr B"	"McCaldin, Mrs Caroline"
"17:25:00"	"2024-05-03"	"Punchestown"	"Jay Bee Why (IRE)"	"100.00"	"100"	"Hunters Chase"	"UR"	"14"	"Finn, Mr B"	"Ewing, Warren"
"17:10:00"	"2024-05-03"	"Cheltenham"	"Paper Mill"	"8.50"	"10.58"	"Hunters Chase"	"6"	"9"	"Case, Charlie"	"Kehoe, M"
"17:10:00"	"2024-05-03"	"Cheltenham"	"Coolagh Park"	"16.00"	"23.73"	"Hunters Chase"	"7"	"9"	"Marshall, Miss I"	"Hill, Alan"
"16:45:00"	"2024-05-03"	"Newmarket (Rowley)"	"Lennemi (FR)"	"16.00"	"20.47"	"Handicap"	"7"	"8"	"Doyle, Hollie"	"Camacho, Miss J A"
"16:35:00"	"2024-05-03"	"Cheltenham"	"Bigforyourboots (IRE)"	"100.00"	"282.15"	"Hunters Chase"	"PU"	"8"	"OConnor, Mr S P"	"Morgan, L"
"15:40:00"	"2024-05-03"	"Punchestown"	"Baby Chou (IRE)"	"16.00"	"26"	"Hunters Chase"	"4"	"10"	"Barry, Mr J C"	"Kinirons, A"
"13:30:00"	"2024-05-03"	"Goodwood"	"Change For Good (IRE)"	"8.00"	"9.55"	"Non-Handicap"	"3"	"3"	"Crouch, Hector"	"Sangster, Ollie"
"20:20:00"	"2024-05-02"	"Doncaster"	"Fistral Beach (IRE)"	"14.00"	"18.76"	"Handicap"	"7"	"8"	"Norton, Francis"	"Mackie, J"
"18:50:00"	"2024-05-02"	"Doncaster"	"Its All About You (IRE)"	"16.00"	"19.78"	"Handicap"	"2"	"5"	"Orr, Oisin"	"Candlish, Jennie"
"18:50:00"	"2024-05-02"	"Doncaster"	"Highland Frolic (FR)"	"14.00"	"19"	"Handicap"	"4"	"5"	"Egan, David"	"Rimell, M G"
"18:15:00"	"2024-05-02"	"Doncaster"	"Risk On"	"20.00"	"33.22"	"Handicap"	"8"	"8"	"Egan, David"	"Rimell, M G"
"16:50:00"	"2024-05-02"	"Punchestown"	"El Paso Wood (FR)"	"50.00"	"92.24"	"Chase"	"PU"	"14"	"James, Mr R"	"Bowe, Colin"
"16:40:00"	"2024-05-02"	"Lingfield"	"Laurentia (IRE)"	"7.50"	"9.65"	"Handicap"	"1"	"10"	"Rooke, George"	"Long, J E"
"15:52:00"	"2024-05-02"	"Redcar"	"Never Ending (IRE)"	"5.50"	"7.02"	"Handicap"	"4"	"6"	"Fallon, Cieren"	"OMeara, D"
"15:17:00"	"2024-05-02"	"Redcar"	"Kyber Crystal (IRE)"	"16.00"	"25"	"Handicap"	"6"	"10"	"Cole, Morgan"	"Menzies, Rebecca"
"14:52:00"	"2024-05-02"	"Ayr"	"Hawkes Bay"	"100.00"	"150"	"Handicap"	"7"	"7"	"Muir, Paula"	"Barnes, M A"
"14:42:00"	"2024-05-02"	"Redcar"	"Pendlebury Lane"	"10.00"	"18.69"	"Novices"	"2"	"7"	"Sexton, Ryan"	"Camacho, Miss J A"
"14:12:00"	"2024-05-02"	"Redcar"	"Roberto Caro (IRE)"	"4.50"	"6.01"	"Novices"	"2"	"12"	"Swift, Mr Dale"	"Spencer, Seb"
"20:00:00"	"2024-05-01"	"Kempton"	"Tahitian Prince (FR)"	"16.00"	"20.69"	"Handicap"	"7"	"14"	"Callan, N"	"Baker, George"
"18:45:00"	"2024-05-01"	"Brighton"	"Cryptos Dream (IRE)"	"8.50"	"11.5"	"Handicap"	"6"	"8"	"Doughty, Jack"	"Carroll, A W"
"18:25:00"	"2024-05-01"	"Kempton"	"Dorset Lady (IRE)"	"20.00"	"26.54"	"Handicap"	"6"	"7"	"Leavy, Mr Joe"	"Brown, G"
"15:05:00"	"2024-05-01"	"Punchestown"	"Backtonormal (IRE)"	"7.00"	"10.58"	"Hurdle"	"1"	"17"	"Flanagan, S W"	"Cromwell, Gavin Patrick"
"15:00:00"	"2024-05-01"	"Wolverhampton"	"Loveable Rogue (IRE)"	"4.50"	"5.75"	"Maiden"	"2"	"8"	"Bowen, S D"	"Owen, J P"
"17:55:00"	"2024-04-30"	"Brighton"	"My Bonnie Lassie"	"33.00"	"56.68"	"Handicap"	"3"	"11"	"Crowley, Jim"	"Best, Jim/Suzi"
"17:35:00"	"2024-04-30"	"Yarmouth"	"Rogue King (IRE)"	"7.50"	"9.74"	"Handicap"	"6"	"9"	"Keeley, Aidan"	"Owen, J P"
"17:10:00"	"2024-04-30"	"Catterick"	"Chattel Village (IRE)"	"80.00"	"160"	"Handicap"	"13"	"13"	"Mulrennan, Paul"	"Wainwright, J S"
"17:00:00"	"2024-04-30"	"Yarmouth"	"Conservationist"	"12.00"	"14.31"	"Handicap"	"10"	"10"	"Doyle, James"	"Ryan, K A"
"16:45:00"	"2024-04-30"	"Brighton"	"Rock N Roll Kid (IRE)"	"80.00"	"144.84"	"Handicap"	"12"	"12"	"Carson, William"	"Hitchins, Daisy"
"16:15:00"	"2024-04-30"	"Punchestown"	"Mt Leinster (IRE)"	"125.00"	"787.29"	"Handicap Hurdle"	"PU"	"24"	"Harvey, Mr B W"	"McConnell, John C"
"15:15:00"	"2024-04-30"	"Yarmouth"	"Love Is A Rose"	"150.00"	"242.8"	"Maiden"	"10"	"12"	"Keeley, Aidan"	"Wigham, M"
"14:30:00"	"2024-04-30"	"Punchestown"	"De Nordener (IRE)"	"4.50"	"5.81"	"Hunters Chase"	"5"	"16"	"Quail, Toni"	"Curling, S"
"14:30:00"	"2024-04-30"	"Punchestown"	"Bonny Dazzler (FR)"	"200.00"	"582"	"Hunters Chase"	"10"	"16"	"Corish, Ms J"	"Corish, Thomas"
"14:30:00"	"2024-04-30"	"Punchestown"	"Tech Talk (IRE)"	"12.00"	"17.92"	"Hunters Chase"	"UR"	"16"	"Barry, Mr J C"	"Dreaper, Tom"
"14:30:00"	"2024-04-30"	"Punchestown"	"Rathcannon Violet (IRE)"	"125.00"	"543.91"	"Hunters Chase"	"UR"	"16"	"Gleeson, Mr P W"	"Gleeson, John F"
"20:20:00"	"2024-04-29"	"Naas"	"Viva Voce (IRE)"	"80.00"	"240"	"Handicap"	"15"	"19"	"Halpin, G P"	"McGuinness, Tom"
"19:50:00"	"2024-04-29"	"Naas"	"Calamint (IRE)"	"33.00"	"53.9"	"Handicap"	"1"	"19"	"Egan, David"	"Murray, Adrian"
"19:50:00"	"2024-04-29"	"Naas"	"Sapristi (IRE)"	"80.00"	"220"	"Handicap"	"16"	"19"	"Cleary, Jack"	"Dowling, Thomas"
"19:50:00"	"2024-04-29"	"Naas"	"Fleetfootsoldier (IRE)"	"25.00"	"39.36"	"Handicap"	"17"	"19"	"OConnor, Donagh"	"McConnell, John C"
"19:50:00"	"2024-04-29"	"Naas"	"Esticky End (IRE)"	"80.00"	"176.3"	"Handicap"	"19"	"19"	"McAteer, L T"	"McGuinness, Tom"
"19:39:00"	"2024-04-29"	"Windsor"	"Calm Waters (IRE)"	"3.00"	"4.72"	"Handicap"	"2"	"12"	"Murphy, Oisin"	"Millman, B R"
"19:39:00"	"2024-04-29"	"Windsor"	"My Clementine (IRE)"	"40.00"	"52.49"	"Handicap"	"8"	"12"	"Marsh, Finley"	"Wintle, A"
"19:09:00"	"2024-04-29"	"Windsor"	"Kehlani (IRE)"	"11.00"	"15.5"	"Handicap"	"4"	"12"	"Sayette, B D L"	"Foy, Kevin"
"19:09:00"	"2024-04-29"	"Windsor"	"Kissininthebackrow"	"14.00"	"24"	"Handicap"	"7"	"12"	"Mangan, Gina"	"Newland, Dr R D P"
"18:20:00"	"2024-04-29"	"Naas"	"Crispy Cat"	"16.00"	"26.37"	"Non-Handicap"	"8"	"10"	"Egan, David"	"Murray, Adrian"
"17:50:00"	"2024-04-29"	"Naas"	"Physique (IRE)"	"28.00"	"47.03"	"Handicap"	"14"	"14"	"Hayes, C D"	"Fenton, M P"
"17:35:00"	"2024-04-29"	"Ayr"	"Laudable"	"5.50"	"7.4"	"Handicap"	"7"	"7"	"Allan, David"	"Davidson, Tristan"
"17:20:00"	"2024-04-29"	"Naas"	"Elinor Dashwood (IRE)"	"20.00"	"26.67"	"Handicap"	"4"	"12"	"Caffrey, Adam"	"McGuinness, Adrian"
"17:20:00"	"2024-04-29"	"Naas"	"Lively Set (IRE)"	"33.00"	"51.1"	"Handicap"	"10"	"12"	"McMonagle, Dylan B"	"Coleman, Kevin"
"16:40:00"	"2024-04-29"	"Southwell"	"Flying Panther"	"6.00"	"9.94"	"Handicap"	"4"	"9"	"Keeley, Aidan"	"Owen, J P"
"16:25:00"	"2024-04-29"	"Ayr"	"Zaphea (IRE)"	"5.00"	"6.52"	"Handicap"	"3"	"7"	"Mulrennan, Paul"	"Jardine, I"
"15:35:00"	"2024-04-29"	"Southwell"	"Smart Charger (IRE)"	"1.50"	"2.86"	"Handicap"	"2"	"13"	"Ryan, Rossa"	"King, A"
"15:35:00"	"2024-04-29"	"Southwell"	"Camacho Man (IRE)"	"66.00"	"131.97"	"Handicap"	"3"	"13"	"Mason, Joanna"	"Horsfall, Miss L"
"15:35:00"	"2024-04-29"	"Southwell"	"Spring Chorus"	"28.00"	"55"	"Handicap"	"11"	"13"	"Edmunds, Lewis"	"Macey, Jessica"
"15:00:00"	"2024-04-29"	"Southwell"	"Renoir"	"100.00"	"285.73"	"Novices"	"5"	"6"	"Pearson, Laura"	"Faulkner, Ms D C"
"17:25:00"	"2024-04-28"	"Southwell"	"Harry Magnus (IRE)"	"66.00"	"130"	"Handicap"	"9"	"11"	"Hardie, Cameron"	"Brittain, Antony"
"17:25:00"	"2024-04-28"	"Southwell"	"Serenity Rose (IRE)"	"100.00"	"246.53"	"Handicap"	"10"	"11"	"Sanderson, Benjamin"	"Frost, Kevin"
"16:50:00"	"2024-04-28"	"Southwell"	"Rock Of England (IRE)"	"50.00"	"85"	"Handicap"	"11"	"11"	"Hart, Jason"	"Midgley, P T"
"16:30:00"	"2024-04-28"	"Bath"	"Spirit Of The Bay (IRE)"	"66.00"	"109.67"	"Handicap"	"7"	"8"	"Cox, William"	"Flint, J L"
"16:05:00"	"2024-04-28"	"Wetherby"	"Tolstoy (IRE)"	"8.50"	"11.5"	"Handicap"	"5"	"6"	"Russell, Harry"	"Ellison, B"
"16:05:00"	"2024-04-28"	"Wetherby"	"Barneys Bay"	"33.00"	"51.08"	"Handicap"	"6"	"6"	"McManoman, Faye"	"Shaw, D"
"15:55:00"	"2024-04-28"	"Bath"	"Hotaugustnight (IRE)"	"3.00"	"4.1"	"Handicap"	"4"	"7"	"Marsh, Finley"	"Hosie, Syd"
"15:20:00"	"2024-04-28"	"Bath"	"Cherryhawk"	"20.00"	"27.13"	"Handicap"	"2"	"11"	"Mangan, Gina"	"Evans, Mrs N S"
"15:20:00"	"2024-04-28"	"Bath"	"Dartman (IRE)"	"66.00"	"110"	"Handicap"	"10"	"11"	"Jones, Ethan"	"Davies, Miss Sarah-Jayne"
"14:50:00"	"2024-04-28"	"Bath"	"La Verite"	"8.00"	"10.5"	"Novices"	"7"	"9"	"Doyle, Hollie"	"Cowell, R M H"
"14:30:00"	"2024-04-28"	"Wetherby"	"Edgewater Drive (IRE)"	"40.00"	"72.88"	"Handicap"	"8"	"15"	"Muir, Paula"	"Storey, W"
"19:30:00"	"2024-04-27"	"Wolverhampton"	"Bateman (IRE)"	"11.00"	"18.34"	"Novices"	"5"	"6"	"Hornby, Rob"	"Williams, S C"
"19:20:00"	"2024-04-27"	"Ripon"	"Maries Secret"	"4.00"	"5.9"	"Handicap"	"3"	"8"	"Hart, Jason"	"Easterby, T D"
"18:30:00"	"2024-04-27"	"Wolverhampton"	"Extra Beat (IRE)"	"33.00"	"41.48"	"Novices"	"8"	"8"	"Wood, George"	"Horton, James"
"18:20:00"	"2024-04-27"	"Ripon"	"Gaassee (IRE)"	"9.00"	"10.89"	"Handicap"	"7"	"8"	"Bryan, Joshua"	"Watson, Archie"
"17:15:00"	"2024-04-27"	"Ripon"	"Animate (IRE)"	"25.00"	"30.74"	"Handicap"	"6"	"7"	"Orr, Oisin"	"Harker, G A"
"17:10:00"	"2024-04-27"	"Navan"	"Morph Speed (IRE)"	"66.00"	"105.59"	"Handicap"	"14"	"16"	"Colgan, R C"	"Slevin, Nigel"
"17:10:00"	"2024-04-27"	"Navan"	"Whiskey Sour (IRE)"	"100.00"	"328.43"	"Handicap"	"15"	"16"	"Slattery, A J"	"Wilson, S"
"17:10:00"	"2024-04-27"	"Navan"	"Feud"	"11.00"	"14"	"Handicap"	"16"	"16"	"Foley, Shane"	"OBrien, Richard John"
"17:00:00"	"2024-04-27"	"Haydock"	"Frightening"	"6.50"	"8.4"	"Handicap"	"5"	"6"	"Ryan, Rossa"	"Jones, Jack"
"16:55:00"	"2024-04-27"	"Leicester"	"Monsieur Patat"	"25.00"	"38"	"Handicap"	"7"	"14"	"Doughty, Jack"	"Wintle, A"
"16:35:00"	"2024-04-27"	"Navan"	"Dabana (IRE)"	"66.00"	"160"	"Handicap"	"15"	"19"	"Rutledge, Siobhan"	"McConnell, John C"
"15:12:00"	"2024-04-27"	"Leicester"	"Holbache"	"1.88"	"3"	"Handicap"	"6"	"7"	"Marshall, Tom Kiely"	"Camacho, Miss J A"
"14:17:00"	"2024-04-27"	"Navan"	"Power Mode (USA)"	"40.00"	"70"	"Non-Handicap"	"8"	"13"	"Ryan, Gavin"	"Murphy, Daniel"
"14:05:00"	"2024-04-27"	"Leicester"	"Selwan (IRE)"	"100.00"	"216.56"	"Handicap"	"7"	"9"	"Gordon, Josephine"	"Williams, Ian"
"13:38:00"	"2024-04-27"	"Haydock"	"Capitano"	"80.00"	"184.64"	"Maiden"	"6"	"6"	"Gray, S A"	"Barclay, Stella"
"13:10:00"	"2024-04-27"	"Navan"	"Avatar Jet (IRE)"	"16.00"	"21.97"	"Handicap"	"16"	"21"	"McCullagh, Scott"	"Fahey, Mark"
"19:40:00"	"2024-04-26"	"Chepstow"	"Looksnowtlikebrian (IRE)"	"4.00"	"6.27"	"Hunters Chase"	"3"	"11"	"Radford, Mr Osian"	"Brace, D"
"19:40:00"	"2024-04-26"	"Chepstow"	"Red Nika (FR)"	"6.50"	"9.2"	"Hunters Chase"	"4"	"11"	"King, Mr James"	"ODonnabhain, E"
"19:40:00"	"2024-04-26"	"Chepstow"	"Trendy Lady (IRE)"	"80.00"	"140"	"Hunters Chase"	"6"	"11"	"Morris, Miss C"	"Davies, Mrs C"
"19:40:00"	"2024-04-26"	"Chepstow"	"Douglas Longbottom"	"4.50"	"6"	"Hunters Chase"	"7"	"11"	"McIntyre, Mr M J"	"Coward, Miss B"
"19:40:00"	"2024-04-26"	"Chepstow"	"Top Of The Charts (FR)"	"150.00"	"450"	"Hunters Chase"	"9"	"11"	"Mills, Miss Chloe"	"Mills, Miss"
"19:40:00"	"2024-04-26"	"Chepstow"	"Powerstown Park (IRE)"	"16.00"	"22.25"	"Hunters Chase"	"F"	"11"	"Barber, Josh"	"Willmott, Miss A"
"19:40:00"	"2024-04-26"	"Chepstow"	"Steady The Ship (IRE)"	"40.00"	"62.92"	"Hunters Chase"	"PU"	"11"	"OBrien, Mr T M"	"Priest, Miss Joanne"
"19:00:00"	"2024-04-26"	"Newcastle"	"Coloane (IRE)"	"6.00"	"7.46"	"Handicap"	"7"	"9"	"Peate, Jonny"	"Fell, R / Murray, S"
"18:50:00"	"2024-04-26"	"Downpatrick"	"Big Leg Up (IRE)"	"5.50"	"7.91"	"Handicap Chase"	"9"	"10"	"Ewing, Sam"	"McLoughlin, D A"
"18:40:00"	"2024-04-26"	"Chepstow"	"Pacific"	"150.00"	"324.77"	"Maiden Hurdle"	"5"	"12"	"Best, J A"	"Keighley, M"
"18:30:00"	"2024-04-26"	"Newcastle"	"Kristal Klear (IRE)"	"14.00"	"18.33"	"Handicap"	"2"	"8"	"Hart, Jason"	"Barclay, Stella"
"17:50:00"	"2024-04-26"	"Downpatrick"	"True Destiny"	"33.00"	"73.92"	"Handicap Hurdle"	"9"	"13"	"Torrens, Simon"	"Kelly, Noel C"
"17:50:00"	"2024-04-26"	"Downpatrick"	"Dubai Clover (IRE)"	"20.00"	"32"	"Handicap Hurdle"	"12"	"13"	"Buckley, Kieran"	"Donoghue, Ian"
"17:35:00"	"2024-04-26"	"Cork"	"Jaafel (IRE)"	"14.00"	"23"	"Handicap"	"11"	"12"	"Davis, Sean"	"Byrnes, C"
"16:55:00"	"2024-04-26"	"Doncaster"	"Sea Master"	"100.00"	"175.87"	"Handicap"	"13"	"16"	"Sanna, G"	"Ward, Jason"
"16:50:00"	"2024-04-26"	"Downpatrick"	"Eco Pete (IRE)"	"16.00"	"28"	"Maiden Hurdle"	"2"	"7"	"Torrens, Simon"	"Rothwell, P J"
"16:39:00"	"2024-04-26"	"Chepstow"	"Phil Healy (IRE)"	"100.00"	"194.77"	"Maiden Hurdle"	"9"	"16"	"Reed, Harry"	"Ponting, J"
"16:39:00"	"2024-04-26"	"Chepstow"	"Smugglers Haven (IRE)"	"18.00"	"25.71"	"Maiden Hurdle"	"PU"	"16"	"Tudor, Jack"	"Bradstock, Mrs Sara V"
"16:35:00"	"2024-04-26"	"Cork"	"Louiescall (IRE)"	"66.00"	"263.2"	"Maiden"	"6"	"11"	"Ryan, Gavin"	"Kelly, David Harry"
"16:25:00"	"2024-04-26"	"Perth"	"One Step Up (FR)"	"33.00"	"88.05"	"Handicap Novices Hurdle"	"12"	"12"	"Coltherd, Sam W"	"Coltherd, W S"
"16:20:00"	"2024-04-26"	"Downpatrick"	"Chica Linda (IRE)"	"28.00"	"85"	"Maiden Hurdle"	"11"	"15"	"Sexton, K C"	"Fahey, James"
"16:15:00"	"2024-04-26"	"Doncaster"	"Princess Niyla"	"28.00"	"44"	"Handicap"	"7"	"7"	"Scott, Rowan"	"Brown, A D"
"16:00:00"	"2024-04-26"	"Cork"	"Casapulla (IRE)"	"300.00"	"771.72"	"Maiden"	"7"	"7"	"Whearty, R"	"Cluskey, P"
"15:15:00"	"2024-04-26"	"Perth"	"Universal Folly"	"40.00"	"97.99"	"Handicap Novices Chase"	"PU"	"10"	"Coltherd, Sam W"	"Coltherd, W S"
"14:40:00"	"2024-04-26"	"Perth"	"Uncle Mac (IRE)"	"25.00"	"65.04"	"Novices Hurdle"	"4"	"8"	"Austin, Edward"	"Dobbin, Mrs R"
"14:40:00"	"2024-04-26"	"Perth"	"Bellslea (IRE)"	"80.00"	"693.45"	"Novices Hurdle"	"6"	"8"	"OFarrell, C"	"Smith, R Michael"
"14:40:00"	"2024-04-26"	"Perth"	"Justwatchmedance (IRE)"	"33.00"	"157.76"	"Novices Hurdle"	"PU"	"8"	"Hughes, Brian"	"Bourke, D F"
"14:15:00"	"2024-04-26"	"Cork"	"Latinised"	"80.00"	"180.62"	"Handicap"	"16"	"18"	"MacRedmond, Cian"	"Flynn, Leonard"
"14:15:00"	"2024-04-26"	"Cork"	"Halcyon Spirit"	"50.00"	"128.38"	"Handicap"	"17"	"18"	"Murphy, Abigail"	"Motherway, J"
"13:58:00"	"2024-04-26"	"Doncaster"	"Juryman"	"14.00"	"23"	"Handicap"	"7"	"12"	"Garritty, Billy"	"Coward, Miss J M"
"13:15:00"	"2024-04-26"	"Sandown"	"Shagraan (IRE)"	"4.50"	"5.96"	"Handicap"	"2"	"9"	"Sousa, Silvestre De"	"Appleby, M"
"20:30:00"	"2024-04-25"	"Chelmsford City"	"Quantum Force"	"4.00"	"5.23"	"Handicap"	"7"	"8"	"Hogan, D E"	"Parr, Joseph"
"18:45:00"	"2024-04-25"	"Huntingdon"	"Bannister (FR)"	"25.00"	"30.28"	"Handicap Hurdle"	"7"	"9"	"Hammond, Charlie"	"Kent, Nick"
"17:50:00"	"2024-04-25"	"Wexford"	"Conron (IRE)"	"22.00"	"30.17"	"Beginners Chase"	"6"	"10"	"Doyle, R A"	"Brassil, Martin"
"17:45:00"	"2024-04-25"	"Huntingdon"	"Times Are Blue (IRE)"	"22.00"	"29.3"	"Handicap Hurdle"	"PU"	"11"	"Cannon, Tom J"	"Knight, Miss H C"
"17:20:00"	"2024-04-25"	"Perth"	"Barley Breeze"	"25.00"	"36"	"Handicap Hurdle"	"PU"	"13"	"Coltherd, Sam W"	"Coltherd, W S"
"17:15:00"	"2024-04-25"	"Wexford"	"Mossy Fen (IRE)"	"6.50"	"8.92"	"Handicap Hurdle"	"1"	"8"	"Quinlan, Liam"	"Molloy, M A"
"15:35:00"	"2024-04-25"	"Perth"	"Accidental Rebel"	"66.00"	"120"	"Handicap Hurdle"	"PU"	"7"	"Hughes, Brian"	"Kerr, L"
"15:10:00"	"2024-04-25"	"Warwick"	"Halondo (FR)"	"28.00"	"44.02"	"Handicap Hurdle"	"3"	"8"	"Poste, Ben J"	"Dickin, Harriet"
"14:25:00"	"2024-04-25"	"Perth"	"Big Bad Bear (IRE)"	"40.00"	"75"	"Handicap Hurdle"	"PU"	"11"	"Coltherd, Sam W"	"Coltherd, W S"
"13:30:00"	"2024-04-25"	"Warwick"	"Pertemps Diamond"	"40.00"	"49.52"	"Maiden Hurdle"	"8"	"14"	"Burke, Jonathan"	"OBrien, Fergal"
"13:30:00"	"2024-04-25"	"Warwick"	"Pattern Cutter"	"200.00"	"903.32"	"Maiden Hurdle"	"10"	"14"	"Davies, James"	"Davis, Miss J S"
"20:10:00"	"2024-04-24"	"Taunton"	"Eagle Of The Glen"	"40.00"	"76.59"	"Handicap Hurdle"	"13"	"16"	"Nolan, Michael G"	"Gray, C J"
"19:40:00"	"2024-04-24"	"Bellewstown"	"Killinure Lass (IRE)"	"25.00"	"36"	"Handicap Hurdle"	"1"	"10"	"McNamara, Conor"	"McNamara, E"
"19:25:00"	"2024-04-24"	"Gowran Park"	"The Truant (IRE)"	"10.00"	"13.23"	"Handicap"	"6"	"14"	"Coen, Ben M"	"Flynn, Paul W"
"19:25:00"	"2024-04-24"	"Gowran Park"	"Mayo For Sam (IRE)"	"18.00"	"29.57"	"Handicap"	"11"	"14"	"Caffrey, Adam"	"McGuinness, Adrian"
"19:05:00"	"2024-04-24"	"Bellewstown"	"Ghumama (IRE)"	"100.00"	"305.8"	"Handicap Hurdle"	"12"	"16"	"McCrory, Mr M E"	"Kelly, Noel C"
"19:05:00"	"2024-04-24"	"Bellewstown"	"Morrie In D Quarry (IRE)"	"5.00"	"7.28"	"Handicap Hurdle"	"14"	"16"	"Fitzgerald, S"	"Queally, Declan"
"18:45:00"	"2024-04-24"	"Uttoxeter"	"Lady Malarkey (IRE)"	"20.00"	"26.51"	"Handicap Hurdle"	"1"	"6"	"Patrick, Richard"	"Potter, R D"
"18:30:00"	"2024-04-24"	"Bellewstown"	"Charlie Buckett (IRE)"	"20.00"	"35.97"	"Maiden Hurdle"	"7"	"10"	"McNamara, Conor"	"McNamara, E"
"17:45:00"	"2024-04-24"	"Ludlow"	"Brockarno"	"150.00"	"436.31"	"NH Flat"	"12"	"16"	"Edwards, Lee"	"Clarke, Mrs Belinda"
"17:40:00"	"2024-04-24"	"Gowran Park"	"Expressova (IRE)"	"3.50"	"5.28"	"Handicap"	"1"	"8"	"Hassett, M W"	"OBrien, Joseph Patrick"
"17:40:00"	"2024-04-24"	"Gowran Park"	"Girl Racer (IRE)"	"10.00"	"13.5"	"Handicap"	"3"	"8"	"Coen, Ben M"	"Murtagh, J P"
"17:15:00"	"2024-04-24"	"Taunton"	"Sunshine Girl (IRE)"	"100.00"	"153.16"	"Handicap Hurdle"	"10"	"14"	"Worsley, Tabitha"	"Young, Maxwell"
"17:05:00"	"2024-04-24"	"Gowran Park"	"Summer Snow (IRE)"	"3.00"	"4.95"	"Handicap"	"1"	"16"	"Keane, C T"	"OCallaghan, M D"
"17:05:00"	"2024-04-24"	"Gowran Park"	"Ferrari Desert"	"8.50"	"11.38"	"Handicap"	"12"	"16"	"Foley, Shane"	"Fahey, Mark"
"17:00:00"	"2024-04-24"	"Uttoxeter"	"Beauvallon Bay (IRE)"	"18.00"	"23.36"	"Handicap Chase"	"PU"	"8"	"Scholfield, Nick"	"Wigham, M"
"16:45:00"	"2024-04-24"	"Bellewstown"	"Leitzel"	"14.00"	"32"	"Maiden Hurdle"	"2"	"16"	"OKeeffe, Darragh"	"McNamara, Andrew"
"16:45:00"	"2024-04-24"	"Bellewstown"	"King In Love (FR)"	"20.00"	"38.63"	"Maiden Hurdle"	"7"	"16"	"OKeeffe, Sean F"	"Aherne, Sean"
"16:45:00"	"2024-04-24"	"Bellewstown"	"Nakassama (IRE)"	"50.00"	"171.84"	"Maiden Hurdle"	"9"	"16"	"McGarvey, J S"	"Kelly, Noel C"
"16:42:00"	"2024-04-24"	"Taunton"	"Walks Like The Man (IRE)"	"4.50"	"6.45"	"Novices Hurdle"	"3"	"13"	"Harris, Bradley"	"Dickin, Harriet"
"16:00:00"	"2024-04-24"	"Gowran Park"	"Veil Dance"	"125.00"	"580"	"Maiden"	"5"	"8"	"Rutledge, Siobhan"	"McConnell, John C"
"14:20:00"	"2024-04-24"	"Perth"	"Findthetime (IRE)"	"11.00"	"13.95"	"Handicap Novices Chase"	"4"	"6"	"Coltherd, Sam W"	"Coltherd, W S"
"14:12:00"	"2024-04-24"	"Catterick"	"Grandad Bob (IRE)"	"16.00"	"15.85"	"Handicap"	"7"	"8"	"Elliott, Rhys"	"Davidson, Tristan"
"20:00:00"	"2024-04-23"	"Wolverhampton"	"Plumette"	"5.00"	"6.02"	"Handicap"	"2"	"9"	"Hornby, Rob"	"Ralph, Alastair"
"19:00:00"	"2024-04-23"	"Wolverhampton"	"Call Me The Breeze"	"25.00"	"36"	"Handicap"	"5"	"9"	"Hornby, Rob"	"Ward, Tom"
"18:15:00"	"2024-04-23"	"Gowran Park"	"Roman Harry (IRE)"	"100.00"	"355.83"	"Handicap"	"8"	"17"	"Heffernan, J A"	"OConnell, Ms Claire"
"18:15:00"	"2024-04-23"	"Gowran Park"	"Bear Profit (IRE)"	"22.00"	"36"	"Handicap"	"10"	"17"	"McCullagh, Scott"	"Bunyan, Darren / OLeary, G"
"17:25:00"	"2024-04-23"	"Yarmouth"	"Global Effort (IRE)"	"9.00"	"11.28"	"Handicap"	"4"	"8"	"Gordon, Josephine"	"McEntee, P S"
"17:10:00"	"2024-04-23"	"Gowran Park"	"Sure Spirit (IRE)"	"50.00"	"160"	"Maiden"	"12"	"12"	"Sheridan, J M"	"ODonnell, P F"
"16:40:00"	"2024-04-23"	"Southwell"	"Elham Valley (FR)"	"33.00"	"53.51"	"Handicap Hurdle"	"3"	"12"	"Dunne, R T"	"Pogson, Charles and Adam"
"16:05:00"	"2024-04-23"	"Southwell"	"The Lord Maid (IRE)"	"1.50"	"2.58"	"Novices Hurdle"	"1"	"11"	"Sheppard, Stan"	"Lacey, T"
"16:00:00"	"2024-04-23"	"Gowran Park"	"Storm Tracker (FR)"	"200.00"	"824.49"	"Maiden"	"8"	"8"	"Persse, A C"	"OBrien, Liam G"
"15:55:00"	"2024-04-23"	"Epsom"	"Duke Of Verona (IRE)"	"9.00"	"12"	"Handicap"	"3"	"13"	"Cosgrave, Pat"	"Eustace, Harry"
"15:55:00"	"2024-04-23"	"Epsom"	"Saratoga Gold"	"14.00"	"24.69"	"Handicap"	"5"	"13"	"Lee, Clifford"	"Frost, Kevin"
"15:30:00"	"2024-04-23"	"Southwell"	"Mermaids Cave (IRE)"	"6.00"	"10.17"	"Handicap Novices Hurdle"	"7"	"14"	"Cobden, Harry"	"Owen, J P"
"15:20:00"	"2024-04-23"	"Epsom"	"Crystal Delight"	"2.50"	"3.65"	"Handicap"	"1"	"7"	"Crowley, Jim"	"Eustace, Harry"
"15:20:00"	"2024-04-23"	"Epsom"	"Western Soldier (GER)"	"80.00"	"176.68"	"Handicap"	"7"	"7"	"Hutchinson, Callum"	"Tizzard, Joe"
"14:45:00"	"2024-04-23"	"Epsom"	"Arabic Legend (IRE)"	"5.50"	"7.17"	"Non-Handicap"	"4"	"6"	"Lee, Clifford"	"Burke, K R"
"14:00:00"	"2024-04-23"	"Yarmouth"	"Serendipitous Lady (IRE)"	"7.00"	"8.89"	"Handicap"	"6"	"10"	"Clutterbuck, Rhys"	"Cunha, Dylan"
"19:50:00"	"2024-04-22"	"Windsor"	"Anthracite"	"12.00"	"17.98"	"Handicap"	"8"	"12"	"Fallon, Cieren"	"Mulholland, N P"
"19:50:00"	"2024-04-22"	"Windsor"	"Quickfire"	"12.00"	"17.5"	"Handicap"	"12"	"12"	"Marsh, Finley"	"Loughnane, Daniel Mark"
"19:30:00"	"2024-04-22"	"Kempton"	"Duc De Bourbon (FR)"	"5.00"	"7.65"	"Hunters Chase"	"2"	"6"	"Sprake, Charlie"	"Loxton, S"
"19:30:00"	"2024-04-22"	"Kempton"	"Imperial Esprit (IRE)"	"22.00"	"28.93"	"Hunters Chase"	"4"	"6"	"Kyne, Daniel"	"Varnham, Robert"
"19:20:00"	"2024-04-22"	"Windsor"	"Miami Heat"	"4.50"	"5.26"	"Handicap"	"6"	"11"	"Egan, David"	"Boughey, George"
"19:00:00"	"2024-04-22"	"Kempton"	"Shetland Tony"	"40.00"	"86.67"	"Handicap Hurdle"	"UR"	"15"	"Pinchin, Miss L M"	"Leech, Mrs S"
"18:50:00"	"2024-04-22"	"Windsor"	"Continuance"	"10.00"	"10.92"	"Handicap"	"4"	"7"	"Shoemark, Kieran"	"Keighley, M"
"18:30:00"	"2024-04-22"	"Kempton"	"Le Cameleon"	"25.00"	"41.4"	"Handicap Chase"	"6"	"11"	"Gethings, Ciaran"	"Bailey, K C"
"17:35:00"	"2024-04-22"	"Hexham"	"The Masters Maiden"	"50.00"	"103.71"	"NH Flat"	"7"	"8"	"Nichol, Craig"	"Robson, Paul"
"17:30:00"	"2024-04-22"	"Pontefract"	"Sound Reason"	"3.50"	"4.84"	"Handicap"	"4"	"8"	"Tudhope, Daniel"	"OMeara, D"
"17:10:00"	"2024-04-22"	"Tramore"	"Queen Of Seduction (IRE)"	"9.00"	"12.18"	"Handicap Hurdle"	"6"	"13"	"Hourigan, Miss A"	"Hourigan, G T"
"17:00:00"	"2024-04-22"	"Pontefract"	"Nammos"	"11.00"	"15.14"	"Novices"	"7"	"8"	"Hardie, Cameron"	"Kirby, P A"
"16:55:00"	"2024-04-22"	"Kempton"	"Phil The Sock (IRE)"	"150.00"	"271.43"	"Handicap Novices Hurdle"	"PU"	"9"	"York, Mr P"	"York, P"
"16:45:00"	"2024-04-22"	"Windsor"	"Symbol of Hope"	"9.00"	"11.75"	"Handicap"	"7"	"9"	"Leavy, Mr Joe"	"Flint, J L"
"16:45:00"	"2024-04-22"	"Windsor"	"Beau Roc"	"125.00"	"259.34"	"Handicap"	"9"	"9"	"Probert, David"	"Evans, Mrs N S"
"16:30:00"	"2024-04-22"	"Hexham"	"Ange Endormi (IRE)"	"12.00"	"16.36"	"Handicap Hurdle"	"7"	"8"	"Quinlan, Sean"	"Quinlan, Elizabeth"
"15:12:00"	"2024-04-22"	"Ffos Las"	"Jerrash"	"20.00"	"29.42"	"Handicap Hurdle"	"5"	"10"	"Bowen, Sean P"	"Bowen, Peter / Michael"
"14:52:00"	"2024-04-22"	"Pontefract"	"Bolster"	"6.50"	"8.42"	"Handicap"	"1"	"9"	"Jamin, Pierre-Louis"	"Burke, K R"
"18:45:00"	"2024-04-21"	"Musselburgh"	"Arecibo (FR)"	"20.00"	"22.22"	"Handicap"	"2"	"15"	"Wheatley, Zak"	"Carroll, D"
"18:45:00"	"2024-04-21"	"Musselburgh"	"Running Cool"	"33.00"	"38.49"	"Handicap"	"13"	"15"	"Fentiman, Duran"	"Easterby, T D"
"17:00:00"	"2024-04-21"	"Curragh"	"Brookie Cookie (IRE)"	"66.00"	"137.11"	"Handicap"	"17"	"27"	"Sheehy, Danny"	"OBrien, Richard John"
"17:00:00"	"2024-04-21"	"Curragh"	"Scarlet Dancer (IRE)"	"33.00"	"57.83"	"Handicap"	"23"	"27"	"Rutledge, Siobhan"	"McConnell, John C"
"16:50:00"	"2024-04-21"	"Tramore"	"Erigmoor"	"3.33"	"4.93"	"Handicap Chase"	"3"	"13"	"Kennedy, J W"	"Elliott, Gordon"
"16:50:00"	"2024-04-21"	"Tramore"	"The Declaimer (IRE)"	"9.00"	"12.5"	"Handicap Chase"	"7"	"13"	"Donoghue, K M"	"Dreaper, Tom"
"16:45:00"	"2024-04-21"	"Musselburgh"	"Bird Of Play (IRE)"	"9.00"	"11"	"Handicap"	"14"	"14"	"Tudhope, Daniel"	"Bailey, Liam"
"16:30:00"	"2024-04-21"	"Curragh"	"Screen Siren (IRE)"	"28.00"	"50"	"Handicap"	"9"	"12"	"Ryan, J J G"	"Lynam, Edward"
"16:25:00"	"2024-04-21"	"Stratford"	"Deise Aba (IRE)"	"1.50"	"2.68"	"Hunters Chase"	"1"	"6"	"Baker, Mr Z"	"Poste, Francesca"
"16:25:00"	"2024-04-21"	"Stratford"	"Precious Bounty (IRE)"	"5.50"	"8.57"	"Hunters Chase"	"4"	"6"	"Callwood, Miss Ellie"	"Morgan, Miss Kelly"
"16:25:00"	"2024-04-21"	"Stratford"	"Orion Daubrelle (FR)"	"40.00"	"65"	"Hunters Chase"	"5"	"6"	"Parker, Mr Joshua"	"Wright, John"
"16:25:00"	"2024-04-21"	"Stratford"	"Dreaming Diamond (IRE)"	"11.00"	"15.06"	"Hunters Chase"	"PU"	"6"	"Jackson-Fennell, Miss A"	"King, Paul"
"15:30:00"	"2024-04-21"	"Curragh"	"Sea Eagle"	"33.00"	"60"	"Handicap"	"4"	"21"	"McCullagh, Scott"	"Bunyan, Darren / OLeary, G"
"15:30:00"	"2024-04-21"	"Curragh"	"Rochester Mike (IRE)"	"80.00"	"310"	"Handicap"	"20"	"21"	"Costello, Mr T R"	"Kelly, Muredach"
"15:23:00"	"2024-04-21"	"Stratford"	"Camino Rocio (IRE)"	"66.00"	"120.95"	"Handicap Novices Hurdle"	"8"	"12"	"Cannon, Tom J"	"Knight, Miss H C"
"15:23:00"	"2024-04-21"	"Stratford"	"Rebel Mc"	"50.00"	"111.78"	"Handicap Novices Hurdle"	"11"	"12"	"Kavanagh, Peter J"	"McCain Jnr, D"
"14:55:00"	"2024-04-21"	"Curragh"	"Our Dagger (IRE)"	"200.00"	"1000"	"Maiden"	"14"	"14"	"Sheehy, M P"	"Conlon, Joe"
"14:40:00"	"2024-04-21"	"Tramore"	"Russellsbelle (IRE)"	"18.00"	"23.22"	"Maiden Hurdle"	"3"	"15"	"Enright, P T"	"McSweeney, Con"
"14:05:00"	"2024-04-21"	"Tramore"	"Oh So Charming"	"20.00"	"37.33"	"Maiden Hurdle"	"5"	"13"	"Fitzgerald, S"	"Queally, Declan"
"14:05:00"	"2024-04-21"	"Tramore"	"Star Of Mayo"	"66.00"	"111.64"	"Maiden Hurdle"	"12"	"13"	"Noonan, G B"	"McNamara, E"
"13:57:00"	"2024-04-21"	"Wincanton"	"Seigneur Des As (FR)"	"40.00"	"50"	"Handicap Hurdle"	"5"	"11"	"Reed, Harry"	"Dickin, Harriet"
"13:40:00"	"2024-04-21"	"Stratford"	"Hasty Parisian (IRE)"	"8.00"	"11"	"Handicap Hurdle"	"4"	"13"	"Harris, Bradley"	"Dickin, Harriet"
"13:10:00"	"2024-04-21"	"Stratford"	"Value Added"	"5.00"	"6.28"	"Maiden Hurdle"	"5"	"12"	"Sheehan, Gavin"	"Snowden, Jamie"
"19:50:00"	"2024-04-20"	"Brighton"	"Star Of Sussex (FR)"	"28.00"	"43.51"	"Handicap"	"PU"	"12"	"Egan, John"	"Butler, P"
"19:40:00"	"2024-04-20"	"Thirsk"	"Kaidu (IRE)"	"25.00"	"29.91"	"Handicap"	"16"	"17"	"Mulrennan, Paul"	"Corbett, Mrs Susan"
"19:30:00"	"2024-04-20"	"Nottingham"	"Giselles Defence (IRE)"	"7.50"	"9.24"	"Handicap"	"2"	"8"	"Gordon, Josephine"	"Williams, Ian"
"19:30:00"	"2024-04-20"	"Nottingham"	"Berry Edge (IRE)"	"11.00"	"13.34"	"Handicap"	"4"	"8"	"Hogan, D E"	"Thompson, D W"
"19:30:00"	"2024-04-20"	"Nottingham"	"Pending Appeal"	"66.00"	"128.6"	"Handicap"	"7"	"8"	"Hutchinson, Callum"	"Frost, Kevin"
"18:05:00"	"2024-04-20"	"Thirsk"	"Kings Crown (IRE)"	"4.00"	"5.77"	"Handicap"	"9"	"13"	"Beasley, Connor"	"Dods, M"
"17:30:00"	"2024-04-20"	"Thirsk"	"Shartash (IRE)"	"7.00"	"8.82"	"Non-Handicap"	"1"	"5"	"Morris, Luke"	"Watson, Archie"
"17:05:00"	"2024-04-20"	"Curragh"	"Saturn Seven (IRE)"	"33.00"	"70"	"Handicap"	"16"	"21"	"McDonogh, D P"	"Lynam, Edward"
"17:00:00"	"2024-04-20"	"Newbury"	"Gallant Lion"	"4.50"	"5.7"	"Handicap"	"3"	"18"	"Ryan, Rossa"	"King, A"
"17:00:00"	"2024-04-20"	"Newbury"	"Galileos Compass (IRE)"	"20.00"	"29.8"	"Handicap"	"14"	"18"	"Marquand, Tom"	"Ward, Tom"
"16:55:00"	"2024-04-20"	"Thirsk"	"Swift Storm (IRE)"	"3.33"	"5.4"	"Maiden"	"3"	"12"	"Sousa, Silvestre De"	"Davis, D J S Ffrench"
"16:00:00"	"2024-04-20"	"Bangor"	"Far Sight"	"1.75"	"3"	"Handicap Hurdle"	"4"	"11"	"Obrien, P V"	"Derham, Harry"
"15:55:00"	"2024-04-20"	"Curragh"	"Crypto Force"	"11.00"	"15"	"Non-Handicap"	"6"	"10"	"Egan, David"	"Murray, Adrian"
"15:50:00"	"2024-04-20"	"Newbury"	"Pasha"	"20.00"	"38"	"Maiden"	"5"	"17"	"Kingscote, Richard"	"Cole, P F I"
"15:50:00"	"2024-04-20"	"Newbury"	"Glam Squad (IRE)"	"16.00"	"32.4"	"Maiden"	"9"	"17"	"Shepherd, Callum"	"Fellowes, Charlie"
"15:20:00"	"2024-04-20"	"Curragh"	"Passionate (IRE)"	"80.00"	"190"	"Maiden"	"7"	"23"	"Slattery, A J"	"Slattery, Andrew"
"15:20:00"	"2024-04-20"	"Curragh"	"Lord Of Excess"	"100.00"	"281.9"	"Maiden"	"16"	"23"	"Halpin, G P"	"Byrnes, C"
"15:15:00"	"2024-04-20"	"Newbury"	"Sierra Blanca (IRE)"	"40.00"	"67.18"	"Handicap"	"17"	"21"	"Levey, S M"	"Hannon (Jnr), Richard"
"14:45:00"	"2024-04-20"	"Curragh"	"Fast Tara (IRE)"	"9.00"	"13.5"	"Handicap"	"5"	"16"	"McMonagle, Dylan B"	"OBrien, Joseph Patrick"
"14:45:00"	"2024-04-20"	"Curragh"	"Mexicali Rose"	"8.00"	"11"	"Handicap"	"7"	"16"	"McDonogh, D P"	"OBrien, Joseph Patrick"
"14:15:00"	"2024-04-20"	"Bangor"	"Lipa K (IRE)"	"2.25"	"3.3"	"Handicap Chase"	"1"	"7"	"Wynne, Toby"	"Greenall, O / Guerriero, J"
"20:00:00"	"2024-04-19"	"Exeter"	"Harbour Queen (IRE)"	"5.00"	"6.6"	"Hunters Chase"	"2"	"7"	"Emsley, Miss C"	"Payne, Stuart"
"20:00:00"	"2024-04-19"	"Exeter"	"Minella Jab (IRE)"	"4.00"	"5.4"	"Hunters Chase"	"3"	"7"	"Andrews, Mr D I J"	"Lawrence, Ms M"
"20:00:00"	"2024-04-19"	"Exeter"	"Stadmallen (IRE)"	"25.00"	"29"	"Hunters Chase"	"5"	"7"	"Stevens, Heidi"	"Stevens, Miss Heidi"
"20:00:00"	"2024-04-19"	"Exeter"	"Manofmanywords"	"22.00"	"39.68"	"Hunters Chase"	"6"	"7"	"Bament, Mr Chad"	"Bament, Mrs Helen"
"18:15:00"	"2024-04-19"	"Bath"	"Volto Di Medusa (IRE)"	"4.50"	"5.66"	"Maiden"	"1"	"10"	"Shepherd, Callum"	"Guest, Rae"
"18:15:00"	"2024-04-19"	"Bath"	"Tomorrow Day"	"40.00"	"50.18"	"Maiden"	"9"	"10"	"Heard, Tyler"	"Usher, M D I"
"17:30:00"	"2024-04-19"	"Exeter"	"Electric Eddy"	"8.00"	"13.48"	"Handicap Novices Hurdle"	"4"	"11"	"Twiston-Davies, Sam"	"Twiston-Davies, N A"
"17:15:00"	"2024-04-19"	"Bath"	"Sub Thirteen"	"5.00"	"7.03"	"Handicap"	"1"	"10"	"Callan, N"	"Carroll, A W"
"17:15:00"	"2024-04-19"	"Bath"	"Charlie Mason"	"11.00"	"13.03"	"Handicap"	"4"	"10"	"Hornby, Rob"	"Carroll, A W"
"17:07:00"	"2024-04-19"	"Ballinrobe"	"Getawiggleon (FR)"	"50.00"	"120"	"Maiden Hurdle"	"14"	"14"	"Donoghue, K M"	"Hourigan, Michael"
"16:10:00"	"2024-04-19"	"Bath"	"Conservative (IRE)"	"8.50"	"7.1"	"Handicap"	"7"	"13"	"Bradnam, Joe"	"Tizzard, Joe"
"15:55:00"	"2024-04-19"	"Ayr"	"Minella Youngy (IRE)"	"40.00"	"50.12"	"Handicap Novices Chase"	"5"	"6"	"Quinlan, Sean"	"Quinlan, Elizabeth"
"15:45:00"	"2024-04-19"	"Newbury"	"Beamish (FR)"	"16.00"	"23"	"Handicap"	"6"	"9"	"Doyle, Hollie"	"Watson, Archie"
"14:30:00"	"2024-04-19"	"Fontwell"	"Privatory (FR)"	"50.00"	"76.45"	"Handicap Hurdle"	"PU"	"15"	"Scott, Luke"	"Butler, P"
"14:12:00"	"2024-04-19"	"Newbury"	"Wiltshire"	"14.00"	"17.93"	"Handicap"	"1"	"16"	"Marquand, Tom"	"Haggas, W J"
"13:50:00"	"2024-04-19"	"Ayr"	"Blue Clover"	"50.00"	"219.42"	"Maiden Hurdle"	"PU"	"7"	"Quinlan, Sean"	"Quinlan, Elizabeth"
"13:20:00"	"2024-04-19"	"Ayr"	"Abbeydale (FR)"	"80.00"	"120"	"Handicap Hurdle"	"9"	"13"	"Hogan, Mr J"	"OBrien, Fergal"
"19:30:00"	"2024-04-18"	"Chelmsford City"	"Colors Of Freedom"	"100.00"	"220"	"Handicap"	"8"	"10"	"ONeill, K T"	"Ponting, J"
"19:30:00"	"2024-04-18"	"Chelmsford City"	"Top Button (IRE)"	"16.00"	"20"	"Handicap"	"9"	"10"	"Hornby, Rob"	"Williams, S C"
"17:20:00"	"2024-04-18"	"Newmarket (Rowley)"	"Biggles"	"12.00"	"14.11"	"Handicap"	"7"	"15"	"Buick, William"	"Houghton, Eve Johnson"
"17:20:00"	"2024-04-18"	"Newmarket (Rowley)"	"Havana Blue"	"28.00"	"36"	"Handicap"	"8"	"15"	"Sexton, Ryan"	"Camacho, Miss J A"
"17:20:00"	"2024-04-18"	"Newmarket (Rowley)"	"Carrytheone"	"25.00"	"34.77"	"Handicap"	"9"	"15"	"Doyle, James"	"Bell, M L W"
"17:20:00"	"2024-04-18"	"Newmarket (Rowley)"	"Security Code"	"16.00"	"21"	"Handicap"	"PU"	"15"	"Doyle, Hollie"	"Hannon (Jnr), Richard"
"17:10:00"	"2024-04-18"	"Clonmel"	"Lady Bresil (IRE)"	"1.25"	"2.88"	"Maiden Hurdle"	"1"	"18"	"Blackmore, Rachael"	"Bromhead, Henry De"
"16:52:00"	"2024-04-18"	"Ripon"	"Summit (IRE)"	"4.00"	"6.07"	"Handicap"	"2"	"6"	"Nolan, D"	"OMeara, D"
"16:35:00"	"2024-04-18"	"Clonmel"	"Splendid Choice (IRE)"	"12.00"	"20"	"Maiden Hurdle"	"3"	"7"	"Torrens, Simon"	"Rothwell, P J"
"16:17:00"	"2024-04-18"	"Ripon"	"Remarkable Force (IRE)"	"8.00"	"10.6"	"Handicap"	"5"	"13"	"Hart, Jason"	"Quinn, J J"
"16:17:00"	"2024-04-18"	"Ripon"	"May Blossom"	"80.00"	"100"	"Handicap"	"8"	"13"	"Marshall, Tom Kiely"	"Camacho, Miss J A"
"16:17:00"	"2024-04-18"	"Ripon"	"Fools Rush In (IRE)"	"8.00"	"10.5"	"Handicap"	"13"	"13"	"Rodriguez, Callum"	"Carr, Mrs R A"
"16:10:00"	"2024-04-18"	"Newmarket (Rowley)"	"Painite"	"9.00"	"14"	"Maiden"	"5"	"9"	"Egan, David"	"Davis, D J S Ffrench"
"16:00:00"	"2024-04-18"	"Clonmel"	"Glenmorefiftyfour (IRE)"	"100.00"	"200"	"Claimer Hurdle"	"9"	"10"	"Quinlan, Liam"	"Hackett, Ray"
"16:00:00"	"2024-04-18"	"Clonmel"	"Boothen Boy (IRE)"	"4.00"	"5.71"	"Claimer Hurdle"	"PU"	"10"	"Walsh, E"	"Collins, C M"
"15:42:00"	"2024-04-18"	"Ripon"	"Kitsune Power (IRE)"	"33.00"	"46.58"	"Handicap"	"8"	"8"	"Allan, David"	"Easterby, T D"
"15:07:00"	"2024-04-18"	"Ripon"	"Without Flaw (IRE)"	"33.00"	"55"	"Handicap"	"4"	"7"	"Mason, Joanna"	"Jackson, Miss T"
"15:00:00"	"2024-04-18"	"Newmarket (Rowley)"	"Mitbaahy (IRE)"	"25.00"	"40.19"	"Non-Handicap"	"4"	"14"	"Spencer, Jamie"	"Hills, Charles"
"14:32:00"	"2024-04-18"	"Ripon"	"Simply Red"	"50.00"	"118.8"	"Maiden"	"8"	"12"	"Garritty, Jack"	"Walford, Mark"
"14:32:00"	"2024-04-18"	"Ripon"	"Sam Sarphati"	"250.00"	"914.83"	"Maiden"	"10"	"12"	"Shaw, Harrison"	"Ender, Miss S J"
"14:05:00"	"2024-04-18"	"Cheltenham"	"I Am Gonna Be (IRE)"	"14.00"	"21.37"	"Handicap Chase"	"5"	"9"	"Pinchin, Miss L M"	"Longsdon, C E"
"20:00:00"	"2024-04-17"	"Kempton"	"Tactical Control"	"14.00"	"18.5"	"Handicap"	"8"	"8"	"Bowen, S D"	"Brookhouse, B"
"19:30:00"	"2024-04-17"	"Kempton"	"Royal Jet"	"12.00"	"16.67"	"Handicap"	"6"	"10"	"Rooke, George"	"Smyth-Osbourne, Edward"
"18:00:00"	"2024-04-17"	"Kempton"	"Mbappe"	"33.00"	"50"	"Handicap"	"1"	"13"	"Loughnane, Mr Billy"	"Loughnane, Daniel Mark"
"17:20:00"	"2024-04-17"	"Newmarket (Rowley)"	"Ambiente Amigo"	"12.00"	"16.59"	"Handicap"	"8"	"9"	"Callan, N"	"Owen, J P"
"17:00:00"	"2024-04-17"	"Cheltenham"	"A Law Of Her Own (IRE)"	"33.00"	"50"	"Handicap Hurdle"	"8"	"18"	"Gillard, Fergus"	"Skelton, Daniel"
"16:45:00"	"2024-04-17"	"Newmarket (Rowley)"	"Blue Akoya"	"33.00"	"51.44"	"Maiden"	"10"	"12"	"Levey, S M"	"Ward, Tom"
"16:25:00"	"2024-04-17"	"Cheltenham"	"Escaria Ten (FR)"	"80.00"	"140.7"	"Handicap Chase"	"10"	"14"	"Bowen, Sean P"	"Keighley, M"
"15:50:00"	"2024-04-17"	"Cheltenham"	"Shallow River (IRE)"	"22.00"	"34"	"Handicap Hurdle"	"7"	"14"	"Harris, Bradley"	"Dickin, Harriet"
"14:25:00"	"2024-04-17"	"Newmarket (Rowley)"	"Caviar Heights (IRE)"	"50.00"	"73.1"	"Non-Handicap"	"3"	"10"	"Lee, Clifford"	"Burke, K R"
"14:05:00"	"2024-04-17"	"Cheltenham"	"Uggy Uggy Uggy"	"28.00"	"40"	"Handicap Hurdle"	"5"	"15"	"Bevan, Miss Megan"	"Burke, Kieran"
"13:50:00"	"2024-04-17"	"Newmarket (Rowley)"	"Glenfinnan (IRE)"	"22.00"	"30"	"Handicap"	"12"	"18"	"Beasley, Connor"	"Dods, M"
"20:30:00"	"2024-04-16"	"Newcastle"	"Come On Irene (IRE)"	"25.00"	"30.55"	"Handicap"	"8"	"9"	"Sanderson, Benjamin"	"Herrington,M "
"20:00:00"	"2024-04-16"	"Newcastle"	"Gloves (IRE)"	"14.00"	"18"	"Handicap"	"7"	"9"	"Jakes, Tommie"	"Perratt, Miss L A"
"19:30:00"	"2024-04-16"	"Newcastle"	"Going To The Moon (IRE)"	"33.00"	"45.07"	"Handicap"	"10"	"11"	"Allan, David"	"Thompson, D W"
"18:30:00"	"2024-04-16"	"Newcastle"	"Blue Force (IRE)"	"80.00"	"159.36"	"Novices"	"5"	"9"	"Hardie, Cameron"	"Brittain, Antony"
"17:15:00"	"2024-04-16"	"Newmarket (Rowley)"	"Empire Of Light (IRE)"	"25.00"	"30.21"	"Handicap"	"9"	"9"	"James, S H"	"Tuer, Grant"
"14:55:00"	"2024-04-16"	"Newmarket (Rowley)"	"Theoryofeverything"	"11.00"	"14.85"	"Handicap"	"4"	"17"	"Watson, Jason"	"OMeara, D"
"14:55:00"	"2024-04-16"	"Newmarket (Rowley)"	"Obelix"	"22.00"	"30.94"	"Handicap"	"16"	"17"	"Sexton, Ryan"	"Camacho, Miss J A"
"19:00:00"	"2024-04-15"	"Kempton"	"Hat Toss (IRE)"	"5.00"	"6.39"	"Handicap"	"6"	"6"	"Keeley, Aidan"	"Owen, J P"
"17:50:00"	"2024-04-15"	"Windsor"	"Mildyjama (IRE)"	"28.00"	"46.44"	"Handicap"	"6"	"14"	"Probert, David"	"Chamings, P R"
"17:50:00"	"2024-04-15"	"Windsor"	"Celebrating Ethel (IRE)"	"11.00"	"13.98"	"Handicap"	"7"	"14"	"Ryan, Rossa"	"Carroll, A W"
"17:50:00"	"2024-04-15"	"Windsor"	"Hakuna Babe"	"1.50"	"2.76"	"Handicap"	"9"	"14"	"Osborne, Saffie"	"Walker, Ed"
"17:50:00"	"2024-04-15"	"Windsor"	"Simpsons Paradox (IRE)"	"12.00"	"17.47"	"Handicap"	"11"	"14"	"Shoemark, Kieran"	"Newland, Dr R D P"
"17:20:00"	"2024-04-15"	"Windsor"	"Nina Rapida (IRE)"	"50.00"	"91.83"	"Handicap"	"7"	"8"	"Keenan, Darragh"	"Eddery, Robert"
"17:00:00"	"2024-04-15"	"Kelso"	"Alone No More (IRE)"	"33.00"	"49.44"	"Maiden Hunters Chase"	"2"	"10"	"Brown, Miss Emma J"	"Brown, Miss Lucy"
"17:00:00"	"2024-04-15"	"Kelso"	"Red Opium"	"9.00"	"12.37"	"Maiden Hunters Chase"	"4"	"10"	"Howarth, Miss R"	"Coward, Miss S"
"17:00:00"	"2024-04-15"	"Kelso"	"Amma Lord (IRE)"	"33.00"	"59.3"	"Maiden Hunters Chase"	"5"	"10"	"Brown, Miss Lucy"	"Lynn, Mrs Karen"
"17:00:00"	"2024-04-15"	"Kelso"	"Whatsgoingon (FR)"	"10.00"	"15.44"	"Maiden Hunters Chase"	"PU"	"10"	"OConnor, Mr S P"	"Leckenby, Miss K"
"16:50:00"	"2024-04-15"	"Windsor"	"Secret Strength (IRE)"	"40.00"	"88.09"	"Handicap"	"12"	"12"	"Cox, William"	"Flint, J L"
"16:20:00"	"2024-04-15"	"Windsor"	"Sugar Hill (IRE)"	"25.00"	"35.63"	"Handicap"	"8"	"11"	"Egan, David"	"Eddery, Robert"
"14:20:00"	"2024-04-15"	"Windsor"	"Maximum Impact"	"3.33"	"4.93"	"Handicap"	"4"	"7"	"Egan, David"	"Scott, George"
"14:00:00"	"2024-04-15"	"Kelso"	"Alnilam (FR)"	"0.73"	"1.79"	"Novices Hurdle"	"1"	"12"	"Bowen, Sean P"	"Murphy, Olly"
"14:00:00"	"2024-04-15"	"Kelso"	"Racquet Club (IRE)"	"150.00"	"626.6"	"Novices Hurdle"	"PU"	"12"	"Brooke, Henry"	"Sayer, Mrs Dianne"
"16:25:00"	"2024-04-14"	"Plumpton"	"Shandancer (IRE)"	"6.00"	"9.05"	"Handicap Hurdle"	"3"	"10"	"Scott, Luke"	"Newland, Dr R D P"
"14:57:00"	"2024-04-14"	"Hereford"	"Chase Park (IRE)"	"33.00"	"39.63"	"Handicap Hurdle"	"5"	"6"	"Reed, Harry"	"Dickin, Harriet"
"14:40:00"	"2024-04-14"	"Plumpton"	"Ramensky"	"2.50"	"4.5"	"Maiden Hurdle"	"4"	"8"	"Anderson, Joe"	"Lavelle, Miss E C"
"14:30:00"	"2024-04-14"	"Down Royal"	"Noble Annys (IRE)"	"20.00"	"23.29"	"Handicap Hurdle"	"7"	"15"	"Smithers, P T"	"Watson, R K"
"18:50:00"	"2024-04-13"	"Dundalk"	"Spirit Of Paradise (IRE)"	"7.00"	"8.34"	"Handicap"	"11"	"13"	"Keane, C T"	"Meade, Noel"
"18:20:00"	"2024-04-13"	"Dundalk"	"Purring Along (IRE)"	"40.00"	"57.14"	"Handicap"	"13"	"14"	"McMonagle, Dylan B"	"Smyth, Lee"
"18:00:00"	"2024-04-13"	"Yarmouth"	"Shaws Phoenix (IRE)"	"8.50"	"10.02"	"Handicap"	"2"	"13"	"ONeill, K T"	"Haynes, Alice"
"18:00:00"	"2024-04-13"	"Yarmouth"	"Jaunty Dancer"	"125.00"	"330"	"Handicap"	"13"	"13"	"Nicholls, Mia"	"Dunnett, Mrs C A"
"17:10:00"	"2024-04-13"	"Wolverhampton"	"Tenyatta (IRE)"	"4.00"	"6.94"	"Handicap"	"1"	"10"	"Keeley, Aidan"	"Owen, J P"
"15:25:00"	"2024-04-13"	"Newcastle"	"Clapton Hill"	"150.00"	"715.15"	"Handicap Hurdle"	"PU"	"14"	"Boyden, Mr Oliver"	"Thompson, V"
"14:40:00"	"2024-04-13"	"Newcastle"	"Something Golden (IRE)"	"9.00"	"24.58"	"Novices Hurdle"	"3"	"6"	"Boyden, Mr Oliver"	"Thompson, V"
"13:40:00"	"2024-04-13"	"Chepstow"	"Believe Jack (FR)"	"22.00"	"28.55"	"Handicap Hurdle"	"PU"	"9"	"Scholfield, Nick"	"Williams, Christian"
"13:30:00"	"2024-04-13"	"Newcastle"	"Nonbinding (IRE)"	"150.00"	"382.87"	"Handicap Hurdle"	"PU"	"5"	"Boyden, Mr Oliver"	"Thompson, V"
"13:20:00"	"2024-04-13"	"Aintree"	"Landrake"	"80.00"	"251.73"	"Handicap Hurdle"	"PU"	"21"	"Sheehan, Gavin"	"Snowden, Jamie"
"13:05:00"	"2024-04-13"	"Chelmsford City"	"Above The Line (IRE)"	"150.00"	"478.43"	"Handicap"	"14"	"15"	"Wood, George"	"Charalambous, P"
"12:00:00"	"2024-04-13"	"Chelmsford City"	"Cahersiveen (IRE)"	"25.00"	"29.37"	"Handicap"	"10"	"10"	"Muscutt, D"	"Menzies, Rebecca"
"20:15:00"	"2024-04-12"	"Dundalk"	"Sky Legend"	"6.50"	"10.5"	"Handicap"	"5"	"14"	"Sheridan, J M"	"Kelly, Noel C"
"19:45:00"	"2024-04-12"	"Dundalk"	"Jawhary"	"25.00"	"48.65"	"Handicap"	"4"	"14"	"MacRedmond, Cian"	"McGuinness, Adrian"
"19:45:00"	"2024-04-12"	"Dundalk"	"Explorers Way (IRE)"	"6.00"	"8"	"Handicap"	"7"	"14"	"Kearney, J"	"Martin, Patrick"
"19:45:00"	"2024-04-12"	"Dundalk"	"Lohengrin"	"40.00"	"72.78"	"Handicap"	"10"	"14"	"Heffernan, J A"	"OConnell, Eamon"
"19:45:00"	"2024-04-12"	"Dundalk"	"Humanitarian (USA)"	"8.50"	"10.81"	"Handicap"	"12"	"14"	"Coen, Ben M"	"Burns, R P"
"18:10:00"	"2024-04-12"	"Dundalk"	"Knockmore Prince (IRE)"	"80.00"	"261.8"	"Handicap"	"7"	"14"	"Rutledge, Siobhan"	"McConnell, John C"
"18:00:00"	"2024-04-12"	"Southwell"	"Park Hill Sally"	"100.00"	"220"	"Maiden"	"8"	"11"	"Wood, George"	"Pearce, Simon"
"17:40:00"	"2024-04-12"	"Dundalk"	"Spanish Cara (IRE)"	"1.20"	"2.68"	"Maiden"	"2"	"13"	"McMonagle, Dylan B"	"OBrien, Joseph Patrick"
"17:40:00"	"2024-04-12"	"Dundalk"	"Shes Smart (IRE)"	"20.00"	"34"	"Maiden"	"10"	"13"	"Caffrey, Adam"	"McGuinness, Adrian"
"17:15:00"	"2024-04-12"	"Aintree"	"Karuma Grey (GER)"	"80.00"	"267.97"	"Handicap Hurdle"	"PU"	"19"	"OSullivan, Mr M J M"	"Williams, Christian"
"17:05:00"	"2024-04-12"	"Dundalk"	"Make Clear"	"16.00"	"22.2"	"Handicap"	"1"	"13"	"Foley, Shane"	"McCreery, Peter"
"17:05:00"	"2024-04-12"	"Dundalk"	"Spirit Of Eagles (IRE)"	"33.00"	"60"	"Handicap"	"13"	"13"	"Cleary, Jack"	"Dowling, Thomas"
"14:20:00"	"2024-04-12"	"Aintree"	"Icare Allen (FR)"	"50.00"	"162.64"	"Handicap Hurdle"	"PU"	"19"	"McLernon, R P"	"ONeill, Jonjo and AJ"
"13:58:00"	"2024-04-12"	"Fakenham"	"Yalla Habibi (IRE)"	"0.73"	"1.74"	"Maiden Hurdle"	"1"	"9"	"Harris, Bradley"	"Dickin, Harriet"
"13:58:00"	"2024-04-12"	"Fakenham"	"Big Cheese (FR)"	"6.00"	"10.07"	"Maiden Hurdle"	"5"	"9"	"Sheehan, Gavin"	"Snowden, Jamie"
"18:30:00"	"2024-04-11"	"Chelmsford City"	"Fai Fai"	"14.00"	"18.28"	"Handicap"	"5"	"10"	"Cox, William"	"Steele, Daniel"
"17:28:00"	"2024-04-11"	"Limerick"	"Mount Shenshan (IRE)"	"33.00"	"44.78"	"NH Flat"	"3"	"10"	"Mullins, Mr C"	"Mullins, Thomas"
"17:15:00"	"2024-04-11"	"Aintree"	"Metkayina (IRE)"	"16.00"	"20"	"NH Flat"	"4"	"16"	"Burke, Jonathan"	"Williams, Noel"
"16:15:00"	"2024-04-11"	"Southwell"	"Hectic"	"28.00"	"46"	"Handicap"	"10"	"12"	"Peate, Jonny"	"Fell, R / Murray, S"
"15:40:00"	"2024-04-11"	"Southwell"	"Trafalgar Square (IRE)"	"50.00"	"80.69"	"Handicap"	"5"	"5"	"Russell, Harry"	"Greenall, O / Guerriero, J"
"15:18:00"	"2024-04-11"	"Taunton"	"Barest Of Margins (IRE)"	"7.50"	"9.2"	"Handicap Chase"	"3"	"11"	"Goldstein, Marc"	"West, Miss Sheena"
"13:33:00"	"2024-04-11"	"Taunton"	"Got Grey (FR)"	"250.00"	"1000"	"Novices Hurdle"	"4"	"14"	"Price, Charlie"	"Nelmes, Mrs H R J"
"20:30:00"	"2024-04-10"	"Kempton"	"Be Fair"	"50.00"	"91.97"	"Handicap"	"12"	"13"	"Shepherd, Callum"	"Irvine, Andy"
"18:30:00"	"2024-04-10"	"Kempton"	"Dornoch Castle (IRE)"	"150.00"	"291.98"	"Handicap"	"10"	"10"	"Marsh, Finley"	"Young, Maxwell"
"18:00:00"	"2024-04-10"	"Kempton"	"Veer"	"28.00"	"55.79"	"Novices"	"7"	"9"	"Mortensen, Mikkel"	"Fellowes, Charlie"
"17:10:00"	"2024-04-10"	"Market Rasen"	"Typhoon Flyer (IRE)"	"2.50"	"3.83"	"NH Flat"	"2"	"10"	"Twiston-Davies, Sam"	"Newland, Dr R D P"
"16:45:00"	"2024-04-10"	"Wolverhampton"	"Chindwin"	"1.75"	"2.84"	"Handicap"	"1"	"10"	"Keeley, Aidan"	"Owen, J P"
"16:45:00"	"2024-04-10"	"Wolverhampton"	"Child Of Lir (IRE)"	"100.00"	"150"	"Handicap"	"9"	"10"	"Tubb, Olivia"	"Lund, B V"
"16:15:00"	"2024-04-10"	"Leopardstown"	"Hes Justagent (IRE)"	"33.00"	"46"	"Handicap"	"11"	"16"	"Colgan, R C"	"Lavery, Ms Sheila"
"16:15:00"	"2024-04-10"	"Leopardstown"	"Lisieux (IRE)"	"6.00"	"8.4"	"Handicap"	"13"	"16"	"Carroll, G F"	"Donoghue, Ian"
"16:15:00"	"2024-04-10"	"Leopardstown"	"Eyeshadow"	"33.00"	"47.65"	"Handicap"	"15"	"16"	"Sheehy, Danny"	"Grassick, M C"
"15:45:00"	"2024-04-10"	"Leopardstown"	"Mile End"	"33.00"	"54.15"	"Handicap"	"6"	"10"	"McMonagle, Dylan B"	"Murphy, Ciaran"
"15:15:00"	"2024-04-10"	"Leopardstown"	"Zenga"	"33.00"	"52.89"	"Non-Handicap"	"6"	"6"	"Heffernan, J A"	"Bromhead, Henry De"
"14:30:00"	"2024-04-10"	"Market Rasen"	"Paramaribo (IRE)"	"28.00"	"55"	"Handicap Hurdle"	"3"	"11"	"Leech, Roisin"	"Thompson, V"
"14:22:00"	"2024-04-10"	"Lingfield"	"Lady Wingalong (IRE)"	"18.00"	"22.91"	"Handicap"	"1"	"14"	"Probert, David"	"Evans, P D"
"14:22:00"	"2024-04-10"	"Lingfield"	"Arnie Angell"	"80.00"	"153.54"	"Handicap"	"14"	"14"	"Whelan, Trevor"	"Furtado, Ivan"
"14:15:00"	"2024-04-10"	"Leopardstown"	"Mollys Gamble (IRE)"	"40.00"	"65"	"Handicap"	"10"	"13"	"Lordan, W M"	"Ahern, G"
"14:15:00"	"2024-04-10"	"Leopardstown"	"A Shin Undine (IRE)"	"40.00"	"73.74"	"Handicap"	"12"	"13"	"Hayes, C D"	"Ahern, G"
"13:15:00"	"2024-04-10"	"Leopardstown"	"Our Lil"	"200.00"	"1000"	"Maiden"	"6"	"7"	"Heffernan, J A"	"Kelly, Muredach"
"19:30:00"	"2024-04-09"	"Southwell"	"General Assembly (IRE)"	"8.50"	"17.87"	"Novices"	"2"	"11"	"Loughnane, Mr Billy"	"Boughey, George"
"19:30:00"	"2024-04-09"	"Southwell"	"On Point (IRE)"	"14.00"	"25.78"	"Novices"	"5"	"11"	"Sexton, Ryan"	"Camacho, Miss J A"
"19:00:00"	"2024-04-09"	"Southwell"	"Kynsa (IRE)"	"5.50"	"7.52"	"Handicap"	"4"	"14"	"Sayette, B D L"	"Foy, Kevin"
"18:00:00"	"2024-04-09"	"Southwell"	"Robusto (IRE)"	"4.00"	"5.57"	"Handicap"	"2"	"6"	"Crowley, Jim"	"Houghton, Eve Johnson"
"18:00:00"	"2024-04-09"	"Southwell"	"Dreams Fled Away (IRE)"	"12.00"	"16.5"	"Handicap"	"6"	"6"	"Leavy, Mr Joe"	"Brennan, F J"
"17:45:00"	"2024-04-09"	"Thirsk"	"Swatch (IRE)"	"10.00"	"14"	"Handicap"	"10"	"14"	"ONeill, K T"	"Haynes, Alice"
"17:45:00"	"2024-04-09"	"Thirsk"	"Majestic Newlaw"	"28.00"	"40"	"Handicap"	"12"	"14"	"Mulrennan, Paul"	"Jardine, I"
"17:00:00"	"2024-04-09"	"Hereford"	"Cabhfuilfungi (IRE)"	"7.00"	"10.7"	"Handicap Hurdle"	"2"	"5"	"Patrick, Richard"	"Lee, Miss Kerry"
"16:30:00"	"2024-04-09"	"Hereford"	"River Robe (IRE)"	"3.33"	"4.56"	"Handicap Novices Hurdle"	"6"	"7"	"Hammond, Charlie"	"Young, Maxwell"
"16:15:00"	"2024-04-09"	"Thirsk"	"Never This Way (IRE)"	"18.00"	"24.64"	"Handicap"	"10"	"13"	"Mason, Joanna"	"Carr, Mrs R A"
"15:45:00"	"2024-04-09"	"Thirsk"	"Wreck It Ryley (IRE)"	"12.00"	"14.91"	"Handicap"	"3"	"13"	"Swift, Mr Dale"	"Brown, A D"
"15:00:00"	"2024-04-09"	"Hereford"	"Princess Of Mercia"	"100.00"	"194.79"	"Handicap Novices Hurdle"	"7"	"10"	"Poste, Ben J"	"Scudamore, M J"
"15:00:00"	"2024-04-09"	"Hereford"	"Minella Majestic (IRE)"	"33.00"	"66.98"	"Handicap Novices Hurdle"	"PU"	"10"	"Armson, Philip"	"Irvine, Andy"
"20:00:00"	"2024-04-08"	"Wolverhampton"	"Akkadian Thunder"	"8.00"	"11.22"	"Handicap"	"7"	"9"	"Tudhope, Daniel"	"OMeara, D"
"18:30:00"	"2024-04-08"	"Wolverhampton"	"Tidal Storm"	"50.00"	"74.18"	"Handicap"	"6"	"7"	"ONeill, K T"	"Ponting, J"
"17:00:00"	"2024-04-08"	"Lingfield"	"So Farhh So Good (IRE)"	"14.00"	"15.72"	"Handicap"	"6"	"10"	"Probert, David"	"Llewellyn, Robert"
"16:30:00"	"2024-04-08"	"Lingfield"	"Hurricane Alert"	"100.00"	"213.79"	"Handicap"	"6"	"6"	"Gunn, Molly"	"Bridger, J / Cook, R"
"15:50:00"	"2024-04-08"	"Newcastle"	"Diddy Man"	"11.00"	"15.36"	"Handicap"	"1"	"12"	"Hardie, Cameron"	"Bethell, Harriet"
"15:50:00"	"2024-04-08"	"Newcastle"	"Wonderful Lives"	"1.88"	"3.32"	"Handicap"	"6"	"12"	"Rodriguez, Callum"	"Bethell, Ed"
"15:20:00"	"2024-04-08"	"Newcastle"	"Kitbag"	"33.00"	"59.17"	"Handicap"	"11"	"11"	"Jakes, Tommie"	"Perratt, Miss L A"
"14:50:00"	"2024-04-08"	"Newcastle"	"Tarjamah"	"150.00"	"412.19"	"Handicap"	"7"	"7"	"Eaves, Tom"	"Waggott, Miss Tracy"
"14:38:00"	"2024-04-08"	"Wincanton"	"Fort Lauderdale (IRE)"	"50.00"	"100"	"Maiden Hurdle"	"8"	"10"	"Pinchin, Miss L M"	"Longsdon, C E"
"14:30:00"	"2024-04-08"	"Lingfield"	"Waistcoat"	"5.00"	"7.12"	"Novices"	"5"	"9"	"Levey, S M"	"Hannon (Jnr), Richard"
"14:20:00"	"2024-04-08"	"Newcastle"	"Moush"	"14.00"	"15.5"	"Handicap"	"10"	"12"	"Garritty, Billy"	"Bailey, Liam"
"17:55:00"	"2024-04-07"	"Bath"	"So Smart (IRE)"	"7.00"	"8.79"	"Handicap"	"4"	"9"	"Ryan, Rossa"	"Harris, Miss G"
"17:12:00"	"2024-04-07"	"Leopardstown"	"Cu Chulainn"	"80.00"	"150"	"Handicap"	"16"	"20"	"Roche, L F"	"Hourigan, Laura"
"17:12:00"	"2024-04-07"	"Leopardstown"	"One Boss"	"50.00"	"122.74"	"Handicap"	"20"	"20"	"Joyce, Wesley"	"Flood, F"
"16:53:00"	"2024-04-07"	"Bath"	"Serious Look (IRE)"	"100.00"	"164.99"	"Handicap"	"11"	"13"	"Costello, Dougie"	"Faulkner, Ms D C"
"16:53:00"	"2024-04-07"	"Bath"	"Platinum Jubilee (IRE)"	"50.00"	"102.08"	"Handicap"	"12"	"13"	"Probert, David"	"Donovan, D"
"16:05:00"	"2024-04-07"	"Leopardstown"	"Butterfly Bush (IRE)"	"125.00"	"357.01"	"Handicap"	"10"	"10"	"Joyce, Wesley"	"Magee, Patrick"
"15:30:00"	"2024-04-07"	"Leopardstown"	"Dallas Star (FR)"	"50.00"	"62.92"	"Non-Handicap"	"1"	"5"	"Heffernan, J A"	"Murray, Adrian"
"15:08:00"	"2024-04-07"	"Bath"	"Cuban Secret (IRE)"	"25.00"	"32.18"	"Handicap"	"6"	"6"	"Mackay, Jay"	"Bell, M L W"
"13:58:00"	"2024-04-07"	"Bath"	"Swiss Money (FR)"	"33.00"	"55"	"Handicap"	"5"	"8"	"Hornby, Rob"	"Dickin, Harriet"
"13:15:00"	"2024-04-07"	"Leopardstown"	"Fine Print (IRE)"	"125.00"	"615.34"	"Maiden"	"11"	"11"	"Rutledge, Siobhan"	"McConnell, John C"
"15:15:00"	"2024-04-06"	"Kempton"	"Circuit Breaker"	"5.00"	"8"	"Handicap"	"3"	"13"	"Doyle, James"	"ONeill, Jonjo and AJ"
"15:15:00"	"2024-04-06"	"Kempton"	"Galactic Jack (IRE)"	"100.00"	"267.33"	"Handicap"	"10"	"13"	"Cox, William"	"Dickin, Harriet"
"15:15:00"	"2024-04-06"	"Kempton"	"Manu Et Corde (IRE)"	"80.00"	"120"	"Handicap"	"13"	"13"	"Rodriguez, Callum"	"Jardine, I"
"14:50:00"	"2024-04-06"	"Chelmsford City"	"Frankfreya"	"10.00"	"13.46"	"Handicap"	"10"	"10"	"Nicholls, Mia"	"Holland, Darryll"
"14:40:00"	"2024-04-06"	"Kempton"	"Londoner (IRE)"	"33.00"	"55"	"Handicap"	"10"	"14"	"Crowley, Jim"	"Goldie, J S"
"14:05:00"	"2024-04-06"	"Kempton"	"Many Tears (IRE)"	"6.00"	"9.79"	"Non-Handicap"	"7"	"10"	"Muscutt, D"	"Ferguson, James"
"18:00:00"	"2024-04-05"	"Dundalk"	"Badda Bing (IRE)"	"40.00"	"117.69"	"Maiden"	"4"	"14"	"Slattery, A J"	"Halley, Josh"
"16:55:00"	"2024-04-05"	"Dundalk"	"Run The Jewels (IRE)"	"14.00"	"22"	"Handicap"	"5"	"14"	"McSweeney, O"	"McLoughlin, Daniel"
"16:55:00"	"2024-04-05"	"Dundalk"	"Sporting Hero"	"33.00"	"44.81"	"Handicap"	"11"	"14"	"King, D"	"Hogan, Denis Gerard"
"16:30:00"	"2024-04-05"	"Musselburgh"	"Coastal Rock (FR)"	"6.00"	"8.2"	"Maiden Hurdle"	"4"	"8"	"Fox, Derek R"	"Russell, Miss Lucinda V"
"15:00:00"	"2024-04-05"	"Lingfield"	"Hello Cotai (IRE)"	"66.00"	"131.36"	"Handicap"	"4"	"7"	"Shepherd, Callum"	"West, Adam"
"15:00:00"	"2024-04-05"	"Lingfield"	"Doddies Impact"	"50.00"	"90.96"	"Handicap"	"7"	"7"	"Hornby, Rob"	"Hill,Mrs Lawney "
"20:30:00"	"2024-04-04"	"Wolverhampton"	"Angel Of Antrim (IRE)"	"7.00"	"8.25"	"Handicap"	"4"	"10"	"Gordon, Josephine"	"McEntee, P S"
"19:00:00"	"2024-04-04"	"Wolverhampton"	"Hadley Park"	"200.00"	"543.67"	"Handicap"	"8"	"8"	"Bishop, Charles"	"Ponting, J"
"18:30:00"	"2024-04-04"	"Wolverhampton"	"New York Bob"	"28.00"	"71.72"	"Novices"	"6"	"8"	"Probert, David"	"Ward, Tom"
"16:45:00"	"2024-04-04"	"Southwell"	"Larkfield Lusive (IRE)"	"3.33"	"5.1"	"Handicap Hurdle"	"3"	"7"	"Kington, John"	"Morgan, Miss Laura"
"16:25:00"	"2024-04-04"	"Lingfield"	"Ronaldoreturns"	"100.00"	"170.76"	"Novices"	"4"	"4"	"Keenan, Darragh"	"Owen, J P"
"16:15:00"	"2024-04-04"	"Naas"	"The Derry Girl (IRE)"	"66.00"	"400"	"Handicap Hurdle"	"PU"	"24"	"McGarvey, J S"	"Sheehy, E"
"16:15:00"	"2024-04-04"	"Naas"	"Tonys Pet (FR)"	"100.00"	"437.68"	"Handicap Hurdle"	"UR"	"24"	"McConville, Mr D J"	"McConville, Stephen"
"15:40:00"	"2024-04-04"	"Naas"	"Drop The Harrow (IRE)"	"125.00"	"740"	"Handicap Hurdle"	"PU"	"25"	"OSullivan, James"	"McCabe, Moses"
"15:20:00"	"2024-04-04"	"Lingfield"	"Overnight Oats"	"8.50"	"10.72"	"Handicap"	"7"	"11"	"Ryan, Rossa"	"Newland, Dr R D P"
"15:10:00"	"2024-04-04"	"Naas"	"Toto Too (IRE)"	"3.00"	"4.78"	"Novices Hurdle"	"1"	"10"	"Donoghue, K M"	"Cromwell, Gavin Patrick"
"15:05:00"	"2024-04-04"	"Southwell"	"The Last Drop (IRE)"	"4.00"	"5.8"	"NH Flat"	"6"	"7"	"Lambert, Finn"	"Phillips, R T"
"19:00:00"	"2024-04-03"	"Kempton"	"Kiwano (FR)"	"20.00"	"24.95"	"Handicap"	"6"	"9"	"Shepherd, Callum"	"Baker, George"
"18:30:00"	"2024-04-03"	"Kempton"	"Rogue Encore"	"8.00"	"17.36"	"Maiden"	"5"	"12"	"Morris, Luke"	"Chapple-Hyam, P W"
"18:00:00"	"2024-04-03"	"Kempton"	"Principessa (IRE)"	"125.00"	"281.88"	"Novices"	"5"	"5"	"Larson, Frederick"	"Butler, John"
"16:50:00"	"2024-04-03"	"Kempton"	"Extrication"	"40.00"	"65"	"Maiden"	"3"	"10"	"Cox, William"	"Teal, R A"
"16:50:00"	"2024-04-03"	"Kempton"	"Card Shark (IRE)"	"66.00"	"210"	"Maiden"	"9"	"10"	"Bradley, Paddy"	"Boyle, J R"
"16:27:00"	"2024-04-03"	"Catterick"	"Knicks (IRE)"	"3.50"	"4.73"	"Handicap"	"2"	"10"	"Garritty, Billy"	"Easterby, M W"
"14:55:00"	"2024-04-03"	"Catterick"	"The Knot Is Tied (IRE)"	"50.00"	"156.65"	"Handicap"	"11"	"11"	"Edmunds, Lewis"	"Potter, R D"
"20:30:00"	"2024-04-02"	"Wolverhampton"	"Danesfort"	"6.50"	"9.49"	"Handicap"	"9"	"9"	"Ryan, Rossa"	"Wintle, A"
"19:30:00"	"2024-04-02"	"Wolverhampton"	"Tamaris (IRE)"	"1.10"	"2.15"	"Handicap"	"1"	"12"	"Keeley, Aidan"	"Owen, J P"
"15:30:00"	"2024-04-02"	"Ludlow"	"Jacamar (GER)"	"2.50"	"3.64"	"Handicap Chase"	"3"	"4"	"Cobden, Harry"	"Dickin, Harriet"
"15:00:00"	"2024-04-02"	"Ludlow"	"Legionar (GER)"	"18.00"	"23.81"	"Handicap Hurdle"	"1"	"7"	"Cobden, Harry"	"Dickin, Harriet"
"17:20:00"	"2024-04-01"	"Plumpton"	"El Muchacho (IRE)"	"1.88"	"3.1"	"Handicap Novices Chase"	"1"	"4"	"Harris, Bradley"	"Dickin, Harriet"
"17:15:00"	"2024-04-01"	"Kempton"	"Dembe"	"1.88"	"3.37"	"Handicap"	"2"	"13"	"Mitchell, Jack"	"Pearce, Simon"
"16:55:00"	"2024-04-01"	"Chepstow"	"Lyla Garrity (IRE)"	"50.00"	"117.71"	"Handicap Hurdle"	"PU"	"11"	"Tudor, Jack"	"Knight, Miss H C"
"16:55:00"	"2024-04-01"	"Chepstow"	"Sobegrand"	"80.00"	"147.12"	"Handicap Hurdle"	"PU"	"11"	"Brace, Connor"	"Flint, J L"
"16:45:00"	"2024-04-01"	"Plumpton"	"Importateur (FR)"	"50.00"	"78.49"	"Handicap Novices Hurdle"	"3"	"10"	"Buckley, Tom"	"Gretton, T R "
"16:43:00"	"2024-04-01"	"Cork"	"Lifetime Ambition (IRE)"	"0.53"	"1.6"	"Hunters Chase"	"1"	"9"	"Doyle, Miss S M"	"Doyle, P M J"
"16:43:00"	"2024-04-01"	"Cork"	"Dr Robin (IRE)"	"66.00"	"253.07"	"Hunters Chase"	"UR"	"9"	"Power, Ms A"	"Kiely, Paul Stephen"
"16:40:00"	"2024-04-01"	"Kempton"	"Baltimore Boy (IRE)"	"7.00"	"9.61"	"Handicap"	"5"	"10"	"Crowley, Jim"	"Horton, James"
"16:30:00"	"2024-04-01"	"Huntingdon"	"The Hardest Geezer (IRE)"	"6.00"	"8.84"	"NH Flat"	"7"	"12"	"Houlihan, Sean M"	"Hobbs, P J / White, J"
"16:30:00"	"2024-04-01"	"Huntingdon"	"Rogue Bull"	"100.00"	"150.69"	"NH Flat"	"8"	"12"	"Reed, Harry"	"Hitchins, Daisy"
"16:10:00"	"2024-04-01"	"Plumpton"	"Harrys Game"	"14.00"	"50.98"	"Maiden Hurdle"	"6"	"8"	"Johnston, Dylan"	"Williams, Christian"
"15:33:00"	"2024-04-01"	"Cork"	"Shiroccosmagicgem (IRE)"	"4.00"	"6.6"	"Maiden Hunters Chase"	"5"	"11"	"Barry, Mr J C"	"Power, Edward F"
"15:07:00"	"2024-04-01"	"Fakenham"	"Eclair De Beaufeu (FR)"	"10.00"	"13.3"	"Handicap Hurdle"	"1"	"6"	"Best, J A"	"Humphrey, Mrs S J"
"15:00:00"	"2024-04-01"	"Plumpton"	"Celine Man (IRE)"	"33.00"	"80.54"	"Handicap Hurdle"	"PU"	"11"	"Walsh, E"	"Knight, Miss H C"
"15:00:00"	"2024-04-01"	"Plumpton"	"Le Boulevardier"	"7.50"	"11"	"Handicap Hurdle"	"PU"	"11"	"Houlihan, Niall F"	"Moore, Gary and Josh"
"14:35:00"	"2024-04-01"	"Chepstow"	"Coin Basket (IRE)"	"7.50"	"10"	"Maiden Hurdle"	"5"	"6"	"Ring, C V"	"Dickin, Harriet"
"14:10:00"	"2024-04-01"	"Huntingdon"	"Twoconduit (IRE)"	"8.50"	"23"	"Handicap Novices Hurdle"	"5"	"9"	"Dunne, R T"	"Knight, Miss H C"
"14:05:00"	"2024-04-01"	"Fairyhouse"	"Know The Game (IRE)"	"40.00"	"63.13"	"Handicap Novices Hurdle"	"6"	"18"	"OBrien, P M"	"Dreaper, Tom"
"13:40:00"	"2024-04-01"	"Wolverhampton"	"Stage Show"	"28.00"	"36.12"	"Handicap"	"2"	"10"	"Probert, David"	"Dunn, Mrs Alex"
"13:27:00"	"2024-04-01"	"Fakenham"	"Ikigai Star (IRE)"	"11.00"	"15"	"Maiden Hurdle"	"4"	"8"	"Pinchin, Miss L M"	"Longsdon, C E"
"13:27:00"	"2024-04-01"	"Fakenham"	"Star Player"	"4.50"	"8.17"	"Maiden Hurdle"	"PU"	"8"	"Durrell, Mr T"	"Skelton, Daniel"
"17:15:00"	"2024-03-31"	"Cork"	"Nowwhatdoyouthink (IRE)"	"4.50"	"7.06"	"NH Flat"	"1"	"10"	"Dunne, Mr J"	"Hackett, Ray"
"17:15:00"	"2024-03-31"	"Cork"	"Honky Tonk (IRE)"	"66.00"	"138.14"	"NH Flat"	"7"	"10"	"Cleary, Mr S"	"Sheehy, E"
"17:15:00"	"2024-03-31"	"Cork"	"Ikalimix (FR)"	"50.00"	"100"	"NH Flat"	"9"	"10"	"Shine, Mr C J"	"OSullivan, Eugene M"
"16:25:00"	"2024-03-31"	"Southwell"	"Twilight Jazz"	"80.00"	"150.66"	"Handicap"	"7"	"12"	"Probert, David"	"Charalambous, P"
"16:00:00"	"2024-03-31"	"Ffos Las"	"Byzantine Empire"	"18.00"	"22.27"	"Handicap Hurdle"	"5"	"7"	"Dunne, R T"	"Flint, J L"
"15:50:00"	"2024-03-31"	"Southwell"	"Salamanca Lad (IRE)"	"5.50"	"6.8"	"Handicap"	"4"	"9"	"Egan, David"	"Kubler, Daniel"
"15:50:00"	"2024-03-31"	"Southwell"	"Desert Raider"	"33.00"	"43.51"	"Handicap"	"6"	"9"	"Garritty, Billy"	"McInnes, I W"
"15:25:00"	"2024-03-31"	"Ffos Las"	"Punitive (IRE)"	"28.00"	"30.54"	"Handicap Chase"	"3"	"7"	"Bowen, James C"	"Bowen, Peter / Michael"
"15:19:00"	"2024-03-31"	"Market Rasen"	"Lord Warburton (IRE)"	"200.00"	"882.72"	"Maiden Hurdle"	"6"	"7"	"Midgley, Tom"	"Sowersby, M E"
"14:44:00"	"2024-03-31"	"Market Rasen"	"Irish Lullaby"	"4.00"	"6"	"Maiden Hurdle"	"3"	"11"	"Brooke, Henry"	"Greenall, O / Guerriero, J"
"14:40:00"	"2024-03-31"	"Southwell"	"Ashwiyaa (IRE)"	"7.00"	"9.23"	"Handicap"	"3"	"6"	"Loughnane, Mr Billy"	"Boughey, George"
"13:55:00"	"2024-03-31"	"Plumpton"	"Secret Sauce (IRE)"	"25.00"	"52.03"	"Maiden Hurdle"	"F"	"8"	"Harris, Bradley"	"Dickin, Harriet"
"13:40:00"	"2024-03-31"	"Ffos Las"	"Privilege"	"16.00"	"22.73"	"Novices Hurdle"	"PU"	"6"	"Turner, James"	"Lewis, Mrs S W"
"13:25:00"	"2024-03-31"	"Fairyhouse"	"Omniscient"	"5.50"	"8.52"	"Maiden Hurdle"	"4"	"20"	"Kennedy, J W"	"Elliott, Gordon"
"13:10:00"	"2024-03-31"	"Cork"	"Nannie Dee"	"25.00"	"42.54"	"Maiden Hurdle"	"12"	"14"	"Maxwell, Dillon"	"McNamara, Andrew"
"20:30:00"	"2024-03-30"	"Wolverhampton"	"Piranheer"	"16.00"	"24.06"	"Handicap"	"11"	"11"	"Fallon, Cieren"	"Best, Jim/Suzi"
"17:15:00"	"2024-03-30"	"Cork"	"Comein Comein (IRE)"	"100.00"	"160.98"	"Maiden"	"15"	"18"	"Santos, M"	"Browne, Michael J"
"17:15:00"	"2024-03-30"	"Cork"	"Ginormous (IRE)"	"200.00"	"765.58"	"Maiden"	"18"	"18"	"Cleary, R P"	"Fenton, M P"
"16:25:00"	"2024-03-30"	"Haydock"	"One Big Bang (IRE)"	"1.50"	"2.73"	"Handicap Novices Hurdle"	"1"	"10"	"Chadwick, Alex"	"Owen, J P"
"15:05:00"	"2024-03-30"	"Carlisle"	"Atlanticexpress (IRE)"	"80.00"	"201.82"	"Novices Hurdle"	"6"	"6"	"Quinlan, Sean"	"Quinlan, Elizabeth"
"14:55:00"	"2024-03-30"	"Cork"	"Scholarship (IRE)"	"6.50"	"8.91"	"Handicap"	"2"	"9"	"McCullagh, Scott"	"Bunyan, Darren / OLeary, G"
"14:10:00"	"2024-03-30"	"Fairyhouse"	"Al Gasparo (FR)"	"4.00"	"5.8"	"Maiden Hurdle"	"4"	"18"	"Donoghue, K M"	"Cromwell, Gavin Patrick"
"13:55:00"	"2024-03-30"	"Carlisle"	"Maillot Blanc"	"7.00"	"8.99"	"Handicap Hurdle"	"5"	"8"	"Williamson, Joseph"	"Alexander, N W"
"13:15:00"	"2024-03-30"	"Cork"	"Go Big Or Go Home (IRE)"	"2.13"	"3.5"	"Maiden"	"7"	"10"	"Lee, W J"	"Twomey, P"
"17:00:00"	"2024-03-29"	"Lingfield"	"Reprised"	"22.00"	"29.88"	"Handicap"	"4"	"11"	"Orr, Oisin"	"Perratt, Miss L A"
"17:00:00"	"2024-03-29"	"Lingfield"	"Milliethemollie (IRE)"	"66.00"	"120"	"Handicap"	"5"	"11"	"Norton, Francis"	"Carroll, A W"
"15:25:00"	"2024-03-29"	"Chelmsford City"	"Run Simba"	"25.00"	"40"	"Handicap"	"16"	"16"	"Peate, Jonny"	"Menzies, Rebecca"
"14:05:00"	"2024-03-29"	"Lingfield"	"Troon (IRE)"	"150.00"	"395.87"	"Handicap"	"14"	"14"	"Kirrane, Sean"	"West, Adam"
"20:30:00"	"2024-03-28"	"Southwell"	"Many A Star (IRE)"	"14.00"	"17.81"	"Handicap"	"6"	"10"	"Osborne, Saffie"	"Osborne, J A"
"20:00:00"	"2024-03-28"	"Southwell"	"Digital (IRE)"	"14.00"	"16.5"	"Handicap"	"6"	"10"	"Sullivan, James P"	"Carr, Mrs R A"
"19:30:00"	"2024-03-28"	"Southwell"	"Etihad Rail (IRE)"	"66.00"	"91.04"	"Handicap"	"11"	"11"	"Sullivan, James P"	"Carr, Mrs R A"
"19:00:00"	"2024-03-28"	"Southwell"	"Gioiella (IRE)"	"25.00"	"34.97"	"Handicap"	"7"	"8"	"Morris, Luke"	"Watson, Archie"
"15:55:00"	"2024-03-28"	"Wetherby"	"Knowwhentoholdem (IRE)"	"5.00"	"6.28"	"Handicap Hurdle"	"4"	"11"	"Cobden, Harry"	"Mulholland, N P"
"14:10:00"	"2024-03-28"	"Wetherby"	"Haarar"	"28.00"	"55.88"	"Maiden Hurdle"	"11"	"15"	"England, Jonathan"	"England, Sam"
"13:57:00"	"2024-03-28"	"Fontwell"	"Always Force It (IRE)"	"40.00"	"66.47"	"Maiden Hurdle"	"PU"	"5"	"Godfrey, Ben"	"Brown, Miss Harriet"
"20:30:00"	"2024-03-27"	"Kempton"	"Profit And Loss (FR)"	"12.00"	"17.5"	"Handicap"	"3"	"12"	"Keeley, Aidan"	"Baker, George"
"20:30:00"	"2024-03-27"	"Kempton"	"Lady Nagin (IRE)"	"33.00"	"50"	"Handicap"	"10"	"12"	"Shepherd, Callum"	"West, Adam"
"18:30:00"	"2024-03-27"	"Kempton"	"Commander Crouch (IRE)"	"28.00"	"43.07"	"Handicap"	"6"	"6"	"Crouch, Hector"	"Boyle, J R"
"18:00:00"	"2024-03-27"	"Kempton"	"Garden View (IRE)"	"200.00"	"423.6"	"Novices"	"11"	"13"	"Bass, George"	"Usher, M D I"
"17:15:00"	"2024-03-27"	"Hereford"	"Strong As Steel"	"25.00"	"55"	"NH Flat"	"3"	"6"	"Deutsch, Charlie"	"Evans, H J"
"14:40:00"	"2024-03-27"	"Hereford"	"The Sad Shepherd (IRE)"	"40.00"	"68.09"	"Maiden Hurdle"	"6"	"12"	"Gethings, Ciaran"	"Ralph, Alastair"
"14:30:00"	"2024-03-27"	"Wincanton"	"Begin The Luck (IRE)"	"33.00"	"56.65"	"Handicap Chase"	"PU"	"5"	"Reed, Harry"	"Hitchins, Daisy"
"19:45:00"	"2024-03-26"	"Southwell"	"Scarriff (IRE)"	"22.00"	"29.54"	"Non-Handicap"	"11"	"11"	"Mulrennan, Paul"	"Menzies, Rebecca"
"19:30:00"	"2024-03-26"	"Dundalk"	"Trident Star (IRE)"	"50.00"	"85.18"	"Handicap"	"9"	"14"	"Foley, Shane"	"McGuigan, H D"
"18:30:00"	"2024-03-26"	"Dundalk"	"Perfect Curves (IRE)"	"125.00"	"374.86"	"Maiden"	"11"	"13"	"McDonogh, D P"	"Elliott, Gordon"
"17:45:00"	"2024-03-26"	"Southwell"	"Daylight Ransom"	"66.00"	"108.38"	"Maiden"	"10"	"10"	"Gordon, Josephine"	"McEntee, P S"
"17:15:00"	"2024-03-26"	"Southwell"	"Justahunch"	"7.50"	"9.67"	"Handicap"	"2"	"11"	"Clutterbuck, Rhys"	"Cunha, Dylan"
"16:20:00"	"2024-03-26"	"Taunton"	"Manor Park"	"125.00"	"252.66"	"Handicap Hurdle"	"5"	"5"	"Reed, Harry"	"Hitchins, Daisy"
"16:15:00"	"2024-03-26"	"Southwell"	"Persian Wolf (IRE)"	"150.00"	"290"	"Handicap"	"14"	"14"	"Heard, Tyler"	"Shaw, D"
"15:50:00"	"2024-03-26"	"Taunton"	"Bbold (IRE)"	"50.00"	"78.41"	"Handicap Chase"	"4"	"6"	"Morgan, Mr Beau"	"Hitchins, Daisy"
"15:05:00"	"2024-03-26"	"Newcastle"	"Dannos Dollar (IRE)"	"33.00"	"52.12"	"Maiden Hurdle"	"PU"	"7"	"Midgley, Tom"	"Walford, Mark"
"14:50:00"	"2024-03-26"	"Taunton"	"Nobody Told Me"	"80.00"	"150"	"Novices Hurdle"	"6"	"13"	"Bass, David"	"Faulkner, Ms D C"
"20:00:00"	"2024-03-25"	"Newcastle"	"Fair And Square"	"14.00"	"22"	"Handicap"	"10"	"10"	"Morgan, Miss Remie"	"OBrien, Fergal"
"17:30:00"	"2024-03-25"	"Newcastle"	"Soowaih (IRE)"	"12.00"	"13.8"	"Handicap"	"4"	"9"	"Mulrennan, Paul"	"Goldie, J S"
"17:00:00"	"2024-03-25"	"Newcastle"	"Lunar Rocks"	"20.00"	"24.1"	"Handicap"	"2"	"7"	"Sullivan, James P"	"Smith, R Michael"
"16:05:00"	"2024-03-25"	"Huntingdon"	"Phoebes Charm (IRE)"	"150.00"	"261.51"	"Handicap Hurdle"	"11"	"11"	"Poste, Ben J"	"Hobson, Miss Clare"
"14:50:00"	"2024-03-25"	"Exeter"	"Mermaids Cave (IRE)"	"3.33"	"4.86"	"Novices Seller Hurdle"	"3"	"6"	"Patrick, Richard"	"Sheppard, M"
"14:50:00"	"2024-03-25"	"Exeter"	"Far Away West (IRE)"	"50.00"	"89.34"	"Novices Seller Hurdle"	"5"	"6"	"Reed, Harry"	"Hitchins, Daisy"
"16:40:00"	"2024-03-24"	"Limerick"	"Plain Or Battered (IRE)"	"18.00"	"26.29"	"Handicap Chase"	"F"	"8"	"Torrens, Simon"	"Rothwell, P J"
"16:20:00"	"2024-03-24"	"Naas"	"Arizona Desert (IRE)"	"5.50"	"6.74"	"Handicap"	"5"	"9"	"Hassett, M W"	"Murray, Adrian"
"15:45:00"	"2024-03-24"	"Naas"	"Mr Rango (IRE)"	"4.00"	"6.23"	"Handicap"	"3"	"16"	"Foley, Shane"	"Harney, John M"
"15:45:00"	"2024-03-24"	"Naas"	"Solar Breeze (IRE)"	"12.00"	"15.49"	"Handicap"	"12"	"16"	"McSweeney, O"	"McLoughlin, Daniel"
"15:45:00"	"2024-03-24"	"Naas"	"Queenie St Clair (IRE)"	"66.00"	"161.51"	"Handicap"	"16"	"16"	"Roche, L F"	"Delany, E D"
"15:40:00"	"2024-03-24"	"Doncaster"	"Qitaal"	"14.00"	"17.51"	"Handicap"	"1"	"10"	"Fanning, Joe"	"Johnston, Charlie"
"14:45:00"	"2024-03-24"	"Ascot"	"Vitani"	"20.00"	"29.21"	"Handicap Hurdle"	"8"	"9"	"Durrell, Mr T"	"Skelton, Daniel"
"14:30:00"	"2024-03-24"	"Doncaster"	"Manhattan Mirage (IRE)"	"4.00"	"5.6"	"Novices"	"2"	"7"	"Egan, David"	"Davis, D J S Ffrench"
"13:25:00"	"2024-03-24"	"Naas"	"Harbour Gem (IRE)"	"2.50"	"3.85"	"Maiden"	"2"	"9"	"Hayes, C D"	"Weld, D K"
"13:20:00"	"2024-03-24"	"Doncaster"	"Dubai Crystal (IRE)"	"1.20"	"2.34"	"Handicap"	"7"	"7"	"Walker, Mr S"	"Boughey, George"
"19:30:00"	"2024-03-23"	"Newcastle"	"Havana Rose (IRE)"	"20.00"	"21.28"	"Handicap"	"3"	"5"	"Loughnane, Mr Billy"	"Scott, Miss Katie"
"17:15:00"	"2024-03-23"	"Wolverhampton"	"One Colour (IRE)"	"100.00"	"172.14"	"Maiden"	"8"	"9"	"McEntee, Grace"	"Young, Maxwell"
"16:45:00"	"2024-03-23"	"Doncaster"	"Powerful Response (IRE)"	"14.00"	"19.11"	"Handicap"	"4"	"12"	"Pyle, William"	"Harker, G A"
"16:05:00"	"2024-03-23"	"Wolverhampton"	"Yaajooz (IRE)"	"5.50"	"6.31"	"Handicap"	"2"	"8"	"McEntee, Grace"	"Boughey, George"
"16:05:00"	"2024-03-23"	"Wolverhampton"	"Dan Dee Prince (IRE)"	"11.00"	"13.92"	"Handicap"	"6"	"8"	"Shoemark, Kieran"	"Newland, Dr R D P"
"15:35:00"	"2024-03-23"	"Doncaster"	"Lattam (IRE)"	"16.00"	"26.1"	"Handicap"	"2"	"20"	"Sexton, Ryan"	"Camacho, Miss J A"
"15:35:00"	"2024-03-23"	"Doncaster"	"Navagio (IRE)"	"22.00"	"35.57"	"Handicap"	"3"	"20"	"Kingscote, Richard"	"Horton, James"
"14:25:00"	"2024-03-23"	"Doncaster"	"Kalikapour (IRE)"	"33.00"	"57.29"	"Handicap"	"18"	"18"	"Sousa, Silvestre De"	"Fell, R / Murray, S"
"13:40:00"	"2024-03-23"	"Newbury"	"Lario (GER)"	"4.00"	"4.9"	"Novices Hurdle"	"3"	"11"	"Obrien, P V"	"Derham, Harry"
"13:40:00"	"2024-03-23"	"Newbury"	"Next Left (IRE)"	"33.00"	"67.63"	"Novices Hurdle"	"5"	"11"	"Gillard, Fergus"	"Skelton, Daniel"
"13:40:00"	"2024-03-23"	"Newbury"	"Arenas Del Tiempo"	"200.00"	"868.9"	"Novices Hurdle"	"11"	"11"	"Reed, Harry"	"Best, Jim/Suzi"
"13:20:00"	"2024-03-23"	"Doncaster"	"Padishakh (FR)"	"11.00"	"12.15"	"Non-Handicap"	"6"	"7"	"Tudhope, Daniel"	"OMeara, D"
"20:15:00"	"2024-03-22"	"Newcastle"	"Barleybrown"	"7.00"	"8.3"	"Non-Handicap"	"2"	"11"	"Sullivan, James P"	"Carr, Mrs R A"
"19:15:00"	"2024-03-22"	"Newcastle"	"Tillybob (IRE)"	"66.00"	"130"	"Handicap"	"5"	"11"	"Hart, Jason"	"Barclay, Stella"
"18:45:00"	"2024-03-22"	"Newcastle"	"Feel The Need"	"25.00"	"29.17"	"Handicap"	"5"	"9"	"Eaves, Tom"	"Herrington,M "
"18:15:00"	"2024-03-22"	"Newcastle"	"Gator Girl"	"7.00"	"8.26"	"Handicap"	"10"	"10"	"Robinson, Ben"	"Ellison, B"
"18:00:00"	"2024-03-22"	"Dundalk"	"Allo Arry (IRE)"	"18.00"	"27.6"	"Handicap"	"9"	"14"	"OConnor, Donagh"	"McConnell, John C"
"18:00:00"	"2024-03-22"	"Dundalk"	"Princess Rajj (IRE)"	"40.00"	"72.97"	"Handicap"	"13"	"14"	"Roche, L F"	"Roche, Padraig"
"17:20:00"	"2024-03-22"	"Newbury"	"A Definite Getaway (IRE)"	"25.00"	"46.38"	"Handicap Hurdle"	"PU"	"10"	"Bowen, James C"	"Bowen, Peter / Michael"
"17:15:00"	"2024-03-22"	"Newcastle"	"Red Bird (IRE)"	"16.00"	"25.19"	"Non-Handicap"	"6"	"7"	"Mulrennan, Paul"	"Jardine, I"
"16:55:00"	"2024-03-22"	"Lingfield"	"Bell Shot (IRE)"	"1.75"	"2.76"	"Handicap"	"1"	"9"	"Rawlinson, Ali"	"Appleby, M"
"16:55:00"	"2024-03-22"	"Lingfield"	"Comedian Leader"	"22.00"	"29.87"	"Handicap"	"5"	"9"	"Fallon, Cieren"	"Best, Jim/Suzi"
"16:55:00"	"2024-03-22"	"Lingfield"	"Madam Pickle"	"150.00"	"370"	"Handicap"	"9"	"9"	"Rooke, George"	"Tizzard, Joe"
"16:43:00"	"2024-03-22"	"Newbury"	"Son Of The Somme (IRE)"	"16.00"	"21.68"	"Handicap Chase"	"2"	"8"	"Brogan, Kevin"	"Lawes, T"
"16:20:00"	"2024-03-22"	"Lingfield"	"Werenotreallyhere"	"40.00"	"57.63"	"Handicap"	"9"	"9"	"Bryan, Joshua"	"Steele, Daniel"
"16:08:00"	"2024-03-22"	"Newbury"	"Warranty (FR)"	"40.00"	"80"	"Handicap Hurdle"	"7"	"12"	"Goldstein, Marc"	"West, Miss Sheena"
"15:45:00"	"2024-03-22"	"Lingfield"	"Martini Nights"	"14.00"	"24.65"	"Handicap"	"6"	"10"	"Hogan, D E"	"Jones, Jack"
"15:33:00"	"2024-03-22"	"Newbury"	"Hecouldbetheone (IRE)"	"7.50"	"10"	"Handicap Hurdle"	"9"	"14"	"Cobden, Harry"	"Owen, J P"
"14:50:00"	"2024-03-22"	"Hexham"	"Huit Reflets (FR)"	"4.50"	"7"	"Handicap Novices Hurdle"	"3"	"7"	"Hamilton, Jamie"	"Walford, Mark"
"14:12:00"	"2024-03-22"	"Lingfield"	"Little White Dove (IRE)"	"14.00"	"22"	"Maiden"	"6"	"8"	"Marsh, Finley"	"Hughes, Richard"
"14:00:00"	"2024-03-22"	"Newbury"	"Tigerbythetail (IRE)"	"2.75"	"4.3"	"Hunters Chase"	"3"	"6"	"Andrews, Gina"	"Ellis, Mrs G"
"14:00:00"	"2024-03-22"	"Newbury"	"El Presente"	"25.00"	"32.95"	"Hunters Chase"	"5"	"6"	"Broughton, Mr T P"	"Klug, Miss S"
"14:00:00"	"2024-03-22"	"Newbury"	"Montanna"	"40.00"	"61.97"	"Hunters Chase"	"F"	"6"	"Emsley, Miss C"	"Walker, E"
"13:12:00"	"2024-03-22"	"Lingfield"	"Intercessor"	"8.50"	"11"	"Handicap"	"2"	"10"	"Shoemark, Kieran"	"Newland, Dr R D P"
"20:30:00"	"2024-03-21"	"Southwell"	"Young Endless"	"5.50"	"8.8"	"Handicap"	"2"	"12"	"Ryan, Rossa"	"Morgan, Miss Laura"
"20:30:00"	"2024-03-21"	"Southwell"	"Leazy Lindsay"	"80.00"	"240"	"Handicap"	"11"	"12"	"Marsh, Finley"	"Evans, P D"
"18:00:00"	"2024-03-21"	"Southwell"	"Commander Of Life (IRE)"	"22.00"	"29.34"	"Handicap"	"5"	"9"	"Callan, N"	"Botti, M"
"18:00:00"	"2024-03-21"	"Southwell"	"Flag Carrier (IRE)"	"14.00"	"18"	"Handicap"	"8"	"9"	"Shepherd, Callum"	"Toomey, Brian"
"17:20:00"	"2024-03-21"	"Ludlow"	"Hazard Collonges (FR)"	"200.00"	"365.24"	"Hunters Chase"	"PU"	"6"	"Lovegrove-Fielden, J"	"Teague, R"
"17:08:00"	"2024-03-21"	"Cork"	"Balkito (FR)"	"25.00"	"35.91"	"Handicap Hurdle"	"4"	"14"	"Ohgren, Mr E"	"Ahern, G"
"15:58:00"	"2024-03-21"	"Cork"	"Cheerful Chap (IRE)"	"33.00"	"70"	"Handicap Hurdle"	"2"	"20"	"OSullivan, James"	"Rothwell, P J"
"15:58:00"	"2024-03-21"	"Cork"	"Shes So Glorious (IRE)"	"28.00"	"47.47"	"Handicap Hurdle"	"16"	"20"	"Ewing, Sam"	"Ahern, G"
"15:35:00"	"2024-03-21"	"Ludlow"	"Down Around (IRE)"	"12.00"	"19"	"Handicap Hurdle"	"5"	"6"	"Gethings, Ciaran"	"Rothwell, P J"
"15:23:00"	"2024-03-21"	"Cork"	"Rewrite The Script (IRE)"	"14.00"	"18.5"	"Handicap Hurdle"	"6"	"13"	"Byrnes, Mr P"	"Daly, Matthew A"
"14:23:00"	"2024-03-21"	"Cork"	"Redcliff Glen (GER)"	"100.00"	"255.56"	"Maiden Hurdle"	"16"	"20"	"Byrnes, Mr P"	"Byrnes, C"
"14:15:00"	"2024-03-21"	"Chepstow"	"Naturally High (FR)"	"28.00"	"57.16"	"Handicap Hurdle"	"6"	"9"	"Scott, Luke"	"Butler, P"
"20:30:00"	"2024-03-20"	"Southwell"	"Dumfries"	"9.00"	"11.92"	"Handicap"	"5"	"10"	"Sullivan, James P"	"Carr, Mrs R A"
"20:30:00"	"2024-03-20"	"Southwell"	"Moktasaab"	"8.00"	"10.82"	"Handicap"	"6"	"10"	"Egan, John"	"McEntee, P S"
"18:30:00"	"2024-03-20"	"Southwell"	"Another Run (IRE)"	"11.00"	"15"	"Handicap"	"1"	"9"	"Coakley, Ross"	"Millman, B R"
"17:30:00"	"2024-03-20"	"Southwell"	"Laser Focus (IRE)"	"66.00"	"332.18"	"Novices"	"4"	"7"	"Keeley, Aidan"	"Owen, J P"
"15:15:00"	"2024-03-20"	"Haydock"	"Ascending Lark"	"2.13"	"3.36"	"Maiden Hurdle"	"1"	"8"	"Obrien, P V"	"Derham, Harry"
"20:00:00"	"2024-03-19"	"Wolverhampton"	"Ower Starlight"	"80.00"	"144.41"	"Handicap"	"5"	"7"	"McEntee, Grace"	"Hitchins, Daisy"
"19:00:00"	"2024-03-19"	"Wolverhampton"	"Koji (IRE)"	"33.00"	"48"	"Handicap"	"1"	"10"	"Swift, Mr Dale"	"Furtado, Ivan"
"16:30:00"	"2024-03-19"	"Exeter"	"Earl Of Desmond"	"18.00"	"23.12"	"Novices Hunters Chase"	"PU"	"4"	"Hawker, Robert"	"Oliver, Henry"
"20:30:00"	"2024-03-18"	"Newcastle"	"Nikovo"	"1.38"	"2.52"	"Handicap"	"1"	"7"	"Winn, Mark"	"OMeara, D"
"20:30:00"	"2024-03-18"	"Newcastle"	"Man Of Aan (IRE)"	"12.00"	"18.56"	"Handicap"	"7"	"7"	"Garritty, Jack"	"Bailey, Liam"
"19:00:00"	"2024-03-18"	"Newcastle"	"Rishi"	"3.33"	"4.68"	"Handicap"	"6"	"8"	"Dennis, Phil"	"Davidson, Tristan"
"18:00:00"	"2024-03-18"	"Newcastle"	"Tickets"	"11.00"	"13.86"	"Handicap"	"9"	"10"	"Breslin, Andrew"	"Haslam, B M R"
"17:10:00"	"2024-03-18"	"Curragh"	"Merisi Diamond (IRE)"	"2.00"	"3.45"	"Handicap"	"1"	"20"	"Whelan, R P"	"Brassil, Martin"
"17:10:00"	"2024-03-18"	"Curragh"	"Dark Viper"	"18.00"	"26.16"	"Handicap"	"2"	"20"	"Kennedy, K G"	"Harrington, Mrs John"
"17:10:00"	"2024-03-18"	"Curragh"	"Guest Star"	"28.00"	"42"	"Handicap"	"11"	"20"	"Foley, Shane"	"Fahey, Mark"
"17:10:00"	"2024-03-18"	"Curragh"	"Land Lover"	"25.00"	"42"	"Handicap"	"14"	"20"	"Sheridan, J M"	"Hogan, Denis Gerard"
"17:00:00"	"2024-03-18"	"Southwell"	"R Bernard"	"1.38"	"2.56"	"Handicap Novices Hurdle"	"3"	"6"	"Worsley, Tabitha"	"Rowley, Melanie"
"16:40:00"	"2024-03-18"	"Curragh"	"Hijo De La Luna (GER)"	"33.00"	"67.24"	"Handicap"	"16"	"23"	"Caffrey, Adam"	"McConville, Stephen"
"16:40:00"	"2024-03-18"	"Curragh"	"Dumb Love (IRE)"	"33.00"	"70"	"Handicap"	"19"	"23"	"McCullagh, Scott"	"Bunyan, Darren / OLeary, G"
"16:40:00"	"2024-03-18"	"Curragh"	"Tujjaar"	"50.00"	"130.91"	"Handicap"	"23"	"23"	"Coen, Ben M"	"OBrien, Richard John"
"16:10:00"	"2024-03-18"	"Curragh"	"Joe Masseria (IRE)"	"25.00"	"36.94"	"Handicap"	"13"	"19"	"Lordan, W M"	"Breen, Leanne"
"15:40:00"	"2024-03-18"	"Curragh"	"Magical Sunset (IRE)"	"16.00"	"22.43"	"Non-Handicap"	"5"	"10"	"Egan, David"	"Murray, Adrian"
"15:40:00"	"2024-03-18"	"Curragh"	"Mammas Girl"	"18.00"	"29.04"	"Non-Handicap"	"6"	"10"	"Sousa, Silvestre De"	"Murray, Adrian"
"15:40:00"	"2024-03-18"	"Curragh"	"Peace Of Mine (IRE)"	"100.00"	"195.51"	"Non-Handicap"	"10"	"10"	"Lee, W J"	"McCreery, W"
"15:10:00"	"2024-03-18"	"Curragh"	"Charli Sands (IRE)"	"200.00"	"656.73"	"Maiden"	"17"	"18"	"Coen, Ben M"	"Latta, Yvonne"
"15:00:00"	"2024-03-18"	"Southwell"	"Joyeux Mans (FR)"	"66.00"	"108.16"	"Maiden NH Flat"	"5"	"6"	"Hammond, Charlie"	"Young, Maxwell"
"14:35:00"	"2024-03-18"	"Curragh"	"Turn Up The Beat"	"125.00"	"880"	"Maiden"	"15"	"15"	"Ryan, Gavin"	"Barry, David Richard"
"14:25:00"	"2024-03-18"	"Southwell"	"Great Samourai (FR)"	"3.33"	"5.18"	"Handicap Chase"	"2"	"4"	"Hughes, Brian"	"Pogson, Charles and Adam"
"14:05:00"	"2024-03-18"	"Curragh"	"New Definition"	"80.00"	"149.89"	"Handicap"	"9"	"13"	"Keane, C T"	"OBrien, Richard John"
"14:05:00"	"2024-03-18"	"Curragh"	"Never Shout Never (IRE)"	"18.00"	"25.15"	"Handicap"	"11"	"13"	"Whelan, R P"	"McGuinness, Adrian"
"16:37:00"	"2024-03-17"	"Down Royal"	"Hymie Weiss (IRE)"	"25.00"	"38"	"Hunters Chase"	"4"	"5"	"Powell, Mr E P"	"Lennon, Liam"
"15:52:00"	"2024-03-17"	"Huntingdon"	"Pak Army (IRE)"	"14.00"	"17"	"Handicap Hurdle"	"PU"	"5"	"Morgan, Mr Beau"	"Hitchins, Daisy"
"14:42:00"	"2024-03-17"	"Huntingdon"	"Land Afar (IRE)"	"7.50"	"11.5"	"Maiden Hurdle"	"2"	"15"	"Bass, David"	"Bailey, K C"
"14:42:00"	"2024-03-17"	"Huntingdon"	"Motazzen (IRE)"	"18.00"	"29"	"Maiden Hurdle"	"13"	"15"	"Powell, Brendan"	"Knight, Miss H C"
"14:07:00"	"2024-03-17"	"Huntingdon"	"No Way Pedro (IRE)"	"22.00"	"46.33"	"Handicap Hurdle"	"6"	"7"	"Morgan, Mr Beau"	"Hitchins, Daisy"
"13:07:00"	"2024-03-17"	"Down Royal"	"Doctor Glide (FR)"	"4.50"	"7.6"	"Maiden Hurdle"	"3"	"20"	"Donoghue, K M"	"Dreaper, Tom"
"20:00:00"	"2024-03-16"	"Wolverhampton"	"Zu Run"	"20.00"	"25.91"	"Handicap"	"9"	"11"	"Davies, Harry"	"Loughnane, Daniel Mark"
"19:30:00"	"2024-03-16"	"Wolverhampton"	"Approachability"	"11.00"	"18.72"	"Handicap"	"9"	"9"	"Norton, Francis"	"Johnston, Charlie"
"19:00:00"	"2024-03-16"	"Wolverhampton"	"Sullivan Bay (IRE)"	"3.00"	"4.13"	"Handicap"	"6"	"6"	"Bishop, Charles"	"Knight, Miss H C"
"18:15:00"	"2024-03-16"	"Southwell"	"Nordic Star"	"33.00"	"42"	"Non-Handicap"	"9"	"9"	"Lee, Clifford"	"Frost, Kevin"
"17:30:00"	"2024-03-16"	"Wolverhampton"	"Biscoff Joe"	"100.00"	"162.26"	"Non-Handicap"	"7"	"9"	"Costello, Dougie"	"Young, Maxwell"
"17:05:00"	"2024-03-16"	"Kempton"	"Tailorman (FR)"	"8.00"	"12.27"	"NH Flat"	"2"	"15"	"Skelton, Harry"	"Williams, Ian"
"16:40:00"	"2024-03-16"	"Southwell"	"New Image"	"1.00"	"2.22"	"Maiden"	"1"	"8"	"Nolan, D"	"OMeara, D"
"16:30:00"	"2024-03-16"	"Kempton"	"Parade Away (IRE)"	"5.00"	"6.41"	"Novices Hurdle"	"F"	"6"	"Lambert, Finn"	"Twiston-Davies, N A"
"15:20:00"	"2024-03-16"	"Kempton"	"Little Soiree (IRE)"	"9.00"	"15.5"	"Novices Hurdle"	"F"	"15"	"Dingle, Rex"	"Gordon, C"
"15:05:00"	"2024-03-16"	"Thurles"	"Centurion Steel (IRE)"	"50.00"	"160.72"	"Handicap Chase"	"10"	"15"	"Fitzgerald, S"	"Queally, Declan"
"15:05:00"	"2024-03-16"	"Thurles"	"Western Comandor (IRE)"	"12.00"	"21.3"	"Handicap Chase"	"PU"	"15"	"Gainford, Mr J C"	"McNamara, Andrew"
"13:50:00"	"2024-03-16"	"Uttoxeter"	"Scorsese (IRE)"	"20.00"	"30.34"	"Handicap Hurdle"	"8"	"8"	"McLernon, R P"	"Mulholland, N P"
"19:40:00"	"2024-03-15"	"Newcastle"	"Reflexion Faite (FR)"	"80.00"	"164.87"	"Handicap"	"7"	"8"	"McManoman, Faye"	"Tinkler, N"
"19:00:00"	"2024-03-15"	"Wolverhampton"	"Bitcoin Profit (IRE)"	"7.00"	"9.04"	"Handicap"	"2"	"8"	"ONeill, K T"	"Young, Maxwell"
"19:00:00"	"2024-03-15"	"Wolverhampton"	"Trois Blancs"	"3.33"	"4.43"	"Handicap"	"6"	"8"	"Ryan, Rossa"	"Price, R J"
"18:50:00"	"2024-03-15"	"Dundalk"	"Dazzling Spirit (IRE)"	"50.00"	"112.66"	"Handicap"	"10"	"14"	"Carroll, G F"	"Foster, Mrs Denise"
"18:50:00"	"2024-03-15"	"Dundalk"	"Montevideo (IRE)"	"40.00"	"52.01"	"Handicap"	"14"	"14"	"McAteer, L T"	"Kinirons, A"
"18:30:00"	"2024-03-15"	"Wolverhampton"	"Aerospace (IRE)"	"9.00"	"11.8"	"Novices"	"1"	"8"	"Morris, Luke"	"Watson, Archie"
"18:30:00"	"2024-03-15"	"Wolverhampton"	"Helter Skelter (IRE)"	"12.00"	"20"	"Novices"	"4"	"8"	"Rawlinson, Ali"	"Menzies, Rebecca"
"18:30:00"	"2024-03-15"	"Wolverhampton"	"A Twist Of Time (IRE)"	"125.00"	"960"	"Novices"	"7"	"8"	"Muscutt, D"	"Mulholland, N P"
"18:00:00"	"2024-03-15"	"Wolverhampton"	"Valadero (IRE)"	"20.00"	"36.04"	"Handicap"	"3"	"8"	"Ryan, Rossa"	"Toomey, Brian"
"17:50:00"	"2024-03-15"	"Dundalk"	"Forbidden Planet"	"20.00"	"39.97"	"Handicap"	"10"	"11"	"Halpin, G P"	"Murphy, P J F"
"17:15:00"	"2024-03-15"	"Dundalk"	"Jaafel (IRE)"	"1.00"	"2.3"	"Claimer"	"2"	"14"	"Davis, Sean"	"Davis, Sean"
"17:15:00"	"2024-03-15"	"Dundalk"	"Edge Of Darkness (IRE)"	"6.50"	"11.74"	"Claimer"	"7"	"14"	"King, D"	"Hogan, Denis Gerard"
"17:15:00"	"2024-03-15"	"Dundalk"	"Sall Good Man (IRE)"	"14.00"	"26"	"Claimer"	"10"	"14"	"Crehan, Mark"	"Tynan, M J"
"17:15:00"	"2024-03-15"	"Dundalk"	"Moonlit Mist (IRE)"	"33.00"	"110"	"Claimer"	"11"	"14"	"Bowen, S D"	"Hogan, Denis Gerard"
"17:05:00"	"2024-03-15"	"Fakenham"	"Knight In Dubai (IRE)"	"2.25"	"3.35"	"Hunters Chase"	"2"	"6"	"Stearn, Mr R"	"Owen, Mrs J"
"17:05:00"	"2024-03-15"	"Fakenham"	"Chief Black Robe (IRE)"	"20.00"	"31.93"	"Hunters Chase"	"PU"	"6"	"Osborne, Myles"	"Osborne, M"
"17:05:00"	"2024-03-15"	"Fakenham"	"Shentri (FR)"	"9.00"	"14.24"	"Hunters Chase"	"PU"	"6"	"Callwood, Miss Ellie"	"Morgan, Miss Kelly"
"15:45:00"	"2024-03-15"	"Fakenham"	"Pump It Up"	"16.00"	"24.06"	"Handicap Hurdle"	"2"	"6"	"Dunne, R T"	"Martin, Marie"
"15:45:00"	"2024-03-15"	"Fakenham"	"Symbolic Spirit (FR)"	"1.25"	"2.34"	"Handicap Hurdle"	"3"	"6"	"Gillard, Fergus"	"Skelton, Daniel"
"13:30:00"	"2024-03-15"	"Cheltenham"	"Mighty Bandit (IRE)"	"28.00"	"31.14"	"Hurdle"	"PU"	"12"	"Bowen, James C"	"Greatrex, W J"
"13:10:00"	"2024-03-15"	"Fakenham"	"Juan Bermudez"	"3.50"	"5.3"	"Maiden Hurdle"	"3"	"9"	"Gillard, Fergus"	"Skelton, Daniel"
"13:10:00"	"2024-03-15"	"Fakenham"	"Daniel Deronda"	"20.00"	"35.05"	"Maiden Hurdle"	"4"	"9"	"Best, J A"	"Humphrey, Mrs S J"
"19:45:00"	"2024-03-14"	"Southwell"	"Via Blanca"	"3.00"	"4.5"	"Handicap"	"1"	"11"	"Pearson, Laura"	"Loughnane, David"
"19:45:00"	"2024-03-14"	"Southwell"	"Dash Power"	"100.00"	"252.24"	"Handicap"	"8"	"11"	"Sullivan, James P"	"Shaw, D"
"19:45:00"	"2024-03-14"	"Southwell"	"Belvoir Kitten"	"66.00"	"110"	"Handicap"	"9"	"11"	"Nicholls, Mia"	"Shaw, D"
"19:30:00"	"2024-03-14"	"Chelmsford City"	"Chasseral"	"25.00"	"41.1"	"Handicap"	"9"	"9"	"Catton, Luke"	"Williams, S C"
"19:15:00"	"2024-03-14"	"Southwell"	"Cliffs Of Malta (IRE)"	"18.00"	"20.53"	"Handicap"	"1"	"8"	"Shepherd, Callum"	"Martin, Marie"
"18:45:00"	"2024-03-14"	"Southwell"	"Defence Treaty (IRE)"	"14.00"	"17.14"	"Handicap"	"3"	"6"	"Eaves, Tom"	"Dixon, Scott"
"18:00:00"	"2024-03-14"	"Chelmsford City"	"Opec"	"14.00"	"19.19"	"Novices"	"4"	"10"	"Callan, N"	"Owen, J P"
"17:45:00"	"2024-03-14"	"Southwell"	"Inanna (IRE)"	"8.50"	"13"	"Handicap"	"9"	"9"	"Shepherd, Callum"	"Toomey, Brian"
"17:20:00"	"2024-03-14"	"Chelmsford City"	"Noodle Mission (USA)"	"50.00"	"85"	"Handicap"	"3"	"8"	"Stephens, Kayleigh"	"Smyth-Osbourne, Edward"
"17:20:00"	"2024-03-14"	"Chelmsford City"	"Blue Yonder (FR)"	"7.50"	"9.78"	"Handicap"	"5"	"8"	"Hampson, Brodie"	"Watson, Archie"
"17:00:00"	"2024-03-14"	"Hexham"	"Ask Bob (IRE)"	"33.00"	"71.94"	"Handicap Novices Hurdle"	"7"	"9"	"Maggs, Mr William"	"Crook, A"
"16:50:00"	"2024-03-14"	"Cheltenham"	"Mollys Mango"	"40.00"	"110"	"Novices Hurdle"	"6"	"8"	"Obrien, P V"	"Derham, Harry"
"16:10:00"	"2024-03-14"	"Cheltenham"	"Fighter Allen (FR)"	"100.00"	"285.89"	"Handicap Chase"	"PU"	"21"	"Tudor, Jack"	"Pipe, D E"
"20:15:00"	"2024-03-13"	"Newcastle"	"Natzor (FR)"	"8.00"	"8.74"	"Handicap"	"2"	"9"	"Tudhope, Daniel"	"OMeara, D"
"20:00:00"	"2024-03-13"	"Kempton"	"Lily In The Jungle (IRE)"	"9.00"	"13.01"	"Handicap"	"8"	"8"	"Shoemark, Kieran"	"Newland, Dr R D P"
"19:45:00"	"2024-03-13"	"Newcastle"	"Matty Too"	"25.00"	"39.35"	"Handicap"	"10"	"10"	"Garritty, Billy"	"McInnes, I W"
"18:45:00"	"2024-03-13"	"Newcastle"	"Woodstock"	"5.00"	"6.91"	"Handicap"	"4"	"8"	"Mason, Joanna"	"Carr, Mrs R A"
"18:45:00"	"2024-03-13"	"Newcastle"	"Bowman (IRE)"	"12.00"	"15"	"Handicap"	"7"	"8"	"Rawlinson, Ali"	"Brooke, Daniel"
"18:30:00"	"2024-03-13"	"Kempton"	"Farasi Lane (IRE)"	"8.50"	"12.5"	"Handicap"	"2"	"9"	"Shoemark, Kieran"	"Newland, Dr R D P"
"18:30:00"	"2024-03-13"	"Kempton"	"Just An Hour (IRE)"	"20.00"	"32"	"Handicap"	"9"	"9"	"Coakley, Ross"	"Millman, B R"
"18:15:00"	"2024-03-13"	"Newcastle"	"Dawn Of Liberation (IRE)"	"5.50"	"8.12"	"Handicap"	"3"	"6"	"Edmunds, Lewis"	"Carr, Mrs R A"
"18:00:00"	"2024-03-13"	"Kempton"	"Invincible Navy (IRE)"	"80.00"	"159.33"	"Novices"	"9"	"12"	"Shepherd, Callum"	"Bridger, J / Cook, R"
"16:30:00"	"2024-03-13"	"Huntingdon"	"Calvic (IRE)"	"3.33"	"5.08"	"Handicap Chase"	"3"	"10"	"Hammond, Charlie"	"Edmunds, Stuart"
"14:50:00"	"2024-03-13"	"Cheltenham"	"Finest Evermore (IRE)"	"80.00"	"119.05"	"Handicap Hurdle"	"15"	"21"	"Hayes, Brian"	"Hennessy, Paul"
"14:30:00"	"2024-03-13"	"Huntingdon"	"Seigneur Des As (FR)"	"9.00"	"12.43"	"Novices Hurdle"	"3"	"6"	"Harris, Bradley"	"Charlton, Anthony"
"20:00:00"	"2024-03-12"	"Southwell"	"Popular Dream"	"40.00"	"75"	"Handicap"	"6"	"11"	"Mason, Joanna"	"Shaw, D"
"17:40:00"	"2024-03-12"	"Newcastle"	"Medici Pass (IRE)"	"7.00"	"10.72"	"Handicap"	"1"	"7"	"Mulrennan, Paul"	"Jardine, I"
"17:30:00"	"2024-03-12"	"Cheltenham"	"Mr Vango (IRE)"	"14.00"	"18"	"Novices Chase"	"3"	"7"	"Andrews, Gina"	"Bradstock, Mrs Sara V"
"17:15:00"	"2024-03-12"	"Southwell"	"Belleplaine (IRE)"	"12.00"	"18"	"Handicap"	"2"	"12"	"Kent, Mr Lewis"	"Parr, Joseph"
"14:30:00"	"2024-03-12"	"Sedgefield"	"Robin Goodfellow (IRE)"	"25.00"	"35.54"	"Handicap Novices Hurdle"	"5"	"10"	"Chapman, Ross"	"Burns, Hugh"
"20:30:00"	"2024-03-11"	"Wolverhampton"	"Ellas Angel"	"200.00"	"1000"	"Non-Handicap"	"9"	"11"	"Cox, William"	"Forbes, A L"
"20:00:00"	"2024-03-11"	"Wolverhampton"	"Dappled Light"	"14.00"	"19"	"Handicap"	"6"	"8"	"Marsh, Finley"	"Wintle, A"
"16:20:00"	"2024-03-11"	"Stratford"	"Franigane (FR)"	"6.50"	"8.66"	"Novices Hunters Chase"	"3"	"7"	"Edgedale, Mr George"	"Edgedale, G"
"16:20:00"	"2024-03-11"	"Stratford"	"Terrierman (IRE)"	"66.00"	"95"	"Novices Hunters Chase"	"PU"	"7"	"Romain, N"	"Romain, Mrs R A"
"16:20:00"	"2024-03-11"	"Stratford"	"Missed Tee (IRE)"	"4.50"	"7"	"Novices Hunters Chase"	"PU"	"7"	"Robinson, Immy"	"Collins, Miss V"
"16:10:00"	"2024-03-11"	"Taunton"	"San Fermin (IRE)"	"50.00"	"80.36"	"Handicap Hurdle"	"PU"	"14"	"Hammond, Charlie"	"Ponting, J"
"15:50:00"	"2024-03-11"	"Stratford"	"Boom Boom (IRE)"	"80.00"	"110"	"Handicap Chase"	"PU"	"6"	"Leonard, Cillin"	"Summers, B R"
"15:10:00"	"2024-03-11"	"Taunton"	"Ca Plane Pour Moi (IRE)"	"10.00"	"15.77"	"Handicap Hurdle"	"PU"	"12"	"McLernon, R P"	"Mulholland, N P"
"15:00:00"	"2024-03-11"	"Plumpton"	"Crews Pitch"	"8.00"	"12.31"	"Handicap Novices Hurdle"	"5"	"5"	"Jacob, Daryl"	"Drinkwater, S W"
"14:40:00"	"2024-03-11"	"Taunton"	"Victory Club (IRE)"	"50.00"	"134.79"	"Maiden Hurdle"	"10"	"13"	"Poste, Ben J"	"Dickin, Harriet"
"13:50:00"	"2024-03-11"	"Stratford"	"Dragonball Prince (IRE)"	"14.00"	"28.32"	"Hurdle"	"5"	"9"	"Brooke, Henry"	"Greenall, O / Guerriero, J"
"20:00:00"	"2024-03-10"	"Southwell"	"Kodi Noir (IRE)"	"22.00"	"39.31"	"Handicap"	"7"	"9"	"Morris, Luke"	"Charalambous, P"
"19:30:00"	"2024-03-10"	"Southwell"	"Balmy Breese"	"11.00"	"15.5"	"Handicap"	"6"	"9"	"Loughnane, Mr Billy"	"Mackie, J"
"19:00:00"	"2024-03-10"	"Southwell"	"Retraction (IRE)"	"33.00"	"41.48"	"Handicap"	"4"	"11"	"Sullivan, James P"	"Carr, Mrs R A"
"19:00:00"	"2024-03-10"	"Southwell"	"Clipsham Gold (IRE)"	"50.00"	"68.83"	"Handicap"	"11"	"11"	"Hart, Jason"	"West, S G"
"14:52:00"	"2024-03-10"	"Naas"	"Dylan Oak (IRE)"	"20.00"	"39.4"	"Handicap Hurdle"	"8"	"19"	"Ewing, Sam"	"Oakes, F"
"14:25:00"	"2024-03-10"	"Warwick"	"Tactical Affair (FR)"	"2.25"	"3.35"	"Novices Hurdle"	"2"	"13"	"Bowen, Sean P"	"Greatrex, W J"
"13:50:00"	"2024-03-10"	"Warwick"	"Billytherealbigred"	"0.62"	"1.75"	"Handicap Hurdle"	"1"	"6"	"Wynne, Toby"	"Greenall, O / Guerriero, J"
"19:30:00"	"2024-03-09"	"Chelmsford City"	"Mine That Ship (IRE)"	"18.00"	"24.24"	"Handicap"	"2"	"8"	"Hogan, D E"	"Wigham, M"
"18:10:00"	"2024-03-09"	"Wolverhampton"	"Rocking Tree (IRE)"	"2.50"	"3.55"	"Novices"	"1"	"8"	"Loughnane, Mr Billy"	"Boughey, George"
"17:40:00"	"2024-03-09"	"Gowran Park"	"Two Mile House (IRE)"	"150.00"	"530"	"NH Flat"	"PU"	"9"	"ONeill, Mr P R"	"Hanlon, John Joseph"
"17:05:00"	"2024-03-09"	"Gowran Park"	"Early Doors (FR)"	"2.50"	"3.79"	"Hunters Chase"	"2"	"6"	"OConnor, Derek"	"Bolger, E"
"15:27:00"	"2024-03-09"	"Hereford"	"Rouge Vif (FR)"	"3.50"	"4.9"	"Handicap Chase"	"2"	"6"	"Bannister, Harry A A"	"Bandey, R J"
"15:20:00"	"2024-03-09"	"Gowran Park"	"Red Striker (IRE)"	"80.00"	"230"	"Handicap Hurdle"	"5"	"15"	"Callaghan, Mr K"	"Barcoe, James M"
"20:00:00"	"2024-03-08"	"Newcastle"	"Lauras Breeze (IRE)"	"10.00"	"12"	"Handicap"	"5"	"11"	"Garritty, Billy"	"Bailey, Liam"
"19:30:00"	"2024-03-08"	"Newcastle"	"King Sharja"	"7.50"	"9.05"	"Handicap"	"9"	"10"	"Sullivan, James P"	"Carr, Mrs R A"
"19:15:00"	"2024-03-08"	"Dundalk"	"Shoot To Kill (IRE)"	"2.50"	"3.7"	"Handicap"	"5"	"12"	"Caffrey, Adam"	"McGuinness, Adrian"
"18:45:00"	"2024-03-08"	"Dundalk"	"Wigmore Street (USA)"	"1.50"	"2.75"	"Non-Handicap"	"5"	"6"	"McMonagle, Dylan B"	"OBrien, Joseph Patrick"
"18:15:00"	"2024-03-08"	"Dundalk"	"Latin (IRE)"	"33.00"	"76.46"	"Maiden"	"8"	"13"	"Sheridan, J M"	"Hogan, Denis Gerard"
"18:15:00"	"2024-03-08"	"Dundalk"	"Action Plan (IRE)"	"25.00"	"49.08"	"Maiden"	"10"	"13"	"McCullagh, Scott"	"Bunyan, Darren / OLeary, G"
"18:00:00"	"2024-03-08"	"Newcastle"	"Vixey"	"16.00"	"21"	"Handicap"	"7"	"8"	"Sanderson, Benjamin"	"Herrington,M "
"17:45:00"	"2024-03-08"	"Dundalk"	"River Derwent"	"10.00"	"14"	"Handicap"	"3"	"14"	"Ryan, J J G"	"Coyle, Thomas"
"17:45:00"	"2024-03-08"	"Dundalk"	"Dutch Glory (IRE)"	"25.00"	"40.15"	"Handicap"	"9"	"14"	"Halpin, G P"	"Davis, Sean"
"17:15:00"	"2024-03-08"	"Dundalk"	"Laser Sharp"	"18.00"	"22.87"	"Claimer"	"11"	"14"	"Foley, Shane"	"Collins, C M"
"16:50:00"	"2024-03-08"	"Leicester"	"Tap Tap Boom"	"28.00"	"37.97"	"Hunters Chase"	"PU"	"7"	"Brown, Pippa"	"Swinbank, J A"
"16:50:00"	"2024-03-08"	"Leicester"	"Boughtbeforelunch (IRE)"	"40.00"	"59.71"	"Hunters Chase"	"PU"	"7"	"Stevenson, J W"	"Taylor, Mrs P"
"16:40:00"	"2024-03-08"	"Dundalk"	"Livingston Range (IRE)"	"18.00"	"23.33"	"Handicap"	"13"	"13"	"Colgan, R C"	"Donohoe, R"
"16:20:00"	"2024-03-08"	"Leicester"	"Si Elegant (FR)"	"3.00"	"4.64"	"Handicap Chase"	"3"	"4"	"Deutsch, Charlie"	"Williams, Miss Venetia"
"15:30:00"	"2024-03-08"	"Ayr"	"Low Mileage (IRE)"	"18.00"	"24.09"	"Handicap Chase"	"10"	"10"	"Bewley, Jonathon"	"Bewley, G T"
"15:20:00"	"2024-03-08"	"Leicester"	"Scattercash (IRE)"	"7.00"	"11.04"	"Handicap Chase"	"PU"	"6"	"Twiston-Davies, Sam"	"Twiston-Davies, N A"
"14:10:00"	"2024-03-08"	"Exeter"	"Vernon Subutex (FR)"	"50.00"	"105.41"	"Handicap Hurdle"	"PU"	"7"	"Leech, Roisin"	"Leech, Mrs S"
"20:30:00"	"2024-03-07"	"Newcastle"	"Capernoity (IRE)"	"10.00"	"13.59"	"Non-Handicap"	"6"	"9"	"Nolan, D"	"Niven, P D"
"18:30:00"	"2024-03-07"	"Newcastle"	"Gintini (IRE)"	"9.00"	"11.29"	"Non-Handicap"	"11"	"12"	"Keeley, Aidan"	"Owen, J P"
"17:05:00"	"2024-03-07"	"Lingfield"	"Compton Bay"	"8.50"	"11.18"	"Handicap"	"4"	"7"	"Carson, William"	"Madgwick, M"
"15:55:00"	"2024-03-07"	"Lingfield"	"Brazen Diamond"	"80.00"	"136.93"	"Handicap"	"10"	"12"	"ONeill, K T"	"Poulton, Camilla"
"14:55:00"	"2024-03-07"	"Wincanton"	"Too Shy Shy (IRE)"	"150.00"	"920"	"Novices Hurdle"	"PU"	"10"	"Ring, C V"	"Bourne, Daniel"
"14:05:00"	"2024-03-07"	"Carlisle"	"So Ladylike (IRE)"	"28.00"	"45.63"	"Handicap Hurdle"	"6"	"12"	"Cookson, Miss Natasha"	"Alexander, N W"
"13:50:00"	"2024-03-07"	"Wincanton"	"Simple Getaway (IRE)"	"6.00"	"8.51"	"Novices Hurdle"	"2"	"3"	"Deutsch, Charlie"	"Williams, Miss Venetia"
"20:00:00"	"2024-03-06"	"Kempton"	"Amerigo Vespucci (IRE)"	"6.00"	"7.8"	"Handicap"	"6"	"10"	"Ryan, Rossa"	"Newland, Dr R D P"
"18:30:00"	"2024-03-06"	"Kempton"	"Mashadi (IRE)"	"7.00"	"8.59"	"Handicap"	"2"	"8"	"Loughnane, Mr Billy"	"Foy, Kevin"
"18:30:00"	"2024-03-06"	"Kempton"	"Nariko (IRE)"	"11.00"	"13.07"	"Handicap"	"4"	"8"	"Davies, Harry"	"Palmer, Hugo"
"18:30:00"	"2024-03-06"	"Kempton"	"Macanudo (IRE)"	"12.00"	"16.5"	"Handicap"	"7"	"8"	"Kingscote, Richard"	"Williams, Ian"
"18:00:00"	"2024-03-06"	"Kempton"	"Snuggle"	"12.00"	"16.22"	"Handicap"	"7"	"8"	"Strydom, Kyle"	"Dace, L A"
"17:30:00"	"2024-03-06"	"Kempton"	"Howzak"	"66.00"	"86.67"	"Handicap"	"6"	"8"	"Costello, Dougie"	"Faulkner, Ms D C"
"17:30:00"	"2024-03-06"	"Kempton"	"Peggoty"	"125.00"	"173.33"	"Handicap"	"8"	"8"	"Shoemark, Kieran"	"Poulton, Camilla"
"16:55:00"	"2024-03-06"	"Kempton"	"Simply Ed"	"200.00"	"1000"	"Maiden"	"12"	"12"	"Kirrane, Sean"	"West, Adam"
"16:45:00"	"2024-03-06"	"Catterick"	"Drop Him In (IRE)"	"8.50"	"11"	"Hunters Chase"	"3"	"11"	"Hutsby, T"	"Hutsby, F A"
"16:45:00"	"2024-03-06"	"Catterick"	"Ballydonagh Boy (IRE)"	"12.00"	"16.96"	"Hunters Chase"	"6"	"11"	"Howarth, Miss R"	"Coward, Miss S"
"16:45:00"	"2024-03-06"	"Catterick"	"Romain De Senam (FR)"	"25.00"	"41.79"	"Hunters Chase"	"F"	"11"	"Cherriman, Mr D"	"Brookshaw, Miss H"
"16:45:00"	"2024-03-06"	"Catterick"	"Torygraph (IRE)"	"12.00"	"21.82"	"Hunters Chase"	"PU"	"11"	"Baker, Mr Z"	"Fanning, Mrs S"
"16:45:00"	"2024-03-06"	"Catterick"	"High Up In The Air (FR)"	"80.00"	"141.78"	"Hunters Chase"	"PU"	"11"	"Power, Jack"	"Fife, T W"
"19:30:00"	"2024-03-05"	"Southwell"	"Signora Bellissima (IRE)"	"33.00"	"52.73"	"Handicap"	"10"	"10"	"James, S H"	"Tutty, Gemma"
"19:00:00"	"2024-03-05"	"Southwell"	"Bulldog Spirit (IRE)"	"20.00"	"27"	"Handicap"	"7"	"10"	"Doyle, Hollie"	"Menzies, Rebecca"
"18:00:00"	"2024-03-05"	"Southwell"	"Assessment"	"3.33"	"4.68"	"Handicap"	"8"	"10"	"Doyle, Hollie"	"Watson, Archie"
"17:30:00"	"2024-03-05"	"Southwell"	"Cannon Rock"	"10.00"	"13.3"	"Novices"	"1"	"12"	"Keeley, Aidan"	"Owen, J P"
"17:30:00"	"2024-03-05"	"Southwell"	"Rotten Row (IRE)"	"150.00"	"400"	"Novices"	"8"	"12"	"Gordon, Josephine"	"Hanmer, G D"
"16:50:00"	"2024-03-05"	"Newcastle"	"Charizord (IRE)"	"66.00"	"130"	"Maiden NH Flat"	"8"	"12"	"Coltherd, Sam W"	"Corbett, Mrs Susan"
"16:02:00"	"2024-03-05"	"Lingfield"	"Carlow Farmer (IRE)"	"50.00"	"90.73"	"Handicap Hurdle"	"PU"	"6"	"Reed, Harry"	"Charlton, Anthony"
"15:40:00"	"2024-03-05"	"Thurles"	"Thebeautifulgame"	"80.00"	"396.14"	"Maiden Hurdle"	"15"	"16"	"Foley, J B"	"Collins, C M"
"15:10:00"	"2024-03-05"	"Thurles"	"God Help Us (IRE)"	"20.00"	"50.03"	"Maiden Hunters Chase"	"8"	"10"	"Hurley, Mr J"	"Gallagher, E F"
"14:50:00"	"2024-03-05"	"Newcastle"	"Raceview Road (IRE)"	"6.00"	"9.09"	"Novices Hurdle"	"2"	"5"	"Bewley, Jonathon"	"Bewley, G T"
"14:40:00"	"2024-03-05"	"Thurles"	"Folly Master (IRE)"	"1.10"	"2.46"	"Beginners Chase"	"1"	"12"	"Donoghue, K M"	"Dreaper, Tom"
"14:40:00"	"2024-03-05"	"Thurles"	"Sea Road Fill (IRE)"	"22.00"	"32.4"	"Beginners Chase"	"5"	"12"	"Gilligan, Jack G"	"Collins, Darren"
"14:40:00"	"2024-03-05"	"Thurles"	"Gaspard Du Seuil (FR)"	"12.00"	"18.5"	"Beginners Chase"	"7"	"12"	"Enright, P T"	"Sweeney, Rodger"
"19:30:00"	"2024-03-04"	"Wolverhampton"	"Fairmac"	"18.00"	"24.72"	"Handicap"	"8"	"8"	"Hornby, Rob"	"Charlton, Anthony"
"17:30:00"	"2024-03-04"	"Wolverhampton"	"Fiscal Policy (IRE)"	"12.00"	"18.9"	"Handicap"	"7"	"10"	"Sexton, Ryan"	"Carr, Mrs R A"
"17:05:00"	"2024-03-04"	"Leopardstown"	"Lars Lass (IRE)"	"8.50"	"11.92"	"Handicap Chase"	"4"	"8"	"James, Mr R"	"Dreaper, Tom"
"16:40:00"	"2024-03-04"	"Southwell"	"Joker Du Chenet (FR)"	"2.75"	"4.08"	"Handicap Novices Hurdle"	"PU"	"5"	"Cobden, Harry"	"Owen, J P"
"15:40:00"	"2024-03-04"	"Southwell"	"Dunworley (IRE)"	"25.00"	"48"	"Maiden Hurdle"	"5"	"9"	"Hammond, Charlie"	"Kent, Nick"
"15:05:00"	"2024-03-04"	"Southwell"	"Go Steady"	"8.00"	"11"	"Hunters Chase"	"PU"	"7"	"OConnor, Mr S P"	"Popham, I P"
"15:05:00"	"2024-03-04"	"Southwell"	"Aire Valley Lad"	"100.00"	"170"	"Hunters Chase"	"PU"	"7"	"Derwin, Gary"	"Winston, J J M"
"14:25:00"	"2024-03-04"	"Leopardstown"	"Postileo (IRE)"	"2.75"	"4.45"	"Maiden Hurdle"	"3"	"7"	"Meyler, D"	"Mullins, Emmet"
"14:17:00"	"2024-03-04"	"Plumpton"	"Coin Basket (IRE)"	"7.00"	"10.2"	"Novices Hurdle"	"4"	"8"	"Reed, Harry"	"Charlton, Anthony"
"20:00:00"	"2024-03-03"	"Newcastle"	"Badosa (IRE)"	"18.00"	"24.28"	"Handicap"	"1"	"11"	"Loughnane, Mr Billy"	"Morris, Patrick"
"19:00:00"	"2024-03-03"	"Newcastle"	"Misty Grey (IRE)"	"5.00"	"5.77"	"Handicap"	"4"	"13"	"Tudhope, Daniel"	"OMeara, D"
"16:45:00"	"2024-03-03"	"Huntingdon"	"Ma Shantou (IRE)"	"1.25"	"2.35"	"NH Flat"	"1"	"7"	"Bellamy, Tom"	"Lavelle, Miss E C"
"15:40:00"	"2024-03-03"	"Huntingdon"	"Patroclus (IRE)"	"7.00"	"11"	"Handicap Chase"	"PU"	"8"	"Twiston-Davies, Sam"	"Thomas, Sam"
"15:25:00"	"2024-03-03"	"Leopardstown"	"Papa Barns (IRE)"	"12.00"	"14.93"	"Handicap Hurdle"	"4"	"18"	"OBrien, P M"	"Dreaper, Tom"
"14:30:00"	"2024-03-03"	"Huntingdon"	"Balhambar (FR)"	"1.50"	"2.45"	"Maiden Hurdle"	"3"	"10"	"Obrien, P V"	"Derham, Harry"
"14:30:00"	"2024-03-03"	"Huntingdon"	"Lallier (FR)"	"100.00"	"270"	"Maiden Hurdle"	"4"	"10"	"Anderson, Mr A"	"Wigham, M"
"20:30:00"	"2024-03-02"	"Wolverhampton"	"Sunblock"	"2.75"	"4.2"	"Handicap"	"1"	"12"	"Loughnane, Mr Billy"	"Boughey, George"
"20:00:00"	"2024-03-02"	"Wolverhampton"	"Shaka"	"5.00"	"7.53"	"Non-Handicap"	"3"	"12"	"Swift, Mr Dale"	"Furtado, Ivan"
"18:45:00"	"2024-03-02"	"Kempton"	"Stepney Causeway"	"66.00"	"100"	"Handicap"	"6"	"9"	"Hutchinson, Callum"	"Charlton, Anthony"
"17:40:00"	"2024-03-02"	"Kempton"	"Daring Legend"	"3.33"	"5.5"	"Novices"	"3"	"12"	"Rawlinson, Ali"	"Appleby, M"
"17:05:00"	"2024-03-02"	"Kempton"	"Sir Bolton (IRE)"	"50.00"	"76.76"	"Handicap"	"9"	"11"	"Shepherd, Callum"	"Murphy, Mike"
"16:58:00"	"2024-03-02"	"Navan"	"Shopping Around (IRE)"	"18.00"	"30"	"Handicap Chase"	"PU"	"6"	"Donoghue, K M"	"Dreaper, Tom"
"16:35:00"	"2024-03-02"	"Kelso"	"Governor Of India"	"2.50"	"3.81"	"Hurdle"	"PU"	"5"	"Boinville, Nico"	"Henderson, N J"
"16:30:00"	"2024-03-02"	"Kempton"	"High Court Judge (USA)"	"5.00"	"6.59"	"Handicap"	"6"	"12"	"Hutchinson, Callum"	"Bandey, R J"
"16:30:00"	"2024-03-02"	"Kempton"	"Dubai Immo (IRE)"	"16.00"	"21.02"	"Handicap"	"11"	"12"	"Doyle, Hollie"	"Stone, W B"
"15:32:00"	"2024-03-02"	"Newbury"	"Glynn (IRE)"	"2.75"	"4"	"Handicap Hurdle"	"3"	"6"	"Dingle, Rex"	"Honeyball, A J"
"15:00:00"	"2024-03-02"	"Newbury"	"Perseus Way (IRE)"	"25.00"	"56.34"	"Handicap Hurdle"	"6"	"6"	"Tudor, Jack"	"Williams, Christian"
"14:40:00"	"2024-03-02"	"Navan"	"El Capitaine (IRE)"	"10.00"	"14.89"	"Handicap Hurdle"	"9"	"9"	"Donoghue, K M"	"Dreaper, Tom"
"14:10:00"	"2024-03-02"	"Navan"	"Curzon Queen (IRE)"	"125.00"	"334.72"	"Maiden Hurdle"	"PU"	"12"	"OCallaghan, Shane"	"Smyth, H"
"13:35:00"	"2024-03-02"	"Navan"	"Shahbaz (IRE)"	"2.50"	"5.51"	"Maiden Hurdle"	"9"	"14"	"Donoghue, K M"	"Cromwell, Gavin Patrick"
"20:15:00"	"2024-03-01"	"Dundalk"	"Tomahawk King (IRE)"	"125.00"	"236.63"	"Handicap"	"9"	"12"	"Cleary, R P"	"Fenton, M P"
"20:15:00"	"2024-03-01"	"Dundalk"	"Ransom"	"7.00"	"8.38"	"Handicap"	"10"	"12"	"Ryan, J J G"	"McGuigan, H D"
"20:15:00"	"2024-03-01"	"Dundalk"	"Rumbled Again (IRE)"	"22.00"	"47.86"	"Handicap"	"12"	"12"	"McMonagle, Dylan B"	"Bunyan, Darren / OLeary, G"
"20:00:00"	"2024-03-01"	"Newcastle"	"Elladora"	"100.00"	"135.74"	"Handicap"	"11"	"12"	"Brookes, Aiden"	"Hammond, Micky"
"19:00:00"	"2024-03-01"	"Newcastle"	"Eleutheromania (FR)"	"12.00"	"18"	"Novices"	"1"	"9"	"McEntee, Grace"	"Boughey, George"
"19:00:00"	"2024-03-01"	"Newcastle"	"Emer Elysees (IRE)"	"125.00"	"227.04"	"Novices"	"8"	"9"	"Kirrane, Sean"	"Davidson, Tristan"
"18:30:00"	"2024-03-01"	"Newcastle"	"Lope De Rueda"	"6.50"	"8.27"	"Handicap"	"12"	"12"	"Robinson, Ben"	"Menzies, Rebecca"
"18:15:00"	"2024-03-01"	"Dundalk"	"Chicago Storm"	"14.00"	"18"	"Handicap"	"7"	"14"	"Halpin, G P"	"Timmons, C D"
"18:15:00"	"2024-03-01"	"Dundalk"	"El C Wells (IRE)"	"50.00"	"110"	"Handicap"	"9"	"14"	"Kelly, S B"	"Caldwell, G B"
"18:15:00"	"2024-03-01"	"Dundalk"	"Kings Prince"	"80.00"	"140.74"	"Handicap"	"10"	"14"	"Sheehy, M P"	"Sheehy, E"
"18:15:00"	"2024-03-01"	"Dundalk"	"Tender Camilla (USA)"	"20.00"	"30"	"Handicap"	"11"	"14"	"Rutledge, Siobhan"	"McConnell, John C"
"18:15:00"	"2024-03-01"	"Dundalk"	"Lakewood (IRE)"	"25.00"	"34"	"Handicap"	"12"	"14"	"Maxwell, C D"	"Coyle, Thomas"
"16:38:00"	"2024-03-01"	"Dundalk"	"Tai Sing Yeh (IRE)"	"7.00"	"8.98"	"Claimer"	"3"	"11"	"Sheridan, J M"	"Hogan, Denis Gerard"
"16:38:00"	"2024-03-01"	"Dundalk"	"Gobi Star (IRE)"	"2.75"	"4.2"	"Claimer"	"4"	"11"	"Kearney, J"	"Davis, Sean"
"16:38:00"	"2024-03-01"	"Dundalk"	"Redshore City (IRE)"	"3.00"	"4.76"	"Claimer"	"6"	"11"	"Hassett, M W"	"Lupini, Miss Natalia"
"16:38:00"	"2024-03-01"	"Dundalk"	"Cross Border"	"9.00"	"11.84"	"Claimer"	"7"	"11"	"OSullivan, Darragh"	"OSullivan, Daniel William"
"16:38:00"	"2024-03-01"	"Dundalk"	"Tack (FR)"	"80.00"	"192.18"	"Claimer"	"11"	"11"	"Ryan, J J G"	"Murray, J G"
"15:35:00"	"2024-03-01"	"Newbury"	"An Cailin Ciuin (IRE)"	"50.00"	"110.39"	"Novices Hurdle"	"5"	"5"	"Powell, Brendan"	"Knight, Miss H C"
"14:02:00"	"2024-03-01"	"Lingfield"	"Torchlight"	"25.00"	"25.53"	"Handicap"	"6"	"9"	"Loughnane, Mr Billy"	"Boughey, George"
"14:02:00"	"2024-03-01"	"Lingfield"	"Jilly Cooper (IRE)"	"18.00"	"23.83"	"Handicap"	"9"	"9"	"Keeley, Aidan"	"Owen, J P"
"19:30:00"	"2024-02-29"	"Chelmsford City"	"Hersilia"	"11.00"	"17.5"	"Handicap"	"7"	"8"	"Hornby, Rob"	"Kubler, Daniel"
"17:30:00"	"2024-02-29"	"Chelmsford City"	"Bert Kibbler"	"25.00"	"32"	"Handicap"	"4"	"4"	"Keenan, Darragh"	"Wallis, Charlie"
"14:40:00"	"2024-02-29"	"Taunton"	"Dance Havana"	"6.50"	"9.68"	"Handicap Novices Hurdle"	"4"	"7"	"Ring, C V"	"Harris, Miss G"
"14:30:00"	"2024-02-29"	"Ludlow"	"Duneomeno (FR)"	"7.00"	"9.47"	"Handicap Hurdle"	"4"	"8"	"Godfrey, Ben"	"Oliver, Henry"
"14:30:00"	"2024-02-29"	"Ludlow"	"Wrong Way Harry (IRE)"	"40.00"	"46.67"	"Handicap Hurdle"	"6"	"8"	"Hogan, Mr J"	"Leech, Mrs S"
"14:30:00"	"2024-02-29"	"Ludlow"	"Pollyonesock (IRE)"	"20.00"	"26.48"	"Handicap Hurdle"	"8"	"8"	"Wynne, Toby"	"Greenall, O / Guerriero, J"
"18:00:00"	"2024-02-28"	"Kempton"	"Hearitfortheboys (IRE)"	"8.00"	"10.22"	"Handicap"	"3"	"10"	"Ryan, Rossa"	"Carroll, A W"
"17:30:00"	"2024-02-28"	"Kempton"	"Soldiers Design (IRE)"	"1.63"	"2.94"	"Maiden"	"2"	"6"	"Mitchell, Jack"	"Ryan, J"
"17:30:00"	"2024-02-28"	"Kempton"	"Apple A Dey (IRE)"	"18.00"	"24.49"	"Maiden"	"3"	"6"	"Havlin, Robert"	"Hoad, M R"
"17:05:00"	"2024-02-28"	"Wincanton"	"Tekap (FR)"	"200.00"	"817.26"	"Hunters Chase"	"PU"	"7"	"McIntyre, Mr M J"	"Sweetland, Martin"
"16:50:00"	"2024-02-28"	"Bangor"	"Gwennie May Boy (IRE)"	"4.50"	"7.68"	"Handicap Hurdle"	"1"	"6"	"Gillard, Fergus"	"Skelton, Daniel"
"16:20:00"	"2024-02-28"	"Bangor"	"Over Milk Wood"	"125.00"	"222.57"	"Novices Hurdle"	"5"	"8"	"Lenihan, Kai"	"Hanmer, G D"
"14:50:00"	"2024-02-28"	"Bangor"	"Montgomery (IRE)"	"3.00"	"3.94"	"Handicap Chase"	"1"	"7"	"Deutsch, Charlie"	"Williams, Miss Venetia"
"14:20:00"	"2024-02-28"	"Bangor"	"Happy Du Mesnil (FR)"	"8.00"	"11.02"	"Handicap Novices Chase"	"3"	"7"	"Wynne, Toby"	"Greenall, O / Guerriero, J"
"20:00:00"	"2024-02-27"	"Southwell"	"Mintnthat"	"16.00"	"21.75"	"Handicap"	"7"	"11"	"Brookes, Aiden"	"Hammond, Micky"
"20:00:00"	"2024-02-27"	"Southwell"	"Latest Edition (IRE)"	"18.00"	"27"	"Handicap"	"9"	"11"	"Sullivan, James P"	"Carr, Mrs R A"
"17:10:00"	"2024-02-27"	"Leicester"	"Fine Investment"	"33.00"	"75"	"Maiden Hunters Chase"	"3"	"7"	"Broughton, Mr T P"	"Osborne, M"
"17:10:00"	"2024-02-27"	"Leicester"	"The Creadan Rogue (IRE)"	"7.50"	"10.5"	"Maiden Hunters Chase"	"5"	"7"	"McCain-Mitchell, Toby"	"Roach, H"
"17:10:00"	"2024-02-27"	"Leicester"	"Grenadine Save (FR)"	"66.00"	"131.89"	"Maiden Hunters Chase"	"PU"	"7"	"Jackson-Fennell, Miss A"	"Jackson-fennell, Miss"
"17:00:00"	"2024-02-27"	"Southwell"	"Bingley Crocker (IRE)"	"18.00"	"32"	"Novices"	"4"	"5"	"Enright, Jack"	"Morris, Patrick"
"16:35:00"	"2024-02-27"	"Leicester"	"Gallyhill (IRE)"	"22.00"	"40"	"Hunters Chase"	"PU"	"7"	"Hutsby, T"	"Hutsby, F A"
"15:50:00"	"2024-02-27"	"Catterick"	"Bunker Bay (IRE)"	"12.00"	"17.49"	"Maiden Hurdle"	"8"	"12"	"Smith-Chaston, Emma"	"Hammond, Micky"
"15:35:00"	"2024-02-27"	"Leicester"	"Desert Fortune (IRE)"	"2.25"	"3.5"	"Handicap Chase"	"2"	"5"	"Deutsch, Charlie"	"Williams, Miss Venetia"
"15:20:00"	"2024-02-27"	"Catterick"	"Treaty Boy (IRE)"	"2.00"	"3.68"	"Handicap Chase"	"2"	"8"	"Coltherd, Sam W"	"Coltherd, W S"
"20:30:00"	"2024-02-26"	"Wolverhampton"	"Victory March (IRE)"	"22.00"	"35.27"	"Handicap"	"7"	"7"	"Swift, Mr Dale"	"Menzies, Rebecca"
"19:30:00"	"2024-02-26"	"Wolverhampton"	"Catch Cunningham (IRE)"	"11.00"	"15"	"Handicap"	"3"	"10"	"Eaves, Tom"	"Herrington,M "
"19:30:00"	"2024-02-26"	"Wolverhampton"	"Sounds Of Spring (IRE)"	"18.00"	"25.36"	"Handicap"	"10"	"10"	"Morris, Luke"	"Butler, John"
"18:00:00"	"2024-02-26"	"Wolverhampton"	"Colour Code (IRE)"	"6.00"	"7.52"	"Novices"	"5"	"7"	"Jakes, Tommie"	"Perratt, Miss L A"
"16:55:00"	"2024-02-26"	"Wolverhampton"	"Possible Ambition"	"22.00"	"43.69"	"Handicap"	"2"	"8"	"Wingrove, Miss Jodie"	"Wingrove, D"
"16:10:00"	"2024-02-26"	"Ayr"	"Suleiman Artist (IRE)"	"200.00"	"640"	"Novices Hurdle"	"6"	"6"	"Doyle, Alan"	"Hamilton, A B"
"15:20:00"	"2024-02-26"	"Plumpton"	"Atakan (FR)"	"9.00"	"12.6"	"Handicap Chase"	"4"	"7"	"Broughton, Mr T P"	"Boyle, J R"
"14:20:00"	"2024-02-26"	"Plumpton"	"Winter Reprise (FR)"	"3.50"	"6.2"	"Maiden Hurdle"	"PU"	"12"	"Cannon, Tom J"	"King, A"
"16:25:00"	"2024-02-25"	"Naas"	"Big Dispute (IRE)"	"4.50"	"7.65"	"NH Flat"	"5"	"5"	"Mullins, Mr P W"	"McSweeney, Con"
"14:40:00"	"2024-02-25"	"Hereford"	"Raise Your Glass"	"125.00"	"762.48"	"Hurdle"	"5"	"10"	"Pinchin, Miss L M"	"Longsdon, C E"
"13:55:00"	"2024-02-25"	"Naas"	"Ballerina Boxer (IRE)"	"250.00"	"1000"	"Maiden Hurdle"	"16"	"25"	"Harvey, Mr B W"	"Harvey, D"
"13:25:00"	"2024-02-25"	"Naas"	"Bottlersecret (IRE)"	"1.20"	"2.32"	"Hurdle"	"1"	"4"	"Flanagan, S W"	"Cromwell, Gavin Patrick"
"17:50:00"	"2024-02-24"	"Chelmsford City"	"Nasneen"	"66.00"	"134.65"	"Handicap"	"6"	"8"	"Turner, Hayley"	"Williams, Ian"
"17:50:00"	"2024-02-24"	"Chelmsford City"	"Profit Given (IRE)"	"50.00"	"50"	"Handicap"	"8"	"8"	"Hogan, D E"	"Wallis, Charlie"
"17:20:00"	"2024-02-24"	"Chelmsford City"	"Liege (IRE)"	"7.50"	"16.25"	"Maiden"	"3"	"4"	"Carver, William"	"Hodgson, Simon"
"17:05:00"	"2024-02-24"	"Southwell"	"Evaluation"	"18.00"	"34"	"Handicap"	"9"	"13"	"Stott, Kevin"	"Russell, Miss Lucinda V"
"17:00:00"	"2024-02-24"	"Fairyhouse"	"Sky Lord"	"3.50"	"5.29"	"NH Flat"	"2"	"5"	"Gleeson, Mr J L"	"Bromhead, Henry De"
"16:30:00"	"2024-02-24"	"Southwell"	"Cresta Cat"	"66.00"	"114.93"	"Handicap"	"11"	"12"	"Carson, William"	"Irvine, Andy"
"16:25:00"	"2024-02-24"	"Fairyhouse"	"Bardenstown Lad"	"6.00"	"7.6"	"Novices Chase"	"PU"	"4"	"Donoghue, K M"	"Cromwell, Gavin Patrick"
"15:20:00"	"2024-02-24"	"Southwell"	"Eydon (IRE)"	"7.50"	"10.5"	"Non-Handicap"	"6"	"6"	"Stott, Kevin"	"Balding, A M"
"14:50:00"	"2024-02-24"	"Newcastle"	"Aldbourne (IRE)"	"40.00"	"60"	"Maiden Hurdle"	"6"	"8"	"Nichol, Craig"	"Russell, Miss Lucinda V"
"14:40:00"	"2024-02-24"	"Fairyhouse"	"Talk In The Park (IRE)"	"3.00"	"4.32"	"Handicap Hurdle"	"5"	"11"	"OKeeffe, Darragh"	"OSullivan, Ross"
"14:40:00"	"2024-02-24"	"Fairyhouse"	"Carrig Sam (IRE)"	"33.00"	"55"	"Handicap Hurdle"	"PU"	"11"	"Slevin, J J"	"Croke, Peter"
"17:15:00"	"2024-02-23"	"Dundalk"	"Blue Wood (IRE)"	"11.00"	"17.31"	"Handicap"	"3"	"14"	"Ryan, J J G"	"Smith, Kevin"
"15:35:00"	"2024-02-23"	"Dundalk"	"Timana (IRE)"	"3.33"	"5.93"	"Maiden"	"3"	"14"	"Whelan, R P"	"Condon, K J"
"14:54:00"	"2024-02-23"	"Sedgefield"	"Shantou Lucky (IRE)"	"40.00"	"64.1"	"Handicap Hurdle"	"PU"	"8"	"Anderson, Mr A"	"Bedi, Miss J"
"14:24:00"	"2024-02-23"	"Sedgefield"	"Ceolwulf"	"16.00"	"16.5"	"Handicap Novices Chase"	"3"	"8"	"Moscrop, Nathan"	"Mcsharry, Fionn"
"13:54:00"	"2024-02-23"	"Sedgefield"	"Time Was (IRE)"	"40.00"	"76.42"	"Novices Hurdle"	"3"	"5"	"Williamson, Joseph"	"Kirby, P A"
"13:54:00"	"2024-02-23"	"Sedgefield"	"Jubilee Girl"	"10.00"	"16.38"	"Novices Hurdle"	"5"	"5"	"Hughes, Brian"	"Keighley, M"
"20:00:00"	"2024-02-22"	"Newcastle"	"Fulltime (IRE)"	"25.00"	"26.38"	"Non-Handicap"	"6"	"9"	"Mullen, Andrew"	"Menzies, Rebecca"
"18:00:00"	"2024-02-22"	"Newcastle"	"Clearpoint"	"9.00"	"12.8"	"Handicap"	"8"	"8"	"Carver, William"	"Hodgson, Simon"
"16:45:00"	"2024-02-22"	"Lingfield"	"Grooveur (FR)"	"125.00"	"216.34"	"Handicap Hurdle"	"6"	"7"	"Cannon, Tom J"	"OBrien, Daniel"
"16:15:00"	"2024-02-22"	"Lingfield"	"Camulus (IRE)"	"1.00"	"2.18"	"Handicap Chase"	"2"	"5"	"Deutsch, Charlie"	"Williams, Miss Venetia"
"14:23:00"	"2024-02-22"	"Thurles"	"Copper Coast (IRE)"	"200.00"	"1000"	"Novices Chase"	"6"	"6"	"OKeeffe, Darragh"	"Connell, Sarah"
"18:30:00"	"2024-02-21"	"Kempton"	"Senseofentitlement (IRE)"	"150.00"	"370"	"Handicap"	"8"	"9"	"Clutterbuck, Rhys"	"Butler, P"
"17:00:00"	"2024-02-21"	"Kempton"	"Indie Skies"	"2.50"	"4.15"	"Non-Handicap"	"1"	"13"	"Ryan, Rossa"	"Appleby, M"
"16:25:00"	"2024-02-21"	"Punchestown"	"Beaus Candle (IRE)"	"2.25"	"3.44"	"Handicap Hurdle"	"2"	"14"	"Fitzgerald, S"	"Queally, Declan"
"16:25:00"	"2024-02-21"	"Punchestown"	"Knock On Steel (IRE)"	"80.00"	"216.33"	"Handicap Hurdle"	"10"	"14"	"Callaghan, Mr K"	"Barcoe, James M"
"15:40:00"	"2024-02-21"	"Doncaster"	"Montys Soldier (IRE)"	"9.00"	"11.5"	"Novices Hurdle"	"4"	"9"	"Tudor, Jack"	"Williams, Christian"
"14:15:00"	"2024-02-21"	"Punchestown"	"Don Chalant (IRE)"	"40.00"	"102.63"	"Maiden Hurdle"	"4"	"6"	"OSullivan, Mr M J M"	"Foley, Patrick T"
"14:05:00"	"2024-02-21"	"Doncaster"	"Jazz King (FR)"	"10.00"	"12.41"	"Handicap Chase"	"PU"	"9"	"Burke, Jonathan"	"Ralph, Alastair"
"13:55:00"	"2024-02-21"	"Ludlow"	"Lucky Lugger"	"150.00"	"1000"	"Maiden Hurdle"	"PU"	"15"	"Houlihan, Sean M"	"Sheppard, M"
"18:30:00"	"2024-02-20"	"Newcastle"	"Lethal Nymph"	"25.00"	"46.16"	"Handicap"	"7"	"8"	"Morris, Luke"	"Midgley, P T"
"18:30:00"	"2024-02-20"	"Newcastle"	"Zaman Jemil (IRE)"	"25.00"	"39.89"	"Handicap"	"8"	"8"	"Hart, Jason"	"Quinn, J J"
"15:55:00"	"2024-02-20"	"Market Rasen"	"Cottie (IRE)"	"20.00"	"27.14"	"Handicap Hurdle"	"6"	"6"	"Durrell, Mr T"	"Skelton, Daniel"
"14:55:00"	"2024-02-20"	"Market Rasen"	"Medieval Gold"	"28.00"	"50"	"Maiden Hurdle"	"2"	"5"	"Smith-Chaston, Emma"	"Hammond, Micky"
"14:55:00"	"2024-02-20"	"Market Rasen"	"Dog Fox"	"16.00"	"24.19"	"Maiden Hurdle"	"4"	"5"	"Wynne, Toby"	"Greenall, O / Guerriero, J"
"14:40:00"	"2024-02-20"	"Taunton"	"Golden Move"	"0.53"	"1.67"	"Maiden Hurdle"	"3"	"12"	"Cobden, Harry"	"Nicholls, P F"
"14:10:00"	"2024-02-20"	"Taunton"	"Citizen Jane"	"22.00"	"40.61"	"Handicap Novices Hurdle"	"11"	"12"	"Poste, Ben J"	"Potter, R D"
"20:30:00"	"2024-02-19"	"Wolverhampton"	"Reinforce (IRE)"	"11.00"	"15.6"	"Handicap"	"6"	"9"	"Coakley, Ross"	"Brown, Miss Katy"
"20:00:00"	"2024-02-19"	"Wolverhampton"	"Blue Collar Lad"	"5.00"	"6.4"	"Handicap"	"3"	"11"	"ONeill, K T"	"Haynes, Alice"
"15:30:00"	"2024-02-19"	"Carlisle"	"Kellies Dream (IRE)"	"22.00"	"37.5"	"Handicap Hurdle"	"4"	"9"	"Nichol, Craig"	"Bourke, D F"
"14:00:00"	"2024-02-19"	"Carlisle"	"Bodygroove"	"20.00"	"31.95"	"Maiden Hurdle"	"2"	"7"	"OFarrell, C"	"Hammond, Micky"
"13:47:00"	"2024-02-19"	"Lingfield"	"Mint Edition"	"125.00"	"443.31"	"Handicap"	"9"	"9"	"Hutchinson, Callum"	"OBrien, Daniel"
"20:00:00"	"2024-02-18"	"Kempton"	"Bet Me (IRE)"	"18.00"	"34.15"	"Handicap"	"6"	"11"	"Loughnane, Mr Billy"	"Boughey, George"
"19:30:00"	"2024-02-18"	"Kempton"	"High Velocity (IRE)"	"22.00"	"28.14"	"Handicap"	"11"	"11"	"Ryan, Rossa"	"Loughnane, David"
"16:00:00"	"2024-02-18"	"Southwell"	"Nick The Greek"	"40.00"	"61.32"	"Novices Hurdle"	"1"	"9"	"Gregory, Fergus"	"Coulson, Jake Thomas"
"16:00:00"	"2024-02-18"	"Southwell"	"Illico De Montave (FR)"	"11.00"	"12.5"	"Novices Hurdle"	"4"	"9"	"Poste, Ben J"	"Gasson, Mrs Rosemary"
"15:40:00"	"2024-02-18"	"Punchestown"	"Wakie Wakie (IRE)"	"250.00"	"1000"	"Maiden Hurdle"	"PU"	"8"	"Harvey, Mr B W"	"Keane, Gerard"
"15:30:00"	"2024-02-18"	"Southwell"	"Desert Halo (IRE)"	"8.50"	"14.15"	"Maiden NH Flat"	"4"	"10"	"Bannister, Harry A A"	"Bandey, R J"
"20:15:00"	"2024-02-17"	"Wolverhampton"	"Rose Fandango"	"66.00"	"90"	"Handicap"	"9"	"11"	"Marsh, Finley"	"Oshea, J G M"
"19:45:00"	"2024-02-17"	"Wolverhampton"	"Trip To Rome (IRE)"	"33.00"	"62.5"	"Handicap"	"3"	"8"	"Mathers, Patrick"	"Williams, Ian"
"19:00:00"	"2024-02-17"	"Newcastle"	"Headabovetherest (IRE)"	"3.33"	"5.36"	"Handicap"	"6"	"9"	"Doyle, Hollie"	"Menzies, Rebecca"
"18:45:00"	"2024-02-17"	"Wolverhampton"	"Knewone (IRE)"	"3.00"	"4.62"	"Maiden"	"3"	"9"	"Orr, Oisin"	"Fahey, R A"
"18:00:00"	"2024-02-17"	"Newcastle"	"Noble Order (IRE)"	"3.33"	"5.05"	"Handicap"	"1"	"12"	"Doyle, Hollie"	"Watson, Archie"
"16:55:00"	"2024-02-17"	"Haydock"	"Spyglass Hill (IRE)"	"9.00"	"11.67"	"Hunters Chase"	"1"	"8"	"Broughton, Mr T P"	"Pallas, R"
"16:50:00"	"2024-02-17"	"Wincanton"	"Iddergem (FR)"	"40.00"	"65.38"	"Handicap Hurdle"	"6"	"7"	"Jacob, Daryl"	"Dyson, Miss C"
"16:02:00"	"2024-02-17"	"Gowran Park"	"Malton Groove (IRE)"	"150.00"	"569.58"	"Beginners Chase"	"6"	"6"	"Maxwell, C D"	"McLoughlin, D A"
"15:42:00"	"2024-02-17"	"Wincanton"	"Known (IRE)"	"150.00"	"580.7"	"Handicap Novices Hurdle"	"PU"	"10"	"Poste, Ben J"	"Dyson, Miss C"
"15:00:00"	"2024-02-17"	"Ascot"	"Do Your Job (IRE)"	"12.00"	"16.59"	"Handicap Chase"	"8"	"9"	"Pinchin, Miss L M"	"Longsdon, C E"
"14:25:00"	"2024-02-17"	"Ascot"	"Ostend (IRE)"	"66.00"	"112.24"	"Handicap Hurdle"	"7"	"16"	"Burke, Jonathan"	"Ralph, Alastair"
"14:25:00"	"2024-02-17"	"Ascot"	"In The Air (FR)"	"28.00"	"42"	"Handicap Hurdle"	"14"	"16"	"Edwards, Lee"	"West, Adam"
"13:42:00"	"2024-02-17"	"Gowran Park"	"Gooloogong (IRE)"	"4.50"	"7.2"	"Maiden Hurdle"	"8"	"13"	"OConnor, M P"	"Halley, Josh"
"13:42:00"	"2024-02-17"	"Gowran Park"	"Someones Wish (IRE)"	"80.00"	"290"	"Maiden Hurdle"	"10"	"13"	"Ewing, Sam"	"Elliott, Gordon"
"13:30:00"	"2024-02-17"	"Wincanton"	"Rosy Redrum (IRE)"	"4.50"	"7.78"	"Maiden Hurdle"	"3"	"12"	"Reed, Harry"	"Charlton, Anthony"
"19:30:00"	"2024-02-16"	"Dundalk"	"Mads Black Eights (IRE)"	"14.00"	"20.83"	"Handicap"	"11"	"14"	"McDonogh, D P"	"Finegan, Hugh Paul"
"19:30:00"	"2024-02-16"	"Dundalk"	"Curley Rose"	"80.00"	"350.55"	"Handicap"	"14"	"14"	"MacRedmond, Cian"	"Larkin, J"
"19:15:00"	"2024-02-16"	"Wolverhampton"	"Enzos Angel"	"3.33"	"4.53"	"Handicap"	"1"	"9"	"Ghiani, Marco"	"Mulholland, N P"
"19:00:00"	"2024-02-16"	"Dundalk"	"Perseids (USA)"	"12.00"	"40"	"Maiden"	"11"	"13"	"Heffernan, J A"	"Lynch, Miss Jennifer Anne"
"16:57:00"	"2024-02-16"	"Dundalk"	"Stall The Ball (IRE)"	"150.00"	"839.67"	"Maiden"	"9"	"13"	"Carroll, G F"	"Mulvany, Michael"
"16:15:00"	"2024-02-16"	"Fakenham"	"Grand Roi (FR)"	"6.00"	"7.4"	"Hunters Chase"	"2"	"5"	"Chadwick, Alex"	"Owen, Mrs J"
"16:15:00"	"2024-02-16"	"Fakenham"	"Cooldine Bog (IRE)"	"80.00"	"130"	"Hunters Chase"	"3"	"5"	"Jackson-Fennell, Miss A"	"Jackson-fennell, Miss"
"16:15:00"	"2024-02-16"	"Fakenham"	"Tigerbythetail (IRE)"	"2.00"	"3.05"	"Hunters Chase"	"UR"	"5"	"Andrews, Gina"	"Ellis, T"
"15:47:00"	"2024-02-16"	"Dundalk"	"Cuban Grey"	"18.00"	"25.84"	"Handicap"	"6"	"10"	"Sheridan, J M"	"McKenna, P J"
"15:10:00"	"2024-02-16"	"Fakenham"	"El Muchacho (IRE)"	"7.50"	"11.5"	"Handicap Chase"	"3"	"6"	"Reed, Harry"	"Charlton, Anthony"
"14:40:00"	"2024-02-16"	"Fakenham"	"Most Agreeable"	"66.00"	"124.7"	"Novices Hurdle"	"4"	"4"	"Best, J A"	"Fryer, Miss C"
"20:00:00"	"2024-02-15"	"Chelmsford City"	"Keen Interest (IRE)"	"5.50"	"7"	"Handicap"	"6"	"6"	"ONeill, K T"	"Haynes, Alice"
"16:53:00"	"2024-02-15"	"Southwell"	"Lawmans Blis (IRE)"	"8.00"	"10.19"	"Handicap"	"2"	"10"	"Swift, Mr Dale"	"Furtado, Ivan"
"16:46:00"	"2024-02-15"	"Sandown"	"Hard Rain (IRE)"	"20.00"	"42.33"	"Handicap Novices Hurdle"	"6"	"6"	"Hampson, Brodie"	"Watson, Archie"
"16:40:00"	"2024-02-15"	"Clonmel"	"Hartur Darc (FR)"	"1.10"	"2.42"	"Beginners Chase"	"1"	"7"	"Donoghue, K M"	"Cromwell, Gavin Patrick"
"16:22:00"	"2024-02-15"	"Southwell"	"Dequinto (IRE)"	"25.00"	"41.42"	"Handicap"	"5"	"9"	"Carson, William"	"Carroll, A W"
"16:00:00"	"2024-02-15"	"Newcastle"	"Monty Nevett (IRE)"	"33.00"	"44.42"	"Handicap Hurdle"	"7"	"9"	"Brooke, Henry"	"Hammond, Micky"
"16:00:00"	"2024-02-15"	"Newcastle"	"Batman For Ever (GER)"	"2.25"	"4.21"	"Handicap Hurdle"	"9"	"9"	"Coltherd, Sam W"	"Coltherd, W S"
"20:30:00"	"2024-02-14"	"Kempton"	"Sky Dancer"	"66.00"	"96.73"	"Handicap"	"2"	"12"	"Jakes, Tommie"	"Crawley, Matt"
"19:30:00"	"2024-02-14"	"Kempton"	"V Power"	"6.50"	"9.64"	"Handicap"	"2"	"7"	"Murphy, Oisin"	"Faulkner, Ms D C"
"19:30:00"	"2024-02-14"	"Kempton"	"Orange Martini"	"80.00"	"130"	"Handicap"	"6"	"7"	"Lewis, Barry"	"Hodgson, Simon"
"19:00:00"	"2024-02-14"	"Kempton"	"Home City (IRE)"	"22.00"	"25.65"	"Handicap"	"5"	"6"	"Doyle, Hollie"	"Foy, Kevin"
"18:00:00"	"2024-02-14"	"Kempton"	"Venus Slipper (IRE)"	"250.00"	"726.77"	"Maiden"	"6"	"7"	"Morris, Luke"	"Murphy, Mike"
"17:15:00"	"2024-02-14"	"Dundalk"	"Bright Start (USA)"	"50.00"	"90"	"Handicap"	"6"	"9"	"Sheridan, J M"	"Hogan, Denis Gerard"
"17:07:00"	"2024-02-14"	"Hereford"	"Millford Sound (IRE)"	"50.00"	"95"	"Handicap Hurdle"	"PU"	"8"	"Noonan, David G"	"Oliver, Henry"
"17:00:00"	"2024-02-14"	"Kempton"	"Majolica"	"125.00"	"302.86"	"Handicap"	"8"	"11"	"Lewis, Barry"	"Hodgson, Simon"
"16:10:00"	"2024-02-14"	"Dundalk"	"Neddies Boy (IRE)"	"2.00"	"3.09"	"Handicap"	"1"	"14"	"McMonagle, Dylan B"	"Cody, Patrick"
"16:10:00"	"2024-02-14"	"Dundalk"	"Darkened (IRE)"	"5.50"	"12.5"	"Handicap"	"4"	"14"	"Leonard, Killian"	"Kelly, Noel C"
"14:00:00"	"2024-02-14"	"Hereford"	"Mountain Lake"	"25.00"	"60.5"	"Maiden Hurdle"	"3"	"14"	"Harrison, Liam"	"Allwood, S"
"14:00:00"	"2024-02-14"	"Hereford"	"Ma Belle Artiste (IRE)"	"8.00"	"12.63"	"Maiden Hurdle"	"5"	"14"	"Burke, Jonathan"	"Bevis, R J"
"14:00:00"	"2024-02-14"	"Hereford"	"Sindri"	"66.00"	"113.64"	"Maiden Hurdle"	"7"	"14"	"Houlihan, Sean M"	"Hunt, Mitchell"
"14:00:00"	"2024-02-14"	"Hereford"	"Looklikewemadeit"	"125.00"	"512.66"	"Maiden Hurdle"	"PU"	"14"	"Davies, James"	"Signy, Oliver"
"18:00:00"	"2024-02-13"	"Newcastle"	"Bora Bora"	"33.00"	"65"	"Handicap"	"11"	"12"	"Morris, Luke"	"Butler, John"
"17:30:00"	"2024-02-13"	"Newcastle"	"Diamond Annie"	"50.00"	"214.42"	"Maiden"	"12"	"12"	"Doyle, Hollie"	"Davis, D J S Ffrench"
"16:15:00"	"2024-02-13"	"Thurles"	"Scarbrook (IRE)"	"8.00"	"10.5"	"Handicap Hurdle"	"1"	"18"	"Flanagan, S W"	"Nolan, Paul"
"15:55:00"	"2024-02-13"	"Ayr"	"Justicialism (IRE)"	"25.00"	"41.15"	"Handicap Hurdle"	"10"	"13"	"McParlan, Mr N"	"Quinn, Gerald"
"15:20:00"	"2024-02-13"	"Ayr"	"Midnight Fiddler"	"150.00"	"1000"	"Maiden Hurdle"	"PU"	"17"	"Coltherd, Sam W"	"Coltherd, W S"
"15:08:00"	"2024-02-13"	"Thurles"	"On The Spot (IRE)"	"300.00"	"1000"	"Maiden Hurdle"	"10"	"12"	"Quinlan, Liam"	"McGrath, Roger Joseph"
"14:33:00"	"2024-02-13"	"Thurles"	"Kushkame (IRE)"	"100.00"	"470"	"Maiden Hurdle"	"9"	"12"	"Geoghegan, Mr R P"	"Murphy, B T"
"14:03:00"	"2024-02-13"	"Thurles"	"Joke Dancer"	"9.00"	"12"	"Handicap Chase"	"3"	"10"	"OSullivan, Mr M J M"	"Griffin, Patrick"
"17:30:00"	"2024-02-12"	"Wolverhampton"	"Jumeira Vision (IRE)"	"5.00"	"6.82"	"Handicap"	"5"	"7"	"Mason, Joanna"	"Scott, Miss Katie"
"17:30:00"	"2024-02-12"	"Wolverhampton"	"Rogue Warrior (IRE)"	"80.00"	"274.26"	"Handicap"	"7"	"7"	"Osborne, Saffie"	"Evans, Mrs N S"
"15:30:00"	"2024-02-12"	"Catterick"	"Carrarea (IRE)"	"80.00"	"124.67"	"Handicap Hurdle"	"7"	"7"	"Austin, Edward"	"McMahon, H"
"13:30:00"	"2024-02-12"	"Catterick"	"Pickanumber (IRE)"	"1.00"	"2.09"	"Maiden Hurdle"	"1"	"8"	"Bowen, Sean P"	"Murphy, Olly"
"13:30:00"	"2024-02-12"	"Catterick"	"Rioja Alta (IRE)"	"14.00"	"30.74"	"Maiden Hurdle"	"3"	"8"	"OFarrell, C"	"Hammond, Micky"
"16:35:00"	"2024-02-11"	"Exeter"	"Fiddlerontheroof (IRE)"	"12.00"	"16.35"	"Handicap Chase"	"PU"	"13"	"Dunne, R T"	"Boyle, J R"
"16:27:00"	"2024-02-11"	"Lingfield"	"Barbarosa (IRE)"	"66.00"	"145.49"	"Non-Handicap"	"3"	"9"	"Ghiani, Marco"	"Hobson, Miss Clare"
"16:27:00"	"2024-02-11"	"Lingfield"	"Miss Tiki"	"40.00"	"90"	"Non-Handicap"	"9"	"9"	"Havlin, Robert"	"Martin, Marie"
"15:15:00"	"2024-02-11"	"Navan"	"Full Noise (IRE)"	"9.00"	"11.1"	"Handicap Hurdle"	"2"	"15"	"Mullins, D E"	"Brown, Miss Katy"
"19:30:00"	"2024-02-10"	"Wolverhampton"	"Baileysgutfeeling (IRE)"	"3.50"	"5.46"	"Handicap"	"12"	"12"	"Ryan, Rossa"	"Newland, Dr R D P"
"19:15:00"	"2024-02-10"	"Newcastle"	"Captain Cooper (IRE)"	"3.33"	"5.18"	"Handicap"	"4"	"8"	"Peate, Jonny"	"Mechie, N"
"19:15:00"	"2024-02-10"	"Newcastle"	"Reclaim Victory (IRE)"	"8.00"	"9.95"	"Handicap"	"8"	"8"	"Swift, Mr Dale"	"Collier, Tjade"
"17:30:00"	"2024-02-10"	"Wolverhampton"	"Sirius White (IRE)"	"40.00"	"56.7"	"Handicap"	"10"	"10"	"Mayo, Ellie"	"Morgan, Miss Laura"
"17:15:00"	"2024-02-10"	"Newcastle"	"Ribal"	"2.50"	"3.73"	"Novices"	"2"	"5"	"Ghiani, Marco"	"Williams, S C"
"16:25:00"	"2024-02-10"	"Newbury"	"Dirty Den"	"8.50"	"11"	"NH Flat"	"9"	"9"	"Burke, Jonathan"	"Hosie, Syd"
"15:05:00"	"2024-02-10"	"Naas"	"Tempo Chapter Two (IRE)"	"22.00"	"27.89"	"Handicap Hurdle"	"9"	"10"	"OSullivan, Mr E M"	"Flynn, Paul W"
"12:55:00"	"2024-02-10"	"Newbury"	"Fourtowns (IRE)"	"28.00"	"60"	"Novices Hurdle"	"4"	"13"	"Cobden, Harry"	"Pauling, Ben"
"20:15:00"	"2024-02-09"	"Chelmsford City"	"Sienna Breeze (IRE)"	"5.50"	"7.3"	"Handicap"	"6"	"7"	"Leavy, Mr Joe"	"Owen, J P"
"19:30:00"	"2024-02-09"	"Dundalk"	"Wishes And Dreams (IRE)"	"18.00"	"27.43"	"Handicap"	"2"	"14"	"Foley, Shane"	"Murphy, Ciaran"
"19:30:00"	"2024-02-09"	"Dundalk"	"Epaulawn (IRE)"	"50.00"	"92.41"	"Handicap"	"5"	"14"	"Leonard, Killian"	"Hynds, Noel G"
"19:30:00"	"2024-02-09"	"Dundalk"	"Steps In The Sand (IRE)"	"50.00"	"89.69"	"Handicap"	"11"	"14"	"Joyce, Wesley"	"Collins, C M"
"19:30:00"	"2024-02-09"	"Dundalk"	"Gilded Moon"	"100.00"	"278.45"	"Handicap"	"13"	"14"	"Whelan, R P"	"Flood, F"
"19:15:00"	"2024-02-09"	"Chelmsford City"	"Upper Hand (IRE)"	"4.50"	"6.8"	"Handicap"	"6"	"6"	"Marquand, Tom"	"Newland, Dr R D P"
"18:15:00"	"2024-02-09"	"Chelmsford City"	"Red Troop"	"7.00"	"8.29"	"Novices"	"5"	"6"	"Morris, Luke"	"Watson, Archie"
"18:00:00"	"2024-02-09"	"Dundalk"	"Adnaan"	"33.00"	"60"	"Handicap"	"12"	"14"	"Coen, J"	"Hanlon, John Joseph"
"17:15:00"	"2024-02-09"	"Chelmsford City"	"Midgetonamission (IRE)"	"66.00"	"170"	"Handicap"	"10"	"12"	"Wingrove, Megan"	"Wingrove, D"
"17:00:00"	"2024-02-09"	"Dundalk"	"Thermoscope (IRE)"	"16.00"	"24.44"	"Handicap"	"6"	"7"	"Hayes, C D"	"Hanlon, John Joseph"
"15:32:00"	"2024-02-09"	"Wolverhampton"	"Prince Maxi (IRE)"	"0.44"	"1.47"	"Novices"	"1"	"10"	"Ryan, Rossa"	"Scott, George"
"15:32:00"	"2024-02-09"	"Wolverhampton"	"Reason To Pass (IRE)"	"80.00"	"259.2"	"Novices"	"7"	"10"	"Lee, Clifford"	"Williams, Ian"
"15:32:00"	"2024-02-09"	"Wolverhampton"	"Oceana Orange"	"200.00"	"989.48"	"Novices"	"8"	"10"	"Hardie, Cameron"	"Frost, Kevin"
"14:10:00"	"2024-02-09"	"Kempton"	"Time To Smile"	"125.00"	"1000"	"Novices Hurdle"	"PU"	"8"	"Dunne, R T"	"Williams, Noel"
"14:02:00"	"2024-02-09"	"Wolverhampton"	"Monsieur Fantaisie (IRE)"	"3.33"	"5.31"	"Handicap"	"8"	"8"	"Nolan, D"	"Niven, P D"
"13:40:00"	"2024-02-09"	"Kempton"	"On My Command (IRE)"	"28.00"	"42.77"	"Handicap Hurdle"	"4"	"6"	"Atkins, Mr Harry"	"Keighley, M"
"19:35:00"	"2024-02-08"	"Newcastle"	"Crypto Quest (IRE)"	"3.00"	"4.1"	"Handicap"	"7"	"8"	"Scott, Rowan"	"Tutty, Gemma"
"18:05:00"	"2024-02-08"	"Newcastle"	"Mini Magna (IRE)"	"28.00"	"44"	"Handicap"	"5"	"6"	"Hardie, Cameron"	"Brittain, Antony"
"16:30:00"	"2024-02-08"	"Newcastle"	"Nova Legend (IRE)"	"125.00"	"220"	"Handicap"	"10"	"10"	"Nolan, D"	"Midgley, P T"
"13:40:00"	"2024-02-08"	"Huntingdon"	"Roccovango (IRE)"	"3.00"	"4.4"	"Handicap Novices Hurdle"	"2"	"6"	"Bowen, Sean P"	"Murphy, Olly"
"13:15:00"	"2024-02-08"	"Lingfield"	"Chico Dulce"	"33.00"	"37.58"	"Handicap"	"6"	"11"	"Rooke, George"	"Madgwick, M"
"16:50:00"	"2024-02-07"	"Ludlow"	"Queshi Bridge (IRE)"	"3.33"	"5.39"	"Maiden Hurdle"	"2"	"13"	"Burke, Jonathan"	"Ralph, Alastair"
"16:50:00"	"2024-02-07"	"Ludlow"	"Roseburg (IRE)"	"100.00"	"190"	"Maiden Hurdle"	"PU"	"13"	"Bass, David"	"Barfoot-Saunt, Mrs Tracey"
"16:30:00"	"2024-02-07"	"Fairyhouse"	"Druim Samhraidh (IRE)"	"6.00"	"10"	"Handicap Hurdle"	"9"	"16"	"Donovan, Philip"	"Farrell, C W J"
"16:20:00"	"2024-02-07"	"Ludlow"	"Captain Tommy (IRE)"	"20.00"	"27"	"Hunters Chase"	"1"	"5"	"Edwards, Huw"	"Timmis, Frederick"
"15:30:00"	"2024-02-07"	"Fairyhouse"	"Rauzan (IRE)"	"80.00"	"290"	"Maiden Hurdle"	"9"	"13"	"Brassil, C"	"Doyle, Eoin"
"15:30:00"	"2024-02-07"	"Fairyhouse"	"Leitrim Rock (IRE)"	"125.00"	"398.72"	"Maiden Hurdle"	"13"	"13"	"McNamara, Conor"	"McNamara, E"
"14:30:00"	"2024-02-07"	"Fairyhouse"	"Velvet Elvis (IRE)"	"7.00"	"10.56"	"Chase"	"1"	"4"	"Donoghue, K M"	"Cromwell, Gavin Patrick"
"14:10:00"	"2024-02-07"	"Sedgefield"	"Reach For The Moon"	"2.00"	"3.6"	"Maiden Hurdle"	"4"	"10"	"Sheehan, Gavin"	"Snowden, Jamie"
"13:50:00"	"2024-02-07"	"Ludlow"	"Fayasel (IRE)"	"100.00"	"587.49"	"Hurdle"	"6"	"11"	"Gethings, Ciaran"	"Edmunds, Stuart"
"13:50:00"	"2024-02-07"	"Ludlow"	"Karakoy"	"20.00"	"25.33"	"Hurdle"	"10"	"11"	"Harrison, Liam"	"Llewellyn, Robert"
"13:50:00"	"2024-02-07"	"Ludlow"	"Savigny (IRE)"	"150.00"	"450"	"Hurdle"	"PU"	"11"	"Houlihan, Sean M"	"Hunt, Mitchell"
"18:00:00"	"2024-02-06"	"Wolverhampton"	"Toosha (IRE)"	"8.00"	"11.12"	"Handicap"	"5"	"7"	"Scott, Rowan"	"Makin, Phillip"
"18:00:00"	"2024-02-06"	"Wolverhampton"	"Clionia"	"4.00"	"5.5"	"Handicap"	"6"	"7"	"Jones, Ethan"	"Appleby, M"
"17:30:00"	"2024-02-06"	"Wolverhampton"	"Easter Icon"	"1.25"	"2.44"	"Handicap"	"1"	"8"	"Enright, Jack"	"Brown, G"
"14:50:00"	"2024-02-06"	"Taunton"	"Greystoke"	"125.00"	"270"	"Handicap Hurdle"	"5"	"9"	"Collier, Ellis"	"Frost, J D"
"14:20:00"	"2024-02-06"	"Taunton"	"Earth Cry (IRE)"	"50.00"	"70"	"Novices Hurdle"	"5"	"10"	"Twiston-Davies, Sam"	"Mulholland, N P"
"14:05:00"	"2024-02-06"	"Market Rasen"	"Moon Dorange (FR)"	"1.88"	"2.98"	"Novices Hurdle"	"1"	"5"	"Brennan, P J"	"OBrien, Fergal"
"16:25:00"	"2024-02-05"	"Southwell"	"Swinging London (IRE)"	"25.00"	"40.88"	"Handicap"	"2"	"9"	"Breslin, Andrew"	"Mackie, J"
"15:55:00"	"2024-02-05"	"Punchestown"	"Whatucallher (IRE)"	"33.00"	"55"	"Handicap Hurdle"	"F"	"9"	"Buckley, Kieran"	"Gibney, Thomas"
"13:45:00"	"2024-02-05"	"Lingfield"	"Whistledown"	"150.00"	"280"	"Handicap"	"10"	"10"	"Whelan, Trevor"	"West, Miss Sheena"
"13:32:00"	"2024-02-05"	"Carlisle"	"Wilder Days (IRE)"	"125.00"	"310"	"Novices Hurdle"	"PU"	"12"	"Quinlan, Sean"	"Quinlan, Elizabeth"
"13:20:00"	"2024-02-05"	"Punchestown"	"Knockiel Synge (IRE)"	"250.00"	"1000"	"Chase"	"5"	"10"	"Benson, Miss G"	"Flood, Peter"
"13:20:00"	"2024-02-05"	"Punchestown"	"Low Lie The Fields (IRE)"	"125.00"	"400.56"	"Chase"	"F"	"10"	"Stone, B T"	"Maher, Peter"
"20:30:00"	"2024-02-04"	"Newcastle"	"Ben Dikduk (IRE)"	"50.00"	"100"	"Handicap"	"11"	"12"	"Costello, Dougie"	"Walford, Mark"
"19:30:00"	"2024-02-04"	"Newcastle"	"Bryce (IRE)"	"33.00"	"54.06"	"Non-Handicap"	"11"	"12"	"Jary, Alex"	"Cuthbert, Helen"
"18:30:00"	"2024-02-04"	"Newcastle"	"Letsbefrank (IRE)"	"25.00"	"37.04"	"Novices"	"6"	"11"	"Mulrennan, Paul"	"Goldie, J S"
"17:00:00"	"2024-02-04"	"Newcastle"	"Gis A Sub (IRE)"	"33.00"	"38.27"	"Handicap"	"8"	"12"	"Hart, Jason"	"Midgley, P T"
"13:20:00"	"2024-02-04"	"Musselburgh"	"Balboa"	"10.00"	"14.15"	"Hurdle"	"3"	"8"	"Nolan, Michael G"	"Mullins, J W"
"18:45:00"	"2024-02-03"	"Kempton"	"Seductive Power (IRE)"	"25.00"	"32"	"Handicap"	"7"	"7"	"Cox, William"	"Johnson, B R"
"17:15:00"	"2024-02-03"	"Kempton"	"Beau Gars"	"2.50"	"3.65"	"Maiden"	"4"	"9"	"Muscutt, D"	"Osborne, J A"
"16:35:00"	"2024-02-03"	"Musselburgh"	"Dont Look Back"	"100.00"	"219.15"	"Handicap Hurdle"	"9"	"10"	"Doyle, Alan"	"Young Jnr, William"
"16:30:00"	"2024-02-03"	"Wolverhampton"	"Kitty Foyle (IRE)"	"5.00"	"6.18"	"Handicap"	"8"	"12"	"Hogan, D E"	"Jones, Jack"
"15:50:00"	"2024-02-03"	"Wetherby"	"Windsor Avenue (IRE)"	"6.00"	"7.13"	"Hunters Chase"	"3"	"6"	"Teal, Mr J"	"Teal, J"
"14:50:00"	"2024-02-03"	"Musselburgh"	"Hartur Doudairies (FR)"	"50.00"	"90.26"	"Handicap Hurdle"	"11"	"13"	"Moscrop, Nathan"	"Ellison, B"
"14:50:00"	"2024-02-03"	"Musselburgh"	"Sextant"	"50.00"	"93.86"	"Handicap Hurdle"	"12"	"13"	"Wadge, P"	"Russell, Miss Lucinda V"
"12:50:00"	"2024-02-03"	"Sandown"	"Peking Opera (IRE)"	"1.63"	"2.82"	"Novices Hurdle"	"1"	"7"	"Houlihan, Niall F"	"Moore, Gary and Josh"
"18:30:00"	"2024-02-02"	"Dundalk"	"Banana Three (IRE)"	"8.00"	"12.5"	"Handicap"	"8"	"9"	"Roche, L F"	"OSullivan, Ross"
"17:15:00"	"2024-02-02"	"Newcastle"	"Redondo"	"5.00"	"6.63"	"Handicap"	"1"	"8"	"McDonald, P J"	"Bourke, D F"
"17:00:00"	"2024-02-02"	"Dundalk"	"Hanoi (IRE)"	"80.00"	"403.58"	"Maiden"	"9"	"13"	"Roche, L F"	"Roche, Padraig"
"16:25:00"	"2024-02-02"	"Dundalk"	"Burn The Bridges (IRE)"	"12.00"	"17.72"	"Handicap"	"8"	"9"	"Heffernan, J A"	"Davison, Jack W"
"16:00:00"	"2024-02-02"	"Southwell"	"Hermes Le Gris (FR)"	"2.00"	"3.2"	"Handicap Novices Hurdle"	"F"	"9"	"Quinn, Caoilin"	"Llewellyn, Robert"
"15:55:00"	"2024-02-02"	"Dundalk"	"Tarbet"	"125.00"	"758.87"	"Claimer"	"10"	"14"	"Cleary, R P"	"Hanlon, John Joseph"
"14:25:00"	"2024-02-02"	"Southwell"	"Arabescato"	"66.00"	"256.05"	"Novices Hurdle"	"4"	"11"	"England, David"	"Murphy, Olly"
"14:05:00"	"2024-02-02"	"Catterick"	"Golden Maverick (FR)"	"0.80"	"1.89"	"Maiden Hurdle"	"2"	"7"	"Sheehan, Gavin"	"Snowden, Jamie"
"18:30:00"	"2024-02-01"	"Chelmsford City"	"Rogue Dream (IRE)"	"150.00"	"412.85"	"Novices"	"8"	"8"	"Hogan, D E"	"Jones, Jack"
"16:00:00"	"2024-02-01"	"Ffos Las"	"Gala Des Lys (FR)"	"100.00"	"190.46"	"Handicap Chase"	"8"	"11"	"Brogan, Kevin"	"Wintle, A"
"15:15:00"	"2024-02-01"	"Wincanton"	"Zhang Fei (FR)"	"10.00"	"28"	"Novices Hurdle"	"4"	"8"	"Harrison, Liam"	"OBrien, Fergal"
"14:45:00"	"2024-02-01"	"Wincanton"	"Manuelito"	"33.00"	"85"	"Novices Hurdle"	"3"	"9"	"Tudor, Jack"	"Pipe, D E"
"14:45:00"	"2024-02-01"	"Wincanton"	"Kentucky Bluegrass"	"66.00"	"130"	"Novices Hurdle"	"8"	"9"	"Murtagh, Lorcan"	"Hawke, N J"
"14:15:00"	"2024-02-01"	"Wincanton"	"Love Of Neymore"	"250.00"	"688.34"	"Novices Hurdle"	"PU"	"14"	"Harrison, Liam"	"Llewellyn, Robert"
"13:30:00"	"2024-02-01"	"Ffos Las"	"Ironica De Thaix (FR)"	"11.00"	"18.5"	"Maiden Hurdle"	"3"	"8"	"Deutsch, Charlie"	"Williams, Miss Venetia"
"18:00:00"	"2024-01-31"	"Kempton"	"Sugar Hill (IRE)"	"20.00"	"22.29"	"Novices"	"5"	"7"	"Muscutt, D"	"Boughey, George"
"17:30:00"	"2024-01-31"	"Kempton"	"Emorcee (IRE)"	"10.00"	"14.6"	"Handicap"	"7"	"7"	"Keeley, Aidan"	"Stephens, Robert"
"17:10:00"	"2024-01-31"	"Dundalk"	"Mount Ruapehu (IRE)"	"16.00"	"22.27"	"Handicap"	"1"	"10"	"Horgan, C"	"Slattery, Andrew"
"16:05:00"	"2024-01-31"	"Dundalk"	"Clarinbridge (IRE)"	"28.00"	"40"	"Handicap"	"4"	"14"	"Hayes, C D"	"Breen, Leanne"
"14:55:00"	"2024-01-31"	"Leicester"	"Giacosa (IRE)"	"25.00"	"40.83"	"Novices Hurdle"	"3"	"6"	"Bass, David"	"Leech, Mrs S"
"14:25:00"	"2024-01-31"	"Leicester"	"Hurricane Vichi (IRE)"	"4.00"	"6.19"	"Handicap Novices Chase"	"4"	"8"	"Gethings, Ciaran"	"Edmunds, Stuart"
"13:40:00"	"2024-01-31"	"Exeter"	"Kansas Du Berlais (FR)"	"5.50"	"7.9"	"Handicap Hurdle"	"6"	"8"	"Tidball, Jay"	"West, Adam"
"13:30:00"	"2024-01-31"	"Dundalk"	"Smart Impression (IRE)"	"5.50"	"6.6"	"Maiden"	"4"	"8"	"Whelan, R P"	"Murphy, Daniel"
"20:00:00"	"2024-01-30"	"Southwell"	"Buraback (IRE)"	"22.00"	"32"	"Handicap"	"5"	"5"	"Edmunds, Lewis"	"Shaw, D"
"15:35:00"	"2024-01-30"	"Newcastle"	"Mint Condition"	"9.00"	"10.76"	"Handicap Chase"	"PU"	"6"	"Brooke, Henry"	"Longsdon, C E"
"15:00:00"	"2024-01-30"	"Newcastle"	"From The Clouds (FR)"	"7.50"	"13.16"	"Novices Hurdle"	"4"	"12"	"Wadge, P"	"Russell, Miss Lucinda V"
"15:00:00"	"2024-01-30"	"Newcastle"	"Zuul"	"66.00"	"217.51"	"Novices Hurdle"	"7"	"12"	"Moscrop, Nathan"	"Menzies, Rebecca"
"13:25:00"	"2024-01-30"	"Limerick"	"Kiln Time (IRE)"	"3.00"	"4.62"	"Handicap Hurdle"	"2"	"9"	"ODwyer, Charlie"	"Kelly, David Harry"
"12:50:00"	"2024-01-30"	"Limerick"	"Decimation (IRE)"	"7.00"	"12.3"	"Claimer Hurdle"	"2"	"8"	"Treacy, R P"	"McNamara, E"
"12:50:00"	"2024-01-30"	"Limerick"	"Ganderstown (IRE)"	"150.00"	"683.76"	"Claimer Hurdle"	"PU"	"8"	"Brouder, Gavin"	"OConnor, Thomas P"
"19:00:00"	"2024-01-29"	"Wolverhampton"	"Hotaugustnight (IRE)"	"4.50"	"6.69"	"Handicap"	"7"	"8"	"Muscutt, D"	"Foy, Kevin"
"18:30:00"	"2024-01-29"	"Wolverhampton"	"Maria Land (IRE)"	"28.00"	"48"	"Handicap"	"5"	"6"	"James, S H"	"Lidster, Craig"
"17:25:00"	"2024-01-29"	"Wolverhampton"	"Northbound (IRE)"	"40.00"	"81.73"	"Handicap"	"6"	"12"	"Sexton, Ryan"	"Niven, P D"
"16:30:00"	"2024-01-29"	"Hereford"	"Time Leader (IRE)"	"2.25"	"3.75"	"Hunters Chase"	"1"	"8"	"Edwards, Huw"	"Roach, H"
"16:30:00"	"2024-01-29"	"Hereford"	"Shang Tang (IRE)"	"33.00"	"42.14"	"Hunters Chase"	"3"	"8"	"Jones, Miss Aimee"	"Brookshaw, Miss H"
"16:30:00"	"2024-01-29"	"Hereford"	"Notre Pari (IRE)"	"9.00"	"16.74"	"Hunters Chase"	"F"	"8"	"McCain-Mitchell, Toby"	"Harvey, Luke"
"16:30:00"	"2024-01-29"	"Hereford"	"Nuova Vita"	"150.00"	"612.93"	"Hunters Chase"	"PU"	"8"	"Herbison, Miss E"	"Walker, E"
"16:30:00"	"2024-01-29"	"Hereford"	"Cat Tiger (FR)"	"0.73"	"1.8"	"Hunters Chase"	"RO"	"8"	"Maxwell, David"	"Loxton, S"
"14:30:00"	"2024-01-29"	"Hereford"	"Wasthatok"	"4.50"	"5.85"	"Handicap Chase"	"6"	"8"	"Patrick, Richard"	"Lee, Miss Kerry"
"14:00:00"	"2024-01-29"	"Hereford"	"My Monty"	"150.00"	"1000"	"Novices Hurdle"	"3"	"9"	"Poste, Ben J"	"Evans, H J"
"13:50:00"	"2024-01-29"	"Plumpton"	"Westerninthepark (IRE)"	"0.67"	"1.71"	"Maiden Hurdle"	"1"	"12"	"Harris, Bradley"	"Charlton, Anthony"
"13:50:00"	"2024-01-29"	"Plumpton"	"Footys Bridge (IRE)"	"50.00"	"140"	"Maiden Hurdle"	"5"	"12"	"Kimber, Harry"	"Turner, W G M"
"13:10:00"	"2024-01-29"	"Punchestown"	"Hypersonic Missile (IRE)"	"7.00"	"13.52"	"Maiden Hurdle"	"5"	"12"	"Donoghue, K M"	"Cromwell, Gavin Patrick"
"13:10:00"	"2024-01-29"	"Punchestown"	"Storm Ryder (IRE)"	"250.00"	"1000"	"Maiden Hurdle"	"12"	"12"	"Smithers, C D"	"Markham, Ms Helen P"
"13:35:00"	"2024-01-28"	"Naas"	"Milteye"	"100.00"	"311.85"	"Maiden Hurdle"	"12"	"16"	"McDonagh, Mark M"	"OGrady, E J"
"13:12:00"	"2024-01-28"	"Fontwell"	"Seaside Legend (IRE)"	"12.00"	"16.78"	"Novices Hurdle"	"5"	"8"	"Obrien, P V"	"Derham, Harry"
"20:30:00"	"2024-01-27"	"Kempton"	"Blenheim Lad (IRE)"	"8.50"	"11.79"	"Handicap"	"6"	"10"	"Mitchell, Jack"	"Poulton, Camilla"
"19:30:00"	"2024-01-27"	"Kempton"	"Cumulonimbus (IRE)"	"33.00"	"56.25"	"Handicap"	"6"	"9"	"Whelan, Trevor"	"Baker, George"
"17:15:00"	"2024-01-27"	"Newcastle"	"Son Of Sampers (IRE)"	"1.38"	"2.5"	"Handicap"	"7"	"8"	"Fanning, Joe"	"Barron, T D"
"16:45:00"	"2024-01-27"	"Newcastle"	"Masham Moor"	"3.50"	"4.64"	"Handicap"	"5"	"7"	"Muir, Paula"	"West, S G"
"15:58:00"	"2024-01-27"	"Fairyhouse"	"Smackwater Jack (IRE)"	"50.00"	"75.77"	"Handicap Hurdle"	"PU"	"12"	"Kelly, Eoin G"	"Foster, Mrs Denise"
"14:05:00"	"2024-01-27"	"Doncaster"	"Say Goodbye (IRE)"	"22.00"	"30.23"	"Hurdle"	"4"	"6"	"Lambert, Finn"	"Twiston-Davies, N A"
"13:23:00"	"2024-01-27"	"Uttoxeter"	"Roccos Inspiration (IRE)"	"0.29"	"1.29"	"Maiden Hurdle"	"1"	"8"	"Gregory, Fergus"	"Murphy, Olly"
"13:23:00"	"2024-01-27"	"Uttoxeter"	"Give Me A Boom (IRE)"	"4.50"	"10"	"Maiden Hurdle"	"2"	"8"	"Scott, Luke"	"Newland, Dr R D P"
"13:15:00"	"2024-01-27"	"Cheltenham"	"Champagne Mystery (IRE)"	"50.00"	"63.55"	"Handicap Chase"	"5"	"13"	"Gauffenic, Nicolas"	"George, T R"
"12:05:00"	"2024-01-27"	"Cheltenham"	"Cosmic Soul (IRE)"	"150.00"	"1000"	"Hurdle"	"7"	"7"	"Nichol, Craig"	"Neville, Patrick"
"11:50:00"	"2024-01-27"	"Doncaster"	"Flic Ou Voyou (FR)"	"150.00"	"248.53"	"Handicap Chase"	"10"	"10"	"Hamilton, Jamie"	"Hogarth, H P"
"19:45:00"	"2024-01-26"	"Wolverhampton"	"Aces Wild (IRE)"	"20.00"	"28"	"Handicap"	"8"	"11"	"Mangan, Gina"	"Wintle, A"
"19:15:00"	"2024-01-26"	"Wolverhampton"	"Racing Country (IRE)"	"5.00"	"5.99"	"Handicap"	"1"	"8"	"Hogan, D E"	"Dunne, M"
"19:00:00"	"2024-01-26"	"Dundalk"	"Gianh River (IRE)"	"150.00"	"686.1"	"Maiden"	"10"	"14"	"Joyce, Wesley"	"Smyth, Lee"
"19:00:00"	"2024-01-26"	"Dundalk"	"Hue Kyllachy (IRE)"	"150.00"	"1000"	"Maiden"	"14"	"14"	"McSweeney, O"	"Hynds, Noel G"
"17:00:00"	"2024-01-26"	"Dundalk"	"Linden Lady (AUS)"	"80.00"	"553.29"	"Non-Handicap"	"6"	"7"	"MacRedmond, Cian"	"McGuinness, Adrian"
"16:30:00"	"2024-01-26"	"Dundalk"	"Victory Star"	"33.00"	"58.05"	"Claimer"	"3"	"14"	"MacRedmond, Cian"	"Coleman, Kevin"
"16:30:00"	"2024-01-26"	"Dundalk"	"Overstate"	"25.00"	"37.74"	"Claimer"	"9"	"14"	"Heffernan, J A"	"Hogan, Denis Gerard"
"16:10:00"	"2024-01-26"	"Sandown"	"Vengeance"	"100.00"	"178.48"	"Handicap Novices Hurdle"	"10"	"12"	"Carver, Bryan"	"Best-Turner, W De"
"16:00:00"	"2024-01-26"	"Dundalk"	"Haumea (IRE)"	"50.00"	"65"	"Handicap"	"13"	"14"	"Donaghue-Leahy, R"	"Flynn, Patrick J"
"15:00:00"	"2024-01-26"	"Sandown"	"Farceur Du Large (FR)"	"11.00"	"15.62"	"Chase"	"1"	"10"	"Kellard, Lt Will"	"Snowden, Jamie"
"15:00:00"	"2024-01-26"	"Sandown"	"Fil Dariane (FR)"	"80.00"	"115.12"	"Chase"	"3"	"10"	"White, Lt Douglas"	"White, Douglas"
"13:15:00"	"2024-01-26"	"Sandown"	"Ballybay (IRE)"	"25.00"	"64.45"	"Novices Hurdle"	"6"	"8"	"Noonan, David G"	"Moore, Gary and Josh"
"19:15:00"	"2024-01-25"	"Newcastle"	"Vecchio (IRE)"	"33.00"	"41.72"	"Handicap"	"8"	"8"	"Whittington, Elisha"	"Dixon, Scott"
"15:00:00"	"2024-01-25"	"Wetherby"	"Tedtwo"	"5.50"	"10.07"	"Novices Hurdle"	"2"	"9"	"McLernon, R P"	"Haslam, B M R"
"14:35:00"	"2024-01-25"	"Huntingdon"	"Kapamazov"	"80.00"	"156.23"	"Handicap Hurdle"	"6"	"15"	"Poste, Ben J"	"Evans, H J"
"13:35:00"	"2024-01-25"	"Southwell"	"Defilade"	"80.00"	"125.21"	"Non-Handicap"	"7"	"8"	"Hutchinson, Callum"	"Loughnane, Daniel Mark"
"13:25:00"	"2024-01-25"	"Huntingdon"	"Cant Resist It"	"6.50"	"8.88"	"Maiden Hurdle"	"3"	"14"	"Brennan, P J"	"OBrien, Fergal"
"13:25:00"	"2024-01-25"	"Huntingdon"	"I Am De Chaillac (FR)"	"250.00"	"770"	"Maiden Hurdle"	"14"	"14"	"Bannister, Harry A A"	"Aprahamian, Billy"
"13:15:00"	"2024-01-25"	"Wetherby"	"Man Of Monaco (IRE)"	"7.00"	"10.75"	"Hurdle"	"2"	"6"	"Mulqueen, S"	"Russell, Miss Lucinda V"
"13:15:00"	"2024-01-25"	"Wetherby"	"Lillistar"	"28.00"	"45.66"	"Hurdle"	"5"	"6"	"Smith-Chaston, Emma"	"Hammond, Micky"
"13:05:00"	"2024-01-25"	"Gowran Park"	"Benjis Benefit (IRE)"	"0.67"	"1.73"	"Handicap Hurdle"	"4"	"18"	"Meyler, D"	"Mullins, Emmet"
"12:50:00"	"2024-01-25"	"Huntingdon"	"Kansas City Star (IRE)"	"3.00"	"4.63"	"Handicap Novices Chase"	"1"	"6"	"Obrien, P V"	"Derham, Harry"
"12:25:00"	"2024-01-25"	"Southwell"	"Trojan Storm"	"4.50"	"7.23"	"Novices"	"3"	"5"	"Ryan, Rossa"	"Williams, Ian"
"11:55:00"	"2024-01-25"	"Southwell"	"Ali Jewels (IRE)"	"100.00"	"200"	"Handicap"	"11"	"11"	"ONeill, K T"	"Dunne, M"
"11:25:00"	"2024-01-25"	"Southwell"	"Smooth Silesie (IRE)"	"80.00"	"222.37"	"Handicap"	"3"	"7"	"Jary, Alex"	"Williamson, Mrs L"
"20:00:00"	"2024-01-24"	"Kempton"	"Lawmaker"	"2.00"	"3.29"	"Handicap"	"1"	"9"	"Crouch, Hector"	"Bell, M L W"
"20:00:00"	"2024-01-24"	"Kempton"	"Head Of State (IRE)"	"50.00"	"77.74"	"Handicap"	"9"	"9"	"Burns, Harry"	"Johnson, B R"
"18:30:00"	"2024-01-24"	"Kempton"	"Caruso"	"100.00"	"292.49"	"Maiden"	"8"	"9"	"Bradnam, Joe"	"Bell, M L W"
"18:00:00"	"2024-01-24"	"Kempton"	"Lunario (IRE)"	"11.00"	"15.93"	"Handicap"	"9"	"11"	"Howarth, Christian"	"Haynes, Alice"
"16:00:00"	"2024-01-24"	"Lingfield"	"Pure Bubbles (GER)"	"3.50"	"6.2"	"Non-Handicap"	"11"	"11"	"Hogan, D E"	"Quinn, Denis P"
"15:00:00"	"2024-01-24"	"Catterick"	"Master Breffni (IRE)"	"12.00"	"17.5"	"Handicap Novices Chase"	"F"	"6"	"Smith-Chaston, Emma"	"Hammond, Micky"
"14:50:00"	"2024-01-24"	"Lingfield"	"Kumari Star"	"50.00"	"112.57"	"Handicap"	"10"	"10"	"Clutterbuck, Rhys"	"Moore, Gary and Josh"
"14:35:00"	"2024-01-24"	"Chepstow"	"Spice Heaven"	"80.00"	"239.77"	"Novices Hurdle"	"9"	"11"	"Carver, Bryan"	"Honour, Chris"
"14:35:00"	"2024-01-24"	"Chepstow"	"Glorious Lion"	"4.00"	"6.6"	"Novices Hurdle"	"F"	"11"	"Obrien, P V"	"Derham, Harry"
"13:20:00"	"2024-01-24"	"Catterick"	"Mount Gallion (IRE)"	"200.00"	"525.07"	"Novices Hurdle"	"5"	"10"	"Midgley, Tom"	"Walford, Mark"
"13:10:00"	"2024-01-24"	"Lingfield"	"Ivasecret (IRE)"	"7.00"	"12.46"	"Handicap"	"7"	"8"	"Shepherd, Callum"	"Williams, Ian"
"12:30:00"	"2024-01-24"	"Fairyhouse"	"Marelly (IRE)"	"9.00"	"15.5"	"Beginners Chase"	"5"	"9"	"OSullivan, James"	"Rothwell, P J"
"17:30:00"	"2024-01-23"	"Southwell"	"Organic (IRE)"	"80.00"	"272.4"	"Maiden"	"8"	"9"	"Farragher, Adam J"	"Eustace, Harry"
"15:55:00"	"2024-01-23"	"Leicester"	"Kojin (IRE)"	"80.00"	"158.82"	"Handicap Hurdle"	"PU"	"6"	"Todd, C J"	"Williams, Ian"
"15:30:00"	"2024-01-23"	"Down Royal"	"Rocconrockall (IRE)"	"11.00"	"16.45"	"Handicap Chase"	"PU"	"14"	"Brassil, C"	"Commins, Donal"
"13:45:00"	"2024-01-23"	"Down Royal"	"Stockdale (IRE)"	"4.00"	"5.67"	"Handicap Hurdle"	"2"	"9"	"Fitzgerald, S"	"Turley, Patrick"
"13:35:00"	"2024-01-23"	"Leicester"	"Blackcauseway"	"22.00"	"27.06"	"Handicap Novices Chase"	"PU"	"10"	"Best, J A"	"Bishop, Miss E J"
"13:25:00"	"2024-01-23"	"Newbury"	"Alnilam (FR)"	"14.00"	"17.63"	"Maiden Hurdle"	"4"	"16"	"Reed, Harry"	"Charlton, Anthony"
"13:25:00"	"2024-01-23"	"Newbury"	"Dancing Master (IRE)"	"300.00"	"868.8"	"Maiden Hurdle"	"PU"	"16"	"Carver, Bryan"	"Mulholland, N P"
"12:50:00"	"2024-01-23"	"Newbury"	"Royal Regard (FR)"	"250.00"	"951.33"	"Maiden Hurdle"	"14"	"16"	"Twiston-Davies, Sam"	"Mulholland, N P"
"18:00:00"	"2024-01-22"	"Newcastle"	"Likleman"	"14.00"	"21.59"	"Handicap"	"2"	"5"	"Hart, Jason"	"West, S G"
"17:00:00"	"2024-01-22"	"Newcastle"	"Reveal"	"12.00"	"16.19"	"Novices"	"5"	"9"	"Jakes, Tommie"	"Perratt, Miss L A"
"16:15:00"	"2024-01-22"	"Warwick"	"Espoir De Guye (FR)"	"3.50"	"6.97"	"Hunters Chase"	"3"	"8"	"Parker, Natalie"	"Loxton, S"
"16:15:00"	"2024-01-22"	"Warwick"	"Russian Diamond (IRE)"	"33.00"	"76.17"	"Hunters Chase"	"5"	"8"	"Hanlon, Mr P"	"Poste, Francesca"
"15:50:00"	"2024-01-22"	"Newcastle"	"Can Can Girl (IRE)"	"16.00"	"26"	"Handicap"	"5"	"9"	"Pyle, William"	"Lidster, Craig"
"15:05:00"	"2024-01-22"	"Warwick"	"Key Commander (IRE)"	"9.00"	"12.4"	"Handicap Hurdle"	"6"	"7"	"Burke, Jonathan"	"Ralph, Alastair"
"14:05:00"	"2024-01-22"	"Warwick"	"Hartfield (IRE)"	"150.00"	"983.3"	"Novices Hurdle"	"PU"	"9"	"Obrien, P V"	"Knight, Miss H C"
"14:00:00"	"2024-01-22"	"Kempton"	"Elephant John (IRE)"	"6.00"	"7.72"	"Handicap"	"7"	"10"	"Hornby, Rob"	"Quinn, Denis P"
"13:35:00"	"2024-01-22"	"Warwick"	"Spirit Of Jacob"	"300.00"	"1000"	"Novices Hurdle"	"PU"	"8"	"Obrien, P V"	"Knight, Miss H C"
"13:15:00"	"2024-01-22"	"Plumpton"	"Sweet Fantasy"	"2.75"	"3.96"	"Novices Hurdle"	"1"	"10"	"Cobden, Harry"	"Owen, J P"
"13:05:00"	"2024-01-22"	"Warwick"	"Camarrate (IRE)"	"9.00"	"12"	"Hurdle"	"4"	"11"	"Hughes, Brian"	"McCain Jnr, D"
"13:05:00"	"2024-01-22"	"Warwick"	"Chester Tonik (FR)"	"200.00"	"525.7"	"Hurdle"	"6"	"11"	"Jones, Ben R"	"Dunn, Mrs Alex"
"13:05:00"	"2024-01-22"	"Warwick"	"Snow Forecast"	"500.00"	"1000"	"Hurdle"	"7"	"11"	"Johns, Alan"	"Vaughan, Tim"
"13:05:00"	"2024-01-22"	"Warwick"	"Demilion (IRE)"	"150.00"	"399.08"	"Hurdle"	"9"	"11"	"Deutsch, Charlie"	"Dunn, Mrs Alex"
"13:05:00"	"2024-01-22"	"Warwick"	"Baltic Voyage"	"11.00"	"18.16"	"Hurdle"	"PU"	"11"	"Twiston-Davies, Sam"	"Honeyball, A J"
"13:05:00"	"2024-01-22"	"Warwick"	"Jumeirah King"	"5.00"	"8.19"	"Hurdle"	"PU"	"11"	"Burke, Jonathan"	"Honeyball, A J"
"18:15:00"	"2024-01-21"	"Chelmsford City"	"Seattle Time"	"5.50"	"8"	"Handicap"	"6"	"11"	"Hogan, D E"	"Jones, Jack"
"15:55:00"	"2024-01-21"	"Thurles"	"Maid On The Moon"	"50.00"	"117.21"	"Hunters Chase"	"PU"	"10"	"Phillips, Ms H"	"Lalor, Miss E"
"15:55:00"	"2024-01-21"	"Thurles"	"Stranger Danger (IRE)"	"25.00"	"38"	"Hunters Chase"	"UR"	"10"	"Berry, Mr R A"	"Bowe, Colin"
"12:05:00"	"2024-01-21"	"Lingfield"	"Ask Her Out (IRE)"	"50.00"	"94.96"	"NH Flat"	"11"	"13"	"McLernon, R P"	"Ford, Richenda"
"19:30:00"	"2024-01-20"	"Wolverhampton"	"Rendition (IRE)"	"80.00"	"216.19"	"Handicap"	"8"	"8"	"Hardie, Cameron"	"Dunn, Mrs Alex"
"19:00:00"	"2024-01-20"	"Wolverhampton"	"Anticipating"	"40.00"	"55.98"	"Handicap"	"7"	"8"	"Cox, William"	"Dunn, Mrs Alex"
"17:00:00"	"2024-01-20"	"Wolverhampton"	"Heads Gone Pal"	"11.00"	"15.73"	"Handicap"	"11"	"12"	"Loughnane, Mr Billy"	"Wintle, A"
"14:30:00"	"2024-01-20"	"Navan"	"Uppertown Mya (IRE)"	"80.00"	"195.04"	"Handicap Hurdle"	"13"	"14"	"Torrens, Simon"	"Rothwell, P J"
"13:25:00"	"2024-01-20"	"Lingfield"	"Kintaro"	"50.00"	"110.87"	"Handicap"	"7"	"10"	"Hornby, Rob"	"Pipe, D E"
"19:15:00"	"2024-01-19"	"Newcastle"	"Mr Stanley (IRE)"	"80.00"	"138.82"	"Handicap"	"6"	"12"	"Mullen, Andrew"	"Kirby, P A"
"19:00:00"	"2024-01-19"	"Dundalk"	"St Cianans Fire (IRE)"	"5.00"	"7.8"	"Handicap"	"2"	"14"	"Horgan, H J"	"Crawley, Shane"
"19:00:00"	"2024-01-19"	"Dundalk"	"Goonyaboyya (IRE)"	"66.00"	"220"	"Handicap"	"8"	"14"	"Sheridan, J M"	"Keane, Gerard"
"19:00:00"	"2024-01-19"	"Dundalk"	"Alhaajeb (IRE)"	"20.00"	"34.46"	"Handicap"	"12"	"14"	"McCullagh, Scott"	"OBrien, Richard John"
"19:00:00"	"2024-01-19"	"Dundalk"	"Teddys Dawn (IRE)"	"50.00"	"140"	"Handicap"	"13"	"14"	"MacRedmond, Cian"	"McGuinness, Adrian"
"17:45:00"	"2024-01-19"	"Newcastle"	"Tasmanian Legend (IRE)"	"3.33"	"4.98"	"Handicap"	"1"	"5"	"ONeill, K T"	"Haynes, Alice"
"17:30:00"	"2024-01-19"	"Dundalk"	"Bungle Inthedesert (IRE)"	"33.00"	"94.47"	"Non-Handicap"	"3"	"3"	"OConnor, Donagh"	"McConnell, John C"
"17:00:00"	"2024-01-19"	"Dundalk"	"Alex The Great (IRE)"	"50.00"	"101.17"	"Handicap"	"3"	"14"	"Sheehy, M P"	"Murray, Adrian"
"17:00:00"	"2024-01-19"	"Dundalk"	"Hammersmith (IRE)"	"16.00"	"21.77"	"Handicap"	"4"	"14"	"Ryan, J J G"	"OBrien, Terence"
"17:00:00"	"2024-01-19"	"Dundalk"	"Desert Friend (IRE)"	"14.00"	"19.5"	"Handicap"	"8"	"14"	"Cleary, R P"	"Foster, Mrs Denise"
"17:00:00"	"2024-01-19"	"Dundalk"	"Club Manager"	"4.50"	"7"	"Handicap"	"12"	"14"	"Whearty, R"	"Cromwell, Gavin Patrick"
"16:45:00"	"2024-01-19"	"Newcastle"	"Grey Force One"	"12.00"	"17.5"	"Handicap"	"7"	"8"	"Mulrennan, Paul"	"Kirby, P A"
"16:30:00"	"2024-01-19"	"Dundalk"	"Cape Bridgewater (IRE)"	"12.00"	"22"	"Non-Handicap"	"3"	"4"	"Foley, Shane"	"Bunyan, Darren / OLeary, G"
"16:25:00"	"2024-01-19"	"Wolverhampton"	"Poppaea"	"12.00"	"14.5"	"Non-Handicap"	"10"	"10"	"Mitchell, Jack"	"Kubler, Daniel"
"16:00:00"	"2024-01-19"	"Dundalk"	"Musical Tribute"	"66.00"	"187.32"	"Handicap"	"4"	"13"	"Whearty, R"	"Clarke, Keith Henry"
"14:50:00"	"2024-01-19"	"Wolverhampton"	"Kraken Diamond (IRE)"	"12.00"	"17.01"	"Handicap"	"8"	"9"	"Probert, David"	"Toomey, Brian"
"14:15:00"	"2024-01-19"	"Wolverhampton"	"Wiseacre (IRE)"	"66.00"	"120"	"Handicap"	"6"	"10"	"Doyle, Hollie"	"Donovan, D"
"13:05:00"	"2024-01-19"	"Wolverhampton"	"Bletchley Storm"	"11.00"	"15.5"	"Handicap"	"4"	"7"	"Bradley, Paddy"	"Wigham, M"
"18:30:00"	"2024-01-18"	"Southwell"	"Valsad (IRE)"	"4.50"	"6.6"	"Handicap"	"4"	"11"	"Shepherd, Callum"	"Osborne, J A"
"14:30:00"	"2024-01-18"	"Chelmsford City"	"Ocean Bliss (IRE)"	"5.00"	"6.62"	"Maiden"	"3"	"8"	"Heard, Tyler"	"Appleby, M"
"20:00:00"	"2024-01-17"	"Kempton"	"Aim For The Moon (USA)"	"8.00"	"11.43"	"Handicap"	"3"	"6"	"Catton, Luke"	"Wigham, M"
"19:30:00"	"2024-01-17"	"Kempton"	"Fitzrovia"	"20.00"	"29"	"Handicap"	"9"	"9"	"Probert, David"	"Vaughan, Tim"
"18:30:00"	"2024-01-17"	"Kempton"	"Macanudo (IRE)"	"10.00"	"14.5"	"Maiden"	"4"	"12"	"Probert, David"	"Murphy, Olly"
"18:00:00"	"2024-01-17"	"Kempton"	"Gharbeyih"	"50.00"	"74.09"	"Handicap"	"8"	"8"	"Wingrove, Miss Jodie"	"Wingrove, D"
"15:20:00"	"2024-01-17"	"Southwell"	"Lost In The Mist (IRE)"	"11.00"	"15.58"	"Novices Seller Hurdle"	"3"	"9"	"Wedge, Adam"	"Keighley, M"
"14:10:00"	"2024-01-17"	"Southwell"	"Hillsin (IRE)"	"7.00"	"11.37"	"Handicap Novices Hurdle"	"6"	"8"	"Harris, Bradley"	"Jones, A E"
"12:30:00"	"2024-01-17"	"Southwell"	"Friends Dont Ask"	"80.00"	"121.35"	"Handicap Chase"	"PU"	"6"	"Gilligan, Jack G"	"Ellam, Clare"
"19:30:00"	"2024-01-16"	"Newcastle"	"Bernie The Bear (IRE)"	"3.33"	"5.08"	"Handicap"	"8"	"9"	"Jakes, Tommie"	"Perratt, Miss L A"
"18:30:00"	"2024-01-16"	"Newcastle"	"Lahab"	"12.00"	"16"	"Handicap"	"3"	"9"	"James, S H"	"Tuer, Grant"
"18:30:00"	"2024-01-16"	"Newcastle"	"Pub Talk (IRE)"	"80.00"	"190.65"	"Handicap"	"7"	"9"	"Mullen, Andrew"	"Kirby, P A"
"18:30:00"	"2024-01-16"	"Newcastle"	"Shobiz"	"25.00"	"27.14"	"Handicap"	"8"	"9"	"Hart, Jason"	"Fell, R / Murray, S"
"16:35:00"	"2024-01-16"	"Dundalk"	"Invincible Larne (IRE)"	"11.00"	"15.74"	"Handicap"	"14"	"14"	"Colgan, R C"	"McNamara, E"
"16:25:00"	"2024-01-16"	"Newcastle"	"Cammy (IRE)"	"66.00"	"99.78"	"Non-Handicap"	"9"	"12"	"Hardie, Cameron"	"Ward, Jason"
"15:55:00"	"2024-01-16"	"Newcastle"	"Easter Island"	"5.00"	"6.8"	"Handicap"	"2"	"9"	"Sanderson, Benjamin"	"Ellison, B"
"13:40:00"	"2024-01-16"	"Dundalk"	"Curzon Queen (IRE)"	"12.00"	"17.63"	"Handicap"	"13"	"14"	"McCullagh, N G"	"Murphy, Daniel"
"17:30:00"	"2024-01-15"	"Wolverhampton"	"Valadero (IRE)"	"2.75"	"3.95"	"Handicap"	"3"	"5"	"Ryan, Rossa"	"Boughey, George"
"16:10:00"	"2024-01-15"	"Hereford"	"South Omo Zone (IRE)"	"14.00"	"22.76"	"NH Flat"	"1"	"10"	"Harris, Bradley"	"Charlton, Anthony"
"15:25:00"	"2024-01-15"	"Punchestown"	"Thegoaheadman (IRE)"	"66.00"	"142.71"	"Handicap Hurdle"	"9"	"13"	"Callaghan, Mr K"	"Barcoe, James M"
"15:07:00"	"2024-01-15"	"Hereford"	"Out For Justice (IRE)"	"80.00"	"140"	"Handicap Chase"	"7"	"13"	"Poste, Ben J"	"Price, R J"
"14:07:00"	"2024-01-15"	"Hereford"	"Super Dawn (IRE)"	"14.00"	"17.78"	"Handicap Hurdle"	"PU"	"15"	"Cobden, Harry"	"Owen, J P"
"13:50:00"	"2024-01-15"	"Lingfield"	"Counsel"	"1.50"	"2.56"	"Handicap"	"1"	"8"	"Shepherd, Callum"	"Appleby, M"
"13:50:00"	"2024-01-15"	"Lingfield"	"Brunel Charm"	"9.00"	"10.36"	"Handicap"	"6"	"8"	"Jones, Ethan"	"Carter, Lee"
"13:25:00"	"2024-01-15"	"Punchestown"	"Lyla Garrity (IRE)"	"22.00"	"46.81"	"Handicap Hurdle"	"14"	"17"	"Barry, Mr B"	"Austin, W J"
"13:07:00"	"2024-01-15"	"Hereford"	"A Wish Away (IRE)"	"200.00"	"1000"	"Maiden Hurdle"	"PU"	"12"	"Wedge, Adam"	"Keighley, M"
"12:50:00"	"2024-01-15"	"Lingfield"	"Magnificentforce"	"1.63"	"2.91"	"Handicap"	"2"	"6"	"Muscutt, D"	"Scargill, Dr J D"
"15:50:00"	"2024-01-14"	"Kelso"	"Super Citizen"	"0.67"	"1.82"	"Hunters Chase"	"1"	"4"	"Orpwood, Nick"	"Hughes, Mrs Lucinda"
"15:50:00"	"2024-01-14"	"Kelso"	"Game Of War (IRE)"	"7.00"	"9.25"	"Hunters Chase"	"3"	"4"	"Pritchard, Mr Callum"	"Robinson, Mark"
"15:50:00"	"2024-01-14"	"Kelso"	"Fugitives Drift (IRE)"	"7.00"	"9"	"Hunters Chase"	"PU"	"4"	"Brown, Miss Lucy"	"Brown, Miss Lucy"
"15:30:00"	"2024-01-14"	"Lingfield"	"Evasive Power (USA)"	"16.00"	"24"	"Handicap"	"5"	"12"	"ONeill, K T"	"Haynes, Alice"
"15:20:00"	"2024-01-14"	"Kelso"	"Floueur (FR)"	"25.00"	"31.48"	"Handicap Chase"	"5"	"7"	"Worsley, Tabitha"	"Menzies, Rebecca"
"15:05:00"	"2024-01-14"	"Punchestown"	"Easy Bucks"	"18.00"	"24.86"	"Handicap Chase"	"1"	"10"	"Fenelon, S"	"Hanlon, John Joseph"
"14:30:00"	"2024-01-14"	"Lingfield"	"Kissininthebackrow"	"40.00"	"75.97"	"Handicap"	"4"	"10"	"Hutchinson, Callum"	"Charlton, Anthony"
"14:30:00"	"2024-01-14"	"Lingfield"	"Captain Square"	"22.00"	"35.38"	"Handicap"	"7"	"10"	"Shepherd, Callum"	"Appleby, M"
"14:30:00"	"2024-01-14"	"Lingfield"	"Logistical (IRE)"	"100.00"	"260"	"Handicap"	"9"	"10"	"Carver, William"	"Hodgson, Simon"
"14:20:00"	"2024-01-14"	"Kelso"	"Eire Street (IRE)"	"40.00"	"65"	"Novices Hurdle"	"7"	"12"	"McMenamin, Daniel"	"Stephen, Mrs Jackie"
"20:30:00"	"2024-01-13"	"Wolverhampton"	"Gentle Fire"	"5.50"	"7.23"	"Handicap"	"8"	"10"	"Muscutt, D"	"Evans, H J"
"20:30:00"	"2024-01-13"	"Wolverhampton"	"Buford"	"28.00"	"41.81"	"Handicap"	"9"	"10"	"Jary, Alex"	"Williamson, Mrs L"
"19:00:00"	"2024-01-13"	"Wolverhampton"	"Hi Hoh Tonto"	"100.00"	"220"	"Non-Handicap"	"8"	"8"	"Gray, S A"	"Teague, C J"
"18:45:00"	"2024-01-13"	"Chelmsford City"	"Chourmo"	"150.00"	"300"	"Handicap"	"7"	"9"	"Keniry, L P"	"Gillard, Mark"
"18:00:00"	"2024-01-13"	"Wolverhampton"	"Paris Lights (IRE)"	"18.00"	"23"	"Handicap"	"5"	"12"	"Nolan, D"	"Midgley, P T"
"15:50:00"	"2024-01-13"	"Kempton"	"In From The Cold (IRE)"	"50.00"	"100.45"	"Handicap Hurdle"	"4"	"6"	"Anderson, Joe"	"Harris, Miss G"
"14:42:00"	"2024-01-13"	"Kempton"	"Wonderwall (IRE)"	"22.00"	"30.32"	"Handicap Hurdle"	"BD"	"19"	"Flanagan, S W"	"Bowen, Peter / Michael"
"13:22:00"	"2024-01-13"	"Fairyhouse"	"Party Playboy (GER)"	"40.00"	"148.72"	"Handicap Hurdle"	"5"	"10"	"OHanlon, P J"	"McLoughlin, D A"
"12:55:00"	"2024-01-13"	"Kempton"	"Gentle Slopes"	"0.80"	"1.77"	"Novices Hurdle"	"1"	"10"	"Bowen, James C"	"Henderson, N J"
"12:35:00"	"2024-01-13"	"Wetherby"	"Goldwyn (IRE)"	"4.00"	"6.2"	"Maiden Hurdle"	"3"	"14"	"Hamilton, Jamie"	"Walford, Mark"
"12:20:00"	"2024-01-13"	"Kempton"	"Roaring Legend (FR)"	"9.00"	"12.78"	"Hurdle"	"2"	"6"	"Woods, K K"	"Murphy, Olly"
"12:20:00"	"2024-01-13"	"Kempton"	"Yellow Star (FR)"	"80.00"	"155.96"	"Hurdle"	"3"	"6"	"Houlihan, Niall F"	"Moore, Gary and Josh"
"12:12:00"	"2024-01-13"	"Fairyhouse"	"Jupiter Rock (IRE)"	"100.00"	"352.22"	"Hurdle"	"6"	"7"	"King, D"	"Hogan, Denis Gerard"
"12:12:00"	"2024-01-13"	"Fairyhouse"	"Imadpour (IRE)"	"100.00"	"238.08"	"Hurdle"	"7"	"7"	"Maxwell, Dillon"	"McNamara, Andrew"
"20:30:00"	"2024-01-12"	"Wolverhampton"	"Asgards Captain (IRE)"	"6.50"	"9.86"	"Handicap"	"1"	"8"	"ONeill, K T"	"Cunha, Dylan"
"19:15:00"	"2024-01-12"	"Dundalk"	"Dalmatic (IRE)"	"100.00"	"277.83"	"Maiden"	"12"	"14"	"Davis, Sean"	"Odoherty, William Joseph"
"18:45:00"	"2024-01-12"	"Dundalk"	"Arbaawi (IRE)"	"16.00"	"28.33"	"Handicap"	"8"	"14"	"Clarke, Alyse Jane"	"McCourt, T G"
"18:00:00"	"2024-01-12"	"Wolverhampton"	"Above The Line (IRE)"	"200.00"	"453.45"	"Maiden"	"3"	"11"	"Hutchinson, Callum"	"Loughnane, Daniel Mark"
"17:15:00"	"2024-01-12"	"Dundalk"	"Maxwell Smart (IRE)"	"150.00"	"660"	"Maiden"	"11"	"14"	"Clarke, Alyse Jane"	"McCourt, T G"
"15:37:00"	"2024-01-12"	"Dundalk"	"Indigo Desert"	"125.00"	"330"	"Handicap"	"13"	"13"	"Mulligan, R M"	"Stafford, Paul"
"15:30:00"	"2024-01-12"	"Wincanton"	"Military Tycoon (IRE)"	"4.00"	"7.2"	"Maiden Hurdle"	"9"	"17"	"Anderson, Joe"	"Mulholland, N P"
"14:42:00"	"2024-01-12"	"Naas"	"Ofaolains Glory (IRE)"	"16.00"	"25.52"	"Handicap Hurdle"	"14"	"21"	"Stone-Walsh, C"	"Donoghue, Ian"
"14:12:00"	"2024-01-12"	"Naas"	"Lake Manzaleh"	"200.00"	"1000"	"Maiden Hurdle"	"14"	"25"	"Maxwell, C D"	"Griffin, Patrick"
"14:12:00"	"2024-01-12"	"Naas"	"Eire Comes Tribsy (IRE)"	"80.00"	"1000"	"Maiden Hurdle"	"25"	"25"	"McGarvey, J S"	"Fahy, P A"
"13:50:00"	"2024-01-12"	"Huntingdon"	"Springtime Promise (IRE)"	"11.00"	"15.5"	"Novices Hurdle"	"1"	"11"	"Brace, Connor"	"OBrien, Fergal"
"13:30:00"	"2024-01-12"	"Wincanton"	"Ilanz (FR)"	"5.50"	"8.58"	"Handicap Hurdle"	"1"	"15"	"Harris, Bradley"	"Charlton, Anthony"
"13:30:00"	"2024-01-12"	"Wincanton"	"Zettabyte (IRE)"	"50.00"	"132.03"	"Handicap Hurdle"	"9"	"15"	"Bowen, James C"	"Knight, Miss H C"
"13:07:00"	"2024-01-12"	"Sedgefield"	"Final Edgar (IRE)"	"20.00"	"36.27"	"Maiden Hurdle"	"3"	"8"	"Hamilton, Jamie"	"Walford, Mark"
"18:00:00"	"2024-01-11"	"Chelmsford City"	"Lumberjack"	"33.00"	"70"	"Handicap"	"9"	"9"	"Queally, T P"	"Durack, S"
"15:50:00"	"2024-01-11"	"Southwell"	"Molly Mischief"	"33.00"	"39.48"	"Handicap"	"2"	"8"	"Edmunds, Lewis"	"Candlish, Jennie"
"15:20:00"	"2024-01-11"	"Clonmel"	"Coillte Aris (IRE)"	"3.00"	"4.6"	"Handicap Hurdle"	"5"	"12"	"Donoghue, K M"	"Carey, Gerard"
"15:15:00"	"2024-01-11"	"Southwell"	"Freewheelin"	"25.00"	"37.93"	"Handicap"	"5"	"7"	"Winn, Mark"	"Norton, J R"
"14:10:00"	"2024-01-11"	"Clonmel"	"Dreamz (IRE)"	"20.00"	"40.4"	"Maiden Hurdle"	"9"	"14"	"Shinnick, J P"	"OBrien, Terence"
"14:05:00"	"2024-01-11"	"Southwell"	"Innse Gall"	"10.00"	"12"	"Handicap"	"7"	"10"	"Eaves, Tom"	"Lidster, Craig"
"14:05:00"	"2024-01-11"	"Southwell"	"Smalleytime (IRE)"	"150.00"	"234.77"	"Handicap"	"10"	"10"	"Breslin, Andrew"	"Haslam, B M R"
"13:20:00"	"2024-01-11"	"Catterick"	"My Girl Lollipop (IRE)"	"20.00"	"25.96"	"Handicap Novices Chase"	"PU"	"11"	"Quinlan, Jack"	"Case, B I"
"12:10:00"	"2024-01-11"	"Catterick"	"Vallamorey"	"8.00"	"11.41"	"Maiden Hurdle"	"PU"	"13"	"England, Jonathan"	"England, Sam"
"19:30:00"	"2024-01-10"	"Kempton"	"Stenatee (FR)"	"33.00"	"140"	"Novices"	"7"	"8"	"Whelan, Trevor"	"West, Adam"
"19:00:00"	"2024-01-10"	"Kempton"	"Dandy Sands (IRE)"	"9.00"	"12.78"	"Handicap"	"4"	"6"	"Hornby, Rob"	"Sangster, Ollie"
"18:00:00"	"2024-01-10"	"Kempton"	"Hildenley"	"14.00"	"20.23"	"Handicap"	"12"	"12"	"Hornby, Rob"	"Best, Jim/Suzi"
"17:30:00"	"2024-01-10"	"Kempton"	"Lupset Flossy Pop (IRE)"	"5.00"	"6.93"	"Non-Handicap"	"2"	"11"	"Stott, Kevin"	"Brown, G"
"17:30:00"	"2024-01-10"	"Kempton"	"Profitar Rules (IRE)"	"9.00"	"14"	"Non-Handicap"	"4"	"11"	"Edmunds, Lewis"	"Teal, R A"
"16:25:00"	"2024-01-10"	"Kempton"	"Rhasidat (IRE)"	"11.00"	"13.78"	"Handicap"	"1"	"11"	"Ryan, Rossa"	"Newland, Dr R D P"
"15:50:00"	"2024-01-10"	"Leicester"	"Hara Kiri (FR)"	"16.00"	"24.2"	"Handicap Hurdle"	"3"	"12"	"Gregory, Fergus"	"Murphy, Olly"
"15:35:00"	"2024-01-10"	"Doncaster"	"Lallier (FR)"	"150.00"	"688.12"	"Maiden NH Flat"	"13"	"18"	"Cobden, Harry"	"Dunnett, Mrs C A"
"14:15:00"	"2024-01-10"	"Leicester"	"Kalkas (FR)"	"40.00"	"42"	"Handicap Chase"	"6"	"7"	"Bannister, Harry A A"	"Aprahamian, Billy"
"20:30:00"	"2024-01-09"	"Southwell"	"Crocodile Power (IRE)"	"11.00"	"15.34"	"Handicap"	"4"	"9"	"Swift, Mr Dale"	"Spencer, Seb"
"20:00:00"	"2024-01-09"	"Southwell"	"Dazamay"	"66.00"	"158.58"	"Non-Handicap"	"10"	"11"	"Shepherd, Callum"	"Barclay, Stella"
"14:40:00"	"2024-01-09"	"Market Rasen"	"Thatll Be The Day (IRE)"	"7.50"	"9.14"	"Handicap Chase"	"5"	"6"	"Brace, Connor"	"Brace, D"
"14:40:00"	"2024-01-09"	"Market Rasen"	"Nordano (GER)"	"25.00"	"29.88"	"Handicap Chase"	"6"	"6"	"Stones, Lewis"	"Fryer, Miss C"
"14:10:00"	"2024-01-09"	"Market Rasen"	"Peejaybee (FR)"	"2.75"	"4.03"	"Handicap Novices Chase"	"4"	"5"	"Obrien, P V"	"Bowen, Peter / Michael"
"13:40:00"	"2024-01-09"	"Market Rasen"	"G A Henty"	"2.25"	"3.5"	"Maiden Hurdle"	"2"	"7"	"Skelton, Harry"	"Skelton, Daniel"
"19:00:00"	"2024-01-08"	"Newcastle"	"Rogue De Vega"	"100.00"	"189.28"	"Handicap"	"7"	"11"	"Hardie, Cameron"	"Brittain, Antony"
"17:00:00"	"2024-01-08"	"Newcastle"	"Coligone Kate"	"6.50"	"8.2"	"Handicap"	"7"	"9"	"Marshall, Tom Kiely"	"Camacho, Miss J A"
"16:30:00"	"2024-01-08"	"Newcastle"	"Buzz Box"	"18.00"	"18.79"	"Novices"	"1"	"12"	"Breslin, Andrew"	"Smart, B"
"16:05:00"	"2024-01-08"	"Taunton"	"Sevenofus (IRE)"	"33.00"	"51.43"	"Handicap Hurdle"	"8"	"13"	"Nolan, Michael G"	"Gray, C J"
"15:30:00"	"2024-01-08"	"Taunton"	"Django (FR)"	"66.00"	"110"	"Hunters Chase"	"2"	"11"	"Robinson, Immy"	"Collins, Miss V"
"15:30:00"	"2024-01-08"	"Taunton"	"Great Dange (FR)"	"100.00"	"181.63"	"Hunters Chase"	"PU"	"11"	"Osborne, Myles"	"Osborne, M"
"15:30:00"	"2024-01-08"	"Taunton"	"The Big Lense (IRE)"	"22.00"	"34.81"	"Hunters Chase"	"PU"	"11"	"Chadwick, Alex"	"Owen, Mrs J"
"15:00:00"	"2024-01-08"	"Taunton"	"Getalead (IRE)"	"80.00"	"147.63"	"Handicap Hurdle"	"7"	"12"	"Carver, Bryan"	"Pickard, Kevin"
"15:00:00"	"2024-01-08"	"Taunton"	"Zoffee"	"4.50"	"8.69"	"Handicap Hurdle"	"11"	"12"	"Bowen, James C"	"Murphy, Olly"
"13:25:00"	"2024-01-08"	"Taunton"	"Shakeyatailfeather (IRE)"	"200.00"	"495.65"	"Maiden Hurdle"	"4"	"14"	"Gillard, Fergus"	"Skelton, Daniel"
"12:55:00"	"2024-01-08"	"Taunton"	"Come On Paddy Mac (IRE)"	"100.00"	"700"	"Novices Hurdle"	"9"	"11"	"Twiston-Davies, Sam"	"Mulholland, N P"
"20:00:00"	"2024-01-07"	"Wolverhampton"	"Ok Pal"	"33.00"	"36"	"Handicap"	"8"	"12"	"Marsh, Finley"	"Wintle, A"
"19:30:00"	"2024-01-07"	"Wolverhampton"	"Moon Flight (IRE)"	"5.00"	"6.38"	"Handicap"	"2"	"10"	"Jakes, Tommie"	"Perratt, Miss L A"
"19:30:00"	"2024-01-07"	"Wolverhampton"	"Kimifive (IRE)"	"100.00"	"248.95"	"Handicap"	"10"	"10"	"Rooke, George"	"Gardner, Mrs S"
"18:00:00"	"2024-01-07"	"Wolverhampton"	"Golden Keeper"	"100.00"	"280"	"Handicap"	"9"	"11"	"Catton, Luke"	"Lund, B V"
"13:45:00"	"2024-01-07"	"Plumpton"	"Cant Buy Time (IRE)"	"300.00"	"1000"	"Novices Hurdle"	"6"	"7"	"Worsley, Tabitha"	"Woods, Mrs Cynthia"
"20:00:00"	"2024-01-06"	"Southwell"	"Ney (IRE)"	"1.50"	"2.74"	"Non-Handicap"	"3"	"10"	"Rawlinson, Ali"	"Brooke, Daniel"
"18:00:00"	"2024-01-06"	"Southwell"	"Dr Rio (FR)"	"6.00"	"7.6"	"Handicap"	"8"	"11"	"Wheatley, Zak"	"Carroll, D"
"13:40:00"	"2024-01-06"	"Newcastle"	"Whosmydaddy (IRE)"	"25.00"	"56.95"	"Novices Hurdle"	"10"	"14"	"Mania, Ryan"	"Thomson, A M"
"12:30:00"	"2024-01-06"	"Newcastle"	"Champ De Gane (FR)"	"6.00"	"8.6"	"Handicap Novices Chase"	"PU"	"4"	"Coltherd, Sam W"	"Coltherd, W S"
"19:00:00"	"2024-01-05"	"Wolverhampton"	"The Resdev Way"	"7.50"	"10.5"	"Handicap"	"2"	"9"	"Mason, Joanna"	"Easterby, M W"
"17:30:00"	"2024-01-05"	"Wolverhampton"	"Cervetto (IRE)"	"25.00"	"55"	"Maiden"	"5"	"9"	"Strydom, Kyle"	"Cunha, Dylan"
"17:30:00"	"2024-01-05"	"Wolverhampton"	"Al Muqdad"	"20.00"	"25.57"	"Maiden"	"8"	"9"	"Winn, Mark"	"OMeara, D"
"16:30:00"	"2024-01-05"	"Wolverhampton"	"Destinado"	"6.50"	"7.88"	"Handicap"	"1"	"10"	"Keeley, Aidan"	"Owen, J P"
"16:30:00"	"2024-01-05"	"Wolverhampton"	"Angel Of Antrim (IRE)"	"4.50"	"5.72"	"Handicap"	"9"	"10"	"Farragher, Adam J"	"Dunlop, E A L"
"15:32:00"	"2024-01-05"	"Southwell"	"Martin Spirit (IRE)"	"66.00"	"90.25"	"Handicap"	"6"	"11"	"Kirrane, Sean"	"West, Adam"
"15:32:00"	"2024-01-05"	"Southwell"	"Pub Crawl (IRE)"	"10.00"	"15.36"	"Handicap"	"7"	"11"	"Brookes, Aiden"	"Pipe, D E"
"15:32:00"	"2024-01-05"	"Southwell"	"Gordon Grey (IRE)"	"6.50"	"7.52"	"Handicap"	"9"	"11"	"Davies, Harry"	"Brookhouse, B"
"15:05:00"	"2024-01-05"	"Musselburgh"	"Texard (FR)"	"20.00"	"23.73"	"Handicap Chase"	"4"	"7"	"Armson, Philip"	"Armson, R J"
"13:00:00"	"2024-01-05"	"Ludlow"	"Hardi Du Mesnil (FR)"	"66.00"	"100"	"Handicap Novices Chase"	"PU"	"6"	"Gregory, Fergus"	"Waley-Cohen, R"
"12:45:00"	"2024-01-05"	"Musselburgh"	"Chosen Templar (IRE)"	"2.75"	"4.75"	"Maiden Hurdle"	"1"	"6"	"Burke, Jonathan"	"Jeffreys, D J"
"19:40:00"	"2024-01-04"	"Newcastle"	"Stormy Pearl"	"66.00"	"95.23"	"Handicap"	"7"	"12"	"Allan, David"	"Thompson, D W"
"19:40:00"	"2024-01-04"	"Newcastle"	"Golden Rainbow"	"22.00"	"32"	"Handicap"	"10"	"12"	"Rawlinson, Ali"	"Menzies, Rebecca"
"17:40:00"	"2024-01-04"	"Newcastle"	"Run Simba"	"40.00"	"190"	"Novices"	"7"	"7"	"Hardie, Cameron"	"Midgley, P T"
"15:48:00"	"2024-01-04"	"Lingfield"	"Gosmore"	"80.00"	"130"	"Handicap"	"9"	"9"	"Egan, John"	"Phelan, P M"
"15:37:00"	"2024-01-04"	"Newcastle"	"Ghadbbaan"	"25.00"	"33.26"	"Handicap"	"7"	"12"	"Hardie, Cameron"	"England, Sam"
"15:28:00"	"2024-01-04"	"Hereford"	"Dragoon Springs (IRE)"	"22.00"	"27"	"Handicap Hurdle"	"PU"	"11"	"Slatter, Mr N"	"McPherson, Graeme P"
"14:58:00"	"2024-01-04"	"Hereford"	"Len Brennan (IRE)"	"40.00"	"55.44"	"Handicap Chase"	"PU"	"8"	"Reed, Harry"	"Charlton, Anthony"
"14:28:00"	"2024-01-04"	"Hereford"	"Madame Pompadour"	"8.00"	"13.35"	"Maiden Hurdle"	"8"	"12"	"Bowen, James C"	"Henderson, N J"
"14:15:00"	"2024-01-04"	"Lingfield"	"Devore (IRE)"	"14.00"	"19.49"	"Handicap"	"8"	"9"	"Loughnane, Mr Billy"	"Loughnane, Daniel Mark"
"13:28:00"	"2024-01-04"	"Hereford"	"Maasai Mara"	"4.00"	"6.37"	"Maiden Hurdle"	"2"	"6"	"Scholfield, Nick"	"Oshea, J G M"
"13:28:00"	"2024-01-04"	"Hereford"	"Silverbridge"	"3.00"	"4.38"	"Maiden Hurdle"	"4"	"6"	"Nichol, Craig"	"Greenall, O / Guerriero, J"
"13:15:00"	"2024-01-04"	"Lingfield"	"Nasneen"	"20.00"	"22.99"	"Handicap"	"7"	"9"	"Shepherd, Callum"	"Appleby, M"
"12:45:00"	"2024-01-04"	"Lingfield"	"Stratocracy (IRE)"	"11.00"	"17.21"	"Handicap"	"7"	"8"	"Ryan, Rossa"	"Frost, Kevin"
"20:00:00"	"2024-01-03"	"Kempton"	"Zu Run"	"22.00"	"25.77"	"Handicap"	"6"	"11"	"Doyle, Hollie"	"Nicholls, Adrian"
"20:00:00"	"2024-01-03"	"Kempton"	"Royal Parade (IRE)"	"25.00"	"27.72"	"Handicap"	"11"	"11"	"Loughnane, Mr Billy"	"Kelleway, Miss Gay"
"17:30:00"	"2024-01-03"	"Kempton"	"Lovealot Bear (IRE)"	"150.00"	"375.53"	"Novices"	"1"	"13"	"Marsh, Finley"	"Evans, P D"
"20:00:00"	"2024-01-02"	"Wolverhampton"	"In The Giving (IRE)"	"100.00"	"293.47"	"Handicap"	"11"	"11"	"Sexton, Ryan"	"Midgley, P T"
"19:30:00"	"2024-01-02"	"Wolverhampton"	"Zola Power"	"8.00"	"10.16"	"Handicap"	"1"	"7"	"Rawlinson, Ali"	"Appleby, M"
"17:00:00"	"2024-01-02"	"Wolverhampton"	"Desert Swirl (IRE)"	"80.00"	"168.05"	"Non-Handicap"	"6"	"11"	"Mangan, Gina"	"French, Alex"
"13:45:00"	"2024-01-02"	"Ayr"	"Mr Josiey Wales (IRE)"	"18.00"	"22.98"	"Handicap Chase"	"5"	"6"	"Mulqueen, S"	"Russell, Miss Lucinda V"
"17:15:00"	"2024-01-01"	"Newcastle"	"Kitai (IRE)"	"50.00"	"63.32"	"Handicap"	"13"	"13"	"Winn, Mark"	"Appleby, M"
"16:45:00"	"2024-01-01"	"Newcastle"	"Gday Mate"	"33.00"	"46.47"	"Handicap"	"10"	"10"	"Rawlinson, Ali"	"Appleby, M"
"15:50:00"	"2024-01-01"	"Cheltenham"	"Don Rafael (IRE)"	"33.00"	"55.96"	"NH Flat"	"10"	"11"	"Wedge, Adam"	"Keighley, M"
"15:35:00"	"2024-01-01"	"Fairyhouse"	"Donnie Devito (IRE)"	"9.00"	"11"	"NH Flat"	"3"	"7"	"Harney, T P"	"OSullivan, Ross"
"15:30:00"	"2024-01-01"	"Musselburgh"	"Republican"	"1.25"	"2.32"	"Handicap Hurdle"	"1"	"7"	"Obrien, P V"	"Derham, Harry"
"15:20:00"	"2024-01-01"	"Exeter"	"Bolsover Bill (IRE)"	"2.50"	"3.81"	"Handicap Chase"	"1"	"10"	"Malzard, Victoria"	"Derham, Harry"
"15:20:00"	"2024-01-01"	"Exeter"	"Christopher Clive"	"125.00"	"272.69"	"Handicap Chase"	"PU"	"10"	"Poste, Ben J"	"Tickle, J"
"15:10:00"	"2024-01-01"	"Newcastle"	"West End Charmer (IRE)"	"28.00"	"33.12"	"Handicap"	"7"	"13"	"Hart, Jason"	"Johnston, Charlie"
"14:00:00"	"2024-01-01"	"Newcastle"	"Roberto Escobarr (IRE)"	"10.00"	"11.98"	"Handicap"	"4"	"11"	"Ghiani, Marco"	"Appleby, M"
"13:40:00"	"2024-01-01"	"Tramore"	"Therailwayman (IRE)"	"80.00"	"199.22"	"Handicap Hurdle"	"PU"	"10"	"McGarvey, J S"	"Hanlon, John Joseph"
"13:35:00"	"2024-01-01"	"Exeter"	"Iron Wings (FR)"	"28.00"	"65"	"Novices Hurdle"	"PU"	"10"	"Ring, C V"	"Williams, Evan"
"13:15:00"	"2024-01-01"	"Fairyhouse"	"Pay Later"	"2.75"	"5.6"	"Handicap Hurdle"	"11"	"16"	"OSullivan, Mr M J M"	"Sweeney, Jonathan"
"13:15:00"	"2024-01-01"	"Fairyhouse"	"Custers Mistake (IRE)"	"33.00"	"80"	"Handicap Hurdle"	"PU"	"16"	"Abernethy, C"	"Tumilty, Ross"
"13:00:00"	"2024-01-01"	"Exeter"	"Longshanks (IRE)"	"7.00"	"8.04"	"Handicap Hurdle"	"3"	"8"	"Godfrey, Ben"	"Woollacott, Mrs Kayley"
"12:35:00"	"2024-01-01"	"Musselburgh"	"Churchwarden (IRE)"	"5.50"	"7.65"	"Hurdle"	"2"	"6"	"Harvey, A"	"McConnell, John C"
"12:30:00"	"2024-01-01"	"Tramore"	"The Grey Falco (FR)"	"28.00"	"39.01"	"Handicap Hurdle"	"9"	"9"	"Sugrue, R"	"Cooper, Thomas"
"12:25:00"	"2024-01-01"	"Exeter"	"Royal Sam"	"16.00"	"19"	"Handicap Novices Chase"	"5"	"7"	"Best, J A"	"Blake, Michael"
"12:20:00"	"2024-01-01"	"Cheltenham"	"Peaky Boy (IRE)"	"1.63"	"2.8"	"Maiden Hurdle"	"1"	"6"	"Bowen, James C"	"Henderson, N J"
"12:10:00"	"2024-01-01"	"Fairyhouse"	"Justmadeit (IRE)"	"28.00"	"65"	"Hurdle"	"3"	"5"	"Meyler, D"	"Hogan, Denis Gerard"
"12:00:00"	"2024-01-01"	"Tramore"	"Boldog (FR)"	"5.00"	"9.95"	"Maiden Hurdle"	"1"	"14"	"Slevin, J J"	"OBrien, Joseph Patrick"
 