RTime	Date	track	Qualifier	Odds_Numeric	Odds_Exchange	Race_Type	Position	Runners	Jockey	Trainer	
"17:05:00"	"2026-07-29"	"Galway"	"Mr Erwitt (IRE)"	"250.00"	"1000"	"Maiden Hurdle"	"PU"	"20"	"Stone-Walsh, C"	"OBrien, V T"
"16:00:00"	"2026-07-12"	"Sligo"	"Poppycon (IRE)"	"10.00"	"13.6"	"Handicap Hurdle"	"2"	"15"	"Enright, P T"	"Doyle, Eoin"
"15:25:00"	"2026-07-12"	"Sligo"	"Las Brisas Boy (IRE)"	"10.00"	"15.52"	"Handicap Hurdle"	"2"	"14"	"Buckley, Tom"	"Buckley, Edward"
"13:10:00"	"2026-07-12"	"Sligo"	"Pebble Island"	"2.50"	"3.9"	"Maiden Hurdle"	"4"	"11"	"OBrien, P M"	"McConnell, John C"
"18:58:00"	"2026-07-02"	"Limerick"	"Whatafoolbelieves (IRE)"	"50.00"	"100"	"Handicap Hurdle"	"11"	"18"	"Kidd, D A"	"McConnell, John C"
"18:58:00"	"2026-07-02"	"Limerick"	"U Asking Me (IRE)"	"33.00"	"72.46"	"Handicap Hurdle"	"12"	"18"	"Slevin, J J"	"Doyle, Eoin"
"19:42:00"	"2026-06-15"	"Kilbeggan"	"Lisnamult Lad (IRE)"	"11.00"	"15"	"Handicap Hurdle"	"PU"	"12"	"Buckley, Kieran"	"Donoghue, Ian"
"17:12:00"	"2026-06-15"	"Kilbeggan"	"Ol Man Dingle (IRE)"	"3.50"	"5"	"Handicap Chase"	"1"	"10"	"OCallaghan, Shane"	"Griffin, Eoin"
"17:00:00"	"2026-05-31"	"Kilbeggan"	"Bridies Beau (IRE)"	"6.50"	"10.79"	"Handicap Chase"	"PU"	"11"	"Donoghue, K M"	"Cromwell, Gavin Patrick"
"15:26:00"	"2026-05-31"	"Kilbeggan"	"Rajjnatin (IRE)"	"6.50"	"8.6"	"Handicap Hurdle"	"4"	"14"	"Stone-Walsh, C"	"Donoghue, Ian"
"14:26:00"	"2026-05-31"	"Kilbeggan"	"Imarajan (IRE)"	"12.00"	"14.2"	"Maiden Hurdle"	"2"	"14"	"Cody, Mr P J"	"Doyle, Eoin"
"20:00:00"	"2026-05-30"	"Tramore"	"Thiscouldbetheone (IRE)"	"1.25"	"2.24"	"Maiden Hurdle"	"3"	"13"	"Walsh, M P"	"Brassil, Martin"
"20:00:00"	"2026-05-30"	"Tramore"	"Headcorn (IRE)"	"33.00"	"55"	"Maiden Hurdle"	"8"	"13"	"Donovan, Philip"	"Phillips, Michael John"
"19:30:00"	"2026-05-30"	"Tramore"	"Liberated Light (IRE)"	"6.00"	"8.04"	"Handicap Hurdle"	"1"	"15"	"Gleeson, Mr J L"	"Kiely, J E and Thomas"
"19:35:00"	"2026-05-08"	"Downpatrick"	"My Good Pal (IRE)"	"5.00"	"8.79"	"Handicap Chase"	"2"	"11"	"Coonan, Mr B M"	"Cromwell, Gavin Patrick"
"19:35:00"	"2026-05-08"	"Downpatrick"	"Person Of Interest (IRE)"	"10.00"	"15.5"	"Handicap Chase"	"BD"	"11"	"Hanlon, Mr P"	"Hanlon, John Joseph"
"14:10:00"	"2026-05-04"	"Down Royal"	"Harley Street (IRE)"	"11.00"	"16"	"Handicap Hurdle"	"15"	"20"	"Smith, Mr James"	"Donoghue, Ian"
"19:10:00"	"2026-05-01"	"Punchestown"	"Tatateo (IRE)"	"50.00"	"90"	"Handicap Hurdle"	"PU"	"24"	"Williamson, Mr J H"	"Hogan, Denis Gerard"
"16:50:00"	"2026-04-30"	"Punchestown"	"The King Of Prs (IRE)"	"40.00"	"85"	"Handicap Chase"	"PU"	"20"	"Donoghue, K M"	"Cromwell, Gavin Patrick"
"18:05:00"	"2026-04-28"	"Punchestown"	"Marine Nationale (IRE)"	"2.75"	"3.84"	"Chase"	"2"	"5"	"Flanagan, S W"	"Connell, B"
"14:30:00"	"2026-04-28"	"Punchestown"	"Empire Soldier (IRE)"	"33.00"	"43.45"	"Hunters Chase"	"PU"	"9"	"Cotter, Mr S"	"Murphy, Denis Paul"
"16:50:00"	"2026-04-24"	"Kilbeggan"	"Jazz Forever (IRE)"	"40.00"	"85.95"	"Handicap Hurdle"	"11"	"14"	"Gilligan, D J"	"Flynn, Paul W"
"16:50:00"	"2026-04-24"	"Kilbeggan"	"Spinning Web (IRE)"	"12.00"	"21"	"Handicap Hurdle"	"12"	"14"	"Mullins, D E"	"Mullins, Ms Margaret"
"16:50:00"	"2026-04-24"	"Kilbeggan"	"Mcloughlin (IRE)"	"33.00"	"69.95"	"Handicap Hurdle"	"PU"	"14"	"Stone-Walsh, C"	"Cromwell, Gavin Patrick"
"19:42:00"	"2026-04-20"	"Tramore"	"Roman Parish (IRE)"	"100.00"	"538.82"	"Hunters Chase"	"10"	"13"	"Grant, Ms J E"	"OBrien, David M"
"16:10:00"	"2026-04-20"	"Tramore"	"Desert Cave (IRE)"	"7.00"	"8.29"	"Claimer Hurdle"	"5"	"7"	"Williamson, Mr J H"	"Donoghue, Ian"
"16:30:00"	"2026-04-16"	"Limerick"	"Diamond Island (IRE)"	"9.00"	"14.99"	"Handicap Hurdle"	"PU"	"14"	"Buckley, Kieran"	"Buckley, Edward"
"15:20:00"	"2026-04-16"	"Limerick"	"Uptaurintop (IRE)"	"5.00"	"8.72"	"Handicap Hurdle"	"3"	"14"	"Kennedy, J W"	"OSullivan, Eugene M"
"18:42:00"	"2026-04-14"	"Clonmel"	"Pinot Gris (IRE)"	"2.00"	"3.25"	"Beginners Chase"	"4"	"9"	"OKeeffe, Darragh"	"Bromhead, Henry De"
"16:37:00"	"2026-04-14"	"Clonmel"	"Little John (IRE)"	"50.00"	"260.38"	"Maiden Hurdle"	"6"	"17"	"Kenneally, Michael"	"Motherway, C"
"14:30:00"	"2026-04-12"	"Down Royal"	"Boston Fire (IRE)"	"50.00"	"120"	"Handicap Hurdle"	"PU"	"11"	"Kennedy, B P"	"Maher, Peter"
"17:40:00"	"2026-04-06"	"Fairyhouse"	"Barry Lyndon (IRE)"	"14.00"	"21"	"Handicap Chase"	"3"	"17"	"OBrien, P M"	"McLoughlin, D A"
"17:40:00"	"2026-04-06"	"Fairyhouse"	"Ayiko"	"12.00"	"19.06"	"Handicap Chase"	"PU"	"17"	"Bowen, James C"	"Crawford, S R B"
"15:50:00"	"2026-04-06"	"Fairyhouse"	"Slade Steel (IRE)"	"6.00"	"8.45"	"Hurdle"	"1"	"10"	"OKeeffe, Darragh"	"Bromhead, Henry De"
"15:15:00"	"2026-04-06"	"Fairyhouse"	"Buachaillbocht"	"18.00"	"32.61"	"Handicap Hurdle"	"3"	"15"	"Walsh, M P"	"Walsh, T M"
"15:35:00"	"2026-04-05"	"Cork"	"Thegraveyardbookie (IRE)"	"33.00"	"55"	"Handicap Hurdle"	"PU"	"16"	"Noonan, G B"	"McNamara, E"
"17:00:00"	"2026-04-04"	"Fairyhouse"	"Zillow"	"22.00"	"48.93"	"Handicap Hurdle"	"15"	"18"	"McGuinness, Miss A"	"Mullins, W P"
"15:15:00"	"2026-04-04"	"Fairyhouse"	"Beggars Rock (IRE)"	"20.00"	"32"	"Handicap Chase"	"6"	"17"	"Phillips, Ms H"	"Donoghue, Ian"
"15:52:00"	"2026-03-29"	"Downpatrick"	"Midleton Rare (IRE)"	"12.00"	"17.5"	"Handicap Hurdle"	"4"	"10"	"Kennedy, J W"	"Donoghue, Ian"
"17:00:00"	"2026-03-19"	"Cork"	"Mistyburn (IRE)"	"14.00"	"19"	"Handicap Hurdle"	"3"	"11"	"Elvin, Miss P"	"Rothwell, P J"
"17:00:00"	"2026-03-19"	"Cork"	"Reve Inoui (IRE)"	"50.00"	"85"	"Handicap Hurdle"	"PU"	"11"	"Bradik, Mr Pavel"	"Flavin, J P"
"15:45:00"	"2026-02-18"	"Punchestown"	"Small Town Hero (IRE)"	"2.25"	"3.7"	"Handicap Hurdle"	"2"	"5"	"Dunne, Mr J"	"Donoghue, Ian"
"14:30:00"	"2026-02-14"	"Gowran Park"	"Whatsavailable (IRE)"	"33.00"	"55"	"Handicap Hurdle"	"5"	"14"	"Brouder, Gavin"	"Morris, M F"
"15:55:00"	"2026-02-10"	"Limerick"	"Glens Sensation (IRE)"	"18.00"	"26.52"	"Handicap Hurdle"	"PU"	"12"	"Gilligan, Jack G"	"Gilligan, Paul John"
"16:02:00"	"2026-02-05"	"Thurles"	"Justicialism (IRE)"	"33.00"	"43.04"	"Handicap Hurdle"	"PU"	"17"	"Stone-Walsh, C"	"Kelly, Noel C"
"13:42:00"	"2026-02-05"	"Thurles"	"Fenway Park (IRE)"	"33.00"	"58.33"	"Handicap Chase"	"PU"	"16"	"Hayes, Brian"	"McNamara, Andrew"
"15:30:00"	"2026-02-03"	"Fairyhouse"	"Patsys Pride (IRE)"	"66.00"	"100.71"	"Handicap Hurdle"	"7"	"10"	"OBrien, P M"	"OConnell, Ms Claire"
"14:55:00"	"2026-02-03"	"Fairyhouse"	"Silver Salute (IRE)"	"16.00"	"32.63"	"Maiden Hurdle"	"9"	"14"	"Williamson, Mr J H"	"Donoghue, Ian"
"18:13:00"	"2025-08-25"	"Ballinrobe"	"Klassman (IRE)"	"8.00"	"12.29"	"Handicap Hurdle"	"7"	"11"	"Meyler, D"	"Nolan, Shane"
"18:55:00"	"2025-08-22"	"Kilbeggan"	"Container Madness (IRE)"	"12.00"	"18.6"	"Handicap Chase"	"F"	"13"	"Slevin, J J"	"Brassil, Martin"
"19:38:00"	"2025-08-20"	"Sligo"	"Captain P (IRE)"	"22.00"	"32"	"Handicap Hurdle"	"8"	"12"	"Staples, Mr E"	"Collins, C M"
"15:30:00"	"2025-08-17"	"Tramore"	"Nohilltoosteep (IRE)"	"40.00"	"92.61"	"Maiden Hurdle"	"4"	"7"	"OSullivan, Mr E M"	"Barcoe, James M"
"20:25:00"	"2025-08-11"	"Ballinrobe"	"Damoso (IRE)"	"40.00"	"99.61"	"Handicap Hurdle"	"7"	"16"	"Torrens, Simon"	"Rothwell, P J"
"14:47:00"	"2025-08-10"	"Downpatrick"	"Catena Zapata (IRE)"	"11.00"	"14.87"	"Hurdle"	"1"	"4"	"Ewing, Sam"	"Donoghue, Ian"
"20:00:00"	"2025-08-05"	"Roscommon"	"Il Silenzio"	"11.00"	"16"	"Handicap Chase"	"1"	"16"	"Doyle, R A"	"Brassil, Martin"
"19:30:00"	"2025-08-05"	"Roscommon"	"Its Never Simple (IRE)"	"16.00"	"22"	"Handicap Chase"	"1"	"16"	"Doyle, R A"	"Brassil, Martin"
"19:30:00"	"2025-08-05"	"Roscommon"	"Malton Groove (IRE)"	"12.00"	"18.96"	"Handicap Chase"	"13"	"16"	"McGill, Mr D"	"McLoughlin, D A"
"14:30:00"	"2025-08-04"	"Cork"	"Meteor Storm"	"66.00"	"196.1"	"Handicap Hurdle"	"14"	"17"	"Deegan, R"	"OSullivan, Eugene M"
"14:00:00"	"2025-08-04"	"Cork"	"Fascinating Shadow (IRE)"	"20.00"	"30"	"Handicap Hurdle"	"7"	"9"	"Mullins, D E"	"Hanlon, John Joseph"
"15:12:00"	"2025-08-02"	"Galway"	"Golden Temple (IRE)"	"66.00"	"202.24"	"Handicap Hurdle"	"19"	"20"	"Ewing, Sam"	"Meade, Noel"
"18:40:00"	"2025-07-30"	"Galway"	"Sea Music (IRE)"	"10.00"	"14"	"Handicap Chase"	"5"	"22"	"Meyler, D"	"Mullins, Emmet"
"20:15:00"	"2025-07-25"	"Kilbeggan"	"Peckham Springs (IRE)"	"12.00"	"15.39"	"Handicap Chase"	"11"	"13"	"OHanlon, P J"	"McLoughlin, D A"
"15:48:00"	"2025-07-15"	"Downpatrick"	"Benz (IRE)"	"66.00"	"205.31"	"Handicap Hurdle"	"4"	"13"	"OConnor, M P"	"Watson, R K"
"16:10:00"	"2025-07-13"	"Sligo"	"Lucky Jack (IRE)"	"28.00"	"60.15"	"Handicap Hurdle"	"12"	"16"	"Monaghan, Caragh"	"Donoghue, Ian"
"13:50:00"	"2025-07-13"	"Sligo"	"Tribal Moon (IRE)"	"10.00"	"14.97"	"Maiden Hurdle"	"11"	"13"	"Slevin, J J"	"Murphy, Daniel"
"19:45:00"	"2025-07-11"	"Cork"	"Tag Man (IRE)"	"8.00"	"11.18"	"Hurdle"	"4"	"6"	"OConnor, M P"	"Bromhead, Henry De"
"19:43:00"	"2025-07-07"	"Roscommon"	"Killala Bay (IRE)"	"33.00"	"65"	"Handicap Hurdle"	"PU"	"16"	"King, D"	"Flynn, Paul W"
"15:50:00"	"2025-06-15"	"Downpatrick"	"Run For Harry (IRE)"	"18.00"	"19.01"	"Handicap Hurdle"	"2"	"9"	"Buckley, Kieran"	"Callaghan, Mrs G"
"19:28:00"	"2025-06-10"	"Sligo"	"Politicise (IRE)"	"50.00"	"105.18"	"Handicap Hurdle"	"14"	"15"	"Bowman, C A"	"Collins, C M"
"18:58:00"	"2025-06-10"	"Sligo"	"Whos In Midfield (IRE)"	"14.00"	"21"	"Handicap Hurdle"	"12"	"16"	"Condon, R J"	"Ryder, Shane Kieran"
"15:45:00"	"2025-06-08"	"Punchestown"	"Twelve Tribes (IRE)"	"300.00"	"1000"	"Maiden Hurdle"	"PU"	"15"	"Buckley, Kieran"	"McConnell, John C"
"13:30:00"	"2025-06-08"	"Punchestown"	"No Time To Wait (IRE)"	"6.50"	"10.5"	"Novices Chase"	"2"	"5"	"Brouder, Gavin"	"McConnell, John C"
"16:10:00"	"2025-06-07"	"Punchestown"	"Knockraha Eagle (IRE)"	"33.00"	"70"	"Handicap Hurdle"	"10"	"20"	"OHanlon, P J"	"Donoghue, Ian"
"15:40:00"	"2025-06-07"	"Punchestown"	"Trooper Lewis (IRE)"	"100.00"	"465.02"	"Maiden Hurdle"	"15"	"21"	"McKenna, Liam"	"Blake, Ms M Dowdall"
"15:17:00"	"2025-06-01"	"Kilbeggan"	"Silent Dawn (IRE)"	"6.00"	"8.29"	"Handicap Hurdle"	"PU"	"14"	"Meyler, D"	"Murray, Adrian"
"18:42:00"	"2025-05-29"	"Limerick"	"Tea It Is (IRE)"	"16.00"	"24.46"	"Handicap Hurdle"	"7"	"16"	"King, D"	"Hogan, Denis Gerard"
"18:48:00"	"2025-05-15"	"Clonmel"	"Walk Away Harry (IRE)"	"6.00"	"9.6"	"Handicap Hurdle"	"10"	"12"	"Brouder, Gavin"	"OConnor, Ian"
"17:30:00"	"2025-05-13"	"Sligo"	"Monnow Valley"	"150.00"	"477.69"	"Maiden Hurdle"	"6"	"13"	"Moore, Niall"	"Cluskey, P"
"19:42:00"	"2025-05-09"	"Downpatrick"	"Hit The Frame"	"8.00"	"10.84"	"Handicap Chase"	"11"	"11"	"OKeeffe, Darragh"	"Flavin, J P"
"17:25:00"	"2025-05-09"	"Downpatrick"	"Technology (IRE)"	"6.00"	"9.77"	"Handicap Hurdle"	"7"	"11"	"Harvey, Mr B W"	"McConnell, John C"
"16:50:00"	"2025-05-03"	"Punchestown"	"Ephesus (IRE)"	"100.00"	"561.13"	"Hurdle"	"UR"	"12"	"King, D"	"Hogan, Denis Gerard"
"18:00:00"	"2025-05-01"	"Punchestown"	"Crambo"	"16.00"	"20.53"	"Hurdle"	"7"	"11"	"Burke, Jonathan"	"OBrien, Fergal"
"14:30:00"	"2025-04-30"	"Punchestown"	"American Sniper (IRE)"	"22.00"	"38.39"	"Handicap Hurdle"	"6"	"25"	"Bromley, Ben"	"Pipe, D E"
"15:15:00"	"2025-04-21"	"Fairyhouse"	"Tranquil Sea (IRE)"	"18.00"	"25"	"Handicap Hurdle"	"4"	"14"	"Stone-Walsh, C"	"Nolan, Paul"
"13:15:00"	"2025-04-21"	"Cork"	"The Burrow (IRE)"	"28.00"	"110"	"Maiden Hurdle"	"5"	"18"	"McKenna, Liam"	"OGrady, E J"
"16:05:00"	"2025-04-13"	"Down Royal"	"Pied Piper"	"0.91"	"2.08"	"Beginners Chase"	"1"	"5"	"Gilligan, D J"	"Elliott, Gordon"
"14:00:00"	"2025-04-06"	"Fairyhouse"	"Smooth Gale (IRE)"	"200.00"	"1000"	"Maiden Hurdle"	"8"	"16"	"OKeeffe, Darragh"	"McCourt, T G"
"17:15:00"	"2025-03-30"	"Downpatrick"	"Drumcliff Bay (IRE)"	"8.50"	"12.09"	"Maiden Hunters Chase"	"UR"	"8"	"McParlan, Mr N"	"McNiff, Mark Michael"
"16:38:00"	"2025-03-23"	"Limerick"	"Toofareastiswest (IRE)"	"10.00"	"12.03"	"Handicap Chase"	"PU"	"11"	"Enright, P T"	"OGrady, A M"
"15:05:00"	"2025-03-15"	"Thurles"	"Malinas Glory (IRE)"	"12.00"	"15.5"	"Handicap Chase"	"10"	"13"	"Stone-Walsh, C"	"OGrady, A M"
"15:35:00"	"2025-02-24"	"Punchestown"	"Thegraveyardbookie (IRE)"	"8.00"	"10.17"	"Handicap Hurdle"	"7"	"12"	"McNamara, Conor"	"McNamara, E"
"15:20:00"	"2024-09-20"	"Downpatrick"	"The Empty Kettel (IRE)"	"11.00"	"14.5"	"Handicap Hurdle"	"9"	"13"	"Slevin, J J"	"Power, Gareth James"
"18:50:00"	"2024-09-18"	"Tramore"	"Ben Vrackie"	"16.00"	"21.43"	"Handicap Hurdle"	"10"	"16"	"Mullins, D E"	"OLeary, Mrs C"
"17:50:00"	"2024-09-18"	"Tramore"	"Peckham Springs (IRE)"	"28.00"	"55"	"Handicap Hurdle"	"11"	"13"	"Cleary, Mr Paddy"	"McLoughlin, D A"
"16:10:00"	"2024-09-18"	"Tramore"	"Shajak (IRE)"	"6.00"	"7.54"	"Beginners Chase"	"2"	"7"	"Gainford, Mr J C"	"Elliott, Gordon"
"17:30:00"	"2024-09-04"	"Kilbeggan"	"Camino Rock"	"8.00"	"11.89"	"Handicap Hurdle"	"1"	"7"	"Brouder, Gavin"	"Morris, M F"
"14:30:00"	"2024-08-26"	"Downpatrick"	"Nawraq (IRE)"	"25.00"	"37.08"	"Handicap Hurdle"	"9"	"9"	"Cleary, Mr Paddy"	"Smith, Kevin"
"18:40:00"	"2024-08-21"	"Sligo"	"Rideau Canal (IRE)"	"6.50"	"9.17"	"Handicap Hurdle"	"3"	"14"	"OKeeffe, Darragh"	"Foster, Mrs Denise"
"17:38:00"	"2024-08-21"	"Sligo"	"Fassbender (IRE)"	"8.00"	"11.13"	"Handicap Hurdle"	"13"	"13"	"Enright, P T"	"McNiff, Mark Michael"
"18:05:00"	"2024-08-16"	"Tramore"	"Mountain Port (IRE)"	"150.00"	"529.37"	"Maiden Hurdle"	"1"	"15"	"Cody, Mr P J"	"Purcell, Kieran"
"17:35:00"	"2024-08-16"	"Tramore"	"Corkbeg (IRE)"	"16.00"	"22.97"	"Handicap Chase"	"11"	"13"	"Quirke, Mr C M"	"Kelly, David Harry"
"19:50:00"	"2024-08-15"	"Tramore"	"Roman Parish (IRE)"	"10.00"	"13.86"	"Handicap Hurdle"	"4"	"16"	"Quirke, Mr C M"	"OBrien, David M"
"16:48:00"	"2024-08-11"	"Downpatrick"	"Gustavo Goodway (IRE)"	"12.00"	"17.37"	"Handicap Hurdle"	"7"	"15"	"Roche, T P"	"Rothwell, P J"
"14:48:00"	"2024-08-11"	"Downpatrick"	"The Big Chap (IRE)"	"16.00"	"22.61"	"Hurdle"	"3"	"8"	"Sexton, K C"	"Flynn, Paul W"
"19:00:00"	"2024-08-10"	"Kilbeggan"	"Cloughroe (IRE)"	"10.00"	"11.78"	"Handicap Chase"	"10"	"11"	"Gilligan, Jack G"	"Gilligan, Paul John"
"19:30:00"	"2024-08-06"	"Roscommon"	"How Decc (IRE)"	"20.00"	"31.78"	"Handicap Chase"	"PU"	"15"	"Donovan, Philip"	"Seymour, E"
"19:00:00"	"2024-08-06"	"Roscommon"	"Lope De Light"	"28.00"	"36"	"Beginners Chase"	"F"	"11"	"Brown, O R"	"Durkan, William"
"15:05:00"	"2024-08-05"	"Cork"	"Ed Brady (IRE)"	"200.00"	"707.1"	"Maiden Hurdle"	"PU"	"15"	"Gilligan, Jack G"	"Magnussen, M"
"19:10:00"	"2024-07-31"	"Galway"	"Life In The Park (IRE)"	"20.00"	"29.8"	"Handicap Chase"	"4"	"22"	"OConnor, M P"	"Bromhead, Henry De"
"15:50:00"	"2024-07-15"	"Downpatrick"	"Lake Manzaleh"	"100.00"	"181.72"	"Handicap Hurdle"	"13"	"14"	"McDonagh, Mark M"	"Griffin, Patrick"
"19:10:00"	"2024-07-08"	"Roscommon"	"Gamigin (IRE)"	"22.00"	"32"	"Handicap Hurdle"	"10"	"13"	"McGill, Mr O"	"Kelly, Noel C"
"17:00:00"	"2024-07-08"	"Roscommon"	"Attitash (IRE)"	"40.00"	"64.94"	"Claimer Hurdle"	"9"	"15"	"Monaghan, Caragh"	"Donoghue, Ian"
"20:15:00"	"2024-06-17"	"Kilbeggan"	"El Toro Rocco (IRE)"	"40.00"	"80"	"NH Flat"	"14"	"15"	"Gillen, Mr F J"	"Mullins, Emmet"
"17:45:00"	"2024-06-17"	"Kilbeggan"	"Robin Elite (IRE)"	"50.00"	"71.35"	"Handicap Hurdle"	"13"	"15"	"Byrnes, Mr P"	"OSullivan, Eugene M"
"17:15:00"	"2024-06-17"	"Kilbeggan"	"Chateau Elan (IRE)"	"10.00"	"14.5"	"Maiden Hurdle"	"8"	"14"	"Cribbin, I"	"OSullivan, Ross"
"14:00:00"	"2024-06-16"	"Downpatrick"	"Ollie La Ba Ba (IRE)"	"16.00"	"28.47"	"Maiden Hurdle"	"3"	"13"	"Noonan, G B"	"McCarthy, Eoin Christopher"
"16:35:00"	"2024-06-15"	"Downpatrick"	"Nuttorridge (IRE)"	"14.00"	"23.55"	"Handicap Chase"	"PU"	"13"	"Morgan, Hugh"	"McNiff, Mark Michael"
"15:25:00"	"2024-06-15"	"Downpatrick"	"Attitash (IRE)"	"7.00"	"10.4"	"Handicap Chase"	"5"	"11"	"Monaghan, Caragh"	"Donoghue, Ian"
"13:40:00"	"2024-06-15"	"Downpatrick"	"Gladiatorial (IRE)"	"16.00"	"23.35"	"Handicap Hurdle"	"9"	"10"	"Brouder, Gavin"	"Kelly, Noel C"
"17:48:00"	"2024-06-10"	"Roscommon"	"Ballykeel (IRE)"	"18.00"	"23.28"	"Handicap Chase"	"11"	"16"	"Coen, J"	"Elliott, Gordon"
"16:40:00"	"2024-06-09"	"Punchestown"	"Everglow"	"66.00"	"160"	"Handicap Hurdle"	"3"	"13"	"Buckley, Kieran"	"Donoghue, Ian"
"16:52:00"	"2024-06-08"	"Punchestown"	"Il Silenzio"	"11.00"	"15.21"	"Handicap Hurdle"	"7"	"17"	"Doyle, R A"	"Brassil, Martin"
"16:52:00"	"2024-06-08"	"Punchestown"	"Warrior Lion"	"28.00"	"65"	"Handicap Hurdle"	"12"	"17"	"Stone-Walsh, C"	"McCabe, Moses"
"14:20:00"	"2024-06-02"	"Kilbeggan"	"Shantou Show (IRE)"	"7.00"	"9.87"	"Novices Hurdle"	"5"	"6"	"Blackmore, Rachael"	"Cody, Patrick"
"17:30:00"	"2024-05-28"	"Ballinrobe"	"Cossack Chach (IRE)"	"3.00"	"4.59"	"Hurdle"	"2"	"8"	"Slevin, J J"	"OBrien, Joseph Patrick"
"17:35:00"	"2024-05-24"	"Downpatrick"	"Winding River (IRE)"	"5.00"	"6.72"	"Handicap Hurdle"	"2"	"15"	"Enright, P T"	"McKiernan, Oliver"
"18:55:00"	"2024-05-23"	"Limerick"	"Crowsatedappletart (IRE)"	"6.50"	"8.73"	"Handicap Chase"	"1"	"15"	"Fitzgerald, S"	"Winters, Michael"
"19:55:00"	"2024-05-17"	"Kilbeggan"	"Neveradullmoment (IRE)"	"5.00"	"7.02"	"Handicap Chase"	"6"	"12"	"Walsh, M P"	"Dempsey, J P"
"17:00:00"	"2024-05-17"	"Kilbeggan"	"Action Motion (IRE)"	"33.00"	"56.21"	"Handicap Hurdle"	"4"	"14"	"King, D"	"Hogan, Denis Gerard"
"17:05:00"	"2024-05-11"	"Cork"	"Red Coral House (IRE)"	"33.00"	"54.01"	"Handicap Hurdle"	"PU"	"18"	"McNamara, Conor"	"Cusack, Liam P"
"16:30:00"	"2024-05-11"	"Cork"	"Diamond Duke (IRE)"	"80.00"	"185.7"	"Maiden Hurdle"	"6"	"13"	"OKeeffe, Darragh"	"Morris, M F"
"18:50:00"	"2024-05-07"	"Ballinrobe"	"Roscomroe (IRE)"	"66.00"	"97.91"	"Handicap Hurdle"	"2"	"11"	"Maxwell, Dillon"	"Broderick, J P"
"18:50:00"	"2024-05-07"	"Ballinrobe"	"Bearwithmenow (IRE)"	"12.00"	"16"	"Handicap Hurdle"	"4"	"11"	"Morgan, Hugh"	"Flavin, J P"
"18:50:00"	"2024-05-07"	"Ballinrobe"	"U Asking Me (IRE)"	"8.50"	"12.61"	"Handicap Hurdle"	"PU"	"11"	"OCallaghan, Shane"	"Doyle, Eoin"
"17:25:00"	"2024-05-04"	"Punchestown"	"Catos Revenge (IRE)"	"66.00"	"223.4"	"Handicap Hurdle"	"18"	"23"	"OKeeffe, Sean F"	"Rothwell, P J"
"16:50:00"	"2024-05-04"	"Punchestown"	"Nurburgring (IRE)"	"5.00"	"7.73"	"Hurdle"	"3"	"10"	"Slevin, J J"	"OBrien, Joseph Patrick"
"17:25:00"	"2024-05-03"	"Punchestown"	"Jay Bee Why (IRE)"	"100.00"	"100"	"Hunters Chase"	"UR"	"14"	"Finn, Mr B"	"Ewing, Warren"
"18:50:00"	"2024-04-26"	"Downpatrick"	"Son Of Hypnos (IRE)"	"12.00"	"17.04"	"Handicap Chase"	"1"	"10"	"Smith, Mr James"	"Smith, Kevin"
"18:50:00"	"2024-04-26"	"Downpatrick"	"Attitash (IRE)"	"6.50"	"8.6"	"Handicap Chase"	"2"	"10"	"Monaghan, Caragh"	"Donoghue, Ian"
"18:50:00"	"2024-04-26"	"Downpatrick"	"Western Comandor (IRE)"	"7.00"	"9.6"	"Handicap Chase"	"6"	"10"	"OKeeffe, Darragh"	"McNamara, Andrew"
"17:50:00"	"2024-04-26"	"Downpatrick"	"Custers Mistake (IRE)"	"14.00"	"35.19"	"Handicap Hurdle"	"1"	"13"	"McGill, Mr D"	"Tumilty, Ross"
"17:20:00"	"2024-04-26"	"Downpatrick"	"Flashthelights (IRE)"	"9.00"	"16.26"	"Handicap Hurdle"	"3"	"15"	"Torrens, Simon"	"Kelly, Noel C"
"17:40:00"	"2024-04-22"	"Tramore"	"Brownstone (IRE)"	"4.50"	"6.28"	"Handicap Hurdle"	"1"	"16"	"Donoghue, K M"	"Donoghue, Ian"
"19:07:00"	"2024-04-19"	"Ballinrobe"	"Montys Way (IRE)"	"33.00"	"72.35"	"Handicap Hurdle"	"UR"	"11"	"Donoghue, K M"	"Stanley, George"
"17:00:00"	"2024-04-01"	"Fairyhouse"	"Dunboyne (IRE)"	"40.00"	"72.41"	"Handicap Chase"	"PU"	"20"	"Ewing, Sam"	"Elliott, Gordon"
"16:40:00"	"2024-03-31"	"Cork"	"Duffys Getaway (IRE)"	"12.00"	"21.85"	"Handicap Hurdle"	"4"	"7"	"OHanlon, P J"	"Rothwell, P J"
"15:55:00"	"2024-03-30"	"Fairyhouse"	"Routine Excellence (IRE)"	"20.00"	"30"	"Handicap Chase"	"3"	"8"	"Monaghan, Caragh"	"Cromwell, Gavin Patrick"
"14:35:00"	"2024-02-18"	"Punchestown"	"Street Value (IRE)"	"22.00"	"38.29"	"Handicap Chase"	"PU"	"15"	"Mullins, D E"	"Flavin, J P"
"18:30:00"	"2023-09-15"	"Ballinrobe"	"Itsalonglongroad"	"7.50"	"10.29"	"Handicap Chase"	"2"	"10"	"OCallaghan, Shane"	"Coakley, Charles"
"16:15:00"	"2023-09-15"	"Ballinrobe"	"Penny Jar (IRE)"	"7.50"	"11.83"	"Handicap Hurdle"	"4"	"14"	"OBrien, P M"	"Downey, P"
"16:15:00"	"2023-09-15"	"Ballinrobe"	"Courthill (IRE)"	"125.00"	"210"	"Handicap Hurdle"	"PU"	"14"	"Prendergast, Niall"	"Hallinan, Michael E"
"17:47:00"	"2023-09-08"	"Kilbeggan"	"Suile Ban (IRE)"	"18.00"	"22"	"Handicap Hurdle"	"6"	"15"	"Donovan, Philip"	"Joyce, Adrian Brendan"
"18:35:00"	"2023-09-01"	"Down Royal"	"Streets Of Doyen (IRE)"	"11.00"	"15"	"Hurdle"	"5"	"6"	"OKeeffe, Darragh"	"Gibney, Thomas"
"16:30:00"	"2023-08-28"	"Ballinrobe"	"Silver King (IRE)"	"3.50"	"5.76"	"Maiden Hurdle"	"2"	"14"	"Condon, R J"	"McKiernan, Oliver"
"18:45:00"	"2023-08-25"	"Kilbeggan"	"Pino Boy (IRE)"	"33.00"	"57.94"	"Handicap Chase"	"7"	"13"	"Condon, R J"	"Mooney, Mrs Ann"
"14:45:00"	"2023-08-20"	"Tramore"	"Peckham Springs (IRE)"	"9.00"	"12.53"	"Handicap Chase"	"5"	"11"	"OHanlon, P J"	"McLoughlin, D A"
"19:18:00"	"2023-08-18"	"Tramore"	"Sheephaven Flyer (IRE)"	"22.00"	"34.66"	"Handicap Hurdle"	"4"	"11"	"OKeeffe, Darragh"	"Bromhead, Henry De"
"18:49:00"	"2023-08-17"	"Tramore"	"Clever Currency (IRE)"	"14.00"	"18.27"	"Handicap Hurdle"	"4"	"11"	"Flanagan, S W"	"Flynn, Paul W"
"18:49:00"	"2023-08-17"	"Tramore"	"Pro Bono (IRE)"	"40.00"	"56.55"	"Handicap Hurdle"	"5"	"11"	"Donovan, Philip"	"Farrell, C W J"
"15:10:00"	"2023-08-13"	"Downpatrick"	"Fassbender (IRE)"	"11.00"	"12.78"	"Handicap Hurdle"	"2"	"13"	"Enright, P T"	"McNiff, Mark Michael"
"14:33:00"	"2023-08-07"	"Cork"	"War Correspondent (IRE)"	"3.00"	"4.05"	"Handicap Hurdle"	"11"	"11"	"Blackmore, Rachael"	"Cody, Patrick"
"17:05:00"	"2023-07-21"	"Kilbeggan"	"War God (IRE)"	"22.00"	"34.74"	"Handicap Hurdle"	"11"	"16"	"Owens, C"	"Donohoe, R"
"14:55:00"	"2023-06-17"	"Downpatrick"	"Our Jervis (IRE)"	"25.00"	"55"	"Handicap Hurdle"	"5"	"15"	"McGill, Mr O"	"Kelly, Noel C"
"19:25:00"	"2023-06-09"	"Clonmel"	"Clody Valley (IRE)"	"11.00"	"16.5"	"Handicap Chase"	"PU"	"11"	"Finn, Mr B"	"Doyle, Miss Elizabeth"
"20:00:00"	"2023-06-03"	"Tramore"	"Bear Claws (IRE)"	"10.00"	"13.73"	"Handicap Hurdle"	"9"	"12"	"McDonagh, Mark M"	"McNamara, E"
"19:30:00"	"2023-05-25"	"Limerick"	"Jetango (IRE)"	"66.00"	"92.37"	"Beginners Chase"	"9"	"14"	"Doyle, R A"	"Burke, W J"
"14:58:00"	"2023-05-06"	"Cork"	"Neveradullmoment (IRE)"	"1.88"	"3.45"	"Novices Hurdle"	"3"	"7"	"Torrens, Simon"	"Dempsey, J P"
"13:48:00"	"2023-05-06"	"Cork"	"Montys Rock (IRE)"	"50.00"	"139.4"	"Maiden Hurdle"	"4"	"16"	"Enright, P T"	"Doyle, Eoin"
"20:00:00"	"2023-05-05"	"Downpatrick"	"I Cant Remember (IRE)"	"40.00"	"69.99"	"Handicap Chase"	"PU"	"13"	"OCallaghan, Shane"	"McBratney, C A"
"18:48:00"	"2023-05-02"	"Ballinrobe"	"Keep em Lit (IRE)"	"5.00"	"8.4"	"Handicap Hurdle"	"SU"	"15"	"Gilligan, D J"	"Kelly, Muredach"
"14:35:00"	"2023-04-29"	"Punchestown"	"Grangeclare Native (IRE)"	"33.00"	"55"	"Chase"	"11"	"14"	"Enright, P T"	"McKiernan, Oliver"
"18:00:00"	"2023-04-28"	"Punchestown"	"High Definition (IRE)"	"12.00"	"20.41"	"Novices Hurdle"	"2"	"5"	"Slevin, J J"	"OBrien, Joseph Patrick"
"16:50:00"	"2023-04-27"	"Punchestown"	"Michaels Pick (IRE)"	"28.00"	"37.1"	"Chase"	"3"	"12"	"Walsh, E"	"Murphy, Ciaran"
"16:15:00"	"2023-04-27"	"Punchestown"	"Fighting Fit"	"22.00"	"49.11"	"Handicap Chase"	"PU"	"14"	"Dempsey, Luke"	"Dempsey, J P"
"15:40:00"	"2023-04-26"	"Punchestown"	"Sacchoandvanzetti (IRE)"	"33.00"	"79.22"	"Handicap Hurdle"	"9"	"25"	"OCallaghan, Shane"	"Queally, John"
"18:15:00"	"2023-04-17"	"Tramore"	"Oryx Hustler (IRE)"	"20.00"	"52.18"	"Beginners Chase"	"PU"	"14"	"Maxwell, C D"	"McLoughlin, D A"
"17:10:00"	"2023-04-16"	"Tramore"	"Itsalonglongroad"	"16.00"	"20.22"	"Handicap Chase"	"9"	"13"	"Flanagan, S W"	"Coakley, Charles"
"16:30:00"	"2023-04-08"	"Fairyhouse"	"Desertmore House (IRE)"	"33.00"	"67.44"	"Handicap Novices Hurdle"	"4"	"12"	"Doyle, R A"	"Brassil, Martin"
"14:50:00"	"2023-04-02"	"Downpatrick"	"Neigh Botha (IRE)"	"5.00"	"7.17"	"Handicap Hurdle"	"4"	"12"	"McGivern, Mr C"	"Elliott, Gordon"
"16:00:00"	"2023-03-30"	"Limerick"	"Teescomponentsyess (IRE)"	"12.00"	"13.5"	"Handicap Hurdle"	"2"	"11"	"Mullins, D E"	"Hanlon, John Joseph"
"16:35:00"	"2023-03-26"	"Limerick"	"Matties Mountain (IRE)"	"11.00"	"16"	"Handicap Novices Chase"	"4"	"6"	"OSullivan, Mr M J M"	"McCarthy, Eoin Christopher"
"15:15:00"	"2023-03-23"	"Cork"	"A Dublin Job (IRE)"	"8.00"	"13.5"	"Handicap Hurdle"	"11"	"13"	"OSullivan, Mr M J M"	"Murphy, Ciaran"
"14:05:00"	"2023-03-23"	"Cork"	"Montys Rock (IRE)"	"40.00"	"100"	"Maiden Hurdle"	"5"	"13"	"Enright, P T"	"Doyle, Eoin"
"13:20:00"	"2023-03-13"	"Thurles"	"Sevenna Star (IRE)"	"125.00"	"621.89"	"Beginners Chase"	"PU"	"15"	"Maxwell, Dillon"	"McNamara, Andrew"
"15:05:00"	"2023-02-23"	"Thurles"	"Clonbury Bridge (IRE)"	"5.00"	"8"	"Handicap Chase"	"PU"	"9"	"Dempsey, Luke"	"Dempsey, J P"
"14:10:00"	"2023-02-19"	"Punchestown"	"Notice To Close"	"9.00"	"13.04"	"Handicap Chase"	"8"	"12"	"Slevin, J J"	"Neville, Seamus"
"14:42:00"	"2022-09-30"	"Gowran Park"	"All The Angels"	"28.00"	"55.08"	"Handicap Hurdle"	"10"	"16"	"Deegan, R"	"McCarthy, Eoin Christopher"
"14:25:00"	"2022-09-26"	"Roscommon"	"Downthecellar (IRE)"	"14.00"	"18.32"	"Handicap Hurdle"	"4"	"16"	"Blackmore, Rachael"	"OGrady, E J"
"14:25:00"	"2022-09-16"	"Downpatrick"	"Rightful Mind"	"28.00"	"46"	"Handicap Hurdle"	"PU"	"15"	"OConnor, M P"	"McParlan, S"
"16:30:00"	"2022-09-02"	"Kilbeggan"	"Aghinagh (IRE)"	"50.00"	"75"	"Maiden Hurdle"	"5"	"11"	"ORegan, Denis"	"OLeary, Gerard"
"16:45:00"	"2022-08-29"	"Downpatrick"	"I Cant Remember (IRE)"	"18.00"	"27"	"Handicap Chase"	"5"	"9"	"Flanagan, S W"	"McBratney, C A"
"19:30:00"	"2022-08-22"	"Ballinrobe"	"Mizuma (IRE)"	"66.00"	"110"	"Beginners Chase"	"10"	"11"	"Deegan, R"	"Halley, Vincent Laurence"
"18:00:00"	"2022-08-22"	"Ballinrobe"	"Mr Brogue (IRE)"	"12.00"	"21.14"	"Handicap Hurdle"	"7"	"16"	"Landers, Cathal A"	"Braddish, S"
"18:00:00"	"2022-08-22"	"Ballinrobe"	"Ballycastle Brat (IRE)"	"40.00"	"50"	"Handicap Hurdle"	"14"	"16"	"Dwan, Mr E"	"Young, L"
"17:35:00"	"2022-08-19"	"Kilbeggan"	"Clever Currency (IRE)"	"28.00"	"43.21"	"Handicap Hurdle"	"10"	"15"	"Donoghue, K M"	"Flynn, Paul W"
"17:55:00"	"2022-08-17"	"Sligo"	"Stander (IRE)"	"66.00"	"141.27"	"Handicap Hurdle"	"11"	"14"	"McGrath, Mr D T"	"Watson, R K"
"15:25:00"	"2022-08-14"	"Tramore"	"Clody Valley (IRE)"	"11.00"	"14.5"	"Handicap Chase"	"2"	"11"	"Flanagan, S W"	"Doyle, Miss Elizabeth"
"15:25:00"	"2022-08-14"	"Tramore"	"Early Arrival (IRE)"	"40.00"	"62.44"	"Handicap Chase"	"9"	"11"	"OKeeffe, Sean F"	"Casey, Liam"
"19:30:00"	"2022-08-12"	"Tramore"	"Rocc On Eddie (IRE)"	"50.00"	"79.95"	"Handicap Hurdle"	"13"	"14"	"OKeeffe, Darragh"	"Budds, David Kenneth"
"20:00:00"	"2022-08-11"	"Tramore"	"Sheilas Spirit"	"40.00"	"77.56"	"Handicap Hurdle"	"13"	"15"	"Mullins, D E"	"Tobin, Paul"
"19:00:00"	"2022-08-11"	"Tramore"	"Ingleby Mackenzie"	"8.00"	"10"	"Handicap Hurdle"	"7"	"8"	"Blackmore, Rachael"	"Bromhead, Henry De"
"19:55:00"	"2022-08-08"	"Ballinrobe"	"Kilgorey (IRE)"	"33.00"	"49.61"	"Handicap Hurdle"	"12"	"14"	"OKeeffe, Sean F"	"Dunleavy, Mrs Y"
"18:55:00"	"2022-08-08"	"Ballinrobe"	"Wojood"	"25.00"	"34"	"Handicap Hurdle"	"1"	"15"	"King, D"	"Hogan, Denis Gerard"
"17:00:00"	"2022-08-07"	"Downpatrick"	"Utah (IRE)"	"66.00"	"150"	"Handicap Hurdle"	"PU"	"14"	"McKenna, Liam"	"Lambe, J J"
"17:20:00"	"2022-08-06"	"Kilbeggan"	"Saddle In The Rain (IRE)"	"150.00"	"570.04"	"Maiden Hurdle"	"11"	"14"	"Ryan, N J"	"Barry, D J"
"17:55:00"	"2022-08-02"	"Roscommon"	"Blue Markie (IRE)"	"66.00"	"160"	"Handicap Chase"	"10"	"12"	"Carberry, Peter"	"McNamara, Andrew"
"15:00:00"	"2022-08-01"	"Cork"	"Dixie Flyer (IRE)"	"9.00"	"14.6"	"Handicap Hurdle"	"6"	"12"	"Blackmore, Rachael"	"Bromhead, Henry De"
"14:30:00"	"2022-07-31"	"Galway"	"Ballyadam Destiny"	"16.00"	"27.81"	"Handicap Hurdle"	"4"	"16"	"Hogan, D G"	"Hogan, Denis Gerard"
"18:00:00"	"2022-07-29"	"Galway"	"Russian Diamond (IRE)"	"10.00"	"11.5"	"Handicap Chase"	"7"	"20"	"Meyler, D"	"Mullins, Emmet"
"17:05:00"	"2022-07-28"	"Galway"	"The Tide Turns"	"25.00"	"66.32"	"Handicap Hurdle"	"15"	"20"	"Ewing, Sam"	"Elliott, Gordon"
"17:40:00"	"2022-07-26"	"Galway"	"Patience Patience (IRE)"	"125.00"	"240"	"Beginners Chase"	"6"	"9"	"Maxwell, C D"	"Magnier, Jessica"
"19:45:00"	"2022-07-21"	"Limerick"	"Willaston (IRE)"	"8.00"	"12.95"	"Handicap Hurdle"	"2"	"15"	"James, Mr R"	"Lyons, Louise"
"19:30:00"	"2022-07-19"	"Ballinrobe"	"First Earl (IRE)"	"28.00"	"46"	"Handicap Hurdle"	"6"	"15"	"Condon, R J"	"Winters, Michael"
"19:30:00"	"2022-07-19"	"Ballinrobe"	"Calahill (IRE)"	"20.00"	"33.13"	"Handicap Hurdle"	"10"	"15"	"Gainford, Mr J C"	"Collins, C M"
"16:30:00"	"2022-07-19"	"Ballinrobe"	"Complete Fantasy (IRE)"	"16.00"	"30.91"	"Maiden Hurdle"	"10"	"15"	"Molloy, Michael Jack"	"Magee, Patrick"
"20:00:00"	"2022-06-14"	"Roscommon"	"Bear Claws (IRE)"	"12.00"	"15.14"	"Handicap Hurdle"	"4"	"10"	"McNamara, Conor"	"McNamara, E"
"20:00:00"	"2022-06-14"	"Roscommon"	"Craic Eile (IRE)"	"12.00"	"17.5"	"Handicap Hurdle"	"8"	"10"	"Quirke, Mr C M"	"Budds, David Kenneth"
"16:40:00"	"2022-06-12"	"Downpatrick"	"Red Striker (IRE)"	"7.50"	"11.38"	"Handicap Hurdle"	"SU"	"12"	"Maxwell, Dillon"	"McNamara, Andrew"
"14:20:00"	"2022-06-11"	"Downpatrick"	"Peckham Springs (IRE)"	"6.50"	"9.1"	"Handicap Hurdle"	"1"	"12"	"OHanlon, P J"	"McLoughlin, D A"
"16:25:00"	"2022-06-05"	"Kilbeggan"	"Hammersmith (IRE)"	"25.00"	"44"	"Beginners Chase"	"3"	"6"	"Foley, J B"	"Nash, J A"
"13:50:00"	"2022-06-04"	"Tramore"	"Maciver (IRE)"	"12.00"	"17"	"Maiden Hurdle"	"1"	"13"	"Enright, P T"	"OGrady, Eoghan"
"13:50:00"	"2022-06-04"	"Tramore"	"Frontier General (IRE)"	"4.50"	"7.14"	"Maiden Hurdle"	"2"	"13"	"Blackmore, Rachael"	"Bromhead, Henry De"
"19:10:00"	"2022-06-03"	"Down Royal"	"Bravo Team (IRE)"	"3.50"	"4.86"	"Handicap Hurdle"	"1"	"8"	"Kennedy, J W"	"Elliott, Gordon"
"18:35:00"	"2022-05-26"	"Limerick"	"Lightning Star (IRE)"	"16.00"	"18.75"	"Handicap Hurdle"	"3"	"15"	"Noonan, G B"	"Leahy, Augustine"
"15:25:00"	"2022-05-24"	"Punchestown"	"Ask And Answer (IRE)"	"14.00"	"28.09"	"Handicap Hurdle"	"13"	"21"	"OKeeffe, Sean F"	"Aherne, Sean"
"14:55:00"	"2022-05-24"	"Punchestown"	"Golden Sandbanks"	"20.00"	"40.82"	"Handicap Hurdle"	"5"	"20"	"Browne, Barry"	"Flynn, Paul W"
"18:10:00"	"2022-05-20"	"Downpatrick"	"No Logic (IRE)"	"6.50"	"9"	"Handicap Hurdle"	"6"	"13"	"McDonagh, Mark M"	"McConnell, John C"
"16:20:00"	"2022-05-07"	"Cork"	"Chiricahua (IRE)"	"3.50"	"7.2"	"Maiden Hurdle"	"1"	"15"	"OKeeffe, Sean F"	"Nolan, Paul"
"17:25:00"	"2022-05-03"	"Ballinrobe"	"Boston Brahmin (IRE)"	"18.00"	"25.06"	"Handicap Hurdle"	"5"	"14"	"Geoghegan, Mr R P"	"Lee, Norman"
"14:35:00"	"2022-05-02"	"Down Royal"	"Buto"	"18.00"	"35.99"	"Handicap Hurdle"	"3"	"19"	"Torrens, Simon"	"McConnell, John C"
"19:05:00"	"2022-04-27"	"Punchestown"	"Cavalry Master (IRE)"	"14.00"	"24"	"Handicap Chase"	"7"	"13"	"Blackmore, Rachael"	"Bromhead, Henry De"
"16:45:00"	"2022-04-27"	"Punchestown"	"Champagne Gold (IRE)"	"16.00"	"20.85"	"Hurdle"	"4"	"9"	"Coleman, A"	"Bromhead, Henry De"
"15:40:00"	"2022-04-27"	"Punchestown"	"Aarons Day (IRE)"	"12.00"	"20.69"	"Handicap Hurdle"	"4"	"24"	"OHanlon, P J"	"McKiernan, Oliver"
"19:10:00"	"2022-04-26"	"Punchestown"	"Beyond Redemption (IRE)"	"33.00"	"57.41"	"Hunters Chase"	"8"	"14"	"Benson, Miss G"	"Flood, Peter"
"16:09:00"	"2022-04-18"	"Cork"	"Rocknroll Stand (IRE)"	"20.00"	"41.11"	"Maiden Hunters Chase"	"PU"	"8"	"OSullivan, Alan"	"OSullivan, Eugene M"
"15:15:00"	"2022-04-18"	"Fairyhouse"	"Decimation (IRE)"	"6.50"	"8.6"	"Handicap Hurdle"	"16"	"17"	"OConnor, M P"	"Bromhead, Henry De"
"16:40:00"	"2022-04-17"	"Cork"	"Sean Hogan (IRE)"	"33.00"	"55"	"Handicap Hurdle"	"PU"	"15"	"Gainford, Mr J C"	"Morris, M F"
"16:13:00"	"2022-04-07"	"Limerick"	"Vermilion Cliffs (IRE)"	"16.00"	"19.12"	"Handicap Hurdle"	"8"	"18"	"Mulcahy, Shane"	"Hogan, Denis Gerard"
"16:13:00"	"2022-04-07"	"Limerick"	"Howyated (IRE)"	"40.00"	"70.07"	"Handicap Hurdle"	"PU"	"18"	"Maxwell, C D"	"McLoughlin, D A"
"15:38:00"	"2022-04-07"	"Limerick"	"Shar Whats Therush (IRE)"	"14.00"	"23"	"Handicap Hurdle"	"13"	"15"	"Enright, P T"	"Hassett, Donal"
"15:03:00"	"2022-04-07"	"Limerick"	"Name Me Famous (IRE)"	"22.00"	"28.5"	"Handicap Hurdle"	"1"	"17"	"Deegan, R"	"McCarthy, Eoin Christopher"
"16:25:00"	"2022-03-24"	"Cork"	"Capilano Bridge (IRE)"	"14.00"	"17.94"	"Handicap Hurdle"	"5"	"12"	"ODwyer, Charlie"	"ODwyer, Conor"
"15:45:00"	"2022-03-20"	"Downpatrick"	"Spades Are Trumps (IRE)"	"5.00"	"8.46"	"Handicap Chase"	"1"	"15"	"McDonagh, Mark M"	"Cromwell, Gavin Patrick"
"16:37:00"	"2022-03-19"	"Thurles"	"Gentlemansgame"	"1.38"	"2.54"	"Hurdle"	"1"	"5"	"Blackmore, Rachael"	"Morris, M F"
"15:05:00"	"2022-03-13"	"Limerick"	"Blue Markie (IRE)"	"16.00"	"22"	"Handicap Hurdle"	"11"	"18"	"Carberry, Peter"	"McNamara, Andrew"
"15:35:00"	"2022-03-10"	"Thurles"	"Wellhavewan (IRE)"	"40.00"	"60"	"Handicap Hurdle"	"1"	"14"	"Townend, Miss J"	"Townend, Timothy"
"16:51:00"	"2022-03-03"	"Clonmel"	"Kalamkan (USA)"	"50.00"	"83.3"	"Handicap Hurdle"	"7"	"15"	"Gault, Mr N"	"Millar, S M"
"15:08:00"	"2022-02-26"	"Fairyhouse"	"Teescomponentsyess (IRE)"	"40.00"	"50"	"Handicap Hurdle"	"4"	"16"	"Hayes, Brian"	"Hanlon, John Joseph"
"15:50:00"	"2022-02-23"	"Punchestown"	"Command Chain (IRE)"	"25.00"	"40.55"	"Handicap Hurdle"	"2"	"15"	"Hayes, Brian"	"McConnell, John C"
"13:45:00"	"2022-02-09"	"Fairyhouse"	"Opposites Attract (IRE)"	"6.00"	"8"	"Chase"	"7"	"9"	"McParlan, Mr N"	"McLoughlin, D A"
"16:10:00"	"2022-02-01"	"Limerick"	"Hitchcock"	"40.00"	"74.9"	"Handicap Hurdle"	"12"	"14"	"Deegan, R"	"Donohoe, R"
"14:00:00"	"2021-09-17"	"Downpatrick"	"Decimal Day (IRE)"	"14.00"	"17.51"	"Handicap Hurdle"	"8"	"12"	"Orr, Conor"	"Durkan, William"
"17:40:00"	"2021-09-06"	"Galway"	"Creggsman (IRE)"	"8.00"	"13.23"	"Handicap Hurdle"	"15"	"19"	"Foley, J B"	"Neilan, John"
"17:37:00"	"2021-09-03"	"Kilbeggan"	"Railway Muice (IRE)"	"12.00"	"17.42"	"Handicap Hurdle"	"1"	"16"	"Dempsey, Luke"	"Flynn, Paul W"
"17:15:00"	"2021-08-17"	"Sligo"	"Its My Deal (IRE)"	"14.00"	"16.83"	"Handicap Hurdle"	"3"	"15"	"Browne, Barry"	"McKiernan, Oliver"
"16:35:00"	"2021-08-15"	"Tramore"	"Centurion Steel (IRE)"	"5.50"	"8.24"	"Handicap Chase"	"3"	"9"	"OConnor, M P"	"Bromhead, Henry De"
"19:45:00"	"2021-08-12"	"Tramore"	"Mr Palm (IRE)"	"100.00"	"201.12"	"Handicap Hurdle"	"F"	"16"	"Murphy, Miss R"	"Deacon, D"
"19:45:00"	"2021-08-12"	"Tramore"	"Svenman (IRE)"	"66.00"	"110.64"	"Handicap Hurdle"	"UR"	"16"	"McGarvey, J S"	"Hanlon, John Joseph"
"19:15:00"	"2021-08-07"	"Kilbeggan"	"Premium Package (IRE)"	"3.00"	"4.56"	"Beginners Chase"	"3"	"8"	"Morgan, Hugh"	"Bromhead, Henry De"
"17:15:00"	"2021-08-07"	"Kilbeggan"	"Adnap (IRE)"	"66.00"	"102.59"	"Hurdle"	"4"	"5"	"Maxwell, C D"	"McLoughlin, D A"
"16:45:00"	"2021-08-07"	"Kilbeggan"	"Stoneyford Boy (IRE)"	"5.00"	"12.37"	"Maiden Hurdle"	"9"	"13"	"Carberry, Peter"	"McNamara, Andrew"
"18:40:00"	"2021-08-03"	"Roscommon"	"Look Dont Touch (IRE)"	"40.00"	"70"	"Beginners Chase"	"9"	"9"	"Short, Adam W"	"McLoughlin, D A"
"14:10:00"	"2021-08-02"	"Cork"	"Clever Currency (IRE)"	"14.00"	"15.5"	"Handicap Hurdle"	"7"	"13"	"Foley, J B"	"Flynn, Paul W"
"18:05:00"	"2021-07-30"	"Galway"	"Dawn Raider (IRE)"	"66.00"	"99.51"	"Beginners Chase"	"3"	"7"	"Shanahan, William T"	"Hanmer, G D"
"19:45:00"	"2021-07-29"	"Galway"	"Now Where Or When (IRE)"	"33.00"	"46.77"	"Handicap Hurdle"	"10"	"19"	"Slevin, J J"	"Crawford, S R B"
"17:45:00"	"2021-07-29"	"Galway"	"The Very Man (IRE)"	"16.00"	"25"	"Novices Chase"	"UR"	"8"	"Kennedy, J W"	"Foster, Mrs Denise"
"18:15:00"	"2021-07-28"	"Galway"	"Samcro (IRE)"	"22.00"	"28.91"	"Handicap Chase"	"16"	"22"	"Gainford, Mr J C"	"Foster, Mrs Denise"
"19:40:00"	"2021-07-22"	"Limerick"	"Listening Mode (IRE)"	"25.00"	"36"	"Handicap Hurdle"	"11"	"16"	"Doyle, R A"	"Duke, B W"
"17:40:00"	"2021-07-22"	"Limerick"	"Drifting Back (IRE)"	"8.50"	"11"	"Handicap Hurdle"	"9"	"15"	"McNamara, Conor"	"McNamara, E"
"18:25:00"	"2021-07-20"	"Ballinrobe"	"Stadius (IRE)"	"22.00"	"30"	"Handicap Hurdle"	"4"	"15"	"Brett, Tommy N"	"Duffy, S M"
"17:55:00"	"2021-07-20"	"Ballinrobe"	"Glenquin Castle (IRE)"	"22.00"	"30"	"Handicap Hurdle"	"9"	"14"	"Walsh, M P"	"Brassil, Martin"
"18:30:00"	"2021-07-16"	"Kilbeggan"	"Royal Aide (IRE)"	"28.00"	"41.05"	"Handicap Hurdle"	"1"	"15"	"Hogan, D G"	"Hogan, Denis Gerard"
"18:30:00"	"2021-07-16"	"Kilbeggan"	"Yamato (IRE)"	"50.00"	"75.86"	"Handicap Hurdle"	"8"	"15"	"Reilly, Thomas"	"McConnell, John C"
"17:25:00"	"2021-07-10"	"Limerick"	"Hungry Tiger (IRE)"	"16.00"	"24"	"Handicap Chase"	"10"	"15"	"Short, Adam W"	"Griffin, Patrick"
"17:25:00"	"2021-07-10"	"Limerick"	"Galros Jimmy (IRE)"	"33.00"	"49.46"	"Handicap Chase"	"12"	"15"	"Fenelon, S"	"Hanlon, John Joseph"
"17:05:00"	"2021-07-09"	"Kilbeggan"	"Kemstar (IRE)"	"250.00"	"1000"	"Maiden Hurdle"	"8"	"14"	"Short, Adam W"	"McLoughlin, D A"
"16:25:00"	"2021-06-12"	"Downpatrick"	"Argumental (IRE)"	"25.00"	"48.08"	"Handicap Chase"	"7"	"10"	"Wildman, J R"	"Foster, Mrs Denise"
"14:25:00"	"2021-06-08"	"Roscommon"	"Presenting Lad (IRE)"	"11.00"	"13.79"	"Handicap Hurdle"	"2"	"16"	"OSullivan, James"	"Doyle, Eoin"
"15:35:00"	"2021-06-06"	"Kilbeggan"	"Aliym (IRE)"	"7.50"	"11.5"	"Handicap Hurdle"	"7"	"16"	"Donoghue, K M"	"Foster, Mrs Denise"
"19:00:00"	"2021-05-31"	"Punchestown"	"Chosen Hour (IRE)"	"12.00"	"14.66"	"Handicap Hurdle"	"12"	"16"	"Ahern, Miss S"	"Aherne, Sean"
"18:30:00"	"2021-05-31"	"Punchestown"	"The Boys In Blue"	"250.00"	"1000"	"Maiden Hurdle"	"10"	"18"	"Browne, Barry"	"McKiernan, Oliver"
"18:45:00"	"2021-05-25"	"Ballinrobe"	"Calibrator (IRE)"	"22.00"	"31"	"Handicap Hurdle"	"6"	"15"	"McDonagh, Mark M"	"Griffin, Eoin"
"17:15:00"	"2021-05-25"	"Ballinrobe"	"Smokey The Bandit (IRE)"	"2.25"	"3.87"	"Maiden Hurdle"	"5"	"15"	"Cooper, Bryan J"	"Foster, Mrs Denise"
"19:00:00"	"2021-05-24"	"Ballinrobe"	"Wolfofallstreets (IRE)"	"3.33"	"5.08"	"Handicap Chase"	"2"	"8"	"OSullivan, James"	"Rothwell, P J"
"15:05:00"	"2021-05-21"	"Downpatrick"	"No Logic (IRE)"	"20.00"	"27.6"	"Handicap Hurdle"	"7"	"12"	"Reilly, Thomas"	"McConnell, John C"
"15:05:00"	"2021-05-21"	"Downpatrick"	"Autumn Crusade (IRE)"	"7.00"	"9.6"	"Handicap Hurdle"	"F"	"12"	"Hand, D J"	"McLoughlin, D A"
"18:45:00"	"2021-05-18"	"Limerick"	"Fr Gilligansvoyge"	"125.00"	"230"	"Beginners Chase"	"8"	"14"	"Doyle, R A"	"Carr, John G"
"16:40:00"	"2021-05-18"	"Limerick"	"Captain Cobajay (IRE)"	"50.00"	"83.1"	"Handicap Chase"	"12"	"15"	"Donovan, Philip"	"Sheehy, E"
"19:55:00"	"2021-05-14"	"Kilbeggan"	"Frambosin Boy (IRE)"	"150.00"	"310"	"NH Flat"	"15"	"15"	"Fenelon, S"	"Leahy, Denis"
"18:55:00"	"2021-05-13"	"Clonmel"	"Sky Tenor"	"14.00"	"19.5"	"Handicap Hurdle"	"1"	"14"	"Slevin, J J"	"Donoghue, Alan"
"16:00:00"	"2021-05-03"	"Down Royal"	"Monstrosity (IRE)"	"16.00"	"16.75"	"Handicap Chase"	"6"	"7"	"Short, Adam W"	"McLoughlin, D A"
"13:40:00"	"2021-05-03"	"Down Royal"	"Collo Meo (IRE)"	"16.00"	"26.69"	"Maiden Hurdle"	"5"	"19"	"Donovan, Philip"	"Sheehy, E"
"19:00:00"	"2021-04-28"	"Punchestown"	"Mortal (IRE)"	"100.00"	"159.05"	"Handicap Chase"	"F"	"24"	"Slevin, J J"	"OBrien, Joseph Patrick"
"16:50:00"	"2021-04-27"	"Punchestown"	"Polished Steel (IRE)"	"33.00"	"43.93"	"Handicap Hurdle"	"22"	"24"	"OKeeffe, Sean F"	"Harrington, Mrs John"
"15:40:00"	"2021-04-27"	"Punchestown"	"One Down (IRE)"	"22.00"	"34"	"Handicap Novices Hurdle"	"17"	"22"	"Gainford, Mr J C"	"Foster, Mrs Denise"
"18:25:00"	"2021-04-23"	"Kilbeggan"	"Castlehume Gold (IRE)"	"28.00"	"35.05"	"Handicap Hurdle"	"7"	"14"	"OCallaghan, Shane"	"Watson, R K"
"18:10:00"	"2021-04-19"	"Tramore"	"Doldido (IRE)"	"14.00"	"22.62"	"Beginners Chase"	"8"	"12"	"Dempsey, Luke"	"Winters, Michael"
"17:10:00"	"2021-04-19"	"Tramore"	"Haggard Lad (IRE)"	"6.50"	"8.4"	"Handicap Hurdle"	"11"	"13"	"Donoghue, K M"	"Callaghan, Mrs G"
"15:45:00"	"2021-04-19"	"Limerick"	"Hourie (IRE)"	"50.00"	"87.96"	"Handicap Hurdle"	"PU"	"16"	"Moore, J M"	"Byrne, L"
"17:00:00"	"2021-04-05"	"Fairyhouse"	"Freewheelin Dylan (IRE)"	"150.00"	"312.41"	"Handicap Chase"	"1"	"28"	"Doyle, R A"	"McLoughlin, D A"
"17:00:00"	"2021-04-05"	"Fairyhouse"	"Latest Exhibition (IRE)"	"4.50"	"5.99"	"Handicap Chase"	"4"	"28"	"Cooper, Bryan J"	"Nolan, Paul"
"16:25:00"	"2021-04-04"	"Fairyhouse"	"Recent Revelations (IRE)"	"20.00"	"25.22"	"Handicap Novices Chase"	"12"	"15"	"Kennedy, J W"	"Foster, Mrs Denise"
"17:05:00"	"2021-03-25"	"Cork"	"Colditz Castle (IRE)"	"100.00"	"137"	"Handicap Hurdle"	"11"	"15"	"OConnor, Mr T"	"OConnor, Turlough"
"17:05:00"	"2021-03-25"	"Cork"	"Union Gap (IRE)"	"150.00"	"185.69"	"Handicap Hurdle"	"15"	"15"	"Geoghegan, Mr T D"	"Flynn, Paul W"
"16:05:00"	"2021-03-25"	"Cork"	"Deealli (IRE)"	"5.50"	"8.55"	"Handicap Hurdle"	"10"	"16"	"Doyle, R A"	"Fahey, Mark"
"16:45:00"	"2021-03-11"	"Thurles"	"Charlie Bee (IRE)"	"250.00"	"1000"	"Maiden Hurdle"	"PU"	"11"	"Doyle, R A"	"Roper, W M"
"17:05:00"	"2021-03-04"	"Clonmel"	"Precious Bounty (IRE)"	"28.00"	"44"	"Maiden Hunters Chase"	"PU"	"14"	"Spain, Mr G A"	"Curling, S"
"16:50:00"	"2021-03-02"	"Gowran Park"	"Argumental (IRE)"	"6.00"	"8.08"	"Handicap Novices Chase"	"6"	"11"	"Blackmore, Rachael"	"OBrien, Joseph Patrick"
"15:35:00"	"2020-09-30"	"Punchestown"	"Formal Order"	"22.00"	"42"	"Maiden Hurdle"	"1"	"12"	"Donoghue, K M"	"Smith, Matthew J"
"13:00:00"	"2020-09-18"	"Downpatrick"	"Lets Get Started (IRE)"	"66.00"	"141.35"	"Maiden Hurdle"	"9"	"9"	"Browne, Barry"	"McKiernan, Oliver"
"16:20:00"	"2020-09-14"	"Sligo"	"Unchago (IRE)"	"6.00"	"9"	"Handicap Chase"	"7"	"12"	"Enright, P T"	"McNiff, Mark Michael"
"14:10:00"	"2020-09-14"	"Sligo"	"Carrig Cathal"	"50.00"	"120"	"Handicap Chase"	"7"	"8"	"Carberry, Peter"	"Mahon, S J"
"18:50:00"	"2020-09-11"	"Kilbeggan"	"Timiyan (USA)"	"18.00"	"28.91"	"Handicap Chase"	"4"	"9"	"Walsh, M P"	"Elliott, Gordon"
"15:50:00"	"2020-09-09"	"Punchestown"	"Blast Of Koeman (IRE)"	"20.00"	"22.39"	"Handicap Hurdle"	"8"	"12"	"Orr, Conor"	"Tyner, Robert"
"15:40:00"	"2020-09-08"	"Punchestown"	"Bachelor (IRE)"	"125.00"	"500.53"	"Handicap Hurdle"	"PU"	"18"	"McGarvey, J S"	"Kelly, Noel C"
"18:40:00"	"2020-09-07"	"Galway"	"Captain Cobajay (IRE)"	"10.00"	"14.55"	"Handicap Chase"	"7"	"10"	"Torrens, Simon"	"Sheehy, E"
"19:45:00"	"2020-08-10"	"Ballinrobe"	"Brosna George (IRE)"	"50.00"	"90"	"Handicap Hurdle"	"11"	"13"	"Torrens, Simon"	"Moore, A L T"
"17:45:00"	"2020-08-10"	"Ballinrobe"	"Baby Bellini (IRE)"	"22.00"	"31.12"	"Handicap Hurdle"	"12"	"13"	"Brouder, Gearoid"	"Madden, I"
"14:55:00"	"2020-08-09"	"Downpatrick"	"Construct"	"25.00"	"29.34"	"Hurdle"	"2"	"11"	"Torrens, Simon"	"McConnell, John C"
"14:50:00"	"2020-08-03"	"Roscommon"	"Peres Et Fils (IRE)"	"14.00"	"19.16"	"Maiden Hurdle"	"10"	"14"	"Power, R M"	"Harrington, Mrs John"
"16:45:00"	"2020-07-31"	"Galway"	"Royal Aide (IRE)"	"8.00"	"21"	"Maiden Hurdle"	"3"	"14"	"Blackmore, Rachael"	"Hogan, Denis Gerard"
"17:45:00"	"2020-07-25"	"Tramore"	"Woodbrook Boy (IRE)"	"7.00"	"11.73"	"Handicap Chase"	"1"	"9"	"Cooper, Bryan J"	"Hanlon, John Joseph"
"18:45:00"	"2020-07-24"	"Cork"	"Wildewood (IRE)"	"100.00"	"350"	"Handicap Hurdle"	"PU"	"13"	"Enright, P T"	"Breen, Patrick"
"18:15:00"	"2020-07-24"	"Cork"	"Pino Boy (IRE)"	"20.00"	"32.11"	"Handicap Hurdle"	"8"	"14"	"McKenna, Liam"	"Mooney, Mrs Ann"
"14:30:00"	"2020-07-20"	"Gowran Park"	"Battle Of Wills (IRE)"	"5.00"	"6"	"Hurdle"	"5"	"5"	"Cooper, Bryan J"	"Elliott, Gordon"
"13:00:00"	"2020-07-20"	"Gowran Park"	"Pepperoni Pete (IRE)"	"7.00"	"11.84"	"Maiden Hurdle"	"F"	"15"	"OKeeffe, Sean F"	"Harrington, Mrs John"
"16:55:00"	"2020-07-18"	"Tramore"	"Westmead (IRE)"	"50.00"	"39.28"	"Beginners Chase"	"PU"	"10"	"Flanagan, S W"	"Dobbs, Mrs Prunella"
"18:40:00"	"2020-06-24"	"Roscommon"	"Happy Lad (IRE)"	"50.00"	"101.23"	"Handicap Hurdle"	"4"	"12"	"Short, Adam W"	"Finegan, Hugh Paul"
"16:10:00"	"2020-03-17"	"Down Royal"	"Jury Duty (IRE)"	"1.20"	"2.28"	"Chase"	"2"	"5"	"Flanagan, S W"	"Elliott, Gordon"
"13:40:00"	"2020-03-15"	"Limerick"	"Wildewood (IRE)"	"125.00"	"1000"	"Hurdle"	"5"	"9"	"Power, I J"	"Breen, Patrick"
"17:10:00"	"2020-03-07"	"Gowran Park"	"Screaming Colours (IRE)"	"7.00"	"12"	"Hunters Chase"	"5"	"9"	"McGuinness, Luke"	"Durkan, William"
"15:50:00"	"2020-03-05"	"Thurles"	"Charlie Bit Me (IRE)"	"20.00"	"34.61"	"Handicap Hurdle"	"9"	"18"	"Shortall, Shane"	"Tylicki, Madeleine"
"14:40:00"	"2020-03-05"	"Thurles"	"At Your Ease (IRE)"	"5.00"	"7.2"	"Chase"	"4"	"7"	"Meyler, D"	"Moore, A L T"
"16:50:00"	"2020-02-27"	"Clonmel"	"The Gunner Murphy (IRE)"	"3.33"	"4.4"	"Novices Chase"	"2"	"7"	"Walsh, M P"	"OBrien, Joseph Patrick"
"16:50:00"	"2020-02-27"	"Clonmel"	"Connard (IRE)"	"28.00"	"55.39"	"Novices Chase"	"PU"	"7"	"Meyler, D"	"Moore, A L T"
"15:55:00"	"2020-02-06"	"Thurles"	"West Of Milan (IRE)"	"33.00"	"60"	"Handicap Hurdle"	"10"	"18"	"Browne, Barry"	"Byrne, Philip Michael"
"15:50:00"	"2019-09-27"	"Downpatrick"	"Mohart (IRE)"	"14.00"	"21"	"Beginners Chase"	"1"	"12"	"Enright, P T"	"Dullea, J D"
"17:40:00"	"2019-09-20"	"Ballinrobe"	"Bere Haven (IRE)"	"33.00"	"60"	"Handicap Hurdle"	"9"	"15"	"Brouder, Gearoid"	"OConnor, Ian"
"18:45:00"	"2019-09-16"	"Galway"	"Persian Wind (IRE)"	"8.00"	"10.01"	"Handicap Chase"	"F"	"10"	"Dempsey, Luke"	"Dempsey, J P"
"16:15:00"	"2019-09-16"	"Galway"	"Betterask Jj (IRE)"	"14.00"	"16.71"	"Claimer Hurdle"	"5"	"12"	"Enright, P T"	"Walsh, John J"
"19:10:00"	"2019-08-30"	"Down Royal"	"James Boru (IRE)"	"20.00"	"30.82"	"Handicap Hurdle"	"13"	"17"	"McGarvey, J S"	"Kelly, Noel C"
"17:40:00"	"2019-08-30"	"Down Royal"	"Rising (IRE)"	"25.00"	"46"	"Handicap Hurdle"	"PU"	"17"	"McGarvey, J S"	"Kelly, Noel C"
"18:40:00"	"2019-08-27"	"Ballinrobe"	"Northern Emperor (IRE)"	"20.00"	"38"	"Handicap Hurdle"	"1"	"13"	"Short, Adam W"	"OBrien, V T"
"17:10:00"	"2019-08-27"	"Ballinrobe"	"Cozziemodo (IRE)"	"66.00"	"622.22"	"Maiden Hurdle"	"7"	"14"	"King, Alan"	"Costello, P J"
"18:10:00"	"2019-08-24"	"Kilbeggan"	"Sharg (IRE)"	"6.00"	"15.91"	"Maiden Hurdle"	"F"	"8"	"Hogan, D G"	"Hogan, Denis Gerard"
"15:10:00"	"2019-08-18"	"Tramore"	"Hickeys Rock (IRE)"	"5.50"	"7.2"	"Handicap Hurdle"	"5"	"14"	"OFarrell, Miss K"	"Morris, M F"
"15:10:00"	"2019-08-18"	"Tramore"	"Patrick Joseph"	"16.00"	"50"	"Handicap Hurdle"	"8"	"14"	"Brogan, Kevin"	"Broad, D"
"18:45:00"	"2019-08-15"	"Tramore"	"Noble Intention (IRE)"	"20.00"	"23.31"	"Handicap Hurdle"	"7"	"10"	"Enright, P T"	"Martin, A J"
"17:15:00"	"2019-08-15"	"Tramore"	"Pistol Shoot (IRE)"	"8.00"	"12.76"	"Beginners Chase"	"9"	"13"	"Kennedy, J W"	"Elliott, Gordon"
"14:55:00"	"2019-08-11"	"Downpatrick"	"Taggs Island (IRE)"	"10.00"	"15"	"Handicap Hurdle"	"UR"	"11"	"Morgan, Hugh"	"McCullagh, Michael"
"18:05:00"	"2019-08-10"	"Kilbeggan"	"Tombstone (IRE)"	"5.00"	"8.2"	"Hurdle"	"2"	"6"	"Gregory, Fergus"	"Elliott, Gordon"
"18:40:00"	"2019-08-06"	"Roscommon"	"Drimsree Lad (IRE)"	"20.00"	"52.68"	"Handicap Hurdle"	"PU"	"8"	"Maxwell, C D"	"McLoughlin, D A"
"16:50:00"	"2019-08-05"	"Cork"	"Elegant Dan (IRE)"	"16.00"	"25.52"	"Handicap Hurdle"	"11"	"19"	"Flanagan, S W"	"OBrien, David M"
"17:10:00"	"2019-07-31"	"Galway"	"Baily Thunder"	"50.00"	"190"	"Maiden Hurdle"	"5"	"14"	"Enright, P T"	"Morris, M F"
"17:40:00"	"2019-07-25"	"Limerick"	"Cloudybackwest (IRE)"	"20.00"	"30"	"Maiden Hurdle"	"2"	"10"	"Noonan, G B"	"Neville, Patrick"
"18:30:00"	"2019-07-23"	"Ballinrobe"	"Al Sakb"	"9.00"	"14.5"	"Maiden Hurdle"	"1"	"6"	"Ryan, Trevor"	"Hogan, Denis Gerard"
"16:30:00"	"2019-07-13"	"Limerick"	"Plinth (IRE)"	"6.50"	"10"	"Novices Chase"	"PU"	"7"	"Madden, N P"	"OBrien, Joseph Patrick"
"19:30:00"	"2019-06-17"	"Kilbeggan"	"Arcenfete (IRE)"	"9.00"	"12"	"Handicap Hurdle"	"6"	"10"	"Morgan, Hugh"	"Bromhead, Henry De"
"15:40:00"	"2019-06-15"	"Downpatrick"	"Pump Road (IRE)"	"8.00"	"9.92"	"Handicap Hurdle"	"6"	"13"	"Fox, Steven"	"McNiff, Mark Michael"
"19:40:00"	"2019-06-12"	"Punchestown"	"Sole Vision (IRE)"	"100.00"	"1000"	"Maiden Hurdle"	"19"	"23"	"Short, Adam W"	"McBratney, C A"
"18:10:00"	"2019-06-11"	"Roscommon"	"Mister Butler (IRE)"	"25.00"	"108.62"	"Handicap Hurdle"	"16"	"18"	"Ring, Mr A"	"Hogan, Denis Gerard"
"20:25:00"	"2019-06-07"	"Clonmel"	"Treasure Chest (IRE)"	"8.00"	"9.32"	"Handicap Chase"	"1"	"8"	"Shortall, Shane"	"OBrien, Joseph Patrick"
"19:20:00"	"2019-06-07"	"Clonmel"	"Plinth (IRE)"	"14.00"	"25"	"Beginners Chase"	"UR"	"9"	"Dempsey, Luke"	"OBrien, Joseph Patrick"
"13:50:00"	"2019-06-01"	"Tramore"	"Doyen Bay (IRE)"	"20.00"	"42"	"Handicap Hurdle"	"1"	"15"	"Enright, P T"	"OGrady, Eoghan"
"13:50:00"	"2019-06-01"	"Tramore"	"Naturally Blond (IRE)"	"9.00"	"12"	"Handicap Hurdle"	"7"	"15"	"McCurtin, Ambrose"	"Cronin, Patrick"
"20:00:00"	"2019-05-28"	"Ballinrobe"	"Landofhopeandglory (IRE)"	"12.00"	"17.66"	"Handicap Chase"	"11"	"15"	"Dempsey, Luke"	"OBrien, Joseph Patrick"
"18:30:00"	"2019-05-28"	"Ballinrobe"	"Dorans River (IRE)"	"33.00"	"76.57"	"Handicap Hurdle"	"9"	"16"	"McNamara, Conor"	"Mahon, S J"
"19:15:00"	"2019-05-27"	"Ballinrobe"	"Havelock (IRE)"	"40.00"	"327.43"	"Handicap Hurdle"	"PU"	"15"	"Merrigan, Paddy"	"Mahon, S J"
"19:50:00"	"2019-05-24"	"Downpatrick"	"Is This It (IRE)"	"25.00"	"48.78"	"Hunters Chase"	"4"	"8"	"Reilly, Mr T"	"McBratney, C A"
"19:55:00"	"2019-05-17"	"Kilbeggan"	"Fenlons Hill (IRE)"	"14.00"	"19.56"	"Handicap Chase"	"8"	"8"	"Short, Adam W"	"Stafford, Paul"
"19:20:00"	"2019-05-17"	"Kilbeggan"	"Road Warrior"	"25.00"	"44"	"Beginners Chase"	"9"	"12"	"Flanagan, S W"	"Meade, Noel"
"20:15:00"	"2019-05-16"	"Clonmel"	"Skeaping"	"20.00"	"24.67"	"Handicap Hurdle"	"1"	"12"	"Russell, D N"	"Elliott, Gordon"
"17:55:00"	"2019-05-10"	"Downpatrick"	"Wrap Star (IRE)"	"33.00"	"65"	"Handicap Hurdle"	"12"	"15"	"OCallaghan, Shane"	"McCann, Anthony"
"14:45:00"	"2019-05-06"	"Down Royal"	"Glendaars Warrior (IRE)"	"4.00"	"4.92"	"Handicap Hurdle"	"1"	"17"	"Brouder, Mr K J"	"McLoughlin, D A"
"18:05:00"	"2019-05-02"	"Punchestown"	"Air Horse One"	"25.00"	"85.08"	"Handicap Hurdle"	"11"	"23"	"Burke, Jonathan"	"Fry, Harry"
"14:50:00"	"2019-04-28"	"Sligo"	"Zayriyan (IRE)"	"12.00"	"17"	"Handicap Hurdle"	"7"	"13"	"Hogan, D G"	"Hogan, Denis Gerard"
"17:00:00"	"2019-04-22"	"Fairyhouse"	"Minella Rocco (IRE)"	"28.00"	"60.31"	"Handicap Chase"	"PU"	"30"	"OConnor, Derek"	"ONeill, Jonjo and AJ"
"14:25:00"	"2019-04-22"	"Cork"	"Trendsetter (IRE)"	"33.00"	"76.42"	"Handicap Hurdle"	"15"	"19"	"Flaherty, Mr A J"	"Cawley, Brian Francis"
"16:15:00"	"2019-04-21"	"Cork"	"Tigris River (IRE)"	"11.00"	"17"	"Hurdle"	"3"	"6"	"McGarvey, J S"	"OBrien, Joseph Patrick"
"15:20:00"	"2019-04-21"	"Fairyhouse"	"Uisce Beatha (IRE)"	"4.50"	"6.2"	"Novices Chase"	"2"	"6"	"Slevin, J J"	"OBrien, Joseph Patrick"
"14:20:00"	"2019-03-31"	"Limerick"	"Fred The Foot (IRE)"	"16.00"	"27"	"Novices Hurdle"	"4"	"9"	"McInerney, Donal J"	"McConnell, John C"
"15:20:00"	"2019-03-26"	"Clonmel"	"Scotch Quay (IRE)"	"9.00"	"11.47"	"Handicap Hurdle"	"1"	"17"	"Doyle, R A"	"Griffin, Eoin"
"16:15:00"	"2019-03-09"	"Gowran Park"	"Sizing Joshua (IRE)"	"100.00"	"649.01"	"Beginners Chase"	"PU"	"15"	"Ring, Mr A"	"Morris, M F"
"14:30:00"	"2018-09-28"	"Downpatrick"	"Authorative (IRE)"	"33.00"	"65"	"Handicap Hurdle"	"1"	"15"	"OCallaghan, Shane"	"McCann, Anthony"
"14:30:00"	"2018-09-28"	"Downpatrick"	"Every Chance (IRE)"	"25.00"	"55.7"	"Handicap Hurdle"	"PU"	"15"	"Short, Adam W"	"Kelly, Noel C"
"17:40:00"	"2018-09-21"	"Ballinrobe"	"Pump Road (IRE)"	"5.00"	"7.56"	"Handicap Hurdle"	"3"	"15"	"Ring, Mr A"	"McNiff, Mark Michael"
"15:50:00"	"2018-09-20"	"Clonmel"	"Ballinlina Boy"	"3.50"	"5.43"	"Maiden Hurdle"	"6"	"9"	"McCarthy, I J"	"King, James Kieran"
"17:45:00"	"2018-09-17"	"Galway"	"Baby Bellini (IRE)"	"16.00"	"26"	"Handicap Hurdle"	"1"	"16"	"Short, Adam W"	"Madden, I"
"16:50:00"	"2018-08-19"	"Tramore"	"Okey Dokey (IRE)"	"33.00"	"48.12"	"Handicap Chase"	"8"	"10"	"Short, Adam W"	"Griffin, Patrick"
"15:15:00"	"2018-08-19"	"Tramore"	"Triangle Rock (IRE)"	"16.00"	"76.95"	"Maiden Hurdle"	"4"	"13"	"Blackmore, Rachael"	"Morris, M F"
"15:35:00"	"2018-08-06"	"Cork"	"Whiskeys Brother (IRE)"	"25.00"	"110"	"Maiden Hurdle"	"12"	"17"	"Ring, Mr A"	"Hanlon, John Joseph"
"17:00:00"	"2018-08-05"	"Galway"	"Drumconnor Lad (IRE)"	"33.00"	"65.55"	"Handicap Chase"	"7"	"16"	"Loughran, R"	"Keatley, Adrian Paul"
"14:45:00"	"2018-08-05"	"Galway"	"Big Bad Brian (IRE)"	"10.00"	"12.37"	"Handicap Hurdle"	"PU"	"19"	"Enright, M A"	"Hogan, Denis Gerard"
"14:15:00"	"2018-08-05"	"Galway"	"Newsworthy (IRE)"	"20.00"	"29.33"	"Handicap Hurdle"	"10"	"20"	"Murphy, Rochelle"	"Love, Mrs D A"
"16:45:00"	"2018-08-04"	"Galway"	"Plinth (IRE)"	"33.00"	"127.65"	"Handicap Hurdle"	"13"	"20"	"McGarvey, J S"	"OBrien, Joseph Patrick"
"17:55:00"	"2018-07-31"	"Galway"	"The Irregular (IRE)"	"25.00"	"65"	"Beginners Chase"	"9"	"15"	"Hogan, D G"	"Hogan, Denis Gerard"
"20:30:00"	"2018-07-20"	"Kilbeggan"	"Full Cry (IRE)"	"8.00"	"11.79"	"Handicap Chase"	"3"	"14"	"Lynch, A E"	"Bromhead, Henry De"
"17:30:00"	"2018-07-14"	"Limerick"	"Sierra Law"	"25.00"	"35.57"	"Handicap Chase"	"PU"	"10"	"Colgan, R C"	"Thornton, Karl"
"14:45:00"	"2018-07-14"	"Limerick"	"Ard Na Carraig"	"7.00"	"8.41"	"Handicap Hurdle"	"3"	"10"	"Browne, Barry"	"McKiernan, Oliver"
"16:30:00"	"2018-06-23"	"Gowran Park"	"Precious Gold (IRE)"	"28.00"	"81.06"	"Handicap Hurdle"	"11"	"16"	"Lynch, A E"	"Fitzgerald, D E"
"19:20:00"	"2018-06-22"	"Down Royal"	"Castle Howard (IRE)"	"14.00"	"20.44"	"Handicap Hurdle"	"3"	"16"	"Slevin, J J"	"OBrien, Joseph Patrick"
"18:50:00"	"2018-06-22"	"Down Royal"	"Lord Scoundrel (IRE)"	"7.00"	"11.24"	"Hurdle"	"4"	"8"	"ORegan, Denis"	"Elliott, Gordon"
"16:00:00"	"2018-06-17"	"Downpatrick"	"Unicorn (IRE)"	"7.00"	"8.05"	"Handicap Hurdle"	"8"	"12"	"Walsh, M P"	"OBrien, Joseph Patrick"
"20:20:00"	"2018-06-13"	"Punchestown"	"Definite Soldier (IRE)"	"25.00"	"28"	"Handicap Hurdle"	"2"	"14"	"Ring, Mr A"	"Kinsella, J A"
"19:30:00"	"2018-06-12"	"Roscommon"	"Galveston (IRE)"	"33.00"	"55"	"Handicap Hurdle"	"12"	"13"	"Enright, P T"	"Foley, Thomas"
"18:15:00"	"2018-06-01"	"Tramore"	"Quarry Rua (IRE)"	"33.00"	"100.23"	"Handicap Chase"	"F"	"16"	"Foley, Barry"	"OFlynn, Paul"
"18:30:00"	"2018-05-29"	"Ballinrobe"	"Plinth (IRE)"	"12.00"	"15.29"	"Handicap Hurdle"	"7"	"16"	"Daly, E T"	"OBrien, Joseph Patrick"
"20:05:00"	"2018-05-25"	"Down Royal"	"Aspen Colorado (IRE)"	"8.00"	"10.57"	"Handicap Chase"	"F"	"9"	"McGarvey, J S"	"OBrien, Joseph Patrick"
"18:15:00"	"2018-05-18"	"Downpatrick"	"Two In One (USA)"	"33.00"	"57.23"	"Handicap Hurdle"	"1"	"10"	"Dempsey, Luke"	"Dempsey, J P"
"19:40:00"	"2018-05-17"	"Clonmel"	"Mr Picotee (IRE)"	"16.00"	"26.43"	"Handicap Hurdle"	"2"	"9"	"Barry, Mr J C"	"Halley, Vincent Laurence"
"19:05:00"	"2018-05-17"	"Clonmel"	"Redwood Castle (IRE)"	"20.00"	"100"	"Maiden Hurdle"	"9"	"15"	"OFarrell, Miss K"	"Hanlon, John Joseph"
"19:45:00"	"2018-05-11"	"Kilbeggan"	"Just A Normal Day (IRE)"	"50.00"	"198.54"	"Beginners Chase"	"12"	"14"	"Daffy, Miss C"	"Howard, Daniel John"
"18:40:00"	"2018-05-11"	"Kilbeggan"	"Treasure Chest (IRE)"	"12.00"	"15.73"	"Handicap Hurdle"	"11"	"14"	"Slevin, J J"	"OBrien, Joseph Patrick"
"20:10:00"	"2018-05-08"	"Roscommon"	"Nomanbehind (IRE)"	"6.00"	"9"	"Handicap Chase"	"5"	"9"	"Lynch, A E"	"Curran, Anthony"
"14:45:00"	"2018-05-06"	"Sligo"	"The Broom Squire (IRE)"	"33.00"	"55"	"Handicap Hurdle"	"7"	"7"	"OSullivan, James"	"Rothwell, P J"
"18:30:00"	"2018-04-30"	"Kilbeggan"	"Killare Castle (IRE)"	"25.00"	"61.17"	"Handicap Hurdle"	"PU"	"10"	"Browne, Barry"	"Flynn, Paul W"
"17:35:00"	"2018-04-28"	"Punchestown"	"Carrig Cathal"	"66.00"	"176.77"	"Handicap Hurdle"	"17"	"24"	"ORegan, Denis"	"Mahon, S J"
"15:40:00"	"2018-04-25"	"Punchestown"	"Tourboy (IRE)"	"16.00"	"26"	"Handicap Hurdle"	"PU"	"24"	"Doyle, R A"	"Fahey, Mark"
"18:50:00"	"2018-04-16"	"Tramore"	"Glacial Shadow (IRE)"	"9.00"	"12.76"	"Handicap Chase"	"PU"	"10"	"Lynch, A E"	"Broad, D"
"17:15:00"	"2018-04-16"	"Tramore"	"Hurricane Volta (IRE)"	"33.00"	"60"	"Maiden Hurdle"	"2"	"14"	"Donoghue, K M"	"Elliott, Gordon"
"19:30:00"	"2018-04-13"	"Ballinrobe"	"Arctic Skipper (IRE)"	"8.00"	"9.85"	"Handicap Hurdle"	"10"	"14"	"Lynch, A E"	"Halley, Vincent Laurence"
"15:55:00"	"2018-04-01"	"Fairyhouse"	"The Irregular (IRE)"	"28.00"	"71.07"	"Handicap Novices Chase"	"9"	"12"	"Ring, Mr A"	"Hogan, Denis Gerard"
"15:00:00"	"2018-04-01"	"Cork"	"Milsean (IRE)"	"7.00"	"9.4"	"Beginners Chase"	"4"	"11"	"Donoghue, K M"	"Elliott, Gordon"
"14:35:00"	"2018-02-17"	"Gowran Park"	"Soul Kaliber (IRE)"	"5.00"	"7.4"	"Handicap Chase"	"4"	"6"	"Kennedy, J W"	"Elliott, Gordon"
"14:10:00"	"2018-02-08"	"Thurles"	"Hawk Eye Down (IRE)"	"25.00"	"38"	"Handicap Chase"	"1"	"18"	"Meyler, D"	"Power, Paul"
"14:45:00"	"2018-02-07"	"Fairyhouse"	"Imperial Way (IRE)"	"10.00"	"14.65"	"Novices Hurdle"	"5"	"9"	"Daly, E T"	"OBrien, Joseph Patrick"
"16:35:00"	"2017-09-30"	"Gowran Park"	"Static Jack (IRE)"	"3.00"	"4.23"	"Handicap Chase"	"5"	"7"	"Russell, D N"	"Holden, Miss Ellmarie"
"15:25:00"	"2017-09-29"	"Gowran Park"	"Hunters Vision (IRE)"	"25.00"	"75"	"Handicap Hurdle"	"10"	"19"	"Hogan, D G"	"Hogan, Denis Gerard"
"15:00:00"	"2017-09-28"	"Clonmel"	"Prince Garyantle (IRE)"	"10.00"	"14"	"Handicap Novices Hurdle"	"1"	"11"	"Lynch, A E"	"Smith, Matthew J"
"14:15:00"	"2017-09-22"	"Downpatrick"	"Charlestown Boy (IRE)"	"20.00"	"24"	"Handicap Hurdle"	"PU"	"12"	"Timmons, C D"	"Martin, Patrick"
"18:40:00"	"2017-09-01"	"Down Royal"	"Heist (IRE)"	"12.00"	"20"	"Hurdle"	"3"	"5"	"Short, Adam W"	"Griffin, Patrick"
"17:40:00"	"2017-09-01"	"Down Royal"	"Precious Gold (IRE)"	"20.00"	"30"	"Handicap Hurdle"	"6"	"20"	"Mullins, D E"	"Fitzgerald, D E"
"19:25:00"	"2017-08-29"	"Ballinrobe"	"A Year To Remember (IRE)"	"16.00"	"37.17"	"Beginners Chase"	"9"	"9"	"McGarvey, J S"	"OBrien, Joseph Patrick"
"18:30:00"	"2017-08-14"	"Ballinrobe"	"Bawntameena (IRE)"	"40.00"	"136.94"	"Handicap Hurdle"	"11"	"12"	"Kennedy, PAddy D"	"Hayes, William"
"16:55:00"	"2017-08-13"	"Downpatrick"	"Solent Lad (USA)"	"33.00"	"142.62"	"Handicap Hurdle"	"5"	"10"	"Hand, D J"	"Carr, John G"
"15:15:00"	"2017-08-13"	"Downpatrick"	"Persian Wind (IRE)"	"6.50"	"9.26"	"Handicap Hurdle"	"2"	"11"	"Dempsey, Luke"	"Dempsey, J P"
"14:15:00"	"2017-08-13"	"Downpatrick"	"Unicorn (IRE)"	"9.00"	"10.5"	"Maiden Hurdle"	"1"	"9"	"McGarvey, J S"	"OBrien, Joseph Patrick"
"18:30:00"	"2017-08-12"	"Kilbeggan"	"Patricks Boy (IRE)"	"33.00"	"259.96"	"Handicap Hurdle"	"13"	"16"	"McCarthy, I J"	"Carr, John G"
"14:15:00"	"2017-08-06"	"Galway"	"Lisas Legacy"	"12.00"	"16.72"	"Handicap Hurdle"	"4"	"16"	"Browne, Barry"	"Ryder, Shane Kieran"
"14:15:00"	"2017-08-06"	"Galway"	"Treasure Chest (IRE)"	"8.00"	"12.5"	"Handicap Hurdle"	"14"	"16"	"Shortall, Shane"	"OBrien, Joseph Patrick"
"18:15:00"	"2017-08-04"	"Galway"	"Marchese Marconi (IRE)"	"33.00"	"120.26"	"Handicap Chase"	"16"	"19"	"Madden, N P"	"OBrien, Joseph Patrick"
"17:10:00"	"2017-08-04"	"Galway"	"Ceide Fields"	"10.00"	"11"	"Handicap Hurdle"	"10"	"12"	"Ring, Mr A"	"Elliott, Gordon"
"17:55:00"	"2017-07-31"	"Galway"	"Empresario (IRE)"	"25.00"	"48"	"Handicap Hurdle"	"16"	"20"	"Lynch, A E"	"Smith, Matthew J"
"17:30:00"	"2017-07-22"	"Limerick"	"Wilde n Wide (IRE)"	"20.00"	"51.34"	"Handicap Chase"	"10"	"16"	"Browne, Barry"	"McNamara, A J"
"18:55:00"	"2017-07-21"	"Kilbeggan"	"Sackfullofdreams (IRE)"	"33.00"	"95"	"Handicap Hurdle"	"6"	"8"	"Lynch, A E"	"OGrady, E J"
"19:55:00"	"2017-07-11"	"Roscommon"	"Presenting Julio (IRE)"	"6.00"	"12.89"	"Handicap Hurdle"	"1"	"14"	"Meyler, D"	"Elliott, Gordon"
"14:00:00"	"2017-07-09"	"Limerick"	"Afatcat"	"20.00"	"70"	"Hurdle"	"5"	"15"	"Dunne, R T"	"Mahon, S J"
"19:00:00"	"2017-06-26"	"Kilbeggan"	"Country Capers (IRE)"	"25.00"	"85"	"Handicap Hurdle"	"11"	"16"	"Enright, P T"	"Ryan, Stephen"
"14:15:00"	"2017-06-24"	"Gowran Park"	"Megara"	"33.00"	"238.06"	"Maiden Hurdle"	"9"	"13"	"OSullivan, James"	"Rothwell, P J"
"16:50:00"	"2017-06-17"	"Downpatrick"	"Canova (IRE)"	"25.00"	"84.1"	"Handicap Hurdle"	"4"	"14"	"Perry, Mr Seamus"	"Elliott, Gordon"
"20:10:00"	"2017-06-13"	"Roscommon"	"Making Shapes"	"20.00"	"34"	"Handicap Hurdle"	"PU"	"17"	"Townend, P"	"Byrnes, C"
"19:10:00"	"2017-06-13"	"Roscommon"	"Just Go (IRE)"	"33.00"	"279.2"	"Handicap Hurdle"	"7"	"17"	"Timmons, C D"	"OBrien, V T"
"19:00:00"	"2017-06-03"	"Tramore"	"Oath Breaker (IRE)"	"9.00"	"10.73"	"Maiden Hurdle"	"3"	"13"	"McGarvey, J S"	"OBrien, Joseph Patrick"
"19:45:00"	"2017-06-02"	"Tramore"	"Emigrated (IRE)"	"20.00"	"36.79"	"Handicap Hurdle"	"8"	"15"	"Kane, J B"	"Cromwell, Gavin Patrick"
"19:35:00"	"2017-05-19"	"Downpatrick"	"Kilclispeen (IRE)"	"8.00"	"9.84"	"Handicap Chase"	"1"	"13"	"McGarvey, J S"	"OBrien, Joseph Patrick"
"19:30:00"	"2017-05-12"	"Kilbeggan"	"Rise Of An Empire (IRE)"	"4.00"	"6.96"	"Beginners Chase"	"5"	"12"	"Cooper, Bryan J"	"Meade, Noel"
"17:15:00"	"2017-05-12"	"Kilbeggan"	"Investmentsuccess (IRE)"	"14.00"	"23.79"	"Maiden Hurdle"	"PU"	"16"	"ORegan, Denis"	"Fleming, A"
"19:30:00"	"2017-05-08"	"Roscommon"	"Thomond (IRE)"	"4.00"	"5.3"	"Handicap Chase"	"2"	"9"	"Flanagan, S W"	"Meade, Noel"
"18:50:00"	"2017-05-05"	"Downpatrick"	"Presenting Julio (IRE)"	"1.50"	"2.8"	"Handicap Hurdle"	"1"	"13"	"Codd, Mr J J"	"Elliott, Gordon"
"19:50:00"	"2017-05-02"	"Ballinrobe"	"Cliffside Park (IRE)"	"25.00"	"36"	"Beginners Chase"	"7"	"10"	"OConnell, Mr B T"	"Doyle, Eoin"
"15:35:00"	"2017-05-01"	"Down Royal"	"Winter Lion (IRE)"	"5.00"	"6.2"	"Beginners Chase"	"2"	"11"	"Slevin, J J"	"Smith, Matthew J"
"16:10:00"	"2017-04-18"	"Fairyhouse"	"New To This Town (IRE)"	"8.00"	"10.23"	"Handicap Novices Hurdle"	"12"	"19"	"Power, R M"	"Harrington, Mrs John"
"15:50:00"	"2017-04-17"	"Fairyhouse"	"Thebarrowman (IRE)"	"33.00"	"74.55"	"Handicap Hurdle"	"5"	"17"	"Loughran, R"	"Keatley, Adrian Paul"
"17:20:00"	"2017-04-16"	"Cork"	"Stolberg (IRE)"	"25.00"	"80"	"Handicap Hurdle"	"15"	"20"	"McInerney, Donal J"	"McNamara, A J"
"15:35:00"	"2017-04-16"	"Cork"	"Baily Moon (IRE)"	"16.00"	"33.14"	"Beginners Chase"	"F"	"9"	"Enright, M A"	"Morris, M F"
"18:15:00"	"2017-04-10"	"Tramore"	"Prince Garyantle (IRE)"	"10.00"	"13.5"	"Handicap Hurdle"	"1"	"16"	"Lynch, A E"	"Smith, Matthew J"
"17:10:00"	"2017-04-02"	"Fairyhouse"	"Old Time Melody (IRE)"	"16.00"	"35.8"	"Handicap Hurdle"	"12"	"18"	"Fox, Mr G N"	"Cooper, Thomas"
"16:30:00"	"2017-03-25"	"Thurles"	"Uptake"	"50.00"	"82.77"	"Beginners Chase"	"PU"	"10"	"Maxwell, C D"	"McLoughlin, D A"
"16:30:00"	"2017-03-18"	"Limerick"	"Cornelius Sulla (IRE)"	"7.00"	"10.5"	"NH Flat"	"9"	"13"	"Obrien, Miss S"	"OBrien, Joseph Patrick"
"15:55:00"	"2017-03-18"	"Limerick"	"Mount Masada (IRE)"	"28.00"	"40"	"Handicap Hurdle"	"5"	"14"	"Slevin, J J"	"Fitzgerald, D E"
"14:30:00"	"2017-03-17"	"Down Royal"	"Tikkereasy (IRE)"	"16.00"	"49.71"	"Handicap Hurdle"	"F"	"18"	"Smith, K M"	"McParlan, S"
"15:00:00"	"2017-02-22"	"Punchestown"	"Louie The Second (IRE)"	"25.00"	"80"	"Maiden Hurdle"	"8"	"18"	"Loughran, R"	"Hughes, Sandra"
"14:20:00"	"2017-02-04"	"Fairyhouse"	"Festive Day (IRE)"	"25.00"	"75.7"	"Handicap Chase"	"PU"	"12"	"Burke, Jonathan"	"Lee, Norman"
"15:30:00"	"2016-09-29"	"Clonmel"	"Festive Day (IRE)"	"33.00"	"62.58"	"Handicap Hurdle"	"13"	"14"	"Kane, J B"	"Lee, Norman"
"15:05:00"	"2016-09-28"	"Sligo"	"Hellofado (IRE)"	"7.00"	"9.28"	"Handicap Novices Chase"	"5"	"6"	"Blackmore, Rachael"	"Monroe, John"
"16:55:00"	"2016-09-23"	"Downpatrick"	"Redclue (IRE)"	"3.50"	"5.6"	"Handicap Chase"	"4"	"15"	"Donoghue, K M"	"Callaghan, Mrs G"
"14:35:00"	"2016-09-23"	"Downpatrick"	"Mariens All Star (IRE)"	"20.00"	"104.04"	"Handicap Hurdle"	"8"	"15"	"McCurtin, Ambrose"	"Gannon, Miss M M"
"16:20:00"	"2016-09-20"	"Ballinrobe"	"Fightforyourdreams (IRE)"	"33.00"	"180"	"Handicap Hurdle"	"4"	"16"	"McCarthy, I J"	"Lawlor, Noel"
"18:25:00"	"2016-09-08"	"Clonmel"	"The Shaughraun (IRE)"	"16.00"	"20.2"	"Handicap Hurdle"	"4"	"18"	"OConnell, Mr E J"	"OConnell, Eamon"
"18:40:00"	"2016-09-02"	"Kilbeggan"	"All The Sevens (IRE)"	"25.00"	"55"	"Beginners Chase"	"PU"	"13"	"Madden, N P"	"Brassil, Martin"
"19:30:00"	"2016-08-29"	"Roscommon"	"Phar Island (IRE)"	"20.00"	"34.31"	"Handicap Hurdle"	"15"	"18"	"ORegan, Denis"	"Mullins, Thomas"
"16:45:00"	"2016-08-29"	"Downpatrick"	"Hazinowings (IRE)"	"16.00"	"26"	"Maiden Hurdle"	"PU"	"7"	"Maxwell, C D"	"McLoughlin, D A"
"14:50:00"	"2016-08-14"	"Tramore"	"Intifadah (IRE)"	"25.00"	"38.19"	"Maiden Hurdle"	"1"	"9"	"Burke, Jonathan"	"Griffin, Patrick"
"17:10:00"	"2016-08-11"	"Tramore"	"Plinth (IRE)"	"6.00"	"8.21"	"Beginners Chase"	"8"	"11"	"McGarvey, J S"	"OBrien, Joseph Patrick"
"19:30:00"	"2016-08-06"	"Kilbeggan"	"Kilclispeen (IRE)"	"22.00"	"46"	"Beginners Chase"	"14"	"14"	"McGarvey, J S"	"OBrien, Joseph Patrick"
"20:10:00"	"2016-08-02"	"Roscommon"	"Baily Moon (IRE)"	"28.00"	"53.71"	"Handicap Hurdle"	"14"	"16"	"Enright, M A"	"Morris, M F"
"16:45:00"	"2016-07-28"	"Galway"	"Tigris River (IRE)"	"8.00"	"11.36"	"Handicap Hurdle"	"5"	"20"	"Walsh, M P"	"OBrien, Joseph Patrick"
"14:25:00"	"2016-07-28"	"Galway"	"Baily Cloud (IRE)"	"11.00"	"16.5"	"Novices Chase"	"5"	"8"	"Enright, M A"	"Morris, M F"
"13:50:00"	"2016-07-28"	"Galway"	"Scamall Dubh (IRE)"	"66.00"	"322.96"	"Beginners Chase"	"1"	"16"	"Enright, M A"	"Morris, M F"
"19:00:00"	"2016-07-19"	"Ballinrobe"	"Fairymount Boy (IRE)"	"16.00"	"18.73"	"Handicap Hurdle"	"7"	"14"	"Lynch, A E"	"Hourigan, Michael P"
"18:00:00"	"2016-07-19"	"Ballinrobe"	"Holy Water (IRE)"	"25.00"	"57.68"	"Maiden Hurdle"	"6"	"10"	"Cash, B M"	"Fowler, Mrs Lorna"
"19:25:00"	"2016-07-15"	"Kilbeggan"	"Racing Again (IRE)"	"20.00"	"34"	"Handicap Hurdle"	"14"	"15"	"Loughran, R"	"OKeeffe, Cornelius"
"14:25:00"	"2016-07-10"	"Sligo"	"Cradle Mountain (IRE)"	"1.63"	"2.8"	"Maiden Hurdle"	"2"	"12"	"McGarvey, J S"	"OBrien, Joseph Patrick"
"14:15:00"	"2016-07-03"	"Limerick"	"Seven Nation Army (IRE)"	"4.00"	"5.69"	"Maiden Hurdle"	"2"	"18"	"Lynch, A E"	"Bromhead, Henry De"
"20:30:00"	"2016-06-14"	"Roscommon"	"Authorized Cadeaux"	"16.00"	"26"	"Handicap Hurdle"	"PU"	"17"	"Kennedy, J W"	"Elliott, Gordon"
"18:05:00"	"2016-06-10"	"Clonmel"	"Pageantry (IRE)"	"12.00"	"15.46"	"Handicap Hurdle"	"8"	"15"	"Blackmore, Rachael"	"Sheehy, E"
"18:05:00"	"2016-06-10"	"Clonmel"	"Secrets Safe (IRE)"	"9.00"	"14.68"	"Handicap Hurdle"	"10"	"15"	"Hayes, Brian"	"Hanlon, John Joseph"
"15:20:00"	"2016-06-05"	"Kilbeggan"	"Pacelli Road (IRE)"	"9.00"	"12.5"	"Handicap Hurdle"	"10"	"13"	"Walsh, M P"	"Broderick, J P"
"20:15:00"	"2016-06-03"	"Tramore"	"Cabarete (IRE)"	"16.00"	"26.05"	"Handicap Hurdle"	"1"	"16"	"Flanagan, S W"	"Fogarty, Aidan F"
"20:15:00"	"2016-06-03"	"Tramore"	"Gold Class"	"14.00"	"21.29"	"Handicap Hurdle"	"2"	"16"	"Moore, J M"	"Hennessy, Robert Alan"
"18:50:00"	"2016-06-01"	"Punchestown"	"Do Be Doin (IRE)"	"33.00"	"77.4"	"Handicap Chase"	"8"	"12"	"Hassett, S J"	"Hassett, Martin"
"19:40:00"	"2016-05-19"	"Clonmel"	"Kicker King (IRE)"	"33.00"	"75.23"	"Handicap Hurdle"	"PU"	"17"	"Enright, P T"	"OSullivan, Eugene M"
"15:10:00"	"2016-05-14"	"Punchestown"	"Vote Of Confidence (USA)"	"16.00"	"21.33"	"Handicap Hurdle"	"3"	"25"	"Kennedy, J W"	"Elliott, Gordon"
"16:50:00"	"2016-05-08"	"Limerick"	"Hop In (IRE)"	"20.00"	"40.43"	"Handicap Chase"	"6"	"16"	"Walsh, M P"	"Moore, A L T"
"18:25:00"	"2016-05-06"	"Downpatrick"	"Vincent (IRE)"	"9.00"	"10.5"	"Handicap Hurdle"	"10"	"15"	"Fox, Derek R"	"McNiff, Mark Michael"
"18:05:00"	"2016-05-03"	"Ballinrobe"	"Definite Earl (IRE)"	"7.00"	"7.8"	"Hurdle"	"3"	"9"	"Colgan, R C"	"Broad, D"
"16:25:00"	"2016-04-30"	"Punchestown"	"Ivanovich Gorbatov (IRE)"	"3.00"	"4.42"	"Hurdle"	"3"	"5"	"Geraghty, B J"	"OBrien, A P"
"18:55:00"	"2016-04-20"	"Fairyhouse"	"Fine Article (IRE)"	"2.25"	"3.47"	"Novices Chase"	"PU"	"6"	"Power, R M"	"Nolan, Paul"
"17:25:00"	"2016-04-20"	"Fairyhouse"	"Gold Class"	"16.00"	"36.42"	"Handicap Hurdle"	"13"	"16"	"Kennedy, J W"	"Hennessy, Robert Alan"
"18:55:00"	"2016-04-15"	"Ballinrobe"	"Captain Hox (IRE)"	"4.00"	"6.8"	"Novices Chase"	"3"	"5"	"Fox, Mr A J"	"Griffin, Patrick"
"16:10:00"	"2016-03-31"	"Clonmel"	"Alamein (IRE)"	"2.25"	"3.49"	"Maiden Hurdle"	"1"	"12"	"Cooper, Bryan J"	"Morris, M F"
"18:05:00"	"2016-03-29"	"Fairyhouse"	"Sydney Paget (IRE)"	"1.20"	"2.17"	"Hunters Chase"	"1"	"8"	"Quinlan, Mr R P"	"Doyle, P M J"
"17:05:00"	"2016-03-20"	"Downpatrick"	"Kinley (IRE)"	"25.00"	"45.69"	"Maiden Hunters Chase"	"8"	"9"	"Queally, Mr D L"	"Ferguson, I R"
"14:40:00"	"2016-03-17"	"Down Royal"	"Glenbank King (IRE)"	"33.00"	"93.02"	"Handicap Hurdle"	"8"	"14"	"Johnson, Alison"	"Watson, R K"
"16:00:00"	"2016-02-20"	"Fairyhouse"	"Fine Theatre (IRE)"	"1.75"	"2.76"	"Beginners Chase"	"PU"	"6"	"Russell, D N"	"Nolan, Paul"
"16:35:00"	"2016-02-13"	"Gowran Park"	"Harangue (IRE)"	"50.00"	"113.09"	"Handicap Hurdle"	"10"	"11"	"Enright, P T"	"Gilligan, Paul John"
"14:35:00"	"2015-09-25"	"Downpatrick"	"Ullswater (IRE)"	"6.00"	"10.47"	"Handicap Hurdle"	"3"	"15"	"Donoghue, K M"	"Elliott, Gordon"
"16:40:00"	"2015-08-31"	"Downpatrick"	"Don Vincenzo (IRE)"	"14.00"	"15.27"	"Handicap Hurdle"	"1"	"7"	"Flanagan, S W"	"Bowe, Colin"
"15:30:00"	"2015-08-30"	"Cork"	"Captains And Kings (IRE)"	"6.00"	"8.15"	"Handicap Hurdle"	"6"	"12"	"Kane, J B"	"Joyce, Adrian Brendan"
"19:05:00"	"2015-08-28"	"Down Royal"	"Mustadrik (USA)"	"8.00"	"11.24"	"Handicap Hurdle"	"3"	"10"	"Carberry, P"	"Elliott, Gordon"
"20:30:00"	"2015-08-18"	"Sligo"	"Mon Carlos (IRE)"	"14.00"	"20.32"	"Handicap Hurdle"	"3"	"15"	"Carberry, P"	"Mahon, S J"
"14:20:00"	"2015-08-16"	"Tramore"	"Zagelle (IRE)"	"4.50"	"6"	"Maiden Hurdle"	"PU"	"8"	"Lynch, A E"	"Bromhead, Henry De"
"17:40:00"	"2015-08-13"	"Tramore"	"Island Villa (IRE)"	"20.00"	"44"	"Beginners Chase"	"3"	"7"	"Hogan, D G"	"Hogan, Denis Gerard"
"18:40:00"	"2015-08-10"	"Ballinrobe"	"Summers King (IRE)"	"16.00"	"30"	"Handicap Hurdle"	"4"	"16"	"Ring, Mr A"	"Carey, Patrick"
"18:40:00"	"2015-08-10"	"Ballinrobe"	"Two Euro Luck (IRE)"	"20.00"	"39.37"	"Handicap Hurdle"	"11"	"16"	"Dalton, B R"	"McDonagh, Kevin"
"18:40:00"	"2015-08-10"	"Ballinrobe"	"Coolnagorna Giggs (IRE)"	"20.00"	"42"	"Handicap Hurdle"	"12"	"16"	"Shortall, Shane"	"Hogan, T"
"15:35:00"	"2015-08-09"	"Downpatrick"	"Havelock Ellis"	"10.00"	"17.84"	"Handicap Hurdle"	"12"	"13"	"Ring, Mr A"	"Levins, J F"
"18:30:00"	"2015-08-08"	"Kilbeggan"	"What About Harry (IRE)"	"25.00"	"65"	"Handicap Hurdle"	"13"	"16"	"Lynch, A E"	"Cleary, Thomas"
"18:40:00"	"2015-08-04"	"Roscommon"	"Scamall Dubh (IRE)"	"11.00"	"15.5"	"Handicap Hurdle"	"5"	"18"	"Enright, M A"	"Morris, M F"
"14:35:00"	"2015-08-03"	"Cork"	"Cracking Man (IRE) (OLD)"	"20.00"	"46.76"	"Handicap Hurdle"	"11"	"15"	"Colgan, R C"	"OHare, Michael"
"14:15:00"	"2015-08-02"	"Galway"	"Pacelli Road (IRE)"	"8.00"	"19.92"	"Handicap Hurdle"	"12"	"15"	"McGarvey, J S"	"Broderick, J P"
"18:50:00"	"2015-07-21"	"Ballinrobe"	"Afatcat"	"8.00"	"9.87"	"Handicap Hurdle"	"4"	"10"	"Carberry, P"	"Mahon, S J"
"17:50:00"	"2015-07-21"	"Ballinrobe"	"Solent Lad (USA)"	"28.00"	"82.72"	"Maiden Hurdle"	"6"	"14"	"McCarthy, I J"	"Carr, John G"
"17:45:00"	"2015-07-14"	"Downpatrick"	"Allthedollars (IRE)"	"20.00"	"22.96"	"Handicap Hurdle"	"11"	"12"	"Sexton, K C"	"Rothwell, P J"
"17:45:00"	"2015-07-14"	"Downpatrick"	"Pageantry (IRE)"	"33.00"	"44"	"Handicap Hurdle"	"12"	"12"	"McGarvey, J S"	"Byrne, L"
"19:35:00"	"2015-07-07"	"Roscommon"	"Bawntameena (IRE)"	"25.00"	"35.36"	"Handicap Hurdle"	"4"	"17"	"Cawley, Mr B F"	"Hayes, William"
"20:30:00"	"2015-06-22"	"Kilbeggan"	"Harangue (IRE)"	"8.00"	"10"	"Handicap Chase"	"1"	"12"	"Mullins, David"	"Gilligan, Paul John"
"16:35:00"	"2015-06-20"	"Gowran Park"	"Aqua Regia (IRE)"	"50.00"	"114.72"	"Handicap Hurdle"	"PU"	"20"	"Townend, P"	"McCutcheon, Miss Evanna"
"19:55:00"	"2015-06-19"	"Down Royal"	"Easter Hunt (IRE)"	"9.00"	"13.5"	"Beginners Chase"	"F"	"8"	"Crimin, S J"	"Morris, M F"
"19:25:00"	"2015-06-19"	"Down Royal"	"Harrys Summer (USA)"	"20.00"	"39.06"	"Handicap Hurdle"	"14"	"17"	"Cooper, Bryan J"	"Elliott, Gordon"
"18:20:00"	"2015-06-19"	"Down Royal"	"Gretzky"	"12.00"	"28.42"	"Maiden Hurdle"	"4"	"13"	"Smith, K M"	"Smith, Matthew J"
"20:15:00"	"2015-06-09"	"Roscommon"	"Hawkers Son (IRE)"	"33.00"	"140"	"Handicap Hurdle"	"13"	"17"	"Kennedy, J W"	"Kennedy, Michael G"
"19:45:00"	"2015-06-09"	"Roscommon"	"From Frost"	"8.00"	"14.9"	"Handicap Hurdle"	"2"	"11"	"Kennedy, J W"	"Elliott, Gordon"
"19:50:00"	"2015-06-06"	"Limerick"	"Shadow Catcher"	"10.00"	"13.84"	"Beginners Chase"	"1"	"15"	"Sexton, K C"	"Elliott, Gordon"
"19:20:00"	"2015-06-05"	"Downpatrick"	"Edeymi (IRE)"	"3.50"	"5.5"	"Beginners Chase"	"F"	"8"	"Cooper, Bryan J"	"Martin, A J"
"18:15:00"	"2015-06-05"	"Downpatrick"	"Bye Bye O Bye (IRE)"	"10.00"	"11.5"	"Handicap Hurdle"	"6"	"11"	"Enright, M A"	"Kelly, Muredach"
"14:50:00"	"2015-05-31"	"Kilbeggan"	"Mellifont Abbey (IRE)"	"100.00"	"1000"	"Maiden Hurdle"	"7"	"12"	"Maxwell, C D"	"Carr, John G"
"18:05:00"	"2015-05-30"	"Tramore"	"Karlidi (USA)"	"66.00"	"649.31"	"Maiden Hurdle"	"PU"	"10"	"McCarthy, I J"	"Nolan, S T"
"19:30:00"	"2015-05-20"	"Sligo"	"Mr Cosmopolitan (IRE)"	"14.00"	"22.05"	"Handicap Hurdle"	"3"	"12"	"Cash, B M"	"Dreaper, J T R"
"15:15:00"	"2015-05-16"	"Punchestown"	"Generous Bond (IRE)"	"50.00"	"106.93"	"Handicap Hurdle"	"3"	"24"	"OSullivan, James"	"James, Thomas"
"14:40:00"	"2015-05-16"	"Punchestown"	"Charlie Swift (IRE)"	"66.00"	"171.13"	"Maiden Hurdle"	"13"	"18"	"Lynch, A E"	"Halley, Vincent Laurence"
"18:45:00"	"2015-05-15"	"Kilbeggan"	"The Pounds (IRE)"	"12.00"	"14.5"	"Handicap Hurdle"	"6"	"14"	"Foley, Mr P T"	"Foley, Thomas"
"17:20:00"	"2015-05-08"	"Downpatrick"	"All Day Long (IRE)"	"14.00"	"27.07"	"Maiden Hurdle"	"5"	"8"	"Walsh, M P"	"OGrady, E J"
"15:10:00"	"2015-05-02"	"Punchestown"	"Sword Fish (IRE)"	"33.00"	"50"	"Handicap Chase"	"PU"	"20"	"Crowe, A P"	"Roche, C"
"17:30:00"	"2015-04-29"	"Punchestown"	"Cue Card"	"12.00"	"13.59"	"Chase"	"4"	"8"	"Coleman, A"	"Tizzard, C L"
"18:25:00"	"2015-04-22"	"Fairyhouse"	"Fort Smith (IRE)"	"2.75"	"4.1"	"Beginners Chase"	"3"	"7"	"Cooper, Bryan J"	"Elliott, Gordon"
"17:25:00"	"2015-04-22"	"Fairyhouse"	"Gold Class"	"33.00"	"117.69"	"Handicap Hurdle"	"21"	"25"	"Burke, Jonathan"	"Hennessy, Robert Alan"
"16:30:00"	"2015-04-10"	"Wexford"	"Bye Bye O Bye (IRE)"	"5.50"	"8"	"Handicap Hurdle"	"5"	"16"	"Shortall, Shane"	"Kelly, Muredach"
"18:35:00"	"2015-04-02"	"Clonmel"	"Baily Green (IRE)"	"12.00"	"14"	"Chase"	"2"	"6"	"Enright, M A"	"Morris, M F"
"16:35:00"	"2015-03-26"	"Cork"	"Italian Riviera"	"16.00"	"31.11"	"Handicap Hurdle"	"PU"	"19"	"Linehan, Mr B M"	"McNamara, E"
"16:20:00"	"2015-03-22"	"Downpatrick"	"Halls Bridge (IRE)"	"9.00"	"14.5"	"Handicap Chase"	"5"	"9"	"McDermott, S G"	"Ryder, Shane Kieran"
"17:20:00"	"2015-03-17"	"Down Royal"	"Der Kaiser (IRE)"	"8.00"	"13"	"Hunters Chase"	"3"	"9"	"Lavery, Mr D G"	"Magee, Stephen Francis"
"16:50:00"	"2015-03-04"	"Downpatrick"	"Illusion Of Time (IRE) (OLD)"	"14.00"	"22"	"Hunters Chase"	"3"	"8"	"ONeill, Mr B"	"Watson, R K"
"15:50:00"	"2015-03-04"	"Downpatrick"	"Virgil Hilts (IRE)"	"25.00"	"40"	"Handicap Hurdle"	"11"	"15"	"Bolger, M J"	"McConnell, John C"
"15:05:00"	"2015-02-12"	"Thurles"	"Moss Grove (IRE)"	"10.00"	"11.5"	"Handicap Chase"	"7"	"17"	"Lynch, A E"	"Fehily, Eamonn"
"15:10:00"	"2015-02-10"	"Clonmel"	"Bawntameena (IRE)"	"25.00"	"63.8"	"Handicap Hurdle"	"4"	"18"	"Ring, Mr A"	"Hayes, William"
"15:40:00"	"2014-09-26"	"Downpatrick"	"Doc Hollywood (IRE)"	"4.00"	"5.4"	"Beginners Chase"	"2"	"11"	"Geraghty, B J"	"Callaghan, Mrs G"
"14:35:00"	"2014-09-26"	"Downpatrick"	"High Net Worth"	"6.00"	"8"	"Handicap Hurdle"	"1"	"10"	"Sexton, K C"	"Elliott, Gordon"
"18:20:00"	"2014-08-29"	"Down Royal"	"Catchin Time (IRE)"	"25.00"	"44.89"	"Handicap Hurdle"	"10"	"16"	"Ring, Mr A"	"Rothwell, P J"
"18:40:00"	"2014-08-26"	"Ballinrobe"	"Shrapnel (IRE)"	"16.00"	"24"	"Chase"	"5"	"5"	"Condon, D J"	"Elliott, Gordon"
"19:25:00"	"2014-08-22"	"Kilbeggan"	"Slidecheck (IRE)"	"20.00"	"27.86"	"Handicap Chase"	"6"	"13"	"McCarthy, I J"	"McNiff, Mark Michael"
"15:50:00"	"2014-08-17"	"Tramore"	"Corr Point (IRE)"	"8.00"	"13"	"Maiden Hurdle"	"4"	"12"	"ONeill, Mr B"	"Murphy, C A"
"17:50:00"	"2014-08-10"	"Downpatrick"	"Bonis Amici (IRE)"	"16.00"	"31.04"	"NH Flat"	"PU"	"10"	"Maguire, Mr F"	"Morgan, Ms Joanna"
"19:30:00"	"2014-08-09"	"Kilbeggan"	"Time To Work (IRE)"	"4.50"	"7.45"	"Beginners Chase"	"F"	"9"	"Condon, D J"	"Elliott, Gordon"
"19:35:00"	"2014-08-05"	"Roscommon"	"Carlos Fandango (IRE)"	"16.00"	"22"	"Handicap Chase"	"F"	"16"	"Casey, D J"	"Stanners, Edward"
"14:45:00"	"2014-08-03"	"Galway"	"An Capall Mor (IRE)"	"40.00"	"141.1"	"Handicap Hurdle"	"PU"	"16"	"Banks, Mr J"	"Middleton, A"
"14:15:00"	"2014-08-03"	"Galway"	"Mon Carlos (IRE)"	"50.00"	"97.87"	"Handicap Hurdle"	"8"	"15"	"Dempsey, Luke"	"Mahon, S J"
"18:45:00"	"2014-07-25"	"Wexford"	"Wyndcrest (IRE)"	"16.00"	"18.04"	"Handicap Hurdle"	"6"	"16"	"Loughran, R"	"OShaughnessy, John"
"18:45:00"	"2014-07-25"	"Wexford"	"Rising Altitude (IRE)"	"16.00"	"34"	"Handicap Hurdle"	"10"	"16"	"Sexton, K C"	"Nolan, Paul"
"18:35:00"	"2014-07-24"	"Limerick"	"Native Son (IRE)"	"33.00"	"271.01"	"Handicap Hurdle"	"13"	"16"	"Cash, B M"	"Flannery, M"
"20:05:00"	"2014-07-21"	"Ballinrobe"	"Moonlone Lane (IRE)"	"33.00"	"55"	"Handicap Hurdle"	"12"	"16"	"Fox, Mr G N"	"Stafford, Paul"
"21:00:00"	"2014-07-18"	"Kilbeggan"	"Puddle Alley (USA)"	"50.00"	"362.86"	"NH Flat"	"8"	"9"	"Gault, Mr N"	"Young, George"
"15:50:00"	"2014-07-14"	"Downpatrick"	"House Limit (IRE)"	"3.00"	"4"	"Handicap Hurdle"	"2"	"11"	"Maxwell, C D"	"Larkin, J"
"19:50:00"	"2014-07-08"	"Roscommon"	"He Is Top Class (IRE)"	"11.00"	"18"	"Handicap Hurdle"	"1"	"17"	"Sexton, K C"	"Hassett, Donal"
"19:20:00"	"2014-07-08"	"Roscommon"	"Georgie"	"11.00"	"15.45"	"Handicap Hurdle"	"6"	"9"	"Enright, M A"	"Cullinane, M O"
"20:00:00"	"2014-06-23"	"Kilbeggan"	"Down Time (USA)"	"12.00"	"22.57"	"Handicap Hurdle"	"1"	"16"	"Hayes, Brian"	"Hanlon, John Joseph"
"16:55:00"	"2014-06-21"	"Gowran Park"	"Acapulco Gold (IRE)"	"14.00"	"24"	"Handicap Hurdle"	"2"	"14"	"Sexton, K C"	"Nolan, Paul"
"19:40:00"	"2014-06-20"	"Down Royal"	"Carnglave Cat (IRE)"	"12.00"	"14.16"	"Beginners Chase"	"5"	"7"	"McDermott, S G"	"Cosgrave, J G"
"18:45:00"	"2014-06-10"	"Roscommon"	"Drive The Bus (IRE)"	"33.00"	"94.36"	"Handicap Hurdle"	"6"	"18"	"Hogan, D G"	"Hogan, Denis Gerard"
"18:40:00"	"2014-06-06"	"Downpatrick"	"Paddy O Dee"	"16.00"	"26.95"	"Handicap Hurdle"	"7"	"12"	"Fox, Mr G N"	"Rothwell, P J"
"18:10:00"	"2014-06-06"	"Downpatrick"	"Porterman (IRE)"	"33.00"	"113.35"	"Handicap Hurdle"	"11"	"14"	"Maxwell, C D"	"McLoughlin, D A"
"19:30:00"	"2014-05-27"	"Ballinrobe"	"Pyrus Gold Wind (IRE)"	"20.00"	"47.59"	"Handicap Hurdle"	"4"	"11"	"Carberry, P"	"Mahon, S J"
"18:10:00"	"2014-05-09"	"Downpatrick"	"Native Court (IRE)"	"12.00"	"18.92"	"Handicap Hurdle"	"8"	"15"	"Fox, Derek R"	"McNiff, Mark Michael"
"19:10:00"	"2014-05-06"	"Fairyhouse"	"No More Vino (IRE)"	"66.00"	"697.52"	"Beginners Chase"	"F"	"14"	"Bolger, M J"	"Watson, R K"
"14:55:00"	"2014-05-05"	"Down Royal"	"Winter Music (IRE)"	"20.00"	"30"	"Handicap Hurdle"	"F"	"14"	"Condon, D J"	"Elliott, Gordon"
"14:50:00"	"2014-04-27"	"Limerick"	"Hes Our Man (IRE)"	"20.00"	"32.9"	"Handicap Hurdle"	"4"	"18"	"Fox, Mr G N"	"OSullivan, Ross"
"18:35:00"	"2014-04-14"	"Tramore"	"Moss Grove (IRE)"	"14.00"	"24"	"Handicap Chase"	"15"	"16"	"Condon, D J"	"Fehily, Eamonn"
"17:30:00"	"2014-03-27"	"Cork"	"Noble Pageant (IRE)"	"33.00"	"122.04"	"Handicap Hurdle"	"PU"	"21"	"Colgan, R C"	"Mahon, S J"
"15:55:00"	"2014-03-27"	"Cork"	"Dr Kildare"	"20.00"	"42.64"	"Handicap Hurdle"	"16"	"18"	"Colgan, R C"	"Mahon, S J"
"16:20:00"	"2014-03-15"	"Limerick"	"Udos Choice (IRE)"	"22.00"	"46"	"Handicap Hurdle"	"7"	"18"	"Enright, M A"	"Rothwell, P J"
"17:05:00"	"2013-09-27"	"Downpatrick"	"Claragh Native (IRE)"	"3.50"	"5.1"	"Beginners Chase"	"3"	"14"	"Russell, D N"	"Moore, A L T"
"17:25:00"	"2013-09-10"	"Galway"	"Aranhill Chief (IRE)"	"20.00"	"40"	"Novices Hurdle"	"4"	"7"	"Dunne, R T"	"Mahon, S J"
"15:05:00"	"2013-08-26"	"Downpatrick"	"Daytime Dreamer (IRE)"	"12.00"	"23.82"	"Handicap Hurdle"	"1"	"15"	"McKenna, Liam"	"Lambe, J J"
"15:25:00"	"2013-08-25"	"Cork"	"City Line (IRE)"	"8.00"	"10.12"	"Handicap Hurdle"	"7"	"12"	"Shortall, Shane"	"Thornton, Karl"
"16:55:00"	"2013-08-18"	"Tramore"	"Island Peak (IRE)"	"8.00"	"15.5"	"Handicap Chase"	"6"	"9"	"Cawley, Mr B F"	"OConnor, Michael John"
"19:20:00"	"2013-08-17"	"Tramore"	"The Book Thief (IRE)"	"16.00"	"34"	"Handicap Chase"	"3"	"15"	"Splaine, D E"	"OGrady, Eoghan"
"17:05:00"	"2013-08-17"	"Tramore"	"King High (IRE)"	"14.00"	"31.68"	"Hurdle"	"3"	"4"	"Townend, P"	"Doyle, Eoin"
"20:25:00"	"2013-08-10"	"Kilbeggan"	"Sanndiyr (IRE)"	"33.00"	"120.52"	"NH Flat"	"12"	"16"	"Carroll, Mr J T"	"Hanlon, John Joseph"
"18:25:00"	"2013-08-10"	"Kilbeggan"	"Toms Last Euro (IRE)"	"12.00"	"14.34"	"Handicap Hurdle"	"10"	"14"	"Lynch, A E"	"Slevin, Miss Frances"
"20:15:00"	"2013-08-08"	"Sligo"	"Western Star (IRE)"	"16.00"	"40.11"	"Maiden Hurdle"	"3"	"11"	"Cash, B M"	"Howard, Aidan Anthony"
"18:35:00"	"2013-08-08"	"Sligo"	"Georgie"	"10.00"	"16.01"	"Handicap Hurdle"	"6"	"15"	"Maxwell, C D"	"Cullinane, M O"
"18:20:00"	"2013-08-06"	"Roscommon"	"Porlock Bay (IRE)"	"33.00"	"89.12"	"Handicap Hurdle"	"12"	"17"	"Cash, B M"	"Ross, Cecil"
"15:50:00"	"2013-08-05"	"Cork"	"He Is Top Class (IRE)"	"12.00"	"19.79"	"Handicap Hurdle"	"F"	"20"	"Russell, D N"	"Hassett, Donal"
"13:50:00"	"2013-08-01"	"Galway"	"Refused A Name"	"50.00"	"379.62"	"Beginners Chase"	"5"	"13"	"Hayes, Brian"	"Hanlon, John Joseph"
"15:35:00"	"2013-07-31"	"Galway"	"Pyrus Gold Wind (IRE)"	"25.00"	"64.17"	"Handicap Hurdle"	"1"	"19"	"Dunne, R T"	"Mahon, S J"
"19:35:00"	"2013-07-26"	"Wexford"	"Baily Dusk (IRE)"	"16.00"	"21.5"	"Handicap Chase"	"7"	"15"	"Dalton, B R"	"Morris, M F"
"18:35:00"	"2013-07-26"	"Wexford"	"Corr Point (IRE)"	"8.00"	"12"	"Handicap Hurdle"	"F"	"13"	"Moore, J M"	"Murphy, C A"
"19:00:00"	"2013-07-25"	"Limerick"	"Killdunne (IRE)"	"9.00"	"17.71"	"Handicap Hurdle"	"2"	"18"	"Fennessy, Mr C W"	"Winters, Michael"
"17:25:00"	"2013-07-25"	"Limerick"	"Springfield Grey (IRE)"	"8.00"	"9.08"	"Maiden Hurdle"	"5"	"18"	"Butler, M P"	"Walsh, T G"
"20:25:00"	"2013-07-23"	"Ballinrobe"	"Dr Nana (IRE)"	"20.00"	"47.16"	"Handicap Hurdle"	"10"	"16"	"Dunne, R T"	"Mahon, S J"
"20:25:00"	"2013-07-23"	"Ballinrobe"	"Bluegrass Bid (USA)"	"20.00"	"48"	"Handicap Hurdle"	"PU"	"16"	"OConnell, Mr B T"	"Rothwell, P J"
"19:30:00"	"2013-07-19"	"Kilbeggan"	"Sceptre And Crown (IRE)"	"16.00"	"25.76"	"Handicap Hurdle"	"10"	"16"	"Cullen, J L"	"Morgan, Ms Joanna"
"16:25:00"	"2013-07-14"	"Sligo"	"Vic Liath (IRE)"	"25.00"	"73.35"	"Handicap Hurdle"	"PU"	"14"	"Loughran, R"	"Hayden, J C"
"15:25:00"	"2013-07-14"	"Sligo"	"Clonsilla Fath (IRE)"	"18.00"	"41.65"	"Handicap Hurdle"	"9"	"10"	"Browne, Barry"	"Broad, D"
"19:25:00"	"2013-07-09"	"Roscommon"	"Mollys Captain (IRE)"	"20.00"	"75"	"Handicap Hurdle"	"13"	"18"	"Madden, N P"	"Dempsey, J P"
"20:10:00"	"2013-07-05"	"Wexford"	"Bacher Son (IRE)"	"33.00"	"211.03"	"Beginners Chase"	"PU"	"13"	"Carroll, T C"	"Stafford, Paul"
"19:10:00"	"2013-07-05"	"Wexford"	"Elysian Rock"	"20.00"	"60.76"	"Chase"	"4"	"5"	"Dalton, B R"	"Morris, M F"
"19:10:00"	"2013-07-05"	"Wexford"	"Tillahow (IRE)"	"8.00"	"13.87"	"Chase"	"RR"	"5"	"McGarvey, J S"	"Morris, M F"
"20:30:00"	"2013-06-24"	"Kilbeggan"	"Double Seven (IRE)"	"14.00"	"24"	"Handicap Chase"	"1"	"14"	"Walsh, M P"	"Brassil, Martin"
"19:30:00"	"2013-06-24"	"Kilbeggan"	"Cerveza Dinero"	"7.00"	"13.16"	"Handicap Hurdle"	"1"	"16"	"Hogan, D G"	"Hogan, Denis Gerard"
"14:45:00"	"2013-06-23"	"Gowran Park"	"The Pooky (IRE)"	"50.00"	"449.51"	"Maiden Hurdle"	"PU"	"18"	"McDermott, S G"	"Ryder, Shane Kieran"
"20:15:00"	"2013-06-21"	"Down Royal"	"Carlito Brigante (IRE)"	"12.00"	"25.08"	"Handicap Chase"	"14"	"18"	"Donoghue, K M"	"Elliott, Gordon"
"20:30:00"	"2013-06-14"	"Clonmel"	"Whered Ya Hide It (IRE)"	"16.00"	"32"	"Handicap Chase"	"9"	"12"	"Crowe, A P"	"Hogan, Denis Gerard"
"19:50:00"	"2013-06-10"	"Roscommon"	"Monastrell"	"16.00"	"38.46"	"Chase"	"6"	"6"	"Lynch, A E"	"Christie, D M"
"18:10:00"	"2013-05-24"	"Cork"	"Shadow Catcher"	"2.00"	"3.43"	"Hurdle"	"3"	"5"	"Condon, D J"	"Elliott, Gordon"
"20:55:00"	"2013-05-17"	"Kilbeggan"	"Deep Determination (IRE)"	"8.00"	"12.96"	"NH Flat"	"9"	"10"	"Roche, Mr P"	"Roche, C"
"18:45:00"	"2013-05-17"	"Kilbeggan"	"Carrolls Comfort (IRE)"	"33.00"	"55.94"	"Handicap Hurdle"	"10"	"13"	"ONeill, A F"	"OBrien, David M"
"17:40:00"	"2013-05-17"	"Kilbeggan"	"Great Rory (IRE)"	"66.00"	"548.01"	"Maiden Hurdle"	"PU"	"16"	"Hogan, D G"	"Hogan, Denis Gerard"
"16:55:00"	"2013-05-11"	"Punchestown"	"Spiker The Biker (IRE)"	"16.00"	"21"	"Handicap Chase"	"3"	"18"	"Splaine, D E"	"Slevin, Miss Frances"
"16:20:00"	"2013-05-11"	"Punchestown"	"Finea (IRE)"	"50.00"	"968.45"	"Beginners Chase"	"7"	"15"	"Watson, M"	"Flood, Francis J"
"17:15:00"	"2013-05-03"	"Kilbeggan"	"Mind The Pin (IRE)"	"50.00"	"360.08"	"Maiden Hurdle"	"15"	"16"	"Colgan, R C"	"Downey, P"
"19:55:00"	"2013-04-30"	"Ballinrobe"	"Mark Me Up"	"10.00"	"19.45"	"Handicap Hurdle"	"8"	"11"	"Ring, Mr A"	"Rothwell, P J"
"15:40:00"	"2013-04-26"	"Punchestown"	"Johnies Star (IRE)"	"14.00"	"19.3"	"Hunters Chase"	"1"	"15"	"Brabazon, Mr B F"	"Maher, Peter"
"15:40:00"	"2013-04-23"	"Punchestown"	"Enniskillen (IRE)"	"12.00"	"26.46"	"Hunters Chase"	"6"	"14"	"Walsh, Mr B O"	"Maher, Peter"
"19:40:00"	"2013-04-22"	"Cork"	"Jim Will Fix It (IRE)"	"4.50"	"5.67"	"Handicap Hurdle"	"4"	"15"	"Russell, D N"	"Roche, Seamus"
"17:25:00"	"2013-04-16"	"Fairyhouse"	"Moonlone Lane (IRE)"	"33.00"	"100"	"Handicap Hurdle"	"3"	"22"	"Fox, Mr G N"	"Stafford, Paul"
"16:35:00"	"2013-04-13"	"Tramore"	"Wild Salmon (IRE)"	"14.00"	"24.88"	"Handicap Chase"	"9"	"16"	"Cash, B M"	"Murphy, William P"
"17:05:00"	"2013-04-03"	"Downpatrick"	"Paco Jack (IRE)"	"33.00"	"90"	"Handicap Chase"	"PU"	"15"	"Ring, Mr A"	"Rothwell, P J"
"15:35:00"	"2013-04-03"	"Downpatrick"	"Sceptre And Crown (IRE)"	"25.00"	"66.22"	"Maiden Hurdle"	"7"	"14"	"Cullen, J L"	"Morgan, Ms Joanna"
"17:35:00"	"2013-03-21"	"Cork"	"Cerveza Dinero"	"25.00"	"65"	"Handicap Hurdle"	"11"	"13"	"Hogan, D G"	"Hogan, Denis Gerard"
"17:05:00"	"2013-03-17"	"Wexford"	"Sandeel Bay (IRE)"	"11.00"	"16.53"	"Handicap Novices Chase"	"5"	"8"	"Mullins, D E"	"Clifford, John O"
"15:55:00"	"2013-03-16"	"Down Royal"	"Its All Hush Hush (IRE)"	"6.00"	"12.25"	"Beginners Chase"	"8"	"10"	"McNamara, Andrew J"	"Carr, John G"
"14:45:00"	"2013-03-16"	"Down Royal"	"Forestside (IRE)"	"10.00"	"12.27"	"Beginners Chase"	"3"	"9"	"OConnell, Mr E J"	"Lambe, J J"
"15:45:00"	"2013-03-06"	"Downpatrick"	"Paddy O Dee"	"10.00"	"11.5"	"Handicap Hurdle"	"1"	"12"	"Enright, M A"	"Rothwell, P J"
"15:15:00"	"2013-03-06"	"Downpatrick"	"Shattered Dream (IRE)"	"5.00"	"5.8"	"Handicap Novices Hurdle"	"3"	"7"	"Russell, D N"	"Elliott, Gordon"
"15:55:00"	"2013-02-27"	"Fairyhouse"	"Eddie Zero (IRE)"	"12.00"	"17.88"	"Handicap Hurdle"	"6"	"11"	"Maxwell, C D"	"McLoughlin, D A"
"16:10:00"	"2013-02-20"	"Punchestown"	"Mr Shankly (IRE)"	"20.00"	"89.34"	"Handicap Hurdle"	"7"	"17"	"Carey, S G"	"Murphy, William P"
"16:10:00"	"2013-02-16"	"Gowran Park"	"Ardglen (IRE)"	"12.00"	"24.54"	"Handicap Hurdle"	"6"	"9"	"Enright, M A"	"Hanlon, John Joseph"
"15:40:00"	"2013-02-16"	"Gowran Park"	"Sumkindasuprstar (IRE)"	"4.00"	"5.6"	"Handicap Hurdle"	"2"	"9"	"Dalton, B R"	"Clifford, John O"
"15:25:00"	"2012-09-30"	"Clonmel"	"Bacher Boy (IRE)"	"33.00"	"210.25"	"Handicap Hurdle"	"12"	"18"	"Splaine, D E"	"Stafford, Paul"
"17:10:00"	"2012-09-26"	"Downpatrick"	"Motaraqeb"	"12.00"	"21.98"	"Beginners Chase"	"6"	"8"	"Darcy, M"	"Cawley, Edward"
"19:05:00"	"2012-09-11"	"Galway"	"Dunmore Dandy"	"22.00"	"39.3"	"NH Flat"	"6"	"9"	"OConnor, Derek"	"Staunton, John Anthony"
"18:40:00"	"2012-08-31"	"Down Royal"	"Great Work (IRE)"	"20.00"	"166.57"	"Handicap Hurdle"	"17"	"20"	"Casey, D J"	"Swan, C F"
"17:40:00"	"2012-08-31"	"Down Royal"	"Tarrsille (IRE)"	"11.00"	"30"	"Maiden Hurdle"	"7"	"20"	"McNamara, Andrew J"	"Hamilton, B R"
"19:30:00"	"2012-08-28"	"Ballinrobe"	"Widowmaker (IRE)"	"12.00"	"15.42"	"Handicap Chase"	"PU"	"7"	"Heskin, A P"	"Carolan, N"
"15:50:00"	"2012-08-19"	"Tramore"	"Fairwood Massini (IRE)"	"3.33"	"4.8"	"Maiden Hurdle"	"3"	"8"	"Motherway, Mr C"	"Rothwell, P J"
"17:45:00"	"2012-08-18"	"Tramore"	"King High (IRE)"	"12.00"	"19.35"	"Hurdle"	"4"	"4"	"Barry, J R"	"Doyle, Eoin"
"20:25:00"	"2012-08-11"	"Kilbeggan"	"What Are You Up To (IRE)"	"25.00"	"88.56"	"NH Flat"	"13"	"15"	"Kiely, R J"	"Moran, Michael T"
"18:35:00"	"2012-08-09"	"Sligo"	"Gretzky"	"14.00"	"40"	"Handicap Hurdle"	"7"	"9"	"Thornton, A P"	"Hennessy, Robert Alan"
"19:10:00"	"2012-07-26"	"Limerick"	"Cerveza Dinero"	"6.00"	"8.61"	"Handicap Hurdle"	"1"	"18"	"Flynn, L P"	"Hogan, Denis Gerard"
"20:20:00"	"2012-07-23"	"Ballinrobe"	"Gerbera (IRE)"	"16.00"	"26.15"	"Handicap Hurdle"	"12"	"14"	"Cooper, Bryan J"	"Rothwell, P J"
"20:00:00"	"2012-07-20"	"Kilbeggan"	"Templemills (IRE)"	"50.00"	"310.9"	"Beginners Chase"	"PU"	"14"	"Mullins, D E"	"Cleary, Thomas"
"14:25:00"	"2012-07-15"	"Sligo"	"Experimentalist"	"5.00"	"7.39"	"Maiden Hurdle"	"3"	"13"	"Condon, D J"	"Elliott, Gordon"
"20:50:00"	"2012-07-13"	"Cork"	"Medhlan (IRE)"	"12.00"	"15.32"	"NH Flat"	"6"	"10"	"McCurtin, Ambrose"	"Walsh, John J"
"19:50:00"	"2012-07-13"	"Cork"	"Killdunne (IRE)"	"33.00"	"106.43"	"Handicap Hurdle"	"4"	"14"	"Kennedy, PAddy D"	"Winters, Michael"
"16:45:00"	"2012-07-13"	"Downpatrick"	"Present Potential (IRE)"	"7.00"	"8.2"	"Maiden Hurdle"	"7"	"15"	"Russell, D N"	"Morris, M F"
"15:15:00"	"2012-07-11"	"Wexford"	"Accompanist"	"16.00"	"35.44"	"Handicap Hurdle"	"8"	"16"	"Carroll, T C"	"McCourt, T G"
"19:50:00"	"2012-06-26"	"Ballinrobe"	"Georgie"	"33.00"	"34.91"	"Handicap Hurdle"	"14"	"16"	"Carroll, T C"	"Cullinane, M O"
"19:30:00"	"2012-06-25"	"Kilbeggan"	"Colberay (IRE)"	"14.00"	"25"	"Handicap Hurdle"	"PU"	"16"	"Townend, P"	"Cullen, D W"
"19:30:00"	"2012-06-20"	"Wexford"	"Blaze Of Fire"	"3.00"	"4.3"	"Handicap Hurdle"	"1"	"14"	"Carberry, P"	"Carberry, Thomas"
"17:30:00"	"2012-06-20"	"Wexford"	"Groomed (IRE)"	"16.00"	"34.16"	"Maiden Hurdle"	"4"	"16"	"Dalton, B R"	"Morris, M F"
"20:55:00"	"2012-06-01"	"Tramore"	"Tomcoole Lad (IRE)"	"20.00"	"28"	"Handicap Chase"	"3"	"11"	"Dalton, B R"	"Clifford, John O"
"18:25:00"	"2012-06-01"	"Tramore"	"Dalkeith"	"25.00"	"38.06"	"Handicap Hurdle"	"8"	"15"	"OConnell, Mr B T"	"Cleary, Michael G"
"20:00:00"	"2012-05-31"	"Clonmel"	"Murphys Friend (IRE)"	"25.00"	"49.01"	"Maiden Hurdle"	"13"	"15"	"Doyle, T J"	"Cody, Patrick"
"18:35:00"	"2012-05-29"	"Ballinrobe"	"Mister Benedictine"	"14.00"	"27.43"	"Handicap Hurdle"	"1"	"15"	"Crosse, Dave"	"Duke, B W"
"20:00:00"	"2012-05-28"	"Ballinrobe"	"Teajaybe (USA)"	"20.00"	"73.59"	"Hurdle"	"4"	"5"	"Madden, N P"	"Brassil, Martin"
"21:00:00"	"2012-05-21"	"Roscommon"	"Sumkindasuprstar (IRE)"	"8.00"	"11"	"Handicap Chase"	"1"	"15"	"Dalton, B R"	"Clifford, John O"
"14:55:00"	"2012-05-20"	"Limerick"	"Cerveza Dinero"	"9.00"	"13.73"	"Handicap Hurdle"	"1"	"17"	"Hogan, D G"	"Hogan, Denis Gerard"
"18:25:00"	"2012-05-12"	"Kilbeggan"	"Beir Bua (IRE) (OLD)"	"10.00"	"16"	"Handicap Hurdle"	"11"	"14"	"Leigh, A D"	"Harrington, Mrs John"
"17:25:00"	"2012-05-12"	"Kilbeggan"	"Suspect Device (IRE)"	"9.00"	"13.92"	"Maiden Hurdle"	"5"	"8"	"Darcy, M"	"Flynn, Paul W"
"19:25:00"	"2012-05-11"	"Downpatrick"	"Playboy Luke (IRE)"	"4.00"	"5.56"	"Handicap Chase"	"PU"	"14"	"Townend, P"	"Hamilton, B R"
"14:15:00"	"2012-05-05"	"Limerick"	"Motaraqeb"	"25.00"	"40"	"Handicap Hurdle"	"10"	"13"	"Moran, R M"	"Cawley, Edward"
"18:55:00"	"2012-05-01"	"Ballinrobe"	"Dunroe Boy (IRE)"	"18.00"	"30.42"	"Handicap Hurdle"	"5"	"16"	"Cullen, J L"	"Carr, John G"
"17:55:00"	"2012-05-01"	"Ballinrobe"	"Rohans Bay (IRE)"	"16.00"	"28.3"	"Handicap Hurdle"	"11"	"15"	"Russell, D N"	"OConnell, Eamon"
"18:05:00"	"2012-04-26"	"Punchestown"	"Tillahow (IRE)"	"25.00"	"55.92"	"Handicap Hurdle"	"PU"	"24"	"Russell, D N"	"Morris, M F"
"19:15:00"	"2012-04-25"	"Punchestown"	"Alfie Boiler"	"66.00"	"250"	"NH Flat"	"PU"	"12"	"Flynn, L P"	"Wilkinson, James Lindsay"
"18:50:00"	"2012-04-23"	"Cork"	"Sean Airgead (IRE)"	"14.00"	"29.59"	"Handicap Novices Hurdle"	"7"	"23"	"Fox, Derek R"	"McNiff, Mark Michael"
"17:15:00"	"2012-04-15"	"Tramore"	"Borolee (IRE)"	"16.00"	"26.17"	"Handicap Chase"	"8"	"10"	"Dalton, B R"	"Doyle, Miss Elizabeth"
"13:50:00"	"2012-04-14"	"Tramore"	"Around The Clock (USA)"	"7.00"	"8.92"	"Maiden Hurdle"	"8"	"14"	"Barry, J R"	"Doyle, Eoin"
"15:30:00"	"2012-04-09"	"Cork"	"Strawhall Maul (IRE)"	"20.00"	"43.17"	"Hunters Chase"	"PU"	"18"	"Byrne, Mr S R"	"Aherne, Sean"
"17:15:00"	"2012-04-03"	"Thurles"	"Sarwin (USA)"	"66.00"	"467"	"Maiden Hurdle"	"8"	"18"	"Enright, M A"	"Kelly, Muredach"
"16:25:00"	"2012-03-10"	"Gowran Park"	"American Touch (IRE)"	"12.00"	"19.17"	"Beginners Chase"	"4"	"12"	"Heskin, A P"	"Jr, T J Nagle"
"14:25:00"	"2012-02-23"	"Thurles"	"Tomcoole Lad (IRE)"	"14.00"	"16.85"	"Handicap Chase"	"5"	"14"	"Dalton, B R"	"Clifford, John O"
"14:35:00"	"2012-02-16"	"Clonmel"	"Action Master"	"6.00"	"8.23"	"Chase"	"2"	"5"	"Cooper, Bryan J"	"Hughes, D T"
"16:15:00"	"2012-02-04"	"Fairyhouse"	"Monastrell"	"12.00"	"19.5"	"Novices Chase"	"3"	"5"	"Condon, D J"	"Meade, Noel"
"17:35:00"	"2011-09-26"	"Roscommon"	"Classic Frontier (IRE)"	"33.00"	"60.52"	"Handicap Chase"	"7"	"10"	"Bowes, M W"	"Coffey,P G "
"16:00:00"	"2011-09-25"	"Clonmel"	"Inner Voice (USA)"	"20.00"	"40"	"Handicap Hurdle"	"PU"	"14"	"Cooper, Bryan J"	"Lambe, J J"
"17:05:00"	"2011-09-21"	"Downpatrick"	"Bennys Quest (IRE)"	"14.00"	"17.37"	"Beginners Chase"	"7"	"13"	"Bates, Mr D J"	"Bowe, Colin"
"16:00:00"	"2011-09-21"	"Downpatrick"	"Thistimesforgood (IRE)"	"16.00"	"42"	"Handicap Hurdle"	"11"	"15"	"Carberry, P"	"Elliott, Gordon"
"16:05:00"	"2011-09-19"	"Ballinrobe"	"Loveisthedrug (IRE)"	"16.00"	"26"	"Handicap Hurdle"	"4"	"14"	"Thornton, A P"	"Keane, Gerard"
"19:35:00"	"2011-09-02"	"Kilbeggan"	"Murphys Friend (IRE)"	"20.00"	"27.2"	"NH Flat"	"1"	"11"	"Fahy, Mr C"	"Fahy, P A"
"15:40:00"	"2011-08-29"	"Downpatrick"	"Swift Accordian (IRE)"	"20.00"	"45.25"	"Handicap Hurdle"	"8"	"14"	"Cawley, A P"	"Cloke, P M"
"14:35:00"	"2011-08-29"	"Downpatrick"	"Super Collider"	"5.00"	"7.4"	"Maiden Hurdle"	"4"	"12"	"Cash, B M"	"Hanlon, John Joseph"
"17:10:00"	"2011-08-28"	"Galway"	"Mighty John McGee (IRE)"	"25.00"	"51.73"	"Handicap Chase"	"9"	"17"	"Doran, Mr M N"	"Doran, Miss Martina Anne"
"16:25:00"	"2011-08-27"	"Galway"	"Mark Me Up"	"25.00"	"55"	"Handicap Hurdle"	"11"	"14"	"Jackson, S W"	"Rothwell, P J"
"20:20:00"	"2011-08-08"	"Ballinrobe"	"Dashing Ruby (IRE)"	"12.00"	"19.23"	"Handicap Hurdle"	"3"	"16"	"Russell, D N"	"Flynn, Paul W"
"15:20:00"	"2011-08-07"	"Downpatrick"	"Lemonade Jack (IRE)"	"14.00"	"24"	"Handicap Hurdle"	"11"	"12"	"OConnell, Mr E J"	"Hanlon, John Joseph"
"18:30:00"	"2011-08-06"	"Kilbeggan"	"Carheenlea (IRE)"	"14.00"	"21"	"Handicap Hurdle"	"4"	"16"	"Walsh, M P"	"Dunleavy, Mrs Y"
"19:50:00"	"2011-08-04"	"Sligo"	"Jacks Island (IRE)"	"20.00"	"24.16"	"Handicap Hurdle"	"2"	"6"	"Bates, Mr D J"	"Rothwell, P J"
"14:00:00"	"2011-07-23"	"Wexford"	"Glorach (IRE)"	"50.00"	"178.39"	"Maiden Hurdle"	"11"	"16"	"Walsh, M P"	"Brassil, Martin"
"16:15:00"	"2011-07-13"	"Downpatrick"	"Keoghs Tradbar (IRE)"	"10.00"	"15"	"Handicap Hurdle"	"11"	"15"	"Whillans, Callum"	"Elliott, Gordon"
"17:15:00"	"2011-07-10"	"Sligo"	"Whisky Galore"	"10.00"	"23.89"	"Handicap Hurdle"	"8"	"14"	"Butler, M P"	"McNiff, Mark Michael"
"16:45:00"	"2011-07-10"	"Sligo"	"Oh Johnny (IRE)"	"10.00"	"15.51"	"Handicap Hurdle"	"11"	"16"	"Jones, Mr R J"	"McNamara, E"
"14:45:00"	"2011-07-10"	"Sligo"	"Mister Boss (USA)"	"33.00"	"149.18"	"Maiden Hurdle"	"14"	"14"	"Condon, D J"	"Cullinane, M O"
"19:30:00"	"2011-07-05"	"Roscommon"	"Fiddler Lake"	"25.00"	"62.64"	"Handicap Hurdle"	"5"	"13"	"Carroll, T C"	"Cluskey, P"
"19:30:00"	"2011-07-05"	"Roscommon"	"Hidden Profit (IRE)"	"33.00"	"130"	"Handicap Hurdle"	"8"	"13"	"Dalton, B R"	"Stafford, Paul"
"20:30:00"	"2011-06-21"	"Ballinrobe"	"For Sahkey Moony (IRE)"	"16.00"	"21.21"	"Handicap Hurdle"	"6"	"15"	"Ryan, Mr J A"	"Winters, Michael"
"20:20:00"	"2011-06-20"	"Kilbeggan"	"Steel Magnate (IRE)"	"20.00"	"43.32"	"Handicap Chase"	"3"	"14"	"Cash, B M"	"Elliott, Gordon"
"19:20:00"	"2011-06-20"	"Kilbeggan"	"Weslife (IRE)"	"100.00"	"896.91"	"Novices Hurdle"	"PU"	"9"	"Enright, P T"	"Madden, I"
"20:25:00"	"2011-06-17"	"Down Royal"	"Knock On The Head (IRE)"	"20.00"	"56.34"	"Handicap Chase"	"9"	"10"	"Casey, D J"	"Moore, A L T"
"18:20:00"	"2011-06-08"	"Clonmel"	"Bluebell Rock (IRE)"	"20.00"	"48"	"Maiden Hurdle"	"PU"	"8"	"Barry, J R"	"Roche, Paul A"
"20:50:00"	"2011-06-03"	"Tramore"	"Arguidos (IRE)"	"5.00"	"7.37"	"Handicap Chase"	"6"	"15"	"Barry, J R"	"Doyle, Eoin"
"18:35:00"	"2011-05-31"	"Ballinrobe"	"Jacks Island (IRE)"	"16.00"	"23"	"Handicap Hurdle"	"6"	"15"	"Bates, Mr D J"	"Rothwell, P J"
"19:00:00"	"2011-05-27"	"Cork"	"Tarkani (IRE)"	"16.00"	"50"	"Handicap Hurdle"	"15"	"16"	"McNamara, E J"	"Elliott, Gordon"
"20:20:00"	"2011-05-26"	"Clonmel"	"Raise The Rafters (IRE)"	"20.00"	"42.92"	"Handicap Hurdle"	"12"	"16"	"Splaine, D E"	"Hogan, T"
"18:50:00"	"2011-05-23"	"Sligo"	"D I Y Lawyer (IRE)"	"4.00"	"6"	"Handicap Hurdle"	"6"	"16"	"Loughran, R"	"Brassil, Martin"
"15:50:00"	"2011-05-22"	"Limerick"	"Rince Deireadh"	"33.00"	"107.24"	"Handicap Hurdle"	"13"	"15"	"OConnell, Mr E J"	"Griffin, Eoin"
"20:15:00"	"2011-05-20"	"Downpatrick"	"Jamsie Hall (IRE)"	"7.00"	"8.92"	"Maiden Hunters Chase"	"1"	"14"	"OHare, Mr M J"	"Macmahon, Miss Clare Judith"
"16:55:00"	"2011-05-06"	"Punchestown"	"Beau Michael"	"25.00"	"71.19"	"Handicap Novices Chase"	"PU"	"17"	"Doyle, T J"	"McGuinness, Adrian"
"15:40:00"	"2011-05-06"	"Punchestown"	"Duc De Normandie (IRE)"	"9.00"	"14.41"	"Hunters Chase"	"9"	"18"	"Moore, Mr J D"	"Jones, C J"
"16:15:00"	"2011-05-05"	"Punchestown"	"Pennys Bill (IRE)"	"16.00"	"23"	"Handicap Chase"	"PU"	"13"	"Flanagan, S W"	"Doyle, Miss Elizabeth"
"15:40:00"	"2011-05-04"	"Punchestown"	"Save My Blushes"	"33.00"	"95"	"Handicap Hurdle"	"15"	"25"	"Corbett, Patrick E"	"Flynn, Paul W"
"15:40:00"	"2011-05-03"	"Punchestown"	"Gamato (IRE)"	"66.00"	"332.96"	"Hunters Chase"	"5"	"13"	"Mangan, Mr G M"	"ORiordan, M N"
"15:10:00"	"2011-05-02"	"Down Royal"	"Potters Lad (IRE)"	"25.00"	"102.42"	"Beginners Chase"	"4"	"6"	"Flynn, Mr J E"	"Doran, L W"
"14:35:00"	"2011-05-02"	"Limerick"	"Houmahaka (IRE)"	"14.00"	"30.84"	"Handicap Hurdle"	"F"	"18"	"Cooper, Bryan J"	"OConnor, Michael John"
"20:00:00"	"2011-04-27"	"Ballinrobe"	"Ponmeword (IRE)"	"50.00"	"237.53"	"Beginners Chase"	"4"	"12"	"Jones, Mr R J"	"McNamara, E"
"16:25:00"	"2011-04-26"	"Fairyhouse"	"Wright Flyer (IRE)"	"16.00"	"26.57"	"Handicap Novices Chase"	"PU"	"16"	"Flanagan, S W"	"Kelly, Stephen"
"16:20:00"	"2011-04-24"	"Cork"	"Theatrical Moment (USA)"	"9.00"	"11"	"Chase"	"4"	"4"	"Cullen, J L"	"Hogan, T"
"17:05:00"	"2011-04-15"	"Wexford"	"Salesin"	"16.00"	"26.93"	"Handicap Hurdle"	"1"	"16"	"Madden, N P"	"Madden, Niall"
"16:20:00"	"2011-03-27"	"Downpatrick"	"Norwich Flyer (IRE)"	"1.75"	"2.97"	"Maiden Hunters Chase"	"6"	"12"	"Carberry, Miss N"	"Elliott, Gordon"
"15:15:00"	"2011-03-02"	"Downpatrick"	"Serious Twine (IRE)"	"25.00"	"35.94"	"Handicap Hurdle"	"PU"	"15"	"Donoghue, K M"	"Magnier, Paul"
"16:05:00"	"2011-02-17"	"Clonmel"	"Jacks Island (IRE)"	"12.00"	"20.98"	"Beginners Chase"	"2"	"14"	"Bates, Mr D J"	"Rothwell, P J"
"14:10:00"	"2011-02-09"	"Punchestown"	"Not A Native"	"10.00"	"11"	"Handicap Chase"	"2"	"17"	"Geraghty, B J"	"ODwyer, Ronan"
"16:15:00"	"2011-02-02"	"Down Royal"	"Open Up Your Heart (IRE)"	"33.00"	"103.14"	"NH Flat"	"1"	"18"	"Lavery, Mr D G"	"Hamilton, B R"
"15:45:00"	"2011-02-02"	"Down Royal"	"Takendo"	"25.00"	"65.95"	"Handicap Chase"	"PU"	"19"	"MacAuley, D"	"Torrens, Mervyn"
"16:55:00"	"2010-09-22"	"Downpatrick"	"Life Of A Luso (IRE)"	"6.00"	"7.2"	"Handicap Chase"	"10"	"14"	"Crowe, A P"	"OGrady, Eoghan"
"14:10:00"	"2010-09-22"	"Downpatrick"	"Bank The Bucks (IRE)"	"16.00"	"37.25"	"Maiden Hurdle"	"10"	"15"	"Cash, B M"	"Howard, Aidan Anthony"
"18:05:00"	"2010-09-20"	"Ballinrobe"	"Lock Mor Lad (IRE)"	"20.00"	"36.32"	"Handicap Chase"	"1"	"12"	"Power, E F"	"Hogan, T"
"19:10:00"	"2010-09-02"	"Clonmel"	"Easy Laughter (IRE)"	"33.00"	"115.95"	"Handicap Hurdle"	"12"	"18"	"OSullivan, P A"	"OConnor, Thomas P"
"16:00:00"	"2010-08-29"	"Galway"	"Mats Teacher (IRE)"	"7.00"	"8.48"	"Handicap Hurdle"	"4"	"14"	"Townend, P"	"McNamara, E"
"16:35:00"	"2010-08-28"	"Galway"	"Ladinsky (USA)"	"33.00"	"190"	"Maiden Hurdle"	"8"	"15"	"Darcy, M"	"Flynn, Paul W"
"15:45:00"	"2010-08-22"	"Ballinrobe"	"Rafa The Tormentor (IRE)"	"25.00"	"75"	"Handicap Hurdle"	"14"	"15"	"McDermott, S G"	"OShea, J F"
"17:05:00"	"2010-08-08"	"Downpatrick"	"Gettysburg (IRE)"	"16.00"	"41.97"	"Handicap Hurdle"	"11"	"13"	"OConnell, Mr E J"	"Lambe, J J"
"19:15:00"	"2010-08-05"	"Sligo"	"Kirbybroguelantern (IRE)"	"20.00"	"47.65"	"Handicap Hurdle"	"9"	"11"	"Cullen, J L"	"Hogan, T"
"19:20:00"	"2010-08-03"	"Roscommon"	"Promise Maker (USA)"	"12.00"	"17.35"	"Handicap Hurdle"	"9"	"18"	"Cooper, Bryan J"	"Young, L"
"16:35:00"	"2010-08-02"	"Cork"	"Logans Manor (IRE)"	"20.00"	"54.86"	"Handicap Hurdle"	"9"	"11"	"Bates, Mr D J"	"Rothwell, P J"
"15:35:00"	"2010-07-28"	"Galway"	"Dashing Ruby (IRE)"	"10.00"	"12.69"	"Handicap Hurdle"	"3"	"19"	"Darcy, M"	"Flynn, Paul W"
"17:50:00"	"2010-07-13"	"Downpatrick"	"Corrado Suprano"	"20.00"	"76.41"	"NH Flat"	"6"	"9"	"Fogarty, M P"	"Rothwell, P J"
"14:50:00"	"2010-07-13"	"Downpatrick"	"Lisselan Champion (IRE)"	"25.00"	"62.61"	"Maiden Hurdle"	"7"	"9"	"Clarke, K H"	"Hynds, Noel G"
"17:25:00"	"2010-07-11"	"Sligo"	"A New Rising (IRE)"	"16.00"	"46.26"	"Handicap Hurdle"	"3"	"16"	"Cullen, J L"	"Cleary, Thomas"
"19:50:00"	"2010-07-09"	"Cork"	"De Danu (IRE)"	"33.00"	"101.15"	"Maiden Hurdle"	"13"	"23"	"Colgan, R C"	"Howard, Aidan Anthony"
"20:00:00"	"2010-07-06"	"Roscommon"	"Macra Na Feirme (IRE)"	"12.00"	"23"	"Handicap Hurdle"	"5"	"17"	"Carroll, T C"	"Morgan, Ms Joanna"
"20:00:00"	"2010-07-06"	"Roscommon"	"The Borrower (IRE)"	"20.00"	"46.7"	"Handicap Hurdle"	"16"	"17"	"OFarrell, C"	"Blake, Ms M Dowdall"
"17:30:00"	"2010-06-13"	"Roscommon"	"Forsomeonelikeyou (IRE)"	"20.00"	"85"	"Handicap Chase"	"PU"	"15"	"Colgan, R C"	"Glynn, N F"
"19:15:00"	"2010-06-04"	"Tramore"	"Winawar (IRE)"	"7.00"	"13.74"	"Handicap Hurdle"	"PU"	"16"	"Allen, J M"	"Holden, Michael G"
"15:55:00"	"2010-05-23"	"Downpatrick"	"Multicultural"	"14.00"	"68.73"	"Handicap Hurdle"	"PU"	"15"	"Doyle, T J"	"Doyle, Eoin"
"14:50:00"	"2010-05-23"	"Downpatrick"	"San Giustino (IRE)"	"20.00"	"55.93"	"Handicap Hurdle"	"7"	"15"	"Molloy, R J"	"Galvin, B P"
"19:15:00"	"2010-05-15"	"Kilbeggan"	"Castlefort (IRE)"	"25.00"	"62.15"	"Handicap Hurdle"	"PU"	"12"	"Hassett, S J"	"OConnor, David William"
"16:20:00"	"2010-05-03"	"Down Royal"	"Fane Oscar (IRE)"	"16.00"	"32"	"Beginners Chase"	"PU"	"12"	"Sullivan, Mr J P"	"Larkin, J"
"15:40:00"	"2010-04-20"	"Punchestown"	"Shuil Coillte (IRE)"	"12.00"	"15"	"Hunters Chase"	"6"	"23"	"Motherway, Mr C"	"Lambert, Miss A M"
"15:40:00"	"2010-04-20"	"Punchestown"	"Paddys Star (IRE)"	"33.00"	"162.86"	"Hunters Chase"	"F"	"23"	"Flood, Mr P J"	"Dempsey, J P"
"16:45:00"	"2010-04-17"	"Tramore"	"Kings Benefit (IRE)"	"20.00"	"38.07"	"Handicap Chase"	"9"	"16"	"Hassett, S J"	"Finn, David Edward"
"16:45:00"	"2010-03-25"	"Thurles"	"Cochise (IRE)"	"10.00"	"16.18"	"Handicap Hurdle"	"1"	"18"	"Levins, J F"	"Broderick, J P"
"15:20:00"	"2010-03-20"	"Gowran Park"	"Spiderback (IRE)"	"20.00"	"70.23"	"Handicap Hurdle"	"16"	"18"	"Thornton, A P"	"Kelly, Muredach"
"17:10:00"	"2010-03-17"	"Wexford"	"Premier Hero (IRE)"	"16.00"	"38.6"	"Handicap Novices Chase"	"8"	"12"	"Hogan, D G"	"Broderick, J P"
"16:50:00"	"2010-03-17"	"Down Royal"	"Gold Digger (IRE) (OLD)"	"10.00"	"19.5"	"Hunters Chase"	"F"	"10"	"Nolan, Michael G"	"Walsh, S G"
"16:00:00"	"2010-02-25"	"Thurles"	"Sipsey Canyon (IRE)"	"33.00"	"328.6"	"Handicap Hurdle"	"12"	"14"	"McCutcheon, Miss Evanna"	"Finn, David Edward"
"15:35:00"	"2010-02-24"	"Fairyhouse"	"Hidden Present (IRE)"	"20.00"	"60"	"Handicap Chase"	"6"	"16"	"Clements, Mr S"	"Jones, Bernard"
"14:05:00"	"2010-02-20"	"Fairyhouse"	"Bens Trix (IRE)"	"50.00"	"1000"	"Maiden Hurdle"	"16"	"25"	"Gray, S J"	"Cox, Suzanne"
"15:25:00"	"2010-02-18"	"Clonmel"	"Macra Na Feirme (IRE)"	"20.00"	"56.72"	"Handicap Hurdle"	"10"	"18"	"Quinlan, Mr R P"	"Morgan, Ms Joanna"
"14:55:00"	"2010-02-18"	"Clonmel"	"De La Rue (USA)"	"20.00"	"65.87"	"Handicap Hurdle"	"12"	"14"	"Colgan, R C"	"Dore, C J"
"15:50:00"	"2010-02-03"	"Down Royal"	"Good Decision (IRE)"	"7.00"	"10"	"Handicap Chase"	"PU"	"9"	"Hogan, D G"	"Roche, C"
"16:05:00"	"2009-09-29"	"Roscommon"	"Altnadua (IRE)"	"12.00"	"22.79"	"Handicap Hurdle"	"9"	"17"	"Geraghty, B J"	"Halford, M"
"14:40:00"	"2009-09-23"	"Downpatrick"	"Bally Borris (IRE)"	"12.00"	"16"	"Handicap Hurdle"	"10"	"15"	"Hogan, D G"	"Finn, J R"
"16:35:00"	"2009-09-21"	"Ballinrobe"	"Premier Hero (IRE)"	"25.00"	"42.46"	"Handicap Hurdle"	"PU"	"16"	"Levins, J F"	"Broderick, J P"
"16:30:00"	"2009-09-11"	"Kilbeggan"	"Hartys Quay (IRE)"	"33.00"	"183.83"	"Maiden Hurdle"	"11"	"15"	"Darcy, M"	"OSullivan, Eugene M"
"19:35:00"	"2009-08-28"	"Wexford"	"Joey From Ardrahan (IRE)"	"66.00"	"553.61"	"Beginners Chase"	"PU"	"15"	"Clements, Mr S"	"Kelly, Muredach"
"17:35:00"	"2009-08-28"	"Wexford"	"Alf Tupper"	"25.00"	"34.02"	"Maiden Hurdle"	"14"	"15"	"Coleman, K T"	"Walsh, John J"
"17:10:00"	"2009-08-14"	"Tramore"	"Tauranga (IRE)"	"25.00"	"38.3"	"Handicap Hurdle"	"4"	"16"	"Barry, J R"	"Codd, John A"
"16:55:00"	"2009-08-09"	"Downpatrick"	"Prince Noora (IRE)"	"10.00"	"17.96"	"Handicap Hurdle"	"9"	"15"	"Flynn, L P"	"Swan, C F"
"15:55:00"	"2009-08-09"	"Downpatrick"	"The Rocking Dock (IRE)"	"16.00"	"32.66"	"Handicap Hurdle"	"2"	"15"	"Geraghty, R"	"Elliott, Gordon"
"19:30:00"	"2009-08-08"	"Kilbeggan"	"Recovery Man (IRE)"	"14.00"	"24.44"	"Beginners Chase"	"8"	"14"	"Hughes, Brian"	"Elliott, Gordon"
"16:25:00"	"2009-07-29"	"Galway"	"French Accordion (IRE)"	"33.00"	"141.93"	"Handicap Chase"	"PU"	"20"	"Cawley, A P"	"Nolan, Paul"
"20:20:00"	"2009-07-23"	"Limerick"	"Doctor Scott"	"16.00"	"32"	"Handicap Hurdle"	"7"	"16"	"Kennedy, PAddy D"	"Braddish, S"
"19:30:00"	"2009-07-17"	"Kilbeggan"	"Le Reveur"	"16.00"	"54.43"	"Handicap Hurdle"	"8"	"15"	"Flood, P W"	"Halford, M"
"19:10:00"	"2009-07-06"	"Roscommon"	"A New Rising (IRE)"	"50.00"	"330.6"	"Novices Hurdle"	"PU"	"15"	"Leigh, A D"	"Cleary, Thomas"
"21:00:00"	"2009-06-13"	"Limerick"	"Valerius (IRE)"	"4.50"	"5.7"	"Beginners Chase"	"4"	"16"	"Carberry, P"	"Elliott, Gordon"
"17:45:00"	"2009-06-12"	"Clonmel"	"Glenfidick (IRE)"	"20.00"	"32"	"Maiden Hurdle"	"PU"	"16"	"Ryan, T G M"	"Hartnett, Debbie"
"17:25:00"	"2009-05-31"	"Kilbeggan"	"Sorry Al (IRE)"	"20.00"	"40"	"Handicap Chase"	"F"	"12"	"Hogan, D G"	"Swan, C F"
"16:20:00"	"2009-05-04"	"Down Royal"	"Charming Hills (IRE)"	"25.00"	"62.31"	"Beginners Chase"	"9"	"18"	"McDermott, S G"	"OShea, J F"
"16:20:00"	"2009-05-04"	"Down Royal"	"Mr McGonagle (IRE)"	"33.00"	"197.65"	"Beginners Chase"	"11"	"18"	"Geraghty, R"	"Donoghue, V P"
"15:20:00"	"2009-05-04"	"Down Royal"	"Fools Wildcat (USA)"	"25.00"	"228.18"	"Hurdle"	"5"	"15"	"Colgan, R C"	"Donoghue, V P"
"15:30:00"	"2009-05-03"	"Sligo"	"Red Seven (IRE)"	"16.00"	"65"	"Handicap Hurdle"	"PU"	"14"	"Gerrard, J J"	"Donoghue, V P"
"18:05:00"	"2009-04-29"	"Punchestown"	"Albertas Run (IRE)"	"12.00"	"15.36"	"Chase"	"PU"	"12"	"McCoy, A P"	"ONeill, Jonjo and AJ"
"20:00:00"	"2009-04-25"	"Kilbeggan"	"Moylough Palm (IRE)"	"66.00"	"380"	"NH Flat"	"11"	"14"	"Corbett, Patrick E"	"Cleary, Thomas"
"17:10:00"	"2009-04-22"	"Ballinrobe"	"Obrien (IRE)"	"33.00"	"146.39"	"Maiden Hurdle"	"UR"	"15"	"Gray, S J"	"Walshe, Lawrence"
"18:35:00"	"2009-04-01"	"Gowran Park"	"Rum Harry (IRE)"	"50.00"	"848"	"Maiden Hurdle"	"F"	"19"	"McDermott, S G"	"Lee, Miss G"
"17:30:00"	"2009-03-26"	"Thurles"	"Caman Swinger (IRE)"	"10.00"	"15"	"Handicap Chase"	"2"	"14"	"McCarthy, I J"	"Hughes, D T"
"14:55:00"	"2009-03-19"	"Clonmel"	"Alocin (IRE)"	"50.00"	"950"	"Maiden Hurdle"	"12"	"18"	"OBrien, Mr P N"	"Kelly, Shane Joseph"
"19:20:00"	"2008-08-15"	"Tramore"	"Chancer Daly (IRE)"	"16.00"	"19.82"	"Handicap Chase"	"6"	"16"	"McNamara, Andrew J"	"Fitzsimons, Michael"
"20:40:00"	"2008-08-11"	"Ballinrobe"	"Rubaiyat (IRE)"	"14.00"	"46"	"Handicap Hurdle"	"PU"	"15"	"Mullins, E"	"Fitzgerald, D E"
"17:45:00"	"2008-07-29"	"Galway"	"Sorry Al (IRE)"	"14.00"	"33.95"	"Chase"	"11"	"14"	"Casey, D J"	"Swan, C F"
"17:10:00"	"2008-07-29"	"Galway"	"Swift Sailing (USA)"	"40.00"	"68.13"	"Maiden Hurdle"	"5"	"19"	"McCarthy, I J"	"Allen, Patrick"
"16:55:00"	"2008-07-13"	"Sligo"	"Dark Vocation (IRE)"	"16.00"	"40.94"	"Handicap Hurdle"	"PU"	"13"	"Thornton, A P"	"Bowles, F J"
"15:55:00"	"2008-07-13"	"Sligo"	"Pennyhill Thyne (IRE)"	"16.00"	"48.68"	"Handicap Hurdle"	"14"	"14"	"Leigh, A D"	"Carr, John G"
"20:50:00"	"2008-06-16"	"Ballinrobe"	"Slaney Time (IRE)"	"25.00"	"111.82"	"Handicap Hurdle"	"10"	"16"	"Madden, N P"	"Mullins, Anthony"
"16:25:00"	"2008-06-01"	"Kilbeggan"	"So Billiant (IRE)"	"12.00"	"18.97"	"Handicap Hurdle"	"4"	"15"	"Dunne, R T"	"Howard, Aidan Anthony"
"18:15:00"	"2008-05-23"	"Wexford"	"Hilltop Charmer (IRE)"	"33.00"	"320"	"Hurdle"	"10"	"12"	"Elliott, J P"	"McAuley, James"
"20:00:00"	"2008-05-19"	"Roscommon"	"Florimund"	"7.00"	"8.5"	"Handicap Hurdle"	"2"	"13"	"Butler, M P"	"Butler, Michael"
"17:50:00"	"2008-05-17"	"Kilbeggan"	"Secret Shared (IRE)"	"50.00"	"117.14"	"Maiden Hurdle"	"11"	"14"	"Cullen, J L"	"Brassil, John"
"16:20:00"	"2008-05-05"	"Down Royal"	"Classicworksofart (IRE)"	"33.00"	"180"	"Beginners Chase"	"6"	"13"	"Ryan, T G M"	"Donoghue, V P"
"19:05:00"	"2008-04-30"	"Ballinrobe"	"Boherbuee (IRE)"	"33.00"	"170"	"Maiden Hurdle"	"PU"	"15"	"Condon, D J"	"Hogan, T"
"14:35:00"	"2008-04-26"	"Punchestown"	"Casadei (IRE)"	"16.00"	"50"	"Chase"	"11"	"23"	"Whelan, K"	"McCourt, T G"
"16:25:00"	"2008-04-13"	"Tramore"	"Harbour View (IRE)"	"20.00"	"46.48"	"Handicap Chase"	"4"	"15"	"Power, E F"	"Hayes, Patrick Joseph"
"15:10:00"	"2008-03-30"	"Downpatrick"	"Royal Tsar (IRE)"	"20.00"	"65"	"Handicap Novices Hurdle"	"PU"	"14"	"Leigh, A D"	"Allen, Patrick"
"16:45:00"	"2008-02-20"	"Punchestown"	"Bullets Fancy (IRE)"	"20.00"	"170"	"Handicap Hurdle"	"9"	"21"	"Lynch, A E"	"Hutchinson, Ms Caroline"
"14:00:00"	"2008-02-20"	"Punchestown"	"Storm Breaker (IRE)"	"33.00"	"41.36"	"Hurdle"	"10"	"16"	"Lyons, Mr A F"	"Scott, J H"
"16:45:00"	"2008-02-19"	"Punchestown"	"Maahuji"	"50.00"	"999.96"	"NH Flat"	"15"	"17"	"McKeown, Mr J P"	"Hutchinson, Ms Caroline"
"15:15:00"	"2008-02-13"	"Fairyhouse"	"Classicworksofart (IRE)"	"66.00"	"1000"	"Maiden Hurdle"	"15"	"16"	"Colgan, R C"	"Donoghue, V P"
"17:40:00"	"2007-09-26"	"Downpatrick"	"Dan Ryan (IRE)"	"10.00"	"0"	"Beginners Chase"	"BD"	"15"	"Lynch, A E"	"McCourt, T G"
"15:55:00"	"2007-09-09"	"Galway"	"Cillfoireann (IRE)"	"25.00"	"0"	"Handicap Hurdle"	"20"	"20"	"Crowe, A P"	"Lawlor, Noel"
"18:30:00"	"2007-09-07"	"Kilbeggan"	"Theyankfromclare (IRE)"	"33.00"	"0"	"Handicap Chase"	"8"	"12"	"Jackson, S W"	"Kelly, David Martin"
"19:15:00"	"2007-09-04"	"Roscommon"	"Oh My Joe (IRE)"	"33.00"	"0"	"Handicap Hurdle"	"11"	"17"	"Bolger, M J"	"Monaghan, Irene J"
"14:40:00"	"2007-08-26"	"Ballinrobe"	"Dark Vocation (IRE)"	"8.00"	"0"	"Handicap Hurdle"	"1"	"13"	"Darcy, M"	"Bowles, F J"
"20:15:00"	"2007-07-23"	"Ballinrobe"	"Equal Status (IRE) (OLD)"	"33.00"	"0"	"Beginners Chase"	"8"	"15"	"Cash, B M"	"Durkan, William"
"19:00:00"	"2007-07-20"	"Kilbeggan"	"Carrigleade (IRE)"	"33.00"	"0"	"Handicap Hurdle"	"11"	"16"	"Flanagan, S W"	"Sheehy, E"
"17:05:00"	"2007-07-08"	"Limerick"	"Lissadoon (IRE)"	"33.00"	"0"	"Handicap Chase"	"PU"	"13"	"Allen, J M"	"Hayes, Patrick Joseph"
"19:15:00"	"2007-06-15"	"Clonmel"	"Lomagundi Road (IRE)"	"14.00"	"0"	"Handicap Hurdle"	"7"	"17"	"ORegan, Denis"	"Keane, Gerard"
"20:30:00"	"2007-05-23"	"Sligo"	"Bawn Og (IRE)"	"9.00"	"0"	"Handicap Hurdle"	"3"	"16"	"Fahey, Mr M"	"Sexton, Adrian"
"18:30:00"	"2007-05-08"	"Fairyhouse"	"Statute"	"20.00"	"0"	"Handicap Hurdle"	"17"	"20"	"Loughran, R"	"Bowles, F J"
"17:15:00"	"2007-05-07"	"Curragh"	"Coolnagorna Again (IRE)"	"33.00"	"0"	"NH Flat"	"18"	"18"	"Hogan, Mr A J"	"Hogan, T"
"14:15:00"	"2007-04-25"	"Punchestown"	"Kalmez (IRE)"	"50.00"	"0"	"Hurdle"	"9"	"25"	"Clarke, K H"	"Broad, D"
"16:45:00"	"2007-04-15"	"Tramore"	"Zetec (IRE)"	"20.00"	"0"	"Beginners Chase"	"11"	"15"	"McNamara, Andrew J"	"Moloney, Anthony"
"15:55:00"	"2007-03-22"	"Clonmel"	"Lissadoon (IRE)"	"20.00"	"0"	"Handicap Hurdle"	"13"	"17"	"Maxwell, C D"	"Hayes, Patrick Joseph"
"16:35:00"	"2007-03-08"	"Thurles"	"Oh My Joe (IRE)"	"20.00"	"0"	"Handicap Hurdle"	"PU"	"18"	"Elliott, J P"	"Monaghan, Irene J"
"15:45:00"	"2007-02-04"	"Punchestown"	"Equal Status (IRE) (OLD)"	"40.00"	"0"	"Chase"	"4"	"23"	"Cash, B M"	"Durkan, William"
"14:55:00"	"2006-09-02"	"Down Royal"	"Dark Vocation (IRE)"	"20.00"	"0"	"Handicap Hurdle"	"12"	"15"	"ORegan, Denis"	"Bowles, F J"
"16:30:00"	"2006-08-27"	"Ballinrobe"	"Coast To Coast (IRE) (OLD)"	"5.00"	"0"	"Handicap Hurdle"	"3"	"10"	"Flood, P W"	"OGrady, E J"
"19:05:00"	"2006-08-25"	"Kilbeggan"	"Poolbouy Lad (IRE)"	"14.00"	"0"	"Handicap Chase"	"13"	"13"	"Bolger, M J"	"Carr, John G"
"17:40:00"	"2006-08-18"	"Tramore"	"Jack From Curragha (IRE)"	"12.00"	"0"	"Maiden Hurdle"	"5"	"14"	"OFarrell, J P"	"Kingston, Ivor"
"16:25:00"	"2006-08-13"	"Downpatrick"	"Pennyhill Thyne (IRE)"	"6.00"	"0"	"Handicap Hurdle"	"1"	"12"	"ORegan, Denis"	"Carr, John G"
"16:25:00"	"2006-08-13"	"Downpatrick"	"Statute"	"25.00"	"0"	"Handicap Hurdle"	"7"	"12"	"Loughran, R"	"Bowles, F J"
"19:15:00"	"2006-08-09"	"Sligo"	"Backcraft (IRE)"	"14.00"	"0"	"Handicap Hurdle"	"3"	"10"	"Carberry, P"	"Bowles, F J"
"14:45:00"	"2006-08-05"	"Galway"	"Innisfree (IRE) (OLD)"	"20.00"	"0"	"Handicap Chase"	"9"	"22"	"Ryan, T G M"	"Carr, John G"
"19:30:00"	"2006-07-21"	"Kilbeggan"	"Backcraft (IRE)"	"33.00"	"0"	"Handicap Hurdle"	"6"	"11"	"Elliott, J P"	"Bowles, F J"
"20:30:00"	"2006-05-30"	"Ballinrobe"	"Dark Vocation (IRE)"	"12.00"	"0"	"Handicap Hurdle"	"1"	"16"	"Molloy, R J"	"Bowles, F J"
"18:55:00"	"2006-05-06"	"Kilbeggan"	"Dark Vocation (IRE)"	"4.50"	"0"	"Handicap Hurdle"	"8"	"16"	"Power, R M"	"Bowles, F J"
"14:15:00"	"2006-02-18"	"Gowran Park"	"Bruach Na Habhann (IRE)"	"25.00"	"0"	"Beginners Chase"	"15"	"18"	"Madden, N P"	"Murphy, Robert"
"15:30:00"	"2005-09-16"	"Downpatrick"	"Some Trainer (IRE)"	"14.00"	"0"	"Handicap Hurdle"	"8"	"10"	"Molloy, R J"	"Cromwell, J G"
"15:00:00"	"2005-09-16"	"Downpatrick"	"Due Diligence (IRE)"	"25.00"	"0"	"Handicap Hurdle"	"10"	"15"	"Carberry, P A"	"Carr, John G"
"16:10:00"	"2005-09-09"	"Kilbeggan"	"Mount George (IRE)"	"14.00"	"0"	"Maiden Hurdle"	"6"	"15"	"Madden, N P"	"Burns, R P"
"15:30:00"	"2005-08-29"	"Downpatrick"	"Sangenesius (IRE)"	"12.00"	"0"	"Handicap Hurdle"	"1"	"15"	"Flood, P W"	"Mahon, S J"
"14:30:00"	"2005-08-29"	"Downpatrick"	"Prominent Feature (IRE)"	"14.00"	"0"	"Maiden Hurdle"	"3"	"9"	"Bowens, K B"	"Mahon, S J"
"16:40:00"	"2005-08-21"	"Cork"	"Innisfree (IRE) (OLD)"	"20.00"	"0"	"Beginners Chase"	"5"	"11"	"Elliott, J P"	"Carr, John G"
"19:20:00"	"2005-08-17"	"Sligo"	"Big Bold Ben (IRE)"	"20.00"	"0"	"Handicap Hurdle"	"14"	"15"	"Hutchinson, G T"	"McMahon, Annette"
"20:00:00"	"2005-08-06"	"Kilbeggan"	"Partners Choice (IRE)"	"20.00"	"0"	"Beginners Chase"	"8"	"11"	"Allen, J M"	"Carr, John G"
"18:15:00"	"2005-07-02"	"Limerick"	"Sonnyanjoe (IRE)"	"10.00"	"0"	"Handicap Hurdle"	"2"	"15"	"Ryan, T G M"	"Hogan, T"
"18:50:00"	"2005-05-28"	"Punchestown"	"Formula Venetta (IRE)"	"66.00"	"0"	"Hurdle"	"7"	"12"	"Kelly, O"	"Manning, M V"
"20:05:00"	"2005-05-13"	"Wexford"	"Poolbouy Lad (IRE)"	"20.00"	"0"	"Hunters Chase"	"10"	"15"	"Cully, Mr R L"	"Thomas, Miss Jane"
"15:45:00"	"2005-04-06"	"Gowran Park"	"Swings n Strings (IRE)"	"5.00"	"0"	"Maiden Hunters Chase"	"PU"	"18"	"Moore, Mr J D"	"Moore, A L T"
"15:30:00"	"2005-03-12"	"Downpatrick"	"Battish"	"8.00"	"0"	"Handicap Novices Hurdle"	"9"	"15"	"Burke, Mr S C"	"Burke, James"
"13:50:00"	"2005-02-12"	"Gowran Park"	"Barrow Drive"	"16.00"	"0"	"Chase"	"2"	"5"	"Russell, D N"	"Mullins, Anthony"
"18:15:00"	"2004-09-01"	"Clonmel"	"Alexander Staycalm (IRE)"	"25.00"	"0"	"Handicap Hurdle"	"14"	"16"	"Hurley, L A"	"Reilly, Miss Tracy M"
"20:30:00"	"2004-07-16"	"Kilbeggan"	"Collafooca (IRE)"	"25.00"	"0"	"Beginners Chase"	"9"	"13"	"Whelan, K"	"Black, Anthony John"
"20:15:00"	"2004-07-09"	"Fairyhouse"	"Some Trainer (IRE)"	"14.00"	"0"	"Handicap Chase"	"10"	"16"	"Colgan, R C"	"Cromwell, J G"
"18:55:00"	"2004-07-09"	"Wexford"	"Sunshine Trail (USA)"	"5.00"	"0"	"Novices Chase"	"4"	"4"	"McCann, S P"	"Bowles, F J"
"15:00:00"	"2004-05-15"	"Downpatrick"	"Dunguaire (IRE)"	"16.00"	"0"	"Maiden Hurdle"	"4"	"14"	"Power, E F"	"Hogan, T"
"19:40:00"	"2004-05-14"	"Downpatrick"	"Punters Friend"	"12.00"	"0"	"Handicap Chase"	"5"	"12"	"Leigh, A D"	"Doyle, Miss Elizabeth"
"19:30:00"	"2004-05-08"	"Kilbeggan"	"Some Trainer (IRE)"	"14.00"	"0"	"Handicap Chase"	"7"	"12"	"Colgan, R C"	"Cromwell, J G"
"19:00:00"	"2004-05-08"	"Kilbeggan"	"Red Paddy (IRE)"	"20.00"	"0"	"Handicap Hurdle"	"13"	"16"	"Walsh, M P"	"Oakes, Miss I T"
"15:20:00"	"2004-05-03"	"Down Royal"	"Rostropovich (IRE) (OLD)"	"0.44"	"0"	"Beginners Chase"	"4"	"9"	"Crowley, Paul J"	"Morris, M F"
"16:20:00"	"2004-04-30"	"Punchestown"	"Yeomans Point (IRE)"	"12.00"	"0"	"Handicap Novices Chase"	"UR"	"15"	"ODwyer, C"	"Roche, C"
"16:00:00"	"2004-03-13"	"Wexford"	"Greywell (IRE)"	"2.50"	"0"	"Beginners Chase"	"1"	"15"	"Doyle, Miss E"	"Doyle, Miss Elizabeth"
"16:30:00"	"2004-02-28"	"Fairyhouse"	"Nijinsky Dancer (IRE)"	"14.00"	"0"	"Handicap Hurdle"	"F"	"25"	"Levins, J F"	"OBrien, K F"
"15:45:00"	"2004-02-21"	"Fairyhouse"	"Viaduct (IRE)"	"12.00"	"0"	"Hunters Chase"	"5"	"16"	"Carroll, Mr J T"	"Kingston, Ivor"
"16:30:00"	"2004-02-18"	"Down Royal"	"Osiris (IRE)"	"5.50"	"0"	"Handicap Hurdle"	"6"	"10"	"Hurley, L A"	"Heffernan, Patrick"
"15:25:00"	"2004-02-12"	"Punchestown"	"Red Paddy (IRE)"	"16.00"	"0"	"Handicap Hurdle"	"11"	"12"	"Bean, D M"	"Oakes, Miss I T"
"15:15:00"	"2004-02-01"	"Thurles"	"Gormans Best (IRE)"	"16.00"	"0"	"Handicap Hurdle"	"7"	"17"	"Bean, D M"	"Geoghegan, John"
"16:45:00"	"2003-09-20"	"Fairyhouse"	"Rocking Ship (IRE)"	"10.00"	"0"	"Handicap Hurdle"	"11"	"20"	"Elliott, J P"	"Morgan, Ms Joanna"
"14:55:00"	"2003-04-21"	"Cork"	"Alpha Castle (IRE)"	"20.00"	"0"	"Maiden Hunters Chase"	"6"	"14"	"Cashman, Mr P"	"Kingston, Ivor"
"16:30:00"	"2003-04-19"	"Cork"	"Hereforagoodtime (IRE)"	"20.00"	"0"	"Maiden Hurdle"	"11"	"19"	"Goodwin, C I"	"Halford, M"
 