RTime	Date	track	Qualifier	Odds_Numeric	Odds_Exchange	Race_Type	Position	Runners	Jockey	Trainer	Age	DaysSinceRun	
"17:15:00"	"2025-12-29"	"Newcastle"	"Pop Star (IRE)"	"18.00"	"28.88"	"Handicap"	"6"	"10"	"Mullen, Andrew"	"Jardine, I"	"5"	"112"
"16:22:00"	"2025-12-18"	"Southwell"	"Albert Cee (FR)"	"4.00"	"5.94"	"Handicap"	"3"	"11"	"Hogan, D E"	"Charalambous, P"	"5"	"47"
"17:40:00"	"2025-12-17"	"Kempton"	"Granger Bay (IRE)"	"40.00"	"70"	"Handicap"	"6"	"10"	"Davies, Harry"	"Chapple-Hyam, Jane"	"4"	"445"
"15:20:00"	"2025-12-17"	"Lingfield"	"Saint Terry (IRE)"	"40.00"	"85"	"Handicap"	"10"	"10"	"Coppins, Myla"	"Carroll, A W"	"4"	"158"
"20:00:00"	"2025-12-13"	"Wolverhampton"	"Corundum"	"3.33"	"5.14"	"Handicap"	"5"	"12"	"Hornby, Rob"	"Wadham, Mrs L"	"4"	"53"
"17:15:00"	"2025-12-13"	"Newcastle"	"Apotheosis (IRE)"	"3.33"	"5.1"	"Handicap"	"1"	"7"	"Davies, Harry"	"Crisford, Simon"	"4"	"145"
"19:15:00"	"2025-12-12"	"Dundalk"	"Inishfallen (IRE)"	"5.00"	"8.6"	"Handicap"	"5"	"13"	"Kearney, J"	"Thorne, Stephen"	"4"	"120"
"20:30:00"	"2025-12-11"	"Chelmsford City"	"Terries Royale"	"3.50"	"6.6"	"Handicap"	"6"	"9"	"Rawlinson, Ali"	"Appleby, M"	"5"	"33"
"19:00:00"	"2025-12-09"	"Newcastle"	"Pinpoint"	"40.00"	"113.59"	"Handicap"	"11"	"12"	"Fairley, Greg"	"Whillans, Ewan"	"4"	"120"
"20:00:00"	"2025-12-06"	"Wolverhampton"	"Roman Emperor"	"8.00"	"10.5"	"Handicap"	"7"	"12"	"Murphy, D J"	"Ryan, J"	"4"	"137"
"18:45:00"	"2025-12-05"	"Newcastle"	"Brave Empire (IRE)"	"7.50"	"11"	"Handicap"	"5"	"9"	"Wood, George"	"Furtado, Ivan"	"4"	"38"
"19:30:00"	"2025-12-04"	"Chelmsford City"	"Respectable Jack"	"7.00"	"9"	"Handicap"	"5"	"12"	"Callan, Mr Jack"	"Crawley, Matt"	"4"	"44"
"18:00:00"	"2025-12-04"	"Chelmsford City"	"Havana Rum (IRE)"	"7.50"	"10.5"	"Handicap"	"1"	"10"	"Tindall, Ethan"	"Fahey, R A"	"5"	"41"
"17:25:00"	"2025-12-03"	"Dundalk"	"Iva Batt (IRE)"	"100.00"	"260"	"Handicap"	"13"	"14"	"OGorman, Jessica"	"Watson, R K"	"7"	"42"
"14:30:00"	"2025-12-03"	"Lingfield"	"Christian David (IRE)"	"5.50"	"8.65"	"Handicap"	"1"	"10"	"Voikhansky, Alexander"	"Hannon (Jnr), Richard"	"4"	"40"
"15:30:00"	"2025-12-02"	"Lingfield"	"Stash The Cash (IRE)"	"4.00"	"6.46"	"Handicap"	"7"	"8"	"Crouch, Hector"	"Dunne, M"	"4"	"35"
"17:25:00"	"2025-11-28"	"Dundalk"	"Marks One (IRE)"	"18.00"	"26"	"Handicap"	"9"	"9"	"Cleary, Jack"	"Cleary, Michael G"	"4"	"43"
"17:45:00"	"2025-11-27"	"Newcastle"	"Kyber Crystal (IRE)"	"50.00"	"90"	"Handicap"	"11"	"11"	"McDonald, P J"	"Menzies, Rebecca"	"6"	"23"
"15:35:00"	"2025-11-26"	"Southwell"	"Betsen"	"40.00"	"50"	"Handicap"	"1"	"9"	"Eaves, Tom"	"Carroll, A W"	"4"	"60"
"14:03:00"	"2025-11-26"	"Southwell"	"Onemorenomore"	"6.00"	"9.11"	"Handicap"	"1"	"11"	"Watson, Jason"	"McBride, P J"	"5"	"25"
"19:00:00"	"2025-11-24"	"Wolverhampton"	"Diamondonthehill"	"12.00"	"17.46"	"Handicap"	"3"	"12"	"Ryan, Rossa"	"Newland, Dr R D P"	"7"	"109"
"18:40:00"	"2025-11-22"	"Newcastle"	"Illusionist (GER)"	"18.00"	"21.09"	"Handicap"	"7"	"7"	"Stammers, Oliver"	"Tuer, Grant"	"8"	"56"
"20:00:00"	"2025-11-21"	"Southwell"	"Rosario (IRE)"	"10.00"	"14.79"	"Handicap"	"3"	"7"	"Mitchell, Jack"	"Teal, R A"	"4"	"27"
"20:00:00"	"2025-11-21"	"Southwell"	"Air Force One (IRE)"	"7.00"	"9.8"	"Handicap"	"6"	"7"	"McDonald, P J"	"Oldroyd, G R"	"4"	"69"
"17:30:00"	"2025-11-20"	"Southwell"	"Captain Corelli (IRE)"	"33.00"	"47.49"	"Handicap"	"12"	"13"	"Costello, Dougie"	"Camacho, Miss J A"	"8"	"65"
"19:15:00"	"2025-11-18"	"Newcastle"	"Run This Way"	"25.00"	"46"	"Handicap"	"11"	"14"	"Russell, Harry"	"Midgley, P T"	"7"	"14"
"18:45:00"	"2025-11-18"	"Newcastle"	"Madame Plaintiff (IRE)"	"25.00"	"31.44"	"Handicap"	"9"	"14"	"McHugh, B"	"Brown, A D"	"4"	"14"
"19:10:00"	"2025-11-17"	"Newcastle"	"Tiriac"	"6.50"	"9.8"	"Handicap"	"1"	"9"	"McHugh, B"	"Midgley, P T"	"5"	"25"
"18:10:00"	"2025-11-17"	"Newcastle"	"Germanic (IRE)"	"3.00"	"4.67"	"Handicap"	"1"	"13"	"Sexton, Ryan"	"Camacho, Miss J A"	"4"	"23"
"18:00:00"	"2025-11-14"	"Dundalk"	"Mehmar (IRE)"	"50.00"	"85"	"Handicap"	"7"	"10"	"Coen, S"	"Slevin, Nigel"	"5"	"123"
"18:00:00"	"2025-11-08"	"Wolverhampton"	"Some Nightmare (IRE)"	"25.00"	"34"	"Handicap"	"7"	"11"	"Doughty, Jack"	"Oshea, J G M"	"8"	"67"
"17:30:00"	"2025-11-08"	"Wolverhampton"	"Romanovich (IRE)"	"40.00"	"60.91"	"Handicap"	"7"	"9"	"Mangan, Gina"	"Oshea, J G M"	"6"	"75"
"19:55:00"	"2025-11-07"	"Dundalk"	"Nezeeh (IRE)"	"66.00"	"220"	"Handicap"	"6"	"7"	"Cleary, Jack"	"Hogan, Denis Gerard"	"4"	"27"
"17:30:00"	"2025-11-06"	"Newcastle"	"Beltane (IRE)"	"33.00"	"60"	"Handicap"	"9"	"12"	"Elliott, Rhys"	"Walford, Mark"	"6"	"45"
"13:45:00"	"2025-11-05"	"Dundalk"	"Gordon Bennett (IRE)"	"5.50"	"7.6"	"Claimer"	"3"	"13"	"Dalton, J S"	"Brabazon, Richard"	"7"	"15"
"13:45:00"	"2025-11-05"	"Dundalk"	"Browned Off (IRE)"	"100.00"	"330"	"Claimer"	"11"	"13"	"Holohan, Reese"	"Flynn, Paul W"	"4"	"14"
"17:30:00"	"2025-11-04"	"Wolverhampton"	"Shihoku (FR)"	"3.50"	"4.77"	"Handicap"	"5"	"7"	"Hornby, Rob"	"Owen, J P"	"4"	"32"
"19:00:00"	"2025-11-03"	"Wolverhampton"	"Mythical Phoenix (IRE)"	"28.00"	"50"	"Handicap"	"8"	"12"	"Scott, Rowan"	"Camacho, Miss J A"	"5"	"77"
"18:45:00"	"2025-11-01"	"Newcastle"	"Winter Crown"	"33.00"	"38.21"	"Handicap"	"1"	"13"	"Garritty, Billy"	"Bailey, Liam"	"5"	"15"
"18:00:00"	"2025-10-31"	"Dundalk"	"Lismacbryan (IRE)"	"14.00"	"22"	"Handicap"	"14"	"14"	"Whearty, R"	"Cluskey, P"	"4"	"29"
"17:45:00"	"2025-10-31"	"Southwell"	"Secret Guest"	"11.00"	"13.5"	"Handicap"	"8"	"13"	"Mulrennan, Paul"	"Smart, B"	"5"	"55"
"19:30:00"	"2025-10-30"	"Southwell"	"Siam Fox (IRE)"	"11.00"	"15"	"Handicap"	"7"	"8"	"Pyle, William"	"Frost, Kevin"	"7"	"44"
"18:45:00"	"2025-10-30"	"Chelmsford City"	"Fletchers Flight (IRE)"	"4.00"	"5.3"	"Handicap"	"4"	"6"	"Lewis, Ashley"	"McBride, P J"	"5"	"9"
"19:00:00"	"2025-10-29"	"Kempton"	"Law Of Average"	"40.00"	"61.61"	"Handicap"	"7"	"8"	"Haynes, Joey"	"Banham, Chelsea"	"4"	"22"
"18:00:00"	"2025-10-28"	"Wolverhampton"	"Maid In Chelsea (IRE)"	"4.50"	"6"	"Handicap"	"5"	"7"	"Carmichael, Oliver"	"Houghton, Eve Johnson"	"4"	"40"
"17:00:00"	"2025-10-28"	"Wolverhampton"	"Von Krolock (IRE)"	"0.73"	"2.01"	"Handicap"	"7"	"11"	"Lewis, Ashley"	"Owen, J P"	"6"	"48"
"19:30:00"	"2025-10-25"	"Wolverhampton"	"Orbital Chime"	"18.00"	"27"	"Handicap"	"7"	"12"	"Keenan, Darragh"	"Scott, Miss Katie"	"5"	"24"
"19:15:00"	"2025-10-24"	"Dundalk"	"Spartan Arrow (IRE)"	"6.00"	"7.6"	"Non-Handicap"	"1"	"14"	"Doyle, Hollie"	"Watson, Archie"	"5"	"63"
"19:00:00"	"2025-10-23"	"Southwell"	"Eeetee (IRE)"	"33.00"	"44"	"Handicap"	"7"	"9"	"Hardie, Cameron"	"Wainwright, J S"	"7"	"19"
"18:45:00"	"2025-10-16"	"Chelmsford City"	"Magic Fluke (IRE)"	"25.00"	"32"	"Handicap"	"11"	"13"	"Edmunds, Lewis"	"Jenkins, J R"	"4"	"74"
"16:40:00"	"2025-10-15"	"Kempton"	"Harrys Halo (IRE)"	"14.00"	"21"	"Handicap"	"7"	"11"	"Gee, Alfie"	"Frost, Kevin"	"5"	"89"
"19:00:00"	"2025-10-14"	"Newcastle"	"Run This Way"	"16.00"	"22.55"	"Handicap"	"5"	"9"	"Nolan, D"	"Midgley, P T"	"7"	"120"
"19:00:00"	"2025-10-14"	"Newcastle"	"Ifonlytheycudtalk (IRE)"	"6.00"	"8.11"	"Handicap"	"9"	"9"	"Fentiman, Duran"	"Easterby, T D"	"4"	"17"
"16:10:00"	"2025-10-13"	"Kempton"	"Foreseen"	"2.50"	"3.98"	"Handicap"	"3"	"12"	"Fallon, Cieren"	"Carroll, A W"	"4"	"23"
"19:40:00"	"2025-10-08"	"Kempton"	"Wodao (FR)"	"40.00"	"75"	"Handicap"	"14"	"14"	"Carver, William"	"Osborne, J A"	"5"	"26"
"19:45:00"	"2025-10-03"	"Southwell"	"Payforanother Daay"	"9.00"	"12.5"	"Handicap"	"6"	"10"	"Rawlinson, Ali"	"Hodgson, Simon"	"5"	"49"
"20:30:00"	"2025-09-30"	"Newcastle"	"Yazaman (IRE)"	"11.00"	"16.39"	"Handicap"	"10"	"11"	"Winn, Mark"	"Midgley, P T"	"7"	"8"
"19:00:00"	"2025-09-29"	"Southwell"	"Ready Freddie Go (IRE)"	"14.00"	"21.9"	"Handicap"	"5"	"12"	"Russell, Harry"	"Pears, Ollie"	"7"	"42"
"18:45:00"	"2025-09-28"	"Newcastle"	"The Wizard Of Eye (IRE)"	"6.50"	"9.54"	"Handicap"	"3"	"12"	"Rodriguez, Callum"	"Clover, Tom"	"6"	"386"
"17:15:00"	"2025-09-26"	"Dundalk"	"Rappell (IRE)"	"4.50"	"6.8"	"Handicap"	"1"	"14"	"Kennedy, K G"	"Flynn, Paul W"	"4"	"31"
"20:10:00"	"2025-09-24"	"Kempton"	"Wallop (IRE)"	"4.50"	"6.8"	"Handicap"	"2"	"10"	"Paetel, Mason"	"Morland, Jack"	"5"	"36"
"19:00:00"	"2025-09-23"	"Southwell"	"Mon Na Slieve (IRE)"	"4.00"	"5.62"	"Handicap"	"3"	"9"	"Callan, Mr Jack"	"Ryan, K A"	"4"	"34"
"18:30:00"	"2025-09-23"	"Southwell"	"Accrual"	"12.00"	"16.91"	"Handicap"	"1"	"9"	"Lee, Clifford"	"Kubler, Daniel"	"4"	"44"
"19:30:00"	"2025-09-20"	"Wolverhampton"	"Youarenotforgiven"	"5.50"	"8"	"Handicap"	"1"	"11"	"Doughty, Jack"	"Carroll, A W"	"7"	"22"
"19:15:00"	"2025-09-19"	"Newcastle"	"Golden Duke (IRE)"	"8.50"	"11.18"	"Handicap"	"4"	"10"	"McManoman, Faye"	"Tinkler, N"	"6"	"10"
"20:00:00"	"2025-09-18"	"Chelmsford City"	"Its Showtime (IRE)"	"25.00"	"38.28"	"Handicap"	"8"	"12"	"Bennett, Charlie"	"Allen, C N"	"4"	"46"
"19:30:00"	"2025-09-16"	"Wolverhampton"	"Haworth Star (IRE)"	"50.00"	"120"	"Handicap"	"10"	"10"	"Gale, Miss Elizabeth"	"Young, Maxwell"	"5"	"28"
"18:30:00"	"2025-09-16"	"Wolverhampton"	"Kurimu"	"50.00"	"120"	"Handicap"	"2"	"11"	"Gale, Miss Elizabeth"	"Evans, Mrs N S"	"4"	"14"
"16:50:00"	"2025-09-11"	"Chelmsford City"	"Age Of Baroque (FR)"	"33.00"	"46"	"Handicap"	"9"	"10"	"Wood, George"	"Macey, Jessica"	"4"	"26"
"20:40:00"	"2025-09-08"	"Newcastle"	"Alhather (IRE)"	"4.00"	"5.4"	"Handicap"	"1"	"9"	"McSweeney, O"	"Murphy, Daniel"	"4"	"49"
"20:10:00"	"2025-09-08"	"Newcastle"	"Zuffolo (IRE)"	"7.00"	"9.4"	"Handicap"	"1"	"11"	"Mulrennan, Paul"	"Dods, M"	"5"	"12"
"19:40:00"	"2025-09-08"	"Newcastle"	"Bazball (IRE)"	"5.00"	"6"	"Handicap"	"2"	"11"	"Eaves, Tom"	"Smith, Mrs S J"	"4"	"10"
"15:58:00"	"2025-09-08"	"Lingfield"	"King Of War"	"10.00"	"13.06"	"Handicap"	"10"	"10"	"Dawson, R"	"Wigham, M"	"6"	"67"
"20:42:00"	"2025-09-06"	"Wolverhampton"	"Dream Pirate"	"4.50"	"6.2"	"Handicap"	"3"	"9"	"Cosgrave, Pat"	"Kent, T J"	"5"	"22"
"19:47:00"	"2025-09-05"	"Kempton"	"Arctic Dawn"	"4.00"	"6.4"	"Handicap"	"1"	"12"	"Watson, Jason"	"Kubler, Daniel"	"4"	"29"
"19:47:00"	"2025-09-05"	"Kempton"	"Silver Samurai"	"18.00"	"26"	"Handicap"	"6"	"12"	"Ghiani, Marco"	"Botti, M"	"8"	"20"
"18:20:00"	"2025-09-04"	"Lingfield"	"Jumbeau"	"8.00"	"9.51"	"Handicap"	"3"	"9"	"Callan, Mr Jack"	"Clover, Tom"	"5"	"15"
"18:20:00"	"2025-09-04"	"Lingfield"	"Law Of Average"	"12.00"	"16.99"	"Handicap"	"6"	"9"	"Haynes, Joey"	"Banham, Chelsea"	"4"	"11"
"17:05:00"	"2025-09-04"	"Laytown"	"Lismacbryan (IRE)"	"4.50"	"6.4"	"Handicap"	"5"	"10"	"Keane, C T"	"Cluskey, P"	"4"	"11"
"16:30:00"	"2025-09-04"	"Laytown"	"Lismacbryan Hill (IRE)"	"6.00"	"9.03"	"Claimer"	"1"	"10"	"Keane, C T"	"Magee, Patrick"	"4"	"11"
"16:30:00"	"2025-09-04"	"Laytown"	"American In Paris (IRE)"	"5.00"	"6.73"	"Claimer"	"3"	"10"	"Whearty, R"	"Flynn, Paul W"	"5"	"11"
"16:25:00"	"2025-09-04"	"Southwell"	"Twilight Diamond"	"8.50"	"11.26"	"Handicap"	"2"	"14"	"Nolan, D"	"OMeara, D"	"4"	"19"
"15:20:00"	"2025-09-04"	"Southwell"	"Shesashambles (IRE)"	"8.50"	"12.46"	"Handicap"	"4"	"11"	"Breslin, Andrew"	"Makin, Phillip"	"4"	"145"
"20:00:00"	"2025-09-02"	"Southwell"	"Gressington (IRE)"	"8.00"	"10.5"	"Handicap"	"9"	"10"	"Rodriguez, Callum"	"Bethell, Ed"	"4"	"17"
"19:30:00"	"2025-08-29"	"Newcastle"	"Mrs Bagerran (IRE)"	"8.00"	"9.8"	"Non-Handicap"	"4"	"9"	"Pyle, William"	"Waggott, Miss Tracy"	"7"	"24"
"19:30:00"	"2025-08-29"	"Newcastle"	"Northerner (IRE)"	"3.50"	"4.23"	"Non-Handicap"	"5"	"9"	"Robinson, Ben"	"Ellison, B"	"4"	"120"
"18:30:00"	"2025-08-29"	"Newcastle"	"Wath Court"	"66.00"	"73.73"	"Handicap"	"9"	"9"	"Mason, Joanna"	"Rothwell, B S"	"5"	"30"
"19:10:00"	"2025-08-26"	"Lingfield"	"King David (IRE)"	"12.00"	"15"	"Handicap"	"8"	"9"	"Davies, Harry"	"Botti, M"	"4"	"10"
"20:15:00"	"2025-08-21"	"Newcastle"	"Flag Of St George (IRE)"	"16.00"	"23"	"Handicap"	"12"	"14"	"Mason, Joanna"	"Chapple-Hyam, Jane"	"4"	"14"
"20:00:00"	"2025-08-21"	"Chelmsford City"	"Shades Of May"	"12.00"	"15.5"	"Handicap"	"5"	"9"	"Perkins, Miss Alicia"	"Usher, M D I"	"5"	"35"
"18:45:00"	"2025-08-21"	"Newcastle"	"Jack Sparowe (IRE)"	"40.00"	"70"	"Handicap"	"11"	"14"	"Beasley, Connor"	"Butler, John"	"6"	"293"
"20:10:00"	"2025-08-19"	"Wolverhampton"	"Edgewater Drive (IRE)"	"33.00"	"76.09"	"Handicap"	"11"	"11"	"Muir, Paula"	"Storey, W"	"4"	"404"
"18:15:00"	"2025-08-14"	"Chelmsford City"	"Marcus"	"4.00"	"5.33"	"Handicap"	"3"	"7"	"Leavy, Mr Joe"	"Wallis, Charlie"	"4"	"8"
"19:15:00"	"2025-08-13"	"Kempton"	"Nibras Angel"	"7.50"	"9.2"	"Handicap"	"5"	"10"	"Muscutt, D"	"Haynes, Alice"	"5"	"46"
"19:15:00"	"2025-08-13"	"Kempton"	"Son"	"9.00"	"14.5"	"Handicap"	"6"	"10"	"Levey, S M"	"Hannon (Jnr), Richard"	"4"	"34"
"14:30:00"	"2025-08-12"	"Lingfield"	"Zaltalla (FR)"	"10.00"	"12.5"	"Handicap"	"1"	"13"	"Jakes, Tommie"	"Attwater, M J"	"4"	"21"
"15:07:00"	"2025-08-10"	"Wolverhampton"	"The Caribbean (IRE)"	"2.00"	"3.38"	"Claimer"	"4"	"4"	"Muscutt, D"	"Main, Mrs H S"	"4"	"9"
"14:53:00"	"2025-08-04"	"Lingfield"	"Al Shabab (FR)"	"2.75"	"3.92"	"Handicap"	"4"	"9"	"Ryan, Rossa"	"Evans, P D"	"4"	"24"
"15:53:00"	"2025-08-01"	"Newcastle"	"Willingly"	"11.00"	"18.5"	"Non-Handicap"	"5"	"9"	"Young, Archie"	"Usher, M D I"	"8"	"13"
"18:45:00"	"2024-12-14"	"Southwell"	"Diamondonthehill"	"33.00"	"56.92"	"Handicap"	"14"	"14"	"Kingscote, Richard"	"Newland, Dr R D P"	"6"	"65"
"18:40:00"	"2024-12-11"	"Kempton"	"Mister Bluebird"	"33.00"	"62.36"	"Handicap"	"9"	"12"	"Crowley, Jim"	"Main, Mrs H S"	"6"	"32"
"17:00:00"	"2024-12-09"	"Newcastle"	"Lakota Blue"	"28.00"	"32"	"Handicap"	"7"	"13"	"Hart, Jason"	"Fell, R / Murray, S"	"4"	"208"
"18:40:00"	"2024-12-04"	"Kempton"	"Midsummer Music (IRE)"	"5.00"	"7.21"	"Handicap"	"1"	"9"	"Crowley, Jim"	"Teal, R A"	"4"	"33"
"19:10:00"	"2024-11-23"	"Newcastle"	"Masterclass"	"22.00"	"32"	"Handicap"	"8"	"12"	"Winn, Mark"	"Midgley, P T"	"5"	"126"
"20:00:00"	"2024-11-22"	"Dundalk"	"Suityourselfboss (IRE)"	"25.00"	"41.05"	"Handicap"	"11"	"11"	"Kennedy, K G"	"Browne, Michael J"	"5"	"72"
"15:35:00"	"2024-11-20"	"Dundalk"	"Fox Island"	"33.00"	"135.43"	"Maiden"	"7"	"10"	"Mulligan, R M"	"Kingston, G A"	"4"	"439"
"19:00:00"	"2024-11-13"	"Southwell"	"Captain Bentley"	"80.00"	"139.38"	"Handicap"	"10"	"10"	"Sullivan, James P"	"Mullineaux, M"	"5"	"75"
"19:30:00"	"2024-11-12"	"Southwell"	"Rhythm Master (IRE)"	"12.00"	"18.2"	"Handicap"	"6"	"12"	"Mulrennan, Paul"	"Harker, G A"	"6"	"17"
"17:00:00"	"2024-11-09"	"Chelmsford City"	"Fast Flo"	"66.00"	"130"	"Handicap"	"8"	"11"	"ONeill, K T"	"Dunnett, Mrs C A"	"5"	"18"
"16:30:00"	"2024-11-07"	"Newcastle"	"Looking For Lynda (IRE)"	"5.50"	"7.18"	"Handicap"	"5"	"6"	"Feilden, Sam"	"Burke, K R"	"4"	"61"
"14:18:00"	"2024-11-06"	"Kempton"	"The Spotlight Kid"	"4.00"	"5.68"	"Handicap"	"1"	"14"	"Egan, David"	"Ivory, D K"	"5"	"22"
"19:45:00"	"2024-11-04"	"Southwell"	"Oso Rapido (IRE)"	"2.25"	"3.44"	"Handicap"	"6"	"11"	"Hart, Jason"	"Fell, R / Murray, S"	"7"	"7"
"13:50:00"	"2024-11-04"	"Kempton"	"Mirsky"	"14.00"	"18.72"	"Handicap"	"9"	"9"	"Shoemark, Kieran"	"OMeara, D"	"5"	"16"
"19:25:00"	"2024-11-02"	"Southwell"	"Savvy Victory (IRE)"	"33.00"	"49.12"	"Handicap"	"5"	"6"	"Muscutt, D"	"Woods, S P C"	"5"	"21"
"18:45:00"	"2024-11-01"	"Newcastle"	"Asmund (IRE)"	"14.00"	"20"	"Handicap"	"9"	"10"	"Nolan, D"	"Carroll, D"	"7"	"14"
"17:45:00"	"2024-11-01"	"Newcastle"	"Remarkable Force (IRE)"	"12.00"	"15.58"	"Handicap"	"9"	"9"	"Mullen, Andrew"	"Haslam, B M R"	"4"	"160"
"19:30:00"	"2024-10-31"	"Chelmsford City"	"Haveagobeau"	"33.00"	"41.93"	"Handicap"	"7"	"9"	"Catton, Luke"	"Boyle, J R"	"5"	"17"
"18:30:00"	"2024-10-30"	"Kempton"	"Haziym (IRE)"	"40.00"	"70"	"Handicap"	"10"	"11"	"Doughty, Jack"	"Carroll, A W"	"5"	"55"
"19:00:00"	"2024-10-29"	"Newcastle"	"The Ridler"	"14.00"	"20.09"	"Handicap"	"UR"	"9"	"Fentiman, Warren"	"Fahey, R A"	"4"	"21"
"19:00:00"	"2024-10-28"	"Southwell"	"Whiskey Priest (IRE)"	"22.00"	"26"	"Handicap"	"7"	"10"	"Wheatley, Zak"	"Carroll, D"	"4"	"26"
"20:00:00"	"2024-10-26"	"Chelmsford City"	"Starshot (IRE)"	"7.00"	"8"	"Handicap"	"7"	"10"	"Wood, George"	"Charalambous, P"	"4"	"11"
"18:30:00"	"2024-10-25"	"Dundalk"	"Livingston Range (IRE)"	"33.00"	"47.98"	"Handicap"	"10"	"14"	"Sheehy, Danny"	"Donohoe, R"	"6"	"61"
"19:00:00"	"2024-10-24"	"Southwell"	"Carnival Zain"	"33.00"	"46.03"	"Handicap"	"8"	"12"	"Brookes, Aiden"	"Hammond, Micky"	"7"	"61"
"19:40:00"	"2024-10-23"	"Kempton"	"Lion Of War"	"14.00"	"17.84"	"Handicap"	"3"	"14"	"Murphy, Oisin"	"Johnston, Charlie"	"4"	"25"
"18:55:00"	"2024-10-22"	"Newcastle"	"Harlem Nights (IRE)"	"9.00"	"12.5"	"Handicap"	"9"	"11"	"Edmunds, Lewis"	"Macey, Jessica"	"4"	"17"
"17:43:00"	"2024-10-21"	"Southwell"	"City Of York"	"4.00"	"6.4"	"Handicap"	"8"	"11"	"Sousa, Silvestre De"	"Simcock, D M"	"4"	"30"
"16:50:00"	"2024-10-21"	"Wolverhampton"	"Rizg"	"50.00"	"107.9"	"Handicap"	"7"	"12"	"Keenan, Darragh"	"Owen, J P"	"5"	"37"
"18:45:00"	"2024-10-17"	"Chelmsford City"	"King Of War"	"50.00"	"80.52"	"Handicap"	"6"	"8"	"Bowen, S D"	"Wigham, M"	"5"	"10"
"18:45:00"	"2024-10-17"	"Chelmsford City"	"Ataser"	"22.00"	"31.25"	"Handicap"	"8"	"8"	"Keeley, Aidan"	"Kent, T J"	"6"	"76"
"18:15:00"	"2024-10-17"	"Chelmsford City"	"Yoshimi (IRE)"	"3.33"	"4.99"	"Handicap"	"1"	"11"	"Probert, David"	"Herrington,M "	"7"	"67"
"19:15:00"	"2024-10-10"	"Chelmsford City"	"Rhythmic Acclaim (IRE)"	"40.00"	"80"	"Handicap"	"8"	"10"	"Farragher, Adam J"	"McBride, P J"	"4"	"22"
"16:12:00"	"2024-10-09"	"Kempton"	"Mapogo"	"125.00"	"345.97"	"Handicap"	"12"	"13"	"Watson, Jason"	"Pattinson, Mark"	"4"	"76"
"20:00:00"	"2024-10-08"	"Southwell"	"Irish Dancer (IRE)"	"12.00"	"16.72"	"Handicap"	"3"	"8"	"Gordon, Josephine"	"Carroll, D"	"4"	"22"
"20:30:00"	"2024-10-07"	"Wolverhampton"	"Notre Maison"	"8.00"	"9.27"	"Handicap"	"4"	"8"	"Hornby, Rob"	"Kittow, W S"	"5"	"21"
"19:30:00"	"2024-10-05"	"Wolverhampton"	"The Green Man (IRE)"	"25.00"	"37.83"	"Handicap"	"11"	"12"	"Haynes, Joey"	"Parr, Joseph"	"5"	"28"
"17:45:00"	"2024-10-05"	"Southwell"	"Siam Fox (IRE)"	"66.00"	"120"	"Handicap"	"4"	"11"	"Pinna, Mr Andrea"	"Frost, Kevin"	"6"	"49"
"18:40:00"	"2024-10-03"	"Newcastle"	"Rayat (IRE)"	"3.00"	"4.6"	"Handicap"	"1"	"12"	"Tudhope, Daniel"	"Suroor, Saeed Bin"	"5"	"37"
"19:30:00"	"2024-10-02"	"Kempton"	"Bluelight Bay (IRE)"	"7.50"	"9.86"	"Handicap"	"3"	"14"	"Loughnane, Mr Billy"	"Houghton, Eve Johnson"	"4"	"69"
"18:55:00"	"2024-10-02"	"Kempton"	"Island Bandit (IRE)"	"22.00"	"26.31"	"Handicap"	"12"	"14"	"Mitchell, Jack"	"Main, Mrs H S"	"5"	"34"
"17:45:00"	"2024-10-02"	"Kempton"	"Go Bears Go (IRE)"	"22.00"	"31.85"	"Non-Handicap"	"6"	"8"	"Egan, David"	"Loughnane, David"	"5"	"17"
"20:30:00"	"2024-10-01"	"Newcastle"	"Maxi Boy"	"18.00"	"24"	"Handicap"	"1"	"10"	"Marshall, Tom Kiely"	"Mcsharry, Fionn"	"7"	"23"
"20:30:00"	"2024-10-01"	"Newcastle"	"Ideal Guest (FR)"	"11.00"	"22"	"Handicap"	"8"	"10"	"McSweeney, O"	"Bethell, Harriet"	"5"	"351"
"19:00:00"	"2024-09-28"	"Chelmsford City"	"Twilight Fun"	"11.00"	"12.15"	"Handicap"	"1"	"10"	"Haynes, Joey"	"Banham, Chelsea"	"4"	"34"
"18:05:00"	"2024-09-16"	"Laytown"	"Hezahunk (IRE)"	"5.50"	"8.6"	"Maiden"	"7"	"10"	"Caffrey, Adam"	"McGuinness, Adrian"	"5"	"5"
"18:00:00"	"2024-09-16"	"Kempton"	"Red Maids"	"28.00"	"38.32"	"Handicap"	"5"	"13"	"Probert, David"	"Rimell, M G"	"4"	"11"
"17:05:00"	"2024-09-16"	"Laytown"	"Phils Dream (IRE)"	"9.00"	"12"	"Handicap"	"7"	"10"	"Ryan, J J G"	"McConnell, John C"	"4"	"82"
"16:35:00"	"2024-09-16"	"Laytown"	"Volatile Analyst (USA)"	"6.00"	"8"	"Handicap"	"8"	"10"	"Keane, C T"	"Davison, Jack W"	"7"	"16"
"16:35:00"	"2024-09-16"	"Laytown"	"Polar Bear (IRE)"	"11.00"	"13.81"	"Handicap"	"9"	"10"	"McCullagh, Scott"	"Harrington, Mrs John"	"4"	"20"
"20:30:00"	"2024-09-12"	"Newcastle"	"Willingly"	"12.00"	"15.63"	"Handicap"	"7"	"8"	"Marshall, Tom Kiely"	"Usher, M D I"	"7"	"97"
"18:30:00"	"2024-09-10"	"Newcastle"	"As If By Chance"	"25.00"	"36.95"	"Handicap"	"3"	"13"	"McManoman, Faye"	"Tinkler, N"	"6"	"22"
"18:30:00"	"2024-09-10"	"Newcastle"	"Quintus Arrius (IRE)"	"4.00"	"5.07"	"Handicap"	"5"	"13"	"Tudhope, Daniel"	"Niven, P D"	"4"	"14"
"19:30:00"	"2024-09-07"	"Wolverhampton"	"Cooperation (IRE)"	"10.00"	"13.5"	"Handicap"	"3"	"9"	"Kavanagh, Ryan"	"Attwater, M J"	"6"	"15"
"21:00:00"	"2024-09-06"	"Kempton"	"Another Baar"	"3.00"	"4.5"	"Handicap"	"5"	"8"	"Fallon, Cieren"	"Keatley, Adrian Paul"	"4"	"10"
"20:00:00"	"2024-09-04"	"Kempton"	"Princess Shabnam (IRE)"	"3.50"	"4.9"	"Handicap"	"2"	"7"	"Doyle, Hollie"	"Woods, S P C"	"5"	"36"
"20:45:00"	"2024-09-03"	"Newcastle"	"Haworth Star (IRE)"	"7.50"	"9.18"	"Handicap"	"1"	"12"	"Orr, Oisin"	"Fahey, R A"	"4"	"54"
"19:45:00"	"2024-09-03"	"Newcastle"	"See My Baby Jive"	"5.00"	"6.7"	"Handicap"	"12"	"14"	"Tudhope, Daniel"	"Whillans, D W"	"8"	"22"
"18:00:00"	"2024-09-03"	"Southwell"	"Able Kane"	"5.00"	"6.6"	"Handicap"	"2"	"8"	"Coakley, Ross"	"Millman, B R"	"7"	"18"
"15:40:00"	"2024-09-03"	"Southwell"	"Irish Dancer (IRE)"	"28.00"	"37.59"	"Handicap"	"5"	"11"	"Wheatley, Zak"	"Carroll, D"	"4"	"24"
"18:55:00"	"2024-08-31"	"Lingfield"	"Muy Muy Guapo"	"18.00"	"24"	"Non-Handicap"	"5"	"9"	"Bradley, Paddy"	"Dow, S"	"4"	"26"
"18:25:00"	"2024-08-31"	"Lingfield"	"Darcys Rock"	"80.00"	"133.17"	"Non-Handicap"	"8"	"9"	"Currie, Nicola"	"Murphy, P G"	"5"	"5"
"17:55:00"	"2024-08-31"	"Lingfield"	"Starspangledsammy (IRE)"	"80.00"	"240.38"	"Handicap"	"7"	"7"	"Keenan, Darragh"	"Allen, C N"	"4"	"14"
"17:58:00"	"2024-08-30"	"Southwell"	"Beaming Light"	"50.00"	"79.81"	"Handicap"	"9"	"12"	"Larson, Frederick"	"Horsfall, Miss L"	"4"	"15"
"17:23:00"	"2024-08-30"	"Southwell"	"Ravens Applause (IRE)"	"40.00"	"50"	"Handicap"	"7"	"12"	"Watson, Jason"	"Dunlop, E A L"	"4"	"13"
"16:13:00"	"2024-08-30"	"Southwell"	"Buckshaw Village (FR)"	"18.00"	"25.77"	"Handicap"	"12"	"13"	"Wheatley, Zak"	"Carroll, D"	"5"	"15"
"16:40:00"	"2024-08-29"	"Chelmsford City"	"Kangaroo (IRE)"	"33.00"	"40.36"	"Non-Handicap"	"9"	"11"	"Da Silva, Raul"	"McEntee, P S"	"4"	"30"
"15:10:00"	"2024-08-29"	"Chelmsford City"	"Dancing Magic (IRE)"	"3.50"	"5.76"	"Maiden"	"2"	"10"	"Crouch, Hector"	"Teal, R A"	"4"	"33"
"17:05:00"	"2024-08-26"	"Southwell"	"United Force (IRE)"	"25.00"	"40"	"Handicap"	"9"	"13"	"Morris, Luke"	"Hobson, Miss Clare"	"4"	"7"
"20:30:00"	"2024-08-22"	"Chelmsford City"	"Bishops Glory (IRE)"	"9.00"	"12"	"Non-Handicap"	"5"	"7"	"Keenan, Darragh"	"Moore, Gary and Josh"	"4"	"29"
"20:15:00"	"2024-08-22"	"Newcastle"	"The Ridler"	"33.00"	"60"	"Handicap"	"10"	"14"	"Hardie, Cameron"	"Fahey, R A"	"4"	"19"
"19:30:00"	"2024-08-22"	"Chelmsford City"	"Ararat (IRE)"	"6.50"	"8.49"	"Handicap"	"1"	"5"	"Ghiani, Marco"	"Simcock, D M"	"4"	"20"
"19:00:00"	"2024-08-22"	"Chelmsford City"	"Zeno (FR)"	"22.00"	"33.66"	"Handicap"	"7"	"8"	"Ghiani, Marco"	"Cowell, R M H"	"4"	"17"
"17:25:00"	"2024-08-18"	"Southwell"	"Global Effort (IRE)"	"11.00"	"14"	"Handicap"	"9"	"10"	"Gordon, Josephine"	"McEntee, P S"	"4"	"11"
"15:00:00"	"2024-08-16"	"Wolverhampton"	"Hallowed Time (IRE)"	"14.00"	"18.93"	"Handicap"	"5"	"13"	"Coakley, Ross"	"Loughnane, Daniel Mark"	"6"	"42"
"17:35:00"	"2024-08-15"	"Chelmsford City"	"Takana (IRE)"	"33.00"	"54.01"	"Handicap"	"10"	"10"	"Bond, Alice"	"Ocsko-Moore, Stephanie"	"5"	"4"
"18:05:00"	"2024-08-02"	"Newcastle"	"Mr Stanley (IRE)"	"12.00"	"20"	"Non-Handicap"	"5"	"13"	"Elliott, Andrew"	"Kirby, P A"	"5"	"16"
"16:55:00"	"2024-08-02"	"Southwell"	"Barneys Bay"	"16.00"	"24.87"	"Handicap"	"6"	"6"	"Mason, Joanna"	"Shaw, D"	"6"	"62"
"15:45:00"	"2024-08-02"	"Southwell"	"Kings Vanity"	"5.50"	"7.29"	"Handicap"	"4"	"13"	"Hornby, Rob"	"Balding, A M"	"4"	"29"
"15:45:00"	"2024-08-02"	"Southwell"	"Broken Spear"	"33.00"	"43.81"	"Handicap"	"10"	"13"	"Russell, Harry"	"Coyle, Tony"	"8"	"97"
"17:30:00"	"2023-12-22"	"Dundalk"	"Ramiro (IRE)"	"28.00"	"42"	"Handicap"	"4"	"13"	"Sheridan, J M"	"McLoughlin, Hilary"	"7"	"48"
"16:20:00"	"2023-12-22"	"Southwell"	"Pavlodar (FR)"	"5.50"	"8.02"	"Handicap"	"7"	"12"	"Rawlinson, Ali"	"Appleby, M"	"4"	"109"
"15:50:00"	"2023-12-22"	"Southwell"	"Glory Fighter"	"50.00"	"76.73"	"Handicap"	"10"	"11"	"Hardie, Cameron"	"Midgley, P T"	"7"	"114"
"14:07:00"	"2023-12-22"	"Southwell"	"Broxi (IRE)"	"12.00"	"13.5"	"Handicap"	"11"	"11"	"Croot, Elle-May"	"Furtado, Ivan"	"5"	"176"
"18:30:00"	"2023-12-16"	"Wolverhampton"	"Hallowed Time (IRE)"	"11.00"	"15.5"	"Handicap"	"9"	"12"	"Marsh, Finley"	"Loughnane, Daniel Mark"	"5"	"59"
"18:00:00"	"2023-12-09"	"Wolverhampton"	"Bass Player (IRE)"	"25.00"	"34"	"Handicap"	"3"	"9"	"Lee, Clifford"	"Frost, Kevin"	"4"	"70"
"17:00:00"	"2023-12-08"	"Dundalk"	"Imperial Khan (IRE)"	"100.00"	"200"	"Handicap"	"9"	"10"	"Cleary, R P"	"OBrien, Liam G"	"4"	"122"
"19:30:00"	"2023-12-06"	"Kempton"	"Al Mubhir"	"6.00"	"7.4"	"Non-Handicap"	"6"	"9"	"Farragher, Adam J"	"Haggas, W J"	"4"	"46"
"17:15:00"	"2023-11-25"	"Wolverhampton"	"Khathak"	"18.00"	"23.94"	"Handicap"	"5"	"9"	"Orr, Oisin"	"Fahey, R A"	"4"	"39"
"12:35:00"	"2023-11-25"	"Lingfield"	"Speedacus (IRE)"	"33.00"	"35.01"	"Handicap"	"9"	"9"	"Wood, George"	"Butler, John"	"4"	"46"
"17:10:00"	"2023-11-17"	"Dundalk"	"Volatile Analyst (USA)"	"6.00"	"7.34"	"Handicap"	"2"	"14"	"McCullagh, Scott"	"McGuinness, Adrian"	"6"	"34"
"17:10:00"	"2023-11-17"	"Dundalk"	"Furnace Creek (IRE)"	"18.00"	"22.07"	"Handicap"	"8"	"14"	"Colgan, R C"	"Murray, Joseph Anthony"	"4"	"17"
"14:50:00"	"2023-11-14"	"Newcastle"	"Mister Bluebird"	"14.00"	"19.86"	"Handicap"	"9"	"9"	"Hart, Jason"	"Main, Mrs H S"	"5"	"30"
"18:30:00"	"2023-11-13"	"Wolverhampton"	"Tommytwohoots"	"10.00"	"15.15"	"Handicap"	"1"	"12"	"Pearson, Laura"	"Harris, S A"	"5"	"13"
"20:30:00"	"2023-11-11"	"Chelmsford City"	"Handel (USA)"	"8.50"	"12.3"	"Handicap"	"6"	"8"	"Haynes, Joey"	"Banham, Chelsea"	"5"	"26"
"13:30:00"	"2023-11-11"	"Newcastle"	"Persist"	"20.00"	"38"	"Non-Handicap"	"9"	"13"	"Farragher, Adam J"	"Haggas, W J"	"4"	"29"
"11:45:00"	"2023-11-11"	"Newcastle"	"Cold Stare (IRE)"	"25.00"	"32.94"	"Handicap"	"4"	"12"	"Mortensen, Mikkel"	"OMeara, D"	"8"	"7"
"19:00:00"	"2023-11-08"	"Kempton"	"Fresh"	"7.00"	"10.5"	"Handicap"	"12"	"12"	"Doyle, James"	"Fanshawe, J R"	"6"	"32"
"15:45:00"	"2023-11-08"	"Dundalk"	"Jazzy Dancer (IRE)"	"8.50"	"13.45"	"Handicap"	"3"	"14"	"McAteer, L T"	"Martin, W J"	"5"	"67"
"17:50:00"	"2023-11-07"	"Newcastle"	"Le Beau Garcon"	"3.00"	"4.55"	"Handicap"	"6"	"9"	"Mason, Joanna"	"Easterby, M W"	"4"	"22"
"19:30:00"	"2023-11-06"	"Wolverhampton"	"Piecederesistance (IRE)"	"10.00"	"16.8"	"Handicap"	"6"	"11"	"Garritty, Billy"	"Hammond, Micky"	"5"	"44"
"15:55:00"	"2023-11-05"	"Lingfield"	"Essme"	"25.00"	"29.53"	"Handicap"	"4"	"10"	"Shepherd, Callum"	"Bridger, J / Cook, R"	"5"	"62"
"17:45:00"	"2023-11-03"	"Newcastle"	"Ramon Di Loria (IRE)"	"6.50"	"7.97"	"Handicap"	"3"	"10"	"Sexton, Ryan"	"Whillans, Ewan"	"5"	"22"
"15:05:00"	"2023-11-03"	"Newcastle"	"Jump The Gun (IRE)"	"66.00"	"170"	"Handicap"	"1"	"13"	"McDonald, P J"	"Jardine, I"	"6"	"22"
"15:05:00"	"2023-11-03"	"Newcastle"	"Illusionist (GER)"	"25.00"	"42.5"	"Handicap"	"10"	"13"	"Gray, S A"	"Tuer, Grant"	"6"	"41"
"18:15:00"	"2023-11-02"	"Newcastle"	"Miss Britain (IRE)"	"40.00"	"64.52"	"Handicap"	"5"	"8"	"Garritty, Billy"	"McInnes, I W"	"4"	"23"
"17:45:00"	"2023-11-02"	"Newcastle"	"Hard Nut (IRE)"	"9.00"	"13.5"	"Handicap"	"8"	"11"	"Mitchell, Jack"	"Perratt, Miss L A"	"6"	"82"
"18:45:00"	"2023-11-01"	"Kempton"	"Admiral D (IRE)"	"10.00"	"15"	"Handicap"	"7"	"9"	"Orr, Oisin"	"Fahey, R A"	"4"	"20"
"18:45:00"	"2023-11-01"	"Kempton"	"Leap Abroad (IRE)"	"22.00"	"31.69"	"Handicap"	"8"	"9"	"Probert, David"	"Cole, P F I"	"4"	"147"
"18:15:00"	"2023-11-01"	"Kempton"	"Sterling Knight"	"28.00"	"34.48"	"Handicap"	"5"	"12"	"Probert, David"	"Dunlop, E A L"	"4"	"41"
"20:00:00"	"2023-10-30"	"Newcastle"	"Captains Bar"	"9.00"	"10.5"	"Handicap"	"1"	"11"	"ONeill, K T"	"Dixon, Scott"	"4"	"122"
"18:45:00"	"2023-10-27"	"Wolverhampton"	"All The Kings Men (FR)"	"5.00"	"7.83"	"Handicap"	"2"	"11"	"Loughnane, Mr Billy"	"Boughey, George"	"5"	"139"
"17:00:00"	"2023-10-27"	"Dundalk"	"Clarinbridge (IRE)"	"28.00"	"35.79"	"Claimer"	"9"	"14"	"Heffernan, J A"	"Kelly, Noel C"	"4"	"23"
"16:58:00"	"2023-10-25"	"Kempton"	"Masterclass"	"9.00"	"11.39"	"Claimer"	"2"	"7"	"Shepherd, Callum"	"Simcock, D M"	"4"	"59"
"20:30:00"	"2023-10-20"	"Newcastle"	"Shabaaby"	"50.00"	"75"	"Handicap"	"11"	"12"	"Sexton, Ryan"	"Whillans, Ewan"	"8"	"113"
"20:15:00"	"2023-10-20"	"Dundalk"	"Ballysax Lil Mick (IRE)"	"12.00"	"16.66"	"Maiden"	"5"	"12"	"Simmonson, D M"	"Brown, Miss Katy"	"5"	"8"
"18:30:00"	"2023-10-12"	"Chelmsford City"	"Bell Shot (IRE)"	"50.00"	"75"	"Handicap"	"7"	"9"	"Mitchell, Jack"	"Cowell, R M H"	"4"	"22"
"20:30:00"	"2023-10-11"	"Kempton"	"Romanovich (IRE)"	"6.50"	"8.8"	"Handicap"	"7"	"14"	"Marsh, Finley"	"Oshea, J G M"	"4"	"117"
"20:00:00"	"2023-10-11"	"Kempton"	"Cooperation (IRE)"	"40.00"	"67.21"	"Handicap"	"11"	"11"	"Bradley, Paddy"	"Attwater, M J"	"5"	"46"
"19:00:00"	"2023-10-07"	"Wolverhampton"	"Mokaatil"	"12.00"	"16.59"	"Handicap"	"8"	"11"	"Fanning, Joe"	"Williams, Ian"	"8"	"11"
"17:00:00"	"2023-10-06"	"Dundalk"	"Astral Beat (IRE)"	"28.00"	"40"	"Handicap"	"7"	"14"	"Whelan, R P"	"Smyth, Lee"	"4"	"48"
"17:00:00"	"2023-10-06"	"Dundalk"	"Different Look (FR)"	"25.00"	"46"	"Handicap"	"13"	"14"	"Carroll, G F"	"Donoghue, Ian"	"4"	"40"
"19:30:00"	"2023-10-02"	"Newcastle"	"Sound Reason"	"9.00"	"13.25"	"Handicap"	"3"	"10"	"Eaves, Tom"	"Ryan, K A"	"5"	"12"
"17:10:00"	"2023-09-29"	"Dundalk"	"Wooden Head (IRE)"	"8.00"	"11.5"	"Handicap"	"4"	"14"	"Whearty, R"	"Bunyan, Darren / OLeary, G"	"4"	"34"
"19:30:00"	"2023-09-27"	"Kempton"	"Dig Two (IRE)"	"8.50"	"12.48"	"Handicap"	"8"	"11"	"Kingscote, Richard"	"Sangster, Ollie"	"4"	"35"
"16:55:00"	"2023-09-25"	"Wolverhampton"	"Culcor"	"12.00"	"17.65"	"Handicap"	"10"	"12"	"Callan, N"	"OMeara, D"	"4"	"8"
"17:24:00"	"2023-09-23"	"Wolverhampton"	"Gannon Glory (IRE)"	"6.50"	"10.04"	"Handicap"	"4"	"9"	"Fisher, Taylor"	"Watson, Archie"	"4"	"27"
"19:00:00"	"2023-09-22"	"Dundalk"	"Ferrybank"	"4.50"	"6.67"	"Handicap"	"8"	"14"	"Hayes, C D"	"Walsh, T M"	"5"	"16"
"19:15:00"	"2023-09-13"	"Southwell"	"Hierarchy (IRE)"	"10.00"	"16.44"	"Handicap"	"4"	"14"	"Osborne, Saffie"	"Osborne, J A"	"4"	"18"
"19:30:00"	"2023-09-09"	"Wolverhampton"	"Ecclesiastical"	"3.50"	"5.13"	"Handicap"	"5"	"9"	"Hutchinson, Callum"	"Davidson, Tristan"	"6"	"10"
"17:25:00"	"2023-09-09"	"Wolverhampton"	"Kingwell"	"18.00"	"24.2"	"Handicap"	"7"	"9"	"Wright, Liam"	"Gansera-Leveque, Mrs Ilka"	"4"	"27"
"14:45:00"	"2023-09-08"	"Newcastle"	"Mercurius Power (IRE)"	"28.00"	"32"	"Handicap"	"5"	"12"	"Sanderson, Benjamin"	"Macey, Jessica"	"5"	"21"
"14:45:00"	"2023-09-08"	"Newcastle"	"Buckshaw Village (FR)"	"33.00"	"52.12"	"Handicap"	"12"	"12"	"Wheatley, Zak"	"Carroll, D"	"4"	"62"
"18:15:00"	"2023-09-07"	"Wolverhampton"	"Le Beau Garcon"	"10.00"	"12.43"	"Handicap"	"9"	"12"	"Robinson, Ben"	"Easterby, M W"	"4"	"27"
"20:30:00"	"2023-09-06"	"Kempton"	"Aphelios"	"4.50"	"6.4"	"Handicap"	"1"	"8"	"Buick, William"	"Appleby, M"	"4"	"18"
"17:30:00"	"2023-09-06"	"Southwell"	"Cubanista"	"11.00"	"14.11"	"Handicap"	"11"	"14"	"Kelly, Shane"	"Sly, Mrs P"	"4"	"27"
"17:25:00"	"2023-09-06"	"Lingfield"	"King of The Dance (IRE)"	"4.50"	"7.91"	"Handicap"	"1"	"10"	"Marquand, Tom"	"Houghton, Eve Johnson"	"4"	"21"
"17:25:00"	"2023-09-06"	"Lingfield"	"Florence Street"	"33.00"	"45.82"	"Handicap"	"9"	"10"	"Rooke, George"	"Richards, Mrs L"	"5"	"20"
"18:00:00"	"2023-09-02"	"Wolverhampton"	"More Diamonds (IRE)"	"40.00"	"71.2"	"Handicap"	"6"	"12"	"Shepard, Miss Sienna"	"Ferguson, James"	"4"	"35"
"18:30:00"	"2023-08-24"	"Chelmsford City"	"Shabs"	"4.00"	"3.3"	"Non-Handicap"	"1"	"10"	"Muscutt, D"	"Parr, Joseph"	"4"	"23"
"20:22:00"	"2023-08-23"	"Kempton"	"Million Thanks (IRE)"	"9.00"	"13.45"	"Handicap"	"10"	"12"	"Sayette, B D L"	"Foy, Kevin"	"4"	"40"
"17:10:00"	"2023-08-20"	"Southwell"	"Fantasy Navigator"	"7.00"	"10"	"Handicap"	"8"	"11"	"Dawson, R"	"Appleby, M"	"4"	"11"
"15:05:00"	"2023-08-20"	"Southwell"	"Hot Scoop"	"3.50"	"5.31"	"Non-Handicap"	"3"	"8"	"Young, Archie"	"England, Sam"	"5"	"16"
"17:22:00"	"2023-08-17"	"Wolverhampton"	"Cheese The One"	"9.00"	"13.25"	"Handicap"	"1"	"10"	"Howarth, Christian"	"Barclay, Stella"	"4"	"6"
"19:00:00"	"2023-08-16"	"Kempton"	"Pulcheria (IRE)"	"33.00"	"60"	"Novices"	"7"	"10"	"Muscutt, D"	"Ferguson, James"	"4"	"733"
"21:00:00"	"2023-08-15"	"Newcastle"	"Rainbow Rain"	"10.00"	"14.96"	"Handicap"	"2"	"10"	"Eaves, Tom"	"Waggott, Miss Tracy"	"4"	"41"
"18:45:00"	"2023-08-15"	"Chelmsford City"	"Return To Dubai (IRE)"	"4.50"	"6.91"	"Handicap"	"1"	"11"	"Murphy, Oisin"	"Suroor, Saeed Bin"	"4"	"424"
"15:40:00"	"2023-08-15"	"Dundalk"	"Scarlet Dancer (IRE)"	"8.50"	"11.86"	"Handicap"	"6"	"14"	"Sheridan, J M"	"McAuley, James"	"4"	"18"
"14:10:00"	"2023-08-15"	"Dundalk"	"Livingston Range (IRE)"	"8.00"	"12.97"	"Handicap"	"8"	"13"	"Hayes, C D"	"Breen, Leanne"	"5"	"3"
"20:15:00"	"2023-08-03"	"Newcastle"	"Dandys Derriere"	"16.00"	"21.96"	"Handicap"	"1"	"13"	"Russell, Harry"	"Greenall, O / Guerriero, J"	"5"	"16"
"16:15:00"	"2022-12-21"	"Dundalk"	"Lucys Max (IRE)"	"50.00"	"107.25"	"Handicap"	"14"	"14"	"Sheehy, M P"	"Kinirons, A"	"4"	"63"
"16:30:00"	"2022-12-20"	"Southwell"	"Navy Drums (USA)"	"16.00"	"22.95"	"Handicap"	"5"	"11"	"Hogan, D E"	"Jones, Jack"	"4"	"69"
"16:35:00"	"2022-12-15"	"Southwell"	"Blind Beggar (IRE)"	"5.00"	"7.4"	"Handicap"	"1"	"5"	"Ladd, Theodore"	"Appleby, M"	"4"	"60"
"16:10:00"	"2022-12-09"	"Wolverhampton"	"Jack Ryan (IRE)"	"14.00"	"24.9"	"Handicap"	"7"	"10"	"Farragher, Adam J"	"Ryan, J"	"5"	"52"
"17:45:00"	"2022-12-02"	"Newcastle"	"Moss Gill (IRE)"	"18.00"	"26"	"Non-Handicap"	"7"	"9"	"McDonald, P J"	"Bethell, Ed"	"6"	"171"
"20:00:00"	"2022-12-01"	"Chelmsford City"	"Ubahha"	"25.00"	"40"	"Handicap"	"12"	"12"	"Carson, William"	"Attwater, M J"	"4"	"105"
"16:15:00"	"2022-11-30"	"Kempton"	"Bluenose Belle (USA)"	"66.00"	"104.7"	"Handicap"	"9"	"11"	"Kelly, Shane"	"Phillips, R T"	"4"	"176"
"15:30:00"	"2022-11-23"	"Dundalk"	"Midnight Fire (IRE)"	"5.00"	"7.38"	"Handicap"	"5"	"14"	"Roche, L F"	"Harty, Edward and Patrick"	"5"	"46"
"20:30:00"	"2022-11-16"	"Kempton"	"Triggered (IRE)"	"50.00"	"75.69"	"Handicap"	"10"	"12"	"Morris, Luke"	"Loughnane, Daniel Mark"	"6"	"43"
"13:05:00"	"2022-11-16"	"Southwell"	"Tilsworth Taibo"	"150.00"	"1000"	"Novices"	"8"	"8"	"Bradnam, Joe"	"Jenkins, J R"	"5"	"52"
"19:15:00"	"2022-11-15"	"Newcastle"	"Valorant"	"80.00"	"152.61"	"Handicap"	"7"	"14"	"Whittington, Elisha"	"Dixon, Scott"	"4"	"14"
"17:30:00"	"2022-11-11"	"Wolverhampton"	"Elegant Ellen (FR)"	"8.00"	"10"	"Handicap"	"8"	"13"	"Cherchi, Stefano"	"Murphy, Amy"	"4"	"83"
"17:15:00"	"2022-11-11"	"Dundalk"	"Shelly Banks (IRE)"	"100.00"	"410.66"	"Handicap"	"12"	"14"	"Coen, J"	"OConnell, Eamon"	"4"	"23"
"16:55:00"	"2022-11-11"	"Wolverhampton"	"Tahonta (IRE)"	"5.00"	"7.4"	"Handicap"	"4"	"12"	"Cale, Sydney"	"Watson, Archie"	"4"	"112"
"20:00:00"	"2022-11-10"	"Chelmsford City"	"Nine Tales (IRE)"	"5.00"	"6.6"	"Handicap"	"8"	"11"	"Mitchell, Jack"	"Varian, Roger"	"4"	"411"
"13:40:00"	"2022-11-09"	"Dundalk"	"Sunday Sovereign"	"16.00"	"23"	"Claimer"	"9"	"14"	"Carroll, G F"	"McAuley, James"	"5"	"18"
"20:30:00"	"2022-11-08"	"Chelmsford City"	"Zim Baby"	"16.00"	"20.24"	"Handicap"	"5"	"9"	"Rawlinson, Ali"	"Appleby, M"	"5"	"15"
"19:30:00"	"2022-11-04"	"Dundalk"	"Zaajirah (IRE)"	"33.00"	"59.03"	"Non-Handicap"	"11"	"14"	"Coen, Ben M"	"Twomey, P"	"4"	"166"
"17:30:00"	"2022-11-03"	"Chelmsford City"	"Alafdhal (IRE)"	"2.25"	"3.6"	"Handicap"	"1"	"9"	"Stott, Kevin"	"McEntee, P S"	"4"	"16"
"17:30:00"	"2022-11-03"	"Chelmsford City"	"Hundon"	"11.00"	"12.5"	"Handicap"	"6"	"9"	"Clutterbuck, Rhys"	"Davis, D J S Ffrench"	"4"	"39"
"16:00:00"	"2022-11-03"	"Chelmsford City"	"Hot Chesnut"	"16.00"	"19.33"	"Handicap"	"11"	"11"	"Bennett, Charlie"	"Ivory, D K"	"4"	"35"
"16:00:00"	"2022-11-02"	"Dundalk"	"Breakfast Club"	"7.00"	"9.52"	"Handicap"	"9"	"13"	"Foley, Shane"	"McAuley, James"	"5"	"103"
"16:00:00"	"2022-11-02"	"Dundalk"	"Drummond Warrior (IRE)"	"40.00"	"68.77"	"Handicap"	"12"	"13"	"Woods, Sorcha"	"Watson, R K"	"6"	"158"
"18:45:00"	"2022-11-01"	"Newcastle"	"Elladora"	"20.00"	"29"	"Handicap"	"3"	"13"	"James, S H"	"Scott, Miss Katie"	"4"	"8"
"13:20:00"	"2022-10-31"	"Kempton"	"Haseef (IRE)"	"11.00"	"14"	"Handicap"	"4"	"10"	"Keenan, Darragh"	"Evans, P D"	"4"	"13"
"13:20:00"	"2022-10-31"	"Kempton"	"Mr Zee (IRE)"	"10.00"	"10.88"	"Handicap"	"8"	"10"	"Crouch, Hector"	"Blake, Michael"	"5"	"73"
"16:35:00"	"2022-10-27"	"Lingfield"	"Star Of Orion (IRE)"	"12.00"	"16.5"	"Handicap"	"6"	"11"	"Hornby, Rob"	"Beckett, R M"	"4"	"16"
"20:00:00"	"2022-10-22"	"Chelmsford City"	"Breezyandbright (IRE)"	"22.00"	"26"	"Handicap"	"5"	"9"	"Keenan, Darragh"	"Murphy, Mike"	"4"	"169"
"20:15:00"	"2022-10-21"	"Newcastle"	"Arthurs Victory (IRE)"	"12.00"	"17.22"	"Handicap"	"10"	"13"	"Burns, Harry"	"Parr, Joseph"	"4"	"11"
"18:00:00"	"2022-10-21"	"Dundalk"	"Jazzy Dancer (IRE)"	"10.00"	"15.13"	"Handicap"	"4"	"14"	"Stone-Walsh, C"	"Martin, W J"	"4"	"8"
"16:15:00"	"2022-10-20"	"Southwell"	"Expert Opinion"	"12.00"	"20.08"	"Handicap"	"8"	"11"	"Morris, Luke"	"Appleby, M"	"4"	"78"
"16:15:00"	"2022-10-20"	"Southwell"	"Modular Magic"	"3.00"	"4.19"	"Handicap"	"10"	"11"	"Beasley, Connor"	"Barron, T D"	"5"	"69"
"16:15:00"	"2022-10-20"	"Southwell"	"Muker (IRE)"	"6.50"	"9.16"	"Handicap"	"11"	"11"	"Mulrennan, Paul"	"Midgley, P T"	"4"	"19"
"20:30:00"	"2022-10-19"	"Kempton"	"Youllovemewheniwin (IRE)"	"10.00"	"12"	"Handicap"	"6"	"12"	"Bass, George"	"Deacon, Geoffrey"	"4"	"72"
"20:00:00"	"2022-10-19"	"Kempton"	"Akkeringa"	"40.00"	"65.04"	"Handicap"	"12"	"12"	"Shepherd, Callum"	"Williams, S C"	"4"	"32"
"19:30:00"	"2022-10-19"	"Kempton"	"Top Secret"	"16.00"	"24.97"	"Handicap"	"2"	"11"	"Edmunds, Lewis"	"Muir, W R"	"5"	"32"
"16:45:00"	"2022-10-18"	"Newcastle"	"Mrs Bagerran (IRE)"	"16.00"	"21.72"	"Handicap"	"9"	"14"	"Eaves, Tom"	"Waggott, Miss Tracy"	"4"	"8"
"15:08:00"	"2022-10-18"	"Newcastle"	"Cleveleys"	"4.50"	"6.23"	"Handicap"	"5"	"14"	"Tudhope, Daniel"	"OMeara, D"	"4"	"4"
"18:30:00"	"2022-10-15"	"Wolverhampton"	"Monsieur Fantaisie (IRE)"	"1.10"	"2.18"	"Handicap"	"4"	"8"	"Morris, Luke"	"Watson, Archie"	"4"	"17"
"20:30:00"	"2022-10-12"	"Kempton"	"Rooful"	"6.50"	"10.5"	"Handicap"	"1"	"11"	"Bishop, Charles"	"Houghton, Eve Johnson"	"4"	"65"
"18:35:00"	"2022-10-11"	"Newcastle"	"Fiftyshadesofred (FR)"	"25.00"	"29.33"	"Handicap"	"9"	"12"	"Nolan, D"	"Frost, Kevin"	"4"	"60"
"18:00:00"	"2022-10-10"	"Wolverhampton"	"Blissful Song (IRE)"	"12.00"	"17.47"	"Handicap"	"5"	"8"	"Rawlinson, Ali"	"Appleby, M"	"4"	"12"
"20:00:00"	"2022-10-08"	"Chelmsford City"	"Company Minx (IRE)"	"10.00"	"14.9"	"Handicap"	"3"	"10"	"Davies, Harry"	"Jenkins, J R"	"5"	"13"
"20:00:00"	"2022-10-08"	"Chelmsford City"	"Tawaafoq"	"50.00"	"99.97"	"Handicap"	"5"	"10"	"Marsh, Finley"	"Wintle, A"	"8"	"86"
"19:30:00"	"2022-10-08"	"Chelmsford City"	"Mr Fayez (IRE)"	"4.50"	"7.47"	"Handicap"	"7"	"8"	"Pierce, Abigail"	"Cunha, Dylan"	"4"	"74"
"20:30:00"	"2022-10-03"	"Wolverhampton"	"Quarter Blue"	"12.00"	"16.54"	"Handicap"	"10"	"13"	"Morris, Luke"	"Mulholland, N P"	"4"	"34"
"18:30:00"	"2022-10-03"	"Wolverhampton"	"Defilade"	"9.00"	"9.49"	"Handicap"	"3"	"11"	"Kelly, Shane"	"Leech, Mrs S"	"6"	"22"
"20:15:00"	"2022-09-30"	"Newcastle"	"Ben Macdui (IRE)"	"10.00"	"16.94"	"Handicap"	"10"	"14"	"McSweeney, O"	"Ryan, K A"	"4"	"17"
"17:13:00"	"2022-09-29"	"Lingfield"	"Gonzaga"	"33.00"	"55"	"Handicap"	"7"	"11"	"Gordon, Josephine"	"Bennett, J A"	"7"	"38"
"20:30:00"	"2022-09-26"	"Newcastle"	"Amazing Alba"	"40.00"	"57.21"	"Handicap"	"13"	"14"	"Hardie, Cameron"	"Whillans, Ewan"	"6"	"5"
"16:50:00"	"2022-09-26"	"Newcastle"	"Russian Virtue"	"12.00"	"16"	"Handicap"	"3"	"12"	"Lewis, Owen"	"Menzies, Rebecca"	"5"	"13"
"18:04:00"	"2022-09-24"	"Chelmsford City"	"Kaswarah (IRE)"	"40.00"	"55"	"Handicap"	"7"	"14"	"Mangan, Gina"	"Oshea, J G M"	"4"	"13"
"18:00:00"	"2022-09-23"	"Dundalk"	"Jazzy Dancer (IRE)"	"11.00"	"19"	"Handicap"	"7"	"14"	"McAteer, L T"	"Martin, W J"	"4"	"16"
"17:45:00"	"2022-09-23"	"Newcastle"	"Under Fox (IRE)"	"9.00"	"11"	"Handicap"	"8"	"13"	"Dennis, Phil"	"Easterby, T D"	"4"	"27"
"17:00:00"	"2022-09-23"	"Dundalk"	"Troy Top (IRE)"	"18.00"	"29"	"Handicap"	"7"	"14"	"Keane, C T"	"Breen, Leanne"	"4"	"21"
"16:40:00"	"2022-09-23"	"Newcastle"	"Stroxx (IRE)"	"18.00"	"27.85"	"Handicap"	"7"	"14"	"Muir, Paula"	"Bailey, Liam"	"5"	"5"
"17:25:00"	"2022-09-22"	"Southwell"	"My Mirage (IRE)"	"18.00"	"23.82"	"Handicap"	"9"	"10"	"Hansen, Thore"	"Haynes, Alice"	"4"	"149"
"18:00:00"	"2022-09-21"	"Southwell"	"Afta Party (IRE)"	"14.00"	"19.05"	"Handicap"	"2"	"11"	"ONeill, K T"	"Haynes, Alice"	"4"	"23"
"18:00:00"	"2022-09-21"	"Southwell"	"Ebury"	"2.25"	"3.38"	"Handicap"	"4"	"11"	"Dennis, Phil"	"Dixon, Scott"	"6"	"14"
"19:30:00"	"2022-09-17"	"Wolverhampton"	"Secret To Success"	"8.50"	"11.74"	"Handicap"	"7"	"9"	"McEntee, Grace"	"McEntee, P S"	"4"	"27"
"18:45:00"	"2022-09-16"	"Kempton"	"Must Be Royale"	"9.00"	"14.11"	"Handicap"	"7"	"11"	"Watson, Jason"	"Appleby, M"	"4"	"19"
"19:15:00"	"2022-09-15"	"Newcastle"	"Eagleway (FR)"	"40.00"	"65.48"	"Handicap"	"2"	"13"	"Edmunds, Lewis"	"Furtado, Ivan"	"6"	"54"
"19:25:00"	"2022-09-08"	"Laytown"	"Brokers Tip (IRE)"	"40.00"	"60.5"	"Non-Handicap"	"8"	"8"	"Maguire, Mr F"	"Bunyan, Darren / OLeary, G"	"4"	"26"
"18:25:00"	"2022-09-08"	"Laytown"	"Yester (IRE)"	"5.50"	"6"	"Maiden"	"2"	"10"	"Keane, C T"	"McCourt, T G"	"6"	"70"
"17:55:00"	"2022-09-08"	"Laytown"	"Lion Ring (IRE)"	"6.50"	"8.8"	"Claimer"	"3"	"10"	"Hogan, D G"	"Hogan, Denis Gerard"	"4"	"18"
"17:20:00"	"2022-09-08"	"Laytown"	"Florence Thompson (IRE)"	"11.00"	"17"	"Handicap"	"3"	"10"	"Heffernan, J A"	"Hogan, Denis Gerard"	"5"	"19"
"17:20:00"	"2022-09-08"	"Laytown"	"Tammany Hall (IRE)"	"14.00"	"20.57"	"Handicap"	"5"	"10"	"Leonard, Killian"	"McKenna, P J"	"4"	"18"
"17:20:00"	"2022-09-08"	"Laytown"	"Tawaazon (IRE)"	"12.00"	"13.5"	"Handicap"	"8"	"10"	"Hogan, D G"	"Hogan, Denis Gerard"	"4"	"18"
"16:50:00"	"2022-09-08"	"Laytown"	"Elanora (IRE)"	"3.00"	"4.3"	"Handicap"	"2"	"10"	"Lee, W J"	"Grassick, M C"	"4"	"5"
"20:30:00"	"2022-09-05"	"Newcastle"	"Nibras Again"	"8.50"	"13.52"	"Handicap"	"7"	"14"	"Tudhope, Daniel"	"Midgley, P T"	"8"	"9"
"13:00:00"	"2022-09-03"	"Kempton"	"Florence Street"	"8.00"	"10.5"	"Handicap"	"8"	"12"	"Rooke, George"	"Richards, Mrs L"	"4"	"23"
"16:01:00"	"2022-09-02"	"Newcastle"	"Danielsflyer (IRE)"	"16.00"	"21.04"	"Handicap"	"4"	"9"	"Lee, Clifford"	"Thompson, D W"	"8"	"20"
"15:25:00"	"2022-09-02"	"Newcastle"	"Blackheath"	"7.00"	"9.2"	"Handicap"	"8"	"9"	"Beasley, Connor"	"Dods, M"	"7"	"37"
"13:20:00"	"2022-08-31"	"Southwell"	"Heers Sadie"	"10.00"	"10.69"	"Handicap"	"7"	"11"	"Feilden, Sam"	"Feilden, Miss J"	"4"	"28"
"15:20:00"	"2022-08-29"	"Southwell"	"Shyjack"	"4.00"	"6"	"Non-Handicap"	"9"	"13"	"ONeill, K T"	"Dunnett, Mrs C A"	"7"	"25"
"16:25:00"	"2022-08-25"	"Chelmsford City"	"Enchanted Night"	"5.00"	"7.27"	"Handicap"	"8"	"10"	"ONeill, K T"	"Dunnett, Mrs C A"	"4"	"22"
"20:45:00"	"2022-08-22"	"Southwell"	"Written Broadcast (IRE)"	"25.00"	"36.03"	"Handicap"	"9"	"11"	"James, S H"	"Pears, Ollie"	"5"	"307"
"19:04:00"	"2022-08-19"	"Newcastle"	"Devilwala (IRE)"	"14.00"	"18.5"	"Handicap"	"4"	"10"	"Garritty, Jack"	"Easterby, T D"	"4"	"69"
"16:00:00"	"2022-08-16"	"Kempton"	"Fantasy Master"	"40.00"	"62.93"	"Handicap"	"7"	"10"	"Davies, Harry"	"Holland, Darryll"	"4"	"101"
"15:10:00"	"2022-08-14"	"Chelmsford City"	"Lovely Breeze (IRE)"	"3.33"	"4.8"	"Handicap"	"3"	"6"	"Watson, Jason"	"Palmer, Hugo"	"4"	"19"
"19:20:00"	"2022-08-13"	"Wolverhampton"	"Kimifive (IRE)"	"6.50"	"9.74"	"Handicap"	"9"	"10"	"Ryan, Rossa"	"Williams, Ian"	"7"	"35"
"19:20:00"	"2022-08-13"	"Wolverhampton"	"Palifico"	"66.00"	"190"	"Handicap"	"10"	"10"	"ONeill, K T"	"Morris, Patrick"	"4"	"8"
"16:18:00"	"2022-08-12"	"Wolverhampton"	"Tom Tulliver"	"12.00"	"17.81"	"Handicap"	"2"	"7"	"Schofield, Kieran"	"Dixon, Scott"	"5"	"7"
"17:10:00"	"2022-08-11"	"Lingfield"	"Natural Path (IRE)"	"7.50"	"8.73"	"Handicap"	"3"	"14"	"Mitchell, Jack"	"Bell, M L W"	"5"	"26"
"20:00:00"	"2022-08-10"	"Kempton"	"Alto Volante"	"50.00"	"70.8"	"Handicap"	"11"	"12"	"Cherchi, Stefano"	"Murphy, Amy"	"4"	"113"
"19:40:00"	"2022-08-09"	"Chelmsford City"	"Cazeva Princess"	"12.00"	"14.26"	"Non-Handicap"	"4"	"10"	"Jamin, Pierre-Louis"	"Appleby, M"	"5"	"14"
"18:30:00"	"2022-08-09"	"Chelmsford City"	"Sienna Breeze (IRE)"	"12.00"	"19"	"Handicap"	"2"	"10"	"Muscutt, D"	"Wadham, Mrs L"	"4"	"18"
"15:45:00"	"2022-08-08"	"Wolverhampton"	"Spice Store"	"11.00"	"14.36"	"Handicap"	"4"	"7"	"Mason, Joanna"	"Easterby, M W"	"4"	"9"
"14:30:00"	"2022-08-03"	"Newcastle"	"Storm Master"	"80.00"	"152.61"	"Handicap"	"9"	"12"	"Kirrane, Sean"	"Riches, John"	"5"	"12"
"20:20:00"	"2022-08-02"	"Kempton"	"Hundon"	"66.00"	"100"	"Handicap"	"10"	"11"	"Egan, John"	"Davis, D J S Ffrench"	"4"	"403"
"19:00:00"	"2021-12-30"	"Wolverhampton"	"London (GER)"	"50.00"	"85.42"	"Handicap"	"12"	"12"	"Costello, Dougie"	"Vaughan, Tim"	"4"	"520"
"19:00:00"	"2021-12-29"	"Southwell"	"Triggered (IRE)"	"28.00"	"32"	"Handicap"	"8"	"13"	"Probert, David"	"Loughnane, Daniel Mark"	"5"	"121"
"17:15:00"	"2021-12-10"	"Southwell"	"Eagleway (FR)"	"7.50"	"10.8"	"Handicap"	"2"	"6"	"Edmunds, Lewis"	"Furtado, Ivan"	"5"	"46"
"19:30:00"	"2021-12-09"	"Chelmsford City"	"Only The Brave (USA)"	"14.00"	"19.5"	"Handicap"	"12"	"15"	"Hampson, Brodie"	"Watson, Archie"	"5"	"107"
"15:40:00"	"2021-12-08"	"Wolverhampton"	"Intervention"	"1.88"	"3.2"	"Handicap"	"4"	"9"	"Sexton, Ryan"	"Appleby, M"	"4"	"49"
"16:00:00"	"2021-12-03"	"Dundalk"	"Cityman"	"12.00"	"17.82"	"Handicap"	"4"	"9"	"Slattery, A J"	"Slattery, Andrew"	"5"	"123"
"16:00:00"	"2021-12-03"	"Dundalk"	"Ecclesiastical"	"10.00"	"11.23"	"Handicap"	"9"	"9"	"Carroll, G F"	"McCourt, T G"	"4"	"44"
"20:15:00"	"2021-11-24"	"Kempton"	"Naval Commander"	"3.33"	"4.67"	"Handicap"	"1"	"7"	"Probert, David"	"Brisland, Robyn"	"4"	"60"
"18:45:00"	"2021-11-24"	"Kempton"	"Le Reveur (IRE)"	"6.50"	"9.42"	"Handicap"	"2"	"12"	"Doyle, Hollie"	"Murphy, Mike"	"4"	"25"
"18:30:00"	"2021-11-22"	"Chelmsford City"	"Ascot Jungle (IRE)"	"40.00"	"75"	"Handicap"	"6"	"12"	"Mitchell, Jack"	"Hobson, Miss Clare"	"4"	"131"
"17:00:00"	"2021-11-20"	"Wolverhampton"	"Raajihah"	"40.00"	"55"	"Handicap"	"6"	"12"	"Fentiman, Duran"	"Turner, W G M"	"4"	"148"
"17:00:00"	"2021-11-19"	"Dundalk"	"Inflection Point (IRE)"	"22.00"	"46"	"Non-Handicap"	"6"	"14"	"MacRedmond, Cian"	"McGuinness, Adrian"	"5"	"44"
"19:30:00"	"2021-11-13"	"Wolverhampton"	"Cool Spirit"	"14.00"	"19"	"Handicap"	"5"	"8"	"Hart, Jason"	"Griffiths, D C"	"6"	"76"
"12:45:00"	"2021-11-13"	"Lingfield"	"True Belief (IRE)"	"7.50"	"9.2"	"Handicap"	"11"	"11"	"Clutterbuck, Rhys"	"Johnson, B R"	"5"	"33"
"19:30:00"	"2021-11-12"	"Kempton"	"Bolly Bullet (IRE)"	"10.00"	"12"	"Handicap"	"12"	"12"	"Ryan, Rossa"	"Oshea, J G M"	"4"	"74"
"16:15:00"	"2021-11-12"	"Dundalk"	"Improving (IRE)"	"20.00"	"32.46"	"Handicap"	"8"	"14"	"Whearty, R"	"Leahy, Augustine"	"5"	"12"
"19:00:00"	"2021-11-09"	"Newcastle"	"Vasco Da Gama (FR)"	"12.00"	"17.25"	"Handicap"	"12"	"14"	"Marquand, Tom"	"Kelleway, Miss Gay"	"4"	"62"
"16:30:00"	"2021-11-06"	"Chelmsford City"	"Jacks Point"	"14.00"	"19.61"	"Handicap"	"6"	"9"	"Costello, Dougie"	"Clover, Tom"	"5"	"15"
"17:25:00"	"2021-11-04"	"Chelmsford City"	"Golden Dragon (IRE)"	"3.50"	"4.96"	"Handicap"	"7"	"10"	"Ghiani, Marco"	"Williams, S C"	"4"	"77"
"17:15:00"	"2021-11-03"	"Kempton"	"Beyond Equal"	"7.00"	"9.06"	"Handicap"	"1"	"7"	"Hornby, Rob"	"Kittow, W S"	"6"	"19"
"17:00:00"	"2021-11-03"	"Dundalk"	"Linus Larrabee (IRE)"	"7.00"	"9.32"	"Handicap"	"6"	"13"	"McDonogh, D P"	"Lynam, Edward"	"4"	"8"
"18:30:00"	"2021-11-02"	"Newcastle"	"Racy Stacey"	"14.00"	"21.37"	"Handicap"	"3"	"13"	"Turner, Hayley"	"Hollinshead, Steph"	"4"	"41"
"18:00:00"	"2021-11-02"	"Newcastle"	"Kolossus"	"20.00"	"21.71"	"Handicap"	"12"	"13"	"Shaw, Harrison"	"Thompson, D W"	"5"	"84"
"16:20:00"	"2021-11-01"	"Laytown"	"Limit Long"	"7.00"	"10.5"	"Non-Handicap"	"1"	"6"	"Maguire, Mr F"	"Bunyan, Darren / OLeary, G"	"5"	"155"
"16:20:00"	"2021-11-01"	"Laytown"	"Twenty Minutes"	"14.00"	"20.2"	"Non-Handicap"	"6"	"6"	"ONeill, Ms Lisa"	"English, Damian Joseph"	"6"	"71"
"15:50:00"	"2021-11-01"	"Laytown"	"Mary Salome (IRE)"	"22.00"	"24"	"Handicap"	"4"	"9"	"Barry, Mr J C"	"Kinirons, A"	"5"	"6"
"14:20:00"	"2021-11-01"	"Laytown"	"Teddy Boy (IRE)"	"5.50"	"7.4"	"Handicap"	"2"	"10"	"McMonagle, Dylan B"	"Lynam, Edward"	"6"	"6"
"14:20:00"	"2021-11-01"	"Laytown"	"Mister Trader"	"18.00"	"23.06"	"Handicap"	"9"	"10"	"Kennedy, J W"	"Bunyan, Darren / OLeary, G"	"7"	"6"
"14:20:00"	"2021-11-01"	"Laytown"	"Drummond Warrior (IRE)"	"12.00"	"16.29"	"Handicap"	"10"	"10"	"OKeeffe, Darragh"	"Watson, R K"	"5"	"12"
"13:50:00"	"2021-11-01"	"Laytown"	"Mogwli (IRE)"	"11.00"	"15.06"	"Handicap"	"5"	"10"	"Crosse, Nathan"	"McCreery, W"	"4"	"12"
"13:50:00"	"2021-11-01"	"Laytown"	"The Peckhampouncer (IRE)"	"25.00"	"36"	"Handicap"	"7"	"10"	"Colgan, R C"	"Broad, D"	"4"	"12"
"17:15:00"	"2021-10-29"	"Dundalk"	"Theriverrunsdeep (IRE)"	"16.00"	"22.28"	"Handicap"	"1"	"12"	"Heffernan, J A"	"ODonnell, Seamus G"	"5"	"3"
"19:00:00"	"2021-10-28"	"Chelmsford City"	"Widaad"	"1.50"	"2.68"	"Claimer"	"2"	"6"	"Murphy, Oisin"	"Boughey, George"	"4"	"8"
"19:15:00"	"2021-10-22"	"Dundalk"	"Lady In France"	"8.00"	"10.34"	"Non-Handicap"	"6"	"9"	"Hayes, C D"	"Burke, K R"	"5"	"153"
"19:15:00"	"2021-10-22"	"Dundalk"	"Urban Beat (IRE)"	"8.50"	"11.47"	"Non-Handicap"	"8"	"9"	"Coen, Ben M"	"Murtagh, J P"	"6"	"57"
"19:30:00"	"2021-10-21"	"Wolverhampton"	"Mokaatil"	"8.50"	"10.5"	"Handicap"	"6"	"6"	"Egan, David"	"Williams, Ian"	"6"	"26"
"20:00:00"	"2021-10-20"	"Kempton"	"World Of Windhover (IRE)"	"9.00"	"12.98"	"Handicap"	"6"	"11"	"Hansen, Thore"	"Dwyer, C A"	"4"	"21"
"17:05:00"	"2021-10-19"	"Newcastle"	"Joshua R (IRE)"	"100.00"	"211.96"	"Handicap"	"9"	"13"	"Mason, Joanna"	"Cuthbert, Helen"	"4"	"103"
"14:50:00"	"2021-10-19"	"Newcastle"	"City Walk (IRE)"	"4.50"	"6.55"	"Handicap"	"4"	"14"	"Doyle, Hollie"	"Suroor, Saeed Bin"	"4"	"37"
"20:30:00"	"2021-10-18"	"Wolverhampton"	"Headland"	"40.00"	"69.03"	"Handicap"	"8"	"11"	"Fisher, Jonathan"	"Dixon, Scott"	"5"	"7"
"19:00:00"	"2021-10-15"	"Newcastle"	"Hurstwood"	"6.00"	"9.2"	"Handicap"	"9"	"14"	"Russell, Harry"	"Niven, P D"	"4"	"20"
"20:00:00"	"2021-10-13"	"Kempton"	"Poetry And Art"	"200.00"	"405.59"	"Handicap"	"14"	"14"	"Carson, William"	"Mongan, Mrs L J"	"4"	"84"
"16:35:00"	"2021-10-11"	"Wolverhampton"	"Alpine Mistral (IRE)"	"22.00"	"26.48"	"Handicap"	"11"	"11"	"Gordon, Josephine"	"Keightley, S L"	"4"	"9"
"18:30:00"	"2021-10-09"	"Chelmsford City"	"Dr Jekyll (IRE)"	"40.00"	"54.9"	"Handicap"	"6"	"12"	"ONeill, K T"	"Haynes, Alice"	"5"	"94"
"18:00:00"	"2021-10-09"	"Chelmsford City"	"Widaad"	"3.50"	"5.4"	"Handicap"	"3"	"9"	"Crehan, Mark"	"Boughey, George"	"4"	"7"
"19:00:00"	"2021-10-08"	"Newcastle"	"Idoapologise"	"10.00"	"14.69"	"Handicap"	"5"	"8"	"Stott, Kevin"	"Bethell, Ed"	"4"	"24"
"18:15:00"	"2021-10-08"	"Dundalk"	"Dream Today (IRE)"	"11.00"	"15.31"	"Handicap"	"10"	"10"	"MacRedmond, Cian"	"McGuinness, Adrian"	"6"	"12"
"17:00:00"	"2021-10-07"	"Chelmsford City"	"Nubough (IRE)"	"22.00"	"29.66"	"Handicap"	"6"	"8"	"Morris, Luke"	"Pattinson, Mark"	"5"	"104"
"20:00:00"	"2021-10-06"	"Kempton"	"Valentine Blues (IRE)"	"4.00"	"6"	"Handicap"	"6"	"10"	"Kingscote, Richard"	"Ward, Tom"	"4"	"123"
"20:00:00"	"2021-10-06"	"Kempton"	"Global Hope (IRE)"	"7.00"	"9.8"	"Handicap"	"7"	"10"	"Havlin, Robert"	"Kelleway, Miss Gay"	"6"	"16"
"19:00:00"	"2021-10-06"	"Kempton"	"Royal Crusade"	"4.50"	"5.52"	"Non-Handicap"	"1"	"6"	"Buick, William"	"Appleby, Charlie"	"4"	"11"
"20:00:00"	"2021-10-04"	"Wolverhampton"	"Dapper Man (IRE)"	"12.00"	"16.15"	"Handicap"	"1"	"11"	"Scott, Rowan"	"Fell, R / Murray, S"	"7"	"12"
"20:00:00"	"2021-10-04"	"Wolverhampton"	"Captain Corcoran (IRE)"	"50.00"	"62.39"	"Handicap"	"8"	"11"	"Eaves, Tom"	"Alston, E J"	"4"	"49"
"19:00:00"	"2021-09-30"	"Chelmsford City"	"Pop Dancer (IRE)"	"28.00"	"58.19"	"Handicap"	"10"	"10"	"Winston, Robert"	"Carroll, A W"	"4"	"23"
"20:00:00"	"2021-09-29"	"Kempton"	"Barrington (IRE)"	"12.00"	"13.54"	"Handicap"	"12"	"14"	"Buick, William"	"Appleby, M"	"7"	"69"
"18:00:00"	"2021-09-29"	"Kempton"	"Kenzai Warrior (USA)"	"20.00"	"23.47"	"Handicap"	"1"	"9"	"Mitchell, Jack"	"Teal, R A"	"4"	"137"
"19:00:00"	"2021-09-27"	"Newcastle"	"Quanah (IRE)"	"7.50"	"10"	"Handicap"	"4"	"10"	"Tudhope, Daniel"	"Bailey, Liam"	"5"	"7"
"19:00:00"	"2021-09-27"	"Newcastle"	"Somewhere Secret"	"12.00"	"15"	"Handicap"	"10"	"10"	"McDonald, P J"	"Menzies, Rebecca"	"7"	"73"
"19:30:00"	"2021-09-25"	"Chelmsford City"	"Open Wide (USA)"	"8.50"	"10.5"	"Handicap"	"1"	"9"	"Haynes, Joey"	"Perrett, Mrs A J"	"7"	"27"
"17:30:00"	"2021-09-25"	"Chelmsford City"	"Cobra Eye"	"4.50"	"6.28"	"Handicap"	"8"	"14"	"Ladd, Theodore"	"Appleby, M"	"4"	"12"
"18:30:00"	"2021-09-24"	"Newcastle"	"Stalingrad"	"3.50"	"5.99"	"Novices"	"5"	"10"	"Garritty, Billy"	"Tuer, Grant"	"4"	"107"
"17:30:00"	"2021-09-24"	"Newcastle"	"Khulu"	"6.50"	"9"	"Handicap"	"4"	"10"	"Beech, Aled J"	"Thompson, D W"	"5"	"27"
"17:30:00"	"2021-09-24"	"Newcastle"	"Twelve Diamonds (IRE)"	"12.00"	"15.36"	"Handicap"	"9"	"10"	"Buckell, Georgean"	"Herrington,M "	"4"	"11"
"16:45:00"	"2021-09-24"	"Dundalk"	"No Speed Limit (FR)"	"18.00"	"26.73"	"Handicap"	"9"	"14"	"Lordan, W M"	"McKenna, P J"	"6"	"42"
"13:00:00"	"2021-09-21"	"Lingfield"	"Mumtaaz (IRE)"	"3.50"	"5.4"	"Handicap"	"6"	"10"	"Buick, William"	"Hills, Charles"	"4"	"13"
"18:00:00"	"2021-09-18"	"Wolverhampton"	"Strong Power (IRE)"	"10.00"	"12"	"Handicap"	"6"	"8"	"ONeill, K T"	"Haynes, Alice"	"4"	"46"
"20:20:00"	"2021-09-14"	"Wolverhampton"	"Luckyangel"	"100.00"	"162.69"	"Handicap"	"6"	"11"	"Heard, Tyler"	"Mullineaux, M"	"4"	"16"
"18:30:00"	"2021-09-09"	"Chelmsford City"	"Eevilynn Drew"	"3.33"	"4.77"	"Handicap"	"1"	"12"	"Ghiani, Marco"	"Eddery, Robert"	"4"	"11"
"20:00:00"	"2021-09-06"	"Newcastle"	"Blazing Hot"	"9.00"	"13"	"Handicap"	"9"	"9"	"Allan, David"	"Collins, Paul"	"4"	"27"
"13:00:00"	"2021-09-04"	"Kempton"	"Stone Circle (IRE)"	"3.33"	"4.64"	"Handicap"	"4"	"9"	"Murphy, Oisin"	"Bell, M L W"	"4"	"30"
"19:05:00"	"2021-09-02"	"Newcastle"	"Shouldering (IRE)"	"18.00"	"21.87"	"Handicap"	"3"	"12"	"Cosgrave, Pat"	"Menuisier, David"	"4"	"19"
"18:00:00"	"2021-09-02"	"Dundalk"	"Dee Sprinter (IRE)"	"3.50"	"5.38"	"Handicap"	"8"	"14"	"Crosse, Nathan"	"Roberts, Reginald"	"5"	"11"
"18:00:00"	"2021-09-02"	"Dundalk"	"Kilbhin Lady (IRE)"	"125.00"	"215.89"	"Handicap"	"14"	"14"	"Byrne, Willie"	"Doyle, Miss Elizabeth"	"4"	"11"
"16:00:00"	"2021-09-02"	"Dundalk"	"Linus Larrabee (IRE)"	"12.00"	"18.11"	"Handicap"	"2"	"11"	"McDonogh, D P"	"Lynam, Edward"	"4"	"25"
"16:35:00"	"2021-09-01"	"Lingfield"	"Where Next Jo"	"6.50"	"7.97"	"Handicap"	"6"	"11"	"Clutterbuck, Rhys"	"Johnson, B R"	"4"	"68"
"16:35:00"	"2021-09-01"	"Lingfield"	"Millicent"	"12.00"	"20"	"Handicap"	"9"	"11"	"Voikhansky, Alexander"	"Moore, Gary and Josh"	"4"	"8"
"15:30:00"	"2021-09-01"	"Lingfield"	"Louis Treize (IRE)"	"28.00"	"41.58"	"Handicap"	"6"	"9"	"Pearson, Laura"	"Evans, H J"	"5"	"86"
"20:00:00"	"2021-08-21"	"Chelmsford City"	"Karibana (IRE)"	"5.50"	"6.8"	"Handicap"	"3"	"10"	"Coakley, Ross"	"Hughes, Richard"	"4"	"28"
"20:00:00"	"2021-08-21"	"Chelmsford City"	"Pistoletto (USA)"	"40.00"	"58.19"	"Handicap"	"9"	"10"	"Quinn, Jimmy"	"Ryan, J"	"4"	"8"
"14:05:00"	"2021-08-16"	"Lingfield"	"Global Acclamation"	"12.00"	"17"	"Non-Handicap"	"8"	"12"	"Muscutt, D"	"Chamings, P R"	"5"	"32"
"15:50:00"	"2021-08-15"	"Dundalk"	"Riot (IRE)"	"4.50"	"6.77"	"Handicap"	"3"	"14"	"Coen, Ben M"	"Murtagh, J P"	"4"	"59"
"15:00:00"	"2021-08-15"	"Chelmsford City"	"Golden Age (FR)"	"40.00"	"44"	"Handicap"	"6"	"13"	"Clutterbuck, Rhys"	"Cowell, R M H"	"4"	"32"
"14:45:00"	"2021-08-15"	"Southwell"	"Marly (FR)"	"8.00"	"11.73"	"Handicap"	"4"	"11"	"Allan, David"	"Ryan, J"	"4"	"16"
"14:05:00"	"2021-08-15"	"Dundalk"	"Soineanta (IRE)"	"6.00"	"8"	"Handicap"	"4"	"14"	"Whelan, R P"	"Fitzgerald, B J"	"4"	"8"
"15:10:00"	"2021-08-13"	"Wolverhampton"	"Manumission (IRE)"	"7.50"	"10.14"	"Handicap"	"5"	"8"	"Jamin, Pierre-Louis"	"Evans, P D"	"4"	"43"
"19:05:00"	"2021-08-10"	"Lingfield"	"Al Tarmaah (IRE)"	"4.00"	"6.8"	"Handicap"	"6"	"7"	"Murphy, Oisin"	"Carter, Lee"	"4"	"40"
"13:35:00"	"2021-08-09"	"Wolverhampton"	"Soaring Star (IRE)"	"4.00"	"4.78"	"Handicap"	"5"	"9"	"Callan, N"	"Ryan, K A"	"4"	"31"
"20:05:00"	"2021-08-07"	"Lingfield"	"True Belief (IRE)"	"18.00"	"25"	"Handicap"	"5"	"9"	"Clutterbuck, Rhys"	"Johnson, B R"	"5"	"24"
"20:00:00"	"2021-08-03"	"Lingfield"	"Arlos Sunshine"	"8.00"	"12"	"Handicap"	"9"	"13"	"ONeill, K T"	"Haynes, Alice"	"4"	"7"
"20:00:00"	"2021-08-03"	"Lingfield"	"Alfies Watch"	"100.00"	"150"	"Handicap"	"11"	"13"	"Mckee, Ciaran"	"Oshea, J G M"	"4"	"19"
"18:07:00"	"2021-08-02"	"Newcastle"	"Glorious Rio (IRE)"	"9.00"	"13"	"Handicap"	"1"	"14"	"Gray, S A"	"Barclay, Stella"	"4"	"18"
"18:07:00"	"2021-08-02"	"Newcastle"	"Niagara (IRE)"	"3.50"	"5.4"	"Handicap"	"2"	"14"	"Hart, Jason"	"Alston, E J"	"4"	"15"
"14:53:00"	"2021-08-02"	"Newcastle"	"Musahaba"	"7.00"	"9.14"	"Handicap"	"2"	"13"	"Nolan, D"	"OMeara, D"	"4"	"11"
"14:53:00"	"2021-08-02"	"Newcastle"	"Toolmaker"	"6.00"	"7.77"	"Handicap"	"8"	"13"	"Dennis, Phil"	"Davidson, Tristan"	"4"	"28"
"14:18:00"	"2021-08-02"	"Newcastle"	"Mutaabeq (IRE)"	"5.00"	"6.48"	"Handicap"	"3"	"14"	"Curtis, B A"	"Candlish, Jennie"	"6"	"17"
"16:20:00"	"2020-12-31"	"Newcastle"	"Paris Duvet (IRE)"	"14.00"	"19.37"	"Handicap"	"11"	"13"	"McHugh, B"	"Nicholls, Adrian"	"4"	"113"
"15:50:00"	"2020-12-31"	"Newcastle"	"Debawtry (IRE)"	"16.00"	"19.55"	"Handicap"	"12"	"13"	"Lee, G"	"Smart, B"	"5"	"520"
"18:00:00"	"2020-12-19"	"Wolverhampton"	"Triple Distilled"	"25.00"	"30"	"Handicap"	"11"	"12"	"Gordon, Josephine"	"Keightley, S L"	"4"	"86"
"19:00:00"	"2020-12-11"	"Dundalk"	"Shabaaby"	"16.00"	"18.7"	"Handicap"	"11"	"12"	"Keane, C T"	"Levins, J F"	"5"	"91"
"16:15:00"	"2020-12-11"	"Southwell"	"Momtalik (USA)"	"12.00"	"14.67"	"Handicap"	"3"	"12"	"Hart, Jason"	"Furtado, Ivan"	"5"	"38"
"19:20:00"	"2020-11-30"	"Wolverhampton"	"Hedging (IRE)"	"5.00"	"7.16"	"Handicap"	"4"	"7"	"Dobie, Georgia"	"Houghton, Eve Johnson"	"6"	"35"
"16:35:00"	"2020-11-30"	"Kempton"	"Storm Melody"	"8.50"	"12.2"	"Handicap"	"3"	"9"	"McDonald, P J"	"Stronge, Ali"	"7"	"49"
"19:45:00"	"2020-11-27"	"Chelmsford City"	"Smoke On The Water"	"10.00"	"13.91"	"Handicap"	"7"	"8"	"Ghiani, Marco"	"Blake, Michael"	"4"	"38"
"19:00:00"	"2020-11-27"	"Dundalk"	"Tide Of Time"	"10.00"	"13.5"	"Handicap"	"8"	"11"	"Lordan, W M"	"Lynam, Edward"	"6"	"20"
"18:45:00"	"2020-11-27"	"Chelmsford City"	"Lucky Louie"	"16.00"	"23"	"Handicap"	"9"	"13"	"Ryan, Rossa"	"Teal, R A"	"7"	"34"
"15:20:00"	"2020-11-27"	"Southwell"	"The Golden Cue"	"14.00"	"21.11"	"Handicap"	"1"	"10"	"Gordon, Josephine"	"Hollinshead, Steph"	"5"	"31"
"17:45:00"	"2020-11-25"	"Dundalk"	"Prisoners Dilemma"	"3.00"	"4.5"	"Handicap"	"3"	"12"	"OConnor, Donagh"	"Levins, J F"	"4"	"57"
"15:40:00"	"2020-11-25"	"Lingfield"	"Revolutionary Man (IRE)"	"3.33"	"4.5"	"Handicap"	"2"	"11"	"Nicholls, Miss M"	"Boughey, George"	"5"	"72"
"18:30:00"	"2020-11-20"	"Dundalk"	"Teddy Boy (IRE)"	"7.00"	"9.93"	"Handicap"	"5"	"14"	"Hayes, C D"	"Lynam, Edward"	"5"	"14"
"17:30:00"	"2020-11-20"	"Dundalk"	"Master Matt"	"12.00"	"19.11"	"Non-Handicap"	"2"	"13"	"Ewing, Sam"	"Smith, Matthew J"	"4"	"13"
"17:30:00"	"2020-11-20"	"Dundalk"	"Silverkode (IRE)"	"33.00"	"40.7"	"Non-Handicap"	"13"	"13"	"Orr, Oisin"	"Murphy, Joseph G"	"6"	"14"
"18:30:00"	"2020-11-19"	"Chelmsford City"	"Stopdworldnletmeof"	"40.00"	"62.24"	"Handicap"	"11"	"11"	"Hutchinson, Callum"	"Flood, D"	"6"	"15"
"19:45:00"	"2020-11-17"	"Newcastle"	"Crantock Bay"	"8.00"	"10"	"Handicap"	"2"	"13"	"Mulrennan, Paul"	"Scott, George"	"4"	"24"
"12:50:00"	"2020-11-17"	"Southwell"	"Your Choice"	"33.00"	"50.92"	"Handicap"	"10"	"10"	"Fallon, Cieren"	"Mongan, Mrs L J"	"5"	"134"
"12:20:00"	"2020-11-17"	"Southwell"	"Blackcurrent"	"16.00"	"21.08"	"Handicap"	"8"	"10"	"Rooke, George"	"Brown, A D"	"4"	"134"
"20:30:00"	"2020-11-16"	"Kempton"	"Napping"	"10.00"	"13.5"	"Handicap"	"1"	"11"	"Fallon, Cieren"	"Murphy, Amy"	"7"	"27"
"18:00:00"	"2020-11-16"	"Kempton"	"The Cruising Lord"	"25.00"	"29.04"	"Handicap"	"6"	"10"	"Havlin, Robert"	"Attwater, M J"	"4"	"46"
"14:45:00"	"2020-11-16"	"Dundalk"	"Dee Sprinter (IRE)"	"18.00"	"24.53"	"Handicap"	"1"	"14"	"Orr, Oisin"	"Roberts, Reginald"	"4"	"9"
"13:10:00"	"2020-11-15"	"Southwell"	"Scale Force"	"4.50"	"5.8"	"Handicap"	"4"	"7"	"Rooke, George"	"Kelleway, Miss Gay"	"4"	"11"
"15:40:00"	"2020-11-14"	"Lingfield"	"Tinto"	"25.00"	"40"	"Non-Handicap"	"7"	"12"	"Crowley, Jim"	"Perrett, Mrs A J"	"4"	"22"
"18:45:00"	"2020-11-13"	"Wolverhampton"	"Evasive Power (USA)"	"50.00"	"81.15"	"Handicap"	"6"	"12"	"ONeill, K T"	"Brisland, Robyn"	"4"	"64"
"16:45:00"	"2020-11-13"	"Wolverhampton"	"Diamond Dougal (IRE)"	"12.00"	"15.44"	"Handicap"	"1"	"11"	"Dawson, R"	"Cowell, R M H"	"5"	"21"
"17:25:00"	"2020-11-10"	"Newcastle"	"Calonne (IRE)"	"10.00"	"17.06"	"Handicap"	"3"	"12"	"Nolan, D"	"Harker, G A"	"4"	"15"
"17:50:00"	"2020-11-09"	"Dundalk"	"Drummond Warrior (IRE)"	"80.00"	"177.24"	"Handicap"	"8"	"8"	"Young, Katelyn"	"Hogan, Denis Gerard"	"4"	"108"
"19:45:00"	"2020-11-06"	"Dundalk"	"Downforce (IRE)"	"25.00"	"45.26"	"Non-Handicap"	"12"	"12"	"Lee, W J"	"McCreery, W"	"8"	"22"
"19:00:00"	"2020-11-06"	"Newcastle"	"Kolossus"	"40.00"	"60"	"Handicap"	"9"	"14"	"Dennis, Phil"	"Davies, J J"	"4"	"44"
"19:45:00"	"2020-11-05"	"Chelmsford City"	"Lordsbridge Boy"	"6.00"	"8.2"	"Handicap"	"2"	"10"	"Downing, George"	"Ivory, D K"	"4"	"22"
"18:50:00"	"2020-11-04"	"Kempton"	"Recon Mission (IRE)"	"8.00"	"9.94"	"Handicap"	"5"	"9"	"Turner, Hayley"	"Carroll, A W"	"4"	"25"
"15:03:00"	"2020-11-03"	"Southwell"	"Kyllachy Warrior (IRE)"	"2.75"	"4.1"	"Handicap"	"2"	"10"	"McManoman, Faye"	"Mullaney, L A"	"4"	"50"
"19:30:00"	"2020-10-30"	"Dundalk"	"A Step Too Far (IRE)"	"7.00"	"11.05"	"Handicap"	"13"	"14"	"Farragher, Adam J"	"Cotter, Kieran P"	"4"	"33"
"19:15:00"	"2020-10-29"	"Southwell"	"The Defiant"	"5.50"	"6.7"	"Handicap"	"2"	"12"	"Stott, Kevin"	"Midgley, P T"	"4"	"29"
"16:45:00"	"2020-10-29"	"Southwell"	"Hawk In The Sky"	"10.00"	"14.5"	"Handicap"	"8"	"11"	"Dennis, Phil"	"Whitaker, R M"	"4"	"15"
"15:45:00"	"2020-10-29"	"Lingfield"	"Moll Davis (IRE)"	"14.00"	"19.19"	"Non-Handicap"	"4"	"11"	"Bentley, Harry"	"Scott, George"	"4"	"26"
"16:15:00"	"2020-10-28"	"Kempton"	"Commander Han (FR)"	"2.50"	"3.64"	"Claimer"	"3"	"7"	"Murphy, Oisin"	"Williams, S C"	"5"	"16"
"16:50:00"	"2020-10-27"	"Southwell"	"Global Hope (IRE)"	"8.50"	"12.41"	"Handicap"	"6"	"9"	"Marquand, Tom"	"Kelleway, Miss Gay"	"5"	"42"
"18:45:00"	"2020-10-23"	"Dundalk"	"Pillar"	"6.00"	"10"	"Handicap"	"1"	"14"	"Keane, C T"	"McGuinness, Adrian"	"7"	"16"
"16:40:00"	"2020-10-23"	"Dundalk"	"Dulcina"	"250.00"	"800"	"Claimer"	"13"	"13"	"Sheehy, Danny"	"Donohoe, S"	"6"	"111"
"17:10:00"	"2020-10-22"	"Wolverhampton"	"Trulove"	"200.00"	"471.38"	"Handicap"	"11"	"11"	"Shaw, Harrison"	"Riches, John"	"7"	"32"
"17:30:00"	"2020-10-19"	"Wolverhampton"	"No Diggity (IRE)"	"28.00"	"32.72"	"Handicap"	"3"	"11"	"Marsh, Finley"	"Littmoden, N P"	"4"	"42"
"19:45:00"	"2020-10-16"	"Dundalk"	"Rapid Reaction (IRE)"	"40.00"	"55"	"Non-Handicap"	"13"	"14"	"Slattery, A J"	"Grogan, J F"	"5"	"33"
"14:35:00"	"2020-10-15"	"Lingfield"	"Dreamboat Annie"	"33.00"	"51.28"	"Handicap"	"4"	"14"	"Francis, Isobel"	"Usher, M D I"	"5"	"24"
"19:30:00"	"2020-10-14"	"Kempton"	"Im Available (IRE)"	"4.50"	"7.67"	"Handicap"	"1"	"11"	"Watson, Jason"	"Williams, S C"	"4"	"11"
"20:30:00"	"2020-10-13"	"Wolverhampton"	"Flavius Titus"	"12.00"	"17.5"	"Handicap"	"6"	"12"	"Beasley, Connor"	"OKeeffe, Jedd"	"5"	"24"
"18:45:00"	"2020-10-13"	"Newcastle"	"Destroyer"	"40.00"	"85"	"Handicap"	"9"	"12"	"Sullivan, James P"	"Tate, T P"	"7"	"24"
"16:08:00"	"2020-10-10"	"Chelmsford City"	"Reponse Exacte (FR)"	"14.00"	"20.53"	"Handicap"	"2"	"10"	"Fallon, Cieren"	"Mackie, J"	"4"	"9"
"19:00:00"	"2020-10-09"	"Dundalk"	"Goodnight Girl (IRE)"	"33.00"	"36.71"	"Handicap"	"6"	"14"	"McDonogh, D P"	"Lynam, S"	"5"	"12"
"19:00:00"	"2020-10-09"	"Dundalk"	"Tommy Taylor (USA)"	"14.00"	"21.71"	"Handicap"	"7"	"14"	"OConnor, Donagh"	"Levins, J F"	"6"	"10"
"19:15:00"	"2020-10-08"	"Southwell"	"Velvet Vista"	"11.00"	"17.51"	"Handicap"	"6"	"11"	"Tate, Ryan"	"Murphy, Mike"	"4"	"17"
"17:10:00"	"2020-10-08"	"Southwell"	"Kraka (IRE)"	"5.00"	"6.69"	"Handicap"	"1"	"10"	"ONeill, K T"	"Dunnett, Mrs C A"	"5"	"11"
"20:30:00"	"2020-10-07"	"Kempton"	"Physics (IRE)"	"8.00"	"13.49"	"Handicap"	"1"	"10"	"Donohoe, Stephen"	"Spiller, Henry"	"4"	"110"
"20:15:00"	"2020-10-07"	"Newcastle"	"Medicine Jack"	"25.00"	"33.33"	"Handicap"	"5"	"13"	"Muir, Paula"	"Fell, R / Murray, S"	"6"	"11"
"18:00:00"	"2020-10-07"	"Kempton"	"French Riviera (FR)"	"25.00"	"35.85"	"Maiden"	"6"	"14"	"Kirby, Adam"	"Chapple-Hyam, Jane"	"5"	"13"
"17:50:00"	"2020-10-02"	"Newcastle"	"Defence Treaty (IRE)"	"5.00"	"7.03"	"Handicap"	"4"	"12"	"Murtagh, Connor"	"Fahey, R A"	"4"	"23"
"16:35:00"	"2020-10-02"	"Dundalk"	"Urban Beat (IRE)"	"1.25"	"2.37"	"Non-Handicap"	"2"	"11"	"Kelly, S B"	"Murtagh, J P"	"5"	"6"
"19:30:00"	"2020-10-01"	"Chelmsford City"	"Invincible Larne (IRE)"	"14.00"	"19.27"	"Handicap"	"3"	"13"	"Cosgrave, Pat"	"Quinn, M"	"4"	"99"
"18:30:00"	"2020-10-01"	"Chelmsford City"	"Street Parade"	"9.00"	"12.01"	"Handicap"	"9"	"12"	"Buick, William"	"Attwater, M J"	"4"	"67"
"19:40:00"	"2020-09-29"	"Wolverhampton"	"Society Queen (IRE)"	"20.00"	"28.59"	"Handicap"	"8"	"11"	"Hamilton, Tony"	"Fahey, R A"	"4"	"19"
"18:40:00"	"2020-09-29"	"Wolverhampton"	"Repaupo (USA)"	"150.00"	"267.79"	"Handicap"	"6"	"13"	"ONeill, K T"	"McJannet, Luke"	"4"	"13"
"18:10:00"	"2020-09-29"	"Wolverhampton"	"Aegeus (USA)"	"50.00"	"103.45"	"Handicap"	"5"	"13"	"Fallon, Cieren"	"Appleby, M"	"4"	"22"
"20:15:00"	"2020-09-28"	"Newcastle"	"Fard"	"12.00"	"15.9"	"Handicap"	"7"	"13"	"ONeill, K T"	"Dunnett, Mrs C A"	"5"	"11"
"16:45:00"	"2020-09-26"	"Chelmsford City"	"Rockesbury"	"22.00"	"34"	"Handicap"	"1"	"11"	"Morris, Luke"	"McEntee, P S"	"5"	"32"
"17:20:00"	"2020-09-25"	"Newcastle"	"Crantock Bay"	"3.00"	"5.58"	"Novices"	"5"	"12"	"Curtis, B A"	"Scott, George"	"4"	"21"
"16:40:00"	"2020-09-25"	"Dundalk"	"Miss Enigma (IRE)"	"80.00"	"152.86"	"Handicap"	"9"	"13"	"Sheridan, J M"	"McAuley, James"	"4"	"81"
"20:00:00"	"2020-09-23"	"Kempton"	"Under Curfew"	"6.00"	"9.19"	"Handicap"	"8"	"12"	"Marquand, Tom"	"Carroll, A W"	"4"	"13"
"18:30:00"	"2020-09-23"	"Kempton"	"Tie A Yellowribbon"	"6.00"	"8.06"	"Handicap"	"5"	"13"	"Egan, David"	"Kent, T J"	"4"	"73"
"14:30:00"	"2020-09-20"	"Chelmsford City"	"Rinty Maginty (IRE)"	"22.00"	"30.68"	"Handicap"	"10"	"13"	"Wood, George"	"Spiller, Henry"	"4"	"26"
"20:15:00"	"2020-09-18"	"Kempton"	"Kyllachy Dragon (IRE)"	"12.00"	"16.36"	"Handicap"	"6"	"14"	"Hornby, Rob"	"Rimell, M G"	"5"	"20"
"18:30:00"	"2020-09-18"	"Dundalk"	"Chagall (IRE)"	"11.00"	"18.51"	"Handicap"	"1"	"14"	"Enright, M A"	"Lynam, Edward"	"4"	"9"
"18:10:00"	"2020-09-18"	"Kempton"	"Stallone (IRE)"	"5.50"	"7.53"	"Handicap"	"5"	"12"	"Shepherd, Callum"	"Spiller, Henry"	"4"	"8"
"17:30:00"	"2020-09-17"	"Chelmsford City"	"Tomshalfbrother"	"4.50"	"6.43"	"Handicap"	"6"	"12"	"Rawlinson, Ali"	"Cowell, R M H"	"4"	"20"
"20:10:00"	"2020-09-15"	"Kempton"	"Mr Shelby (IRE)"	"25.00"	"35.54"	"Handicap"	"2"	"13"	"Haynes, Joey"	"Banham, Chelsea"	"6"	"55"
"19:40:00"	"2020-09-15"	"Kempton"	"Aiguillette"	"3.33"	"5.12"	"Handicap"	"2"	"10"	"Crouch, Hector"	"Moore, Gary and Josh"	"4"	"21"
"17:50:00"	"2020-09-14"	"Wolverhampton"	"The Lords Walk"	"22.00"	"29"	"Handicap"	"7"	"9"	"Tate, Ryan"	"Turner, W G M"	"7"	"11"
"16:35:00"	"2020-09-09"	"Wolverhampton"	"Independence Day (IRE)"	"3.00"	"4.24"	"Handicap"	"5"	"9"	"Haynes, Joey"	"Banham, Chelsea"	"7"	"28"
"20:50:00"	"2020-09-08"	"Newcastle"	"True Hero"	"8.50"	"11.66"	"Handicap"	"12"	"14"	"Mulrennan, Paul"	"Brown, D H"	"4"	"40"
"19:50:00"	"2020-09-08"	"Newcastle"	"Mango Chutney"	"6.00"	"7.99"	"Handicap"	"3"	"13"	"Beasley, Connor"	"Davies, J J"	"7"	"10"
"17:50:00"	"2020-09-08"	"Newcastle"	"Momtalik (USA)"	"12.00"	"13.05"	"Handicap"	"8"	"10"	"McDonald, P J"	"Furtado, Ivan"	"5"	"75"
"16:45:00"	"2020-09-03"	"Newcastle"	"Obee Jo (IRE)"	"25.00"	"27.43"	"Handicap"	"4"	"14"	"Fentiman, Duran"	"Easterby, T D"	"4"	"35"
"12:50:00"	"2020-09-03"	"Newcastle"	"Lincoln Red"	"10.00"	"14.82"	"Handicap"	"11"	"14"	"Fentiman, Duran"	"Williams, Olly"	"4"	"38"
"14:40:00"	"2020-08-31"	"Southwell"	"Dark Shot"	"9.00"	"13.5"	"Handicap"	"1"	"13"	"Gormley, Jamie"	"Dixon, Scott"	"7"	"30"
"12:35:00"	"2020-08-31"	"Southwell"	"Stone Mason (IRE)"	"6.50"	"8.59"	"Handicap"	"5"	"11"	"Rawlinson, Ali"	"Appleby, M"	"4"	"16"
"14:40:00"	"2020-08-27"	"Chelmsford City"	"Gold Town"	"4.00"	"5.62"	"Handicap"	"6"	"6"	"Bentley, Harry"	"Crisford, Simon"	"5"	"1111"
"13:40:00"	"2020-08-27"	"Chelmsford City"	"Valley Belle (IRE)"	"4.00"	"5.44"	"Handicap"	"3"	"8"	"Morris, Luke"	"McEntee, P S"	"4"	"43"
"14:25:00"	"2020-08-23"	"Wolverhampton"	"Carla Koala"	"150.00"	"510"	"Handicap"	"6"	"9"	"ONeill, K T"	"Leavy, B D"	"4"	"19"
"13:55:00"	"2020-08-23"	"Wolverhampton"	"Wild Flower (IRE)"	"5.00"	"7.63"	"Non-Handicap"	"3"	"10"	"ONeill, K T"	"McJannet, Luke"	"8"	"9"
"20:25:00"	"2020-08-22"	"Chelmsford City"	"Bullington Boy (FR)"	"6.00"	"8.6"	"Handicap"	"6"	"14"	"Williams, Levi"	"Chapple-Hyam, Jane"	"4"	"7"
"17:25:00"	"2020-08-22"	"Chelmsford City"	"Rasheeq (IRE)"	"33.00"	"49.14"	"Handicap"	"11"	"11"	"Costello, Dougie"	"Moubarak, Mohamed"	"7"	"38"
"18:35:00"	"2020-08-21"	"Wolverhampton"	"Catch My Breath"	"8.00"	"10.5"	"Handicap"	"9"	"12"	"Keenan, Darragh"	"Ryan, J"	"4"	"25"
"17:05:00"	"2020-08-12"	"Wolverhampton"	"Kyllachy Warrior (IRE)"	"3.50"	"4.88"	"Handicap"	"5"	"11"	"Rodriguez, Callum"	"Mullaney, L A"	"4"	"18"
"17:50:00"	"2020-08-11"	"Wolverhampton"	"Isabella Mayson"	"80.00"	"125.63"	"Handicap"	"9"	"11"	"Heard, Tyler"	"Hawker, Richard"	"5"	"672"
"16:10:00"	"2020-08-11"	"Wolverhampton"	"Universal Effect"	"50.00"	"80"	"Handicap"	"8"	"13"	"Kelly, Shane"	"Loughnane, Daniel Mark"	"4"	"24"
"16:10:00"	"2020-08-11"	"Wolverhampton"	"Hold Still (IRE)"	"16.00"	"22"	"Handicap"	"12"	"13"	"Egan, David"	"Muir, W R"	"4"	"17"
"17:50:00"	"2020-08-07"	"Wolverhampton"	"Teepee Time"	"9.00"	"11.4"	"Handicap"	"3"	"10"	"Rooke, George"	"Mullineaux, M"	"7"	"20"
"17:50:00"	"2020-08-07"	"Wolverhampton"	"Empty Promises"	"50.00"	"60"	"Handicap"	"8"	"10"	"Dawson, R"	"Bishop, Frank"	"4"	"11"
"14:25:00"	"2020-08-02"	"Newcastle"	"Yafta"	"2.00"	"3.29"	"Non-Handicap"	"5"	"6"	"Crowley, Jim"	"Hannon (Jnr), Richard"	"5"	"36"
"12:50:00"	"2020-08-02"	"Newcastle"	"Thaayer"	"5.00"	"7.02"	"Handicap"	"1"	"14"	"Mulrennan, Paul"	"Herrington,M "	"5"	"6"
"17:15:00"	"2019-12-10"	"Wolverhampton"	"Revolutionary Man (IRE)"	"20.00"	"23.83"	"Handicap"	"11"	"13"	"Kingscote, Richard"	"Loughnane, Daniel Mark"	"4"	"63"
"17:15:00"	"2019-12-06"	"Dundalk"	"Art Of Unity"	"14.00"	"17"	"Handicap"	"8"	"12"	"Foley, Shane"	"Feane, John James"	"4"	"44"
"18:30:00"	"2019-12-05"	"Southwell"	"Smokey Lane (IRE)"	"25.00"	"40"	"Handicap"	"3"	"13"	"Lee, Clifford"	"Evans, P D"	"5"	"29"
"18:30:00"	"2019-12-05"	"Southwell"	"Peggys Angel"	"100.00"	"540"	"Handicap"	"13"	"13"	"Shaw, Harrison"	"Keniry, Stef"	"4"	"208"
"17:45:00"	"2019-12-03"	"Wolverhampton"	"Lomu (IRE)"	"16.00"	"19.32"	"Handicap"	"1"	"10"	"Mulrennan, Paul"	"Jardine, I"	"5"	"65"
"13:05:00"	"2019-11-30"	"Lingfield"	"Grey Galleon (USA)"	"9.00"	"12.5"	"Handicap"	"7"	"11"	"Glass, Amelia"	"Cox, C G"	"5"	"99"
"15:45:00"	"2019-11-29"	"Southwell"	"Dream World (IRE)"	"14.00"	"18.95"	"Handicap"	"5"	"7"	"Rawlinson, Ali"	"Appleby, M"	"4"	"35"
"14:00:00"	"2019-11-27"	"Southwell"	"Robsdelight (IRE)"	"5.00"	"7.02"	"Claimer"	"6"	"8"	"Hart, Jason"	"Kelleway, Miss Gay"	"4"	"44"
"19:00:00"	"2019-11-22"	"Newcastle"	"Mount Wellington (IRE)"	"2.25"	"3.45"	"Handicap"	"10"	"14"	"Rodriguez, Callum"	"Williams, S C"	"4"	"196"
"18:00:00"	"2019-11-22"	"Newcastle"	"Snooker Jim"	"8.00"	"11.5"	"Handicap"	"3"	"13"	"Mitchell, Jack"	"Hollinshead, Steph"	"4"	"45"
"16:30:00"	"2019-11-22"	"Newcastle"	"Followthesteps (IRE)"	"16.00"	"17.63"	"Handicap"	"8"	"11"	"Costello, Dougie"	"Furtado, Ivan"	"4"	"169"
"18:30:00"	"2019-11-21"	"Chelmsford City"	"Global Melody"	"22.00"	"38.59"	"Handicap"	"8"	"11"	"Gordon, Josephine"	"McEntee, P S"	"4"	"157"
"16:05:00"	"2019-11-21"	"Newcastle"	"Savalas (IRE)"	"33.00"	"39.89"	"Handicap"	"5"	"11"	"Davis, Sean"	"Cowell, R M H"	"4"	"41"
"16:15:00"	"2019-11-16"	"Wolverhampton"	"Roller"	"33.00"	"65.94"	"Handicap"	"1"	"13"	"Costello, Dougie"	"Loughnane, Daniel Mark"	"6"	"52"
"17:10:00"	"2019-11-09"	"Southwell"	"Private Matter"	"5.50"	"6.68"	"Handicap"	"5"	"7"	"Mitchell, Jack"	"Murphy, Amy"	"5"	"45"
"17:10:00"	"2019-11-09"	"Southwell"	"Ebitda"	"22.00"	"25.92"	"Handicap"	"6"	"7"	"Fisher, Jonathan"	"Dixon, Scott"	"5"	"3"
"17:55:00"	"2019-11-07"	"Chelmsford City"	"Circus Couture (IRE)"	"25.00"	"35.43"	"Handicap"	"5"	"6"	"Egan, John"	"Chapple-Hyam, Jane"	"7"	"19"
"19:45:00"	"2019-11-04"	"Newcastle"	"Coffeemeanscoffee (IRE)"	"14.00"	"16.5"	"Handicap"	"9"	"14"	"Cronin, S C"	"Martin, W J"	"4"	"79"
"19:30:00"	"2019-11-01"	"Newcastle"	"Vive La Difference (IRE)"	"9.00"	"10.86"	"Handicap"	"2"	"13"	"Allan, David"	"Easterby, T D"	"5"	"18"
"17:45:00"	"2019-11-01"	"Dundalk"	"May Remain"	"8.00"	"11"	"Handicap"	"1"	"14"	"Ryan, Gavin"	"Murphy, P J F"	"4"	"9"
"16:55:00"	"2019-10-31"	"Chelmsford City"	"Lily Of Year (FR)"	"8.00"	"10.32"	"Non-Handicap"	"6"	"10"	"Pitt, Michael"	"Coakley, D J"	"4"	"23"
"13:55:00"	"2019-10-31"	"Lingfield"	"Gifted Master (IRE)"	"16.00"	"24"	"Handicap"	"2"	"13"	"Mitchell, Jack"	"Palmer, Hugo"	"6"	"131"
"13:55:00"	"2019-10-31"	"Lingfield"	"Mutafani"	"9.00"	"11.63"	"Handicap"	"7"	"13"	"Havlin, Robert"	"Crisford, Simon"	"4"	"103"
"19:30:00"	"2019-10-30"	"Dundalk"	"Little Camacho (IRE)"	"14.00"	"22"	"Handicap"	"7"	"14"	"Ryan, Gavin"	"McCann, Anthony"	"4"	"74"
"20:30:00"	"2019-10-25"	"Newcastle"	"Proceeding"	"5.50"	"6.95"	"Handicap"	"3"	"12"	"Hardie, Cameron"	"Waggott, Miss Tracy"	"4"	"30"
"19:15:00"	"2019-10-25"	"Dundalk"	"Bahlwan"	"6.00"	"10.05"	"Handicap"	"10"	"13"	"Sheridan, J M"	"Hogan, Denis Gerard"	"4"	"16"
"17:10:00"	"2019-10-25"	"Dundalk"	"Little Clarinet (IRE)"	"11.00"	"17"	"Claimer"	"8"	"13"	"Crosse, S M"	"OBrien, Joseph Patrick"	"5"	"2"
"19:40:00"	"2019-10-23"	"Kempton"	"Elysium Dream"	"25.00"	"36"	"Handicap"	"8"	"11"	"Marquand, Tom"	"Hannon (Jnr), Richard"	"4"	"32"
"19:00:00"	"2019-10-22"	"Kempton"	"Global Hope (IRE)"	"3.00"	"4.67"	"Handicap"	"2"	"12"	"Kelly, Shane"	"Kelleway, Miss Gay"	"4"	"32"
"15:10:00"	"2019-10-22"	"Newcastle"	"Muscika"	"11.00"	"14.73"	"Handicap Claimer"	"4"	"14"	"Villiers, Angus"	"OMeara, D"	"5"	"24"
"15:10:00"	"2019-10-22"	"Newcastle"	"Intisaab"	"4.50"	"5.6"	"Handicap Claimer"	"6"	"14"	"Tudhope, Daniel"	"OMeara, D"	"8"	"10"
"17:30:00"	"2019-10-21"	"Southwell"	"Bluella"	"16.00"	"19.5"	"Handicap"	"5"	"10"	"Rooke, George"	"Brisland, Robyn"	"4"	"22"
"20:15:00"	"2019-10-18"	"Dundalk"	"Rapid Reaction (IRE)"	"33.00"	"93.91"	"Non-Handicap"	"11"	"13"	"Slattery, A J"	"Grogan, J F"	"4"	"20"
"17:00:00"	"2019-10-18"	"Newcastle"	"Kannapolis (IRE)"	"5.00"	"7"	"Handicap"	"1"	"13"	"Lee, G"	"Easterby, M W"	"4"	"37"
"20:10:00"	"2019-10-16"	"Kempton"	"Cottingham"	"8.00"	"11.5"	"Handicap"	"5"	"12"	"Shoemark, Kieran"	"Frost, Kevin"	"4"	"8"
"19:55:00"	"2019-10-16"	"Southwell"	"Its Never Enough"	"16.00"	"23.94"	"Handicap"	"6"	"7"	"Alexander, Lucy"	"Ewart, J P L"	"5"	"79"
"19:10:00"	"2019-10-16"	"Kempton"	"Your Choice"	"66.00"	"203.1"	"Handicap"	"11"	"13"	"Currie, Nicola"	"Mongan, Mrs L J"	"4"	"8"
"18:55:00"	"2019-10-16"	"Southwell"	"Saaheq"	"3.33"	"4.6"	"Handicap"	"1"	"11"	"Ladd, Theodore"	"Appleby, M"	"5"	"11"
"18:55:00"	"2019-10-16"	"Southwell"	"Dark Shot"	"5.50"	"7.2"	"Handicap"	"5"	"11"	"Curtis, B A"	"Dixon, Scott"	"6"	"5"
"17:25:00"	"2019-10-16"	"Southwell"	"Round The Island"	"7.00"	"8.93"	"Handicap"	"4"	"8"	"Dennis, Phil"	"Whitaker, R M"	"6"	"21"
"17:25:00"	"2019-10-14"	"Wolverhampton"	"Compton Poppy"	"18.00"	"23.62"	"Handicap"	"2"	"9"	"Downing, George"	"Carroll, A W"	"5"	"32"
"17:25:00"	"2019-10-14"	"Wolverhampton"	"Angel Force (IRE)"	"3.50"	"4.48"	"Handicap"	"4"	"9"	"Sousa, Silvestre De"	"Griffiths, D C"	"4"	"19"
"19:15:00"	"2019-10-10"	"Southwell"	"Intense Style (IRE)"	"50.00"	"93.95"	"Handicap"	"9"	"11"	"Brock, Danny"	"Quinn, Denis P"	"7"	"15"
"19:40:00"	"2019-10-09"	"Kempton"	"Maksab (IRE)"	"7.50"	"9.07"	"Handicap"	"5"	"13"	"Sousa, Silvestre De"	"Channon, M R"	"4"	"25"
"19:30:00"	"2019-10-05"	"Wolverhampton"	"Intisaab"	"5.00"	"6.63"	"Handicap"	"3"	"11"	"Fallon, Cieren"	"OMeara, D"	"8"	"14"
"18:45:00"	"2019-10-03"	"Wolverhampton"	"Tadleel"	"12.00"	"16.5"	"Handicap"	"3"	"12"	"ONeill, Dane"	"Dunlop, E A L"	"4"	"15"
"20:25:00"	"2019-10-02"	"Newcastle"	"Carlovian"	"22.00"	"29.75"	"Handicap"	"5"	"14"	"Costello, Dougie"	"Walford, Mark"	"6"	"9"
"20:25:00"	"2019-10-02"	"Newcastle"	"Paco Escostar"	"7.50"	"9"	"Handicap"	"9"	"14"	"Robinson, Ben"	"Camacho, Miss J A"	"4"	"22"
"20:25:00"	"2019-10-02"	"Newcastle"	"One Boy (IRE)"	"16.00"	"20.22"	"Handicap"	"12"	"14"	"Mulrennan, Paul"	"Midgley, P T"	"8"	"3"
"19:55:00"	"2019-10-02"	"Newcastle"	"At Your Service"	"14.00"	"20.22"	"Handicap"	"3"	"12"	"Haynes, Joey"	"Banham, Chelsea"	"5"	"137"
"17:10:00"	"2019-10-02"	"Kempton"	"Fronsac"	"7.00"	"8.54"	"Handicap"	"4"	"11"	"Gordon, Josephine"	"Kubler, Daniel"	"4"	"18"
"20:15:00"	"2019-09-26"	"Southwell"	"Luzum (IRE)"	"16.00"	"21"	"Handicap"	"10"	"12"	"ONeill, Ger"	"Easterby, M W"	"4"	"15"
"18:20:00"	"2019-09-21"	"Wolverhampton"	"Caledonian Gold"	"100.00"	"440.47"	"Handicap"	"8"	"8"	"Ashton, Gavin"	"Williamson, Mrs L"	"6"	"19"
"17:25:00"	"2019-09-21"	"Wolverhampton"	"Raffle King (IRE)"	"4.00"	"6.17"	"Non-Handicap"	"4"	"10"	"Murtagh, Connor"	"Brooke, Julia"	"5"	"78"
"20:20:00"	"2019-09-20"	"Newcastle"	"Tadaany (IRE)"	"14.00"	"18.9"	"Handicap"	"6"	"13"	"Garritty, Jack"	"Carr, Mrs R A"	"7"	"21"
"16:50:00"	"2019-09-20"	"Dundalk"	"Art Of Unity"	"9.00"	"10"	"Handicap"	"4"	"14"	"McAteer, L T"	"Feane, John James"	"4"	"19"
"16:50:00"	"2019-09-20"	"Dundalk"	"Nordic Passage (IRE)"	"16.00"	"22.75"	"Handicap"	"13"	"14"	"Bird, Sean"	"Levins, J F"	"4"	"490"
"19:30:00"	"2019-09-19"	"Chelmsford City"	"Agent Of Fortune"	"8.00"	"10"	"Handicap"	"9"	"15"	"Kirby, Adam"	"Dunnett, Mrs C A"	"4"	"30"
"18:45:00"	"2019-09-19"	"Southwell"	"Wrenthorpe"	"4.50"	"6.71"	"Handicap"	"5"	"11"	"Lee, G"	"Smart, B"	"4"	"37"
"17:15:00"	"2019-09-19"	"Southwell"	"Dalness Express"	"20.00"	"32.22"	"Handicap"	"12"	"13"	"Morris, Luke"	"Watson, Archie"	"6"	"14"
"19:30:00"	"2019-09-17"	"Newcastle"	"Tum Tum"	"33.00"	"42.75"	"Handicap"	"1"	"13"	"Eaves, Tom"	"Herrington,M "	"4"	"38"
"20:30:00"	"2019-09-16"	"Kempton"	"Master Poet"	"12.00"	"17.5"	"Handicap"	"9"	"13"	"Crouch, Hector"	"Moore, Gary and Josh"	"4"	"25"
"20:00:00"	"2019-09-16"	"Kempton"	"Bidding War"	"8.00"	"10.68"	"Handicap"	"10"	"14"	"Rawlinson, Ali"	"Appleby, M"	"4"	"32"
"18:40:00"	"2019-09-11"	"Laytown"	"Confident Kid"	"7.00"	"9.07"	"Non-Handicap"	"1"	"5"	"Hamilton, Mr T"	"McGuinness, Adrian"	"6"	"77"
"18:40:00"	"2019-09-11"	"Laytown"	"Twenty Minutes"	"2.00"	"3.4"	"Non-Handicap"	"2"	"5"	"Codd, Mr J J"	"English, Damian Joseph"	"4"	"26"
"17:40:00"	"2019-09-11"	"Laytown"	"Sir Ottoman (FR)"	"8.00"	"13.19"	"Claimer"	"1"	"10"	"Malune, Gabriele"	"Furtado, Ivan"	"6"	"39"
"16:35:00"	"2019-09-11"	"Laytown"	"Bellick"	"4.50"	"6.19"	"Handicap"	"6"	"10"	"Coakley, Ross"	"McConnell, John C"	"4"	"25"
"16:35:00"	"2019-09-11"	"Laytown"	"Carpet Time (IRE)"	"25.00"	"86.94"	"Handicap"	"7"	"10"	"Maxwell, C D"	"Breen, Leanne"	"4"	"60"
"16:35:00"	"2019-09-11"	"Laytown"	"Texas Radio (IRE)"	"16.00"	"53.63"	"Handicap"	"10"	"10"	"Simmonson, D M"	"Feane, John James"	"6"	"10"
"16:00:00"	"2019-09-11"	"Laytown"	"Dapper Power (IRE)"	"2.50"	"4"	"Handicap"	"4"	"10"	"McDonogh, D P"	"Lynam, Edward"	"5"	"47"
"20:15:00"	"2019-08-30"	"Newcastle"	"Mudawwan (IRE)"	"6.50"	"7.86"	"Handicap"	"9"	"11"	"Elliott, Jane"	"Bethell, J D"	"5"	"13"
"17:05:00"	"2019-08-30"	"Wolverhampton"	"Royal Connoisseur (IRE)"	"14.00"	"22"	"Handicap"	"9"	"10"	"Davis, Sean"	"Fahey, R A"	"8"	"79"
"14:30:00"	"2019-08-29"	"Chelmsford City"	"Kraka (IRE)"	"7.00"	"10"	"Handicap"	"4"	"9"	"ONeill, K T"	"Dunnett, Mrs C A"	"4"	"14"
"16:45:00"	"2019-08-26"	"Southwell"	"Bluella"	"25.00"	"34.99"	"Novices"	"1"	"6"	"Doyle, Hollie"	"Brisland, Robyn"	"4"	"10"
"14:25:00"	"2019-08-26"	"Southwell"	"Chez Vegas"	"18.00"	"27"	"Handicap"	"6"	"11"	"Sullivan, James P"	"Dixon, Scott"	"6"	"39"
"13:50:00"	"2019-08-26"	"Southwell"	"Essential"	"33.00"	"46.25"	"Handicap"	"13"	"13"	"Murtagh, Connor"	"Williams, Olly"	"5"	"10"
"17:25:00"	"2019-08-24"	"Chelmsford City"	"Holy Tiber (IRE)"	"5.00"	"7.2"	"Handicap"	"9"	"11"	"Tate, Ryan"	"Banham, Chelsea"	"4"	"36"
"20:45:00"	"2019-08-21"	"Kempton"	"The Establishment"	"33.00"	"72.62"	"Handicap"	"9"	"9"	"Walsh, E J"	"Butler, John"	"4"	"50"
"19:15:00"	"2019-08-21"	"Kempton"	"Al Jellaby"	"5.00"	"8.4"	"Handicap"	"3"	"11"	"Kirby, Adam"	"Cox, C G"	"4"	"26"
"17:10:00"	"2019-08-15"	"Lingfield"	"Cuban Spirit"	"25.00"	"38"	"Handicap"	"4"	"11"	"Fox, Kieren"	"Carter, Lee"	"4"	"38"
"19:30:00"	"2019-08-13"	"Lingfield"	"Catapult"	"5.00"	"7"	"Handicap"	"7"	"14"	"Gordon, Josephine"	"Keightley, S L"	"4"	"10"
"19:00:00"	"2019-08-13"	"Lingfield"	"Glorious Jem"	"3.50"	"5.04"	"Handicap"	"5"	"11"	"Muscutt, D"	"Lanigan, D R"	"4"	"18"
"16:30:00"	"2019-08-10"	"Chelmsford City"	"Papa Stour (USA)"	"8.00"	"13.5"	"Handicap"	"6"	"8"	"Probert, David"	"Balding, A M"	"4"	"29"
"20:35:00"	"2019-08-08"	"Newcastle"	"Astraea"	"18.00"	"26"	"Handicap"	"8"	"14"	"Evans, Nathan"	"Easterby, M W"	"4"	"3"
"19:15:00"	"2018-12-21"	"Wolverhampton"	"Dalness Express"	"12.00"	"15.17"	"Handicap"	"10"	"11"	"Morris, Luke"	"Oshea, J G M"	"5"	"179"
"20:00:00"	"2018-12-14"	"Dundalk"	"Seyasah (IRE)"	"12.00"	"16.5"	"Handicap"	"12"	"13"	"Linehan, Denis"	"Ryder, Shane Kieran"	"4"	"52"
"18:00:00"	"2018-12-14"	"Dundalk"	"Caridade (USA)"	"25.00"	"53.35"	"Handicap"	"8"	"14"	"Gallagher, Mark"	"McGuinness, Adrian"	"4"	"56"
"16:30:00"	"2018-12-10"	"Wolverhampton"	"Anif (IRE)"	"8.50"	"11.22"	"Claimer"	"6"	"9"	"Doyle, Hollie"	"Auvray, Jean-Rene"	"4"	"137"
"17:30:00"	"2018-12-07"	"Dundalk"	"Stanhope"	"10.00"	"17.65"	"Handicap"	"1"	"14"	"Mooney, Stephen"	"English, Damian Joseph"	"4"	"42"
"17:30:00"	"2018-12-07"	"Dundalk"	"Mister Trader"	"16.00"	"22"	"Handicap"	"13"	"14"	"McCullagh, N G"	"Bunyan, Darren / OLeary, G"	"4"	"33"
"20:30:00"	"2018-12-06"	"Chelmsford City"	"Acclaim The Nation (IRE)"	"16.00"	"34.36"	"Handicap"	"2"	"10"	"Harley, M"	"Alston, E J"	"5"	"68"
"20:30:00"	"2018-12-06"	"Chelmsford City"	"Ornate"	"10.00"	"14.52"	"Handicap"	"4"	"10"	"McDonald, P J"	"Griffiths, D C"	"5"	"26"
"18:15:00"	"2018-12-05"	"Newcastle"	"Dodgy Bob"	"33.00"	"41.19"	"Handicap"	"9"	"13"	"Dennis, Phil"	"Mullineaux, M"	"5"	"83"
"12:50:00"	"2018-12-04"	"Lingfield"	"Tawaafoq"	"25.00"	"51.74"	"Handicap"	"10"	"12"	"Kelly, Shane"	"Quinn, M"	"4"	"77"
"11:50:00"	"2018-11-30"	"Southwell"	"Frangarry (IRE)"	"16.00"	"25"	"Handicap Seller"	"7"	"11"	"Cox, William"	"Newcombe, A G"	"6"	"125"
"11:20:00"	"2018-11-30"	"Southwell"	"Decision Maker (IRE)"	"8.00"	"10.63"	"Handicap"	"11"	"13"	"Keniry, L P"	"Bowring, S R"	"4"	"169"
"20:15:00"	"2018-11-23"	"Kempton"	"Saryshagann (FR)"	"14.00"	"21.38"	"Handicap"	"1"	"9"	"Kirby, Adam"	"OMeara, D"	"5"	"20"
"19:00:00"	"2018-11-22"	"Wolverhampton"	"Time Zone"	"16.00"	"21"	"Handicap"	"12"	"13"	"Bishop, Charles"	"Cowell, R M H"	"4"	"19"
"20:00:00"	"2018-11-21"	"Dundalk"	"Polly Douglas (IRE)"	"8.00"	"13.93"	"Handicap"	"4"	"14"	"Melia, Damien"	"Cotter, Kieran P"	"5"	"38"
"19:50:00"	"2018-11-21"	"Wolverhampton"	"International Law"	"25.00"	"40"	"Handicap"	"8"	"12"	"Hardie, Cameron"	"Brittain, Antony"	"4"	"63"
"18:40:00"	"2018-11-21"	"Kempton"	"Via Via (IRE)"	"9.00"	"12.5"	"Non-Handicap"	"9"	"11"	"Kingscote, Richard"	"Williams, S C"	"6"	"32"
"17:30:00"	"2018-11-19"	"Kempton"	"Breden (IRE)"	"7.00"	"8.24"	"Handicap"	"1"	"8"	"Winston, Robert"	"Jewell, Mrs L C"	"8"	"52"
"20:15:00"	"2018-11-17"	"Wolverhampton"	"Tan"	"12.00"	"18"	"Handicap"	"3"	"11"	"Rawlinson, Ali"	"Appleby, M"	"4"	"17"
"20:00:00"	"2018-11-15"	"Kempton"	"Who Told Jo Jo (IRE)"	"33.00"	"46.36"	"Handicap"	"7"	"9"	"McCullagh, Scott"	"Tuite, Joseph"	"4"	"24"
"19:00:00"	"2018-11-14"	"Kempton"	"Merlin"	"3.00"	"4.66"	"Handicap"	"6"	"9"	"Doyle, James"	"Bell, M L W"	"4"	"46"
"12:35:00"	"2018-11-12"	"Southwell"	"Maazel (IRE)"	"25.00"	"36.7"	"Handicap"	"6"	"10"	"Birkett, Shelley"	"Feilden, Miss J"	"4"	"20"
"18:30:00"	"2018-11-10"	"Chelmsford City"	"Suzis Connoisseur"	"4.00"	"5.3"	"Claimer"	"1"	"6"	"Brock, Danny"	"McBride, P J"	"7"	"12"
"20:45:00"	"2018-11-09"	"Newcastle"	"Ventura Secret (IRE)"	"20.00"	"30"	"Handicap"	"9"	"12"	"Rodriguez, Callum"	"Dods, M"	"4"	"11"
"20:15:00"	"2018-11-08"	"Chelmsford City"	"Time To Reason (IRE)"	"14.00"	"19.38"	"Handicap"	"7"	"9"	"Egan, David"	"Wallis, Charlie"	"5"	"17"
"17:40:00"	"2018-11-07"	"Newcastle"	"Tukhoom (IRE)"	"2.25"	"3.54"	"Handicap"	"3"	"12"	"Rodriguez, Callum"	"Herrington,M "	"5"	"4"
"18:00:00"	"2018-11-03"	"Newcastle"	"Somewhere Secret"	"25.00"	"29.41"	"Handicap"	"5"	"12"	"Costello, Dougie"	"Mullineaux, M"	"4"	"15"
"20:45:00"	"2018-11-02"	"Kempton"	"Shyarch"	"3.50"	"4.8"	"Handicap"	"3"	"12"	"Elliott, Jane"	"Dunnett, Mrs C A"	"4"	"10"
"20:30:00"	"2018-11-02"	"Dundalk"	"Mr Scarlet"	"25.00"	"39.2"	"Handicap"	"8"	"11"	"Colgan, R C"	"Lavery, Ms Sheila"	"4"	"19"
"18:00:00"	"2018-11-02"	"Dundalk"	"Hisar (IRE)"	"16.00"	"32.66"	"Handicap"	"13"	"14"	"Manning, K J"	"McCann, Anthony"	"4"	"19"
"14:50:00"	"2018-10-31"	"Dundalk"	"Al Batal"	"4.50"	"7.6"	"Maiden"	"5"	"8"	"OHanlon, Amy"	"McConnell, John C"	"5"	"7"
"18:15:00"	"2018-10-30"	"Wolverhampton"	"Mysterious Glance"	"33.00"	"46.71"	"Handicap"	"8"	"10"	"Norton, Francis"	"Hollinshead, Sarah"	"5"	"103"
"17:45:00"	"2018-10-30"	"Wolverhampton"	"Whispering Soul (IRE)"	"16.00"	"20.95"	"Handicap"	"5"	"10"	"Morris, Luke"	"Baugh, B P J"	"5"	"21"
"20:00:00"	"2018-10-24"	"Chelmsford City"	"Tallys Song"	"66.00"	"130.48"	"Handicap"	"7"	"10"	"Doyle, Hollie"	"Harris, Miss G"	"5"	"40"
"15:10:00"	"2018-10-23"	"Newcastle"	"Eastern Impact (IRE)"	"10.00"	"13.5"	"Handicap Claimer"	"13"	"14"	"Hanagan, Paul"	"Fahey, R A"	"7"	"40"
"21:10:00"	"2018-10-22"	"Kempton"	"Brother In Arms (IRE)"	"4.50"	"5.79"	"Handicap"	"5"	"10"	"Bridgwater, Poppy"	"Carroll, A W"	"4"	"28"
"20:40:00"	"2018-10-22"	"Kempton"	"Keyser Soze (IRE)"	"5.00"	"6.13"	"Handicap"	"3"	"10"	"Queally, T P"	"Spencer, Richard"	"4"	"24"
"20:00:00"	"2018-10-18"	"Wolverhampton"	"One Liner"	"80.00"	"200"	"Handicap"	"9"	"11"	"Jones, Liam"	"Oshea, J G M"	"4"	"63"
"19:00:00"	"2018-10-18"	"Wolverhampton"	"Mon Beau Visage (IRE)"	"4.50"	"6.06"	"Handicap"	"11"	"11"	"Harley, M"	"OMeara, D"	"5"	"12"
"18:15:00"	"2018-10-17"	"Newcastle"	"Ancient Astronaut"	"6.50"	"8.54"	"Handicap"	"13"	"14"	"Dawson, R"	"Thornton, Karl"	"5"	"23"
"19:15:00"	"2018-10-16"	"Kempton"	"Flying Sakhee"	"50.00"	"92.91"	"Handicap"	"11"	"13"	"ONeill, K T"	"Bridger, J / Cook, R"	"5"	"61"
"18:15:00"	"2018-10-15"	"Kempton"	"Island Of Life (USA)"	"5.50"	"8.08"	"Handicap"	"5"	"10"	"Queally, T P"	"Haggas, W J"	"4"	"59"
"20:40:00"	"2018-10-10"	"Kempton"	"Coastal Cyclone"	"14.00"	"20.41"	"Handicap"	"5"	"11"	"Crowley, Jim"	"Dunlop, H J L"	"4"	"57"
"19:45:00"	"2018-10-09"	"Newcastle"	"Tylery Wonder (IRE)"	"16.00"	"20.32"	"Handicap"	"9"	"12"	"Morris, Luke"	"Midgley, P T"	"8"	"9"
"19:15:00"	"2018-10-09"	"Newcastle"	"Manshood (IRE)"	"4.00"	"5.3"	"Handicap"	"9"	"13"	"Fanning, Joe"	"Midgley, P T"	"5"	"10"
"21:15:00"	"2018-10-05"	"Wolverhampton"	"Screaming Gemini (IRE)"	"16.00"	"23.23"	"Handicap"	"2"	"13"	"Kingscote, Richard"	"Brown, D H"	"4"	"135"
"20:30:00"	"2018-10-05"	"Dundalk"	"Langham"	"50.00"	"202.78"	"Handicap"	"13"	"14"	"Hogan, D E"	"Barry, D J"	"5"	"409"
"17:45:00"	"2018-10-05"	"Wolverhampton"	"Dandy Highwayman (IRE)"	"5.00"	"6.87"	"Handicap"	"6"	"11"	"Curtis, B A"	"Pears, Ollie"	"4"	"41"
"16:30:00"	"2018-10-04"	"Lingfield"	"Luna Bear"	"16.00"	"20.77"	"Handicap"	"10"	"13"	"Crouch, Hector"	"Moore, Gary and Josh"	"4"	"22"
"13:50:00"	"2018-10-04"	"Lingfield"	"Blaze Of Hearts (IRE)"	"16.00"	"21"	"Handicap"	"7"	"12"	"Winston, Robert"	"Ivory, D K"	"5"	"15"
"20:30:00"	"2018-10-03"	"Newcastle"	"Sasheeda"	"150.00"	"573.85"	"Handicap"	"13"	"14"	"Dennis, Phil"	"Mullineaux, M"	"4"	"107"
"21:15:00"	"2018-10-02"	"Kempton"	"Parnassian (IRE)"	"11.00"	"16.28"	"Handicap"	"5"	"12"	"Crowley, Jim"	"Perrett, Mrs A J"	"4"	"10"
"21:15:00"	"2018-10-02"	"Kempton"	"Shepherds Purse"	"14.00"	"20"	"Handicap"	"9"	"12"	"Egan, David"	"Loughnane, David"	"6"	"25"
"17:45:00"	"2018-09-29"	"Chelmsford City"	"Baby Gal"	"6.00"	"7.6"	"Handicap"	"2"	"13"	"Cosgrave, Pat"	"Boyle, J R"	"4"	"91"
"17:45:00"	"2018-09-29"	"Chelmsford City"	"Pitch High (IRE)"	"14.00"	"18"	"Handicap"	"7"	"13"	"Carson, William"	"Feilden, Miss J"	"4"	"44"
"20:15:00"	"2018-09-28"	"Newcastle"	"Kentuckyconnection (USA)"	"33.00"	"37.93"	"Handicap"	"10"	"14"	"Russell, Harry"	"Smart, B"	"5"	"10"
"19:45:00"	"2018-09-28"	"Newcastle"	"Mudawwan (IRE)"	"12.00"	"15.36"	"Handicap"	"1"	"12"	"Gordon, Josephine"	"Bethell, J D"	"4"	"16"
"19:45:00"	"2018-09-26"	"Wolverhampton"	"Trotter"	"7.00"	"9.68"	"Handicap"	"9"	"11"	"Watson, Jason"	"Kittow, W S"	"4"	"30"
"19:45:00"	"2018-09-26"	"Wolverhampton"	"Berlios (IRE)"	"12.00"	"15.67"	"Handicap"	"10"	"11"	"Donohoe, Stephen"	"Loughnane, David"	"5"	"20"
"16:40:00"	"2018-09-24"	"Kempton"	"Watchable"	"14.00"	"22.67"	"Handicap"	"8"	"9"	"Sousa, Silvestre De"	"OMeara, D"	"8"	"17"
"21:20:00"	"2018-09-21"	"Newcastle"	"Camino"	"40.00"	"56.4"	"Handicap"	"11"	"13"	"Mathers, Patrick"	"Brown, Andi"	"5"	"31"
"20:15:00"	"2018-09-20"	"Chelmsford City"	"Tifl"	"16.00"	"20.55"	"Handicap"	"5"	"12"	"Havlin, Robert"	"Main, Mrs H S"	"5"	"33"
"17:30:00"	"2018-09-17"	"Kempton"	"Canadian Royal"	"100.00"	"215.94"	"Handicap"	"12"	"14"	"Cummins, Stephen"	"Evans, Mrs N S"	"4"	"94"
"13:40:00"	"2018-09-07"	"Newcastle"	"A J Cook (IRE)"	"100.00"	"280"	"Handicap"	"7"	"13"	"Scott, Rowan"	"Barr, R E"	"8"	"13"
"20:45:00"	"2018-09-06"	"Chelmsford City"	"Just Us Two (IRE)"	"3.00"	"5.01"	"Handicap"	"2"	"10"	"Brock, Danny"	"Chapple-Hyam, Jane"	"6"	"34"
"18:15:00"	"2018-09-06"	"Laytown"	"Pillar"	"4.00"	"5.3"	"Handicap"	"3"	"10"	"Foley, Shane"	"McGuinness, Adrian"	"5"	"8"
"18:15:00"	"2018-09-06"	"Laytown"	"Little Clarinet (IRE)"	"5.00"	"6.4"	"Handicap"	"5"	"10"	"OConnor, Donagh"	"Marnane, David"	"4"	"8"
"18:15:00"	"2018-09-06"	"Laytown"	"Guiding Star"	"16.00"	"24"	"Handicap"	"9"	"10"	"Leonard, Killian"	"McKenna, P J"	"4"	"8"
"17:15:00"	"2018-09-05"	"Lingfield"	"Drop Kick Murphi (IRE)"	"16.00"	"30.01"	"Handicap"	"3"	"11"	"Quinn, Jimmy"	"Dunnett, Mrs C A"	"4"	"20"
"18:45:00"	"2018-09-04"	"Kempton"	"Plant Pot Power (IRE)"	"5.00"	"6.21"	"Handicap"	"6"	"10"	"Kelly, Shane"	"Hughes, Richard"	"4"	"28"
"16:20:00"	"2018-09-01"	"Lingfield"	"Spryt (IRE)"	"12.00"	"14.04"	"Handicap"	"2"	"7"	"Cole, Morgan"	"Butler, John"	"6"	"8"
"16:05:00"	"2018-09-01"	"Wolverhampton"	"Archie (IRE)"	"10.00"	"15.5"	"Handicap"	"3"	"6"	"Ingram, Rhiain B"	"Spencer, Richard"	"6"	"14"
"20:45:00"	"2018-08-31"	"Newcastle"	"Little Kingdom (IRE)"	"14.00"	"18.35"	"Handicap"	"6"	"14"	"Elliott, Andrew"	"Waggott, Miss Tracy"	"4"	"111"
"18:05:00"	"2018-08-31"	"Wolverhampton"	"Hell Of A Lady"	"66.00"	"335.19"	"Handicap"	"7"	"9"	"Keenan, Darragh"	"Farrelly, Johnny"	"4"	"13"
"15:50:00"	"2018-08-29"	"Lingfield"	"Temeraire (FR)"	"4.00"	"5.84"	"Handicap"	"5"	"6"	"Sousa, Silvestre De"	"Palmer, Hugo"	"4"	"15"
"15:20:00"	"2018-08-29"	"Lingfield"	"Taurean Gold"	"100.00"	"483.63"	"Seller"	"6"	"6"	"Haynes, Joey"	"Bridger, J / Cook, R"	"4"	"5"
"16:45:00"	"2018-08-27"	"Southwell"	"Mime Dance"	"25.00"	"40"	"Handicap"	"2"	"12"	"Mathers, Patrick"	"Butler, John"	"7"	"11"
"19:45:00"	"2018-08-22"	"Kempton"	"Hakeem"	"4.00"	"5.76"	"Handicap"	"2"	"14"	"ONeill, Dane"	"Haggas, W J"	"4"	"32"
"16:30:00"	"2018-08-21"	"Kempton"	"Gallipoli (IRE)"	"8.00"	"15.31"	"Handicap"	"8"	"8"	"Hamilton, Tony"	"Fahey, R A"	"5"	"24"
"15:30:00"	"2018-08-21"	"Kempton"	"Star Gypsy (FR)"	"33.00"	"43.87"	"Handicap"	"3"	"9"	"Morris, Luke"	"Dunlop, H J L"	"4"	"24"
"18:15:00"	"2018-08-17"	"Dundalk"	"Mr Shelby (IRE)"	"25.00"	"44.4"	"Handicap"	"9"	"14"	"Cleary, R P"	"Donohoe, S"	"4"	"11"
"18:15:00"	"2018-08-17"	"Dundalk"	"Kings Of Luxor"	"20.00"	"26"	"Handicap"	"11"	"14"	"McCullagh, N G"	"Burns, R P"	"5"	"60"
"15:50:00"	"2018-08-16"	"Wolverhampton"	"African Blessing"	"28.00"	"42.93"	"Handicap"	"10"	"11"	"Carson, William"	"Wallis, Charlie"	"5"	"47"
"18:40:00"	"2018-08-13"	"Wolverhampton"	"Assassinate (IRE)"	"8.00"	"9.85"	"Claimer"	"2"	"7"	"Ryan, Rossa"	"Cole, P F I"	"4"	"9"
"18:10:00"	"2018-08-13"	"Wolverhampton"	"Turanga Leela"	"80.00"	"213.25"	"Handicap"	"12"	"12"	"Cox, Georgia"	"Williams, Ian"	"4"	"14"
"20:30:00"	"2018-08-09"	"Newcastle"	"Avenue Of Stars"	"9.00"	"11.5"	"Handicap"	"1"	"12"	"Beasley, Connor"	"McLintock, Karen"	"5"	"50"
"12:10:00"	"2017-12-28"	"Lingfield"	"Smart Mover (IRE)"	"80.00"	"206.99"	"Handicap"	"5"	"9"	"Currie, Nicola"	"Evans, Mrs N S"	"4"	"125"
"11:50:00"	"2017-12-22"	"Southwell"	"Count Montecristo (FR)"	"8.00"	"9.27"	"Handicap"	"3"	"6"	"Eaves, Tom"	"Ryan, K A"	"5"	"49"
"18:30:00"	"2017-12-21"	"Dundalk"	"Master Bond"	"16.00"	"29.23"	"Handicap"	"14"	"14"	"McCullagh, N G"	"McAuley, James"	"8"	"148"
"15:10:00"	"2017-12-18"	"Wolverhampton"	"Picks Pinta"	"33.00"	"60"	"Handicap"	"4"	"10"	"Gormley, Jamie"	"Riches, John"	"6"	"107"
"19:15:00"	"2017-12-16"	"Wolverhampton"	"Suzis Connoisseur"	"7.50"	"9.32"	"Handicap"	"3"	"9"	"Berry, F M"	"Williams, S C"	"6"	"77"
"20:45:00"	"2017-12-15"	"Chelmsford City"	"Ross Raith Rover"	"8.00"	"11.14"	"Handicap"	"2"	"11"	"Keenan, Darragh"	"Eddery, Robert"	"4"	"132"
"12:00:00"	"2017-12-12"	"Lingfield"	"Strictly Carter"	"6.00"	"7.46"	"Handicap"	"3"	"10"	"Berry, F M"	"Bailey, A"	"4"	"49"
"19:45:00"	"2017-12-08"	"Chelmsford City"	"Eltezam (IRE)"	"10.00"	"13.11"	"Handicap"	"2"	"11"	"Haynes, Joey"	"Perrett, Mrs A J"	"4"	"35"
"18:00:00"	"2017-12-08"	"Dundalk"	"Leath Na Hoibre (IRE)"	"25.00"	"33.37"	"Handicap"	"3"	"14"	"Corby, Sean"	"Roche, Liam"	"4"	"533"
"13:45:00"	"2017-12-06"	"Lingfield"	"General Brook (IRE)"	"33.00"	"52.78"	"Handicap"	"13"	"16"	"Morris, Luke"	"Oshea, J G M"	"7"	"220"
"12:10:00"	"2017-12-06"	"Lingfield"	"Yeah Baby Yeah (IRE)"	"33.00"	"63.17"	"Handicap"	"3"	"8"	"Dwyer, Martin"	"Kelleway, Miss Gay"	"4"	"92"
"13:10:00"	"2017-12-05"	"Wolverhampton"	"Union Rose"	"9.00"	"12"	"Handicap"	"1"	"9"	"Probert, David"	"Harris, R A"	"5"	"48"
"13:20:00"	"2017-12-04"	"Southwell"	"Machiavelian Storm (IRE)"	"100.00"	"345.69"	"Handicap Maiden"	"10"	"12"	"Cox, William"	"Mitchell, N R"	"5"	"109"
"14:10:00"	"2017-12-01"	"Southwell"	"Italian Beauty (IRE)"	"66.00"	"80"	"Handicap"	"8"	"8"	"Doyle, Hollie"	"Wainwright, J S"	"5"	"24"
"18:10:00"	"2017-11-29"	"Kempton"	"Outback Traveller (IRE)"	"12.00"	"18.5"	"Handicap"	"8"	"12"	"Morris, Luke"	"Cowell, R M H"	"6"	"33"
"20:00:00"	"2017-11-23"	"Chelmsford City"	"Golden Steps (FR)"	"2.25"	"3.65"	"Claimer"	"5"	"6"	"Costello, Dougie"	"Osborne, J A"	"6"	"502"
"15:00:00"	"2017-11-20"	"Wolverhampton"	"Eternalist"	"10.00"	"13.97"	"Handicap"	"3"	"11"	"Mooney, Sean"	"Goldie, J S"	"4"	"91"
"14:10:00"	"2017-11-18"	"Lingfield"	"Arcanada (IRE)"	"7.00"	"9.48"	"Handicap"	"1"	"11"	"Kingscote, Richard"	"Dascombe, Tom"	"4"	"42"
"13:35:00"	"2017-11-18"	"Lingfield"	"Port Isaac (IRE)"	"2.50"	"3.77"	"Maiden"	"10"	"12"	"Curtis, B A"	"Tregoning, M P"	"4"	"175"
"19:15:00"	"2017-11-17"	"Chelmsford City"	"Kickboxer (IRE)"	"33.00"	"57.12"	"Handicap"	"7"	"13"	"Malune, Gabriele"	"Appleby, M"	"6"	"21"
"18:00:00"	"2017-11-17"	"Dundalk"	"Compass Hill (USA)"	"10.00"	"13.53"	"Non-Handicap"	"5"	"14"	"McGovern, C J"	"Murphy, John Joseph"	"5"	"23"
"15:45:00"	"2017-11-17"	"Lingfield"	"Flying Sakhee"	"33.00"	"80"	"Handicap"	"8"	"12"	"Bradley, Paddy"	"Bridger, J / Cook, R"	"4"	"39"
"15:10:00"	"2017-11-17"	"Lingfield"	"Napping"	"20.00"	"42"	"Handicap"	"3"	"11"	"Pilley, Mr P"	"Murphy, Anabel K"	"4"	"146"
"13:45:00"	"2017-11-16"	"Southwell"	"Musharrif"	"3.00"	"4.36"	"Handicap"	"5"	"13"	"ONeill, Ger"	"Carroll, D"	"5"	"8"
"13:45:00"	"2017-11-16"	"Southwell"	"Zapper Cass (FR)"	"20.00"	"35.29"	"Handicap"	"9"	"13"	"McHugh, B"	"Coyle, Tony"	"4"	"31"
"18:45:00"	"2017-11-15"	"Newcastle"	"Ypres"	"10.00"	"13.15"	"Handicap"	"6"	"14"	"Stott, Kevin"	"Ward, Jason"	"8"	"49"
"17:50:00"	"2017-11-11"	"Wolverhampton"	"Fast Act (IRE)"	"7.00"	"8.8"	"Handicap"	"2"	"8"	"Doyle, Joe"	"Ryan, K A"	"5"	"26"
"17:50:00"	"2017-11-11"	"Wolverhampton"	"Mysterious Look"	"40.00"	"83.05"	"Handicap"	"5"	"8"	"Hornby, Rob"	"Hollinshead, Sarah"	"4"	"24"
"16:20:00"	"2017-11-11"	"Wolverhampton"	"The Hooded Claw (IRE)"	"20.00"	"34"	"Handicap"	"5"	"13"	"Lee, G"	"Morris, Patrick"	"6"	"33"
"20:15:00"	"2017-11-10"	"Newcastle"	"Cosmic Dust"	"25.00"	"34"	"Handicap"	"10"	"10"	"Edmunds, Lewis"	"Whitaker, R M"	"4"	"3"
"20:10:00"	"2017-11-08"	"Kempton"	"Mowhoob"	"16.00"	"26.32"	"Handicap"	"7"	"12"	"Bryan, Joshua"	"Barr, Brian"	"7"	"93"
"14:10:00"	"2017-11-07"	"Wolverhampton"	"Swot"	"3.33"	"4.8"	"Handicap"	"3"	"11"	"Ryan, Rossa"	"Teal, R A"	"5"	"29"
"20:45:00"	"2017-11-03"	"Newcastle"	"Racing Angel (IRE)"	"2.75"	"4.21"	"Handicap"	"4"	"11"	"Robinson, Ben"	"Nicholls, Adrian"	"5"	"16"
"20:45:00"	"2017-11-03"	"Newcastle"	"Roman Times (IRE)"	"14.00"	"19.88"	"Handicap"	"11"	"11"	"Edmunds, Lewis"	"Berry, A"	"4"	"33"
"20:30:00"	"2017-11-03"	"Dundalk"	"Rattling Jewel"	"25.00"	"85"	"Handicap"	"12"	"14"	"Manning, K J"	"McKenna, Miss Nicole"	"5"	"9"
"19:45:00"	"2017-11-03"	"Newcastle"	"Madrinho (IRE)"	"12.00"	"14.48"	"Handicap"	"7"	"14"	"Clark, Tim"	"Butler, John"	"4"	"45"
"18:30:00"	"2017-11-03"	"Dundalk"	"Hot Stuff"	"66.00"	"413.02"	"Claimer"	"13"	"13"	"Orr, Oisin"	"English, Damian Joseph"	"4"	"78"
"17:10:00"	"2017-11-01"	"Dundalk"	"Shinko Princess (IRE)"	"1.25"	"2.24"	"Maiden"	"1"	"10"	"McDonogh, D P"	"Donoghue, C P"	"5"	"36"
"18:10:00"	"2017-10-31"	"Wolverhampton"	"Tidals Baby"	"1.38"	"2.43"	"Handicap"	"2"	"11"	"Berry, F M"	"Joyce, Adrian Brendan"	"8"	"23"
"17:45:00"	"2017-10-28"	"Wolverhampton"	"Nutini (IRE)"	"1.75"	"2.92"	"Handicap"	"3"	"13"	"Bryan, Joshua"	"Saunders, M S"	"4"	"19"
"20:15:00"	"2017-10-27"	"Wolverhampton"	"Haraz (IRE)"	"6.00"	"8.6"	"Handicap"	"2"	"12"	"Costello, Dougie"	"Osborne, J A"	"4"	"44"
"20:00:00"	"2017-10-27"	"Dundalk"	"Peace Mission (IRE)"	"20.00"	"40"	"Handicap"	"2"	"14"	"Carroll, G F"	"Mullins, Thomas"	"5"	"31"
"20:20:00"	"2017-10-25"	"Kempton"	"Honiara"	"33.00"	"52"	"Handicap"	"12"	"14"	"Morris, Luke"	"Cole, P F I"	"4"	"35"
"20:15:00"	"2017-10-24"	"Kempton"	"Artscape"	"9.00"	"11.65"	"Handicap"	"5"	"11"	"Hornby, Rob"	"Ivory, D K"	"5"	"34"
"19:45:00"	"2017-10-24"	"Kempton"	"Goring (GER)"	"4.50"	"6.54"	"Handicap"	"6"	"11"	"Bishop, Charles"	"Houghton, Eve Johnson"	"5"	"24"
"16:40:00"	"2017-10-22"	"Southwell"	"Appleberry (IRE)"	"14.00"	"18.83"	"Handicap"	"11"	"12"	"Marquand, Tom"	"Appleby, M"	"5"	"4"
"16:40:00"	"2017-10-22"	"Southwell"	"Ayresome Angel"	"5.50"	"7.4"	"Handicap"	"12"	"12"	"Fanning, Joe"	"Mackie, J"	"4"	"25"
"16:10:00"	"2017-10-22"	"Southwell"	"Excellent World (IRE)"	"5.00"	"6.75"	"Handicap"	"4"	"11"	"McHugh, B"	"Coyle, Tony"	"4"	"40"
"16:10:00"	"2017-10-22"	"Southwell"	"Prisom (IRE)"	"6.00"	"8.59"	"Handicap"	"6"	"11"	"Edmunds, Lewis"	"Kelleway, Miss Gay"	"4"	"173"
"15:40:00"	"2017-10-22"	"Southwell"	"Kaaber (USA)"	"7.00"	"8.09"	"Handicap"	"1"	"12"	"Godwin, Mitch"	"Blake, Michael"	"6"	"13"
"15:40:00"	"2017-10-22"	"Southwell"	"George Bailey (IRE)"	"20.00"	"26.79"	"Handicap"	"8"	"12"	"Sullivan, James P"	"France, Suzzanne"	"5"	"68"
"20:15:00"	"2017-10-20"	"Newcastle"	"Manatee Bay"	"33.00"	"48.96"	"Handicap"	"9"	"12"	"Hambling, Miss N"	"Wilson, N"	"7"	"31"
"19:45:00"	"2017-10-20"	"Newcastle"	"Willsy"	"16.00"	"22.91"	"Handicap"	"5"	"13"	"Stott, Kevin"	"Tutty, Mrs K J"	"4"	"23"
"19:45:00"	"2017-10-20"	"Newcastle"	"Sunnua (IRE)"	"18.00"	"25.33"	"Handicap"	"12"	"13"	"Hamilton, Tony"	"Fahey, R A"	"4"	"31"
"19:30:00"	"2017-10-20"	"Dundalk"	"Bluesbreaker (IRE)"	"6.00"	"7.91"	"Handicap"	"4"	"14"	"Foley, Shane"	"English, Damian Joseph"	"5"	"48"
"18:30:00"	"2017-10-20"	"Dundalk"	"Rapid Applause"	"33.00"	"86.07"	"Handicap"	"8"	"14"	"Heffernan, J A"	"OCallaghan, M D"	"5"	"40"
"17:05:00"	"2017-10-18"	"Lingfield"	"Bahamian Heights"	"25.00"	"60"	"Handicap"	"4"	"8"	"Fisher, Jonathan"	"Cowell, R M H"	"6"	"78"
"20:15:00"	"2017-10-17"	"Kempton"	"Rising Sunshine (IRE)"	"40.00"	"57.59"	"Handicap"	"13"	"14"	"Winston, Robert"	"Bradley, J M"	"4"	"50"
"19:45:00"	"2017-10-17"	"Kempton"	"Live Dangerously"	"14.00"	"26.22"	"Handicap"	"11"	"13"	"Carson, William"	"Bridger, J / Cook, R"	"7"	"8"
"19:45:00"	"2017-10-14"	"Kempton"	"Topology"	"8.00"	"10"	"Handicap"	"4"	"14"	"Cummins, Stephen"	"Tuite, Joseph"	"4"	"5"
"20:15:00"	"2017-10-13"	"Kempton"	"Eltezam (IRE)"	"10.00"	"12.5"	"Handicap"	"2"	"12"	"Dobbs, Pat"	"Perrett, Mrs A J"	"4"	"15"
"20:15:00"	"2017-10-12"	"Chelmsford City"	"Dance With Kate"	"33.00"	"120"	"Handicap"	"11"	"14"	"Keenan, Darragh"	"Murphy, Olly"	"6"	"153"
"20:55:00"	"2017-10-11"	"Kempton"	"Locommotion"	"10.00"	"13.5"	"Handicap"	"10"	"12"	"Naseb, Milly"	"Salaman, M"	"5"	"25"
"19:30:00"	"2017-10-10"	"Newcastle"	"First Bombardment"	"14.00"	"20"	"Handicap"	"13"	"14"	"Gray, S A"	"OMeara, D"	"4"	"54"
"18:45:00"	"2017-10-07"	"Wolverhampton"	"King Robert"	"8.00"	"11"	"Handicap"	"7"	"13"	"Eaves, Tom"	"Smart, B"	"4"	"49"
"18:45:00"	"2017-10-07"	"Wolverhampton"	"George Dryden (IRE)"	"33.00"	"56.27"	"Handicap"	"9"	"13"	"Gray, S A"	"Duffield, Mrs A"	"5"	"49"
"19:45:00"	"2017-10-05"	"Chelmsford City"	"Raashdy (IRE)"	"25.00"	"52.77"	"Handicap"	"8"	"12"	"Cox, William"	"Hiatt, P W"	"4"	"42"
"16:35:00"	"2017-10-05"	"Lingfield"	"Fantasy Queen"	"10.00"	"13.5"	"Handicap"	"7"	"9"	"Bishop, Charles"	"Houghton, Eve Johnson"	"4"	"28"
"17:40:00"	"2017-10-03"	"Kempton"	"Dalalah"	"4.00"	"5.1"	"Handicap"	"5"	"10"	"Egan, David"	"Guest, R C"	"4"	"126"
"19:50:00"	"2017-09-30"	"Chelmsford City"	"Abstraction (IRE)"	"40.00"	"55"	"Handicap"	"9"	"10"	"Cosgrave, Pat"	"Moore, J S"	"7"	"7"
"20:45:00"	"2017-09-29"	"Newcastle"	"Sexy Legs"	"10.00"	"16"	"Maiden"	"1"	"8"	"Costello, Dougie"	"Menzies, Rebecca"	"5"	"70"
"16:35:00"	"2017-09-25"	"Kempton"	"Blaine"	"50.00"	"163.34"	"Handicap"	"12"	"12"	"Mackay, Nicky"	"Barr, Brian"	"7"	"16"
"21:15:00"	"2017-09-22"	"Newcastle"	"Mitchum"	"12.00"	"16.09"	"Handicap"	"8"	"13"	"Dennis, Phil"	"Barr, R E"	"8"	"10"
"17:30:00"	"2017-09-22"	"Dundalk"	"Sweetest Taboo (IRE)"	"20.00"	"34.34"	"Handicap"	"14"	"14"	"MacRedmond, Cian"	"McCreery, W"	"6"	"23"
"18:45:00"	"2017-09-21"	"Chelmsford City"	"Q Cee"	"8.00"	"12.39"	"Handicap"	"11"	"11"	"Haynes, Joey"	"Stanford, E V"	"4"	"63"
"20:45:00"	"2017-09-13"	"Kempton"	"Mcdelta"	"20.00"	"31.21"	"Handicap"	"11"	"13"	"Murphy, Timmy"	"Deacon, Geoffrey"	"7"	"19"
"17:45:00"	"2017-09-13"	"Kempton"	"Red Trooper (FR)"	"6.00"	"8.25"	"Claimer"	"1"	"11"	"Gordon, Josephine"	"Baker, George"	"4"	"14"
"21:15:00"	"2017-09-12"	"Newcastle"	"Imperial Legend (IRE)"	"11.00"	"13.5"	"Handicap"	"4"	"12"	"Richardson, Rachel"	"Brown, A D"	"8"	"18"
"21:15:00"	"2017-09-12"	"Newcastle"	"Lotara"	"6.00"	"7.76"	"Handicap"	"5"	"12"	"Dennis, Phil"	"Goldie, J S"	"5"	"14"
"16:35:00"	"2017-09-08"	"Newcastle"	"Vecheka (IRE)"	"40.00"	"65"	"Handicap"	"14"	"14"	"Doyle, Josh"	"Johnson, Kenny"	"6"	"24"
"18:05:00"	"2017-09-05"	"Laytown"	"Silk Cravat"	"1.63"	"2.75"	"Maiden"	"1"	"10"	"Keane, C T"	"Lyons, G M"	"4"	"23"
"18:05:00"	"2017-09-05"	"Laytown"	"Haraz (IRE)"	"5.00"	"7.64"	"Maiden"	"2"	"10"	"Costello, Dougie"	"Osborne, J A"	"4"	"17"
"17:35:00"	"2017-09-05"	"Laytown"	"Red All Star (IRE)"	"4.50"	"6.67"	"Handicap"	"1"	"10"	"Keane, C T"	"Keane, Gerard"	"7"	"39"
"17:35:00"	"2017-09-05"	"Laytown"	"Rosenborg Rider (IRE)"	"2.75"	"3.62"	"Handicap"	"4"	"10"	"McDonogh, D P"	"McGuinness, Adrian"	"4"	"22"
"17:35:00"	"2017-09-05"	"Laytown"	"Annagassan"	"33.00"	"60"	"Handicap"	"8"	"10"	"Heffernan, J A"	"Kinsella, Donal"	"4"	"6"
"20:20:00"	"2017-09-02"	"Chelmsford City"	"Boy In The Bar"	"12.00"	"17.17"	"Handicap"	"4"	"9"	"Gordon, Josephine"	"Williams, Ian"	"6"	"50"
"19:50:00"	"2017-09-02"	"Chelmsford City"	"Fastnet Tempest (IRE)"	"4.00"	"5.7"	"Handicap"	"11"	"15"	"Moore, Ryan"	"Haggas, W J"	"4"	"35"
"20:40:00"	"2017-08-31"	"Wolverhampton"	"Flower Cup"	"3.50"	"6.25"	"Handicap"	"8"	"11"	"Sousa, Silvestre De"	"Dwyer, C A"	"4"	"21"
"20:10:00"	"2017-08-31"	"Wolverhampton"	"Zapper Cass (FR)"	"22.00"	"28.01"	"Handicap"	"8"	"12"	"Curtis, B A"	"Coyle, Tony"	"4"	"26"
"16:15:00"	"2017-08-28"	"Southwell"	"Kodimoor (IRE)"	"12.00"	"17.73"	"Handicap"	"5"	"11"	"Mathers, Patrick"	"Kellett, C N"	"4"	"10"
"14:00:00"	"2017-08-28"	"Southwell"	"Sarabi (OLD)"	"25.00"	"41.31"	"Handicap"	"5"	"10"	"Walsh, R P"	"Dixon, Scott"	"4"	"10"
"16:45:00"	"2017-08-18"	"Dundalk"	"Palavicini Run (IRE)"	"20.00"	"36"	"Handicap"	"10"	"13"	"Hayes, C D"	"Levins, J F"	"4"	"11"
"16:45:00"	"2017-08-18"	"Dundalk"	"Golden Pearl"	"7.00"	"8.6"	"Handicap"	"11"	"13"	"Hoban, Connor"	"Halford, M"	"4"	"41"
"19:50:00"	"2017-08-14"	"Wolverhampton"	"Little Miss Kodi (IRE)"	"25.00"	"33.25"	"Handicap"	"10"	"10"	"Eley, T"	"Loughnane, Daniel Mark"	"4"	"30"
"20:30:00"	"2017-08-10"	"Newcastle"	"Portland Street (IRE)"	"12.00"	"16.27"	"Handicap"	"9"	"14"	"Beasley, Connor"	"Smart, B"	"4"	"26"
"20:00:00"	"2017-08-10"	"Newcastle"	"Beatbybeatbybeat"	"33.00"	"53.14"	"Handicap"	"9"	"14"	"Hardie, Cameron"	"Brittain, Antony"	"4"	"18"
"18:05:00"	"2017-08-09"	"Kempton"	"Sir Compton"	"10.00"	"11"	"Handicap"	"10"	"12"	"Durcan, Ted"	"Kittow, W S"	"4"	"12"
"18:05:00"	"2017-08-09"	"Kempton"	"Tifl"	"12.00"	"17.9"	"Handicap"	"11"	"12"	"Egan, John"	"Main, Mrs H S"	"4"	"19"
"20:50:00"	"2017-08-08"	"Chelmsford City"	"Entertaining Ben"	"10.00"	"14"	"Handicap"	"4"	"9"	"Marsh, Finley"	"Murphy, Amy"	"4"	"38"
"14:05:00"	"2016-12-18"	"Lingfield"	"Best Example (USA)"	"25.00"	"37.15"	"Handicap"	"6"	"10"	"Beschizza,Adam "	"Feilden, Miss J"	"4"	"50"
"15:20:00"	"2016-12-16"	"Newcastle"	"Doc Sportello (IRE)"	"66.00"	"110.96"	"Claimer"	"1"	"7"	"Poulton, Harry"	"West, Adam"	"4"	"228"
"15:20:00"	"2016-12-16"	"Newcastle"	"Intibaah"	"2.25"	"3.8"	"Claimer"	"2"	"7"	"McDonald, P J"	"Baker, George"	"6"	"90"
"15:00:00"	"2016-12-13"	"Southwell"	"Firgrove Bridge (IRE)"	"33.00"	"37.02"	"Handicap"	"9"	"11"	"Powell, Ryan"	"Frost, Kevin"	"4"	"85"
"13:00:00"	"2016-12-13"	"Southwell"	"Vivre La Reve"	"20.00"	"52.37"	"Maiden"	"2"	"8"	"Powell, Ryan"	"Unett, J W"	"4"	"124"
"16:15:00"	"2016-12-10"	"Newcastle"	"Zebelini (IRE)"	"14.00"	"17.67"	"Handicap"	"6"	"12"	"Lundie, K"	"Bowring, S R"	"4"	"67"
"16:45:00"	"2016-11-25"	"Wolverhampton"	"Baileys Pursuit"	"9.00"	"11"	"Handicap"	"2"	"12"	"Hamilton, Tony"	"Kelleway, Miss Gay"	"4"	"72"
"16:15:00"	"2016-11-25"	"Wolverhampton"	"Anieres Boy"	"9.00"	"13.5"	"Handicap"	"10"	"12"	"Stott, Kevin"	"Greenall, O / Guerriero, J"	"4"	"44"
"18:25:00"	"2016-11-24"	"Chelmsford City"	"Falcao (IRE)"	"25.00"	"80.71"	"Handicap"	"12"	"12"	"Murphy, Timmy"	"Butler, John"	"4"	"105"
"16:00:00"	"2016-11-21"	"Chelmsford City"	"Sir Maximilian (IRE)"	"7.00"	"9.22"	"Handicap"	"10"	"12"	"Downing, George"	"Williams, Ian"	"7"	"160"
"19:45:00"	"2016-11-19"	"Wolverhampton"	"Doctor Bong"	"66.00"	"132.66"	"Handicap"	"9"	"11"	"Donohoe, Stephen"	"Harris, Miss G"	"4"	"26"
"15:10:00"	"2016-11-19"	"Lingfield"	"Costa Filey"	"4.50"	"7.55"	"Handicap"	"3"	"9"	"Harley, M"	"Vaughan, E F"	"5"	"52"
"12:20:00"	"2016-11-19"	"Lingfield"	"Aye Aye Skipper (IRE)"	"16.00"	"21.29"	"Handicap"	"5"	"12"	"Crouch, Hector"	"Cunningham-Brown, K O"	"6"	"40"
"17:30:00"	"2016-11-18"	"Dundalk"	"Burn The Boats (IRE)"	"10.00"	"16.26"	"Handicap"	"8"	"14"	"OConnor, Donagh"	"Levins, J F"	"7"	"168"
"17:30:00"	"2016-11-18"	"Dundalk"	"Oneoveryou (IRE)"	"20.00"	"19.66"	"Handicap"	"9"	"14"	"Manning, K J"	"Mahon, S J"	"5"	"40"
"17:30:00"	"2016-11-14"	"Newcastle"	"Slim Chance (IRE)"	"10.00"	"11.84"	"Handicap"	"4"	"9"	"Steward, Louis"	"West, S G"	"7"	"13"
"17:00:00"	"2016-11-14"	"Newcastle"	"Jacksonfire"	"50.00"	"171.62"	"Maiden"	"7"	"7"	"Eaves, Tom"	"Mullineaux, M"	"4"	"21"
"16:30:00"	"2016-11-14"	"Newcastle"	"Savannah Beau"	"8.00"	"12.78"	"Handicap"	"1"	"14"	"Lee, G"	"Jardine, I"	"4"	"50"
"13:25:00"	"2016-11-12"	"Lingfield"	"Mutarakez (IRE)"	"10.00"	"15.5"	"Handicap"	"10"	"12"	"Fortune, Jimmy"	"Meehan, B J"	"4"	"28"
"15:55:00"	"2016-11-10"	"Southwell"	"Pennine Warrior"	"7.50"	"9.4"	"Handicap"	"10"	"11"	"Clarke, Samuel"	"Dixon, Scott"	"5"	"17"
"12:55:00"	"2016-11-10"	"Southwell"	"Unnoticed"	"9.00"	"12.5"	"Handicap"	"3"	"9"	"Kelly, Shane"	"Pears, Ollie"	"4"	"37"
"19:25:00"	"2016-11-09"	"Kempton"	"Dutch Uncle"	"25.00"	"33.25"	"Handicap"	"8"	"13"	"Cosgrave, Pat"	"Dunlop, E A L"	"4"	"116"
"16:55:00"	"2016-11-09"	"Kempton"	"Princess Tansy"	"25.00"	"42.75"	"Handicap"	"4"	"9"	"Marquand, Tom"	"Kelleway, Miss Gay"	"4"	"46"
"19:15:00"	"2016-11-08"	"Newcastle"	"Tinsill"	"9.00"	"12.5"	"Handicap"	"7"	"13"	"Killoran, Sophie"	"Tinkler, N"	"5"	"45"
"18:15:00"	"2016-11-08"	"Newcastle"	"Dragon King (IRE)"	"25.00"	"28.51"	"Handicap"	"2"	"14"	"Mulrennan, Paul"	"Dods, M"	"4"	"53"
"18:15:00"	"2016-11-08"	"Newcastle"	"Zanetto"	"33.00"	"49.12"	"Handicap"	"13"	"14"	"Quinn, Josh"	"Quinn, J J"	"6"	"56"
"16:50:00"	"2016-11-07"	"Newcastle"	"Mops Angel"	"8.50"	"10.97"	"Handicap"	"9"	"13"	"Rawlinson, Ali"	"Appleby, M"	"5"	"76"
"16:50:00"	"2016-11-07"	"Newcastle"	"Free One (IRE)"	"14.00"	"19.64"	"Handicap"	"RR"	"13"	"Hamilton, Tony"	"Furtado, Ivan"	"4"	"6"
"19:55:00"	"2016-11-05"	"Chelmsford City"	"Rubys Day"	"20.00"	"36"	"Handicap"	"9"	"11"	"Cosgrave, Pat"	"Brown, D H"	"7"	"45"
"18:45:00"	"2016-11-05"	"Chelmsford City"	"Cockney Island"	"2.00"	"3.3"	"Maiden"	"5"	"7"	"Cosgrave, Pat"	"McBride, P J"	"4"	"12"
"16:35:00"	"2016-11-05"	"Chelmsford City"	"Keep It Dark"	"10.00"	"14"	"Handicap"	"8"	"8"	"Wibrew, Abbie"	"Knight, W J"	"7"	"24"
"19:20:00"	"2016-11-04"	"Newcastle"	"Tavener"	"40.00"	"52.52"	"Handicap"	"5"	"12"	"Allan, David"	"Griffiths, D C"	"4"	"87"
"17:50:00"	"2016-11-04"	"Newcastle"	"Leonard Thomas"	"3.50"	"5.21"	"Handicap"	"4"	"14"	"Downing, George"	"Carroll, A W"	"6"	"17"
"19:10:00"	"2016-11-01"	"Kempton"	"Townsville"	"20.00"	"24.2"	"Handicap"	"10"	"11"	"Makin, Phillip"	"Dalgleish, Keith"	"4"	"85"
"15:30:00"	"2016-11-01"	"Wolverhampton"	"Seve"	"7.50"	"9.36"	"Handicap"	"7"	"11"	"Kingscote, Richard"	"Dascombe, Tom"	"4"	"38"
"20:40:00"	"2016-10-29"	"Chelmsford City"	"Named Asset"	"25.00"	"34"	"Handicap"	"7"	"9"	"Wood, George"	"Bosley, M R"	"4"	"117"
"18:45:00"	"2016-10-28"	"Newcastle"	"Innocently (IRE)"	"16.00"	"29.24"	"Handicap"	"6"	"14"	"Doyle, Josh"	"OMeara, D"	"5"	"27"
"15:45:00"	"2016-10-27"	"Lingfield"	"Charles Molson"	"14.00"	"17.27"	"Handicap"	"9"	"14"	"Fanning, Joe"	"Chamings, P R"	"5"	"18"
"19:45:00"	"2016-10-26"	"Kempton"	"Major Crispies"	"4.00"	"5.2"	"Handicap"	"2"	"9"	"Baker, George"	"Gask, J R"	"5"	"32"
"19:30:00"	"2016-10-26"	"Dundalk"	"Red All Star (IRE)"	"12.00"	"25"	"Handicap"	"6"	"13"	"Leonard, Killian"	"Keane, Gerard"	"6"	"16"
"19:30:00"	"2016-10-26"	"Dundalk"	"Peace Mission (IRE)"	"16.00"	"20.29"	"Handicap"	"10"	"13"	"Carroll, G F"	"Mullins, Thomas"	"4"	"16"
"19:10:00"	"2016-10-22"	"Chelmsford City"	"Valley of Fire"	"5.00"	"7.8"	"Handicap"	"5"	"15"	"Cosgrave, Pat"	"Haggas, W J"	"4"	"37"
"21:15:00"	"2016-10-20"	"Chelmsford City"	"Single Summit"	"25.00"	"39.07"	"Handicap"	"7"	"9"	"Fox, Kieren"	"Jenkins, J R"	"4"	"99"
"15:30:00"	"2016-10-18"	"Newcastle"	"Duke Cosimo"	"4.50"	"5.7"	"Handicap"	"3"	"9"	"McDonald, P J"	"Herrington,M "	"6"	"12"
"18:35:00"	"2016-10-14"	"Dundalk"	"Dark Alliance (IRE)"	"6.00"	"7.4"	"Handicap"	"2"	"14"	"Smithers, Robert"	"Halford, M"	"5"	"33"
"20:15:00"	"2016-10-11"	"Wolverhampton"	"Pyroclastic (IRE)"	"16.00"	"21"	"Handicap"	"11"	"11"	"Tart, Robert"	"Kent, Nick"	"4"	"22"
"20:45:00"	"2016-10-08"	"Newcastle"	"Pavers Star"	"20.00"	"27.73"	"Handicap"	"9"	"11"	"Vaughan, Jordan"	"Wilson, N"	"7"	"13"
"19:10:00"	"2016-10-07"	"Newcastle"	"Hard To Handel"	"5.00"	"7.8"	"Handicap"	"11"	"13"	"Nolan, D"	"OMeara, D"	"4"	"14"
"20:50:00"	"2016-10-05"	"Kempton"	"Makhfar (IRE)"	"3.50"	"4.57"	"Handicap"	"7"	"12"	"Cosgrave, Pat"	"Morgan, K A"	"5"	"97"
"20:20:00"	"2016-09-30"	"Newcastle"	"Just Us Two (IRE)"	"10.00"	"13.4"	"Handicap"	"3"	"12"	"Doyle, James"	"Cowell, R M H"	"4"	"27"
"20:20:00"	"2016-09-30"	"Newcastle"	"Appleberry (IRE)"	"25.00"	"38"	"Handicap"	"11"	"12"	"Mullen, Andrew"	"Appleby, M"	"4"	"85"
"17:55:00"	"2016-09-29"	"Newcastle"	"Ypres"	"3.00"	"4.4"	"Handicap"	"4"	"9"	"Morris, Luke"	"Ward, Jason"	"7"	"8"
"17:25:00"	"2016-09-29"	"Newcastle"	"Wotnot (IRE)"	"11.00"	"16.3"	"Handicap"	"10"	"10"	"Beasley, Connor"	"Smart, B"	"4"	"27"
"19:10:00"	"2016-09-27"	"Wolverhampton"	"Top Cop"	"18.00"	"19.37"	"Handicap"	"6"	"12"	"Kelly, Shane"	"Harris, R A"	"7"	"75"
"19:45:00"	"2016-09-23"	"Newcastle"	"Totally Magic (IRE)"	"16.00"	"20.7"	"Handicap"	"1"	"12"	"McHugh, B"	"Whitaker, R M"	"4"	"27"
"21:10:00"	"2016-09-21"	"Kempton"	"Swendab (IRE)"	"10.00"	"12.14"	"Handicap"	"6"	"11"	"Mckee, Ciaran"	"Oshea, J G M"	"8"	"44"
"21:10:00"	"2016-09-21"	"Kempton"	"Whaleweigh Station"	"22.00"	"29.15"	"Handicap"	"9"	"11"	"Goncalves, I"	"Jenkins, J R"	"5"	"53"
"14:30:00"	"2016-09-20"	"Lingfield"	"Popeswood (IRE)"	"33.00"	"91.69"	"Handicap"	"10"	"10"	"Fox, Kieren"	"Carter, Lee"	"4"	"27"
"16:40:00"	"2016-09-19"	"Kempton"	"Muir Lodge"	"20.00"	"36"	"Handicap"	"12"	"12"	"Cosgrave, Pat"	"Baker, George"	"5"	"24"
"19:10:00"	"2016-09-17"	"Wolverhampton"	"Sophisticated Heir (IRE)"	"4.00"	"5.38"	"Handicap"	"1"	"9"	"Fanning, Joe"	"Herrington,M "	"6"	"10"
"17:35:00"	"2016-09-13"	"Laytown"	"Clear Focus (IRE)"	"16.00"	"40"	"Non-Handicap"	"3"	"9"	"Lavery, Mr D G"	"McCourt, T G"	"5"	"20"
"15:35:00"	"2016-09-13"	"Laytown"	"Suburban Sky (IRE)"	"12.00"	"16"	"Handicap"	"7"	"10"	"Hussey, M C"	"Rogers, H"	"5"	"20"
"15:05:00"	"2016-09-13"	"Laytown"	"Summersault (IRE)"	"5.00"	"7.61"	"Handicap"	"2"	"10"	"Carson, William"	"Osborne, J A"	"5"	"35"
"16:45:00"	"2016-09-12"	"Kempton"	"Ataman (IRE)"	"8.00"	"8.64"	"Handicap"	"6"	"12"	"Doyle, James"	"Wall, C F"	"4"	"68"
"20:10:00"	"2016-09-08"	"Chelmsford City"	"Long Awaited (IRE)"	"20.00"	"22"	"Handicap"	"8"	"9"	"Killoran, Sophie"	"Dore, C R"	"8"	"12"
"15:00:00"	"2016-09-04"	"Dundalk"	"Blue Bounty"	"66.00"	"208.36"	"Non-Handicap"	"12"	"13"	"Lee, W J"	"Culloty, J H"	"5"	"66"
"17:35:00"	"2016-09-02"	"Newcastle"	"Outlaw Kate (IRE)"	"50.00"	"136.61"	"Handicap"	"13"	"13"	"Hardie, Cameron"	"Mullineaux, M"	"4"	"4"
"14:55:00"	"2016-09-02"	"Newcastle"	"Redalani (IRE)"	"4.50"	"6.14"	"Maiden"	"5"	"7"	"Gibbons, Graham"	"Brown, A D"	"6"	"22"
"14:20:00"	"2016-09-02"	"Newcastle"	"Reflation"	"14.00"	"17.7"	"Handicap"	"2"	"14"	"Beasley, Connor"	"Dods, M"	"4"	"3"
"14:20:00"	"2016-09-02"	"Newcastle"	"Frangarry (IRE)"	"12.00"	"16.5"	"Handicap"	"3"	"14"	"Gibbons, Graham"	"Bailey, A"	"4"	"22"
"14:15:00"	"2016-08-29"	"Newcastle"	"Royal Mezyan (IRE)"	"8.00"	"9.6"	"Handicap"	"6"	"9"	"Fanning, Joe"	"Spiller, Henry"	"5"	"45"
"18:10:00"	"2016-08-23"	"Chelmsford City"	"O Dee"	"12.00"	"18.37"	"Handicap"	"1"	"8"	"Souza, Renato"	"Santos, Jose"	"4"	"127"
"20:50:00"	"2016-08-22"	"Kempton"	"Lolita"	"12.00"	"17.5"	"Handicap"	"2"	"8"	"Tylicki, Frederik"	"Jenkins, J R"	"4"	"31"
"16:10:00"	"2016-08-21"	"Chelmsford City"	"Bahamian Heights"	"6.00"	"7.67"	"Handicap"	"3"	"12"	"Crowley, Jim"	"Cowell, R M H"	"5"	"9"
"16:10:00"	"2016-08-21"	"Chelmsford City"	"Sir Domino (FR)"	"14.00"	"20"	"Handicap"	"4"	"12"	"Baker, George"	"Ryan, K A"	"4"	"22"
"16:10:00"	"2016-08-21"	"Chelmsford City"	"It Must Be Faith"	"6.00"	"7.57"	"Handicap"	"11"	"12"	"Morris, Luke"	"Appleby, M"	"6"	"33"
"15:10:00"	"2016-08-14"	"Dundalk"	"Byzantium"	"12.00"	"16"	"Handicap"	"11"	"12"	"Whelan, R P"	"Lynam, Edward"	"4"	"25"
"14:40:00"	"2016-08-14"	"Dundalk"	"Anonymous Lady (IRE)"	"9.00"	"14.72"	"Non-Handicap"	"5"	"7"	"Dolan, Robbie"	"Keatley, Adrian Paul"	"4"	"25"
"16:40:00"	"2016-08-12"	"Newcastle"	"Johnny B Goode (IRE)"	"3.50"	"5.2"	"Handicap"	"4"	"11"	"Sousa, Silvestre De"	"Dwyer, C A"	"4"	"17"
"16:20:00"	"2016-08-05"	"Wolverhampton"	"Shining Romeo"	"12.00"	"15.13"	"Handicap"	"5"	"8"	"Clark, Tim"	"Quinn, Denis P"	"4"	"36"
"14:20:00"	"2016-08-05"	"Wolverhampton"	"Ershaad (IRE)"	"6.00"	"6.86"	"Handicap"	"4"	"9"	"Bennett, Charlie"	"Harris, S A"	"4"	"57"
"20:40:00"	"2016-08-04"	"Newcastle"	"Viva Verglas (IRE)"	"5.50"	"7.01"	"Handicap"	"2"	"14"	"Tudhope, Daniel"	"Loughnane, Daniel Mark"	"5"	"12"
"18:40:00"	"2015-12-18"	"Wolverhampton"	"Spray Tan"	"7.00"	"8.8"	"Handicap"	"8"	"10"	"Downing, George"	"Carroll, A W"	"5"	"155"
"14:30:00"	"2015-12-15"	"Southwell"	"Oscars Journey"	"7.00"	"9.43"	"Handicap"	"9"	"10"	"Rawlinson, Ali"	"Jenkins, J R"	"5"	"48"
"14:25:00"	"2015-12-09"	"Lingfield"	"Certificate"	"5.00"	"8.04"	"Handicap"	"1"	"10"	"Mitchell, Jack"	"Varian, Roger"	"4"	"100"
"15:00:00"	"2015-12-08"	"Southwell"	"Fuel Injection"	"8.00"	"10.59"	"Handicap"	"14"	"14"	"Lee, G"	"Midgley, P T"	"4"	"66"
"13:30:00"	"2015-12-08"	"Southwell"	"Bon Chance"	"25.00"	"44"	"Handicap"	"9"	"10"	"Lee, G"	"Niven, P D"	"4"	"425"
"15:30:00"	"2015-12-07"	"Lingfield"	"Fujin"	"33.00"	"42"	"Handicap"	"10"	"10"	"Gray, S A"	"Harris, S A"	"4"	"34"
"18:15:00"	"2015-12-05"	"Wolverhampton"	"Mops Angel"	"8.00"	"10"	"Handicap"	"3"	"9"	"Rawlinson, Ali"	"Appleby, M"	"4"	"187"
"19:40:00"	"2015-12-02"	"Kempton"	"Afkar (IRE)"	"3.50"	"5.31"	"Handicap"	"1"	"13"	"Gray, S A"	"Furtado, Ivan"	"7"	"94"
"19:40:00"	"2015-12-02"	"Kempton"	"Blue Bounty"	"10.00"	"12.63"	"Handicap"	"5"	"13"	"Golam, Saleem"	"Tompkins, M H"	"4"	"37"
"17:50:00"	"2015-11-30"	"Kempton"	"Classic Pursuit"	"20.00"	"36.66"	"Handicap"	"6"	"11"	"Twiston-Davies, Mr W"	"Harris, R A"	"4"	"42"
"15:35:00"	"2015-11-26"	"Southwell"	"Mambo Fever"	"20.00"	"27"	"Handicap"	"4"	"13"	"Donohoe, Stephen"	"Griffiths, D C"	"4"	"103"
"18:05:00"	"2015-11-25"	"Dundalk"	"Breezolini"	"14.00"	"28.85"	"Handicap"	"5"	"14"	"Hoban, Connor"	"Kelly, Muredach"	"7"	"22"
"18:05:00"	"2015-11-25"	"Dundalk"	"Count Of Carabass (IRE)"	"33.00"	"55"	"Handicap"	"14"	"14"	"Whelan, R P"	"McLoughlin, Hilary"	"4"	"63"
"14:50:00"	"2015-11-19"	"Lingfield"	"Bahamian Heights"	"14.00"	"17.89"	"Handicap"	"8"	"8"	"Gibbons, Graham"	"Cowell, R M H"	"4"	"96"
"13:15:00"	"2015-11-17"	"Lingfield"	"Fairway To Heaven (IRE)"	"3.00"	"4.55"	"Handicap"	"6"	"11"	"Crowley, Jim"	"Wigham, M"	"6"	"28"
"20:05:00"	"2015-11-13"	"Dundalk"	"Lady Cooper"	"20.00"	"49.65"	"Handicap"	"14"	"14"	"Carroll, G F"	"Martin, W J"	"5"	"31"
"17:15:00"	"2015-11-13"	"Wolverhampton"	"Beautys Forte (IRE)"	"25.00"	"48"	"Handicap"	"12"	"12"	"Fanning, Joe"	"Carroll, D"	"4"	"43"
"17:10:00"	"2015-11-11"	"Kempton"	"Normal Equilibrium"	"4.50"	"6.2"	"Handicap"	"6"	"9"	"Harley, M"	"Cowell, R M H"	"5"	"29"
"19:40:00"	"2015-11-10"	"Wolverhampton"	"Top Cop"	"4.50"	"6.2"	"Handicap"	"4"	"9"	"Morris, Luke"	"Harris, R A"	"6"	"21"
"15:35:00"	"2015-11-09"	"Kempton"	"Made With Love"	"12.00"	"15.54"	"Handicap"	"8"	"11"	"Tudhope, Daniel"	"OMeara, D"	"4"	"46"
"18:40:00"	"2015-11-06"	"Chelmsford City"	"Elusive Guest (FR)"	"12.00"	"15.64"	"Handicap"	"6"	"9"	"Powell, Ryan"	"Margarson, G G"	"4"	"35"
"13:40:00"	"2015-11-03"	"Southwell"	"Age Of Innocence"	"33.00"	"50"	"Handicap"	"10"	"13"	"Cosham, Matthew"	"Shaw, D"	"4"	"48"
"20:20:00"	"2015-10-31"	"Wolverhampton"	"Lami Louis (IRE)"	"20.00"	"32"	"Handicap"	"7"	"8"	"Mulrennan, Paul"	"Semple, I"	"7"	"119"
"15:20:00"	"2015-10-29"	"Lingfield"	"Saucy Minx (IRE)"	"33.00"	"85"	"Non-Handicap"	"4"	"12"	"Crowley, Jim"	"Perrett, Mrs A J"	"5"	"27"
"19:35:00"	"2015-10-28"	"Dundalk"	"Pierre Dor (IRE)"	"25.00"	"45.61"	"Handicap"	"13"	"14"	"Manning, K J"	"Gorman, J T"	"6"	"85"
"19:35:00"	"2015-10-28"	"Dundalk"	"Elusive Sally (IRE)"	"66.00"	"120"	"Handicap"	"14"	"14"	"Coakley, Ross"	"Reilly, Ms Ann R"	"6"	"151"
"14:30:00"	"2015-10-28"	"Chelmsford City"	"Secret Missile"	"33.00"	"76.52"	"Handicap"	"1"	"12"	"Sweeney, Fergus"	"Moore, Gary and Josh"	"5"	"17"
"21:10:00"	"2015-10-24"	"Chelmsford City"	"Humour (IRE)"	"8.00"	"12.36"	"Handicap"	"4"	"9"	"Fox, Kieren"	"Dunnett, Mrs C A"	"4"	"10"
"19:20:00"	"2015-10-23"	"Wolverhampton"	"Supersta"	"5.00"	"7.02"	"Handicap"	"2"	"11"	"Mullen, Andrew"	"Appleby, M"	"4"	"15"
"19:05:00"	"2015-10-23"	"Dundalk"	"Dark Alliance (IRE)"	"5.50"	"7.4"	"Handicap"	"7"	"12"	"Foley, Shane"	"Halford, M"	"4"	"40"
"17:50:00"	"2015-10-23"	"Wolverhampton"	"Vodka Time (IRE)"	"11.00"	"13.5"	"Non-Handicap"	"3"	"13"	"Nason, Jordan"	"Harris, S A"	"4"	"17"
"19:25:00"	"2015-10-22"	"Chelmsford City"	"Excellent Guest"	"10.00"	"12.88"	"Handicap"	"5"	"9"	"Queally, T P"	"Margarson, G G"	"8"	"20"
"18:10:00"	"2015-10-20"	"Wolverhampton"	"King Torus (IRE)"	"11.00"	"14.5"	"Handicap"	"1"	"9"	"Tudhope, Daniel"	"OMeara, D"	"7"	"27"
"18:15:00"	"2015-10-17"	"Wolverhampton"	"Redalani (IRE)"	"11.00"	"14.5"	"Maiden"	"10"	"10"	"Winston, Robert"	"Brown, A D"	"5"	"11"
"20:15:00"	"2015-10-14"	"Kempton"	"Lady Horatia"	"25.00"	"32"	"Handicap"	"2"	"11"	"Costello, Dougie"	"Muir, W R"	"4"	"14"
"18:00:00"	"2015-10-09"	"Dundalk"	"Spring Up (IRE)"	"66.00"	"447.07"	"Maiden Claimer"	"12"	"12"	"Foley, Shane"	"Cotter, Kieran P"	"6"	"457"
"20:55:00"	"2015-10-07"	"Kempton"	"Dylans Centenary"	"20.00"	"31.99"	"Handicap"	"5"	"13"	"Killoran, Sophie"	"Simcock, D M"	"4"	"48"
"20:30:00"	"2015-10-03"	"Wolverhampton"	"The Hooded Claw (IRE)"	"6.50"	"8.82"	"Handicap"	"12"	"13"	"Sousa, Silvestre De"	"Crisford, Simon"	"4"	"49"
"18:35:00"	"2015-10-02"	"Dundalk"	"Aye Aye Skipper (IRE)"	"12.00"	"18"	"Handicap"	"2"	"14"	"OConnor, Donagh"	"Levins, J F"	"5"	"9"
"18:10:00"	"2015-09-30"	"Kempton"	"Red Cossack (CAN)"	"14.00"	"23.69"	"Handicap"	"1"	"13"	"Carson, William"	"Webber, P R"	"4"	"95"
"18:10:00"	"2015-09-30"	"Kempton"	"Tychaios"	"12.00"	"15.55"	"Handicap"	"2"	"13"	"Golam, Saleem"	"Williams, S C"	"5"	"75"
"18:10:00"	"2015-09-30"	"Kempton"	"Shamahan"	"20.00"	"35.89"	"Handicap"	"9"	"13"	"Mahon, Gary"	"Hughes, Richard"	"6"	"53"
"17:40:00"	"2015-09-29"	"Wolverhampton"	"Orbit The Moon (IRE)"	"16.00"	"23.74"	"Handicap"	"11"	"12"	"Shepherd, Callum"	"Harris, Miss G"	"7"	"32"
"18:45:00"	"2015-09-26"	"Chelmsford City"	"Secret Missile"	"33.00"	"40.27"	"Handicap"	"2"	"9"	"Cosgrave, Pat"	"Moore, Gary and Josh"	"5"	"112"
"15:50:00"	"2015-09-22"	"Lingfield"	"Dovils Duel (IRE)"	"50.00"	"71.76"	"Handicap"	"6"	"12"	"Murphy, Oisin"	"Millman, B R"	"4"	"29"
"18:40:00"	"2015-09-19"	"Wolverhampton"	"Slim Chance (IRE)"	"22.00"	"26.01"	"Handicap"	"9"	"12"	"Rawlinson, Ali"	"West, S G"	"6"	"4"
"18:40:00"	"2015-09-19"	"Wolverhampton"	"Ypres"	"7.00"	"8.8"	"Handicap"	"12"	"12"	"Murphy, Timmy"	"Ward, Jason"	"6"	"11"
"19:40:00"	"2015-09-10"	"Chelmsford City"	"Tancred (IRE)"	"8.00"	"11.83"	"Handicap"	"13"	"13"	"Turner, Hayley"	"Dore, C R"	"4"	"6"
"16:45:00"	"2015-09-10"	"Laytown"	"Clear Focus (IRE)"	"5.00"	"6.36"	"Handicap"	"3"	"10"	"Keane, C T"	"McCourt, T G"	"4"	"15"
"16:10:00"	"2015-09-10"	"Laytown"	"Oor Jock (IRE)"	"4.00"	"6.55"	"Handicap"	"4"	"10"	"McDonogh, D P"	"McGuinness, Adrian"	"7"	"15"
"16:10:00"	"2015-09-10"	"Laytown"	"Red All Star (IRE)"	"16.00"	"20.51"	"Handicap"	"5"	"10"	"Foley, Shane"	"Martin, Patrick"	"5"	"15"
"16:10:00"	"2015-09-10"	"Laytown"	"Count Of Carabass (IRE)"	"7.00"	"8.13"	"Handicap"	"9"	"10"	"Lynch, A E"	"McLoughlin, Hilary"	"4"	"28"
"14:40:00"	"2015-09-06"	"Dundalk"	"Fast In The Wind (IRE)"	"14.00"	"20"	"Handicap"	"8"	"8"	"Hayes, C D"	"Deegan, P D"	"4"	"14"
"14:10:00"	"2015-09-06"	"Dundalk"	"Ask Dad"	"20.00"	"26.71"	"Handicap"	"9"	"12"	"OConnor, Donagh"	"English, Damian Joseph"	"5"	"11"
"17:15:00"	"2015-09-05"	"Kempton"	"Zeshov (IRE)"	"12.00"	"14.76"	"Handicap"	"7"	"10"	"Havlin, Robert"	"Noseda, J"	"4"	"36"
"21:15:00"	"2015-09-03"	"Chelmsford City"	"Moneypennie"	"16.00"	"36"	"Handicap"	"10"	"10"	"Turner, Hayley"	"Tregoning, M P"	"4"	"404"
"18:45:00"	"2015-08-27"	"Wolverhampton"	"Our Grey Lady"	"20.00"	"32.66"	"Handicap"	"10"	"11"	"While, Mr R"	"Turner, W G M"	"4"	"14"
"15:20:00"	"2015-08-26"	"Lingfield"	"Head Space (IRE)"	"7.00"	"10.5"	"Handicap"	"6"	"8"	"Hornby, Rob"	"Attwater, M J"	"7"	"18"
"20:10:00"	"2015-08-19"	"Kempton"	"Spirit Raiser (IRE)"	"3.50"	"6.27"	"Handicap"	"1"	"11"	"Turner, Hayley"	"Fanshawe, J R"	"4"	"32"
"19:40:00"	"2015-08-19"	"Kempton"	"Jacquotte Delahaye"	"25.00"	"34.66"	"Handicap"	"1"	"8"	"Eaves, Tom"	"Brown, D H"	"4"	"11"
"19:20:00"	"2015-08-18"	"Chelmsford City"	"Zanetto"	"6.00"	"9.5"	"Handicap"	"9"	"14"	"Murphy, Oisin"	"Balding, A M"	"5"	"17"
"18:20:00"	"2015-08-18"	"Chelmsford City"	"Hong Kong Joe"	"5.00"	"7.48"	"Handicap"	"3"	"13"	"Greatrex, Edward"	"Richards, Mrs L"	"5"	"14"
"17:15:00"	"2015-08-18"	"Kempton"	"Tancred (IRE)"	"7.00"	"8.43"	"Handicap"	"7"	"9"	"Crowley, Jim"	"Dore, C R"	"4"	"3"
"18:25:00"	"2015-08-17"	"Chelmsford City"	"Lucky Clover"	"2.75"	"4.1"	"Handicap"	"3"	"7"	"Gannon, Catherine"	"Saunders, M S"	"4"	"12"
"18:25:00"	"2015-08-17"	"Chelmsford City"	"Synonym (ITY)"	"8.00"	"11"	"Handicap"	"5"	"7"	"Elliott, Jane"	"Appleby, M"	"4"	"6"
"14:40:00"	"2015-08-16"	"Dundalk"	"Fast In The Wind (IRE)"	"9.00"	"10.69"	"Non-Handicap"	"5"	"8"	"Donovan, Philip"	"Deegan, P D"	"4"	"9"
"17:10:00"	"2015-08-07"	"Lingfield"	"Incantare"	"50.00"	"232"	"Handicap"	"3"	"11"	"Cremin, D"	"Allen, Jim"	"5"	"6"
"16:30:00"	"2015-08-06"	"Wolverhampton"	"Bison Grass"	"20.00"	"27"	"Handicap"	"8"	"12"	"Beschizza,Adam "	"Bravery, G C"	"5"	"5"
"14:15:00"	"2014-12-28"	"Lingfield"	"Vincentti (IRE)"	"8.00"	"11.5"	"Handicap"	"12"	"12"	"Probert, David"	"Harris, R A"	"4"	"117"
"19:40:00"	"2014-12-27"	"Wolverhampton"	"Spoken Words"	"28.00"	"48"	"Handicap"	"1"	"9"	"Beasley, Connor"	"Riches, John"	"5"	"79"
"15:50:00"	"2014-12-22"	"Kempton"	"Time And Place"	"12.00"	"15"	"Handicap"	"2"	"10"	"Kelly, Shane"	"Fahey, R A"	"4"	"191"
"19:15:00"	"2014-12-18"	"Kempton"	"Linton (AUS)"	"2.75"	"4.2"	"Non-Handicap"	"3"	"6"	"Morris, Luke"	"Botti, M"	"8"	"47"
"17:20:00"	"2014-12-16"	"Kempton"	"Gladsome"	"66.00"	"132.34"	"Handicap"	"8"	"9"	"Mahon, Gary"	"Humphrey, Mrs S J"	"6"	"76"
"15:35:00"	"2014-12-13"	"Southwell"	"Only For You"	"50.00"	"139.83"	"Handicap"	"10"	"10"	"Winston, Robert"	"Brown, A D"	"4"	"57"
"12:00:00"	"2014-12-09"	"Southwell"	"Showtime Star"	"10.00"	"13"	"Claimer"	"1"	"13"	"Egan, John"	"Kelleway, Miss Gay"	"4"	"103"
"14:40:00"	"2014-12-08"	"Kempton"	"Lightnin Hopkins (IRE)"	"25.00"	"40.25"	"Handicap"	"10"	"10"	"Kirby, Adam"	"Butler, John"	"4"	"115"
"19:25:00"	"2014-11-27"	"Kempton"	"Dominate"	"20.00"	"32"	"Handicap"	"7"	"12"	"Hardie, Cameron"	"Hannon (Jnr), Richard"	"4"	"22"
"15:40:00"	"2014-11-25"	"Southwell"	"Laughing Rock (IRE)"	"8.00"	"9.6"	"Handicap"	"5"	"9"	"Rawlinson, Ali"	"Appleby, M"	"4"	"20"
"16:35:00"	"2014-11-24"	"Wolverhampton"	"Comrade Bond"	"18.00"	"22"	"Handicap"	"7"	"10"	"Clark, Tim"	"Tompkins, M H"	"6"	"23"
"20:45:00"	"2014-11-22"	"Wolverhampton"	"Idyllic Star (IRE)"	"20.00"	"28"	"Claimer"	"6"	"7"	"Fanning, Joe"	"Goldie, J S"	"5"	"18"
"16:10:00"	"2014-11-21"	"Wolverhampton"	"Spowarticus"	"6.00"	"7.4"	"Handicap"	"1"	"12"	"Harris, Russell"	"Dixon, Scott"	"5"	"95"
"15:00:00"	"2014-11-19"	"Lingfield"	"Habeshia"	"1.75"	"2.9"	"Handicap"	"1"	"12"	"Morris, Luke"	"Bell, M L W"	"4"	"75"
"14:30:00"	"2014-11-19"	"Lingfield"	"Lewamy (IRE)"	"2.00"	"3.02"	"Handicap"	"5"	"12"	"Morris, Luke"	"Bell, M L W"	"4"	"75"
"13:10:00"	"2014-11-18"	"Southwell"	"Sadiigah"	"40.00"	"55.28"	"Handicap"	"9"	"12"	"Lane, Martin"	"Feilden, Miss J"	"4"	"13"
"14:35:00"	"2014-11-15"	"Lingfield"	"Niceofyoutotellme"	"7.00"	"10.56"	"Non-Handicap"	"10"	"11"	"Levey, S M"	"Beckett, R M"	"5"	"49"
"19:40:00"	"2014-11-12"	"Dundalk"	"Versilia Gal (IRE)"	"10.00"	"14.22"	"Handicap"	"6"	"8"	"King, Connor"	"Martin, Patrick"	"4"	"25"
"18:10:00"	"2014-11-07"	"Wolverhampton"	"Foxtrot Romeo (IRE)"	"3.50"	"4.77"	"Handicap"	"1"	"12"	"Harley, M"	"Botti, M"	"5"	"48"
"18:10:00"	"2014-11-07"	"Wolverhampton"	"Ballesteros"	"20.00"	"32"	"Handicap"	"12"	"12"	"Hamilton, Tony"	"Fahey, R A"	"5"	"13"
"19:10:00"	"2014-11-06"	"Wolverhampton"	"Appease"	"50.00"	"74.58"	"Claimer"	"7"	"12"	"Queally, T P"	"Butler, John"	"5"	"132"
"19:10:00"	"2014-11-05"	"Kempton"	"Flemish School"	"25.00"	"43.16"	"Non-Handicap"	"5"	"8"	"Lee, G"	"Elsworth, D R C"	"4"	"40"
"15:20:00"	"2014-11-03"	"Wolverhampton"	"Tagula Night (IRE)"	"33.00"	"40.31"	"Handicap"	"5"	"10"	"Norton, Francis"	"Ivory, D K"	"8"	"17"
"19:40:00"	"2014-10-31"	"Dundalk"	"Mamma Rosa (IRE)"	"5.50"	"7.2"	"Handicap"	"6"	"12"	"ODonoghue, C"	"Flynn, Patrick J"	"6"	"13"
"16:55:00"	"2014-10-31"	"Wolverhampton"	"Harry Bosch"	"14.00"	"18.23"	"Handicap"	"8"	"8"	"Phillips, Keely-Jo"	"Kelleway, Miss Gay"	"4"	"39"
"17:30:00"	"2014-10-30"	"Kempton"	"Secondo (FR)"	"12.00"	"15.5"	"Handicap"	"3"	"12"	"Hanagan, Paul"	"Stephens, Robert"	"4"	"69"
"14:50:00"	"2014-10-30"	"Lingfield"	"Gifted Girl (IRE)"	"8.00"	"10.06"	"Non-Handicap"	"7"	"11"	"Queally, T P"	"Cole, P F I"	"5"	"34"
"17:10:00"	"2014-10-28"	"Wolverhampton"	"Here Now And Why (IRE)"	"8.00"	"10.21"	"Handicap"	"8"	"10"	"Costello, Dougie"	"Semple, I"	"7"	"29"
"21:25:00"	"2014-10-22"	"Kempton"	"Sannibel"	"12.00"	"20.35"	"Non-Handicap"	"5"	"11"	"Tart, Robert"	"Bridgwater, D G"	"6"	"15"
"16:20:00"	"2014-10-21"	"Wolverhampton"	"Foxy Forever (IRE)"	"10.00"	"12.54"	"Handicap"	"3"	"13"	"Atzeni, Andrea"	"Wigham, M"	"4"	"17"
"21:20:00"	"2014-10-10"	"Wolverhampton"	"Eastlands Lad (IRE)"	"40.00"	"71.56"	"Handicap"	"11"	"12"	"Eaves, Tom"	"Hammond, Micky"	"5"	"79"
"17:45:00"	"2014-10-10"	"Wolverhampton"	"Realize"	"2.00"	"3.07"	"Handicap"	"1"	"12"	"Doyle, James"	"Morrison, H"	"4"	"27"
"18:20:00"	"2014-10-03"	"Wolverhampton"	"Head Space (IRE)"	"7.50"	"9"	"Claimer"	"7"	"11"	"Sullivan, James P"	"Carr, Mrs R A"	"6"	"27"
"17:50:00"	"2014-10-03"	"Wolverhampton"	"My Time"	"33.00"	"46"	"Handicap"	"10"	"12"	"Eaves, Tom"	"Mullineaux, M"	"5"	"52"
"21:15:00"	"2014-10-02"	"Kempton"	"Tidals Baby"	"16.00"	"22.83"	"Handicap"	"8"	"12"	"Mullen, Andrew"	"Appleby, M"	"5"	"31"
"20:20:00"	"2014-09-30"	"Wolverhampton"	"Logans Lad (IRE)"	"3.00"	"4.2"	"Handicap"	"3"	"13"	"McDonald, Frankie"	"Loughnane, Daniel Mark"	"4"	"6"
"21:20:00"	"2014-09-24"	"Kempton"	"Assertive Agent"	"8.00"	"12.17"	"Handicap"	"9"	"12"	"Probert, David"	"Carroll, A W"	"4"	"53"
"17:40:00"	"2014-09-18"	"Kempton"	"Buzz Law (IRE)"	"25.00"	"42"	"Handicap"	"9"	"12"	"Probert, David"	"Weymes, J R"	"6"	"30"
"15:30:00"	"2014-09-15"	"Wolverhampton"	"Major Muscari (IRE)"	"3.50"	"5.1"	"Handicap"	"6"	"13"	"Harley, M"	"Harris, S A"	"6"	"62"
"17:45:00"	"2014-09-10"	"Kempton"	"Chelwood Gate (IRE)"	"10.00"	"11"	"Claimer"	"7"	"10"	"Keniry, L P"	"Chamings, P R"	"4"	"26"
"14:20:00"	"2014-09-07"	"Dundalk"	"Elusive Sally (IRE)"	"12.00"	"19.46"	"Handicap"	"7"	"13"	"Hayes, C D"	"Reilly, Ms Ann R"	"5"	"34"
"14:20:00"	"2014-09-07"	"Dundalk"	"Times In Anatefka (IRE)"	"7.00"	"8.93"	"Handicap"	"8"	"13"	"Downey, R P"	"Joyce, Adrian Brendan"	"4"	"109"
"20:20:00"	"2014-09-06"	"Wolverhampton"	"Racy"	"14.00"	"17.5"	"Handicap"	"8"	"12"	"Carberry, Megan"	"Ellison, B"	"7"	"17"
"14:55:00"	"2014-09-06"	"Kempton"	"Loving Spirit"	"16.00"	"16.67"	"Handicap"	"7"	"16"	"Tart, Robert"	"Toller, J A R"	"6"	"56"
"20:40:00"	"2014-09-04"	"Wolverhampton"	"Hit The Lights (IRE)"	"10.00"	"12.5"	"Handicap"	"6"	"10"	"Morris, Luke"	"Chamings, P R"	"4"	"33"
"15:40:00"	"2014-09-04"	"Laytown"	"Acting Talent (USA)"	"8.00"	"10.5"	"Maiden"	"3"	"10"	"McCullagh, N G"	"Grassick, M C"	"4"	"7"
"15:05:00"	"2014-09-04"	"Laytown"	"Elusive Gent (IRE)"	"12.00"	"15.13"	"Handicap"	"6"	"10"	"Roche, L F"	"Keatley, Adrian Paul"	"7"	"13"
"15:05:00"	"2014-09-04"	"Laytown"	"Big Bad Lily (IRE)"	"4.50"	"6.62"	"Handicap"	"9"	"10"	"Foley, Shane"	"Condon, K J"	"6"	"21"
"14:35:00"	"2014-09-04"	"Laytown"	"City Of Culture (IRE)"	"9.00"	"12.88"	"Handicap"	"3"	"10"	"Lee, W J"	"McCreery, W"	"6"	"30"
"14:35:00"	"2014-09-04"	"Laytown"	"Scatty Cat (IRE)"	"7.00"	"11"	"Handicap"	"10"	"10"	"Berry, F M"	"Feane, John James"	"4"	"316"
"20:50:00"	"2014-09-02"	"Kempton"	"Front Page News"	"6.00"	"8.08"	"Handicap"	"1"	"8"	"Atzeni, Andrea"	"Eddery, Robert"	"4"	"11"
"20:50:00"	"2014-09-02"	"Kempton"	"Green Monkey"	"12.00"	"17.5"	"Handicap"	"4"	"8"	"Turner, Hayley"	"Fanshawe, J R"	"4"	"15"
"20:00:00"	"2014-08-29"	"Wolverhampton"	"Time For Crabbies (IRE)"	"50.00"	"172.25"	"Handicap"	"12"	"12"	"Ffrench, Royston"	"Williamson, Mrs L"	"4"	"19"
"18:00:00"	"2014-08-27"	"Lingfield"	"Evident (IRE)"	"5.00"	"6.8"	"Handicap"	"5"	"8"	"Fortune, Jimmy"	"Noseda, J"	"4"	"13"
"21:20:00"	"2014-08-26"	"Wolverhampton"	"Aaranyow (IRE)"	"10.00"	"16.06"	"Handicap"	"4"	"10"	"Quinn, Jimmy"	"Lines, Clifford"	"6"	"10"
"19:20:00"	"2014-08-26"	"Wolverhampton"	"Carrera"	"9.00"	"12.25"	"Handicap"	"3"	"11"	"Shoemark, Kieran"	"Blanshard, M"	"4"	"10"
"19:20:00"	"2014-08-26"	"Wolverhampton"	"Queen Hermione (IRE)"	"33.00"	"60"	"Handicap"	"9"	"11"	"Swift, Mr Dale"	"Shaw, D"	"6"	"14"
"20:50:00"	"2014-08-21"	"Wolverhampton"	"Majestic Dream (IRE)"	"4.50"	"6.24"	"Handicap"	"9"	"11"	"Cosgrave, Pat"	"Easterby, M W"	"6"	"27"
"19:20:00"	"2014-08-21"	"Wolverhampton"	"Dennis"	"6.00"	"8.58"	"Handicap"	"8"	"13"	"Sousa, Silvestre De"	"Easterby, T D"	"4"	"14"
"18:50:00"	"2014-08-21"	"Wolverhampton"	"Gottcher"	"20.00"	"46.35"	"Handicap"	"9"	"10"	"Eaves, Tom"	"Semple, I"	"6"	"30"
"20:20:00"	"2014-08-18"	"Wolverhampton"	"Bapak Muda (USA)"	"3.50"	"4.43"	"Handicap"	"10"	"11"	"Callan, N"	"Ryan, K A"	"4"	"3"
"18:05:00"	"2014-08-12"	"Lingfield"	"Little Indian"	"10.00"	"12.67"	"Handicap"	"6"	"8"	"Brock, Danny"	"Jenkins, J R"	"4"	"17"
"20:35:00"	"2014-08-07"	"Southwell"	"Moss Hill"	"33.00"	"70"	"Handicap"	"12"	"12"	"Haynes, Joey"	"Ward, Jason"	"5"	"72"
"21:10:00"	"2014-08-06"	"Kempton"	"Kingswinford (IRE)"	"25.00"	"34"	"Handicap"	"6"	"12"	"Aspell, P"	"Norton, J R"	"8"	"14"
"13:40:00"	"2013-12-26"	"Wolverhampton"	"Masamah (IRE)"	"3.50"	"5.07"	"Non-Handicap"	"2"	"4"	"Aspell, P"	"Botti, M"	"7"	"82"
"15:30:00"	"2013-12-17"	"Southwell"	"Dreaming Of Rubies"	"25.00"	"46"	"Handicap"	"7"	"11"	"Lee, G"	"Haslam, B M R"	"4"	"108"
"19:45:00"	"2013-12-13"	"Dundalk"	"Lilys Star (IRE)"	"33.00"	"127.5"	"Handicap"	"9"	"10"	"Cleary, R P"	"Rogers, H"	"6"	"89"
"14:00:00"	"2013-12-13"	"Southwell"	"My Single Malt (IRE)"	"20.00"	"28.89"	"Handicap"	"5"	"13"	"McHugh, B"	"Camacho, Miss J A"	"5"	"94"
"15:00:00"	"2013-12-10"	"Southwell"	"Mousie"	"50.00"	"171.74"	"Handicap"	"11"	"11"	"Teasdale, Shirley"	"McCabe, A J"	"4"	"109"
"14:00:00"	"2013-12-10"	"Southwell"	"Bedloes Island (IRE)"	"33.00"	"55.76"	"Handicap"	"1"	"14"	"Harley, M"	"McCabe, A J"	"8"	"142"
"13:00:00"	"2013-12-10"	"Southwell"	"King Vahe (IRE)"	"66.00"	"160.22"	"Claimer"	"10"	"10"	"Ingram, Rhiain B"	"Maylam, Miss Olivia"	"4"	"115"
"12:45:00"	"2013-12-06"	"Lingfield"	"Royal Award"	"25.00"	"48"	"Claimer"	"5"	"5"	"Mackay, Jamie"	"Portman, J G"	"4"	"51"
"20:20:00"	"2013-11-30"	"Wolverhampton"	"Tellovoi (IRE)"	"33.00"	"46.89"	"Handicap"	"9"	"12"	"Donohoe, Stephen"	"Williams, Ian"	"5"	"21"
"17:50:00"	"2013-11-30"	"Wolverhampton"	"My Time"	"6.00"	"7.8"	"Maiden"	"4"	"5"	"Stones, Lewis"	"Mullineaux, M"	"4"	"147"
"19:05:00"	"2013-11-28"	"Kempton"	"Tagula Night (IRE)"	"16.00"	"22.17"	"Handicap"	"11"	"12"	"Sweeney, Fergus"	"Ivory, D K"	"7"	"45"
"19:50:00"	"2013-11-23"	"Wolverhampton"	"Sam Nombulist"	"4.00"	"5.7"	"Claimer"	"5"	"6"	"Lee, G"	"Semple, I"	"5"	"14"
"19:50:00"	"2013-11-22"	"Dundalk"	"Regal Power"	"7.00"	"8.23"	"Non-Handicap"	"6"	"10"	"Torrens, Simon"	"Murtagh, J P"	"4"	"68"
"19:00:00"	"2013-11-19"	"Wolverhampton"	"Celestial Bay"	"33.00"	"43.22"	"Handicap"	"9"	"9"	"Morris, Luke"	"Kirk, S"	"4"	"62"
"15:40:00"	"2013-11-19"	"Southwell"	"Orwellian"	"20.00"	"27.9"	"Handicap"	"5"	"12"	"Coumbe, Mark"	"Smart, B"	"4"	"32"
"15:40:00"	"2013-11-19"	"Southwell"	"Fair Bunny"	"50.00"	"93.75"	"Handicap"	"UR"	"12"	"Havlin, Robert"	"Brown, A D"	"6"	"60"
"16:00:00"	"2013-11-18"	"Wolverhampton"	"Creek Falcon (IRE)"	"2.25"	"3.27"	"Seller"	"4"	"6"	"Tudhope, Daniel"	"OMeara, D"	"4"	"51"
"16:00:00"	"2013-11-18"	"Wolverhampton"	"Bachelor Knight (IRE)"	"100.00"	"380.39"	"Seller"	"5"	"6"	"Vaughan, Jordan"	"France, Suzzanne"	"5"	"110"
"21:20:00"	"2013-11-16"	"Wolverhampton"	"Solemn"	"6.00"	"8.16"	"Handicap"	"3"	"11"	"Kingscote, Richard"	"Bradley, J M"	"8"	"26"
"21:20:00"	"2013-11-16"	"Wolverhampton"	"Falasteen (IRE)"	"22.00"	"32.6"	"Handicap"	"11"	"11"	"Catlin, Chris"	"Bradley, J M"	"6"	"166"
"17:50:00"	"2013-11-16"	"Wolverhampton"	"Tukitinyasok (IRE)"	"25.00"	"36"	"Handicap"	"6"	"11"	"Sullivan, James P"	"Mulhall, C A"	"6"	"29"
"15:05:00"	"2013-11-15"	"Lingfield"	"Chiswick Bey (IRE)"	"20.00"	"30.18"	"Handicap"	"3"	"10"	"Quinn, Josh"	"Fahey, R A"	"5"	"13"
"16:20:00"	"2013-11-14"	"Kempton"	"Fen Flyer"	"50.00"	"186.47"	"Maiden"	"3"	"7"	"Aspell, P"	"Berry, John"	"4"	"503"
"15:50:00"	"2013-11-14"	"Southwell"	"Flash City (ITY)"	"14.00"	"22"	"Handicap"	"9"	"9"	"Chaloner, G"	"Smart, B"	"5"	"29"
"19:45:00"	"2013-11-13"	"Dundalk"	"Pierre Dor (IRE)"	"20.00"	"22.47"	"Handicap"	"5"	"8"	"Hussey, M C"	"Gorman, J T"	"4"	"29"
"16:50:00"	"2013-11-13"	"Kempton"	"Silken Express (IRE)"	"8.00"	"10"	"Handicap"	"3"	"10"	"Levey, S M"	"Cowell, R M H"	"4"	"144"
"16:50:00"	"2013-11-12"	"Wolverhampton"	"Camache Queen (IRE)"	"12.00"	"21"	"Handicap"	"6"	"8"	"ONeill, K T"	"Tuite, Joseph"	"5"	"22"
"16:50:00"	"2013-11-12"	"Wolverhampton"	"Song Of Parkes"	"12.00"	"17.06"	"Handicap"	"7"	"8"	"OHara, Slade"	"Grayson, Peter"	"6"	"43"
"18:45:00"	"2013-11-08"	"Dundalk"	"Chillie Billie"	"16.00"	"25"	"Handicap"	"3"	"14"	"Hayes, C D"	"Larkin, J"	"4"	"20"
"18:45:00"	"2013-11-08"	"Dundalk"	"Sujet Bellagio"	"16.00"	"27.59"	"Handicap"	"14"	"14"	"Cleary, R P"	"English, Damian Joseph"	"4"	"79"
"16:15:00"	"2013-11-08"	"Wolverhampton"	"Lexis Hero (IRE)"	"16.00"	"24"	"Handicap"	"3"	"11"	"Twiston-Davies, Mr W"	"Morris, Patrick"	"5"	"92"
"18:20:00"	"2013-11-07"	"Wolverhampton"	"Queens Princess"	"80.00"	"391.59"	"Maiden"	"9"	"9"	"Carter, Adam"	"Wainwright, J S"	"5"	"135"
"14:50:00"	"2013-11-07"	"Lingfield"	"Strategic Action (IRE)"	"33.00"	"24.04"	"Handicap"	"5"	"10"	"Havlin, Robert"	"Jewell, Mrs L C"	"4"	"24"
"14:20:00"	"2013-11-07"	"Lingfield"	"Catflap (IRE)"	"16.00"	"24.33"	"Handicap"	"9"	"10"	"Jessop, Rosie"	"Jones, D Haydn"	"4"	"54"
"19:30:00"	"2013-11-06"	"Kempton"	"Common Touch (IRE)"	"16.00"	"23"	"Handicap"	"1"	"10"	"Fallon, K"	"Musson, W J"	"5"	"18"
"19:30:00"	"2013-11-05"	"Kempton"	"Saskias Dream"	"16.00"	"21.27"	"Handicap"	"6"	"12"	"Harley, M"	"Chapple-Hyam, Jane"	"5"	"41"
"19:30:00"	"2013-11-05"	"Kempton"	"Piazza San Pietro"	"10.00"	"12.5"	"Handicap"	"9"	"12"	"Atzeni, Andrea"	"Davison, Miss Z C"	"7"	"74"
"14:15:00"	"2013-11-04"	"Wolverhampton"	"Verus Delicia (IRE)"	"7.50"	"12"	"Handicap"	"5"	"13"	"Kelly, Shane"	"Stimpson, J T"	"4"	"40"
"19:40:00"	"2013-11-01"	"Dundalk"	"Gatamalata (IRE)"	"6.00"	"7.6"	"Handicap"	"4"	"13"	"Foley, Shane"	"Murphy, Joseph G"	"5"	"13"
"16:20:00"	"2013-10-31"	"Lingfield"	"Interakt"	"50.00"	"130"	"Handicap"	"11"	"12"	"Curtis, Ned"	"Tuite, Joseph"	"6"	"43"
"19:10:00"	"2013-10-29"	"Wolverhampton"	"Staff Sergeant"	"28.00"	"44.39"	"Handicap"	"7"	"8"	"Garritty, Jack"	"Jardine, I"	"6"	"14"
"17:10:00"	"2013-10-29"	"Wolverhampton"	"Jungle Bay"	"9.00"	"11.5"	"Handicap"	"3"	"10"	"Durcan, Ted"	"Chapple-Hyam, Jane"	"6"	"34"
"19:45:00"	"2013-10-26"	"Wolverhampton"	"Alakhan (IRE)"	"2.00"	"3.15"	"Claimer"	"1"	"8"	"Sousa, Silvestre De"	"Williams, Ian"	"7"	"31"
"20:10:00"	"2013-10-24"	"Wolverhampton"	"First Class Favour (IRE)"	"16.00"	"24"	"Handicap"	"7"	"9"	"Allan, David"	"Easterby, T D"	"5"	"22"
"19:40:00"	"2013-10-22"	"Kempton"	"Bank On Me"	"5.50"	"7.8"	"Handicap"	"7"	"12"	"Carson, William"	"McBride, P J"	"4"	"25"
"17:25:00"	"2013-10-18"	"Wolverhampton"	"Hot Sugar (USA)"	"12.00"	"16.77"	"Handicap"	"3"	"12"	"Muscutt, D"	"Appleby, M"	"4"	"16"
"17:25:00"	"2013-10-18"	"Wolverhampton"	"Amis Reunis"	"10.00"	"13.18"	"Handicap"	"6"	"12"	"Hibberd, Jordan"	"Berry, A"	"4"	"4"
"17:45:00"	"2013-10-16"	"Lingfield"	"Darnathean"	"25.00"	"31.12"	"Handicap"	"11"	"11"	"Twiston-Davies, Mr W"	"DArcy, P W"	"4"	"57"
"15:35:00"	"2013-10-16"	"Lingfield"	"Fever Few"	"20.00"	"28"	"Claimer"	"4"	"12"	"Barzalona, Mickael"	"Chapple-Hyam, Jane"	"4"	"28"
"18:40:00"	"2013-10-15"	"Kempton"	"Captain Scooby"	"16.00"	"22.14"	"Handicap"	"3"	"11"	"Fitzpatrick, Robbie"	"Guest, R C"	"7"	"10"
"18:40:00"	"2013-10-15"	"Kempton"	"Ryan Style (IRE)"	"25.00"	"41.06"	"Handicap"	"10"	"11"	"Hitchcott, Sam"	"Williamson, Mrs L"	"7"	"43"
"20:10:00"	"2013-10-03"	"Wolverhampton"	"Arabian Star (IRE)"	"14.00"	"18.95"	"Claimer"	"4"	"5"	"Twiston-Davies, Mr W"	"McCabe, A J"	"5"	"23"
"18:10:00"	"2013-10-03"	"Wolverhampton"	"One Last Dream"	"16.00"	"22"	"Handicap"	"5"	"11"	"Lee, G"	"Hodges, R J"	"4"	"27"
"20:00:00"	"2013-09-28"	"Wolverhampton"	"West Coast Dream"	"16.00"	"23"	"Handicap"	"5"	"11"	"Coumbe, Mark"	"Brotherton, R"	"6"	"55"
"18:00:00"	"2013-09-28"	"Wolverhampton"	"R Woody"	"8.00"	"10.11"	"Claimer"	"1"	"9"	"Lane, Martin"	"Cowell, R M H"	"6"	"11"
"18:40:00"	"2013-09-27"	"Wolverhampton"	"Jakes Destiny (IRE)"	"0.67"	"1.72"	"Seller"	"2"	"5"	"Cosgrave, Pat"	"Baker, George"	"4"	"9"
"20:30:00"	"2013-09-25"	"Kempton"	"Game All (IRE)"	"10.00"	"13.5"	"Handicap"	"1"	"12"	"Dwyer, Martin"	"Palmer, Hugo"	"4"	"13"
"17:50:00"	"2013-09-21"	"Wolverhampton"	"Christopher Chua (IRE)"	"12.00"	"15"	"Handicap"	"11"	"11"	"Bishop, Charles"	"Scudamore, M J"	"4"	"138"
"20:10:00"	"2013-09-20"	"Wolverhampton"	"Brown Volcano (IRE)"	"25.00"	"36.69"	"Handicap"	"10"	"11"	"Morris, Luke"	"Oshea, J G M"	"4"	"44"
"18:10:00"	"2013-09-20"	"Wolverhampton"	"Bunce (IRE)"	"7.00"	"10.36"	"Claimer"	"4"	"10"	"Fallon, K"	"OMeara, D"	"5"	"14"
"18:10:00"	"2013-09-20"	"Wolverhampton"	"Portrush Storm"	"40.00"	"78.75"	"Claimer"	"6"	"10"	"Probert, David"	"Peacock, R E"	"8"	"17"
"20:45:00"	"2013-09-18"	"Kempton"	"Tagula Night (IRE)"	"9.00"	"11.33"	"Handicap"	"6"	"10"	"Hughes, Richard"	"Ivory, D K"	"7"	"25"
"18:30:00"	"2013-09-14"	"Kempton"	"Chez Vrony"	"25.00"	"38.54"	"Handicap"	"8"	"13"	"Carson, William"	"Morris, D"	"7"	"25"
"18:30:00"	"2013-09-14"	"Kempton"	"Squirrel Wood (IRE)"	"14.00"	"19.07"	"Handicap"	"12"	"13"	"Baker, George"	"Hambro, Mrs Mary"	"5"	"28"
"19:30:00"	"2013-09-12"	"Wolverhampton"	"Spirit Of Dixie"	"28.00"	"38.56"	"Handicap"	"11"	"12"	"Jones, Mr A T"	"McCabe, A J"	"6"	"20"
"14:50:00"	"2013-09-08"	"Dundalk"	"Big Bad Lily (IRE)"	"4.50"	"6.6"	"Handicap"	"7"	"9"	"Foley, Shane"	"Condon, K J"	"5"	"57"
"14:50:00"	"2013-09-08"	"Dundalk"	"La Canaada (IRE)"	"6.00"	"7.54"	"Handicap"	"8"	"9"	"OBrien, J P"	"Stack, Gerard"	"5"	"46"
"21:05:00"	"2013-09-07"	"Wolverhampton"	"Lady Cricketer"	"50.00"	"140"	"Handicap"	"9"	"10"	"Eaton, Natasha"	"Squance, M D"	"4"	"13"
"17:20:00"	"2013-09-07"	"Kempton"	"Signor Sassi"	"14.00"	"16.5"	"Handicap"	"4"	"13"	"Spencer, Jamie"	"Knight, W J"	"4"	"39"
"19:10:00"	"2013-09-05"	"Kempton"	"Dream Catcher (FR)"	"10.00"	"12.98"	"Handicap"	"2"	"12"	"Gannon, Catherine"	"Candy, H"	"5"	"19"
"19:10:00"	"2013-09-05"	"Kempton"	"Appointee (IRE)"	"20.00"	"36.9"	"Handicap"	"12"	"12"	"Buick, William"	"Cowell, R M H"	"4"	"25"
"19:00:00"	"2013-09-04"	"Kempton"	"Four Winds"	"2.00"	"3.1"	"Claimer"	"1"	"7"	"Jones, Liam"	"Cowell, R M H"	"7"	"28"
"16:55:00"	"2013-09-03"	"Laytown"	"Merry Mast (USA)"	"11.00"	"12.67"	"Maiden"	"4"	"10"	"Lee, W J"	"Slattery, Andrew"	"4"	"52"
"16:20:00"	"2013-09-03"	"Laytown"	"Ucanchoose (IRE)"	"5.50"	"6.15"	"Handicap"	"2"	"10"	"McDonogh, D P"	"Slattery, Andrew"	"7"	"10"
"16:20:00"	"2013-09-03"	"Laytown"	"Ellell Duke (IRE)"	"16.00"	"20.37"	"Handicap"	"10"	"10"	"McNamara, E J"	"Fahey, Seamus"	"4"	"394"
"21:20:00"	"2013-08-29"	"Kempton"	"Noble Citizen (USA)"	"7.00"	"8"	"Handicap"	"2"	"14"	"Spencer, Jamie"	"Simcock, D M"	"8"	"4"
"18:50:00"	"2013-08-28"	"Southwell"	"Captain Scooby"	"14.00"	"23.96"	"Handicap"	"4"	"13"	"Prince,Mr P "	"Guest, R C"	"7"	"28"
"18:50:00"	"2013-08-28"	"Southwell"	"R Woody"	"10.00"	"12.2"	"Handicap"	"9"	"13"	"Fallon, K"	"Cowell, R M H"	"6"	"23"
"19:15:00"	"2013-08-27"	"Southwell"	"Coach Montana (IRE)"	"11.00"	"17.17"	"Handicap"	"5"	"12"	"Tylicki, Frederik"	"Chapple-Hyam, Jane"	"4"	"61"
"19:15:00"	"2013-08-27"	"Southwell"	"Kings n Dreams"	"12.00"	"17.57"	"Handicap"	"9"	"12"	"Morris, Luke"	"Ivory, D K"	"6"	"14"
"18:50:00"	"2013-08-22"	"Wolverhampton"	"Camache Queen (IRE)"	"16.00"	"20"	"Handicap"	"8"	"13"	"Keniry, L P"	"Tuite, Joseph"	"5"	"10"
"17:15:00"	"2013-08-18"	"Dundalk"	"Blackthorn Stick (IRE)"	"9.00"	"14.7"	"Handicap"	"14"	"14"	"King, Connor"	"Pierce, Paul Martin"	"4"	"13"
"14:10:00"	"2013-08-18"	"Dundalk"	"Sujet Bellagio"	"66.00"	"170.65"	"Non-Handicap"	"7"	"8"	"Carberry, Megan"	"English, Damian Joseph"	"4"	"13"
"15:20:00"	"2013-08-09"	"Lingfield"	"Sarah Berry"	"20.00"	"34.96"	"Handicap"	"3"	"9"	"Golam, Saleem"	"Dwyer, C A"	"4"	"13"
"16:55:00"	"2013-08-08"	"Southwell"	"Enchanted Dream"	"16.00"	"17.17"	"Handicap"	"9"	"9"	"Dwyer, Martin"	"Griffiths, D C"	"5"	"13"
"14:00:00"	"2012-12-20"	"Lingfield"	"Quasi Congaree (GER)"	"33.00"	"60"	"Handicap"	"9"	"10"	"Fanning, Joe"	"Fitzsimons, P"	"6"	"153"
"19:20:00"	"2012-12-05"	"Kempton"	"Huzzah (IRE)"	"16.00"	"21"	"Handicap"	"3"	"13"	"Quinn, Jimmy"	"Howling, P"	"7"	"51"
"17:50:00"	"2012-12-05"	"Kempton"	"Madame Kintyre"	"33.00"	"71.17"	"Handicap"	"6"	"11"	"Millman, Mr P"	"Millman, B R"	"4"	"126"
"18:55:00"	"2012-11-30"	"Wolverhampton"	"Cool Marble (IRE)"	"10.00"	"12.39"	"Handicap"	"7"	"8"	"Keniry, L P"	"Gask, J R"	"5"	"95"
"17:45:00"	"2012-11-30"	"Dundalk"	"One Of Three (IRE)"	"20.00"	"47.47"	"Handicap"	"4"	"14"	"Carroll, G F"	"Mulvany, Michael"	"6"	"41"
"15:35:00"	"2012-11-24"	"Lingfield"	"Kings n Dreams"	"8.00"	"10.69"	"Handicap"	"7"	"12"	"Crowley, Jim"	"Ivory, D K"	"5"	"40"
"16:10:00"	"2012-11-22"	"Kempton"	"Ertikaan"	"1.75"	"3"	"Claimer"	"1"	"6"	"Morris, Luke"	"Harris, R A"	"5"	"31"
"18:30:00"	"2012-11-21"	"Kempton"	"Sirius Prospect (USA)"	"8.00"	"10.75"	"Non-Handicap"	"3"	"13"	"Lee, G"	"Ivory, D K"	"4"	"11"
"14:30:00"	"2012-11-21"	"Lingfield"	"Head Of Steam (USA)"	"10.00"	"13.01"	"Handicap"	"4"	"11"	"Lee, G"	"Perrett, Mrs A J"	"5"	"26"
"12:50:00"	"2012-11-20"	"Southwell"	"Northern Bolt"	"28.00"	"66.99"	"Handicap"	"14"	"14"	"Mathers, Patrick"	"McInnes, I W"	"7"	"22"
"17:45:00"	"2012-11-16"	"Wolverhampton"	"Monte Mayor One"	"20.00"	"30"	"Handicap"	"10"	"12"	"Morris, Luke"	"Burke, Mrs K"	"5"	"73"
"17:15:00"	"2012-11-16"	"Wolverhampton"	"Besty"	"7.00"	"8.6"	"Handicap"	"13"	"13"	"Spencer, Jamie"	"Midgley, P T"	"5"	"17"
"16:55:00"	"2012-11-15"	"Kempton"	"Homeboy (IRE)"	"20.00"	"27"	"Maiden"	"3"	"6"	"Scallan, Katia"	"Tregoning, M P"	"4"	"5"
"12:20:00"	"2012-11-15"	"Southwell"	"Shoshoni Wind"	"25.00"	"32.67"	"Handicap"	"9"	"11"	"Burke, Julie"	"Ryan, K A"	"4"	"26"
"17:25:00"	"2012-11-14"	"Kempton"	"Ajjaadd (USA)"	"14.00"	"25"	"Handicap"	"3"	"12"	"Twiston-Davies, Mr W"	"Powell, T E"	"6"	"18"
"17:25:00"	"2012-11-14"	"Kempton"	"Move In Time"	"7.00"	"8.19"	"Handicap"	"10"	"12"	"Eaves, Tom"	"Smart, B"	"4"	"18"
"20:30:00"	"2012-11-09"	"Dundalk"	"Khelino (IRE)"	"14.00"	"19.11"	"Handicap"	"1"	"14"	"Lee, W J"	"Sweeney, Rodger"	"4"	"20"
"19:00:00"	"2012-11-09"	"Dundalk"	"Fleet Captain"	"10.00"	"12.69"	"Handicap"	"6"	"14"	"Whelan, R P"	"Foley, Jane M"	"4"	"450"
"16:10:00"	"2012-11-08"	"Lingfield"	"Tom Sawyer"	"6.50"	"8.19"	"Handicap"	"4"	"10"	"Lee, G"	"Camacho, Miss J A"	"4"	"33"
"19:30:00"	"2012-11-06"	"Wolverhampton"	"Ceto"	"50.00"	"100.41"	"Handicap"	"10"	"11"	"Kirby, Adam"	"McEntee, P S"	"5"	"14"
"16:10:00"	"2012-11-06"	"Southwell"	"Fairy Mist (IRE)"	"12.00"	"14.81"	"Handicap"	"3"	"9"	"Fenton, Micky"	"Rothwell, B S"	"5"	"134"
"15:40:00"	"2012-11-06"	"Southwell"	"Finefrenzyrolling (IRE)"	"16.00"	"24.83"	"Maiden"	"7"	"12"	"Metcalfe, Michael"	"Burke, Mrs K"	"4"	"139"
"15:40:00"	"2012-11-06"	"Southwell"	"Island Express (IRE)"	"150.00"	"262.97"	"Maiden"	"9"	"12"	"Stokell, Ann"	"Stokell, Miss A"	"5"	"1252"
"13:45:00"	"2012-11-05"	"Wolverhampton"	"Amosite"	"20.00"	"38.61"	"Handicap"	"9"	"13"	"Tylicki, Frederik"	"Jenkins, J R"	"6"	"62"
"18:15:00"	"2012-10-27"	"Wolverhampton"	"Full Shilling (IRE)"	"33.00"	"68.86"	"Handicap"	"4"	"11"	"Jones, Liam"	"Spearing, J L"	"4"	"18"
"18:15:00"	"2012-10-27"	"Wolverhampton"	"Alive And Kicking"	"16.00"	"19.46"	"Handicap"	"11"	"11"	"Quinn, Jimmy"	"Bethell, J D"	"4"	"49"
"20:00:00"	"2012-10-26"	"Dundalk"	"Roicead (USA)"	"25.00"	"42.87"	"Non-Handicap"	"DSQ"	"14"	"McDonogh, D P"	"McCreery, W"	"5"	"44"
"17:10:00"	"2012-10-25"	"Southwell"	"Rafella (IRE)"	"16.00"	"19.22"	"Handicap"	"6"	"12"	"Garbutt, Noel"	"Scudamore, M J"	"4"	"16"
"20:50:00"	"2012-10-24"	"Kempton"	"Ongoodform (IRE)"	"33.00"	"46.23"	"Handicap"	"9"	"13"	"Steward, Louis"	"DArcy, P W"	"5"	"88"
"21:20:00"	"2012-10-20"	"Wolverhampton"	"Stylistickhill (IRE)"	"8.50"	"10.43"	"Handicap"	"1"	"12"	"Morris, Luke"	"Dixon, Scott"	"4"	"40"
"20:00:00"	"2012-10-19"	"Dundalk"	"Dotada (IRE)"	"33.00"	"107.19"	"Handicap"	"6"	"12"	"Brennan, I J"	"Casey, Peter"	"7"	"426"
"19:50:00"	"2012-10-19"	"Wolverhampton"	"Crucis Abbey (IRE)"	"33.00"	"44.27"	"Non-Handicap"	"5"	"12"	"Jones, Liam"	"Brisbourne, W M"	"4"	"71"
"14:00:00"	"2012-10-18"	"Wolverhampton"	"Ryan Style (IRE)"	"10.00"	"14.02"	"Handicap"	"2"	"13"	"Makin, Phillip"	"Williamson, Mrs L"	"6"	"3"
"14:00:00"	"2012-10-18"	"Wolverhampton"	"Berberana (IRE)"	"20.00"	"25.43"	"Handicap"	"11"	"13"	"Souza, Renato"	"Gask, J R"	"4"	"22"
"21:10:00"	"2012-10-17"	"Kempton"	"Too Much Trouble"	"25.00"	"57.87"	"Handicap"	"7"	"13"	"Morris, Luke"	"Vaughan, E F"	"6"	"11"
"19:20:00"	"2012-10-16"	"Wolverhampton"	"Diman Waters (IRE)"	"28.00"	"41.64"	"Handicap"	"9"	"10"	"Harrison, Kelly"	"Alston, E J"	"5"	"17"
"21:00:00"	"2012-10-10"	"Kempton"	"Catalyze"	"28.00"	"48"	"Handicap"	"11"	"14"	"Coumbe, Mark"	"Smith, C"	"4"	"16"
"18:00:00"	"2012-10-09"	"Wolverhampton"	"Poppy Golightly"	"100.00"	"270.37"	"Claimer"	"6"	"9"	"Farley, Neil"	"Carroll, D"	"5"	"28"
"16:30:00"	"2012-10-08"	"Wolverhampton"	"Shahzan (IRE)"	"7.00"	"8.45"	"Handicap"	"5"	"11"	"Callan, N"	"Varian, Roger"	"4"	"113"
"16:00:00"	"2012-10-08"	"Wolverhampton"	"Haajes"	"16.00"	"29"	"Handicap"	"5"	"12"	"Fenton, Micky"	"Midgley, P T"	"8"	"14"
"15:30:00"	"2012-10-08"	"Wolverhampton"	"Circuitous"	"6.00"	"8"	"Handicap"	"10"	"12"	"Lee, G"	"Dalgleish, Keith"	"4"	"27"
"14:00:00"	"2012-10-08"	"Wolverhampton"	"Gap Princess (IRE)"	"33.00"	"61.42"	"Handicap"	"8"	"12"	"Ffrench, Royston"	"Harker, G A"	"8"	"27"
"18:15:00"	"2012-10-05"	"Wolverhampton"	"Irish Boy (IRE)"	"40.00"	"104.3"	"Claimer"	"12"	"13"	"Curtis, Ned"	"Midgley, P T"	"4"	"16"
"18:10:00"	"2012-10-04"	"Wolverhampton"	"Iceblast"	"12.00"	"16.5"	"Handicap"	"1"	"13"	"Simmonson, D M"	"Easterby, M W"	"4"	"24"
"18:40:00"	"2012-10-03"	"Kempton"	"Big Sur"	"25.00"	"37.48"	"Handicap"	"12"	"13"	"Clark, Ryan"	"Keddy, T"	"6"	"474"
"17:40:00"	"2012-10-03"	"Kempton"	"Perfect Honour (IRE)"	"6.00"	"9.64"	"Handicap"	"1"	"11"	"Carson, William"	"Jordan, V M"	"6"	"60"
"19:50:00"	"2012-09-29"	"Wolverhampton"	"Whozthecat (IRE)"	"8.00"	"9.58"	"Handicap"	"1"	"11"	"Fanning, Joe"	"Carroll, D"	"5"	"17"
"19:50:00"	"2012-09-29"	"Wolverhampton"	"Blue Jack"	"8.50"	"11.5"	"Handicap"	"6"	"11"	"Sanders, Seb"	"McCabe, A J"	"7"	"21"
"19:50:00"	"2012-09-29"	"Wolverhampton"	"Secret Millionaire (IRE)"	"20.00"	"55.12"	"Handicap"	"10"	"11"	"Downing, George"	"Carroll, A W"	"5"	"34"
"19:30:00"	"2012-09-28"	"Dundalk"	"Guess Who (IRE)"	"16.00"	"25.14"	"Handicap"	"5"	"14"	"Hussey, M C"	"McCreery, Peter"	"4"	"50"
"21:20:00"	"2012-09-26"	"Kempton"	"Sermons Mount (USA)"	"5.50"	"7.05"	"Handicap"	"3"	"8"	"Guillambert, J-P"	"Howling, P"	"6"	"13"
"21:20:00"	"2012-09-26"	"Kempton"	"Cliffords Reprieve"	"8.00"	"10.99"	"Handicap"	"5"	"8"	"Morris, Luke"	"Wheeler, E A"	"4"	"39"
"18:10:00"	"2012-09-20"	"Kempton"	"Carpentras"	"20.00"	"36"	"Handicap"	"6"	"14"	"Holland, Darryll"	"Scargill, Dr J D"	"4"	"58"
"17:45:00"	"2012-09-19"	"Kempton"	"Abadejo"	"11.00"	"14.89"	"Maiden"	"5"	"7"	"Sweeney, Fergus"	"Jenkins, J R"	"4"	"17"
"15:30:00"	"2012-09-17"	"Wolverhampton"	"Kakapuka"	"14.00"	"19.62"	"Handicap"	"8"	"12"	"Mongan, Ian"	"Murphy, Anabel K"	"5"	"13"
"21:20:00"	"2012-09-15"	"Kempton"	"Flameoftheforest (IRE)"	"8.00"	"9.34"	"Handicap"	"4"	"14"	"Ahern, Eddie"	"De Giles, Ed"	"5"	"22"
"19:20:00"	"2012-09-15"	"Kempton"	"Mulberry Brite"	"33.00"	"55"	"Handicap"	"11"	"14"	"Pashai, Semira"	"Lidderdale, A J"	"4"	"8"
"20:50:00"	"2012-09-13"	"Wolverhampton"	"Media Jury"	"50.00"	"120"	"Handicap"	"7"	"12"	"Lundie, K"	"Wainwright, J S"	"5"	"19"
"20:20:00"	"2012-09-13"	"Wolverhampton"	"Ballinargh Girl (IRE)"	"8.50"	"9.94"	"Handicap"	"6"	"11"	"Fanning, Joe"	"McCormick, Danielle"	"4"	"20"
"18:50:00"	"2012-09-13"	"Wolverhampton"	"Supreme Spirit (IRE)"	"6.00"	"7.45"	"Handicap"	"6"	"9"	"Hughes, Richard"	"Makin, P J"	"5"	"10"
"16:40:00"	"2012-09-13"	"Laytown"	"Thats A Fret (IRE)"	"14.00"	"21.51"	"Handicap"	"3"	"10"	"McNamara, E J"	"McAteer, Liam"	"6"	"28"
"17:45:00"	"2012-09-12"	"Kempton"	"Saskias Dream"	"7.00"	"8.4"	"Handicap"	"3"	"13"	"Havlin, Robert"	"Chapple-Hyam, Jane"	"4"	"31"
"19:00:00"	"2012-09-08"	"Wolverhampton"	"Court Applause (IRE)"	"25.00"	"29.32"	"Handicap"	"4"	"12"	"Norton, Francis"	"Muir, W R"	"4"	"46"
"18:50:00"	"2012-08-28"	"Southwell"	"Itum"	"20.00"	"22.96"	"Handicap"	"5"	"14"	"Doyle, Brett"	"Dunnett, Mrs C A"	"5"	"11"
"16:40:00"	"2012-08-19"	"Dundalk"	"Jouster (IRE)"	"8.00"	"15.84"	"Handicap"	"11"	"14"	"Berry, F M"	"OCallaghan, M D"	"4"	"10"
"20:35:00"	"2012-08-15"	"Kempton"	"Afkar (IRE)"	"5.00"	"6.23"	"Handicap"	"2"	"9"	"Sanders, Seb"	"Brittain, C E"	"4"	"128"
"19:45:00"	"2012-08-15"	"Southwell"	"Coastal Passage"	"16.00"	"28.37"	"Handicap"	"10"	"12"	"Fitzpatrick, Robbie"	"Smith, C"	"4"	"89"
"19:40:00"	"2012-08-13"	"Wolverhampton"	"Missile Attack (IRE)"	"2.00"	"3.43"	"Maiden"	"3"	"8"	"Whillans, Garry"	"Semple, I"	"4"	"2"
"18:40:00"	"2012-08-13"	"Wolverhampton"	"Rufus Stone (USA)"	"5.50"	"6.8"	"Handicap"	"11"	"11"	"Spencer, Jamie"	"Chapple-Hyam, Jane"	"4"	"17"
"20:10:00"	"2012-08-09"	"Southwell"	"Gadobout Dancer"	"8.00"	"9.6"	"Handicap"	"4"	"11"	"Kelly, S B"	"Coyle, Tony"	"5"	"8"
"19:05:00"	"2012-08-09"	"Southwell"	"Just For Mary"	"14.00"	"24.02"	"Seller"	"5"	"11"	"Craine, S J"	"Loughnane, Daniel Mark"	"8"	"9"
"17:10:00"	"2012-08-07"	"Wolverhampton"	"Al Mayasah (IRE)"	"9.00"	"12.13"	"Handicap"	"2"	"8"	"Haynes, Alice"	"Simcock, D M"	"4"	"17"
"21:20:00"	"2012-08-06"	"Wolverhampton"	"Isingy Red (FR)"	"12.00"	"16.89"	"Handicap"	"3"	"11"	"Fanning, Joe"	"Boyle, J R"	"4"	"44"
"15:15:00"	"2011-12-31"	"Lingfield"	"Amosite"	"5.50"	"6.2"	"Handicap"	"2"	"11"	"Tylicki, Frederik"	"Jenkins, J R"	"5"	"106"
"14:20:00"	"2011-12-19"	"Wolverhampton"	"Royal Box"	"28.00"	"37.97"	"Handicap"	"6"	"13"	"Lewis, Miss S"	"Burchell, D"	"4"	"83"
"16:15:00"	"2011-12-18"	"Kempton"	"Cottonfields (USA)"	"25.00"	"32"	"Handicap"	"10"	"10"	"Culhane, Tony"	"Main, Mrs H S"	"5"	"485"
"14:30:00"	"2011-12-15"	"Southwell"	"Dimaire"	"16.00"	"18.24"	"Claimer"	"4"	"4"	"McDonald, Frankie"	"Jones, D Haydn"	"4"	"52"
"15:30:00"	"2011-12-13"	"Southwell"	"Gordy Bee (USA)"	"20.00"	"19.6"	"Handicap"	"6"	"8"	"Eddery, Charles"	"Guest, R C"	"5"	"188"
"14:35:00"	"2011-12-09"	"Southwell"	"Gorgeous Goblin (IRE)"	"4.50"	"5.97"	"Handicap"	"2"	"10"	"Bishop, Charles"	"Griffiths, D C"	"4"	"177"
"14:30:00"	"2011-12-06"	"Southwell"	"Sophies Beau (USA)"	"150.00"	"546.44"	"Claimer"	"13"	"13"	"Atzeni, Andrea"	"Chapman, M C"	"4"	"43"
"18:30:00"	"2011-12-02"	"Dundalk"	"Angels Pursuit (IRE)"	"5.00"	"6.4"	"Non-Handicap"	"1"	"14"	"Foley, Shane"	"Marnane, David"	"4"	"125"
"18:30:00"	"2011-11-30"	"Kempton"	"Masked Dance (IRE)"	"9.00"	"10.81"	"Handicap"	"10"	"10"	"Queally, T P"	"Nicholls, D"	"4"	"25"
"15:45:00"	"2011-11-23"	"Lingfield"	"Chicamia"	"16.00"	"29"	"Handicap"	"11"	"13"	"Garbutt, Noel"	"Mullineaux, M"	"7"	"50"
"14:45:00"	"2011-11-23"	"Lingfield"	"Land Hawk (IRE)"	"25.00"	"40"	"Handicap"	"3"	"13"	"Pearce, Simon"	"Pearce, Mrs Lydia"	"5"	"523"
"13:40:00"	"2011-11-22"	"Southwell"	"Rio Caribe (IRE)"	"100.00"	"250"	"Maiden"	"11"	"12"	"Fitzpatrick, Robbie"	"Thompson, D W"	"4"	"493"
"13:10:00"	"2011-11-22"	"Southwell"	"Ezra Church (IRE)"	"3.50"	"5"	"Handicap"	"8"	"10"	"Gibbons, Graham"	"Barron, T D"	"4"	"197"
"18:15:00"	"2011-11-18"	"Wolverhampton"	"Yanbu (USA)"	"4.50"	"6.2"	"Handicap"	"10"	"10"	"Atzeni, Andrea"	"Coles, T B P"	"6"	"119"
"15:20:00"	"2011-11-15"	"Southwell"	"Horatio Carter"	"25.00"	"29.37"	"Handicap"	"8"	"14"	"Morgan, Ashley"	"OMeara, D"	"6"	"25"
"12:50:00"	"2011-11-15"	"Southwell"	"Frognal (IRE)"	"25.00"	"27"	"Handicap"	"11"	"13"	"Butler, Robert L"	"Guest, R C"	"5"	"11"
"12:20:00"	"2011-11-15"	"Southwell"	"Transmit (IRE)"	"9.00"	"11.46"	"Handicap"	"4"	"13"	"Fentiman, Duran"	"Easterby, T D"	"4"	"14"
"14:10:00"	"2011-11-14"	"Wolverhampton"	"Colamandis"	"80.00"	"275.08"	"Maiden"	"6"	"7"	"Allan, David"	"McWilliams, H A"	"4"	"54"
"15:20:00"	"2011-11-12"	"Lingfield"	"Taajub (IRE)"	"40.00"	"97.58"	"Handicap"	"11"	"12"	"Sanders, Seb"	"Crate, Peter"	"4"	"119"
"17:15:00"	"2011-11-11"	"Wolverhampton"	"Sandwith"	"20.00"	"29.9"	"Handicap"	"6"	"12"	"Bartley, Gary"	"Foster, A G"	"8"	"16"
"14:50:00"	"2011-11-10"	"Southwell"	"Captain Scooby"	"12.00"	"18.6"	"Handicap"	"6"	"13"	"Hart, Jason"	"Guest, R C"	"5"	"44"
"12:50:00"	"2011-11-10"	"Southwell"	"Spirit Of Dixie"	"50.00"	"101.78"	"Handicap"	"8"	"12"	"Eaton, Natasha"	"Wilson, N"	"4"	"9"
"16:00:00"	"2011-11-09"	"Southwell"	"Sands Of Dee (USA)"	"10.00"	"14.33"	"Handicap"	"6"	"13"	"Cray, Billy"	"Nicholls, D"	"4"	"14"
"18:40:00"	"2011-11-04"	"Wolverhampton"	"Adam De Beaulieu (USA)"	"18.00"	"22"	"Handicap"	"5"	"9"	"Makin, Phillip"	"Haslam, B M R"	"4"	"97"
"18:10:00"	"2011-11-04"	"Wolverhampton"	"Berbice (IRE)"	"11.00"	"15"	"Handicap"	"1"	"12"	"Hanagan, Paul"	"Perratt, Miss L A"	"6"	"9"
"15:40:00"	"2011-11-03"	"Southwell"	"Chardonnay Star (IRE)"	"100.00"	"191.67"	"Handicap"	"12"	"14"	"Allan, David"	"Teague, C J"	"4"	"20"
"20:10:00"	"2011-11-02"	"Kempton"	"Spring Buck (IRE)"	"33.00"	"46"	"Handicap"	"12"	"12"	"Catlin, Chris"	"Cole, P F I"	"6"	"23"
"18:20:00"	"2011-10-29"	"Wolverhampton"	"Caledonia Princess"	"16.00"	"20.45"	"Handicap"	"1"	"13"	"Tylicki, Frederik"	"Hughes, Jo"	"5"	"28"
"21:00:00"	"2011-10-27"	"Kempton"	"Belinsky (IRE)"	"3.33"	"4.4"	"Handicap"	"2"	"9"	"Hanagan, Paul"	"Campion, Mark"	"4"	"9"
"19:50:00"	"2011-10-21"	"Wolverhampton"	"Commerce"	"20.00"	"21.52"	"Handicap"	"6"	"12"	"Baker, George"	"Moore, Gary and Josh"	"4"	"23"
"20:10:00"	"2011-10-20"	"Wolverhampton"	"Quarrel (USA)"	"4.50"	"5.94"	"Handicap"	"8"	"11"	"Hanagan, Paul"	"Haggas, W J"	"4"	"10"
"18:15:00"	"2011-10-14"	"Dundalk"	"Thats A Fret (IRE)"	"25.00"	"46.3"	"Handicap"	"8"	"14"	"Hussey, M C"	"McAteer, Liam"	"5"	"19"
"17:50:00"	"2011-10-14"	"Wolverhampton"	"Haadeeth"	"11.00"	"14"	"Handicap"	"1"	"13"	"Chaloner, G"	"Fahey, R A"	"4"	"29"
"18:00:00"	"2011-10-07"	"Dundalk"	"Snaefell (IRE)"	"16.00"	"26.07"	"Non-Handicap"	"7"	"14"	"Foley, Shane"	"Halford, M"	"7"	"12"
"19:50:00"	"2011-10-06"	"Wolverhampton"	"Honest And True (IRE)"	"9.00"	"11.61"	"Handicap"	"8"	"11"	"Eaves, Tom"	"Semple, I"	"4"	"10"
"18:50:00"	"2011-10-06"	"Wolverhampton"	"Tabaret"	"22.00"	"24.54"	"Handicap"	"2"	"13"	"Culhane, Tony"	"Whitaker, R M"	"8"	"22"
"19:50:00"	"2011-10-01"	"Wolverhampton"	"Osgood"	"12.00"	"16.6"	"Handicap"	"7"	"10"	"Culhane, Tony"	"Channon, M R"	"4"	"4"
"17:45:00"	"2011-09-30"	"Wolverhampton"	"Star Twilight"	"4.50"	"6.44"	"Handicap"	"4"	"12"	"Kirby, Adam"	"Shaw, D"	"4"	"14"
"17:45:00"	"2011-09-30"	"Wolverhampton"	"Fear Nothing"	"8.00"	"10"	"Handicap"	"7"	"12"	"McDonald, P J"	"McInnes, I W"	"4"	"114"
"20:40:00"	"2011-09-29"	"Kempton"	"Dominium (USA)"	"9.00"	"12"	"Handicap"	"3"	"11"	"Callan, N"	"Gask, J R"	"4"	"23"
"14:30:00"	"2011-09-29"	"Wolverhampton"	"Pytheas (USA)"	"12.00"	"16.74"	"Handicap"	"1"	"11"	"Coumbe, Mark"	"Attwater, M J"	"4"	"15"
"19:45:00"	"2011-09-23"	"Wolverhampton"	"Farmers Dream (IRE)"	"4.50"	"5.85"	"Handicap"	"11"	"12"	"Winston, Robert"	"Price, R J"	"4"	"21"
"18:45:00"	"2011-09-23"	"Wolverhampton"	"Hitman Hatton"	"14.00"	"20"	"Maiden"	"7"	"10"	"Cogan, C"	"Featherstone, Lucinda"	"4"	"147"
"17:15:00"	"2011-09-23"	"Wolverhampton"	"The Jailer"	"25.00"	"46"	"Handicap"	"3"	"11"	"Barry, Lucy K"	"Oshea, J G M"	"8"	"12"
"20:00:00"	"2011-09-22"	"Wolverhampton"	"Red Yarn"	"16.00"	"22.15"	"Handicap"	"4"	"10"	"Baker, George"	"Moore, Gary and Josh"	"4"	"34"
"19:00:00"	"2011-09-22"	"Wolverhampton"	"Kyllachy Storm"	"28.00"	"38.96"	"Handicap"	"9"	"10"	"Burns, Mr I J"	"Hodges, R J"	"7"	"24"
"20:10:00"	"2011-09-08"	"Wolverhampton"	"The Fiery Cross"	"5.00"	"8.48"	"Handicap"	"7"	"10"	"Eaves, Tom"	"Semple, I"	"4"	"13"
"18:50:00"	"2011-09-08"	"Laytown"	"Kateeva (IRE)"	"12.00"	"17.82"	"Handicap"	"1"	"10"	"OConnell, Mr E J"	"Fogarty, J P"	"4"	"19"
"18:50:00"	"2011-09-08"	"Laytown"	"Desert Al (IRE)"	"14.00"	"25.45"	"Handicap"	"5"	"10"	"McCullagh, N G"	"Weldon, Owen"	"8"	"64"
"18:50:00"	"2011-09-08"	"Laytown"	"Daisy Mountain (IRE)"	"9.00"	"12.47"	"Handicap"	"6"	"10"	"Roche, L F"	"Nash, J A"	"4"	"38"
"18:40:00"	"2011-09-08"	"Wolverhampton"	"Gap Princess (IRE)"	"14.00"	"19"	"Handicap"	"6"	"11"	"Gibbons, Graham"	"Harker, G A"	"7"	"13"
"16:45:00"	"2011-09-08"	"Laytown"	"Ability N Delivery"	"7.00"	"13"	"Handicap"	"7"	"10"	"Lordan, W M"	"Browne, Michael J"	"6"	"34"
"19:50:00"	"2011-09-07"	"Kempton"	"Grand Piano (IRE)"	"5.50"	"7"	"Claimer"	"11"	"14"	"Keniry, L P"	"Balding, A M"	"4"	"26"
"19:50:00"	"2011-09-07"	"Kempton"	"Suzhou"	"5.50"	"7.8"	"Claimer"	"14"	"14"	"Fahy, J P"	"Coakley, D J"	"4"	"89"
"17:40:00"	"2011-09-06"	"Lingfield"	"Satwa Dream (IRE)"	"3.00"	"4.09"	"Maiden"	"1"	"12"	"Spencer, Jamie"	"Dunlop, E A L"	"4"	"25"
"17:10:00"	"2011-09-06"	"Lingfield"	"Mujood"	"8.00"	"11.31"	"Seller"	"6"	"8"	"Queally, T P"	"Houghton, Eve Johnson"	"8"	"25"
"19:00:00"	"2011-09-03"	"Wolverhampton"	"First In Command (IRE)"	"9.00"	"12.48"	"Handicap"	"6"	"12"	"Atzeni, Andrea"	"Loughnane, Daniel Mark"	"6"	"92"
"19:10:00"	"2011-08-30"	"Southwell"	"Duplicity"	"28.00"	"36.81"	"Handicap"	"10"	"14"	"Butler, Robert L"	"Guest, R C"	"4"	"9"
"18:40:00"	"2011-08-30"	"Southwell"	"Patch Patch"	"8.00"	"12.55"	"Handicap"	"6"	"8"	"Fitzpatrick, Robbie"	"Shaw, D"	"4"	"8"
"17:55:00"	"2011-08-30"	"Wolverhampton"	"Mark Anthony (IRE)"	"8.50"	"12.3"	"Handicap"	"12"	"12"	"Norton, Francis"	"Harris, S A"	"4"	"17"
"17:00:00"	"2011-08-25"	"Lingfield"	"Saharia (IRE)"	"11.00"	"13.59"	"Handicap"	"6"	"6"	"Kelly, Shane"	"Attwater, M J"	"4"	"18"
"19:50:00"	"2011-08-16"	"Kempton"	"Crinan Classic"	"16.00"	"20.1"	"Handicap"	"13"	"13"	"Culhane, Tony"	"Baker, George"	"4"	"6"
"15:35:00"	"2011-08-14"	"Dundalk"	"Partner (IRE)"	"16.00"	"34.35"	"Handicap"	"7"	"14"	"Roche, L F"	"Marnane, David"	"5"	"9"
"19:15:00"	"2011-08-12"	"Kempton"	"Dark Lane"	"7.50"	"9"	"Claimer"	"1"	"7"	"Topliss, Lee"	"Fahey, R A"	"5"	"21"
"18:10:00"	"2011-08-12"	"Kempton"	"Patch Patch"	"14.00"	"21.47"	"Handicap"	"6"	"9"	"Doyle, Sophie"	"Shaw, D"	"4"	"23"
"20:30:00"	"2011-08-10"	"Kempton"	"Mishrif (USA)"	"10.00"	"12.5"	"Handicap"	"3"	"11"	"Ahern, Eddie"	"Jenkins, J R"	"5"	"42"
"17:15:00"	"2011-08-08"	"Wolverhampton"	"Half A Crown (IRE)"	"40.00"	"116.81"	"Handicap"	"10"	"13"	"Fairley, Greg"	"Salmon, P"	"6"	"40"
"20:20:00"	"2010-12-11"	"Wolverhampton"	"Northern Dare (IRE)"	"6.50"	"7.79"	"Handicap"	"9"	"10"	"Donohoe, Stephen"	"Fahey, R A"	"6"	"148"
"18:00:00"	"2010-12-10"	"Dundalk"	"Webbow (IRE)"	"6.50"	"8.2"	"Non-Handicap"	"1"	"7"	"Berry, F M"	"Ellison, B"	"8"	"56"
"16:15:00"	"2010-12-10"	"Wolverhampton"	"Sallys Swansong"	"5.00"	"7.17"	"Maiden"	"7"	"9"	"Fentiman, Duran"	"Alston, E J"	"4"	"249"
"14:40:00"	"2010-12-08"	"Lingfield"	"Rapid Water"	"20.00"	"22.42"	"Handicap"	"7"	"8"	"Quinn, Jimmy"	"Howling, P"	"4"	"60"
"12:35:00"	"2010-12-05"	"Dundalk"	"Faynita (IRE)"	"11.00"	"25"	"Handicap"	"7"	"14"	"Burke, Julie"	"Burke, John M"	"8"	"60"
"12:35:00"	"2010-12-05"	"Dundalk"	"Grange Poppy (IRE)"	"16.00"	"24.43"	"Handicap"	"12"	"14"	"Kenny, Karen"	"Hanley, F M"	"5"	"50"
"15:20:00"	"2010-11-29"	"Wolverhampton"	"Liberty Ship"	"16.00"	"24.86"	"Handicap"	"9"	"9"	"Turner, Hayley"	"Buckley, Mark"	"5"	"34"
"17:30:00"	"2010-11-26"	"Wolverhampton"	"Jingoism (USA)"	"40.00"	"77.8"	"Maiden"	"6"	"11"	"ONeill, Dane"	"Ellison, B"	"4"	"91"
"17:40:00"	"2010-11-25"	"Wolverhampton"	"One Way Or Another (AUS)"	"6.00"	"8"	"Handicap"	"9"	"12"	"Gannon, Catherine"	"Gask, J R"	"7"	"19"
"13:00:00"	"2010-11-24"	"Lingfield"	"Fishforcompliments"	"10.00"	"14.11"	"Claimer"	"4"	"11"	"McHugh, B"	"Fahey, R A"	"6"	"18"
"15:10:00"	"2010-11-23"	"Southwell"	"Rio Sands"	"9.00"	"11.32"	"Handicap"	"8"	"14"	"Stainton, Michael J"	"Whitaker, R M"	"5"	"55"
"12:40:00"	"2010-11-23"	"Southwell"	"Fashion Icon (USA)"	"12.00"	"16"	"Handicap"	"1"	"13"	"Kelly, S B"	"OMeara, D"	"4"	"27"
"12:20:00"	"2010-11-16"	"Southwell"	"Bravely (IRE)"	"14.00"	"18.17"	"Handicap"	"4"	"14"	"Winston, Robert"	"Easterby, T D"	"6"	"30"
"19:50:00"	"2010-11-12"	"Wolverhampton"	"Big Bay (USA)"	"16.00"	"24.79"	"Handicap"	"9"	"12"	"Morris, Luke"	"Chapple-Hyam, Jane"	"4"	"13"
"19:50:00"	"2010-11-10"	"Kempton"	"Doctor Hilary"	"8.00"	"10.96"	"Handicap"	"4"	"12"	"Catlin, Chris"	"Hoad, M R"	"8"	"30"
"15:40:00"	"2010-11-08"	"Wolverhampton"	"Cocktail Party (IRE)"	"12.00"	"17.24"	"Handicap"	"2"	"13"	"Gibbons, Graham"	"Unett, J W"	"4"	"5"
"14:05:00"	"2010-11-08"	"Wolverhampton"	"Peters Gift (IRE)"	"20.00"	"22.01"	"Handicap"	"1"	"10"	"Makin, Phillip"	"Ryan, K A"	"4"	"17"
"18:55:00"	"2010-11-06"	"Dundalk"	"Spiritina (IRE)"	"16.00"	"24.03"	"Handicap"	"10"	"14"	"Cleary, R P"	"Lawlor, Noel"	"5"	"77"
"18:40:00"	"2010-11-05"	"Wolverhampton"	"Sairaam (IRE)"	"25.00"	"36"	"Handicap"	"8"	"11"	"Callan, N"	"Smith, C"	"4"	"31"
"17:35:00"	"2010-11-05"	"Wolverhampton"	"Ability N Delivery"	"5.00"	"6.4"	"Handicap"	"4"	"12"	"Hanagan, Paul"	"Browne, Michael J"	"5"	"54"
"15:30:00"	"2010-11-05"	"Southwell"	"Angus Newz"	"33.00"	"50"	"Non-Handicap"	"5"	"6"	"Norton, Francis"	"Quinn, M"	"7"	"36"
"15:00:00"	"2010-11-05"	"Southwell"	"Residency (IRE)"	"4.00"	"5.42"	"Maiden"	"7"	"13"	"Eaves, Tom"	"Smart, B"	"4"	"30"
"14:00:00"	"2010-11-05"	"Southwell"	"Sloop Johnb"	"6.00"	"8.14"	"Handicap"	"1"	"12"	"Hanagan, Paul"	"Fahey, R A"	"4"	"9"
"16:25:00"	"2010-11-02"	"Kempton"	"Shifting Star (IRE)"	"8.00"	"9.88"	"Handicap"	"2"	"12"	"Turner, Hayley"	"Swinburn, W R"	"5"	"13"
"20:50:00"	"2010-10-30"	"Wolverhampton"	"Invincible Force (IRE)"	"50.00"	"80"	"Handicap"	"8"	"11"	"Norton, Francis"	"Green, Paul"	"6"	"35"
"18:50:00"	"2010-10-30"	"Wolverhampton"	"Bosun Breese"	"7.00"	"8.24"	"Handicap"	"6"	"11"	"Hughes, Richard"	"Barron, T D"	"5"	"3"
"20:10:00"	"2010-10-29"	"Wolverhampton"	"French Applause (IRE)"	"25.00"	"40.03"	"Handicap"	"9"	"9"	"Fenton, Micky"	"Tate, T P"	"4"	"37"
"19:10:00"	"2010-10-29"	"Wolverhampton"	"Avertor"	"3.00"	"4.68"	"Handicap"	"3"	"13"	"Buick, William"	"Charlton, Roger/Harry"	"4"	"19"
"16:50:00"	"2010-10-25"	"Southwell"	"Fyodorovich (USA)"	"4.00"	"5.3"	"Handicap"	"7"	"12"	"Looby, Nora"	"McCabe, A J"	"5"	"104"
"21:15:00"	"2010-10-23"	"Kempton"	"Kersivay"	"16.00"	"22.76"	"Handicap"	"11"	"12"	"Cosgrave, Pat"	"Evans, P D"	"4"	"187"
"18:10:00"	"2010-10-21"	"Kempton"	"Piscean (USA)"	"7.00"	"10"	"Handicap"	"1"	"12"	"Kirby, Adam"	"Keddy, T"	"5"	"31"
"20:10:00"	"2010-10-15"	"Wolverhampton"	"Pearly Wey"	"33.00"	"38.5"	"Handicap"	"8"	"11"	"Ffrench, Royston"	"McInnes, I W"	"7"	"49"
"17:35:00"	"2010-10-15"	"Wolverhampton"	"Bouggie Daize"	"12.00"	"13.5"	"Handicap"	"9"	"13"	"Dyer, Thomas"	"Cox, C G"	"4"	"47"
"21:10:00"	"2010-10-13"	"Kempton"	"Embra (IRE)"	"11.00"	"15.12"	"Handicap"	"1"	"10"	"Butler, Robert L"	"Etherington, T J"	"5"	"14"
"21:10:00"	"2010-10-13"	"Kempton"	"Bold Ring"	"20.00"	"25.24"	"Handicap"	"4"	"10"	"Creighton, Edward"	"Creighton, E J"	"4"	"83"
"20:40:00"	"2010-10-13"	"Kempton"	"Izzi Mill (USA)"	"25.00"	"49.28"	"Handicap"	"6"	"12"	"Fahy, J P"	"DArcy, P W"	"4"	"45"
"20:40:00"	"2010-10-07"	"Wolverhampton"	"Angelo Poliziano"	"5.00"	"6.38"	"Handicap"	"1"	"12"	"Sousa, Silvestre De"	"Duffield, Mrs A"	"4"	"15"
"21:00:00"	"2010-10-06"	"Kempton"	"If Only"	"6.00"	"9.72"	"Handicap"	"4"	"14"	"Beschizza,Adam "	"Morris, D"	"4"	"20"
"20:30:00"	"2010-10-06"	"Kempton"	"Cheddar George"	"4.00"	"6.2"	"Handicap"	"1"	"13"	"Hughes, Richard"	"Chapple-Hyam, P W"	"4"	"56"
"16:05:00"	"2010-10-01"	"Lingfield"	"Victorian Bounty"	"6.50"	"8.32"	"Handicap"	"5"	"9"	"Queally, T P"	"Liddiard, Stef"	"5"	"19"
"17:35:00"	"2010-09-25"	"Wolverhampton"	"Abraham Lincoln (IRE)"	"1.88"	"3.17"	"Claimer"	"4"	"6"	"Morris, Luke"	"Harris, R A"	"6"	"16"
"20:00:00"	"2010-09-24"	"Dundalk"	"The Shy Lady (IRE)"	"50.00"	"128.83"	"Handicap"	"13"	"14"	"Whelan, R P"	"ODonnell, Seamus G"	"4"	"79"
"18:50:00"	"2010-09-18"	"Wolverhampton"	"Ginobili (IRE)"	"33.00"	"45.87"	"Handicap"	"7"	"8"	"Doyle, James"	"Reid, Andrew"	"4"	"26"
"17:55:00"	"2010-09-16"	"Wolverhampton"	"Shannon Golden"	"14.00"	"15"	"Handicap"	"6"	"10"	"Sweeney, Fergus"	"Bowring, S R"	"4"	"33"
"21:10:00"	"2010-09-15"	"Kempton"	"Flapper (IRE)"	"6.00"	"8"	"Handicap"	"3"	"13"	"Hughes, Richard"	"Hills, J W"	"4"	"13"
"19:00:00"	"2010-09-07"	"Laytown"	"Desert Ben (IRE)"	"4.50"	"5.87"	"Handicap"	"4"	"10"	"Casey, O"	"Casey, Peter"	"7"	"36"
"19:00:00"	"2010-09-07"	"Laytown"	"Statue Of Dreams (IRE)"	"7.00"	"11.24"	"Handicap"	"7"	"10"	"ONeill, K T"	"McCabe, James Bernard"	"4"	"13"
"18:00:00"	"2010-09-07"	"Laytown"	"Cosmic Breeze (IRE)"	"6.00"	"8.4"	"Claimer"	"1"	"10"	"Latham, K"	"Lyons, G M"	"4"	"30"
"17:30:00"	"2010-09-07"	"Laytown"	"Fedora (IRE)"	"7.00"	"8.6"	"Maiden"	"9"	"10"	"McDonogh, D P"	"Condon, K J"	"4"	"16"
"17:00:00"	"2010-09-07"	"Laytown"	"Lovestoned (IRE)"	"8.00"	"13.04"	"Handicap"	"7"	"10"	"Flynn, L P"	"Hogan, T"	"4"	"17"
"20:20:00"	"2010-09-04"	"Wolverhampton"	"Cape Melody"	"12.00"	"16.36"	"Claimer"	"4"	"10"	"Block, Travis"	"Morrison, H"	"4"	"28"
"18:20:00"	"2010-09-04"	"Wolverhampton"	"Liberty Trail (IRE)"	"7.00"	"8.43"	"Handicap"	"3"	"11"	"Beuzelin, Louis-Philippe"	"Evans, P D"	"4"	"4"
"17:20:00"	"2010-09-03"	"Lingfield"	"Ancien Regime (IRE)"	"8.00"	"10.5"	"Handicap"	"10"	"11"	"Dettori, L"	"Suroor, Saeed Bin"	"5"	"34"
"18:20:00"	"2010-09-02"	"Wolverhampton"	"Rainy Night"	"10.00"	"12.62"	"Handicap"	"3"	"12"	"Mitchell, Jack"	"Hollinshead, R"	"4"	"19"
"16:45:00"	"2010-08-16"	"Wolverhampton"	"Shaws Diamond (USA)"	"28.00"	"37.5"	"Handicap"	"4"	"10"	"Norton, Francis"	"Shaw, D"	"4"	"9"
"19:15:00"	"2010-08-13"	"Kempton"	"CMon You Irons (IRE)"	"16.00"	"26"	"Claimer"	"1"	"12"	"Fox, Kieren"	"Hoad, M R"	"5"	"11"
"19:15:00"	"2010-08-13"	"Kempton"	"Berbice (IRE)"	"1.63"	"2.51"	"Claimer"	"7"	"12"	"Hughes, Richard"	"Kirk, S"	"5"	"15"
"18:10:00"	"2010-08-13"	"Kempton"	"Spring Horizon (IRE)"	"100.00"	"213.1"	"Handicap"	"8"	"8"	"McDonald, Frankie"	"Davison, Miss Z C"	"4"	"62"
"15:10:00"	"2010-08-06"	"Lingfield"	"Norse Warrior (USA)"	"33.00"	"54"	"Handicap"	"9"	"11"	"Sweeney, Fergus"	"Grayson, Peter"	"4"	"55"
"15:05:00"	"2009-12-29"	"Southwell"	"Divine White"	"33.00"	"46"	"Handicap"	"10"	"13"	"Quinn, Jimmy"	"Enright, G P"	"6"	"85"
"13:10:00"	"2009-12-15"	"Southwell"	"Flash McGahon (IRE)"	"11.00"	"13.41"	"Handicap"	"9"	"14"	"Mullen, Andrew"	"Nicholls, D"	"5"	"88"
"21:20:00"	"2009-12-12"	"Wolverhampton"	"Elijah Pepper (USA)"	"10.00"	"13.86"	"Handicap"	"5"	"9"	"Heslop, Dean"	"Barron, T D"	"4"	"72"
"14:00:00"	"2009-12-08"	"Southwell"	"Circle Dance (IRE)"	"25.00"	"30.55"	"Handicap"	"14"	"14"	"Kirby, Adam"	"Rowland, Miss M E"	"4"	"116"
"14:10:00"	"2009-12-07"	"Wolverhampton"	"Mr Fantozzi (IRE)"	"66.00"	"110.01"	"Handicap"	"7"	"9"	"Sullivan,Mr E "	"Donovan, D"	"4"	"143"
"13:50:00"	"2009-12-05"	"Southwell"	"Indian Skipper (IRE)"	"33.00"	"33.01"	"Handicap"	"3"	"6"	"Cray, Billy"	"Guest, R C"	"4"	"53"
"18:50:00"	"2009-12-04"	"Wolverhampton"	"Paddy Jack"	"40.00"	"65.2"	"Maiden"	"9"	"9"	"Morris, Luke"	"Weymes, J R"	"4"	"38"
"18:50:00"	"2009-11-28"	"Wolverhampton"	"Chosen Forever"	"5.50"	"7.7"	"Handicap"	"6"	"12"	"McDonald, P J"	"Oldroyd, G R"	"4"	"111"
"20:50:00"	"2009-11-27"	"Wolverhampton"	"One Way Or Another (AUS)"	"4.00"	"5.2"	"Handicap"	"4"	"7"	"Drowne, Steve"	"Gask, J R"	"6"	"20"
"14:00:00"	"2009-11-24"	"Southwell"	"Ursus"	"14.00"	"20"	"Handicap"	"8"	"14"	"Craine, S J"	"Wilson, C R"	"4"	"28"
"18:00:00"	"2009-11-19"	"Kempton"	"Sundae"	"10.00"	"15.23"	"Handicap"	"9"	"9"	"Mitchell, Jack"	"Wall, C F"	"5"	"27"
"18:50:00"	"2009-11-18"	"Kempton"	"Summer Rose"	"10.00"	"14.36"	"Handicap"	"10"	"11"	"Crowley, Jim"	"Cowell, R M H"	"4"	"22"
"18:30:00"	"2009-11-18"	"Dundalk"	"Blue Cross Boy (USA)"	"14.00"	"30"	"Handicap"	"7"	"14"	"Manning, K J"	"McGuinness, Adrian"	"4"	"32"
"20:50:00"	"2009-11-13"	"Wolverhampton"	"Moynahan (USA)"	"12.00"	"16.5"	"Handicap"	"8"	"12"	"Fanning, Joe"	"Cole, P F I"	"4"	"13"
"18:20:00"	"2009-11-13"	"Wolverhampton"	"Greek Secret"	"25.00"	"38"	"Handicap"	"6"	"13"	"Culhane, Tony"	"OReilly, J"	"6"	"29"
"18:20:00"	"2009-11-13"	"Wolverhampton"	"Lambrini Lace (IRE)"	"12.00"	"15"	"Handicap"	"8"	"13"	"Hanagan, Paul"	"Williamson, Mrs L"	"4"	"21"
"19:00:00"	"2009-11-07"	"Dundalk"	"Faynita (IRE)"	"10.00"	"18.58"	"Handicap"	"4"	"14"	"Burke, Julie"	"Burke, John M"	"7"	"17"
"20:50:00"	"2009-11-04"	"Kempton"	"Valentino Swing (IRE)"	"40.00"	"66.84"	"Handicap"	"11"	"13"	"Donohoe, Stephen"	"Spearing, Miss T"	"6"	"205"
"13:55:00"	"2009-11-01"	"Lingfield"	"Toballa"	"25.00"	"31.6"	"Handicap"	"5"	"11"	"Morris, Luke"	"Leech, P"	"4"	"64"
"13:55:00"	"2009-11-01"	"Lingfield"	"Red Current"	"8.00"	"12"	"Handicap"	"6"	"11"	"Probert, David"	"Harris, R A"	"5"	"73"
"19:20:00"	"2009-10-31"	"Wolverhampton"	"Mey Blossom"	"10.00"	"12.37"	"Handicap"	"7"	"8"	"ODonohoe, D"	"Whitaker, R M"	"4"	"18"
"19:05:00"	"2009-10-31"	"Kempton"	"Dream Express (IRE)"	"14.00"	"21.27"	"Handicap"	"7"	"11"	"Mongan, Ian"	"Howling, P"	"4"	"19"
"16:30:00"	"2009-10-29"	"Wolverhampton"	"Gleaming Spirit (IRE)"	"16.00"	"23"	"Handicap"	"10"	"10"	"Milczarek, Kirsty"	"Grayson, Peter"	"5"	"2"
"16:40:00"	"2009-10-26"	"Kempton"	"Thunder Bay"	"20.00"	"28"	"Claimer"	"2"	"8"	"Tylicki, Frederik"	"Fahey, R A"	"4"	"26"
"15:50:00"	"2009-10-26"	"Lingfield"	"North South Divide (IRE)"	"3.50"	"5"	"Handicap"	"4"	"10"	"Powell, Ryan"	"Ryan, K A"	"5"	"131"
"18:10:00"	"2009-10-23"	"Wolverhampton"	"Confide In Me (OLD)"	"3.00"	"4.8"	"Handicap"	"1"	"12"	"Turner, Hayley"	"Butler, G A"	"5"	"37"
"21:20:00"	"2009-10-21"	"Kempton"	"Just Jimmy (IRE)"	"9.00"	"13.76"	"Handicap"	"2"	"13"	"Gannon, Catherine"	"Evans, P D"	"4"	"47"
"18:20:00"	"2009-10-21"	"Kempton"	"Monsieur Reynard"	"5.50"	"6.8"	"Handicap"	"9"	"11"	"Metcalfe, Michael"	"Bradley, J M"	"4"	"15"
"15:50:00"	"2009-10-18"	"Southwell"	"Tanley"	"25.00"	"39.71"	"Handicap"	"11"	"12"	"Heffernan, Andrew"	"Coupland, J F"	"4"	"18"
"15:50:00"	"2009-10-18"	"Southwell"	"Silvanus (IRE)"	"18.00"	"26"	"Handicap"	"12"	"12"	"Mulrennan, Paul"	"Midgley, P T"	"4"	"21"
"17:45:00"	"2009-10-16"	"Wolverhampton"	"Maison Dieu"	"16.00"	"16.39"	"Handicap"	"13"	"13"	"Baker, Amy"	"Alston, E J"	"6"	"15"
"21:20:00"	"2009-10-14"	"Kempton"	"Mr Rio (IRE)"	"11.00"	"13.03"	"Handicap"	"6"	"10"	"Munro, Alan"	"Jarvis, A P"	"4"	"47"
"21:15:00"	"2009-10-10"	"Wolverhampton"	"Danzig Fox"	"33.00"	"48.77"	"Handicap"	"9"	"11"	"Sanders, Seb"	"Mullineaux, M"	"4"	"33"
"19:15:00"	"2009-10-10"	"Wolverhampton"	"Tournedos (IRE)"	"5.50"	"7.2"	"Seller"	"7"	"10"	"Norton, Francis"	"Nicholls, D"	"7"	"57"
"18:30:00"	"2009-10-09"	"Dundalk"	"Pencil Hill (IRE)"	"14.00"	"48"	"Non-Handicap"	"11"	"14"	"Shanahan, P"	"Collins, Tracey"	"4"	"42"
"17:50:00"	"2009-10-07"	"Kempton"	"Rhapsilian"	"3.50"	"5.05"	"Handicap"	"4"	"9"	"Winston, Robert"	"Jenkins, J R"	"5"	"20"
"15:35:00"	"2009-10-04"	"Dundalk"	"Croi Mo Ri (IRE)"	"25.00"	"53.36"	"Handicap"	"2"	"14"	"Supple, W J"	"Miley, Daniel"	"4"	"37"
"18:15:00"	"2009-10-03"	"Wolverhampton"	"Shakespeares Son"	"10.00"	"11.81"	"Handicap"	"2"	"12"	"Sweeney, Fergus"	"Evans, H J"	"4"	"16"
"18:20:00"	"2009-10-02"	"Wolverhampton"	"Cheshire Rose"	"8.00"	"11.06"	"Handicap"	"11"	"11"	"Atzeni, Andrea"	"Hales, A M"	"4"	"9"
"20:15:00"	"2009-10-01"	"Wolverhampton"	"Dear Maurice"	"18.00"	"18.92"	"Handicap"	"3"	"13"	"Spencer, Jamie"	"Dunlop, E A L"	"5"	"15"
"19:45:00"	"2009-10-01"	"Wolverhampton"	"Hazelrigg (IRE)"	"10.00"	"14"	"Handicap"	"3"	"13"	"Gibbons, Graham"	"Easterby, T D"	"4"	"10"
"19:45:00"	"2009-10-01"	"Wolverhampton"	"Mey Blossom"	"20.00"	"21.78"	"Handicap"	"13"	"13"	"Stainton, Michael J"	"Whitaker, R M"	"4"	"49"
"15:20:00"	"2009-09-29"	"Southwell"	"Decameron (USA)"	"12.00"	"15.04"	"Handicap"	"11"	"11"	"Fanning, Joe"	"Harris, R A"	"4"	"122"
"18:50:00"	"2009-09-25"	"Wolverhampton"	"Little Pete (IRE)"	"8.00"	"10"	"Handicap"	"5"	"10"	"Keniry, L P"	"Balding, A M"	"4"	"56"
"18:20:00"	"2009-09-25"	"Wolverhampton"	"Deo Valente (IRE)"	"12.00"	"16.09"	"Seller"	"8"	"11"	"Keniry, L P"	"Bradley, J M"	"4"	"25"
"17:45:00"	"2009-09-25"	"Wolverhampton"	"Castano"	"4.00"	"5.5"	"Handicap"	"1"	"10"	"Millman, James"	"Millman, B R"	"5"	"15"
"17:30:00"	"2009-09-24"	"Kempton"	"Gun For Sale (USA)"	"25.00"	"58.43"	"Maiden"	"9"	"14"	"Block, Travis"	"Makin, P J"	"4"	"38"
"21:20:00"	"2009-09-23"	"Kempton"	"Candy Rose"	"4.00"	"5.56"	"Handicap"	"9"	"13"	"Dobbs, Pat"	"Tregoning, M P"	"4"	"16"
"17:40:00"	"2009-09-17"	"Wolverhampton"	"Orpenindeed (IRE)"	"6.50"	"7.72"	"Claimer"	"2"	"12"	"Sanders, Seb"	"Botti, M"	"6"	"69"
"21:20:00"	"2009-09-16"	"Kempton"	"Greystoke Prince"	"33.00"	"39.85"	"Handicap"	"8"	"11"	"Beuzelin, Louis-Philippe"	"Swinburn, W R"	"4"	"24"
"19:35:00"	"2009-09-10"	"Kempton"	"Perfect Silence"	"3.00"	"5.23"	"Handicap"	"1"	"10"	"Kirby, Adam"	"Cox, C G"	"4"	"27"
"14:10:00"	"2009-09-06"	"Dundalk"	"Qeyaada (USA)"	"4.50"	"5.5"	"Handicap"	"2"	"14"	"Berry, F M"	"Ryan, James M"	"4"	"24"
"14:10:00"	"2009-09-06"	"Dundalk"	"Tornadodancer (IRE)"	"7.00"	"14"	"Handicap"	"5"	"14"	"Curtis, B A"	"McCourt, T G"	"6"	"14"
"16:20:00"	"2009-09-05"	"Kempton"	"Wigrams Turn (USA)"	"8.00"	"9.49"	"Handicap"	"3"	"13"	"Buick, William"	"Balding, A M"	"4"	"78"
"15:20:00"	"2009-09-04"	"Lingfield"	"Chantilly Jewel (USA)"	"7.00"	"9.06"	"Maiden"	"1"	"8"	"Mullen, Richard"	"Cowell, R M H"	"4"	"45"
"20:20:00"	"2009-09-03"	"Wolverhampton"	"Masai Moon (OLD)"	"12.00"	"15.5"	"Handicap"	"4"	"10"	"Millman, James"	"Millman, B R"	"5"	"19"
"17:50:00"	"2009-09-03"	"Wolverhampton"	"Admiral Bond (IRE)"	"8.00"	"9.7"	"Handicap"	"8"	"10"	"Gemelova, Natalia"	"Oldroyd, G R"	"4"	"25"
"18:35:00"	"2009-09-01"	"Laytown"	"Option Be (IRE)"	"4.50"	"6.6"	"Handicap"	"6"	"10"	"Smullen, P J"	"McEnery, P F"	"5"	"30"
"16:50:00"	"2009-08-27"	"Lingfield"	"Muftarres (IRE)"	"4.00"	"5.7"	"Handicap"	"6"	"11"	"Hughes, Richard"	"Butler, G A"	"4"	"20"
"16:30:00"	"2009-08-27"	"Southwell"	"Foolin Myself"	"3.50"	"4.92"	"Handicap"	"1"	"13"	"Queally, T P"	"Bell, M L W"	"4"	"34"
"16:00:00"	"2009-08-27"	"Southwell"	"Shakespeares Son"	"6.50"	"8.6"	"Handicap"	"8"	"13"	"Crowley, Jim"	"Evans, H J"	"4"	"37"
"16:00:00"	"2009-08-27"	"Southwell"	"The History Man (IRE)"	"16.00"	"26.42"	"Handicap"	"11"	"13"	"Donaghy, Patrick"	"Leavy, B D"	"6"	"13"
"17:00:00"	"2009-08-25"	"Southwell"	"Ocean Legend (IRE)"	"7.00"	"9.6"	"Handicap"	"7"	"14"	"ODwyer, Jerry"	"Feilden, Miss J"	"4"	"29"
"21:15:00"	"2009-08-21"	"Wolverhampton"	"Herbert Crescent"	"25.00"	"33.23"	"Handicap"	"9"	"11"	"Tylicki, Frederik"	"Pears, Ollie"	"4"	"109"
"15:50:00"	"2009-08-20"	"Lingfield"	"Resentful Angel"	"6.50"	"7.61"	"Handicap"	"5"	"13"	"Atkinson, Toby"	"Eddery, Pat"	"4"	"19"
"16:05:00"	"2009-08-15"	"Dundalk"	"Invincible Ash (IRE)"	"12.00"	"24"	"Handicap"	"13"	"14"	"Foley, Shane"	"Halford, M"	"4"	"64"
"16:00:00"	"2009-08-10"	"Wolverhampton"	"Dream Rainbow"	"50.00"	"79.91"	"Handicap"	"11"	"11"	"Cosgrave, Pat"	"Saville, Joss"	"4"	"45"
"16:40:00"	"2009-08-07"	"Lingfield"	"Kingsgate Castle"	"3.50"	"5.02"	"Handicap"	"9"	"11"	"Mongan, Ian"	"Kelleway, Miss Gay"	"4"	"6"
"12:55:00"	"2008-12-29"	"Chelmsford City"	"Bateleur"	"12.00"	"16.08"	"Handicap"	"4"	"11"	"Creighton, Edward"	"Channon, M R"	"4"	"145"
"21:20:00"	"2008-12-17"	"Kempton"	"Tuning Fork"	"20.00"	"36"	"Non-Handicap"	"4"	"8"	"Fox, Kieren"	"Attwater, M J"	"8"	"126"
"18:50:00"	"2008-12-10"	"Kempton"	"Bertie Southstreet"	"20.00"	"38.37"	"Handicap"	"5"	"12"	"Dwyer, Martin"	"Boyle, J R"	"5"	"81"
"13:30:00"	"2008-12-09"	"Southwell"	"Woqoodd"	"16.00"	"28.85"	"Handicap"	"10"	"13"	"Williams, Darren"	"Shaw, D"	"4"	"132"
"20:20:00"	"2008-12-06"	"Wolverhampton"	"Pajada"	"33.00"	"42.66"	"Handicap"	"9"	"12"	"Dwyer, Martin"	"Usher, M D I"	"4"	"112"
"12:50:00"	"2008-12-02"	"Southwell"	"Shes Our Beauty (IRE)"	"33.00"	"131.74"	"Claimer"	"1"	"14"	"McDonald, Frankie"	"Mason, S T"	"5"	"61"
"14:40:00"	"2008-12-01"	"Wolverhampton"	"Singleb (IRE)"	"2.50"	"3.65"	"Seller"	"1"	"12"	"Baker, George"	"Moore, Gary and Josh"	"4"	"35"
"18:10:00"	"2008-11-21"	"Dundalk"	"Ebenholz (IRE)"	"25.00"	"83.24"	"Non-Handicap"	"6"	"14"	"Moran, D J"	"Moran, Niall"	"5"	"147"
"20:20:00"	"2008-11-19"	"Kempton"	"Takitwo"	"4.00"	"5.09"	"Handicap"	"3"	"13"	"ONeill, Dane"	"Cundell, P D"	"5"	"43"
"18:20:00"	"2008-11-19"	"Kempton"	"Don Pele (IRE)"	"22.00"	"30"	"Claimer"	"6"	"11"	"Keniry, L P"	"Harris, R A"	"6"	"49"
"15:55:00"	"2008-11-14"	"Southwell"	"Colorus (IRE)"	"10.00"	"14.43"	"Handicap"	"4"	"11"	"Harrison, Kelly"	"Ratcliffe, W J H"	"5"	"17"
"18:50:00"	"2008-11-12"	"Wolverhampton"	"Tudor Prince (IRE)"	"4.00"	"6.99"	"Handicap"	"2"	"11"	"Crowley, Jim"	"Carroll, A W"	"4"	"49"
"18:50:00"	"2008-11-12"	"Wolverhampton"	"Lambency (IRE)"	"12.00"	"17.87"	"Handicap"	"5"	"11"	"Harrison, Kelly"	"Goldie, J S"	"5"	"5"
"16:40:00"	"2008-11-10"	"Wolverhampton"	"Celtic Change (IRE)"	"8.00"	"11.5"	"Handicap"	"5"	"12"	"Eaves, Tom"	"Dods, M"	"4"	"93"
"14:45:00"	"2008-11-10"	"Southwell"	"Comrade Cotton"	"10.00"	"13"	"Handicap"	"7"	"13"	"Fenton, Micky"	"Ryan, J"	"4"	"13"
"14:30:00"	"2008-11-09"	"Kempton"	"Namu"	"12.00"	"16"	"Handicap"	"1"	"12"	"ONeill, Dane"	"Spearing, Miss T"	"5"	"4"
"14:00:00"	"2008-11-09"	"Kempton"	"Hart Of Gold"	"3.50"	"5.06"	"Handicap"	"1"	"12"	"Ghunowa, Kevin"	"Harris, R A"	"4"	"20"
"21:20:00"	"2008-11-07"	"Wolverhampton"	"Walragnek"	"20.00"	"35.86"	"Handicap"	"6"	"11"	"Morris, Luke"	"Oshea, J G M"	"4"	"83"
"19:50:00"	"2008-11-07"	"Wolverhampton"	"Valentino Swing (IRE)"	"9.00"	"13.14"	"Handicap"	"8"	"10"	"Millman, James"	"Spearing, Miss T"	"5"	"17"
"13:50:00"	"2008-11-06"	"Lingfield"	"North South Divide (IRE)"	"5.00"	"8.09"	"Maiden"	"3"	"9"	"Keniry, L P"	"Grayson, Peter"	"4"	"30"
"15:35:00"	"2008-11-02"	"Southwell"	"Steel Blue"	"3.00"	"5"	"Handicap"	"4"	"7"	"Probert, David"	"Whitaker, R M"	"8"	"19"
"15:35:00"	"2008-11-02"	"Southwell"	"Thunderousapplause"	"11.00"	"14.85"	"Handicap"	"7"	"7"	"Dean, Tolley"	"McCabe, A J"	"4"	"149"
"15:00:00"	"2008-11-02"	"Southwell"	"Luscivious"	"12.00"	"15.5"	"Handicap"	"2"	"12"	"Probert, David"	"McCabe, A J"	"4"	"8"
"21:20:00"	"2008-10-31"	"Wolverhampton"	"Coleorton Dancer"	"7.00"	"9.88"	"Handicap"	"4"	"12"	"Sousa, Silvestre De"	"Ryan, K A"	"6"	"37"
"19:20:00"	"2008-10-30"	"Chelmsford City"	"Elkhorn"	"9.00"	"11.83"	"Handicap"	"7"	"14"	"Eaves, Tom"	"Camacho, Miss J A"	"6"	"17"
"19:20:00"	"2008-10-30"	"Chelmsford City"	"Scarlet Oak"	"16.00"	"26.03"	"Handicap"	"13"	"14"	"Polli, Nicol"	"Hales, A M"	"4"	"10"
"15:10:00"	"2008-10-30"	"Lingfield"	"Ronaldsay"	"7.00"	"8.47"	"Non-Handicap"	"3"	"11"	"Moore, Ryan"	"Hannon, R"	"4"	"13"
"15:20:00"	"2008-10-28"	"Southwell"	"High Curragh"	"4.00"	"4.82"	"Handicap"	"7"	"11"	"Keniry, L P"	"Ryan, K A"	"5"	"39"
"15:20:00"	"2008-10-28"	"Southwell"	"Mesbaah (IRE)"	"12.00"	"14.5"	"Handicap"	"11"	"11"	"McHugh, B"	"Fahey, R A"	"4"	"10"
"20:20:00"	"2008-10-25"	"Wolverhampton"	"Middlemarch (IRE) (OLD)"	"20.00"	"34"	"Handicap"	"7"	"13"	"Bartley, Gary"	"Goldie, J S"	"8"	"21"
"18:20:00"	"2008-10-24"	"Wolverhampton"	"Comrade Cotton"	"4.00"	"5.51"	"Handicap"	"7"	"10"	"ODwyer, Jerry"	"Ryan, J"	"4"	"3"
"18:20:00"	"2008-10-22"	"Kempton"	"Twosheetstothewind"	"9.00"	"13.5"	"Handicap"	"8"	"11"	"Jones, Liam"	"Dore, C R"	"4"	"6"
"19:50:00"	"2008-10-17"	"Kempton"	"Extraterrestrial"	"8.00"	"10.89"	"Handicap"	"2"	"10"	"Hanagan, Paul"	"Fahey, R A"	"4"	"19"
"18:40:00"	"2008-10-17"	"Dundalk"	"Dawn Valentino (IRE)"	"3.50"	"4.7"	"Maiden"	"4"	"14"	"Berry, F M"	"Oxx, John M"	"4"	"86"
"16:20:00"	"2008-10-13"	"Wolverhampton"	"Just Joey"	"14.00"	"26.18"	"Handicap"	"6"	"13"	"Catlin, Chris"	"Weymes, J R"	"4"	"76"
"16:20:00"	"2008-10-13"	"Wolverhampton"	"Cape Of Storms"	"8.00"	"10.87"	"Handicap"	"8"	"13"	"Mulrennan, Paul"	"Brotherton, R"	"5"	"26"
"19:50:00"	"2008-10-10"	"Wolverhampton"	"Optical Illusion (USA)"	"28.00"	"30"	"Handicap"	"8"	"10"	"Hamilton, Tony"	"Fahey, R A"	"4"	"12"
"21:20:00"	"2008-10-08"	"Kempton"	"Cover Drive (USA)"	"33.00"	"69.19"	"Handicap"	"6"	"13"	"Creighton, Edward"	"Wroe, Christian"	"5"	"34"
"15:10:00"	"2008-10-04"	"Kempton"	"Viking Spirit"	"4.00"	"6.49"	"Handicap"	"11"	"11"	"Kirby, Adam"	"Swinburn, W R"	"6"	"49"
"19:20:00"	"2008-10-03"	"Wolverhampton"	"Opal Noir"	"20.00"	"28"	"Claimer"	"12"	"12"	"Eaves, Tom"	"Perratt, Miss L A"	"4"	"11"
"17:20:00"	"2008-09-30"	"Southwell"	"Fitzwarren"	"125.00"	"428.7"	"Handicap"	"8"	"14"	"Rogers, James"	"Brown, A D"	"7"	"26"
"20:20:00"	"2008-09-27"	"Chelmsford City"	"Asset (IRE)"	"2.25"	"3.7"	"Non-Handicap"	"2"	"12"	"Dettori, L"	"Suroor, Saeed Bin"	"5"	"14"
"19:50:00"	"2008-09-24"	"Kempton"	"Takitwo"	"4.50"	"6.4"	"Handicap"	"2"	"13"	"Whitworth, Simon"	"Cundell, P D"	"5"	"20"
"20:50:00"	"2008-09-20"	"Wolverhampton"	"Double Bill (USA)"	"7.00"	"8.6"	"Handicap"	"8"	"11"	"Fairley, Greg"	"Cole, P F I"	"4"	"126"
"17:10:00"	"2008-09-14"	"Chelmsford City"	"Fly Time"	"100.00"	"1000"	"Non-Handicap"	"8"	"8"	"Polli, Nicol"	"Clement, T T"	"4"	"88"
"17:05:00"	"2008-09-11"	"Laytown"	"Option Be (IRE)"	"4.50"	"4.77"	"Handicap"	"2"	"10"	"Berry, F M"	"McEnery, P F"	"4"	"13"
"17:05:00"	"2008-09-11"	"Laytown"	"Ideal Appeal (IRE)"	"6.00"	"6.6"	"Handicap"	"3"	"10"	"Walsh, R"	"Halford, M"	"4"	"14"
"17:05:00"	"2008-09-11"	"Laytown"	"Doorock (IRE)"	"5.50"	"6.4"	"Handicap"	"4"	"10"	"McCullagh, N G"	"Nolan, S T"	"4"	"14"
"15:00:00"	"2008-09-11"	"Laytown"	"Adriatic"	"10.00"	"19.89"	"Handicap"	"3"	"10"	"Berry, F M"	"Mulvany, Michael"	"8"	"13"
"15:00:00"	"2008-09-11"	"Laytown"	"Lilly Be (IRE)"	"5.00"	"6.2"	"Handicap"	"4"	"10"	"Latham, K"	"Magnier, Paul"	"5"	"13"
"16:25:00"	"2008-09-07"	"Dundalk"	"Mrs OBrien (IRE)"	"16.00"	"48"	"Handicap"	"3"	"14"	"Harley, M"	"Hutchinson, Ms Caroline"	"4"	"10"
"16:25:00"	"2008-09-07"	"Dundalk"	"Full Title (IRE)"	"12.00"	"16"	"Handicap"	"6"	"14"	"Hussey, M C"	"Roberts, Reginald"	"5"	"777"
"14:25:00"	"2008-09-07"	"Dundalk"	"Herotozero (IRE)"	"20.00"	"23.46"	"Handicap"	"13"	"14"	"McCullagh, N G"	"OLeary, Gerard"	"4"	"94"
"15:25:00"	"2008-09-06"	"Kempton"	"Mujood"	"20.00"	"29"	"Handicap"	"16"	"16"	"Catlin, Chris"	"Houghton, Eve Johnson"	"5"	"14"
"18:50:00"	"2008-09-04"	"Chelmsford City"	"Desert Dust"	"33.00"	"68.88"	"Handicap"	"5"	"12"	"Mackay, Nicky"	"Cowell, R M H"	"5"	"424"
"18:50:00"	"2008-09-04"	"Chelmsford City"	"Kempsey"	"5.50"	"7.4"	"Handicap"	"11"	"12"	"Halford, Marc"	"Bridger, J / Cook, R"	"6"	"3"
"16:30:00"	"2008-09-02"	"Southwell"	"Makshoof (IRE)"	"7.00"	"9.8"	"Handicap"	"3"	"13"	"Callan, N"	"Ryan, K A"	"4"	"11"
"14:30:00"	"2008-08-27"	"Chelmsford City"	"Spoof Master (IRE)"	"7.50"	"10.82"	"Handicap"	"1"	"12"	"Morris, Luke"	"Dore, C R"	"4"	"15"
"14:30:00"	"2008-08-26"	"Chelmsford City"	"Pegasus Dancer (FR)"	"4.50"	"6"	"Seller"	"1"	"12"	"Norton, Francis"	"Ryan, K A"	"4"	"14"
"14:30:00"	"2008-08-26"	"Chelmsford City"	"Loyal Royal (IRE)"	"14.00"	"17"	"Seller"	"8"	"12"	"Ghunowa, Kevin"	"Bradley, J M"	"5"	"38"
"16:25:00"	"2008-08-21"	"Chelmsford City"	"Jack Junior (USA)"	"14.00"	"19.25"	"Non-Handicap"	"5"	"9"	"Quinn, T"	"Meehan, B J"	"4"	"28"
"15:15:00"	"2008-08-21"	"Chelmsford City"	"Doctor Hilary"	"50.00"	"128.72"	"Handicap"	"4"	"12"	"Havlin, Robert"	"Haynes, A B"	"6"	"1474"
"16:45:00"	"2008-08-18"	"Wolverhampton"	"Almora Guru"	"25.00"	"37.98"	"Handicap"	"9"	"13"	"Hanagan, Paul"	"Brisbourne, W M"	"4"	"21"
"16:30:00"	"2008-08-18"	"Lingfield"	"Fiefdom (IRE) (OLD)"	"14.00"	"17.5"	"Handicap"	"1"	"14"	"Mathers, Patrick"	"McInnes, I W"	"6"	"27"
"14:15:00"	"2008-08-18"	"Wolverhampton"	"Mujma"	"5.00"	"5.92"	"Handicap"	"12"	"12"	"Kirby, Adam"	"Parr, S"	"4"	"5"
"19:55:00"	"2008-08-15"	"Kempton"	"Bertie Swift"	"40.00"	"44.11"	"Claimer"	"4"	"7"	"OShea, T P"	"Gallagher, J"	"4"	"41"
"17:55:00"	"2008-08-15"	"Kempton"	"Woodcote (IRE)"	"5.50"	"6.67"	"Handicap"	"1"	"11"	"Baker, George"	"Chamings, P R"	"6"	"11"
"17:55:00"	"2008-08-15"	"Kempton"	"Gleaming Spirit (IRE)"	"12.00"	"12.9"	"Handicap"	"10"	"11"	"Williams, Darren"	"Jarvis, A P"	"4"	"22"
"16:10:00"	"2008-08-15"	"Dundalk"	"Baggio (IRE)"	"12.00"	"35.91"	"Handicap"	"3"	"14"	"McCullagh, N G"	"OBrien, Charles"	"7"	"33"
"14:25:00"	"2008-08-15"	"Dundalk"	"Hazelwood Ridge (IRE)"	"25.00"	"32.5"	"Non-Handicap"	"8"	"14"	"Smullen, P J"	"McCabe, James Bernard"	"5"	"26"
"17:00:00"	"2008-08-12"	"Lingfield"	"Murrin (IRE)"	"4.50"	"6.21"	"Handicap"	"1"	"12"	"Mitchell, Jack"	"Mills, T G"	"4"	"11"
"16:00:00"	"2008-08-11"	"Wolverhampton"	"All You Need (IRE)"	"6.50"	"8.4"	"Handicap"	"10"	"12"	"Turner, Hayley"	"Hollinshead, R"	"4"	"25"
"15:00:00"	"2008-08-11"	"Wolverhampton"	"Adalar (IRE)"	"40.00"	"92.63"	"Seller"	"4"	"10"	"Slattery, Vince"	"Pollock, B N"	"8"	"5"
"12:55:00"	"2007-12-21"	"Southwell"	"Brunton (IRE)"	"40.00"	"44"	"Seller"	"11"	"12"	"Donohoe, Stephen"	"Berry, A"	"5"	"62"
"14:40:00"	"2007-12-18"	"Southwell"	"Proud Killer"	"10.00"	"15.37"	"Handicap"	"4"	"5"	"Jones, Liam"	"Jenkins, J R"	"4"	"64"
"15:00:00"	"2007-12-12"	"Southwell"	"Bel Cantor"	"5.00"	"0"	"Handicap"	"3"	"9"	"Mullen, Andrew"	"Ratcliffe, W J H"	"4"	"39"
"12:30:00"	"2007-12-11"	"Southwell"	"Saviles Delight (IRE)"	"3.00"	"0"	"Handicap"	"6"	"10"	"Kingscote, Richard"	"Dascombe, Tom"	"8"	"179"
"12:30:00"	"2007-12-11"	"Southwell"	"Obe One"	"33.00"	"0"	"Handicap"	"8"	"10"	"Mathers, Patrick"	"Berry, A"	"7"	"46"
"19:40:00"	"2007-12-05"	"Dundalk"	"Mineral Star (IRE)"	"25.00"	"0"	"Non-Handicap"	"8"	"8"	"Lee, W J"	"Donohoe, R"	"5"	"43"
"13:30:00"	"2007-12-04"	"Wolverhampton"	"Guto"	"10.00"	"0"	"Claimer"	"5"	"12"	"Metcalfe, Michael"	"Ratcliffe, W J H"	"4"	"25"
"12:10:00"	"2007-11-30"	"Lingfield"	"Bonnie Prince Blue"	"7.50"	"0"	"Handicap"	"2"	"10"	"Drowne, Steve"	"Hills, B W"	"4"	"20"
"19:00:00"	"2007-11-23"	"Wolverhampton"	"High Reach"	"9.00"	"0"	"Handicap"	"7"	"10"	"Heslop, Dean"	"Barron, T D"	"7"	"24"
"18:45:00"	"2007-11-23"	"Dundalk"	"Distant Times"	"33.00"	"0"	"Non-Handicap"	"7"	"14"	"Harley, M"	"McAteer, Liam"	"6"	"32"
"20:50:00"	"2007-11-22"	"Wolverhampton"	"Josh"	"7.00"	"0"	"Handicap"	"10"	"10"	"Catlin, Chris"	"Ryan, K A"	"5"	"131"
"15:00:00"	"2007-11-19"	"Wolverhampton"	"Northern Empire (IRE) (OLD)"	"11.00"	"0"	"Handicap"	"5"	"13"	"Mullen, Andrew"	"Ryan, K A"	"4"	"51"
"20:25:00"	"2007-11-16"	"Wolverhampton"	"Ingleby Arch (USA)"	"5.00"	"0"	"Handicap"	"12"	"13"	"Brown, Neil"	"Barron, T D"	"4"	"64"
"19:15:00"	"2007-11-16"	"Dundalk"	"If Paradise"	"16.00"	"0"	"Handicap"	"11"	"14"	"Foley, Shane"	"Halford, M"	"6"	"26"
"19:15:00"	"2007-11-16"	"Dundalk"	"Majestic Times (IRE)"	"12.00"	"0"	"Handicap"	"13"	"14"	"Heffernan, J A"	"McAteer, Liam"	"7"	"40"
"15:10:00"	"2007-11-14"	"Wolverhampton"	"Shopfitter"	"66.00"	"0"	"Handicap"	"7"	"9"	"McDonald, Frankie"	"Midgley, P T"	"4"	"515"
"14:30:00"	"2007-11-06"	"Lingfield"	"Compton Classic"	"25.00"	"0"	"Handicap"	"7"	"7"	"Crowley, Jim"	"Boyle, J R"	"5"	"24"
"13:20:00"	"2007-10-30"	"Wolverhampton"	"Dazzler Mac"	"8.00"	"0"	"Handicap"	"5"	"12"	"OBrien, Thomas"	"Bycroft, N"	"6"	"27"
"13:10:00"	"2007-10-29"	"Kempton"	"Tajjree"	"25.00"	"0"	"Handicap"	"4"	"10"	"Kirby, Adam"	"Collingridge, H J"	"4"	"167"
"20:20:00"	"2007-10-24"	"Kempton"	"Smart Cat (IRE)"	"11.00"	"0"	"Claimer"	"4"	"12"	"Elliott, Andrew"	"Jarvis, A P"	"4"	"8"
"20:20:00"	"2007-10-24"	"Kempton"	"Mannello"	"16.00"	"0"	"Claimer"	"5"	"12"	"Thomas, Richard"	"Best, Jim"	"4"	"29"
"19:50:00"	"2007-10-24"	"Kempton"	"Patavium Prince (IRE)"	"14.00"	"0"	"Handicap"	"11"	"12"	"Quinn, Jimmy"	"Best, J R"	"4"	"6"
"16:20:00"	"2007-10-23"	"Lingfield"	"High Ridge"	"20.00"	"0"	"Handicap"	"7"	"11"	"Keniry, L P"	"Bradley, J M"	"8"	"20"
"16:55:00"	"2007-10-21"	"Wolverhampton"	"Peopleton Brook"	"12.00"	"0"	"Handicap"	"8"	"12"	"Fairley, Greg"	"Bradley, J M"	"5"	"39"
"21:20:00"	"2007-10-20"	"Wolverhampton"	"Radiator Rooney (IRE)"	"25.00"	"0"	"Handicap"	"7"	"13"	"Buick, William"	"Morris, Patrick"	"4"	"37"
"19:15:00"	"2007-10-19"	"Dundalk"	"Seven Gold Rings (IRE)"	"12.00"	"0"	"Handicap"	"5"	"14"	"Shanahan, P"	"Morgan, Ms Joanna"	"4"	"19"
"19:00:00"	"2007-10-19"	"Wolverhampton"	"Harrington Bates"	"20.00"	"0"	"Non-Handicap"	"11"	"12"	"Lawson, Mark"	"Lambe, J J"	"6"	"353"
"20:20:00"	"2007-10-17"	"Kempton"	"Navigation (IRE)"	"14.00"	"0"	"Handicap"	"9"	"11"	"McDonald, P J"	"Etherington, T J"	"5"	"12"
"15:25:00"	"2007-10-17"	"Lingfield"	"Scarlet Flyer (USA)"	"8.00"	"0"	"Handicap"	"3"	"12"	"Moore, Ryan"	"Moore, Gary and Josh"	"4"	"22"
"15:50:00"	"2007-10-15"	"Wolverhampton"	"Desert Commander (IRE)"	"12.00"	"0"	"Handicap"	"8"	"12"	"Cosgrave, Pat"	"Ryan, K A"	"5"	"36"
"19:55:00"	"2007-10-12"	"Wolverhampton"	"Night In (IRE)"	"10.00"	"0"	"Handicap"	"5"	"11"	"Tinkler, Kim"	"Tinkler, N"	"4"	"16"
"19:30:00"	"2007-10-12"	"Wolverhampton"	"Sir Orpen (IRE)"	"16.00"	"0"	"Handicap"	"9"	"12"	"Eaves, Tom"	"Barron, T D"	"4"	"62"
"19:30:00"	"2007-10-12"	"Wolverhampton"	"Pivotal Era"	"33.00"	"0"	"Handicap"	"12"	"12"	"Thomas, Richard"	"Best, Jim"	"4"	"111"
"16:00:00"	"2007-10-12"	"Lingfield"	"Capricorn Run (USA)"	"7.50"	"0"	"Handicap"	"2"	"12"	"Sanders, Seb"	"McCabe, A J"	"4"	"6"
"20:20:00"	"2007-10-11"	"Kempton"	"Abwaab"	"20.00"	"0"	"Handicap"	"9"	"11"	"Carson, Stephen"	"Houghton, Eve Johnson"	"4"	"8"
"14:20:00"	"2007-10-08"	"Wolverhampton"	"Seesawmilu (IRE)"	"12.00"	"0"	"Handicap"	"12"	"13"	"Cannon, Declan"	"Alston, E J"	"4"	"65"
"20:50:00"	"2007-10-04"	"Kempton"	"One Way Ticket"	"4.50"	"0"	"Handicap"	"3"	"10"	"Turner, Hayley"	"Bradley, J M"	"7"	"21"
"20:50:00"	"2007-10-04"	"Kempton"	"King Egbert (FR)"	"12.00"	"0"	"Handicap"	"4"	"10"	"Dean, Tolley"	"Price, R J"	"6"	"10"
"19:50:00"	"2007-10-03"	"Kempton"	"Monashee Prince (IRE)"	"7.00"	"0"	"Handicap"	"4"	"11"	"ONeill, Dane"	"Best, J R"	"5"	"13"
"21:20:00"	"2007-09-21"	"Wolverhampton"	"Ai Hawa (IRE)"	"16.00"	"0"	"Non-Handicap"	"9"	"13"	"ODwyer, Jerry"	"Tyrrell, Eamon"	"4"	"36"
"19:50:00"	"2007-09-20"	"Wolverhampton"	"Obe One"	"5.00"	"0"	"Non-Handicap"	"3"	"13"	"Norton, Francis"	"Berry, A"	"7"	"27"
"18:50:00"	"2007-09-15"	"Kempton"	"Twentyfirst Dansar"	"40.00"	"0"	"Handicap"	"13"	"13"	"Frost, Hadden"	"Smith, A D"	"4"	"485"
"21:20:00"	"2007-09-14"	"Wolverhampton"	"Bens Georgie (IRE)"	"6.50"	"0"	"Handicap"	"2"	"12"	"Crowley, Jim"	"Ivory, D K"	"5"	"48"
"15:40:00"	"2007-09-11"	"Lingfield"	"Swinbrook (USA)"	"4.00"	"0"	"Handicap"	"6"	"13"	"Sanders, Seb"	"Toller, J A R"	"6"	"17"
"20:20:00"	"2007-09-06"	"Wolverhampton"	"Charlie Delta"	"9.00"	"0"	"Handicap"	"6"	"12"	"Callan, N"	"Bradley, J M"	"4"	"13"
"15:45:00"	"2007-09-06"	"Laytown"	"Vauxhall Masterfit (IRE)"	"16.00"	"0"	"Handicap"	"6"	"10"	"Condon, D J"	"Quinn, Denis P"	"5"	"104"
"15:45:00"	"2007-09-06"	"Laytown"	"Chiracahua (IRE)"	"9.00"	"0"	"Handicap"	"8"	"10"	"Hussey, M C"	"McGuinness, Adrian"	"5"	"76"
"14:15:00"	"2007-09-06"	"Laytown"	"Lilly Be (IRE)"	"5.00"	"0"	"Handicap"	"1"	"10"	"McDonogh, D P"	"Magnier, Paul"	"4"	"83"
"20:20:00"	"2007-09-05"	"Kempton"	"Guildenstern (IRE) (OLD)"	"12.00"	"0"	"Handicap"	"6"	"12"	"Mongan, Ian"	"Howling, P"	"5"	"28"
"14:40:00"	"2007-08-29"	"Kempton"	"Salisbury Plain"	"11.00"	"0"	"Handicap"	"14"	"14"	"Dwyer, Martin"	"Rossiter, N I M"	"6"	"47"
"16:00:00"	"2007-08-27"	"Kempton"	"Prince Tamino"	"4.50"	"0"	"Handicap"	"8"	"9"	"Dettori, L"	"Suroor, Saeed Bin"	"4"	"23"
"16:00:00"	"2007-08-26"	"Dundalk"	"An Tadh (IRE)"	"5.50"	"0"	"Handicap"	"7"	"14"	"Murtagh, J"	"Lyons, G M"	"4"	"92"
"16:00:00"	"2007-08-26"	"Dundalk"	"Murfreesboro"	"25.00"	"0"	"Handicap"	"10"	"14"	"Cleary, R P"	"Halford, M"	"4"	"332"
"14:15:00"	"2007-08-20"	"Wolverhampton"	"North Fleet"	"20.00"	"0"	"Handicap"	"11"	"13"	"Ghunowa, Kevin"	"Bradley, J M"	"4"	"51"
"18:00:00"	"2007-08-18"	"Lingfield"	"Titus Lumpus (IRE)"	"20.00"	"0"	"Handicap"	"6"	"12"	"McLaughlin, T G"	"Flower, R M"	"4"	"7"
"20:50:00"	"2007-08-01"	"Kempton"	"Daniel Thomas (IRE)"	"25.00"	"0"	"Handicap"	"10"	"13"	"Quinn, Amir"	"Murphy, Anabel K"	"5"	"34"
"18:20:00"	"2007-08-01"	"Kempton"	"Devonia Plains (IRE)"	"66.00"	"0"	"Handicap"	"13"	"14"	"May, K"	"Dutfield, Mrs P N"	"5"	"87"
"15:40:00"	"2006-12-28"	"Southwell"	"Roko"	"33.00"	"0"	"Non-Handicap"	"11"	"13"	"Makin, Phillip"	"Bowring, S R"	"4"	"137"
"16:20:00"	"2006-12-23"	"Wolverhampton"	"Flying Bantam (IRE)"	"14.00"	"0"	"Handicap"	"7"	"8"	"Rogers, James"	"Fahey, R A"	"5"	"56"
"15:55:00"	"2006-12-18"	"Kempton"	"Detonate"	"7.00"	"0"	"Non-Handicap"	"3"	"11"	"Doyle, James"	"Doyle, Ms J S"	"4"	"113"
"15:10:00"	"2006-12-06"	"Kempton"	"Peggys First"	"14.00"	"0"	"Non-Handicap"	"12"	"12"	"Tebbutt, Michael"	"Cantillon, D E"	"4"	"168"
"18:20:00"	"2006-11-28"	"Wolverhampton"	"Primarily"	"10.00"	"0"	"Maiden"	"3"	"10"	"Baker, George"	"Grayson, Peter"	"4"	"50"
"15:10:00"	"2006-11-27"	"Kempton"	"Mostanad"	"25.00"	"0"	"Non-Handicap"	"9"	"11"	"Savage, Barry"	"Bradley, J M"	"4"	"81"
"21:30:00"	"2006-11-25"	"Wolverhampton"	"Stylistic (IRE)"	"50.00"	"0"	"Handicap"	"8"	"12"	"Culhane, Tony"	"Lambe, J J"	"5"	"47"
"12:50:00"	"2006-11-21"	"Southwell"	"Newsround"	"16.00"	"0"	"Non-Handicap"	"13"	"14"	"Quinn, Paul"	"Chapman, D W"	"4"	"135"
"13:10:00"	"2006-11-20"	"Southwell"	"Jilly Why (IRE)"	"8.00"	"0"	"Handicap"	"3"	"14"	"Berry, F M"	"Evans, Ms Deborah J"	"5"	"151"
"16:20:00"	"2006-11-16"	"Wolverhampton"	"Campo Bueno (FR)"	"14.00"	"0"	"Handicap"	"11"	"11"	"Winston, Robert"	"Berry, A"	"4"	"33"
"18:20:00"	"2006-11-15"	"Kempton"	"Cesar Manrique (IRE)"	"40.00"	"0"	"Handicap"	"10"	"13"	"Keniry, L P"	"Jones, A E"	"4"	"30"
"16:20:00"	"2006-11-15"	"Kempton"	"Kempsey"	"50.00"	"0"	"Handicap"	"6"	"10"	"Keniry, L P"	"Bridger, J / Cook, R"	"4"	"103"
"15:50:00"	"2006-11-14"	"Southwell"	"Howards Princess"	"18.00"	"0"	"Handicap"	"7"	"13"	"Gibson, Dale"	"Hetherton, J"	"4"	"21"
"13:50:00"	"2006-11-14"	"Southwell"	"For Life (IRE)"	"16.00"	"0"	"Seller"	"2"	"14"	"ONeill, Dane"	"Jarvis, A P"	"4"	"96"
"15:50:00"	"2006-11-09"	"Lingfield"	"Aastral Magic"	"9.00"	"0"	"Handicap"	"10"	"12"	"Fortune, Jimmy"	"Hannon, R"	"4"	"43"
"13:00:00"	"2006-11-06"	"Kempton"	"Wild Lass"	"40.00"	"0"	"Non-Handicap"	"9"	"13"	"Keniry, L P"	"Fox, J C"	"5"	"19"
"16:00:00"	"2006-11-05"	"Lingfield"	"Quality Street"	"25.00"	"0"	"Handicap"	"3"	"10"	"Walsh, Joseph"	"Butler, P"	"4"	"30"
"18:20:00"	"2006-11-02"	"Wolverhampton"	"Miss Sudbrook (IRE)"	"100.00"	"0"	"Maiden"	"6"	"10"	"Norton, Francis"	"Carroll, A W"	"4"	"92"
"13:20:00"	"2006-10-31"	"Southwell"	"Campeon (IRE)"	"5.00"	"0"	"Non-Handicap"	"3"	"13"	"Donohoe, Stephen"	"Bradley, J M"	"4"	"64"
"14:45:00"	"2006-10-29"	"Kempton"	"Green Pirate"	"12.00"	"0"	"Non-Handicap"	"11"	"14"	"Stack, Emmett"	"Brisbourne, W M"	"4"	"96"
"14:20:00"	"2006-10-29"	"Wolverhampton"	"Namroud (USA)"	"11.00"	"0"	"Claimer"	"7"	"13"	"Moriarty, Jamie"	"Fahey, R A"	"7"	"11"
"13:35:00"	"2006-10-29"	"Kempton"	"Arfinnit (IRE)"	"14.00"	"0"	"Non-Handicap"	"8"	"12"	"Mackay, Jamie"	"Murphy, Anabel K"	"5"	"78"
"21:30:00"	"2006-10-28"	"Wolverhampton"	"Goodwood Spirit"	"40.00"	"0"	"Handicap"	"12"	"12"	"Drowne, Steve"	"Bradley, J M"	"4"	"71"
"19:30:00"	"2006-10-28"	"Wolverhampton"	"Bonne De Fleur"	"10.00"	"0"	"Handicap"	"4"	"12"	"Winston, Robert"	"Smart, B"	"5"	"45"
"17:30:00"	"2006-10-23"	"Kempton"	"Tartan Special"	"10.00"	"0"	"Non-Handicap"	"1"	"13"	"Enstone, Lee"	"Burke, K R"	"4"	"79"
"16:00:00"	"2006-10-23"	"Kempton"	"Ace Club"	"8.00"	"0"	"Non-Handicap"	"11"	"12"	"Gibson, Dale"	"Attwater, M J"	"5"	"72"
"14:20:00"	"2006-10-21"	"Lingfield"	"Mr Wolf"	"10.00"	"0"	"Handicap"	"8"	"10"	"Eaves, Tom"	"Barker, D W"	"5"	"32"
"13:50:00"	"2006-10-20"	"Lingfield"	"Catskill (OLD)"	"20.00"	"0"	"Handicap"	"12"	"13"	"Moore, Rory"	"Vaughan, E F"	"4"	"63"
"19:30:00"	"2006-10-14"	"Wolverhampton"	"Howards Princess"	"8.00"	"0"	"Claimer"	"1"	"12"	"Hanagan, Paul"	"Semple, I"	"4"	"17"
"16:10:00"	"2006-10-08"	"Wolverhampton"	"Cape Greko"	"40.00"	"0"	"Non-Handicap"	"9"	"9"	"Holland, Darryll"	"Balding, A M"	"4"	"15"
"15:20:00"	"2006-10-05"	"Lingfield"	"Molem"	"3.33"	"0"	"Handicap"	"1"	"10"	"Spencer, Jamie"	"Herries, Lady"	"4"	"56"
"17:00:00"	"2006-09-30"	"Kempton"	"Dr Thong"	"16.00"	"0"	"Handicap"	"13"	"13"	"Souza, Jose de"	"Cole, P F I"	"5"	"15"
"16:50:00"	"2006-09-18"	"Kempton"	"Coleridge (AUS)"	"33.00"	"0"	"Handicap"	"6"	"13"	"Miles, Robert"	"Powell, B G"	"7"	"3"
"19:00:00"	"2006-09-16"	"Wolverhampton"	"Sedge (USA)"	"5.50"	"0"	"Handicap"	"2"	"12"	"Turner, Hayley"	"Midgley, P T"	"6"	"16"
"15:45:00"	"2006-09-05"	"Laytown"	"Tango Step (IRE)"	"6.00"	"0"	"Handicap"	"6"	"10"	"Flood, P W"	"Lawlor, Bernard"	"6"	"4"
"15:45:00"	"2006-09-05"	"Laytown"	"Miss Isabela (IRE)"	"12.00"	"0"	"Handicap"	"7"	"10"	"McCullagh, N G"	"Crowley, Ms F M"	"4"	"4"
"15:45:00"	"2006-09-05"	"Laytown"	"Rokocoko (IRE)"	"14.00"	"0"	"Handicap"	"9"	"10"	"Carberry, P"	"Quinn, John A"	"4"	"4"
"17:10:00"	"2006-09-03"	"Lingfield"	"Bold Diktator"	"7.00"	"0"	"Handicap"	"6"	"8"	"Block, Travis"	"Muir, W R"	"4"	"30"
"19:30:00"	"2006-08-31"	"Wolverhampton"	"Globe Trekker (USA)"	"50.00"	"0"	"Handicap"	"13"	"13"	"Fitzpatrick, Robbie"	"Grayson, Peter"	"4"	"8"
"14:05:00"	"2005-12-28"	"Wolverhampton"	"Lakeside Guy (IRE)"	"33.00"	"0"	"Non-Handicap"	"11"	"13"	"Thomas, Richard"	"Appleby, M"	"4"	"182"
"12:20:00"	"2005-12-20"	"Southwell"	"Marshallspark (IRE)"	"10.00"	"0"	"Handicap"	"10"	"12"	"Hanagan, Paul"	"Fahey, R A"	"6"	"72"
"13:10:00"	"2005-12-19"	"Wolverhampton"	"Willhewiz"	"4.50"	"0"	"Handicap"	"2"	"10"	"Dobson, Mr S"	"Saunders, M S"	"5"	"107"
"14:50:00"	"2005-12-14"	"Lingfield"	"Smirfys Party"	"6.00"	"0"	"Non-Handicap"	"5"	"12"	"Ahern, Eddie"	"Brisbourne, W M"	"7"	"130"
"20:30:00"	"2005-12-10"	"Wolverhampton"	"Hard To Catch (IRE)"	"14.00"	"0"	"Handicap"	"3"	"13"	"Reynolds, Laura"	"Ivory, D K"	"7"	"78"
"14:30:00"	"2005-12-06"	"Southwell"	"Rydal (USA)"	"10.00"	"0"	"Handicap"	"2"	"9"	"Gibbons, Graham"	"Alston, E J"	"4"	"149"
"13:30:00"	"2005-12-06"	"Southwell"	"Davids Mark"	"25.00"	"0"	"Handicap"	"8"	"13"	"Ahern, Eddie"	"Jenkins, J R"	"5"	"100"
"13:00:00"	"2005-12-06"	"Southwell"	"Online Investor"	"25.00"	"0"	"Seller"	"9"	"14"	"Fenton, Micky"	"Smith, C"	"6"	"161"
"19:30:00"	"2005-12-03"	"Wolverhampton"	"Million Percent"	"10.00"	"0"	"Claimer"	"4"	"13"	"Cosgrave, Pat"	"Burke, K R"	"6"	"108"
"15:00:00"	"2005-12-02"	"Wolverhampton"	"Bonus (IRE)"	"9.00"	"0"	"Handicap"	"1"	"13"	"Mackay, Nicky"	"Butler, G A"	"5"	"109"
"14:50:00"	"2005-11-29"	"Lingfield"	"Times Review (USA)"	"8.00"	"0"	"Handicap"	"5"	"10"	"Quinn, Jimmy"	"Dwyer, C A"	"4"	"28"
"14:00:00"	"2005-11-26"	"Lingfield"	"WeRe Stonybroke (IRE)"	"33.00"	"0"	"Handicap"	"14"	"14"	"Catlin, Chris"	"Chung, G C H"	"6"	"25"
"13:10:00"	"2005-11-21"	"Lingfield"	"Prince Valentine"	"10.00"	"0"	"Non-Handicap"	"3"	"14"	"Marshall, Jemma"	"Moore, Gary and Josh"	"4"	"34"
"12:00:00"	"2005-11-19"	"Southwell"	"Semper Paratus (USA)"	"14.00"	"0"	"Non-Handicap"	"9"	"10"	"Henry, Matthew"	"Smith, V"	"6"	"32"
"14:05:00"	"2005-11-16"	"Southwell"	"Stagnite"	"40.00"	"0"	"Seller"	"11"	"14"	"Doyle, James"	"McAuliffe, K"	"5"	"15"
"14:50:00"	"2005-11-15"	"Lingfield"	"Material Witness (IRE)"	"6.00"	"0"	"Handicap"	"10"	"11"	"Fallon, K"	"Muir, W R"	"8"	"52"
"14:40:00"	"2005-11-15"	"Southwell"	"Lord Links (IRE)"	"3.33"	"0"	"Handicap"	"6"	"13"	"Spencer, Jamie"	"Daly, D J"	"4"	"38"
"16:30:00"	"2005-11-14"	"Wolverhampton"	"Gallas (IRE)"	"25.00"	"0"	"Non-Handicap"	"6"	"13"	"Williams, Dean"	"Chung, G C H"	"4"	"10"
"12:50:00"	"2005-11-10"	"Lingfield"	"Dr Thong"	"8.00"	"0"	"Handicap"	"1"	"12"	"Fortune, Jimmy"	"Cole, P F I"	"4"	"55"
"15:50:00"	"2005-11-09"	"Wolverhampton"	"Craic Sa Ceili (IRE)"	"5.50"	"0"	"Handicap"	"10"	"12"	"Callan, N"	"Saunders, M S"	"5"	"72"
"14:50:00"	"2005-11-08"	"Southwell"	"Westborough (IRE)"	"8.00"	"0"	"Non-Handicap"	"3"	"14"	"Tinkler, Kim"	"Tinkler, N"	"4"	"21"
"14:50:00"	"2005-11-08"	"Southwell"	"Forzenuff"	"10.00"	"0"	"Non-Handicap"	"7"	"14"	"Cosgrave, Pat"	"Boyle, J R"	"4"	"66"
"18:20:00"	"2005-11-05"	"Wolverhampton"	"Penny Stall"	"33.00"	"0"	"Handicap"	"12"	"13"	"Drowne, Steve"	"Lavelle, Miss E C"	"4"	"22"
"16:30:00"	"2005-11-05"	"Wolverhampton"	"Hoh Bleu Dee"	"7.00"	"0"	"Handicap"	"2"	"13"	"Guillambert, J-P"	"Keddy, T"	"4"	"25"
"13:00:00"	"2005-11-05"	"Southwell"	"Night Explosion (IRE)"	"22.00"	"0"	"Non-Handicap"	"6"	"14"	"Baker, George"	"Davis, D J S Ffrench"	"7"	"18"
"13:00:00"	"2005-11-05"	"Southwell"	"Viking Star (IRE)"	"16.00"	"0"	"Non-Handicap"	"12"	"14"	"Catlin, Chris"	"Brown, A D"	"4"	"18"
"15:20:00"	"2005-10-30"	"Lingfield"	"Fromsong (IRE)"	"33.00"	"0"	"Handicap"	"1"	"12"	"ONeill, Dane"	"Ivory, D K"	"7"	"41"
"17:20:00"	"2005-10-24"	"Wolverhampton"	"Luke After Me (IRE)"	"14.00"	"0"	"Non-Handicap"	"4"	"12"	"Tebbutt, Michael"	"Waggott, Miss Tracy"	"5"	"10"
"15:20:00"	"2005-10-18"	"Southwell"	"Saviles Delight (IRE)"	"14.00"	"0"	"Handicap"	"9"	"14"	"Nolan, D"	"Brotherton, R"	"6"	"11"
"14:20:00"	"2005-10-18"	"Southwell"	"Dizzy In The Head"	"12.00"	"0"	"Handicap"	"6"	"13"	"Eaves, Tom"	"Semple, I"	"6"	"17"
"14:20:00"	"2005-10-13"	"Southwell"	"Amandas Lad (IRE)"	"7.00"	"0"	"Non-Handicap"	"5"	"14"	"Makin, Phillip"	"Chapman, M C"	"5"	"9"
"16:10:00"	"2005-10-06"	"Southwell"	"Travelling Times"	"7.50"	"0"	"Non-Handicap"	"4"	"14"	"McCabe, David"	"Poulton, Julian"	"6"	"35"
"11:40:00"	"2005-10-01"	"Southwell"	"Shadow Jumper (IRE)"	"14.00"	"0"	"Non-Handicap"	"10"	"14"	"Renwick, Stacy"	"Attwater, M J"	"4"	"131"
"11:10:00"	"2005-10-01"	"Southwell"	"Arties Lad (IRE)"	"5.50"	"0"	"Maiden Claimer"	"12"	"14"	"McCabe, David"	"Nicholls, D"	"4"	"49"
"15:30:00"	"2005-09-26"	"Wolverhampton"	"Bunkhouse"	"14.00"	"0"	"Non-Handicap"	"11"	"13"	"Daly, Alan"	"Macauley, Mrs N"	"5"	"53"
"12:55:00"	"2005-09-17"	"Lingfield"	"Revolve"	"25.00"	"0"	"Non-Handicap"	"14"	"14"	"Quinn, Amir"	"Mongan, Mrs L J"	"5"	"44"
"12:00:00"	"2005-09-10"	"Wolverhampton"	"Fenwicks Pride (IRE)"	"5.00"	"0"	"Non-Handicap"	"2"	"12"	"Parkin, Gyles"	"Wainwright, J S"	"7"	"11"
"15:50:00"	"2005-09-06"	"Lingfield"	"Material Witness (IRE)"	"3.50"	"0"	"Handicap"	"2"	"10"	"Hughes, Richard"	"Muir, W R"	"8"	"24"
"15:50:00"	"2005-09-06"	"Lingfield"	"Swinbrook (USA)"	"12.00"	"0"	"Handicap"	"6"	"10"	"Queally, T P"	"Toller, J A R"	"4"	"32"
"17:45:00"	"2005-09-01"	"Laytown"	"Adriatic"	"11.00"	"0"	"Handicap"	"6"	"10"	"Power, R M"	"Kavanagh, Michael"	"5"	"12"
"17:45:00"	"2005-09-01"	"Laytown"	"Minerva Queen (IRE)"	"12.00"	"0"	"Handicap"	"9"	"10"	"Mason, D"	"Lynam, Edward"	"4"	"14"
"17:50:00"	"2005-08-20"	"Lingfield"	"Queenstown (IRE) (OLD)"	"25.00"	"0"	"Claimer"	"7"	"9"	"Reilly, Brian"	"Pearce, B A"	"4"	"21"
"16:20:00"	"2005-08-18"	"Wolverhampton"	"Misaro (GER)"	"6.50"	"0"	"Seller"	"3"	"8"	"Baker, George"	"Dore, C R"	"4"	"105"
"15:45:00"	"2005-08-18"	"Wolverhampton"	"New Options"	"12.00"	"0"	"Handicap"	"1"	"12"	"Fitzpatrick, Robbie"	"Grayson, Peter"	"8"	"12"
"15:45:00"	"2005-08-18"	"Wolverhampton"	"Heavens Walk"	"6.00"	"0"	"Handicap"	"11"	"12"	"Sweeney, Fergus"	"Makin, P J"	"4"	"6"
"15:40:00"	"2005-08-05"	"Lingfield"	"Shielaligh"	"12.00"	"0"	"Handicap"	"6"	"13"	"Millman, James"	"Millman, B R"	"4"	"14"
"14:30:00"	"2004-12-21"	"Southwell"	"Petana"	"25.00"	"0"	"Non-Handicap"	"7"	"14"	"Fentiman, Duran"	"Elliott, R P"	"4"	"101"
"13:00:00"	"2004-12-21"	"Southwell"	"Lake Verdi (IRE)"	"3.50"	"0"	"Non-Handicap"	"9"	"12"	"Cosgrave, Pat"	"Kelleway, Miss Gay"	"5"	"108"
"15:10:00"	"2004-12-20"	"Lingfield"	"Tiny Tim (IRE)"	"14.00"	"0"	"Non-Handicap"	"8"	"14"	"Killoran, R J"	"Balding, A M"	"6"	"107"
"14:10:00"	"2004-12-20"	"Lingfield"	"Lilian"	"66.00"	"0"	"Maiden Claimer"	"7"	"14"	"Chalmers, Neil"	"Davison, Miss Z C"	"4"	"138"
"12:00:00"	"2004-12-18"	"Lingfield"	"College Queen"	"40.00"	"0"	"Handicap"	"8"	"10"	"Norton, Francis"	"Gollings, S"	"6"	"71"
"14:25:00"	"2004-12-03"	"Wolverhampton"	"Inter Vision (USA)"	"16.00"	"0"	"Non-Handicap"	"6"	"12"	"Hanagan, Paul"	"Dickman, A"	"4"	"69"
"15:30:00"	"2004-12-01"	"Southwell"	"Chantry Falls (IRE)"	"20.00"	"0"	"Non-Handicap"	"10"	"14"	"McKeown, Dean"	"Given, J G"	"4"	"172"
"13:40:00"	"2004-11-22"	"Lingfield"	"Hammer Of The Gods (IRE)"	"3.50"	"0"	"Non-Handicap"	"1"	"9"	"Callan, N"	"Poulton, Julian"	"4"	"68"
"12:30:00"	"2004-11-22"	"Southwell"	"Kennington (OLD)"	"6.50"	"0"	"Handicap"	"2"	"14"	"Culhane, Tony"	"Dunnett, Mrs C A"	"4"	"67"
"15:50:00"	"2004-11-16"	"Lingfield"	"Graft"	"20.00"	"0"	"Handicap"	"5"	"15"	"Thompson, Mrs C"	"Townsley, Mrs P"	"5"	"115"
"14:30:00"	"2004-11-15"	"Wolverhampton"	"Esperance (IRE)"	"4.50"	"0"	"Non-Handicap"	"4"	"12"	"Moore, Ryan"	"Akehurst, J"	"4"	"10"
"21:30:00"	"2004-11-13"	"Wolverhampton"	"Magic Amour"	"20.00"	"0"	"Handicap"	"10"	"12"	"Ahern, Eddie"	"Williams, Ian"	"6"	"49"
"21:30:00"	"2004-11-13"	"Wolverhampton"	"Corbel (USA)"	"40.00"	"0"	"Handicap"	"11"	"12"	"Jones, Lisa"	"Kelleway, Miss Gay"	"4"	"60"
"12:25:00"	"2004-11-13"	"Lingfield"	"Not So Dusty"	"25.00"	"0"	"Handicap"	"6"	"7"	"Sweeney, Fergus"	"Makin, P J"	"4"	"413"
"17:15:00"	"2004-11-12"	"Wolverhampton"	"Namroud (USA)"	"5.50"	"0"	"Handicap"	"8"	"11"	"Hanagan, Paul"	"Fahey, R A"	"5"	"16"
"14:30:00"	"2004-11-09"	"Southwell"	"La Motta (IRE)"	"6.00"	"0"	"Maiden"	"5"	"14"	"Queally, T P"	"Mahon, S J"	"4"	"24"
"17:30:00"	"2004-11-05"	"Wolverhampton"	"Marabar"	"10.00"	"0"	"Non-Handicap"	"8"	"12"	"Culhane, Tony"	"Chapman, D W"	"6"	"25"
"18:20:00"	"2004-11-04"	"Wolverhampton"	"Saviles Delight (IRE)"	"14.00"	"0"	"Handicap"	"4"	"13"	"Catlin, Chris"	"Brotherton, R"	"5"	"61"
"18:20:00"	"2004-11-04"	"Wolverhampton"	"Izmail (IRE)"	"10.00"	"0"	"Handicap"	"10"	"13"	"Nolan, D"	"Evans, P D"	"5"	"27"
"17:30:00"	"2004-11-03"	"Wolverhampton"	"Branston Tiger"	"12.00"	"0"	"Non-Handicap"	"9"	"13"	"Nolan, D"	"Evans, P D"	"5"	"23"
"16:20:00"	"2004-10-31"	"Lingfield"	"Sharoura"	"9.00"	"0"	"Handicap"	"12"	"14"	"Lawes, N S"	"Fahey, R A"	"8"	"20"
"21:30:00"	"2004-10-30"	"Wolverhampton"	"Regents Secret (USA)"	"4.50"	"0"	"Handicap"	"1"	"13"	"Eaves, Tom"	"Goldie, J S"	"4"	"20"
"16:50:00"	"2004-10-28"	"Lingfield"	"Roman Quintet (IRE)"	"3.00"	"0"	"Non-Handicap"	"2"	"14"	"Quinn, T"	"Arbuthnot, D W P"	"4"	"17"
"16:50:00"	"2004-10-25"	"Wolverhampton"	"Lily Of The Guild (IRE)"	"10.00"	"0"	"Non-Handicap"	"2"	"12"	"Norton, Francis"	"Kittow, W S"	"5"	"51"
"13:45:00"	"2004-10-23"	"Wolverhampton"	"Caerphilly Gal"	"4.50"	"0"	"Non-Handicap"	"7"	"13"	"Fox, Dominic"	"Gilligan, P L"	"4"	"7"
"13:45:00"	"2004-10-23"	"Wolverhampton"	"Scarrottoo"	"11.00"	"0"	"Non-Handicap"	"9"	"13"	"Remmerswaal, Esther"	"Williams, S C"	"6"	"38"
"13:15:00"	"2004-10-23"	"Wolverhampton"	"Strike Lucky"	"5.00"	"0"	"Non-Handicap"	"12"	"13"	"Quinn, Jimmy"	"Makin, P J"	"4"	"98"
"16:00:00"	"2004-10-18"	"Wolverhampton"	"Winning Venture"	"11.00"	"0"	"Handicap"	"10"	"12"	"Fenton, Micky"	"Carroll, A W"	"7"	"31"
"13:45:00"	"2004-10-13"	"Lingfield"	"Pepper Road"	"5.50"	"0"	"Non-Handicap"	"6"	"12"	"Ffrench, Royston"	"Bastiman, R"	"5"	"14"
"21:30:00"	"2004-10-09"	"Wolverhampton"	"Willhewiz"	"33.00"	"0"	"Handicap"	"2"	"13"	"Keniry, L P"	"Stronge, R M"	"4"	"24"
"15:50:00"	"2004-10-06"	"Lingfield"	"Gallery Breeze"	"14.00"	"0"	"Seller"	"5"	"12"	"Slattery, Vince"	"Spearing, J L"	"5"	"22"
"12:50:00"	"2004-09-18"	"Lingfield"	"Akiramenai (USA)"	"25.00"	"0"	"Maiden Claimer"	"13"	"14"	"Stubbs, Kristin"	"Stubbs, Mrs L"	"4"	"36"
"15:00:00"	"2004-09-09"	"Laytown"	"Buchra Inchalla (IRE)"	"6.00"	"0"	"Handicap"	"2"	"10"	"OShea, T P"	"Martin, Patrick"	"5"	"6"
"17:00:00"	"2004-09-01"	"Lingfield"	"Treetops Hotel (IRE)"	"5.50"	"0"	"Non-Handicap"	"4"	"12"	"Chalmers, Neil"	"Johnson, B R"	"5"	"9"
"16:20:00"	"2004-08-26"	"Lingfield"	"Obrigado (USA)"	"16.00"	"0"	"Handicap"	"2"	"14"	"Kelly, Shane"	"Haggas, W J"	"4"	"19"
"16:20:00"	"2004-08-26"	"Lingfield"	"Hard To Catch (IRE)"	"20.00"	"0"	"Handicap"	"7"	"14"	"Savage, M"	"Ivory, D K"	"6"	"20"
"18:40:00"	"2004-08-23"	"Southwell"	"Lucius Verrus (USA)"	"14.00"	"0"	"Handicap"	"3"	"14"	"Williams, Darren"	"Shaw, D"	"4"	"16"
"15:45:00"	"2004-08-19"	"Southwell"	"Kennington (OLD)"	"5.50"	"0"	"Handicap"	"2"	"15"	"Jones, Lisa"	"Dunnett, Mrs C A"	"4"	"27"
"15:45:00"	"2004-08-19"	"Southwell"	"The Leather Wedge (IRE)"	"20.00"	"0"	"Handicap"	"3"	"15"	"Bradley, P"	"Berry, A"	"5"	"29"
"14:35:00"	"2004-08-19"	"Southwell"	"Fizzy Lizzy"	"16.00"	"0"	"Seller"	"9"	"11"	"Hogg, Mr W"	"Ham, G A"	"4"	"21"
"17:00:00"	"2004-08-09"	"Lingfield"	"Pirouettes (IRE)"	"33.00"	"0"	"Handicap"	"9"	"13"	"Marshall, Jemma"	"Oertel, Ernst"	"4"	"9"
"15:10:00"	"2003-12-22"	"Wolverhampton"	"Lady Protector"	"16.00"	"0"	"Maiden"	"8"	"12"	"Bramhill, J"	"Balding, J"	"4"	"105"
"13:10:00"	"2003-12-19"	"Southwell"	"Aljomar"	"50.00"	"0"	"Maiden"	"7"	"9"	"Eaves, Tom"	"Barr, R E"	"4"	"95"
"13:55:00"	"2003-12-16"	"Southwell"	"Ridicule"	"25.00"	"0"	"Handicap"	"8"	"16"	"Havlin, Robert"	"Portman, J G"	"4"	"90"
"12:30:00"	"2003-12-09"	"Southwell"	"Bali-Star"	"16.00"	"0"	"Seller"	"5"	"15"	"Catlin, Chris"	"Hodges, R J"	"8"	"76"
"12:00:00"	"2003-12-02"	"Lingfield"	"Walker Bay (IRE)"	"66.00"	"0"	"Non-Handicap"	"11"	"11"	"Smith, Richard"	"Fox, J C"	"5"	"51"
"12:10:00"	"2003-11-25"	"Southwell"	"Catch The Cat (IRE)"	"10.00"	"0"	"Handicap"	"5"	"16"	"Eaves, Tom"	"Wainwright, J S"	"4"	"18"
"12:35:00"	"2003-11-24"	"Southwell"	"Aunt Doris"	"66.00"	"0"	"Handicap"	"12"	"12"	"Mitchell, Sarah"	"Johnson, Paul"	"6"	"415"
"15:15:00"	"2003-11-22"	"Lingfield"	"Rapscallion (GER)"	"50.00"	"0"	"Non-Handicap"	"7"	"14"	"Tate, J"	"Eustace, J M P"	"4"	"70"
"14:40:00"	"2003-11-19"	"Southwell"	"Second Minister"	"8.00"	"0"	"Maiden"	"3"	"16"	"Doe, Paul"	"Flood, D"	"4"	"123"
"12:30:00"	"2003-11-19"	"Southwell"	"Levantine (IRE)"	"16.00"	"0"	"Seller"	"3"	"16"	"Whitworth, Simon"	"Newcombe, A G"	"6"	"69"
"12:30:00"	"2003-11-19"	"Southwell"	"Eager Angel (IRE)"	"50.00"	"0"	"Seller"	"11"	"16"	"Mongan, Ian"	"Marvin, R F"	"5"	"137"
"14:10:00"	"2003-11-14"	"Wolverhampton"	"Lady Alruna (IRE)"	"33.00"	"0"	"Claimer"	"7"	"13"	"Fox, Dominic"	"Midgley, P T"	"4"	"7"
"12:30:00"	"2003-11-14"	"Wolverhampton"	"Vintage Style"	"20.00"	"0"	"Handicap"	"5"	"9"	"Duffield, G"	"McWilliams, H A"	"4"	"44"
"20:00:00"	"2003-11-01"	"Wolverhampton"	"Northern Games"	"12.00"	"0"	"Handicap"	"4"	"12"	"Winston, Robert"	"Ryan, K A"	"4"	"4"
"20:00:00"	"2003-11-01"	"Wolverhampton"	"Spindor (USA)"	"9.00"	"0"	"Handicap"	"5"	"12"	"Kelly, Shane"	"Osborne, J A"	"4"	"35"
"13:40:00"	"2003-10-27"	"Lingfield"	"Lady Pekan"	"33.00"	"0"	"Handicap"	"13"	"14"	"Guillambert, J-P"	"McEntee, P S"	"4"	"14"
"21:30:00"	"2003-09-06"	"Wolverhampton"	"Chorus (OLD)"	"12.00"	"0"	"Handicap"	"6"	"13"	"Jones, Lisa"	"Millman, B R"	"6"	"9"
"19:30:00"	"2003-09-06"	"Wolverhampton"	"Arnbi Dancer"	"6.50"	"0"	"Claimer"	"2"	"11"	"Enstone, Lee"	"Haslam, P C"	"4"	"35"
"16:45:00"	"2003-09-02"	"Southwell"	"Bonny Ruan"	"20.00"	"0"	"Handicap"	"1"	"16"	"Eddery, Paul"	"Jones, D Haydn"	"4"	"1"
"16:45:00"	"2003-09-02"	"Southwell"	"Catch The Cat (IRE)"	"4.50"	"0"	"Handicap"	"5"	"16"	"Williams, Darren"	"Wainwright, J S"	"4"	"10"
"16:45:00"	"2003-09-02"	"Southwell"	"Lady Protector"	"33.00"	"0"	"Handicap"	"16"	"16"	"Makin, Phillip"	"Bowring, S R"	"4"	"11"
"16:15:00"	"2003-09-02"	"Southwell"	"Playful Spirit"	"66.00"	"0"	"Non-Handicap"	"11"	"15"	"Makin, Phillip"	"Bowring, S R"	"4"	"13"
 