RTime	Date	track	Qualifier	Odds_Numeric	Odds_Exchange	Race_Type	Position	Runners	Jockey	Trainer	Distance	RaceClass	DaysSinceRun	LR_Position	LR_NumberRunners	
"16:45:00"	"2026-07-25"	"Ascot"	"Asmen Warrior (IRE)"	"5.50"	"7.11"	"Handicap"	"7"	"11"	"Fallon, Cieren"	"Owen, J P"	"1m "	"2"	"16"	"1"	"13"
"16:35:00"	"2026-07-25"	"Newcastle"	"Defence Missile (IRE)"	"22.00"	"30.19"	"Handicap"	"1"	"12"	"Bradley, Paddy"	"Perratt, Miss L A"	"1m "	"6"	"14"	"5"	"6"
"13:30:00"	"2026-07-25"	"York"	"Cameley Days"	"40.00"	"65.88"	"Handicap"	"13"	"17"	"Best, J A"	"Dwyer, C A"	"5f "	"4"	"29"	"3"	"5"
"19:08:00"	"2026-07-24"	"Cork"	"Captain Ciano (IRE)"	"33.00"	"100"	"Handicap"	"16"	"19"	"Ryan, J J G"	"McCourt, T G"	"6f "	"0"	"12"	"10"	"14"
"17:39:00"	"2026-07-23"	"Yarmouth"	"Rogue Dynasty"	"2.50"	"4.11"	"Handicap"	"2"	"6"	"Davies, Harry"	"Owen, J P"	"1m "	"5"	"23"	"3"	"7"
"19:33:00"	"2026-07-17"	"Newmarket (July)"	"Tuscan Point (IRE)"	"40.00"	"50"	"Handicap"	"4"	"7"	"Carson, William"	"Kirby, Adam"	"5f "	"4"	"11"	"11"	"11"
"13:55:00"	"2026-07-11"	"Ascot"	"King Of Light"	"9.00"	"14.7"	"Handicap"	"15"	"15"	"Vigors, Harry"	"Williams, S C"	"5f "	"2"	"12"	"1"	"10"
"19:10:00"	"2026-07-03"	"Bellewstown"	"Reposado"	"9.00"	"14"	"Maiden"	"6"	"8"	"OConnor, Donagh"	"Aguiar, Robson"	"5f "	"0"	"15"	"8"	"15"
"18:15:00"	"2026-06-27"	"Windsor"	"Star Chorus (IRE)"	"66.00"	"95"	"Handicap"	"5"	"10"	"Bishop, Charles"	"Murphy, Mike"	"6f "	"4"	"21"	"15"	"20"
"17:18:00"	"2026-06-20"	"Redcar"	"Luminous Warrior (IRE)"	"5.50"	"9"	"Handicap"	"6"	"12"	"Egan, John"	"Cunha, Dylan"	"1m "	"6"	"19"	"8"	"11"
"17:55:00"	"2026-06-18"	"Southwell"	"Top Star (IRE)"	"8.50"	"11.64"	"Non-Handicap"	"4"	"10"	"Egan, John"	"Ivory, D K"	"5f "	"6"	"7"	"5"	"8"
"15:30:00"	"2026-06-15"	"Chepstow"	"Moostar"	"2.25"	"3.33"	"Handicap"	"6"	"7"	"Watson, Jason"	"Owen, J P"	"5f "	"5"	"10"	"3"	"10"
"16:57:00"	"2026-06-14"	"Salisbury"	"Eutropia"	"3.50"	"6.04"	"Handicap"	"2"	"13"	"Loughnane, Mr Billy"	"Wintle, A"	"1m "	"5"	"23"	"5"	"11"
"16:40:00"	"2026-06-14"	"Doncaster"	"Macedonian (IRE)"	"33.00"	"50"	"Handicap"	"9"	"12"	"Beasley, Connor"	"Dods, M"	"7f "	"5"	"25"	"8"	"8"
"15:00:00"	"2026-06-12"	"York"	"Lady Roxby"	"4.00"	"5.7"	"Handicap"	"7"	"12"	"Tudhope, Daniel"	"Herrington,M "	"6f "	"2"	"21"	"7"	"15"
"15:53:00"	"2026-06-11"	"Yarmouth"	"Chasing Gold"	"5.50"	"7.01"	"Handicap"	"1"	"8"	"Fisher, Taylor"	"Keady, Michael"	"6f "	"6"	"23"	"UR"	"13"
"20:05:00"	"2026-06-05"	"Doncaster"	"Alondra"	"14.00"	"20.04"	"Handicap"	"8"	"13"	"ONeill, K T"	"Dixon, Scott"	"6f "	"4"	"7"	"5"	"10"
"18:27:00"	"2026-06-05"	"Goodwood"	"Insuspense"	"5.00"	"6.65"	"Handicap"	"5"	"10"	"Kavanagh, Ryan"	"Cole, Oliver"	"6f "	"5"	"13"	"7"	"14"
"14:48:00"	"2026-05-28"	"Yarmouth"	"Sea Suite (IRE)"	"3.00"	"4.1"	"Handicap"	"1"	"7"	"Paetel, Mason"	"Owen, J P"	"7f "	"4"	"8"	"4"	"11"
"15:04:00"	"2026-05-25"	"Leicester"	"Blue Point Express (IRE)"	"50.00"	"95.55"	"Handicap"	"10"	"11"	"Wood, George"	"Wintle, A"	"7f "	"6"	"203"	"5"	"12"
"17:57:00"	"2026-05-21"	"Southwell"	"Peregrine Falcon (IRE)"	"22.00"	"28"	"Handicap"	"5"	"10"	"Kavanagh, Ryan"	"Morris, Patrick"	"5f "	"5"	"96"	"3"	"4"
"17:57:00"	"2026-05-21"	"Southwell"	"Westgate Warrior"	"3.33"	"4.46"	"Handicap"	"8"	"10"	"Edmunds, Lewis"	"Bowring, S R"	"5f "	"5"	"12"	"2"	"9"
"14:40:00"	"2026-05-18"	"Redcar"	"Kiss Me My Love (IRE)"	"3.50"	"5.7"	"Handicap"	"1"	"12"	"Mason, Joanna"	"Fell, R / Murray, S"	"1m "	"5"	"16"	"2"	"9"
"18:15:00"	"2026-05-17"	"Hamilton"	"Montezuma"	"3.50"	"5.99"	"Handicap"	"13"	"13"	"Mulrennan, Paul"	"Goldie, J S"	"6f "	"4"	"21"	"2"	"12"
"20:15:00"	"2026-05-16"	"Doncaster"	"Oselton"	"6.50"	"9.52"	"Handicap"	"2"	"13"	"Garritty, Billy"	"Lidster, Craig"	"7f "	"6"	"36"	"9"	"14"
"16:20:00"	"2026-05-16"	"Newbury"	"Far Above Dream (IRE)"	"8.50"	"13.44"	"Handicap"	"1"	"14"	"Shoemark, Kieran"	"Owen, J P"	"6f "	"2"	"15"	"1"	"9"
"16:18:00"	"2026-05-15"	"Newmarket (Rowley)"	"Salaria (IRE)"	"7.00"	"8.52"	"Handicap"	"1"	"8"	"Osborne, Saffie"	"Clover, Charlie"	"1m2f "	"5"	"19"	"6"	"12"
"14:08:00"	"2026-05-15"	"Newbury"	"Pearly Squirrel (IRE)"	"6.00"	"7.8"	"Handicap"	"3"	"13"	"Egan, Ms A"	"Loughnane, David"	"1m "	"5"	"21"	"12"	"16"
"18:50:00"	"2026-05-07"	"Redcar"	"Yafaarr (IRE)"	"9.00"	"12.5"	"Handicap"	"4"	"8"	"Fallon, Cieren"	"England, Sam"	"7f "	"5"	"13"	"7"	"16"
"14:25:00"	"2026-05-07"	"Windsor"	"Manhattan Chute (IRE)"	"50.00"	"64.48"	"Handicap"	"11"	"11"	"Marsh, Finley"	"Best, Jim/Suzi"	"5f "	"6"	"42"	"7"	"7"
"14:30:00"	"2026-05-05"	"Ayr"	"Wee Mary (IRE)"	"12.00"	"14.78"	"Handicap"	"3"	"9"	"Waugh, Amie"	"Goldie, J S"	"5f "	"6"	"17"	"3"	"17"
"15:20:00"	"2026-05-02"	"Goodwood"	"Sandscreendeliverd"	"7.50"	"8.8"	"Handicap"	"2"	"9"	"Queally, T P"	"Crate, Peter"	"5f "	"5"	"38"	"2"	"12"
"13:45:00"	"2026-05-02"	"Newmarket (Rowley)"	"Brian (IRE)"	"40.00"	"103.31"	"Handicap"	"7"	"9"	"Egan, David"	"Moore, J S"	"6f "	"2"	"15"	"8"	"16"
"15:58:00"	"2026-04-30"	"Redcar"	"Desert Champion (IRE)"	"16.00"	"20.27"	"Handicap"	"7"	"9"	"Nolan, D"	"Midgley, P T"	"5f "	"6"	"129"	"8"	"8"
"17:03:00"	"2026-04-28"	"Yarmouth"	"Griselda (IRE)"	"7.00"	"9.26"	"Handicap"	"7"	"8"	"Fallon, Cieren"	"Knight, Miss H C"	"6f "	"6"	"17"	"2"	"9"
"20:30:00"	"2026-04-20"	"Newcastle"	"Pebble Dash (IRE)"	"7.50"	"9.6"	"Handicap"	"13"	"14"	"Scott, Rowan"	"Harrison, Gary"	"1m "	"6"	"21"	"4"	"11"
"17:40:00"	"2026-04-18"	"Thirsk"	"Mister Mcgregor (IRE)"	"40.00"	"62.86"	"Handicap"	"14"	"17"	"McManoman, Faye"	"Mullineaux, M"	"6f "	"6"	"25"	"9"	"11"
"17:57:00"	"2026-04-15"	"Southwell"	"Invitorio (IRE)"	"2.75"	"4.63"	"Handicap"	"1"	"10"	"Beasley, Connor"	"Carr, Mrs R A"	"5f "	"6"	"7"	"2"	"12"
"16:22:00"	"2026-04-13"	"Leicester"	"Mission Command (IRE)"	"2.75"	"4.2"	"Handicap"	"3"	"7"	"Keenan, Darragh"	"Candlish, Jennie"	"7f "	"5"	"6"	"3"	"9"
"19:00:00"	"2026-03-21"	"Newcastle"	"Boubyan (IRE)"	"20.00"	"27"	"Handicap"	"5"	"11"	"Morris, Luke"	"Appleby, M"	"1m "	"5"	"16"	"1"	"10"
"15:30:00"	"2026-01-09"	"Newcastle"	"Donna Nook"	"5.00"	"6.52"	"Handicap"	"3"	"6"	"Watson, Jason"	"OMeara, D"	"1m "	"4"	"8"	"8"	"9"
"17:15:00"	"2025-12-29"	"Newcastle"	"Habrdi (IRE)"	"18.00"	"20"	"Handicap"	"10"	"10"	"Sullivan, James P"	"Carr, Mrs R A"	"6f "	"4"	"10"	"11"	"12"
"16:20:00"	"2025-12-28"	"Southwell"	"The Fixer (IRE)"	"12.00"	"17.2"	"Handicap"	"9"	"9"	"ONeill, K T"	"Dixon, Scott"	"5f "	"4"	"16"	"3"	"13"
"19:00:00"	"2025-12-20"	"Newcastle"	"Yellow Lemons (FR)"	"40.00"	"85.57"	"Handicap"	"6"	"12"	"Fairley, Greg"	"Scott, Miss Katie"	"6f "	"6"	"11"	"12"	"12"
"17:15:00"	"2025-12-19"	"Newcastle"	"Brave Empire (IRE)"	"10.00"	"16"	"Handicap"	"3"	"12"	"Wood, George"	"Furtado, Ivan"	"6f "	"5"	"14"	"5"	"9"
"17:45:00"	"2025-12-16"	"Newcastle"	"Woodrafff"	"16.00"	"23.51"	"Handicap"	"6"	"12"	"Morris, Luke"	"Carr, Mrs R A"	"7f "	"6"	"60"	"5"	"14"
"19:40:00"	"2025-11-22"	"Newcastle"	"Hows The Guvnor (IRE)"	"5.50"	"7.76"	"Handicap"	"3"	"12"	"Wood, George"	"Candlish, Jennie"	"1m "	"6"	"19"	"3"	"12"
"18:15:00"	"2025-11-20"	"Newcastle"	"Samra Star (IRE)"	"6.00"	"8.8"	"Handicap"	"4"	"8"	"Burns, Harry"	"Perratt, Miss L A"	"7f "	"5"	"13"	"4"	"10"
"18:45:00"	"2025-11-18"	"Newcastle"	"Madame Plaintiff (IRE)"	"25.00"	"31.44"	"Handicap"	"9"	"14"	"McHugh, B"	"Brown, A D"	"6f "	"6"	"14"	"9"	"10"
"15:27:00"	"2025-11-04"	"Redcar"	"Chief Of State (IRE)"	"4.50"	"5.72"	"Handicap"	"3"	"9"	"Hardie, Cameron"	"Haslam, B M R"	"6f "	"6"	"7"	"2"	"10"
"18:45:00"	"2025-11-01"	"Newcastle"	"Neapolitan (FR)"	"50.00"	"89.73"	"Handicap"	"6"	"13"	"Jary, Alex"	"Brittain, Antony"	"6f "	"5"	"15"	"11"	"12"
"16:20:00"	"2025-10-28"	"Leicester"	"Edgewater Drive (IRE)"	"14.00"	"15"	"Handicap"	"3"	"9"	"Bowen, S D"	"Storey, W"	"5f "	"5"	"19"	"4"	"7"
"18:45:00"	"2025-10-27"	"Newcastle"	"Lions House"	"4.00"	"6.03"	"Handicap"	"8"	"9"	"Burns, Harry"	"Perratt, Miss L A"	"5f "	"4"	"26"	"3"	"9"
"16:35:00"	"2025-10-24"	"Newbury"	"Kodi Lion (IRE)"	"9.00"	"16"	"Handicap"	"5"	"13"	"Rawlinson, Ali"	"Appleby, M"	"7f "	"3"	"34"	"13"	"25"
"20:00:00"	"2025-10-17"	"Newcastle"	"Angel Of England"	"33.00"	"50"	"Handicap"	"12"	"12"	"McHugh, B"	"Brown, A D"	"7f "	"5"	"201"	"20"	"21"
"19:45:00"	"2025-10-04"	"Newcastle"	"Sword"	"3.50"	"5"	"Handicap"	"2"	"11"	"Garritty, Jack"	"OMeara, D"	"7f "	"4"	"6"	"8"	"13"
"15:00:00"	"2025-10-04"	"Ascot"	"Nariko (IRE)"	"25.00"	"30"	"Non-Handicap"	"6"	"9"	"Bishop, Charles"	"Palmer, Hugo"	"6f "	"1"	"14"	"11"	"25"
"14:20:00"	"2025-10-03"	"Ascot"	"The Bitter Moose (IRE)"	"22.00"	"35.75"	"Handicap"	"17"	"17"	"Dunsdon, Mr D H"	"Chamings, P R"	"7f "	"4"	"39"	"1"	"7"
"16:10:00"	"2025-09-29"	"Hamilton"	"Kodiac Thriller (IRE)"	"6.50"	"8.97"	"Handicap"	"4"	"10"	"Elliott, Rhys"	"Walford, Mark"	"5f "	"3"	"15"	"4"	"23"
"18:15:00"	"2025-09-28"	"Newcastle"	"Stanage"	"8.00"	"13"	"Handicap"	"6"	"13"	"Mason, Joanna"	"Easterby, M W"	"1m "	"4"	"16"	"7"	"10"
"16:00:00"	"2025-09-27"	"Ripon"	"Annie Edson Taylor"	"4.50"	"7.4"	"Handicap"	"6"	"12"	"Young, Archie"	"Makin, Phillip"	"6f "	"6"	"6"	"2"	"8"
"14:05:00"	"2025-09-27"	"Haydock"	"Blue Storm"	"8.00"	"10.5"	"Handicap"	"4"	"10"	"James, S H"	"Tutty, Gemma"	"5f "	"2"	"21"	"6"	"9"
"17:05:00"	"2025-09-20"	"Newmarket (Rowley)"	"Mafnood"	"22.00"	"34"	"Handicap"	"14"	"14"	"Millman, Mr P"	"Baker, George"	"1m1f "	"4"	"9"	"12"	"12"
"14:25:00"	"2025-09-20"	"Ayr"	"Roberto Caro (IRE)"	"12.00"	"18"	"Handicap"	"16"	"25"	"McSweeney, O"	"Keatley, Adrian Paul"	"6f "	"2"	"44"	"1"	"14"
"15:40:00"	"2025-09-19"	"Ayr"	"Mostar Dreams (IRE)"	"5.00"	"7"	"Handicap"	"20"	"25"	"Mulrennan, Paul"	"Goldie, J S"	"6f "	"2"	"14"	"3"	"11"
"14:05:00"	"2025-09-17"	"Sandown"	"Colorada Dancer"	"4.50"	"6.2"	"Handicap"	"8"	"9"	"Dawson, R"	"Jewell, Karen"	"5f "	"5"	"16"	"7"	"11"
"14:40:00"	"2025-09-09"	"Catterick"	"Equity Law"	"5.50"	"7.19"	"Handicap"	"1"	"13"	"Kirrane, Sean"	"Easterby, T D"	"5f "	"5"	"23"	"4"	"6"
"16:50:00"	"2025-09-05"	"Down Royal"	"Dark Enigma"	"125.00"	"480"	"Maiden"	"9"	"10"	"Sheridan, J M"	"Murray, J G"	"5f "	"0"	"12"	"18"	"21"
"16:20:00"	"2025-09-02"	"Chepstow"	"Sub Thirteen"	"9.00"	"10.73"	"Handicap"	"4"	"7"	"Carson, William"	"Carroll, A W"	"6f "	"5"	"47"	"6"	"6"
"17:05:00"	"2025-08-24"	"Yarmouth"	"Rusheen Boy"	"7.50"	"9"	"Handicap"	"5"	"9"	"Hogan, D E"	"Birkett, Julia &"	"7f "	"6"	"20"	"2"	"11"
"17:05:00"	"2025-08-24"	"Yarmouth"	"Shaws Phoenix (IRE)"	"8.50"	"11.5"	"Handicap"	"8"	"9"	"ONeill, K T"	"Haynes, Alice"	"7f "	"6"	"14"	"5"	"9"
"19:00:00"	"2025-08-23"	"Redcar"	"Deboras Dream (IRE)"	"6.50"	"8.06"	"Handicap"	"2"	"7"	"Pyle, William"	"Candlish, Jennie"	"1m "	"4"	"40"	"4"	"7"
"14:00:00"	"2025-08-23"	"Newmarket (July)"	"Liv My Life (IRE)"	"4.00"	"5.6"	"Handicap"	"7"	"9"	"Ghiani, Marco"	"Williams, S C"	"7f "	"5"	"22"	"3"	"8"
"16:45:00"	"2025-08-20"	"York"	"Woohoo (IRE)"	"16.00"	"28"	"Handicap"	"15"	"19"	"Waugh, Amie"	"Goldie, J S"	"5f "	"2"	"6"	"10"	"13"
"20:00:00"	"2025-08-18"	"Windsor"	"Mammy"	"5.00"	"7.26"	"Handicap"	"3"	"9"	"Shoemark, Kieran"	"Bridger, J / Cook, R"	"6f "	"6"	"18"	"6"	"7"
"20:00:00"	"2025-08-18"	"Windsor"	"Gogo Yubari"	"3.50"	"6.08"	"Handicap"	"8"	"9"	"Clutterbuck, Rhys"	"Carroll, A W"	"6f "	"6"	"7"	"1"	"10"
"19:30:00"	"2025-08-18"	"Windsor"	"Alshimali (IRE)"	"9.00"	"6.52"	"Handicap"	"3"	"9"	"Carson, William"	"Carroll, A W"	"6f "	"6"	"10"	"1"	"9"
"18:25:00"	"2025-08-15"	"Newmarket (July)"	"Artificer (IRE)"	"10.00"	"12.5"	"Handicap"	"6"	"7"	"Peate, Jonny"	"Crawley, Matt"	"1m "	"5"	"85"	"3"	"8"
"19:12:00"	"2025-08-09"	"Ayr"	"Thunderstorm Katie"	"2.25"	"3.95"	"Handicap"	"1"	"8"	"Waugh, Amie"	"Goldie, J S"	"6f "	"6"	"12"	"1"	"7"
"19:12:00"	"2025-08-09"	"Ayr"	"Spun To Gold (USA)"	"6.50"	"8.17"	"Handicap"	"5"	"8"	"Mulrennan, Paul"	"Goldie, J S"	"6f "	"6"	"19"	"7"	"10"
"15:07:00"	"2025-08-09"	"Newmarket (July)"	"Royal Zabeel (IRE)"	"12.00"	"16.17"	"Handicap"	"1"	"8"	"Watson, Jason"	"Appleby, M"	"7f "	"2"	"35"	"11"	"11"
"17:12:00"	"2025-08-08"	"Tipperary"	"Whatswrongnow (IRE)"	"14.00"	"19.18"	"Handicap"	"11"	"15"	"Mulligan, R M"	"Burke, Batt"	"5f "	"0"	"35"	"4"	"10"
"14:20:00"	"2025-08-07"	"Nottingham"	"Soldiers Design (IRE)"	"14.00"	"21"	"Handicap"	"6"	"8"	"Mangan, Gina"	"Hollinshead, Steph"	"5f "	"6"	"42"	"3"	"6"
"19:15:00"	"2025-08-02"	"Lingfield"	"Sanat (IRE)"	"6.00"	"8.8"	"Handicap"	"6"	"6"	"Larson, Frederick"	"Appleby, M"	"5f "	"4"	"36"	"13"	"14"
"18:55:00"	"2025-08-01"	"Newmarket (July)"	"The Caribbean (IRE)"	"10.00"	"13.77"	"Handicap"	"5"	"6"	"Keeley, Aidan"	"Main, Mrs H S"	"7f "	"4"	"22"	"6"	"14"
"17:07:00"	"2025-08-01"	"Newcastle"	"Desert Raider"	"40.00"	"72.47"	"Handicap"	"2"	"13"	"Farmer, Shay"	"McInnes, I W"	"7f "	"6"	"67"	"8"	"11"
"20:30:00"	"2025-07-26"	"Salisbury"	"Alices Impact"	"6.00"	"8.6"	"Handicap"	"6"	"10"	"Osborne, Saffie"	"Evans, P D"	"1m "	"6"	"15"	"5"	"13"
"16:50:00"	"2025-07-26"	"Newcastle"	"Showmethewayhome (IRE)"	"80.00"	"184.41"	"Handicap"	"11"	"12"	"Russell, Harry"	"Whillans, Ewan"	"1m "	"6"	"20"	"9"	"11"
"15:20:00"	"2025-07-26"	"York"	"Nazron (IRE)"	"8.00"	"12"	"Handicap"	"14"	"19"	"Quinlan, Sean"	"Furtado, Ivan"	"5f "	"4"	"2"	"10"	"13"
"16:20:00"	"2025-07-23"	"Salisbury"	"Big Time Rascal"	"9.00"	"18.5"	"Handicap"	"6"	"10"	"Probert, David"	"Attwater, M J"	"5f "	"6"	"28"	"3"	"6"
"15:30:00"	"2025-07-12"	"Ascot"	"Queen Of Atlantis"	"16.00"	"21"	"Handicap"	"2"	"6"	"Shepherd, Callum"	"Chapple-Hyam, P W"	"1m "	"3"	"105"	"10"	"10"
"17:35:00"	"2025-07-11"	"Chepstow"	"Scarfo (IRE)"	"12.00"	"17"	"Handicap"	"5"	"7"	"Mackay, Jay"	"Llewellyn, B J"	"7f "	"6"	"19"	"3"	"8"
"18:35:00"	"2025-07-10"	"Newbury"	"Saffredi"	"6.00"	"8.24"	"Handicap"	"3"	"14"	"Greatrex, Edward"	"Harris, Miss G"	"6f "	"5"	"17"	"3"	"8"
"19:23:00"	"2025-07-05"	"Nottingham"	"Mini Magna (IRE)"	"33.00"	"45.04"	"Handicap"	"4"	"5"	"Hardie, Cameron"	"Brittain, Antony"	"5f "	"4"	"18"	"7"	"7"
"19:00:00"	"2025-07-02"	"Chepstow"	"Chief Mankato"	"1.50"	"2.95"	"Handicap"	"1"	"7"	"Greatrex, Edward"	"Channon, Jack"	"6f "	"4"	"4"	"2"	"8"
"20:55:00"	"2025-06-27"	"Newmarket (July)"	"Mercury Day (IRE)"	"3.33"	"4.01"	"Handicap"	"3"	"7"	"Egan, David"	"Allen, C N"	"6f "	"4"	"40"	"5"	"13"
"18:45:00"	"2025-06-26"	"Hamilton"	"Maris Angel"	"1.10"	"2.05"	"Handicap Seller"	"3"	"6"	"Mulrennan, Paul"	"Walford, Mark"	"5f "	"6"	"27"	"8"	"8"
"17:17:00"	"2025-06-23"	"Windsor"	"Little Miss Magic (IRE)"	"18.00"	"23.54"	"Handicap"	"2"	"14"	"Chalmers, Isobelle"	"Chamings, P R"	"6f "	"6"	"17"	"8"	"10"
"17:17:00"	"2025-06-23"	"Windsor"	"Call Glory (IRE)"	"18.00"	"25.56"	"Handicap"	"13"	"14"	"McHugh, K S"	"Williams, Ian"	"6f "	"6"	"19"	"7"	"8"
"17:10:00"	"2025-06-19"	"Ripon"	"South Shore"	"7.00"	"9.8"	"Handicap"	"7"	"12"	"Mason, Joanna"	"Carr, Mrs R A"	"6f "	"6"	"17"	"1"	"7"
"17:08:00"	"2025-06-12"	"Nottingham"	"Timebar"	"4.50"	"6"	"Non-Handicap"	"2"	"8"	"Rawlinson, Ali"	"Bowring, S R"	"6f "	"6"	"9"	"4"	"11"
"20:10:00"	"2025-06-07"	"Lingfield"	"Bated Breeze (IRE)"	"9.00"	"13.5"	"Handicap"	"2"	"12"	"Marsh, Finley"	"Moore, Gary and Josh"	"7f "	"6"	"198"	"9"	"11"
"16:47:00"	"2025-06-03"	"Leicester"	"Jungle Land (IRE)"	"5.50"	"7.41"	"Handicap"	"5"	"7"	"Shepherd, Callum"	"Boughey, George"	"7f "	"4"	"54"	"4"	"13"
"16:47:00"	"2025-06-03"	"Leicester"	"Infinity Blue (IRE)"	"5.50"	"6.98"	"Handicap"	"7"	"7"	"Edmunds, Lewis"	"Camacho, Miss J A"	"7f "	"4"	"32"	"3"	"7"
"17:00:00"	"2025-05-30"	"Chepstow"	"Ashford Hill"	"9.00"	"10.26"	"Handicap"	"4"	"12"	"Chalmers, Isobelle"	"Davis, D J S Ffrench"	"7f "	"6"	"31"	"6"	"8"
"14:10:00"	"2025-05-29"	"Yarmouth"	"Edvard Grieg (IRE)"	"6.00"	"8.99"	"Handicap"	"10"	"10"	"Egan, David"	"Cunha, Dylan"	"1m "	"6"	"19"	"12"	"14"
"14:50:00"	"2025-05-26"	"Redcar"	"Too Much Too Young"	"14.00"	"21.27"	"Handicap"	"10"	"11"	"Pyle, William"	"Scott, Miss Katie"	"7f "	"6"	"47"	"11"	"14"
"17:35:00"	"2025-05-21"	"Chepstow"	"Silky Robin (IRE)"	"8.50"	"12.34"	"Handicap"	"5"	"9"	"Levey, S M"	"Toomey, Brian"	"6f "	"6"	"11"	"4"	"14"
"15:00:00"	"2025-05-21"	"Ayr"	"Travis"	"5.00"	"7.1"	"Handicap"	"2"	"9"	"Allan, David"	"Harker, G A"	"6f "	"6"	"11"	"6"	"14"
"16:45:00"	"2025-05-19"	"Redcar"	"Novello Lad"	"1.63"	"2.76"	"Handicap"	"3"	"8"	"Nolan, D"	"Midgley, P T"	"6f "	"5"	"16"	"5"	"8"
"14:10:00"	"2025-05-15"	"York"	"Shagraan (IRE)"	"8.00"	"13.5"	"Handicap"	"4"	"17"	"Marquand, Tom"	"Appleby, M"	"5f "	"2"	"13"	"3"	"7"
"13:55:00"	"2025-05-15"	"Salisbury"	"Unico"	"7.50"	"10.75"	"Handicap"	"5"	"8"	"Dace, Jack"	"Gordon, C"	"6f "	"6"	"36"	"9"	"9"
"15:50:00"	"2025-05-13"	"Chepstow"	"My Clementine (IRE)"	"25.00"	"40"	"Handicap"	"6"	"14"	"Marsh, Finley"	"Wintle, A"	"7f "	"6"	"204"	"10"	"11"
"18:00:00"	"2025-05-10"	"Leicester"	"Arc Shadowfax"	"7.50"	"11.04"	"Handicap"	"11"	"14"	"Swift, Mr Dale"	"Spencer, Seb"	"6f "	"6"	"20"	"6"	"13"
"18:00:00"	"2025-04-11"	"Dundalk"	"Turn Up The Beat"	"4.00"	"5.12"	"Handicap"	"7"	"12"	"Ryan, Gavin"	"Barry, David Richard"	"5f "	"0"	"28"	"5"	"10"
"14:13:00"	"2025-04-09"	"Catterick"	"Ninety Nine (IRE)"	"14.00"	"18.5"	"Handicap"	"9"	"9"	"Marshall, Tom Kiely"	"Wainwright, J S"	"5f "	"6"	"101"	"8"	"9"
"15:27:00"	"2025-04-07"	"Redcar"	"Empire Of Light (IRE)"	"22.00"	"43.79"	"Handicap"	"12"	"12"	"Shaw, Harrison"	"Tuer, Grant"	"1m "	"3"	"163"	"4"	"11"
"14:57:00"	"2025-04-07"	"Redcar"	"Stratocracy (IRE)"	"14.00"	"19"	"Handicap"	"3"	"13"	"Pyle, William"	"Frost, Kevin"	"7f "	"5"	"158"	"1"	"7"
"18:00:00"	"2025-03-30"	"Doncaster"	"Knicks (IRE)"	"9.00"	"12.67"	"Handicap"	"8"	"17"	"Mason, Joanna"	"Easterby, M W"	"5f "	"5"	"152"	"7"	"9"
"16:40:00"	"2025-03-28"	"Southwell"	"Blue Force (IRE)"	"6.50"	"8.8"	"Handicap"	"1"	"11"	"Hardie, Cameron"	"Brittain, Antony"	"5f "	"6"	"147"	"1"	"11"
"20:30:00"	"2025-03-20"	"Newcastle"	"Magic Fluke (IRE)"	"5.50"	"8"	"Non-Handicap"	"7"	"7"	"Edmunds, Lewis"	"Jenkins, J R"	"6f "	"6"	"41"	"5"	"9"
"19:00:00"	"2025-03-13"	"Newcastle"	"Vibrato (IRE)"	"9.00"	"12.21"	"Handicap"	"8"	"10"	"Wood, George"	"Candlish, Jennie"	"7f "	"4"	"29"	"9"	"9"
"19:45:00"	"2025-03-07"	"Newcastle"	"Morning Suit (IRE)"	"40.00"	"71.26"	"Non-Handicap"	"7"	"8"	"McEntee, Grace"	"McEntee, P S"	"1m "	"6"	"25"	"9"	"11"
"20:30:00"	"2025-03-06"	"Newcastle"	"Korroor (IRE)"	"10.00"	"11.87"	"Handicap"	"3"	"11"	"Marshall, Tom Kiely"	"Camacho, Miss J A"	"6f "	"6"	"30"	"8"	"9"
"16:40:00"	"2025-01-21"	"Newcastle"	"Raft Up (IRE)"	"2.75"	"3.72"	"Handicap"	"5"	"10"	"Mason, Joanna"	"Bethell, Harriet"	"6f "	"6"	"17"	"5"	"10"
"16:40:00"	"2025-01-21"	"Newcastle"	"Sacred Melody"	"80.00"	"110.71"	"Handicap"	"7"	"10"	"Sullivan, James P"	"Carr, Mrs R A"	"6f "	"6"	"11"	"9"	"9"
"18:30:00"	"2025-01-17"	"Southwell"	"Gday Mate"	"12.00"	"17.63"	"Handicap"	"6"	"7"	"Fallon, Cieren"	"Appleby, M"	"5f "	"4"	"26"	"4"	"7"
"12:08:00"	"2025-01-15"	"Southwell"	"Better (IRE)"	"14.00"	"18.6"	"Handicap"	"7"	"8"	"Fentiman, Warren"	"Midgley, P T"	"5f "	"6"	"34"	"9"	"11"
"17:45:00"	"2025-01-14"	"Newcastle"	"Daring Legend"	"12.00"	"12.58"	"Handicap"	"4"	"8"	"Rawlinson, Ali"	"Appleby, M"	"6f "	"4"	"157"	"9"	"10"
"15:33:00"	"2025-01-08"	"Newcastle"	"Starliner (IRE)"	"14.00"	"17.43"	"Handicap"	"3"	"10"	"Jakes, Tommie"	"Perratt, Miss L A"	"7f "	"4"	"11"	"9"	"11"
"18:30:00"	"2024-12-17"	"Newcastle"	"Too Much"	"10.00"	"13.41"	"Handicap"	"3"	"11"	"Brookes, Aiden"	"Thompson, D W"	"6f "	"5"	"8"	"3"	"12"
"17:30:00"	"2024-12-17"	"Newcastle"	"Rebeccas Girl (IRE)"	"2.13"	"3.16"	"Handicap"	"3"	"12"	"Hart, Jason"	"Rutherford, Gary"	"7f "	"6"	"8"	"2"	"12"
"18:50:00"	"2024-12-06"	"Newcastle"	"Quintus Arrius (IRE)"	"11.00"	"16.85"	"Handicap"	"7"	"12"	"Costello, Dougie"	"Niven, P D"	"6f "	"5"	"87"	"5"	"13"
"18:48:00"	"2024-11-16"	"Newcastle"	"Feel The Need"	"8.50"	"12.32"	"Handicap"	"5"	"12"	"Eaves, Tom"	"Herrington,M "	"7f "	"4"	"21"	"5"	"12"
"19:30:00"	"2024-11-11"	"Newcastle"	"Lauras Breeze (IRE)"	"8.50"	"12.31"	"Handicap"	"2"	"7"	"Nolan, D"	"Bailey, Liam"	"6f "	"6"	"6"	"6"	"10"
"17:15:00"	"2024-11-08"	"Newcastle"	"Kristal Klear (IRE)"	"0.83"	"1.95"	"Handicap"	"4"	"4"	"Peate, Jonny"	"Barclay, Stella"	"7f "	"5"	"31"	"2"	"9"
"16:45:00"	"2024-11-01"	"Newcastle"	"Three Beauz"	"4.50"	"6.2"	"Handicap"	"8"	"11"	"Fraser, Kaiya"	"Menzies, Rebecca"	"5f "	"6"	"4"	"6"	"10"
"14:43:00"	"2024-10-25"	"Doncaster"	"Theoryofeverything"	"7.00"	"8.67"	"Handicap"	"11"	"12"	"Buick, William"	"OMeara, D"	"1m "	"3"	"14"	"8"	"16"
"15:13:00"	"2024-10-24"	"Nottingham"	"Snuggle"	"8.00"	"8.73"	"Handicap"	"7"	"8"	"Crouch, Hector"	"Dace, L A"	"6f "	"5"	"21"	"13"	"13"
"14:25:00"	"2024-10-17"	"Curragh"	"Sporting Hero"	"25.00"	"44"	"Handicap"	"10"	"17"	"Kearney, J"	"Hogan, Denis Gerard"	"5f "	"0"	"19"	"15"	"15"
"20:30:00"	"2024-10-15"	"Newcastle"	"No Saint"	"4.00"	"6.21"	"Handicap"	"2"	"8"	"Loughnane, Mr Billy"	"England, Sam"	"7f "	"6"	"15"	"4"	"11"
"18:30:00"	"2024-10-01"	"Newcastle"	"Blue Jay Way"	"80.00"	"122.65"	"Novices"	"6"	"6"	"Elliott, Rhys"	"Riches, John"	"7f "	"5"	"8"	"7"	"9"
"19:30:00"	"2024-09-24"	"Newcastle"	"Concert Boy (IRE)"	"3.33"	"5"	"Handicap"	"6"	"11"	"James, S H"	"Scott, Miss Katie"	"7f "	"6"	"21"	"4"	"14"
"19:00:00"	"2024-09-24"	"Newcastle"	"Smalleytime (IRE)"	"5.00"	"7.03"	"Handicap"	"5"	"13"	"Mullen, Andrew"	"Haslam, B M R"	"7f "	"6"	"21"	"6"	"14"
"14:25:00"	"2024-09-21"	"Ayr"	"Londoner (IRE)"	"66.00"	"87.15"	"Handicap"	"20"	"22"	"Mulrennan, Paul"	"Goldie, J S"	"6f "	"2"	"23"	"8"	"14"
"20:30:00"	"2024-09-17"	"Newcastle"	"Dumfries"	"11.00"	"15"	"Handicap"	"8"	"8"	"Sexton, Ryan"	"Carr, Mrs R A"	"1m "	"6"	"18"	"10"	"12"
"18:05:00"	"2024-09-16"	"Laytown"	"Roman Harry (IRE)"	"12.00"	"17.5"	"Maiden"	"1"	"10"	"Heffernan, J A"	"OConnell, Ms Claire"	"7f "	"0"	"14"	"9"	"15"
"17:05:00"	"2024-09-16"	"Laytown"	"Spirit Of Eagles (IRE)"	"18.00"	"26.37"	"Handicap"	"2"	"10"	"OCallaghan, Shane"	"Dowling, Thomas"	"6f "	"0"	"9"	"7"	"15"
"19:30:00"	"2024-09-12"	"Newcastle"	"Barleybrown"	"8.00"	"12"	"Handicap"	"9"	"14"	"Sullivan, James P"	"Carr, Mrs R A"	"1m "	"6"	"9"	"4"	"11"
"15:00:00"	"2024-09-07"	"Haydock"	"Jer Batt (IRE)"	"8.50"	"10"	"Handicap"	"2"	"10"	"Ryan, Rossa"	"Barron, T D"	"5f "	"2"	"9"	"12"	"13"
"13:35:00"	"2024-09-07"	"Ascot"	"New Image"	"12.00"	"15.5"	"Handicap"	"9"	"13"	"Sayette, B D L"	"OMeara, D"	"7f "	"2"	"16"	"18"	"18"
"17:10:00"	"2024-09-02"	"Chepstow"	"Dappled Light"	"2.75"	"4.2"	"Handicap"	"2"	"7"	"Dawson, R"	"Wintle, A"	"1m "	"6"	"19"	"3"	"9"
"18:33:00"	"2024-08-30"	"Southwell"	"Colors Of Freedom"	"12.00"	"16.89"	"Handicap"	"4"	"11"	"Shepherd, Callum"	"Ponting, J"	"5f "	"6"	"8"	"5"	"5"
"14:05:00"	"2024-08-25"	"Beverley"	"Thankuappreciate"	"11.00"	"16"	"Handicap"	"11"	"16"	"Wheatley, Zak"	"Carroll, D"	"5f "	"4"	"8"	"4"	"8"
"18:45:00"	"2024-08-22"	"Newcastle"	"Bright (IRE)"	"12.00"	"17.08"	"Handicap"	"1"	"14"	"Marsh, Finley"	"Loughnane, Daniel Mark"	"5f "	"4"	"28"	"1"	"10"
"16:20:00"	"2024-08-16"	"Newbury"	"Woodstock"	"12.00"	"19"	"Handicap"	"1"	"15"	"Crouch, Hector"	"Carr, Mrs R A"	"7f "	"4"	"22"	"10"	"11"
"16:20:00"	"2024-08-16"	"Newbury"	"City Cyclone"	"66.00"	"117.72"	"Handicap"	"13"	"15"	"Carson, William"	"Carroll, A W"	"7f "	"4"	"160"	"4"	"7"
"19:42:00"	"2024-08-10"	"Ayr"	"Onthebunny"	"100.00"	"173.88"	"Handicap"	"9"	"15"	"Sullivan, James P"	"Perratt, Miss L A"	"6f "	"6"	"8"	"4"	"7"
"19:42:00"	"2024-08-10"	"Ayr"	"Stormy Pearl"	"7.00"	"8.8"	"Handicap"	"14"	"15"	"McSweeney, O"	"Thompson, D W"	"6f "	"6"	"10"	"1"	"11"
"17:15:00"	"2024-08-09"	"Tipperary"	"Reinforce (IRE)"	"5.00"	"7.27"	"Handicap"	"4"	"13"	"Whelan, R P"	"Brown, Miss Katy"	"5f "	"0"	"21"	"1"	"12"
"20:10:00"	"2024-08-07"	"Yarmouth"	"Global Effort (IRE)"	"16.00"	"22"	"Handicap"	"8"	"10"	"Heard, Tyler"	"McEntee, P S"	"6f "	"6"	"9"	"4"	"8"
"19:25:00"	"2024-08-03"	"Windsor"	"Almaty Star (IRE)"	"5.50"	"6.63"	"Handicap"	"2"	"4"	"Dawson, R"	"Cowell, R M H"	"5f "	"4"	"22"	"8"	"9"
"19:10:00"	"2024-08-03"	"Hamilton"	"Cavalier Approach (IRE)"	"4.50"	"5.75"	"Handicap"	"3"	"5"	"McDonald, P J"	"Bethell, Ed"	"5f "	"4"	"25"	"7"	"9"
"19:58:00"	"2024-08-02"	"Newmarket (July)"	"Renesmee"	"9.00"	"12.31"	"Handicap"	"7"	"9"	"Marsh, Finley"	"Dunne, M"	"1m "	"5"	"8"	"10"	"14"
"19:10:00"	"2024-07-26"	"Cork"	"Rebeccas Girl (IRE)"	"6.50"	"8.92"	"Handicap"	"16"	"23"	"McAteer, L T"	"Kinirons, A"	"6f "	"0"	"24"	"5"	"15"
"19:30:00"	"2024-07-25"	"Yarmouth"	"Thunder Moor (IRE)"	"11.00"	"14.5"	"Handicap"	"1"	"11"	"Loughnane, Mr Billy"	"Boughey, George"	"5f "	"3"	"27"	"8"	"13"
"16:20:00"	"2024-07-24"	"Lingfield"	"Roman Spring (IRE)"	"4.50"	"6.1"	"Handicap"	"4"	"11"	"ONeill, K T"	"Bridger, J / Cook, R"	"6f "	"6"	"11"	"8"	"8"
"19:45:00"	"2024-07-19"	"Hamilton"	"Pop Star (IRE)"	"5.50"	"7.84"	"Handicap"	"8"	"8"	"Scott, Rowan"	"Haynes, Alice"	"5f "	"4"	"12"	"1"	"8"
"14:50:00"	"2024-07-19"	"Nottingham"	"Kodi Red (IRE)"	"12.00"	"17.23"	"Handicap"	"9"	"10"	"Callan, N"	"Holland, Darryll"	"6f "	"5"	"14"	"1"	"11"
"17:10:00"	"2024-07-12"	"Ascot"	"Executive Decision (IRE)"	"6.50"	"9.2"	"Handicap"	"4"	"9"	"Osborne, Saffie"	"Osborne, J A"	"6f "	"3"	"41"	"4"	"13"
"18:10:00"	"2024-07-04"	"Newbury"	"Heartrate (IRE)"	"12.00"	"15.98"	"Handicap"	"4"	"8"	"Jakes, Tommie"	"Loughnane, Daniel Mark"	"5f "	"5"	"51"	"9"	"9"
"16:40:00"	"2024-06-28"	"Yarmouth"	"Hover On The Wind (IRE)"	"3.50"	"5.8"	"Handicap"	"1"	"11"	"Keeley, Aidan"	"Dwyer, C A"	"6f "	"5"	"32"	"3"	"8"
"16:50:00"	"2024-06-27"	"Nottingham"	"Dunnington Lad (IRE)"	"7.50"	"11"	"Handicap"	"5"	"8"	"Shaw, Harrison"	"Winks, P"	"5f "	"6"	"8"	"1"	"10"
"17:30:00"	"2024-06-24"	"Thirsk"	"Match Play"	"10.00"	"14"	"Handicap"	"7"	"12"	"Nolan, D"	"Midgley, P T"	"5f "	"4"	"18"	"9"	"13"
"15:15:00"	"2024-06-24"	"Chepstow"	"Midnight Flame (IRE)"	"6.50"	"9.06"	"Handicap"	"9"	"11"	"Cox, William"	"Ponting, J"	"7f "	"6"	"17"	"3"	"10"
"17:05:00"	"2024-06-22"	"Ascot"	"Ferrous (IRE)"	"12.00"	"15.77"	"Handicap"	"21"	"25"	"Probert, David"	"Channon, Jack"	"6f "	"2"	"35"	"3"	"11"
"17:25:00"	"2024-06-21"	"Down Royal"	"Pro Bono Alexander (IRE)"	"4.50"	"7.03"	"Handicap"	"6"	"8"	"Hassett, M W"	"Browne, W P"	"5f "	"0"	"13"	"5"	"7"
"18:15:00"	"2024-06-20"	"Ascot"	"Finns Charm"	"40.00"	"75.45"	"Handicap"	"26"	"26"	"Fanning, Joe"	"Johnston, Charlie"	"7f "	"2"	"11"	"1"	"8"
"17:20:00"	"2024-06-15"	"York"	"Trilby"	"10.00"	"13.32"	"Handicap"	"6"	"20"	"Gray, S A"	"England, Sam"	"6f "	"4"	"21"	"6"	"21"
"20:45:00"	"2024-06-13"	"Musselburgh"	"Wakai Umi (IRE)"	"12.00"	"15.26"	"Handicap"	"6"	"8"	"Fallon, Cieren"	"Loughnane, Daniel Mark"	"5f "	"6"	"21"	"3"	"7"
"19:50:00"	"2024-06-12"	"Hamilton"	"Winter Crown"	"3.50"	"4.86"	"Handicap"	"2"	"6"	"Hart, Jason"	"Camacho, Miss J A"	"6f "	"4"	"16"	"2"	"4"
"17:40:00"	"2024-06-09"	"Goodwood"	"Change Sings (IRE)"	"3.33"	"4.7"	"Handicap"	"8"	"8"	"Downing, George"	"Houghton, Eve Johnson"	"6f "	"4"	"11"	"1"	"11"
"20:25:00"	"2024-06-05"	"Ripon"	"Herakles (IRE)"	"3.50"	"5.34"	"Handicap"	"1"	"10"	"Mulrennan, Paul"	"Midgley, P T"	"5f "	"5"	"22"	"3"	"10"
"13:35:00"	"2024-05-25"	"York"	"Dark Kestrel (IRE)"	"80.00"	"186.68"	"Handicap"	"19"	"21"	"Russell, Harry"	"Brittain, Antony"	"6f "	"4"	"12"	"1"	"10"
"17:05:00"	"2024-05-22"	"Yarmouth"	"Streetstorm"	"125.00"	"270"	"Handicap"	"11"	"11"	"Pearson, Laura"	"Dunnett, Mrs C A"	"1m "	"6"	"23"	"8"	"9"
"16:30:00"	"2024-05-22"	"Yarmouth"	"Red Maids"	"3.33"	"5.21"	"Handicap"	"4"	"7"	"Buick, William"	"Rimell, M G"	"7f "	"5"	"11"	"8"	"11"
"15:35:00"	"2024-05-18"	"Newbury"	"Dear My Friend"	"40.00"	"56.63"	"Non-Handicap"	"8"	"10"	"Fanning, Joe"	"Johnston, Charlie"	"1m "	"1"	"50"	"13"	"14"
"15:15:00"	"2024-05-18"	"Newmarket (Rowley)"	"Great Blasket (IRE)"	"3.50"	"4.77"	"Handicap"	"1"	"9"	"Doyle, Hollie"	"Newland, Dr R D P"	"1m "	"3"	"18"	"1"	"13"
"15:10:00"	"2024-05-18"	"Thirsk"	"Miss Brazen"	"4.00"	"5.55"	"Handicap"	"10"	"11"	"Garritty, Billy"	"Easterby, M W"	"5f "	"4"	"23"	"5"	"11"
"21:00:00"	"2024-05-17"	"Hamilton"	"Bernie The Bear (IRE)"	"7.50"	"10"	"Handicap"	"3"	"11"	"Jakes, Tommie"	"Perratt, Miss L A"	"6f "	"6"	"21"	"4"	"10"
"21:00:00"	"2024-05-17"	"Hamilton"	"Ski Angel"	"2.50"	"3.7"	"Handicap"	"8"	"11"	"Nolan, D"	"Smith, R Michael"	"6f "	"6"	"15"	"1"	"10"
"15:15:00"	"2024-05-14"	"Beverley"	"Maharajas Express"	"6.00"	"8.22"	"Handicap"	"6"	"9"	"Hogan, D E"	"Jones, Jack"	"5f "	"5"	"16"	"3"	"13"
"16:55:00"	"2024-05-11"	"Ascot"	"Northcliff (IRE)"	"20.00"	"29.81"	"Handicap"	"1"	"26"	"Woods, Sorcha"	"Murphy, Mike"	"6f "	"4"	"9"	"1"	"8"
"17:50:00"	"2024-05-10"	"Cork"	"Apache Outlaw (IRE)"	"16.00"	"23.79"	"Handicap"	"12"	"15"	"Caffrey, Adam"	"McGuinness, Adrian"	"7f "	"0"	"11"	"3"	"14"
"20:09:00"	"2024-04-29"	"Windsor"	"Cinque Verde"	"3.50"	"5.95"	"Handicap"	"6"	"6"	"Doughty, Jack"	"Carroll, A W"	"5f "	"5"	"31"	"4"	"13"
"15:45:00"	"2024-04-27"	"Leicester"	"Tiriac"	"2.25"	"3.6"	"Handicap"	"3"	"7"	"Bishop, Charles"	"Channon, Jack"	"6f "	"4"	"12"	"6"	"12"
"19:15:00"	"2024-03-22"	"Newcastle"	"Pembrokeshire"	"33.00"	"55"	"Handicap"	"10"	"11"	"Young, Archie"	"Jardine, I"	"6f "	"6"	"29"	"8"	"8"
"18:45:00"	"2024-03-13"	"Newcastle"	"Sibyl Charm (IRE)"	"2.25"	"3.52"	"Handicap"	"1"	"8"	"Mulrennan, Paul"	"Jardine, I"	"7f "	"4"	"10"	"1"	"11"
"19:15:00"	"2024-03-12"	"Newcastle"	"Pocket The Packet (IRE)"	"25.00"	"33.52"	"Handicap"	"10"	"10"	"McManoman, Faye"	"Tinkler, N"	"6f "	"6"	"165"	"9"	"10"
"18:30:00"	"2024-02-22"	"Newcastle"	"Warminster"	"8.50"	"11"	"Handicap"	"3"	"8"	"Dennis, Phil"	"Scott, Miss Katie"	"6f "	"6"	"6"	"6"	"8"
"18:00:00"	"2024-02-17"	"Newcastle"	"Enola Grey (IRE)"	"12.00"	"18"	"Handicap"	"3"	"12"	"Scott, Rowan"	"Tutty, Gemma"	"1m "	"4"	"4"	"5"	"12"
"18:00:00"	"2024-02-13"	"Newcastle"	"Razzam (IRE)"	"10.00"	"13.5"	"Handicap"	"3"	"12"	"Rawlinson, Ali"	"Appleby, M"	"7f "	"5"	"21"	"5"	"8"
"17:45:00"	"2024-01-25"	"Newcastle"	"Child Of Lir (IRE)"	"80.00"	"161.19"	"Handicap"	"5"	"7"	"Mullen, Andrew"	"Menzies, Rebecca"	"1m "	"6"	"8"	"8"	"8"
"18:30:00"	"2024-01-08"	"Newcastle"	"Royal Mariner (IRE)"	"14.00"	"18.48"	"Non-Handicap"	"7"	"8"	"McDonald, P J"	"Whillans, Ewan"	"6f "	"6"	"32"	"10"	"12"
"18:30:00"	"2023-12-29"	"Southwell"	"Captains Bar"	"7.00"	"9.63"	"Handicap"	"5"	"9"	"ONeill, K T"	"Dixon, Scott"	"5f "	"4"	"7"	"1"	"11"
"16:30:00"	"2023-12-28"	"Newcastle"	"Forward Flight (IRE)"	"7.00"	"9.83"	"Handicap"	"7"	"7"	"Sayette, B D L"	"Foy, Kevin"	"1m "	"5"	"38"	"8"	"14"
"16:15:00"	"2023-12-20"	"Dundalk"	"Just Another (IRE)"	"66.00"	"115.93"	"Handicap"	"13"	"14"	"Rutledge, Siobhan"	"Smyth, Lee"	"5f "	"0"	"14"	"7"	"14"
"17:15:00"	"2023-12-08"	"Newcastle"	"Irish Flame"	"5.00"	"6.61"	"Handicap"	"11"	"12"	"Nolan, D"	"Dods, M"	"7f "	"5"	"35"	"4"	"11"
"15:25:00"	"2023-11-14"	"Newcastle"	"Bay Dream Believer (IRE)"	"50.00"	"73.77"	"Handicap"	"11"	"11"	"Hart, Jason"	"Walford, Mark"	"1m "	"5"	"25"	"10"	"11"
"18:15:00"	"2023-11-02"	"Newcastle"	"Soames Forsyte"	"4.00"	"6.68"	"Handicap"	"3"	"8"	"Eaves, Tom"	"Herrington,M "	"7f "	"5"	"41"	"7"	"13"
"17:45:00"	"2023-11-02"	"Newcastle"	"Crypto Quest (IRE)"	"3.00"	"4.27"	"Handicap"	"1"	"11"	"Garritty, Billy"	"McInnes, I W"	"5f "	"6"	"13"	"4"	"8"
"19:30:00"	"2023-10-30"	"Newcastle"	"Kraken Florida (IRE)"	"18.00"	"22.1"	"Handicap"	"2"	"12"	"Mulrennan, Paul"	"Wainwright, J S"	"6f "	"6"	"83"	"10"	"13"
"17:25:00"	"2023-10-18"	"Nottingham"	"Object"	"3.50"	"5"	"Handicap"	"2"	"8"	"Easterby, Miss E"	"Easterby, T D"	"5f "	"6"	"16"	"5"	"8"
"20:30:00"	"2023-10-17"	"Newcastle"	"Fai Fai"	"11.00"	"12.87"	"Handicap"	"4"	"11"	"Russell, Harry"	"Brittain, Antony"	"6f "	"6"	"8"	"11"	"12"
"16:00:00"	"2023-10-14"	"Naas"	"Furnace Creek (IRE)"	"8.00"	"13"	"Handicap"	"10"	"10"	"McMonagle, Dylan B"	"Murray, Joseph Anthony"	"6f "	"0"	"38"	"2"	"9"
"17:00:00"	"2023-10-06"	"Dundalk"	"Eruption (IRE)"	"10.00"	"11.5"	"Handicap"	"12"	"14"	"Kearney, J"	"Smith, Matthew J"	"5f "	"0"	"60"	"17"	"24"
"14:20:00"	"2023-10-04"	"Catterick"	"Woobay (IRE)"	"3.00"	"4.97"	"Handicap"	"1"	"9"	"Brown, Pippa"	"Makin, Phillip"	"5f "	"6"	"9"	"2"	"12"
"20:00:00"	"2023-09-29"	"Newcastle"	"Tuscan (IRE)"	"8.00"	"14"	"Handicap"	"6"	"12"	"Watson, Jason"	"OMeara, D"	"1m "	"5"	"7"	"4"	"13"
"17:00:00"	"2023-09-25"	"Leicester"	"San Francisco Bay (IRE)"	"12.00"	"15.17"	"Handicap"	"7"	"8"	"Whelan, Trevor"	"Candy, H"	"6f "	"5"	"86"	"1"	"8"
"15:25:00"	"2023-09-23"	"Newmarket (Rowley)"	"Royal Parade (IRE)"	"28.00"	"35.56"	"Handicap"	"11"	"11"	"Ladd, Theodore"	"Appleby, M"	"6f "	"4"	"18"	"4"	"11"
"20:30:00"	"2023-09-19"	"Newcastle"	"Atlantic Heart (IRE)"	"9.00"	"14.82"	"Handicap"	"5"	"13"	"Nolan, D"	"Midgley, P T"	"1m "	"6"	"21"	"7"	"12"
"18:10:00"	"2023-09-08"	"Newcastle"	"Explorers Way (IRE)"	"6.00"	"8.98"	"Handicap"	"1"	"13"	"Robinson, Ben"	"Ellison, B"	"1m "	"6"	"9"	"6"	"11"
"15:00:00"	"2023-09-01"	"Carlisle"	"Lord Abama (IRE)"	"12.00"	"16.63"	"Handicap"	"7"	"11"	"Rodriguez, Callum"	"Dods, M"	"5f "	"5"	"12"	"7"	"11"
"14:40:00"	"2023-08-30"	"Catterick"	"Jarvis (IRE)"	"80.00"	"128.24"	"Handicap"	"8"	"9"	"Breslin, Andrew"	"Duffield, Mrs A"	"5f "	"4"	"15"	"7"	"10"
"18:45:00"	"2023-08-29"	"Bellewstown"	"Un Bacio Ancora (IRE)"	"9.00"	"11.9"	"Handicap"	"5"	"8"	"Hassett, M W"	"Farrell, C W J"	"5f "	"0"	"17"	"14"	"19"
"15:40:00"	"2023-08-29"	"Newbury"	"Metabolt"	"11.00"	"13.5"	"Handicap"	"3"	"9"	"Pearson, Laura"	"Loughnane, David"	"1m "	"3"	"12"	"6"	"13"
"13:40:00"	"2023-08-24"	"Chepstow"	"El Hibri (IRE)"	"20.00"	"24.59"	"Handicap"	"10"	"15"	"Fallon, Cieren"	"Carroll, A W"	"6f "	"6"	"15"	"11"	"13"
"20:30:00"	"2023-08-15"	"Newcastle"	"Guest List (IRE)"	"10.00"	"16.23"	"Handicap"	"11"	"13"	"Pyle, William"	"Scott, Miss Katie"	"7f "	"6"	"12"	"6"	"14"
"20:15:00"	"2023-08-03"	"Newcastle"	"Nickleby (IRE)"	"11.00"	"13.84"	"Handicap"	"10"	"13"	"Sexton, Ryan"	"Camacho, Miss J A"	"6f "	"6"	"132"	"9"	"11"
"17:25:00"	"2023-07-29"	"Ascot"	"Rock Melody (IRE)"	"10.00"	"14.31"	"Handicap"	"6"	"14"	"Pyle, William"	"Goldie, J S"	"5f "	"2"	"8"	"3"	"13"
"14:05:00"	"2023-07-29"	"York"	"Resilience"	"28.00"	"70"	"Handicap"	"19"	"19"	"Nichol, Craig"	"Lidster, Craig"	"5f "	"4"	"24"	"2"	"7"
"19:55:00"	"2023-07-28"	"Chepstow"	"El Maga (IRE)"	"16.00"	"23.39"	"Handicap"	"6"	"9"	"Dobie, Georgia"	"McGuinness, Tom"	"7f "	"6"	"16"	"14"	"16"
"18:15:00"	"2023-07-22"	"Doncaster"	"Speedacus (IRE)"	"8.50"	"12.2"	"Handicap"	"1"	"7"	"Jamin, Pierre-Louis"	"OMeara, D"	"5f "	"5"	"35"	"7"	"8"
"17:05:00"	"2023-07-15"	"Salisbury"	"King Of Speed (IRE)"	"6.50"	"9.2"	"Handicap"	"7"	"8"	"Bradnam, Joe"	"Loughnane, Daniel Mark"	"6f "	"6"	"11"	"2"	"8"
"20:50:00"	"2023-07-13"	"Newbury"	"Libra Tiger"	"3.33"	"5.3"	"Handicap"	"2"	"11"	"Doyle, Hollie"	"Walker, Ed"	"6f "	"5"	"26"	"2"	"7"
"15:20:00"	"2023-07-08"	"Naas"	"Plankton (IRE)"	"33.00"	"85"	"Handicap"	"16"	"19"	"Hassett, M W"	"McNamara, Andrew"	"6f "	"0"	"10"	"20"	"23"
"19:00:00"	"2023-06-29"	"Hamilton"	"Imperial Khan (IRE)"	"3.00"	"4.96"	"Handicap Seller"	"2"	"6"	"Coughlan, Laura"	"Midgley, P T"	"5f "	"6"	"20"	"7"	"9"
"15:55:00"	"2023-06-29"	"Newcastle"	"Our Dickie (IRE)"	"6.50"	"10.5"	"Handicap"	"8"	"14"	"Morris, Luke"	"Jardine, I"	"1m "	"6"	"8"	"2"	"9"
"16:32:00"	"2023-06-24"	"Newmarket (July)"	"Dion Baker (IRE)"	"10.00"	"13.89"	"Handicap"	"5"	"8"	"Egan, John"	"Wigham, M"	"7f "	"5"	"10"	"2"	"6"
"17:00:00"	"2023-06-21"	"Ascot"	"Point Lynas (IRE)"	"22.00"	"31.75"	"Handicap"	"14"	"30"	"Marquand, Tom"	"Bethell, Ed"	"1m "	"2"	"17"	"2"	"7"
"19:10:00"	"2023-06-15"	"Haydock"	"Riversway"	"6.00"	"7.08"	"Handicap"	"1"	"9"	"Lee, Clifford"	"Camacho, Miss J A"	"5f "	"4"	"31"	"8"	"9"
"19:50:00"	"2023-06-14"	"Hamilton"	"Vince Lombardi"	"2.75"	"4.5"	"Handicap"	"5"	"7"	"James, S H"	"Tuer, Grant"	"6f "	"4"	"19"	"3"	"6"
"19:30:00"	"2023-06-10"	"Chepstow"	"Kyber Crystal (IRE)"	"14.00"	"19"	"Handicap"	"9"	"10"	"Fisher, Taylor"	"Dunn, Mrs Alex"	"6f "	"6"	"12"	"10"	"15"
"16:40:00"	"2023-06-09"	"Thirsk"	"Mumcat"	"12.00"	"20"	"Handicap"	"13"	"15"	"Mulrennan, Paul"	"Coward, Miss J M"	"6f "	"6"	"57"	"5"	"12"
"19:10:00"	"2023-06-08"	"Yarmouth"	"First Officer (IRE)"	"8.50"	"11"	"Handicap"	"3"	"6"	"Jakes, Tommie"	"Chapple-Hyam, Jane"	"1m "	"4"	"20"	"17"	"19"
"15:20:00"	"2023-06-03"	"Epsom"	"Papa Dont Preach (IRE)"	"50.00"	"66.4"	"Handicap"	"7"	"20"	"Pyle, William"	"Frost, Kevin"	"5f "	"2"	"14"	"5"	"11"
"16:00:00"	"2023-06-01"	"Yarmouth"	"Total Lockdown"	"33.00"	"44"	"Handicap"	"8"	"8"	"Egan, David"	"Butler, John"	"1m "	"4"	"226"	"12"	"13"
"15:10:00"	"2023-05-22"	"Carlisle"	"Papa Cocktail (IRE)"	"2.75"	"4.25"	"Handicap"	"1"	"7"	"Shepherd, Callum"	"Barclay, Stella"	"6f "	"4"	"23"	"1"	"16"
"14:50:00"	"2023-05-06"	"Newmarket (Rowley)"	"Admiral D (IRE)"	"9.00"	"14.92"	"Handicap"	"7"	"21"	"Spencer, Jamie"	"Fahey, R A"	"6f "	"2"	"17"	"5"	"11"
"13:50:00"	"2023-04-25"	"Epsom"	"Harb"	"8.00"	"10.5"	"Handicap"	"5"	"8"	"Planas, Connor"	"Crate, Peter"	"5f "	"3"	"82"	"4"	"7"
"19:50:00"	"2023-03-31"	"Newcastle"	"Satin Snake"	"6.50"	"9"	"Handicap"	"4"	"11"	"Sexton, Ryan"	"Keatley, Adrian Paul"	"7f "	"5"	"21"	"6"	"8"
"18:15:00"	"2023-03-09"	"Newcastle"	"Roudemental (IRE)"	"2.75"	"4.4"	"Handicap"	"3"	"10"	"Murphy, Oisin"	"Palmer, Hugo"	"1m "	"4"	"43"	"2"	"7"
"18:30:00"	"2023-02-24"	"Dundalk"	"Saliteh"	"50.00"	"120"	"Handicap"	"4"	"7"	"Kearney, J"	"Murray, Adrian"	"5f "	"0"	"147"	"4"	"5"
"19:10:00"	"2023-02-09"	"Newcastle"	"Showmedemoney (IRE)"	"4.00"	"5.06"	"Handicap"	"5"	"9"	"Wilson, Poppy"	"Jardine, I"	"1m "	"5"	"6"	"1"	"7"
"16:40:00"	"2023-01-23"	"Southwell"	"Thismydream (IRE)"	"2.25"	"3.4"	"Novices"	"1"	"5"	"Muscutt, D"	"Attwater, M J"	"5f "	"5"	"12"	"2"	"8"
"12:50:00"	"2023-01-20"	"Southwell"	"Another Bertie (IRE)"	"14.00"	"16.59"	"Non-Handicap"	"10"	"11"	"Eaves, Tom"	"Shaw, D"	"5f "	"6"	"3"	"11"	"11"
"18:45:00"	"2023-01-13"	"Newcastle"	"Burtonlodge Beauty (IRE)"	"33.00"	"50"	"Handicap"	"8"	"10"	"Winn, Mark"	"Perratt, Miss L A"	"5f "	"6"	"80"	"8"	"9"
"18:00:00"	"2022-12-29"	"Southwell"	"Army Of India (IRE)"	"6.00"	"7.81"	"Handicap"	"7"	"11"	"Lee, G"	"Camacho, Miss J A"	"5f "	"4"	"23"	"3"	"10"
"19:45:00"	"2022-11-15"	"Newcastle"	"Bellagio Man (IRE)"	"4.50"	"5.98"	"Handicap"	"3"	"14"	"Birkett, Mr R"	"Brittain, Antony"	"6f "	"4"	"11"	"1"	"11"
"15:23:00"	"2022-10-29"	"Newmarket (Rowley)"	"Notre Belle Bete"	"10.00"	"14.11"	"Handicap"	"9"	"12"	"Hutchinson, Callum"	"Balding, A M"	"1m "	"3"	"31"	"3"	"8"
"17:00:00"	"2022-10-28"	"Newmarket (Rowley)"	"Darvel (IRE)"	"14.00"	"15.95"	"Handicap"	"14"	"16"	"Crouch, Hector"	"Chamings, P R"	"1m "	"5"	"15"	"1"	"9"
"20:30:00"	"2022-10-25"	"Newcastle"	"Babe Alicious (IRE)"	"4.00"	"6.4"	"Handicap"	"7"	"8"	"Morris, Luke"	"Appleby, M"	"6f "	"6"	"17"	"1"	"8"
"14:10:00"	"2022-10-19"	"Navan"	"Numoor"	"16.00"	"26"	"Handicap"	"8"	"23"	"Keane, C T"	"McConnell, John C"	"5.5f "	"0"	"11"	"6"	"30"
"16:13:00"	"2022-10-18"	"Newcastle"	"Astapor"	"40.00"	"70"	"Handicap"	"9"	"14"	"Wilkie, Brandon"	"Riches, John"	"6f "	"6"	"64"	"7"	"10"
"17:15:00"	"2022-10-16"	"Naas"	"Blind Beggar (IRE)"	"11.00"	"17.81"	"Handicap"	"2"	"14"	"Keane, C T"	"Lyons, G M"	"6f "	"0"	"18"	"5"	"8"
"17:30:00"	"2022-10-13"	"Curragh"	"Livingston Range (IRE)"	"12.00"	"16.11"	"Handicap"	"8"	"18"	"Manning, K J"	"Breen, Leanne"	"5f "	"0"	"19"	"8"	"16"
"13:30:00"	"2022-10-03"	"Windsor"	"Joy Choi (IRE)"	"11.00"	"14.5"	"Handicap"	"11"	"16"	"Mangan, Gina"	"Saunders, M S"	"6f "	"6"	"117"	"4"	"7"
"20:15:00"	"2022-09-30"	"Newcastle"	"Ramon Di Loria (IRE)"	"9.00"	"14.5"	"Handicap"	"1"	"14"	"Sexton, Ryan"	"Whillans, Ewan"	"5f "	"5"	"7"	"10"	"14"
"14:00:00"	"2022-09-30"	"Ascot"	"Final Watch"	"9.00"	"11.5"	"Handicap"	"1"	"15"	"Birkett, Mr R"	"Stone, W B"	"7f "	"3"	"36"	"6"	"9"
"14:00:00"	"2022-09-27"	"Cork"	"Were On The Way (IRE)"	"7.50"	"9.2"	"Handicap"	"5"	"18"	"Foley, Shane"	"OSullivan, Ross"	"6f "	"0"	"29"	"11"	"15"
"16:39:00"	"2022-09-25"	"Yarmouth"	"Mehmo (IRE)"	"100.00"	"260"	"Handicap"	"6"	"13"	"Walsh, E J"	"Dunnett, Mrs C A"	"6f "	"6"	"12"	"9"	"12"
"15:00:00"	"2022-09-21"	"Goodwood"	"Twilight Heir"	"25.00"	"43.41"	"Handicap"	"2"	"14"	"Mitchell, Jack"	"Durack, S"	"6f "	"4"	"28"	"11"	"12"
"15:00:00"	"2022-09-21"	"Goodwood"	"Coco Bear (IRE)"	"8.00"	"10.5"	"Handicap"	"6"	"14"	"Probert, David"	"Chamings, P R"	"6f "	"4"	"25"	"2"	"11"
"15:30:00"	"2022-09-18"	"Hamilton"	"Kraken Power (IRE)"	"7.50"	"13"	"Handicap"	"7"	"13"	"Mulrennan, Paul"	"Goldie, J S"	"5f "	"6"	"3"	"UR"	"21"
"17:01:00"	"2022-09-17"	"Newmarket (Rowley)"	"Fast Steps (IRE)"	"3.33"	"4.56"	"Handicap"	"13"	"20"	"Millman, Mr P"	"Millman, B R"	"1m1f "	"4"	"19"	"3"	"12"
"19:15:00"	"2022-09-15"	"Newcastle"	"Billy Mill"	"28.00"	"40"	"Handicap"	"1"	"13"	"Osborne, Saffie"	"Millman, B R"	"7f "	"3"	"12"	"13"	"14"
"14:25:00"	"2022-09-15"	"Ayr"	"Burj Malinka (IRE)"	"7.00"	"8.73"	"Handicap"	"11"	"21"	"McHugh, B"	"Nicholls, Adrian"	"5f "	"5"	"20"	"3"	"11"
"13:35:00"	"2022-09-15"	"Yarmouth"	"Piselli Molli (IRE)"	"33.00"	"50"	"Handicap"	"7"	"14"	"Queally, T P"	"Shaw, D"	"7f "	"6"	"56"	"11"	"11"
"14:25:00"	"2022-09-11"	"Curragh"	"A Case Of You (IRE)"	"6.50"	"9.16"	"Non-Handicap"	"12"	"19"	"Whelan, R P"	"McGuinness, Adrian"	"5f "	"0"	"85"	"17"	"24"
"17:55:00"	"2022-09-08"	"Laytown"	"Just For Yuse (IRE)"	"14.00"	"19.5"	"Claimer"	"10"	"10"	"Keane, C T"	"McCourt, T G"	"7f "	"0"	"26"	"18"	"19"
"17:00:00"	"2022-09-06"	"Leicester"	"Blissful Song (IRE)"	"2.50"	"3.9"	"Handicap"	"5"	"8"	"Ladd, Theodore"	"Appleby, M"	"5f "	"5"	"7"	"3"	"7"
"17:30:00"	"2022-09-03"	"Ascot"	"Water Of Leith (IRE)"	"7.00"	"10"	"Handicap"	"4"	"10"	"Waugh, Amie"	"Goldie, J S"	"5f "	"2"	"2"	"3"	"12"
"14:25:00"	"2022-08-30"	"Chepstow"	"Ness Ta Rah"	"200.00"	"640"	"Non-Handicap"	"12"	"15"	"Marsh, Finley"	"Best, Jim/Suzi"	"6f "	"6"	"26"	"6"	"9"
"16:25:00"	"2022-08-28"	"Beverley"	"Marselan (IRE)"	"7.50"	"11"	"Handicap"	"4"	"8"	"McHugh, B"	"Midgley, P T"	"5f "	"6"	"20"	"5"	"11"
"16:58:00"	"2022-08-27"	"Newmarket (July)"	"Colombe (IRE)"	"14.00"	"17.5"	"Handicap"	"3"	"8"	"Spencer, Jamie"	"Boughey, George"	"5f "	"4"	"64"	"7"	"7"
"15:15:00"	"2022-08-27"	"Newmarket (July)"	"Mo Celita (IRE)"	"10.00"	"12"	"Non-Handicap"	"6"	"9"	"Dettori, L"	"Nicholls, Adrian"	"6f "	"1"	"99"	"8"	"11"
"15:10:00"	"2022-08-27"	"Beverley"	"Prospect"	"5.50"	"7.43"	"Handicap"	"3"	"9"	"Lee, G"	"Midgley, P T"	"5f "	"5"	"24"	"6"	"10"
"17:01:00"	"2022-08-26"	"Goodwood"	"Mobarhin (IRE)"	"12.00"	"20"	"Handicap"	"2"	"11"	"Sayette, B D L"	"Foy, Kevin"	"6f "	"5"	"23"	"6"	"10"
"17:01:00"	"2022-08-26"	"Goodwood"	"Secret Handsheikh"	"7.00"	"7.45"	"Handicap"	"8"	"11"	"McEntee, Grace"	"Gallagher, J"	"6f "	"5"	"8"	"1"	"6"
"18:45:00"	"2022-08-25"	"Newcastle"	"Secret Glow (IRE)"	"25.00"	"34"	"Handicap"	"8"	"14"	"Scott, Rowan"	"Main, Mrs H S"	"1m "	"3"	"83"	"14"	"14"
"15:15:00"	"2022-08-16"	"Hamilton"	"Surprise Picture (IRE)"	"12.00"	"14.9"	"Handicap"	"5"	"7"	"Garritty, Billy"	"Dalgleish, Keith"	"6f "	"4"	"9"	"7"	"17"
"16:55:00"	"2022-08-15"	"Catterick"	"Hot Scoop"	"10.00"	"11.78"	"Handicap"	"1"	"10"	"Sexton, Ryan"	"England, Sam"	"5f "	"6"	"7"	"8"	"11"
"14:55:00"	"2022-08-13"	"Curragh"	"Sister Rosetta (IRE)"	"9.00"	"12.39"	"Handicap"	"2"	"8"	"Hayes, C D"	"McAuley, James"	"6f "	"0"	"12"	"1"	"11"
"14:50:00"	"2022-08-13"	"Ripon"	"Snash (IRE)"	"8.00"	"10.26"	"Handicap"	"6"	"14"	"Allan, David"	"Easterby, T D"	"6f "	"2"	"26"	"1"	"10"
"19:05:00"	"2022-08-12"	"Cork"	"Tawaazon (IRE)"	"8.00"	"11.01"	"Handicap"	"10"	"16"	"Bowen, S D"	"Hogan, Denis Gerard"	"7f "	"0"	"11"	"4"	"23"
"16:35:00"	"2022-08-08"	"Windsor"	"Youllovemewheniwin (IRE)"	"5.00"	"7.71"	"Handicap"	"6"	"11"	"Timms, Oliver"	"Holland, Darryll"	"6f "	"6"	"9"	"6"	"12"
"13:35:00"	"2022-08-06"	"Ascot"	"Bowman (IRE)"	"12.00"	"12.65"	"Non-Handicap"	"4"	"7"	"McEvoy, Kerrin"	"Mongan, Mrs L J"	"7f "	"3"	"10"	"10"	"18"
"18:10:00"	"2022-08-04"	"Doncaster"	"Ascot Adventure"	"5.00"	"6.6"	"Handicap"	"5"	"14"	"Kirby, Adam"	"Cox, C G"	"7f "	"3"	"60"	"4"	"8"
"15:35:00"	"2022-07-29"	"Goodwood"	"Existent"	"33.00"	"57.98"	"Non-Handicap"	"9"	"11"	"Ghiani, Marco"	"Williams, S C"	"5f "	"1"	"27"	"4"	"8"
"16:25:00"	"2022-07-25"	"Ayr"	"Brazen Belle"	"22.00"	"27"	"Handicap"	"10"	"12"	"Beasley, Connor"	"Teague, C J"	"5f "	"6"	"13"	"10"	"12"
"14:10:00"	"2022-07-25"	"Ayr"	"Sir Benedict (IRE)"	"11.00"	"14"	"Handicap"	"4"	"11"	"Gray, S A"	"Barclay, Stella"	"6f "	"6"	"24"	"8"	"8"
"18:25:00"	"2022-07-22"	"York"	"Rhythm (IRE)"	"18.00"	"31.8"	"Handicap"	"11"	"15"	"Sexton, Ryan"	"Carr, Mrs R A"	"6f "	"4"	"7"	"4"	"7"
"13:10:00"	"2022-07-22"	"Thirsk"	"Country Charm"	"5.50"	"7.27"	"Handicap"	"5"	"10"	"Feilden, Sam"	"Dixon, Scott"	"5f "	"6"	"17"	"3"	"11"
"14:25:00"	"2022-07-11"	"Ayr"	"Nodsasgoodasawink"	"33.00"	"50"	"Handicap"	"9"	"12"	"Stott, Kevin"	"Perratt, Miss L A"	"6f "	"6"	"42"	"8"	"8"
"18:45:00"	"2022-07-08"	"Chepstow"	"Fossos (IRE)"	"16.00"	"17.7"	"Handicap"	"8"	"9"	"Keenan, Darragh"	"Faulkner, Ms D C"	"5f "	"6"	"9"	"8"	"10"
"16:45:00"	"2022-07-08"	"Newmarket (July)"	"Ancient Times"	"4.00"	"5.6"	"Handicap"	"2"	"12"	"Turner, Hayley"	"Eustace, Harry"	"5f "	"3"	"34"	"1"	"13"
"19:00:00"	"2022-07-02"	"Nottingham"	"Saatty (IRE)"	"22.00"	"26.63"	"Handicap"	"9"	"10"	"Rawlinson, Ali"	"Appleby, M"	"6f "	"5"	"16"	"4"	"6"
"14:33:00"	"2022-07-02"	"Naas"	"Claras Approach (IRE)"	"4.50"	"6.4"	"Handicap"	"2"	"16"	"Curran, D N"	"Lynch, Miss Jennifer Anne"	"6f "	"0"	"28"	"5"	"11"
"18:38:00"	"2022-07-01"	"Haydock"	"Cuban Breeze"	"8.50"	"12.67"	"Handicap"	"9"	"10"	"Curtis, B A"	"Evans, P D"	"6f "	"4"	"22"	"1"	"11"
"18:00:00"	"2022-06-24"	"Newcastle"	"Tantastic"	"10.00"	"13.51"	"Handicap"	"4"	"11"	"Wheatley, Zak"	"Wainwright, J S"	"5f "	"5"	"30"	"4"	"6"
"16:40:00"	"2022-06-24"	"Yarmouth"	"Enchanted Night"	"7.50"	"10.3"	"Handicap"	"6"	"6"	"Haynes, Joey"	"Dunnett, Mrs C A"	"5f "	"5"	"49"	"13"	"13"
"15:40:00"	"2022-06-14"	"Ascot"	"Logo Hunter (IRE)"	"50.00"	"80"	"Non-Handicap"	"15"	"16"	"Heffernan, J A"	"Browne, Michael J"	"5f "	"1"	"30"	"2"	"7"
"14:55:00"	"2022-06-14"	"Thirsk"	"Politics (IRE)"	"28.00"	"45.58"	"Handicap"	"7"	"12"	"Stott, Kevin"	"Makin, Phillip"	"6f "	"4"	"50"	"10"	"10"
"20:45:00"	"2022-06-11"	"Leicester"	"Gustav Graves"	"5.50"	"7.19"	"Handicap"	"4"	"10"	"Muscutt, D"	"Shaw, D"	"5f "	"6"	"15"	"3"	"8"
"16:00:00"	"2022-06-09"	"Nottingham"	"Sir Gregory (FR)"	"3.50"	"5.76"	"Handicap"	"9"	"11"	"Doyle, James"	"Appleby, M"	"6f "	"6"	"13"	"3"	"7"
"20:10:00"	"2022-06-08"	"Cork"	"Rugaday (IRE)"	"22.00"	"36.27"	"Handicap"	"14"	"24"	"McDonogh, D P"	"Kelly, David Harry"	"7f "	"0"	"25"	"13"	"18"
"14:50:00"	"2022-05-23"	"Leicester"	"Thapa VC (IRE)"	"12.00"	"17.3"	"Handicap"	"2"	"12"	"Marquand, Tom"	"Rimell, M G"	"7f "	"4"	"19"	"7"	"9"
"19:55:00"	"2022-05-13"	"Hamilton"	"Thornaby Pearl"	"4.00"	"5.61"	"Handicap"	"10"	"13"	"McHugh, B"	"Nicholls, Adrian"	"6f "	"4"	"34"	"4"	"15"
"14:25:00"	"2022-05-11"	"York"	"Asadjumeirah"	"33.00"	"55"	"Handicap"	"4"	"22"	"Hardie, Cameron"	"Brittain, Antony"	"6f "	"2"	"16"	"1"	"10"
"14:20:00"	"2022-05-10"	"Chepstow"	"Macs Dilemma (IRE)"	"2.75"	"4.7"	"Handicap"	"1"	"15"	"Doyle, Hollie"	"Oshea, J G M"	"6f "	"5"	"14"	"1"	"13"
"14:10:00"	"2022-05-07"	"Nottingham"	"Tees Spirit"	"2.00"	"3.26"	"Handicap"	"1"	"8"	"Murtagh, Connor"	"Nicholls, Adrian"	"5f "	"4"	"16"	"1"	"7"
"16:56:00"	"2022-05-01"	"Hamilton"	"Iris Dancer"	"1.63"	"2.75"	"Handicap"	"4"	"9"	"Hart, Jason"	"Davidson, Tristan"	"6f "	"6"	"5"	"3"	"7"
"13:50:00"	"2022-04-27"	"Ascot"	"Hathlool (IRE)"	"3.50"	"5.02"	"Handicap"	"5"	"9"	"Ladd, Theodore"	"Appleby, M"	"1m "	"3"	"4"	"3"	"5"
"17:15:00"	"2022-04-25"	"Naas"	"Gegenpressing"	"33.00"	"42.98"	"Handicap"	"8"	"13"	"Hayes, C D"	"Harty, Edward and Patrick"	"6f "	"0"	"15"	"18"	"22"
"13:00:00"	"2022-04-22"	"Doncaster"	"Merry Secret (IRE)"	"5.50"	"7.82"	"Handicap"	"7"	"11"	"Curtis, B A"	"Mullaney, L A"	"7f "	"5"	"18"	"6"	"14"
"17:40:00"	"2022-04-19"	"Yarmouth"	"Aish"	"16.00"	"20.68"	"Handicap"	"2"	"9"	"Dawson, R"	"Cowell, R M H"	"5f "	"5"	"19"	"9"	"9"
"17:50:00"	"2022-04-08"	"Dundalk"	"Attelboro (IRE)"	"25.00"	"29.49"	"Handicap"	"6"	"10"	"Leonard, Killian"	"McDonagh, Eoin Joseph"	"5f "	"0"	"28"	"9"	"14"
"14:05:00"	"2022-04-04"	"Redcar"	"Lockdown Lass"	"4.50"	"6.7"	"Handicap"	"2"	"13"	"Watson, Jason"	"Hanmer, G D"	"7f "	"6"	"178"	"7"	"11"
"19:30:00"	"2022-03-10"	"Newcastle"	"Amasova"	"4.00"	"5.82"	"Handicap"	"3"	"11"	"ONeill, K T"	"Haynes, Alice"	"5f "	"6"	"21"	"3"	"10"
"17:55:00"	"2022-03-01"	"Newcastle"	"El Camino"	"33.00"	"34.49"	"Handicap"	"11"	"12"	"Watson, Jason"	"Appleby, M"	"7f "	"6"	"18"	"6"	"7"
"13:30:00"	"2022-01-24"	"Southwell"	"Ubahha"	"3.33"	"4.59"	"Novices"	"5"	"8"	"Hardie, Cameron"	"Brittain, Antony"	"5f "	"5"	"3"	"5"	"8"
"18:50:00"	"2021-12-28"	"Newcastle"	"One Hart (IRE)"	"5.50"	"7.31"	"Handicap"	"9"	"10"	"Stammers, Oliver"	"Tuer, Grant"	"6f "	"5"	"17"	"4"	"12"
"17:45:00"	"2021-12-03"	"Newcastle"	"Oso Rapido (IRE)"	"2.50"	"3.95"	"Handicap"	"12"	"12"	"Hart, Jason"	"Fell, R / Murray, S"	"6f "	"3"	"3"	"4"	"7"
"15:45:00"	"2021-11-30"	"Newcastle"	"Impressor (IRE)"	"14.00"	"17.5"	"Handicap"	"11"	"13"	"Scott, Rowan"	"Makin, Phillip"	"5f "	"5"	"25"	"3"	"13"
"15:45:00"	"2021-11-30"	"Newcastle"	"Good Night Mr Tom (IRE)"	"33.00"	"38"	"Handicap"	"13"	"13"	"Eaves, Tom"	"Waggott, Miss Tracy"	"5f "	"5"	"180"	"9"	"15"
"15:50:00"	"2021-11-01"	"Laytown"	"Skontonovski"	"4.00"	"5.89"	"Handicap"	"3"	"9"	"ONeill, Mr B"	"McGuinness, Adrian"	"7f "	"0"	"10"	"4"	"14"
"14:20:00"	"2021-11-01"	"Laytown"	"Rocky Dreams"	"3.33"	"5.21"	"Handicap"	"5"	"10"	"Hogan, D G"	"Hogan, Denis Gerard"	"6f "	"0"	"24"	"2"	"14"
"13:50:00"	"2021-11-01"	"Laytown"	"Lord Mczie (IRE)"	"8.00"	"12"	"Handicap"	"4"	"10"	"OKeeffe, Darragh"	"Hackett, Ray"	"6f "	"0"	"7"	"10"	"16"
"16:20:00"	"2021-10-23"	"Doncaster"	"Boundless Power (IRE)"	"4.00"	"6.14"	"Handicap"	"1"	"14"	"Ryan, Rossa"	"Appleby, M"	"5f "	"2"	"21"	"1"	"9"
"13:45:00"	"2021-10-20"	"Navan"	"Breakfast Club"	"25.00"	"31.55"	"Handicap"	"5"	"21"	"Coen, J"	"McAuley, James"	"5.5f "	"0"	"20"	"5"	"12"
"17:23:00"	"2021-10-19"	"Yarmouth"	"Company Minx (IRE)"	"33.00"	"55"	"Handicap"	"4"	"13"	"Dawson, R"	"Jenkins, J R"	"6f "	"6"	"53"	"9"	"10"
"15:40:00"	"2021-10-16"	"Catterick"	"Sunday Sovereign"	"7.00"	"9.75"	"Handicap"	"2"	"10"	"Hanagan, Paul"	"Easterby, T D"	"5f "	"2"	"28"	"24"	"24"
"17:30:00"	"2021-10-15"	"Newcastle"	"Vintage Polly (IRE)"	"5.00"	"6.8"	"Handicap"	"1"	"13"	"Rodriguez, Callum"	"Menzies, Rebecca"	"1m "	"6"	"14"	"3"	"13"
"16:35:00"	"2021-10-14"	"Curragh"	"Showmolina"	"4.50"	"6.4"	"Handicap"	"6"	"18"	"Keane, C T"	"Levins, J F"	"5f "	"0"	"8"	"5"	"20"
"15:35:00"	"2021-10-11"	"Musselburgh"	"Never Dark"	"3.33"	"4.91"	"Handicap"	"1"	"9"	"Mullen, Andrew"	"Jardine, I"	"5f "	"4"	"16"	"5"	"6"
"16:15:00"	"2021-10-10"	"Curragh"	"Earls (IRE)"	"12.00"	"17.5"	"Handicap"	"4"	"23"	"Lordan, W M"	"Donnelly, Garvan"	"6f "	"0"	"10"	"4"	"14"
"17:55:00"	"2021-10-08"	"Newcastle"	"Abnaa"	"6.00"	"8.48"	"Handicap"	"6"	"14"	"Hardie, Cameron"	"Brittain, Antony"	"1m "	"6"	"11"	"3"	"13"
"20:00:00"	"2021-10-01"	"Newcastle"	"Stage Power (IRE)"	"25.00"	"29.92"	"Handicap"	"11"	"13"	"Mullen, Andrew"	"Jardine, I"	"1m "	"6"	"16"	"7"	"11"
"19:30:00"	"2021-09-24"	"Newcastle"	"Asmund (IRE)"	"2.75"	"4.36"	"Handicap"	"4"	"9"	"Wheatley, Zak"	"Carroll, D"	"7f "	"6"	"10"	"1"	"7"
"19:00:00"	"2021-09-24"	"Newcastle"	"Hostelry"	"3.50"	"4.95"	"Handicap"	"4"	"8"	"McManoman, Faye"	"Carr, Mrs R A"	"7f "	"5"	"21"	"6"	"12"
"18:00:00"	"2021-09-24"	"Newcastle"	"My Thought (IRE)"	"8.50"	"12.66"	"Handicap"	"10"	"11"	"McCain, Miss Ella"	"Easterby, T D"	"1m "	"5"	"35"	"4"	"6"
"14:17:00"	"2021-09-22"	"Goodwood"	"Some Nightmare (IRE)"	"1.25"	"2.35"	"Handicap"	"1"	"6"	"Buick, William"	"Oshea, J G M"	"6f "	"4"	"13"	"1"	"9"
"14:55:00"	"2021-09-14"	"Yarmouth"	"Global Esteem (IRE)"	"5.50"	"7.58"	"Handicap"	"1"	"7"	"Beech, Aled J"	"Dwyer, C A"	"7f "	"3"	"60"	"2"	"7"
"14:15:00"	"2021-09-14"	"Redcar"	"Late Arrival (IRE)"	"3.33"	"5.2"	"Handicap"	"5"	"7"	"Pyle, William"	"Easterby, M W"	"7f "	"4"	"10"	"6"	"13"
"16:10:00"	"2021-09-07"	"Catterick"	"Spanish Angel (IRE)"	"10.00"	"16"	"Handicap"	"3"	"10"	"Sullivan, James P"	"Carr, Mrs R A"	"5f "	"4"	"10"	"9"	"13"
"20:35:00"	"2021-09-02"	"Newcastle"	"Kingsholm (IRE)"	"6.50"	"8.36"	"Handicap"	"4"	"11"	"Mitchell, Jack"	"Fanshawe, J R"	"5f "	"3"	"35"	"6"	"11"
"16:20:00"	"2021-08-27"	"Thirsk"	"Fast Deal"	"100.00"	"165.02"	"Handicap"	"10"	"13"	"Bridger, Miss Menna"	"Chapman, M C"	"6f "	"6"	"18"	"3"	"7"
"17:40:00"	"2021-08-26"	"Lingfield"	"Manigordo (USA)"	"8.00"	"9.38"	"Handicap"	"3"	"10"	"Mathers, Patrick"	"Easterby, T D"	"6f "	"3"	"12"	"5"	"20"
"15:30:00"	"2021-08-22"	"Naas"	"Affable"	"8.00"	"11"	"Handicap"	"11"	"12"	"Sheridan, J M"	"Condon, K J"	"6f "	"0"	"15"	"1"	"8"
"13:22:00"	"2021-08-14"	"Doncaster"	"Musahaba"	"16.00"	"22.65"	"Handicap"	"12"	"12"	"Farragher, Adam J"	"OMeara, D"	"7f "	"5"	"8"	"3"	"5"
"13:50:00"	"2021-08-13"	"Nottingham"	"Glorious Rio (IRE)"	"2.25"	"3.4"	"Handicap"	"1"	"8"	"Peate, Jonny"	"Barclay, Stella"	"5f "	"6"	"4"	"3"	"5"
"16:10:00"	"2021-08-10"	"Nottingham"	"Captain Corcoran (IRE)"	"5.00"	"6.92"	"Handicap"	"6"	"6"	"Allan, David"	"Alston, E J"	"5f "	"5"	"26"	"8"	"8"
"17:05:00"	"2021-08-09"	"Windsor"	"Jungle Boogaloo (IRE)"	"22.00"	"28"	"Handicap"	"5"	"8"	"Carver, William"	"McBride, P J"	"6f "	"6"	"20"	"12"	"12"
"19:55:00"	"2021-08-07"	"Ayr"	"Rose Bandit (IRE)"	"5.00"	"7.58"	"Handicap"	"1"	"8"	"Mullen, Andrew"	"Jardine, I"	"5f "	"6"	"23"	"2"	"8"
"14:07:00"	"2021-08-07"	"Cork"	"Roxette (GER)"	"7.00"	"9.68"	"Handicap"	"2"	"18"	"Whelan, R P"	"Halford, M"	"6f "	"0"	"5"	"6"	"12"
"20:15:00"	"2021-08-04"	"Yarmouth"	"Dark Side Prince"	"4.00"	"5.63"	"Handicap"	"2"	"7"	"Pearson, Laura"	"Macey, Jessica"	"5f "	"5"	"34"	"3"	"12"
"19:45:00"	"2021-08-02"	"Windsor"	"Lethal Blast"	"4.50"	"6.36"	"Handicap"	"3"	"8"	"ONeill, K T"	"Bridger, J / Cook, R"	"5f "	"5"	"26"	"7"	"7"
"16:05:00"	"2021-08-02"	"Naas"	"Hands Down (IRE)"	"33.00"	"46.76"	"Handicap"	"12"	"24"	"Joyce, Wesley"	"Moore, C"	"6f "	"0"	"9"	"14"	"15"
"15:20:00"	"2021-07-28"	"Redcar"	"Must Be An Angel (IRE)"	"3.00"	"4.52"	"Handicap"	"10"	"12"	"Noble, Cameron"	"Loughnane, David"	"6f "	"6"	"14"	"5"	"11"
"17:50:00"	"2021-07-27"	"Goodwood"	"Shepherds Way (IRE)"	"7.50"	"9.38"	"Handicap"	"5"	"6"	"Hanagan, Paul"	"Camacho, Miss J A"	"6f "	"3"	"17"	"4"	"5"
"17:45:00"	"2021-07-20"	"Nottingham"	"Latin Five (IRE)"	"3.33"	"4.6"	"Handicap"	"3"	"5"	"Stott, Kevin"	"Midgley, P T"	"5f "	"5"	"17"	"3"	"10"
"14:40:00"	"2021-07-15"	"Chepstow"	"Doctor Nuno"	"2.50"	"3.06"	"Handicap"	"2"	"10"	"Marquand, Tom"	"Carroll, A W"	"7f "	"6"	"13"	"6"	"11"
"19:35:00"	"2021-07-14"	"Yarmouth"	"Oakenshield (IRE)"	"5.50"	"7.66"	"Handicap"	"1"	"9"	"Doyle, Hollie"	"Stubbs, Mrs L"	"6f "	"6"	"14"	"11"	"15"
"15:55:00"	"2021-07-14"	"Lingfield"	"Moosmee (IRE)"	"3.33"	"5.11"	"Handicap"	"1"	"8"	"Murphy, Oisin"	"Dow, S"	"6f "	"5"	"25"	"2"	"9"
"13:00:00"	"2021-07-12"	"Dundalk"	"Dandy Spirit (IRE)"	"3.50"	"5.2"	"Handicap"	"5"	"7"	"McDonogh, D P"	"Cotter, Kieran P"	"5f "	"0"	"15"	"4"	"17"
"16:45:00"	"2021-07-09"	"Newmarket (July)"	"King Of Stars (IRE)"	"16.00"	"20.63"	"Handicap"	"2"	"14"	"Sousa, Silvestre De"	"Appleby, M"	"5f "	"3"	"86"	"2"	"9"
"18:15:00"	"2021-07-05"	"Windsor"	"Tyger Bay"	"1.00"	"2.06"	"Handicap"	"2"	"9"	"McEntee, Grace"	"Allen, C N"	"6f "	"6"	"5"	"2"	"11"
"14:30:00"	"2021-07-03"	"Naas"	"Mrs Bouquet"	"2.75"	"3.95"	"Handicap"	"3"	"7"	"Whelan, R P"	"Davison, Jack W"	"6f "	"0"	"6"	"6"	"17"
"18:50:00"	"2021-06-29"	"Chepstow"	"Blue Cable"	"40.00"	"74.93"	"Handicap"	"PU"	"17"	"Greatrex, Edward"	"Attwater, M J"	"6f "	"6"	"20"	"7"	"12"
"14:30:00"	"2021-06-27"	"Curragh"	"Irish Acclaim (IRE)"	"9.00"	"11.94"	"Handicap"	"15"	"17"	"McMonagle, Dylan B"	"OBrien, Richard John"	"6f "	"0"	"15"	"3"	"11"
"19:45:00"	"2021-06-24"	"Leicester"	"Wolflet"	"4.50"	"6.18"	"Handicap"	"6"	"9"	"Atzeni, Andrea"	"Williams, S C"	"7f "	"5"	"14"	"2"	"7"
"17:20:00"	"2021-06-24"	"Newmarket (July)"	"Benefit Street (IRE)"	"3.33"	"4.19"	"Handicap"	"1"	"6"	"Ghiani, Marco"	"Cowell, R M H"	"5f "	"4"	"17"	"6"	"8"
"17:20:00"	"2021-06-24"	"Newmarket (July)"	"Araifjan"	"3.50"	"4.92"	"Handicap"	"5"	"6"	"Moore, Ryan"	"Cowell, R M H"	"5f "	"4"	"21"	"2"	"5"
"15:55:00"	"2021-06-24"	"Nottingham"	"Bezzas Lad (IRE)"	"4.50"	"6.8"	"Handicap"	"5"	"10"	"Probert, David"	"Carroll, A W"	"5f "	"6"	"13"	"8"	"8"
"15:20:00"	"2021-06-10"	"Nottingham"	"Daysaq (IRE)"	"7.50"	"8.7"	"Handicap"	"2"	"6"	"Whittington, Elisha"	"Loughnane, Daniel Mark"	"6f "	"6"	"21"	"6"	"11"
"15:15:00"	"2021-06-07"	"Lingfield"	"Recall The Show"	"4.00"	"5.3"	"Handicap"	"2"	"5"	"Morris, Luke"	"Quinn, M"	"6f "	"4"	"21"	"7"	"9"
"18:50:00"	"2021-06-01"	"Lingfield"	"Passional"	"10.00"	"13"	"Handicap"	"7"	"7"	"Levey, S M"	"Williams, S C"	"5f "	"5"	"84"	"5"	"8"
"16:05:00"	"2021-05-16"	"Ripon"	"Restless Endeavour (IRE)"	"3.33"	"5.1"	"Handicap"	"4"	"5"	"James, S H"	"Tuer, Grant"	"6f "	"3"	"15"	"2"	"16"
"13:40:00"	"2021-05-13"	"York"	"Illusionist (GER)"	"7.00"	"9.39"	"Handicap"	"8"	"17"	"James, S H"	"Tuer, Grant"	"5f "	"2"	"30"	"8"	"11"
"14:45:00"	"2021-05-11"	"Beverley"	"Star Prize (IRE)"	"20.00"	"29.57"	"Handicap"	"9"	"10"	"McManoman, Faye"	"Tinkler, N"	"5f "	"5"	"19"	"9"	"11"
"18:05:00"	"2021-05-08"	"Thirsk"	"Princess Mayson (IRE)"	"40.00"	"50"	"Handicap"	"6"	"18"	"Mathers, Patrick"	"West, Adam"	"6f "	"6"	"162"	"12"	"13"
"18:50:00"	"2021-05-07"	"Ripon"	"Get Boosting"	"11.00"	"15.5"	"Handicap"	"1"	"6"	"Mullen, Andrew"	"Jardine, I"	"5f "	"3"	"7"	"5"	"7"
"17:25:00"	"2021-05-02"	"Hamilton"	"Kilconquhar"	"3.50"	"7.14"	"Handicap"	"RR"	"6"	"Stott, Kevin"	"Whillans, A C"	"6f "	"5"	"6"	"4"	"7"
"20:25:00"	"2021-04-15"	"Newcastle"	"Calculus (IRE)"	"28.00"	"29.26"	"Handicap"	"6"	"8"	"Brown, Mr M W"	"Egerton, Lucinda"	"7f "	"5"	"55"	"6"	"6"
"13:00:00"	"2021-04-04"	"Southwell"	"San Juan (IRE)"	"8.50"	"14.29"	"Handicap"	"6"	"9"	"Gordon, Josephine"	"Keightley, S L"	"5f "	"6"	"39"	"5"	"8"
"15:55:00"	"2021-03-16"	"Southwell"	"Secret Identity"	"150.00"	"285.05"	"Non-Handicap"	"10"	"10"	"Mullen, Andrew"	"Mullineaux, M"	"5f "	"6"	"8"	"10"	"10"
"16:40:00"	"2021-03-09"	"Southwell"	"Gossip"	"14.00"	"20"	"Handicap"	"8"	"8"	"ONeill, K T"	"Dixon, Scott"	"5f "	"5"	"32"	"8"	"8"
"17:15:00"	"2021-02-05"	"Newcastle"	"Dramatista (IRE)"	"5.00"	"8"	"Handicap"	"5"	"14"	"Stott, Kevin"	"Fell, R / Murray, S"	"1m "	"6"	"15"	"1"	"8"
"16:00:00"	"2021-02-05"	"Dundalk"	"Ecclesiastical"	"4.50"	"7"	"Handicap"	"1"	"9"	"Keane, C T"	"McCourt, T G"	"5f "	"0"	"28"	"2"	"11"
"19:00:00"	"2021-01-20"	"Southwell"	"Dubai Paradise (IRE)"	"12.00"	"17.95"	"Non-Handicap"	"9"	"10"	"Mitchell, Jack"	"Butler, John"	"5f "	"6"	"16"	"10"	"11"
"16:00:00"	"2020-11-27"	"Dundalk"	"Maggie Thunder (IRE)"	"3.00"	"4.3"	"Handicap"	"7"	"12"	"Sheehy, Danny"	"Hassett, P J"	"5f "	"0"	"11"	"2"	"14"
"18:45:00"	"2020-11-17"	"Newcastle"	"Real Smooth (IRE)"	"12.00"	"17.69"	"Handicap"	"14"	"14"	"Dawson, R"	"Smith, R Michael"	"6f "	"6"	"14"	"6"	"10"
"18:15:00"	"2020-11-17"	"Newcastle"	"Hunters Step"	"7.50"	"10.5"	"Handicap"	"4"	"13"	"McManoman, Faye"	"Tinkler, N"	"1m "	"6"	"11"	"8"	"12"
"14:45:00"	"2020-11-16"	"Dundalk"	"Seanjohnsilver (IRE)"	"40.00"	"63"	"Handicap"	"6"	"14"	"Foley, Shane"	"McConnell, John C"	"5f "	"0"	"7"	"10"	"11"
"18:30:00"	"2020-11-06"	"Newcastle"	"Frow (IRE)"	"2.75"	"4.08"	"Handicap"	"2"	"14"	"Buick, William"	"Brown, D H"	"7f "	"6"	"6"	"1"	"9"
"15:03:00"	"2020-11-03"	"Southwell"	"Ustath"	"3.00"	"5"	"Handicap"	"1"	"10"	"Heard, Tyler"	"Fell, R / Murray, S"	"5f "	"6"	"14"	"7"	"14"
"16:20:00"	"2020-11-02"	"Curragh"	"Ever Rock (IRE)"	"10.00"	"16.94"	"Handicap"	"4"	"17"	"Sheehy, Danny"	"Lambe, J J"	"5f "	"0"	"11"	"4"	"14"
"15:10:00"	"2020-10-26"	"Leicester"	"Redemptive"	"10.00"	"12.5"	"Claimer"	"5"	"8"	"Shoemark, Kieran"	"Boughey, George"	"7f "	"5"	"14"	"5"	"11"
"17:40:00"	"2020-10-20"	"Newcastle"	"Slowmo (IRE)"	"10.00"	"14.81"	"Handicap"	"3"	"14"	"Russell, Harry"	"Brittain, Antony"	"5f "	"6"	"15"	"6"	"10"
"16:20:00"	"2020-10-20"	"Yarmouth"	"Stallone (IRE)"	"5.00"	"7.2"	"Handicap"	"3"	"15"	"Turner, Hayley"	"Spiller, Henry"	"6f "	"6"	"8"	"4"	"11"
"15:30:00"	"2020-10-12"	"Musselburgh"	"Glory Fighter"	"12.00"	"22"	"Handicap"	"1"	"9"	"Gormley, Jamie"	"Jardine, I"	"5f "	"4"	"16"	"10"	"11"
"16:00:00"	"2020-09-28"	"Hamilton"	"Red Bravo (IRE)"	"2.50"	"4"	"Handicap"	"3"	"11"	"Hillhouse, Cameron"	"Loughnane, Daniel Mark"	"6f "	"6"	"7"	"2"	"12"
"19:00:00"	"2020-09-25"	"Newcastle"	"Castle Quarter (IRE)"	"6.00"	"7.44"	"Handicap"	"7"	"14"	"Stott, Kevin"	"Spencer, Seb"	"7f "	"5"	"23"	"6"	"9"
"15:15:00"	"2020-09-14"	"Thirsk"	"Chillon Castle"	"18.00"	"26"	"Handicap Seller"	"9"	"16"	"Eaves, Tom"	"Herrington,M "	"6f "	"6"	"33"	"7"	"12"
"17:00:00"	"2020-09-12"	"Lingfield"	"Royal Dynasty"	"6.50"	"7.27"	"Handicap"	"3"	"11"	"Levey, S M"	"Moubarak, Mohamed"	"7f "	"4"	"9"	"6"	"11"
"15:25:00"	"2020-09-05"	"Haydock"	"Forever In Dreams (IRE)"	"40.00"	"47.33"	"Non-Handicap"	"11"	"13"	"Bentley, Harry"	"Fogarty, Aidan F"	"6f "	"1"	"27"	"3"	"9"
"16:00:00"	"2020-09-01"	"Ripon"	"King Of Tonga (IRE)"	"22.00"	"36.13"	"Handicap"	"10"	"15"	"Downey, R P"	"OMeara, D"	"6f "	"4"	"18"	"8"	"11"
"18:15:00"	"2020-08-29"	"Redcar"	"Archaeology"	"11.00"	"14"	"Handicap"	"2"	"8"	"Garritty, Jack"	"OKeeffe, Jedd"	"1m "	"3"	"313"	"4"	"14"
"19:00:00"	"2020-08-25"	"Yarmouth"	"Act Of Magic (IRE)"	"3.50"	"6"	"Handicap"	"2"	"14"	"ONeill, K T"	"McJannet, Luke"	"1m "	"6"	"7"	"2"	"12"
"15:40:00"	"2020-08-12"	"Beverley"	"Buniann (IRE)"	"3.50"	"4.9"	"Handicap"	"6"	"14"	"McHugh, B"	"Midgley, P T"	"5f "	"4"	"19"	"4"	"10"
"15:10:00"	"2020-08-12"	"Beverley"	"De Latour"	"8.50"	"12.86"	"Non-Handicap"	"8"	"12"	"Richardson, Rachel"	"Ward, Jason"	"5f "	"6"	"8"	"4"	"15"
"16:50:00"	"2020-08-09"	"Curragh"	"Anythingyouwantobe"	"25.00"	"31.96"	"Handicap"	"9"	"17"	"McDonogh, D P"	"Browne, W P"	"5f "	"0"	"51"	"11"	"15"
"20:00:00"	"2020-08-01"	"Chepstow"	"Onebaba (IRE)"	"18.00"	"25"	"Handicap"	"8"	"11"	"Doyle, Brett"	"Carroll, A W"	"7f "	"6"	"157"	"5"	"10"
"17:30:00"	"2020-07-30"	"Musselburgh"	"Amazing Alba"	"16.00"	"21"	"Handicap"	"2"	"11"	"McHugh, B"	"Whillans, A C"	"5f "	"6"	"19"	"11"	"12"
"15:45:00"	"2020-07-28"	"Goodwood"	"Count Dorsay (IRE)"	"14.00"	"19.27"	"Handicap"	"10"	"11"	"Doyle, James"	"Easterby, T D"	"5f "	"2"	"23"	"9"	"11"
"15:20:00"	"2020-07-27"	"Redcar"	"Constant"	"7.50"	"10.29"	"Handicap"	"16"	"16"	"Tudhope, Daniel"	"OMeara, D"	"7f "	"6"	"28"	"3"	"12"
"16:25:00"	"2020-07-25"	"York"	"Quanah (IRE)"	"9.00"	"12"	"Handicap"	"6"	"13"	"Sousa, Silvestre De"	"Bailey, Liam"	"6f "	"4"	"13"	"5"	"9"
"14:15:00"	"2020-07-19"	"Newbury"	"Recon Mission (IRE)"	"12.00"	"17.25"	"Handicap"	"3"	"10"	"Stott, Kevin"	"Carroll, A W"	"6f "	"2"	"29"	"14"	"22"
"12:40:00"	"2020-07-13"	"Ayr"	"Laoise (USA)"	"25.00"	"30.12"	"Handicap"	"4"	"8"	"Lee, G"	"Perratt, Miss L A"	"6f "	"6"	"10"	"3"	"5"
"19:00:00"	"2020-07-09"	"Chepstow"	"Glamorous Crescent"	"18.00"	"21"	"Handicap"	"7"	"8"	"Currie, Nicola"	"Mason, Christopher"	"7f "	"5"	"23"	"10"	"11"
"14:20:00"	"2020-07-03"	"Chepstow"	"John Betjeman"	"50.00"	"121.77"	"Handicap"	"8"	"8"	"McCain, Miss Ella"	"Gillard, Mark"	"7f "	"5"	"23"	"9"	"11"
"13:30:00"	"2020-06-29"	"Yarmouth"	"Maid Millie"	"3.50"	"5.7"	"Handicap"	"3"	"11"	"Egan, John"	"Chapple-Hyam, Jane"	"7f "	"6"	"9"	"2"	"10"
"13:30:00"	"2020-06-24"	"Naas"	"Boughtinthedark (IRE)"	"2.75"	"3.93"	"Handicap"	"5"	"15"	"Sheridan, J M"	"Hogan, Denis Gerard"	"5f "	"0"	"1"	"1"	"15"
"17:20:00"	"2020-06-16"	"Thirsk"	"Abate"	"2.50"	"3.5"	"Handicap"	"1"	"14"	"McHugh, B"	"Nicholls, Adrian"	"5f "	"5"	"244"	"6"	"12"
"16:50:00"	"2020-06-16"	"Thirsk"	"Fox Hill"	"4.50"	"5.7"	"Handicap"	"1"	"11"	"Shaw, Harrison"	"Alston, E J"	"6f "	"6"	"15"	"9"	"12"
"15:25:00"	"2020-06-13"	"Doncaster"	"Asdaa (IRE)"	"5.00"	"7"	"Handicap"	"5"	"12"	"Norton, Francis"	"Johnston, M"	"1m "	"3"	"9"	"3"	"12"
"18:10:00"	"2020-06-10"	"Yarmouth"	"Kaafy (IRE)"	"6.00"	"8.67"	"Handicap"	"6"	"11"	"James, S H"	"Tuer, Grant"	"6f "	"6"	"222"	"11"	"13"
"14:30:00"	"2020-06-03"	"Yarmouth"	"Quduraat"	"80.00"	"120.8"	"Handicap"	"7"	"9"	"Ladd, Theodore"	"Appleby, M"	"7f "	"5"	"258"	"9"	"13"
"18:30:00"	"2020-02-15"	"Newcastle"	"Aloysius Lilius (IRE)"	"2.50"	"3.74"	"Handicap"	"1"	"14"	"Curtis, B A"	"OLeary, Gerard"	"5f "	"5"	"67"	"1"	"13"
"19:15:00"	"2020-01-31"	"Newcastle"	"Amelia R (IRE)"	"22.00"	"30"	"Handicap"	"2"	"14"	"Costello, Dougie"	"Craggs, R"	"6f "	"7"	"53"	"14"	"14"
"13:20:00"	"2020-01-09"	"Newcastle"	"Daafr (IRE)"	"16.00"	"18.23"	"Handicap"	"9"	"11"	"Hardie, Cameron"	"Brittain, Antony"	"1m "	"6"	"34"	"11"	"14"
"17:00:00"	"2019-11-22"	"Newcastle"	"Highlight Reel (IRE)"	"18.00"	"20"	"Handicap"	"14"	"14"	"Ladd, Theodore"	"Bastiman, Rebecca"	"1m "	"5"	"20"	"11"	"16"
"16:35:00"	"2019-11-08"	"Newcastle"	"First Response"	"11.00"	"12.15"	"Handicap"	"7"	"14"	"Eaves, Tom"	"Stubbs, Mrs L"	"1m "	"4"	"17"	"1"	"7"
"16:15:00"	"2019-11-01"	"Newcastle"	"Gottardo (IRE)"	"14.00"	"16.15"	"Handicap"	"2"	"13"	"Doyle, Hollie"	"Dunlop, E A L"	"1m "	"6"	"18"	"2"	"12"
"14:15:00"	"2019-11-01"	"Newmarket (Rowley)"	"Cockalorum (IRE)"	"9.00"	"13.24"	"Handicap"	"4"	"13"	"Mulrennan, Paul"	"Fell, R / Murray, S"	"1m2f "	"3"	"20"	"2"	"19"
"16:20:00"	"2019-10-11"	"York"	"Music Society (IRE)"	"5.00"	"6.74"	"Handicap"	"12"	"22"	"Mulrennan, Paul"	"Easterby, T D"	"5f "	"3"	"21"	"1"	"24"
"19:55:00"	"2019-10-09"	"Newcastle"	"Fennaan (IRE)"	"5.50"	"7.2"	"Handicap"	"1"	"14"	"Curtis, B A"	"Makin, Phillip"	"1m "	"4"	"31"	"12"	"15"
"15:40:00"	"2019-10-09"	"Navan"	"Art Of Unity"	"5.00"	"6.59"	"Handicap"	"4"	"13"	"Sheridan, J M"	"Feane, John James"	"5f "	"0"	"8"	"7"	"20"
"20:30:00"	"2019-10-07"	"Newcastle"	"Loulin"	"20.00"	"23.39"	"Non-Handicap"	"5"	"14"	"Sullivan, James P"	"Carr, Mrs R A"	"6f "	"6"	"138"	"16"	"16"
"16:45:00"	"2019-09-23"	"Hamilton"	"Marietta Robusti (IRE)"	"16.00"	"19.54"	"Handicap"	"5"	"10"	"Garritty, Jack"	"Barclay, Stella"	"5f "	"5"	"17"	"5"	"11"
"19:30:00"	"2019-09-17"	"Newcastle"	"Tum Tum"	"33.00"	"42.75"	"Handicap"	"1"	"13"	"Eaves, Tom"	"Herrington,M "	"1m "	"5"	"38"	"10"	"10"
"16:00:00"	"2019-09-17"	"Redcar"	"Star Shield"	"3.33"	"4.74"	"Handicap"	"2"	"10"	"Nolan, D"	"OMeara, D"	"1m "	"4"	"24"	"2"	"13"
"15:25:00"	"2019-09-11"	"Carlisle"	"Hic Bibi"	"11.00"	"15"	"Handicap"	"4"	"10"	"Greatrex, Thomas"	"Loughnane, David"	"6f "	"5"	"111"	"7"	"11"
"15:40:00"	"2019-09-07"	"Thirsk"	"Final Go"	"25.00"	"29.58"	"Handicap"	"7"	"16"	"James, S H"	"Tuer, Grant"	"6f "	"4"	"87"	"5"	"6"
"16:50:00"	"2019-09-03"	"Salisbury"	"Duchess Of Avon"	"2.75"	"4.02"	"Handicap"	"2"	"10"	"Brooks, Katy"	"Moore, Gary and Josh"	"1m "	"6"	"27"	"7"	"12"
"17:50:00"	"2019-08-30"	"Curragh"	"Fridtjof Nansen"	"8.00"	"10.22"	"Handicap"	"4"	"23"	"Coen, Ben M"	"Cotter, Kieran P"	"6f "	"0"	"7"	"1"	"29"
"14:35:00"	"2019-08-26"	"Chepstow"	"Hellovaqueen"	"1.50"	"2.64"	"Seller"	"2"	"5"	"Villiers, Angus"	"Hughes, Richard"	"6f "	"6"	"14"	"4"	"12"
"17:40:00"	"2019-08-25"	"Yarmouth"	"Moretti (IRE)"	"4.50"	"6"	"Handicap"	"1"	"7"	"Edmunds, Lewis"	"Eyre, J L"	"7f "	"5"	"10"	"1"	"15"
"17:15:00"	"2019-08-23"	"Salisbury"	"Imperial Act"	"8.00"	"10"	"Handicap"	"2"	"7"	"Fox, Megan"	"Balding, A M"	"1m "	"5"	"38"	"1"	"9"
"17:50:00"	"2019-08-16"	"Newmarket (July)"	"Martineo"	"5.00"	"6.61"	"Handicap"	"4"	"9"	"Keenan, Darragh"	"Butler, John"	"6f "	"4"	"8"	"5"	"6"
"14:35:00"	"2019-08-16"	"Nottingham"	"Bluella"	"14.00"	"19.5"	"Handicap"	"7"	"9"	"Muir, Paula"	"Brisland, Robyn"	"5f "	"6"	"10"	"7"	"12"
"20:15:00"	"2019-08-10"	"Lingfield"	"More Salutes (IRE)"	"20.00"	"31.37"	"Maiden"	"5"	"8"	"McCullagh, Scott"	"Attwater, M J"	"5f "	"5"	"42"	"12"	"16"
"18:35:00"	"2019-08-03"	"Lingfield"	"Chikoko Trail"	"3.50"	"5.23"	"Handicap"	"4"	"9"	"Crouch, Hector"	"Moore, Gary and Josh"	"6f "	"6"	"9"	"5"	"9"
"18:45:00"	"2019-07-27"	"Salisbury"	"Ghepardo"	"9.00"	"11.5"	"Handicap"	"2"	"7"	"Marquand, Tom"	"Chamings, P R"	"5f "	"6"	"31"	"12"	"15"
"20:40:00"	"2019-07-12"	"Chepstow"	"Kendergarten Kop (IRE)"	"2.25"	"3.87"	"Handicap"	"2"	"13"	"Murphy, Oisin"	"Flood, D"	"7f "	"6"	"13"	"1"	"16"
"16:45:00"	"2019-07-12"	"Newmarket (July)"	"Rampant Lion (IRE)"	"25.00"	"30.8"	"Handicap"	"8"	"13"	"Mosse, G"	"Jarvis, W"	"7f "	"3"	"15"	"6"	"13"
"17:55:00"	"2019-07-11"	"Carlisle"	"Tarnhelm"	"1.10"	"2.25"	"Handicap"	"1"	"9"	"Pindar, Rhonda"	"Storey, W"	"6f "	"6"	"5"	"1"	"8"
"17:55:00"	"2019-07-11"	"Carlisle"	"Paco Escostar"	"10.00"	"14.38"	"Handicap"	"5"	"9"	"Hardie, Cameron"	"Camacho, Miss J A"	"6f "	"6"	"19"	"6"	"14"
"15:00:00"	"2019-07-08"	"Ayr"	"Burmese Blazer (IRE)"	"20.00"	"28"	"Handicap"	"3"	"6"	"Davis, Sean"	"Goldie, J S"	"6f "	"5"	"1"	"10"	"15"
"19:00:00"	"2019-07-06"	"Carlisle"	"Dahik (IRE)"	"50.00"	"86.31"	"Handicap"	"10"	"11"	"Hardie, Cameron"	"Easterby, M W"	"5f "	"5"	"19"	"15"	"17"
"19:00:00"	"2019-07-02"	"Chepstow"	"Jupiter"	"10.00"	"14.5"	"Handicap"	"3"	"17"	"Woods, Sebastian"	"Dunn, Mrs Alex"	"6f "	"6"	"42"	"6"	"9"
"13:50:00"	"2019-06-29"	"Newcastle"	"Mokaatil"	"12.00"	"16.5"	"Handicap"	"9"	"12"	"McEvoy, Kerrin"	"Williams, Ian"	"6f "	"2"	"28"	"14"	"19"
"14:35:00"	"2019-06-23"	"Tipperary"	"Straffan (IRE)"	"7.00"	"8.35"	"Handicap"	"5"	"15"	"Roche, L F"	"Casey, Francis"	"5f "	"0"	"7"	"10"	"16"
"17:10:00"	"2019-06-22"	"Redcar"	"Fard"	"8.00"	"12"	"Handicap Maiden"	"4"	"11"	"Muir, Paula"	"Fell, R / Murray, S"	"1m "	"5"	"10"	"5"	"13"
"18:20:00"	"2019-06-14"	"Cork"	"Ty Rock Brandy (IRE)"	"12.00"	"16.48"	"Handicap"	"10"	"10"	"Cleary, R P"	"McGuinness, Adrian"	"5f "	"0"	"14"	"3"	"12"
"14:00:00"	"2019-06-12"	"Yarmouth"	"Haader (FR)"	"16.00"	"34"	"Handicap"	"9"	"12"	"Mathers, Patrick"	"Shaw, D"	"6f "	"6"	"12"	"10"	"14"
"17:15:00"	"2019-06-11"	"Salisbury"	"Global Melody"	"3.50"	"4.88"	"Handicap"	"4"	"8"	"McEntee, Grace"	"McEntee, P S"	"6f "	"5"	"14"	"6"	"12"
"16:30:00"	"2019-06-06"	"Hamilton"	"Zumurud (IRE)"	"9.00"	"11.89"	"Handicap"	"2"	"11"	"Tudhope, Daniel"	"Bastiman, Rebecca"	"6f "	"4"	"33"	"8"	"13"
"16:55:00"	"2019-06-01"	"Musselburgh"	"Hawaam (IRE)"	"4.50"	"6"	"Handicap"	"3"	"7"	"Curtis, B A"	"Fell, R / Murray, S"	"5f "	"3"	"21"	"3"	"9"
"18:00:00"	"2019-05-31"	"Doncaster"	"Straight Ash (IRE)"	"11.00"	"13.5"	"Handicap"	"3"	"13"	"McGovern, C J"	"Pears, Ollie"	"1m "	"5"	"7"	"2"	"8"
"17:25:00"	"2019-05-29"	"Hamilton"	"Leeshaan (IRE)"	"8.00"	"11.56"	"Handicap"	"9"	"11"	"Scott, Rowan"	"Bastiman, Rebecca"	"5f "	"6"	"24"	"3"	"11"
"19:10:00"	"2019-05-28"	"Southwell"	"Han Solo Berger (IRE)"	"12.00"	"17.48"	"Handicap"	"7"	"13"	"Wood, George"	"Wall, C F"	"5f "	"5"	"43"	"8"	"13"
"15:50:00"	"2019-05-28"	"Redcar"	"Jos Girl (IRE)"	"50.00"	"100"	"Handicap"	"13"	"14"	"Costello, Dougie"	"Hammond, Micky"	"1m "	"5"	"21"	"11"	"15"
"17:30:00"	"2019-05-23"	"Goodwood"	"Real Estate (IRE)"	"4.00"	"6"	"Handicap"	"5"	"11"	"Fallon, Cieren"	"Attwater, M J"	"6f "	"5"	"17"	"1"	"13"
"16:05:00"	"2019-05-20"	"Redcar"	"Makanah"	"3.50"	"5.2"	"Handicap"	"2"	"10"	"Hanagan, Paul"	"Camacho, Miss J A"	"5f "	"3"	"16"	"1"	"13"
"18:10:00"	"2019-05-18"	"Thirsk"	"Holdenhurst"	"7.00"	"10.5"	"Handicap"	"2"	"11"	"Fallon, Cieren"	"Turner, W G M"	"6f "	"6"	"17"	"2"	"9"
"17:40:00"	"2019-05-18"	"Thirsk"	"Shortbackandsides (IRE)"	"25.00"	"75"	"Handicap"	"7"	"11"	"Dodsworth, Robert"	"Easterby, T D"	"6f "	"6"	"14"	"13"	"13"
"13:55:00"	"2019-05-18"	"Navan"	"Twenty Minutes"	"5.00"	"7.77"	"Handicap"	"4"	"8"	"Roche, L F"	"English, Damian Joseph"	"5.5f "	"0"	"7"	"1"	"13"
"17:15:00"	"2019-05-17"	"Newmarket (Rowley)"	"National Glory (IRE)"	"10.00"	"14"	"Handicap"	"7"	"11"	"Dobie, Georgia"	"Watson, Archie"	"6f "	"5"	"11"	"3"	"13"
"15:20:00"	"2019-05-14"	"Beverley"	"Qaaraat"	"6.00"	"8.46"	"Handicap"	"2"	"15"	"Hardie, Cameron"	"Brittain, Antony"	"5f "	"5"	"7"	"4"	"7"
"17:40:00"	"2019-05-11"	"Thirsk"	"Spirit Power"	"22.00"	"38"	"Handicap"	"14"	"19"	"Eaves, Tom"	"Alston, E J"	"5f "	"6"	"26"	"7"	"9"
"14:30:00"	"2019-05-04"	"Thirsk"	"Choice Encounter"	"25.00"	"34"	"Handicap"	"11"	"13"	"Greatrex, Thomas"	"Watson, Archie"	"6f "	"4"	"33"	"4"	"14"
"17:35:00"	"2019-05-01"	"Ascot"	"Motajaasid (IRE)"	"20.00"	"29.48"	"Handicap"	"7"	"20"	"Marsh, Finley"	"Hughes, Richard"	"1m "	"4"	"28"	"3"	"8"
"15:55:00"	"2019-04-26"	"Doncaster"	"Tathmeen (IRE)"	"9.00"	"11.5"	"Handicap"	"4"	"12"	"Hardie, Cameron"	"Brittain, Antony"	"5f "	"4"	"7"	"6"	"12"
"15:00:00"	"2019-04-20"	"Musselburgh"	"Eeh Bah Gum (IRE)"	"25.00"	"46.66"	"Handicap"	"14"	"16"	"Richardson, Rachel"	"Easterby, T D"	"5f "	"2"	"210"	"7"	"9"
"17:55:00"	"2019-04-13"	"Thirsk"	"Milton Road"	"14.00"	"19.88"	"Handicap"	"5"	"17"	"Edmunds, Lewis"	"Bastiman, Rebecca"	"6f "	"6"	"39"	"3"	"13"
"16:50:00"	"2019-04-05"	"Leicester"	"Ragstone View (IRE)"	"25.00"	"37.03"	"Handicap"	"10"	"11"	"Probert, David"	"Millman, B R"	"7f "	"4"	"195"	"12"	"13"
"15:45:00"	"2019-03-12"	"Southwell"	"Coastal Drive"	"16.00"	"24"	"Novices"	"7"	"7"	"Stott, Kevin"	"Midgley, P T"	"5f "	"5"	"155"	"2"	"16"
"19:15:00"	"2019-02-15"	"Newcastle"	"Queen Of Kalahari"	"14.00"	"19"	"Handicap"	"7"	"9"	"Sullivan, James P"	"Eyre, J L"	"6f "	"6"	"44"	"4"	"10"
"19:30:00"	"2019-01-31"	"Newcastle"	"Makofitwhatyouwill"	"40.00"	"70"	"Handicap"	"5"	"13"	"Sullivan, James P"	"Carr, Mrs R A"	"7f "	"7"	"22"	"6"	"9"
"17:15:00"	"2018-11-28"	"Newcastle"	"Golden Guest"	"33.00"	"38"	"Handicap"	"14"	"14"	"Winston, Robert"	"Eyre, J L"	"1m "	"5"	"21"	"8"	"8"
"16:00:00"	"2018-11-07"	"Newcastle"	"Coviglia (IRE)"	"4.00"	"6.2"	"Handicap"	"5"	"8"	"Glass, Amelia"	"Coward, Miss J M"	"6f "	"5"	"23"	"6"	"9"
"16:15:00"	"2018-11-03"	"Newmarket (Rowley)"	"Desert Dream"	"5.00"	"6.15"	"Handicap"	"8"	"15"	"Wood, George"	"Easterby, M W"	"7f "	"4"	"5"	"2"	"15"
"18:00:00"	"2018-11-02"	"Dundalk"	"Blue Suede (IRE)"	"25.00"	"65.72"	"Handicap"	"RR"	"14"	"Cleary, R P"	"Watson, R K"	"5f "	"0"	"9"	"21"	"23"
"14:50:00"	"2018-10-31"	"Dundalk"	"Miss Florence"	"20.00"	"44"	"Maiden"	"4"	"8"	"Davis, Sean"	"Walsh, T M"	"5f "	"0"	"54"	"3"	"7"
"14:40:00"	"2018-10-31"	"Nottingham"	"Tan"	"4.50"	"6.21"	"Handicap"	"8"	"14"	"Rawlinson, Ali"	"Appleby, M"	"5f "	"5"	"11"	"8"	"14"
"16:00:00"	"2018-10-29"	"Redcar"	"Ventura Secret (IRE)"	"2.50"	"3.72"	"Handicap"	"4"	"13"	"Muir, Paula"	"Dods, M"	"6f "	"6"	"14"	"5"	"9"
"17:45:00"	"2018-10-23"	"Newcastle"	"Pure Shores"	"3.50"	"5.2"	"Non-Handicap"	"8"	"10"	"Malune, Gabriele"	"Williams, Ian"	"1m "	"5"	"6"	"1"	"11"
"20:45:00"	"2018-10-19"	"Newcastle"	"Another Angel (IRE)"	"3.33"	"4.3"	"Handicap"	"2"	"14"	"Hardie, Cameron"	"Brittain, Antony"	"5f "	"5"	"7"	"4"	"9"
"16:30:00"	"2018-10-15"	"Yarmouth"	"Oud Metha Bridge (IRE)"	"10.00"	"13.5"	"Handicap"	"2"	"12"	"Birkett, Shelley"	"Feilden, Miss J"	"1m "	"5"	"17"	"12"	"14"
"17:35:00"	"2018-10-14"	"Navan"	"Nigg Bay (IRE)"	"12.00"	"21.46"	"Handicap"	"7"	"16"	"OConnor, Donagh"	"Levins, J F"	"5f "	"0"	"113"	"3"	"8"
"17:05:00"	"2018-10-08"	"Windsor"	"Maazel (IRE)"	"14.00"	"16"	"Handicap"	"14"	"16"	"Peacock, Chloe"	"Feilden, Miss J"	"6f "	"6"	"43"	"4"	"7"
"16:35:00"	"2018-10-06"	"Redcar"	"Fashion Theory"	"4.00"	"5.44"	"Handicap"	"7"	"15"	"Allan, David"	"Easterby, T D"	"1m "	"2"	"6"	"2"	"7"
"15:35:00"	"2018-10-06"	"Ascot"	"Escobar (IRE)"	"14.00"	"29"	"Handicap"	"10"	"15"	"Kirby, Adam"	"OMeara, D"	"7f "	"2"	"7"	"3"	"9"
"17:00:00"	"2018-09-26"	"Redcar"	"Raffle King (IRE)"	"33.00"	"67.35"	"Handicap"	"15"	"16"	"Sullivan, James P"	"Carr, Mrs R A"	"5f "	"5"	"23"	"8"	"14"
"14:30:00"	"2018-09-24"	"Hamilton"	"Alfies Angel (IRE)"	"5.00"	"6.2"	"Handicap"	"7"	"10"	"Tutty, Gemma"	"Tutty, Mrs K J"	"6f "	"6"	"11"	"5"	"15"
"17:10:00"	"2018-09-20"	"Yarmouth"	"Colonel Frank"	"3.00"	"4.39"	"Handicap"	"4"	"5"	"Berry, F M"	"Quinn, M"	"7f "	"3"	"25"	"1"	"4"
"16:05:00"	"2018-09-19"	"Yarmouth"	"Balgair"	"7.00"	"8.6"	"Handicap"	"2"	"9"	"Spencer, Jamie"	"Clover, Tom"	"1m "	"4"	"24"	"4"	"5"
"14:50:00"	"2018-09-14"	"Sandown"	"Gnaad (IRE)"	"6.00"	"7.99"	"Handicap"	"1"	"9"	"Haynes, Joey"	"Bailey, A"	"5f "	"5"	"29"	"3"	"9"
"16:20:00"	"2018-09-08"	"Thirsk"	"Pennsylvania Dutch"	"12.00"	"21.05"	"Handicap"	"7"	"16"	"Gray, S A"	"Ryan, K A"	"6f "	"4"	"21"	"10"	"14"
"16:20:00"	"2018-09-08"	"Thirsk"	"Etikaal"	"33.00"	"71.83"	"Handicap"	"15"	"16"	"Garritty, Jack"	"Tuer, Grant"	"6f "	"4"	"9"	"12"	"12"
"15:05:00"	"2018-09-08"	"Navan"	"Only Spoofing (IRE)"	"5.50"	"7"	"Handicap"	"1"	"6"	"Davis, Sean"	"OKeeffe, Jedd"	"5f "	"0"	"17"	"3"	"13"
"16:55:00"	"2018-09-07"	"Ascot"	"Nick Vedder"	"8.00"	"11.13"	"Handicap"	"8"	"19"	"Winston, Robert"	"Wigham, M"	"6f "	"4"	"20"	"1"	"11"
"20:00:00"	"2018-08-31"	"Hamilton"	"Guardia Svizzera (IRE)"	"1.00"	"2.08"	"Handicap"	"1"	"11"	"Hamilton, Tony"	"Fell, R / Murray, S"	"5f "	"6"	"2"	"1"	"10"
"15:35:00"	"2018-08-27"	"Southwell"	"Monks Stand (USA)"	"12.00"	"17.4"	"Handicap"	"14"	"14"	"Doyle, Hollie"	"Mackie, J"	"5f "	"3"	"16"	"6"	"6"
"14:35:00"	"2018-08-27"	"Chepstow"	"Born To Boogie"	"8.00"	"10.5"	"Seller"	"4"	"7"	"Cronin, S C"	"Turner, W G M"	"6f "	"6"	"9"	"4"	"16"
"13:45:00"	"2018-08-18"	"Doncaster"	"Munthany (USA)"	"8.50"	"10.54"	"Handicap"	"7"	"9"	"Gormley, Jamie"	"Easterby, T D"	"7f "	"5"	"17"	"9"	"13"
"20:15:00"	"2018-08-17"	"Catterick"	"Mightaswellsmile"	"9.00"	"12.11"	"Handicap"	"7"	"12"	"Eaves, Tom"	"Barr, R E"	"5f "	"6"	"14"	"3"	"9"
"19:35:00"	"2018-08-14"	"Nottingham"	"Spin Top"	"5.50"	"7"	"Handicap"	"3"	"7"	"Dwyer, Martin"	"Muir, W R"	"5f "	"5"	"15"	"1"	"9"
"20:20:00"	"2018-08-08"	"Yarmouth"	"The Lacemaker"	"4.50"	"6.1"	"Handicap"	"2"	"4"	"Sousa, Silvestre De"	"Dwyer, C A"	"6f "	"5"	"8"	"5"	"8"
"16:30:00"	"2018-07-31"	"Yarmouth"	"Wild Acclaim (IRE)"	"9.00"	"11.36"	"Handicap"	"9"	"10"	"Ryan, Rossa"	"McEntee, P S"	"1m "	"6"	"13"	"5"	"9"
"18:55:00"	"2018-07-25"	"Sandown"	"Delagate This Lord"	"2.75"	"4"	"Handicap"	"6"	"8"	"Egan, David"	"Attwater, M J"	"5f "	"4"	"27"	"5"	"7"
"16:40:00"	"2018-07-20"	"Newbury"	"Dashing Poet"	"6.00"	"7.92"	"Handicap"	"5"	"5"	"Morris, Luke"	"Main, Mrs H S"	"1m "	"5"	"13"	"9"	"12"
"16:10:00"	"2018-07-14"	"Ascot"	"Areen Heart (FR)"	"10.00"	"13.51"	"Handicap"	"5"	"14"	"Tudhope, Daniel"	"OMeara, D"	"7f "	"4"	"8"	"3"	"6"
"15:00:00"	"2018-07-14"	"Navan"	"Blastofmagic"	"11.00"	"14.71"	"Handicap"	"2"	"20"	"Coakley, Ross"	"Joyce, Adrian Brendan"	"5f "	"0"	"8"	"4"	"15"
"19:45:00"	"2018-07-13"	"Chepstow"	"Isstoora (IRE)"	"1.75"	"2.8"	"Handicap"	"4"	"6"	"Doyle, Hollie"	"Watson, Archie"	"6f "	"4"	"14"	"4"	"6"
"16:35:00"	"2018-07-13"	"Ascot"	"Daschas"	"10.00"	"11.64"	"Handicap"	"1"	"9"	"Greatrex, Edward"	"Williams, S C"	"6f "	"3"	"27"	"8"	"18"
"17:35:00"	"2018-07-12"	"Carlisle"	"Kirkbys Phantom"	"250.00"	"804.3"	"Handicap"	"9"	"9"	"Evans, Nathan"	"Berry, A"	"6f "	"6"	"5"	"10"	"10"
"17:20:00"	"2018-07-12"	"Newmarket (July)"	"Leo Minor (USA)"	"4.50"	"7.7"	"Handicap"	"7"	"8"	"Buick, William"	"Cowell, R M H"	"5f "	"2"	"14"	"1"	"7"
"13:30:00"	"2018-07-06"	"Doncaster"	"Ocelot"	"2.50"	"4.03"	"Handicap"	"2"	"7"	"Tudhope, Daniel"	"Cowell, R M H"	"5f "	"4"	"22"	"4"	"9"
"16:50:00"	"2018-07-04"	"Thirsk"	"Mr Strutter (IRE)"	"7.50"	"9.05"	"Handicap"	"4"	"11"	"Elliott, Andrew"	"Thompson, Ronald"	"6f "	"6"	"25"	"1"	"9"
"12:20:00"	"2018-06-30"	"Newcastle"	"Volatile"	"10.00"	"12"	"Handicap"	"6"	"13"	"Costello, Dougie"	"Osborne, J A"	"6f "	"2"	"10"	"2"	"12"
"18:30:00"	"2018-06-27"	"Naas"	"Rag Tatter"	"25.00"	"38"	"Handicap"	"15"	"20"	"Maxwell, C D"	"Mulholland, Anthony"	"6f "	"0"	"16"	"11"	"14"
"17:00:00"	"2018-06-26"	"Beverley"	"Foxy Boy"	"12.00"	"19"	"Handicap"	"6"	"13"	"Woods, Sebastian"	"Bastiman, Rebecca"	"5f "	"6"	"4"	"8"	"10"
"14:45:00"	"2018-06-19"	"Thirsk"	"Canford Bay (IRE)"	"16.00"	"23.35"	"Handicap"	"5"	"12"	"Hardie, Cameron"	"Brittain, Antony"	"5f "	"6"	"238"	"4"	"10"
"18:40:00"	"2018-06-18"	"Naas"	"Son Of Rest"	"2.25"	"3.55"	"Non-Handicap"	"4"	"8"	"Hayes, C D"	"Stack, J A"	"5f "	"0"	"56"	"7"	"8"
"20:05:00"	"2018-06-15"	"Chepstow"	"Broadhaven Honey (IRE)"	"10.00"	"13.5"	"Handicap"	"3"	"11"	"Probert, David"	"Harris, R A"	"5f "	"6"	"122"	"6"	"7"
"14:30:00"	"2018-06-09"	"Musselburgh"	"Copper Knight (IRE)"	"8.00"	"11.77"	"Handicap"	"6"	"16"	"Allan, David"	"Easterby, T D"	"5f "	"2"	"23"	"12"	"18"
"14:30:00"	"2018-06-09"	"Musselburgh"	"Mayleaf Shine (IRE)"	"25.00"	"38.78"	"Handicap"	"8"	"16"	"Gormley, Jamie"	"Jardine, I"	"5f "	"2"	"30"	"7"	"11"
"20:00:00"	"2018-06-04"	"Ayr"	"Hee Haw (IRE)"	"8.00"	"12.04"	"Handicap"	"9"	"10"	"Makin, Phillip"	"Midgley, P T"	"6f "	"4"	"16"	"6"	"16"
"14:40:00"	"2018-06-04"	"Leicester"	"Kody Ridge (IRE)"	"2.75"	"4.1"	"Seller"	"4"	"8"	"Sanderson, Benjamin"	"Fell, R / Murray, S"	"6f "	"5"	"44"	"12"	"19"
"19:40:00"	"2018-06-02"	"Lingfield"	"Porto Ferro (IRE)"	"3.00"	"4.5"	"Handicap"	"2"	"6"	"Morris, Luke"	"Bridger, J / Cook, R"	"5f "	"5"	"16"	"5"	"10"
"17:10:00"	"2018-05-26"	"Haydock"	"Muscika"	"5.00"	"7"	"Handicap"	"2"	"14"	"Nolan, D"	"OMeara, D"	"6f "	"4"	"14"	"7"	"17"
"14:15:00"	"2018-05-24"	"Lingfield"	"Roys Dream"	"5.50"	"7.2"	"Handicap"	"2"	"7"	"Ryan, Rossa"	"Collins, Paul"	"6f "	"6"	"21"	"6"	"8"
"17:30:00"	"2018-05-18"	"Newmarket (Rowley)"	"Tawaafoq"	"12.00"	"15.35"	"Handicap"	"2"	"10"	"Fisher, Jonathan"	"Quinn, M"	"6f "	"5"	"23"	"1"	"11"
"17:05:00"	"2018-05-11"	"Lingfield"	"Pursuing Steed"	"4.50"	"6.29"	"Handicap"	"4"	"7"	"Bennett, Charlie"	"Morrison, H"	"7f "	"4"	"23"	"11"	"14"
"16:05:00"	"2018-04-30"	"Thirsk"	"Somewhere Secret"	"50.00"	"127.13"	"Handicap"	"8"	"15"	"Dennis, Phil"	"Mullineaux, M"	"6f "	"4"	"180"	"10"	"10"
"17:55:00"	"2018-04-17"	"Newmarket (Rowley)"	"Evergate"	"7.00"	"9.56"	"Handicap"	"7"	"9"	"Crowley, Jim"	"Cowell, R M H"	"5f "	"3"	"10"	"6"	"8"
"15:00:00"	"2018-03-27"	"Southwell"	"Sir Harry Collins (IRE)"	"16.00"	"28.51"	"Handicap"	"8"	"8"	"Sousa, Silvestre De"	"Appleby, M"	"5f "	"6"	"14"	"5"	"7"
"13:45:00"	"2018-01-01"	"Southwell"	"Tilly Trotter (IRE)"	"4.00"	"5.66"	"Handicap"	"6"	"7"	"Eaves, Tom"	"Carroll, D"	"5f "	"3"	"10"	"1"	"7"
"13:45:00"	"2017-11-16"	"Southwell"	"Zapper Cass (FR)"	"20.00"	"35.29"	"Handicap"	"9"	"13"	"McHugh, B"	"Coyle, Tony"	"5f "	"4"	"31"	"4"	"5"
"12:50:00"	"2017-11-05"	"Naas"	"Independence Day (IRE)"	"20.00"	"42"	"Handicap"	"11"	"11"	"Madden, Tom"	"Donohoe, S"	"5f "	"0"	"11"	"12"	"15"
"13:45:00"	"2017-11-04"	"Newmarket (Rowley)"	"Lawmaking"	"12.00"	"18.75"	"Handicap"	"6"	"12"	"Keniry, L P"	"Spiller, Henry"	"1m "	"4"	"19"	"10"	"12"
"16:10:00"	"2017-10-24"	"Newcastle"	"Florencio"	"14.00"	"21.68"	"Handicap"	"4"	"14"	"Hamilton, Tony"	"Fell, R / Murray, S"	"6f "	"4"	"2"	"1"	"11"
"16:40:00"	"2017-10-22"	"Southwell"	"Noah Amor (IRE)"	"16.00"	"25.92"	"Handicap"	"4"	"12"	"Morris, Luke"	"OMeara, D"	"5f "	"4"	"12"	"12"	"14"
"19:45:00"	"2017-10-20"	"Newcastle"	"Tafteesh (IRE)"	"66.00"	"120"	"Handicap"	"7"	"13"	"Timby, Mr R"	"Easterby, M W"	"7f "	"6"	"4"	"9"	"10"
"19:15:00"	"2017-10-20"	"Newcastle"	"Picketts Charge"	"16.00"	"19.48"	"Handicap"	"5"	"13"	"Makin, Phillip"	"Guest, R C"	"1m "	"5"	"4"	"6"	"9"
"15:45:00"	"2017-10-20"	"Redcar"	"Hitman"	"11.00"	"15.5"	"Handicap"	"1"	"16"	"Egan, John"	"Bastiman, Rebecca"	"7f "	"5"	"11"	"6"	"11"
"17:20:00"	"2017-10-13"	"Newmarket (Rowley)"	"Mia Tesoro (IRE)"	"100.00"	"529.33"	"Non-Handicap"	"8"	"13"	"Donohoe, Stephen"	"Fellowes, Charlie"	"1m2f "	"1"	"21"	"3"	"12"
"15:40:00"	"2017-10-08"	"Navan"	"Free To Roam (IRE)"	"5.00"	"6.42"	"Handicap"	"7"	"21"	"Keane, C T"	"McGuinness, Adrian"	"6f "	"0"	"12"	"2"	"18"
"15:35:00"	"2017-10-01"	"Musselburgh"	"Market Choice (IRE)"	"11.00"	"12.33"	"Handicap"	"6"	"8"	"McHugh, B"	"Waggott, Miss Tracy"	"5f "	"5"	"4"	"14"	"18"
"19:15:00"	"2017-09-29"	"Newcastle"	"Mywayistheonlyway (IRE)"	"11.00"	"16.53"	"Handicap"	"3"	"14"	"Dennis, Phil"	"Tuer, Grant"	"7f "	"5"	"19"	"15"	"18"
"17:45:00"	"2017-09-27"	"Redcar"	"Point Of Woods"	"6.00"	"8.6"	"Handicap"	"6"	"18"	"Murtagh, Connor"	"Jackson, Miss T"	"6f "	"6"	"8"	"4"	"11"
"15:50:00"	"2017-09-26"	"Beverley"	"Ornate"	"4.00"	"5.54"	"Non-Handicap"	"3"	"5"	"Eaves, Tom"	"Cowell, R M H"	"5f "	"3"	"14"	"4"	"5"
"15:50:00"	"2017-09-26"	"Beverley"	"Edward Lewis"	"2.00"	"3.13"	"Non-Handicap"	"5"	"5"	"Tudhope, Daniel"	"OMeara, D"	"5f "	"3"	"34"	"2"	"16"
"14:50:00"	"2017-09-26"	"Tipperary"	"Sarah Ash Calum (IRE)"	"33.00"	"80"	"Handicap"	"4"	"18"	"Redmond, D M"	"Meany, P"	"5f "	"0"	"38"	"20"	"20"
"16:00:00"	"2017-09-20"	"Beverley"	"Mininggold"	"8.00"	"12.4"	"Handicap"	"7"	"12"	"Mulrennan, Paul"	"Dods, M"	"5f "	"5"	"11"	"3"	"10"
"14:55:00"	"2017-09-19"	"Redcar"	"Short Work"	"1.38"	"2.5"	"Handicap"	"1"	"11"	"Tudhope, Daniel"	"OMeara, D"	"6f "	"5"	"9"	"3"	"18"
"17:20:00"	"2017-09-13"	"Doncaster"	"Muatadel"	"2.75"	"3.96"	"Handicap"	"3"	"15"	"McDonald, P J"	"Fell, R / Murray, S"	"5f "	"4"	"9"	"2"	"9"
"16:25:00"	"2017-09-12"	"Leicester"	"Qeyaadah (IRE)"	"3.50"	"5.16"	"Handicap"	"3"	"6"	"Sousa, Silvestre De"	"Appleby, M"	"7f "	"3"	"24"	"2"	"10"
"17:05:00"	"2017-09-09"	"Ascot"	"Jordan Sport"	"2.75"	"4.07"	"Handicap"	"4"	"13"	"Spencer, Jamie"	"Simcock, D M"	"6f "	"2"	"29"	"1"	"5"
"17:20:00"	"2017-09-07"	"Salisbury"	"The Groove"	"9.00"	"14.54"	"Handicap"	"1"	"10"	"Fernandes, Manuel"	"OBrien, Fergal"	"1m "	"5"	"30"	"4"	"8"
"19:35:00"	"2017-09-05"	"Laytown"	"Military Hill (IRE)"	"10.00"	"13.89"	"Non-Handicap"	"4"	"9"	"Hamilton, Mr T"	"McGuinness, Adrian"	"7f "	"0"	"19"	"15"	"16"
"15:40:00"	"2017-09-04"	"Ripon"	"Tarboosh"	"4.50"	"6.2"	"Handicap"	"1"	"9"	"Mulrennan, Paul"	"Midgley, P T"	"5f "	"3"	"12"	"1"	"9"
"17:00:00"	"2017-08-26"	"Newmarket (July)"	"The Commendatore"	"8.00"	"11.68"	"Handicap"	"9"	"9"	"Norton, Francis"	"Barron, T D"	"6f "	"4"	"21"	"6"	"9"
"17:25:00"	"2017-08-23"	"Carlisle"	"Dodgy Bob"	"4.00"	"5.8"	"Handicap"	"1"	"8"	"Stones, Lewis"	"Mullineaux, M"	"6f "	"6"	"6"	"2"	"8"
"17:25:00"	"2017-08-23"	"Carlisle"	"Racquet"	"4.50"	"5.8"	"Handicap"	"3"	"8"	"Bullock, Miss Emily"	"Carr, Mrs R A"	"6f "	"6"	"11"	"1"	"11"
"14:40:00"	"2017-08-19"	"Ripon"	"Rasheeq (IRE)"	"12.00"	"18.39"	"Handicap"	"13"	"20"	"Richardson, Rachel"	"Easterby, T D"	"6f "	"2"	"14"	"12"	"16"
"14:10:00"	"2017-08-19"	"Newmarket (July)"	"Case Key"	"8.00"	"9.92"	"Handicap"	"1"	"12"	"Curtis, B A"	"Appleby, M"	"6f "	"4"	"31"	"2"	"7"
"20:20:00"	"2017-08-11"	"Haydock"	"Teepee Time"	"10.00"	"17.6"	"Handicap"	"1"	"6"	"Dennis, Phil"	"Mullineaux, M"	"5f "	"5"	"20"	"1"	"9"
"18:45:00"	"2017-08-07"	"Windsor"	"Bahamian Dollar"	"4.00"	"5.2"	"Handicap"	"3"	"8"	"Begley, Mrs K F"	"Evans, P D"	"6f "	"3"	"18"	"1"	"9"
"18:00:00"	"2017-08-07"	"Carlisle"	"Willsy"	"14.00"	"20.66"	"Handicap"	"2"	"10"	"Tutty, Gemma"	"Tutty, Mrs K J"	"6f "	"5"	"11"	"3"	"11"
"17:30:00"	"2017-08-05"	"Newmarket (July)"	"House Of Commons (IRE)"	"16.00"	"24.51"	"Handicap"	"7"	"11"	"Jones, Mr A T"	"Appleby, M"	"1m "	"4"	"25"	"4"	"8"
"17:15:00"	"2017-08-05"	"Lingfield"	"King Of Swing"	"3.00"	"4.8"	"Handicap"	"3"	"8"	"Marsh, Finley"	"Hughes, Richard"	"7.5f "	"6"	"61"	"5"	"11"
"16:45:00"	"2017-07-29"	"Ascot"	"Theodorico (IRE)"	"14.00"	"17.37"	"Handicap"	"6"	"14"	"OConnor, Miss A B"	"Loughnane, David"	"7f "	"3"	"22"	"7"	"8"
"15:05:00"	"2017-07-24"	"Ayr"	"Sahreej (IRE)"	"3.00"	"4.5"	"Handicap"	"7"	"7"	"Sheehy, Danny"	"Keatley, Adrian Paul"	"5f "	"4"	"24"	"2"	"13"
"17:40:00"	"2017-07-07"	"Doncaster"	"Rose Marmara"	"12.00"	"16.28"	"Handicap"	"2"	"8"	"McHugh, B"	"Rothwell, B S"	"5f "	"4"	"32"	"9"	"11"
"14:50:00"	"2017-07-06"	"Yarmouth"	"Pacific Salt (IRE)"	"8.00"	"12.03"	"Handicap"	"3"	"6"	"Cox, William"	"Sly, Mrs P"	"1m "	"5"	"13"	"2"	"10"
"17:00:00"	"2017-06-21"	"Ascot"	"Cote dAzur"	"40.00"	"59.94"	"Handicap"	"18"	"29"	"Kingscote, Richard"	"Eyre, J L"	"1m "	"2"	"34"	"6"	"17"
"19:30:00"	"2017-06-16"	"Chepstow"	"Smart Mover (IRE)"	"8.00"	"12.5"	"Handicap"	"3"	"5"	"Hornby, Rob"	"Evans, Mrs N S"	"1m "	"5"	"31"	"8"	"12"
"16:05:00"	"2017-06-16"	"York"	"Shypen"	"20.00"	"26.11"	"Handicap"	"8"	"10"	"McNamara, Adam"	"Fahey, R A"	"6f "	"2"	"28"	"8"	"9"
"20:55:00"	"2017-06-14"	"Hamilton"	"Nuala Tagula (IRE)"	"3.50"	"5.7"	"Handicap"	"7"	"12"	"Hart, Jason"	"Quinn, J J"	"5f "	"6"	"4"	"4"	"10"
"15:00:00"	"2017-05-30"	"Redcar"	"Lozah"	"12.00"	"15"	"Handicap"	"4"	"12"	"Beasley, Connor"	"Fell, R / Murray, S"	"1m "	"5"	"7"	"5"	"12"
"17:50:00"	"2017-05-19"	"Cork"	"Guanabara Bay (IRE)"	"14.00"	"17"	"Handicap"	"11"	"16"	"Boardman, Zoe"	"McGuinness, Adrian"	"6f "	"0"	"6"	"20"	"21"
"18:15:00"	"2017-05-13"	"Thirsk"	"Searanger (USA)"	"6.50"	"8.97"	"Handicap"	"8"	"14"	"McDonald, P J"	"Menzies, Rebecca"	"5f "	"6"	"17"	"5"	"12"
"17:10:00"	"2017-05-13"	"Ascot"	"Very Honest (IRE)"	"33.00"	"88.52"	"Handicap"	"19"	"20"	"Levey, S M"	"Johnson, B R"	"6f "	"4"	"23"	"3"	"7"
"19:05:00"	"2017-05-12"	"Ripon"	"Lathom"	"5.00"	"6.2"	"Handicap"	"6"	"7"	"Tudhope, Daniel"	"OMeara, D"	"6f "	"4"	"10"	"5"	"7"
"17:05:00"	"2017-04-28"	"Doncaster"	"French"	"16.00"	"19.3"	"Handicap"	"2"	"11"	"Hardie, Cameron"	"Brittain, Antony"	"6f "	"5"	"16"	"6"	"10"
"14:10:00"	"2017-04-28"	"Doncaster"	"Kirkham"	"5.50"	"7.44"	"Handicap"	"6"	"12"	"Doyle, Joe"	"Camacho, Miss J A"	"7f "	"5"	"162"	"2"	"11"
"15:15:00"	"2017-04-25"	"Yarmouth"	"Rojina (IRE)"	"40.00"	"70"	"Handicap"	"6"	"9"	"Uys, Jordan"	"Williamson, Mrs L"	"5f "	"6"	"10"	"5"	"6"
"14:20:00"	"2017-04-22"	"Thirsk"	"Top of The Bank"	"6.00"	"8.2"	"Handicap"	"10"	"10"	"Hamilton, Tony"	"Stubbs, Kristin"	"6f "	"5"	"14"	"5"	"8"
"14:55:00"	"2017-04-09"	"Naas"	"Midnitemudcrabs (IRE)"	"25.00"	"50.67"	"Handicap"	"12"	"17"	"OBrien, Ana"	"Feane, John James"	"6f "	"0"	"216"	"9"	"12"
"16:55:00"	"2017-04-04"	"Southwell"	"Annie Salts"	"10.00"	"11.99"	"Handicap"	"8"	"8"	"Sousa, Silvestre De"	"Dwyer, C A"	"5f "	"6"	"12"	"4"	"8"
"18:30:00"	"2017-03-01"	"Newcastle"	"Justice Pleasing"	"5.50"	"8.01"	"Handicap"	"2"	"13"	"Sanderson, Benjamin"	"Fell, R / Murray, S"	"7f "	"6"	"25"	"2"	"13"
"17:45:00"	"2017-01-27"	"Newcastle"	"Custard The Dragon"	"2.75"	"4.14"	"Handicap"	"3"	"6"	"Mullen, Andrew"	"Mackie, J"	"7f "	"4"	"25"	"1"	"13"
"15:10:00"	"2017-01-24"	"Southwell"	"Showdaisy"	"8.00"	"10"	"Handicap"	"6"	"10"	"Hart, Jason"	"Dalgleish, Keith"	"5f "	"2"	"23"	"7"	"12"
"15:35:00"	"2017-01-04"	"Newcastle"	"Rock Warbler (IRE)"	"5.00"	"7.4"	"Handicap"	"1"	"14"	"Sullivan, James P"	"Greenall, O / Guerriero, J"	"1m "	"6"	"9"	"6"	"11"
"16:50:00"	"2016-11-28"	"Newcastle"	"Horsforth"	"4.00"	"5.47"	"Handicap"	"3"	"12"	"Beasley, Connor"	"Guest, R C"	"5f "	"6"	"10"	"4"	"12"
"17:45:00"	"2016-11-18"	"Newcastle"	"Pike Corner Cross (IRE)"	"10.00"	"13.93"	"Handicap"	"1"	"13"	"Shepherd, Callum"	"De Giles, Ed"	"1m "	"5"	"30"	"5"	"14"
"18:50:00"	"2016-11-04"	"Newcastle"	"Be Bold"	"5.50"	"8.01"	"Handicap"	"9"	"14"	"Scott, Rowan"	"Bastiman, Rebecca"	"7f "	"6"	"11"	"1"	"12"
"18:35:00"	"2016-11-04"	"Dundalk"	"Eye Glass (IRE)"	"33.00"	"65"	"Handicap"	"10"	"14"	"Cleary, R P"	"McCourt, T G"	"5f "	"0"	"9"	"12"	"13"
"15:30:00"	"2016-11-02"	"Nottingham"	"John Joiner"	"7.00"	"8.57"	"Handicap"	"2"	"14"	"Bennett, Charlie"	"Hedger, P R"	"5f "	"6"	"7"	"6"	"16"
"19:45:00"	"2016-10-28"	"Newcastle"	"My Dad Syd (USA)"	"3.00"	"4.62"	"Handicap"	"2"	"12"	"Winston, Robert"	"Williams, Ian"	"7f "	"5"	"7"	"1"	"17"
"19:45:00"	"2016-10-28"	"Newcastle"	"Musaaid (IRE)"	"14.00"	"24"	"Handicap"	"12"	"12"	"Gibbons, Graham"	"Easterby, M W"	"7f "	"5"	"14"	"8"	"12"
"20:30:00"	"2016-10-25"	"Newcastle"	"Cool Strutter (IRE)"	"5.00"	"7.29"	"Handicap"	"6"	"12"	"James, S H"	"Tutty, Mrs K J"	"7f "	"6"	"11"	"5"	"14"
"15:00:00"	"2016-10-18"	"Newcastle"	"Dandyleekie (IRE)"	"4.50"	"6.33"	"Handicap"	"5"	"11"	"Tudhope, Daniel"	"OMeara, D"	"6f "	"4"	"12"	"4"	"14"
"16:25:00"	"2016-10-15"	"Ascot"	"Firmament"	"7.00"	"8.65"	"Handicap"	"3"	"19"	"Tudhope, Daniel"	"OMeara, D"	"1m "	"2"	"14"	"2"	"18"
"14:00:00"	"2016-10-15"	"Ascot"	"Growl"	"50.00"	"81.58"	"Non-Handicap"	"2"	"13"	"Lee, G"	"Fahey, R A"	"6f "	"1"	"14"	"6"	"18"
"16:35:00"	"2016-10-14"	"Redcar"	"Homeland (IRE)"	"50.00"	"110"	"Handicap"	"11"	"11"	"Mullen, Andrew"	"Rothwell, B S"	"7f "	"5"	"24"	"7"	"8"
"16:00:00"	"2016-10-14"	"Redcar"	"Gun Case"	"4.50"	"6.73"	"Handicap"	"1"	"12"	"Hanagan, Paul"	"Whillans, A C"	"7f "	"5"	"15"	"3"	"13"
"14:35:00"	"2016-10-14"	"Haydock"	"Ustinov"	"10.00"	"13"	"Handicap"	"14"	"15"	"Tudhope, Daniel"	"OMeara, D"	"6f "	"3"	"13"	"7"	"12"
"14:40:00"	"2016-10-11"	"Leicester"	"Imperial Link"	"28.00"	"40"	"Seller"	"10"	"14"	"Mckee, Ciaran"	"Oshea, J G M"	"7f "	"6"	"88"	"4"	"7"
"19:15:00"	"2016-10-08"	"Newcastle"	"Mustaqqil (IRE)"	"6.00"	"7.64"	"Handicap"	"8"	"14"	"Nolan, D"	"OMeara, D"	"1m "	"5"	"4"	"4"	"11"
"15:55:00"	"2016-10-07"	"York"	"Kibaar"	"40.00"	"109.73"	"Handicap"	"2"	"19"	"Stott, Kevin"	"Ryan, K A"	"5f "	"3"	"34"	"12"	"12"
"14:50:00"	"2016-09-25"	"Curragh"	"Goken (FR)"	"14.00"	"14.94"	"Non-Handicap"	"7"	"9"	"Eaves, Tom"	"Ryan, K A"	"6f "	"0"	"22"	"12"	"14"
"17:05:00"	"2016-09-24"	"Haydock"	"Misterioso (IRE)"	"11.00"	"13.5"	"Handicap"	"6"	"15"	"Murphy, Timmy"	"Osborne, J A"	"6f "	"3"	"16"	"4"	"20"
"17:55:00"	"2016-09-23"	"Newmarket (Rowley)"	"Hard To Handel"	"25.00"	"43.45"	"Handicap"	"9"	"20"	"Tudhope, Daniel"	"OMeara, D"	"1m1f "	"2"	"8"	"8"	"14"
"17:20:00"	"2016-09-23"	"Dundalk"	"Lady Maesmor"	"9.00"	"13"	"Handicap"	"7"	"14"	"Gallagher, Mark"	"Bunyan, Darren / OLeary, G"	"5f "	"0"	"19"	"4"	"14"
"13:55:00"	"2016-09-23"	"Newmarket (Rowley)"	"Lucy The Painter (IRE)"	"16.00"	"20.74"	"Non-Handicap"	"9"	"15"	"Bentley, Harry"	"De Giles, Ed"	"1m "	"1"	"34"	"3"	"12"
"17:00:00"	"2016-09-19"	"Leicester"	"Firgrove Bridge (IRE)"	"8.50"	"12.8"	"Handicap"	"6"	"9"	"Muir, Paula"	"Hollinshead, Steph"	"7f "	"6"	"8"	"4"	"11"
"15:20:00"	"2016-09-19"	"Hamilton"	"Amber Crystal"	"18.00"	"22.81"	"Handicap"	"7"	"9"	"Sullivan, James P"	"Perratt, Miss L A"	"6f "	"6"	"9"	"9"	"10"
"16:15:00"	"2016-09-16"	"Ayr"	"Courier"	"28.00"	"44.67"	"Handicap"	"10"	"24"	"Doyle, Hollie"	"Fife, Mrs Marjorie"	"6f "	"2"	"7"	"7"	"10"
"17:20:00"	"2016-09-15"	"Ayr"	"Henley"	"11.00"	"13.5"	"Handicap"	"9"	"19"	"Beasley, Connor"	"Waggott, Miss Tracy"	"5f "	"5"	"22"	"6"	"8"
"17:35:00"	"2016-09-13"	"Laytown"	"Rock Lobster"	"5.50"	"8.2"	"Non-Handicap"	"DSQ"	"9"	"Codd, Mr J J"	"Elliott, Gordon"	"7f "	"0"	"5"	"3"	"10"
"15:20:00"	"2016-09-02"	"Haydock"	"Explain"	"12.00"	"19.72"	"Handicap"	"15"	"16"	"Hesketh, Miss A"	"Carr, Mrs R A"	"6f "	"4"	"17"	"7"	"9"
"17:40:00"	"2016-08-30"	"Hamilton"	"Reflation"	"16.00"	"20.15"	"Handicap"	"7"	"7"	"Dods, Miss C A"	"Dods, M"	"6f "	"6"	"13"	"9"	"12"
"16:00:00"	"2016-08-29"	"Newcastle"	"Inshaa"	"3.00"	"3.79"	"Claimer"	"2"	"10"	"Lee, G"	"Herrington,M "	"1m "	"6"	"17"	"4"	"10"
"13:45:00"	"2016-08-29"	"Newcastle"	"Oriental Splendour (IRE)"	"25.00"	"45.32"	"Handicap"	"10"	"10"	"Sullivan, James P"	"Carr, Mrs R A"	"6f "	"5"	"19"	"9"	"10"
"19:50:00"	"2016-08-27"	"Redcar"	"George Bailey (IRE)"	"33.00"	"51.6"	"Handicap"	"14"	"14"	"Eaves, Tom"	"France, Suzzanne"	"6f "	"6"	"18"	"10"	"13"
"15:15:00"	"2016-08-27"	"Navan"	"Rattling Jewel"	"7.50"	"11.16"	"Handicap"	"3"	"14"	"Lordan, W M"	"McKenna, Miss Nicole"	"5f "	"0"	"20"	"5"	"13"
"16:05:00"	"2016-08-26"	"Thirsk"	"Musharrif"	"16.00"	"19.91"	"Handicap"	"14"	"16"	"Mathers, Patrick"	"Carroll, D"	"6f "	"3"	"17"	"3"	"13"
"15:30:00"	"2016-08-08"	"Ayr"	"Mo Henry"	"6.50"	"8"	"Handicap"	"4"	"10"	"Hamilton, Tony"	"Keatley, Adrian Paul"	"6f "	"5"	"25"	"4"	"13"
"20:05:00"	"2016-08-04"	"Newcastle"	"Caeser The Gaeser (IRE)"	"16.00"	"24.87"	"Handicap"	"8"	"14"	"Wood, George"	"Tinkler, N"	"7f "	"6"	"8"	"2"	"12"
"16:30:00"	"2016-08-02"	"Salisbury"	"Prince Of Cardamom (IRE)"	"1.50"	"2.56"	"Handicap"	"4"	"9"	"Bennett, Charlie"	"Geake, J A"	"1m "	"6"	"3"	"1"	"6"
"17:25:00"	"2016-07-30"	"Lingfield"	"Believe It (IRE)"	"2.25"	"3.73"	"Handicap"	"3"	"6"	"Currie, Nicola"	"Hughes, Richard"	"7.5f "	"6"	"15"	"6"	"9"
"17:15:00"	"2016-07-29"	"Thirsk"	"Tavener"	"5.50"	"7.2"	"Handicap"	"7"	"11"	"Vaughan, Patrick"	"OMeara, D"	"6f "	"5"	"2"	"9"	"13"
"16:40:00"	"2016-07-23"	"Newcastle"	"Culloden"	"1.88"	"3.13"	"Handicap"	"11"	"14"	"Bennett, Charlie"	"Harris, S A"	"5f "	"6"	"4"	"1"	"7"
"15:55:00"	"2016-07-23"	"Ascot"	"Flash Fire (IRE)"	"12.00"	"24.03"	"Handicap"	"4"	"24"	"Doyle, James"	"Appleby, Charlie"	"7f "	"2"	"14"	"5"	"16"
"18:30:00"	"2016-07-22"	"York"	"Inexes"	"9.00"	"11.1"	"Handicap"	"17"	"19"	"Makin, Phillip"	"Fife, Mrs Marjorie"	"6f "	"4"	"13"	"2"	"6"
"18:40:00"	"2016-07-19"	"Nottingham"	"Loumarin (IRE)"	"8.00"	"11.74"	"Handicap"	"3"	"8"	"Mullen, Andrew"	"Appleby, M"	"5f "	"5"	"12"	"7"	"9"
"20:50:00"	"2016-07-16"	"Lingfield"	"One Big Surprise"	"1.10"	"2.5"	"Handicap"	"1"	"9"	"Walker, Mr S"	"Hughes, Richard"	"6f "	"6"	"11"	"2"	"8"
"14:40:00"	"2016-07-16"	"Newmarket (July)"	"Silver Rainbow (IRE)"	"4.00"	"5.98"	"Handicap"	"1"	"14"	"McDonald, James"	"Hills, Charles"	"6f "	"3"	"16"	"1"	"8"
"15:25:00"	"2016-07-12"	"Beverley"	"Zebelini (IRE)"	"4.50"	"5.72"	"Handicap"	"7"	"9"	"Dodsworth, Robert"	"Pears, Ollie"	"5f "	"6"	"21"	"4"	"15"
"16:00:00"	"2016-07-11"	"Ayr"	"Star Cracker (IRE)"	"2.75"	"4.1"	"Handicap"	"1"	"7"	"Mulrennan, Paul"	"Goldie, J S"	"5f "	"6"	"30"	"13"	"15"
"17:50:00"	"2016-07-08"	"Ascot"	"Van Huysen (IRE)"	"6.50"	"7.87"	"Handicap"	"5"	"13"	"Gordon, Josephine"	"Davis, D J S Ffrench"	"1m "	"4"	"23"	"1"	"7"
"15:25:00"	"2016-07-02"	"Haydock"	"Intense Style (IRE)"	"5.00"	"7.57"	"Handicap"	"3"	"9"	"Allan, David"	"Eyre, J L"	"6f "	"2"	"20"	"1"	"12"
"19:40:00"	"2016-06-28"	"Chepstow"	"Champagne Bob"	"22.00"	"29.09"	"Handicap"	"3"	"7"	"ODonnell, P C"	"Price, R J"	"1m "	"5"	"15"	"6"	"11"
"18:30:00"	"2016-06-24"	"Curragh"	"St Brelades Bay (IRE)"	"16.00"	"22.17"	"Handicap"	"3"	"17"	"ODonoghue, C"	"Harrington, Mrs John"	"6f "	"0"	"34"	"7"	"12"
"16:30:00"	"2016-06-24"	"Yarmouth"	"Ghalib (IRE)"	"4.00"	"6.06"	"Handicap"	"2"	"4"	"Morris, Luke"	"Walker, Ed"	"1m "	"2"	"20"	"12"	"17"
"20:20:00"	"2016-06-23"	"Newbury"	"Racing Angel (IRE)"	"2.75"	"4.18"	"Handicap"	"6"	"6"	"Carson, William"	"Quinn, M"	"5f "	"5"	"12"	"1"	"5"
"16:30:00"	"2016-06-18"	"Redcar"	"Sarafina"	"100.00"	"327.74"	"Claimer"	"11"	"12"	"Costello, Dougie"	"Thompson, D W"	"7f "	"5"	"14"	"PU"	"9"
"17:20:00"	"2016-06-17"	"Redcar"	"Yulong Xiongba (IRE)"	"12.00"	"16.19"	"Handicap"	"2"	"13"	"Beasley, Connor"	"Camacho, Miss J A"	"1m "	"5"	"13"	"4"	"13"
"17:00:00"	"2016-06-15"	"Ascot"	"Secret Brief (IRE)"	"12.00"	"22.64"	"Handicap"	"17"	"28"	"Buick, William"	"Appleby, Charlie"	"1m "	"2"	"74"	"1"	"22"
"18:15:00"	"2016-06-08"	"Hamilton"	"Saltarello (IRE)"	"12.00"	"16.32"	"Handicap"	"4"	"10"	"Smith, Becky"	"Fife, Mrs Marjorie"	"6f "	"6"	"53"	"3"	"15"
"17:20:00"	"2016-06-08"	"Yarmouth"	"Gypsy Major"	"12.00"	"19.46"	"Handicap"	"2"	"10"	"Monaghan, M M "	"Moss, Garry"	"1m "	"6"	"22"	"10"	"14"
"17:20:00"	"2016-06-08"	"Yarmouth"	"Frantical"	"6.00"	"7.6"	"Handicap"	"7"	"10"	"Cox, Georgia"	"Carroll, A W"	"1m "	"6"	"22"	"11"	"14"
"20:40:00"	"2016-06-04"	"Newcastle"	"Charava (IRE)"	"16.00"	"24"	"Handicap"	"13"	"14"	"Nolan, D"	"Holmes, P F"	"7f "	"5"	"235"	"3"	"11"
"20:05:00"	"2016-05-26"	"Newcastle"	"Muhaafiz (IRE)"	"6.00"	"6.38"	"Handicap"	"3"	"13"	"Doyle, James"	"Brown, D H"	"1m "	"4"	"15"	"14"	"20"
"17:05:00"	"2016-05-16"	"Redcar"	"Playboy Bay"	"66.00"	"291.62"	"Maiden"	"6"	"11"	"Dennis, Phil"	"Barr, R E"	"1m "	"6"	"13"	"7"	"8"
"18:15:00"	"2016-05-14"	"Doncaster"	"Kopassus (IRE)"	"100.00"	"303.01"	"Maiden"	"9"	"15"	"Nason, Jordan"	"Mullaney, L A"	"6f "	"5"	"12"	"9"	"12"
"20:30:00"	"2016-05-13"	"Hamilton"	"A Lovable Rogue"	"20.00"	"30.31"	"Handicap"	"4"	"9"	"McDonald, P J"	"Smith, R Michael"	"6f "	"6"	"12"	"6"	"8"
"15:55:00"	"2016-05-13"	"Newmarket (Rowley)"	"U S Navy Seal (USA)"	"40.00"	"71.07"	"Handicap"	"7"	"8"	"Egan, John"	"Jenkins, J R"	"1m2f "	"3"	"20"	"12"	"13"
"17:40:00"	"2016-05-12"	"Salisbury"	"Duke Of North (IRE)"	"16.00"	"19.5"	"Handicap"	"1"	"11"	"Ingram, Rhiain B"	"Boyle, J R"	"7f "	"5"	"16"	"6"	"15"
"17:40:00"	"2016-04-30"	"Thirsk"	"Jaarih (IRE)"	"6.00"	"7.43"	"Handicap"	"5"	"12"	"Gordon, Josephine"	"Dore, C R"	"5f "	"4"	"12"	"4"	"12"
"16:10:00"	"2016-04-29"	"Musselburgh"	"Bahango (IRE)"	"10.00"	"13.27"	"Handicap"	"5"	"5"	"Gray, S A"	"Morris, Patrick"	"5f "	"4"	"23"	"9"	"10"
"13:50:00"	"2016-04-03"	"Doncaster"	"Red Tycoon (IRE)"	"11.00"	"15"	"Handicap"	"13"	"17"	"Gibbons, Graham"	"Barron, T D"	"7f "	"4"	"139"	"6"	"11"
"15:50:00"	"2015-10-27"	"Catterick"	"Fujin"	"6.50"	"8.2"	"Handicap"	"9"	"9"	"Gray, S A"	"Harris, S A"	"5f "	"6"	"26"	"1"	"10"
"16:15:00"	"2015-10-26"	"Redcar"	"Tancred (IRE)"	"16.00"	"28"	"Handicap"	"6"	"19"	"Bennett, Charlie"	"Dore, C R"	"6f "	"6"	"10"	"8"	"12"
"14:35:00"	"2015-10-24"	"Doncaster"	"Desert Ace (IRE)"	"20.00"	"31.3"	"Handicap"	"7"	"18"	"Turner, Hayley"	"Dods, M"	"5f "	"2"	"15"	"16"	"20"
"13:20:00"	"2015-10-17"	"Ascot"	"Coulsty (IRE)"	"66.00"	"136.44"	"Non-Handicap"	"19"	"20"	"Levey, S M"	"Hannon (Jnr), Richard"	"6f "	"1"	"8"	"8"	"10"
"14:35:00"	"2015-10-16"	"Haydock"	"Signore Piccolo"	"20.00"	"32"	"Handicap"	"8"	"17"	"James, S H"	"OMeara, D"	"6f "	"3"	"28"	"10"	"25"
"15:25:00"	"2015-10-10"	"York"	"Suzis Connoisseur"	"12.00"	"17.5"	"Handicap"	"17"	"19"	"Tylicki, Frederik"	"Williams, S C"	"6f "	"2"	"28"	"6"	"20"
"14:05:00"	"2015-10-07"	"Navan"	"Zaindera (IRE)"	"2.75"	"3.23"	"Maiden"	"4"	"6"	"Leonard, Killian"	"McCourt, T G"	"5f "	"0"	"13"	"2"	"11"
"17:20:00"	"2015-09-30"	"Nottingham"	"Humour (IRE)"	"22.00"	"27"	"Handicap"	"10"	"16"	"Allan, David"	"Dunnett, Mrs C A"	"5f "	"5"	"119"	"7"	"8"
"16:50:00"	"2015-09-30"	"Nottingham"	"Nezar (IRE)"	"20.00"	"25.47"	"Handicap"	"6"	"17"	"Doyle, Joe"	"Quinn, J J"	"6f "	"3"	"6"	"11"	"16"
"15:50:00"	"2015-09-26"	"Newmarket (Rowley)"	"Obsidian (USA)"	"66.00"	"130"	"Handicap"	"28"	"34"	"ONeill, K T"	"Fahey, R A"	"1m1f "	"2"	"22"	"7"	"9"
"14:40:00"	"2015-09-26"	"Ripon"	"Hardy Black (IRE)"	"7.00"	"8.66"	"Handicap"	"13"	"15"	"Shepherd, Callum"	"Frost, Kevin"	"6f "	"5"	"7"	"4"	"12"
"14:20:00"	"2015-09-20"	"Hamilton"	"Orions Bow"	"2.50"	"3.65"	"Handicap"	"1"	"8"	"Ffrench, Royston"	"Nicholls, D"	"6f "	"5"	"15"	"2"	"14"
"14:40:00"	"2015-09-19"	"Newmarket (Rowley)"	"Lawyer (IRE)"	"10.00"	"14.88"	"Handicap"	"11"	"13"	"Dwyer, Martin"	"Barron, T D"	"7f "	"4"	"14"	"9"	"16"
"16:25:00"	"2015-09-18"	"Newbury"	"Jallota"	"6.00"	"8"	"Non-Handicap"	"4"	"9"	"Doyle, James"	"Hills, Charles"	"7f "	"1"	"20"	"2"	"19"
"14:25:00"	"2015-09-12"	"Lingfield"	"Rufford (IRE)"	"16.00"	"20.2"	"Handicap"	"8"	"8"	"Donohoe, Stephen"	"Carter, Lee"	"7f "	"4"	"8"	"12"	"16"
"16:45:00"	"2015-09-10"	"Laytown"	"Virile (IRE)"	"7.50"	"10"	"Handicap"	"10"	"10"	"Lynch, A E"	"Donohoe, S"	"6f "	"0"	"15"	"9"	"10"
"16:00:00"	"2015-09-08"	"Leicester"	"Musical Comedy"	"5.00"	"6.8"	"Non-Handicap"	"4"	"5"	"Levey, S M"	"Hannon (Jnr), Richard"	"5f "	"3"	"37"	"6"	"8"
"15:00:00"	"2015-09-04"	"Haydock"	"Harwoods Volante (IRE)"	"8.00"	"10"	"Handicap"	"2"	"16"	"Makin, Phillip"	"OMeara, D"	"6f "	"4"	"7"	"9"	"20"
"16:55:00"	"2015-09-01"	"Goodwood"	"Black Caesar (IRE)"	"5.50"	"7.06"	"Handicap"	"5"	"9"	"Sousa, Silvestre De"	"Hide, Philip"	"6f "	"4"	"25"	"7"	"8"
"16:25:00"	"2015-08-30"	"Yarmouth"	"Expensive Taste (IRE)"	"33.00"	"70"	"Handicap"	"8"	"10"	"Jenner, Charlotte"	"McEntee, P S"	"7f "	"5"	"8"	"6"	"8"
"16:25:00"	"2015-08-30"	"Yarmouth"	"Born To Fly (IRE)"	"12.00"	"18.62"	"Handicap"	"9"	"10"	"Egan, John"	"Dunnett, Mrs C A"	"7f "	"5"	"15"	"7"	"11"
"18:45:00"	"2015-08-26"	"Bellewstown"	"Clear Focus (IRE)"	"7.00"	"8.71"	"Handicap"	"4"	"12"	"Cleary, R P"	"McCourt, T G"	"5f "	"0"	"3"	"3"	"10"
"19:45:00"	"2015-08-14"	"Catterick"	"Bold Spirit"	"8.00"	"9.57"	"Handicap"	"7"	"7"	"McHugh, B"	"Carroll, D"	"5f "	"6"	"9"	"7"	"9"
"20:15:00"	"2015-08-11"	"Nottingham"	"Synonym (ITY)"	"7.00"	"9.11"	"Handicap"	"7"	"12"	"Mullen, Andrew"	"Appleby, M"	"6f "	"6"	"10"	"3"	"6"
"15:05:00"	"2015-08-08"	"Newmarket (July)"	"Jacob Black"	"7.00"	"9.88"	"Handicap"	"7"	"14"	"Queally, T P"	"Dalgleish, Keith"	"7f "	"2"	"35"	"5"	"12"
"18:20:00"	"2015-08-05"	"Newcastle"	"Coiste BoDhar (IRE)"	"20.00"	"30.41"	"Handicap"	"7"	"7"	"Eaves, Tom"	"Dixon, Scott"	"6f "	"5"	"27"	"8"	"8"
"15:15:00"	"2015-08-04"	"Catterick"	"Emily Davison (IRE)"	"7.50"	"8.6"	"Handicap"	"11"	"11"	"Curtis, B A"	"Dalton, Heather"	"5f "	"6"	"14"	"7"	"8"
"16:35:00"	"2015-08-01"	"Newmarket (July)"	"Speculative Bid (IRE)"	"1.75"	"3.2"	"Handicap"	"3"	"12"	"Sweeney, Fergus"	"Elsworth, D R C"	"7f "	"2"	"7"	"LFT"	"21"
"15:00:00"	"2015-08-01"	"Thirsk"	"Mukaynis (IRE)"	"4.00"	"5.89"	"Handicap"	"3"	"13"	"Gray, S A"	"Ryan, K A"	"6f "	"4"	"15"	"2"	"5"
"17:15:00"	"2015-07-25"	"Salisbury"	"Black Vale (IRE)"	"50.00"	"95"	"Handicap"	"7"	"8"	"McMellon, Mr D"	"Smith, R J"	"1m "	"5"	"44"	"7"	"9"
"19:50:00"	"2015-07-17"	"Newmarket (July)"	"Mia San Triple"	"5.50"	"7.65"	"Handicap"	"6"	"10"	"Dettori, L"	"Noseda, J"	"6f "	"4"	"74"	"4"	"7"
"15:55:00"	"2015-07-11"	"Ascot"	"Rogue Wave (IRE)"	"10.00"	"15.5"	"Handicap"	"6"	"10"	"Vaughan, Jordan"	"Jarvis, Timothy"	"7f "	"4"	"21"	"3"	"7"
"17:55:00"	"2015-07-06"	"Windsor"	"Nelsons Pride"	"40.00"	"96.48"	"Handicap"	"13"	"15"	"Ingram, Rhiain B"	"Ingram, R"	"6f "	"6"	"7"	"6"	"9"
"14:00:00"	"2015-07-04"	"Sandown"	"Katawi"	"20.00"	"28.5"	"Non-Handicap"	"9"	"9"	"Bentley, Harry"	"Wall, C F"	"5f "	"1"	"14"	"1"	"12"
"15:10:00"	"2015-06-25"	"Newmarket (July)"	"Evening Attire"	"7.00"	"8.64"	"Handicap"	"6"	"10"	"Jones, Mr A T"	"Stone, W B"	"7f "	"4"	"26"	"4"	"15"
"16:10:00"	"2015-06-20"	"Ayr"	"Cordial"	"66.00"	"215.56"	"Non-Handicap"	"9"	"12"	"Hamilton, Tony"	"Williams, S C"	"5f "	"1"	"21"	"5"	"8"
"16:05:00"	"2015-06-19"	"Redcar"	"Jacquotte Delahaye"	"22.00"	"29.7"	"Handicap"	"6"	"7"	"Beasley, Connor"	"Brown, D H"	"1m "	"3"	"35"	"9"	"9"
"15:40:00"	"2015-06-16"	"Ascot"	"G Force (IRE)"	"8.00"	"12.38"	"Non-Handicap"	"18"	"18"	"Smullen, P J"	"OMeara, D"	"5f "	"1"	"24"	"8"	"11"
"14:45:00"	"2015-06-15"	"Carlisle"	"Seven Lucky Seven"	"12.00"	"15"	"Handicap"	"10"	"14"	"Mulrennan, Paul"	"Herrington,M "	"6f "	"5"	"122"	"3"	"7"
"16:15:00"	"2015-06-14"	"Doncaster"	"Eccleston"	"5.50"	"7.6"	"Handicap"	"7"	"10"	"Nolan, D"	"OMeara, D"	"6f "	"3"	"22"	"1"	"15"
"16:30:00"	"2015-06-04"	"Hamilton"	"Munjally"	"14.00"	"17.07"	"Handicap"	"1"	"12"	"Farley, Neil"	"Holmes, P F"	"6f "	"5"	"8"	"6"	"11"
"17:20:00"	"2015-05-19"	"Newcastle"	"Neuf Des Coeurs"	"12.00"	"13.7"	"Handicap"	"8"	"9"	"Makin, Phillip"	"Dalgleish, Keith"	"1m "	"6"	"207"	"8"	"12"
"20:30:00"	"2015-05-15"	"Hamilton"	"Sartori"	"12.00"	"17.61"	"Handicap"	"7"	"13"	"Mulrennan, Paul"	"Fife, Mrs Marjorie"	"6f "	"6"	"18"	"10"	"14"
"17:10:00"	"2015-05-15"	"Newmarket (Rowley)"	"For Ayman"	"7.00"	"6.67"	"Handicap"	"2"	"13"	"Greatrex, Edward"	"Tuite, Joseph"	"6f "	"5"	"20"	"1"	"5"
"17:00:00"	"2015-05-14"	"Salisbury"	"Exceeding Power"	"7.00"	"9.6"	"Handicap"	"5"	"12"	"Doyle, Josh"	"Bosley, M R"	"7f "	"5"	"17"	"6"	"10"
"14:55:00"	"2015-05-12"	"Beverley"	"Lorimers Lot (IRE)"	"10.00"	"13.5"	"Handicap"	"4"	"11"	"Hart, Jason"	"Walford, Mark"	"5f "	"5"	"210"	"14"	"14"
"16:55:00"	"2015-05-09"	"Ascot"	"Buckland Beau"	"14.00"	"22.44"	"Handicap"	"6"	"21"	"Lane, Martin"	"Fellowes, Charlie"	"6f "	"4"	"24"	"2"	"9"
"15:45:00"	"2015-05-09"	"Ascot"	"American Hope (USA)"	"11.00"	"13.35"	"Handicap"	"25"	"26"	"Kelly, Shane"	"Murphy, Mike"	"7f "	"2"	"23"	"7"	"11"
"16:35:00"	"2015-04-29"	"Ascot"	"Vivat Rex (IRE)"	"33.00"	"127.38"	"Non-Handicap"	"6"	"8"	"Fanning, Joe"	"Bailey, A"	"1m "	"1"	"28"	"11"	"12"
"13:30:00"	"2015-04-10"	"Leicester"	"Whaleweigh Station"	"5.00"	"8.24"	"Handicap"	"8"	"10"	"Baker, George"	"Jenkins, J R"	"7f "	"4"	"42"	"2"	"6"
"13:30:00"	"2015-04-10"	"Leicester"	"Our Queenie (IRE)"	"10.00"	"13.5"	"Handicap"	"9"	"10"	"Godwin, Mitch"	"Hannon (Jnr), Richard"	"7f "	"4"	"167"	"3"	"9"
"14:00:00"	"2015-01-29"	"Southwell"	"Hickster (IRE)"	"7.00"	"9.2"	"Handicap"	"10"	"12"	"Rawlinson, Ali"	"Bowring, S R"	"5f "	"6"	"21"	"2"	"10"
"18:05:00"	"2015-01-09"	"Dundalk"	"Kanos Ghirl (IRE)"	"25.00"	"45.85"	"Handicap"	"11"	"14"	"McCullagh, N G"	"Smyth, Lee"	"5f "	"0"	"93"	"15"	"19"
"16:05:00"	"2014-11-08"	"Doncaster"	"Mujazif (IRE)"	"10.00"	"15.55"	"Handicap"	"1"	"21"	"Butterfield, Mr J"	"Nicholls, D"	"7f "	"3"	"11"	"3"	"14"
"14:20:00"	"2014-11-05"	"Nottingham"	"Dominate"	"16.00"	"24"	"Handicap"	"9"	"14"	"Quinn, Josh"	"Hannon (Jnr), Richard"	"5f "	"4"	"24"	"7"	"11"
"13:30:00"	"2014-10-31"	"Newmarket (Rowley)"	"Excellent Puck (IRE)"	"8.00"	"10.5"	"Handicap"	"7"	"8"	"Morris, Luke"	"Lycett, Shaun"	"1m2f "	"4"	"30"	"8"	"11"
"16:45:00"	"2014-10-18"	"Ascot"	"Georgian Bay (IRE)"	"33.00"	"67.14"	"Handicap"	"10"	"27"	"Vaughan, Jordan"	"Burke, K R"	"1m "	"2"	"35"	"3"	"5"
"14:25:00"	"2014-10-08"	"Navan"	"Acting Talent (USA)"	"12.00"	"17.5"	"Handicap"	"6"	"19"	"Byrne, D C"	"Grassick, M C"	"5f "	"0"	"34"	"3"	"10"
"17:10:00"	"2014-10-01"	"Newcastle"	"Tanawar (IRE)"	"12.00"	"19"	"Handicap"	"7"	"11"	"Sullivan, James P"	"Carr, Mrs R A"	"1m "	"5"	"11"	"1"	"8"
"17:35:00"	"2014-09-24"	"Redcar"	"Logans Lad (IRE)"	"16.00"	"21"	"Handicap"	"13"	"20"	"McDonald, Frankie"	"Loughnane, Daniel Mark"	"6f "	"6"	"26"	"1"	"12"
"17:25:00"	"2014-09-24"	"Goodwood"	"Lady Phill"	"7.00"	"9.6"	"Handicap"	"2"	"9"	"Steward, Louis"	"Attwater, M J"	"5f "	"5"	"27"	"1"	"11"
"16:00:00"	"2014-09-22"	"Leicester"	"Smart Daisy K"	"2.75"	"4"	"Handicap"	"6"	"8"	"Duern, J"	"Hollinshead, Andrew"	"5f "	"3"	"9"	"1"	"8"
"15:20:00"	"2014-09-18"	"Yarmouth"	"Red Refraction (IRE)"	"3.00"	"4.17"	"Handicap"	"1"	"7"	"Moore, Ryan"	"Hannon (Jnr), Richard"	"7f "	"3"	"33"	"2"	"20"
"15:15:00"	"2014-09-13"	"Doncaster"	"Professor"	"14.00"	"19.68"	"Non-Handicap"	"5"	"7"	"Fallon, K"	"Hannon (Jnr), Richard"	"7f "	"1"	"7"	"13"	"17"
"15:30:00"	"2014-09-09"	"Redcar"	"Dream Ally (IRE)"	"40.00"	"55"	"Handicap"	"12"	"15"	"McDonald, P J"	"Hammond, Micky"	"6f "	"5"	"23"	"9"	"12"
"16:45:00"	"2014-09-04"	"Laytown"	"Landau (IRE)"	"4.00"	"6.26"	"Handicap"	"8"	"9"	"Carberry, Miss N"	"Elliott, Gordon"	"7f "	"0"	"10"	"1"	"8"
"17:00:00"	"2014-09-02"	"Hamilton"	"Baron Run"	"5.00"	"6.39"	"Handicap"	"1"	"14"	"Haynes, Joey"	"Burke, K R"	"6f "	"3"	"22"	"11"	"11"
"17:10:00"	"2014-08-28"	"Lingfield"	"Picc of Burgau"	"4.00"	"5.4"	"Handicap"	"8"	"10"	"Atzeni, Andrea"	"Deacon, Geoffrey"	"5f "	"6"	"24"	"5"	"7"
"16:50:00"	"2014-08-22"	"Newcastle"	"Exotic Guest"	"1.88"	"3"	"Handicap"	"3"	"9"	"Scott, Rowan"	"Carr, Mrs R A"	"6f "	"6"	"7"	"3"	"13"
"16:30:00"	"2014-08-20"	"Musselburgh"	"Funding Deficit (IRE)"	"8.00"	"10"	"Handicap"	"10"	"11"	"Lynch, Fergal"	"Goldie, J S"	"5f "	"6"	"9"	"9"	"12"
"18:35:00"	"2014-08-16"	"Lingfield"	"Carrera"	"7.00"	"9.8"	"Handicap"	"6"	"10"	"Probert, David"	"Blanshard, M"	"7.5f "	"6"	"14"	"3"	"8"
"18:45:00"	"2014-08-04"	"Carlisle"	"Chloes Dream (IRE)"	"9.00"	"12.5"	"Handicap"	"11"	"15"	"Nicholls, Miss M"	"Perratt, Miss L A"	"5f "	"6"	"7"	"4"	"10"
"18:45:00"	"2014-08-04"	"Carlisle"	"A J Cook (IRE)"	"16.00"	"19"	"Handicap"	"12"	"15"	"Wilson, Miss L"	"Barr, R E"	"5f "	"6"	"5"	"7"	"12"
"16:00:00"	"2014-07-29"	"Beverley"	"Dodina (IRE)"	"16.00"	"20.21"	"Handicap"	"8"	"9"	"Garritty, Jack"	"Ellison, B"	"5f "	"5"	"13"	"7"	"12"
"19:05:00"	"2014-07-28"	"Windsor"	"Serenity Spa"	"5.00"	"7.62"	"Handicap"	"3"	"7"	"Baker, George"	"Carroll, A W"	"6f "	"4"	"24"	"6"	"9"
"15:20:00"	"2014-07-26"	"Newmarket (July)"	"Kosika (USA)"	"3.33"	"5"	"Handicap"	"10"	"11"	"Murphy, Michael J M"	"Johnston, M"	"7f "	"2"	"7"	"1"	"11"
"18:45:00"	"2014-07-24"	"Doncaster"	"Abraham Monro"	"8.00"	"11.78"	"Handicap"	"10"	"12"	"Fentiman, Duran"	"Carr, Mrs R A"	"6f "	"5"	"15"	"8"	"12"
"15:40:00"	"2014-07-03"	"Yarmouth"	"Bubbly Bailey"	"2.00"	"3.16"	"Handicap"	"3"	"8"	"Atzeni, Andrea"	"Jenkins, J R"	"5f "	"6"	"16"	"2"	"8"
"18:20:00"	"2014-06-28"	"Lingfield"	"Dawn Catcher"	"7.00"	"10"	"Handicap"	"1"	"9"	"Baker, George"	"Deacon, Geoffrey"	"5f "	"5"	"21"	"5"	"9"
"15:15:00"	"2014-06-16"	"Carlisle"	"Great Demeanor (USA)"	"100.00"	"190"	"Handicap"	"12"	"12"	"Sayer, Miss E C"	"Sayer, Mrs Dianne"	"6f "	"5"	"26"	"9"	"9"
"14:30:00"	"2014-06-14"	"Musselburgh"	"Lexington Place"	"10.00"	"16.96"	"Handicap"	"7"	"17"	"James, S H"	"OMeara, D"	"5f "	"3"	"7"	"3"	"9"
"16:20:00"	"2014-06-12"	"Yarmouth"	"Be Royale"	"7.00"	"8.6"	"Handicap"	"1"	"12"	"ONeill, Dane"	"Appleby, M"	"7f "	"6"	"12"	"4"	"11"
"17:55:00"	"2014-06-10"	"Lingfield"	"Last Minute Lisa (IRE)"	"2.50"	"3.87"	"Handicap"	"4"	"10"	"Hughes, Richard"	"Kirk, S"	"7.5f "	"6"	"7"	"1"	"11"
"16:25:00"	"2014-06-02"	"Leicester"	"Ostralegus"	"7.00"	"8.06"	"Handicap"	"5"	"7"	"Murphy, Michael J M"	"Gallagher, J"	"7f "	"5"	"19"	"5"	"11"
"14:40:00"	"2014-05-24"	"Haydock"	"Smoothtalkinrascal (IRE)"	"25.00"	"42"	"Non-Handicap"	"9"	"9"	"Tudhope, Daniel"	"OMeara, D"	"5f "	"1"	"36"	"1"	"7"
"17:20:00"	"2014-05-20"	"Newcastle"	"Midnight Warrior"	"4.50"	"5.64"	"Handicap"	"7"	"11"	"Teasdale, Shirley"	"Barr, R E"	"1m "	"6"	"30"	"6"	"12"
"15:15:00"	"2014-05-10"	"Ascot"	"Amulet"	"7.50"	"11"	"Handicap"	"1"	"8"	"Kelly, Shane"	"Houghton, Eve Johnson"	"1m "	"2"	"7"	"6"	"8"
"16:45:00"	"2014-04-30"	"Ascot"	"Big Whiskey (IRE)"	"16.00"	"25.95"	"Handicap"	"12"	"12"	"Fallon, K"	"Creighton, E J"	"1m "	"4"	"11"	"7"	"11"
"14:10:00"	"2014-04-21"	"Redcar"	"Shirleys Pride"	"3.00"	"4.54"	"Handicap"	"7"	"9"	"Mullen, Andrew"	"Appleby, M"	"5f "	"5"	"33"	"2"	"8"
"17:45:00"	"2013-11-27"	"Dundalk"	"Majestic Timeline (IRE)"	"1.75"	"3.51"	"Handicap"	"1"	"8"	"Murtagh, J"	"Joyce, Adrian Brendan"	"5f "	"0"	"14"	"1"	"13"
"15:05:00"	"2013-10-30"	"Nottingham"	"Storm Lightning"	"25.00"	"36.8"	"Handicap"	"8"	"14"	"McLaughlin, T G"	"Brisbourne, W M"	"5f "	"5"	"42"	"10"	"12"
"16:50:00"	"2013-10-16"	"Nottingham"	"Compton"	"7.00"	"8.27"	"Handicap"	"7"	"12"	"McDonald, P J"	"Cowell, R M H"	"5f "	"4"	"7"	"11"	"13"
"17:30:00"	"2013-10-15"	"Newcastle"	"Mitchum"	"40.00"	"60"	"Handicap"	"9"	"13"	"Teasdale, Shirley"	"Barr, R E"	"7f "	"6"	"27"	"11"	"13"
"15:30:00"	"2013-10-12"	"York"	"Khubala (IRE)"	"8.00"	"9.8"	"Handicap"	"9"	"19"	"Hayes, C D"	"Palmer, Hugo"	"6f "	"2"	"21"	"24"	"26"
"17:00:00"	"2013-10-02"	"Salisbury"	"Rocky Reef"	"7.50"	"9.2"	"Handicap"	"3"	"11"	"Mitchell, Jack"	"Hide, Philip"	"6f "	"4"	"19"	"2"	"10"
"15:15:00"	"2013-10-01"	"Ayr"	"Black Douglas"	"8.00"	"9.79"	"Handicap"	"7"	"10"	"Nason, Jordan"	"Goldie, J S"	"6f "	"5"	"6"	"3"	"13"
"15:45:00"	"2013-09-29"	"Curragh"	"Fastidious"	"33.00"	"82.44"	"Handicap"	"24"	"24"	"Elliott, C J"	"OCallaghan, M D"	"6f "	"0"	"41"	"6"	"15"
"14:45:00"	"2013-09-28"	"Ripon"	"Creek Falcon (IRE)"	"2.50"	"3.85"	"Seller"	"3"	"7"	"Doyle, Josh"	"OMeara, D"	"6f "	"6"	"12"	"6"	"9"
"14:40:00"	"2013-09-21"	"Ayr"	"Dick Bos"	"20.00"	"32"	"Handicap"	"21"	"27"	"Tudhope, Daniel"	"OMeara, D"	"6f "	"2"	"35"	"16"	"20"
"16:25:00"	"2013-09-12"	"Doncaster"	"Dark Castle"	"11.00"	"13.08"	"Handicap"	"8"	"15"	"McDonald, P J"	"Hammond, Micky"	"6f "	"3"	"34"	"3"	"13"
"16:20:00"	"2013-09-06"	"Chepstow"	"Hamis Al Bin (IRE)"	"20.00"	"23"	"Handicap"	"5"	"13"	"Drowne, Steve"	"Bradley, J M"	"6f "	"6"	"24"	"10"	"12"
"19:00:00"	"2013-08-16"	"Newmarket (July)"	"Travelling"	"16.00"	"29"	"Handicap"	"9"	"11"	"Levey, S M"	"Carroll, A W"	"1m "	"5"	"16"	"11"	"14"
"17:25:00"	"2013-08-11"	"Leicester"	"Maltease Ah"	"3.50"	"5.7"	"Handicap"	"5"	"6"	"Crowley, Jim"	"Reid, Andrew"	"5f "	"6"	"18"	"2"	"9"
"15:45:00"	"2013-08-10"	"Redcar"	"West Leake Hare (IRE)"	"5.50"	"7.01"	"Handicap"	"6"	"10"	"Quinn, Paul"	"Nicholls, D"	"7f "	"4"	"19"	"2"	"7"
"18:05:00"	"2013-08-06"	"Cork"	"Indigo Iris (IRE)"	"4.50"	"6"	"Handicap"	"7"	"8"	"Dawson, R"	"McCourt, T G"	"6f "	"0"	"1"	"8"	"19"
"17:30:00"	"2013-08-01"	"Nottingham"	"Monnoyer"	"8.00"	"9.15"	"Handicap"	"12"	"12"	"Morris, Luke"	"Dixon, Scott"	"5f "	"5"	"62"	"9"	"13"
"18:45:00"	"2013-07-25"	"Doncaster"	"Clubland (IRE)"	"4.50"	"6.27"	"Handicap"	"1"	"10"	"Quinn, Jimmy"	"Bowring, S R"	"6f "	"5"	"20"	"12"	"12"
"19:25:00"	"2013-07-24"	"Naas"	"Mount McLeod (IRE)"	"100.00"	"1000"	"Non-Handicap"	"5"	"11"	"Grant, D M"	"Flynn, Patrick J"	"6f "	"0"	"14"	"10"	"20"
"16:00:00"	"2013-07-24"	"Catterick"	"Chunky Diamond (IRE)"	"11.00"	"13.94"	"Handicap"	"6"	"8"	"McDonald, P J"	"Carr, Mrs R A"	"5f "	"4"	"12"	"8"	"10"
"16:00:00"	"2013-07-24"	"Catterick"	"Tango Sky (IRE)"	"14.00"	"16.64"	"Handicap"	"8"	"8"	"Hitchcott, Sam"	"Nicholls, D"	"5f "	"4"	"46"	"7"	"15"
"19:25:00"	"2013-07-19"	"Newmarket (July)"	"Justineo"	"1.75"	"2.78"	"Non-Handicap"	"1"	"6"	"Buick, William"	"Varian, Roger"	"5f "	"3"	"20"	"5"	"7"
"16:00:00"	"2013-07-19"	"Newbury"	"Danziger (IRE)"	"33.00"	"49.17"	"Handicap"	"10"	"10"	"Kirby, Adam"	"Evans, P D"	"5f "	"5"	"42"	"10"	"11"
"17:25:00"	"2013-07-12"	"Ascot"	"Brocklebank (IRE)"	"40.00"	"62.27"	"Handicap"	"1"	"10"	"Duern, J"	"Dow, S"	"7f "	"4"	"16"	"8"	"10"
"20:00:00"	"2013-07-04"	"Newbury"	"Lisiere (IRE)"	"2.25"	"3.34"	"Handicap"	"4"	"8"	"Sousa, Silvestre De"	"Burke, Mrs K"	"7f "	"4"	"20"	"3"	"11"
"20:50:00"	"2013-06-28"	"Newcastle"	"Mutafaakir (IRE)"	"2.50"	"3.8"	"Handicap"	"2"	"13"	"McDonald, P J"	"Carr, Mrs R A"	"6f "	"5"	"20"	"1"	"12"
"16:00:00"	"2013-06-21"	"Redcar"	"Prophesy (IRE)"	"4.00"	"5.32"	"Handicap"	"6"	"6"	"Farley, Neil"	"Carroll, D"	"1m "	"3"	"35"	"10"	"12"
"14:55:00"	"2013-06-08"	"Newmarket (July)"	"Gatepost (IRE)"	"11.00"	"17.08"	"Handicap"	"10"	"14"	"Hanagan, Paul"	"Fahey, R A"	"6f "	"2"	"14"	"3"	"8"
"15:50:00"	"2013-06-06"	"Thirsk"	"Verus Delicia (IRE)"	"16.00"	"19.15"	"Handicap"	"2"	"17"	"Kelly, Shane"	"Loughnane, Daniel Mark"	"6f "	"6"	"1"	"8"	"10"
"15:00:00"	"2013-06-03"	"Chepstow"	"Gabrials Gift (IRE)"	"4.00"	"5.6"	"Handicap"	"1"	"16"	"Crowley, Jim"	"Simcock, D M"	"6f "	"5"	"148"	"3"	"11"
"15:45:00"	"2013-06-01"	"Doncaster"	"Glen Moss (IRE)"	"12.00"	"13.37"	"Handicap"	"4"	"15"	"McDonald, James"	"Hills, Charles"	"7f "	"2"	"21"	"12"	"26"
"15:30:00"	"2013-05-21"	"Newcastle"	"The Blue Banana (IRE)"	"5.50"	"8.8"	"Handicap"	"8"	"14"	"Mulrennan, Paul"	"Tuer, E W"	"1m "	"6"	"10"	"3"	"13"
"15:50:00"	"2013-05-07"	"Yarmouth"	"Athletic"	"5.00"	"8.05"	"Handicap"	"9"	"12"	"Tart, Robert"	"Reid, Andrew"	"7f "	"6"	"41"	"2"	"9"
"18:45:00"	"2013-05-04"	"Doncaster"	"Burnhope"	"14.00"	"17.5"	"Handicap"	"16"	"16"	"Hanagan, Paul"	"Dixon, Scott"	"6f "	"3"	"14"	"4"	"17"
"14:35:00"	"2013-05-04"	"Newmarket (Rowley)"	"Angels Will Fall (IRE)"	"20.00"	"30"	"Non-Handicap"	"15"	"17"	"Hughes, Richard"	"Hills, Charles"	"5f "	"1"	"16"	"7"	"9"
"13:30:00"	"2013-04-26"	"Doncaster"	"New Decade"	"9.00"	"10.53"	"Handicap"	"14"	"14"	"Lee, G"	"Bradley, J M"	"7f "	"5"	"22"	"1"	"12"
"18:50:00"	"2013-04-25"	"Newcastle"	"Pelican Rock (IRE)"	"33.00"	"71.25"	"Handicap"	"13"	"15"	"Farley, Neil"	"Crook, A"	"1m "	"6"	"141"	"PU"	"14"
"14:20:00"	"2013-04-24"	"Epsom"	"Sandfrankskipsgo"	"5.50"	"7.36"	"Handicap"	"5"	"13"	"Kelly, Shane"	"Crate, Peter"	"5f "	"3"	"33"	"1"	"10"
"17:00:00"	"2013-04-01"	"Redcar"	"Tuibama (IRE)"	"16.00"	"25.87"	"Handicap"	"7"	"10"	"Lee, G"	"Waggott, Miss Tracy"	"5f "	"5"	"186"	"4"	"8"
"16:00:00"	"2012-11-06"	"Redcar"	"Ballinargh Girl (IRE)"	"20.00"	"37.25"	"Handicap"	"15"	"17"	"Winston, Robert"	"McCormick, Danielle"	"6f "	"6"	"16"	"15"	"15"
"12:20:00"	"2012-10-31"	"Nottingham"	"Berberana (IRE)"	"20.00"	"26.35"	"Handicap"	"11"	"16"	"Lee, G"	"Gask, J R"	"5f "	"5"	"13"	"11"	"13"
"15:20:00"	"2012-10-29"	"Leicester"	"Barista (IRE)"	"6.50"	"8.79"	"Claimer"	"4"	"12"	"Hitchcott, Sam"	"Forsey, B"	"7f "	"6"	"13"	"2"	"10"
"15:35:00"	"2012-10-25"	"Southwell"	"Irish Boy (IRE)"	"16.00"	"26.29"	"Handicap"	"10"	"10"	"Fenton, Micky"	"Midgley, P T"	"5f "	"5"	"20"	"12"	"13"
"16:45:00"	"2012-10-20"	"Ascot"	"Redvers (IRE)"	"16.00"	"20.31"	"Handicap"	"5"	"26"	"Murphy, Michael J M"	"Vaughan, E F"	"7f "	"2"	"21"	"2"	"21"
"16:45:00"	"2012-10-20"	"Ascot"	"Highland Colori (IRE)"	"4.50"	"6.19"	"Handicap"	"7"	"26"	"Brown, Thomas"	"Balding, A M"	"7f "	"2"	"28"	"2"	"23"
"15:45:00"	"2012-10-16"	"Curragh"	"Edenshaw (IRE)"	"14.00"	"37.13"	"Handicap"	"2"	"14"	"Curtis, B A"	"OLeary, Gerard"	"6f "	"0"	"15"	"9"	"11"
"16:10:00"	"2012-10-15"	"Windsor"	"Links Drive Lady"	"2.50"	"4.21"	"Handicap"	"1"	"15"	"Hughes, Richard"	"Ivory, D K"	"6f "	"4"	"12"	"2"	"16"
"15:35:00"	"2012-10-06"	"Ascot"	"Captain Bertie (IRE)"	"12.00"	"17.35"	"Handicap"	"5"	"14"	"Carson, William"	"Hills, Charles"	"7f "	"2"	"64"	"13"	"20"
"15:40:00"	"2012-09-29"	"Newmarket (Rowley)"	"Anderiego (IRE)"	"25.00"	"28.5"	"Handicap"	"16"	"33"	"Tudhope, Daniel"	"OMeara, D"	"1m1f "	"2"	"14"	"2"	"11"
"16:50:00"	"2012-09-27"	"Newmarket (Rowley)"	"Boogie Shoes"	"8.00"	"11"	"Handicap"	"2"	"11"	"Callan, N"	"Varian, Roger"	"1m "	"3"	"20"	"7"	"10"
"14:00:00"	"2012-09-25"	"Folkestone"	"Liberal Lady"	"10.00"	"13.5"	"Handicap"	"5"	"6"	"Harley, M"	"Smith, R J"	"5f "	"6"	"25"	"5"	"9"
"16:00:00"	"2012-09-21"	"Ayr"	"Even Stevens"	"6.50"	"7.93"	"Handicap"	"9"	"16"	"Demuro, M"	"Dixon, Scott"	"5f "	"4"	"9"	"1"	"19"
"16:05:00"	"2012-09-14"	"Doncaster"	"Shropshire (IRE)"	"10.00"	"13.5"	"Handicap"	"9"	"16"	"Murtagh, J"	"Hills, Charles"	"6.5f "	"2"	"41"	"8"	"27"
"17:00:00"	"2012-09-13"	"Chepstow"	"Loyal N Trusted"	"2.75"	"3.93"	"Handicap"	"2"	"11"	"Doyle, James"	"Price, R J"	"7f "	"6"	"17"	"3"	"14"
"16:50:00"	"2012-09-11"	"Leicester"	"Ducal"	"5.50"	"7.6"	"Handicap"	"7"	"9"	"Dobbs, Pat"	"Murphy, Mike"	"7f "	"3"	"17"	"6"	"19"
"17:30:00"	"2012-09-10"	"Newcastle"	"Ryedale Dancer (IRE)"	"8.00"	"10.13"	"Handicap"	"3"	"15"	"Fitzpatrick, Robbie"	"Guest, R C"	"7f "	"6"	"14"	"1"	"9"
"16:30:00"	"2012-09-10"	"Newcastle"	"Hab Reeh"	"12.00"	"17.14"	"Handicap"	"16"	"16"	"Sullivan, James P"	"Carr, Mrs R A"	"6f "	"6"	"16"	"12"	"16"
"14:55:00"	"2012-09-09"	"York"	"Blanche Dubawi (IRE)"	"4.00"	"4.86"	"Non-Handicap"	"6"	"11"	"Turner, Hayley"	"Quinlan, N"	"6f "	"1"	"15"	"6"	"8"
"16:50:00"	"2012-09-01"	"Beverley"	"Benidorm"	"12.00"	"16.46"	"Maiden"	"6"	"9"	"Carter, Adam"	"Wainwright, J S"	"5f "	"5"	"8"	"4"	"10"
"18:05:00"	"2012-08-27"	"Chepstow"	"Forty Proof (IRE)"	"11.00"	"13.4"	"Handicap"	"8"	"10"	"Gannon, Catherine"	"Evans, P D"	"6f "	"6"	"34"	"4"	"8"
"15:05:00"	"2012-08-27"	"Epsom"	"Cadeaux Pearl"	"14.00"	"16.68"	"Handicap"	"12"	"12"	"Fallon, K"	"Dixon, Scott"	"5f "	"2"	"9"	"11"	"17"
"18:40:00"	"2012-08-22"	"Bellewstown"	"Charismas Birthday (IRE)"	"2.50"	"3.42"	"Handicap"	"3"	"12"	"McDonogh, D P"	"Byrne, Philip Michael"	"5f "	"0"	"16"	"3"	"20"
"19:00:00"	"2012-08-18"	"Lingfield"	"Saucy Buck (IRE)"	"11.00"	"16.2"	"Handicap"	"6"	"12"	"Gemelova, Natalia"	"Poulton, Jamie"	"7.5f "	"6"	"10"	"4"	"11"
"15:40:00"	"2012-08-18"	"Newbury"	"Emilio Largo"	"5.00"	"7.1"	"Handicap"	"1"	"14"	"Queally, T P"	"Cecil, H R A"	"7f "	"3"	"28"	"4"	"9"
"16:30:00"	"2012-08-11"	"Haydock"	"Sole Danser (IRE)"	"5.50"	"7.11"	"Handicap"	"2"	"12"	"Kingscote, Richard"	"Bradley, J M"	"6f "	"5"	"15"	"3"	"11"
"17:15:00"	"2012-08-08"	"Yarmouth"	"See The Storm"	"10.00"	"14.14"	"Handicap"	"7"	"7"	"McGhee, Mr M"	"Williamson, Mrs L"	"7f "	"5"	"15"	"4"	"7"
"17:10:00"	"2012-08-08"	"Newcastle"	"Brave Battle"	"7.00"	"11.5"	"Handicap"	"3"	"8"	"Kelly, S B"	"Barr, R E"	"6f "	"6"	"13"	"12"	"17"
"17:50:00"	"2012-08-03"	"Newmarket (July)"	"Daruband"	"6.50"	"8.07"	"Handicap"	"6"	"12"	"Barzalona, Mickael"	"McCabe, A J"	"1m "	"4"	"13"	"10"	"14"
"17:55:00"	"2012-07-27"	"Thirsk"	"On The High Tops (IRE)"	"11.00"	"15.86"	"Handicap"	"8"	"10"	"Teasdale, Shirley"	"Carr, Mrs R A"	"5f "	"5"	"55"	"8"	"10"
"18:50:00"	"2012-07-17"	"Yarmouth"	"Harry Lime"	"28.00"	"46"	"Handicap"	"11"	"13"	"Atzeni, Andrea"	"Dwyer, C A"	"6f "	"6"	"6"	"5"	"6"
"19:50:00"	"2012-07-14"	"Hamilton"	"Qubuh (IRE)"	"5.50"	"7.27"	"Handicap Seller"	"8"	"10"	"Sullivan, James P"	"Stubbs, Mrs L"	"6f "	"6"	"37"	"4"	"5"
"14:35:00"	"2012-07-14"	"Newbury"	"Our Gal"	"7.50"	"9.8"	"Handicap"	"1"	"7"	"Catlin, Chris"	"Quinlan, N"	"1m "	"3"	"16"	"4"	"9"
"20:05:00"	"2012-06-29"	"Newmarket (July)"	"Catfish (IRE)"	"2.25"	"3.29"	"Non-Handicap"	"6"	"6"	"Barzalona, Mickael"	"Meehan, B J"	"6f "	"3"	"27"	"3"	"20"
"16:25:00"	"2012-06-27"	"Salisbury"	"Mawaakef (IRE)"	"4.50"	"6.45"	"Handicap"	"12"	"13"	"Moore, Ryan"	"Jenkins, J R"	"1m "	"2"	"26"	"2"	"17"
"17:10:00"	"2012-06-22"	"Redcar"	"Triple Eight (IRE)"	"6.00"	"8.2"	"Handicap"	"5"	"13"	"OConnell, Michael"	"Kirby, P A"	"1m "	"5"	"13"	"3"	"13"
"17:45:00"	"2012-06-19"	"Thirsk"	"Mr Mo Jo"	"16.00"	"22.55"	"Handicap"	"15"	"15"	"Winston, Robert"	"Mullaney, L A"	"5f "	"6"	"6"	"4"	"7"
"16:10:00"	"2012-06-14"	"Nottingham"	"Steps (IRE)"	"4.50"	"6.41"	"Handicap"	"5"	"11"	"Callan, N"	"Varian, Roger"	"6f "	"2"	"28"	"8"	"16"
"17:35:00"	"2012-06-04"	"Chepstow"	"Deveze (IRE)"	"25.00"	"36.9"	"Handicap"	"10"	"10"	"Keniry, L P"	"Bradley, J M"	"6f "	"6"	"81"	"4"	"10"
"17:45:00"	"2012-05-30"	"Folkestone"	"Ereka (IRE)"	"1.38"	"2.42"	"Handicap"	"2"	"7"	"Morris, Luke"	"Best, J R"	"7f "	"6"	"14"	"1"	"14"
"15:40:00"	"2012-05-19"	"Newbury"	"Dubawi Gold"	"16.00"	"32"	"Non-Handicap"	"3"	"6"	"Hughes, Richard"	"Hannon, R"	"1m "	"1"	"22"	"4"	"6"
"14:50:00"	"2012-05-12"	"Ascot"	"Certral"	"6.00"	"7.65"	"Handicap"	"6"	"11"	"Egan, D E"	"Ellison, B"	"1m "	"2"	"31"	"2"	"15"
"17:00:00"	"2012-05-03"	"Musselburgh"	"Tom Sawyer"	"8.50"	"11.5"	"Handicap"	"6"	"10"	"Mulrennan, Paul"	"Camacho, Miss J A"	"5f "	"6"	"42"	"8"	"9"
"14:45:00"	"2012-04-27"	"Doncaster"	"Hoppys Flyer (FR)"	"22.00"	"29.45"	"Handicap"	"6"	"13"	"Fenton, Micky"	"Midgley, P T"	"6f "	"5"	"18"	"8"	"12"
"17:55:00"	"2012-04-23"	"Windsor"	"Rafaaf (IRE)"	"10.00"	"14.88"	"Handicap"	"1"	"14"	"Atzeni, Andrea"	"Eddery, Robert"	"6f "	"5"	"194"	"3"	"14"
"15:55:00"	"2012-04-14"	"Newcastle"	"Beachwood Bay"	"7.00"	"9.2"	"Handicap"	"12"	"12"	"Sousa, Silvestre De"	"Hughes, Jo"	"7f "	"6"	"31"	"3"	"6"
"15:00:00"	"2012-04-09"	"Yarmouth"	"Patriotic (IRE)"	"2.25"	"3.76"	"Handicap"	"4"	"9"	"Da Silva, Raul"	"Dwyer, C A"	"1m "	"5"	"25"	"1"	"13"
"16:45:00"	"2012-04-02"	"Redcar"	"Green Warrior"	"12.00"	"35.62"	"Claimer"	"8"	"8"	"Eddery, Charles"	"Guest, R C"	"6f "	"6"	"38"	"10"	"11"
"13:30:00"	"2011-12-06"	"Southwell"	"Mottley Crewe"	"4.00"	"5.6"	"Handicap"	"2"	"10"	"Harley, M"	"Guest, R C"	"5f "	"4"	"6"	"4"	"10"
"17:20:00"	"2011-10-25"	"Catterick"	"Drumpellier (IRE)"	"33.00"	"48.84"	"Handicap"	"13"	"13"	"Fentiman, Duran"	"West, S G"	"5f "	"6"	"21"	"13"	"13"
"16:10:00"	"2011-10-24"	"Redcar"	"Blue Rum (IRE)"	"66.00"	"162.42"	"Maiden"	"11"	"15"	"Carter, Adam"	"Kirtley, A"	"7f "	"5"	"20"	"9"	"14"
"14:00:00"	"2011-10-22"	"Doncaster"	"Racy"	"7.00"	"8.8"	"Handicap"	"7"	"20"	"Makin, Phillip"	"Ryan, K A"	"5f "	"2"	"14"	"3"	"20"
"16:50:00"	"2011-10-18"	"Yarmouth"	"Mark Anthony (IRE)"	"10.00"	"14.19"	"Handicap"	"5"	"15"	"Fitzpatrick, Robbie"	"Harris, S A"	"7f "	"6"	"3"	"7"	"13"
"15:30:00"	"2011-10-11"	"Newcastle"	"Benny The Bear"	"8.00"	"10.5"	"Handicap"	"6"	"13"	"Makin, Phillip"	"Perratt, Miss L A"	"7f "	"6"	"14"	"1"	"10"
"16:00:00"	"2011-10-10"	"Salisbury"	"Pose (IRE)"	"16.00"	"20.31"	"Handicap"	"6"	"14"	"Lawson, Matthew"	"Ingram, R"	"7f "	"6"	"14"	"3"	"9"
"16:00:00"	"2011-09-21"	"Redcar"	"Ginger Grey (IRE)"	"7.00"	"8.8"	"Seller"	"5"	"14"	"Tudhope, Daniel"	"OMeara, D"	"1m "	"5"	"14"	"10"	"16"
"16:40:00"	"2011-09-19"	"Hamilton"	"Doc Hay (USA)"	"8.00"	"10.5"	"Handicap"	"2"	"12"	"Hanagan, Paul"	"Dalgleish, Keith"	"5f "	"4"	"16"	"10"	"14"
"14:35:00"	"2011-09-14"	"Beverley"	"Boy The Bell"	"5.00"	"6.2"	"Handicap"	"6"	"13"	"Swift, Mr Dale"	"Ellison, B"	"5f "	"5"	"44"	"1"	"13"
"17:50:00"	"2011-09-08"	"Laytown"	"See You Smile (IRE)"	"16.00"	"27.28"	"Claimer"	"5"	"10"	"Curtis, B A"	"McAteer, Liam"	"7f "	"0"	"19"	"16"	"26"
"17:50:00"	"2011-09-08"	"Laytown"	"Arakango (IRE)"	"5.00"	"7.8"	"Claimer"	"7"	"10"	"Roche, L F"	"James, Thomas"	"7f "	"0"	"20"	"12"	"13"
"17:20:00"	"2011-09-08"	"Laytown"	"Dart Queen (GER)"	"6.00"	"8.4"	"Maiden"	"6"	"10"	"Cooper, Bryan J"	"Moore, A L T"	"7f "	"0"	"16"	"4"	"12"
"15:10:00"	"2011-09-07"	"Doncaster"	"Humidor (IRE)"	"14.00"	"22"	"Non-Handicap"	"1"	"11"	"Dettori, L"	"Baker, George"	"5f "	"1"	"41"	"5"	"11"
"15:50:00"	"2011-09-05"	"Newcastle"	"Caldermud (IRE)"	"7.50"	"9.7"	"Handicap"	"13"	"15"	"Poulton, Harry"	"Maylam, Miss Olivia"	"7f "	"6"	"23"	"4"	"12"
"15:20:00"	"2011-09-05"	"Newcastle"	"Brisbane (IRE)"	"22.00"	"30"	"Handicap"	"5"	"13"	"Kelly, S B"	"Sayer, Mrs Dianne"	"7f "	"6"	"11"	"7"	"11"
"17:00:00"	"2011-08-29"	"Chepstow"	"Cape Kimberley"	"16.00"	"24.35"	"Handicap"	"1"	"17"	"Havlin, Robert"	"Newcombe, A G"	"7f "	"6"	"13"	"5"	"13"
"14:30:00"	"2011-08-22"	"Hamilton"	"Hayek"	"5.00"	"5.49"	"Handicap"	"5"	"12"	"Richardson, Rachel"	"Easterby, T D"	"6f "	"6"	"11"	"7"	"13"
"20:10:00"	"2011-08-11"	"Goodwood"	"Spanish Acclaim"	"12.00"	"17.46"	"Handicap"	"9"	"9"	"Chalmers, Neil"	"Balding, A M"	"6f "	"5"	"6"	"10"	"10"
"17:50:00"	"2011-08-11"	"Chepstow"	"Tuscan King"	"18.00"	"49.13"	"Handicap"	"7"	"16"	"Lane, Martin"	"Llewellyn, B J"	"1m "	"6"	"7"	"2"	"10"
"16:50:00"	"2011-08-11"	"Salisbury"	"Interakt"	"4.50"	"5.7"	"Handicap"	"2"	"13"	"Bentley, Harry"	"Tuite, Joseph"	"6f "	"5"	"21"	"1"	"11"
"17:50:00"	"2011-08-06"	"Lingfield"	"Little Perisher"	"8.00"	"11.7"	"Handicap"	"3"	"6"	"Bentley, Harry"	"George, Karen"	"6f "	"5"	"21"	"5"	"11"
"19:30:00"	"2011-08-04"	"Chepstow"	"Gee Major"	"16.00"	"21"	"Handicap"	"8"	"16"	"Golam, Saleem"	"Vaughan, N J"	"7f "	"6"	"89"	"11"	"12"
"16:50:00"	"2011-08-04"	"Yarmouth"	"Star Twilight"	"7.00"	"9.05"	"Handicap"	"3"	"5"	"Eaves, Tom"	"Shaw, D"	"5f "	"4"	"15"	"3"	"8"
"18:25:00"	"2011-08-01"	"Carlisle"	"Newbury Street"	"14.00"	"20"	"Handicap"	"1"	"16"	"Brewer, Freya"	"Holmes, P F"	"6f "	"6"	"21"	"3"	"9"
"18:25:00"	"2011-08-01"	"Carlisle"	"Rios Girl"	"8.50"	"11"	"Handicap"	"2"	"16"	"Burke, Julie"	"Ryan, K A"	"6f "	"6"	"5"	"6"	"15"
"18:25:00"	"2011-08-01"	"Carlisle"	"Craicattack (IRE)"	"50.00"	"65"	"Handicap"	"15"	"16"	"Horner, Miss L"	"Watt, Mrs S A"	"6f "	"6"	"5"	"14"	"15"
"20:45:00"	"2011-07-29"	"Musselburgh"	"Dower Glen"	"12.00"	"16"	"Handicap"	"8"	"10"	"Mullen, Richard"	"Dalgleish, Keith"	"5f "	"5"	"18"	"2"	"8"
"16:45:00"	"2011-07-25"	"Yarmouth"	"Athwaab"	"8.00"	"11.17"	"Handicap"	"3"	"9"	"Queally, T P"	"Quinlan, N"	"5f "	"6"	"10"	"3"	"4"
"19:50:00"	"2011-07-22"	"Chepstow"	"Dancing Freddy (IRE)"	"6.00"	"9.2"	"Handicap"	"3"	"10"	"Butler, Robert L"	"Guest, R C"	"5f "	"5"	"17"	"10"	"13"
"19:15:00"	"2011-07-15"	"Hamilton"	"Ya Boy Sir (IRE)"	"40.00"	"43.83"	"Handicap Seller"	"8"	"8"	"Newman, L"	"Semple, I"	"6f "	"6"	"18"	"9"	"10"
"19:00:00"	"2011-07-09"	"Hamilton"	"King Bertolini (IRE)"	"40.00"	"70"	"Maiden Seller"	"3"	"10"	"Mathers, Patrick"	"Berry, A"	"6f "	"6"	"1"	"9"	"12"
"16:40:00"	"2011-07-07"	"Newmarket (July)"	"Perfect Blossom"	"8.00"	"11"	"Handicap"	"8"	"10"	"Ryan, Amy"	"Ryan, K A"	"5f "	"3"	"33"	"12"	"16"
"20:50:00"	"2011-06-21"	"Newbury"	"Premier League"	"8.00"	"9.77"	"Handicap"	"7"	"8"	"Ffrench, Royston"	"Feilden, Miss J"	"5f "	"5"	"19"	"1"	"9"
"19:30:00"	"2011-06-20"	"Chepstow"	"Royal Box"	"12.00"	"14.73"	"Handicap"	"1"	"12"	"Harrison, Kelly"	"Burchell, D"	"5f "	"6"	"140"	"7"	"13"
"19:30:00"	"2011-06-20"	"Chepstow"	"Aalsmeer"	"20.00"	"23.06"	"Handicap"	"5"	"12"	"Dwyer, Martin"	"George, Karen"	"5f "	"6"	"21"	"9"	"9"
"18:50:00"	"2011-06-15"	"Ripon"	"Royal Blade (IRE)"	"18.00"	"27"	"Seller"	"2"	"8"	"Mooney, Danielle"	"Berry, A"	"6f "	"6"	"13"	"5"	"13"
"14:55:00"	"2011-06-15"	"Hamilton"	"Prince Of Vasa (IRE)"	"7.50"	"9"	"Handicap"	"7"	"11"	"Levey, S M"	"Smith, Michael"	"6f "	"5"	"13"	"2"	"8"
"17:15:00"	"2011-06-14"	"Thirsk"	"Sparking"	"7.50"	"11"	"Handicap"	"7"	"17"	"Newman, L"	"Barron, T D"	"5f "	"6"	"29"	"3"	"10"
"18:55:00"	"2011-06-10"	"Chepstow"	"Suzhou"	"6.50"	"8.66"	"Handicap Maiden"	"9"	"12"	"Gannon, Catherine"	"Coakley, D J"	"6f "	"5"	"23"	"5"	"12"
"16:25:00"	"2011-06-10"	"York"	"Nadeen (IRE)"	"9.00"	"13.9"	"Handicap"	"13"	"16"	"Fallon, K"	"Smith, Michael"	"5f "	"3"	"15"	"8"	"10"
"15:35:00"	"2011-06-07"	"Redcar"	"San Cassiano (IRE)"	"4.50"	"5.92"	"Handicap"	"4"	"12"	"McDonald, P J"	"Carr, Mrs R A"	"1m "	"3"	"4"	"3"	"14"
"19:00:00"	"2011-06-04"	"Newcastle"	"Music Festival (USA)"	"2.13"	"3.33"	"Handicap"	"3"	"7"	"Fairley, Greg"	"Goldie, J S"	"7f "	"5"	"21"	"7"	"19"
"17:30:00"	"2011-05-31"	"Redcar"	"Isle of Ellis (IRE)"	"20.00"	"26.03"	"Handicap Maiden"	"7"	"15"	"Deniel, Miss A"	"Barr, R E"	"6f "	"6"	"11"	"5"	"12"
"16:40:00"	"2011-05-30"	"Carlisle"	"Gertmegalush (IRE)"	"5.50"	"7.4"	"Handicap"	"7"	"11"	"Swift, Mr Dale"	"Harris, John A"	"5f "	"6"	"20"	"9"	"11"
"18:55:00"	"2011-05-26"	"Newcastle"	"Rasselas (IRE)"	"20.00"	"28"	"Handicap"	"6"	"10"	"Cray, Billy"	"Nicholls, D"	"7f "	"4"	"122"	"8"	"10"
"15:00:00"	"2011-05-26"	"Folkestone"	"Avonvalley"	"22.00"	"22.36"	"Handicap"	"8"	"9"	"Fitzpatrick, Robbie"	"Grayson, Peter"	"5f "	"6"	"101"	"11"	"11"
"17:00:00"	"2011-05-23"	"Carlisle"	"Hot Rod Mamma (IRE)"	"20.00"	"30"	"Handicap"	"7"	"11"	"Fentiman, Duran"	"Sayer, Mrs Dianne"	"6f "	"6"	"26"	"11"	"14"
"14:10:00"	"2011-05-22"	"Curragh"	"Rahya Cass (IRE)"	"12.00"	"19.5"	"Handicap"	"5"	"30"	"Gray, S A"	"Stack, T"	"6f "	"0"	"7"	"3"	"17"
"16:20:00"	"2011-05-20"	"Yarmouth"	"Valmina"	"16.00"	"23.27"	"Handicap"	"7"	"8"	"Kirby, Adam"	"Carroll, A W"	"7f "	"5"	"13"	"7"	"9"
"17:30:00"	"2011-05-18"	"Goodwood"	"Six Wives"	"3.50"	"5.08"	"Handicap"	"1"	"6"	"Mayor, Leonna"	"Nicholls, D"	"5f "	"6"	"13"	"5"	"13"
"16:25:00"	"2011-05-14"	"Thirsk"	"Archers Road (IRE)"	"20.00"	"34"	"Handicap"	"10"	"11"	"Hitchcott, Sam"	"Barron, T D"	"5f "	"2"	"10"	"10"	"13"
"14:35:00"	"2011-05-14"	"Newbury"	"R Woody"	"11.00"	"15.27"	"Handicap"	"16"	"18"	"Baker, George"	"Ivory, D K"	"6f "	"2"	"189"	"7"	"17"
"21:00:00"	"2011-05-13"	"Hamilton"	"North Central (USA)"	"10.00"	"15.21"	"Handicap"	"6"	"11"	"Farley, Neil"	"Goldie, J S"	"5f "	"5"	"12"	"9"	"11"
"18:10:00"	"2011-05-13"	"Newcastle"	"No Quarter (IRE)"	"14.00"	"17.11"	"Handicap"	"9"	"14"	"Kelly, S B"	"Waggott, Miss Tracy"	"1m "	"6"	"18"	"1"	"13"
"15:00:00"	"2011-05-10"	"Beverley"	"Fear Nothing"	"16.00"	"25.11"	"Handicap"	"4"	"11"	"Eaves, Tom"	"McInnes, I W"	"5f "	"5"	"21"	"4"	"7"
"15:25:00"	"2011-05-07"	"Ascot"	"Laylas Hero (IRE)"	"33.00"	"60"	"Handicap"	"28"	"28"	"McDonald, Frankie"	"Nicholls, D"	"7f "	"2"	"34"	"13"	"20"
"15:45:00"	"2011-04-25"	"Redcar"	"Fleetwoodsands (IRE)"	"9.00"	"12.65"	"Handicap"	"11"	"13"	"McHugh, B"	"Pears, Ollie"	"7f "	"5"	"28"	"1"	"7"
"14:00:00"	"2011-04-20"	"Epsom"	"Falasteen (IRE)"	"20.00"	"24.96"	"Handicap"	"1"	"14"	"Spencer, Jamie"	"Nicholls, D"	"5f "	"3"	"4"	"14"	"14"
"14:10:00"	"2011-04-12"	"Southwell"	"Clear Ice (IRE)"	"5.00"	"7.38"	"Handicap"	"6"	"10"	"Butler, Robert L"	"Guest, R C"	"5f "	"6"	"14"	"2"	"8"
"15:55:00"	"2011-04-03"	"Doncaster"	"Colonel Mak"	"28.00"	"30"	"Handicap"	"10"	"20"	"McNiff, L"	"Barron, T D"	"6f "	"2"	"176"	"17"	"20"
"15:30:00"	"2011-03-29"	"Southwell"	"Muqalad (IRE)"	"7.00"	"9.42"	"Handicap"	"3"	"8"	"Eaves, Tom"	"Smart, B"	"5f "	"6"	"10"	"10"	"13"
"14:40:00"	"2010-12-10"	"Southwell"	"Sharp Bullet (IRE)"	"3.50"	"4.76"	"Handicap"	"5"	"9"	"Cosham, Matthew"	"Hellier, Bruce"	"5f "	"6"	"17"	"4"	"13"
"14:45:00"	"2010-11-02"	"Catterick"	"Real Diamond"	"9.00"	"10.06"	"Claimer"	"5"	"6"	"Sullivan, James P"	"Pears, Ollie"	"5f "	"6"	"17"	"6"	"10"
"16:20:00"	"2010-10-30"	"Newmarket (Rowley)"	"Prince Siegfried (FR)"	"7.00"	"10.06"	"Non-Handicap"	"2"	"7"	"Buick, William"	"Suroor, Saeed Bin"	"1m2f "	"1"	"49"	"4"	"7"
"14:10:00"	"2010-10-27"	"Musselburgh"	"Fashion Icon (USA)"	"5.50"	"7.2"	"Handicap"	"4"	"10"	"Murray, Mr S"	"OMeara, D"	"5f "	"6"	"1"	"1"	"12"
"16:00:00"	"2010-10-25"	"Leicester"	"Dark Moment"	"7.00"	"9.23"	"Claimer"	"8"	"10"	"McHugh, B"	"Pears, Ollie"	"7f "	"5"	"13"	"2"	"14"
"15:10:00"	"2010-10-23"	"Newbury"	"Victoria Sponge (IRE)"	"12.00"	"14"	"Handicap"	"7"	"16"	"ONeill, Dane"	"Williams, S C"	"7f "	"3"	"28"	"10"	"17"
"13:55:00"	"2010-10-23"	"Doncaster"	"Anglezarke (IRE)"	"14.00"	"18.32"	"Handicap"	"6"	"21"	"Hanagan, Paul"	"Fahey, R A"	"5f "	"2"	"23"	"5"	"8"
"17:35:00"	"2010-10-22"	"Doncaster"	"Cavendish Road (IRE)"	"22.00"	"32"	"Handicap"	"7"	"9"	"Hamelin, A"	"Vaughan, N J"	"1m "	"5"	"5"	"7"	"9"
"15:55:00"	"2010-10-22"	"Doncaster"	"Macs Power (IRE)"	"8.00"	"10"	"Handicap"	"1"	"21"	"Cosgrave, Pat"	"Fanshawe, J R"	"6f "	"2"	"25"	"1"	"11"
"14:30:00"	"2010-10-18"	"Windsor"	"Cerito"	"40.00"	"70"	"Claimer"	"9"	"13"	"Marshall, Jemma"	"Boyle, J R"	"6f "	"6"	"17"	"5"	"10"
"14:45:00"	"2010-10-10"	"Curragh"	"Bay Knight (IRE)"	"16.00"	"38.88"	"Non-Handicap"	"10"	"10"	"McCullagh, N G"	"Condon, K J"	"6f "	"0"	"14"	"14"	"26"
"15:55:00"	"2010-10-09"	"York"	"Brae Hill (IRE)"	"40.00"	"93.13"	"Handicap"	"7"	"20"	"McDonald, P J"	"Fahey, R A"	"6f "	"2"	"7"	"3"	"13"
"14:45:00"	"2010-09-26"	"Curragh"	"Miss Eze"	"16.00"	"44.95"	"Handicap"	"5"	"26"	"Moran, D J"	"Cashman, P F"	"6f "	"0"	"11"	"5"	"11"
"15:20:00"	"2010-09-20"	"Leicester"	"Coleorton Choice"	"20.00"	"30"	"Handicap"	"7"	"12"	"Turner, Hayley"	"Hollinshead, R"	"5f "	"3"	"24"	"10"	"17"
"17:15:00"	"2010-09-18"	"Newmarket (Rowley)"	"Chapter And Verse (IRE)"	"12.00"	"20.28"	"Handicap"	"2"	"13"	"Kennemore, Russell"	"Murphy, Mike"	"1m "	"3"	"14"	"1"	"15"
"15:20:00"	"2010-09-18"	"Ayr"	"Parisian Pyramid (IRE)"	"22.00"	"23.55"	"Handicap"	"24"	"26"	"Spencer, Jamie"	"Ryan, K A"	"6f "	"2"	"28"	"2"	"15"
"16:30:00"	"2010-09-17"	"Ayr"	"Saucy Brown (IRE)"	"28.00"	"50"	"Handicap"	"17"	"27"	"Norton, Francis"	"Nicholls, D"	"6f "	"2"	"20"	"12"	"13"
"17:30:00"	"2010-09-15"	"Yarmouth"	"Fathey (IRE)"	"4.50"	"7.32"	"Handicap"	"8"	"11"	"Winston, Robert"	"Smith, C"	"7f "	"6"	"24"	"4"	"10"
"17:50:00"	"2010-09-06"	"Newcastle"	"Igneous"	"33.00"	"74.86"	"Handicap"	"8"	"13"	"Stainton, Michael J"	"Thompson, D W"	"7f "	"6"	"171"	"PU"	"8"
"16:35:00"	"2010-08-23"	"Hamilton"	"Norse Warrior (USA)"	"10.00"	"11.73"	"Handicap"	"5"	"8"	"Norton, Francis"	"Grayson, Peter"	"5f "	"6"	"17"	"9"	"11"
"16:45:00"	"2010-08-08"	"Curragh"	"Takeover Bid (USA)"	"20.00"	"59.21"	"Handicap"	"8"	"11"	"Curtis, B A"	"OCallaghan, Niall"	"6f "	"0"	"53"	"8"	"18"
"14:50:00"	"2010-08-08"	"Leicester"	"Charlietoo"	"25.00"	"36.73"	"Seller"	"3"	"10"	"Clark, Ryan"	"Bevan, E G"	"7f "	"6"	"24"	"5"	"10"
"14:50:00"	"2010-08-08"	"Leicester"	"Blue Noodles"	"2.00"	"3.2"	"Seller"	"5"	"10"	"Heffernan, Andrew"	"Evans, P D"	"7f "	"6"	"24"	"3"	"8"
"17:45:00"	"2010-08-07"	"Haydock"	"Scrapper Smith (IRE)"	"6.50"	"9.4"	"Handicap"	"10"	"12"	"Gannon, Catherine"	"Whillans, A C"	"6f "	"5"	"13"	"4"	"13"
"15:50:00"	"2010-07-24"	"Ascot"	"Suruor (IRE)"	"16.00"	"30.82"	"Handicap"	"5"	"21"	"Mullen, Richard"	"Simcock, D M"	"7f "	"2"	"7"	"3"	"7"
"15:40:00"	"2010-07-24"	"York"	"Hawkeyethenoo (IRE)"	"7.00"	"9.51"	"Handicap"	"1"	"20"	"Fallon, K"	"Goldie, J S"	"6f "	"2"	"8"	"13"	"16"
"14:15:00"	"2010-07-17"	"Newbury"	"Doncaster Rover (USA)"	"5.00"	"6.4"	"Non-Handicap"	"4"	"9"	"Winston, Robert"	"Brown, D H"	"6f "	"1"	"21"	"3"	"7"
"21:00:00"	"2010-07-16"	"Newmarket (July)"	"The Happy Hammer (IRE)"	"25.00"	"30.75"	"Handicap"	"15"	"15"	"Carson, William"	"Stanford, E V"	"1m "	"5"	"237"	"7"	"10"
"14:55:00"	"2010-07-16"	"Haydock"	"Igoyougo"	"6.00"	"7.99"	"Handicap"	"10"	"15"	"Sousa, Silvestre De"	"Harker, G A"	"5f "	"4"	"51"	"7"	"11"
"16:35:00"	"2010-07-15"	"Hamilton"	"Klynch"	"20.00"	"37.8"	"Handicap"	"5"	"11"	"Sullivan, James P"	"Carr, Mrs R A"	"6f "	"5"	"26"	"7"	"9"
"19:35:00"	"2010-06-19"	"Haydock"	"Francis Walsingham (IRE)"	"5.00"	"6.4"	"Handicap"	"10"	"10"	"Hills, Patrick"	"Morrison, H"	"6f "	"5"	"5"	"12"	"15"
"21:00:00"	"2010-06-17"	"Beverley"	"Fine Silk (USA)"	"16.00"	"24.94"	"Maiden"	"5"	"11"	"Atkinson, Toby"	"Quinlan, M G"	"5f "	"5"	"12"	"4"	"10"
"17:45:00"	"2010-06-14"	"Carlisle"	"Piste"	"2.25"	"3.7"	"Handicap"	"2"	"9"	"Hanagan, Paul"	"Jackson, Miss T"	"6f "	"6"	"4"	"3"	"12"
"18:20:00"	"2010-06-12"	"Lingfield"	"Sweet Applause (IRE)"	"28.00"	"40.46"	"Handicap"	"14"	"15"	"Golam, Saleem"	"Prodromou, G"	"6f "	"6"	"24"	"3"	"11"
"15:05:00"	"2010-05-26"	"Ffos Las"	"Bahkov (IRE)"	"66.00"	"174.99"	"Maiden"	"4"	"8"	"Pearce, Simon"	"Turnell, Andrew"	"6f "	"5"	"23"	"4"	"10"
"15:30:00"	"2010-05-22"	"Haydock"	"Sea of Leaves (USA)"	"20.00"	"23"	"Non-Handicap"	"4"	"9"	"Tudhope, Daniel"	"Goldie, J S"	"6f "	"1"	"14"	"9"	"13"
"14:40:00"	"2010-05-21"	"Chepstow"	"Shared Moment (IRE)"	"3.50"	"5.29"	"Claimer"	"2"	"11"	"Turner, Hayley"	"Gallagher, J"	"1m "	"5"	"18"	"1"	"10"
"20:10:00"	"2010-05-15"	"Doncaster"	"All The Nines (IRE)"	"20.00"	"28"	"Handicap"	"12"	"18"	"Sousa, Silvestre De"	"Sanderson, Mrs D J"	"6f "	"4"	"12"	"2"	"7"
"17:10:00"	"2010-05-15"	"Newmarket (Rowley)"	"Arabian Pearl (IRE)"	"10.00"	"14.88"	"Handicap"	"5"	"10"	"Mitchell, Jack"	"Chapple-Hyam, P W"	"7f "	"4"	"12"	"4"	"11"
"20:50:00"	"2010-05-07"	"Hamilton"	"Hosanna"	"66.00"	"149.45"	"Handicap"	"10"	"13"	"OConnell, Michael"	"Barclay, J"	"6f "	"5"	"11"	"14"	"15"
"16:45:00"	"2010-05-07"	"Nottingham"	"Place The Duchess"	"40.00"	"110"	"Handicap"	"16"	"16"	"Eddery, Charles"	"Lidderdale, A J"	"6f "	"6"	"60"	"8"	"8"
"16:40:00"	"2010-04-17"	"Doncaster"	"Thunderball"	"12.00"	"17"	"Handicap"	"12"	"17"	"Morris, Mrs M"	"Glover, J A"	"7f "	"4"	"8"	"4"	"7"
"16:45:00"	"2010-04-11"	"Curragh"	"Eurosmart Lady (IRE)"	"16.00"	"40.14"	"Handicap"	"16"	"20"	"Hayes, C D"	"McGuinness, Adrian"	"6f "	"0"	"181"	"16"	"23"
"16:40:00"	"2010-04-07"	"Catterick"	"Trick Or Two"	"5.00"	"7.28"	"Handicap"	"4"	"14"	"Sousa, Silvestre De"	"Carr, Mrs R A"	"5f "	"6"	"7"	"3"	"11"
"13:40:00"	"2009-12-27"	"Southwell"	"Grudge"	"8.00"	"10.22"	"Claimer"	"2"	"9"	"Eaves, Tom"	"Pears, Ollie"	"5f "	"6"	"27"	"1"	"11"
"11:55:00"	"2009-11-07"	"Doncaster"	"Boy Blue"	"28.00"	"44.12"	"Handicap"	"13"	"20"	"Cray, Billy"	"Salmon, P"	"7f "	"4"	"11"	"10"	"15"
"15:10:00"	"2009-10-24"	"Newbury"	"Ocean Transit (IRE)"	"8.50"	"12.8"	"Handicap"	"3"	"11"	"Doyle, James"	"Price, R J"	"7f "	"3"	"16"	"11"	"14"
"15:45:00"	"2009-10-10"	"York"	"Hitchens (IRE)"	"11.00"	"14.33"	"Handicap"	"3"	"20"	"Makin, Phillip"	"Barron, T D"	"6f "	"2"	"14"	"1"	"12"
"16:40:00"	"2009-10-06"	"Leicester"	"Weet A Surprise"	"5.00"	"6.3"	"Handicap"	"4"	"11"	"Edwards, Alex"	"Unett, J W"	"6f "	"5"	"25"	"5"	"12"
"16:20:00"	"2009-10-01"	"Newmarket (Rowley)"	"Group Therapy"	"25.00"	"50"	"Non-Handicap"	"12"	"12"	"Callan, N"	"Littmoden, N P"	"5f "	"1"	"19"	"21"	"22"
"15:40:00"	"2009-09-26"	"Ascot"	"Castles In The Air"	"11.00"	"14"	"Handicap"	"8"	"28"	"McHugh, B"	"Fahey, R A"	"7f "	"2"	"15"	"2"	"11"
"15:10:00"	"2009-09-19"	"Ayr"	"Striking Spirit"	"20.00"	"34.94"	"Handicap"	"17"	"26"	"Lawes, N S"	"Nicholls, D"	"6f "	"2"	"7"	"9"	"22"
"16:50:00"	"2009-09-09"	"Doncaster"	"Speedy Senorita (IRE)"	"25.00"	"42"	"Handicap"	"10"	"11"	"Quinn, Jimmy"	"Quinn, J J"	"5f "	"4"	"11"	"8"	"12"
"14:40:00"	"2009-09-04"	"Chepstow"	"Pintano"	"50.00"	"67.54"	"Seller"	"11"	"14"	"Probert, David"	"Bradley, J M"	"7f "	"6"	"4"	"15"	"15"
"18:35:00"	"2009-09-01"	"Laytown"	"Dinah Doll (IRE)"	"10.00"	"14.66"	"Handicap"	"9"	"10"	"Townend, P"	"Fahy, P A"	"6f "	"0"	"14"	"10"	"15"
"15:50:00"	"2009-08-31"	"Chepstow"	"La Belle Joannie"	"12.00"	"19.96"	"Handicap"	"10"	"15"	"ODonohoe, D"	"Curran, S"	"6f "	"6"	"22"	"2"	"11"
"17:20:00"	"2009-08-28"	"Newcastle"	"Just Sam (IRE)"	"6.00"	"7.85"	"Handicap"	"10"	"10"	"Powell, Ryan"	"Barr, R E"	"6f "	"6"	"19"	"1"	"18"
"20:10:00"	"2009-08-20"	"Chepstow"	"Monsieur Reynard"	"16.00"	"26"	"Handicap"	"2"	"16"	"Metcalfe, Michael"	"Bradley, J M"	"5f "	"6"	"13"	"9"	"11"
"19:00:00"	"2009-08-15"	"Lingfield"	"Great Knight (IRE)"	"7.50"	"9.8"	"Seller"	"12"	"12"	"Doyle, James"	"Kirk, S"	"6f "	"6"	"8"	"5"	"11"
"15:10:00"	"2009-08-14"	"Nottingham"	"Rough Rock (IRE)"	"25.00"	"35.04"	"Handicap"	"10"	"17"	"ODwyer, Jerry"	"Dwyer, C A"	"5f "	"6"	"9"	"5"	"7"
"16:10:00"	"2009-08-09"	"Redcar"	"Carnival Dream"	"25.00"	"42"	"Claimer"	"4"	"5"	"OHara, Slade"	"McWilliams, H A"	"1m "	"6"	"40"	"11"	"16"
"19:20:00"	"2009-08-05"	"Yarmouth"	"Mansii"	"9.00"	"13.61"	"Handicap"	"3"	"7"	"Atzeni, Andrea"	"McBride, P J"	"6f "	"5"	"15"	"4"	"10"
"15:50:00"	"2009-08-05"	"Newcastle"	"Captain Royale (IRE)"	"33.00"	"50.18"	"Seller"	"4"	"13"	"Pickard, Paul"	"Waggott, Miss Tracy"	"6f "	"6"	"13"	"5"	"19"
"20:35:00"	"2009-07-31"	"Newmarket (July)"	"Credit Swap"	"2.75"	"4.1"	"Handicap"	"1"	"10"	"Atkinson, Toby"	"Wigham, M"	"1m "	"4"	"7"	"1"	"15"
"16:00:00"	"2009-07-27"	"Yarmouth"	"Caprio (IRE)"	"8.00"	"9.67"	"Handicap"	"2"	"7"	"Ahern, Eddie"	"Boyle, J R"	"7f "	"4"	"11"	"2"	"7"
"13:25:00"	"2009-07-25"	"Ascot"	"Elna Bright"	"16.00"	"19.16"	"Handicap"	"10"	"16"	"Folkes, Miss E"	"Evans, P D"	"7f "	"3"	"7"	"2"	"10"
"18:30:00"	"2009-07-08"	"Naas"	"Blue Law (IRE)"	"9.00"	"11.5"	"Handicap"	"6"	"20"	"Geoghegan, C P"	"Callaghan, Marcus"	"6f "	"0"	"7"	"6"	"18"
"21:10:00"	"2009-07-03"	"Salisbury"	"Applesnap (IRE)"	"25.00"	"44"	"Handicap"	"7"	"10"	"ODwyer, Jerry"	"Weaver, Miss Amy"	"1m "	"5"	"9"	"4"	"14"
"19:15:00"	"2009-07-03"	"Bellewstown"	"Liberty Island (IRE) (OLD)"	"4.50"	"5.76"	"Handicap"	"4"	"15"	"Latham, K"	"McCreery, W"	"5f "	"0"	"8"	"3"	"13"
"19:55:00"	"2009-06-27"	"Lingfield"	"Princess Rose Anne (IRE)"	"7.00"	"9.8"	"Handicap"	"6"	"8"	"Drowne, Steve"	"Best, J R"	"5f "	"5"	"3"	"5"	"7"
"18:00:00"	"2009-06-24"	"Naas"	"Gracious Girl (IRE)"	"12.00"	"16.42"	"Handicap"	"2"	"20"	"ODonoghue, C"	"Marnane, David"	"6f "	"0"	"20"	"12"	"18"
"16:45:00"	"2009-06-20"	"Redcar"	"Wisemans Diamond (USA)"	"16.00"	"20"	"Claimer"	"3"	"12"	"Pickard, Paul"	"Midgley, P T"	"7f "	"5"	"25"	"3"	"13"
"19:45:00"	"2009-06-19"	"Down Royal"	"Morrigan (IRE)"	"3.50"	"5.66"	"Handicap"	"8"	"12"	"Moran, D J"	"Morgan, Ms Joanna"	"5f "	"0"	"14"	"2"	"14"
"21:10:00"	"2009-06-18"	"Leicester"	"Circle Dance (IRE)"	"18.00"	"24.68"	"Handicap"	"5"	"8"	"Lane, Martin"	"Shaw, D"	"6f "	"5"	"15"	"7"	"11"
"13:25:00"	"2009-06-11"	"Nottingham"	"Flying Applause"	"6.50"	"7.96"	"Handicap"	"1"	"16"	"Atzeni, Andrea"	"Bowring, S R"	"6f "	"6"	"3"	"8"	"14"
"19:50:00"	"2009-06-06"	"Lingfield"	"Littlemisssunshine (IRE)"	"2.25"	"3.75"	"Handicap"	"8"	"8"	"Keniry, L P"	"Moore, J S"	"5f "	"5"	"227"	"6"	"19"
"16:05:00"	"2009-06-06"	"Musselburgh"	"Silvanus (IRE)"	"16.00"	"19.5"	"Handicap"	"3"	"12"	"Donaghy, Patrick"	"Semple, I"	"5f "	"3"	"8"	"6"	"11"
"14:40:00"	"2009-06-03"	"Nottingham"	"Sandy Par"	"25.00"	"42"	"Maiden"	"4"	"8"	"Dean, Jack"	"Bradley, J M"	"5f "	"5"	"16"	"6"	"11"
"15:45:00"	"2009-06-01"	"Carlisle"	"Mandelieu (IRE)"	"14.00"	"17.87"	"Handicap"	"7"	"16"	"Eaves, Tom"	"Pears, Ollie"	"6f "	"6"	"7"	"6"	"17"
"19:20:00"	"2009-05-30"	"Newbury"	"Hyde Lea Flyer"	"6.00"	"10.5"	"Handicap"	"10"	"10"	"Sanders, Seb"	"McMahon, E S"	"1m "	"4"	"134"	"2"	"7"
"15:45:00"	"2009-05-30"	"York"	"Kaldoun Kingdom (IRE)"	"16.00"	"26.19"	"Handicap"	"7"	"14"	"Hamilton, Tony"	"Fahey, R A"	"5f "	"2"	"16"	"8"	"15"
"16:20:00"	"2009-05-29"	"Yarmouth"	"Party In The Park"	"20.00"	"32.2"	"Handicap"	"5"	"8"	"Catlin, Chris"	"Camacho, Miss J A"	"7f "	"5"	"3"	"12"	"13"
"14:50:00"	"2009-05-28"	"Ayr"	"Talon (IRE)"	"33.00"	"50"	"Claimer"	"10"	"12"	"McDonald, P J"	"Swinbank, G A"	"6f "	"5"	"190"	"11"	"13"
"17:10:00"	"2009-05-26"	"Redcar"	"SheikNKnotsterd"	"20.00"	"25"	"Handicap Maiden"	"9"	"17"	"Bevan, Miss A"	"Coupland, J F"	"6f "	"6"	"15"	"6"	"17"
"16:05:00"	"2009-05-16"	"Newmarket (Rowley)"	"Autumn Blades (IRE)"	"12.00"	"19.5"	"Handicap"	"12"	"16"	"Eaton, Natasha"	"Bailey, A"	"7f "	"4"	"1"	"4"	"11"
"20:05:00"	"2009-05-05"	"Catterick"	"Angle Of Attack (IRE)"	"7.00"	"9.8"	"Handicap"	"7"	"13"	"Sousa, Silvestre De"	"Brown, A D"	"5f "	"5"	"18"	"7"	"8"
"14:15:00"	"2009-05-04"	"Newcastle"	"Morocchius (USA)"	"11.00"	"12.96"	"Claimer"	"15"	"15"	"Murphy, M J"	"Camacho, Miss J A"	"7f "	"6"	"178"	"9"	"11"
"17:20:00"	"2009-05-03"	"Hamilton"	"Thunder Bay"	"14.00"	"14.38"	"Handicap"	"11"	"14"	"Hanagan, Paul"	"Fahey, R A"	"6f "	"5"	"30"	"10"	"12"
"19:15:00"	"2009-05-02"	"Doncaster"	"Victorian Bounty"	"33.00"	"49.21"	"Handicap"	"9"	"12"	"Fenton, Micky"	"Liddiard, Stef"	"6f "	"3"	"15"	"9"	"10"
"17:45:00"	"2009-05-02"	"Goodwood"	"Spirit Of Sharjah (IRE)"	"11.00"	"11.18"	"Handicap"	"6"	"9"	"Baker, George"	"Feilden, Miss J"	"5f "	"3"	"16"	"11"	"12"
"18:30:00"	"2009-04-30"	"Yarmouth"	"Yakama (IRE)"	"33.00"	"98.26"	"Maiden"	"6"	"7"	"Egan, John"	"Dunnett, Mrs C A"	"1m "	"6"	"7"	"8"	"16"
"14:45:00"	"2009-04-30"	"Folkestone"	"Bilboa"	"25.00"	"32"	"Maiden"	"12"	"12"	"Kirby, Adam"	"Bradley, J M"	"5f "	"5"	"139"	"10"	"13"
"13:55:00"	"2009-04-25"	"Leicester"	"Sparton Duke (IRE)"	"10.00"	"14.85"	"Handicap"	"5"	"13"	"Fanning, Joe"	"Ryan, K A"	"6f "	"4"	"197"	"7"	"11"
"18:00:00"	"2009-04-18"	"Nottingham"	"Richardthesecond (IRE)"	"33.00"	"38"	"Handicap"	"12"	"15"	"McLaughlin, T G"	"Brisbourne, W M"	"5f "	"6"	"14"	"9"	"12"
"16:00:00"	"2009-04-13"	"Yarmouth"	"Zeffirelli"	"10.00"	"14.73"	"Handicap"	"5"	"16"	"Kelly, Shane"	"Quinn, M"	"7f "	"6"	"12"	"4"	"12"
"15:50:00"	"2009-04-06"	"Windsor"	"Ten Down"	"3.50"	"5.5"	"Handicap"	"4"	"12"	"Dwyer, Martin"	"Quinn, M"	"5f "	"4"	"19"	"1"	"9"
"14:05:00"	"2009-04-04"	"Newcastle"	"Casino Night"	"50.00"	"84.78"	"Handicap"	"2"	"13"	"Heslop, Dean"	"Johnson, R"	"1m "	"4"	"23"	"9"	"14"
"14:05:00"	"2009-04-04"	"Newcastle"	"WeRe Delighted"	"8.00"	"12.34"	"Handicap"	"3"	"13"	"Gibbons, Graham"	"Walford, T D"	"1m "	"4"	"130"	"2"	"5"
"16:25:00"	"2009-03-31"	"Southwell"	"Orange Square (IRE)"	"8.00"	"11.78"	"Handicap"	"7"	"10"	"Hamilton, Tony"	"Barker, D W"	"5f "	"6"	"19"	"4"	"10"
"13:00:00"	"2009-01-15"	"Southwell"	"Whiskey Creek"	"5.50"	"8"	"Handicap"	"1"	"8"	"McHugh, B"	"Dwyer, C A"	"5f "	"6"	"10"	"1"	"9"
"13:00:00"	"2009-01-15"	"Southwell"	"Mystickhill (IRE)"	"8.00"	"10.5"	"Handicap"	"5"	"8"	"Mulrennan, Paul"	"Balding, J"	"5f "	"6"	"23"	"4"	"10"
"16:30:00"	"2008-10-27"	"Leicester"	"Prince Golan (IRE)"	"16.00"	"23.27"	"Handicap"	"12"	"13"	"Edwards, Alex"	"Unett, J W"	"7f "	"5"	"20"	"6"	"13"
"17:10:00"	"2008-10-16"	"Nottingham"	"Twosheetstothewind"	"14.00"	"19.17"	"Handicap"	"9"	"13"	"Winston, Robert"	"Dore, C R"	"5f "	"6"	"50"	"12"	"12"
"16:40:00"	"2008-10-11"	"Ascot"	"Lord Of The Reins (IRE)"	"16.00"	"21.05"	"Handicap"	"16"	"16"	"Jessop, Rosie"	"Given, J G"	"5f "	"4"	"11"	"11"	"14"
"13:45:00"	"2008-10-11"	"Ascot"	"Regal Parade"	"10.00"	"12"	"Non-Handicap"	"4"	"12"	"Carson, William"	"Nicholls, D"	"6f "	"1"	"21"	"1"	"27"
"16:50:00"	"2008-10-07"	"Folkestone"	"Haajes"	"1.20"	"2.46"	"Handicap"	"1"	"6"	"Dean, Tolley"	"Parr, S"	"5f "	"3"	"3"	"1"	"19"
"15:50:00"	"2008-10-04"	"Newmarket (Rowley)"	"Mias Boy"	"20.00"	"62.45"	"Handicap"	"23"	"28"	"Quinn, Jimmy"	"Dwyer, C A"	"1m1f "	"2"	"7"	"5"	"10"
"17:00:00"	"2008-09-28"	"Ascot"	"Mesbaah (IRE)"	"16.00"	"20"	"Handicap"	"8"	"9"	"Moriarty, Jamie"	"Fahey, R A"	"1m "	"2"	"32"	"6"	"10"
"15:40:00"	"2008-09-27"	"Ascot"	"Extraterrestrial"	"25.00"	"36.44"	"Handicap"	"21"	"29"	"Moriarty, Jamie"	"Fahey, R A"	"7f "	"2"	"28"	"3"	"14"
"15:45:00"	"2008-09-24"	"Goodwood"	"North South Divide (IRE)"	"8.50"	"10.71"	"Handicap"	"11"	"15"	"ONeill, Dane"	"Teal, R A"	"6f "	"4"	"20"	"7"	"13"
"17:20:00"	"2008-09-22"	"Leicester"	"Micky Mac (IRE)"	"4.00"	"5.2"	"Handicap"	"10"	"17"	"Davies, Matthew"	"Walford, T D"	"7f "	"5"	"63"	"6"	"11"
"15:10:00"	"2008-09-17"	"Beverley"	"King Of Swords (IRE)"	"16.00"	"21.24"	"Handicap"	"6"	"12"	"Tinkler, Kim"	"Tinkler, N"	"5f "	"5"	"2"	"1"	"11"
"16:00:00"	"2008-09-16"	"Haydock"	"Lap Of Honour (IRE)"	"33.00"	"46"	"Handicap"	"4"	"12"	"Quinn, Jimmy"	"Candlish, Jennie"	"6f "	"4"	"45"	"10"	"12"
"16:50:00"	"2008-09-15"	"Musselburgh"	"Botham (USA)"	"10.00"	"14"	"Handicap"	"3"	"11"	"Catlin, Chris"	"Goldie, J S"	"5f "	"5"	"19"	"4"	"11"
"15:00:00"	"2008-09-11"	"Laytown"	"Patrickswell (IRE)"	"14.00"	"21"	"Handicap"	"2"	"10"	"Geoghegan, C P"	"Callaghan, Marcus"	"6f "	"0"	"27"	"8"	"14"
"16:20:00"	"2008-09-10"	"Doncaster"	"Rasaman (IRE)"	"20.00"	"34"	"Handicap"	"2"	"20"	"Callan, N"	"Ryan, K A"	"5f "	"4"	"41"	"20"	"20"
"16:20:00"	"2008-09-10"	"Doncaster"	"Yungaburra (IRE)"	"33.00"	"46.76"	"Handicap"	"16"	"20"	"Beuzelin, Louis-Philippe"	"Parr, S"	"5f "	"4"	"14"	"8"	"15"
"16:30:00"	"2008-09-09"	"Beverley"	"Spoof Master (IRE)"	"5.50"	"7.2"	"Handicap"	"2"	"7"	"Dean, Tolley"	"Dore, C R"	"5f "	"5"	"13"	"1"	"12"
"19:20:00"	"2008-08-22"	"Hamilton"	"Makshoof (IRE)"	"8.00"	"11"	"Handicap"	"4"	"14"	"Lynch, Fergal"	"Ryan, K A"	"6f "	"4"	"40"	"5"	"9"
"15:10:00"	"2008-08-15"	"Nottingham"	"Violets Pride"	"14.00"	"17.72"	"Handicap"	"7"	"15"	"Tinkler, Kim"	"Tinkler, N"	"5f "	"6"	"10"	"8"	"12"
"14:50:00"	"2008-08-10"	"Leicester"	"Persian Fox (IRE)"	"20.00"	"31.44"	"Seller"	"12"	"12"	"Donohoe, Stephen"	"Juckes, A G"	"7f "	"5"	"20"	"9"	"11"
"14:40:00"	"2008-08-10"	"Redcar"	"Cadwell"	"28.00"	"34"	"Handicap"	"13"	"14"	"Callan, N"	"Pitt, T J"	"1m "	"6"	"118"	"6"	"9"
"17:35:00"	"2008-08-06"	"Yarmouth"	"Gee Ceffyl Bach"	"10.00"	"14.73"	"Handicap"	"4"	"8"	"Eddery, Charles"	"Guest, R C"	"7f "	"5"	"19"	"13"	"15"
"17:30:00"	"2008-08-05"	"Catterick"	"Fast Freddie"	"9.00"	"13.51"	"Handicap"	"2"	"12"	"Culhane, Tony"	"Parr, S"	"5f "	"6"	"19"	"5"	"17"
"15:50:00"	"2008-08-03"	"Newbury"	"Judge n Jury"	"5.00"	"5.5"	"Handicap"	"3"	"11"	"Hughes, Richard"	"Harris, R A"	"5f "	"4"	"11"	"2"	"11"
"16:30:00"	"2008-07-30"	"Redcar"	"Malguru"	"2.00"	"3.15"	"Handicap"	"6"	"18"	"Tylicki, Frederik"	"Foster, A G"	"1m "	"6"	"4"	"1"	"9"
"15:45:00"	"2008-07-21"	"Yarmouth"	"Punching"	"1.75"	"2.92"	"Handicap"	"8"	"8"	"Turner, Hayley"	"Kelleway, Miss Gay"	"6f "	"5"	"10"	"4"	"11"
"20:20:00"	"2008-07-19"	"Lingfield"	"Edge End"	"25.00"	"40"	"Handicap"	"9"	"14"	"Cray, Billy"	"Farrant, R A"	"6f "	"6"	"10"	"3"	"9"
"14:50:00"	"2008-07-17"	"Hamilton"	"Howards Tipple"	"5.00"	"7.2"	"Claimer"	"5"	"6"	"Eaves, Tom"	"Perratt, Miss L A"	"5f "	"6"	"5"	"3"	"8"
"14:15:00"	"2008-07-12"	"Dundalk"	"Step It Up (IRE)"	"10.00"	"15"	"Handicap"	"6"	"14"	"Cleary, R P"	"Halford, M"	"5f "	"0"	"35"	"15"	"23"
"14:15:00"	"2008-07-12"	"Dundalk"	"Ms Victoria (IRE)"	"7.00"	"10.5"	"Handicap"	"7"	"14"	"Heffernan, J A"	"Halford, M"	"5f "	"0"	"14"	"16"	"16"
"19:55:00"	"2008-06-28"	"Lingfield"	"Fairfield Princess"	"12.00"	"14.95"	"Handicap"	"5"	"7"	"ONeill, Dane"	"Saunders, M S"	"5f "	"5"	"24"	"1"	"12"
"14:45:00"	"2008-06-28"	"Newcastle"	"Baby Strange"	"9.00"	"14"	"Handicap"	"5"	"14"	"Mulrennan, Paul"	"Shaw, D"	"6f "	"2"	"34"	"4"	"13"
"20:25:00"	"2008-06-27"	"Newcastle"	"Darfour"	"9.00"	"12.17"	"Handicap"	"3"	"6"	"Tudhope, Daniel"	"Goldie, J S"	"1m "	"4"	"6"	"4"	"7"
"20:05:00"	"2008-06-27"	"Newmarket (July)"	"Wickedish"	"100.00"	"848.64"	"Non-Handicap"	"6"	"7"	"Atkinson, Toby"	"Gingell, M J"	"6f "	"3"	"10"	"12"	"13"
"15:40:00"	"2008-06-27"	"Folkestone"	"Music Box Express"	"3.00"	"4.97"	"Claimer"	"2"	"10"	"OBrien, Thomas"	"Baker, George"	"6f "	"6"	"39"	"6"	"13"
"18:45:00"	"2008-06-26"	"Leicester"	"Time Share (IRE)"	"33.00"	"42"	"Handicap"	"13"	"13"	"Hugo, Miss M"	"Wigham, M"	"5f "	"5"	"28"	"5"	"7"
"17:10:00"	"2008-06-25"	"Carlisle"	"Foxy Music"	"9.00"	"12.76"	"Handicap"	"4"	"12"	"Allan, David"	"Alston, E J"	"5f "	"4"	"15"	"4"	"13"
"20:50:00"	"2008-06-23"	"Chepstow"	"Exit Strategy (IRE)"	"11.00"	"16"	"Handicap"	"14"	"16"	"Probert, David"	"Harris, R A"	"6f "	"5"	"17"	"8"	"13"
"19:45:00"	"2008-06-21"	"Haydock"	"Feelin Foxy"	"12.00"	"14.59"	"Handicap"	"5"	"13"	"Guillambert, J-P"	"Given, J G"	"6f "	"5"	"12"	"9"	"13"
"15:05:00"	"2008-06-18"	"Ascot"	"Nans Joy (IRE)"	"40.00"	"49.42"	"Non-Handicap"	"7"	"13"	"McEvoy, Kerrin"	"ONeill, E J"	"1m "	"1"	"46"	"4"	"9"
"15:45:00"	"2008-06-16"	"Carlisle"	"Argentine (IRE)"	"20.00"	"25"	"Handicap"	"14"	"15"	"Mulrennan, Paul"	"Lungo, L"	"5f "	"5"	"21"	"14"	"15"
"18:55:00"	"2008-06-14"	"Lingfield"	"Metropolitan Chief"	"20.00"	"27.09"	"Handicap"	"16"	"18"	"Quinn, T"	"Burgoyne, P"	"7f "	"6"	"22"	"7"	"15"
"18:45:00"	"2008-06-14"	"Leicester"	"Nabra"	"33.00"	"52.67"	"Handicap"	"8"	"9"	"Lawson, Matthew"	"Brittain, M"	"6f "	"5"	"21"	"8"	"10"
"16:15:00"	"2008-06-14"	"Sandown"	"Toms Laughter"	"6.00"	"8.54"	"Handicap"	"6"	"10"	"Ghunowa, Kevin"	"Harris, R A"	"5f "	"4"	"11"	"1"	"11"
"15:20:00"	"2008-05-20"	"Beverley"	"Woqoodd"	"12.00"	"16.81"	"Handicap"	"12"	"16"	"Hanagan, Paul"	"Fahey, R A"	"5f "	"5"	"24"	"20"	"20"
"15:00:00"	"2008-05-12"	"Yarmouth"	"Djalalabad (FR)"	"33.00"	"65"	"Non-Handicap"	"4"	"14"	"Fanning, Joe"	"Dunnett, Mrs C A"	"7f "	"6"	"15"	"11"	"11"
"15:55:00"	"2008-05-10"	"Ascot"	"Esteem Machine (USA)"	"3.50"	"5.2"	"Handicap"	"7"	"10"	"Moore, Ryan"	"Teal, R A"	"6f "	"3"	"20"	"1"	"8"
"17:25:00"	"2008-05-04"	"Salisbury"	"Hart Of Gold"	"8.00"	"11.72"	"Handicap"	"5"	"18"	"Brotherton, Miss S"	"Harris, R A"	"7f "	"6"	"11"	"1"	"11"
"17:25:00"	"2008-05-04"	"Salisbury"	"Run For EdeS"	"33.00"	"40"	"Handicap"	"18"	"18"	"Gray, Miss L"	"Phelan, P M"	"7f "	"6"	"146"	"9"	"10"
"14:00:00"	"2008-03-24"	"Redcar"	"Miss Daawe"	"5.50"	"7.43"	"Handicap"	"2"	"13"	"Fanning, Joe"	"Ellison, B"	"5f "	"5"	"173"	"4"	"16"
"18:40:00"	"2008-03-19"	"Dundalk"	"Brave Falcon (IRE)"	"25.00"	"29"	"Maiden"	"3"	"13"	"Berry, F M"	"Temple, Leo J"	"5f "	"0"	"151"	"4"	"12"
"13:30:00"	"2007-12-14"	"Southwell"	"Phinerine"	"4.00"	"5.51"	"Handicap"	"4"	"12"	"Dean, Tolley"	"Foster, Miss J E"	"5f "	"6"	"3"	"2"	"8"
"14:35:00"	"2007-11-10"	"Doncaster"	"Advanced"	"8.00"	"0"	"Non-Handicap"	"9"	"13"	"Callan, N"	"Ryan, K A"	"6f "	"1"	"21"	"5"	"17"
"14:30:00"	"2007-11-09"	"Musselburgh"	"Sandwith"	"10.00"	"0"	"Handicap"	"5"	"14"	"Elliott, Andrew"	"Wainwright, J S"	"5f "	"4"	"25"	"1"	"10"
"13:35:00"	"2007-11-03"	"Newmarket (Rowley)"	"Super Frank (IRE)"	"12.00"	"0"	"Handicap"	"7"	"14"	"Dwyer, Martin"	"Akehurst, J"	"7f "	"4"	"13"	"4"	"13"
"14:25:00"	"2007-10-21"	"Curragh"	"Teachers Choice (IRE)"	"16.00"	"0"	"Handicap"	"4"	"21"	"Foley, Shane"	"McGuinness, Adrian"	"6f "	"0"	"16"	"2"	"14"
"17:20:00"	"2007-10-06"	"Redcar"	"Stonecrabstomorrow (IRE)"	"8.50"	"0"	"Handicap"	"6"	"15"	"Hamilton, Tony"	"Fahey, R A"	"5f "	"5"	"28"	"11"	"13"
"15:55:00"	"2007-10-06"	"Newmarket (Rowley)"	"Benandonner (USA)"	"100.00"	"0"	"Handicap"	"18"	"34"	"Davies, Matthew"	"Fahey, R A"	"1m1f "	"2"	"14"	"10"	"15"
"17:15:00"	"2007-10-04"	"Goodwood"	"Matterofact (IRE)"	"25.00"	"0"	"Handicap"	"8"	"9"	"Frost, Hadden"	"Saunders, M S"	"5f "	"5"	"8"	"12"	"12"
"16:55:00"	"2007-10-04"	"Newmarket (Rowley)"	"Titian Saga (IRE)"	"125.00"	"0"	"Handicap"	"12"	"15"	"Souza, Nelson De"	"Allen, C N"	"6f "	"2"	"121"	"10"	"14"
"17:40:00"	"2007-10-03"	"Newcastle"	"Mr Rooney (IRE)"	"5.50"	"0"	"Handicap"	"2"	"16"	"Nicholls, Adrian T"	"Nicholls, D"	"5f "	"6"	"7"	"2"	"10"
"16:20:00"	"2007-09-30"	"Ascot"	"Balthazaars Gift (IRE)"	"2.25"	"0"	"Non-Handicap"	"14"	"17"	"Fortune, Jimmy"	"Cumani, L M"	"6f "	"1"	"22"	"3"	"14"
"17:50:00"	"2007-09-26"	"Goodwood"	"Puskas (IRE)"	"25.00"	"0"	"Handicap"	"10"	"12"	"Block, Travis"	"Bradley, J M"	"5f "	"5"	"26"	"11"	"15"
"16:40:00"	"2007-09-21"	"Ayr"	"Sunrise Safari (IRE)"	"16.00"	"0"	"Handicap"	"4"	"26"	"Eaves, Tom"	"Semple, I"	"6f "	"2"	"20"	"3"	"14"
"14:55:00"	"2007-09-21"	"Ayr"	"Guest Connections"	"8.00"	"0"	"Handicap"	"9"	"14"	"Nicholls, Adrian T"	"Nicholls, D"	"5f "	"4"	"3"	"2"	"10"
"16:25:00"	"2007-09-07"	"Chepstow"	"Chalentina"	"7.00"	"0"	"Handicap"	"9"	"15"	"Mongan, Ian"	"Howling, P"	"7f "	"6"	"4"	"4"	"12"
"14:45:00"	"2007-08-31"	"Sandown"	"Musical Script (USA)"	"14.00"	"0"	"Handicap"	"5"	"15"	"McDonald, Frankie"	"Hamilton-Fairley, Mouse"	"5f "	"5"	"7"	"3"	"10"
"17:35:00"	"2007-08-24"	"Newcastle"	"Lambency (IRE)"	"5.00"	"0"	"Handicap"	"1"	"13"	"Bartley, Gary"	"Goldie, J S"	"6f "	"6"	"7"	"8"	"15"
"15:25:00"	"2007-08-22"	"Carlisle"	"Rainbow Bay"	"20.00"	"0"	"Handicap"	"15"	"15"	"Stainton, Michael J"	"Evans, P D"	"5f "	"4"	"15"	"6"	"10"
"19:10:00"	"2007-08-17"	"Catterick"	"Its Unbelievable (USA)"	"16.00"	"0"	"Claimer"	"6"	"15"	"Fenton, Micky"	"Midgley, P T"	"5f "	"6"	"9"	"5"	"11"
"17:05:00"	"2007-08-17"	"Newcastle"	"John Keats"	"2.50"	"0"	"Handicap"	"1"	"15"	"Tudhope, Daniel"	"Goldie, J S"	"6f "	"6"	"6"	"2"	"11"
"16:00:00"	"2007-08-17"	"Newcastle"	"Elusive Warrior (USA)"	"25.00"	"0"	"Handicap"	"17"	"17"	"Hamilton, Tony"	"Fahey, R A"	"7f "	"4"	"238"	"11"	"11"
"15:10:00"	"2007-08-15"	"Beverley"	"The History Man (IRE)"	"12.00"	"0"	"Handicap"	"5"	"9"	"Creighton, Shane"	"Mullineaux, M"	"5f "	"4"	"7"	"1"	"11"
"14:40:00"	"2007-08-12"	"Redcar"	"Spirit Of Coniston"	"25.00"	"0"	"Handicap"	"13"	"15"	"Ffrench, Royston"	"Teague, C J"	"6f "	"6"	"10"	"8"	"12"
"14:20:00"	"2007-08-12"	"Leicester"	"Finsbury"	"3.00"	"0"	"Seller"	"1"	"17"	"Baker, Amy"	"Feilden, Miss J"	"7f "	"6"	"44"	"5"	"15"
"13:45:00"	"2007-08-11"	"Ascot"	"China Cherub"	"6.00"	"0"	"Handicap"	"5"	"10"	"Darley, K"	"Hannon, R"	"6f "	"2"	"21"	"2"	"11"
"14:40:00"	"2007-08-02"	"Nottingham"	"Danjet (IRE)"	"50.00"	"0"	"Handicap"	"11"	"11"	"Donohoe, Stephen"	"Bradley, J M"	"5f "	"5"	"33"	"7"	"8"
"20:30:00"	"2007-07-28"	"Lingfield"	"Danawi (IRE)"	"11.00"	"0"	"Handicap"	"8"	"17"	"Catlin, Chris"	"Hoad, M R"	"7.5f "	"6"	"20"	"6"	"15"
"16:30:00"	"2007-07-24"	"Yarmouth"	"Capistrano"	"25.00"	"0"	"Handicap"	"13"	"15"	"Queally, T P"	"Sly, Mrs P"	"7f "	"5"	"40"	"5"	"15"
"15:45:00"	"2007-07-23"	"Ayr"	"Misphire"	"4.00"	"0"	"Handicap"	"5"	"7"	"Makin, Phillip"	"Dods, M"	"6f "	"4"	"21"	"3"	"9"
"15:45:00"	"2007-07-17"	"Beverley"	"Greek Secret"	"50.00"	"0"	"Handicap"	"9"	"15"	"Eaves, Tom"	"OReilly, J"	"5f "	"6"	"66"	"15"	"15"
"15:20:00"	"2007-07-15"	"Haydock"	"Miacarla"	"33.00"	"0"	"Handicap"	"8"	"10"	"Fentiman, Duran"	"Berry, A"	"6f "	"4"	"11"	"3"	"13"
"16:00:00"	"2007-07-14"	"Ascot"	"Lopinot (IRE)"	"20.00"	"0"	"Handicap"	"12"	"14"	"Dobbs, Pat"	"Makin, P J"	"7f "	"4"	"35"	"7"	"15"
"15:40:00"	"2007-06-30"	"Windsor"	"Lethal"	"33.00"	"0"	"Handicap"	"9"	"14"	"Mongan, Ian"	"Ivory, D K"	"6f "	"2"	"28"	"15"	"16"
"19:30:00"	"2007-06-23"	"Lingfield"	"Halfwaytoparadise"	"66.00"	"0"	"Handicap"	"13"	"15"	"Dean, Tolley"	"Turner, W G M"	"7.5f "	"5"	"10"	"13"	"14"
"20:45:00"	"2007-06-15"	"Chepstow"	"Ceredig"	"5.00"	"0"	"Handicap Maiden"	"7"	"13"	"Carson, William"	"Hiatt, P W"	"6f "	"5"	"2"	"9"	"14"
"19:00:00"	"2007-06-15"	"Chepstow"	"Mine The Balance (IRE)"	"25.00"	"0"	"Claimer"	"8"	"13"	"OBrien, Thomas"	"Manners, H J"	"7f "	"6"	"13"	"8"	"13"
"14:45:00"	"2007-06-12"	"Salisbury"	"Charlie Delta"	"2.50"	"0"	"Claimer"	"1"	"17"	"McEvoy, Kerrin"	"Boyle, J R"	"7f "	"5"	"12"	"1"	"10"
"17:00:00"	"2007-06-04"	"Leicester"	"Kineta (USA)"	"6.00"	"0"	"Handicap"	"4"	"6"	"Kirby, Adam"	"Muir, W R"	"7f "	"5"	"39"	"14"	"15"
"17:15:00"	"2007-06-02"	"Musselburgh"	"Shes Our Beauty (IRE)"	"8.00"	"0"	"Claimer"	"5"	"9"	"Donaghy, Patrick"	"Mason, S T"	"5f "	"6"	"23"	"2"	"18"
"17:15:00"	"2007-06-02"	"Musselburgh"	"Tombalina"	"33.00"	"0"	"Claimer"	"7"	"9"	"Harrison, Kelly"	"Teague, C J"	"5f "	"6"	"23"	"8"	"18"
"19:50:00"	"2007-06-01"	"Goodwood"	"Vegas Boys"	"2.00"	"0"	"Handicap"	"2"	"8"	"Drowne, Steve"	"Wigham, M"	"6f "	"5"	"2"	"1"	"15"
"17:20:00"	"2007-05-29"	"Redcar"	"Butterfly Bud (IRE)"	"5.00"	"0"	"Handicap Maiden"	"4"	"14"	"Hickey, Miss E"	"OReilly, J"	"6f "	"6"	"18"	"3"	"16"
"16:40:00"	"2007-05-29"	"Chepstow"	"Gracechurch (IRE)"	"12.00"	"0"	"Handicap"	"13"	"14"	"Baker, George"	"Hodges, R J"	"1m "	"5"	"13"	"10"	"14"
"14:40:00"	"2007-05-28"	"Redcar"	"Andorran (GER)"	"12.00"	"0"	"Seller"	"4"	"13"	"Mulrennan, Paul"	"Dickman, A"	"7f "	"6"	"25"	"4"	"15"
"18:55:00"	"2007-05-25"	"Tipperary"	"Ebenholz (IRE)"	"6.00"	"0"	"Handicap"	"1"	"18"	"McCullagh, N G"	"Harrington, Mrs John"	"5f "	"0"	"54"	"6"	"20"
"16:40:00"	"2007-05-25"	"Newmarket (Rowley)"	"Marbaa (IRE)"	"20.00"	"0"	"Handicap"	"7"	"16"	"Fitzsimons, Paul"	"Dow, S"	"1m "	"5"	"71"	"10"	"12"
"19:40:00"	"2007-05-21"	"Windsor"	"Going Skint"	"16.00"	"0"	"Claimer"	"3"	"12"	"Kirby, Adam"	"Wellings, M"	"6f "	"5"	"9"	"11"	"15"
"19:40:00"	"2007-05-21"	"Windsor"	"Task Complete"	"33.00"	"0"	"Claimer"	"8"	"12"	"Carson, Stephen"	"Auvray, Jean-Rene"	"6f "	"5"	"40"	"8"	"11"
"17:15:00"	"2007-05-19"	"Newmarket (Rowley)"	"Westport"	"7.00"	"0"	"Handicap"	"5"	"18"	"ODonohoe, D"	"Ryan, K A"	"6f "	"5"	"19"	"5"	"12"
"16:15:00"	"2007-05-19"	"Thirsk"	"Curtail (IRE)"	"7.50"	"0"	"Handicap"	"8"	"13"	"Eaves, Tom"	"Semple, I"	"6f "	"3"	"70"	"8"	"11"
"14:50:00"	"2007-05-15"	"Newcastle"	"Bold Tiger (IRE)"	"50.00"	"0"	"Claimer"	"14"	"14"	"Drury, Samuel"	"Waggott, Miss Tracy"	"1m "	"6"	"8"	"7"	"14"
"16:50:00"	"2007-05-07"	"Windsor"	"Regal Royale"	"20.00"	"0"	"Handicap"	"6"	"9"	"McCarthy, Adrian"	"Grayson, Peter"	"6f "	"4"	"12"	"11"	"11"
"15:20:00"	"2007-05-02"	"Ascot"	"Illustrious Blue"	"4.00"	"0"	"Non-Handicap"	"2"	"5"	"Doe, Paul"	"Knight, W J"	"1m "	"1"	"13"	"4"	"9"
"17:25:00"	"2007-04-26"	"Yarmouth"	"Canary Girl"	"66.00"	"0"	"Maiden"	"5"	"6"	"Mylonas, D"	"Dunnett, Mrs C A"	"6f "	"5"	"17"	"7"	"8"
"14:50:00"	"2007-04-17"	"Nottingham"	"Hotham"	"28.00"	"0"	"Handicap"	"7"	"14"	"Cosgrave, Pat"	"Wilson, N"	"5f "	"5"	"175"	"7"	"11"
"16:15:00"	"2007-04-16"	"Windsor"	"Nusoor (IRE)"	"12.00"	"0"	"Handicap"	"4"	"13"	"Mullen, Richard"	"Grayson, Peter"	"5f "	"4"	"49"	"2"	"12"
"13:20:00"	"2007-02-01"	"Southwell"	"Axis Shield (IRE)"	"40.00"	"0"	"Handicap"	"8"	"10"	"McCarthy, Adrian"	"Chapman, M C"	"5f "	"6"	"9"	"10"	"10"
"16:20:00"	"2006-10-12"	"Newmarket (Rowley)"	"Daniella"	"33.00"	"0"	"Non-Handicap"	"16"	"16"	"Ferris, Francis"	"Guest, Rae"	"6f "	"1"	"16"	"5"	"8"
"17:40:00"	"2006-10-09"	"Windsor"	"Pamir (IRE)"	"18.00"	"0"	"Handicap"	"1"	"16"	"Crowley, Jim"	"Chamings, P R"	"6f "	"5"	"122"	"10"	"13"
"15:45:00"	"2006-09-30"	"Newmarket (Rowley)"	"Fairmile"	"8.00"	"0"	"Handicap"	"18"	"33"	"Kirby, Adam"	"Swinburn, W R"	"1m1f "	"2"	"49"	"2"	"12"
"14:00:00"	"2006-09-27"	"Salisbury"	"Bank On Benny"	"8.00"	"0"	"Handicap"	"1"	"16"	"Buick, William"	"DArcy, P W"	"1m "	"6"	"31"	"4"	"14"
"17:40:00"	"2006-09-14"	"Yarmouth"	"Moon Forest (IRE)"	"4.50"	"0"	"Handicap"	"2"	"13"	"Moore, Ryan"	"Bradley, J M"	"6f "	"6"	"1"	"3"	"16"
"16:20:00"	"2006-09-13"	"Beverley"	"Throw The Dice"	"7.00"	"0"	"Handicap"	"8"	"13"	"Holland, Darryll"	"Barker, D W"	"5f "	"5"	"17"	"6"	"18"
"17:10:00"	"2006-09-11"	"Redcar"	"Bodden Bay"	"33.00"	"0"	"Handicap"	"13"	"17"	"Harrison, Kelly"	"Carroll, D"	"6f "	"5"	"35"	"12"	"15"
"17:20:00"	"2006-08-31"	"Salisbury"	"Lifes A Whirl"	"10.00"	"0"	"Handicap"	"12"	"12"	"Egan, John"	"Dunnett, Mrs C A"	"1m "	"5"	"31"	"7"	"9"
"20:00:00"	"2006-08-24"	"Redcar"	"Elkhorn"	"7.00"	"0"	"Handicap"	"1"	"16"	"Hamilton, Tony"	"Camacho, Miss J A"	"6f "	"6"	"6"	"6"	"15"
"15:10:00"	"2006-08-23"	"Hamilton"	"Joyeaux"	"10.00"	"0"	"Handicap"	"5"	"10"	"McGaffin, Derek"	"Hetherton, J"	"6f "	"5"	"9"	"4"	"12"
"16:40:00"	"2006-08-21"	"Ayr"	"Diamond Katie (IRE)"	"5.00"	"0"	"Handicap"	"3"	"10"	"Tinkler, Kim"	"Tinkler, N"	"6f "	"5"	"4"	"2"	"15"
"16:10:00"	"2006-08-18"	"Newcastle"	"Breaking Shadow (IRE)"	"7.00"	"0"	"Handicap"	"4"	"10"	"Makin, Phillip"	"Barron, T D"	"7f "	"4"	"15"	"8"	"10"
"16:10:00"	"2006-08-18"	"Newcastle"	"Red Chairman"	"16.00"	"0"	"Handicap"	"6"	"10"	"McGann, Declan"	"Johnson, R"	"7f "	"4"	"5"	"5"	"17"
"14:50:00"	"2006-08-12"	"Redcar"	"Looks Could Kill (USA)"	"18.00"	"0"	"Handicap"	"6"	"16"	"Nicholls, Adrian T"	"Alston, E J"	"7f "	"4"	"14"	"7"	"20"
"16:15:00"	"2006-08-06"	"Newbury"	"Conjecture (OLD)"	"4.50"	"0"	"Handicap"	"4"	"10"	"Ffrench, Royston"	"Bastiman, R"	"5f "	"4"	"13"	"2"	"7"
"17:35:00"	"2006-08-05"	"Thirsk"	"Beau Marche"	"25.00"	"0"	"Handicap"	"18"	"20"	"Goldsmith, Miss S"	"Margarson, G G"	"6f "	"6"	"7"	"11"	"18"
"15:05:00"	"2006-08-05"	"Goodwood"	"Gimasha"	"33.00"	"0"	"Handicap"	"23"	"27"	"Munro, Alan"	"Jarvis, W"	"6f "	"2"	"22"	"7"	"11"
"17:35:00"	"2006-08-03"	"Goodwood"	"Quality Street"	"8.00"	"0"	"Handicap"	"13"	"19"	"McEvoy, Kerrin"	"Butler, P"	"5f "	"3"	"13"	"6"	"11"
"14:30:00"	"2006-08-03"	"Carlisle"	"Zantero"	"50.00"	"0"	"Claimer"	"9"	"12"	"Mulrennan, Paul"	"Brisbourne, W M"	"6f "	"6"	"13"	"4"	"11"
"19:40:00"	"2006-07-29"	"Salisbury"	"Scutch Mill (IRE)"	"8.00"	"0"	"Claimer"	"3"	"5"	"Hughes, Richard"	"George, Karen"	"1m "	"5"	"30"	"6"	"9"
"18:30:00"	"2006-07-29"	"Lingfield"	"Diamond Heritage"	"50.00"	"0"	"Maiden"	"7"	"9"	"Fenton, Micky"	"Parr, S"	"7f "	"5"	"6"	"9"	"14"
"18:10:00"	"2006-07-29"	"Salisbury"	"Piano Man"	"22.00"	"0"	"Handicap"	"9"	"13"	"Durman, Miss Sarah-Jane"	"Fox, J C"	"1m "	"5"	"51"	"5"	"9"
"15:35:00"	"2006-07-25"	"Yarmouth"	"Mountain Pass (USA)"	"10.00"	"0"	"Handicap"	"4"	"15"	"Spencer, Jamie"	"Wallace, M J"	"5f "	"6"	"14"	"4"	"12"
"16:30:00"	"2006-07-22"	"Ripon"	"Kashtanka (IRE)"	"33.00"	"0"	"Handicap Maiden"	"10"	"20"	"Edmunds, Jason"	"Balding, J"	"6f "	"5"	"116"	"4"	"12"
"16:30:00"	"2006-07-22"	"Ripon"	"Madame Guillotine"	"100.00"	"0"	"Handicap Maiden"	"13"	"20"	"McKeown, Dean"	"Midgley, P T"	"6f "	"5"	"17"	"8"	"9"
"15:30:00"	"2006-07-06"	"Yarmouth"	"Favouring (IRE)"	"8.00"	"0"	"Handicap"	"7"	"9"	"McAuley, John"	"Chapman, M C"	"7f "	"5"	"9"	"2"	"15"
"17:10:00"	"2006-07-01"	"Newmarket (July)"	"Poker Player (IRE)"	"12.00"	"0"	"Handicap"	"15"	"18"	"Hamblett, Ashley"	"Bravery, G C"	"7f "	"5"	"11"	"7"	"12"
"14:45:00"	"2006-07-01"	"Newcastle"	"My Gacho (IRE)"	"10.00"	"0"	"Handicap"	"4"	"13"	"Makin, Phillip"	"Barron, T D"	"6f "	"2"	"8"	"2"	"7"
"15:30:00"	"2006-06-30"	"Folkestone"	"Diamond Josh"	"2.25"	"0"	"Claimer"	"4"	"11"	"Donohoe, Stephen"	"Evans, P D"	"6f "	"5"	"9"	"1"	"19"
"18:40:00"	"2006-06-21"	"Ripon"	"Underthemistletoe (IRE)"	"33.00"	"0"	"Seller"	"10"	"19"	"Coumbe, Mark"	"Barr, R E"	"6f "	"6"	"13"	"3"	"9"
"19:00:00"	"2006-06-16"	"Chepstow"	"Dorn Hill"	"66.00"	"0"	"Claimer"	"6"	"13"	"Doe, Paul"	"Bridgwater, D G"	"7f "	"6"	"11"	"10"	"17"
"15:05:00"	"2006-06-16"	"York"	"Niteowl Lad (IRE)"	"10.00"	"0"	"Handicap"	"11"	"15"	"Ffrench, Royston"	"Balding, J"	"5f "	"3"	"10"	"11"	"12"
"18:45:00"	"2006-06-14"	"Hamilton"	"Revien (IRE)"	"33.00"	"0"	"Handicap"	"12"	"14"	"Nolan, Mr J D"	"Tooth, Miss J R"	"6f "	"6"	"9"	"6"	"17"
"19:30:00"	"2006-06-05"	"Windsor"	"Countdown"	"25.00"	"0"	"Handicap"	"11"	"16"	"McEvoy, Kerrin"	"Camacho, Miss J A"	"6f "	"4"	"23"	"12"	"18"
"14:20:00"	"2006-06-03"	"Musselburgh"	"Grigorovitch (IRE)"	"5.00"	"0"	"Handicap"	"9"	"14"	"Eaves, Tom"	"Semple, I"	"5f "	"4"	"21"	"3"	"18"
"14:40:00"	"2006-05-29"	"Redcar"	"Green Pirate"	"4.50"	"0"	"Seller"	"2"	"15"	"Winston, Robert"	"Craggs, R"	"7f "	"6"	"16"	"5"	"13"
"14:10:00"	"2006-05-27"	"Haydock"	"Pivotals Princess (IRE)"	"5.00"	"0"	"Handicap"	"8"	"9"	"Mullen, Richard"	"McMahon, E S"	"5f "	"2"	"16"	"7"	"15"
"20:30:00"	"2006-05-18"	"Carlisle"	"Mill By The Stream"	"14.00"	"0"	"Handicap"	"15"	"16"	"Fenton, Micky"	"Midgley, P T"	"5f "	"6"	"19"	"5"	"13"
"17:05:00"	"2006-05-18"	"Salisbury"	"Simplify"	"20.00"	"0"	"Handicap"	"6"	"13"	"Keogh, R F"	"Jones, T M"	"7f "	"5"	"37"	"8"	"14"
"14:00:00"	"2006-05-12"	"Nottingham"	"Chantelles Dream"	"33.00"	"0"	"Handicap"	"15"	"16"	"Doyle, James"	"Doyle, Ms J S"	"6f "	"6"	"30"	"1"	"12"
"18:05:00"	"2006-05-10"	"Ripon"	"Lord Mayfair (USA)"	"100.00"	"0"	"Seller"	"15"	"16"	"Harrison, Kelly"	"Stokell, Miss A"	"6f "	"6"	"179"	"PU"	"11"
"16:00:00"	"2006-05-06"	"Goodwood"	"Fizzlephut (IRE)"	"7.00"	"0"	"Handicap"	"2"	"10"	"Fitzsimons, Paul"	"Tooth, Miss J R"	"5f "	"3"	"7"	"2"	"17"
"15:50:00"	"2006-05-06"	"Newmarket (Rowley)"	"Tanforan"	"25.00"	"0"	"Handicap"	"17"	"26"	"Henry, Matthew"	"McAuliffe, K"	"6f "	"2"	"5"	"2"	"14"
"15:10:00"	"2006-05-03"	"Nottingham"	"Pro Tempore"	"14.00"	"0"	"Handicap"	"14"	"17"	"Catlin, Chris"	"Pinder, David"	"5f "	"6"	"23"	"7"	"11"
"14:05:00"	"2006-05-01"	"Newcastle"	"Amazin"	"11.00"	"0"	"Claimer"	"3"	"16"	"Marshall, Jemma"	"Littmoden, N P"	"7f "	"6"	"19"	"9"	"16"
"19:55:00"	"2006-04-27"	"Yarmouth"	"Fasylitator (IRE)"	"3.00"	"0"	"Handicap"	"2"	"10"	"Egan, John"	"Ivory, D K"	"1m "	"5"	"15"	"6"	"15"
"15:15:00"	"2006-04-21"	"Newbury"	"Qadar (IRE)"	"11.00"	"0"	"Handicap"	"11"	"13"	"Callan, N"	"Littmoden, N P"	"5f "	"2"	"20"	"3"	"8"
"14:50:00"	"2006-04-17"	"Redcar"	"Second Reef"	"11.00"	"0"	"Handicap"	"18"	"18"	"Quinn, P M"	"Alston, E J"	"7f "	"5"	"98"	"3"	"11"
"15:30:00"	"2006-04-03"	"Southwell"	"Detonate"	"11.00"	"0"	"Handicap"	"6"	"12"	"Catlin, Chris"	"Dunnett, Mrs C A"	"5f "	"6"	"4"	"10"	"12"
"15:50:00"	"2006-03-25"	"Redcar"	"Pivotal Flame"	"4.50"	"0"	"Non-Handicap"	"4"	"13"	"Holland, Darryll"	"McMahon, E S"	"6f "	"1"	"161"	"7"	"15"
"12:50:00"	"2005-12-13"	"Southwell"	"Soul Provider (IRE)"	"7.50"	"0"	"Non-Handicap"	"1"	"12"	"Guillambert, J-P"	"Prodromou, G"	"5f "	"7"	"50"	"12"	"12"
"14:30:00"	"2005-12-06"	"Southwell"	"Tag Team (IRE)"	"40.00"	"0"	"Handicap"	"6"	"9"	"Eddery, Paul"	"Harris, John A"	"5f "	"2"	"10"	"3"	"9"
"15:45:00"	"2005-10-14"	"Newmarket (Rowley)"	"Kings Caprice"	"14.00"	"0"	"Handicap"	"12"	"23"	"Drowne, Steve"	"Geake, J A"	"7f "	"2"	"14"	"8"	"16"
"15:10:00"	"2005-10-11"	"Leicester"	"Shielaligh"	"14.00"	"0"	"Handicap Seller"	"5"	"16"	"Millman, James"	"Millman, B R"	"7f "	"6"	"46"	"5"	"8"
"16:40:00"	"2005-10-07"	"Newbury"	"Outer Hebrides"	"12.00"	"0"	"Handicap"	"4"	"18"	"Spencer, Jamie"	"Liddiard, Stef"	"7f "	"4"	"10"	"13"	"17"
"17:25:00"	"2005-09-29"	"Ayr"	"Wyatt Earp (IRE)"	"11.00"	"0"	"Handicap"	"6"	"18"	"Hanagan, Paul"	"Fahey, R A"	"6f "	"4"	"12"	"6"	"18"
"15:00:00"	"2005-09-24"	"Haydock"	"Rising Shadow (IRE)"	"12.00"	"0"	"Handicap"	"5"	"16"	"Mullen, Andrew"	"Barron, T D"	"6f "	"2"	"8"	"11"	"28"
"15:20:00"	"2005-09-21"	"Goodwood"	"Pine Bay"	"50.00"	"0"	"Handicap"	"F"	"20"	"Golam, Saleem"	"Gubby, B"	"6f "	"4"	"13"	"9"	"13"
"17:10:00"	"2005-09-15"	"Ayr"	"Trick Cyclist"	"7.00"	"0"	"Handicap"	"6"	"11"	"Gibson, Dale"	"Easterby, M W"	"5f "	"5"	"29"	"5"	"10"
"17:35:00"	"2005-09-14"	"Yarmouth"	"Flame Queen (OLD)"	"25.00"	"0"	"Handicap"	"11"	"20"	"Milczarek, Kirsty"	"Dunnett, Mrs C A"	"7f "	"6"	"17"	"10"	"13"
"15:05:00"	"2005-09-14"	"Sandown"	"Nebraska City"	"66.00"	"0"	"Claimer"	"7"	"10"	"Miles, Robert"	"Gubby, B"	"5f "	"5"	"41"	"9"	"15"
"16:50:00"	"2005-09-13"	"Yarmouth"	"First Dawn"	"50.00"	"0"	"Maiden"	"6"	"12"	"Fenton, Micky"	"Ivory, D K"	"6f "	"5"	"7"	"4"	"13"
"15:45:00"	"2005-09-04"	"Curragh"	"Koukalova (IRE)"	"8.00"	"0"	"Handicap"	"14"	"18"	"Manning, K J"	"Bolger, J S"	"6f "	"0"	"31"	"7"	"16"
"12:00:00"	"2005-09-03"	"Folkestone"	"Redbank (IRE)"	"25.00"	"0"	"Non-Handicap"	"14"	"14"	"Doe, Paul"	"Dow, S"	"7f "	"7"	"11"	"15"	"18"
"18:15:00"	"2005-09-01"	"Laytown"	"Taruskin (IRE)"	"8.00"	"0"	"Handicap"	"9"	"10"	"Cashman, Mr P"	"McAteer, Liam"	"7f "	"0"	"8"	"5"	"15"
"14:45:00"	"2005-08-29"	"Newcastle"	"Troodos Jet"	"100.00"	"0"	"Claimer"	"19"	"20"	"Mernagh, Dean"	"Hogg, K W"	"1m "	"6"	"2"	"10"	"11"
"16:30:00"	"2005-08-25"	"Musselburgh"	"Handsome Cross (IRE)"	"7.00"	"0"	"Handicap"	"12"	"13"	"Nicholls, Adrian T"	"Nicholls, D"	"5f "	"3"	"29"	"10"	"15"
"19:55:00"	"2005-08-22"	"Windsor"	"Extremely Rare (IRE)"	"6.50"	"0"	"Handicap"	"4"	"13"	"Fenton, Micky"	"Saunders, M S"	"6f "	"5"	"21"	"1"	"15"
"19:35:00"	"2005-08-20"	"Redcar"	"Nistaki (USA)"	"7.50"	"0"	"Non-Handicap"	"1"	"12"	"Sanders, Seb"	"Easterby, T D"	"6f "	"5"	"18"	"9"	"14"
"17:35:00"	"2005-08-19"	"Salisbury"	"Wychbury (USA)"	"3.50"	"0"	"Handicap"	"6"	"11"	"Fairley, Greg"	"Dalton, Heather"	"1m "	"5"	"1"	"3"	"18"
"19:15:00"	"2005-08-12"	"Newmarket (July)"	"Hoh Bleu Dee"	"22.00"	"0"	"Handicap"	"14"	"17"	"Egan, John"	"Keddy, T"	"1m "	"5"	"14"	"11"	"17"
"16:40:00"	"2005-08-12"	"Newcastle"	"Danzig River (IRE)"	"4.00"	"0"	"Handicap"	"3"	"8"	"McCabe, David"	"Nicholls, D"	"6f "	"4"	"14"	"3"	"15"
"15:10:00"	"2005-08-10"	"Beverley"	"La Vie Est Belle"	"25.00"	"0"	"Handicap"	"7"	"12"	"Nicholls, Adrian T"	"Nicholls, D"	"5f "	"4"	"12"	"12"	"15"
"15:25:00"	"2005-08-06"	"Newmarket (July)"	"Delphie Queen (IRE)"	"25.00"	"0"	"Handicap"	"11"	"17"	"Egan, John"	"Kirk, S"	"7f "	"2"	"111"	"6"	"8"
"16:30:00"	"2005-08-04"	"Yarmouth"	"King Egbert (FR)"	"6.50"	"0"	"Handicap Maiden"	"8"	"20"	"Dean, Tolley"	"Carroll, A W"	"6f "	"6"	"19"	"7"	"16"
"18:45:00"	"2005-07-29"	"Nottingham"	"Bluebok"	"3.50"	"0"	"Handicap"	"2"	"8"	"Jones, Lisa"	"Bradley, J M"	"5f "	"3"	"6"	"10"	"11"
"16:45:00"	"2005-07-29"	"Thirsk"	"Louisiade (IRE)"	"28.00"	"0"	"Handicap"	"10"	"15"	"Heslop, Dean"	"Ryan, K A"	"6f "	"4"	"21"	"14"	"16"
"15:45:00"	"2005-07-23"	"Newbury"	"Traytonic"	"6.50"	"0"	"Handicap"	"5"	"24"	"Fortune, Jimmy"	"Fanshawe, J R"	"7f "	"2"	"21"	"1"	"7"
"14:45:00"	"2005-07-23"	"Newcastle"	"Royal Awakening (IRE)"	"50.00"	"0"	"Claimer"	"7"	"18"	"Keogh, R F"	"Barr, R E"	"7f "	"6"	"25"	"8"	"9"
"20:55:00"	"2005-07-16"	"Lingfield"	"Clearing Sky (IRE)"	"16.00"	"0"	"Handicap"	"3"	"16"	"Ahern, Eddie"	"Boyle, J R"	"6f "	"6"	"11"	"10"	"12"
"18:40:00"	"2005-07-14"	"Doncaster"	"Ace Club"	"33.00"	"0"	"Handicap"	"20"	"20"	"Pickard, Paul"	"Hetherton, J"	"5f "	"6"	"21"	"13"	"14"
"16:50:00"	"2005-07-14"	"Leicester"	"Linda Green"	"9.00"	"0"	"Handicap"	"5"	"15"	"Creighton, Edward"	"Channon, M R"	"6f "	"5"	"7"	"2"	"15"
"19:45:00"	"2005-07-08"	"Chepstow"	"Indigo Sky (IRE)"	"33.00"	"0"	"Handicap"	"13"	"16"	"Egan, John"	"Powell, B G"	"1m "	"5"	"10"	"5"	"7"
"13:20:00"	"2005-07-05"	"Newmarket (July)"	"Kamanda Laugh"	"16.00"	"0"	"Handicap"	"1"	"19"	"Hills, Michael"	"Hills, B W"	"1m "	"3"	"38"	"12"	"13"
"13:20:00"	"2005-07-05"	"Newmarket (July)"	"Denver (IRE)"	"40.00"	"0"	"Handicap"	"19"	"19"	"Fortune, Jimmy"	"Meehan, B J"	"1m "	"3"	"60"	"14"	"18"
"14:15:00"	"2005-06-28"	"Hamilton"	"Black Oval"	"8.00"	"0"	"Claimer"	"4"	"9"	"Spencer, Jamie"	"Polglase, M J"	"6f "	"6"	"7"	"9"	"16"
"21:20:00"	"2005-06-25"	"Doncaster"	"United Spirit (IRE)"	"16.00"	"0"	"Handicap"	"8"	"15"	"Mulrennan, Paul"	"OKeeffe, Jedd"	"7f "	"5"	"6"	"7"	"11"
"19:00:00"	"2005-06-24"	"Curragh"	"Point Calimere (IRE)"	"5.00"	"0"	"Handicap"	"6"	"18"	"McCullagh, N G"	"McAteer, Liam"	"5f "	"0"	"2"	"1"	"9"
"17:35:00"	"2005-06-17"	"Redcar"	"Weakest Link"	"6.50"	"0"	"Handicap Maiden"	"2"	"12"	"Gibbons, Graham"	"Alston, E J"	"5f "	"5"	"3"	"8"	"14"
"15:25:00"	"2005-06-12"	"Doncaster"	"Red Contact (USA)"	"33.00"	"0"	"Handicap"	"8"	"10"	"Halford, Marc"	"Poulton, Julian"	"1m "	"4"	"66"	"13"	"13"
"21:00:00"	"2005-06-11"	"Lingfield"	"Quincannon (USA)"	"11.00"	"0"	"Handicap"	"6"	"18"	"Kelly, Shane"	"Dore, C R"	"7f "	"6"	"7"	"6"	"15"
"16:20:00"	"2005-06-09"	"Yarmouth"	"Saintly Place"	"18.00"	"0"	"Handicap"	"13"	"19"	"Fitzpatrick, Robbie"	"Smith, C"	"6f "	"6"	"30"	"10"	"17"
"16:40:00"	"2005-06-04"	"Doncaster"	"Cantarna (IRE)"	"7.00"	"0"	"Handicap"	"6"	"15"	"Fanning, Joe"	"Mackie, J"	"7f "	"4"	"12"	"4"	"13"
"17:20:00"	"2005-06-01"	"Yarmouth"	"Lady Mo"	"16.00"	"0"	"Handicap"	"8"	"11"	"McCarthy, Adrian"	"Margarson, G G"	"7f "	"5"	"44"	"14"	"16"
"15:30:00"	"2005-06-01"	"Newcastle"	"Sir Ernest (IRE)"	"20.00"	"0"	"Claimer"	"9"	"14"	"Fletcher, L"	"Shaw, D"	"5f "	"6"	"18"	"15"	"17"
"17:10:00"	"2005-05-31"	"Redcar"	"Borodinsky"	"10.00"	"0"	"Handicap Maiden"	"11"	"19"	"Davies, Mrs V"	"Barr, R E"	"6f "	"6"	"8"	"7"	"13"
"19:10:00"	"2005-05-28"	"Lingfield"	"Miss Madame (IRE)"	"5.00"	"0"	"Handicap"	"6"	"8"	"Ahern, Eddie"	"Guest, R"	"7f "	"5"	"34"	"5"	"13"
"17:10:00"	"2005-05-21"	"Haydock"	"Convince (USA)"	"14.00"	"0"	"Handicap"	"1"	"11"	"Kingscote, Richard"	"Buckley, M A"	"5f "	"5"	"25"	"6"	"12"
"17:05:00"	"2005-05-20"	"Newmarket (Rowley)"	"Gravardlax"	"25.00"	"0"	"Handicap"	"10"	"12"	"Banks, Mr J"	"McHale, Miss D A"	"1m2f "	"5"	"6"	"4"	"16"
"16:00:00"	"2005-05-20"	"Newmarket (Rowley)"	"The Fun Merchant"	"7.00"	"0"	"Handicap"	"16"	"16"	"Quinn, Jimmy"	"Pearce, J"	"1m "	"5"	"15"	"1"	"11"
"14:20:00"	"2005-05-18"	"Southwell"	"Shadow Jumper (IRE)"	"6.50"	"0"	"Non-Handicap"	"1"	"12"	"Catlin, Chris"	"Attwater, M J"	"5f "	"7"	"9"	"9"	"14"
"16:45:00"	"2005-05-14"	"Thirsk"	"Wanchai Lad"	"14.00"	"0"	"Handicap"	"1"	"19"	"Nicholls, Adrian T"	"Nicholls, D"	"5f "	"4"	"7"	"13"	"17"
"17:00:00"	"2005-05-10"	"Yarmouth"	"Piccleyes"	"20.00"	"0"	"Handicap"	"12"	"16"	"Fletcher, L"	"Polglase, M J"	"6f "	"6"	"29"	"8"	"12"
"15:20:00"	"2005-05-10"	"Musselburgh"	"Beamsley Beacon"	"6.50"	"0"	"Non-Handicap"	"6"	"17"	"Makin, Phillip"	"Dods, M"	"5f "	"7"	"15"	"10"	"13"
"18:10:00"	"2005-05-06"	"Hamilton"	"Insubordinate"	"16.00"	"0"	"Non-Handicap"	"5"	"12"	"Goldie, Mr G"	"Goldie, J S"	"6f "	"6"	"5"	"7"	"15"
"15:55:00"	"2005-05-05"	"Folkestone"	"Kensington (IRE) (OLD)"	"25.00"	"0"	"Handicap"	"13"	"13"	"Catlin, Chris"	"Guest, R"	"6f "	"5"	"12"	"14"	"18"
"14:40:00"	"2005-04-29"	"Nottingham"	"Miskina"	"33.00"	"0"	"Handicap"	"10"	"14"	"Swarbrick, Ben"	"Brisbourne, W M"	"6f "	"5"	"161"	"10"	"12"
"17:55:00"	"2005-04-26"	"Yarmouth"	"Burkees Graw (IRE)"	"33.00"	"0"	"Non-Handicap"	"13"	"16"	"Mernagh, Dean"	"Lamyman, Mrs S"	"7f "	"7"	"7"	"6"	"12"
"13:50:00"	"2005-04-20"	"Epsom"	"Whos Winning (IRE)"	"10.00"	"0"	"Handicap"	"8"	"12"	"Quinn, T"	"Powell, B G"	"5f "	"3"	"33"	"2"	"8"
"14:15:00"	"2005-04-19"	"Folkestone"	"Mugeba"	"12.00"	"0"	"Handicap"	"2"	"14"	"Rutter, Alan"	"Kelleway, Miss Gay"	"6f "	"6"	"82"	"9"	"12"
"14:15:00"	"2005-04-19"	"Folkestone"	"Star Fern"	"66.00"	"0"	"Handicap"	"13"	"14"	"Harman, L"	"Cowell, R M H"	"6f "	"6"	"97"	"13"	"13"
"14:20:00"	"2005-04-01"	"Doncaster"	"Arkholme"	"20.00"	"0"	"Handicap"	"13"	"22"	"Keniry, L P"	"Winkworth, P"	"1m "	"2"	"137"	"5"	"10"
"14:30:00"	"2004-10-23"	"Curragh"	"Neeze"	"14.00"	"0"	"Handicap"	"8"	"16"	"Cleary, R P"	"Lynam, Edward"	"6f "	"0"	"7"	"5"	"12"
"15:30:00"	"2004-10-16"	"Cork"	"Amber Nectar Two"	"8.00"	"0"	"Handicap"	"4"	"12"	"Manning, K J"	"Loughnane, Daniel Mark"	"5f "	"0"	"43"	"4"	"9"
"11:45:00"	"2004-10-16"	"Yarmouth"	"Tokewanna"	"12.00"	"0"	"Non-Handicap"	"10"	"19"	"Supple, W J"	"Brisbourne, W M"	"1m "	"7"	"21"	"5"	"19"
"16:20:00"	"2004-10-15"	"Redcar"	"Dark Champion"	"22.00"	"0"	"Maiden"	"4"	"19"	"Swarbrick, Ben"	"Barr, R E"	"6f "	"4"	"49"	"10"	"15"
"17:40:00"	"2004-10-11"	"Leicester"	"Fiveoclock Express (IRE)"	"22.00"	"0"	"Handicap"	"11"	"20"	"Kirby, Adam"	"Kelleway, Miss Gay"	"7f "	"5"	"21"	"9"	"10"
"16:50:00"	"2004-10-11"	"Windsor"	"Oeuf A La Neige"	"7.00"	"0"	"Handicap"	"8"	"19"	"Urbina, Oscar"	"Chung, G C H"	"6f "	"5"	"3"	"5"	"19"
"15:00:00"	"2004-09-25"	"Ascot"	"Country Reel (USA)"	"7.00"	"0"	"Non-Handicap"	"5"	"12"	"Dettori, L"	"Suroor, Saeed Bin"	"6f "	"1"	"11"	"2"	"8"
"16:30:00"	"2004-09-20"	"Chepstow"	"Super Song"	"16.00"	"0"	"Non-Handicap"	"13"	"16"	"Ferris, Francis"	"Evans, P D"	"7f "	"6"	"11"	"19"	"20"
"16:55:00"	"2004-09-09"	"Chepstow"	"Arabian Knight (IRE)"	"100.00"	"0"	"Handicap"	"20"	"20"	"Havlin, Robert"	"Hodges, R J"	"7f "	"6"	"115"	"13"	"18"
"11:55:00"	"2004-09-04"	"Folkestone"	"Molotov"	"5.00"	"0"	"Non-Handicap"	"3"	"16"	"Gemelova, Natalia"	"McInnes, I W"	"6f "	"7"	"11"	"1"	"12"
"16:30:00"	"2004-09-03"	"Chepstow"	"Meelup (IRE)"	"33.00"	"0"	"Handicap"	"8"	"20"	"Slattery, Vince"	"Southcombe, Jane"	"7f "	"6"	"28"	"12"	"17"
"15:40:00"	"2004-09-02"	"Redcar"	"Silver Chime"	"16.00"	"0"	"Handicap"	"11"	"18"	"Sanders, Seb"	"Simcock, D M"	"6f "	"5"	"19"	"9"	"12"
"15:20:00"	"2004-08-22"	"Folkestone"	"Azreme"	"2.25"	"0"	"Non-Handicap"	"7"	"8"	"Howard, M"	"Ivory, D K"	"7f "	"5"	"4"	"2"	"13"
"16:45:00"	"2004-08-17"	"York"	"Chappel Cresent (IRE)"	"33.00"	"0"	"Handicap"	"19"	"19"	"Nicholls, Adrian T"	"Nicholls, D"	"6f "	"3"	"54"	"17"	"18"
"15:50:00"	"2004-08-17"	"Hamilton"	"Frimleys Matterry"	"25.00"	"0"	"Handicap"	"6"	"16"	"Mulrennan, Paul"	"Barr, R E"	"6f "	"5"	"10"	"1"	"20"
"19:30:00"	"2004-08-14"	"Goodwood"	"Craic Sa Ceili (IRE)"	"10.00"	"0"	"Handicap"	"8"	"13"	"Miles, Robert"	"Saunders, M S"	"6f "	"4"	"44"	"4"	"13"
"15:25:00"	"2004-08-13"	"Folkestone"	"Coranglais"	"8.00"	"0"	"Non-Handicap"	"5"	"7"	"Callan, N"	"Bradley, J M"	"6f "	"5"	"9"	"7"	"9"
"19:50:00"	"2004-08-07"	"Lingfield"	"My Girl Pearl (IRE)"	"8.00"	"0"	"Handicap"	"7"	"15"	"Miles, Robert"	"Saunders, M S"	"6f "	"6"	"19"	"1"	"12"
"16:20:00"	"2004-08-05"	"Chepstow"	"Ivy Moon"	"11.00"	"0"	"Handicap"	"5"	"8"	"Whitworth, Simon"	"Llewellyn, B J"	"1m "	"5"	"17"	"8"	"11"
"17:35:00"	"2004-07-28"	"Goodwood"	"Blessed Place"	"33.00"	"0"	"Handicap"	"12"	"22"	"McDonald, Frankie"	"Davis, D J S Ffrench"	"5f "	"4"	"3"	"5"	"18"
"15:15:00"	"2004-07-24"	"Newcastle"	"Tidy (IRE)"	"25.00"	"0"	"Handicap"	"4"	"13"	"Dalgleish, K"	"Hammond, Micky"	"7f "	"4"	"14"	"15"	"15"
"16:25:00"	"2004-07-08"	"Folkestone"	"Bahamian Belle"	"20.00"	"0"	"Handicap"	"5"	"5"	"Quinn, Jimmy"	"McEntee, P S"	"5f "	"5"	"16"	"9"	"12"
"21:35:00"	"2004-06-24"	"Hamilton"	"Mutayam"	"66.00"	"0"	"Handicap"	"6"	"8"	"Henry, Matthew"	"Nolan, D A"	"6f "	"5"	"255"	"10"	"21"
"16:00:00"	"2004-06-21"	"Musselburgh"	"Mystery Pips"	"12.00"	"0"	"Handicap"	"4"	"9"	"Tinkler, Kim"	"Tinkler, N"	"5f "	"5"	"12"	"11"	"19"
"15:05:00"	"2004-06-15"	"Ascot"	"Speed Cop"	"50.00"	"0"	"Non-Handicap"	"18"	"19"	"Hills, Michael"	"Balding, A M"	"5f "	"1"	"11"	"9"	"12"
"15:15:00"	"2004-06-10"	"Newbury"	"Pop Up Again"	"7.00"	"0"	"Handicap"	"9"	"10"	"Dettori, L"	"Swinbank, G A"	"1m "	"5"	"19"	"8"	"12"
"16:50:00"	"2004-06-02"	"Yarmouth"	"Ziet DAlsace (FR)"	"14.00"	"0"	"Handicap"	"12"	"20"	"Ryan, W"	"Carroll, A W"	"1m "	"6"	"6"	"12"	"16"
"15:10:00"	"2004-05-31"	"Redcar"	"Matriarchal"	"100.00"	"0"	"Seller"	"13"	"14"	"Tinkler, Kim"	"Incisa, Don Enrico"	"7f "	"6"	"174"	"13"	"14"
"17:00:00"	"2004-05-24"	"Beverley"	"Law Maker"	"8.00"	"0"	"Non-Handicap"	"3"	"20"	"Bramhill, J"	"Buckley, M A"	"5f "	"7"	"33"	"2"	"8"
"17:15:00"	"2004-05-21"	"Haydock"	"Valiant Romeo"	"4.50"	"0"	"Handicap"	"2"	"11"	"Golam, Saleem"	"Bastiman, R"	"5f "	"5"	"17"	"2"	"15"
"14:55:00"	"2004-05-15"	"Nottingham"	"Forever Phoenix"	"6.50"	"0"	"Non-Handicap"	"2"	"9"	"Doyle, Brett"	"Cowell, R M H"	"6f "	"1"	"8"	"1"	"12"
"20:45:00"	"2004-05-12"	"Newcastle"	"Tatweer (IRE)"	"3.50"	"0"	"Maiden"	"1"	"10"	"Winston, Robert"	"Shaw, D"	"5f "	"6"	"22"	"5"	"15"
"14:10:00"	"2004-04-20"	"Folkestone"	"Gun Salute"	"4.50"	"0"	"Handicap"	"14"	"15"	"Marshall, Jemma"	"Moore, Gary and Josh"	"6f "	"6"	"27"	"6"	"15"
"15:25:00"	"2004-04-13"	"Newmarket (Rowley)"	"Arctic Desert"	"20.00"	"0"	"Handicap"	"18"	"20"	"Dwyer, Martin"	"Balding, A M"	"7f "	"2"	"24"	"13"	"15"
"14:55:00"	"2004-04-12"	"Cork"	"Sun Slash (IRE)"	"14.00"	"0"	"Non-Handicap"	"8"	"8"	"Shanahan, P"	"Morgan, Ms Joanna"	"5f "	"0"	"183"	"13"	"13"
"16:40:00"	"2004-03-29"	"Newcastle"	"Raymonds Pride"	"33.00"	"0"	"Handicap"	"5"	"19"	"Fessey, Paul"	"Ryan, K A"	"6f "	"5"	"41"	"11"	"11"
"13:10:00"	"2004-02-17"	"Southwell"	"The Fisio"	"3.50"	"0"	"Handicap"	"6"	"11"	"Dwyer, Martin"	"Balding, A M"	"5f "	"4"	"27"	"5"	"10"
"13:00:00"	"2004-01-15"	"Southwell"	"Malahide Express (IRE)"	"20.00"	"0"	"Handicap"	"4"	"9"	"Fletcher, L"	"Polglase, M J"	"5f "	"4"	"19"	"7"	"15"
"14:20:00"	"2004-01-12"	"Southwell"	"Subtle Move (USA)"	"25.00"	"0"	"Non-Handicap"	"14"	"15"	"Fanning, Joe"	"Shaw, D"	"5f "	"7"	"16"	"11"	"13"
"14:50:00"	"2003-10-17"	"Newmarket (Rowley)"	"Vanderlin"	"33.00"	"0"	"Non-Handicap"	"10"	"14"	"Dwyer, Martin"	"Balding, A M"	"6f "	"1"	"12"	"4"	"9"
"17:10:00"	"2003-10-16"	"Newmarket (Rowley)"	"Fruit Of Glory"	"12.00"	"0"	"Handicap"	"3"	"16"	"Holland, Darryll"	"Jenkins, J R"	"5f "	"2"	"14"	"3"	"11"
"16:50:00"	"2003-10-14"	"Ayr"	"Alchemist Master"	"25.00"	"0"	"Handicap"	"11"	"24"	"Fenton, Micky"	"Whitaker, R M"	"6f "	"5"	"21"	"11"	"16"
"17:00:00"	"2003-10-13"	"Leicester"	"Emmervale"	"14.00"	"0"	"Handicap"	"13"	"19"	"Doyle, Brett"	"Cowell, R M H"	"6f "	"5"	"23"	"1"	"16"
"16:40:00"	"2003-10-12"	"Newcastle"	"Hills Of Gold (OLD)"	"11.00"	"0"	"Handicap"	"9"	"19"	"Gibson, Dale"	"Easterby, M W"	"7f "	"4"	"37"	"4"	"8"
"17:30:00"	"2003-10-06"	"Windsor"	"Esatto"	"33.00"	"0"	"Handicap"	"5"	"17"	"Nolan, D"	"Blockley, P A"	"6f "	"5"	"9"	"13"	"20"
"15:05:00"	"2003-10-04"	"Redcar"	"Fingal Nights (IRE)"	"16.00"	"0"	"Handicap"	"14"	"14"	"Carroll, John"	"ONeill, E J"	"1m "	"4"	"5"	"14"	"17"
"16:40:00"	"2003-10-02"	"Newmarket (Rowley)"	"Ringmoor Down"	"12.00"	"0"	"Handicap"	"2"	"11"	"ONeill, Dane"	"Arbuthnot, D W P"	"6f "	"2"	"26"	"9"	"17"
"15:30:00"	"2003-10-01"	"Navan"	"Memphis Raines (IRE)"	"10.00"	"0"	"Handicap"	"14"	"20"	"Queally, T P"	"Tyrrell, Eamon"	"5f "	"0"	"4"	"3"	"12"
"14:45:00"	"2003-09-30"	"Nottingham"	"High Ridge"	"33.00"	"0"	"Non-Handicap"	"6"	"20"	"Savage, M"	"Bradley, J M"	"6f "	"6"	"60"	"3"	"19"
"16:00:00"	"2003-09-27"	"Ripon"	"Aahgowangowan (IRE)"	"4.00"	"0"	"Handicap"	"3"	"20"	"Ffrench, Royston"	"Dods, M"	"6f "	"5"	"2"	"2"	"16"
"16:00:00"	"2003-09-27"	"Ripon"	"Lady Pekan"	"11.00"	"0"	"Handicap"	"12"	"20"	"Scallan, P J"	"McEntee, P S"	"6f "	"5"	"2"	"11"	"16"
"14:00:00"	"2003-09-27"	"Cork"	"Nathan Jones"	"8.00"	"0"	"Handicap"	"2"	"10"	"Cosgrave, Pat"	"Prendergast, P J"	"6f "	"0"	"8"	"2"	"11"
"15:35:00"	"2003-09-20"	"Ayr"	"Hidden Dragon (USA)"	"10.00"	"0"	"Handicap"	"7"	"26"	"Nolan, D"	"Blockley, P A"	"6f "	"2"	"26"	"4"	"8"
"14:10:00"	"2003-09-20"	"Newbury"	"Dubaian Gift"	"6.00"	"0"	"Non-Handicap"	"6"	"9"	"Dwyer, Martin"	"Balding, A M"	"5f "	"1"	"9"	"1"	"9"
"17:05:00"	"2003-09-15"	"Redcar"	"Jubilee Street (IRE)"	"25.00"	"0"	"Handicap"	"5"	"12"	"Treadwell, Liam"	"Nicholls, D"	"6f "	"5"	"7"	"10"	"19"
"16:30:00"	"2003-09-11"	"Doncaster"	"Dragon Flyer (IRE)"	"3.50"	"0"	"Non-Handicap"	"7"	"9"	"Drowne, Steve"	"Quinn, M"	"5f "	"1"	"42"	"2"	"9"
"15:20:00"	"2003-09-11"	"Chepstow"	"Queen Excalibur"	"33.00"	"0"	"Seller"	"9"	"18"	"Savage, M"	"Bradley, J M"	"1m "	"6"	"3"	"9"	"16"
"17:15:00"	"2003-09-09"	"Lingfield"	"Italian Mist (FR)"	"33.00"	"0"	"Maiden"	"5"	"14"	"Faulkner, G"	"Poulton, Julian"	"7f "	"4"	"19"	"9"	"10"
"16:35:00"	"2003-09-04"	"Redcar"	"Bailieborough (IRE)"	"8.00"	"0"	"Non-Handicap"	"8"	"11"	"Nicholls, Adrian T"	"Nicholls, D"	"7f "	"5"	"10"	"1"	"7"
"15:15:00"	"2003-09-04"	"Salisbury"	"Nellie Melba"	"5.00"	"0"	"Handicap"	"7"	"19"	"McKeown, Dean"	"Craig, Miss I E"	"7f "	"3"	"20"	"2"	"7"
"15:30:00"	"2003-08-27"	"Catterick"	"In The Green"	"50.00"	"0"	"Handicap"	"8"	"17"	"Mernagh, Dean"	"Quinn, J J"	"5f "	"6"	"364"	"15"	"16"
"15:15:00"	"2003-08-25"	"Epsom"	"Jayanjay"	"16.00"	"0"	"Handicap"	"2"	"8"	"Jones, Lisa"	"Sanders, Miss B"	"5f "	"2"	"5"	"4"	"5"
"13:20:00"	"2003-08-23"	"Beverley"	"Cut Ridge (IRE)"	"40.00"	"0"	"Handicap"	"19"	"19"	"Bradley, P"	"Wainwright, J S"	"5f "	"5"	"1"	"5"	"12"
"20:10:00"	"2003-08-22"	"Newcastle"	"Null And Void"	"66.00"	"0"	"Handicap"	"15"	"20"	"Gibson, Dale"	"Chapman, D W"	"6f "	"6"	"88"	"12"	"18"
"17:35:00"	"2003-08-20"	"Nottingham"	"Playful Spirit"	"20.00"	"0"	"Handicap"	"9"	"9"	"Nicholls, Adrian T"	"Bowring, S R"	"6f "	"4"	"3"	"3"	"18"
"15:05:00"	"2003-08-20"	"Lingfield"	"Millennium King"	"33.00"	"0"	"Handicap Seller"	"18"	"20"	"Catlin, Chris"	"Bradley, J M"	"6f "	"6"	"8"	"14"	"15"
"14:50:00"	"2003-08-10"	"Leicester"	"Mistral Sky"	"9.00"	"0"	"Seller"	"1"	"19"	"Robinson, Philip"	"Ingram, R"	"7f "	"6"	"10"	"6"	"15"
"14:50:00"	"2003-08-10"	"Leicester"	"Chantilly Gold (USA)"	"25.00"	"0"	"Seller"	"14"	"19"	"Dalgleish, K"	"Bradley, J M"	"7f "	"6"	"17"	"9"	"11"
"16:55:00"	"2003-08-09"	"Redcar"	"Eastern Blue (IRE)"	"9.00"	"0"	"Handicap"	"10"	"15"	"Duffield, G"	"Stubbs, Mrs L"	"6f "	"6"	"8"	"5"	"13"
"20:10:00"	"2003-08-08"	"Haydock"	"Seel Of Approval"	"1.50"	"0"	"Non-Handicap"	"1"	"7"	"Holland, Darryll"	"Charlton, Roger/Harry"	"6f "	"3"	"28"	"4"	"12"
"17:35:00"	"2003-08-01"	"Goodwood"	"Compton Dynamo"	"25.00"	"0"	"Handicap"	"17"	"21"	"Eddery, Pat"	"Musson, W J"	"6f "	"2"	"7"	"8"	"10"
"14:35:00"	"2003-07-27"	"Ascot"	"Eastern Hope (IRE)"	"33.00"	"0"	"Handicap"	"9"	"21"	"Winston, Robert"	"Stubbs, Mrs L"	"1m "	"3"	"23"	"5"	"11"
"15:10:00"	"2003-07-26"	"Ascot"	"Enchanted"	"50.00"	"0"	"Handicap"	"19"	"22"	"McCarthy, Adrian"	"Margarson, G G"	"7f "	"2"	"16"	"17"	"20"
"13:55:00"	"2003-07-26"	"Newcastle"	"Noul (USA)"	"3.33"	"0"	"Claimer"	"3"	"15"	"Robson, Miss P"	"Ryan, K A"	"7f "	"6"	"31"	"10"	"12"
"19:55:00"	"2003-07-25"	"Chepstow"	"Iced Diamond (IRE)"	"4.00"	"0"	"Handicap"	"8"	"15"	"Keniry, L P"	"Bradley, J M"	"7f "	"5"	"8"	"2"	"14"
"19:55:00"	"2003-07-25"	"Chepstow"	"Balerno"	"16.00"	"0"	"Handicap"	"12"	"15"	"Guillambert, J-P"	"Williams, S C"	"7f "	"5"	"15"	"11"	"12"
"19:45:00"	"2003-07-25"	"Newmarket (July)"	"Oases"	"7.00"	"0"	"Handicap"	"10"	"10"	"Supple, W J"	"Shaw, D"	"6f "	"3"	"24"	"6"	"13"
"19:45:00"	"2003-07-18"	"Hamilton"	"Funfair Wane"	"6.00"	"0"	"Handicap"	"7"	"14"	"Greaves, Alex"	"Nicholls, D"	"6f "	"2"	"55"	"8"	"11"
"14:10:00"	"2003-07-13"	"Haydock"	"Guns Blazing"	"9.00"	"0"	"Handicap"	"1"	"14"	"Miles, Robert"	"Haigh, Miss V"	"5f "	"4"	"6"	"6"	"13"
"14:40:00"	"2003-07-12"	"Nottingham"	"Praetorian Force"	"16.00"	"0"	"Seller"	"16"	"19"	"Culhane, Tony"	"Bradley, J M"	"6f "	"6"	"21"	"3"	"11"
"13:55:00"	"2003-07-12"	"York"	"Ballybunion (IRE) (OLD)"	"20.00"	"0"	"Handicap"	"11"	"16"	"Wands, Iona"	"Nicholls, D"	"6f "	"3"	"10"	"2"	"15"
"21:05:00"	"2003-07-07"	"Windsor"	"Border Artist"	"7.00"	"0"	"Handicap"	"12"	"17"	"Nicholls, Adrian T"	"Nicholls, D"	"6f "	"5"	"12"	"4"	"12"
"16:55:00"	"2003-07-05"	"Haydock"	"Diamond Ring"	"33.00"	"0"	"Handicap"	"5"	"18"	"Havlin, Robert"	"Candlish, Jennie"	"5f "	"5"	"11"	"16"	"20"
"14:55:00"	"2003-07-02"	"Catterick"	"Mr Spliffy (IRE)"	"8.00"	"0"	"Handicap"	"5"	"15"	"Williams, Darren"	"Burke, K R"	"5f "	"5"	"6"	"13"	"16"
"14:45:00"	"2003-06-23"	"Nottingham"	"Woodbury"	"7.00"	"0"	"Handicap"	"10"	"20"	"Miles, Robert"	"Burke, K R"	"6f "	"6"	"8"	"3"	"18"
"18:50:00"	"2003-06-21"	"Lingfield"	"Lord Of The East"	"14.00"	"0"	"Handicap"	"9"	"16"	"Corby, Dean"	"Howling, P"	"5f "	"5"	"9"	"5"	"5"
"18:15:00"	"2003-06-20"	"Newmarket (July)"	"Didnt Tell My Wife"	"8.00"	"0"	"Handicap"	"4"	"17"	"OHara, Slade"	"Wall, C F"	"1m "	"5"	"23"	"8"	"19"
"18:15:00"	"2003-06-20"	"Newmarket (July)"	"Voice Mail"	"12.00"	"0"	"Handicap"	"8"	"17"	"Block, Travis"	"Balding, A M"	"1m "	"5"	"11"	"7"	"10"
"15:30:00"	"2003-06-15"	"Salisbury"	"Ashdown Express (IRE)"	"1.50"	"0"	"Non-Handicap"	"2"	"6"	"Fortune, Jimmy"	"Wall, C F"	"6f "	"1"	"15"	"2"	"10"
"19:55:00"	"2003-06-02"	"Windsor"	"Prince Cyrano"	"20.00"	"0"	"Non-Handicap"	"2"	"11"	"Mullen, Richard"	"Musson, W J"	"6f "	"3"	"12"	"15"	"18"
"16:15:00"	"2003-05-26"	"Leicester"	"Acorazado (IRE)"	"25.00"	"0"	"Handicap"	"19"	"20"	"Woods, W"	"Haggas, W J"	"6f "	"5"	"2"	"14"	"18"
"16:25:00"	"2003-05-17"	"Thirsk"	"Branston Tiger"	"5.00"	"0"	"Handicap"	"1"	"18"	"Robinson, Philip"	"Given, J G"	"6f "	"3"	"12"	"6"	"20"
"14:30:00"	"2003-05-16"	"Nottingham"	"Dizzy In The Head"	"10.00"	"0"	"Non-Handicap"	"1"	"18"	"McCabe, David"	"OReilly, J"	"6f "	"5"	"24"	"5"	"20"
"19:10:00"	"2003-05-10"	"Thirsk"	"Sir Don (IRE)"	"9.00"	"0"	"Handicap"	"12"	"19"	"Nicholls, Adrian T"	"Nicholls, D"	"6f "	"5"	"19"	"8"	"20"
"16:45:00"	"2003-05-10"	"Lingfield"	"Prince Domino"	"25.00"	"0"	"Handicap"	"18"	"20"	"Marshall, Jemma"	"Moore, Gary and Josh"	"7f "	"5"	"7"	"13"	"16"
"14:55:00"	"2003-05-09"	"Carlisle"	"Adept"	"50.00"	"0"	"Non-Handicap"	"5"	"20"	"Goode, P"	"Fairhurst, C W"	"5f "	"6"	"97"	"11"	"11"
"17:30:00"	"2003-04-30"	"Ascot"	"Zafarshah (IRE)"	"14.00"	"0"	"Handicap"	"9"	"29"	"Holland, Darryll"	"Evans, P D"	"1m "	"4"	"19"	"2"	"16"
"15:15:00"	"2003-04-28"	"Hamilton"	"Noble Nick"	"12.00"	"0"	"Handicap"	"4"	"16"	"Greaves, Alex"	"Nicholls, D"	"6f "	"5"	"207"	"24"	"24"
"14:55:00"	"2003-04-22"	"Newcastle"	"Maktavish"	"11.00"	"0"	"Handicap"	"16"	"20"	"McGaffin, Derek"	"Semple, I"	"5f "	"4"	"33"	"14"	"20"
"16:45:00"	"2003-03-26"	"Nottingham"	"Quiet Times (IRE)"	"3.00"	"0"	"Handicap"	"3"	"20"	"Fallon, K"	"Ryan, K A"	"6f "	"5"	"15"	"1"	"15"
"16:45:00"	"2003-03-26"	"Nottingham"	"Magic Music (IRE)"	"10.00"	"0"	"Handicap"	"4"	"20"	"Egan, John"	"Dalton, Heather"	"6f "	"5"	"163"	"3"	"22"
"16:05:00"	"2003-03-22"	"Kempton"	"Dancehall Darcy"	"66.00"	"0"	"Maiden"	"4"	"12"	"Fortune, Jimmy"	"Charlton, A"	"6f "	"4"	"42"	"7"	"7"
 