RTime	Date	track	Qualifier	Odds_Numeric	Odds_Exchange	Race_Type	Position	Runners	Jockey	Trainer	Distance	Age	DaysSinceRun	
"10:45:00"	"2026-06-26"	"Doncaster"	"Auradue"	"33.00"	"63.19"	"Novices"	"4"	"8"	"Rawlinson, Ali"	"Bowring, S R"	"6f "	"4"	"41"
"19:00:00"	"2026-06-23"	"Newbury"	"Havana Halo"	"40.00"	"59.52"	"Handicap"	"11"	"12"	"Egan, John"	"Davis, D J S Ffrench"	"7f "	"4"	"259"
"20:20:00"	"2026-06-22"	"Windsor"	"Be An Angel"	"6.50"	"5.95"	"Handicap"	"5"	"12"	"Edmunds, Lewis"	"Millman, B R"	"5f "	"4"	"16"
"15:05:00"	"2026-06-21"	"Pontefract"	"Little Dorrit"	"10.00"	"11.86"	"Non-Handicap"	"5"	"9"	"Dawson, R"	"Varian, Roger"	"1m4f "	"4"	"268"
"14:56:00"	"2026-06-21"	"Brighton"	"Koko Blue"	"4.00"	"5.48"	"Handicap"	"3"	"9"	"Mitchell, Jack"	"Clover, Tom"	"1m4f "	"4"	"45"
"14:05:00"	"2026-06-21"	"Pontefract"	"Maui Breeze"	"11.00"	"14.5"	"Handicap"	"5"	"11"	"Beasley, Connor"	"Storey, W"	"6f "	"4"	"7"
"14:05:00"	"2026-06-21"	"Pontefract"	"Zivas Star"	"50.00"	"121.88"	"Handicap"	"7"	"11"	"Elliott, Andrew"	"Whitaker, Simon"	"6f "	"4"	"13"
"16:08:00"	"2026-06-20"	"Ayr"	"Fluorescence"	"18.00"	"31.8"	"Non-Handicap"	"4"	"15"	"Orr, Oisin"	"Bethell, Ed"	"5f "	"4"	"20"
"16:08:00"	"2026-06-20"	"Ayr"	"Rhyme Dust"	"5.50"	"8.6"	"Non-Handicap"	"PU"	"15"	"Crouch, Hector"	"Beckett, R M"	"5f "	"4"	"8"
"18:50:00"	"2026-06-18"	"Leopardstown"	"Smooth"	"12.00"	"16.3"	"Handicap"	"14"	"15"	"Mulligan, R M"	"Weld, Charles"	"1m1f "	"4"	"23"
"15:40:00"	"2026-06-17"	"Ascot"	"Carolina Jetstream"	"33.00"	"50.36"	"Non-Handicap"	"6"	"15"	"Moore, Ryan"	"Aguiar, Robson"	"1m "	"4"	"24"
"15:40:00"	"2026-06-17"	"Ascot"	"Falakeyah"	"22.00"	"25"	"Non-Handicap"	"10"	"15"	"Marquand, Tom"	"Burrows, Owen"	"1m "	"4"	"45"
"20:30:00"	"2026-06-16"	"Beverley"	"Mavetheforcebewivu"	"14.00"	"17.31"	"Handicap"	"2"	"8"	"McDonald, P J"	"Brown, A D"	"1m.5f "	"4"	"10"
"19:30:00"	"2026-06-16"	"Beverley"	"Indys Angel"	"33.00"	"55"	"Handicap"	"11"	"14"	"Brookes, Aiden"	"Kirby, P A"	"7.5f "	"4"	"26"
"17:35:00"	"2026-06-15"	"Chepstow"	"Desert Charm"	"7.00"	"9.8"	"Handicap"	"1"	"10"	"Bishop, Charles"	"Murphy, Mike"	"1m "	"4"	"39"
"17:35:00"	"2026-06-15"	"Chepstow"	"A Rose Adaay"	"10.00"	"14.69"	"Handicap"	"5"	"10"	"Carson, William"	"Harris, Miss G"	"1m "	"4"	"9"
"17:35:00"	"2026-06-15"	"Chepstow"	"Praise Indeed"	"18.00"	"20.24"	"Handicap"	"7"	"10"	"Dace, Jack"	"Muir, W R"	"1m "	"4"	"333"
"17:35:00"	"2026-06-15"	"Chepstow"	"Seconds Count"	"7.00"	"9.8"	"Handicap"	"9"	"10"	"Ryan, Rossa"	"Newland, Dr R D P"	"1m "	"4"	"14"
"17:05:00"	"2026-06-15"	"Chepstow"	"Scenario"	"7.50"	"9.25"	"Handicap"	"6"	"10"	"Fox, Kieren"	"Carroll, A W"	"1m "	"4"	"14"
"14:45:00"	"2026-06-15"	"Carlisle"	"Little Beck Annie"	"4.00"	"5.63"	"Handicap"	"1"	"8"	"Winn, Mark"	"Niven, P D"	"6f "	"4"	"39"
"16:57:00"	"2026-06-14"	"Salisbury"	"Lunanova"	"50.00"	"110"	"Handicap"	"6"	"13"	"Langley, Miss Taryn"	"Dace, L A"	"1m "	"4"	"26"
"16:48:00"	"2026-06-14"	"Cork"	"Bosphorus Rose"	"7.00"	"8.6"	"Non-Handicap"	"3"	"9"	"Keane, C T"	"Twomey, P"	"1m4f "	"4"	"206"
"14:30:00"	"2026-06-13"	"Bath"	"Scent Of May"	"40.00"	"65"	"Handicap"	"14"	"14"	"Currie, Nicola"	"Candy, H"	"5f "	"4"	"22"
"17:22:00"	"2026-06-11"	"Nottingham"	"Shes A Goldigger"	"3.33"	"5"	"Non-Handicap"	"3"	"9"	"Tubb, Olivia"	"Walford, Mark"	"6f "	"4"	"13"
"15:48:00"	"2026-06-10"	"Yarmouth"	"Skellig Isle"	"3.50"	"5.5"	"Handicap"	"4"	"9"	"Sousa, Silvestre De"	"McBride, P J"	"6f "	"4"	"16"
"20:30:00"	"2026-06-08"	"Pontefract"	"Satyress"	"6.00"	"8.4"	"Handicap"	"4"	"11"	"Bowen, S D"	"Bethell, Harriet"	"1m2f "	"4"	"272"
"20:30:00"	"2026-06-08"	"Pontefract"	"Nanny Park"	"33.00"	"80"	"Handicap"	"7"	"11"	"Sexton, Ryan"	"Ender, Miss S J"	"1m2f "	"4"	"31"
"20:30:00"	"2026-06-08"	"Pontefract"	"Sweet Cicely"	"66.00"	"118.41"	"Handicap"	"10"	"11"	"Hardie, Cameron"	"Sowersby, M E"	"1m2f "	"4"	"54"
"20:00:00"	"2026-06-08"	"Pontefract"	"Golden Samba"	"11.00"	"15.48"	"Handicap"	"7"	"12"	"Tubb, Olivia"	"De Giles, Ed"	"2m1f "	"4"	"21"
"17:10:00"	"2026-06-08"	"Leicester"	"Zivas Star"	"7.50"	"10.5"	"Non-Handicap"	"3"	"9"	"Elliott, Andrew"	"Whitaker, Simon"	"5f "	"4"	"23"
"17:10:00"	"2026-06-08"	"Leicester"	"Dottie Diamond"	"25.00"	"42.6"	"Non-Handicap"	"4"	"9"	"Jamin, Pierre-Louis"	"Stone, W B"	"5f "	"4"	"576"
"16:18:00"	"2026-06-08"	"Carlisle"	"Emery Down"	"2.25"	"3.6"	"Handicap"	"4"	"9"	"Beasley, Connor"	"Ryan, J"	"1m "	"4"	"19"
"16:00:00"	"2026-06-08"	"Leicester"	"Bridgefoot Rambler"	"150.00"	"427.54"	"Non-Handicap"	"9"	"13"	"Tindall, Ethan"	"Hanlon, Stephen"	"7f "	"4"	"49"
"14:15:00"	"2026-06-08"	"Carlisle"	"Surprised"	"7.50"	"10.5"	"Handicap"	"8"	"8"	"Young, Lauren"	"Smart, B"	"6f "	"4"	"21"
"16:02:00"	"2026-06-07"	"Navan"	"Syzygy"	"50.00"	"70.1"	"Non-Handicap"	"2"	"9"	"McCullagh, Scott"	"McLoughlin, Daniel"	"1m "	"4"	"20"
"21:00:00"	"2025-06-28"	"Doncaster"	"Bella Bisbee"	"11.00"	"13.11"	"Handicap"	"2"	"10"	"Costello, Dougie"	"Dunlop, E A L"	"1m "	"4"	"30"
"20:15:00"	"2025-06-24"	"Newbury"	"Byzantine Empress"	"9.00"	"11.91"	"Handicap"	"6"	"11"	"Marsh, Finley"	"OKeeffe, Jedd"	"7f "	"4"	"17"
"17:17:00"	"2025-06-23"	"Windsor"	"Exquisement"	"50.00"	"66.82"	"Handicap"	"8"	"14"	"Bradnam, Joe"	"Keady, Michael"	"6f "	"4"	"14"
"20:25:00"	"2025-06-21"	"Lingfield"	"Dizziwizzbang"	"100.00"	"290"	"Non-Handicap"	"8"	"9"	"Coughlan, Laura"	"Poulton, Camilla"	"7.5f "	"4"	"5"
"17:55:00"	"2025-06-21"	"Ayr"	"Rosy Affair"	"10.00"	"13"	"Non-Handicap"	"4"	"8"	"Stott, Kevin"	"Boughey, George"	"5f "	"4"	"50"
"17:55:00"	"2025-06-21"	"Ayr"	"Gutsy Girl"	"9.00"	"10.46"	"Non-Handicap"	"7"	"8"	"McDonogh, D P"	"OBrien, Joseph Patrick"	"5f "	"4"	"34"
"16:45:00"	"2025-06-21"	"Redcar"	"Ravishing Beauty"	"9.00"	"13.91"	"Handicap"	"4"	"12"	"Garritty, Jack"	"OKeeffe, Jedd"	"1m "	"4"	"25"
"20:20:00"	"2025-06-19"	"Wetherby"	"Lady Bouquet"	"14.00"	"19.82"	"Handicap"	"8"	"10"	"Egan, John"	"Kirby, P A"	"5.5f "	"4"	"12"
"14:15:00"	"2025-06-18"	"Hamilton"	"On The Bubble"	"25.00"	"28.18"	"Handicap"	"5"	"8"	"Dickson, Mr Jake"	"Rutherford, Gary"	"1m1f "	"4"	"20"
"20:45:00"	"2025-06-17"	"Beverley"	"Queen Roslyn"	"33.00"	"50"	"Handicap"	"8"	"10"	"Robinson, Ben"	"Ellison, B"	"1m2f "	"4"	"18"
"18:45:00"	"2025-06-17"	"Beverley"	"Carly Minogue"	"125.00"	"620"	"Maiden"	"6"	"10"	"Garritty, Jack"	"Walford, Mark"	"7.5f "	"4"	"13"
"17:05:00"	"2025-06-16"	"Chepstow"	"Sievier"	"40.00"	"90"	"Handicap"	"9"	"11"	"Probert, David"	"Channon, Jack"	"1m "	"4"	"291"
"15:45:00"	"2025-06-16"	"Carlisle"	"Catton Lady"	"2.75"	"4.4"	"Handicap"	"1"	"9"	"Garritty, Billy"	"Easterby, M W"	"1m "	"4"	"12"
"18:50:00"	"2025-06-14"	"Leicester"	"Albeyours"	"28.00"	"40.96"	"Non-Handicap"	"6"	"8"	"Costello, Dougie"	"Hollinshead, Steph"	"7f "	"4"	"14"
"15:08:00"	"2025-06-14"	"Bath"	"Fillys Last Lady"	"11.00"	"15.5"	"Handicap"	"1"	"10"	"Dawson, R"	"Burke, Kieran"	"5f "	"4"	"19"
"15:08:00"	"2025-06-14"	"Bath"	"Glamorous Joy"	"50.00"	"83.3"	"Handicap"	"9"	"10"	"Bennett, Charlie"	"Oshea, J G M"	"5f "	"4"	"32"
"19:44:00"	"2025-06-13"	"Cork"	"Magical Hope"	"3.00"	"4.8"	"Non-Handicap"	"1"	"10"	"Keane, C T"	"Twomey, P"	"1m4f "	"4"	"20"
"19:10:00"	"2025-06-10"	"Catterick"	"Clasina"	"4.00"	"5.81"	"Handicap"	"8"	"14"	"McDonald, P J"	"Scott, Miss Katie"	"7f "	"4"	"8"
"19:20:00"	"2025-06-09"	"Pontefract"	"Curious Mrs Fox"	"40.00"	"62.61"	"Handicap"	"9"	"10"	"Coughlan, Laura"	"Thompson, D W"	"1m2f "	"4"	"14"
"17:03:00"	"2025-06-09"	"Brighton"	"Spirit Charmer"	"80.00"	"150"	"Handicap"	"8"	"10"	"Hutchinson, Callum"	"Chamings, P R"	"7f "	"4"	"226"
"16:32:00"	"2025-06-09"	"Brighton"	"Twirler"	"33.00"	"37.48"	"Handicap"	"8"	"10"	"Currie, Nicola"	"Attwater, M J"	"7f "	"4"	"10"
"17:32:00"	"2024-06-29"	"Windsor"	"Darkened Edge"	"14.00"	"18"	"Handicap"	"3"	"8"	"Keenan, Darragh"	"Mason, Christopher"	"5f "	"4"	"21"
"17:10:00"	"2024-06-28"	"Yarmouth"	"Twilight Jazz"	"20.00"	"25"	"Non-Handicap"	"7"	"8"	"Wood, George"	"Charalambous, P"	"6f "	"4"	"13"
"19:00:00"	"2024-06-27"	"Leicester"	"Onemore Twomore"	"66.00"	"91.44"	"Handicap"	"8"	"8"	"Croot, Elle-May"	"Furtado, Ivan"	"1m4f "	"4"	"21"
"18:30:00"	"2024-06-27"	"Leicester"	"Love Is A Rose"	"10.00"	"12.5"	"Handicap"	"7"	"8"	"Loughnane, Mr Billy"	"Wigham, M"	"1m "	"4"	"14"
"18:00:00"	"2024-06-26"	"Naas"	"Akeela"	"9.00"	"13.5"	"Handicap"	"9"	"12"	"Coen, Ben M"	"Cahill, Mark"	"5f "	"4"	"42"
"19:15:00"	"2024-06-25"	"Newbury"	"Rich"	"10.00"	"12.5"	"Handicap"	"3"	"13"	"Dobbs, Pat"	"Hannon (Jnr), Richard"	"7f "	"4"	"48"
"19:00:00"	"2024-06-24"	"Bath"	"Close Of Play"	"25.00"	"31.03"	"Non-Handicap"	"8"	"8"	"Rooke, George"	"Usher, M D I"	"5f "	"4"	"20"
"15:30:00"	"2024-06-24"	"Thirsk"	"Equitys Darling"	"80.00"	"190"	"Handicap"	"5"	"13"	"Marshall, Tom Kiely"	"Camacho, Miss J A"	"5f "	"4"	"23"
"15:00:00"	"2024-06-24"	"Thirsk"	"Eternal Sunshine"	"6.00"	"8.51"	"Non-Handicap"	"1"	"18"	"Mulrennan, Paul"	"Goldie, J S"	"6f "	"4"	"11"
"16:05:00"	"2024-06-22"	"Limerick"	"Perfect Portrait"	"22.00"	"41.93"	"Non-Handicap"	"4"	"8"	"Sheehy, M P"	"OBrien, Joseph Patrick"	"1m4.5f "	"4"	"45"
"15:25:00"	"2024-06-22"	"Limerick"	"One Boss"	"6.00"	"7.9"	"Handicap"	"1"	"12"	"McDonogh, D P"	"McCreery, W"	"1m "	"4"	"39"
"16:45:00"	"2024-06-21"	"Redcar"	"Garifullina"	"33.00"	"48"	"Handicap Maiden"	"5"	"10"	"Waugh, Amie"	"Davies, J J"	"5f "	"4"	"14"
"13:45:00"	"2024-06-21"	"Redcar"	"Rockin Rosa"	"11.00"	"15.5"	"Handicap"	"12"	"14"	"Sullivan, James P"	"Carr, Mrs R A"	"7f "	"4"	"13"
"20:00:00"	"2024-06-20"	"Lingfield"	"Twilight Kiss"	"80.00"	"163.37"	"Non-Handicap"	"11"	"11"	"Hitchcott, Sam"	"Hoad, M R"	"7f "	"4"	"19"
"14:40:00"	"2024-06-20"	"Ripon"	"Canaria Queen"	"4.50"	"6.27"	"Handicap"	"3"	"10"	"Allan, David"	"Easterby, T D"	"6f "	"4"	"9"
"20:20:00"	"2024-06-19"	"Nottingham"	"Astronomica"	"7.50"	"9.57"	"Handicap"	"2"	"11"	"Wood, George"	"Scargill, Dr J D"	"1m.5f "	"4"	"31"
"20:20:00"	"2024-06-19"	"Nottingham"	"Cariad"	"22.00"	"26.81"	"Handicap"	"5"	"11"	"Muscutt, D"	"Scott, George"	"1m.5f "	"4"	"21"
"19:20:00"	"2024-06-19"	"Nottingham"	"Lillistar"	"50.00"	"96.66"	"Handicap"	"10"	"10"	"Gordon, Josephine"	"Hammond, Micky"	"1m2f "	"4"	"26"
"18:50:00"	"2024-06-19"	"Nottingham"	"Miss Brazen"	"14.00"	"16.39"	"Handicap"	"3"	"10"	"Russell, Harry"	"Easterby, M W"	"5f "	"4"	"32"
"17:25:00"	"2024-06-19"	"Hamilton"	"Pacos Pride"	"7.50"	"9.4"	"Handicap"	"2"	"10"	"Winn, Mark"	"Bourke, D F"	"1m1f "	"4"	"16"
"19:15:00"	"2024-06-18"	"Beverley"	"Penny Ghent"	"50.00"	"75.28"	"Handicap"	"6"	"11"	"Dennis, Phil"	"Whitaker, Simon"	"7.5f "	"4"	"25"
"15:30:00"	"2024-06-18"	"Catterick"	"Back Tomorrow"	"33.00"	"55"	"Handicap"	"9"	"9"	"Allan, David"	"Whillans, Ewan"	"5f "	"4"	"12"
"16:18:00"	"2024-06-17"	"Chepstow"	"Mintana"	"11.00"	"12.5"	"Handicap"	"2"	"14"	"Leavy, Mr Joe"	"Evans, H J"	"6f "	"4"	"10"
"16:18:00"	"2024-06-17"	"Chepstow"	"Destinys Spirit"	"5.50"	"8"	"Handicap"	"5"	"14"	"Mangan, Gina"	"Davis, D J S Ffrench"	"6f "	"4"	"20"
"16:18:00"	"2024-06-17"	"Chepstow"	"Miss Billie"	"12.00"	"15.44"	"Handicap"	"10"	"14"	"Crouch, Hector"	"Wigham, M"	"6f "	"4"	"25"
"15:00:00"	"2024-06-17"	"Carlisle"	"Jamies Choice"	"18.00"	"24"	"Handicap"	"8"	"9"	"Swift, Mr Dale"	"Waggott, Miss Tracy"	"6f "	"4"	"10"
"20:30:00"	"2024-06-15"	"Leicester"	"Princess Naomi"	"12.00"	"15.5"	"Non-Handicap"	"6"	"9"	"Coakley, Ross"	"Millman, B R"	"7f "	"4"	"41"
"18:18:00"	"2024-06-15"	"Leicester"	"Flight Of Angels"	"6.00"	"9.18"	"Handicap"	"7"	"8"	"Stott, Kevin"	"Johnston, Charlie"	"1m2f "	"4"	"9"
"16:35:00"	"2024-06-14"	"Chester"	"My Honey B"	"8.00"	"9.81"	"Handicap"	"2"	"9"	"Mulrennan, Paul"	"Easterby, M W"	"7.5f "	"4"	"21"
"20:45:00"	"2024-06-13"	"Musselburgh"	"Eternal Sunshine"	"18.00"	"22.45"	"Handicap"	"4"	"8"	"Mulrennan, Paul"	"Goldie, J S"	"5f "	"4"	"12"
"17:30:00"	"2024-06-13"	"Nottingham"	"Stintino Sunset"	"4.00"	"5.9"	"Handicap"	"2"	"11"	"Hogan, D E"	"Feilden, Miss J"	"1m2f "	"4"	"17"
"16:40:00"	"2024-06-13"	"Yarmouth"	"Mcs Wag"	"3.00"	"4.3"	"Non-Handicap"	"5"	"9"	"Fraser, Kaiya"	"Parr, Joseph"	"6f "	"4"	"10"
"20:00:00"	"2024-06-12"	"Limerick"	"Ferrari Desert"	"16.00"	"24.88"	"Handicap"	"10"	"16"	"Foley, Shane"	"Fahey, Mark"	"7f "	"4"	"49"
"16:30:00"	"2024-06-12"	"Yarmouth"	"Primrose Maid"	"40.00"	"72.18"	"Non-Handicap"	"9"	"14"	"Ffrench, Royston"	"Dunnett, Mrs C A"	"1m "	"4"	"16"
"16:30:00"	"2024-06-12"	"Yarmouth"	"Haaf A Diamond"	"3.33"	"5.01"	"Non-Handicap"	"11"	"14"	"Voikhansky, Alexander"	"Frost, Kevin"	"1m "	"4"	"16"
"19:30:00"	"2024-06-11"	"Wetherby"	"Three Beauz"	"33.00"	"48"	"Handicap"	"9"	"9"	"Mathers, Patrick"	"Menzies, Rebecca"	"5.5f "	"4"	"11"
"17:10:00"	"2024-06-10"	"Lingfield"	"Pending Appeal"	"50.00"	"76.4"	"Handicap"	"8"	"8"	"Hutchinson, Callum"	"Frost, Kevin"	"7f "	"4"	"30"
"16:55:00"	"2024-06-10"	"Carlisle"	"Tarjamah"	"66.00"	"110"	"Handicap"	"7"	"13"	"Eaves, Tom"	"Waggott, Miss Tracy"	"1m1f "	"4"	"7"
"15:40:00"	"2023-06-24"	"Ascot"	"Sandrine"	"50.00"	"82.74"	"Non-Handicap"	"14"	"16"	"Probert, David"	"Balding, A M"	"6f "	"4"	"28"
"15:34:00"	"2023-06-24"	"Ayr"	"Designer"	"9.00"	"11.52"	"Non-Handicap"	"8"	"10"	"Keenan, Darragh"	"Butler, John"	"5f "	"4"	"37"
"13:50:00"	"2023-06-23"	"Redcar"	"Stripzee"	"9.00"	"11"	"Handicap"	"9"	"9"	"Fentiman, Duran"	"Easterby, T D"	"7f "	"4"	"13"
"17:45:00"	"2023-06-22"	"Leopardstown"	"Sense Of Security"	"25.00"	"36"	"Handicap"	"11"	"14"	"Bird, Sean"	"Larkin, J"	"7f "	"4"	"19"
"16:45:00"	"2023-06-20"	"Thirsk"	"Lotus Rose"	"6.00"	"7.6"	"Handicap"	"1"	"8"	"Peate, Jonny"	"Fell, R / Murray, S"	"5f "	"4"	"39"
"20:05:00"	"2023-06-19"	"Windsor"	"Kanuhura"	"50.00"	"150"	"Non-Handicap"	"11"	"15"	"Dobie, Georgia"	"Mongan, Mrs L J"	"1m3.5f "	"4"	"13"
"16:00:00"	"2023-06-18"	"Salisbury"	"Vaunted"	"50.00"	"110"	"Handicap"	"6"	"8"	"Clutterbuck, Rhys"	"Oshea, J G M"	"6f "	"4"	"23"
"20:15:00"	"2023-06-16"	"Cork"	"Badinage"	"33.00"	"43.24"	"Handicap"	"16"	"22"	"Coen, Ben M"	"ONeill, E J"	"7f "	"4"	"15"
"17:10:00"	"2023-06-15"	"Yarmouth"	"Next Second"	"20.00"	"29.59"	"Non-Handicap"	"9"	"12"	"Fisher, Taylor"	"Carr, Mrs R A"	"6f "	"4"	"9"
"16:20:00"	"2023-06-15"	"Nottingham"	"Salta Resta"	"33.00"	"57.82"	"Handicap"	"3"	"8"	"Ingram, Rhiain B"	"Dartnall, V R A"	"6f "	"4"	"339"
"17:30:00"	"2023-06-14"	"Limerick"	"Danza Della Luna"	"7.00"	"10"	"Claimer"	"3"	"10"	"Bowen, S D"	"Hogan, Denis Gerard"	"1m3.5f "	"4"	"6"
"15:40:00"	"2023-06-13"	"Salisbury"	"Pearl Beauty"	"200.00"	"979.55"	"Novices"	"10"	"10"	"Clutterbuck, Rhys"	"Tizzard, Joe"	"7f "	"4"	"12"
"15:20:00"	"2023-06-10"	"Catterick"	"Stripzee"	"16.00"	"27.35"	"Handicap"	"7"	"13"	"Kirrane, Sean"	"Easterby, T D"	"7f "	"4"	"7"
"20:20:00"	"2023-06-09"	"Bath"	"Pretty Green"	"80.00"	"111.82"	"Handicap"	"7"	"9"	"Mangan, Gina"	"Bandey, R J"	"1m "	"4"	"331"
"15:40:00"	"2023-06-09"	"Thirsk"	"Miss Anaco"	"80.00"	"120"	"Handicap"	"6"	"9"	"Quinn, Jimmy"	"Bowring, S R"	"5f "	"4"	"25"
"15:00:00"	"2023-06-08"	"Hamilton"	"Wadacre Grace"	"16.00"	"24"	"Handicap"	"6"	"9"	"Fanning, Joe"	"Johnston, Charlie"	"1m1f "	"4"	"15"
"21:00:00"	"2023-06-06"	"Wetherby"	"Next Second"	"66.00"	"115.99"	"Handicap"	"3"	"10"	"Sullivan, James P"	"Carr, Mrs R A"	"5.5f "	"4"	"14"
"20:30:00"	"2023-06-06"	"Wetherby"	"Muddy Lynn"	"7.00"	"9.15"	"Handicap"	"7"	"8"	"Swift, Mr Dale"	"Spencer, Seb"	"7f "	"4"	"8"
"13:45:00"	"2022-06-24"	"Yarmouth"	"Red Evelyn"	"14.00"	"20.24"	"Handicap"	"3"	"9"	"Wright, Liam"	"Pearce, Simon"	"1m "	"4"	"13"
"21:00:00"	"2022-06-23"	"Hamilton"	"Elladora"	"9.00"	"11"	"Handicap"	"3"	"9"	"Dennis, Phil"	"Scott, Miss Katie"	"6f "	"4"	"10"
"19:45:00"	"2022-06-23"	"Leicester"	"Strangerontheshore"	"14.00"	"18.76"	"Handicap"	"1"	"10"	"McManoman, Faye"	"Tinkler, N"	"1m "	"4"	"10"
"19:00:00"	"2022-06-23"	"Hamilton"	"Earn Your Stripes"	"6.50"	"8.68"	"Handicap Seller"	"1"	"9"	"Allan, David"	"Smith, R Michael"	"5f "	"4"	"19"
"15:15:00"	"2022-06-20"	"Chepstow"	"Liberty Bay"	"10.00"	"15.14"	"Handicap"	"5"	"9"	"Francis, Isobel"	"Usher, M D I"	"5f "	"4"	"12"
"15:10:00"	"2022-06-18"	"Down Royal"	"In The Cheap Seats"	"10.00"	"11.18"	"Handicap"	"4"	"10"	"Doyle, Joe"	"Watson, R K"	"1m2.5f "	"4"	"21"
"19:20:00"	"2022-06-16"	"Leopardstown"	"Smaoineamh Sile"	"10.00"	"13"	"Handicap"	"1"	"18"	"McMonagle, Dylan B"	"McConnell, John C"	"1m1.5f "	"4"	"19"
"16:40:00"	"2022-06-16"	"Ripon"	"Country Charm"	"12.00"	"15.75"	"Handicap"	"8"	"10"	"Duern, J"	"Dixon, Scott"	"6f "	"4"	"24"
"18:40:00"	"2022-06-15"	"Ripon"	"Shes A Deva"	"14.00"	"19.2"	"Handicap"	"3"	"16"	"McManoman, Faye"	"Tinkler, N"	"5f "	"4"	"6"
"17:15:00"	"2022-06-15"	"Hamilton"	"Broadhaven"	"9.00"	"11"	"Non-Handicap"	"6"	"9"	"Mathers, Patrick"	"Smith, R Michael"	"1m1f "	"4"	"16"
"15:15:00"	"2022-06-13"	"Carlisle"	"Elladora"	"5.50"	"7.4"	"Handicap"	"6"	"10"	"Dennis, Phil"	"Scott, Miss Katie"	"6f "	"4"	"5"
"15:40:00"	"2022-06-12"	"Gowran Park"	"Shimla Rolann"	"16.00"	"21.31"	"Handicap"	"3"	"15"	"Keane, C T"	"McLoughlin, Hilary"	"1m "	"4"	"7"
"15:05:00"	"2022-06-12"	"Gowran Park"	"Cool Leader"	"9.00"	"14.75"	"Handicap"	"3"	"16"	"McDonogh, D P"	"McLoughlin, Hilary"	"1m "	"4"	"30"
"15:00:00"	"2022-06-11"	"Bath"	"Oriental Beauty"	"9.00"	"10"	"Handicap"	"7"	"9"	"Heard, Tyler"	"Wintle, A"	"1m "	"4"	"32"
"15:00:00"	"2022-06-11"	"Bath"	"Retrouvailles"	"5.50"	"8"	"Handicap"	"8"	"9"	"Wood, George"	"Gansera-Leveque, Mrs Ilka"	"1m "	"4"	"11"
"15:00:00"	"2022-06-11"	"Bath"	"Swiss Magic"	"50.00"	"98.56"	"Handicap"	"9"	"9"	"Currie, Nicola"	"Wintle, A"	"1m "	"4"	"200"
"15:10:00"	"2022-06-10"	"Chepstow"	"Jessie Pye"	"16.00"	"20.51"	"Handicap"	"10"	"12"	"Mangan, Gina"	"Oshea, J G M"	"5f "	"4"	"31"
"17:05:00"	"2022-06-09"	"Nottingham"	"Carmela Soprano"	"3.00"	"4.05"	"Handicap"	"6"	"8"	"Ghiani, Marco"	"Jenkins, J R"	"1m2.5f "	"4"	"19"
"17:00:00"	"2022-06-09"	"Yarmouth"	"Moonlit Cloud"	"7.50"	"11"	"Handicap"	"5"	"8"	"Bennett, Charlie"	"Ivory, D K"	"7f "	"4"	"20"
"16:00:00"	"2022-06-09"	"Nottingham"	"Shes A Deva"	"9.00"	"15"	"Handicap"	"7"	"11"	"Scott, Rowan"	"Tinkler, N"	"6f "	"4"	"15"
"16:00:00"	"2022-06-09"	"Nottingham"	"Lady Of Desire"	"28.00"	"51.97"	"Handicap"	"11"	"11"	"Peate, Jonny"	"Barclay, Stella"	"6f "	"4"	"276"
"16:48:00"	"2022-06-08"	"Yarmouth"	"Gossamer Silk"	"9.00"	"11.43"	"Handicap"	"6"	"12"	"Egan, David"	"Quinn, Denis P"	"6f "	"4"	"20"
"17:45:00"	"2022-06-05"	"Musselburgh"	"Talabaat"	"28.00"	"38.98"	"Non-Handicap"	"11"	"12"	"Doyle, Hollie"	"Watson, Archie"	"7f "	"4"	"36"
"16:40:00"	"2022-06-05"	"Listowel"	"Barnhill Rose"	"9.00"	"16"	"Handicap"	"6"	"15"	"Bowen, S D"	"Hogan, Denis Gerard"	"1m "	"4"	"13"
"16:40:00"	"2022-06-05"	"Listowel"	"Shimla Rolann"	"22.00"	"42"	"Handicap"	"14"	"15"	"Colgan, R C"	"McLoughlin, Hilary"	"1m "	"4"	"221"
"20:15:00"	"2021-06-26"	"Doncaster"	"Trinity Girl"	"18.00"	"23.62"	"Handicap"	"1"	"11"	"Hansen, Thore"	"Macey, Jessica"	"1m4f "	"4"	"25"
"16:00:00"	"2021-06-25"	"Doncaster"	"Aethon"	"300.00"	"1000"	"Novices"	"7"	"8"	"Scott, Rowan"	"Tinkler, N"	"1m2.5f "	"4"	"12"
"15:45:00"	"2021-06-25"	"Yarmouth"	"Cazeva Princess"	"33.00"	"67.26"	"Non-Handicap"	"1"	"13"	"Morris, Luke"	"Appleby, M"	"6f "	"4"	"8"
"15:45:00"	"2021-06-25"	"Yarmouth"	"Tilsworth Taibo"	"66.00"	"128.47"	"Non-Handicap"	"7"	"13"	"ONeill, K T"	"Jenkins, J R"	"6f "	"4"	"16"
"15:10:00"	"2021-06-25"	"Yarmouth"	"Willingly"	"7.00"	"10.61"	"Non-Handicap"	"1"	"12"	"Lewis, Owen"	"Usher, M D I"	"6f "	"4"	"24"
"15:10:00"	"2021-06-25"	"Yarmouth"	"Kelinda Dice"	"8.00"	"12"	"Non-Handicap"	"9"	"12"	"Bishop, Charles"	"Quinn, M"	"6f "	"4"	"16"
"15:10:00"	"2021-06-25"	"Yarmouth"	"Pearl Of India"	"16.00"	"20.67"	"Non-Handicap"	"10"	"12"	"Stammers, Oliver"	"Macey, Jessica"	"6f "	"4"	"209"
"15:10:00"	"2021-06-25"	"Yarmouth"	"Jazz Music"	"50.00"	"85"	"Non-Handicap"	"11"	"12"	"Queally, T P"	"Shaw, D"	"6f "	"4"	"9"
"13:00:00"	"2021-06-25"	"Yarmouth"	"Hyba"	"20.00"	"32"	"Handicap"	"4"	"9"	"Morris, Luke"	"Cowell, R M H"	"5f "	"4"	"8"
"13:00:00"	"2021-06-25"	"Yarmouth"	"Faregaan"	"66.00"	"136.95"	"Handicap"	"7"	"9"	"ONeill, K T"	"Dunnett, Mrs C A"	"5f "	"4"	"8"
"19:15:00"	"2021-06-24"	"Leicester"	"Sceptred Isle"	"5.50"	"8.33"	"Handicap"	"9"	"11"	"Osborne, Saffie"	"Candy, H"	"1m "	"4"	"13"
"19:00:00"	"2021-06-24"	"Hamilton"	"Grandads Best Girl"	"10.00"	"12.4"	"Handicap Seller"	"10"	"13"	"Wheatley, Zak"	"Perratt, Miss L A"	"5f "	"4"	"2"
"17:05:00"	"2021-06-22"	"Brighton"	"Shani"	"8.00"	"13.62"	"Handicap"	"6"	"8"	"Probert, David"	"Carroll, A W"	"6f "	"4"	"33"
"16:50:00"	"2021-06-22"	"Ayr"	"Grandads Best Girl"	"50.00"	"87.11"	"Handicap"	"5"	"9"	"Robinson, Ben"	"Perratt, Miss L A"	"6f "	"4"	"34"
"15:55:00"	"2021-06-22"	"Brighton"	"Golden Love"	"4.50"	"5.42"	"Handicap"	"2"	"11"	"Cosgrave, Pat"	"Chapple-Hyam, Jane"	"7f "	"4"	"22"
"14:55:00"	"2021-06-22"	"Beverley"	"Jean Mary"	"5.00"	"6.56"	"Handicap"	"5"	"9"	"Russell, Harry"	"Ellison, B"	"1m4f "	"4"	"24"
"17:40:00"	"2021-06-21"	"Ballinrobe"	"La Hacienda"	"12.00"	"15.09"	"Handicap"	"4"	"11"	"Ewing, Sam"	"Smith, Matthew J"	"1m1.5f "	"4"	"38"
"16:30:00"	"2021-06-21"	"Chepstow"	"Diamond Cottage"	"3.33"	"4.89"	"Handicap"	"2"	"12"	"Egan, John"	"Saunders, M S"	"6f "	"4"	"10"
"16:30:00"	"2021-06-21"	"Chepstow"	"Rhubarb"	"9.00"	"11.99"	"Handicap"	"3"	"12"	"Hutchinson, Callum"	"Price, R J"	"6f "	"4"	"16"
"20:20:00"	"2021-06-19"	"Lingfield"	"Rubee Forty"	"50.00"	"100"	"Handicap"	"4"	"9"	"Rooke, George"	"Bridger, J / Cook, R"	"7f "	"4"	"19"
"20:20:00"	"2021-06-19"	"Lingfield"	"Millicent"	"25.00"	"36.9"	"Handicap"	"5"	"9"	"Voikhansky, Alexander"	"Moore, Gary and Josh"	"7f "	"4"	"40"
"14:25:00"	"2021-06-19"	"Redcar"	"Willa"	"8.00"	"10.5"	"Handicap Maiden"	"2"	"10"	"Hart, Jason"	"Sowersby, M E"	"1m "	"4"	"16"
"14:25:00"	"2021-06-19"	"Redcar"	"Cindy Looper"	"33.00"	"37.46"	"Handicap Maiden"	"5"	"10"	"Mullen, Andrew"	"Whitaker, Simon"	"1m "	"4"	"18"
"14:25:00"	"2021-06-19"	"Redcar"	"Racy Stacey"	"4.50"	"6.07"	"Handicap Maiden"	"6"	"10"	"Mathers, Patrick"	"Hollinshead, Steph"	"1m "	"4"	"18"
"17:20:00"	"2021-06-17"	"Leopardstown"	"Lily Like"	"80.00"	"171.44"	"Handicap"	"9"	"15"	"Colgan, R C"	"Kinsella, Donal"	"7f "	"4"	"14"
"15:25:00"	"2021-06-17"	"Ripon"	"Cazeva Princess"	"100.00"	"180"	"Handicap"	"8"	"14"	"Hardie, Cameron"	"Appleby, M"	"6f "	"4"	"28"
"20:40:00"	"2021-06-15"	"Beverley"	"Under Your Breath"	"14.00"	"20.13"	"Handicap"	"11"	"14"	"Hamilton, Tony"	"Fitzgerald, T J"	"1m.5f "	"4"	"14"
"15:40:00"	"2021-06-15"	"Ascot"	"Glamorous Anna"	"250.00"	"574.79"	"Non-Handicap"	"16"	"16"	"Cox, William"	"Mason, Christopher"	"5f "	"4"	"45"
"18:30:00"	"2021-06-14"	"Windsor"	"Final Deal"	"22.00"	"32"	"Handicap"	"9"	"14"	"Currie, Nicola"	"Usher, M D I"	"6f "	"4"	"13"
"14:30:00"	"2021-06-14"	"Carlisle"	"Elspeth Rose"	"18.00"	"24"	"Handicap"	"7"	"11"	"Gray, S A"	"Barclay, Stella"	"6f "	"4"	"209"
"16:08:00"	"2021-06-13"	"Salisbury"	"Byzantia"	"8.00"	"11.72"	"Handicap"	"5"	"10"	"Marquand, Tom"	"Fellowes, Charlie"	"7f "	"4"	"11"
"16:00:00"	"2021-06-13"	"Gowran Park"	"Wand"	"40.00"	"84.91"	"Handicap"	"12"	"16"	"Colgan, R C"	"Smyth, Lee"	"1m "	"4"	"42"
"15:30:00"	"2021-06-13"	"Gowran Park"	"Dream Wisely"	"28.00"	"54.08"	"Handicap"	"12"	"16"	"Whelan, R P"	"Oliver, Andrew"	"1m "	"4"	"16"
"15:30:00"	"2021-06-13"	"Gowran Park"	"Georgia Peach"	"22.00"	"40.3"	"Handicap"	"15"	"16"	"Colgan, R C"	"Murphy, John Joseph"	"1m "	"4"	"7"
"14:45:00"	"2021-06-13"	"Doncaster"	"Aethon"	"250.00"	"1000"	"Maiden"	"8"	"10"	"Scott, Rowan"	"Tinkler, N"	"1m4f "	"4"	"354"
"19:05:00"	"2021-06-11"	"Fairyhouse"	"Oh So Chic"	"12.00"	"15.75"	"Handicap"	"3"	"17"	"Foley, Shane"	"Harrington, Mrs John"	"1m4f "	"4"	"10"
"17:00:00"	"2021-06-10"	"Nottingham"	"Corofin"	"6.50"	"8.6"	"Handicap"	"7"	"13"	"Carver, William"	"Bandey, R J"	"1m2f "	"4"	"37"
"17:00:00"	"2021-06-10"	"Nottingham"	"Little Miss Moo"	"66.00"	"160"	"Handicap"	"11"	"13"	"Mullen, Andrew"	"Kirby, P A"	"1m2f "	"4"	"31"
"15:00:00"	"2021-06-09"	"Yarmouth"	"Windrush Song"	"40.00"	"53.21"	"Handicap"	"6"	"10"	"Muscutt, D"	"Butler, John"	"1m3.5f "	"4"	"232"
"15:00:00"	"2021-06-09"	"Yarmouth"	"Closing Show"	"12.00"	"17.63"	"Handicap"	"7"	"10"	"Spencer, Jamie"	"Simcock, D M"	"1m3.5f "	"4"	"20"
"13:50:00"	"2021-06-09"	"Yarmouth"	"Twice As Likely"	"3.50"	"5.17"	"Handicap"	"4"	"12"	"Egan, David"	"Hughes, Richard"	"6f "	"4"	"9"
"13:50:00"	"2021-06-09"	"Yarmouth"	"Blue Cable"	"8.50"	"12.08"	"Handicap"	"7"	"12"	"Marquand, Tom"	"Attwater, M J"	"6f "	"4"	"19"
"13:50:00"	"2021-06-09"	"Yarmouth"	"Tilsworth Taibo"	"16.00"	"26.03"	"Handicap"	"10"	"12"	"Ghiani, Marco"	"Jenkins, J R"	"6f "	"4"	"32"
"13:50:00"	"2021-06-09"	"Yarmouth"	"Faregaan"	"50.00"	"48"	"Handicap"	"11"	"12"	"Walsh, E J"	"Dunnett, Mrs C A"	"6f "	"4"	"9"
"19:45:00"	"2021-06-08"	"Ayr"	"Clarity Bay"	"125.00"	"816.65"	"Handicap"	"12"	"13"	"Gormley, Jamie"	"Goldie, J S"	"7.5f "	"4"	"14"
"15:55:00"	"2021-06-06"	"Listowel"	"Georgia Peach"	"50.00"	"81.14"	"Handicap"	"9"	"15"	"Foley, Shane"	"Murphy, John Joseph"	"1m "	"4"	"18"
"17:45:00"	"2020-06-27"	"Curragh"	"Inhale"	"25.00"	"29.65"	"Non-Handicap"	"4"	"12"	"Hayes, C D"	"Bromhead, Henry De"	"1m "	"4"	"8"
"13:05:00"	"2020-06-27"	"Redcar"	"Hasili Filly"	"50.00"	"62.67"	"Handicap"	"10"	"10"	"Hardie, Cameron"	"Mullaney, L A"	"6f "	"4"	"211"
"12:30:00"	"2020-06-27"	"Redcar"	"Pattaya"	"33.00"	"44"	"Novices"	"8"	"11"	"Fentiman, Duran"	"Easterby, T D"	"6f "	"4"	"11"
"15:00:00"	"2020-06-24"	"Naas"	"Winterkoenigin"	"40.00"	"67.68"	"Handicap"	"11"	"18"	"Orr, Oisin"	"Weld, D K"	"1m "	"4"	"9"
"13:50:00"	"2020-06-24"	"Hamilton"	"Shesadabber"	"66.00"	"120"	"Handicap"	"1"	"10"	"Dennis, Phil"	"Mullineaux, M"	"5f "	"4"	"12"
"20:10:00"	"2020-06-23"	"Chepstow"	"Ocean Reach"	"200.00"	"401.49"	"Maiden"	"2"	"12"	"Rooke, George"	"Price, R J"	"1m2f "	"4"	"14"
"18:40:00"	"2020-06-23"	"Chepstow"	"Sonnetina"	"10.00"	"10.71"	"Handicap"	"7"	"10"	"Bishop, Charles"	"Coakley, D J"	"7f "	"4"	"16"
"18:40:00"	"2020-06-23"	"Chepstow"	"Diseys Edge"	"80.00"	"110"	"Handicap"	"9"	"10"	"Da Silva, Raul"	"Mason, Christopher"	"7f "	"4"	"204"
"16:15:00"	"2020-06-23"	"Beverley"	"Gloryella"	"200.00"	"500"	"Handicap"	"9"	"9"	"Sullivan, James P"	"Rothwell, B S"	"1m2f "	"4"	"227"
"16:55:00"	"2020-06-22"	"Thirsk"	"Waterfall"	"28.00"	"27.85"	"Handicap"	"11"	"13"	"Curtis, B A"	"Wadham, Mrs L"	"1m6f "	"4"	"273"
"15:45:00"	"2020-06-21"	"Redcar"	"Kermouster"	"5.00"	"6.33"	"Handicap"	"6"	"13"	"Lee, Clifford"	"Tuer, Grant"	"1m "	"4"	"14"
"15:10:00"	"2020-06-21"	"Leopardstown"	"Shorter Skirt"	"22.00"	"27"	"Handicap"	"8"	"16"	"Ryan, Gavin"	"Davison, Jack W"	"7f "	"4"	"13"
"12:15:00"	"2020-06-21"	"Redcar"	"Amber Lily"	"125.00"	"241.22"	"Handicap"	"9"	"11"	"McManoman, Faye"	"Williamson, Mrs L"	"5f "	"4"	"593"
"19:40:00"	"2020-06-20"	"Ripon"	"Pot Luck"	"50.00"	"78.74"	"Handicap"	"13"	"14"	"Dennis, Phil"	"Watt, Mrs S A"	"1m2f "	"4"	"227"
"17:35:00"	"2020-06-20"	"Ripon"	"Josiebond"	"16.00"	"17.9"	"Handicap"	"6"	"13"	"Scott, Rowan"	"Bastiman, Rebecca"	"6f "	"4"	"257"
"15:45:00"	"2020-06-19"	"Newmarket (Rowley)"	"Walk It Talk It"	"9.00"	"13.25"	"Handicap"	"3"	"8"	"Gordon, Josephine"	"Wall, C F"	"1m4f "	"4"	"317"
"18:30:00"	"2020-06-18"	"Redcar"	"Ideal Destiny"	"100.00"	"200"	"Handicap"	"12"	"13"	"Tutty, Gemma"	"Tutty, Mrs K J"	"7f "	"4"	"17"
"18:30:00"	"2020-06-16"	"Windsor"	"Gold At Midnight"	"7.00"	"10.5"	"Handicap"	"9"	"11"	"Shoemark, Kieran"	"Muir, W R"	"6f "	"4"	"12"
"17:20:00"	"2020-06-16"	"Thirsk"	"Klopp"	"20.00"	"25"	"Handicap"	"13"	"14"	"Hardie, Cameron"	"Brittain, Antony"	"5f "	"4"	"5"
"16:20:00"	"2020-06-16"	"Thirsk"	"See My Baby Jive"	"100.00"	"190.51"	"Maiden"	"3"	"11"	"Scott, Rowan"	"Whillans, D W"	"6f "	"4"	"350"
"16:10:00"	"2020-06-16"	"Ascot"	"Iconic Choice"	"125.00"	"192.41"	"Non-Handicap"	"4"	"10"	"Murphy, Oisin"	"Dascombe, Tom"	"1m "	"4"	"13"
"16:10:00"	"2020-06-16"	"Ascot"	"Posted"	"66.00"	"85"	"Non-Handicap"	"5"	"10"	"Levey, S M"	"Hannon (Jnr), Richard"	"1m "	"4"	"13"
"16:10:00"	"2020-06-16"	"Ascot"	"Jubiloso"	"3.00"	"4.51"	"Non-Handicap"	"10"	"10"	"Moore, Ryan"	"Stoute, Sir Michael"	"1m "	"4"	"290"
"19:55:00"	"2020-06-15"	"Chepstow"	"Moongazer"	"33.00"	"48.89"	"Handicap"	"9"	"10"	"Bryan, Joshua"	"Bradley, J M"	"1m "	"4"	"8"
"17:25:00"	"2020-06-15"	"Chepstow"	"Maerchengarten"	"7.50"	"10.87"	"Handicap"	"6"	"13"	"Ffrench, Royston"	"De Giles, Ed"	"6f "	"4"	"5"
"14:25:00"	"2020-06-13"	"Newbury"	"Mubtasimah"	"2.75"	"3.7"	"Non-Handicap"	"1"	"9"	"Doyle, James"	"Haggas, W J"	"7f "	"4"	"234"
"12:45:00"	"2020-06-13"	"Newbury"	"Madame Tantzy"	"7.00"	"8.24"	"Handicap"	"3"	"11"	"Bishop, Charles"	"Houghton, Eve Johnson"	"1m "	"4"	"284"
"12:45:00"	"2020-06-13"	"Newbury"	"Knightshayes"	"28.00"	"42.71"	"Handicap"	"9"	"11"	"Morris, Luke"	"George, Paul"	"1m "	"4"	"354"
"20:30:00"	"2020-06-11"	"Yarmouth"	"Jeanette May"	"20.00"	"27.3"	"Handicap"	"1"	"11"	"Doyle, Hollie"	"Stone, W B"	"1m "	"4"	"351"
"20:30:00"	"2020-06-11"	"Yarmouth"	"Velvet Vista"	"8.00"	"10.71"	"Handicap"	"7"	"11"	"Hornby, Rob"	"Murphy, Mike"	"1m "	"4"	"364"
"19:45:00"	"2020-06-10"	"Yarmouth"	"Capla Berry"	"3.50"	"4.9"	"Handicap"	"1"	"9"	"Cosgrave, Pat"	"Guest, Rae"	"7f "	"4"	"231"
"17:00:00"	"2020-06-07"	"Haydock"	"La Voix Magique"	"28.00"	"32.42"	"Handicap"	"10"	"12"	"Ffrench, Royston"	"Hollinshead, Steph"	"1m "	"4"	"262"
"20:30:00"	"2019-06-29"	"Doncaster"	"Bollin Joan"	"14.00"	"23"	"Handicap"	"1"	"12"	"Allan, David"	"Easterby, T D"	"1m2.5f "	"4"	"21"
"20:30:00"	"2019-06-29"	"Doncaster"	"Destinys Rock"	"25.00"	"44"	"Handicap"	"2"	"12"	"Cox, Georgia"	"Loughnane, Daniel Mark"	"1m2.5f "	"4"	"24"
"19:45:00"	"2019-06-29"	"Lingfield"	"Hello Girl"	"1.50"	"2.74"	"Non-Handicap"	"1"	"14"	"Murphy, Oisin"	"Tinkler, N"	"6f "	"4"	"17"
"19:45:00"	"2019-06-29"	"Lingfield"	"Crimson Princess"	"66.00"	"310"	"Non-Handicap"	"10"	"14"	"Fahy, J P"	"Evans, Mrs N S"	"6f "	"4"	"28"
"15:40:00"	"2019-06-28"	"Yarmouth"	"Telekinetic"	"10.00"	"12"	"Handicap"	"9"	"14"	"Ffrench, Royston"	"Feilden, Miss J"	"1m2f "	"4"	"37"
"20:55:00"	"2019-06-27"	"Leicester"	"Becky Sharp"	"25.00"	"42.16"	"Handicap"	"1"	"16"	"Bennett, Charlie"	"Boyle, J R"	"1m4f "	"4"	"35"
"19:55:00"	"2019-06-27"	"Leicester"	"Bobs Girl"	"33.00"	"59.1"	"Handicap"	"7"	"11"	"Quinn, Jimmy"	"Mullineaux, M"	"1m "	"4"	"29"
"19:30:00"	"2019-06-26"	"Naas"	"Angels"	"5.50"	"6.66"	"Handicap"	"2"	"10"	"Coen, Ben M"	"Murtagh, J P"	"1m "	"4"	"23"
"19:10:00"	"2019-06-26"	"Bath"	"Just Right"	"16.00"	"23"	"Handicap"	"6"	"14"	"Cox, William"	"Flint, J L"	"1m2f "	"4"	"34"
"18:10:00"	"2019-06-26"	"Bath"	"Three Little Birds"	"25.00"	"46"	"Handicap"	"6"	"15"	"Mahon, Gary"	"Kirk, S"	"5f "	"4"	"18"
"16:15:00"	"2019-06-25"	"Brighton"	"Miss Recycled"	"100.00"	"249.78"	"Handicap"	"1"	"14"	"Marquand, Tom"	"Madgwick, M"	"1m "	"4"	"250"
"17:00:00"	"2019-06-24"	"Chepstow"	"Red Allure"	"5.00"	"7"	"Handicap"	"11"	"14"	"Mullen, Andrew"	"Mullineaux, M"	"5f "	"4"	"7"
"16:30:00"	"2019-06-24"	"Chepstow"	"Hellovaqueen"	"28.00"	"60.51"	"Handicap"	"6"	"16"	"Kelly, Shane"	"Hughes, Richard"	"6f "	"4"	"14"
"20:15:00"	"2019-06-22"	"Lingfield"	"Quick Recovery"	"14.00"	"24.56"	"Handicap"	"8"	"15"	"Bennett, Charlie"	"Boyle, J R"	"7f "	"4"	"30"
"20:55:00"	"2019-06-21"	"Newmarket (July)"	"Lethal Angel"	"4.00"	"5.76"	"Handicap"	"2"	"9"	"McEvoy, Kerrin"	"Williams, S C"	"5f "	"4"	"35"
"20:55:00"	"2019-06-21"	"Newmarket (July)"	"Honey Gg"	"2.25"	"3.63"	"Handicap"	"5"	"9"	"MacRedmond, Cian"	"Carroll, D"	"5f "	"4"	"24"
"16:20:00"	"2019-06-19"	"Ascot"	"Move Swiftly"	"9.00"	"12"	"Non-Handicap"	"1"	"17"	"Tudhope, Daniel"	"Haggas, W J"	"1m "	"4"	"230"
"16:20:00"	"2019-06-19"	"Ascot"	"Preening"	"20.00"	"24.73"	"Non-Handicap"	"14"	"17"	"McEvoy, Kerrin"	"Fanshawe, J R"	"1m "	"4"	"60"
"20:20:00"	"2019-06-18"	"Brighton"	"Duchess Of Avon"	"10.00"	"13.27"	"Handicap"	"1"	"14"	"Crouch, Hector"	"Moore, Gary and Josh"	"1m "	"4"	"21"
"17:50:00"	"2019-06-18"	"Brighton"	"Exceedingly Diva"	"7.00"	"8.13"	"Handicap"	"3"	"9"	"Cosgrave, Pat"	"Baker, George"	"5.5f "	"4"	"15"
"15:00:00"	"2019-06-17"	"Carlisle"	"Red Allure"	"40.00"	"85"	"Handicap"	"11"	"17"	"Eaves, Tom"	"Mullineaux, M"	"6f "	"4"	"12"
"15:00:00"	"2019-06-17"	"Carlisle"	"Picture Your Dream"	"40.00"	"48.29"	"Handicap"	"16"	"17"	"MacRedmond, Cian"	"Spencer, Seb"	"6f "	"4"	"14"
"13:45:00"	"2019-06-15"	"Bath"	"Star Of Athena"	"10.00"	"13.82"	"Handicap"	"6"	"13"	"Kirby, Adam"	"Stronge, Ali"	"1m3.5f "	"4"	"25"
"21:00:00"	"2019-06-14"	"Cork"	"Wilderness"	"20.00"	"31.37"	"Handicap"	"1"	"18"	"Kelly, S B"	"Murtagh, J P"	"1m.5f "	"4"	"11"
"21:00:00"	"2019-06-12"	"Hamilton"	"Corton Lass"	"33.00"	"39.38"	"Handicap"	"7"	"12"	"Gray, S A"	"Dalgleish, Keith"	"5f "	"4"	"26"
"18:30:00"	"2019-06-12"	"Hamilton"	"Can Can Sixty Two"	"25.00"	"36.63"	"Handicap"	"6"	"10"	"Curtis, B A"	"Smith, R Michael"	"1m3f "	"4"	"13"
"14:00:00"	"2019-06-12"	"Yarmouth"	"Hello Girl"	"6.00"	"7.75"	"Handicap"	"5"	"12"	"Scott, Rowan"	"Tinkler, N"	"6f "	"4"	"16"
"14:00:00"	"2019-06-12"	"Yarmouth"	"Praxedis"	"10.00"	"12.14"	"Handicap"	"12"	"12"	"Wood, George"	"Fanshawe, J R"	"6f "	"4"	"33"
"18:00:00"	"2019-06-11"	"Carlisle"	"Villiersdorp"	"33.00"	"85"	"Novices"	"5"	"9"	"Gray, S A"	"Hodge, John Mc C"	"1m1f "	"4"	"12"
"18:55:00"	"2019-06-10"	"Roscommon"	"Button Popper"	"12.00"	"15.72"	"Handicap"	"4"	"14"	"Coen, Ben M"	"Leahy, Augustine"	"7f "	"4"	"8"
"15:00:00"	"2019-06-10"	"Leicester"	"Hellovaqueen"	"2.50"	"3.97"	"Seller"	"6"	"10"	"Marsh, Finley"	"Hughes, Richard"	"6f "	"4"	"198"
"20:50:00"	"2018-06-28"	"Leicester"	"Affair"	"6.00"	"7.02"	"Handicap"	"4"	"15"	"Ladd, Theodore"	"Morrison, H"	"1m4f "	"4"	"28"
"20:50:00"	"2018-06-28"	"Leicester"	"Uptown Girl"	"66.00"	"433.62"	"Handicap"	"14"	"15"	"Haynes, Joey"	"Pearce, Mrs Lydia"	"1m4f "	"4"	"35"
"18:30:00"	"2018-06-27"	"Naas"	"Guiding Star"	"33.00"	"47.08"	"Handicap"	"9"	"20"	"ODonoghue, C"	"McKenna, P J"	"6f "	"4"	"8"
"14:15:00"	"2018-06-26"	"Brighton"	"Born To Boogie"	"16.00"	"17.01"	"Handicap"	"5"	"10"	"Watson, Jason"	"Turner, W G M"	"6f "	"4"	"7"
"16:55:00"	"2018-06-23"	"Down Royal"	"Duchess Ravenwaves"	"5.50"	"7.4"	"Handicap"	"11"	"12"	"Roche, L F"	"Oliver, Andrew"	"1m2.5f "	"4"	"4"
"16:10:00"	"2018-06-23"	"Ayr"	"Equimou"	"6.00"	"8.01"	"Non-Handicap"	"8"	"9"	"McDonald, P J"	"Eddery, Robert"	"5f "	"4"	"14"
"16:10:00"	"2018-06-23"	"Ayr"	"Dazacam"	"50.00"	"338.39"	"Non-Handicap"	"9"	"9"	"Makin, Phillip"	"Herrington,M "	"5f "	"4"	"16"
"21:15:00"	"2018-06-22"	"Ayr"	"Miss Bates"	"18.00"	"21.57"	"Handicap"	"8"	"12"	"McHugh, B"	"Duffield, Mrs A"	"7f "	"4"	"204"
"19:05:00"	"2018-06-22"	"Ayr"	"Archibelle"	"8.50"	"11.86"	"Handicap"	"9"	"9"	"Evans, Nathan"	"Smith, R Michael"	"1m7f "	"4"	"18"
"17:45:00"	"2018-06-20"	"Hamilton"	"Royal Cosmic"	"7.00"	"7.53"	"Handicap"	"1"	"9"	"Murtagh, Connor"	"Fahey, R A"	"1m4f "	"4"	"14"
"15:40:00"	"2018-06-20"	"Ascot"	"Tribute Act"	"10.00"	"13.22"	"Non-Handicap"	"2"	"11"	"Kirby, Adam"	"Fanshawe, J R"	"1m "	"4"	"39"
"15:40:00"	"2018-06-20"	"Ascot"	"Billesdon Bess"	"80.00"	"180"	"Non-Handicap"	"9"	"11"	"Doyle, Hollie"	"Hannon (Jnr), Richard"	"1m "	"4"	"25"
"20:40:00"	"2018-06-19"	"Brighton"	"Born To Boogie"	"14.00"	"19.78"	"Handicap"	"4"	"11"	"Watson, Jason"	"Turner, W G M"	"5.5f "	"4"	"7"
"20:20:00"	"2018-06-19"	"Sligo"	"Duchess Ravenwaves"	"14.00"	"24.43"	"Handicap"	"3"	"13"	"Roche, L F"	"Oliver, Andrew"	"1m2.5f "	"4"	"19"
"20:10:00"	"2018-06-19"	"Brighton"	"Narjes"	"10.00"	"15.5"	"Handicap"	"4"	"8"	"Watson, Jason"	"Mongan, Mrs L J"	"1m "	"4"	"27"
"19:50:00"	"2018-06-19"	"Sligo"	"Night Law"	"3.00"	"4.24"	"Handicap"	"3"	"12"	"Keane, C T"	"Murphy, Barry John"	"7f "	"4"	"36"
"14:45:00"	"2018-06-18"	"Carlisle"	"Foxtrix"	"25.00"	"47.28"	"Novices"	"3"	"13"	"Muir, Paula"	"Dods, M"	"6f "	"4"	"56"
"14:45:00"	"2018-06-18"	"Carlisle"	"Princess Apollo"	"200.00"	"1000"	"Novices"	"7"	"13"	"Hart, Jason"	"Whillans, D W"	"6f "	"4"	"12"
"14:45:00"	"2018-06-18"	"Carlisle"	"Sasheeda"	"80.00"	"263.17"	"Novices"	"9"	"13"	"Jones, Liam"	"Mullineaux, M"	"6f "	"4"	"27"
"16:55:00"	"2018-06-17"	"Salisbury"	"Eula Varner"	"7.00"	"8.6"	"Handicap"	"1"	"10"	"Berry, F M"	"Candy, H"	"7f "	"4"	"37"
"17:20:00"	"2018-06-14"	"Yarmouth"	"La Isla Bonita"	"3.50"	"5.4"	"Handicap"	"1"	"12"	"Muscutt, D"	"Spencer, Richard"	"7f "	"4"	"22"
"19:50:00"	"2018-06-12"	"Lingfield"	"Fanfair"	"4.00"	"6.88"	"Handicap"	"2"	"8"	"Ryan, Rossa"	"Hannon (Jnr), Richard"	"1m2f "	"4"	"6"
"15:15:00"	"2018-06-12"	"Thirsk"	"Melonade"	"11.00"	"14"	"Handicap"	"10"	"16"	"Curtis, B A"	"Barron, T D"	"6f "	"4"	"13"
"19:00:00"	"2018-06-11"	"Roscommon"	"Fox Dream"	"33.00"	"114.94"	"Handicap"	"1"	"14"	"Crosse, S M"	"Leahy, Augustine"	"7f "	"4"	"24"
"16:20:00"	"2017-06-24"	"Ascot"	"Dancing Star"	"25.00"	"44.91"	"Non-Handicap"	"14"	"19"	"Probert, David"	"Balding, A M"	"6f "	"4"	"33"
"16:10:00"	"2017-06-24"	"Ayr"	"Mayfair Lady"	"7.00"	"9.52"	"Non-Handicap"	"7"	"12"	"Makin, Phillip"	"Fahey, R A"	"5f "	"4"	"28"
"21:05:00"	"2017-06-23"	"Newmarket (July)"	"Manipura"	"5.50"	"7.2"	"Handicap"	"6"	"9"	"Lane, Martin"	"Shaw, D"	"5f "	"4"	"9"
"21:05:00"	"2017-06-23"	"Newmarket (July)"	"Cherry Kool"	"10.00"	"16.81"	"Handicap"	"8"	"9"	"Naseb, Milly"	"Williams, S C"	"5f "	"4"	"6"
"17:30:00"	"2017-06-23"	"Limerick"	"Andaz"	"50.00"	"110.72"	"Claimer"	"5"	"11"	"Leonard, Killian"	"McCarthy, Eoin Christopher"	"6.5f "	"4"	"322"
"15:20:00"	"2017-06-22"	"Ripon"	"Bond Bombshell"	"33.00"	"36.93"	"Handicap"	"5"	"9"	"Vaughan, Patrick"	"OMeara, D"	"5f "	"4"	"10"
"15:40:00"	"2017-06-21"	"Ascot"	"Summer Icon"	"150.00"	"557.38"	"Non-Handicap"	"14"	"14"	"Lee, G"	"Channon, M R"	"1m "	"4"	"18"
"20:20:00"	"2017-06-20"	"Naas"	"Colombe Bleu"	"33.00"	"99.09"	"Handicap"	"12"	"15"	"Moriarty, K P"	"Kidd, Colin"	"7f "	"4"	"15"
"18:30:00"	"2017-06-19"	"Nottingham"	"Kiringa"	"12.00"	"16.07"	"Handicap"	"4"	"8"	"Morris, Luke"	"Cowell, R M H"	"5f "	"4"	"26"
"16:45:00"	"2017-06-18"	"Salisbury"	"Excellent Sounds"	"16.00"	"25.78"	"Handicap"	"1"	"10"	"Bennett, Charlie"	"Morrison, H"	"7f "	"4"	"15"
"18:20:00"	"2017-06-17"	"Lingfield"	"Onehelluvatouch"	"20.00"	"34"	"Handicap"	"6"	"8"	"Hitchcott, Sam"	"Hide, Philip"	"1m2f "	"4"	"53"
"18:10:00"	"2017-06-17"	"Leicester"	"Cherry Kool"	"18.00"	"26.67"	"Handicap"	"7"	"9"	"Dobbs, Pat"	"Williams, S C"	"5f "	"4"	"14"
"17:20:00"	"2017-06-17"	"Bath"	"Tallys Song"	"40.00"	"131.25"	"Handicap"	"10"	"13"	"Powell, Miss Jennifer"	"Harris, Miss G"	"5.5f "	"4"	"7"
"16:10:00"	"2017-06-17"	"Bath"	"Paca Punch"	"50.00"	"119.65"	"Handicap"	"9"	"12"	"Brock, Danny"	"Flint, J L"	"1m "	"4"	"320"
"14:55:00"	"2017-06-17"	"York"	"Epsom Icon"	"40.00"	"139.95"	"Non-Handicap"	"7"	"9"	"Mulrennan, Paul"	"Channon, M R"	"1m "	"4"	"14"
"17:20:00"	"2017-06-15"	"Newbury"	"Pretty Jewel"	"33.00"	"58.14"	"Handicap"	"7"	"16"	"Voikhansky, Dr M"	"Frost, Kevin"	"1m2f "	"4"	"16"
"17:00:00"	"2017-06-15"	"Nottingham"	"Its A Sheila Thing"	"9.00"	"12.43"	"Handicap"	"9"	"9"	"Wood, George"	"Carroll, A W"	"1m2f "	"4"	"23"
"15:55:00"	"2017-06-15"	"Nottingham"	"Loveatfirstsight"	"33.00"	"65"	"Handicap"	"11"	"14"	"Jones, Liam"	"Attwater, M J"	"6f "	"4"	"17"
"14:45:00"	"2017-06-15"	"Nottingham"	"Wassail"	"5.50"	"7.8"	"Handicap"	"1"	"12"	"Shepherd, Callum"	"De Giles, Ed"	"1m6f "	"4"	"20"
"14:45:00"	"2017-06-15"	"Nottingham"	"Little Orchid"	"11.00"	"15"	"Handicap"	"10"	"12"	"Birkett, Shelley"	"Feilden, Miss J"	"1m6f "	"4"	"22"
"20:55:00"	"2017-06-14"	"Hamilton"	"Dutch Dream"	"28.00"	"34.54"	"Handicap"	"1"	"12"	"Sullivan, James P"	"Perratt, Miss L A"	"5f "	"4"	"21"
"16:10:00"	"2017-06-14"	"Yarmouth"	"Flower Cup"	"8.00"	"9.84"	"Handicap"	"2"	"8"	"Sousa, Silvestre De"	"Dwyer, C A"	"6f "	"4"	"21"
"16:10:00"	"2017-06-14"	"Yarmouth"	"Langham"	"28.00"	"44.65"	"Handicap"	"8"	"8"	"Rawlinson, Ali"	"Appleby, M"	"6f "	"4"	"20"
"15:40:00"	"2017-06-14"	"Yarmouth"	"Manipura"	"16.00"	"19.61"	"Handicap"	"3"	"14"	"Lane, Martin"	"Shaw, D"	"6f "	"4"	"22"
"14:40:00"	"2017-06-14"	"Yarmouth"	"Hope Is High"	"1.75"	"2.82"	"Handicap"	"1"	"11"	"Sousa, Silvestre De"	"Berry, John"	"1m3.5f "	"4"	"21"
"14:40:00"	"2017-06-14"	"Yarmouth"	"Serangoon"	"40.00"	"70"	"Handicap"	"10"	"11"	"Rawlinson, Ali"	"Appleby, M"	"1m3.5f "	"4"	"12"
"16:45:00"	"2017-06-13"	"Yarmouth"	"Himalayan Queen"	"6.00"	"7.56"	"Handicap"	"1"	"10"	"Atzeni, Andrea"	"Jarvis, W"	"7f "	"4"	"20"
"16:45:00"	"2017-06-13"	"Yarmouth"	"Iceaxe"	"12.00"	"16.03"	"Handicap"	"9"	"10"	"Ffrench, Royston"	"Holt, J R"	"7f "	"4"	"12"
"16:45:00"	"2017-06-13"	"Yarmouth"	"Sakhees Jem"	"16.00"	"19.03"	"Handicap"	"10"	"10"	"Curtis, B A"	"Kelleway, Miss Gay"	"7f "	"4"	"6"
"21:10:00"	"2017-06-12"	"Pontefract"	"Bond Bombshell"	"33.00"	"43.85"	"Handicap"	"12"	"13"	"Vaughan, Patrick"	"OMeara, D"	"5f "	"4"	"27"
"20:45:00"	"2017-06-10"	"Chepstow"	"Golden Cape"	"50.00"	"140"	"Handicap"	"16"	"17"	"Tart, Robert"	"Mullineaux, M"	"1m4f "	"4"	"12"
"17:40:00"	"2017-06-10"	"Chepstow"	"Tallys Song"	"66.00"	"225"	"Handicap"	"8"	"14"	"Fahy, J P"	"Harris, Miss G"	"5f "	"4"	"224"
"17:40:00"	"2017-06-10"	"Chepstow"	"Teepee Time"	"14.00"	"19.41"	"Handicap"	"10"	"14"	"Tart, Robert"	"Mullineaux, M"	"5f "	"4"	"33"
"17:20:00"	"2017-06-09"	"Brighton"	"Caledonian Gold"	"7.00"	"8.59"	"Handicap"	"4"	"11"	"Haynes, Joey"	"DArcy, P W"	"7f "	"4"	"15"
"17:20:00"	"2017-06-09"	"Brighton"	"Broughtons Fancy"	"5.50"	"7.52"	"Handicap"	"11"	"11"	"Kelly, Shane"	"Moore, Gary and Josh"	"7f "	"4"	"16"
"15:50:00"	"2017-06-06"	"Yarmouth"	"Theydon Girls"	"16.00"	"21"	"Handicap"	"1"	"8"	"Monaghan, M M "	"Charalambous, P"	"1m2f "	"4"	"27"
"18:55:00"	"2017-06-05"	"Ayr"	"Misu Moneypenny"	"10.00"	"13.97"	"Handicap"	"2"	"10"	"Pilley, Mr P"	"Dixon, Scott"	"6f "	"4"	"33"
"18:25:00"	"2017-06-05"	"Ayr"	"Mininggold"	"11.00"	"12"	"Handicap"	"3"	"8"	"Rodriguez, Callum"	"Dods, M"	"6f "	"4"	"15"
"18:00:00"	"2017-06-05"	"Leicester"	"Magic Mirror"	"5.00"	"7.02"	"Handicap"	"3"	"12"	"Marquand, Tom"	"Rimell, M G"	"7f "	"4"	"13"
"17:25:00"	"2017-06-05"	"Leicester"	"Sister Dude"	"25.00"	"29"	"Handicap"	"11"	"11"	"Harley, M"	"Portman, J G"	"7f "	"4"	"7"
"17:05:00"	"2017-06-05"	"Thirsk"	"Ingleby Erin"	"125.00"	"741.56"	"Maiden"	"8"	"10"	"Evans, Nathan"	"Teague, C J"	"1m "	"4"	"307"
"17:45:00"	"2016-06-24"	"Newmarket (July)"	"Kawaii"	"25.00"	"36"	"Handicap"	"8"	"8"	"Clark, Tim"	"Smith, Martin"	"1m "	"4"	"24"
"17:00:00"	"2016-06-24"	"Yarmouth"	"Big Red"	"16.00"	"23.19"	"Handicap"	"2"	"11"	"Walsh, R P"	"Bastiman, Rebecca"	"1m "	"4"	"11"
"17:00:00"	"2016-06-24"	"Yarmouth"	"Suzi Icon"	"22.00"	"42.32"	"Handicap"	"8"	"11"	"Egan, John"	"Butler, John"	"1m "	"4"	"20"
"21:10:00"	"2016-06-23"	"Hamilton"	"Pryers Princess"	"9.00"	"12.45"	"Handicap"	"7"	"10"	"McDonald, P J"	"Griffiths, D C"	"6f "	"4"	"14"
"20:50:00"	"2016-06-23"	"Newbury"	"Saint Honore"	"16.00"	"16.95"	"Handicap"	"2"	"12"	"Bradley, Paddy"	"Phelan, P M"	"1m3f "	"4"	"28"
"15:40:00"	"2016-06-23"	"Newmarket (July)"	"Ms Arsenal"	"100.00"	"400"	"Maiden"	"8"	"14"	"Gordon, Josephine"	"Bravery, G C"	"7f "	"4"	"19"
"21:00:00"	"2016-06-22"	"Naas"	"Rose Anjou"	"100.00"	"618.31"	"Maiden"	"9"	"18"	"Hussey, M C"	"Collins, Tracey"	"1m "	"4"	"273"
"18:30:00"	"2016-06-22"	"Naas"	"Future Icon"	"20.00"	"26.7"	"Handicap"	"1"	"19"	"Downey, R P"	"Lynam, Edward"	"6f "	"4"	"25"
"17:45:00"	"2016-06-21"	"Brighton"	"Caerleon Kate"	"5.00"	"6.2"	"Handicap"	"4"	"8"	"Millman, Mr P"	"Millman, B R"	"1m4f "	"4"	"25"
"16:45:00"	"2016-06-21"	"Brighton"	"Lucky Leyf"	"6.00"	"8.92"	"Handicap"	"4"	"8"	"Baker, George"	"Hide, Philip"	"1m "	"4"	"10"
"15:30:00"	"2016-06-21"	"Beverley"	"Multi Grain"	"16.00"	"21"	"Handicap"	"4"	"8"	"McDonald, P J"	"Hammond, Micky"	"1m4f "	"4"	"13"
"16:30:00"	"2016-06-18"	"Redcar"	"Frenchie"	"100.00"	"495.6"	"Claimer"	"12"	"12"	"Aspell, P"	"Harris, S A"	"7f "	"4"	"29"
"14:05:00"	"2016-06-18"	"Redcar"	"No Not Yet"	"10.00"	"13.5"	"Handicap"	"6"	"9"	"Mathers, Patrick"	"Dods, M"	"1m6f "	"4"	"19"
"16:45:00"	"2016-06-17"	"Redcar"	"Luvlylynnthomas"	"100.00"	"410"	"Handicap"	"13"	"13"	"Da Silva, Raul"	"Hammond, Micky"	"1m "	"4"	"428"
"16:35:00"	"2016-06-16"	"Ripon"	"Pencaitland"	"20.00"	"23.42"	"Handicap"	"8"	"11"	"Wilson, Miss L"	"Wilson, N"	"1m4f "	"4"	"17"
"15:40:00"	"2016-06-15"	"Ascot"	"Jazzi Top"	"7.00"	"9.18"	"Non-Handicap"	"5"	"14"	"Dettori, L"	"Gosden, J H M"	"1m "	"4"	"45"
"14:45:00"	"2016-06-14"	"Thirsk"	"Courier"	"11.00"	"13.5"	"Handicap"	"3"	"12"	"Butterfield, Mr J"	"Fife, Mrs Marjorie"	"7f "	"4"	"18"
"20:40:00"	"2016-06-13"	"Nottingham"	"Big Red"	"50.00"	"83.69"	"Handicap"	"4"	"11"	"Walsh, R P"	"Bastiman, Rebecca"	"1m.5f "	"4"	"17"
"15:30:00"	"2016-06-13"	"Carlisle"	"Mallymkun"	"12.00"	"15.42"	"Handicap"	"2"	"12"	"Vaughan, Jordan"	"Burke, K R"	"6f "	"4"	"27"
"15:30:00"	"2016-06-13"	"Carlisle"	"Lydiate Lady"	"11.00"	"13.36"	"Handicap"	"4"	"12"	"Fanning, Joe"	"Green, Paul"	"6f "	"4"	"24"
"15:55:00"	"2016-06-12"	"Cork"	"Avenante"	"14.00"	"18.46"	"Non-Handicap"	"6"	"9"	"McDonogh, D P"	"Oxx, John M"	"1m4f "	"4"	"22"
"19:50:00"	"2016-06-11"	"Lingfield"	"Bethnal Green"	"20.00"	"34.65"	"Maiden"	"7"	"8"	"Stanford, Lulu"	"Brisland, Robyn"	"7f "	"4"	"22"
"21:10:00"	"2016-06-10"	"Chepstow"	"Madame Lafite"	"4.50"	"5.53"	"Handicap"	"3"	"11"	"Baker, George"	"Portman, J G"	"2m "	"4"	"42"
"17:15:00"	"2016-06-09"	"Newbury"	"Rum Swizzle"	"33.00"	"45.42"	"Handicap"	"8"	"12"	"Fuller, Page"	"Dunlop, H J L"	"1m2f "	"4"	"16"
"16:55:00"	"2016-06-09"	"Yarmouth"	"Alhella"	"33.00"	"35.85"	"Handicap"	"11"	"12"	"Cosgrave, Pat"	"Quinn, M"	"7f "	"4"	"17"
"16:00:00"	"2016-06-09"	"Nottingham"	"Pryers Princess"	"33.00"	"45.86"	"Handicap"	"4"	"15"	"McDonald, P J"	"Griffiths, D C"	"6f "	"4"	"13"
"21:15:00"	"2016-06-08"	"Hamilton"	"Its Time For Bed"	"28.00"	"38"	"Handicap"	"7"	"8"	"Sullivan, James P"	"Perratt, Miss L A"	"5f "	"4"	"6"
"17:00:00"	"2016-06-08"	"Beverley"	"Indibeau"	"16.00"	"27"	"Maiden"	"8"	"11"	"Allan, David"	"Moss, Garry"	"7.5f "	"4"	"23"
"15:50:00"	"2016-06-08"	"Yarmouth"	"Multi Quest"	"8.00"	"12.5"	"Handicap"	"5"	"12"	"Hitchcott, Sam"	"Long, J E"	"6f "	"4"	"14"
"15:50:00"	"2016-06-08"	"Yarmouth"	"Willow Spring"	"40.00"	"80"	"Handicap"	"9"	"12"	"Garbutt, Noel"	"Allen, C N"	"6f "	"4"	"19"
"14:50:00"	"2016-06-08"	"Yarmouth"	"Lolita"	"16.00"	"21.13"	"Handicap"	"8"	"11"	"Gordon, Josephine"	"Jenkins, J R"	"6f "	"4"	"7"
"14:50:00"	"2016-06-08"	"Yarmouth"	"Anastazia"	"5.00"	"7.47"	"Handicap"	"10"	"11"	"Kelly, Shane"	"DArcy, P W"	"6f "	"4"	"20"
"14:45:00"	"2016-06-06"	"Brighton"	"Rubheira"	"66.00"	"474.6"	"Handicap"	"9"	"9"	"Quinn, Jimmy"	"Burgoyne, P"	"6f "	"4"	"10"
"17:05:00"	"2015-06-27"	"Windsor"	"Naughty Spice"	"9.00"	"11.5"	"Handicap"	"9"	"10"	"Jones, Mr A T"	"Millman, B R"	"6f "	"4"	"14"
"19:15:00"	"2015-06-26"	"Newcastle"	"This Is The Day"	"22.00"	"26.89"	"Non-Handicap"	"4"	"11"	"Tylicki, Frederik"	"Fellowes, Charlie"	"1m2f "	"4"	"23"
"19:15:00"	"2015-06-26"	"Newcastle"	"Solar Magic"	"28.00"	"38"	"Non-Handicap"	"9"	"11"	"Hamilton, Tony"	"Gosden, J H M"	"1m2f "	"4"	"23"
"21:00:00"	"2015-06-25"	"Newbury"	"Spider Lily"	"2.75"	"4.1"	"Handicap"	"4"	"9"	"Bates, Mr D J"	"Makin, P J"	"5f "	"4"	"20"
"17:15:00"	"2015-06-25"	"Nottingham"	"Bajan Rebel"	"25.00"	"31.71"	"Handicap"	"3"	"8"	"Mooney, Danielle"	"Easterby, M W"	"1m.5f "	"4"	"25"
"18:50:00"	"2015-06-23"	"Leicester"	"Wu Zetian"	"16.00"	"21.31"	"Handicap"	"3"	"9"	"Turner, Hayley"	"Sly, Mrs P"	"1m.5f "	"4"	"13"
"17:30:00"	"2015-06-23"	"Brighton"	"Snow Conditions"	"3.50"	"4.45"	"Handicap"	"2"	"10"	"Baker, Mr Z"	"Hide, Philip"	"1m4f "	"4"	"18"
"16:00:00"	"2015-06-23"	"Brighton"	"Reflection"	"50.00"	"158.02"	"Handicap"	"7"	"10"	"Bishop, Charles"	"Baugh, B P J"	"1m "	"4"	"33"
"14:00:00"	"2015-06-23"	"Brighton"	"Lucky Surprise"	"28.00"	"40.16"	"Handicap"	"10"	"10"	"Hardie, Cameron"	"Gask, J R"	"6f "	"4"	"18"
"21:20:00"	"2015-06-22"	"Wetherby"	"Yawail"	"25.00"	"41.65"	"Handicap"	"2"	"12"	"Sullivan, James P"	"Rothwell, B S"	"1m2f "	"4"	"14"
"17:15:00"	"2015-06-22"	"Chepstow"	"Gower Princess"	"20.00"	"25.98"	"Handicap"	"1"	"12"	"Norton, Francis"	"Harris, R A"	"5f "	"4"	"17"
"16:30:00"	"2015-06-20"	"Redcar"	"Come On Lulu"	"66.00"	"651.77"	"Claimer"	"10"	"10"	"Walsh, R P"	"Johnson, Kenny"	"7f "	"4"	"14"
"16:10:00"	"2015-06-20"	"Ayr"	"Katawi"	"33.00"	"72.32"	"Non-Handicap"	"1"	"12"	"Allan, David"	"Wall, C F"	"5f "	"4"	"28"
"16:10:00"	"2015-06-20"	"Ayr"	"Cordial"	"66.00"	"215.56"	"Non-Handicap"	"9"	"12"	"Hamilton, Tony"	"Williams, S C"	"5f "	"4"	"21"
"16:10:00"	"2015-06-20"	"Ayr"	"Rural Celebration"	"28.00"	"63.49"	"Non-Handicap"	"11"	"12"	"Nolan, D"	"OMeara, D"	"5f "	"4"	"287"
"19:20:00"	"2015-06-19"	"Goodwood"	"Taurian"	"20.00"	"41.7"	"Maiden"	"5"	"12"	"Murphy, Timmy"	"Williams, Ian"	"1m1f "	"4"	"14"
"20:45:00"	"2015-06-16"	"Beverley"	"Aristocratic Duty"	"12.00"	"16.59"	"Handicap"	"6"	"11"	"Norton, Francis"	"Harker, G A"	"1m2f "	"4"	"10"
"20:30:00"	"2015-06-16"	"Brighton"	"Distant Shadow"	"14.00"	"20.21"	"Handicap"	"7"	"8"	"Turner, Hayley"	"Wigham, M"	"7f "	"4"	"20"
"17:50:00"	"2015-06-16"	"Thirsk"	"Lazy Sioux"	"8.00"	"11.5"	"Handicap"	"7"	"11"	"Hart, Jason"	"Guest, R C"	"5f "	"4"	"10"
"17:50:00"	"2015-06-16"	"Thirsk"	"Biscuiteer"	"25.00"	"40"	"Handicap"	"UR"	"11"	"Tylicki, Frederik"	"Dixon, Scott"	"5f "	"4"	"293"
"20:40:00"	"2015-06-15"	"Nottingham"	"Harmonical"	"9.00"	"12.61"	"Handicap"	"13"	"14"	"Mullen, Andrew"	"Brittain, Antony"	"1m6f "	"4"	"27"
"17:05:00"	"2015-06-14"	"Salisbury"	"White Russian"	"12.00"	"12.17"	"Handicap"	"8"	"10"	"ONeill, Dane"	"Candy, H"	"7f "	"4"	"37"
"17:50:00"	"2015-06-13"	"Lingfield"	"Rosie Prospects"	"22.00"	"40"	"Handicap"	"9"	"13"	"Bentley, Harry"	"Ingram, R"	"1m2f "	"4"	"16"
"20:35:00"	"2015-06-12"	"Chepstow"	"Babyfact"	"25.00"	"67.38"	"Handicap Maiden"	"4"	"9"	"Dwyer, Martin"	"Saunders, M S"	"6f "	"4"	"20"
"18:00:00"	"2015-06-09"	"Lingfield"	"Just Rubie"	"16.00"	"22.03"	"Handicap"	"4"	"12"	"Harley, M"	"Blanshard, M"	"7.5f "	"4"	"18"
"16:30:00"	"2015-06-08"	"Ayr"	"Dark Crystal"	"7.00"	"9.6"	"Handicap"	"4"	"11"	"Fanning, Joe"	"Perratt, Miss L A"	"7f "	"4"	"18"
"16:15:00"	"2015-06-08"	"Thirsk"	"Calypso Music"	"50.00"	"370"	"Maiden"	"5"	"8"	"Bartley, Gary"	"Goldie, J S"	"7f "	"4"	"26"
"17:55:00"	"2014-06-28"	"Doncaster"	"Jenny Twigg"	"50.00"	"239.33"	"Maiden"	"4"	"8"	"Stainton, Michael J"	"Fairhurst, C W"	"6f "	"4"	"21"
"17:20:00"	"2014-06-28"	"Windsor"	"Assertive Agent"	"4.00"	"5.3"	"Handicap"	"3"	"8"	"Tate, Ryan"	"Carroll, A W"	"6f "	"4"	"14"
"17:20:00"	"2014-06-28"	"Windsor"	"Lady Phill"	"8.00"	"12.01"	"Handicap"	"8"	"8"	"Vaughan, Jordan"	"Attwater, M J"	"6f "	"4"	"13"
"18:40:00"	"2014-06-27"	"Newcastle"	"Haidees Reflection"	"100.00"	"300"	"Maiden"	"3"	"8"	"McHugh, B"	"Normile, Mrs L B"	"7f "	"4"	"52"
"17:05:00"	"2014-06-27"	"Yarmouth"	"Poste Restante"	"12.00"	"16"	"Handicap"	"1"	"8"	"Walsh, Lewis"	"Simcock, D M"	"1m3.5f "	"4"	"16"
"16:20:00"	"2014-06-26"	"Yarmouth"	"Emerald Sea"	"4.00"	"5.4"	"Handicap"	"6"	"8"	"Durcan, Ted"	"Wall, C F"	"6f "	"4"	"22"
"16:45:00"	"2014-06-24"	"Beverley"	"Bondi Beach Babe"	"18.00"	"26.51"	"Handicap"	"4"	"12"	"Sword, P"	"Turner, J R"	"5f "	"4"	"17"
"13:30:00"	"2014-06-24"	"Brighton"	"Little Choosey"	"14.00"	"16.5"	"Handicap"	"4"	"10"	"Harley, M"	"Murphy, Anabel K"	"6f "	"4"	"50"
"18:50:00"	"2014-06-23"	"Thirsk"	"Charlemagne Diva"	"20.00"	"27"	"Handicap"	"8"	"20"	"Silva, D T Da"	"Guest, R C"	"6f "	"4"	"30"
"17:15:00"	"2014-06-23"	"Chepstow"	"Picc of Burgau"	"1.75"	"2.98"	"Handicap"	"1"	"9"	"Baker, George"	"Deacon, Geoffrey"	"5f "	"4"	"9"
"17:15:00"	"2014-06-23"	"Chepstow"	"Spray Tan"	"5.00"	"7.4"	"Handicap"	"3"	"9"	"Dobbs, Pat"	"Carroll, A W"	"5f "	"4"	"34"
"17:05:00"	"2014-06-21"	"Redcar"	"Lindas Sister"	"8.00"	"11.47"	"Maiden"	"4"	"9"	"Brennan, I J"	"Quinn, J J"	"6f "	"4"	"14"
"16:30:00"	"2014-06-21"	"Redcar"	"Beaulie"	"100.00"	"319.36"	"Claimer"	"8"	"10"	"Gemelova, Natalia"	"Reveley, K G"	"7f "	"4"	"25"
"19:25:00"	"2014-06-20"	"Limerick"	"Papal Avenue"	"20.00"	"28"	"Handicap"	"9"	"11"	"Madden, Tom"	"Leahy, Augustine"	"6.5f "	"4"	"43"
"18:45:00"	"2014-06-20"	"Goodwood"	"Lucky Di"	"6.00"	"8.62"	"Handicap"	"3"	"10"	"Bishop, Charles"	"Hedger, P R"	"6f "	"4"	"16"
"17:55:00"	"2014-06-20"	"Newmarket (July)"	"Avidly"	"14.00"	"22.44"	"Handicap"	"6"	"14"	"Birkett, Shelley"	"Feilden, Miss J"	"1m "	"4"	"9"
"20:10:00"	"2014-06-19"	"Leicester"	"Serenity Spa"	"5.00"	"6.6"	"Handicap"	"1"	"10"	"Kirby, Adam"	"Carroll, A W"	"6f "	"4"	"30"
"20:10:00"	"2014-06-19"	"Leicester"	"Jamesbos Girl"	"4.50"	"6.73"	"Handicap"	"4"	"10"	"Gibbons, Graham"	"Barron, T D"	"6f "	"4"	"40"
"20:10:00"	"2014-06-19"	"Leicester"	"Koala Bear"	"5.00"	"7.23"	"Handicap"	"8"	"10"	"Kelly, Shane"	"Fanshawe, J R"	"6f "	"4"	"12"
"17:20:00"	"2014-06-18"	"Hamilton"	"Taxiformissbyron"	"11.00"	"14.35"	"Handicap"	"5"	"9"	"James, S H"	"Jardine, I"	"1m1f "	"4"	"29"
"16:25:00"	"2014-06-18"	"Ascot"	"Woodland Aria"	"50.00"	"92.78"	"Non-Handicap"	"6"	"14"	"Buick, William"	"Gosden, J H M"	"1m "	"4"	"320"
"20:00:00"	"2014-06-17"	"Brighton"	"Elle Rebelle"	"6.00"	"9.2"	"Handicap"	"1"	"9"	"Hardie, Cameron"	"Brisbourne, W M"	"1m "	"4"	"26"
"20:00:00"	"2014-06-17"	"Brighton"	"Laguna Belle"	"25.00"	"35.13"	"Handicap"	"9"	"9"	"Beschizza,Adam "	"Phelan, P M"	"1m "	"4"	"41"
"14:55:00"	"2014-06-17"	"Thirsk"	"Lady Poppy"	"28.00"	"43.09"	"Handicap"	"1"	"17"	"Schofield, Kieran"	"Moore, G M"	"5f "	"4"	"55"
"20:50:00"	"2014-06-16"	"Nottingham"	"Rowlestone Lass"	"12.00"	"17.99"	"Handicap"	"2"	"10"	"Catlin, Chris"	"Price, R J"	"1m6f "	"4"	"10"
"19:50:00"	"2014-06-16"	"Nottingham"	"Secret Gesture"	"0.57"	"1.67"	"Non-Handicap"	"1"	"9"	"Spencer, Jamie"	"Beckett, R M"	"1m2f "	"4"	"32"
"19:50:00"	"2014-06-16"	"Nottingham"	"Rock Choir"	"12.00"	"19"	"Non-Handicap"	"5"	"9"	"Sanders, Seb"	"Haggas, W J"	"1m2f "	"4"	"44"
"19:15:00"	"2014-06-14"	"Leicester"	"Ninny Noodle"	"66.00"	"265.66"	"Claimer"	"8"	"8"	"Bates, Mr D J"	"Pickard, Miss I H"	"1m2f "	"4"	"16"
"19:05:00"	"2014-06-14"	"Lingfield"	"Picc of Burgau"	"4.00"	"5.32"	"Handicap"	"5"	"11"	"Kingscote, Richard"	"Deacon, Geoffrey"	"6f "	"4"	"23"
"19:50:00"	"2014-06-13"	"Chepstow"	"Bountybeamadam"	"4.00"	"4.25"	"Handicap"	"1"	"8"	"Cosgrave, Pat"	"Baker, George"	"7f "	"4"	"16"
"16:20:00"	"2014-06-12"	"Yarmouth"	"Be Royale"	"7.00"	"8.6"	"Handicap"	"1"	"12"	"ONeill, Dane"	"Appleby, M"	"7f "	"4"	"12"
"20:40:00"	"2014-06-11"	"Hamilton"	"Hellolini"	"25.00"	"100"	"Handicap"	"3"	"8"	"Farley, Neil"	"Bastiman, R"	"5f "	"4"	"19"
"18:10:00"	"2014-06-11"	"Hamilton"	"Blue Clumber"	"20.00"	"26"	"Handicap"	"5"	"14"	"Carson, Mr Graham"	"Harris, S A"	"6f "	"4"	"9"
"17:30:00"	"2014-06-11"	"Yarmouth"	"Ada Lovelace"	"3.50"	"5.49"	"Handicap"	"1"	"8"	"Curtis, B A"	"Gallagher, J"	"6f "	"4"	"22"
"17:30:00"	"2014-06-11"	"Yarmouth"	"Ziggys Secret"	"16.00"	"23.9"	"Handicap"	"3"	"8"	"Costello, Dougie"	"Wadham, Mrs L"	"6f "	"4"	"300"
"17:20:00"	"2014-06-11"	"Beverley"	"Muajiza"	"3.00"	"4.2"	"Maiden"	"1"	"11"	"Winston, Robert"	"Midgley, P T"	"7.5f "	"4"	"11"
"16:30:00"	"2014-06-11"	"Yarmouth"	"Avidly"	"5.50"	"7.88"	"Handicap Maiden"	"3"	"10"	"Baker, George"	"Feilden, Miss J"	"1m "	"4"	"27"
"17:25:00"	"2014-06-10"	"Lingfield"	"Graceful Willow"	"100.00"	"1000"	"Maiden"	"9"	"12"	"Pearce, Simon"	"Long, J E"	"7.5f "	"4"	"299"
"15:40:00"	"2014-06-08"	"Curragh"	"Indigo Lady"	"66.00"	"323.91"	"Non-Handicap"	"1"	"9"	"Heffernan, J A"	"McCreery, W"	"1m2f "	"4"	"42"
"19:15:00"	"2013-06-28"	"Newcastle"	"Prussian"	"1.25"	"2.28"	"Non-Handicap"	"5"	"8"	"Barzalona, Mickael"	"Suroor, Saeed Bin"	"1m2f "	"4"	"20"
"20:40:00"	"2013-06-27"	"Leicester"	"Kittens"	"7.00"	"8.63"	"Handicap"	"1"	"10"	"Drowne, Steve"	"Muir, W R"	"1m4f "	"4"	"12"
"14:50:00"	"2013-06-27"	"Yarmouth"	"Sarah Berry"	"20.00"	"21.68"	"Handicap"	"8"	"10"	"Clark, Ryan"	"Dwyer, C A"	"6f "	"4"	"7"
"14:50:00"	"2013-06-27"	"Yarmouth"	"Isola Verde"	"3.50"	"4.43"	"Handicap"	"10"	"10"	"Turner, Hayley"	"Fanshawe, J R"	"6f "	"4"	"15"
"17:30:00"	"2013-06-26"	"Salisbury"	"Flying Kitty"	"50.00"	"88.66"	"Handicap"	"8"	"10"	"Levey, Mr D"	"Bridger, J / Cook, R"	"7f "	"4"	"50"
"16:45:00"	"2013-06-25"	"Brighton"	"Mousie"	"25.00"	"28"	"Handicap"	"10"	"12"	"Bentley, Harry"	"McCabe, A J"	"6f "	"4"	"15"
"15:15:00"	"2013-06-25"	"Brighton"	"Keyhole Kate"	"40.00"	"72.31"	"Handicap"	"6"	"14"	"Keniry, L P"	"Gundry, Miss Polly"	"1m "	"4"	"52"
"19:20:00"	"2013-06-22"	"Haydock"	"Almond Branches"	"20.00"	"38"	"Handicap"	"13"	"13"	"Aspell, P"	"Watt, Mrs S A"	"5f "	"4"	"36"
"17:50:00"	"2013-06-22"	"Newmarket (July)"	"Porcini"	"8.00"	"10.5"	"Handicap"	"1"	"10"	"Carson, William"	"McBride, P J"	"1m5f "	"4"	"14"
"15:00:00"	"2013-06-22"	"Ayr"	"Jwala"	"3.33"	"4.9"	"Non-Handicap"	"2"	"11"	"Kelly, Shane"	"Cowell, R M H"	"5f "	"4"	"15"
"15:00:00"	"2013-06-22"	"Ayr"	"Im So Glad"	"20.00"	"28.53"	"Non-Handicap"	"3"	"11"	"Hitchcott, Sam"	"Channon, M R"	"5f "	"4"	"14"
"19:20:00"	"2013-06-21"	"Goodwood"	"Gwenelda"	"25.00"	"45.96"	"Maiden"	"6"	"9"	"Noonan, Jake"	"Balding, A M"	"1m1f "	"4"	"249"
"18:20:00"	"2013-06-18"	"Thirsk"	"Sunrise Dance"	"4.50"	"7.07"	"Handicap"	"1"	"10"	"Beasley, Connor"	"Johnson, R"	"5f "	"4"	"10"
"18:05:00"	"2013-06-17"	"Windsor"	"Mariet"	"10.00"	"13.69"	"Handicap"	"4"	"9"	"While, Mr R"	"Smith, Miss Suzy"	"1m3.5f "	"4"	"26"
"15:15:00"	"2013-06-17"	"Carlisle"	"Celestial Dawn"	"12.00"	"16.17"	"Handicap"	"7"	"9"	"Sullivan, James P"	"Weymes, J R"	"6f "	"4"	"17"
"16:00:00"	"2013-06-16"	"Salisbury"	"Miss Lahar"	"20.00"	"23.42"	"Non-Handicap"	"3"	"8"	"Harley, M"	"Channon, M R"	"6f "	"4"	"9"
"18:55:00"	"2013-06-15"	"Lingfield"	"Princess Palmer"	"50.00"	"99.98"	"Handicap"	"12"	"14"	"Pearce, Simon"	"Pearce, Mrs Lydia"	"7f "	"4"	"9"
"16:45:00"	"2013-06-15"	"Bath"	"Hawaiian Freeze"	"66.00"	"403.35"	"Handicap"	"1"	"13"	"Donohoe, Stephen"	"Stimpson, J T"	"1m2f "	"4"	"6"
"15:15:00"	"2013-06-15"	"York"	"Ladys First"	"3.50"	"4.78"	"Non-Handicap"	"6"	"8"	"Hanagan, Paul"	"Fahey, R A"	"1m "	"4"	"15"
"19:50:00"	"2013-06-14"	"Chepstow"	"Pass The Time"	"12.00"	"17.38"	"Handicap"	"3"	"13"	"Turner, Hayley"	"Mulholland, N P"	"2m "	"4"	"11"
"18:05:00"	"2013-06-14"	"Chepstow"	"Jawim"	"12.00"	"20.34"	"Handicap Maiden"	"8"	"9"	"Gannon, Catherine"	"Saunders, M S"	"6f "	"4"	"56"
"17:45:00"	"2013-06-13"	"Nottingham"	"Present Day"	"5.00"	"6.8"	"Handicap"	"7"	"11"	"Doyle, James"	"Cox, C G"	"1m2f "	"4"	"42"
"17:10:00"	"2013-06-12"	"Yarmouth"	"Isola Verde"	"6.50"	"8"	"Handicap"	"5"	"8"	"Buick, William"	"Fanshawe, J R"	"6f "	"4"	"209"
"17:10:00"	"2013-06-12"	"Yarmouth"	"Sarah Berry"	"16.00"	"28.42"	"Handicap"	"6"	"8"	"Golam, Saleem"	"Dwyer, C A"	"6f "	"4"	"19"
"17:10:00"	"2013-06-12"	"Yarmouth"	"Electrickery"	"50.00"	"108.67"	"Handicap"	"7"	"8"	"Jones, Liam"	"Buckley, Mark"	"6f "	"4"	"307"
"17:00:00"	"2013-06-12"	"Beverley"	"Miss Ella Jade"	"20.00"	"32.56"	"Handicap"	"2"	"15"	"Quinn, Paul"	"Whitaker, R M"	"1m2f "	"4"	"8"
"17:15:00"	"2013-06-10"	"Brighton"	"Little China"	"4.00"	"5.4"	"Handicap"	"9"	"10"	"Carson, William"	"Muir, W R"	"5.5f "	"4"	"9"
"20:05:00"	"2012-06-23"	"Lingfield"	"Roodee Queen"	"10.00"	"12.62"	"Handicap"	"7"	"11"	"Gannon, Catherine"	"Bradley, J M"	"5f "	"4"	"15"
"19:35:00"	"2012-06-23"	"Lingfield"	"A B Celebration"	"200.00"	"1000"	"Maiden"	"10"	"14"	"ONeill, K T"	"Bridger, J / Cook, R"	"6f "	"4"	"15"
"15:45:00"	"2012-06-23"	"Ascot"	"Moonlight Cloud"	"5.00"	"12.01"	"Non-Handicap"	"2"	"14"	"Jarnet, T"	"Head, F"	"6f "	"4"	"252"
"14:25:00"	"2012-06-23"	"Ayr"	"Ladies Are Forever"	"4.50"	"6.18"	"Non-Handicap"	"9"	"10"	"Swift, Mr Dale"	"Oldroyd, G R"	"5f "	"4"	"21"
"18:40:00"	"2012-06-22"	"Ayr"	"Cheeky Wee Red"	"5.50"	"7.36"	"Handicap"	"1"	"10"	"Barry, Laura"	"Fahey, R A"	"1m "	"4"	"22"
"17:20:00"	"2012-06-21"	"Warwick"	"Ponte Di Rosa"	"18.00"	"25.51"	"Handicap"	"1"	"9"	"Fox, Dominic"	"Appleby, M"	"1m7f "	"4"	"7"
"17:55:00"	"2012-06-20"	"Hamilton"	"Lady Gargoyle"	"4.00"	"5.65"	"Handicap"	"5"	"8"	"Hart, Jason"	"Goldie, J S"	"1m4f "	"4"	"14"
"15:05:00"	"2012-06-20"	"Ascot"	"Joviality"	"11.00"	"14.27"	"Non-Handicap"	"1"	"13"	"Buick, William"	"Gosden, J H M"	"1m "	"4"	"19"
"20:00:00"	"2012-06-19"	"Brighton"	"Pearl Opera"	"16.00"	"21.76"	"Handicap"	"6"	"11"	"OShea, T P"	"Coakley, D J"	"1m "	"4"	"26"
"18:00:00"	"2012-06-19"	"Brighton"	"Festival Dance"	"2.50"	"3.78"	"Handicap"	"1"	"10"	"Bentley, Harry"	"Hodges, R J"	"5.5f "	"4"	"10"
"15:05:00"	"2012-06-19"	"Ascot"	"Night Carnation"	"33.00"	"44.99"	"Non-Handicap"	"6"	"22"	"Fortune, Jimmy"	"Balding, A M"	"5f "	"4"	"45"
"20:25:00"	"2012-06-18"	"Warwick"	"Circle Of Angels"	"3.33"	"4.2"	"Handicap"	"2"	"8"	"Spencer, Jamie"	"Williams, Ian"	"1m3f "	"4"	"26"
"20:25:00"	"2012-06-18"	"Warwick"	"Femme Royale"	"25.00"	"34"	"Handicap"	"7"	"8"	"Garbutt, Noel"	"Price, R J"	"1m3f "	"4"	"2"
"15:15:00"	"2012-06-18"	"Carlisle"	"Misshollygolightly"	"50.00"	"91.14"	"Handicap"	"4"	"9"	"Fentiman, Duran"	"Baugh, B P J"	"6f "	"4"	"35"
"16:00:00"	"2012-06-17"	"Salisbury"	"Golden Delicious"	"25.00"	"30"	"Non-Handicap"	"6"	"9"	"Fortune, Jimmy"	"Morrison, H"	"6f "	"4"	"18"
"19:35:00"	"2012-06-16"	"Lingfield"	"Princess Willow"	"12.00"	"17.97"	"Handicap"	"5"	"14"	"Thomas, Richard"	"Long, J E"	"7f "	"4"	"24"
"19:35:00"	"2012-06-16"	"Lingfield"	"Demoiselle Bond"	"9.00"	"10.83"	"Handicap"	"11"	"14"	"Havlin, Robert"	"Richards, Mrs L"	"7f "	"4"	"4"
"19:05:00"	"2012-06-16"	"Lingfield"	"Glastonberry"	"33.00"	"45.35"	"Handicap"	"13"	"14"	"Doyle, Sophie"	"Deacon, Geoffrey"	"6f "	"4"	"23"
"14:10:00"	"2012-06-16"	"Bath"	"Femme Royale"	"40.00"	"56.19"	"Handicap"	"8"	"14"	"Da Silva, Raul"	"Price, R J"	"1m2f "	"4"	"13"
"18:50:00"	"2012-06-14"	"Haydock"	"Silver Tigress"	"6.50"	"8.07"	"Handicap"	"1"	"8"	"Whillans, Garry"	"Moore, G M"	"1m4f "	"4"	"41"
"17:10:00"	"2012-06-13"	"Yarmouth"	"Passing Moment"	"33.00"	"51.44"	"Handicap"	"8"	"9"	"Tylicki, Frederik"	"Baugh, B P J"	"7f "	"4"	"21"
"15:30:00"	"2012-06-13"	"Beverley"	"Fenella Fudge"	"5.00"	"6.63"	"Handicap"	"1"	"8"	"Gibbons, Graham"	"Shaw, D"	"7.5f "	"4"	"9"
"15:30:00"	"2012-06-13"	"Beverley"	"Lady Gar Gar"	"7.00"	"8.05"	"Handicap"	"6"	"8"	"Swift, Mr Dale"	"Oldroyd, G R"	"7.5f "	"4"	"60"
"14:40:00"	"2012-06-13"	"Yarmouth"	"Young Jackie"	"16.00"	"22"	"Handicap"	"2"	"10"	"Gannon, Catherine"	"Margarson, G G"	"1m2f "	"4"	"19"
"14:40:00"	"2012-06-13"	"Yarmouth"	"Thank You Joy"	"10.00"	"13"	"Handicap"	"6"	"10"	"Tylicki, Frederik"	"Jenkins, J R"	"1m2f "	"4"	"33"
"20:50:00"	"2012-06-11"	"Pontefract"	"Cottam Stella"	"50.00"	"90"	"Handicap"	"12"	"12"	"Winston, Robert"	"Brittain, M"	"6f "	"4"	"31"
"14:45:00"	"2012-06-11"	"Folkestone"	"Litotes"	"50.00"	"70"	"Handicap"	"9"	"11"	"Coumbe, Mark"	"Attwater, M J"	"5f "	"4"	"39"
"21:00:00"	"2012-06-09"	"Windsor"	"Festival Dance"	"8.00"	"9.8"	"Handicap"	"3"	"13"	"Turner, Hayley"	"Hodges, R J"	"5f "	"4"	"11"
"20:15:00"	"2012-06-09"	"Newcastle"	"Cosmic Moon"	"6.00"	"8.24"	"Handicap"	"1"	"8"	"Mathers, Patrick"	"Fahey, R A"	"1m2f "	"4"	"11"
"17:25:00"	"2012-06-09"	"Chester"	"Dazzling Valentine"	"11.00"	"12.79"	"Handicap"	"6"	"11"	"Jones, Liam"	"Bailey, A"	"1m2.5f "	"4"	"8"
"17:25:00"	"2012-06-09"	"Chester"	"Sangar"	"7.00"	"8.4"	"Handicap"	"7"	"11"	"McHugh, B"	"Pears, Ollie"	"1m2.5f "	"4"	"12"
"15:15:00"	"2012-06-09"	"Doncaster"	"Mon Duchess"	"14.00"	"19.5"	"Maiden"	"7"	"8"	"Nolan, D"	"Mullaney, L A"	"5f "	"4"	"26"
"21:00:00"	"2012-06-08"	"Goodwood"	"All Time"	"2.25"	"3.99"	"Maiden"	"4"	"12"	"Donohoe, Stephen"	"Cecil, H R A"	"1m "	"4"	"420"
"21:00:00"	"2012-06-08"	"Goodwood"	"Perfect Outlook"	"66.00"	"277.93"	"Maiden"	"7"	"12"	"ONeill, K T"	"Gask, J R"	"1m "	"4"	"13"
"18:20:00"	"2012-06-08"	"Goodwood"	"A B Celebration"	"100.00"	"312.46"	"Handicap"	"12"	"12"	"Jones, Mr A"	"Bridger, J / Cook, R"	"1m1f "	"4"	"10"
"19:10:00"	"2012-06-06"	"Ripon"	"Decadence"	"7.50"	"8.59"	"Handicap Seller"	"5"	"9"	"Sousa, Silvestre De"	"Tinkler, N"	"1m4f "	"4"	"5"
"17:25:00"	"2012-06-05"	"Leicester"	"Whitecrest"	"9.00"	"12"	"Handicap"	"2"	"9"	"Gannon, Catherine"	"Spearing, J L"	"5f "	"4"	"10"
"17:25:00"	"2012-06-05"	"Leicester"	"Mother Jones"	"7.50"	"9.94"	"Handicap"	"6"	"9"	"Doyle, James"	"Evans, P D"	"5f "	"4"	"14"
"17:20:00"	"2012-06-05"	"Redcar"	"Sovereign Street"	"5.00"	"6.31"	"Handicap Maiden"	"2"	"14"	"Smith, Mr R"	"Duffield, Mrs A"	"6f "	"4"	"347"
"17:20:00"	"2012-06-05"	"Redcar"	"Merrjanah"	"5.50"	"7.4"	"Handicap Maiden"	"6"	"14"	"French, Mr A"	"Wainwright, J S"	"6f "	"4"	"6"
"17:20:00"	"2012-06-05"	"Redcar"	"Under Par"	"3.50"	"4.8"	"Handicap Maiden"	"8"	"14"	"Coward, Miss J"	"Easterby, M W"	"6f "	"4"	"3"
"18:05:00"	"2012-06-04"	"Chepstow"	"Mucky Molly"	"7.00"	"9.9"	"Handicap"	"7"	"9"	"Keniry, L P"	"Maylam, Miss Olivia"	"6f "	"4"	"28"
"17:05:00"	"2012-06-04"	"Redcar"	"Tarantella Lady"	"20.00"	"30"	"Handicap"	"2"	"10"	"McDonald, P J"	"Moore, G M"	"1m6f "	"4"	"27"
"14:25:00"	"2012-06-04"	"Carlisle"	"Ingenti"	"20.00"	"28"	"Handicap"	"3"	"9"	"Aspell, P"	"Wilson, C R"	"5f "	"4"	"15"
"20:50:00"	"2011-06-25"	"Doncaster"	"Eternal Instinct"	"10.00"	"13.02"	"Handicap"	"3"	"12"	"Bartley, Gary"	"Goldie, J S"	"7f "	"4"	"7"
"20:50:00"	"2011-06-25"	"Doncaster"	"Red Scintilla"	"25.00"	"46.3"	"Handicap"	"5"	"12"	"Eaves, Tom"	"Tinkler, N"	"7f "	"4"	"33"
"20:50:00"	"2011-06-25"	"Doncaster"	"Luv U Noo"	"16.00"	"22"	"Handicap"	"6"	"12"	"Winston, Robert"	"Baugh, B P J"	"7f "	"4"	"17"
"16:35:00"	"2011-06-25"	"Windsor"	"Adventure Story"	"20.00"	"33.39"	"Handicap"	"4"	"12"	"Sweeney, Fergus"	"Makin, P J"	"6f "	"4"	"37"
"20:00:00"	"2011-06-24"	"Curragh"	"Ruby Suesday"	"10.00"	"16.19"	"Handicap"	"7"	"22"	"McDonogh, D P"	"Slattery, Andrew"	"5f "	"4"	"12"
"14:50:00"	"2011-06-24"	"Doncaster"	"Noels Princess"	"66.00"	"250"	"Maiden"	"6"	"9"	"Tudhope, Daniel"	"OMeara, D"	"6f "	"4"	"20"
"14:20:00"	"2011-06-23"	"Warwick"	"Isdaal"	"50.00"	"364.31"	"Maiden"	"5"	"9"	"Mitchell, Jack"	"Morgan, K A"	"7f "	"4"	"33"
"17:30:00"	"2011-06-22"	"Salisbury"	"Into The Wind"	"16.00"	"27.99"	"Handicap"	"7"	"12"	"Millman, Mr P"	"Millman, B R"	"7f "	"4"	"293"
"17:30:00"	"2011-06-22"	"Salisbury"	"Cinderella"	"66.00"	"169.47"	"Handicap"	"12"	"12"	"Featherstone, W"	"Featherstone, Lucinda"	"7f "	"4"	"49"
"18:10:00"	"2011-06-21"	"Newbury"	"Goodlukin Lucy"	"7.00"	"9.05"	"Handicap"	"6"	"11"	"Bentley, Harry"	"Eddery, Pat"	"1m3f "	"4"	"22"
"17:15:00"	"2011-06-21"	"Beverley"	"Bossy Kitty"	"8.00"	"10.22"	"Handicap"	"3"	"12"	"Linehan, E D"	"Tinkler, N"	"5f "	"4"	"13"
"16:30:00"	"2011-06-21"	"Brighton"	"Tinkerbell Will"	"50.00"	"82.44"	"Handicap"	"3"	"13"	"Thomas, Richard"	"Long, J E"	"1m "	"4"	"28"
"15:45:00"	"2011-06-21"	"Beverley"	"Just The Tonic"	"12.00"	"18.5"	"Handicap"	"3"	"10"	"Newman, L"	"Fife, Mrs Marjorie"	"7.5f "	"4"	"13"
"18:40:00"	"2011-06-20"	"Windsor"	"On Khee"	"4.00"	"5"	"Handicap"	"3"	"13"	"Hughes, Richard"	"Morrison, H"	"1m2f "	"4"	"21"
"19:15:00"	"2011-06-18"	"Haydock"	"Secret Era"	"10.00"	"21"	"Maiden"	"2"	"11"	"Rogers, James"	"Muir, W R"	"1m "	"4"	"231"
"19:15:00"	"2011-06-18"	"Haydock"	"Prices Lane"	"50.00"	"381.9"	"Maiden"	"9"	"11"	"Simmonson, D M"	"Easterby, M W"	"1m "	"4"	"10"
"20:20:00"	"2011-06-16"	"Leicester"	"Red Yarn"	"5.50"	"7.49"	"Handicap"	"5"	"8"	"Levey, S M"	"Moore, Gary and Josh"	"6f "	"4"	"21"
"20:20:00"	"2011-06-16"	"Leicester"	"Bathwick Xaara"	"6.00"	"7.73"	"Handicap"	"8"	"8"	"Gannon, Catherine"	"Portman, J G"	"6f "	"4"	"15"
"16:10:00"	"2011-06-16"	"Warwick"	"Ellies Image"	"50.00"	"51.92"	"Handicap"	"11"	"12"	"Golam, Saleem"	"Baugh, B P J"	"7f "	"4"	"13"
"14:20:00"	"2011-06-16"	"Warwick"	"Bobbys Doll"	"25.00"	"35.13"	"Maiden"	"4"	"14"	"Beschizza,Adam "	"Clement, T T"	"6f "	"4"	"12"
"20:30:00"	"2011-06-14"	"Brighton"	"Elsies Orphan"	"3.00"	"4.5"	"Handicap"	"1"	"8"	"Keniry, L P"	"Chamings, P R"	"6f "	"4"	"49"
"17:15:00"	"2011-06-14"	"Thirsk"	"Midget"	"33.00"	"45.76"	"Handicap"	"17"	"17"	"Hamilton, Tony"	"Carroll, D"	"5f "	"4"	"44"
"16:05:00"	"2011-06-14"	"Thirsk"	"Velvet Band"	"33.00"	"43.11"	"Handicap"	"10"	"11"	"Norton, Francis"	"Whitaker, R M"	"7f "	"4"	"22"
"15:25:00"	"2011-06-14"	"Thirsk"	"Gypsy Style"	"40.00"	"57.66"	"Handicap"	"12"	"12"	"Hamilton, Tony"	"Walton, Mrs K"	"7f "	"4"	"15"
"15:05:00"	"2011-06-14"	"Ascot"	"Rose Blossom"	"40.00"	"85.68"	"Non-Handicap"	"17"	"19"	"Hanagan, Paul"	"Fahey, R A"	"5f "	"4"	"24"
"21:00:00"	"2011-06-13"	"Windsor"	"Spring Stock"	"28.00"	"32.59"	"Handicap"	"11"	"11"	"Carson, William"	"Powell, B G"	"1m3.5f "	"4"	"245"
"19:40:00"	"2011-06-13"	"Warwick"	"Pipette"	"14.00"	"17.96"	"Non-Handicap"	"9"	"10"	"Mullen, Richard"	"Balding, A M"	"1m3f "	"4"	"16"
"19:00:00"	"2011-06-13"	"Windsor"	"Sweet Secret"	"10.00"	"14"	"Handicap"	"10"	"11"	"Turner, Hayley"	"Gask, J R"	"1m.5f "	"4"	"222"
"16:15:00"	"2011-06-13"	"Carlisle"	"Kathlatino"	"50.00"	"61.13"	"Handicap"	"9"	"9"	"McDonald, P J"	"Hammond, Micky"	"1m1.5f "	"4"	"14"
"17:45:00"	"2011-06-12"	"Cork"	"Ruby Suesday"	"8.00"	"9.13"	"Handicap"	"7"	"12"	"Lee, W J"	"Slattery, Andrew"	"7f "	"4"	"21"
"16:30:00"	"2011-06-12"	"Doncaster"	"Pyjoma"	"100.00"	"305.68"	"Maiden"	"13"	"14"	"Culhane, Tony"	"Feilden, Miss J"	"1m4f "	"4"	"59"
"19:10:00"	"2011-06-11"	"Lingfield"	"Kenswick"	"11.00"	"16.49"	"Handicap"	"1"	"16"	"ONeill, Dane"	"Eddery, Pat"	"7f "	"4"	"26"
"18:40:00"	"2011-06-11"	"Lingfield"	"Yes We Can"	"20.00"	"24"	"Handicap"	"12"	"17"	"Pearce, Simon"	"Gask, J R"	"6f "	"4"	"16"
"18:40:00"	"2011-06-11"	"Lingfield"	"Thalia Grace"	"33.00"	"52.01"	"Handicap"	"15"	"17"	"Millman, James"	"Hall, L Montague"	"6f "	"4"	"203"
"17:40:00"	"2011-06-11"	"Chester"	"Kenyan Cat"	"2.75"	"4.61"	"Handicap"	"1"	"12"	"Nicholls, Adrian T"	"McMahon, E S"	"1m2.5f "	"4"	"24"
"17:40:00"	"2011-06-11"	"Chester"	"Straversjoy"	"16.00"	"20.92"	"Handicap"	"2"	"12"	"Pickard, Paul"	"Hollinshead, R"	"1m2.5f "	"4"	"13"
"18:20:00"	"2011-06-09"	"Haydock"	"Donna Elvira"	"5.00"	"7.26"	"Handicap"	"4"	"10"	"Burke, Julie"	"Tuer, E W"	"1m4f "	"4"	"26"
"16:00:00"	"2011-06-09"	"Nottingham"	"Ela Gonda Mou"	"25.00"	"52.47"	"Maiden"	"5"	"15"	"Winston, Robert"	"Charalambous, P"	"1m.5f "	"4"	"275"
"20:30:00"	"2011-06-08"	"Hamilton"	"Christmas Light"	"10.00"	"12.5"	"Non-Handicap"	"DSQ"	"8"	"Levey, S M"	"OMeara, D"	"1m1f "	"4"	"16"
"17:10:00"	"2011-06-08"	"Yarmouth"	"Kate Skate"	"33.00"	"64.58"	"Handicap"	"4"	"14"	"Eaton, Natasha"	"Kelleway, Miss Gay"	"7f "	"4"	"12"
"17:10:00"	"2011-06-08"	"Yarmouth"	"Avec Moi"	"50.00"	"99.99"	"Handicap"	"8"	"14"	"Gannon, Catherine"	"Dunnett, Mrs C A"	"7f "	"4"	"19"
"16:40:00"	"2011-06-08"	"Yarmouth"	"Graceful Spirit"	"4.00"	"5.3"	"Handicap Maiden"	"4"	"10"	"Morris, Luke"	"Donovan, D"	"1m "	"4"	"9"
"16:40:00"	"2011-06-08"	"Yarmouth"	"Hotfoot"	"3.50"	"5.02"	"Handicap Maiden"	"8"	"10"	"Durcan, Ted"	"Berry, John"	"1m "	"4"	"19"
"15:00:00"	"2011-06-08"	"Beverley"	"Just The Tonic"	"33.00"	"55"	"Handicap"	"5"	"11"	"Hamilton, Tony"	"Fife, Mrs Marjorie"	"7.5f "	"4"	"44"
"15:00:00"	"2011-06-08"	"Beverley"	"Luv U Noo"	"10.00"	"12.5"	"Handicap"	"11"	"11"	"Cannon, Declan"	"Baugh, B P J"	"7.5f "	"4"	"58"
"14:30:00"	"2011-06-08"	"Beverley"	"Bossy Kitty"	"8.00"	"12"	"Handicap"	"11"	"13"	"Guillambert, J-P"	"Tinkler, N"	"5f "	"4"	"9"
"14:30:00"	"2011-06-07"	"Redcar"	"Lets Face Facts"	"4.00"	"5.54"	"Maiden"	"4"	"12"	"Tudhope, Daniel"	"Goldie, J S"	"7f "	"4"	"10"
"14:30:00"	"2011-06-07"	"Redcar"	"Stella Marris"	"66.00"	"184.85"	"Maiden"	"7"	"12"	"Aspell, P"	"Wilson, C R"	"7f "	"4"	"43"
"15:00:00"	"2011-06-06"	"Folkestone"	"Katys Secret"	"4.00"	"6"	"Claimer"	"6"	"10"	"Fallon, K"	"Jarvis, W"	"6f "	"4"	"26"
"19:10:00"	"2010-06-26"	"Doncaster"	"Montego Breeze"	"100.00"	"121.17"	"Handicap"	"9"	"11"	"Cosgrave, Pat"	"Harris, John A"	"7f "	"4"	"17"
"21:20:00"	"2010-06-25"	"Chester"	"Lily Wood"	"20.00"	"30"	"Handicap"	"13"	"13"	"Gannon, Catherine"	"Unett, J W"	"7.5f "	"4"	"8"
"19:40:00"	"2010-06-24"	"Leicester"	"Miss Doodle"	"16.00"	"20"	"Handicap"	"7"	"10"	"Sanders, Seb"	"Houghton, Eve Johnson"	"1m4f "	"4"	"299"
"19:00:00"	"2010-06-24"	"Hamilton"	"Dulce Domum"	"7.00"	"9.98"	"Handicap"	"6"	"9"	"Jones, Miss E J"	"Haynes, A B"	"1m5f "	"4"	"24"
"16:30:00"	"2010-06-22"	"Brighton"	"Top Flight Splash"	"8.50"	"11"	"Handicap"	"3"	"15"	"Lane, Martin"	"Evans, P D"	"6f "	"4"	"16"
"19:20:00"	"2010-06-21"	"Chepstow"	"Liel"	"4.50"	"6.6"	"Handicap"	"10"	"11"	"Fallon, K"	"Meehan, B J"	"5f "	"4"	"16"
"15:45:00"	"2010-06-21"	"Lingfield"	"Herecomethegirls"	"25.00"	"43.36"	"Handicap"	"8"	"13"	"Dean, Jack"	"Turner, W G M"	"1m1f "	"4"	"41"
"14:40:00"	"2010-06-20"	"Pontefract"	"Exopuntia"	"16.00"	"28"	"Handicap"	"10"	"11"	"Stainton, Michael J"	"Feilden, Miss J"	"1m "	"4"	"11"
"17:20:00"	"2010-06-19"	"Redcar"	"Crianza"	"100.00"	"1000"	"Maiden"	"1"	"10"	"Looby, Nora"	"Tinkler, N"	"6f "	"4"	"9"
"21:00:00"	"2010-06-18"	"Goodwood"	"Dubai Gem"	"20.00"	"23.32"	"Handicap"	"8"	"14"	"Mongan, Ian"	"Poulton, Jamie"	"1m1f "	"4"	"18"
"18:25:00"	"2010-06-18"	"Limerick"	"Miss Eze"	"10.00"	"24"	"Handicap"	"1"	"13"	"Mullins, D E"	"Cashman, P F"	"6.5f "	"4"	"14"
"18:10:00"	"2010-06-18"	"Ayr"	"Chichen Daawe"	"5.50"	"8.56"	"Handicap"	"4"	"14"	"Swift, Mr Dale"	"Ellison, B"	"1m "	"4"	"21"
"15:20:00"	"2010-06-18"	"Redcar"	"Maybeme"	"8.00"	"9.45"	"Handicap"	"6"	"8"	"Vickers, Lee"	"Bycroft, N"	"1m2f "	"4"	"13"
"14:45:00"	"2010-06-18"	"Redcar"	"Belvidera"	"150.00"	"1000"	"Maiden"	"12"	"12"	"Culhane, Tony"	"Dunnett, Mrs C A"	"1m2f "	"4"	"15"
"16:10:00"	"2010-06-17"	"Warwick"	"Lily Wood"	"33.00"	"43.14"	"Handicap"	"8"	"11"	"Jones, Liam"	"Unett, J W"	"7f "	"4"	"17"
"15:35:00"	"2010-06-17"	"Warwick"	"Lucys Perfect"	"16.00"	"21.41"	"Handicap"	"10"	"15"	"Catlin, Chris"	"Millman, B R"	"1m3f "	"4"	"7"
"15:35:00"	"2010-06-17"	"Warwick"	"Laura Land"	"33.00"	"56.47"	"Handicap"	"12"	"15"	"Jones, Liam"	"Brisbourne, W M"	"1m3f "	"4"	"38"
"15:35:00"	"2010-06-17"	"Warwick"	"Heart of Tuscany"	"50.00"	"72.79"	"Handicap"	"15"	"15"	"Pearce, Simon"	"Giles, J A T De"	"1m3f "	"4"	"45"
"13:50:00"	"2010-06-17"	"Warwick"	"Croeso Mawr"	"18.00"	"27.52"	"Maiden"	"6"	"11"	"Kirby, Adam"	"Spearing, J L"	"6f "	"4"	"28"
"18:50:00"	"2010-06-16"	"Ripon"	"Suzie Quw"	"4.50"	"6.86"	"Seller"	"1"	"11"	"Farley, Neil"	"Weymes, J R"	"6f "	"4"	"6"
"18:50:00"	"2010-06-16"	"Ripon"	"Needy Mccredie"	"25.00"	"54.71"	"Seller"	"3"	"11"	"Kelly, S B"	"Turner, J R"	"6f "	"4"	"275"
"17:50:00"	"2010-06-16"	"Hamilton"	"Without Equal"	"9.00"	"15"	"Handicap"	"3"	"9"	"Eaton, Sonia"	"Dickman, A"	"1m4f "	"4"	"10"
"17:50:00"	"2010-06-15"	"Thirsk"	"Arriva La Diva"	"11.00"	"15.76"	"Handicap"	"7"	"16"	"Brennan, I J"	"Quinn, J J"	"5f "	"4"	"25"
"17:50:00"	"2010-06-15"	"Thirsk"	"Lady Vivien"	"14.00"	"14.8"	"Handicap"	"11"	"16"	"McDonald, P J"	"Brown, D H"	"5f "	"4"	"15"
"16:05:00"	"2010-06-15"	"Thirsk"	"Darcey"	"25.00"	"38.85"	"Handicap"	"2"	"14"	"Brennan, I J"	"Weaver, Miss Amy"	"7f "	"4"	"24"
"16:05:00"	"2010-06-15"	"Thirsk"	"Clumber Place"	"28.00"	"35.8"	"Handicap"	"7"	"14"	"Eddery, Paul"	"Guest, R C"	"7f "	"4"	"6"
"19:55:00"	"2010-06-14"	"Warwick"	"Uvinza"	"9.00"	"12.5"	"Non-Handicap"	"5"	"11"	"Probert, David"	"Knight, W J"	"1m3f "	"4"	"31"
"17:45:00"	"2010-06-14"	"Carlisle"	"Piste"	"2.25"	"3.7"	"Handicap"	"2"	"9"	"Hanagan, Paul"	"Jackson, Miss T"	"6f "	"4"	"4"
"17:15:00"	"2010-06-14"	"Carlisle"	"Avonlini"	"20.00"	"25.5"	"Handicap"	"7"	"8"	"Sanders, Seb"	"Baugh, B P J"	"6f "	"4"	"16"
"16:45:00"	"2010-06-13"	"Salisbury"	"Perfect Friend"	"7.00"	"13.41"	"Handicap"	"5"	"9"	"Fortune, Jimmy"	"Kirk, S"	"7f "	"4"	"13"
"19:00:00"	"2010-06-12"	"Leicester"	"Singbella"	"8.50"	"10.17"	"Handicap"	"6"	"13"	"OShea, T P"	"Cox, C G"	"1m2f "	"4"	"35"
"17:35:00"	"2010-06-12"	"Bath"	"Perfect Class"	"7.00"	"13.27"	"Handicap"	"6"	"11"	"Morris, Luke"	"Cox, C G"	"1m "	"4"	"20"
"17:00:00"	"2010-06-12"	"Leicester"	"Cape Melody"	"2.75"	"3.86"	"Handicap"	"1"	"9"	"Block, Travis"	"Morrison, H"	"6f "	"4"	"21"
"15:20:00"	"2010-06-12"	"Bath"	"Be Kind"	"50.00"	"80"	"Handicap"	"6"	"10"	"McDonald, Frankie"	"George, Karen"	"1m3.5f "	"4"	"238"
"20:05:00"	"2010-06-11"	"Chepstow"	"Businessmoney Judi"	"50.00"	"111.06"	"Maiden"	"5"	"10"	"Millman, James"	"Millman, B R"	"1m4f "	"4"	"36"
"19:55:00"	"2010-06-11"	"Navan"	"Demo Jo"	"20.00"	"63.1"	"Maiden"	"10"	"10"	"McDonogh, D P"	"Lynam, Edward"	"1m2f "	"4"	"40"
"19:30:00"	"2010-06-11"	"Chepstow"	"Russian Rave"	"8.00"	"12.07"	"Handicap"	"11"	"11"	"Craine, S J"	"Portman, J G"	"7f "	"4"	"20"
"18:55:00"	"2010-06-11"	"Chepstow"	"Bouggie Daize"	"8.50"	"10"	"Handicap Maiden"	"5"	"13"	"Sanders, Seb"	"Cox, C G"	"6f "	"4"	"321"
"17:50:00"	"2010-06-10"	"Newbury"	"Lucys Perfect"	"14.00"	"18.83"	"Handicap"	"11"	"15"	"Millman, Mr P"	"Millman, B R"	"1m2f "	"4"	"18"
"14:50:00"	"2010-06-10"	"Nottingham"	"Piste"	"14.00"	"20"	"Handicap"	"3"	"12"	"Hanagan, Paul"	"Jackson, Miss T"	"6f "	"4"	"17"
"14:40:00"	"2010-06-09"	"Yarmouth"	"Montego Breeze"	"50.00"	"80.63"	"Handicap Maiden"	"10"	"15"	"ODonohoe, D"	"Harris, John A"	"1m "	"4"	"48"
"14:40:00"	"2010-06-09"	"Yarmouth"	"Croeso Ynol"	"12.00"	"16.19"	"Handicap Maiden"	"11"	"15"	"Sanders, Seb"	"Evans, H J"	"1m "	"4"	"266"
"14:30:00"	"2010-06-09"	"Beverley"	"Caledonia Princess"	"28.00"	"48.43"	"Handicap"	"15"	"16"	"Culhane, Tony"	"Brennan, F J"	"5f "	"4"	"55"
"14:30:00"	"2010-06-06"	"Brighton"	"Top Flight Splash"	"14.00"	"23.67"	"Handicap"	"8"	"14"	"Lane, Martin"	"Evans, P D"	"6f "	"4"	"6"
"16:45:00"	"2009-06-26"	"Folkestone"	"Dazzling Begum"	"4.00"	"5.44"	"Handicap"	"3"	"9"	"Kelly, Shane"	"Pearce, J"	"1m4f "	"4"	"17"
"14:50:00"	"2009-06-26"	"Doncaster"	"Pretty Orchid"	"66.00"	"157.95"	"Maiden"	"10"	"11"	"Moriarty, Jamie"	"Midgley, P T"	"6f "	"4"	"296"
"17:00:00"	"2009-06-25"	"Newcastle"	"Lady Jane Digby"	"2.00"	"3.45"	"Non-Handicap"	"1"	"8"	"Fairley, Greg"	"Johnston, M"	"1m2f "	"4"	"10"
"17:00:00"	"2009-06-25"	"Newcastle"	"Syvilla"	"50.00"	"100"	"Non-Handicap"	"2"	"8"	"Carson, William"	"Guest, Rae"	"1m2f "	"4"	"10"
"15:00:00"	"2009-06-23"	"Brighton"	"Isabellas Fancy"	"33.00"	"40.45"	"Handicap"	"9"	"11"	"ONeill, Dane"	"Newcombe, A G"	"1m "	"4"	"51"
"15:00:00"	"2009-06-23"	"Brighton"	"Wild By Nature"	"33.00"	"38.22"	"Handicap"	"10"	"11"	"Coumbe, Mark"	"Leech, P"	"1m "	"4"	"26"
"18:50:00"	"2009-06-22"	"Chepstow"	"Talamahana"	"33.00"	"55"	"Claimer"	"6"	"12"	"Hitchcott, Sam"	"Haynes, A B"	"5f "	"4"	"13"
"18:50:00"	"2009-06-22"	"Chepstow"	"Rose De Rita"	"125.00"	"456.47"	"Claimer"	"11"	"12"	"Kennemore, Russell"	"Grassick, L P"	"5f "	"4"	"208"
"18:40:00"	"2009-06-22"	"Windsor"	"Kashmina"	"6.00"	"8.2"	"Handicap"	"1"	"12"	"Doyle, James"	"West, Miss Sheena"	"1m2f "	"4"	"47"
"18:40:00"	"2009-06-22"	"Windsor"	"Aprils Daughter"	"33.00"	"60"	"Handicap"	"3"	"12"	"Millman, James"	"Millman, B R"	"1m2f "	"4"	"31"
"18:40:00"	"2009-06-22"	"Windsor"	"Carmela Maria"	"3.33"	"4.64"	"Handicap"	"5"	"12"	"Hughes, Richard"	"Williams, S C"	"1m2f "	"4"	"7"
"14:40:00"	"2009-06-21"	"Pontefract"	"Portrush Storm"	"6.00"	"8.37"	"Handicap"	"6"	"8"	"Tudhope, Daniel"	"Carroll, D"	"1m "	"4"	"9"
"14:50:00"	"2009-06-20"	"Redcar"	"One Tou Many"	"12.00"	"14.85"	"Handicap"	"7"	"13"	"Fentiman, Duran"	"Fairhurst, C W"	"1m6f "	"4"	"14"
"18:50:00"	"2009-06-19"	"Goodwood"	"Fleetwood Flame"	"66.00"	"386.24"	"Maiden"	"9"	"9"	"McCarthy, Adrian"	"Brisbourne, W M"	"1m1f "	"4"	"41"
"17:40:00"	"2009-06-19"	"Redcar"	"Rightcar Lewis"	"16.00"	"23"	"Handicap Maiden"	"11"	"12"	"Gannon, Catherine"	"Grayson, Peter"	"5f "	"4"	"11"
"14:45:00"	"2009-06-18"	"Ripon"	"Requisite"	"14.00"	"19.44"	"Handicap"	"1"	"13"	"Hamilton, Tony"	"Wood, I A"	"5f "	"4"	"7"
"14:20:00"	"2009-06-18"	"Warwick"	"Ile Royale"	"25.00"	"64.19"	"Maiden"	"5"	"10"	"Keniry, L P"	"Kittow, W S"	"6f "	"4"	"13"
"15:05:00"	"2009-06-17"	"Ascot"	"Spacious"	"10.00"	"12.5"	"Non-Handicap"	"1"	"9"	"Murtagh, J"	"Fanshawe, J R"	"1m "	"4"	"11"
"15:05:00"	"2009-06-17"	"Ascot"	"Royal Confidence"	"50.00"	"136.08"	"Non-Handicap"	"9"	"9"	"Hills, Michael"	"Hills, B W"	"1m "	"4"	"18"
"19:30:00"	"2009-06-16"	"Yarmouth"	"Superior Duchess"	"3.33"	"4.3"	"Handicap"	"6"	"11"	"Atzeni, Andrea"	"Chapple-Hyam, Jane"	"7f "	"4"	"18"
"15:25:00"	"2009-06-16"	"Thirsk"	"Mey Blossom"	"8.00"	"11.04"	"Handicap"	"5"	"14"	"Stainton, Michael J"	"Whitaker, R M"	"7f "	"4"	"22"
"20:40:00"	"2009-06-15"	"Warwick"	"Carmela Maria"	"11.00"	"14.72"	"Handicap"	"3"	"13"	"Golam, Saleem"	"Williams, S C"	"1m3f "	"4"	"7"
"18:40:00"	"2009-06-15"	"Warwick"	"Flowerbud"	"20.00"	"28.05"	"Handicap"	"10"	"13"	"Tompsett, Miss Isabel"	"Ham, G A"	"1m4.5f "	"4"	"55"
"16:15:00"	"2009-06-14"	"Salisbury"	"Miss Mujanna"	"12.00"	"19.12"	"Handicap"	"1"	"8"	"Guillambert, J-P"	"Akehurst, J"	"7f "	"4"	"60"
"18:50:00"	"2009-06-13"	"Lingfield"	"Love In The Park"	"16.00"	"19.75"	"Handicap"	"2"	"16"	"Mitchell, Jack"	"Brotherton, R"	"7f "	"4"	"18"
"18:40:00"	"2009-06-13"	"Leicester"	"Alyseve"	"100.00"	"289.69"	"Handicap"	"8"	"9"	"Powell, Ryan"	"Dunnett, Mrs C A"	"6f "	"4"	"21"
"16:30:00"	"2009-06-13"	"Bath"	"Oriental Girl"	"4.50"	"6.29"	"Handicap"	"4"	"9"	"Thomas, Richard"	"Geake, J A"	"1m "	"4"	"18"
"20:45:00"	"2009-06-12"	"Chepstow"	"Red Amaryllis"	"50.00"	"114.18"	"Handicap Maiden"	"14"	"14"	"Durcan, Ted"	"Dunlop, H J L"	"6f "	"4"	"7"
"17:15:00"	"2009-06-11"	"Nottingham"	"Proficiency"	"12.00"	"15.79"	"Handicap"	"6"	"16"	"Moriarty, Jamie"	"Walford, T D"	"1m2f "	"4"	"19"
"16:35:00"	"2009-06-11"	"Yarmouth"	"Requisite"	"5.50"	"7.4"	"Handicap"	"3"	"10"	"Baker, George"	"Wood, I A"	"6f "	"4"	"14"
"15:35:00"	"2009-06-11"	"Nottingham"	"Broughtons Silk"	"40.00"	"49.81"	"Maiden"	"10"	"11"	"Fenton, Micky"	"Musson, W J"	"1m.5f "	"4"	"194"
"20:30:00"	"2009-06-10"	"Fairyhouse"	"Red Puma"	"20.00"	"62.21"	"Handicap"	"9"	"18"	"Cleere, M A"	"Doyle, Timothy"	"1m2f "	"4"	"34"
"18:40:00"	"2009-06-10"	"Hamilton"	"Aegean Pride"	"66.00"	"95.96"	"Handicap"	"14"	"15"	"Hogg, Mr Thomas"	"Berry, A"	"6f "	"4"	"37"
"16:50:00"	"2009-06-10"	"Brighton"	"Kalligal"	"9.00"	"17.5"	"Handicap"	"2"	"9"	"Havlin, Robert"	"Ingram, R"	"5.5f "	"4"	"11"
"16:50:00"	"2009-06-10"	"Brighton"	"Blakeshall Diamond"	"20.00"	"22"	"Handicap"	"7"	"9"	"Coumbe, Mark"	"Chamberlain, A J"	"5.5f "	"4"	"5"
"14:45:00"	"2009-06-09"	"Salisbury"	"Talamahana"	"80.00"	"190"	"Claimer"	"10"	"14"	"Cosgrave, Pat"	"Haynes, A B"	"7f "	"4"	"11"
"20:20:00"	"2009-06-08"	"Pontefract"	"Black Dahlia"	"14.00"	"17.94"	"Non-Handicap"	"4"	"8"	"Winston, Robert"	"McCabe, A J"	"1m "	"4"	"6"
"20:20:00"	"2009-06-08"	"Pontefract"	"Amber Moon"	"250.00"	"1000"	"Non-Handicap"	"8"	"8"	"Stokell, Ann"	"Stokell, Miss A"	"1m "	"4"	"35"
"14:15:00"	"2009-06-08"	"Folkestone"	"Rightcar Lewis"	"22.00"	"27"	"Handicap"	"8"	"13"	"Mathers, Patrick"	"Grayson, Peter"	"5f "	"4"	"13"
"21:20:00"	"2008-06-28"	"Doncaster"	"Ducal Pip Squeak"	"33.00"	"48"	"Handicap"	"10"	"11"	"Hanagan, Paul"	"Haynes, A B"	"7f "	"4"	"238"
"21:20:00"	"2008-06-28"	"Doncaster"	"Pennygee"	"40.00"	"170"	"Handicap"	"11"	"11"	"Aspell, P"	"Bowring, S R"	"7f "	"4"	"40"
"20:55:00"	"2008-06-27"	"Newcastle"	"Rue Soleil"	"40.00"	"92.5"	"Handicap"	"14"	"16"	"Fessey, Paul"	"Weymes, J R"	"6f "	"4"	"21"
"18:55:00"	"2008-06-27"	"Newcastle"	"Carefree"	"50.00"	"90.51"	"Handicap"	"8"	"15"	"Sousa, Silvestre De"	"Carr, Mrs R A"	"1m2f "	"4"	"9"
"14:50:00"	"2008-06-27"	"Doncaster"	"Royal Encore"	"10.00"	"17.79"	"Maiden"	"5"	"10"	"Urbina, Oscar"	"Fanshawe, J R"	"6f "	"4"	"293"
"19:25:00"	"2008-06-26"	"Fairyhouse"	"Talk Of Excitment"	"7.50"	"8.21"	"Handicap"	"16"	"18"	"Berry, F M"	"OBrien, Charles"	"7f "	"4"	"53"
"19:40:00"	"2008-06-25"	"Bath"	"Crosby Jemma"	"16.00"	"25"	"Handicap"	"10"	"13"	"Fox, Dominic"	"Weymes, J R"	"1m "	"4"	"14"
"16:50:00"	"2008-06-25"	"Salisbury"	"Bidable"	"66.00"	"90.87"	"Handicap"	"8"	"14"	"Gannon, Catherine"	"Palling, B"	"7f "	"4"	"42"
"18:20:00"	"2008-06-24"	"Newbury"	"Silver Surprise"	"66.00"	"220"	"Handicap"	"12"	"13"	"Metcalfe, Michael"	"Bridger, J / Cook, R"	"1m3f "	"4"	"32"
"17:15:00"	"2008-06-24"	"Beverley"	"Tumbleweed Di"	"16.00"	"12.9"	"Handicap"	"4"	"13"	"Pearce, Simon"	"Oldroyd, G R"	"5f "	"4"	"4"
"14:45:00"	"2008-06-24"	"Beverley"	"Ellies Faith"	"66.00"	"110"	"Claimer"	"6"	"11"	"Elliott, Andrew"	"James, L R"	"1m4f "	"4"	"20"
"20:20:00"	"2008-06-23"	"Chepstow"	"Addiena"	"25.00"	"31.82"	"Maiden"	"3"	"8"	"Gannon, Catherine"	"Palling, B"	"1m "	"4"	"12"
"18:40:00"	"2008-06-23"	"Windsor"	"Rowan River"	"12.00"	"16"	"Handicap"	"4"	"14"	"Kingscote, Richard"	"Dascombe, Tom"	"1m2f "	"4"	"60"
"18:40:00"	"2008-06-23"	"Windsor"	"Muffetts Dream"	"50.00"	"100"	"Handicap"	"9"	"14"	"Carson, Stephen"	"Bridger, J / Cook, R"	"1m2f "	"4"	"31"
"19:45:00"	"2008-06-21"	"Haydock"	"Frill A Minute"	"100.00"	"941"	"Handicap"	"13"	"13"	"Williams, T"	"Siddall, Miss L C"	"6f "	"4"	"28"
"20:30:00"	"2008-06-20"	"Limerick"	"Porto Calero"	"6.00"	"7.2"	"Handicap"	"4"	"15"	"Mullins, D E"	"OBrien, William Coleman"	"1m4f "	"4"	"14"
"19:55:00"	"2008-06-20"	"Goodwood"	"Kens Girl"	"28.00"	"60"	"Handicap"	"9"	"11"	"Keniry, L P"	"Kittow, W S"	"1m "	"4"	"36"
"19:45:00"	"2008-06-20"	"Ayr"	"Ensigns Trick"	"33.00"	"48"	"Handicap"	"2"	"14"	"OShea, T P"	"Brisbourne, W M"	"1m "	"4"	"14"
"18:00:00"	"2008-06-20"	"Newmarket (July)"	"Astroangel"	"8.00"	"12.7"	"Handicap"	"11"	"12"	"Polli, Nicol"	"Tompkins, M H"	"1m "	"4"	"38"
"18:00:00"	"2008-06-20"	"Newmarket (July)"	"Rasmani"	"40.00"	"65"	"Handicap"	"12"	"12"	"Jessop, Rosie"	"Kelleway, Miss Gay"	"1m "	"4"	"9"
"17:50:00"	"2008-06-20"	"Redcar"	"Tumbleweed Di"	"10.00"	"13.62"	"Handicap Maiden"	"6"	"12"	"OHara, Slade"	"Oldroyd, G R"	"5f "	"4"	"9"
"17:50:00"	"2008-06-20"	"Redcar"	"Violets Pride"	"16.00"	"22"	"Handicap Maiden"	"8"	"12"	"Tinkler, Kim"	"Tinkler, N"	"5f "	"4"	"24"
"17:20:00"	"2008-06-19"	"Warwick"	"Giddywell"	"2.75"	"4.04"	"Handicap"	"4"	"10"	"Kennemore, Russell"	"Hollinshead, R"	"1m3f "	"4"	"16"
"16:45:00"	"2008-06-19"	"Warwick"	"Regal Curtsy"	"9.00"	"12.16"	"Handicap"	"7"	"9"	"Mackay, Nicky"	"Chamings, P R"	"1m "	"4"	"15"
"14:20:00"	"2008-06-19"	"Warwick"	"Groundhog Day"	"33.00"	"71.24"	"Maiden"	"11"	"12"	"Mathers, Patrick"	"Balding, J"	"6f "	"4"	"12"
"15:20:00"	"2008-06-18"	"Hamilton"	"Carefree"	"20.00"	"32"	"Handicap"	"5"	"8"	"Fairley, Greg"	"Carr, Mrs R A"	"1m1f "	"4"	"10"
"15:05:00"	"2008-06-18"	"Ascot"	"Selinka"	"25.00"	"36"	"Non-Handicap"	"11"	"13"	"Hughes, Richard"	"Hannon, R"	"1m "	"4"	"11"
"17:20:00"	"2008-06-16"	"Ballinrobe"	"Whereabouts"	"16.00"	"39.07"	"Handicap"	"9"	"16"	"Sullivan, James P"	"Walsh, John J"	"1m1f "	"4"	"29"
"16:45:00"	"2008-06-16"	"Carlisle"	"Flying Valentino"	"8.00"	"12"	"Handicap"	"1"	"13"	"McDonald, P J"	"Swinbank, G A"	"1m "	"4"	"10"
"16:10:00"	"2008-06-15"	"Salisbury"	"Mason Ette"	"4.00"	"5.5"	"Handicap"	"7"	"11"	"Kirby, Adam"	"Cox, C G"	"7f "	"4"	"16"
"18:45:00"	"2008-06-14"	"Leicester"	"Nabra"	"33.00"	"52.67"	"Handicap"	"8"	"9"	"Lawson, Matthew"	"Brittain, M"	"6f "	"4"	"21"
"21:00:00"	"2008-06-13"	"Navan"	"Miss Russmac"	"66.00"	"648.77"	"Maiden"	"10"	"18"	"Harley, M"	"McGlinchey, R"	"1m2f "	"4"	"11"
"17:25:00"	"2008-06-12"	"Newbury"	"Act Three"	"33.00"	"60"	"Handicap"	"9"	"12"	"Featherstone, Mr J P"	"Hamilton-Fairley, Mouse"	"1m2f "	"4"	"232"
"17:25:00"	"2008-06-12"	"Newbury"	"Red Current"	"28.00"	"36.24"	"Handicap"	"10"	"12"	"Flint, R P"	"Harris, R A"	"1m2f "	"4"	"16"
"15:00:00"	"2008-06-12"	"Haydock"	"Cranworth Blaze"	"200.00"	"1001"	"Maiden"	"7"	"16"	"McDonald, P J"	"Etherington, T J"	"6f "	"4"	"33"
"15:00:00"	"2008-06-12"	"Haydock"	"Wee Ellie Coburn"	"200.00"	"1001"	"Maiden"	"12"	"16"	"Williams, T"	"Mullineaux, M"	"6f "	"4"	"16"
"20:40:00"	"2008-06-11"	"Hamilton"	"Miss Percy"	"25.00"	"36.86"	"Seller"	"12"	"12"	"Nicholls, Adrian T"	"McInnes, I W"	"1m.5f "	"4"	"16"
"16:50:00"	"2008-06-11"	"Beverley"	"Rasmani"	"33.00"	"92.77"	"Maiden"	"7"	"12"	"Kennemore, Russell"	"Kelleway, Miss Gay"	"7.5f "	"4"	"19"
"16:20:00"	"2008-06-11"	"Beverley"	"Metal Guru"	"12.00"	"15.5"	"Handicap"	"1"	"15"	"Kennemore, Russell"	"Hollinshead, R"	"5f "	"4"	"9"
"16:20:00"	"2008-06-11"	"Beverley"	"Tumbleweed Di"	"16.00"	"26.81"	"Handicap"	"8"	"15"	"OHara, Slade"	"Oldroyd, G R"	"5f "	"4"	"22"
"16:20:00"	"2008-06-11"	"Beverley"	"Sharp Indian"	"66.00"	"140"	"Handicap"	"15"	"15"	"Mullen, Andrew"	"Ratcliffe, W J H"	"5f "	"4"	"16"
"15:40:00"	"2008-06-11"	"Nottingham"	"Addiena"	"16.00"	"26.06"	"Maiden"	"6"	"12"	"Gannon, Catherine"	"Palling, B"	"1m.5f "	"4"	"16"
"20:20:00"	"2008-06-09"	"Pontefract"	"Folly Lodge"	"16.00"	"22"	"Non-Handicap"	"5"	"9"	"Buick, William"	"Wragg, G"	"1m "	"4"	"12"
"20:20:00"	"2008-06-09"	"Pontefract"	"Impetious"	"50.00"	"70"	"Non-Handicap"	"8"	"9"	"Nicholls, Adrian T"	"Tyrrell, Eamon"	"1m "	"4"	"37"
"20:20:00"	"2008-06-09"	"Pontefract"	"Treat"	"3.33"	"5.2"	"Non-Handicap"	"9"	"9"	"Moore, Ryan"	"Dunlop, E A L"	"1m "	"4"	"318"
"17:10:00"	"2007-06-30"	"Newmarket (July)"	"Whistleupthewind"	"16.00"	"0"	"Handicap"	"3"	"11"	"May, K"	"Eustace, J M P"	"7f "	"4"	"25"
"14:30:00"	"2007-06-30"	"Windsor"	"Batchworth Fleur"	"33.00"	"0"	"Maiden"	"2"	"9"	"Carson, Stephen"	"Wheeler, E A"	"6f "	"4"	"7"
"16:00:00"	"2007-06-29"	"Folkestone"	"Madam Patti"	"100.00"	"0"	"Maiden"	"6"	"10"	"Kinsella, David"	"Ingram, R"	"5f "	"4"	"45"
"21:30:00"	"2007-06-28"	"Hamilton"	"Newkeylets"	"16.00"	"0"	"Handicap"	"14"	"14"	"Eaves, Tom"	"Semple, I"	"6f "	"4"	"36"
"21:10:00"	"2007-06-27"	"Bath"	"Jucebabe"	"8.00"	"0"	"Handicap"	"4"	"10"	"Halford, Marc"	"Spearing, J L"	"5.5f "	"4"	"18"
"14:00:00"	"2007-06-25"	"Musselburgh"	"Tillys Dream"	"4.50"	"0"	"Handicap"	"1"	"10"	"Mullen, Andrew"	"McEntee, P S"	"5f "	"4"	"4"
"15:30:00"	"2007-06-24"	"Warwick"	"Serene Dancer"	"33.00"	"0"	"Maiden"	"9"	"12"	"Bazeley, N"	"Dutfield, Mrs P N"	"7f "	"4"	"413"
"20:00:00"	"2007-06-23"	"Lingfield"	"Batchworth Fleur"	"100.00"	"0"	"Maiden"	"7"	"18"	"Keniry, L P"	"Wheeler, E A"	"6f "	"4"	"23"
"20:00:00"	"2007-06-23"	"Lingfield"	"Maiden Investor"	"100.00"	"0"	"Maiden"	"11"	"18"	"Catlin, Chris"	"Saunders, M S"	"6f "	"4"	"39"
"20:00:00"	"2007-06-23"	"Lingfield"	"Exotic Venture"	"8.00"	"0"	"Maiden"	"12"	"18"	"Baker, George"	"Beckett, R M"	"6f "	"4"	"30"
"19:45:00"	"2007-06-23"	"Haydock"	"Misphire"	"10.00"	"0"	"Handicap"	"1"	"10"	"Holland, Darryll"	"Dods, M"	"6f "	"4"	"4"
"19:30:00"	"2007-06-23"	"Lingfield"	"Kasumi"	"7.00"	"0"	"Handicap"	"1"	"15"	"Block, Travis"	"Morrison, H"	"7.5f "	"4"	"42"
"19:30:00"	"2007-06-23"	"Lingfield"	"Halfwaytoparadise"	"66.00"	"0"	"Handicap"	"13"	"15"	"Dean, Tolley"	"Turner, W G M"	"7.5f "	"4"	"10"
"16:45:00"	"2007-06-23"	"Redcar"	"Sheriff Star"	"100.00"	"0"	"Claimer"	"12"	"12"	"OShea, T P"	"Kelly, G P"	"7f "	"4"	"29"
"20:55:00"	"2007-06-22"	"Limerick"	"Sports Casual"	"10.00"	"0"	"Handicap"	"7"	"16"	"Foley, Shane"	"Halford, M"	"1m4f "	"4"	"20"
"19:50:00"	"2007-06-22"	"Musselburgh"	"Skyelady"	"4.50"	"0"	"Handicap"	"1"	"11"	"Eaves, Tom"	"Barron, T D"	"7f "	"4"	"27"
"19:05:00"	"2007-06-22"	"Newmarket (July)"	"Bronze Star"	"5.00"	"0"	"Handicap"	"3"	"15"	"McEvoy, Kerrin"	"Fanshawe, J R"	"1m4f "	"4"	"23"
"18:50:00"	"2007-06-22"	"Musselburgh"	"Arcangela"	"40.00"	"0"	"Handicap"	"13"	"14"	"Waggott, Mr J"	"Waggott, Miss Tracy"	"2m "	"4"	"20"
"18:00:00"	"2007-06-22"	"Newmarket (July)"	"Al Rayanah"	"33.00"	"0"	"Handicap"	"6"	"15"	"Milczarek, Kirsty"	"Prodromou, G"	"1m "	"4"	"23"
"18:00:00"	"2007-06-22"	"Newmarket (July)"	"Magical Music"	"16.00"	"0"	"Handicap"	"15"	"15"	"Bruning, Josephine"	"Pearce, J"	"1m "	"4"	"46"
"17:45:00"	"2007-06-22"	"Redcar"	"Miacarla"	"14.00"	"0"	"Handicap Maiden"	"1"	"13"	"Enstone, Lee"	"Berry, A"	"5f "	"4"	"43"
"17:20:00"	"2007-06-22"	"Ayr"	"City Miss"	"66.00"	"0"	"Handicap"	"7"	"9"	"Mernagh, Dean"	"Perratt, Miss L A"	"1m1f "	"4"	"9"
"20:30:00"	"2007-06-21"	"Beverley"	"Silver Sail"	"12.00"	"0"	"Handicap"	"8"	"15"	"Fentiman, Duran"	"Wainwright, J S"	"1m2f "	"4"	"15"
"20:30:00"	"2007-06-21"	"Beverley"	"Rose Muwasim"	"33.00"	"0"	"Handicap"	"10"	"15"	"Eddery, Paul"	"Parr, S"	"1m2f "	"4"	"8"
"16:00:00"	"2007-06-20"	"Hamilton"	"Luloah"	"20.00"	"0"	"Claimer"	"2"	"11"	"Hamblett, J P"	"Oshea, J G M"	"5f "	"4"	"22"
"15:20:00"	"2007-06-20"	"Hamilton"	"Reveur"	"10.00"	"0"	"Handicap"	"7"	"11"	"Cosgrave, Pat"	"Burke, K R"	"1m1f "	"4"	"44"
"15:05:00"	"2007-06-20"	"Ascot"	"Nannina"	"3.00"	"0"	"Non-Handicap"	"1"	"9"	"Fortune, Jimmy"	"Gosden, J H M"	"1m "	"4"	"19"
"18:30:00"	"2007-06-19"	"Yarmouth"	"Shaika"	"7.00"	"0"	"Handicap"	"9"	"11"	"Golam, Saleem"	"Prodromou, G"	"1m2f "	"4"	"20"
"20:45:00"	"2007-06-18"	"Warwick"	"Dash To The Front"	"33.00"	"0"	"Non-Handicap"	"1"	"9"	"Urbina, Oscar"	"Fanshawe, J R"	"1m3f "	"4"	"19"
"15:15:00"	"2007-06-18"	"Carlisle"	"Making Music"	"10.00"	"0"	"Handicap"	"14"	"17"	"Allan, David"	"Easterby, T D"	"6f "	"4"	"42"
"16:00:00"	"2007-06-17"	"Salisbury"	"Our Faye"	"10.00"	"0"	"Handicap"	"1"	"10"	"Baker, George"	"Kirk, S"	"7f "	"4"	"234"
"18:55:00"	"2007-06-16"	"Lingfield"	"Double Valentine"	"16.00"	"0"	"Handicap"	"12"	"17"	"Havlin, Robert"	"Ingram, R"	"7f "	"4"	"2"
"16:35:00"	"2007-06-16"	"Bath"	"Spoilsport"	"14.00"	"0"	"Handicap"	"6"	"8"	"Turner, Hayley"	"Butler, G A"	"1m "	"4"	"17"
"17:10:00"	"2007-06-13"	"Nottingham"	"Rose Muwasim"	"50.00"	"0"	"Handicap"	"13"	"14"	"Gibson, Dale"	"Parr, S"	"1m2f "	"4"	"9"
"16:20:00"	"2007-06-13"	"Beverley"	"Princess Cleo"	"5.00"	"0"	"Handicap"	"2"	"15"	"Fenton, Micky"	"Easterby, T D"	"5f "	"4"	"21"
"16:20:00"	"2007-06-13"	"Beverley"	"Smart Cassie"	"80.00"	"0"	"Handicap"	"9"	"15"	"Slattery, Vince"	"Evans, H J"	"5f "	"4"	"33"
"16:20:00"	"2007-06-13"	"Beverley"	"Tilsworth Charlie"	"5.00"	"0"	"Handicap"	"10"	"15"	"Darley, K"	"Jenkins, J R"	"5f "	"4"	"8"
"16:00:00"	"2007-06-13"	"Brighton"	"The Jailer"	"12.00"	"0"	"Claimer"	"2"	"8"	"Metcalfe, Michael"	"Oshea, J G M"	"1m "	"4"	"14"
"16:00:00"	"2007-06-12"	"Redcar"	"Rambling Socks"	"40.00"	"0"	"Maiden"	"10"	"12"	"Fentiman, Duran"	"Bowring, S R"	"1m "	"4"	"11"
"14:45:00"	"2007-06-12"	"Salisbury"	"Chalentina"	"7.50"	"0"	"Claimer"	"3"	"17"	"Mongan, Ian"	"Howling, P"	"7f "	"4"	"31"
"14:45:00"	"2007-06-12"	"Salisbury"	"Safari"	"100.00"	"0"	"Claimer"	"13"	"17"	"Stack, Emmett"	"Chamberlain, A J"	"7f "	"4"	"6"
"14:45:00"	"2007-06-12"	"Salisbury"	"Alwariah"	"33.00"	"0"	"Claimer"	"15"	"17"	"Doyle, James"	"Doyle, Ms J S"	"7f "	"4"	"7"
"20:45:00"	"2006-06-24"	"Warwick"	"Look Heres May"	"100.00"	"0"	"Maiden"	"5"	"8"	"Kennemore, Russell"	"Hollinshead, R"	"7f "	"4"	"53"
"17:40:00"	"2006-06-24"	"Ayr"	"Monda"	"20.00"	"0"	"Handicap"	"5"	"10"	"Mulrennan, Paul"	"Camacho, Miss J A"	"6f "	"4"	"210"
"20:50:00"	"2006-06-23"	"Limerick"	"Fatima"	"6.00"	"0"	"Handicap"	"7"	"16"	"Murtagh, J"	"Halford, M"	"1m4f "	"4"	"14"
"19:00:00"	"2006-06-23"	"Newmarket (July)"	"Ten-Cents"	"10.00"	"0"	"Handicap"	"10"	"11"	"Ahern, Eddie"	"Wall, C F"	"1m4f "	"4"	"23"
"17:45:00"	"2006-06-23"	"Goodwood"	"Piper Lily"	"20.00"	"0"	"Handicap"	"12"	"12"	"Reynolds, Laura"	"Blanshard, M"	"6f "	"4"	"49"
"15:35:00"	"2006-06-23"	"Ayr"	"Saluscraggie"	"9.00"	"0"	"Handicap"	"8"	"13"	"Brown, Neil"	"Reveley, K G"	"1m2f "	"4"	"16"
"17:45:00"	"2006-06-22"	"Ripon"	"Galloping Gertie"	"100.00"	"0"	"Handicap"	"16"	"18"	"Gibson, Dale"	"Hetherton, J"	"1m "	"4"	"19"
"18:40:00"	"2006-06-21"	"Ripon"	"Hows That"	"33.00"	"0"	"Seller"	"3"	"19"	"Donaghy, Patrick"	"Burke, K R"	"6f "	"4"	"18"
"18:40:00"	"2006-06-21"	"Ripon"	"Graceful Flight"	"100.00"	"0"	"Seller"	"13"	"19"	"Pickard, Frankie"	"Midgley, P T"	"6f "	"4"	"50"
"18:40:00"	"2006-06-21"	"Ripon"	"Ms Polly Garter"	"100.00"	"0"	"Seller"	"16"	"19"	"Savage, Barry"	"Bradley, J M"	"6f "	"4"	"4"
"18:40:00"	"2006-06-21"	"Ripon"	"World At My Feet"	"7.00"	"0"	"Seller"	"18"	"19"	"Heslop, Dean"	"Bycroft, N"	"6f "	"4"	"7"
"15:10:00"	"2006-06-21"	"Ascot"	"Zayn Zen"	"25.00"	"0"	"Non-Handicap"	"4"	"10"	"Robinson, Philip"	"Jarvis, M A"	"1m "	"4"	"19"
"20:05:00"	"2006-06-20"	"Brighton"	"Granary Girl"	"5.00"	"0"	"Seller"	"6"	"9"	"Quinn, Jimmy"	"Pearce, J"	"1m "	"4"	"19"
"18:35:00"	"2006-06-20"	"Brighton"	"Danzare"	"16.00"	"0"	"Handicap"	"4"	"8"	"Chalmers, Neil"	"Hamilton-Fairley, Mrs A J"	"1m2f "	"4"	"3"
"17:45:00"	"2006-06-20"	"Thirsk"	"Rockburst"	"100.00"	"0"	"Handicap"	"10"	"12"	"Pollard, Neil"	"Burke, K R"	"7f "	"4"	"12"
"20:35:00"	"2006-06-19"	"Windsor"	"Muscari"	"100.00"	"0"	"Maiden"	"7"	"16"	"McDonald, Frankie"	"Jarvis, A P"	"1m2f "	"4"	"12"
"15:15:00"	"2006-06-19"	"Carlisle"	"Aqua"	"100.00"	"0"	"Handicap"	"12"	"12"	"Moore, Rory"	"Midgley, P T"	"1m "	"4"	"16"
"14:45:00"	"2006-06-19"	"Carlisle"	"Jenna Stannis"	"66.00"	"0"	"Claimer"	"11"	"12"	"Fanning, Joe"	"Storey, W"	"1m1.5f "	"4"	"12"
"19:35:00"	"2006-06-17"	"Lingfield"	"Four Pleasure"	"66.00"	"0"	"Handicap"	"13"	"14"	"Keniry, L P"	"Hales, A M"	"7f "	"4"	"16"
"18:45:00"	"2006-06-17"	"Leicester"	"Depressed"	"6.00"	"0"	"Handicap"	"8"	"9"	"Egan, John"	"Oertel, Ernst"	"6f "	"4"	"23"
"17:35:00"	"2006-06-17"	"Bath"	"Ruling Reef"	"20.00"	"0"	"Handicap"	"8"	"16"	"Horton, Miss Ashleigh"	"Usher, M D I"	"1m2f "	"4"	"25"
"18:35:00"	"2006-06-15"	"Brighton"	"Barachois Gaudy"	"16.00"	"0"	"Claimer"	"7"	"8"	"Kingscote, Richard"	"Smith, Mrs N"	"1m "	"4"	"30"
"16:40:00"	"2006-06-15"	"Yarmouth"	"Highland Cascade"	"22.00"	"0"	"Handicap"	"5"	"11"	"Kelly, Shane"	"Eustace, J M P"	"6f "	"4"	"12"
"21:45:00"	"2006-06-14"	"Hamilton"	"Shatin Leader"	"16.00"	"0"	"Handicap"	"10"	"13"	"Winston, Robert"	"Perratt, Miss L A"	"5f "	"4"	"6"
"20:00:00"	"2006-06-14"	"Leopardstown"	"Lee Applause"	"14.00"	"0"	"Handicap"	"1"	"20"	"Timmons, C D"	"Harty, Edward and Patrick"	"1m "	"4"	"8"
"20:00:00"	"2006-06-14"	"Leopardstown"	"Vintage Quest"	"25.00"	"0"	"Handicap"	"10"	"20"	"Levey, S M"	"Oliver, Andrew"	"1m "	"4"	"12"
"16:40:00"	"2006-06-14"	"Beverley"	"Muara"	"5.00"	"0"	"Handicap"	"1"	"19"	"Lawson, Mark"	"Barker, D W"	"5f "	"4"	"6"
"16:40:00"	"2006-06-14"	"Beverley"	"World At My Feet"	"12.00"	"0"	"Handicap"	"7"	"19"	"France, Suzzanne"	"Bycroft, N"	"5f "	"4"	"48"
"16:40:00"	"2006-06-14"	"Beverley"	"Stephanies Mind"	"11.00"	"0"	"Handicap"	"18"	"19"	"Spencer, Jamie"	"Quinn, M"	"5f "	"4"	"30"
"14:45:00"	"2006-06-13"	"Salisbury"	"Kilmeena Magic"	"50.00"	"0"	"Claimer"	"9"	"16"	"Dobbs, Pat"	"Fox, J C"	"7f "	"4"	"6"
"15:45:00"	"2006-06-12"	"Folkestone"	"Liameliss"	"40.00"	"0"	"Handicap"	"8"	"12"	"Walsh, Joseph"	"Allen, M A"	"1m4f "	"4"	"265"
"15:45:00"	"2006-06-12"	"Folkestone"	"Lasting Image"	"25.00"	"0"	"Handicap"	"10"	"12"	"Jones, Liam"	"Williams, S C"	"1m4f "	"4"	"296"
"20:35:00"	"2006-06-10"	"Newbury"	"Palais Polaire"	"14.00"	"0"	"Handicap"	"4"	"14"	"Thomas, Richard"	"Geake, J A"	"7f "	"4"	"11"
"20:35:00"	"2006-06-10"	"Newbury"	"Missed A Beat"	"16.00"	"0"	"Handicap"	"7"	"14"	"Catlin, Chris"	"Blanshard, M"	"7f "	"4"	"39"
"15:00:00"	"2006-06-10"	"Lingfield"	"Starduster"	"6.00"	"0"	"Handicap"	"1"	"10"	"Drowne, Steve"	"Millman, B R"	"5f "	"4"	"15"
"17:20:00"	"2006-06-09"	"Catterick"	"Algorithm"	"80.00"	"0"	"Handicap"	"9"	"12"	"Fentiman, Duran"	"Easterby, T D"	"7f "	"4"	"10"
"15:00:00"	"2006-06-08"	"Hamilton"	"The Keep"	"40.00"	"0"	"Claimer"	"4"	"9"	"Aspell, Donna"	"Barr, R E"	"6f "	"4"	"222"
"15:00:00"	"2006-06-08"	"Hamilton"	"Shatin Leader"	"20.00"	"0"	"Claimer"	"5"	"9"	"Chin, Stanley"	"Perratt, Miss L A"	"6f "	"4"	"17"
"15:00:00"	"2006-06-08"	"Hamilton"	"Rockburst"	"3.50"	"0"	"Claimer"	"5"	"9"	"Elliott, Andrew"	"Burke, K R"	"6f "	"4"	"299"
"14:50:00"	"2006-06-08"	"Haydock"	"Rogue (OLD)"	"50.00"	"0"	"Maiden"	"2"	"10"	"McCarthy, Adrian"	"Southcombe, Jane"	"6f "	"4"	"32"
"14:30:00"	"2006-06-08"	"Hamilton"	"Muara"	"8.00"	"0"	"Handicap"	"10"	"13"	"Fanning, Joe"	"Barker, D W"	"5f "	"4"	"43"
"19:10:00"	"2006-06-07"	"Ripon"	"Pitsi Kahtoh"	"7.50"	"0"	"Handicap Seller"	"5"	"10"	"McCarthy, Adrian"	"Hiatt, P W"	"1m4f "	"4"	"9"
"19:10:00"	"2006-06-07"	"Ripon"	"Dimashq"	"7.00"	"0"	"Handicap Seller"	"8"	"10"	"Makin, Phillip"	"Thompson, Ronald"	"1m4f "	"4"	"28"
"17:40:00"	"2006-06-07"	"Nottingham"	"Saluscraggie"	"25.00"	"0"	"Handicap"	"3"	"11"	"Reveley, James"	"Reveley, K G"	"1m2f "	"4"	"12"
"16:20:00"	"2006-06-07"	"Lingfield"	"Love Always"	"33.00"	"0"	"Handicap"	"5"	"10"	"Dobbs, Pat"	"Dow, S"	"1m2f "	"4"	"43"
"16:20:00"	"2006-06-07"	"Lingfield"	"Azizam (OLD)"	"7.00"	"0"	"Handicap"	"10"	"10"	"Munro, Alan"	"Chapple-Hyam, P W"	"1m2f "	"4"	"32"
"15:30:00"	"2006-06-06"	"Lingfield"	"Blue Line"	"33.00"	"0"	"Handicap"	"4"	"18"	"Catlin, Chris"	"Madgwick, M"	"7f "	"4"	"19"
"17:00:00"	"2006-06-05"	"Leicester"	"Whitethorne"	"8.00"	"0"	"Handicap"	"1"	"12"	"Fairley, Greg"	"Fahey, R A"	"7f "	"4"	"233"
"16:20:00"	"2006-06-04"	"Brighton"	"Sailing Days"	"20.00"	"0"	"Handicap"	"PU"	"14"	"Ahern, Eddie"	"Cyzer, C A"	"1m2f "	"4"	"277"
"15:20:00"	"2006-06-04"	"Brighton"	"Attishoe"	"12.00"	"0"	"Seller"	"13"	"15"	"Drowne, Steve"	"Sanders, Miss B"	"7f "	"4"	"20"
"14:50:00"	"2006-06-04"	"Brighton"	"Della Salute"	"8.00"	"0"	"Handicap"	"8"	"9"	"Fenton, Micky"	"Lavelle, Miss E C"	"7f "	"4"	"36"
"21:20:00"	"2005-06-25"	"Doncaster"	"Sierra"	"25.00"	"0"	"Handicap"	"4"	"15"	"Fitzpatrick, Robbie"	"Carroll, A W"	"7f "	"4"	"13"
"21:20:00"	"2005-06-25"	"Doncaster"	"Set Alight"	"14.00"	"0"	"Handicap"	"11"	"15"	"Milczarek, Kirsty"	"Dunnett, Mrs C A"	"7f "	"4"	"21"
"21:05:00"	"2005-06-25"	"Lingfield"	"Humility"	"33.00"	"0"	"Handicap"	"7"	"8"	"Souza, Nelson De"	"Cyzer, C A"	"5f "	"4"	"13"
"16:30:00"	"2005-06-25"	"Windsor"	"Mirasol Princess"	"7.00"	"0"	"Handicap"	"5"	"16"	"Quinn, T"	"Ivory, D K"	"6f "	"4"	"7"
"19:00:00"	"2005-06-23"	"Hamilton"	"Liferaft"	"50.00"	"0"	"Handicap"	"10"	"10"	"Robson, Miss P"	"Morgan, K A"	"1m5f "	"4"	"29"
"14:30:00"	"2005-06-23"	"Thirsk"	"Cornish Gold"	"100.00"	"0"	"Seller"	"15"	"18"	"Tudhope, Daniel"	"Thompson, D W"	"1m "	"4"	"44"
"18:40:00"	"2005-06-22"	"Bath"	"Parisi Princess"	"100.00"	"0"	"Handicap"	"15"	"15"	"Moore, Mrs S"	"Williams, D L"	"1m2f "	"4"	"9"
"19:00:00"	"2005-06-21"	"Ballinrobe"	"Meadow"	"7.00"	"0"	"Handicap"	"5"	"15"	"Hussey, M C"	"Cashman, P F"	"6f "	"4"	"32"
"16:15:00"	"2005-06-21"	"Beverley"	"Cemgraft"	"66.00"	"0"	"Handicap"	"11"	"14"	"Lawson, Mark"	"Brennan, O"	"7.5f "	"4"	"11"
"16:00:00"	"2005-06-20"	"Musselburgh"	"Stargem"	"3.00"	"0"	"Handicap"	"2"	"8"	"Kirby, Adam"	"Pearce, J"	"5f "	"4"	"14"
"16:00:00"	"2005-06-20"	"Musselburgh"	"Champagne Cracker"	"11.00"	"0"	"Handicap"	"5"	"8"	"Fessey, Paul"	"Semple, I"	"5f "	"4"	"12"
"15:00:00"	"2005-06-19"	"Warwick"	"Under My Spell"	"16.00"	"0"	"Handicap"	"4"	"13"	"Donohoe, Stephen"	"Evans, P D"	"6f "	"4"	"15"
"14:40:00"	"2005-06-19"	"Pontefract"	"Fairlie"	"6.50"	"0"	"Handicap"	"2"	"11"	"Culhane, Tony"	"Reveley, K G"	"1m "	"4"	"23"
"20:00:00"	"2005-06-18"	"Lingfield"	"Lady Mo"	"16.00"	"0"	"Handicap"	"12"	"12"	"McCarthy, Adrian"	"Margarson, G G"	"7.5f "	"4"	"17"
"19:00:00"	"2005-06-18"	"Lingfield"	"Intriguing Glimpse"	"3.50"	"0"	"Handicap"	"1"	"9"	"McDonald, Frankie"	"Sanders, Miss B"	"5f "	"4"	"6"
"19:00:00"	"2005-06-18"	"Lingfield"	"Mirasol Princess"	"8.00"	"0"	"Handicap"	"4"	"9"	"Savage, M"	"Ivory, D K"	"5f "	"4"	"6"
"18:45:00"	"2005-06-18"	"Warwick"	"Magari"	"25.00"	"0"	"Handicap"	"11"	"17"	"Jones, Miss E J"	"Brisbourne, W M"	"1m "	"4"	"245"
"18:45:00"	"2005-06-18"	"Warwick"	"Danettie"	"33.00"	"0"	"Handicap"	"12"	"17"	"Collington, Mr P"	"Brisbourne, W M"	"1m "	"4"	"9"
"18:45:00"	"2005-06-18"	"Warwick"	"Morag"	"16.00"	"0"	"Handicap"	"17"	"17"	"Martin, Mr C"	"Wood, I A"	"1m "	"4"	"11"
"16:45:00"	"2005-06-18"	"Redcar"	"Key In"	"20.00"	"0"	"Handicap"	"14"	"16"	"McGaffin, Derek"	"Fahey, R A"	"1m6f "	"4"	"8"
"19:00:00"	"2005-06-17"	"Newmarket (July)"	"Red Sail"	"33.00"	"0"	"Handicap"	"6"	"14"	"Kelly, Shane"	"Scargill, Dr J D"	"1m4f "	"4"	"16"
"17:05:00"	"2005-06-17"	"Redcar"	"Aggi Mac"	"50.00"	"0"	"Claimer"	"6"	"9"	"France, Suzzanne"	"Bycroft, N"	"1m2f "	"4"	"10"
"18:45:00"	"2005-06-16"	"Beverley"	"Apsara"	"7.00"	"0"	"Handicap"	"3"	"8"	"Tudhope, Daniel"	"Moore, G M"	"1m2f "	"4"	"15"
"18:45:00"	"2005-06-16"	"Beverley"	"Safirah"	"9.00"	"0"	"Handicap"	"4"	"8"	"Swarbrick, Ben"	"Brisbourne, W M"	"1m2f "	"4"	"9"
"18:45:00"	"2005-06-16"	"Beverley"	"Rosie Mac"	"25.00"	"0"	"Handicap"	"6"	"8"	"France, Suzzanne"	"Bycroft, N"	"1m2f "	"4"	"20"
"17:40:00"	"2005-06-16"	"Newbury"	"Elvina"	"16.00"	"0"	"Handicap"	"3"	"14"	"Halford, Marc"	"Newcombe, A G"	"5f "	"4"	"8"
"15:20:00"	"2005-06-15"	"Hamilton"	"Lyford Lass"	"33.00"	"0"	"Handicap"	"3"	"8"	"Fentiman, Duran"	"Harrison, W G"	"1m1f "	"4"	"13"
"15:20:00"	"2005-06-15"	"Hamilton"	"Bottomless Wallet"	"16.00"	"0"	"Handicap"	"7"	"8"	"Hamilton, Tony"	"Watson, F"	"1m1f "	"4"	"21"
"21:15:00"	"2005-06-13"	"Warwick"	"Majestic Star"	"6.50"	"0"	"Handicap"	"2"	"15"	"Urbina, Oscar"	"Ryan, M J"	"1m "	"4"	"12"
"18:45:00"	"2005-06-13"	"Warwick"	"Daydream Dancer"	"1.88"	"0"	"Handicap"	"3"	"15"	"Kirby, Adam"	"Cox, C G"	"1m3f "	"4"	"14"
"16:15:00"	"2005-06-13"	"Brighton"	"Sunshine On Me"	"2.50"	"0"	"Handicap"	"5"	"12"	"Sanders, Seb"	"Wall, C F"	"1m2f "	"4"	"58"
"16:15:00"	"2005-06-13"	"Brighton"	"Lenwade"	"14.00"	"0"	"Handicap"	"10"	"12"	"McCarthy, Adrian"	"Margarson, G G"	"1m2f "	"4"	"12"
"16:40:00"	"2005-06-12"	"Salisbury"	"Sierra"	"33.00"	"0"	"Handicap"	"4"	"10"	"Kelly, Shane"	"Carroll, A W"	"7f "	"4"	"16"
"16:40:00"	"2005-06-12"	"Salisbury"	"Humility"	"40.00"	"0"	"Handicap"	"5"	"10"	"Munro, Alan"	"Cyzer, C A"	"7f "	"4"	"10"
"16:30:00"	"2005-06-12"	"Doncaster"	"Firebird (OLD)"	"14.00"	"0"	"Maiden"	"7"	"15"	"ONeill, Dane"	"Candy, H"	"6f "	"4"	"10"
"18:45:00"	"2005-06-11"	"Leicester"	"Indiana Blues"	"20.00"	"0"	"Handicap"	"3"	"14"	"Rawiller, Nash"	"Balding, A M"	"6f "	"4"	"5"
"18:45:00"	"2005-06-11"	"Leicester"	"Flame Queen (OLD)"	"25.00"	"0"	"Handicap"	"13"	"14"	"Milczarek, Kirsty"	"Dunnett, Mrs C A"	"6f "	"4"	"242"
"17:00:00"	"2005-06-10"	"Catterick"	"Key In"	"33.00"	"0"	"Handicap"	"7"	"9"	"Parkin, Gyles"	"Fahey, R A"	"2m "	"4"	"38"
"16:30:00"	"2005-06-10"	"Catterick"	"Cemgraft"	"33.00"	"0"	"Maiden"	"6"	"13"	"Lawson, Mark"	"Brennan, O"	"7f "	"4"	"22"
"19:00:00"	"2005-06-09"	"Brighton"	"Hana Dee"	"25.00"	"0"	"Handicap"	"13"	"14"	"Catlin, Chris"	"Channon, M R"	"1m "	"4"	"8"
"16:40:00"	"2005-06-09"	"Ripon"	"Friends Hope"	"9.00"	"0"	"Handicap"	"2"	"14"	"Bramley, Miss Faye"	"Blockley, P A"	"1m3f "	"4"	"20"
"21:25:00"	"2005-06-08"	"Hamilton"	"Champagne Cracker"	"50.00"	"0"	"Handicap"	"9"	"14"	"Fessey, Paul"	"Semple, I"	"5f "	"4"	"265"
"20:35:00"	"2005-06-08"	"Newbury"	"Hilltop Rhapsody"	"6.50"	"0"	"Handicap"	"7"	"9"	"Kelly, Shane"	"Daly, D J"	"7f "	"4"	"19"
"18:30:00"	"2005-06-08"	"Newbury"	"Prairie Oyster"	"12.00"	"0"	"Handicap"	"8"	"10"	"Walker, Mr S"	"Elsworth, D R C"	"1m2f "	"4"	"27"
"16:50:00"	"2005-06-08"	"Beverley"	"Black Oval"	"40.00"	"0"	"Handicap"	"5"	"15"	"McDonald, Frankie"	"Polglase, M J"	"5f "	"4"	"36"
"16:50:00"	"2005-06-08"	"Beverley"	"Elvina"	"20.00"	"0"	"Handicap"	"12"	"15"	"Keniry, L P"	"Newcombe, A G"	"5f "	"4"	"46"
"16:50:00"	"2005-06-08"	"Beverley"	"Short Chorus"	"20.00"	"0"	"Handicap"	"14"	"15"	"Halford, Marc"	"Balding, J"	"5f "	"4"	"20"
"15:15:00"	"2005-06-07"	"Salisbury"	"Pine Bay"	"25.00"	"0"	"Handicap"	"8"	"19"	"Hughes, Richard"	"Hannon, R"	"6f "	"4"	"12"
"14:45:00"	"2005-06-07"	"Salisbury"	"Morag"	"11.00"	"0"	"Claimer"	"6"	"18"	"Martin, Mr C"	"Wood, I A"	"7f "	"4"	"14"
"16:10:00"	"2005-06-06"	"Folkestone"	"Mary Carleton"	"8.00"	"0"	"Handicap"	"13"	"14"	"Catlin, Chris"	"Cowell, R M H"	"1m4f "	"4"	"14"
"16:10:00"	"2005-06-06"	"Folkestone"	"Chara"	"16.00"	"0"	"Handicap"	"PU"	"14"	"Ahern, Eddie"	"Jenkins, J R"	"1m4f "	"4"	"21"
"17:15:00"	"2005-06-05"	"Navan"	"Muslin"	"16.00"	"0"	"Handicap"	"12"	"19"	"Hayes, C D"	"McAteer, Liam"	"1m2f "	"4"	"14"
"16:10:00"	"2005-06-05"	"Bath"	"Cirrious"	"14.00"	"0"	"Handicap"	"1"	"17"	"Sweeney, Fergus"	"Palling, B"	"1m3.5f "	"4"	"33"
"15:10:00"	"2005-06-05"	"Bath"	"Showtime Annie"	"14.00"	"0"	"Handicap"	"13"	"16"	"Holland, Darryll"	"Bailey, A"	"1m "	"4"	"10"
"21:20:00"	"2004-06-26"	"Doncaster"	"Pertemps Magus"	"6.00"	"0"	"Handicap"	"3"	"18"	"Hanagan, Paul"	"Fahey, R A"	"7f "	"4"	"248"
"21:20:00"	"2004-06-26"	"Doncaster"	"Park Star"	"20.00"	"0"	"Handicap"	"17"	"18"	"Winston, Robert"	"Shaw, D"	"7f "	"4"	"47"
"21:20:00"	"2004-06-26"	"Doncaster"	"Tokewanna"	"33.00"	"0"	"Handicap"	"18"	"18"	"Swarbrick, Ben"	"Brisbourne, W M"	"7f "	"4"	"22"
"21:05:00"	"2004-06-26"	"Lingfield"	"Empress Josephine"	"20.00"	"0"	"Handicap"	"11"	"12"	"Supple, W J"	"Jenkins, J R"	"5f "	"4"	"28"
"17:00:00"	"2004-06-26"	"Newmarket (July)"	"Caerphilly Gal"	"25.00"	"0"	"Handicap"	"9"	"17"	"Fox, Dominic"	"Gilligan, P L"	"7f "	"4"	"23"
"20:55:00"	"2004-06-25"	"Newcastle"	"Miss Wizz"	"20.00"	"0"	"Claimer"	"1"	"14"	"Moore, Rory"	"Storey, W"	"6f "	"4"	"16"
"20:55:00"	"2004-06-25"	"Newcastle"	"Queen Of Night"	"10.00"	"0"	"Claimer"	"10"	"14"	"Culhane, Tony"	"Chapman, D W"	"6f "	"4"	"9"
"20:55:00"	"2004-06-25"	"Newcastle"	"Bettys Valentine"	"33.00"	"0"	"Claimer"	"13"	"14"	"Ahern, Eddie"	"Barker, D W"	"6f "	"4"	"9"
"17:00:00"	"2004-06-25"	"Folkestone"	"Princess Magdalena"	"16.00"	"0"	"Handicap"	"9"	"11"	"Keniry, L P"	"Cottrell, L G"	"1m1.5f "	"4"	"18"
"15:30:00"	"2004-06-25"	"Folkestone"	"Mrs Boz"	"150.00"	"0"	"Maiden"	"9"	"9"	"Swarbrick, Ben"	"Carroll, A W"	"7f "	"4"	"43"
"16:00:00"	"2004-06-24"	"Thirsk"	"Sea Cove"	"6.00"	"0"	"Handicap"	"5"	"8"	"Ffrench, Royston"	"Jefferson, J M"	"1m4f "	"4"	"14"
"21:15:00"	"2004-06-23"	"Bath"	"Mimic"	"8.00"	"0"	"Non-Handicap"	"8"	"8"	"Mills, Robbie"	"Guest, R"	"5.5f "	"4"	"46"
"18:55:00"	"2004-06-22"	"Ballinrobe"	"Hidden Cave"	"12.00"	"0"	"Handicap"	"6"	"15"	"Grant, D M"	"Flynn, Patrick J"	"1m1f "	"4"	"5"
"17:00:00"	"2004-06-22"	"Brighton"	"Redwood Star"	"10.00"	"0"	"Handicap"	"3"	"12"	"Price, Russell"	"Gilligan, P L"	"5.5f "	"4"	"10"
"17:00:00"	"2004-06-22"	"Brighton"	"Lucky Valentine"	"5.00"	"0"	"Handicap"	"4"	"12"	"Moore, Ryan"	"Moore, Gary and Josh"	"5.5f "	"4"	"12"
"16:45:00"	"2004-06-22"	"Beverley"	"Efimac"	"14.00"	"0"	"Handicap"	"10"	"19"	"France, Suzzanne"	"Bycroft, N"	"5f "	"4"	"6"
"16:30:00"	"2004-06-22"	"Brighton"	"Medusa"	"50.00"	"0"	"Handicap"	"10"	"11"	"Tebbutt, Michael"	"Morris, D"	"7f "	"4"	"13"
"16:00:00"	"2004-06-21"	"Musselburgh"	"Petana"	"20.00"	"0"	"Handicap"	"1"	"9"	"Gemelova, Natalia"	"Dods, M"	"5f "	"4"	"12"
"16:00:00"	"2004-06-21"	"Musselburgh"	"Mystery Pips"	"12.00"	"0"	"Handicap"	"4"	"9"	"Tinkler, Kim"	"Tinkler, N"	"5f "	"4"	"12"
"14:45:00"	"2004-06-21"	"Nottingham"	"Mannora"	"8.50"	"0"	"Handicap"	"9"	"20"	"Fallon, K"	"Howling, P"	"6f "	"4"	"9"
"14:45:00"	"2004-06-21"	"Nottingham"	"Dispol Verity"	"100.00"	"0"	"Handicap"	"11"	"20"	"Kelly, Shane"	"Brisbourne, W M"	"6f "	"4"	"17"
"14:45:00"	"2004-06-21"	"Nottingham"	"Tuscan Treaty"	"16.00"	"0"	"Handicap"	"13"	"20"	"McDonald, Frankie"	"Clement, T T"	"6f "	"4"	"9"
"15:30:00"	"2004-06-20"	"Warwick"	"Intellibet One"	"50.00"	"0"	"Handicap"	"11"	"17"	"Drowne, Steve"	"Evans, P D"	"5f "	"4"	"16"
"14:50:00"	"2004-06-20"	"Pontefract"	"Kindness (OLD)"	"16.00"	"0"	"Handicap"	"2"	"9"	"ONeill, Dane"	"Pinder, David"	"1m "	"4"	"18"
"14:50:00"	"2004-06-20"	"Gowran Park"	"Sunny Afternoon"	"12.00"	"0"	"Handicap"	"5"	"16"	"Smullen, P J"	"Carmody, Thomas"	"1m "	"4"	"18"
"21:00:00"	"2004-06-17"	"Ayr"	"Hula Ballew"	"12.00"	"0"	"Handicap"	"5"	"9"	"Williams, Darren"	"Dods, M"	"7f "	"4"	"15"
"18:00:00"	"2004-06-17"	"Clonmel"	"Caribelle"	"12.00"	"0"	"Claimer"	"2"	"13"	"Condon, D J"	"Burns, J G"	"1m2f "	"4"	"10"
"17:05:00"	"2004-06-17"	"Ripon"	"I See No Ships"	"66.00"	"0"	"Maiden"	"7"	"8"	"Righton, S"	"Mullineaux, M"	"6f "	"4"	"391"
"18:50:00"	"2004-06-16"	"Ripon"	"Efimac"	"16.00"	"0"	"Seller"	"4"	"8"	"France, Suzzanne"	"Bycroft, N"	"6f "	"4"	"7"
"18:50:00"	"2004-06-16"	"Ripon"	"Queen Of Night"	"3.00"	"0"	"Seller"	"LFT"	"8"	"Reilly, Ambroise"	"Chapman, D W"	"6f "	"4"	"37"
"16:05:00"	"2004-06-16"	"Hamilton"	"Robwillcall"	"16.00"	"0"	"Claimer"	"1"	"10"	"Mathers, Patrick"	"Berry, A"	"5f "	"4"	"30"
"16:05:00"	"2004-06-16"	"Hamilton"	"Bettys Valentine"	"100.00"	"0"	"Claimer"	"9"	"10"	"Williams, T"	"Barker, D W"	"5f "	"4"	"23"
"15:30:00"	"2004-06-16"	"Hamilton"	"Ellovamul"	"14.00"	"0"	"Handicap"	"4"	"8"	"Makin, Phillip"	"Brisbourne, W M"	"1m1f "	"4"	"243"
"15:05:00"	"2004-06-15"	"Ascot"	"Speed Cop"	"50.00"	"0"	"Non-Handicap"	"18"	"19"	"Hills, Michael"	"Balding, A M"	"5f "	"4"	"11"
"15:15:00"	"2004-06-13"	"Roscommon"	"Notanother"	"7.00"	"0"	"Handicap"	"5"	"15"	"OShea, T P"	"Halford, M"	"7f "	"4"	"5"
"20:45:00"	"2004-06-12"	"Leicester"	"Classic Vision"	"16.00"	"0"	"Handicap"	"1"	"14"	"Hills, R"	"Haggas, W J"	"1m "	"4"	"10"
"20:45:00"	"2004-06-12"	"Leicester"	"Poppyline"	"6.50"	"0"	"Handicap"	"6"	"14"	"Makin, Phillip"	"Muir, W R"	"1m "	"4"	"10"
"20:45:00"	"2004-06-12"	"Leicester"	"Encore Royale"	"40.00"	"0"	"Handicap"	"11"	"14"	"Doyle, Brett"	"Jay, J"	"1m "	"4"	"8"
"20:45:00"	"2004-06-12"	"Leicester"	"Niteowl Dream"	"40.00"	"0"	"Handicap"	"13"	"14"	"OReilly, James"	"OReilly, J"	"1m "	"4"	"2"
"20:30:00"	"2004-06-12"	"Lingfield"	"Mannora"	"25.00"	"0"	"Handicap"	"13"	"18"	"Mackay, Jamie"	"Howling, P"	"6f "	"4"	"6"
"20:00:00"	"2004-06-12"	"Cork"	"Topkamp"	"2.50"	"0"	"Non-Handicap"	"3"	"9"	"Spencer, Jamie"	"Bell, M L W"	"6f "	"4"	"275"
"18:45:00"	"2004-06-12"	"Leicester"	"Tuscan Treaty"	"20.00"	"0"	"Handicap"	"6"	"15"	"Doyle, Brett"	"Clement, T T"	"6f "	"4"	"6"
"18:45:00"	"2004-06-12"	"Leicester"	"Redwood Star"	"33.00"	"0"	"Handicap"	"10"	"15"	"Egan, John"	"Gilligan, P L"	"6f "	"4"	"14"
"18:45:00"	"2004-06-12"	"Leicester"	"Lady Justice (OLD)"	"16.00"	"0"	"Handicap"	"14"	"15"	"Fallon, K"	"Jarvis, W"	"6f "	"4"	"10"
"21:15:00"	"2004-06-11"	"Chepstow"	"Sweet Az"	"50.00"	"0"	"Handicap Maiden"	"13"	"20"	"Righton, S"	"Burrough, S C"	"6f "	"4"	"11"
"19:35:00"	"2004-06-11"	"Chepstow"	"Ivy Moon"	"12.00"	"0"	"Claimer"	"3"	"16"	"Daly, Alan"	"Llewellyn, B J"	"7f "	"4"	"17"
"14:00:00"	"2004-06-11"	"Sandown"	"Kallistas Pride"	"66.00"	"0"	"Claimer"	"2"	"8"	"Badger, Joanna"	"Bosley, M R"	"5f "	"4"	"24"
"14:00:00"	"2004-06-11"	"Sandown"	"Ela Figura"	"12.00"	"0"	"Claimer"	"6"	"8"	"Ryan, W"	"Carroll, A W"	"5f "	"4"	"1"
"16:50:00"	"2004-06-09"	"Beverley"	"Miss Wizz"	"14.00"	"0"	"Handicap"	"5"	"19"	"Moore, Rory"	"Storey, W"	"5f "	"4"	"7"
"16:50:00"	"2004-06-09"	"Beverley"	"Efimac"	"20.00"	"0"	"Handicap"	"7"	"19"	"France, Suzzanne"	"Bycroft, N"	"5f "	"4"	"9"
"16:50:00"	"2004-06-09"	"Beverley"	"Mystery Pips"	"40.00"	"0"	"Handicap"	"11"	"19"	"Tinkler, Kim"	"Tinkler, N"	"5f "	"4"	"16"
"16:50:00"	"2004-06-09"	"Beverley"	"Comic Times"	"33.00"	"0"	"Handicap"	"19"	"19"	"Righton, S"	"Mullineaux, M"	"5f "	"4"	"382"
"17:55:00"	"2004-06-08"	"Tralee"	"Notanother"	"8.00"	"0"	"Handicap"	"4"	"15"	"OShea, T P"	"Halford, M"	"7f "	"4"	"16"
"15:30:00"	"2004-06-08"	"Redcar"	"Westcourt Dream"	"5.00"	"0"	"Handicap"	"3"	"11"	"Gibson, Dale"	"Easterby, M W"	"1m "	"4"	"262"
"15:30:00"	"2004-06-08"	"Redcar"	"Cryptogam"	"66.00"	"0"	"Handicap"	"11"	"11"	"Eaves, Tom"	"Sowersby, M E"	"1m "	"4"	"7"
"21:15:00"	"2004-06-07"	"Pontefract"	"Lindens Lady"	"25.00"	"0"	"Handicap"	"11"	"15"	"Fanning, Joe"	"Weymes, J R"	"6f "	"4"	"12"
"16:20:00"	"2004-06-07"	"Folkestone"	"Cantrip"	"6.50"	"0"	"Handicap"	"1"	"11"	"Sanders, Seb"	"Sanders, Miss B"	"1m4f "	"4"	"14"
"16:50:00"	"2004-06-06"	"Brighton"	"Mannora"	"5.00"	"0"	"Handicap"	"12"	"16"	"Fallon, K"	"Howling, P"	"6f "	"4"	"23"
"15:30:00"	"2004-06-06"	"Gowran Park"	"Popular Deb"	"25.00"	"0"	"Handicap"	"13"	"16"	"McDonald, P J"	"McCreery, Peter"	"1m1.5f "	"4"	"23"
"21:15:00"	"2003-06-28"	"Doncaster"	"Balmacara (OLD)"	"20.00"	"0"	"Handicap"	"2"	"19"	"Hitchcott, Sam"	"Boutflower, Miss K B"	"7f "	"4"	"26"
"21:15:00"	"2003-06-28"	"Doncaster"	"Noble Penny"	"10.00"	"0"	"Handicap"	"14"	"19"	"Fox, Dominic"	"Walton, Mrs K"	"7f "	"4"	"17"
"21:15:00"	"2003-06-28"	"Doncaster"	"Western Applause"	"33.00"	"0"	"Handicap"	"UR"	"19"	"Kershaw, Leanne"	"OKeeffe, Jedd"	"7f "	"4"	"358"
"20:55:00"	"2003-06-28"	"Lingfield"	"High Finale"	"16.00"	"0"	"Handicap"	"7"	"8"	"ONeill, Dane"	"Ivory, D K"	"5f "	"4"	"399"
"17:00:00"	"2003-06-27"	"Folkestone"	"Tarkwa"	"12.00"	"0"	"Handicap"	"4"	"9"	"Doyle, Brett"	"Cowell, R M H"	"1m1.5f "	"4"	"295"
"17:00:00"	"2003-06-27"	"Folkestone"	"Holly Rose"	"5.50"	"0"	"Handicap"	"6"	"9"	"Hind, G"	"Cantillon, D E"	"1m1.5f "	"4"	"9"
"18:45:00"	"2003-06-26"	"Leicester"	"On The Level"	"25.00"	"0"	"Handicap"	"11"	"16"	"Morris, Mrs M"	"Macauley, Mrs N"	"5f "	"4"	"22"
"14:25:00"	"2003-06-26"	"Thirsk"	"Discreet Girl"	"100.00"	"0"	"Seller"	"16"	"16"	"Badger, Joanna"	"Lamyman, Mrs S"	"1m "	"4"	"37"
"19:30:00"	"2003-06-25"	"Leopardstown"	"Gift Fountain"	"14.00"	"0"	"Handicap"	"9"	"19"	"OConnell, Michael"	"Grassick, M J"	"1m1f "	"4"	"20"
"16:45:00"	"2003-06-24"	"Beverley"	"Beat Time"	"14.00"	"0"	"Handicap"	"11"	"20"	"Swift, Mr Dale"	"Easterby, M W"	"5f "	"4"	"45"
"15:30:00"	"2003-06-24"	"Brighton"	"Kilmory"	"33.00"	"0"	"Claimer"	"11"	"13"	"Dobbs, Pat"	"Cullinan, J"	"1m2f "	"4"	"36"
"21:20:00"	"2003-06-23"	"Chepstow"	"Vizulize"	"12.00"	"0"	"Handicap"	"4"	"9"	"Doyle, Brett"	"Millman, B R"	"1m2f "	"4"	"26"
"21:20:00"	"2003-06-23"	"Chepstow"	"Petite Futee"	"6.00"	"0"	"Handicap"	"8"	"9"	"Eddery, Paul"	"Jones, D Haydn"	"1m2f "	"4"	"14"
"15:30:00"	"2003-06-23"	"Musselburgh"	"Sophies Symphony"	"20.00"	"0"	"Handicap"	"5"	"9"	"Gibson, Dale"	"Burke, K R"	"5f "	"4"	"7"
"15:30:00"	"2003-06-23"	"Musselburgh"	"Penny HaPenny"	"3.50"	"0"	"Handicap"	"6"	"9"	"Lynch, Fergal"	"Barker, D W"	"5f "	"4"	"10"
"14:45:00"	"2003-06-23"	"Nottingham"	"Lisas Looney"	"33.00"	"0"	"Handicap"	"8"	"20"	"Turner, Hayley"	"Dunnett, Mrs C A"	"6f "	"4"	"2"
"17:20:00"	"2003-06-22"	"Pontefract"	"Gracia"	"5.50"	"0"	"Handicap"	"3"	"11"	"Hills, Michael"	"Williams, S C"	"1m "	"4"	"29"
"15:10:00"	"2003-06-22"	"Warwick"	"Mystic Witch"	"20.00"	"0"	"Handicap"	"11"	"14"	"Gibson, Dale"	"Swinbank, G A"	"5f "	"4"	"3"
"18:50:00"	"2003-06-21"	"Lingfield"	"Primrose And Rose"	"25.00"	"0"	"Handicap"	"3"	"16"	"McDonald, Frankie"	"Bridger, J / Cook, R"	"5f "	"4"	"12"
"18:50:00"	"2003-06-21"	"Lingfield"	"Cerulean Rose"	"10.00"	"0"	"Handicap"	"14"	"16"	"Mackay, Jamie"	"Carroll, A W"	"5f "	"4"	"17"
"18:40:00"	"2003-06-21"	"Warwick"	"Aunt Hilda"	"20.00"	"0"	"Handicap"	"10"	"19"	"King, Mrs Marie"	"Harris, M F"	"1m "	"4"	"5"
"19:45:00"	"2003-06-20"	"Down Royal"	"Lily Shing Shang"	"12.00"	"0"	"Handicap"	"13"	"13"	"Poulton, Harry"	"Hughes, P"	"1m2.5f "	"4"	"15"
"21:35:00"	"2003-06-19"	"Ayr"	"Evening Press"	"66.00"	"0"	"Handicap"	"8"	"10"	"McAuley, John"	"Etherington, T J"	"7f "	"4"	"27"
"21:35:00"	"2003-06-19"	"Ayr"	"Ladystgeorge"	"50.00"	"0"	"Handicap"	"9"	"10"	"Nicholls, Adrian T"	"Mullineaux, M"	"7f "	"4"	"17"
"19:45:00"	"2003-06-19"	"Beverley"	"Mystic Witch"	"66.00"	"0"	"Handicap"	"12"	"17"	"Fessey, Paul"	"Swinbank, G A"	"5f "	"4"	"7"
"19:45:00"	"2003-06-19"	"Beverley"	"Distant Diva"	"14.00"	"0"	"Handicap"	"14"	"17"	"Greaves, Alex"	"Nicholls, D"	"5f "	"4"	"8"
"17:15:00"	"2003-06-18"	"Hamilton"	"Polar Tryst"	"3.50"	"0"	"Handicap"	"2"	"11"	"Mackay, Nicky"	"Herries, Lady"	"1m5f "	"4"	"50"
"15:30:00"	"2003-06-18"	"Hamilton"	"Shirley Collins"	"7.00"	"0"	"Handicap"	"4"	"10"	"Duffield, G"	"Herries, Lady"	"1m1f "	"4"	"32"
"15:30:00"	"2003-06-18"	"Hamilton"	"Holly Rose"	"8.00"	"0"	"Handicap"	"5"	"10"	"Hind, G"	"Cantillon, D E"	"1m1f "	"4"	"8"
"18:40:00"	"2003-06-16"	"Windsor"	"Diliza"	"25.00"	"0"	"Handicap"	"4"	"18"	"Thomas, Richard"	"Balding, G B"	"1m.5f "	"4"	"12"
"15:15:00"	"2003-06-16"	"Brighton"	"Ice Cracker"	"16.00"	"0"	"Handicap"	"2"	"15"	"Kinsella, David"	"Bowlby, Mrs A J"	"1m "	"4"	"38"
"15:00:00"	"2003-06-16"	"Musselburgh"	"Sophies Symphony"	"40.00"	"0"	"Claimer"	"7"	"14"	"Fox, Dominic"	"Burke, K R"	"7f "	"4"	"39"
"16:50:00"	"2003-06-15"	"Leicester"	"Rose Tinted"	"14.00"	"0"	"Handicap"	"15"	"15"	"Holland, Darryll"	"Bell, M L W"	"1m "	"4"	"18"
"15:40:00"	"2003-06-15"	"Carlisle"	"Adept"	"40.00"	"0"	"Handicap"	"16"	"20"	"Williams, T"	"Fairhurst, C W"	"6f "	"4"	"15"
"14:30:00"	"2003-06-15"	"Cork"	"Clovis Site"	"14.00"	"0"	"Handicap"	"8"	"14"	"Berry, F M"	"McNamara, A J"	"5f "	"4"	"34"
"16:20:00"	"2003-06-14"	"Bath"	"Bonny Ruan"	"10.00"	"0"	"Seller"	"3"	"17"	"Eddery, Paul"	"Jones, D Haydn"	"5.5f "	"4"	"10"
"15:30:00"	"2003-06-14"	"Nottingham"	"Jazzaam"	"7.50"	"0"	"Handicap Seller"	"6"	"17"	"Stretton, Claire"	"Usher, M D I"	"1m "	"4"	"10"
"21:10:00"	"2003-06-13"	"Chepstow"	"Mrs Cube"	"14.00"	"0"	"Handicap Maiden"	"6"	"17"	"Ferris, Francis"	"Bradley, J M"	"6f "	"4"	"7"
"21:10:00"	"2003-06-13"	"Chepstow"	"Emily Dee"	"33.00"	"0"	"Handicap Maiden"	"12"	"17"	"Fitzsimons, Paul"	"Bradley, J M"	"6f "	"4"	"310"
"20:40:00"	"2003-06-13"	"Navan"	"Philgirl"	"8.00"	"0"	"Handicap"	"8"	"19"	"Cleere, M A"	"Keane, Gerard"	"1m2f "	"4"	"12"
"21:00:00"	"2003-06-12"	"Brighton"	"Inch By Inch"	"9.00"	"0"	"Handicap"	"4"	"10"	"Clark, A"	"Makin, P J"	"5.5f "	"4"	"13"
"21:00:00"	"2003-06-12"	"Brighton"	"A Woman In Love"	"1.75"	"0"	"Handicap"	"7"	"10"	"Sanders, Seb"	"Sanders, Miss B"	"5.5f "	"4"	"14"
"19:30:00"	"2003-06-12"	"Brighton"	"Dispol Evita"	"7.00"	"0"	"Seller"	"1"	"12"	"Sanders, Seb"	"Reid, Andrew"	"1m2f "	"4"	"8"
"17:15:00"	"2003-06-12"	"Hamilton"	"Mystic Witch"	"16.00"	"0"	"Handicap Maiden"	"3"	"14"	"Winston, Robert"	"Swinbank, G A"	"5f "	"4"	"10"
"17:15:00"	"2003-06-12"	"Hamilton"	"Kanga"	"4.00"	"0"	"Handicap Maiden"	"7"	"14"	"McKeown, Dean"	"Littmoden, N P"	"5f "	"4"	"16"
"16:10:00"	"2003-06-12"	"Hamilton"	"Cyclonic Storm"	"3.00"	"0"	"Handicap"	"1"	"18"	"Hanagan, Paul"	"Fahey, R A"	"1m1f "	"4"	"16"
"16:10:00"	"2003-06-12"	"Hamilton"	"Short Respite"	"50.00"	"0"	"Handicap"	"8"	"18"	"Williams, Darren"	"Burke, K R"	"1m1f "	"4"	"17"
"20:30:00"	"2003-06-11"	"Leopardstown"	"KhozaAh"	"14.00"	"0"	"Handicap"	"3"	"9"	"Smullen, P J"	"McDonogh, Desmond"	"1m4f "	"4"	"4"
"19:35:00"	"2003-06-11"	"Newbury"	"Forever Loved"	"7.00"	"0"	"Handicap"	"3"	"15"	"Drowne, Steve"	"Jones, D Haydn"	"1m5.5f "	"4"	"25"
"17:00:00"	"2003-06-11"	"Beverley"	"Distant Diva"	"16.00"	"0"	"Handicap"	"6"	"11"	"Eaves, Tom"	"Nicholls, D"	"5f "	"4"	"4"
"17:00:00"	"2003-06-11"	"Beverley"	"Sally Traffic"	"33.00"	"0"	"Handicap"	"9"	"11"	"Halliday, V"	"Whitaker, R M"	"5f "	"4"	"41"
"17:45:00"	"2003-06-10"	"Salisbury"	"Lake O Gold"	"20.00"	"0"	"Handicap"	"8"	"19"	"Young, Richard"	"Mullins, J W"	"1m4f "	"4"	"27"
"15:30:00"	"2003-06-10"	"Redcar"	"Holly Rose"	"20.00"	"0"	"Handicap"	"3"	"20"	"Spencer, Jamie"	"Cantillon, D E"	"1m "	"4"	"8"
"15:30:00"	"2003-06-10"	"Redcar"	"Moon Edge"	"6.00"	"0"	"Handicap"	"9"	"20"	"Daly, Alan"	"Tregoning, M P"	"1m "	"4"	"13"
"15:30:00"	"2003-06-10"	"Redcar"	"Nellie Melba"	"33.00"	"0"	"Handicap"	"10"	"20"	"Fanning, Joe"	"Craig, Miss I E"	"1m "	"4"	"8"
"15:30:00"	"2003-06-10"	"Redcar"	"Sacsayhuaman"	"50.00"	"0"	"Handicap"	"17"	"20"	"Lynch, Fergal"	"Beckett, R M"	"1m "	"4"	"14"
"15:30:00"	"2003-06-10"	"Redcar"	"Forest Prize"	"6.00"	"0"	"Handicap"	"18"	"20"	"Darley, K"	"Easterby, T D"	"1m "	"4"	"10"
"14:45:00"	"2003-06-10"	"Salisbury"	"Dilys"	"9.00"	"0"	"Claimer"	"17"	"20"	"Carson, Stephen"	"Kittow, W S"	"7f "	"4"	"22"
"21:15:00"	"2003-06-09"	"Pontefract"	"Bella Beguine"	"20.00"	"0"	"Handicap"	"3"	"17"	"Norton, Francis"	"Bailey, A"	"6f "	"4"	"3"
"20:30:00"	"2003-06-09"	"Windsor"	"Petite Futee"	"6.00"	"0"	"Claimer"	"8"	"17"	"Eddery, Paul"	"Jones, D Haydn"	"1m3.5f "	"4"	"41"
"20:15:00"	"2003-06-09"	"Pontefract"	"Ryme Intrinseca"	"66.00"	"0"	"Non-Handicap"	"3"	"9"	"Culhane, Tony"	"Channon, M R"	"1m "	"4"	"14"
"20:15:00"	"2003-06-09"	"Pontefract"	"Welsh Diva"	"2.75"	"0"	"Non-Handicap"	"7"	"9"	"Quinn, T"	"Perrett, Mrs A J"	"1m "	"4"	"18"
"20:15:00"	"2003-06-09"	"Pontefract"	"Mameyuki"	"33.00"	"0"	"Non-Handicap"	"8"	"9"	"Doyle, Brett"	"Brittain, C E"	"1m "	"4"	"18"
"19:00:00"	"2003-06-09"	"Windsor"	"Primrose And Rose"	"100.00"	"0"	"Non-Handicap"	"8"	"12"	"Kinsella, David"	"Bridger, J / Cook, R"	"5f "	"4"	"16"
 